_MEMBER_MyList,_LogP_MyList,GO,_PATTERN_,_RANK_,GiniIndex,Category,CategoryID,Description,PARENT_GO,LogP,Enrichment,Z-score,#TotalGeneInLibrary,#GeneInGO,#GeneInHitList,#GeneInGOAndHitList,%InGO,STDV %InGO,GeneID,Hits,Log(q-value),EvidenceCutoff
1,-37,M39055,M1,1,0,Cell Type Signatures,7,MANNO MIDBRAIN NEUROTYPES HRGL2A,,-37,5.1,18,30293,600,884,90,10,1,117|230|460|477|547|577|678|960|1012|1295|1301|1410|1804|1910|2042|2173|2196|2273|2318|2353|2823|2846|2890|2913|3315|3371|3685|3696|4329|4547|4753|4916|4982|5033|5097|5354|5803|5992|6319|6422|6507|6656|7018|7431|7476|8404|8671|9201|9378|9459|9469|9902|10446|10630|10675|10690|10788|10964|22829|22871|23022|23302|23544|23657|29106|29995|54437|54674|55790|55816|56884|56892|56978|57348|64067|79192|79645|116372|128414|143686|152573|203447|220382|286204|374407|375704|387597|388585|389799|440097,ADCYAP1R1|ALDOC|ASTN1|ATP1A2|KIF1A|ADGRB3|ZFP36L2|CD44|CDH13|COL8A1|COL11A1|CRYAB|DPP6|EDNRB|EPHA3|FABP7|FAT2|FHL1|FLNC|FOS|GPM6A|LPAR4|GRIA1|GRM3|HSPB1|TNC|ITGAV|ITGB8|ALDH6A1|MTTP|NELL2|NTRK3|TNFRSF11B|P4HA1|PCDH1|PLP1|PTPRZ1|RFX4|SCD|SFRP1|SLC1A3|SOX1|TF|VIM|WNT7A|SPARCL1|SLC4A4|DCLK1|NRXN1|ARHGEF6|CHST3|MRC2|LRRN2|PDPN|CSPG5|FUT9|IQGAP2|IFI44L|NLGN4Y|NLGN1|PALLD|WSCD1|SEZ6L|SLC7A11|SCG3|LMCD1|SEMA5B|LRRN3|CSGALNACT1|DOK5|FSTL5|TCIM|PRDM8|TTYH1|NPAS3|IRX1|CLXN|LYPD1|NKAIN4|SESN3|SHISA3|NRK|FAM181B|CRB2|DNAJB13|ENHO|ILDR2|HES5|CFAP77|DBX2,-33,0
1,-33,M39209,M1,1,0,Cell Type Signatures,7,HAY BONE MARROW STROMAL,,-33,4.3,16,30293,765,884,96,11,1,133|338|348|467|862|1136|1271|1277|1281|1282|1293|1294|1301|1356|1410|1435|1545|1634|1749|1750|1809|1910|2042|2273|2331|2619|2736|2977|3226|3237|3371|3488|3685|3694|4023|4053|4188|4313|4804|4982|5322|5396|5764|5947|6236|6422|6507|6623|6876|6913|7018|7025|7070|7103|7291|7424|7545|8404|9052|9201|9353|9378|9469|9509|9547|9902|10085|10186|10752|11082|22795|22829|22871|23022|23194|23452|23768|27289|29995|51129|51330|51655|55816|56130|56937|56999|57451|64094|64409|79784|91107|92293|122786|253738|260293|283659,ADM|APOB|APOE|ATF3|RUNX1T1|CHRNA3|CNTFR|COL1A1|COL3A1|COL4A1|COL6A3|COL7A1|COL11A1|CP|CRYAB|CSF1|CYP1B1|DCN|DLX5|DLX6|DPYSL3|EDNRB|EPHA3|FHL1|FMOD|GAS1|GLI2|GUCY1A2|HOXC10|HOXD11|TNC|IGFBP5|ITGAV|ITGB6|LPL|LTBP2|MDFI|MMP2|NGFR|TNFRSF11B|PLA2G5|PRRX1|PTN|RBP1|RRAD|SFRP1|SLC1A3|SNCG|TAGLN|TBX15|TF|NR2F1|THY1|TSPAN8|TWIST1|VEGFC|ZIC1|SPARCL1|GPRC5A|DCLK1|SLIT2|NRXN1|CHST3|ADAMTS2|CXCL14|MRC2|EDIL3|LHFPL6|CHL1|ESM1|NID2|NLGN4Y|NLGN1|PALLD|FBXL7|ANGPTL2|FLRT2|RND1|LMCD1|ANGPTL4|TNFRSF12A|RASD1|DOK5|PCDHB6|PMEPA1|ADAMTS9|TENM2|SMOC2|GALNT17|MYH14|TRIM47|TMEM132C|FRMD6|EBF3|CYP4X1|PRTG,-29,0
1,-31,M39054,M1,1,0,Cell Type Signatures,7,MANNO MIDBRAIN NEUROTYPES HRGL2B,,-31,5.5,17,30293,440,884,71,8,0.91,117|332|429|477|547|577|678|1012|1301|1410|1804|1910|2042|2196|2273|2353|2890|2913|3315|3371|3696|4288|4329|4547|4821|4916|4982|5097|5354|5764|5803|5992|6319|6507|6656|7018|7431|7476|7477|8404|8671|9459|9469|9902|10630|10675|10763|10788|10964|23302|23544|23657|27164|55790|57348|58494|64067|79192|116372|128414|143686|152573|196740|220382|256536|256987|286204|375704|387597|388585|440097,ADCYAP1R1|BIRC5|ASCL1|ATP1A2|KIF1A|ADGRB3|ZFP36L2|CDH13|COL11A1|CRYAB|DPP6|EDNRB|EPHA3|FAT2|FHL1|FOS|GRIA1|GRM3|HSPB1|TNC|ITGB8|MKI67|ALDH6A1|MTTP|NKX2-2|NTRK3|TNFRSF11B|PCDH1|PLP1|PTN|PTPRZ1|RFX4|SCD|SLC1A3|SOX1|TF|VIM|WNT7A|WNT7B|SPARCL1|SLC4A4|ARHGEF6|CHST3|MRC2|PDPN|CSPG5|NES|IQGAP2|IFI44L|WSCD1|SEZ6L|SLC7A11|SALL3|CSGALNACT1|TTYH1|JAM2|NPAS3|IRX1|LYPD1|NKAIN4|SESN3|SHISA3|VSTM4|FAM181B|TCERG1L|SERINC5|CRB2|ENHO|ILDR2|HES5|DBX2,-27,0
1,-31,M39167,M1,1,0,Cell Type Signatures,7,GAO LARGE INTESTINE ADULT CJ IMMUNE CELLS,,-31,5.1,16,30293,505,884,75,8.5,0.94,2|348|577|1004|1012|1277|1281|1282|1293|1435|1634|1809|1893|1910|2113|2273|2701|2791|3488|4053|4061|4131|4313|4478|5327|5328|5764|5947|6422|6935|7045|7052|7070|7122|7127|8404|8434|8490|8722|8728|9260|9547|9839|9891|9902|10186|10398|10630|10752|10763|10964|11075|11096|11170|22885|23129|23194|23452|25802|25927|27151|54674|56287|56917|57493|57616|58494|64067|79974|80312|83700|94234|122786|170954|375704,A2M|APOE|ADGRB3|CDH6|CDH13|COL1A1|COL3A1|COL4A1|COL6A3|CSF1|DCN|DPYSL3|ECM1|EDNRB|ETS1|FHL1|GJA4|GNG11|IGFBP5|LTBP2|LY6E|MAP1B|MMP2|MSN|PLAT|PLAU|PTN|RBP1|SFRP1|ZEB1|TGFBI|TGM2|THY1|CLDN5|TNFAIP2|SPARCL1|RECK|RGS5|CTSF|ADAM19|PDLIM7|CXCL14|ZEB2|NUAK1|MRC2|LHFPL6|MYL9|PDPN|CHL1|NES|IFI44L|STMN2|ADAMTS5|FAM107A|ABLIM3|PLXND1|FBXL7|ANGPTL2|LMOD1|CNRIP1|CPAMD8|LRRN3|GKN1|MEIS3|HEG1|TSHZ3|JAM2|NPAS3|CPED1|TET1|JAM3|FOXQ1|FRMD6|PPP1R18|ENHO,-27,0
1,-31,M39066,M1,1,0,Cell Type Signatures,7,MANNO MIDBRAIN NEUROTYPES HNBML5,,-31,5.3,16,30293,465,884,72,8.1,0.92,119|273|463|577|862|1012|1075|1641|1809|1993|1995|1996|2042|2624|2823|2890|3642|3746|4131|4133|4675|4684|4821|4826|4858|5178|5451|5800|6328|6496|6616|6656|6664|6886|8403|8609|9378|9891|9951|10297|10690|10842|10962|11075|11122|11189|22885|22895|27319|27328|29114|51617|54715|55351|55506|55966|57451|57482|79750|83723|84867|84969|85300|85508|91584|132204|134111|147906|196500|256536|389206|440270,ADD2|AMPH|ZFHX3|ADGRB3|RUNX1T1|CDH13|CTSC|DCX|DPYSL3|ELAVL2|ELAVL3|ELAVL4|EPHA3|GATA2|GPM6A|GRIA1|INSM1|KCNC1|MAP1B|MAP2|NAP1L3|NCAM1|NKX2-2|NNAT|NOVA2|PEG3|POU2F1|PTPRO|SCN3A|SIX3|SNAP25|SOX1|SOX11|TAL1|SOX14|KLF7|NRXN1|NUAK1|HS3ST4|APC2|FUT9|PPP1R17|MLLT11|STMN2|PTPRT|CELF3|ABLIM3|RPH3A|BHLHE22|PCDH11X|TAGLN3|NSG2|RBFOX1|STK32B|MACROH2A2|AJAP1|TENM2|CRACD|ZNF385D|TLCD3B|PTPN5|TOX2|ATCAY|SCRT2|PLXNA4|SYNPR|UBE2QL1|DACT3|PIANP|TCERG1L|BEND4|GOLGA8B,-27,0
1,-30,M39063,M1,1,0,Cell Type Signatures,7,MANNO MIDBRAIN NEUROTYPES HNBM,,-30,6.7,17,30293,295,884,58,6.6,0.83,1641|1809|1879|1993|1995|1996|2020|2596|2823|3642|4131|4133|4684|4760|4807|4826|5100|5126|5800|6328|6616|6664|6900|7846|9201|10085|10570|10683|10842|10962|11075|11096|11189|23440|27319|29106|29114|51299|55966|56896|56978|57482|58158|63950|63973|64641|64780|78997|83723|85300|85508|134111|134829|219527|253738|387104|389432|494470,DCX|DPYSL3|EBF1|ELAVL2|ELAVL3|ELAVL4|EN2|GAP43|GPM6A|INSM1|MAP1B|MAP2|NCAM1|NEUROD1|NHLH1|NNAT|PCDH8|PCSK2|PTPRO|SCN3A|SNAP25|SOX11|CNTN2|TUBA1A|DCLK1|EDIL3|DPYSL4|DLL3|PPP1R17|MLLT11|STMN2|ADAMTS5|CELF3|OTP|BHLHE22|SCG3|TAGLN3|NRN1|AJAP1|DPYSL5|PRDM8|CRACD|NEUROD4|DMRTA2|NEUROG2|EBF2|MICAL1|GDAP1L1|TLCD3B|ATCAY|SCRT2|UBE2QL1|CLVS2|LRRC55|EBF3|MTCL3|SAMD5|ARK2C,-27,0
1,-30,M39067,M1,1,0,Cell Type Signatures,7,MANNO MIDBRAIN NEUROTYPES HDA,,-30,5,16,30293,506,884,74,8.4,0.93,114|273|463|1012|1137|1295|1641|1644|1804|1809|1879|1993|1995|1996|2020|2258|2562|2596|2823|2890|2899|3642|3918|4062|4131|4133|4675|4684|4826|5097|5800|6328|6570|6616|6664|6860|7846|8609|8788|9201|9378|9590|9951|10085|10690|10752|10962|11075|11189|23544|24147|29106|29114|50863|51617|55117|55530|55966|56978|57522|57549|64409|64641|78997|79750|84867|84969|85300|91584|134111|134829|196500|219527|253738,ADCY8|AMPH|ZFHX3|CDH13|CHRNA4|COL8A1|DCX|DDC|DPP6|DPYSL3|EBF1|ELAVL2|ELAVL3|ELAVL4|EN2|FGF13|GABRB3|GAP43|GPM6A|GRIA1|GRIK3|INSM1|LAMC2|LY6H|MAP1B|MAP2|NAP1L3|NCAM1|NNAT|PCDH1|PTPRO|SCN3A|SLC18A1|SNAP25|SOX11|SYT4|TUBA1A|KLF7|DLK1|DCLK1|NRXN1|AKAP12|HS3ST4|EDIL3|FUT9|CHL1|MLLT11|STMN2|CELF3|SEZ6L|FJX1|SCG3|TAGLN3|NTM|NSG2|SLC6A15|SVOP|AJAP1|PRDM8|SRGAP1|IGSF9|GALNT17|EBF2|GDAP1L1|ZNF385D|PTPN5|TOX2|ATCAY|PLXNA4|UBE2QL1|CLVS2|PIANP|LRRC55|EBF3,-26,0
1,-28,M39056,M1,1,0,Cell Type Signatures,7,MANNO MIDBRAIN NEUROTYPES HRGL3,,-28,4.6,15,30293,574,884,77,8.7,0.95,117|467|477|649|678|960|1012|1075|1295|1410|1634|1804|1910|2042|2196|2318|2353|2846|2890|3099|3315|3488|3696|3776|4023|4329|4547|4982|5033|5352|5992|6258|6319|6507|6695|7018|7033|7276|7431|7476|8404|8671|9201|9353|9423|9469|9902|9951|10418|10446|10630|10675|10763|10788|22915|23194|23657|24147|27092|29995|54674|55790|55959|56892|57101|57348|58494|79645|81706|92293|128414|170302|284312|286204|374407|388585|389799,ADCYAP1R1|ATF3|ATP1A2|BMP1|ZFP36L2|CD44|CDH13|CTSC|COL8A1|CRYAB|DCN|DPP6|EDNRB|EPHA3|FAT2|FLNC|FOS|LPAR4|GRIA1|HK2|HSPB1|IGFBP5|ITGB8|KCNK2|LPL|ALDH6A1|MTTP|TNFRSF11B|P4HA1|PLOD2|RFX4|RXRG|SCD|SLC1A3|SPOCK1|TF|TFF3|TTR|VIM|WNT7A|SPARCL1|SLC4A4|DCLK1|SLIT2|NTN1|CHST3|MRC2|HS3ST4|SPON1|LRRN2|PDPN|CSPG5|NES|IQGAP2|MMRN1|FBXL7|SLC7A11|FJX1|CACNG4|LMCD1|LRRN3|CSGALNACT1|SULF2|TCIM|ANO2|TTYH1|JAM2|CLXN|PPP1R14C|TMEM132C|NKAIN4|ARX|ZSCAN1|CRB2|DNAJB13|HES5|CFAP77,-25,0
1,-28,M39073,M1,1,0,Cell Type Signatures,7,MANNO MIDBRAIN NEUROTYPES HOMTN,,-28,5.5,16,30293,389,884,63,7.1,0.87,463|577|1136|1143|1621|1641|1809|1993|1995|1996|2042|2258|2558|2596|4131|4133|4753|4914|5334|6258|6328|6572|6616|6623|6860|6900|7846|8224|10085|10297|10512|10586|10962|11075|11189|29114|51286|54674|54715|55117|55530|55816|56341|56884|57451|57687|60482|78997|81832|83660|83723|85300|85508|91584|114787|132299|134111|146395|196500|260293|387856|494470|613212,ZFHX3|ADGRB3|CHRNA3|CHRNB4|DBH|DCX|DPYSL3|ELAVL2|ELAVL3|ELAVL4|EPHA3|FGF13|GABRA5|GAP43|MAP1B|MAP2|NELL2|NTRK1|PLCL1|RXRG|SCN3A|SLC18A3|SNAP25|SNCG|SYT4|CNTN2|TUBA1A|SYN3|EDIL3|APC2|SEMA3C|MAB21L2|MLLT11|STMN2|CELF3|TAGLN3|CEND1|LRRN3|RBFOX1|SLC6A15|SVOP|DOK5|PRMT8|FSTL5|TENM2|VAT1L|SLC5A7|GDAP1L1|NETO1|TLN2|TLCD3B|ATCAY|SCRT2|PLXNA4|GPRIN1|OCIAD2|UBE2QL1|GSG1L|PIANP|CYP4X1|CCDC184|ARK2C|CTXN3,-24,0
1,-26,M39269,M1,1,0,Cell Type Signatures,7,HU FETAL RETINA RGC,,-26,5,15,30293,443,884,65,7.4,0.88,119|230|664|1136|1382|1641|1809|1879|1993|1995|1996|2258|2273|2596|2675|2821|3156|3417|3797|4131|4133|4684|4753|4858|4914|5126|6258|6319|6328|6616|6623|6664|6860|6900|7846|8609|9201|10085|10570|10683|10814|10962|11075|11182|23544|25927|26355|27346|29106|29114|51286|51299|54674|56896|56917|57522|57611|78997|84969|85300|89927|128414|132299|253738|387856,ADD2|ALDOC|BNIP3|CHRNA3|CRABP2|DCX|DPYSL3|EBF1|ELAVL2|ELAVL3|ELAVL4|FGF13|FHL1|GAP43|GFRA2|GPI|HMGCR|IDH1|KIF3C|MAP1B|MAP2|NCAM1|NELL2|NOVA2|NTRK1|PCSK2|RXRG|SCD|SCN3A|SNAP25|SNCG|SOX11|SYT4|CNTN2|TUBA1A|KLF7|DCLK1|EDIL3|DPYSL4|DLL3|CPLX2|MLLT11|STMN2|SLC2A6|SEZ6L|CNRIP1|FAM162A|TMEM97|SCG3|TAGLN3|CEND1|NRN1|LRRN3|DPYSL5|MEIS3|SRGAP1|ISLR2|GDAP1L1|TOX2|ATCAY|BMERB1|NKAIN4|OCIAD2|EBF3|CCDC184,-23,0
1,-26,M40249,M1,1,0,Cell Type Signatures,7,DESCARTES FETAL LUNG VISCERAL NEURONS,,-26,7.4,16,30293,212,884,46,5.2,0.75,117|119|238|460|1004|1136|1641|1995|2042|2258|2556|2596|2913|4131|4804|5080|5455|5800|6572|6900|10297|10690|10752|10962|11075|23316|27319|51083|51286|51617|54715|55117|56896|57348|57687|59284|60482|78997|83723|85300|85508|114787|134829|146664|375704|729993,ADCYAP1R1|ADD2|ALK|ASTN1|CDH6|CHRNA3|DCX|ELAVL3|EPHA3|FGF13|GABRA3|GAP43|GRM3|MAP1B|NGFR|PAX6|POU3F3|PTPRO|SLC18A3|CNTN2|APC2|FUT9|CHL1|MLLT11|STMN2|CUX2|BHLHE22|GAL|CEND1|NSG2|RBFOX1|SLC6A15|DPYSL5|TTYH1|VAT1L|CACNG7|SLC5A7|GDAP1L1|TLCD3B|ATCAY|SCRT2|GPRIN1|CLVS2|MGAT5B|ENHO|SHISA9,-23,0
1,-26,M39052,M1,1,0,Cell Type Signatures,7,MANNO MIDBRAIN NEUROTYPES HOPC,,-26,5.5,15,30293,366,884,59,6.7,0.84,117|330|332|429|460|949|1620|1804|1910|2139|2173|2823|2846|3417|3685|3696|4313|4821|4916|5327|5764|5803|6328|6656|7018|7070|7477|9378|10215|10675|11122|22829|22871|22986|23302|23452|23544|23657|27164|27328|29106|50863|51286|55351|55536|55790|56978|57348|59284|64067|65217|79870|81832|85300|116448|128414|220382|256987|388585,ADCYAP1R1|BIRC3|BIRC5|ASCL1|ASTN1|SCARB1|BRINP1|DPP6|EDNRB|EYA2|FABP7|GPM6A|LPAR4|IDH1|ITGAV|ITGB8|MMP2|NKX2-2|NTRK3|PLAT|PTN|PTPRZ1|SCN3A|SOX1|TF|THY1|WNT7B|NRXN1|OLIG2|CSPG5|PTPRT|NLGN4Y|NLGN1|SORCS3|WSCD1|ANGPTL2|SEZ6L|SLC7A11|SALL3|PCDH11X|SCG3|NTM|CEND1|STK32B|CDCA7L|CSGALNACT1|PRDM8|TTYH1|CACNG7|NPAS3|PCDH15|BAALC|NETO1|ATCAY|OLIG1|NKAIN4|FAM181B|SERINC5|HES5,-23,0
1,-26,M39064,M1,1,0,Cell Type Signatures,7,MANNO MIDBRAIN NEUROTYPES HNBML1,,-26,5.9,15,30293,328,884,56,6.3,0.82,1641|1809|1879|1993|1995|1996|2562|2596|2823|3642|3797|4131|4133|4675|4684|4753|4826|5334|6328|6616|6664|6860|6900|7476|7846|8224|9891|10085|10962|11075|11189|23544|27328|29106|29114|51299|55506|55530|57522|57549|57611|59284|64780|78997|83723|84867|85300|113763|132299|134111|219527|253738|285533|387856|389432|494470,DCX|DPYSL3|EBF1|ELAVL2|ELAVL3|ELAVL4|GABRB3|GAP43|GPM6A|INSM1|KIF3C|MAP1B|MAP2|NAP1L3|NCAM1|NELL2|NNAT|PLCL1|SCN3A|SNAP25|SOX11|SYT4|CNTN2|WNT7A|TUBA1A|SYN3|NUAK1|EDIL3|MLLT11|STMN2|CELF3|SEZ6L|PCDH11X|SCG3|TAGLN3|NRN1|MACROH2A2|SVOP|SRGAP1|IGSF9|ISLR2|CACNG7|MICAL1|GDAP1L1|TLCD3B|PTPN5|ATCAY|ZBED10P|OCIAD2|UBE2QL1|LRRC55|EBF3|RNF175|CCDC184|SAMD5|ARK2C,-23,0
1,-26,M39175,M1,1,0,Cell Type Signatures,7,MURARO PANCREAS MESENCHYMAL STROMAL CELL,,-26,4,14,30293,680,884,80,9,0.96,2|196|649|875|1075|1277|1281|1282|1293|1295|1545|1634|1879|1910|2113|2331|2736|2791|2977|3371|3488|3589|3624|3673|3685|4017|4053|4312|4313|4318|4478|4609|4907|5327|5328|5352|5396|6422|6498|6695|6935|7041|7045|7052|7070|7168|7431|7791|8038|8728|9509|9590|9645|9839|9902|10186|10418|10491|10763|22795|23452|23657|24141|26509|29995|51129|51177|51330|55959|56937|57124|57214|57493|83700|84159|85407|122786|123920|170954|196740,A2M|AHR|BMP1|CBS|CTSC|COL1A1|COL3A1|COL4A1|COL6A3|COL8A1|CYP1B1|DCN|EBF1|EDNRB|ETS1|FMOD|GLI2|GNG11|GUCY1A2|TNC|IGFBP5|IL11|INHBA|ITGA2|ITGAV|LOXL2|LTBP2|MMP1|MMP2|MMP9|MSN|MYC|NT5E|PLAT|PLAU|PLOD2|PRRX1|SFRP1|SKIL|SPOCK1|ZEB1|TGFB1I1|TGFBI|TGM2|THY1|TPM1|VIM|ZYX|ADAM12|ADAM19|ADAMTS2|AKAP12|MICAL2|ZEB2|MRC2|LHFPL6|SPON1|CRTAP|NES|NID2|ANGPTL2|SLC7A11|LAMP5|MYOF|LMCD1|ANGPTL4|PLEKHO1|TNFRSF12A|SULF2|PMEPA1|CD248|CEMIP|HEG1|JAM3|ARID5B|NKD1|FRMD6|CMTM3|PPP1R18|VSTM4,-22,0
1,-25,M39070,M1,1,0,Cell Type Signatures,7,MANNO MIDBRAIN NEUROTYPES HNBGABA,,-25,3.9,13,30293,703,884,80,9,0.96,273|463|577|862|1137|1620|1641|1804|1809|1993|1995|1996|2258|2562|2596|2823|2890|3746|4131|4133|4684|4821|4826|5126|5178|5293|6328|6546|6616|6656|6695|6860|6886|7021|8224|8403|9201|9378|9891|10085|10512|10752|11075|11096|11122|11189|22871|22885|22986|27092|50863|51286|51299|51617|54715|55351|55530|55790|55966|57687|60482|64067|79870|83660|84867|84969|85300|91584|132204|134111|134829|140597|196500|266812|285533|387104|387856|389432|440270|494470,AMPH|ZFHX3|ADGRB3|RUNX1T1|CHRNA4|BRINP1|DCX|DPP6|DPYSL3|ELAVL2|ELAVL3|ELAVL4|FGF13|GABRB3|GAP43|GPM6A|GRIA1|KCNC1|MAP1B|MAP2|NCAM1|NKX2-2|NNAT|PCSK2|PEG3|PIK3CD|SCN3A|SLC8A1|SNAP25|SOX1|SPOCK1|SYT4|TAL1|TFAP2B|SYN3|SOX14|DCLK1|NRXN1|NUAK1|EDIL3|SEMA3C|CHL1|STMN2|ADAMTS5|PTPRT|CELF3|NLGN1|ABLIM3|SORCS3|CACNG4|NTM|CEND1|NRN1|NSG2|RBFOX1|STK32B|SVOP|CSGALNACT1|AJAP1|VAT1L|SLC5A7|NPAS3|BAALC|TLN2|PTPN5|TOX2|ATCAY|PLXNA4|SYNPR|UBE2QL1|CLVS2|TCEAL2|PIANP|NAP1L5|RNF175|MTCL3|CCDC184|SAMD5|GOLGA8B|ARK2C,-21,0
1,-25,M39065,M1,1,0,Cell Type Signatures,7,MANNO MIDBRAIN NEUROTYPES HRN,,-25,5.6,15,30293,335,884,55,6.2,0.81,463|862|1641|1809|1993|1995|1996|2562|2596|2823|3746|3797|4131|4133|4684|4826|5126|5800|6328|6616|6623|6664|9201|9378|10085|10512|10962|11075|11096|11189|22986|29106|29114|51299|51617|54715|55117|57451|57611|63950|78997|79870|83723|84867|85300|85508|114787|132299|134111|134829|253738|266812|387856|389432|440270,ZFHX3|RUNX1T1|DCX|DPYSL3|ELAVL2|ELAVL3|ELAVL4|GABRB3|GAP43|GPM6A|KCNC1|KIF3C|MAP1B|MAP2|NCAM1|NNAT|PCSK2|PTPRO|SCN3A|SNAP25|SNCG|SOX11|DCLK1|NRXN1|EDIL3|SEMA3C|MLLT11|STMN2|ADAMTS5|CELF3|SORCS3|SCG3|TAGLN3|NRN1|NSG2|RBFOX1|SLC6A15|TENM2|ISLR2|DMRTA2|GDAP1L1|BAALC|TLCD3B|PTPN5|ATCAY|SCRT2|GPRIN1|OCIAD2|UBE2QL1|CLVS2|EBF3|NAP1L5|CCDC184|SAMD5|GOLGA8B,-21,0
1,-23,M39068,M1,1,0,Cell Type Signatures,7,MANNO MIDBRAIN NEUROTYPES HDA1,,-23,4.1,13,30293,584,884,70,7.9,0.91,114|273|463|1012|1137|1641|1644|1804|1809|1993|1995|1996|2020|2258|2562|2596|2823|2899|3642|3797|4131|4133|4675|4684|4826|5097|5126|5178|6328|6546|6570|6616|6664|6695|6860|8671|8788|9201|9378|9951|10690|10752|10962|11075|11189|22885|23544|51617|55351|55506|55530|55966|56978|57522|79750|83723|84867|84969|85300|91584|134111|140597|219527|253738|260293|266812|285533|387856|389206|494470,ADCY8|AMPH|ZFHX3|CDH13|CHRNA4|DCX|DDC|DPP6|DPYSL3|ELAVL2|ELAVL3|ELAVL4|EN2|FGF13|GABRB3|GAP43|GPM6A|GRIK3|INSM1|KIF3C|MAP1B|MAP2|NAP1L3|NCAM1|NNAT|PCDH1|PCSK2|PEG3|SCN3A|SLC8A1|SLC18A1|SNAP25|SOX11|SPOCK1|SYT4|SLC4A4|DLK1|DCLK1|NRXN1|HS3ST4|FUT9|CHL1|MLLT11|STMN2|CELF3|ABLIM3|SEZ6L|NSG2|STK32B|MACROH2A2|SVOP|AJAP1|PRDM8|SRGAP1|ZNF385D|TLCD3B|PTPN5|TOX2|ATCAY|PLXNA4|UBE2QL1|TCEAL2|LRRC55|EBF3|CYP4X1|NAP1L5|RNF175|CCDC184|BEND4|ARK2C,-20,0
1,-23,M39069,M1,1,0,Cell Type Signatures,7,MANNO MIDBRAIN NEUROTYPES HDA2,,-23,4.3,13,30293,513,884,65,7.4,0.88,216|463|744|1012|1137|1301|1641|1644|1804|1809|1993|1996|2020|2258|2562|2596|2823|2899|3642|4062|4131|4133|4675|4684|4826|5097|5126|5293|6328|6570|6616|6664|6860|7276|7846|8788|9211|10690|10752|10962|11075|11189|22885|23544|26050|27092|50863|51617|55117|55885|55966|79870|83723|84867|84969|85300|91584|132204|134111|196500|219527|260293|375704|440270|494470,ALDH1A1|ZFHX3|MPPED2|CDH13|CHRNA4|COL11A1|DCX|DDC|DPP6|DPYSL3|ELAVL2|ELAVL4|EN2|FGF13|GABRB3|GAP43|GPM6A|GRIK3|INSM1|LY6H|MAP1B|MAP2|NAP1L3|NCAM1|NNAT|PCDH1|PCSK2|PIK3CD|SCN3A|SLC18A1|SNAP25|SOX11|SYT4|TTR|TUBA1A|DLK1|LGI1|FUT9|CHL1|MLLT11|STMN2|CELF3|ABLIM3|SEZ6L|SLITRK5|CACNG4|NTM|NSG2|SLC6A15|LMO3|AJAP1|BAALC|TLCD3B|PTPN5|TOX2|ATCAY|PLXNA4|SYNPR|UBE2QL1|PIANP|LRRC55|CYP4X1|ENHO|GOLGA8B|ARK2C,-19,0
1,-22,M39057,M1,1,0,Cell Type Signatures,7,MANNO MIDBRAIN NEUROTYPES HRGL1,,-22,5.1,14,30293,364,884,54,6.1,0.81,678|744|960|1410|1634|2173|2196|2318|3099|3488|3696|4885|4982|5352|5354|5800|5992|6319|7018|7033|7291|7431|7477|8022|9211|9353|9469|10186|10446|10630|10675|10763|23302|24147|29995|55816|55959|56884|57348|58494|63950|64798|79645|85407|92293|116372|128414|170302|196740|283659|286204|387597|388585|389799,ZFP36L2|MPPED2|CD44|CRYAB|DCN|FABP7|FAT2|FLNC|HK2|IGFBP5|ITGB8|NPTX2|TNFRSF11B|PLOD2|PLP1|PTPRO|RFX4|SCD|TF|TFF3|TWIST1|VIM|WNT7B|LHX3|LGI1|SLIT2|CHST3|LHFPL6|LRRN2|PDPN|CSPG5|NES|WSCD1|FJX1|LMCD1|DOK5|SULF2|FSTL5|TTYH1|JAM2|DMRTA2|DEPTOR|CLXN|NKD1|TMEM132C|LYPD1|NKAIN4|ARX|VSTM4|PRTG|CRB2|ILDR2|HES5|CFAP77,-19,0
1,-22,M39053,M1,1,0,Cell Type Signatures,7,MANNO MIDBRAIN NEUROTYPES HRGL2C,,-22,5.4,14,30293,326,884,51,5.8,0.78,117|332|577|960|1012|1804|1910|2042|2173|2823|2890|2913|3371|3685|3696|4821|5327|5764|5803|6507|8404|8671|9201|9378|9459|9469|9902|10215|10491|10630|10675|10690|10763|10964|11122|22829|23302|23541|23657|29106|29995|55790|57348|79192|94030|116372|128414|152573|220382|387597|388585,ADCYAP1R1|BIRC5|ADGRB3|CD44|CDH13|DPP6|EDNRB|EPHA3|FABP7|GPM6A|GRIA1|GRM3|TNC|ITGAV|ITGB8|NKX2-2|PLAT|PTN|PTPRZ1|SLC1A3|SPARCL1|SLC4A4|DCLK1|NRXN1|ARHGEF6|CHST3|MRC2|OLIG2|CRTAP|PDPN|CSPG5|FUT9|NES|IFI44L|PTPRT|NLGN4Y|WSCD1|SEC14L2|SLC7A11|SCG3|LMCD1|CSGALNACT1|TTYH1|IRX1|LRRC4B|LYPD1|NKAIN4|SHISA3|FAM181B|ILDR2|HES5,-19,0
1,-22,M39050,M1,1,0,Cell Type Signatures,7,MANNO MIDBRAIN NEUROTYPES HPERIC,,-22,3.5,12,30293,795,884,81,9.2,0.97,2|348|467|477|760|960|1004|1281|1282|1621|1634|1879|1889|2113|2307|2353|2701|2791|2913|2977|3270|3315|3676|3685|3726|4017|4478|4609|4838|5293|5327|5334|5764|6236|6546|6876|6913|6935|7045|7048|7070|7128|7291|7545|7546|7791|8038|8404|8490|9435|9459|9518|9590|9780|9902|10008|10186|10398|10491|11346|22795|25891|26509|51129|55603|56341|56937|57124|79974|84107|84159|94234|122786|143903|147906|150094|152573|196740|219527|256987|260293,A2M|APOE|ATF3|ATP1A2|CA2|CD44|CDH6|COL3A1|COL4A1|DBH|DCN|EBF1|ECE1|ETS1|FOXS1|FOS|GJA4|GNG11|GRM3|GUCY1A2|HRC|HSPB1|ITGA4|ITGAV|JUNB|LOXL2|MSN|MYC|NODAL|PIK3CD|PLAT|PLCL1|PTN|RRAD|SLC8A1|TAGLN|TBX15|ZEB1|TGFBI|TGFBR2|THY1|TNFAIP3|TWIST1|ZIC1|ZIC2|ZYX|ADAM12|SPARCL1|RGS5|CHST2|ARHGEF6|GDF15|AKAP12|PIEZO1|MRC2|KCNE3|LHFPL6|MYL9|CRTAP|SYNPO|NID2|PAMR1|MYOF|ANGPTL4|TENT5A|PRMT8|PMEPA1|CD248|CPED1|ZIC4|ARID5B|FOXQ1|FRMD6|LAYN|DACT3|SIK1|SHISA3|VSTM4|LRRC55|SERINC5|CYP4X1,-19,0
1,-20,M39062,M1,1,0,Cell Type Signatures,7,MANNO MIDBRAIN NEUROTYPES HNPROG,,-20,6.1,14,30293,229,884,41,4.6,0.71,332|429|890|1641|1644|1993|1996|3642|4085|4288|4760|4762|4807|4885|5100|5126|5347|6664|7153|7476|10630|10683|10763|10842|10962|11096|11189|27319|29114|51299|54478|55816|56341|57549|58158|63950|63973|64641|259266|494470|100129792,BIRC5|ASCL1|CCNA2|DCX|DDC|ELAVL2|ELAVL4|INSM1|MAD2L1|MKI67|NEUROD1|NEUROG1|NHLH1|NPTX2|PCDH8|PCSK2|PLK1|SOX11|TOP2A|WNT7A|PDPN|DLL3|NES|PPP1R17|MLLT11|ADAMTS5|CELF3|BHLHE22|TAGLN3|NRN1|PIMREG|DOK5|PRMT8|IGSF9|NEUROD4|DMRTA2|NEUROG2|EBF2|ASPM|ARK2C|CCDC152,-17,0
1,-20,M39060,M1,1,0,Cell Type Signatures,7,MANNO MIDBRAIN NEUROTYPES HPROGFPL,,-20,5.1,13,30293,323,884,48,5.4,0.76,332|463|678|699|890|891|1000|1163|1644|2020|3099|4085|4175|4176|4288|4753|5347|5352|5800|5992|6241|7033|7083|7153|7291|7431|7476|9211|9353|9839|9918|10763|22915|23194|54478|55506|55771|58494|63950|80312|83700|85407|92293|118980|170302|259266|283659|286204,BIRC5|ZFHX3|ZFP36L2|BUB1|CCNA2|CCNB1|CDH2|CKS1B|DDC|EN2|HK2|MAD2L1|MCM6|MCM7|MKI67|NELL2|PLK1|PLOD2|PTPRO|RFX4|RRM2|TFF3|TK1|TOP2A|TWIST1|VIM|WNT7A|LGI1|SLIT2|ZEB2|NCAPD2|NES|MMRN1|FBXL7|PIMREG|MACROH2A2|PRR11|JAM2|DMRTA2|TET1|JAM3|NKD1|TMEM132C|SFXN2|ARX|ASPM|PRTG|CRB2,-17,0
1,-19,M39059,M1,1,0,Cell Type Signatures,7,MANNO MIDBRAIN NEUROTYPES HPROGBP,,-19,5.1,12,30293,300,884,45,5.1,0.74,332|429|678|699|890|891|1163|2196|3099|3696|4085|4175|4176|4288|4547|4753|4885|5100|5347|5354|5992|6241|6422|6656|7083|7153|7431|7476|9918|10186|10606|10630|10763|27346|54478|55771|58494|63950|80312|152573|259266|283659|286204|387597|388585,BIRC5|ASCL1|ZFP36L2|BUB1|CCNA2|CCNB1|CKS1B|FAT2|HK2|ITGB8|MAD2L1|MCM6|MCM7|MKI67|MTTP|NELL2|NPTX2|PCDH8|PLK1|PLP1|RFX4|RRM2|SFRP1|SOX1|TK1|TOP2A|VIM|WNT7A|NCAPD2|LHFPL6|PAICS|PDPN|NES|TMEM97|PIMREG|PRR11|JAM2|DMRTA2|TET1|SHISA3|ASPM|PRTG|CRB2|ILDR2|HES5,-16,0
1,-18,M39104,M1,1,0,Cell Type Signatures,7,ZHONG PFC C3 MICROGLIA,,-18,4,12,30293,488,884,57,6.4,0.83,119|273|547|862|1000|1137|1641|1809|1995|2173|2258|2596|2977|3156|3797|4062|4131|4675|4684|4753|5800|6860|7068|7070|7846|9201|9378|9479|10297|10397|10512|10570|10690|11075|11189|23768|26115|27319|27328|51617|54674|55816|57451|57482|79870|81706|84867|85300|89927|91584|114787|134111|134829|140597|375704|387856|494470,ADD2|AMPH|KIF1A|RUNX1T1|CDH2|CHRNA4|DCX|DPYSL3|ELAVL3|FABP7|FGF13|GAP43|GUCY1A2|HMGCR|KIF3C|LY6H|MAP1B|NAP1L3|NCAM1|NELL2|PTPRO|SYT4|THRB|THY1|TUBA1A|DCLK1|NRXN1|MAPK8IP1|APC2|NDRG1|SEMA3C|DPYSL4|FUT9|STMN2|CELF3|FLRT2|TANC2|BHLHE22|PCDH11X|NSG2|LRRN3|DOK5|TENM2|CRACD|BAALC|PPP1R14C|PTPN5|ATCAY|BMERB1|PLXNA4|GPRIN1|UBE2QL1|CLVS2|TCEAL2|ENHO|CCDC184|ARK2C,-15,0
1,-18,M41675,M1,1,0,Cell Type Signatures,7,TRAVAGLINI LUNG ADVENTITIAL FIBROBLAST CELL,,-18,5.1,12,30293,296,884,44,5,0.73,133|196|216|678|960|1271|1277|1281|1293|1382|1435|1545|1634|1809|2353|2619|3726|4313|4609|4907|5320|5327|5328|5396|6422|6498|7048|7070|7127|8722|9052|9201|9235|9353|9547|9590|9902|10512|10630|25891|50863|51330|57124|80149,ADM|AHR|ALDH1A1|ZFP36L2|CD44|CNTFR|COL1A1|COL3A1|COL6A3|CRABP2|CSF1|CYP1B1|DCN|DPYSL3|FOS|GAS1|JUNB|MMP2|MYC|NT5E|PLA2G2A|PLAT|PLAU|PRRX1|SFRP1|SKIL|TGFBR2|THY1|TNFAIP2|CTSF|GPRC5A|DCLK1|IL32|SLIT2|CXCL14|AKAP12|MRC2|SEMA3C|PDPN|PAMR1|NTM|TNFRSF12A|CD248|ZC3H12A,-15,0
1,-18,M40228,M1,1,0,Cell Type Signatures,7,DESCARTES FETAL LIVER MESOTHELIAL CELLS,,-18,5,12,30293,310,884,45,5.1,0.74,467|646|768|1285|1295|1301|1410|1804|2318|2619|3488|3624|3696|3772|3855|3918|4062|4916|5320|5420|6236|6566|6695|8671|10512|10630|10675|11122|22843|23022|27151|28316|50614|54715|57549|64094|80164|81832|85407|92293|93517|146395|196500|260293|286204,ATF3|BNC1|CA9|COL4A3|COL8A1|COL11A1|CRYAB|DPP6|FLNC|GAS1|IGFBP5|INHBA|ITGB8|KCNJ15|KRT7|LAMC2|LY6H|NTRK3|PLA2G2A|PODXL|RRAD|SLC16A1|SPOCK1|SLC4A4|SEMA3C|PDPN|CSPG5|PTPRT|PPM1E|PALLD|CPAMD8|CDH20|GALNT9|RBFOX1|IGSF9|SMOC2|PRR36|NETO1|NKD1|TMEM132C|SDR42E1|GSG1L|PIANP|CYP4X1|CRB2,-15,0
1,-18,M39074,M1,1,0,Cell Type Signatures,7,ZHONG PFC MAJOR TYPES ASTROCYTES,,-18,4.9,12,30293,325,884,46,5.2,0.75,117|230|348|477|678|875|1634|1910|2173|2791|2913|3315|3371|3685|4329|4907|5033|5339|5764|5803|5992|6319|6507|7431|8404|8671|9211|9547|9902|10418|10630|10675|11170|23302|23544|54674|55816|56892|57348|91107|128414|220382|375704|388419|388585|440097,ADCYAP1R1|ALDOC|APOE|ATP1A2|ZFP36L2|CBS|DCN|EDNRB|FABP7|GNG11|GRM3|HSPB1|TNC|ITGAV|ALDH6A1|NT5E|P4HA1|PLEC|PTN|PTPRZ1|RFX4|SCD|SLC1A3|VIM|SPARCL1|SLC4A4|LGI1|CXCL14|MRC2|SPON1|PDPN|CSPG5|FAM107A|WSCD1|SEZ6L|LRRN3|DOK5|TCIM|TTYH1|TRIM47|NKAIN4|FAM181B|ENHO|BTBD17|HES5|DBX2,-15,0
1,-18,M40270,M1,1,0,Cell Type Signatures,7,DESCARTES FETAL PANCREAS ENS NEURONS,,-18,6.9,13,30293,163,884,33,3.7,0.64,1136|1621|1747|1749|1750|1809|1995|1996|2258|2596|4131|4826|6572|7846|10297|10683|10962|11075|11255|51083|51617|55117|56896|57575|57611|57687|65217|83723|85300|114787|134829|170685|387104,CHRNA3|DBH|DLX3|DLX5|DLX6|DPYSL3|ELAVL3|ELAVL4|FGF13|GAP43|MAP1B|NNAT|SLC18A3|TUBA1A|APC2|DLL3|MLLT11|STMN2|HRH3|GAL|NSG2|SLC6A15|DPYSL5|PCDH10|ISLR2|VAT1L|PCDH15|TLCD3B|ATCAY|GPRIN1|CLVS2|NUDT10|MTCL3,-15,0
1,-17,M39135,M1,1,0,Cell Type Signatures,7,AIZARANI LIVER C39 EPCAM POS BILE DUCT CELLS 4,,-17,6.3,13,30293,184,884,34,3.8,0.65,12|330|467|1410|1435|1906|2919|3156|3315|3576|3624|3696|3855|3914|3918|4070|4316|4739|4792|6364|6372|6385|7104|7127|7168|7262|7791|9235|9518|10272|51330|55603|56937|91107,SERPINA3|BIRC3|ATF3|CRYAB|CSF1|EDN1|CXCL1|HMGCR|HSPB1|CXCL8|INHBA|ITGB8|KRT7|LAMB3|LAMC2|TACSTD2|MMP7|NEDD9|NFKBIA|CCL20|CXCL6|SDC4|TM4SF4|TNFAIP2|TPM1|PHLDA2|ZYX|IL32|GDF15|FSTL3|TNFRSF12A|TENT5A|PMEPA1|TRIM47,-14,0
1,-17,M40212,M1,1,0,Cell Type Signatures,7,DESCARTES FETAL INTESTINE INTESTINAL EPITHELIAL CELLS,,-17,5.1,12,30293,276,884,41,4.6,0.71,336|337|338|345|1179|1244|1373|1559|2168|2169|2243|2346|2705|2877|3706|3914|4496|4547|4583|6476|6822|7015|7031|7103|9075|10917|55018|55612|56667|57715|64922|79814|79853|79977|80704|93432|140453|200010|283985|339221|346606,APOA2|APOA4|APOB|APOC3|CLCA1|ABCC2|CPS1|CYP2C9|FABP1|FABP2|FGA|FOLH1|GJB1|GPX2|ITPKA|LAMB3|MT1H|MTTP|MUC2|SI|SULT2A1|TERT|TFF1|TSPAN8|CLDN2|BTNL3|ANKRD40CL|FERMT1|MUC13|SEMA4G|LRRC19|AGMAT|TM4SF20|GRHL2|SLC19A3|MGAM2|MUC17|SLC5A9|FADS6|ENPP7|MOGAT3,-14,0
1,-16,M40214,M1,1,0,Cell Type Signatures,7,DESCARTES FETAL INTESTINE ENS NEURONS,,-16,6.6,12,30293,160,884,31,3.5,0.62,460|1137|1621|1641|1747|1804|1995|1996|2258|2596|4131|5800|6572|6695|8224|9201|10962|11075|11255|22986|23316|27133|29114|51083|51286|51617|55117|57687|59284|83723|85300,ASTN1|CHRNA4|DBH|DCX|DLX3|DPP6|ELAVL3|ELAVL4|FGF13|GAP43|MAP1B|PTPRO|SLC18A3|SPOCK1|SYN3|DCLK1|MLLT11|STMN2|HRH3|SORCS3|CUX2|KCNH5|TAGLN3|GAL|CEND1|NSG2|SLC6A15|VAT1L|CACNG7|TLCD3B|ATCAY,-14,0
1,-16,M39274,M1,1,0,Cell Type Signatures,7,DURANTE ADULT OLFACTORY NEUROEPITHELIUM FIBROBLASTS STROMAL CELLS,,-16,9.6,14,30293,82,884,23,2.6,0.54,1277|1281|1382|1545|1634|1893|2624|3488|5396|5764|6422|6876|7020|7021|7045|7052|7070|7168|7291|7431|9590|11010|56892,COL1A1|COL3A1|CRABP2|CYP1B1|DCN|ECM1|GATA2|IGFBP5|PRRX1|PTN|SFRP1|TAGLN|TFAP2A|TFAP2B|TGFBI|TGM2|THY1|TPM1|TWIST1|VIM|AKAP12|GLIPR1|TCIM,-13,0
1,-16,M40287,M1,1,0,Cell Type Signatures,7,DESCARTES FETAL SPLEEN AFP ALB POSITIVE CELLS,,-16,6,12,30293,188,884,33,3.7,0.64,12|336|338|345|348|727|1373|1852|2147|2168|2243|2244|2266|2267|2593|2705|3026|3158|3249|3698|4329|4496|4547|5345|6319|6906|7018|7104|7276|8788|27329|27346|131405,SERPINA3|APOA2|APOB|APOC3|APOE|C5|CPS1|DUSP9|F2|FABP1|FGA|FGB|FGG|FGL1|GAMT|GJB1|HABP2|HMGCS2|HPN|ITIH2|ALDH6A1|MT1H|MTTP|SERPINF2|SCD|SERPINA7|TF|TM4SF4|TTR|DLK1|ANGPTL3|TMEM97|TRIM71,-13,0
1,-15,M39040,M1,1,0,Cell Type Signatures,7,FAN EMBRYONIC CTX BRAIN ENDOTHELIAL 2,,-15,4.6,11,30293,303,884,41,4.6,0.71,477|649|1004|1281|1282|1634|1879|1889|1893|2307|2701|2791|2913|2977|3676|4838|5764|5947|6876|6935|7025|7041|7070|7431|7545|7791|8038|8404|8490|9260|9590|10186|10398|22795|26509|50863|51129|57124|64094|122786|196740,ATP1A2|BMP1|CDH6|COL3A1|COL4A1|DCN|EBF1|ECE1|ECM1|FOXS1|GJA4|GNG11|GRM3|GUCY1A2|ITGA4|NODAL|PTN|RBP1|TAGLN|ZEB1|NR2F1|TGFB1I1|THY1|VIM|ZIC1|ZYX|ADAM12|SPARCL1|RGS5|PDLIM7|AKAP12|LHFPL6|MYL9|NID2|MYOF|NTM|ANGPTL4|CD248|SMOC2|FRMD6|VSTM4,-13,0
1,-15,M39118,M1,1,0,Cell Type Signatures,7,AIZARANI LIVER C14 HEPATOCYTES 2,,-15,5.3,11,30293,226,884,35,4,0.66,12|216|336|338|345|348|664|1356|1373|1559|2147|2168|2243|2244|2266|2267|2593|2705|2877|3158|3249|4329|4496|5320|5345|5446|6288|6289|6319|6822|7018|7276|27329|134147|201895,SERPINA3|ALDH1A1|APOA2|APOB|APOC3|APOE|BNIP3|CP|CPS1|CYP2C9|F2|FABP1|FGA|FGB|FGG|FGL1|GAMT|GJB1|GPX2|HMGCS2|HPN|ALDH6A1|MT1H|PLA2G2A|SERPINF2|PON3|SAA1|SAA2|SCD|SULT2A1|TF|TTR|ANGPTL3|CMBL|SMIM14,-12,0
1,-15,M39114,M1,1,0,Cell Type Signatures,7,AIZARANI LIVER C10 MVECS 1,,-15,4.8,11,30293,269,884,38,4.3,0.68,2|862|1282|1809|1889|1906|1910|2004|2791|3127|3726|4059|4739|5155|5327|6035|6578|7048|7052|7122|7431|7846|8404|8609|9891|10397|10763|11170|11346|22915|51299|56999|57493|57514|58494|64123|64321|153579,A2M|RUNX1T1|COL4A1|DPYSL3|ECE1|EDN1|EDNRB|ELK3|GNG11|HLA-DRB5|JUNB|BCAM|NEDD9|PDGFB|PLAT|RNASE1|SLCO2A1|TGFBR2|TGM2|CLDN5|VIM|TUBA1A|SPARCL1|KLF7|NUAK1|NDRG1|NES|FAM107A|SYNPO|MMRN1|NRN1|ADAMTS9|HEG1|ARHGAP31|JAM2|ADGRL4|SOX17|BTNL9,-12,0
1,-15,M39058,M1,1,0,Cell Type Signatures,7,MANNO MIDBRAIN NEUROTYPES HPROGM,,-15,4.5,11,30293,307,884,40,4.5,0.7,332|649|678|699|1163|1644|2020|3099|3696|4085|4313|5033|5334|5347|5352|5354|5800|5947|5992|6385|7033|7153|7276|7291|7431|9211|9353|10763|10788|22915|23657|54360|56892|58494|63950|79645|83700|92293|170302|286204,BIRC5|BMP1|ZFP36L2|BUB1|CKS1B|DDC|EN2|HK2|ITGB8|MAD2L1|MMP2|P4HA1|PLCL1|PLK1|PLOD2|PLP1|PTPRO|RBP1|RFX4|SDC4|TFF3|TOP2A|TTR|TWIST1|VIM|LGI1|SLIT2|NES|IQGAP2|MMRN1|SLC7A11|CYTL1|TCIM|JAM2|DMRTA2|CLXN|JAM3|TMEM132C|ARX|CRB2,-12,0
1,-15,M39072,M1,1,0,Cell Type Signatures,7,MANNO MIDBRAIN NEUROTYPES HSERT,,-15,3.7,10,30293,450,884,49,5.5,0.77,463|1012|1137|1620|1641|1644|1809|1993|2258|2596|2624|2823|2890|3746|4062|4131|4675|4684|5178|6328|6616|6623|6656|6695|8403|9211|9378|9951|10512|10962|11075|11189|22986|27328|51617|54715|55117|55530|57451|57687|78997|79750|79870|85300|147906|260293|266812|285533|387856,ZFHX3|CDH13|CHRNA4|BRINP1|DCX|DDC|DPYSL3|ELAVL2|FGF13|GAP43|GATA2|GPM6A|GRIA1|KCNC1|LY6H|MAP1B|NAP1L3|NCAM1|PEG3|SCN3A|SNAP25|SNCG|SOX1|SPOCK1|SOX14|LGI1|NRXN1|HS3ST4|SEMA3C|MLLT11|STMN2|CELF3|SORCS3|PCDH11X|NSG2|RBFOX1|SLC6A15|SVOP|TENM2|VAT1L|GDAP1L1|ZNF385D|BAALC|ATCAY|DACT3|CYP4X1|NAP1L5|RNF175|CCDC184,-12,0
1,-14,M39125,M1,1,0,Cell Type Signatures,7,AIZARANI LIVER C24 EPCAM POS BILE DUCT CELLS 3,,-14,5.7,11,30293,185,884,31,3.5,0.62,330|467|1410|2877|3315|3576|3772|3855|3914|3934|3960|4070|4316|4582|4680|6372|6385|7033|7103|7104|7127|7168|7262|8671|10551|51330|54502|55603|56667|56937|114569,BIRC3|ATF3|CRYAB|GPX2|HSPB1|CXCL8|KCNJ15|KRT7|LAMB3|LCN2|LGALS4|TACSTD2|MMP7|MUC1|CEACAM6|CXCL6|SDC4|TFF3|TSPAN8|TM4SF4|TNFAIP2|TPM1|PHLDA2|SLC4A4|AGR2|TNFRSF12A|RBM47|TENT5A|MUC13|PMEPA1|MAL2,-12,0
1,-14,M41658,M1,1,0,Cell Type Signatures,7,TRAVAGLINI LUNG NEUROENDOCRINE CELL,,-14,7,12,30293,128,884,26,2.9,0.57,429|547|1607|1644|1809|1996|3642|4131|4684|4826|4982|5126|6328|6616|6860|9378|10814|10842|11075|11189|23544|29106|29114|51655|116372|644844,ASCL1|KIF1A|DGKB|DDC|DPYSL3|ELAVL4|INSM1|MAP1B|NCAM1|NNAT|TNFRSF11B|PCSK2|SCN3A|SNAP25|SYT4|NRXN1|CPLX2|PPP1R17|STMN2|CELF3|SEZ6L|SCG3|TAGLN3|RASD1|LYPD1|PHGR1,-12,0
1,-14,M39128,M1,1,0,Cell Type Signatures,7,AIZARANI LIVER C29 MVECS 2,,-14,4.4,10,30293,313,884,40,4.5,0.7,2|1281|1295|1465|1809|1889|1906|2004|2791|2823|3315|4609|4739|5339|6035|6401|6578|7025|7052|7122|7431|7846|8404|9052|9590|10397|10491|11170|11346|22915|26509|51299|55959|56999|57493|57514|58494|64123|84159|170685,A2M|COL3A1|COL8A1|CSRP1|DPYSL3|ECE1|EDN1|ELK3|GNG11|GPM6A|HSPB1|MYC|NEDD9|PLEC|RNASE1|SELE|SLCO2A1|NR2F1|TGM2|CLDN5|VIM|TUBA1A|SPARCL1|GPRC5A|AKAP12|NDRG1|CRTAP|FAM107A|SYNPO|MMRN1|MYOF|NRN1|SULF2|ADAMTS9|HEG1|ARHGAP31|JAM2|ADGRL4|ARID5B|NUDT10,-12,0
1,-14,M40301,M1,1,0,Cell Type Signatures,7,DESCARTES FETAL STOMACH MUC13 DMBT1 POSITIVE CELLS,,-14,8.1,12,30293,97,884,23,2.6,0.54,337|338|345|1373|3960|4496|4547|4648|6476|9075|9971|10917|55018|56667|79853|80115|80704|91464|93432|140453|200010|339221|644844,APOA4|APOB|APOC3|CPS1|LGALS4|MT1H|MTTP|MYO7B|SI|CLDN2|NR1H4|BTNL3|ANKRD40CL|MUC13|TM4SF20|BAIAP2L2|SLC19A3|ISX|MGAM2|MUC17|SLC5A9|ENPP7|PHGR1,-12,0
1,-14,M39033,M1,1,0,Cell Type Signatures,7,FAN EMBRYONIC CTX ASTROCYTE 1,,-14,9.1,13,30293,79,884,21,2.4,0.51,117|230|875|1634|2173|2913|3371|5080|5339|6507|8404|9068|9241|9547|9902|10964|11170|24141|55816|56892|388419,ADCYAP1R1|ALDOC|CBS|DCN|FABP7|GRM3|TNC|PAX6|PLEC|SLC1A3|SPARCL1|ANGPTL1|NOG|CXCL14|MRC2|IFI44L|FAM107A|LAMP5|DOK5|TCIM|BTBD17,-12,0
1,-14,M39176,M1,1,0,Cell Type Signatures,7,MURARO PANCREAS ENDOTHELIAL CELL,,-14,4.1,10,30293,362,884,43,4.9,0.72,2|196|678|1282|1545|1809|1889|2004|2113|2624|2791|3383|3673|3685|4312|4313|4478|4739|4858|5155|5420|6401|6578|6935|7048|7431|8404|8490|10186|11082|11346|23452|23657|51177|55959|56892|56937|56999|57493|57514|64123|83700|170954,A2M|AHR|ZFP36L2|COL4A1|CYP1B1|DPYSL3|ECE1|ELK3|ETS1|GATA2|GNG11|ICAM1|ITGA2|ITGAV|MMP1|MMP2|MSN|NEDD9|NOVA2|PDGFB|PODXL|SELE|SLCO2A1|ZEB1|TGFBR2|VIM|SPARCL1|RGS5|LHFPL6|ESM1|SYNPO|ANGPTL2|SLC7A11|PLEKHO1|SULF2|TCIM|PMEPA1|ADAMTS9|HEG1|ARHGAP31|ADGRL4|JAM3|PPP1R18,-12,0
1,-14,M39253,M1,1,0,Cell Type Signatures,7,MENON FETAL KIDNEY 3 STROMAL CELLS,,-14,8.9,12,30293,81,884,21,2.4,0.51,1075|1277|1281|1282|1293|1545|2353|3371|3488|4684|5764|5947|6422|7025|7168|7431|7846|9590|9839|23022|23768,CTSC|COL1A1|COL3A1|COL4A1|COL6A3|CYP1B1|FOS|TNC|IGFBP5|NCAM1|PTN|RBP1|SFRP1|NR2F1|TPM1|VIM|TUBA1A|AKAP12|ZEB2|PALLD|FLRT2,-11,0
1,-14,M39061,M1,1,0,Cell Type Signatures,7,MANNO MIDBRAIN NEUROTYPES HPROGFPM,,-14,4,10,30293,356,884,42,4.8,0.72,332|699|890|891|1163|1644|2020|3099|3149|4017|4085|4288|4313|4329|5347|5800|5992|6241|6860|7033|7153|7291|7431|9211|9918|10606|10630|10763|11096|23768|54478|55771|58494|63950|92293|118980|170302|259266|283659|285533|286204|100463486,BIRC5|BUB1|CCNA2|CCNB1|CKS1B|DDC|EN2|HK2|HMGB3|LOXL2|MAD2L1|MKI67|MMP2|ALDH6A1|PLK1|PTPRO|RFX4|RRM2|SYT4|TFF3|TOP2A|TWIST1|VIM|LGI1|NCAPD2|PAICS|PDPN|NES|ADAMTS5|FLRT2|PIMREG|PRR11|JAM2|DMRTA2|TMEM132C|SFXN2|ARX|ASPM|PRTG|RNF175|CRB2|MTRNR2L8,-11,0
1,-14,M39279,M1,1,0,Cell Type Signatures,7,DURANTE ADULT OLFACTORY NEUROEPITHELIUM VASCULAR SMOOTH MUSCLE CELLS,,-14,8.1,12,30293,93,884,22,2.5,0.52,388|467|1264|1410|1465|1879|2273|2353|3488|3726|4131|6876|7041|7168|8404|8490|10186|10398|23022|25802|56892|84159,RHOB|ATF3|CNN1|CRYAB|CSRP1|EBF1|FHL1|FOS|IGFBP5|JUNB|MAP1B|TAGLN|TGFB1I1|TPM1|SPARCL1|RGS5|LHFPL6|MYL9|PALLD|LMOD1|TCIM|ARID5B,-11,0
1,-14,M39174,M1,1,0,Cell Type Signatures,7,MURARO PANCREAS ACINAR CELL,,-14,3,9.3,30293,731,884,63,7.1,0.87,12|330|467|727|875|960|1906|1992|2243|2266|2267|2705|2877|2919|3123|3249|3315|3417|3576|3673|3685|3855|3914|3934|4050|4070|4478|4582|4609|4792|5420|6035|6364|6385|6498|7128|7168|7431|8431|9052|9075|9235|9518|10397|10788|23657|23768|26355|27250|27289|27346|51129|51330|54502|56892|57118|79170|80149|81607|91107|114569|116372|201895,SERPINA3|BIRC3|ATF3|C5|CBS|CD44|EDN1|SERPINB1|FGA|FGG|FGL1|GJB1|GPX2|CXCL1|HLA-DRB1|HPN|HSPB1|IDH1|CXCL8|ITGA2|ITGAV|KRT7|LAMB3|LCN2|LTB|TACSTD2|MSN|MUC1|MYC|NFKBIA|PODXL|RNASE1|CCL20|SDC4|SKIL|TNFAIP3|TPM1|VIM|NR0B2|GPRC5A|CLDN2|IL32|GDF15|NDRG1|IQGAP2|SLC7A11|FLRT2|FAM162A|PDCD4|RND1|TMEM97|ANGPTL4|TNFRSF12A|RBM47|TCIM|CAMK1D|PRR15L|ZC3H12A|NECTIN4|TRIM47|MAL2|LYPD1|SMIM14,-11,0
1,-13,M39115,M1,1,0,Cell Type Signatures,7,AIZARANI LIVER C11 HEPATOCYTES 1,,-13,4.3,9.8,30293,298,884,37,4.2,0.67,12|216|336|338|345|348|388|664|727|1356|1361|1373|1559|2147|2168|2243|2244|2266|2267|2919|3158|3249|3417|3698|4329|4522|4547|5345|5446|6319|6385|6822|7018|7276|27329|134147|201895,SERPINA3|ALDH1A1|APOA2|APOB|APOC3|APOE|RHOB|BNIP3|C5|CP|CPB2|CPS1|CYP2C9|F2|FABP1|FGA|FGB|FGG|FGL1|CXCL1|HMGCS2|HPN|IDH1|ITIH2|ALDH6A1|MTHFD1|MTTP|SERPINF2|PON3|SCD|SDC4|SULT2A1|TF|TTR|ANGPTL3|CMBL|SMIM14,-10,0
1,-13,M40276,M1,1,0,Cell Type Signatures,7,DESCARTES FETAL PLACENTA AFP ALB POSITIVE CELLS,,-13,5.6,10,30293,171,884,28,3.2,0.59,336|338|345|727|875|1244|1361|1373|1644|2147|2168|2243|2244|2266|3158|3698|4329|4496|5345|6319|7018|7104|7276|8435|9936|27329|27346|57715,APOA2|APOB|APOC3|C5|CBS|ABCC2|CPB2|CPS1|DDC|F2|FABP1|FGA|FGB|FGG|HMGCS2|ITIH2|ALDH6A1|MT1H|SERPINF2|SCD|TF|TM4SF4|TTR|SOAT2|CD302|ANGPTL3|TMEM97|SEMA4G,-10,0
1,-13,M40234,M1,1,0,Cell Type Signatures,7,DESCARTES FETAL LIVER HEPATOBLASTS,,-13,3.4,9.2,30293,500,884,49,5.5,0.77,12|216|230|336|337|338|345|348|727|1244|1356|1361|1373|1644|1852|2147|2168|2243|2244|2266|2267|2705|3026|3158|3249|3698|4329|4496|4547|5345|6319|6906|7018|7068|7104|7276|8431|8435|27329|29881|57715|79784|79814|80704|121643|255738|283985|339221|346606,SERPINA3|ALDH1A1|ALDOC|APOA2|APOA4|APOB|APOC3|APOE|C5|ABCC2|CP|CPB2|CPS1|DDC|DUSP9|F2|FABP1|FGA|FGB|FGG|FGL1|GJB1|HABP2|HMGCS2|HPN|ITIH2|ALDH6A1|MT1H|MTTP|SERPINF2|SCD|SERPINA7|TF|THRB|TM4SF4|TTR|NR0B2|SOAT2|ANGPTL3|NPC1L1|SEMA4G|MYH14|AGMAT|SLC19A3|FOXN4|PCSK9|FADS6|ENPP7|MOGAT3,-10,0
1,-13,M39265,M1,1,0,Cell Type Signatures,7,HU FETAL RETINA HORIZONTAL,,-13,13,13,30293,40,884,15,1.7,0.43,119|1421|4826|4914|5080|6328|6860|7020|7021|7846|10962|11075|29114|51617|55959,ADD2|CRYGD|NNAT|NTRK1|PAX6|SCN3A|SYT4|TFAP2A|TFAP2B|TUBA1A|MLLT11|STMN2|TAGLN3|NSG2|SULF2,-10,0
1,-13,M39153,M1,1,0,Cell Type Signatures,7,GAO LARGE INTESTINE 24W C2 MKI67POS PROGENITOR,,-13,7,11,30293,113,884,23,2.6,0.54,332|890|891|1879|2791|4288|5420|6241|6578|6886|7083|7122|7153|9459|22915|29995|51299|54478|57124|57493|58494|128239|259266,BIRC5|CCNA2|CCNB1|EBF1|GNG11|MKI67|PODXL|RRM2|SLCO2A1|TAL1|TK1|CLDN5|TOP2A|ARHGEF6|MMRN1|LMCD1|NRN1|PIMREG|CD248|HEG1|JAM2|IQGAP3|ASPM,-10,0
1,-13,M39018,M1,1,0,Cell Type Signatures,7,FAN EMBRYONIC CTX BIG GROUPS BRAIN ENDOTHELIAL,,-13,3.8,9.5,30293,365,884,41,4.6,0.71,477|760|949|1004|1281|1282|1634|1879|1889|1893|2113|2307|2701|2791|4061|5155|5327|5420|6035|6566|6578|6935|7041|7048|7052|7122|7431|7546|8490|9235|10186|10398|10964|22795|23129|56937|57124|57493|58494|64123|94234,ATP1A2|CA2|SCARB1|CDH6|COL3A1|COL4A1|DCN|EBF1|ECE1|ECM1|ETS1|FOXS1|GJA4|GNG11|LY6E|PDGFB|PLAT|PODXL|RNASE1|SLC16A1|SLCO2A1|ZEB1|TGFB1I1|TGFBR2|TGM2|CLDN5|VIM|ZIC2|RGS5|IL32|LHFPL6|MYL9|IFI44L|NID2|PLXND1|PMEPA1|CD248|HEG1|JAM2|ADGRL4|FOXQ1,-10,0
1,-13,M40158,M1,1,0,Cell Type Signatures,7,DESCARTES FETAL CEREBELLUM VASCULAR ENDOTHELIAL CELLS,,-13,3,9,30293,632,884,56,6.3,0.82,133|388|760|1004|1030|1281|1282|1465|1621|1889|1893|1906|2113|2307|2624|2701|2791|4059|4825|4838|5155|5420|6286|6401|6566|6578|6876|6932|6997|7041|7052|7122|7291|8490|9235|10398|10788|23657|25891|29775|29995|51129|51267|54855|55211|56892|57101|57124|57493|64123|64321|81027|94234|143903|153579|219527,ADM|RHOB|CA2|CDH6|CDKN2B|COL3A1|COL4A1|CSRP1|DBH|ECE1|ECM1|EDN1|ETS1|FOXS1|GATA2|GJA4|GNG11|BCAM|NKX6-1|NODAL|PDGFB|PODXL|S100P|SELE|SLC16A1|SLCO2A1|TAGLN|TCF7|CRIPTO|TGFB1I1|TGM2|CLDN5|TWIST1|RGS5|IL32|MYL9|IQGAP2|SLC7A11|PAMR1|CARD10|LMCD1|ANGPTL4|CLEC1A|TENT5C|DPPA4|TCIM|ANO2|CD248|HEG1|ADGRL4|SOX17|TUBB1|FOXQ1|LAYN|BTNL9|LRRC55,-10,0
1,-13,M40029,M1,1,0,Cell Type Signatures,7,BUSSLINGER DUODENAL MATURE ENTEROCYTES,,-13,4.5,9.8,30293,259,884,34,3.8,0.65,337|338|345|649|949|1244|1559|2169|3123|3315|3914|4547|4648|4680|5339|6337|7104|8431|9235|29775|29881|51129|55603|56667|57549|64780|79784|79853|80115|89872|140453|200010|339221|644844,APOA4|APOB|APOC3|BMP1|SCARB1|ABCC2|CYP2C9|FABP2|HLA-DRB1|HSPB1|LAMB3|MTTP|MYO7B|CEACAM6|PLEC|SCNN1A|TM4SF4|NR0B2|IL32|CARD10|NPC1L1|ANGPTL4|TENT5A|MUC13|IGSF9|MICAL1|MYH14|TM4SF20|BAIAP2L2|AQP10|MUC17|SLC5A9|ENPP7|PHGR1,-10,0
1,-12,M40010,M1,1,0,Cell Type Signatures,7,BUSSLINGER GASTRIC ISTHMUS CELLS,,-12,3.4,9.1,30293,458,884,46,5.2,0.75,726|760|891|1212|1545|1992|2810|2877|3315|3914|3960|4070|4288|4582|5339|6286|6319|6385|6566|7031|7083|7103|7153|7168|7262|10008|10250|10551|11199|23022|26499|26509|51142|54502|55603|55612|79784|83660|83998|94234|114569|134147|201895|259266|340547|654463,CAPN5|CA2|CCNB1|CLTB|CYP1B1|SERPINB1|SFN|GPX2|HSPB1|LAMB3|LGALS4|TACSTD2|MKI67|MUC1|PLEC|S100P|SCD|SDC4|SLC16A1|TFF1|TK1|TSPAN8|TOP2A|TPM1|PHLDA2|KCNE3|SRRM1|AGR2|ANXA10|PALLD|PLEK2|MYOF|CHCHD2|RBM47|TENT5A|FERMT1|MYH14|TLN2|REG4|FOXQ1|MAL2|CMBL|SMIM14|ASPM|VSIG1|FER1L6,-10,0
1,-12,M39122,M1,1,0,Cell Type Signatures,7,AIZARANI LIVER C21 STELLATE CELLS 1,,-12,5.1,10,30293,194,884,29,3.3,0.6,216|1277|1281|1282|1293|1410|1465|1634|1910|2273|2353|3123|3315|3488|3726|4131|4313|4609|5764|5947|6422|7025|7070|7431|9509|9719|10398|23022|84159,ALDH1A1|COL1A1|COL3A1|COL4A1|COL6A3|CRYAB|CSRP1|DCN|EDNRB|FHL1|FOS|HLA-DRB1|HSPB1|IGFBP5|JUNB|MAP1B|MMP2|MYC|PTN|RBP1|SFRP1|NR2F1|THY1|VIM|ADAMTS2|ADAMTSL2|MYL9|PALLD|ARID5B,-9.9,0
1,-12,M39020,M1,1,0,Cell Type Signatures,7,FAN EMBRYONIC CTX BIG GROUPS GLIAL,,-12,6.2,10,30293,133,884,24,2.7,0.55,230|477|1910|2173|2273|3371|3417|3696|5142|5764|5803|5992|6319|6507|7431|9547|10418|23302|50863|57348|116372|116448|128414|388419,ALDOC|ATP1A2|EDNRB|FABP7|FHL1|TNC|IDH1|ITGB8|PDE4B|PTN|PTPRZ1|RFX4|SCD|SLC1A3|VIM|CXCL14|SPON1|WSCD1|NTM|TTYH1|LYPD1|OLIG1|NKAIN4|BTBD17,-9.7,0
1,-12,M39264,M1,1,0,Cell Type Signatures,7,HU FETAL RETINA FIBROBLAST,,-12,3.6,9.1,30293,385,884,41,4.6,0.71,649|678|1075|1277|1281|1282|1293|1634|1889|2004|2042|2113|2353|2791|3488|3726|4017|4061|4313|4478|4792|5396|5764|7041|7045|7052|7070|7168|7291|9211|9902|10398|10418|10491|25975|27123|54360|57124|79974|122786|123920,BMP1|ZFP36L2|CTSC|COL1A1|COL3A1|COL4A1|COL6A3|DCN|ECE1|ELK3|EPHA3|ETS1|FOS|GNG11|IGFBP5|JUNB|LOXL2|LY6E|MMP2|MSN|NFKBIA|PRRX1|PTN|TGFB1I1|TGFBI|TGM2|THY1|TPM1|TWIST1|LGI1|MRC2|MYL9|SPON1|CRTAP|EGFL6|DKK2|CYTL1|CD248|CPED1|FRMD6|CMTM3,-9.6,0
1,-12,M41656,M1,1,0,Cell Type Signatures,7,TRAVAGLINI LUNG MUCOUS CELL,,-12,6.3,10,30293,125,884,23,2.6,0.54,12|133|1075|1356|1440|2919|3576|3934|4061|4316|5266|6286|6288|6289|6364|6372|7033|7052|7103|7127|8671|51655|100505989,SERPINA3|ADM|CTSC|CP|CSF3|CXCL1|CXCL8|LCN2|LY6E|MMP7|PI3|S100P|SAA1|SAA2|CCL20|CXCL6|TFF3|TGM2|TSPAN8|TNFAIP2|SLC4A4|RASD1|SMIM31,-9.5,0
1,-12,M40313,M1,1,0,Cell Type Signatures,7,DESCARTES FETAL THYMUS STROMAL CELLS,,-12,6,10,30293,137,884,24,2.7,0.55,1277|1281|1382|1634|2318|2331|2619|3488|3696|4313|4684|5327|5396|6422|8038|8788|9902|10512|10630|11096|23452|55603|57124|64641,COL1A1|COL3A1|CRABP2|DCN|FLNC|FMOD|GAS1|IGFBP5|ITGB8|MMP2|NCAM1|PLAT|PRRX1|SFRP1|ADAM12|DLK1|MRC2|SEMA3C|PDPN|ADAMTS5|ANGPTL2|TENT5A|CD248|EBF2,-9.5,0
1,-12,M39288,M1,1,0,Cell Type Signatures,7,DURANTE ADULT OLFACTORY NEUROEPITHELIUM IMMATURE NEURONS,,-12,5.9,10,30293,139,884,24,2.7,0.55,547|1641|1809|1879|1995|1996|2596|3642|4131|4684|4807|6664|6695|7846|9201|9378|10215|11075|22979|29106|56884|64641|253738|387856,KIF1A|DCX|DPYSL3|EBF1|ELAVL3|ELAVL4|GAP43|INSM1|MAP1B|NCAM1|NHLH1|SOX11|SPOCK1|TUBA1A|DCLK1|NRXN1|OLIG2|STMN2|EFR3B|SCG3|FSTL5|EBF2|EBF3|CCDC184,-9.3,0
1,-12,M40012,M1,1,0,Cell Type Signatures,7,BUSSLINGER GASTRIC IMMATURE PIT CELLS,,-12,5.4,9.8,30293,165,884,26,2.9,0.57,726|760|1212|2810|2877|3315|3960|4070|4582|6035|6286|7031|7032|7103|7168|10551|11199|54502|55603|56287|83998|94234|114569|134147|340547|644844,CAPN5|CA2|CLTB|SFN|GPX2|HSPB1|LGALS4|TACSTD2|MUC1|RNASE1|S100P|TFF1|TFF2|TSPAN8|TPM1|AGR2|ANXA10|RBM47|TENT5A|GKN1|REG4|FOXQ1|MAL2|CMBL|VSIG1|PHGR1,-9.3,0
1,-12,M39170,M1,1,0,Cell Type Signatures,7,MURARO PANCREAS DELTA CELL,,-12,4.4,9.3,30293,250,884,32,3.6,0.63,273|846|862|1809|1996|2353|2562|3249|3642|4131|4133|4675|4684|5121|5178|5446|6616|6860|9590|9891|26115|51083|57451|57687|79870|83700|91461|134111|140597|143686|389432|644844,AMPH|CASR|RUNX1T1|DPYSL3|ELAVL4|FOS|GABRB3|HPN|INSM1|MAP1B|MAP2|NAP1L3|NCAM1|PCP4|PEG3|PON3|SNAP25|SYT4|AKAP12|NUAK1|TANC2|GAL|TENM2|VAT1L|BAALC|JAM3|PKDCC|UBE2QL1|TCEAL2|SESN3|SAMD5|PHGR1,-9.3,0
1,-12,M39321,M1,1,0,Cell Type Signatures,7,CUI DEVELOPING HEART VASCULAR ENDOTHELIAL CELL,,-12,5,9.6,30293,193,884,28,3.2,0.59,216|388|1277|2624|2919|3383|3726|4053|4059|4313|4792|5142|5764|6422|6498|7128|8490|9902|10763|22915|27123|27151|51655|54360|55603|55959|57493|150094,ALDH1A1|RHOB|COL1A1|GATA2|CXCL1|ICAM1|JUNB|LTBP2|BCAM|MMP2|NFKBIA|PDE4B|PTN|SFRP1|SKIL|TNFAIP3|RGS5|MRC2|NES|MMRN1|DKK2|CPAMD8|RASD1|CYTL1|TENT5A|SULF2|HEG1|SIK1,-9.3,0
1,-11,M39309,M1,1,0,Cell Type Signatures,7,CUI DEVELOPING HEART COMPACT VENTRICULAR CARDIOMYOCYTE,,-11,9,11,30293,65,884,17,1.9,0.46,230|1277|1281|1293|1410|1634|2273|3315|3576|4313|6035|7431|8404|8788|9235|9547|729993,ALDOC|COL1A1|COL3A1|COL6A3|CRYAB|DCN|FHL1|HSPB1|CXCL8|MMP2|RNASE1|VIM|SPARCL1|DLK1|IL32|CXCL14|SHISA9,-9.2,0
1,-11,M39078,M1,1,0,Cell Type Signatures,7,ZHONG PFC MAJOR TYPES NPCS,,-11,5.8,9.9,30293,142,884,24,2.7,0.55,332|699|890|891|1163|3149|3315|4085|4173|4175|4176|4288|5080|6241|6422|6658|7153|7431|9768|10606|54478|55771|83879|259266,BIRC5|BUB1|CCNA2|CCNB1|CKS1B|HMGB3|HSPB1|MAD2L1|MCM4|MCM6|MCM7|MKI67|PAX6|RRM2|SFRP1|SOX3|TOP2A|VIM|PCLAF|PAICS|PIMREG|PRR11|CDCA7|ASPM,-9.2,0
1,-11,M40292,M1,1,0,Cell Type Signatures,7,DESCARTES FETAL SPLEEN MESOTHELIAL CELLS,,-11,4.9,9.5,30293,195,884,28,3.2,0.59,467|646|1295|1993|2353|2619|3726|3855|4973|5320|5327|6236|6337|7025|8671|9985|10397|10512|10630|11096|25975|57549|57687|64399|114569|286204|387597|388135,ATF3|BNC1|COL8A1|ELAVL2|FOS|GAS1|JUNB|KRT7|OLR1|PLA2G2A|PLAT|RRAD|SCNN1A|NR2F1|SLC4A4|REC8|NDRG1|SEMA3C|PDPN|ADAMTS5|EGFL6|IGSF9|VAT1L|HHIP|MAL2|CRB2|ILDR2|INSYN1,-9.2,0
1,-11,M40222,M1,1,0,Cell Type Signatures,7,DESCARTES FETAL KIDNEY STROMAL CELLS,,-11,5.6,9.7,30293,146,884,24,2.7,0.55,1277|1281|1410|1634|2139|2596|4023|4053|4804|5354|5396|6913|8404|8788|9068|9201|11122|23452|27123|57611|64641|203447|253738|255738,COL1A1|COL3A1|CRYAB|DCN|EYA2|GAP43|LPL|LTBP2|NGFR|PLP1|PRRX1|TBX15|SPARCL1|DLK1|ANGPTL1|DCLK1|PTPRT|ANGPTL2|DKK2|ISLR2|EBF2|NRK|EBF3|PCSK9,-8.9,0
1,-11,M40304,M1,1,0,Cell Type Signatures,7,DESCARTES FETAL STOMACH STROMAL CELLS,,-11,10,11,30293,50,884,15,1.7,0.43,1264|1277|1281|1293|1634|3624|4188|6876|7291|9068|9547|57124|64641|152573|203447,CNN1|COL1A1|COL3A1|COL6A3|DCN|INHBA|MDFI|TAGLN|TWIST1|ANGPTL1|CXCL14|CD248|EBF2|SHISA3|NRK,-8.9,0
1,-11,M41659,M1,1,0,Cell Type Signatures,7,TRAVAGLINI LUNG ALVEOLAR EPITHELIAL TYPE 1 CELL,,-11,3.5,8.6,30293,391,884,40,4.5,0.7,467|1030|1282|1285|1295|1410|1906|2273|2810|2823|3315|3383|3855|3914|3918|4070|4133|4680|4739|5947|6035|6876|7048|7476|9052|9235|9780|10272|10398|10630|22979|23452|50863|51177|51330|57493|81849|84913|91461|256987,ATF3|CDKN2B|COL4A1|COL4A3|COL8A1|CRYAB|EDN1|FHL1|SFN|GPM6A|HSPB1|ICAM1|KRT7|LAMB3|LAMC2|TACSTD2|MAP2|CEACAM6|NEDD9|RBP1|RNASE1|TAGLN|TGFBR2|WNT7A|GPRC5A|IL32|PIEZO1|FSTL3|MYL9|PDPN|EFR3B|ANGPTL2|NTM|PLEKHO1|TNFRSF12A|HEG1|ST6GALNAC5|ATOH8|PKDCC|SERINC5,-8.9,0
1,-11,M39119,M1,1,0,Cell Type Signatures,7,AIZARANI LIVER C17 HEPATOCYTES 3,,-11,6.7,10,30293,102,884,20,2.3,0.5,12|336|338|345|348|727|1356|1373|1559|2147|2243|2244|2266|2267|2919|3249|5345|6288|6822|7018,SERPINA3|APOA2|APOB|APOC3|APOE|C5|CP|CPS1|CYP2C9|F2|FGA|FGB|FGG|FGL1|CXCL1|HPN|SERPINF2|SAA1|SULT2A1|TF,-8.7,0
1,-11,M39132,M1,1,0,Cell Type Signatures,7,AIZARANI LIVER C33 STELLATE CELLS 2,,-11,6,9.7,30293,126,884,22,2.5,0.52,2|463|1277|1281|1282|1410|1879|2701|3488|4131|5322|5327|5764|7168|7431|8404|8490|9378|10186|10398|23022|51655,A2M|ZFHX3|COL1A1|COL3A1|COL4A1|CRYAB|EBF1|GJA4|IGFBP5|MAP1B|PLA2G5|PLAT|PTN|TPM1|VIM|SPARCL1|RGS5|NRXN1|LHFPL6|MYL9|PALLD|RASD1,-8.6,0
1,-11,M40223,M1,1,0,Cell Type Signatures,7,DESCARTES FETAL KIDNEY METANEPHRIC CELLS,,-11,5.4,9.5,30293,152,884,24,2.7,0.55,547|846|1004|1137|4826|5800|27164|29114|56033|56896|58524|65217|79192|116372|119467|131405|140597|147111|169026|283576|340260|497190|645369|729993,KIF1A|CASR|CDH6|CHRNA4|NNAT|PTPRO|SALL3|TAGLN3|BARX1|DPYSL5|DMRT3|PCDH15|IRX1|LYPD1|CLRN3|TRIM71|TCEAL2|NOTUM|SLC30A8|ZDHHC22|UNCX|CLEC18B|TMEM200C|SHISA9,-8.6,0
1,-11,M41708,M1,1,0,Cell Type Signatures,7,FAN OVARY CL6 PUTATIVE EARLY ATRETIC FOLLICLE THECAL CELL 2,,-11,3.9,8.7,30293,300,884,34,3.8,0.65,133|216|348|388|467|664|1277|1281|1293|1410|1465|1634|2353|3488|3726|4313|4792|5178|6876|7041|7070|7168|7431|7846|8404|8722|9590|10186|10398|23022|26355|27250|55603|64094,ADM|ALDH1A1|APOE|RHOB|ATF3|BNIP3|COL1A1|COL3A1|COL6A3|CRYAB|CSRP1|DCN|FOS|IGFBP5|JUNB|MMP2|NFKBIA|PEG3|TAGLN|TGFB1I1|THY1|TPM1|VIM|TUBA1A|SPARCL1|CTSF|AKAP12|LHFPL6|MYL9|PALLD|FAM162A|PDCD4|TENT5A|SMOC2,-8.6,0
1,-11,M39290,M1,1,0,Cell Type Signatures,7,DURANTE ADULT OLFACTORY NEUROEPITHELIUM OLFACTORY ENSHEATHING GLIA,,-11,6.3,9.8,30293,115,884,21,2.4,0.51,216|348|1410|3696|4023|4684|5354|5764|6035|6319|6623|7025|7103|7431|7846|9378|9839|10085|10752|51299|57348,ALDH1A1|APOE|CRYAB|ITGB8|LPL|NCAM1|PLP1|PTN|RNASE1|SCD|SNCG|NR2F1|TSPAN8|VIM|TUBA1A|NRXN1|ZEB2|EDIL3|CHL1|NRN1|TTYH1,-8.6,0
1,-11,M39302,M1,1,0,Cell Type Signatures,7,CUI DEVELOPING HEART C5 VALVAR CELL,,-11,4.6,9.1,30293,208,884,28,3.2,0.59,196|348|467|1545|1809|1992|2273|2331|2353|2919|3488|3726|4053|4739|5396|5803|6876|7291|7846|8490|10085|10865|25891|27123|27164|29995|80149|92293,AHR|APOE|ATF3|CYP1B1|DPYSL3|SERPINB1|FHL1|FMOD|FOS|CXCL1|IGFBP5|JUNB|LTBP2|NEDD9|PRRX1|PTPRZ1|TAGLN|TWIST1|TUBA1A|RGS5|EDIL3|ARID5A|PAMR1|DKK2|SALL3|LMCD1|ZC3H12A|TMEM132C,-8.6,0
1,-11,M39017,M1,1,0,Cell Type Signatures,7,FAN EMBRYONIC CTX BIG GROUPS CAJAL RETZIUS,,-11,3.1,8.2,30293,499,884,45,5.1,0.74,664|760|1382|1410|2596|2675|2821|3488|3676|4061|4062|4914|5121|5142|5178|5334|5352|6288|6572|6616|7546|8022|8038|9435|9509|10186|11182|23544|26355|51286|51299|56884|57549|57687|58524|63950|79784|81849|84684|85416|146395|196740|253738|260293|266812,BNIP3|CA2|CRABP2|CRYAB|GAP43|GFRA2|GPI|IGFBP5|ITGA4|LY6E|LY6H|NTRK1|PCP4|PDE4B|PEG3|PLCL1|PLOD2|SAA1|SLC18A3|SNAP25|ZIC2|LHX3|ADAM12|CHST2|ADAMTS2|LHFPL6|SLC2A6|SEZ6L|FAM162A|CEND1|NRN1|FSTL5|IGSF9|VAT1L|DMRT3|DMRTA2|MYH14|ST6GALNAC5|INSM2|ZIC5|GSG1L|VSTM4|EBF3|CYP4X1|NAP1L5,-8.4,0
1,-10,M39261,M1,1,0,Cell Type Signatures,7,HU FETAL RETINA AMACRINE,,-10,8.6,11,30293,64,884,16,1.8,0.45,862|2823|4133|4826|5080|6328|7020|7021|9378|10962|11075|29106|29114|51617|79750|85397,RUNX1T1|GPM6A|MAP2|NNAT|PAX6|SCN3A|TFAP2A|TFAP2B|NRXN1|MLLT11|STMN2|SCG3|TAGLN3|NSG2|ZNF385D|RGS8,-8.3,0
1,-10,M39161,M1,1,0,Cell Type Signatures,7,GAO LARGE INTESTINE ADULT CA ENTEROENDOCRINE CELLS,,-10,3.7,8.4,30293,312,884,34,3.8,0.65,547|664|846|1996|2701|3642|3746|4131|4133|4313|4760|4821|5080|6328|6372|6570|6616|6695|6860|7276|7846|9479|9719|10814|11075|23129|29106|57687|83998|89927|114787|122786|132204|387104,KIF1A|BNIP3|CASR|ELAVL4|GJA4|INSM1|KCNC1|MAP1B|MAP2|MMP2|NEUROD1|NKX2-2|PAX6|SCN3A|CXCL6|SLC18A1|SNAP25|SPOCK1|SYT4|TTR|TUBA1A|MAPK8IP1|ADAMTSL2|CPLX2|STMN2|PLXND1|SCG3|VAT1L|REG4|BMERB1|GPRIN1|FRMD6|SYNPR|MTCL3,-8.2,0
1,-10,M39039,M1,1,0,Cell Type Signatures,7,FAN EMBRYONIC CTX BRAIN ENDOTHELIAL 1,,-10,3.2,8,30293,440,884,41,4.6,0.71,133|760|949|1000|1004|1212|1465|1879|1889|1893|1906|2791|4061|5142|5420|5947|6566|6578|7052|7122|7431|7546|7547|8404|9235|10763|10964|22795|22885|22979|23129|23657|29995|54682|57493|58494|64123|64321|94234|132299|256987,ADM|CA2|SCARB1|CDH2|CDH6|CLTB|CSRP1|EBF1|ECE1|ECM1|EDN1|GNG11|LY6E|PDE4B|PODXL|RBP1|SLC16A1|SLCO2A1|TGM2|CLDN5|VIM|ZIC2|ZIC3|SPARCL1|IL32|NES|IFI44L|NID2|ABLIM3|EFR3B|PLXND1|SLC7A11|LMCD1|MANSC1|HEG1|JAM2|ADGRL4|SOX17|FOXQ1|OCIAD2|SERINC5,-8,0
1,-10,M40013,M1,1,0,Cell Type Signatures,7,BUSSLINGER GASTRIC MATURE PIT CELLS,,-10,4.3,8.6,30293,224,884,28,3.2,0.59,230|726|760|1212|2877|3315|3914|3960|4070|4118|4582|6035|6286|6337|7031|7032|7103|11199|54502|55603|56287|79784|94234|114569|201895|340547|644844|768239,ALDOC|CAPN5|CA2|CLTB|GPX2|HSPB1|LAMB3|LGALS4|TACSTD2|MAL|MUC1|RNASE1|S100P|SCNN1A|TFF1|TFF2|TSPAN8|ANXA10|RBM47|TENT5A|GKN1|MYH14|FOXQ1|MAL2|SMIM14|VSIG1|PHGR1|PSAPL1,-7.9,0
1,-9.9,M41671,M1,1,0,Cell Type Signatures,7,TRAVAGLINI LUNG AIRWAY SMOOTH MUSCLE CELL,,-9.9,5,8.9,30293,166,884,24,2.7,0.55,230|477|1012|1264|1410|1465|1910|2307|3315|3488|3741|4059|4131|4916|6623|6876|7041|7052|7168|10398|25802|64780|79974|80097,ALDOC|ATP1A2|CDH13|CNN1|CRYAB|CSRP1|EDNRB|FOXS1|HSPB1|IGFBP5|KCNA5|BCAM|MAP1B|NTRK3|SNCG|TAGLN|TGFB1I1|TGM2|TPM1|MYL9|LMOD1|MICAL1|CPED1|MZT2B,-7.9,0
1,-9.9,M39267,M1,1,0,Cell Type Signatures,7,HU FETAL RETINA MULLER,,-9.9,11,11,30293,42,884,13,1.5,0.4,477|2173|4684|4826|5354|5803|6507|7018|7431|9068|10418|56937|57348,ATP1A2|FABP7|NCAM1|NNAT|PLP1|PTPRZ1|SLC1A3|TF|VIM|ANGPTL1|SPON1|PMEPA1|TTYH1,-7.8,0
1,-9.8,M40175,M1,1,0,Cell Type Signatures,7,DESCARTES FETAL EYE CORNEAL AND CONJUNCTIVAL EPITHELIAL CELLS,,-9.8,4.1,8.4,30293,243,884,29,3.3,0.6,467|1030|1356|1992|2810|2919|3576|3726|3855|3934|4061|4070|4582|4680|4792|5320|6286|6385|7033|9052|9518|9547|10008|10331|10551|79784|79977|81607|114569,ATF3|CDKN2B|CP|SERPINB1|SFN|CXCL1|CXCL8|JUNB|KRT7|LCN2|LY6E|TACSTD2|MUC1|CEACAM6|NFKBIA|PLA2G2A|S100P|SDC4|TFF3|GPRC5A|GDF15|CXCL14|KCNE3|B3GNT3|AGR2|MYH14|GRHL2|NECTIN4|MAL2,-7.7,0
1,-9.8,M39246,M1,1,0,Cell Type Signatures,7,LAKE ADULT KIDNEY C27 VASCULAR SMOOTH MUSCLE CELLS AND PERICYTES,,-9.8,5.1,8.8,30293,155,884,23,2.6,0.54,2|463|467|1012|1282|1607|1879|2353|3488|3726|4916|5334|6546|6876|6935|7168|8404|9590|10186|23022|23194|65065|84159,A2M|ZFHX3|ATF3|CDH13|COL4A1|DGKB|EBF1|FOS|IGFBP5|JUNB|NTRK3|PLCL1|SLC8A1|TAGLN|ZEB1|TPM1|SPARCL1|AKAP12|LHFPL6|PALLD|FBXL7|NBEAL1|ARID5B,-7.7,0
1,-9.5,M40305,M1,1,0,Cell Type Signatures,7,DESCARTES FETAL STOMACH ENS NEURONS,,-9.5,7.4,9.6,30293,74,884,16,1.8,0.45,117|1136|1641|1804|1995|1996|2596|6695|11075|23316|23544|56884|60482|65217|85300|387104,ADCYAP1R1|CHRNA3|DCX|DPP6|ELAVL3|ELAVL4|GAP43|SPOCK1|STMN2|CUX2|SEZ6L|FSTL5|SLC5A7|PCDH15|ATCAY|MTCL3,-7.4,0
1,-9,M39171,M1,1,0,Cell Type Signatures,7,MURARO PANCREAS PANCREATIC POLYPEPTIDE CELL,,-9,4.9,8.4,30293,155,884,22,2.5,0.52,1644|1809|2244|2353|4133|4760|4821|5080|5100|5446|6695|9590|11075|51655|55790|55885|57451|64798|89927|170302|389432|100463486,DDC|DPYSL3|FGB|FOS|MAP2|NEUROD1|NKX2-2|PAX6|PCDH8|PON3|SPOCK1|AKAP12|STMN2|RASD1|CSGALNACT1|LMO3|TENM2|DEPTOR|BMERB1|ARX|SAMD5|MTRNR2L8,-7,0
1,-9,M39051,M1,1,0,Cell Type Signatures,7,MANNO MIDBRAIN NEUROTYPES HMGL,,-9,2.7,7.3,30293,577,884,46,5.2,0.75,2|330|348|467|678|949|960|1075|1435|2267|3315|3383|3576|3685|3726|4023|4542|4688|4792|4821|4973|4982|5328|6886|7048|7128|7477|8403|8671|9332|9459|9780|10008|10170|10551|10630|11010|11309|22915|23657|54502|55314|55603|64798|79974|80149,A2M|BIRC3|APOE|ATF3|ZFP36L2|SCARB1|CD44|CTSC|CSF1|FGL1|HSPB1|ICAM1|CXCL8|ITGAV|JUNB|LPL|MYO1F|NCF2|NFKBIA|NKX2-2|OLR1|TNFRSF11B|PLAU|TAL1|TGFBR2|TNFAIP3|WNT7B|SOX14|SLC4A4|CD163|ARHGEF6|PIEZO1|KCNE3|DHRS9|AGR2|PDPN|GLIPR1|SLCO2B1|MMRN1|SLC7A11|RBM47|TMEM144|TENT5A|DEPTOR|CPED1|ZC3H12A,-7,0
1,-8.9,M40147,M1,1,0,Cell Type Signatures,7,DESCARTES FETAL ADRENAL SCHWANN CELLS,,-8.9,5.3,8.5,30293,129,884,20,2.3,0.5,216|477|1004|2899|4023|4804|5354|5803|6258|6900|7368|9378|10752|24141|56937|57348|116372|128414|132204|729993,ALDH1A1|ATP1A2|CDH6|GRIK3|LPL|NGFR|PLP1|PTPRZ1|RXRG|CNTN2|UGT8|NRXN1|CHL1|LAMP5|PMEPA1|TTYH1|LYPD1|NKAIN4|SYNPR|SHISA9,-7,0
1,-8.9,M39300,M1,1,0,Cell Type Signatures,7,CUI DEVELOPING HEART C3 FIBROBLAST LIKE CELL,,-8.9,5.6,8.6,30293,117,884,19,2.1,0.49,1277|1293|1634|4313|5178|5764|7045|7070|8788|9235|9509|9590|9902|10418|23452|23768|64094|64641|203447,COL1A1|COL6A3|DCN|MMP2|PEG3|PTN|TGFBI|THY1|DLK1|IL32|ADAMTS2|AKAP12|MRC2|SPON1|ANGPTL2|FLRT2|SMOC2|EBF2|NRK,-6.9,0
1,-8.9,M41666,M1,1,0,Cell Type Signatures,7,TRAVAGLINI LUNG CAPILLARY INTERMEDIATE 1 CELL,,-8.9,4.8,8.2,30293,158,884,22,2.5,0.52,760|1030|1435|1910|1992|2273|3119|3123|3127|3383|4739|5097|5155|5328|6274|7846|8609|9235|9435|10085|83700|123920,CA2|CDKN2B|CSF1|EDNRB|SERPINB1|FHL1|HLA-DQB1|HLA-DRB1|HLA-DRB5|ICAM1|NEDD9|PCDH1|PDGFB|PLAU|S100A3|TUBA1A|KLF7|IL32|CHST2|EDIL3|JAM3|CMTM3,-6.9,0
1,-8.7,M39082,M1,1,0,Cell Type Signatures,7,ZHONG PFC C9 ORG OTHER,,-8.7,6.6,8.9,30293,83,884,16,1.8,0.45,477|1301|2173|2346|3371|3696|5764|5803|6507|8277|10630|11170|50863|56892|57348|375704,ATP1A2|COL11A1|FABP7|FOLH1|TNC|ITGB8|PTN|PTPRZ1|SLC1A3|TKTL1|PDPN|FAM107A|NTM|TCIM|TTYH1|ENHO,-6.7,0
1,-8.7,M40019,M1,1,0,Cell Type Signatures,7,BUSSLINGER GASTRIC X CELLS,,-8.7,4.3,7.9,30293,191,884,24,2.7,0.55,216|467|547|2353|3249|3488|3726|4062|4131|4133|4760|4821|5947|6616|6860|7104|7276|7846|10814|11075|22915|29106|51617|170302,ALDH1A1|ATF3|KIF1A|FOS|HPN|IGFBP5|JUNB|LY6H|MAP1B|MAP2|NEUROD1|NKX2-2|RBP1|SNAP25|SYT4|TM4SF4|TTR|TUBA1A|CPLX2|STMN2|MMRN1|SCG3|NSG2|ARX,-6.7,0
1,-8.5,M41676,M1,1,0,Cell Type Signatures,7,TRAVAGLINI LUNG ALVEOLAR FIBROBLAST CELL,,-8.5,4.6,8,30293,164,884,22,2.5,0.52,2|216|960|1012|1293|1295|2273|2890|3383|3673|4118|4313|7052|7424|7791|9353|9891|9902|29995|54674|57522|256987,A2M|ALDH1A1|CD44|CDH13|COL6A3|COL8A1|FHL1|GRIA1|ICAM1|ITGA2|MAL|MMP2|TGM2|VEGFC|ZYX|SLIT2|NUAK1|MRC2|LMCD1|LRRN3|SRGAP1|SERINC5,-6.6,0
1,-8.3,M40167,M1,1,0,Cell Type Signatures,7,DESCARTES FETAL CEREBRUM VASCULAR ENDOTHELIAL CELLS,,-8.3,2.6,6.9,30293,585,884,45,5.1,0.74,133|388|1004|1030|1281|1282|1634|1906|2113|2307|2624|3315|3676|4059|4838|5097|5947|6286|6401|6566|6578|6876|6913|6932|6997|7052|7262|7291|7424|8490|26499|29775|29995|51129|51267|56892|57124|57493|64123|64321|94234|143903|150094|153579|219527,ADM|RHOB|CDH6|CDKN2B|COL3A1|COL4A1|DCN|EDN1|ETS1|FOXS1|GATA2|HSPB1|ITGA4|BCAM|NODAL|PCDH1|RBP1|S100P|SELE|SLC16A1|SLCO2A1|TAGLN|TBX15|TCF7|CRIPTO|TGM2|PHLDA2|TWIST1|VEGFC|RGS5|PLEK2|CARD10|LMCD1|ANGPTL4|CLEC1A|TCIM|CD248|HEG1|ADGRL4|SOX17|FOXQ1|LAYN|SIK1|BTNL9|LRRC55,-6.4,0
1,-8.2,M40240,M1,1,0,Cell Type Signatures,7,DESCARTES FETAL LUNG NEUROENDOCRINE CELLS,,-8.2,6.2,8.5,30293,89,884,16,1.8,0.45,429|1644|2877|3642|4760|4821|6570|7031|7276|8431|10683|29881|51655|169044|388419|644844,ASCL1|DDC|GPX2|INSM1|NEUROD1|NKX2-2|SLC18A1|TFF1|TTR|NR0B2|DLL3|NPC1L1|RASD1|COL22A1|BTBD17|PHGR1,-6.3,0
1,-8.2,M41692,M1,1,0,Cell Type Signatures,7,TRAVAGLINI LUNG MACROPHAGE CELL,,-8.2,4.1,7.6,30293,201,884,24,2.7,0.55,348|388|1075|2919|3119|3123|3127|3315|3552|3576|3624|3696|4023|4688|4973|5339|6364|6385|7045|7052|7127|7431|9332|11309,APOE|RHOB|CTSC|CXCL1|HLA-DQB1|HLA-DRB1|HLA-DRB5|HSPB1|IL1A|CXCL8|INHBA|ITGB8|LPL|NCF2|OLR1|PLEC|CCL20|SDC4|TGFBI|TGM2|TNFAIP2|VIM|CD163|SLCO2B1,-6.3,0
1,-8.1,M39079,M1,1,0,Cell Type Signatures,7,ZHONG PFC MAJOR TYPES OPC,,-8.1,6,8.3,30293,91,884,16,1.8,0.45,1910|3696|4313|4821|5142|5327|5764|5803|10215|10675|23452|23544|57348|65217|116448|128414,EDNRB|ITGB8|MMP2|NKX2-2|PDE4B|PLAT|PTN|PTPRZ1|OLIG2|CSPG5|ANGPTL2|SEZ6L|TTYH1|PCDH15|OLIG1|NKAIN4,-6.2,0
1,-7.9,M39271,M1,1,0,Cell Type Signatures,7,HU FETAL RETINA RPE,,-7.9,3.4,7.2,30293,292,884,29,3.3,0.6,348|678|949|1295|2791|3315|3488|3685|4023|5121|6035|6422|7168|7276|7431|8671|9241|10398|10491|10512|10630|10788|11170|23541|23768|54502|57687|116372|143686,APOE|ZFP36L2|SCARB1|COL8A1|GNG11|HSPB1|IGFBP5|ITGAV|LPL|PCP4|RNASE1|SFRP1|TPM1|TTR|VIM|SLC4A4|NOG|MYL9|CRTAP|SEMA3C|PDPN|IQGAP2|FAM107A|SEC14L2|FLRT2|RBM47|VAT1L|LYPD1|SESN3,-6.1,0
1,-7.9,M40028,M1,1,0,Cell Type Signatures,7,BUSSLINGER DUODENAL LATE IMMATURE ENTEROCYTES,,-7.9,4.3,7.5,30293,177,884,22,2.5,0.52,216|338|760|1559|2168|2169|3123|3158|3960|4547|6476|6822|7104|8671|10788|10917|54502|56667|79853|134147|200010|284099,ALDH1A1|APOB|CA2|CYP2C9|FABP1|FABP2|HLA-DRB1|HMGCS2|LGALS4|MTTP|SI|SULT2A1|TM4SF4|SLC4A4|IQGAP2|BTNL3|RBM47|MUC13|TM4SF20|CMBL|SLC5A9|C17orf78,-6.1,0
1,-7.9,M41663,M1,1,0,Cell Type Signatures,7,TRAVAGLINI LUNG VEIN CELL,,-7.9,9.4,9.2,30293,40,884,11,1.2,0.37,1440|1545|3383|5327|6401|6578|7128|10272|22915|56999|57211,CSF3|CYP1B1|ICAM1|PLAT|SELE|SLCO2A1|TNFAIP3|FSTL3|MMRN1|ADAMTS9|ADGRG6,-6,0
1,-7.7,M39148,M1,1,0,Cell Type Signatures,7,GAO SMALL INTESTINE 24W C4 ENTEROCYTE PROGENITOR SUBTYPE 2,,-7.7,5.7,8,30293,97,884,16,1.8,0.45,337|338|345|1244|1644|2169|2705|7052|8431|9235|55314|56667|79853|132299|200010|339221,APOA4|APOB|APOC3|ABCC2|DDC|FABP2|GJB1|TGM2|NR0B2|IL32|TMEM144|MUC13|TM4SF20|OCIAD2|SLC5A9|ENPP7,-5.8,0
1,-7.6,M40140,M1,1,0,Cell Type Signatures,7,DESCARTES MAIN FETAL GOBLET CELLS,,-7.6,7.9,8.6,30293,52,884,12,1.4,0.39,1440|4586|6374|7032|9052|10551|10690|11199|94234|144347|192134|340547,CSF3|MUC5AC|CXCL5|TFF2|GPRC5A|AGR2|FUT9|ANXA10|FOXQ1|RFLNA|B3GNT6|VSIG1,-5.8,0
1,-7.5,M39152,M1,1,0,Cell Type Signatures,7,GAO LARGE INTESTINE 24W C1 DCLK1POS PROGENITOR,,-7.5,5.5,7.8,30293,99,884,16,1.8,0.45,1277|1281|1295|1435|1634|2675|3383|4313|4609|4804|6422|9509|9902|10418|10630|25891,COL1A1|COL3A1|COL8A1|CSF1|DCN|GFRA2|ICAM1|MMP2|MYC|NGFR|SFRP1|ADAMTS2|MRC2|SPON1|PDPN|PAMR1,-5.7,0
1,-7.5,M41716,M1,1,0,Cell Type Signatures,7,FAN OVARY CL14 MATURE SMOOTH MUSCLE CELL,,-7.5,3.2,6.9,30293,306,884,29,3.3,0.6,2|388|467|960|1410|1465|1879|2353|3315|3488|3726|4059|4131|5764|6876|7041|7168|7262|7846|8404|8490|9260|10186|10398|10865|23022|25802|51655|400916,A2M|RHOB|ATF3|CD44|CRYAB|CSRP1|EBF1|FOS|HSPB1|IGFBP5|JUNB|BCAM|MAP1B|PTN|TAGLN|TGFB1I1|TPM1|PHLDA2|TUBA1A|SPARCL1|RGS5|PDLIM7|LHFPL6|MYL9|ARID5A|PALLD|LMOD1|RASD1|CHCHD10,-5.7,0
1,-7.4,M41673,M1,1,0,Cell Type Signatures,7,TRAVAGLINI LUNG MYOFIBROBLAST CELL,,-7.4,6.9,8.2,30293,65,884,13,1.5,0.4,1277|1281|3371|4053|4313|4739|7045|7103|7431|9547|25891|50863|147111,COL1A1|COL3A1|TNC|LTBP2|MMP2|NEDD9|TGFBI|TSPAN8|VIM|CXCL14|PAMR1|NTM|NOTUM,-5.6,0
1,-7.3,M40188,M1,1,0,Cell Type Signatures,7,DESCARTES FETAL EYE ASTROCYTES,,-7.3,9.5,8.9,30293,36,884,10,1.1,0.36,3371|4825|4982|5076|6658|7545|9201|55885|84107|497190,TNC|NKX6-1|TNFRSF11B|PAX2|SOX3|ZIC1|DCLK1|LMO3|ZIC4|CLEC18B,-5.5,0
1,-7.3,M39102,M1,1,0,Cell Type Signatures,7,ZHONG PFC C3 ASTROCYTE,,-7.3,2.9,6.6,30293,389,884,33,3.7,0.64,862|1809|1993|1995|2596|4023|4173|4176|4684|6328|6352|6511|6664|6860|7068|7122|9435|9839|10512|22979|23768|27328|51617|55530|56917|63929|64780|85300|91584|134829|340533|440270|494470,RUNX1T1|DPYSL3|ELAVL2|ELAVL3|GAP43|LPL|MCM4|MCM7|NCAM1|SCN3A|CCL5|SLC1A6|SOX11|SYT4|THRB|CLDN5|CHST2|ZEB2|SEMA3C|EFR3B|FLRT2|PCDH11X|NSG2|SVOP|MEIS3|XPNPEP3|MICAL1|ATCAY|PLXNA4|CLVS2|NEXMIF|GOLGA8B|ARK2C,-5.5,0
1,-7.3,M39301,M1,1,0,Cell Type Signatures,7,CUI DEVELOPING HEART C4 ENDOTHELIAL CELL,,-7.3,4.5,7.3,30293,146,884,19,2.1,0.49,1879|1889|1910|2004|2113|2701|2791|4061|4478|4907|5420|6578|6623|7052|22915|23129|51129|56999|57211,EBF1|ECE1|EDNRB|ELK3|ETS1|GJA4|GNG11|LY6E|MSN|NT5E|PODXL|SLCO2A1|SNCG|TGM2|MMRN1|PLXND1|ANGPTL4|ADAMTS9|ADGRG6,-5.5,0
1,-7.2,M39277,M1,1,0,Cell Type Signatures,7,DURANTE ADULT OLFACTORY NEUROEPITHELIUM PERICYTES,,-7.2,6.1,7.8,30293,79,884,14,1.6,0.42,2|1906|2791|5327|5420|6401|7048|7122|7431|8404|29995|58494|64123|64321,A2M|EDN1|GNG11|PLAT|PODXL|SELE|TGFBR2|CLDN5|VIM|SPARCL1|LMCD1|JAM2|ADGRL4|SOX17,-5.4,0
1,-7.2,M40153,M1,1,0,Cell Type Signatures,7,DESCARTES FETAL ADRENAL CHROMAFFIN CELLS,,-7.2,4.9,7.4,30293,119,884,17,1.9,0.46,114|238|1271|1993|2596|4131|4914|10962|22895|51083|54715|84684|91584|92293|121643|170685|402665,ADCY8|ALK|CNTFR|ELAVL2|GAP43|MAP1B|NTRK1|MLLT11|RPH3A|GAL|RBFOX1|INSM2|PLXNA4|TMEM132C|FOXN4|NUDT10|IGLON5,-5.4,0
1,-7.1,M41697,M1,1,0,Cell Type Signatures,7,TRAVAGLINI LUNG EREG DENDRITIC CELL,,-7.1,2.5,6.3,30293,579,884,42,4.8,0.72,2|196|388|467|960|2004|2353|3119|3123|3127|3383|3576|3685|4688|4973|5045|5142|5328|5339|6035|6364|6385|6498|6507|7045|7128|7262|7791|8728|9260|9332|9590|9839|11010|11309|51129|51330|54502|57514|80149|123920|100463486,A2M|AHR|RHOB|ATF3|CD44|ELK3|FOS|HLA-DQB1|HLA-DRB1|HLA-DRB5|ICAM1|CXCL8|ITGAV|NCF2|OLR1|FURIN|PDE4B|PLAU|PLEC|RNASE1|CCL20|SDC4|SKIL|SLC1A3|TGFBI|TNFAIP3|PHLDA2|ZYX|ADAM19|PDLIM7|CD163|AKAP12|ZEB2|GLIPR1|SLCO2B1|ANGPTL4|TNFRSF12A|RBM47|ARHGAP31|ZC3H12A|CMTM3|MTRNR2L8,-5.4,0
1,-7.1,M39117,M1,1,0,Cell Type Signatures,7,AIZARANI LIVER C13 LSECS 2,,-7.1,3.3,6.6,30293,283,884,27,3.1,0.58,2|133|1282|1889|1906|1910|2004|2701|2791|4739|4858|6035|6578|7025|7048|7052|7122|8609|9590|9891|10964|11170|23129|56892|57493|64123|153579,A2M|ADM|COL4A1|ECE1|EDN1|EDNRB|ELK3|GJA4|GNG11|NEDD9|NOVA2|RNASE1|SLCO2A1|NR2F1|TGFBR2|TGM2|CLDN5|KLF7|AKAP12|NUAK1|IFI44L|FAM107A|PLXND1|TCIM|HEG1|ADGRL4|BTNL9,-5.3,0
1,-7.1,M41719,M1,1,0,Cell Type Signatures,7,FAN OVARY CL17 PUTATIVE APOPTOTIC SMOOTH MUSCLE CELL,,-7.1,3.6,6.8,30293,231,884,24,2.7,0.55,2|463|467|960|1264|1282|1410|1465|2701|3315|4059|4131|4478|5764|6876|7168|7262|8490|9590|10398|10865|51177|51330|84159,A2M|ZFHX3|ATF3|CD44|CNN1|COL4A1|CRYAB|CSRP1|GJA4|HSPB1|BCAM|MAP1B|MSN|PTN|TAGLN|TPM1|PHLDA2|RGS5|AKAP12|MYL9|ARID5A|PLEKHO1|TNFRSF12A|ARID5B,-5.3,0
1,-7,M41660,M1,1,0,Cell Type Signatures,7,TRAVAGLINI LUNG ALVEOLAR EPITHELIAL TYPE 2 CELL,,-7,4.5,7.2,30293,136,884,18,2,0.48,760|960|1361|1440|1910|1992|2266|3123|3772|4023|4478|4582|4792|6319|27289|64399|84152|151126,CA2|CD44|CPB2|CSF3|EDNRB|SERPINB1|FGG|HLA-DRB1|KCNJ15|LPL|MSN|MUC1|NFKBIA|SCD|RND1|HHIP|PPP1R1B|ZNF385B,-5.3,0
1,-6.8,M40303,M1,1,0,Cell Type Signatures,7,DESCARTES FETAL STOMACH GOBLET CELLS,,-6.8,15,9.7,30293,16,884,7,0.79,0.3,768|1440|2919|4586|6374|7032|56287,CA9|CSF3|CXCL1|MUC5AC|CXCL5|TFF2|GKN1,-5.1,0
1,-6.8,M39322,M1,1,0,Cell Type Signatures,7,CUI DEVELOPING HEART VALVAR ENDOTHELIAL CELL,,-6.8,4.4,7,30293,141,884,18,2,0.48,467|960|1410|1545|1992|2919|3488|3576|5320|5327|6364|7103|8490|10085|10865|23452|27123|150094,ATF3|CD44|CRYAB|CYP1B1|SERPINB1|CXCL1|IGFBP5|CXCL8|PLA2G2A|PLAT|CCL20|TSPAN8|RGS5|EDIL3|ARID5A|ANGPTL2|DKK2|SIK1,-5.1,0
1,-6.7,M40027,M1,1,0,Cell Type Signatures,7,BUSSLINGER DUODENAL EARLY IMMATURE ENTEROCYTES,,-6.7,4.9,7.1,30293,113,884,16,1.8,0.45,216|760|1373|1644|2168|2169|3158|3417|3960|4547|6476|7103|8671|10397|134147|400916,ALDH1A1|CA2|CPS1|DDC|FABP1|FABP2|HMGCS2|IDH1|LGALS4|MTTP|SI|TSPAN8|SLC4A4|NDRG1|CMBL|CHCHD10,-5,0
1,-6.7,M40011,M1,1,0,Cell Type Signatures,7,BUSSLINGER GASTRIC METALLOTHIONEIN CELLS,,-6.7,5.1,7.2,30293,100,884,15,1.7,0.43,216|760|768|4496|4582|6035|6286|7032|7103|10397|10551|10788|11199|114569|340547,ALDH1A1|CA2|CA9|MT1H|MUC1|RNASE1|S100P|TFF2|TSPAN8|NDRG1|AGR2|IQGAP2|ANXA10|MAL2|VSIG1,-5,0
1,-6.7,M39108,M1,1,0,Cell Type Signatures,7,AIZARANI LIVER C4 EPCAM POS BILE DUCT CELLS 1,,-6.7,3.8,6.7,30293,191,884,21,2.4,0.51,338|388|467|760|1000|1361|1410|3026|3696|3698|3855|3960|4070|6372|6385|7104|8671|9518|27346|51330|56937,APOB|RHOB|ATF3|CA2|CDH2|CPB2|CRYAB|HABP2|ITGB8|ITIH2|KRT7|LGALS4|TACSTD2|CXCL6|SDC4|TM4SF4|SLC4A4|GDF15|TMEM97|TNFRSF12A|PMEPA1,-5,0
1,-6.7,M41747,M1,1,0,Cell Type Signatures,7,RUBENSTEIN SKELETAL MUSCLE PCV ENDOTHELIAL CELLS,,-6.7,3.5,6.5,30293,225,884,23,2.6,0.54,678|1075|2004|2791|3119|3123|3315|4059|4061|4739|4792|5327|6623|7048|8404|9891|10397|10491|29995|51299|58494|64123|132299,ZFP36L2|CTSC|ELK3|GNG11|HLA-DQB1|HLA-DRB1|HSPB1|BCAM|LY6E|NEDD9|NFKBIA|PLAT|SNCG|TGFBR2|SPARCL1|NUAK1|NDRG1|CRTAP|LMCD1|NRN1|JAM2|ADGRL4|OCIAD2,-5,0
1,-6.6,M40247,M1,1,0,Cell Type Signatures,7,DESCARTES FETAL LUNG VASCULAR ENDOTHELIAL CELLS,,-6.6,7.2,7.8,30293,52,884,11,1.2,0.37,1906|2307|6274|6401|11082|51267|54492|56892|57101|58494|153579,EDN1|FOXS1|S100A3|SELE|ESM1|CLEC1A|NEURL1B|TCIM|ANO2|JAM2|BTNL9,-4.9,0
1,-6.6,M40220,M1,1,0,Cell Type Signatures,7,DESCARTES FETAL KIDNEY URETERIC BUD CELLS,,-6.6,3.1,6.3,30293,300,884,27,3.1,0.58,216|2877|3158|3694|3855|3914|4070|4316|4582|5456|6286|6623|7020|7477|7484|10331|54894|79784|79977|81607|94234|114569|150696|220382|340120|341277|346606,ALDH1A1|GPX2|HMGCS2|ITGB6|KRT7|LAMB3|TACSTD2|MMP7|MUC1|POU3F4|S100P|SNCG|TFAP2A|WNT7B|WNT9B|B3GNT3|RNF43|MYH14|GRHL2|NECTIN4|FOXQ1|MAL2|PROM2|FAM181B|ANKRD34B|OVCH2|MOGAT3,-4.9,0
1,-6.5,M39303,M1,1,0,Cell Type Signatures,7,CUI DEVELOPING HEART C6 EPICARDIAL CELL,,-6.5,3.7,6.5,30293,195,884,21,2.4,0.51,646|768|2823|3696|3855|4061|5320|5352|6566|6860|8671|9985|10512|10630|23768|55959|64094|79170|84159|114569|140597,BNC1|CA9|GPM6A|ITGB8|KRT7|LY6E|PLA2G2A|PLOD2|SLC16A1|SYT4|SLC4A4|REC8|SEMA3C|PDPN|FLRT2|SULF2|SMOC2|PRR15L|ARID5B|MAL2|TCEAL2,-4.8,0
1,-6.5,M39113,M1,1,0,Cell Type Signatures,7,AIZARANI LIVER C9 LSECS 1,,-6.5,3,6.2,30293,304,884,27,3.1,0.58,133|1012|1282|1889|1893|1906|2273|2791|4131|4858|5155|6886|6935|7025|7052|8609|9590|9891|10964|11170|22915|51129|56892|56999|64123|84969|153579,ADM|CDH13|COL4A1|ECE1|ECM1|EDN1|FHL1|GNG11|MAP1B|NOVA2|PDGFB|TAL1|ZEB1|NR2F1|TGM2|KLF7|AKAP12|NUAK1|IFI44L|FAM107A|MMRN1|ANGPTL4|TCIM|ADAMTS9|ADGRL4|TOX2|BTNL9,-4.8,0
1,-6.3,M40263,M1,1,0,Cell Type Signatures,7,DESCARTES FETAL PANCREAS ISLET ENDOCRINE CELLS,,-6.3,3.9,6.5,30293,168,884,19,2.1,0.49,1644|1852|2139|4760|4821|5080|5126|7276|50674|54550|81706|81849|84435|91464|169026|170302|388419|644844|100507043,DDC|DUSP9|EYA2|NEUROD1|NKX2-2|PAX6|PCSK2|TTR|NEUROG3|NECAB2|PPP1R14C|ST6GALNAC5|ADGRA1|ISX|SLC30A8|ARX|BTBD17|PHGR1|TUNAR,-4.6,0
1,-6.3,M39270,M1,1,0,Cell Type Signatures,7,HU FETAL RETINA RPC,,-6.3,4.8,6.8,30293,107,884,15,1.7,0.43,216|1163|4085|4173|4176|7153|7401|7431|7546|9768|27151|54478|83879|121643|338917,ALDH1A1|CKS1B|MAD2L1|MCM4|MCM7|TOP2A|CLRN1|VIM|ZIC2|PCLAF|CPAMD8|PIMREG|CDCA7|FOXN4|VSX2,-4.6,0
1,-6.3,M39296,M1,1,0,Cell Type Signatures,7,DURANTE ADULT OLFACTORY NEUROEPITHELIUM GLOBOSE BASAL CELLS,,-6.3,8.8,8,30293,35,884,9,1,0.34,1995|1996|4131|4760|4807|5947|6664|7846|11075,ELAVL3|ELAVL4|MAP1B|NEUROD1|NHLH1|RBP1|SOX11|TUBA1A|STMN2,-4.6,0
1,-6.2,M40151,M1,1,0,Cell Type Signatures,7,DESCARTES FETAL ADRENAL STROMAL CELLS,,-6.2,4,6.5,30293,153,884,18,2,0.48,1277|1281|1293|1545|1634|2307|2331|2736|5322|5396|6876|25891|27123|57124|64399|79750|253738|260293,COL1A1|COL3A1|COL6A3|CYP1B1|DCN|FOXS1|FMOD|GLI2|PLA2G5|PRRX1|TAGLN|PAMR1|DKK2|CD248|HHIP|ZNF385D|EBF3|CYP4X1,-4.6,0
1,-6.2,M39041,M1,1,0,Cell Type Signatures,7,FAN EMBRYONIC CTX MICROGLIA 1,,-6.2,4,6.4,30293,155,884,18,2,0.48,332|699|890|891|1163|4085|4288|5347|6241|7083|7153|9768|9918|10112|54478|55771|128239|259266,BIRC5|BUB1|CCNA2|CCNB1|CKS1B|MAD2L1|MKI67|PLK1|RRM2|TK1|TOP2A|PCLAF|NCAPD2|KIF20A|PIMREG|PRR11|IQGAP3|ASPM,-4.5,0
1,-6.1,M40213,M1,1,0,Cell Type Signatures,7,DESCARTES FETAL INTESTINE ENS GLIA,,-6.1,6.5,7.3,30293,58,884,11,1.2,0.37,12|477|2899|4885|5354|5803|7020|24141|57348|132204|169044,SERPINA3|ATP1A2|GRIK3|NPTX2|PLP1|PTPRZ1|TFAP2A|LAMP5|TTYH1|SYNPR|COL22A1,-4.5,0
1,-6.1,M39278,M1,1,0,Cell Type Signatures,7,DURANTE ADULT OLFACTORY NEUROEPITHELIUM SUSTENTACULAR CELLS,,-6.1,7.3,7.5,30293,47,884,10,1.1,0.36,2919|3576|3934|4582|4586|5266|6286|7033|7103|10551,CXCL1|CXCL8|LCN2|MUC1|MUC5AC|PI3|S100P|TFF3|TSPAN8|AGR2,-4.5,0
1,-6,M39095,M1,1,0,Cell Type Signatures,7,ZHONG PFC C8 UNKNOWN NEUROD2 POS INTERNEURON,,-6,5.3,6.8,30293,84,884,13,1.5,0.4,117|2596|4023|4753|6319|6695|6860|10512|27319|54715|55351|55816|91584,ADCYAP1R1|GAP43|LPL|NELL2|SCD|SPOCK1|SYT4|SEMA3C|BHLHE22|RBFOX1|STK32B|DOK5|PLXNA4,-4.4,0
1,-6,M40018,M1,1,0,Cell Type Signatures,7,BUSSLINGER GASTRIC G CELLS,,-6,4.9,6.7,30293,98,884,14,1.6,0.42,547|1644|3417|3642|4131|4760|4821|5080|5126|7033|7104|29106|170302|389432,KIF1A|DDC|IDH1|INSM1|MAP1B|NEUROD1|NKX2-2|PAX6|PCSK2|TFF3|TM4SF4|SCG3|ARX|SAMD5,-4.4,0
1,-6,M40307,M1,1,0,Cell Type Signatures,7,DESCARTES FETAL STOMACH ENS GLIA,,-6,7.1,7.4,30293,48,884,10,1.1,0.36,477|1410|1910|5354|5803|7020|9378|9745|10752|128414,ATP1A2|CRYAB|EDNRB|PLP1|PTPRZ1|TFAP2A|NRXN1|ZNF536|CHL1|NKAIN4,-4.4,0
1,-5.9,M39155,M1,1,0,Cell Type Signatures,7,GAO LARGE INTESTINE 24W C5 LGR5POS STEM CELL,,-5.9,6.3,7.1,30293,60,884,11,1.2,0.37,1644|2705|2810|2877|5729|7103|9075|9518|83879|84152|255738,DDC|GJB1|SFN|GPX2|PTGDR|TSPAN8|CLDN2|GDF15|CDCA7|PPP1R1B|PCSK9,-4.3,0
1,-5.9,M39262,M1,1,0,Cell Type Signatures,7,HU FETAL RETINA BIPOLAR,,-5.9,5.2,6.7,30293,86,884,13,1.5,0.4,2823|4760|4826|6616|7018|7021|30813|56884|56978|58158|81832|151126|338917,GPM6A|NEUROD1|NNAT|SNAP25|TF|TFAP2B|VSX1|FSTL5|PRDM8|NEUROD4|NETO1|ZNF385B|VSX2,-4.3,0
1,-5.8,M40203,M1,1,0,Cell Type Signatures,7,DESCARTES FETAL HEART VISCERAL NEURONS,,-5.8,5.1,6.7,30293,87,884,13,1.5,0.4,1136|1143|1621|1644|1993|1996|6570|6572|10586|51083|54550|60482|196500,CHRNA3|CHRNB4|DBH|DDC|ELAVL2|ELAVL4|SLC18A1|SLC18A3|MAB21L2|GAL|NECAB2|SLC5A7|PIANP,-4.2,0
1,-5.8,M40316,M1,1,0,Cell Type Signatures,7,DESCARTES FETAL THYMUS VASCULAR ENDOTHELIAL CELLS,,-5.8,4.2,6.3,30293,131,884,16,1.8,0.45,2|1282|2004|2701|4059|4858|5420|7052|7122|9891|22885|22915|51299|56999|57101|64123,A2M|COL4A1|ELK3|GJA4|BCAM|NOVA2|PODXL|TGM2|CLDN5|NUAK1|ABLIM3|MMRN1|NRN1|ADAMTS9|ANO2|ADGRL4,-4.2,0
1,-5.8,M40201,M1,1,0,Cell Type Signatures,7,DESCARTES FETAL HEART SATB2 LRRC7 POSITIVE CELLS,,-5.8,4.4,6.4,30293,116,884,15,1.7,0.43,2173|2567|2913|4753|4760|5455|6664|9951|10690|27319|27328|50863|55816|55885|85508,FABP7|GABRG3|GRM3|NELL2|NEUROD1|POU3F3|SOX11|HS3ST4|FUT9|BHLHE22|PCDH11X|NTM|DOK5|LMO3|SCRT2,-4.2,0
1,-5.8,M40281,M1,1,0,Cell Type Signatures,7,DESCARTES FETAL PLACENTA IGFBP1 DKK1 POSITIVE CELLS,,-5.8,4.4,6.4,30293,116,884,15,1.7,0.43,1545|1804|2619|3236|3488|3552|4914|5947|6274|6695|7044|7070|55959|57124|92293,CYP1B1|DPP6|GAS1|HOXD10|IGFBP5|IL1A|NTRK1|RBP1|S100A3|SPOCK1|LEFTY2|THY1|SULF2|CD248|TMEM132C,-4.2,0
1,-5.8,M39259,M1,1,0,Cell Type Signatures,7,MENON FETAL KIDNEY 9 ENDOTHELIAL CELLS,,-5.8,4.7,6.5,30293,102,884,14,1.6,0.42,2|1282|2113|2791|3488|4288|4478|6035|7048|7070|7122|10763|56892|64123,A2M|COL4A1|ETS1|GNG11|IGFBP5|MKI67|MSN|RNASE1|TGFBR2|THY1|CLDN5|NES|TCIM|ADGRL4,-4.2,0
1,-5.8,M41655,M1,1,0,Cell Type Signatures,7,TRAVAGLINI LUNG GOBLET CELL,,-5.8,3.9,6.2,30293,148,884,17,1.9,0.46,1075|1356|1382|1889|2919|3855|3934|5420|6286|6372|7052|7103|8671|10170|10331|10551|10752,CTSC|CP|CRABP2|ECE1|CXCL1|KRT7|LCN2|PODXL|S100P|CXCL6|TGM2|TSPAN8|SLC4A4|DHRS9|B3GNT3|AGR2|CHL1,-4.2,0
1,-5.8,M40251,M1,1,0,Cell Type Signatures,7,DESCARTES FETAL MUSCLE SCHWANN CELLS,,-5.8,4.4,6.4,30293,117,884,15,1.7,0.43,577|1000|2899|3696|4118|5126|5354|5803|6607|7020|7368|10752|27133|56884|57348,ADGRB3|CDH2|GRIK3|ITGB8|MAL|PCSK2|PLP1|PTPRZ1|SMN2|TFAP2A|UGT8|CHL1|KCNH5|FSTL5|TTYH1,-4.2,0
1,-5.7,M40024,M1,1,0,Cell Type Signatures,7,BUSSLINGER DUODENAL STEM CELLS,,-5.7,2.9,5.7,30293,311,884,26,2.9,0.57,467|678|768|960|1373|1906|2091|2353|2650|2877|3158|4176|7103|9518|10128|10551|51142|54894|55612|56997|64094|83879|84152|84159|91461|401546,ATF3|ZFP36L2|CA9|CD44|CPS1|EDN1|FBL|FOS|GCNT1|GPX2|HMGCS2|MCM7|TSPAN8|GDF15|LRPPRC|AGR2|CHCHD2|RNF43|FERMT1|COQ8A|SMOC2|CDCA7|PPP1R1B|ARID5B|PKDCC|C9orf152,-4.2,0
1,-5.7,M40112,M1,1,0,Cell Type Signatures,7,DESCARTES MAIN FETAL INTESTINAL EPITHELIAL CELLS,,-5.7,5,6.6,30293,89,884,13,1.5,0.4,337|1045|1179|4547|4583|6476|10917|55018|79814|283985|339221|346606|646625,APOA4|CDX2|CLCA1|MTTP|MUC2|SI|BTNL3|ANKRD40CL|AGMAT|FADS6|ENPP7|MOGAT3|URAD,-4.1,0
1,-5.7,M41700,M1,1,0,Cell Type Signatures,7,TRAVAGLINI LUNG OLR1 CLASSICAL MONOCYTE CELL,,-5.7,2.1,5.3,30293,726,884,45,5.1,0.74,133|196|467|960|1889|1992|2004|2353|2919|3383|3552|3576|3685|4478|4688|4792|4973|5045|5142|5339|6364|6498|6507|7045|7122|7127|7128|7185|7262|7431|7791|8728|9260|9332|9839|10397|11182|51129|54502|56937|57514|80149|116448|170954|100463486,ADM|AHR|ATF3|CD44|ECE1|SERPINB1|ELK3|FOS|CXCL1|ICAM1|IL1A|CXCL8|ITGAV|MSN|NCF2|NFKBIA|OLR1|FURIN|PDE4B|PLEC|CCL20|SKIL|SLC1A3|TGFBI|CLDN5|TNFAIP2|TNFAIP3|TRAF1|PHLDA2|VIM|ZYX|ADAM19|PDLIM7|CD163|ZEB2|NDRG1|SLC2A6|ANGPTL4|RBM47|PMEPA1|ARHGAP31|ZC3H12A|OLIG1|PPP1R18|MTRNR2L8,-4.1,0
1,-5.6,M40275,M1,1,0,Cell Type Signatures,7,DESCARTES FETAL PLACENTA PAEP MECOM POSITIVE CELLS,,-5.6,3.6,6,30293,169,884,18,2,0.48,1356|2810|3776|3914|3934|4070|4118|4582|5076|6337|7368|10551|51655|55816|64798|80115|91461|374407,CP|SFN|KCNK2|LAMB3|LCN2|TACSTD2|MAL|MUC1|PAX2|SCNN1A|UGT8|AGR2|RASD1|DOK5|DEPTOR|BAIAP2L2|PKDCC|DNAJB13,-4,0
1,-5.5,M39139,M1,1,0,Cell Type Signatures,7,GAO ESOPHAGUS 25W C4 FGFR1HIGH EPITHELIAL CELLS,,-5.5,3.3,5.8,30293,208,884,20,2.3,0.5,649|760|1545|2619|2846|4313|4330|5045|8788|9509|10186|23768|25891|55314|58494|83700|91461|123920|196500|196740,BMP1|CA2|CYP1B1|GAS1|LPAR4|MMP2|MN1|FURIN|DLK1|ADAMTS2|LHFPL6|FLRT2|PAMR1|TMEM144|JAM2|JAM3|PKDCC|CMTM3|PIANP|VSTM4,-3.9,0
1,-5.4,M39080,M1,1,0,Cell Type Signatures,7,ZHONG PFC C7 ORG UNDERGOING NEURONAL DIFFERENTIATION,,-5.4,5.6,6.6,30293,67,884,11,1.2,0.37,862|1804|2042|10397|10512|10752|10788|50863|54715|57211|57522,RUNX1T1|DPP6|EPHA3|NDRG1|SEMA3C|CHL1|IQGAP2|NTM|RBFOX1|ADGRG6|SRGAP1,-3.9,0
1,-5.4,M41670,M1,1,0,Cell Type Signatures,7,TRAVAGLINI LUNG LYMPHATIC CELL,,-5.4,3.3,5.7,30293,209,884,20,2.3,0.5,2004|2318|2823|3315|3488|4131|4313|6422|6623|7025|7033|7045|9423|9590|10630|11309|22915|84159|122786|143903,ELK3|FLNC|GPM6A|HSPB1|IGFBP5|MAP1B|MMP2|SFRP1|SNCG|NR2F1|TFF3|TGFBI|NTN1|AKAP12|PDPN|SLCO2B1|MMRN1|ARID5B|FRMD6|LAYN,-3.9,0
1,-5.4,M40031,M1,1,0,Cell Type Signatures,7,BUSSLINGER DUODENAL GOBLET CELLS,,-5.4,13,8.2,30293,16,884,6,0.68,0.28,1179|4583|6035|7033|10551|83998,CLCA1|MUC2|RNASE1|TFF3|AGR2|REG4,-3.9,0
1,-5.3,M40199,M1,1,0,Cell Type Signatures,7,DESCARTES FETAL HEART STROMAL CELLS,,-5.3,8.1,7.1,30293,34,884,8,0.9,0.32,1277|1634|2846|4885|5764|9068|9509|203447,COL1A1|DCN|LPAR4|NPTX2|PTN|ANGPTL1|ADAMTS2|NRK,-3.8,0
1,-5.3,M41750,M1,1,0,Cell Type Signatures,7,RUBENSTEIN SKELETAL MUSCLE FBN1 FAP CELLS,,-5.3,2.8,5.5,30293,289,884,24,2.7,0.55,678|1163|1277|1281|1293|1634|1879|2273|2619|3488|4313|5320|5396|7127|7431|7791|7846|9590|10512|11096|26509|50863|57124|201895,ZFP36L2|CKS1B|COL1A1|COL3A1|COL6A3|DCN|EBF1|FHL1|GAS1|IGFBP5|MMP2|PLA2G2A|PRRX1|TNFAIP2|VIM|ZYX|TUBA1A|AKAP12|SEMA3C|ADAMTS5|MYOF|NTM|CD248|SMIM14,-3.8,0
1,-5.3,M41744,M1,1,0,Cell Type Signatures,7,RUBENSTEIN SKELETAL MUSCLE PERICYTES,,-5.3,3.8,5.9,30293,144,884,16,1.8,0.45,388|960|1281|1282|1293|2701|4023|6623|6876|7168|7846|8404|8490|10186|10398|400916,RHOB|CD44|COL3A1|COL4A1|COL6A3|GJA4|LPL|SNCG|TAGLN|TPM1|TUBA1A|SPARCL1|RGS5|LHFPL6|MYL9|CHCHD10,-3.8,0
1,-5.2,M39168,M1,1,0,Cell Type Signatures,7,MURARO PANCREAS ALPHA CELL,,-5.2,2.2,5.1,30293,568,884,37,4.2,0.67,216|1804|2650|3149|3741|4760|5080|5126|6616|6860|7068|7104|7276|7846|9378|9985|10085|10814|10962|11075|11122|22915|23022|23544|29106|51617|54855|55603|55790|56667|56884|79192|140597|143686|169026|170302|100507043,ALDH1A1|DPP6|GCNT1|HMGB3|KCNA5|NEUROD1|PAX6|PCSK2|SNAP25|SYT4|THRB|TM4SF4|TTR|TUBA1A|NRXN1|REC8|EDIL3|CPLX2|MLLT11|STMN2|PTPRT|MMRN1|PALLD|SEZ6L|SCG3|NSG2|TENT5C|TENT5A|CSGALNACT1|MUC13|FSTL5|IRX1|TCEAL2|SESN3|SLC30A8|ARX|TUNAR,-3.7,0
1,-5.2,M41678,M1,1,0,Cell Type Signatures,7,TRAVAGLINI LUNG PERICYTE CELL,,-5.2,4.2,6,30293,114,884,14,1.6,0.42,348|1004|1282|1879|2701|2977|4023|5097|5764|8490|9435|10397|25975|57211,APOE|CDH6|COL4A1|EBF1|GJA4|GUCY1A2|LPL|PCDH1|PTN|RGS5|CHST2|NDRG1|EGFL6|ADGRG6,-3.7,0
1,-5.2,M39268,M1,1,0,Cell Type Signatures,7,HU FETAL RETINA PHOTORECEPTOR,,-5.2,5.3,6.3,30293,71,884,11,1.2,0.37,2173|2353|4760|4826|5803|6616|7015|10397|50863|56884|58158,FABP7|FOS|NEUROD1|NNAT|PTPRZ1|SNAP25|TERT|NDRG1|NTM|FSTL5|NEUROD4,-3.7,0
1,-5.2,M40145,M1,1,0,Cell Type Signatures,7,DESCARTES FETAL ADRENAL CSH1 CSH2 POSITIVE CELLS,,-5.2,3.1,5.5,30293,218,884,20,2.3,0.5,467|1373|1852|3624|3694|3855|4973|6286|7052|7262|8038|9518|26266|27328|51330|55655|79977|80704|81607|729857,ATF3|CPS1|DUSP9|INHBA|ITGB6|KRT7|OLR1|S100P|TGM2|PHLDA2|ADAM12|GDF15|SLC13A4|PCDH11X|TNFRSF12A|NLRP2|GRHL2|SLC19A3|NECTIN4|RGPD2,-3.6,0
1,-5.1,M39121,M1,1,0,Cell Type Signatures,7,AIZARANI LIVER C20 LSECS 3,,-5.1,2.8,5.4,30293,295,884,24,2.7,0.55,133|1282|3383|4131|4792|6886|6935|7025|7052|8609|9052|9590|9839|10397|11170|51129|56892|56999|57522|64123|64321|83700|84969|153579,ADM|COL4A1|ICAM1|MAP1B|NFKBIA|TAL1|ZEB1|NR2F1|TGM2|KLF7|GPRC5A|AKAP12|ZEB2|NDRG1|FAM107A|ANGPTL4|TCIM|ADAMTS9|SRGAP1|ADGRL4|SOX17|JAM3|TOX2|BTNL9,-3.6,0
1,-5.1,M39096,M1,1,0,Cell Type Signatures,7,ZHONG PFC C1 OPC,,-5.1,3,5.4,30293,238,884,21,2.4,0.51,332|699|890|891|1163|3149|3833|4085|4288|5347|6241|7083|7153|7431|9768|9918|10112|54478|55771|128239|259266,BIRC5|BUB1|CCNA2|CCNB1|CKS1B|HMGB3|KIFC1|MAD2L1|MKI67|PLK1|RRM2|TK1|TOP2A|VIM|PCLAF|NCAPD2|KIF20A|PIMREG|PRR11|IQGAP3|ASPM,-3.6,0
1,-5.1,M41746,M1,1,0,Cell Type Signatures,7,RUBENSTEIN SKELETAL MUSCLE SMOOTH MUSCLE CELLS,,-5.1,2.4,5.1,30293,445,884,31,3.5,0.62,463|467|1004|1264|1410|1465|2273|2353|3488|3726|4059|4131|5764|6623|6876|7041|7168|7262|7431|7791|8404|8490|9260|10398|10491|10865|23022|25802|26355|84159|400916,ZFHX3|ATF3|CDH6|CNN1|CRYAB|CSRP1|FHL1|FOS|IGFBP5|JUNB|BCAM|MAP1B|PTN|SNCG|TAGLN|TGFB1I1|TPM1|PHLDA2|VIM|ZYX|SPARCL1|RGS5|PDLIM7|MYL9|CRTAP|ARID5A|PALLD|LMOD1|FAM162A|ARID5B|CHCHD10,-3.6,0
1,-5,M39291,M1,1,0,Cell Type Signatures,7,DURANTE ADULT OLFACTORY NEUROEPITHELIUM MATURE NEURONS,,-5,3.3,5.5,30293,187,884,18,2,0.48,1995|2596|2877|4131|4684|6616|6695|7846|8277|9378|11075|22979|29106|29114|56884|64641|253738|387856,ELAVL3|GAP43|GPX2|MAP1B|NCAM1|SNAP25|SPOCK1|TUBA1A|TKTL1|NRXN1|STMN2|EFR3B|SCG3|TAGLN3|FSTL5|EBF2|EBF3|CCDC184,-3.5,0
1,-4.9,M41743,M1,1,0,Cell Type Signatures,7,RUBENSTEIN SKELETAL MUSCLE ENDOTHELIAL CELLS,,-4.9,3.8,5.6,30293,137,884,15,1.7,0.43,2|1282|2113|2791|3123|3315|4061|5420|6035|7122|8404|9235|22885|64123|153579,A2M|COL4A1|ETS1|GNG11|HLA-DRB1|HSPB1|LY6E|PODXL|RNASE1|CLDN5|SPARCL1|IL32|ABLIM3|ADGRL4|BTNL9,-3.4,0
1,-4.9,M40017,M1,1,0,Cell Type Signatures,7,BUSSLINGER GASTRIC D CELLS,,-4.9,8.6,6.9,30293,28,884,7,0.79,0.3,3488|4131|4760|5080|5126|7104|7276,IGFBP5|MAP1B|NEUROD1|PAX6|PCSK2|TM4SF4|TTR,-3.4,0
1,-4.9,M40209,M1,1,0,Cell Type Signatures,7,DESCARTES FETAL INTESTINE SMOOTH MUSCLE CELLS,,-4.9,6.2,6.3,30293,50,884,9,1,0.34,1264|6876|8490|9241|9260|10398|25802|50863|341277,CNN1|TAGLN|RGS5|NOG|PDLIM7|MYL9|LMOD1|NTM|OVCH2,-3.4,0
1,-4.9,M40296,M1,1,0,Cell Type Signatures,7,DESCARTES FETAL STOMACH NEUROENDOCRINE CELLS,,-4.9,6.2,6.3,30293,50,884,9,1,0.34,3067|4760|4821|5080|5992|6570|7276|9951|84465,HDC|NEUROD1|NKX2-2|PAX6|RFX4|SLC18A1|TTR|HS3ST4|MEGF11,-3.4,0
1,-4.9,M39317,M1,1,0,Cell Type Signatures,7,CUI DEVELOPING HEART CARDIAC FIBROBLASTS,,-4.9,4.2,5.7,30293,106,884,13,1.5,0.4,230|664|1293|1410|1465|3315|4017|5178|5764|6236|7168|9235|10398,ALDOC|BNIP3|COL6A3|CRYAB|CSRP1|HSPB1|LOXL2|PEG3|PTN|RRAD|TPM1|IL32|MYL9,-3.4,0
1,-4.8,M40001,M1,1,0,Cell Type Signatures,7,BUSSLINGER ESOPHAGEAL QUIESCENT BASAL CELLS,,-4.8,4.9,5.9,30293,77,884,11,1.2,0.37,678|1294|1634|2353|3371|3488|3726|3914|6422|6507|9547,ZFP36L2|COL7A1|DCN|FOS|TNC|IGFBP5|JUNB|LAMB3|SFRP1|SLC1A3|CXCL14,-3.4,0
1,-4.8,M41653,M1,1,0,Cell Type Signatures,7,TRAVAGLINI LUNG DIFFERENTIATING BASAL CELL,,-4.8,3.5,5.4,30293,157,884,16,1.8,0.45,216|1075|1809|1889|2139|2919|3149|4070|6623|7103|10170|10551|10752|11170|57118|143903,ALDH1A1|CTSC|DPYSL3|ECE1|EYA2|CXCL1|HMGB3|TACSTD2|SNCG|TSPAN8|DHRS9|AGR2|CHL1|FAM107A|CAMK1D|LAYN,-3.3,0
1,-4.7,M39131,M1,1,0,Cell Type Signatures,7,AIZARANI LIVER C32 MVECS 3,,-4.7,3.8,5.5,30293,125,884,14,1.6,0.42,2823|2919|4858|6035|6401|6886|7052|9235|9590|10272|10397|10964|57211|57493,GPM6A|CXCL1|NOVA2|RNASE1|SELE|TAL1|TGM2|IL32|AKAP12|FSTL3|NDRG1|IFI44L|ADGRG6|HEG1,-3.3,0
1,-4.7,M39245,M1,1,0,Cell Type Signatures,7,LAKE ADULT KIDNEY C26 MESANGIAL CELLS,,-4.7,3.3,5.3,30293,177,884,17,1.9,0.46,2|1282|1879|2113|2353|3315|3488|4792|5334|6695|9590|9839|10186|23022|23194|65065|84159,A2M|COL4A1|EBF1|ETS1|FOS|HSPB1|IGFBP5|NFKBIA|PLCL1|SPOCK1|AKAP12|ZEB2|LHFPL6|PALLD|FBXL7|NBEAL1|ARID5B,-3.3,0
1,-4.7,M39036,M1,1,0,Cell Type Signatures,7,FAN EMBRYONIC CTX NSC 2,,-4.7,2.9,5.2,30293,233,884,20,2.3,0.5,332|429|699|890|891|1163|3149|3833|4085|4288|5347|6241|7083|7153|9918|10112|54478|54492|55771|259266,BIRC5|ASCL1|BUB1|CCNA2|CCNB1|CKS1B|HMGB3|KIFC1|MAD2L1|MKI67|PLK1|RRM2|TK1|TOP2A|NCAPD2|KIF20A|PIMREG|NEURL1B|PRR11|ASPM,-3.3,0
1,-4.6,M40037,M1,1,0,Cell Type Signatures,7,BUSSLINGER DUODENAL EC CELLS,,-4.6,7.7,6.5,30293,31,884,7,0.79,0.3,1644|4131|4760|5126|7033|7276|83998,DDC|MAP1B|NEUROD1|PCSK2|TFF3|TTR|REG4,-3.2,0
1,-4.6,M41687,M1,1,0,Cell Type Signatures,7,TRAVAGLINI LUNG PROLIFERATING NK T CELL,,-4.6,3.7,5.4,30293,129,884,14,1.6,0.42,332|890|1163|4085|4173|4175|4176|4288|6241|7083|7153|51514|81620|259266,BIRC5|CCNA2|CKS1B|MAD2L1|MCM4|MCM6|MCM7|MKI67|RRM2|TK1|TOP2A|DTL|CDT1|ASPM,-3.2,0
1,-4.6,M39111,M1,1,0,Cell Type Signatures,7,AIZARANI LIVER C7 EPCAM POS BILE DUCT CELLS 2,,-4.6,3,5.1,30293,219,884,19,2.1,0.49,330|467|1410|3576|3696|3855|3918|3960|4070|4316|6372|6385|7104|7168|8671|9518|10272|51330|56937,BIRC3|ATF3|CRYAB|CXCL8|ITGB8|KRT7|LAMC2|LGALS4|TACSTD2|MMP7|CXCL6|SDC4|TM4SF4|TPM1|SLC4A4|GDF15|FSTL3|TNFRSF12A|PMEPA1,-3.2,0
1,-4.6,M39038,M1,1,0,Cell Type Signatures,7,FAN EMBRYONIC CTX OPC,,-4.6,5.6,5.9,30293,55,884,9,1,0.34,1620|5142|5327|6616|7070|29106|65217|85300|116448,BRINP1|PDE4B|PLAT|SNAP25|THY1|SCG3|PCDH15|ATCAY|OLIG1,-3.1,0
1,-4.5,M40255,M1,1,0,Cell Type Signatures,7,DESCARTES FETAL MUSCLE STROMAL CELLS,,-4.5,4.2,5.5,30293,98,884,12,1.4,0.39,1271|1277|1281|1634|9068|9547|9671|9902|25975|27123|64094|152573,CNTFR|COL1A1|COL3A1|DCN|ANGPTL1|CXCL14|WSCD2|MRC2|EGFL6|DKK2|SMOC2|SHISA3,-3.1,0
1,-4.4,M41651,M1,1,0,Cell Type Signatures,7,TRAVAGLINI LUNG BASAL CELL,,-4.4,3.1,5,30293,188,884,17,1.9,0.46,678|1634|2139|2810|3149|3673|3726|3914|4070|4609|4804|6623|7045|10630|23022|83700|644943,ZFP36L2|DCN|EYA2|SFN|HMGB3|ITGA2|JUNB|LAMB3|TACSTD2|MYC|NGFR|SNCG|TGFBI|PDPN|PALLD|JAM3|RASSF10,-3,0
1,-4.3,M40030,M1,1,0,Cell Type Signatures,7,BUSSLINGER DUODENAL PANETH CELLS,,-4.3,11,7,30293,15,884,5,0.57,0.25,1179|3934|4583|5320|7033,CLCA1|LCN2|MUC2|PLA2G2A|TFF3,-2.9,0
1,-4.3,M41709,M1,1,0,Cell Type Signatures,7,FAN OVARY CL7 ANGEIOGENIC ENDOTHELIAL CELL,,-4.3,2.7,4.8,30293,251,884,20,2.3,0.5,2|388|678|2004|2353|2791|3119|3123|3127|3315|3726|4059|4061|6035|7048|7122|8404|10964|29995|64123,A2M|RHOB|ZFP36L2|ELK3|FOS|GNG11|HLA-DQB1|HLA-DRB1|HLA-DRB5|HSPB1|JUNB|BCAM|LY6E|RNASE1|TGFBR2|CLDN5|SPARCL1|IFI44L|LMCD1|ADGRL4,-2.9,0
1,-4.3,M39221,M1,1,0,Cell Type Signatures,7,LAKE ADULT KIDNEY C2 PODOCYTES,,-4.3,2.9,4.8,30293,212,884,18,2,0.48,1285|1804|3685|3696|5420|5800|6695|8609|10763|10788|23022|23194|54715|56999|57451|57484|57522|64067,COL4A3|DPP6|ITGAV|ITGB8|PODXL|PTPRO|SPOCK1|KLF7|NES|IQGAP2|PALLD|FBXL7|RBFOX1|ADAMTS9|TENM2|RNF150|SRGAP1|NPAS3,-2.9,0
1,-4.2,M39044,M1,1,0,Cell Type Signatures,7,FAN EMBRYONIC CTX BRAIN MYELOID,,-4.2,3.5,5,30293,139,884,14,1.6,0.42,467|960|3119|3123|4061|4542|4792|7045|7127|7431|10964|51177|55603|400916,ATF3|CD44|HLA-DQB1|HLA-DRB1|LY6E|MYO1F|NFKBIA|TGFBI|TNFAIP2|VIM|IFI44L|PLEKHO1|TENT5A|CHCHD10,-2.9,0
1,-4.2,M40152,M1,1,0,Cell Type Signatures,7,DESCARTES FETAL ADRENAL VASCULAR ENDOTHELIAL CELLS,,-4.2,3.5,5,30293,139,884,14,1.6,0.42,1012|1356|1906|2004|2823|5420|6578|7122|11082|51299|56892|64123|64321|153579,CDH13|CP|EDN1|ELK3|GPM6A|PODXL|SLCO2A1|CLDN5|ESM1|NRN1|TCIM|ADGRL4|SOX17|BTNL9,-2.9,0
1,-4.2,M40180,M1,1,0,Cell Type Signatures,7,DESCARTES FETAL EYE STROMAL CELLS,,-4.2,4.2,5.3,30293,90,884,11,1.2,0.37,1277|1281|1293|1634|2331|3624|7291|9509|11096|25975|27123,COL1A1|COL3A1|COL6A3|DCN|FMOD|INHBA|TWIST1|ADAMTS2|ADAMTS5|EGFL6|DKK2,-2.8,0
1,-4.2,M41672,M1,1,0,Cell Type Signatures,7,TRAVAGLINI LUNG VASCULAR SMOOTH MUSCLE CELL,,-4.2,5.1,5.5,30293,61,884,9,1,0.34,1004|1264|6876|7168|8490|9260|10398|25802|25975,CDH6|CNN1|TAGLN|TPM1|RGS5|PDLIM7|MYL9|LMOD1|EGFL6,-2.8,0
1,-4.1,M40135,M1,1,0,Cell Type Signatures,7,DESCARTES MAIN FETAL IGFBP1 DKK1 POSITIVE CELLS,,-4.1,3.1,4.8,30293,178,884,16,1.8,0.45,1634|2619|4053|4313|5021|5947|6274|7044|7052|7070|8224|9435|11096|25802|55959|57124,DCN|GAS1|LTBP2|MMP2|OXTR|RBP1|S100A3|LEFTY2|TGM2|THY1|SYN3|CHST2|ADAMTS5|LMOD1|SULF2|CD248,-2.8,0
1,-4.1,M39103,M1,1,0,Cell Type Signatures,7,ZHONG PFC C1 MICROGLIA,,-4.1,2.7,4.7,30293,257,884,20,2.3,0.5,332|699|890|891|1163|2593|4173|4175|4176|5347|6241|7083|7153|9768|9918|10606|51142|54478|128239|259266,BIRC5|BUB1|CCNA2|CCNB1|CKS1B|GAMT|MCM4|MCM6|MCM7|PLK1|RRM2|TK1|TOP2A|PCLAF|NCAPD2|PAICS|CHCHD2|PIMREG|IQGAP3|ASPM,-2.8,0
1,-4.1,M39242,M1,1,0,Cell Type Signatures,7,LAKE ADULT KIDNEY C23 ENDOTHELIAL CELLS AVR,,-4.1,3.5,4.9,30293,126,884,13,1.5,0.4,2823|3123|3488|5327|6935|7048|7052|7431|23194|56892|56999|64123|79750,GPM6A|HLA-DRB1|IGFBP5|PLAT|ZEB1|TGFBR2|TGM2|VIM|FBXL7|TCIM|ADAMTS9|ADGRL4|ZNF385D,-2.7,0
1,-4.1,M39187,M1,1,0,Cell Type Signatures,7,HAY BONE MARROW CD34 POS MKP,,-4.1,4.9,5.4,30293,63,884,9,1,0.34,1004|2624|2701|3673|3706|7041|7168|22915|653689,CDH6|GATA2|GJA4|ITGA2|ITPKA|TGFB1I1|TPM1|MMRN1|GSTT2B,-2.7,0
1,-4.1,M41690,M1,1,0,Cell Type Signatures,7,TRAVAGLINI LUNG BASOPHIL MAST 2 CELL,,-4.1,2.1,4.4,30293,502,884,31,3.5,0.62,196|216|330|960|1435|1992|2624|3067|3383|3726|4739|4792|4914|5327|6498|7128|7168|7431|7846|8038|9459|10170|23022|25927|27250|50863|55536|55603|57493|150094|440712,AHR|ALDH1A1|BIRC3|CD44|CSF1|SERPINB1|GATA2|HDC|ICAM1|JUNB|NEDD9|NFKBIA|NTRK1|PLAT|SKIL|TNFAIP3|TPM1|VIM|TUBA1A|ADAM12|ARHGEF6|DHRS9|PALLD|CNRIP1|PDCD4|NTM|CDCA7L|TENT5A|HEG1|SIK1|RHEX,-2.7,0
1,-4.1,M40258,M1,1,0,Cell Type Signatures,7,DESCARTES FETAL MUSCLE SMOOTH MUSCLE CELLS,,-4.1,4.4,5.2,30293,78,884,10,1.1,0.36,2307|2977|3741|5334|6236|6876|7044|8490|23657|54437,FOXS1|GUCY1A2|KCNA5|PLCL1|RRAD|TAGLN|LEFTY2|RGS5|SLC7A11|SEMA5B,-2.7,0
1,-4,M41679,M1,1,0,Cell Type Signatures,7,TRAVAGLINI LUNG MESOTHELIAL CELL,,-4,2,4.3,30293,649,884,37,4.2,0.67,646|1000|1277|1281|1809|2091|2232|2266|2318|2596|2619|2791|3099|3119|3123|3127|4061|4496|5320|5352|5420|5947|6372|6385|6566|7262|9985|10630|50614|51330|54498|55959|56999|57493|80097|132299|286204,BNC1|CDH2|COL1A1|COL3A1|DPYSL3|FBL|FDXR|FGG|FLNC|GAP43|GAS1|GNG11|HK2|HLA-DQB1|HLA-DRB1|HLA-DRB5|LY6E|MT1H|PLA2G2A|PLOD2|PODXL|RBP1|CXCL6|SDC4|SLC16A1|PHLDA2|REC8|PDPN|GALNT9|TNFRSF12A|SMOX|SULF2|ADAMTS9|HEG1|MZT2B|OCIAD2|CRB2,-2.7,0
1,-4,M40025,M1,1,0,Cell Type Signatures,7,BUSSLINGER DUODENAL DIFFERENTIATING STEM CELLS,,-4,2.5,4.5,30293,305,884,22,2.5,0.52,216|1373|2091|2877|3158|3960|4176|4288|4522|6241|7103|7153|9768|10008|10128|10551|10606|51142|83879|84152|259266|401546,ALDH1A1|CPS1|FBL|GPX2|HMGCS2|LGALS4|MCM7|MKI67|MTHFD1|RRM2|TSPAN8|TOP2A|PCLAF|KCNE3|LRPPRC|AGR2|PAICS|CHCHD2|CDCA7|PPP1R1B|ASPM|C9orf152,-2.7,0
1,-4,M41657,M1,1,0,Cell Type Signatures,7,TRAVAGLINI LUNG SEROUS CELL,,-4,4,5,30293,95,884,11,1.2,0.37,12|760|5832|6422|27250|54682|57348|64798|84152|91461|260293,SERPINA3|CA2|ALDH18A1|SFRP1|PDCD4|MANSC1|TTYH1|DEPTOR|PPP1R1B|PKDCC|CYP4X1,-2.7,0
1,-4,M40171,M1,1,0,Cell Type Signatures,7,DESCARTES FETAL CEREBRUM ASTROCYTES,,-4,2.9,4.6,30293,203,884,17,1.9,0.46,1770|2318|3371|4982|5322|8671|9241|27023|54894|64399|79645|90050|152573|169044|374407|388419|389799,DNAH9|FLNC|TNC|TNFRSF11B|PLA2G5|SLC4A4|NOG|FOXB1|RNF43|HHIP|CLXN|FAM181A|SHISA3|COL22A1|DNAJB13|BTBD17|CFAP77,-2.7,0
1,-4,M40262,M1,1,0,Cell Type Signatures,7,DESCARTES FETAL PANCREAS CCL19 CCL21 POSITIVE CELLS,,-4,4.7,5.2,30293,65,884,9,1,0.34,348|1294|1435|2256|3371|4982|9547|27328|152573,APOE|COL7A1|CSF1|FGF11|TNC|TNFRSF11B|CXCL14|PCDH11X|SHISA3,-2.6,0
1,-3.9,M40162,M1,1,0,Cell Type Signatures,7,DESCARTES FETAL CEREBELLUM ASTROCYTES,,-3.9,3.1,4.7,30293,166,884,15,1.7,0.43,3371|4547|4982|7484|8671|9241|10125|11211|27023|55603|64399|169044|286204|388419|728591,TNC|MTTP|TNFRSF11B|WNT9B|SLC4A4|NOG|RASGRP1|FZD10|FOXB1|TENT5A|HHIP|COL22A1|CRB2|BTBD17|CCDC169,-2.6,0
1,-3.9,M41662,M1,1,0,Cell Type Signatures,7,TRAVAGLINI LUNG ARTERY CELL,,-3.9,3.4,4.8,30293,131,884,13,1.5,0.4,862|1075|5322|6035|10964|11170|23022|27123|27250|58494|64321|84969|132299,RUNX1T1|CTSC|PLA2G5|RNASE1|IFI44L|FAM107A|PALLD|DKK2|PDCD4|JAM2|SOX17|TOX2|OCIAD2,-2.6,0
1,-3.9,M39035,M1,1,0,Cell Type Signatures,7,FAN EMBRYONIC CTX NSC 1,,-3.9,9.5,6.3,30293,18,884,5,0.57,0.25,2353|4173|6935|7431|10683,FOS|MCM4|ZEB1|VIM|DLL3,-2.6,0
1,-3.8,M39298,M1,1,0,Cell Type Signatures,7,CUI DEVELOPING HEART C1 5TH WEEK CARDIAC CELLS,,-3.8,4.1,4.9,30293,83,884,10,1.1,0.36,1264|1382|1465|9547|9985|10630|10962|51330|51655|55506,CNN1|CRABP2|CSRP1|CXCL14|REC8|PDPN|MLLT11|TNFRSF12A|RASD1|MACROH2A2,-2.5,0
1,-3.8,M39034,M1,1,0,Cell Type Signatures,7,FAN EMBRYONIC CTX ASTROCYTE 2,,-3.8,3.1,4.6,30293,153,884,14,1.6,0.42,230|348|477|960|1910|7025|8671|10418|10690|23657|55790|57348|57575|143686,ALDOC|APOE|ATP1A2|CD44|EDNRB|NR2F1|SLC4A4|SPON1|FUT9|SLC7A11|CSGALNACT1|TTYH1|PCDH10|SESN3,-2.5,0
1,-3.8,M39320,M1,1,0,Cell Type Signatures,7,CUI DEVELOPING HEART CORONARY VASCULAR ENDOTHELIAL CELL,,-3.8,5.9,5.4,30293,41,884,7,0.79,0.3,2|1282|5155|7122|56892|58494|64123,A2M|COL4A1|PDGFB|CLDN5|TCIM|JAM2|ADGRL4,-2.5,0
1,-3.8,M40163,M1,1,0,Cell Type Signatures,7,DESCARTES FETAL CEREBELLUM INHIBITORY INTERNEURONS,,-3.8,5.9,5.4,30293,41,884,7,0.79,0.3,3488|3624|5076|6695|7021|10660|63973,IGFBP5|INHBA|PAX2|SPOCK1|TFAP2B|LBX1|NEUROG2,-2.5,0
1,-3.7,M40002,M1,1,0,Cell Type Signatures,7,BUSSLINGER ESOPHAGEAL PROLIFERATING BASAL CELLS,,-3.7,4.4,4.9,30293,70,884,9,1,0.34,2091|3914|4176|4288|6241|7083|7153|9547|259266,FBL|LAMB3|MCM7|MKI67|RRM2|TK1|TOP2A|CXCL14|ASPM,-2.4,0
1,-3.7,M40183,M1,1,0,Cell Type Signatures,7,DESCARTES FETAL EYE PDE11A FAM19A2 POSITIVE CELLS,,-3.7,6.9,5.6,30293,30,884,6,0.68,0.28,3067|3706|6572|8490|54715|60482,HDC|ITPKA|SLC18A3|RGS5|RBFOX1|SLC5A7,-2.4,0
1,-3.7,M40295,M1,1,0,Cell Type Signatures,7,DESCARTES FETAL SPLEEN STC2 TLX1 POSITIVE CELLS,,-3.7,12,6.6,30293,11,884,4,0.45,0.23,10814|80164|134829|253738,CPLX2|PRR36|CLVS2|EBF3,-2.4,0
1,-3.7,M39247,M1,1,0,Cell Type Signatures,7,LAKE ADULT KIDNEY C28 INTERSTITIUM,,-3.7,4,4.8,30293,86,884,10,1.1,0.36,2|1282|1634|1879|3371|7168|9590|9839|10186|23022,A2M|COL4A1|DCN|EBF1|TNC|TPM1|AKAP12|ZEB2|LHFPL6|PALLD,-2.4,0
1,-3.7,M39248,M1,1,0,Cell Type Signatures,7,LAKE ADULT KIDNEY C29 UNKNOWN NOVEL PT CFH POS SUBPOPULATION S2,,-3.7,4,4.8,30293,86,884,10,1.1,0.36,3696|4739|6935|7068|7168|10085|23022|23194|54715|440712,ITGB8|NEDD9|ZEB1|THRB|TPM1|EDIL3|PALLD|FBXL7|RBFOX1|RHEX,-2.4,0
1,-3.6,M40004,M1,1,0,Cell Type Signatures,7,BUSSLINGER ESOPHAGEAL LATE SUPRABASAL CELLS,,-3.6,3.2,4.5,30293,140,884,13,1.5,0.4,1030|1212|1382|1992|3315|3854|4118|4680|6319|9982|10397|26355|114569,CDKN2B|CLTB|CRABP2|SERPINB1|HSPB1|KRT6B|MAL|CEACAM6|SCD|FGFBP1|NDRG1|FAM162A|MAL2,-2.4,0
1,-3.6,M40233,M1,1,0,Cell Type Signatures,7,DESCARTES FETAL LIVER STELLATE CELLS,,-3.6,3,4.4,30293,159,884,14,1.6,0.42,117|577|1293|1621|2042|2977|4804|9547|9971|10763|22795|54492|147906|196740,ADCYAP1R1|ADGRB3|COL6A3|DBH|EPHA3|GUCY1A2|NGFR|CXCL14|NR1H4|NES|NID2|NEURL1B|DACT3|VSTM4,-2.3,0
1,-3.6,M39160,M1,1,0,Cell Type Signatures,7,GAO LARGE INTESTINE 24W C11 PANETH LIKE CELL,,-3.6,2.3,4.1,30293,325,884,22,2.5,0.52,330|1075|2139|2675|3119|3123|3383|3552|3576|3624|4318|4688|5142|5328|7127|7128|7185|9332|11309|51561|115362|221188,BIRC3|CTSC|EYA2|GFRA2|HLA-DQB1|HLA-DRB1|ICAM1|IL1A|CXCL8|INHBA|MMP9|NCF2|PDE4B|PLAU|TNFAIP2|TNFAIP3|TRAF1|CD163|SLCO2B1|IL23A|GBP5|ADGRG5,-2.3,0
1,-3.6,M41745,M1,1,0,Cell Type Signatures,7,RUBENSTEIN SKELETAL MUSCLE FAP CELLS,,-3.6,2.9,4.4,30293,179,884,15,1.7,0.43,216|1163|1277|1281|1293|1634|2273|4131|4313|7431|9068|9547|9590|10186|64094,ALDH1A1|CKS1B|COL1A1|COL3A1|COL6A3|DCN|FHL1|MAP1B|MMP2|VIM|ANGPTL1|CXCL14|AKAP12|LHFPL6|SMOC2,-2.3,0
1,-3.6,M39263,M1,1,0,Cell Type Signatures,7,HU FETAL RETINA BLOOD,,-3.6,2.4,4.2,30293,282,884,20,2.3,0.5,332|699|1075|1277|1281|2791|4288|4496|5045|5420|6035|6241|6886|7052|9902|10788|23129|54855|79974|81027,BIRC5|BUB1|CTSC|COL1A1|COL3A1|GNG11|MKI67|MT1H|FURIN|PODXL|RNASE1|RRM2|TAL1|TGM2|MRC2|IQGAP2|PLXND1|TENT5C|CPED1|TUBB1,-2.3,0
1,-3.6,M39172,M1,1,0,Cell Type Signatures,7,MURARO PANCREAS EPSILON CELL,,-3.6,5.5,5.1,30293,44,884,7,0.79,0.3,1879|4739|7104|9891|170302|389432|644844,EBF1|NEDD9|TM4SF4|NUAK1|ARX|SAMD5|PHGR1,-2.3,0
1,-3.6,M40016,M1,1,0,Cell Type Signatures,7,BUSSLINGER GASTRIC REG3A POSITIVE CELLS,,-3.6,5.5,5.1,30293,44,884,7,0.79,0.3,330|3119|3123|3934|8490|10008|11199,BIRC3|HLA-DQB1|HLA-DRB1|LCN2|RGS5|KCNE3|ANXA10,-2.3,0
1,-3.6,M40082,M1,1,0,Cell Type Signatures,7,DESCARTES MAIN FETAL OLIGODENDROCYTES,,-3.6,4.7,4.9,30293,58,884,8,0.9,0.32,5142|7368|10215|10675|10683|22829|65217|116448,PDE4B|UGT8|OLIG2|CSPG5|DLL3|NLGN4Y|PCDH15|OLIG1,-2.3,0
1,-3.6,M39084,M1,1,0,Cell Type Signatures,7,ZHONG PFC C4 UNKNOWN INP,,-3.6,3.9,4.7,30293,89,884,10,1.1,0.36,429|1996|4753|4762|7546|10683|29114|55117|64641|132299,ASCL1|ELAVL4|NELL2|NEUROG1|ZIC2|DLL3|TAGLN3|SLC6A15|EBF2|OCIAD2,-2.3,0
1,-3.5,M39250,M1,1,0,Cell Type Signatures,7,MENON FETAL KIDNEY 0 CAP MESENCHYME CELLS,,-3.5,3.8,4.6,30293,90,884,10,1.1,0.36,4176|4288|4684|4826|5076|5947|7025|7153|7846|116372,MCM7|MKI67|NCAM1|NNAT|PAX2|RBP1|NR2F1|TOP2A|TUBA1A|LYPD1,-2.3,0
1,-3.5,M39165,M1,1,0,Cell Type Signatures,7,GAO LARGE INTESTINE ADULT CH MKI67HIGH CELLS,,-3.5,3.5,4.5,30293,107,884,11,1.2,0.37,332|699|890|1993|3833|4288|7153|10112|51514|54478|128239,BIRC5|BUB1|CCNA2|ELAVL2|KIFC1|MKI67|TOP2A|KIF20A|DTL|PIMREG|IQGAP3,-2.3,0
1,-3.5,M39151,M1,1,0,Cell Type Signatures,7,GAO SMALL INTESTINE 24W C9 ENTEROENDOCRINE CELL,,-3.5,4.6,4.8,30293,60,884,8,0.9,0.32,2675|3227|5100|23194|152573|170954|389158|389206,GFRA2|HOXC11|PCDH8|FBXL7|SHISA3|PPP1R18|PLSCR5|BEND4,-2.2,0
1,-3.5,M40007,M1,1,0,Cell Type Signatures,7,BUSSLINGER GASTRIC PREZYMOGENIC CELLS,,-3.5,4.6,4.8,30293,60,884,8,0.9,0.32,768|2331|2353|3158|5803|8671|10690|65065,CA9|FMOD|FOS|HMGCS2|PTPRZ1|SLC4A4|FUT9|NBEAL1,-2.2,0
1,-3.4,M41677,M1,1,0,Cell Type Signatures,7,TRAVAGLINI LUNG LIPOFIBROBLAST CELL,,-3.4,3.1,4.3,30293,146,884,13,1.5,0.4,1277|1281|1545|3099|4609|4804|5320|7291|9052|10630|10962|55959|64798,COL1A1|COL3A1|CYP1B1|HK2|MYC|NGFR|PLA2G2A|TWIST1|GPRC5A|PDPN|MLLT11|SULF2|DEPTOR,-2.2,0
1,-3.4,M39087,M1,1,0,Cell Type Signatures,7,ZHONG PFC C2 UNKNOWN NPC,,-3.4,4.1,4.6,30293,76,884,9,1,0.34,890|891|4288|5347|7153|9918|10112|55771|259266,CCNA2|CCNB1|MKI67|PLK1|TOP2A|NCAPD2|KIF20A|PRR11|ASPM,-2.2,0
1,-3.4,M40192,M1,1,0,Cell Type Signatures,7,DESCARTES FETAL HEART EPICARDIAL FAT CELLS,,-3.4,3.4,4.4,30293,110,884,11,1.2,0.37,646|768|3488|3855|4982|5320|8671|114569|132625|146395|286204,BNC1|CA9|IGFBP5|KRT7|TNFRSF11B|PLA2G2A|SLC4A4|MAL2|ZFP42|GSG1L|CRB2,-2.2,0
1,-3.4,M39019,M1,1,0,Cell Type Signatures,7,FAN EMBRYONIC CTX BIG GROUPS EXCITATORY NEURON,,-3.4,5.1,4.9,30293,47,884,7,0.79,0.3,4753|10512|27319|54715|55816|91584|440270,NELL2|SEMA3C|BHLHE22|RBFOX1|DOK5|PLXNA4|GOLGA8B,-2.2,0
1,-3.4,M40173,M1,1,0,Cell Type Signatures,7,DESCARTES FETAL CEREBRUM INHIBITORY NEURONS,,-3.4,5.1,4.9,30293,47,884,7,0.79,0.3,1749|1750|5076|6258|7021|132204|170302,DLX5|DLX6|PAX2|RXRG|TFAP2B|SYNPR|ARX,-2.2,0
1,-3.4,M39182,M1,1,0,Cell Type Signatures,7,HAY BONE MARROW CD34 POS HSC,,-3.4,3.2,4.3,30293,129,884,12,1.4,0.39,1421|4675|5352|6511|6547|8722|8788|54360|55211|57211|79870|140597,CRYGD|NAP1L3|PLOD2|SLC1A6|SLC8A3|CTSF|DLK1|CYTL1|DPPA4|ADGRG6|BAALC|TCEAL2,-2.2,0
1,-3.4,M41669,M1,1,0,Cell Type Signatures,7,TRAVAGLINI LUNG BRONCHIAL VESSEL 2 CELL,,-3.4,2.4,4,30293,272,884,19,2.1,0.49,2|133|196|467|1282|1356|3726|4609|4739|6890|7791|8404|10398|10865|29995|51330|56999|64321|150094,A2M|ADM|AHR|ATF3|COL4A1|CP|JUNB|MYC|NEDD9|TAP1|ZYX|SPARCL1|MYL9|ARID5A|LMCD1|TNFRSF12A|ADAMTS9|SOX17|SIK1,-2.1,0
1,-3.3,M39147,M1,1,0,Cell Type Signatures,7,GAO SMALL INTESTINE 24W C3 ENTEROCYTE PROGENITOR SUBTYPE 1,,-3.3,5,4.8,30293,48,884,7,0.79,0.3,2650|7103|7276|26499|79170|284099|400916,GCNT1|TSPAN8|TTR|PLEK2|PRR15L|C17orf78|CHCHD10,-2.1,0
1,-3.3,M39037,M1,1,0,Cell Type Signatures,7,FAN EMBRYONIC CTX OLIG,,-3.3,1.8,3.7,30293,754,884,39,4.4,0.69,388|547|760|949|1410|1435|1465|1995|2346|2593|2705|4118|4804|5121|5327|5354|6035|6258|6319|6900|7018|7368|9479|9745|9839|9891|10085|10215|10391|10397|22821|54682|55117|55314|64399|64798|83700|147906|256987,RHOB|KIF1A|CA2|SCARB1|CRYAB|CSF1|CSRP1|ELAVL3|FOLH1|GAMT|GJB1|MAL|NGFR|PCP4|PLAT|PLP1|RNASE1|RXRG|SCD|CNTN2|TF|UGT8|MAPK8IP1|ZNF536|ZEB2|NUAK1|EDIL3|OLIG2|CORO2B|NDRG1|RASA3|MANSC1|SLC6A15|TMEM144|HHIP|DEPTOR|JAM3|DACT3|SERINC5,-2.1,0
1,-3.3,M41707,M1,1,0,Cell Type Signatures,7,FAN OVARY CL5 HEALTHY SELECTABLE FOLLICLE THECAL CELL,,-3.3,2.3,3.9,30293,318,884,21,2.4,0.51,133|216|348|1075|1277|1281|1282|1293|1889|2273|4313|5178|6035|22795|24141|51129|51655|55959|56892|65065|79974,ADM|ALDH1A1|APOE|CTSC|COL1A1|COL3A1|COL4A1|COL6A3|ECE1|FHL1|MMP2|PEG3|RNASE1|NID2|LAMP5|ANGPTL4|RASD1|SULF2|TCIM|NBEAL1|CPED1,-2.1,0
1,-3.3,M41718,M1,1,0,Cell Type Signatures,7,FAN OVARY CL16 LYMPHATIC ENDOTHELIAL CELL,,-3.3,2.5,4,30293,232,884,17,1.9,0.46,2|133|216|2004|2353|2791|3315|3726|4131|4313|7033|7048|7122|7846|9590|10630|22915,A2M|ADM|ALDH1A1|ELK3|FOS|GNG11|HSPB1|JUNB|MAP1B|MMP2|TFF3|TGFBR2|CLDN5|TUBA1A|AKAP12|PDPN|MMRN1,-2.1,0
1,-3.3,M39243,M1,1,0,Cell Type Signatures,7,LAKE ADULT KIDNEY C24 ENDOTHELIAL CELLS AEA AND DVR,,-3.3,2.9,4.1,30293,152,884,13,1.5,0.4,2|1879|2353|3123|4792|5420|6935|7122|7431|8224|23194|56999|64123,A2M|EBF1|FOS|HLA-DRB1|NFKBIA|PODXL|ZEB1|CLDN5|VIM|SYN3|FBXL7|ADAMTS9|ADGRL4,-2.1,0
1,-3.3,M40008,M1,1,0,Cell Type Signatures,7,BUSSLINGER GASTRIC NECK CELLS,,-3.3,5.7,4.9,30293,36,884,6,0.68,0.28,2331|4312|7032|8671|10690|84152,FMOD|MMP1|TFF2|SLC4A4|FUT9|PPP1R1B,-2.1,0
1,-3.3,M40076,M1,1,0,Cell Type Signatures,7,DESCARTES MAIN FETAL CHROMAFFIN CELLS,,-3.3,7.1,5.2,30293,24,884,5,0.57,0.25,1271|4914|10586|83998|84684,CNTFR|NTRK1|MAB21L2|REG4|INSM2,-2.1,0
1,-3.2,M40084,M1,1,0,Cell Type Signatures,7,DESCARTES MAIN FETAL ASTROCYTES,,-3.2,4.8,4.7,30293,50,884,7,0.79,0.3,117|477|5100|5764|5992|11211|440097,ADCYAP1R1|ATP1A2|PCDH8|PTN|RFX4|FZD10|DBX2,-2,0
1,-3.2,M40274,M1,1,0,Cell Type Signatures,7,DESCARTES FETAL PANCREAS LYMPHATIC ENDOTHELIAL CELLS,,-3.2,4.2,4.5,30293,65,884,8,0.9,0.32,2823|3236|6364|6374|11211|22915|57214|338440,GPM6A|HOXD10|CCL20|CXCL5|FZD10|MMRN1|CEMIP|ANO9,-2,0
1,-3.2,M39045,M1,1,0,Cell Type Signatures,7,FAN EMBRYONIC CTX BRAIN B CELL,,-3.2,3.4,4.2,30293,100,884,10,1.1,0.36,330|1879|3119|3123|3561|4050|5142|59339|84159|201895,BIRC3|EBF1|HLA-DQB1|HLA-DRB1|IL2RG|LTB|PDE4B|PLEKHA2|ARID5B|SMIM14,-2,0
1,-3.1,M40128,M1,1,0,Cell Type Signatures,7,DESCARTES MAIN FETAL ISLET ENDOCRINE CELLS,,-3.1,4.1,4.4,30293,67,884,8,0.9,0.32,846|4821|4825|7276|50674|169026|170302|388419,CASR|NKX2-2|NKX6-1|TTR|NEUROG3|SLC30A8|ARX|BTBD17,-2,0
1,-3.1,M39083,M1,1,0,Cell Type Signatures,7,ZHONG PFC C3 UNKNOWN INP,,-3.1,5.4,4.7,30293,38,884,6,0.68,0.28,332|699|890|3642|10842|58158,BIRC5|BUB1|CCNA2|INSM1|PPP1R17|NEUROD4,-1.9,0
1,-3.1,M41710,M1,1,0,Cell Type Signatures,7,FAN OVARY CL8 MATURE CUMULUS GRANULOSA CELL 2,,-3.1,1.8,3.6,30293,646,884,34,3.8,0.65,388|1000|1163|1282|1809|2232|3149|3417|4023|4061|5178|5354|5832|5947|6035|6319|6566|7846|8482|9459|10752|23468|26115|27346|55506|55790|65065|65124|80097|84206|123920|132299|140597|400916,RHOB|CDH2|CKS1B|COL4A1|DPYSL3|FDXR|HMGB3|IDH1|LPL|LY6E|PEG3|PLP1|ALDH18A1|RBP1|RNASE1|SCD|SLC16A1|TUBA1A|SEMA7A|ARHGEF6|CHL1|CBX5|TANC2|TMEM97|MACROH2A2|CSGALNACT1|NBEAL1|SOWAHC|MZT2B|MEX3B|CMTM3|OCIAD2|TCEAL2|CHCHD10,-1.9,0
1,-3.1,M39047,M1,1,0,Cell Type Signatures,7,FAN EMBRYONIC CTX BRAIN NAIVE LIKE T CELL,,-3.1,2.8,4,30293,158,884,13,1.5,0.4,960|2113|3561|4050|4118|4609|6932|7128|9235|27250|54674|132299|256987,CD44|ETS1|IL2RG|LTB|MAL|MYC|TCF7|TNFAIP3|IL32|PDCD4|LRRN3|OCIAD2|SERINC5,-1.9,0
1,-3.1,M40181,M1,1,0,Cell Type Signatures,7,DESCARTES FETAL EYE BIPOLAR CELLS,,-3.1,6.6,4.9,30293,26,884,5,0.57,0.25,2558|6870|30813|64399|81832,GABRA5|TACR3|VSX1|HHIP|NETO1,-1.9,0
1,-3.1,M40021,M1,1,0,Cell Type Signatures,7,BUSSLINGER GASTRIC OXYNTIC ENTEROCHROMAFFIN LIKE CELLS,,-3.1,3.6,4.2,30293,85,884,9,1,0.34,216|547|862|1804|1889|3067|10814|29106|64094,ALDH1A1|KIF1A|RUNX1T1|DPP6|ECE1|HDC|CPLX2|SCG3|SMOC2,-1.9,0
1,-3.1,M39202,M1,1,0,Cell Type Signatures,7,HAY BONE MARROW NAIVE T CELL,,-3.1,2,3.6,30293,403,884,24,2.7,0.55,678|2113|3726|4050|4118|4753|6932|6935|7128|7185|7476|10125|10865|22821|23541|51561|54674|65065|83998|84159|132299|256987|338440|340547,ZFP36L2|ETS1|JUNB|LTB|MAL|NELL2|TCF7|ZEB1|TNFAIP3|TRAF1|WNT7A|RASGRP1|ARID5A|RASA3|SEC14L2|IL23A|LRRN3|NBEAL1|REG4|ARID5B|OCIAD2|SERINC5|ANO9|VSIG1,-1.9,0
1,-3,M40312,M1,1,0,Cell Type Signatures,7,DESCARTES FETAL THYMUS THYMIC EPITHELIAL CELLS,,-3,2.4,3.8,30293,245,884,17,1.9,0.46,1804|2139|2196|2567|2736|6578|6695|11122|23544|26499|51267|54894|55885|64798|79953|128414|338440,DPP6|EYA2|FAT2|GABRG3|GLI2|SLCO2A1|SPOCK1|PTPRT|SEZ6L|PLEK2|CLEC1A|RNF43|LMO3|DEPTOR|SYNDIG1|NKAIN4|ANO9,-1.9,0
1,-3,M40230,M1,1,0,Cell Type Signatures,7,DESCARTES FETAL LIVER VASCULAR ENDOTHELIAL CELLS,,-3,2.9,3.9,30293,142,884,12,1.4,0.39,133|1620|1906|2567|4858|6578|27123|58494|64123|64321|153579|170685,ADM|BRINP1|EDN1|GABRG3|NOVA2|SLCO2A1|DKK2|JAM2|ADGRL4|SOX17|BTNL9|NUDT10,-1.9,0
1,-3,M39097,M1,1,0,Cell Type Signatures,7,ZHONG PFC C2 THY1 POS OPC,,-3,6.3,4.8,30293,27,884,5,0.57,0.25,1620|1910|5327|7070|55959,BRINP1|EDNRB|PLAT|THY1|SULF2,-1.8,0
1,-3,M39313,M1,1,0,Cell Type Signatures,7,CUI DEVELOPING HEART LEFT VENTRICULAR CARDIOMYOCYTE,,-3,5.1,4.5,30293,40,884,6,0.68,0.28,1281|6664|7070|9353|9547|23129,COL3A1|SOX11|THY1|SLIT2|CXCL14|PLXND1,-1.8,0
1,-3,M40216,M1,1,0,Cell Type Signatures,7,DESCARTES FETAL INTESTINE STROMAL CELLS,,-3,5.1,4.5,30293,40,884,6,0.68,0.28,2567|2846|9547|11211|79953|152573,GABRG3|LPAR4|CXCL14|FZD10|SYNDIG1|SHISA3,-1.8,0
1,-3,M40242,M1,1,0,Cell Type Signatures,7,DESCARTES FETAL LUNG MESOTHELIAL CELLS,,-3,3.3,4,30293,105,884,10,1.1,0.36,646|768|4973|5320|11096|27289|28316|146395|286204|768239,BNC1|CA9|OLR1|PLA2G2A|ADAMTS5|RND1|CDH20|GSG1L|CRB2|PSAPL1,-1.8,0
1,-2.9,M39254,M1,1,0,Cell Type Signatures,7,MENON FETAL KIDNEY 4 PODOCYTES,,-2.9,2.5,3.7,30293,206,884,15,1.7,0.43,678|4059|5352|5420|5800|7122|7168|7431|10398|10763|10788|11346|23022|56999|57522,ZFP36L2|BCAM|PLOD2|PODXL|PTPRO|CLDN5|TPM1|VIM|MYL9|NES|IQGAP2|SYNPO|PALLD|ADAMTS9|SRGAP1,-1.8,0
1,-2.9,M40170,M1,1,0,Cell Type Signatures,7,DESCARTES FETAL CEREBRUM SKOR2 NPSR1 POSITIVE CELLS,,-2.9,3.5,4,30293,89,884,9,1,0.34,1136|4804|5121|6572|7020|56341|79750|253738|652991,CHRNA3|NGFR|PCP4|SLC18A3|TFAP2A|PRMT8|ZNF385D|EBF3|SKOR2,-1.8,0
1,-2.9,M40257,M1,1,0,Cell Type Signatures,7,DESCARTES FETAL MUSCLE VASCULAR ENDOTHELIAL CELLS,,-2.9,3.8,4.1,30293,73,884,8,0.9,0.32,6401|7424|11082|51299|57101|64123|64321|153579,SELE|VEGFC|ESM1|NRN1|ANO2|ADGRL4|SOX17|BTNL9,-1.8,0
1,-2.9,M39305,M1,1,0,Cell Type Signatures,7,CUI DEVELOPING HEART C8 MACROPHAGE,,-2.9,2.2,3.6,30293,275,884,18,2,0.48,2|388|678|1075|1992|3119|3123|3576|3726|4542|4688|4792|9332|10788|11010|11309|54502|170954,A2M|RHOB|ZFP36L2|CTSC|SERPINB1|HLA-DQB1|HLA-DRB1|CXCL8|JUNB|MYO1F|NCF2|NFKBIA|CD163|IQGAP2|GLIPR1|SLCO2B1|RBM47|PPP1R18,-1.7,0
1,-2.9,M40132,M1,1,0,Cell Type Signatures,7,DESCARTES MAIN FETAL AFP ALB POSITIVE CELLS,,-2.9,2.9,3.8,30293,128,884,11,1.2,0.37,1852|2168|2243|2244|2266|6319|6906|9936|9963|27329|27346,DUSP9|FABP1|FGA|FGB|FGG|SCD|SERPINA7|CD302|SLC23A1|ANGPTL3|TMEM97,-1.7,0
1,-2.9,M41689,M1,1,0,Cell Type Signatures,7,TRAVAGLINI LUNG BASOPHIL MAST 1 CELL,,-2.9,2.2,3.6,30293,276,884,18,2,0.48,216|960|1435|1992|2353|2624|3067|4792|4914|5327|7431|7846|8038|9459|10170|25927|50863|51330,ALDH1A1|CD44|CSF1|SERPINB1|FOS|GATA2|HDC|NFKBIA|NTRK1|PLAT|VIM|TUBA1A|ADAM12|ARHGEF6|DHRS9|CNRIP1|NTM|TNFRSF12A,-1.7,0
1,-2.9,M41705,M1,1,0,Cell Type Signatures,7,FAN OVARY CL3 MATURE CUMULUS GRANULOSA CELL 1,,-2.9,2.3,3.6,30293,254,884,17,1.9,0.46,388|678|1000|1282|1809|3417|4061|5178|5354|5947|6319|6566|27346|65124|80097|84206|132299,RHOB|ZFP36L2|CDH2|COL4A1|DPYSL3|IDH1|LY6E|PEG3|PLP1|RBP1|SCD|SLC16A1|TMEM97|SOWAHC|MZT2B|MEX3B|OCIAD2,-1.7,0
1,-2.8,M39022,M1,1,0,Cell Type Signatures,7,FAN EMBRYONIC CTX BIG GROUPS MICROGLIA,,-2.8,2,3.5,30293,371,884,22,2.5,0.52,2|348|388|463|678|1075|2353|3315|3726|4542|4792|4973|5155|6507|6886|7048|10170|10630|11010|11309|79974|170954,A2M|APOE|RHOB|ZFHX3|ZFP36L2|CTSC|FOS|HSPB1|JUNB|MYO1F|NFKBIA|OLR1|PDGFB|SLC1A3|TAL1|TGFBR2|DHRS9|PDPN|GLIPR1|SLCO2B1|CPED1|PPP1R18,-1.7,0
1,-2.8,M39294,M1,1,0,Cell Type Signatures,7,DURANTE ADULT OLFACTORY NEUROEPITHELIUM MAST CELLS,,-2.8,3.7,4,30293,75,884,8,0.9,0.32,330|960|1435|2624|3067|4792|7128|440712,BIRC3|CD44|CSF1|GATA2|HDC|NFKBIA|TNFAIP3|RHEX,-1.7,0
1,-2.8,M40169,M1,1,0,Cell Type Signatures,7,DESCARTES FETAL CEREBRUM OLIGODENDROCYTES,,-2.8,3.7,4,30293,75,884,8,0.9,0.32,2705|4821|4907|7368|10215|30813|65217|116448,GJB1|NKX2-2|NT5E|UGT8|OLIG2|VSX1|PCDH15|OLIG1,-1.7,0
1,-2.8,M41698,M1,1,0,Cell Type Signatures,7,TRAVAGLINI LUNG TREM2 DENDRITIC CELL,,-2.8,1.8,3.3,30293,572,884,30,3.4,0.61,2|216|348|388|467|760|960|1075|3119|3123|3127|3315|3417|4318|4688|4973|6035|6319|6507|7045|7127|7431|9260|11309|23022|26509|51177|54502|57118|400916,A2M|ALDH1A1|APOE|RHOB|ATF3|CA2|CD44|CTSC|HLA-DQB1|HLA-DRB1|HLA-DRB5|HSPB1|IDH1|MMP9|NCF2|OLR1|RNASE1|SCD|SLC1A3|TGFBI|TNFAIP2|VIM|PDLIM7|SLCO2B1|PALLD|MYOF|PLEKHO1|RBM47|CAMK1D|CHCHD10,-1.7,0
1,-2.7,M39195,M1,1,0,Cell Type Signatures,7,HAY BONE MARROW EARLY ERYTHROBLAST,,-2.7,3.2,3.8,30293,95,884,9,1,0.34,2091|4582|4609|8645|25927|27346|51083|51142|56997,FBL|MUC1|MYC|KCNK5|CNRIP1|TMEM97|GAL|CHCHD2|COQ8A,-1.6,0
1,-2.7,M39272,M1,1,0,Cell Type Signatures,7,DURANTE ADULT OLFACTORY NEUROEPITHELIUM OLFACTORY HORIZONTAL BASAL CELLS,,-2.7,7.2,4.7,30293,19,884,4,0.45,0.23,3488|4059|4609|9547,IGFBP5|BCAM|MYC|CXCL14,-1.6,0
1,-2.7,M39306,M1,1,0,Cell Type Signatures,7,CUI DEVELOPING HEART C9 B T CELL,,-2.7,2.7,3.6,30293,155,884,12,1.4,0.39,678|960|2113|3561|3726|4050|4792|6352|6932|7128|9235|27250,ZFP36L2|CD44|ETS1|IL2RG|JUNB|LTB|NFKBIA|CCL5|TCF7|TNFAIP3|IL32|PDCD4,-1.6,0
1,-2.7,M39149,M1,1,0,Cell Type Signatures,7,GAO SMALL INTESTINE 24W C6 GOBLET CELLS,,-2.7,4.5,4.1,30293,46,884,6,0.68,0.28,1179|4542|4583|6035|7031|83998,CLCA1|MYO1F|MUC2|RNASE1|TFF1|REG4,-1.6,0
1,-2.7,M40206,M1,1,0,Cell Type Signatures,7,DESCARTES FETAL HEART ELF3 AGBL2 POSITIVE CELLS,,-2.7,4.5,4.1,30293,46,884,6,0.68,0.28,1356|1770|4070|4582|10551|79645,CP|DNAH9|TACSTD2|MUC1|AGR2|CLXN,-1.6,0
1,-2.7,M39214,M1,1,0,Cell Type Signatures,7,ZHENG CORD BLOOD C5 SIMILAR TO HSC C6 PUTATIVE ALTERED METABOLIC STATE,,-2.7,3.2,3.7,30293,97,884,9,1,0.34,467|678|2353|2791|3119|3123|3576|3726|4792,ATF3|ZFP36L2|FOS|GNG11|HLA-DQB1|HLA-DRB1|CXCL8|JUNB|NFKBIA,-1.6,0
1,-2.7,M40273,M1,1,0,Cell Type Signatures,7,DESCARTES FETAL PANCREAS MESOTHELIAL CELLS,,-2.7,3.5,3.8,30293,79,884,8,0.9,0.32,646|1295|1301|2619|5320|6476|9052|286204,BNC1|COL8A1|COL11A1|GAS1|PLA2G2A|SI|GPRC5A|CRB2,-1.6,0
1,-2.7,M39081,M1,1,0,Cell Type Signatures,7,ZHONG PFC C8 ORG PROLIFERATING,,-2.7,3.9,3.9,30293,62,884,7,0.79,0.3,332|699|891|5347|10112|55771|259266,BIRC5|BUB1|CCNB1|PLK1|KIF20A|PRR11|ASPM,-1.6,0
1,-2.6,M39210,M1,1,0,Cell Type Signatures,7,ZHENG CORD BLOOD C1 PUTATIVE MEGAKARYOCYTE PROGENITOR,,-2.6,3.1,3.7,30293,98,884,9,1,0.34,760|3934|5155|5196|6352|7168|10008|22915|81027,CA2|LCN2|PDGFB|PF4|CCL5|TPM1|KCNE3|MMRN1|TUBB1,-1.5,0
1,-2.6,M40106,M1,1,0,Cell Type Signatures,7,DESCARTES MAIN FETAL ENDOCARDIAL CELLS,,-2.6,3.4,3.8,30293,80,884,8,0.9,0.32,1889|2331|2701|4907|8404|27123|54682|57493,ECE1|FMOD|GJA4|NT5E|SPARCL1|DKK2|MANSC1|HEG1,-1.5,0
1,-2.6,M39241,M1,1,0,Cell Type Signatures,7,LAKE ADULT KIDNEY C22 ENDOTHELIAL CELLS GLOMERULAR CAPILLARIES,,-2.6,2.8,3.6,30293,137,884,11,1.2,0.37,1012|1282|1879|2353|3488|5327|6578|6935|7048|9590|23194,CDH13|COL4A1|EBF1|FOS|IGFBP5|PLAT|SLCO2A1|ZEB1|TGFBR2|AKAP12|FBXL7,-1.5,0
1,-2.6,M39166,M1,1,0,Cell Type Signatures,7,GAO LARGE INTESTINE ADULT CI MESENCHYMAL CELLS,,-2.6,2,3.3,30293,361,884,21,2.4,0.51,664|2593|3383|3676|4061|4478|5142|6935|7431|8728|9839|11010|22821|51177|51561|80312|80326|122786|170954|221188|440712,BNIP3|GAMT|ICAM1|ITGA4|LY6E|MSN|PDE4B|ZEB1|VIM|ADAM19|ZEB2|GLIPR1|RASA3|PLEKHO1|IL23A|TET1|WNT10A|FRMD6|PPP1R18|ADGRG5|RHEX,-1.5,0
1,-2.6,M39308,M1,1,0,Cell Type Signatures,7,CUI DEVELOPING HEART TRABECULAR ATRIAL CARDIOMYOCYTE,,-2.6,2.5,3.5,30293,179,884,13,1.5,0.4,1000|2318|3270|4684|5033|5352|6319|6546|6566|10763|22795|51330|57493,CDH2|FLNC|HRC|NCAM1|P4HA1|PLOD2|SCD|SLC8A1|SLC16A1|NES|NID2|TNFRSF12A|HEG1,-1.5,0
1,-2.6,M39127,M1,1,0,Cell Type Signatures,7,AIZARANI LIVER C28 NK NKT CELLS 6,,-2.6,3.1,3.7,30293,99,884,9,1,0.34,678|960|2113|3561|3726|6932|7128|27250|54855,ZFP36L2|CD44|ETS1|IL2RG|JUNB|TCF7|TNFAIP3|PDCD4|TENT5C,-1.5,0
1,-2.6,M41699,M1,1,0,Cell Type Signatures,7,TRAVAGLINI LUNG CLASSICAL MONOCYTE CELL,,-2.6,2.2,3.3,30293,270,884,17,1.9,0.46,196|1545|2353|3099|4542|4688|5339|6546|7045|7127|9332|9839|10008|10491|51177|54502|55959,AHR|CYP1B1|FOS|HK2|MYO1F|NCF2|PLEC|SLC8A1|TGFBI|TNFAIP2|CD163|ZEB2|KCNE3|CRTAP|PLEKHO1|RBM47|SULF2,-1.5,0
1,-2.6,M39225,M1,1,0,Cell Type Signatures,7,LAKE ADULT KIDNEY C6 PROXIMAL TUBULE EPITHELIAL CELLS FIBRINOGEN POS S3,,-2.6,2.5,3.4,30293,181,884,13,1.5,0.4,1004|1410|2243|2244|3696|4329|5345|7052|9547|9590|22871|23194|440712,CDH6|CRYAB|FGA|FGB|ITGB8|ALDH6A1|SERPINF2|TGM2|CXCL14|AKAP12|NLGN1|FBXL7|RHEX,-1.5,0
1,-2.6,M41711,M1,1,0,Cell Type Signatures,7,FAN OVARY CL9 PUTATIVE APOPTOTIC ENDOTHELIAL CELL,,-2.6,2,3.2,30293,365,884,21,2.4,0.51,2|2791|3123|3127|3315|3383|4059|4478|4792|6401|6890|7122|8404|10397|10865|10964|51177|51330|64123|64321|79750,A2M|GNG11|HLA-DRB1|HLA-DRB5|HSPB1|ICAM1|BCAM|MSN|NFKBIA|SELE|TAP1|CLDN5|SPARCL1|NDRG1|ARID5A|IFI44L|PLEKHO1|TNFRSF12A|ADGRL4|SOX17|ZNF385D,-1.5,0
1,-2.5,M39224,M1,1,0,Cell Type Signatures,7,LAKE ADULT KIDNEY C5 PROXIMAL TUBULE EPITHELIAL CELLS STRESS INFLAM,,-2.5,1.9,3.2,30293,417,884,23,2.6,0.54,1244|1282|2139|2353|2649|3249|3772|4329|4792|5033|5076|8645|8671|26115|54502|55603|57451|64798|65217|83660|114569|134147|389432,ABCC2|COL4A1|EYA2|FOS|NR6A1|HPN|KCNJ15|ALDH6A1|NFKBIA|P4HA1|PAX2|KCNK5|SLC4A4|TANC2|RBM47|TENT5A|TENM2|DEPTOR|PCDH15|TLN2|MAL2|CMBL|SAMD5,-1.5,0
1,-2.5,M39107,M1,1,0,Cell Type Signatures,7,AIZARANI LIVER C3 NK NKT CELLS 2,,-2.5,2.5,3.4,30293,162,884,12,1.4,0.39,678|960|2113|3561|3726|4050|6932|7128|9235|10125|27250|115362,ZFP36L2|CD44|ETS1|IL2RG|JUNB|LTB|TCF7|TNFAIP3|IL32|RASGRP1|PDCD4|GBP5,-1.5,0
1,-2.5,M40283,M1,1,0,Cell Type Signatures,7,DESCARTES FETAL PLACENTA VASCULAR ENDOTHELIAL CELLS,,-2.5,3,3.5,30293,102,884,9,1,0.34,1012|4826|4858|7122|10690|29775|51267|64123|83700,CDH13|NNAT|NOVA2|CLDN5|FUT9|CARD10|CLEC1A|ADGRL4|JAM3,-1.5,0
1,-2.5,M40237,M1,1,0,Cell Type Signatures,7,DESCARTES FETAL LUNG SQUAMOUS EPITHELIAL CELLS,,-2.5,2.3,3.3,30293,206,884,14,1.6,0.42,1030|1087|1893|2810|3934|4070|4118|4496|4680|10331|27123|80352|81607|94234,CDKN2B|CEACAM7|ECM1|SFN|LCN2|TACSTD2|MAL|MT1H|CEACAM6|B3GNT3|DKK2|RNF39|NECTIN4|FOXQ1,-1.4,0
1,-2.5,M39129,M1,1,0,Cell Type Signatures,7,AIZARANI LIVER C30 HEPATOCYTES 4,,-2.5,1.8,3.1,30293,446,884,24,2.7,0.55,2|467|727|1244|1356|1373|1559|2919|3249|4739|4916|9768|22885|51129|55530|55603|57118|57211|59339|196740|285676|340547|346606|440270,A2M|ATF3|C5|ABCC2|CP|CPS1|CYP2C9|CXCL1|HPN|NEDD9|NTRK3|PCLAF|ABLIM3|ANGPTL4|SVOP|TENT5A|CAMK1D|ADGRG6|PLEKHA2|VSTM4|ZNF454|VSIG1|MOGAT3|GOLGA8B,-1.4,0
1,-2.5,M40299,M1,1,0,Cell Type Signatures,7,DESCARTES FETAL STOMACH SQUAMOUS EPITHELIAL CELLS,,-2.5,3.6,3.7,30293,67,884,7,0.79,0.3,2196|2810|3854|4070|6274|9982|81607,FAT2|SFN|KRT6B|TACSTD2|S100A3|FGFBP1|NECTIN4,-1.4,0
1,-2.5,M40217,M1,1,0,Cell Type Signatures,7,DESCARTES FETAL INTESTINE MESOTHELIAL CELLS,,-2.5,3.2,3.6,30293,85,884,8,0.9,0.32,646|1301|2256|6337|7477|54715|80326|286204,BNC1|COL11A1|FGF11|SCNN1A|WNT7B|RBFOX1|WNT10A|CRB2,-1.4,0
1,-2.5,M39146,M1,1,0,Cell Type Signatures,7,GAO SMALL INTESTINE 24W C2 PROCRPOS PROGENITOR,,-2.5,6.2,4.3,30293,22,884,4,0.45,0.23,3488|10186|23768|57124,IGFBP5|LHFPL6|FLRT2|CD248,-1.4,0
1,-2.5,M39162,M1,1,0,Cell Type Signatures,7,GAO LARGE INTESTINE ADULT CE OLFM4HIGH STEM CELL,,-2.5,1.9,3.1,30293,374,884,21,2.4,0.51,477|1004|2624|3119|3741|4050|4059|4133|4586|6374|6570|7484|8609|11346|22979|51561|57493|79974|84206|84969|162494,ATP1A2|CDH6|GATA2|HLA-DQB1|KCNA5|LTB|BCAM|MAP2|MUC5AC|CXCL5|SLC18A1|WNT9B|KLF7|SYNPO|EFR3B|IL23A|HEG1|CPED1|MEX3B|TOX2|RHBDL3,-1.4,0
1,-2.4,M40238,M1,1,0,Cell Type Signatures,7,DESCARTES FETAL LUNG CSH1 CSH2 POSITIVE CELLS,,-2.4,2.3,3.2,30293,212,884,14,1.6,0.42,338|1747|5178|7052|7262|7291|8038|8482|10761|26266|51129|51330|54437|84267,APOB|DLX3|PEG3|TGM2|PHLDA2|TWIST1|ADAM12|SEMA7A|PLAC1|SLC13A4|ANGPTL4|TNFRSF12A|SEMA5B|QNG1,-1.4,0
1,-2.4,M39099,M1,1,0,Cell Type Signatures,7,ZHONG PFC C4 PTGDS POS OPC,,-2.4,2.6,3.3,30293,147,884,11,1.2,0.37,949|5354|5800|7018|7368|23452|27328|50863|54674|79953|256987,SCARB1|PLP1|PTPRO|TF|UGT8|ANGPTL2|PCDH11X|NTM|LRRN3|SYNDIG1|SERINC5,-1.4,0
1,-2.4,M39163,M1,1,0,Cell Type Signatures,7,GAO LARGE INTESTINE ADULT CF GOBLET CELL SUBTYPE 1,,-2.4,6,4.1,30293,23,884,4,0.45,0.23,5210|57514|192134|654463,PFKFB4|ARHGAP31|B3GNT6|FER1L6,-1.3,0
1,-2.4,M40197,M1,1,0,Cell Type Signatures,7,DESCARTES FETAL HEART ENDOCARDIAL CELLS,,-2.4,4.6,3.8,30293,37,884,5,0.57,0.25,3624|6578|7484|27164|92293,INHBA|SLCO2A1|WNT9B|SALL3|TMEM132C,-1.3,0
1,-2.4,M39021,M1,1,0,Cell Type Signatures,7,FAN EMBRYONIC CTX BIG GROUPS BRAIN IMMUNE,,-2.4,2.5,3.3,30293,148,884,11,1.2,0.37,678|960|2113|2353|3123|3561|3726|4050|4061|4478|9235,ZFP36L2|CD44|ETS1|FOS|HLA-DRB1|IL2RG|JUNB|LTB|LY6E|MSN|IL32,-1.3,0
1,-2.4,M40005,M1,1,0,Cell Type Signatures,7,BUSSLINGER ESOPHAGEAL DENDRITIC CELLS,,-2.4,2.2,3.2,30293,214,884,14,1.6,0.42,463|2353|3119|3123|3127|3561|3726|4050|6498|7128|7431|7791|26499|57118,ZFHX3|FOS|HLA-DQB1|HLA-DRB1|HLA-DRB5|IL2RG|JUNB|LTB|SKIL|TNFAIP3|VIM|ZYX|PLEK2|CAMK1D,-1.3,0
1,-2.4,M40133,M1,1,0,Cell Type Signatures,7,DESCARTES MAIN FETAL EXTRAVILLOUS TROPHOBLASTS,,-2.4,2.7,3.3,30293,128,884,10,1.1,0.36,2196|3149|3855|8728|9241|9982|10272|11010|27201|56287,FAT2|HMGB3|KRT7|ADAM19|NOG|FGFBP1|FSTL3|GLIPR1|GPR78|GKN1,-1.3,0
1,-2.4,M40271,M1,1,0,Cell Type Signatures,7,DESCARTES FETAL PANCREAS DUCTAL CELLS,,-2.4,2.7,3.3,30293,128,884,10,1.1,0.36,1045|3026|3772|4316|6337|8671|57348|81607|84152|200010,CDX2|HABP2|KCNJ15|MMP7|SCNN1A|SLC4A4|TTYH1|NECTIN4|PPP1R1B|SLC5A9,-1.3,0
1,-2.3,M40022,M1,1,0,Cell Type Signatures,7,BUSSLINGER GASTRIC ANTRAL ECS,,-2.3,8.6,4.5,30293,12,884,3,0.34,0.2,1644|5080|51655,DDC|PAX6|RASD1,-1.3,0
1,-2.3,M40277,M1,1,0,Cell Type Signatures,7,DESCARTES FETAL PLACENTA EXTRAVILLOUS TROPHOBLASTS,,-2.3,3.4,3.5,30293,71,884,7,0.79,0.3,2196|3772|9241|10272|27201|56287|147111,FAT2|KCNJ15|NOG|FSTL3|GPR78|GKN1|NOTUM,-1.3,0
1,-2.3,M41661,M1,1,0,Cell Type Signatures,7,TRAVAGLINI LUNG SIGNALING ALVEOLAR EPITHELIAL TYPE 2 CELL,,-2.3,3.4,3.5,30293,71,884,7,0.79,0.3,960|3772|4582|6035|6319|55885|151126,CD44|KCNJ15|MUC1|RNASE1|SCD|LMO3|ZNF385B,-1.3,0
1,-2.3,M41748,M1,1,0,Cell Type Signatures,7,RUBENSTEIN SKELETAL MUSCLE SATELLITE CELLS,,-2.3,2,3,30293,310,884,18,2,0.48,216|348|388|1410|2353|3488|3726|4609|5947|6258|7431|7846|8788|9547|26355|51142|51655|400916,ALDH1A1|APOE|RHOB|CRYAB|FOS|IGFBP5|JUNB|MYC|RBP1|RXRG|VIM|TUBA1A|DLK1|CXCL14|FAM162A|CHCHD2|RASD1|CHCHD10,-1.3,0
1,-2.3,M40189,M1,1,0,Cell Type Signatures,7,DESCARTES FETAL EYE VASCULAR ENDOTHELIAL CELLS,,-2.3,3,3.4,30293,90,884,8,0.9,0.32,2004|5420|7122|23129|51267|56892|64123|389206,ELK3|PODXL|CLDN5|PLXND1|CLEC1A|TCIM|ADGRL4|BEND4,-1.3,0
1,-2.3,M39310,M1,1,0,Cell Type Signatures,7,CUI DEVELOPING HEART TRABECULAR VENTRICULAR CARDIOMYOCYTE,,-2.3,2.8,3.3,30293,110,884,9,1,0.34,1382|3156|6258|6319|6498|9353|10962|51330|51655,CRABP2|HMGCR|RXRG|SCD|SKIL|SLIT2|MLLT11|TNFRSF12A|RASD1,-1.3,0
1,-2.3,M39299,M1,1,0,Cell Type Signatures,7,CUI DEVELOPING HEART C2 CARDIOMYOCYTE,,-2.3,3,3.3,30293,91,884,8,0.9,0.32,230|664|1410|6236|6546|10398|81706|400916,ALDOC|BNIP3|CRYAB|RRAD|SLC8A1|MYL9|PPP1R14C|CHCHD10,-1.3,0
1,-2.3,M39194,M1,1,0,Cell Type Signatures,7,HAY BONE MARROW DENDRITIC CELL,,-2.3,2.3,3.1,30293,196,884,13,1.5,0.4,3119|3123|3127|3741|5345|7045|8482|23316|23657|24141|91584|375704|440712,HLA-DQB1|HLA-DRB1|HLA-DRB5|KCNA5|SERPINF2|TGFBI|SEMA7A|CUX2|SLC7A11|LAMP5|PLXNA4|ENHO|RHEX,-1.3,0
1,-2.3,M40015,M1,1,0,Cell Type Signatures,7,BUSSLINGER GASTRIC LYZ POSITIVE CELLS,,-2.3,2.8,3.3,30293,111,884,9,1,0.34,2331|2353|4312|7032|10551|10690|83879|84152|91461,FMOD|FOS|MMP1|TFF2|AGR2|FUT9|CDCA7|PPP1R1B|PKDCC,-1.3,0
1,-2.2,M39124,M1,1,0,Cell Type Signatures,7,AIZARANI LIVER C23 KUPFFER CELLS 3,,-2.2,2.2,3,30293,221,884,14,1.6,0.42,196|960|1992|3576|4542|4688|4792|7127|7431|9332|9839|10326|57573|196740,AHR|CD44|SERPINB1|CXCL8|MYO1F|NCF2|NFKBIA|TNFAIP2|VIM|CD163|ZEB2|SIRPB1|ZNF471|VSTM4,-1.2,0
1,-2.2,M40224,M1,1,0,Cell Type Signatures,7,DESCARTES FETAL KIDNEY MESANGIAL CELLS,,-2.2,3.7,3.5,30293,56,884,6,0.68,0.28,1295|2307|3371|23022|85407|402665,COL8A1|FOXS1|TNC|PALLD|NKD1|IGLON5,-1.2,0
1,-2.2,M40269,M1,1,0,Cell Type Signatures,7,DESCARTES FETAL PANCREAS ENS GLIA,,-2.2,3.2,3.3,30293,74,884,7,0.79,0.3,2899|5354|5803|7020|9951|132204|220382,GRIK3|PLP1|PTPRZ1|TFAP2A|HS3ST4|SYNPR|FAM181B,-1.2,0
1,-2.2,M39304,M1,1,0,Cell Type Signatures,7,CUI DEVELOPING HEART C7 MAST CELL,,-2.2,2.4,3.1,30293,156,884,11,1.2,0.37,216|960|2624|3067|3099|4792|7128|9459|25927|55603|440712,ALDH1A1|CD44|GATA2|HDC|HK2|NFKBIA|TNFAIP3|ARHGEF6|CNRIP1|TENT5A|RHEX,-1.2,0
1,-2.2,M40282,M1,1,0,Cell Type Signatures,7,DESCARTES FETAL PLACENTA STROMAL CELLS,,-2.2,2.9,3.2,30293,94,884,8,0.9,0.32,2736|3768|5446|6572|9353|9671|55117|57575,GLI2|KCNJ12|PON3|SLC18A3|SLIT2|WSCD2|SLC6A15|PCDH10,-1.2,0
1,-2.2,M41652,M1,1,0,Cell Type Signatures,7,TRAVAGLINI LUNG PROXIMAL BASAL CELL,,-2.2,1.6,2.8,30293,629,884,30,3.4,0.61,216|678|1075|1809|1889|2091|2139|2593|3149|3371|3673|3726|4059|4061|4070|4319|5764|5803|7020|7103|10551|10752|11170|26355|27250|55612|57118|84159|143903|400916,ALDH1A1|ZFP36L2|CTSC|DPYSL3|ECE1|FBL|EYA2|GAMT|HMGB3|TNC|ITGA2|JUNB|BCAM|LY6E|TACSTD2|MMP10|PTN|PTPRZ1|TFAP2A|TSPAN8|AGR2|CHL1|FAM107A|FAM162A|PDCD4|FERMT1|CAMK1D|ARID5B|LAYN|CHCHD10,-1.2,0
1,-2.2,M39226,M1,1,0,Cell Type Signatures,7,LAKE ADULT KIDNEY C7 PROXIMAL TUBULE EPITHELIAL CELLS S3,,-2.2,2.5,3.1,30293,135,884,10,1.1,0.36,1004|3685|3696|3772|6385|7168|9547|9590|84159|440712,CDH6|ITGAV|ITGB8|KCNJ15|SDC4|TPM1|CXCL14|AKAP12|ARID5B|RHEX,-1.2,0
1,-2.2,M39206,M1,1,0,Cell Type Signatures,7,HAY BONE MARROW PLATELET,,-2.2,2,2.9,30293,271,884,16,1.8,0.45,1264|2791|3934|5021|5196|6374|6572|7122|9260|10398|22885|51177|54498|81027|89872|90853,CNN1|GNG11|LCN2|OXTR|PF4|CXCL5|SLC18A3|CLDN5|PDLIM7|MYL9|ABLIM3|PLEKHO1|SMOX|TUBB1|AQP10|SPOCD1,-1.2,0
1,-2.2,M39158,M1,1,0,Cell Type Signatures,7,GAO LARGE INTESTINE 24W C8 GOBLET CELL,,-2.2,4.2,3.5,30293,41,884,5,0.57,0.25,4680|6337|10170|192134|654463,CEACAM6|SCNN1A|DHRS9|B3GNT6|FER1L6,-1.2,0
1,-2.1,M41665,M1,1,0,Cell Type Signatures,7,TRAVAGLINI LUNG CAPILLARY CELL,,-2.1,7.3,4.1,30293,14,884,3,0.34,0.2,1906|6035|153579,EDN1|RNASE1|BTNL9,-1.2,0
1,-2.1,M40300,M1,1,0,Cell Type Signatures,7,DESCARTES FETAL STOMACH PARIETAL AND CHIEF CELLS,,-2.1,4.1,3.5,30293,42,884,5,0.57,0.25,2243|2244|6822|26355|27329,FGA|FGB|SULT2A1|FAM162A|ANGPTL3,-1.1,0
1,-2.1,M41664,M1,1,0,Cell Type Signatures,7,TRAVAGLINI LUNG CAPILLARY AEROCYTE CELL,,-2.1,4.1,3.5,30293,42,884,5,0.57,0.25,1910|2791|6274|7846|9235,EDNRB|GNG11|S100A3|TUBA1A|IL32,-1.1,0
1,-2.1,M39213,M1,1,0,Cell Type Signatures,7,ZHENG CORD BLOOD C4 PUTATIVE EARLY ERYTHROID COMMITMENT,,-2.1,2.8,3.1,30293,97,884,8,0.9,0.32,1992|2624|3676|6498|9839|57482|64798|143686,SERPINB1|GATA2|ITGA4|SKIL|ZEB2|CRACD|DEPTOR|SESN3,-1.1,0
1,-2.1,M41714,M1,1,0,Cell Type Signatures,7,FAN OVARY CL12 T LYMPHOCYTE NK CELL 2,,-2.1,2.3,3,30293,161,884,11,1.2,0.37,330|678|960|3561|4050|4478|6352|7128|9235|11010|27250,BIRC3|ZFP36L2|CD44|IL2RG|LTB|MSN|CCL5|TNFAIP3|IL32|GLIPR1|PDCD4,-1.1,0
1,-2.1,M40117,M1,1,0,Cell Type Signatures,7,DESCARTES MAIN FETAL METANEPHRIC CELLS,,-2.1,4,3.4,30293,43,884,5,0.57,0.25,3226|3227|58524|116372|497190,HOXC10|HOXC11|DMRT3|LYPD1|CLEC18B,-1.1,0
1,-2.1,M40003,M1,1,0,Cell Type Signatures,7,BUSSLINGER ESOPHAGEAL EARLY SUPRABASAL CELLS,,-2.1,3,3.1,30293,79,884,7,0.79,0.3,891|2091|2353|4288|6241|7153|259266,CCNB1|FBL|FOS|MKI67|RRM2|TOP2A|ASPM,-1.1,0
1,-2.1,M39208,M1,1,0,Cell Type Signatures,7,HAY BONE MARROW PRO B,,-2.1,1.9,2.8,30293,304,884,17,1.9,0.46,332|1163|3149|3833|4085|4288|6502|7153|9918|23468|54478|55536|55771|83723|83879|259266|388394,BIRC5|CKS1B|HMGB3|KIFC1|MAD2L1|MKI67|SKP2|TOP2A|NCAPD2|CBX5|PIMREG|CDCA7L|PRR11|TLCD3B|CDCA7|ASPM|RPRML,-1.1,0
1,-2.1,M39093,M1,1,0,Cell Type Signatures,7,ZHONG PFC C6 DLX5 GAD1 GAD2 POS INTERNEURON,,-2.1,6.9,3.9,30293,15,884,3,0.34,0.2,1749|5947|170302,DLX5|RBP1|ARX,-1.1,0
1,-2.1,M40229,M1,1,0,Cell Type Signatures,7,DESCARTES FETAL LIVER MYELOID CELLS,,-2.1,2.1,2.8,30293,209,884,13,1.5,0.4,2139|2675|3576|4648|4688|5800|7127|9332|10326|23544|54502|140711|340533,EYA2|GFRA2|CXCL8|MYO7B|NCF2|PTPRO|TNFAIP2|CD163|SIRPB1|SEZ6L|RBM47|TLDC2|NEXMIF,-1.1,0
1,-2,M40225,M1,1,0,Cell Type Signatures,7,DESCARTES FETAL KIDNEY VASCULAR ENDOTHELIAL CELLS,,-2,2.7,3,30293,100,884,8,0.9,0.32,2823|6401|11082|29775|51267|56892|64123|64321,GPM6A|SELE|ESM1|CARD10|CLEC1A|TCIM|ADGRL4|SOX17,-1.1,0
1,-2,M39266,M1,1,0,Cell Type Signatures,7,HU FETAL RETINA MICROGLIA,,-2,1.8,2.7,30293,382,884,20,2.3,0.5,2|388|467|678|1075|2353|3123|3576|3726|4478|4542|4792|4973|7048|7791|11010|11309|51177|79974|170954,A2M|RHOB|ATF3|ZFP36L2|CTSC|FOS|HLA-DRB1|CXCL8|JUNB|MSN|MYO1F|NFKBIA|OLR1|TGFBR2|ZYX|GLIPR1|SLCO2B1|PLEKHO1|CPED1|PPP1R18,-1.1,0
1,-2,M39120,M1,1,0,Cell Type Signatures,7,AIZARANI LIVER C18 NK NKT CELLS 5,,-2,2.5,3,30293,121,884,9,1,0.34,3119|3315|3576|4688|7045|7127|7431|9332|9839,HLA-DQB1|HSPB1|CXCL8|NCF2|TGFBI|TNFAIP2|VIM|CD163|ZEB2,-1.1,0
1,-2,M40119,M1,1,0,Cell Type Signatures,7,DESCARTES MAIN FETAL STELLATE CELLS,,-2,3.3,3.2,30293,62,884,6,0.68,0.28,1893|9509|9971|54492|56999|64399,ECM1|ADAMTS2|NR1H4|NEURL1B|ADAMTS9|HHIP,-1.1,0
1,-2,M40200,M1,1,0,Cell Type Signatures,7,DESCARTES FETAL HEART SMOOTH MUSCLE CELLS,,-2,3.8,3.3,30293,45,884,5,0.57,0.25,2307|5322|6876|25802|54437,FOXS1|PLA2G5|TAGLN|LMOD1|SEMA5B,-1,0
