_MEMBER_down_common_genes,_MEMBER_down_epi_only,_MEMBER_down_mes_only,_MEMBER_down_mes_up_epi,_MEMBER_up_common_genes,_MEMBER_up_epi_only,_MEMBER_up_mes_down_epi,_MEMBER_up_mes_only,_LogP_down_common_genes,_LogP_down_epi_only,_LogP_down_mes_only,_LogP_down_mes_up_epi,_LogP_up_common_genes,_LogP_up_epi_only,_LogP_up_mes_down_epi,_LogP_up_mes_only,GO,_PATTERN_,_RANK_,GiniIndex,Category,CategoryID,Description,PARENT_GO,LogP,Enrichment,Z-score,#TotalGeneInLibrary,#GeneInGO,#GeneInHitList,#GeneInGOAndHitList,%InGO,STDV %InGO,GeneID,Hits,Log(q-value),EvidenceCutoff
1,1,0,0,0,0,0,0,-4.3,-50,0,0,0,0,0,0,M40234,M11000000,2,0,Cell Type Signatures,7,DESCARTES FETAL LIVER HEPATOBLASTS,,-50,13,27,30286,500,275,61,22,2.5,13|173|174|216|335|336|338|350|433|622|1644|2065|2147|2330|2705|3026|3053|3158|3172|3249|3698|5174|5265|5345|5624|5950|6819|7018|7276|7364|7366|7429|8431|9104|10110|10840|10841|27134|29974|51085|51473|53841|55195|57462|79589|92840|113220|134548|149466|151258|164656|197257|256394|256764|257407|257629|283375|284111|388323|389434|100996492,AADAC|AFM|AFP|ALDH1A1|APOA1|APOA2|APOB|APOH|ASGR2|BDH1|DDC|ERBB3|F2|FMO5|GJB1|HABP2|SERPIND1|HMGCS2|HNF4A|HPN|ITIH2|PDZK1|SERPINA1|SERPINF2|PROC|RBP4|SULT1C2|TF|TTR|UGT2B7|UGT2B15|VIL1|NR0B2|RGN|SGK2|ALDH1L1|FTCD|TJP3|A1CF|MLXIPL|DCDC2|CDHR5|CCDC198|MYORG|RNF128|REEP6|KIF12|SOWAHA|C1orf210|SLC38A11|TMPRSS6|LDHD|SERPINA11|WDR72|C2orf72|ANKS4B|SLC39A5|SLC13A5|GLTPD2|IYD|CTXND1,-45,0
1,1,0,0,0,0,0,0,-5.6,-29,0,0,0,0,0,0,M39115,M11000000,2,0,Cell Type Signatures,7,AIZARANI LIVER C11 HEPATOCYTES 1,,-29,13,20,30286,298,275,36,13,2,13|173|216|335|336|338|350|433|2147|2153|2330|2938|3053|3158|3248|3249|3417|3698|5005|5265|5345|5624|5950|7018|7276|7364|7366|9104|10840|10841|11001|22837|29974|51085|256394|284111,AADAC|AFM|ALDH1A1|APOA1|APOA2|APOB|APOH|ASGR2|F2|F5|FMO5|GSTA1|SERPIND1|HMGCS2|HPGD|HPN|IDH1|ITIH2|ORM2|SERPINA1|SERPINF2|PROC|RBP4|TF|TTR|UGT2B7|UGT2B15|RGN|ALDH1L1|FTCD|SLC27A2|COBLL1|A1CF|MLXIPL|SERPINA11|SLC13A5,-25,0
1,1,0,0,0,0,1,0,-3.9,-25,0,0,0,0,-2.4,0,M40287,M11000010,3,0,Cell Type Signatures,7,DESCARTES FETAL SPLEEN AFP ALB POSITIVE CELLS,,-25,16,20,30286,188,275,28,10,1.8,174|335|336|338|350|433|2147|2153|2330|2705|2938|3026|3053|3158|3172|3249|3698|5265|5345|5950|6819|7018|7276|10841|11001|29974|283375|284111,AFP|APOA1|APOA2|APOB|APOH|ASGR2|F2|F5|FMO5|GJB1|GSTA1|HABP2|SERPIND1|HMGCS2|HNF4A|HPN|ITIH2|SERPINA1|SERPINF2|RBP4|SULT1C2|TF|TTR|FTCD|SLC27A2|A1CF|SLC39A5|SLC13A5,-21,0
0,0,0,0,1,1,1,1,0,0,0,0,-25,-3.9,-7.2,-6.1,M41700,M00001111,4,0,Cell Type Signatures,7,TRAVAGLINI LUNG OLR1 CLASSICAL MONOCYTE CELL,,-25,8.6,17,30286,726,195,40,21,2.9,60|387|637|1520|1890|2495|2633|2907|2919|2921|3383|3460|3576|3656|4327|4792|4794|5216|5329|5687|5743|5879|5971|7097|7127|7128|8676|8942|9050|9308|10019|10318|10970|11182|23636|80149|83937|84419|152007|259307,ACTB|RHOA|BID|CTSS|TYMP|FTH1|GBP1|GRINA|CXCL1|CXCL3|ICAM1|IFNGR2|CXCL8|IRAK2|MMP19|NFKBIA|NFKBIE|PFN1|PLAUR|PSMA6|PTGS2|RAC1|RELB|TLR2|TNFAIP2|TNFAIP3|STX11|KYNU|PSTPIP2|CD83|SH2B3|TNIP1|CKAP4|SLC2A6|NUP62|ZC3H12A|RASSF4|C15orf48|GLIPR2|IL4I1,-21,0
1,1,0,0,0,0,0,0,-3.5,-24,0,0,0,0,0,0,M40276,M11000000,2,0,Cell Type Signatures,7,DESCARTES FETAL PLACENTA AFP ALB POSITIVE CELLS,,-24,17,20,30286,171,275,26,9.5,1.8,174|335|336|338|350|433|622|1644|2147|2330|2938|3053|3158|3698|5265|5345|5950|7018|7276|10841|29974|51085|92840|164656|283375|284111,AFP|APOA1|APOA2|APOB|APOH|ASGR2|BDH1|DDC|F2|FMO5|GSTA1|SERPIND1|HMGCS2|ITIH2|SERPINA1|SERPINF2|RBP4|TF|TTR|FTCD|A1CF|MLXIPL|REEP6|TMPRSS6|SLC39A5|SLC13A5,-20,0
0,1,0,0,0,1,0,0,0,-22,0,0,0,-5.2,0,0,M40175,M01000100,2,0,Cell Type Signatures,7,DESCARTES FETAL EYE CORNEAL AND CONJUNCTIVAL EPITHELIAL CELLS,,-22,13,18,30286,243,275,28,10,1.8,175|2125|3866|4072|4585|4680|5265|6286|7033|7348|8537|8796|10232|10331|10551|23584|27134|51316|56649|64787|79660|80004|84958|114569|127733|147798|155465|161291,AGA|EVPL|KRT15|EPCAM|MUC4|CEACAM6|SERPINA1|S100P|TFF3|UPK1B|BCAS1|SCEL|MSLN|B3GNT3|AGR2|VSIG2|TJP3|PLAC8|TMPRSS4|EPS8L2|PPP1R3B|ESRP2|SYTL1|MAL2|UBXN10|TMC4|AGR3|TMEM30B,-18,0
0,0,1,1,1,0,1,1,0,0,-3.4,-4.7,-5.7,0,-2.6,-22,M39175,M00111011,5,0,Cell Type Signatures,7,MURARO PANCREAS MESENCHYMAL STROMAL CELL,,-22,6.5,14,30286,680,295,43,15,2.1,87|861|1289|1314|1490|2191|3688|3987|3992|4502|5223|5782|6396|6678|7130|7145|8507|8828|9588|9645|9859|9871|9902|10109|10484|10492|10797|11015|11335|22801|23213|51199|54732|54838|54867|58505|79709|80176|81671|84627|162073|168455|253461,ACTN1|RUNX1|COL5A1|COPA|CCN2|FAP|ITGB1|LIMS1|FADS1|MT2A|PGAM1|PTPN12|SEC13|SPARC|TNFAIP6|TNS1|ENC1|NRP2|PRDX6|MICAL2|CEP170|SEC24D|MRC2|ARPC2|SEC23A|SYNCRIP|MTHFD2|KDELR3|CBX3|ITGA11|SULF1|NIN|TMED9|WBP1L|TMEM214|OSTC|COLGALT1|SPSB1|VMP1|ZNF469|ITPRIPL2|CCDC71L|ZBTB38,-18,0
1,1,0,0,0,0,1,0,-5.5,-22,0,0,0,0,-4.2,0,M40013,M11000010,3,0,Cell Type Signatures,7,BUSSLINGER GASTRIC MATURE PIT CELLS,,-22,13,18,30286,224,275,27,9.8,1.8,489|760|1308|3171|3248|6286|6337|6819|7032|7103|8537|10424|11199|23584|51316|54502|54845|57016|79083|79589|84418|114569|165679|201501|340547|388743|768239,ATP2A3|CA2|COL17A1|FOXA3|HPGD|S100P|SCNN1A|SULT1C2|TFF2|TSPAN8|BCAS1|PGRMC2|ANXA10|VSIG2|PLAC8|RBM47|ESRP1|AKR1B10|MLPH|RNF128|CYSTM1|MAL2|SPTSSB|ZBTB7C|VSIG1|CAPN8|PSAPL1,-18,0
1,1,0,0,0,0,0,0,-4.7,-22,0,0,0,0,0,0,M39118,M11000000,2,0,Cell Type Signatures,7,AIZARANI LIVER C14 HEPATOCYTES 2,,-22,13,18,30286,226,275,27,9.8,1.8,173|216|335|336|338|350|433|2147|2705|2938|3053|3158|3249|5005|5265|5345|5950|7018|7276|7364|9104|10840|10841|29974|51085|92840|256394,AFM|ALDH1A1|APOA1|APOA2|APOB|APOH|ASGR2|F2|GJB1|GSTA1|SERPIND1|HMGCS2|HPN|ORM2|SERPINA1|SERPINF2|RBP4|TF|TTR|UGT2B7|RGN|ALDH1L1|FTCD|A1CF|MLXIPL|REEP6|SERPINA11,-18,0
0,1,0,0,0,0,0,0,0,-21,0,0,0,0,0,0,M40220,M01000000,1,0,Cell Type Signatures,7,DESCARTES FETAL KIDNEY URETERIC BUD CELLS,,-21,11,16,30286,300,275,29,11,1.9,216|1308|2001|2125|3158|3248|3866|6286|7348|8537|10331|22837|23584|54845|55040|79083|79589|80004|83851|85477|114569|123099|140893|147798|151258|161291|197257|100130933|100996492,ALDH1A1|COL17A1|ELF5|EVPL|HMGCS2|HPGD|KRT15|S100P|UPK1B|BCAS1|B3GNT3|COBLL1|VSIG2|ESRP1|EPN3|MLPH|RNF128|ESRP2|SYT16|SCIN|MAL2|DEGS2|RBBP8NL|TMC4|SLC38A11|TMEM30B|LDHD|SMIM6|CTXND1,-17,0
0,1,0,0,0,1,0,0,0,-20,0,0,0,-3.2,0,0,M40212,M01000100,2,0,Cell Type Signatures,7,DESCARTES FETAL INTESTINE INTESTINAL EPITHELIAL CELLS,,-20,11,16,30286,276,275,28,10,1.8,13|173|174|335|336|338|1040|2705|2938|5950|6819|7103|7433|9075|10840|27134|27284|54810|55195|80004|92840|123099|140893|155465|257407|284422|388323|389434,AADAC|AFM|AFP|APOA1|APOA2|APOB|CDS1|GJB1|GSTA1|RBP4|SULT1C2|TSPAN8|VIPR1|CLDN2|ALDH1L1|TJP3|SULT1B1|GIPC2|CCDC198|ESRP2|REEP6|DEGS2|RBBP8NL|AGR3|C2orf72|SMIM24|GLTPD2|IYD,-17,0
0,0,0,0,1,1,1,1,0,0,0,0,-20,-3.1,-3.6,-3.2,M41715,M00001111,4,0,Cell Type Signatures,7,FAN OVARY CL13 MONOCYTE MACROPHAGE,,-20,9.8,15,30286,458,195,29,15,2.5,60|387|637|972|1072|1520|1890|2495|2907|3105|3106|3459|3460|3576|4792|5216|5329|5691|5698|5721|6892|8676|8942|9308|10318|80774|84419|152007|259307,ACTB|RHOA|BID|CD74|CFL1|CTSS|TYMP|FTH1|GRINA|HLA-A|HLA-B|IFNGR1|IFNGR2|CXCL8|NFKBIA|PFN1|PLAUR|PSMB3|PSMB9|PSME2|TAPBP|STX11|KYNU|CD83|TNIP1|LIMD2|C15orf48|GLIPR2|IL4I1,-16,0
1,1,0,0,0,0,0,0,-9.4,-18,0,0,0,0,0,0,M40028,M11000000,2,0,Cell Type Signatures,7,BUSSLINGER DUODENAL LATE IMMATURE ENTEROCYTES,,-18,14,16,30286,177,275,22,8,1.6,13|216|338|476|760|1015|3158|4640|5357|7364|9032|10424|27141|53841|54502|55512|57016|79908|84418|92840|283375|284422,AADAC|ALDH1A1|APOB|ATP1A1|CA2|CDH17|HMGCS2|MYO1A|PLS1|UGT2B7|TM4SF5|PGRMC2|CIDEB|CDHR5|RBM47|SMPD3|AKR1B10|BTNL8|CYSTM1|REEP6|SLC39A5|SMIM24,-15,0
1,0,0,1,1,1,1,1,-14,0,0,-2.5,-18,-3,-2.2,-2.8,M39051,M10011111,6,0,Cell Type Signatures,7,MANNO MIDBRAIN NEUROTYPES HMGL,,-18,8.1,14,30286,577,195,30,15,2.6,330|718|972|1435|1520|1890|3383|3459|3486|3576|3656|3659|4792|5329|5452|5743|6446|6776|7128|8676|9308|9466|9641|10019|10475|10981|51278|79651|80149|83937,BIRC3|C3|CD74|CSF1|CTSS|TYMP|ICAM1|IFNGR1|IGFBP3|CXCL8|IRAK2|IRF1|NFKBIA|PLAUR|POU2F2|PTGS2|SGK1|STAT5A|TNFAIP3|STX11|CD83|IL27RA|IKBKE|SH2B3|TRIM38|RAB32|IER5|RHBDF2|ZC3H12A|RASSF4,-15,0
1,1,0,0,0,0,0,0,-3.2,-18,0,0,0,0,0,0,M39119,M11000000,2,0,Cell Type Signatures,7,AIZARANI LIVER C17 HEPATOCYTES 3,,-18,19,18,30286,102,275,18,6.5,1.5,173|335|336|338|350|433|2147|2153|3053|3249|5005|5265|5345|5950|7018|7364|10841|51085,AFM|APOA1|APOA2|APOB|APOH|ASGR2|F2|F5|SERPIND1|HPN|ORM2|SERPINA1|SERPINF2|RBP4|TF|UGT2B7|FTCD|MLXIPL,-14,0
1,1,0,0,1,0,1,0,-6,-17,0,0,-2.4,0,-3.5,0,M40012,M11001010,4,0,Cell Type Signatures,7,BUSSLINGER GASTRIC IMMATURE PIT CELLS,,-17,14,16,30286,165,275,21,7.6,1.6,760|3248|6286|6819|7032|7103|8537|10551|11199|23584|51316|54502|55512|57016|83998|84418|114569|165679|201501|340547|388743,CA2|HPGD|S100P|SULT1C2|TFF2|TSPAN8|BCAS1|AGR2|ANXA10|VSIG2|PLAC8|RBM47|SMPD3|AKR1B10|REG4|CYSTM1|MAL2|SPTSSB|ZBTB7C|VSIG1|CAPN8,-14,0
0,0,0,0,1,0,0,1,0,0,0,0,-17,0,0,-2.6,M39135,M00001001,2,0,Cell Type Signatures,7,AIZARANI LIVER C39 EPCAM POS BILE DUCT CELLS 4,,-17,16,16,30286,184,195,19,9.7,2.1,330|1435|2919|2921|3068|3460|3576|3918|4134|4791|4792|6372|6376|7127|9235|10272|81788|91107|135112,BIRC3|CSF1|CXCL1|CXCL3|HDGF|IFNGR2|CXCL8|LAMC2|MAP4|NFKB2|NFKBIA|CXCL6|CX3CL1|TNFAIP2|IL32|FSTL3|NUAK2|TRIM47|NCOA7,-14,0
1,0,1,1,1,0,1,0,-16,0,-7.7,-6.4,-3.1,0,-2,0,M41708,M10111010,5,0,Cell Type Signatures,7,FAN OVARY CL6 PUTATIVE EARLY ATRETIC FOLLICLE THECAL CELL 2,,-16,8.6,13,30286,300,304,26,8.6,1.6,348|351|1675|2217|2353|2752|2934|3075|3488|3646|5166|5176|5660|6342|6414|6594|6595|6767|10404|10628|27250|30061|55603|57447|112483|115294,APOE|APP|CFD|FCGRT|FOS|GLUL|GSN|CFH|IGFBP5|EIF3E|PDK4|SERPINF1|PSAP|SCP2|SELENOP|SMARCA1|SMARCA2|ST13|CPQ|TXNIP|PDCD4|SLC40A1|TENT5A|NDRG2|SAT2|PCMTD1,-13,0
0,0,0,0,1,1,0,0,0,0,0,0,-16,-7.7,0,0,M39160,M00001100,2,0,Cell Type Signatures,7,GAO LARGE INTESTINE 24W C11 PANETH LIKE CELL,,-16,11,14,30286,325,195,22,11,2.3,330|972|2921|3383|3459|3576|4794|5329|5743|6446|7097|7127|7128|8676|8942|9308|10019|10148|55248|79567|79651|259307,BIRC3|CD74|CXCL3|ICAM1|IFNGR1|CXCL8|NFKBIE|PLAUR|PTGS2|SGK1|TLR2|TNFAIP2|TNFAIP3|STX11|KYNU|CD83|SH2B3|EBI3|PACC1|RIPOR1|RHBDF2|IL4I1,-13,0
1,1,0,0,1,0,1,1,-6.6,-16,0,0,-3.1,0,-11,-2.3,M40010,M11001011,5,0,Cell Type Signatures,7,BUSSLINGER GASTRIC ISTHMUS CELLS,,-16,7,12,30286,458,275,29,11,1.9,120|476|489|760|1040|3248|4072|4640|5205|6286|6819|7103|8537|10083|10551|11199|54502|54845|55512|56649|57016|79083|83998|114569|155465|201501|340547|388743|654463,ADD3|ATP1A1|ATP2A3|CA2|CDS1|HPGD|EPCAM|MYO1A|ATP8B1|S100P|SULT1C2|TSPAN8|BCAS1|USH1C|AGR2|ANXA10|RBM47|ESRP1|SMPD3|TMPRSS4|AKR1B10|MLPH|REG4|MAL2|AGR3|ZBTB7C|VSIG1|CAPN8|FER1L6,-12,0
0,1,0,0,0,0,0,0,0,-15,0,0,0,0,0,0,M39148,M01000000,1,0,Cell Type Signatures,7,GAO SMALL INTESTINE 24W C4 ENTEROCYTE PROGENITOR SUBTYPE 2,,-15,18,16,30286,97,275,16,5.8,1.4,54|174|335|338|1644|1800|2705|4640|5950|8431|9104|27284|57462|79589|284422|285489,ACP5|AFP|APOA1|APOB|DDC|DPEP1|GJB1|MYO1A|RBP4|NR0B2|RGN|SULT1B1|MYORG|RNF128|SMIM24|DOK7,-12,0
1,1,0,0,0,0,1,0,-15,-4.1,0,0,0,0,-3.2,0,M39056,M11000010,3,0,Cell Type Signatures,7,MANNO MIDBRAIN NEUROTYPES HRGL3,,-15,5.7,12,30286,574,304,33,11,1.8,214|334|678|1075|1191|1200|1612|1949|2261|2353|3488|3655|3988|4128|4155|5139|5660|5836|7802|8829|10404|10788|23446|23767|55240|55788|56204|57537|81618|84263|90990|130271|221477,ALCAM|APLP2|ZFP36L2|CTSC|CLU|TPP1|DAPK1|EFNB3|FGFR3|FOS|IGFBP5|ITGA6|LIPA|MAOA|MBP|PDE3A|PSAP|PYGL|DNALI1|NRP1|CPQ|IQGAP2|SLC44A1|FLRT3|STEAP3|LMBRD1|ATOSA|SORCS2|ITM2C|HSDL2|KIFC2|PLEKHH2|C6orf89,-12,0
1,1,0,0,0,0,1,0,-2.5,-15,0,0,0,0,-3,0,M40011,M11000010,3,0,Cell Type Signatures,7,BUSSLINGER GASTRIC METALLOTHIONEIN CELLS,,-15,18,16,30286,100,275,16,5.8,1.4,13|216|760|3248|6286|6819|7032|7103|10551|11199|23584|57016|84418|114569|284422|340547,AADAC|ALDH1A1|CA2|HPGD|S100P|SULT1C2|TFF2|TSPAN8|AGR2|ANXA10|VSIG2|AKR1B10|CYSTM1|MAL2|SMIM24|VSIG1,-12,0
1,0,0,0,1,0,1,1,-2.6,0,0,0,-15,0,-4.9,-5.3,M41697,M10001011,4,0,Cell Type Signatures,7,TRAVAGLINI LUNG EREG DENDRITIC CELL,,-15,7.2,12,30286,579,195,27,14,2.5,60|972|1318|1890|2280|2495|2907|2921|3383|3459|3460|3576|4327|5329|5879|6446|6646|7097|7128|8942|9050|9308|10019|51278|80149|84419|152007,ACTB|CD74|SLC31A2|TYMP|FKBP1A|FTH1|GRINA|CXCL3|ICAM1|IFNGR1|IFNGR2|CXCL8|MMP19|PLAUR|RAC1|SGK1|SOAT1|TLR2|TNFAIP3|KYNU|PSTPIP2|CD83|SH2B3|IER5|ZC3H12A|C15orf48|GLIPR2,-12,0
1,1,0,0,1,1,1,1,-8.3,-5.2,0,0,-14,-3,-6.9,-6,M41698,M11001111,6,0,Cell Type Signatures,7,TRAVAGLINI LUNG TREM2 DENDRITIC CELL,,-14,7.1,12,30286,572,195,26,13,2.4,387|972|1318|1520|1890|2495|2633|2907|3105|3459|4599|5329|5687|5691|5721|5879|6446|6646|7127|8942|10981|11332|83937|84419|152007|259307,RHOA|CD74|SLC31A2|CTSS|TYMP|FTH1|GBP1|GRINA|HLA-A|IFNGR1|MX1|PLAUR|PSMA6|PSMB3|PSME2|RAC1|SGK1|SOAT1|TNFAIP2|KYNU|RAB32|ACOT7|RASSF4|C15orf48|GLIPR2|IL4I1,-11,0
1,0,0,1,1,1,1,0,-14,0,0,-3.4,-6.7,-3.9,-2.1,0,M39077,M10011110,5,0,Cell Type Signatures,7,ZHONG PFC MAJOR TYPES MICROGLIA,,-14,6.4,11,30286,438,304,28,9.2,1.7,274|334|348|678|1050|1075|1200|2040|2217|2353|2548|2752|2934|3073|3988|4094|5166|5176|5641|5660|8635|8763|10365|25840|29116|55824|81618|94134,BIN1|APLP2|APOE|ZFP36L2|CEBPA|CTSC|TPP1|STOM|FCGRT|FOS|GAA|GLUL|GSN|HEXA|LIPA|MAF|PDK4|SERPINF1|LGMN|PSAP|RNASET2|CD164|KLF2|TMT1A|MYLIP|PAG1|ITM2C|ARHGAP12,-11,0
1,1,0,0,1,0,1,0,-3,-4,0,0,-14,0,-3,0,M41692,M11001010,4,0,Cell Type Signatures,7,TRAVAGLINI LUNG MACROPHAGE CELL,,-14,13,14,30286,201,195,17,8.7,2,637|972|1520|1890|2495|2907|2919|2921|3576|4327|5329|5879|7127|8942|10908|84419|152007,BID|CD74|CTSS|TYMP|FTH1|GRINA|CXCL1|CXCL3|CXCL8|MMP19|PLAUR|RAC1|TNFAIP2|KYNU|PNPLA6|C15orf48|GLIPR2,-11,0
1,1,0,0,0,0,0,0,-2.9,-13,0,0,0,0,0,0,M40029,M11000000,2,0,Cell Type Signatures,7,BUSSLINGER DUODENAL MATURE ENTEROCYTES,,-13,8.9,12,30286,259,275,21,7.6,1.6,335|338|949|1308|4640|4648|4680|5265|5357|6337|7364|8431|9032|27141|53841|55512|64787|84803|92840|284422|388323,APOA1|APOB|SCARB1|COL17A1|MYO1A|MYO7B|CEACAM6|SERPINA1|PLS1|SCNN1A|UGT2B7|NR0B2|TM4SF5|CIDEB|CDHR5|SMPD3|EPS8L2|GPAT3|REEP6|SMIM24|GLTPD2,-11,0
0,1,0,0,0,0,0,0,0,-13,0,0,0,0,0,0,M39158,M01000000,1,0,Cell Type Signatures,7,GAO LARGE INTESTINE 24W C8 GOBLET CELL,,-13,30,18,30286,41,275,11,4,1.2,4585|4680|5799|6337|7364|8537|25803|79083|192134|388743|654463,MUC4|CEACAM6|PTPRN2|SCNN1A|UGT2B7|BCAS1|SPDEF|MLPH|B3GNT6|CAPN8|FER1L6,-10,0
1,0,0,1,1,1,1,0,-7.9,0,0,-2,-13,-3,-3.1,0,M39266,M10011110,5,0,Cell Type Signatures,7,HU FETAL RETINA MICROGLIA,,-13,8.5,12,30286,382,195,21,11,2.2,60|387|718|972|1520|1890|3105|3106|3459|3576|4792|5216|5329|5879|6446|6892|9308|10019|10475|51278|79651,ACTB|RHOA|C3|CD74|CTSS|TYMP|HLA-A|HLA-B|IFNGR1|CXCL8|NFKBIA|PFN1|PLAUR|RAC1|SGK1|TAPBP|CD83|SH2B3|TRIM38|IER5|RHBDF2,-10,0
0,0,0,0,1,1,0,0,0,0,0,0,-13,-4.6,0,0,M39124,M00001100,2,0,Cell Type Signatures,7,AIZARANI LIVER C23 KUPFFER CELLS 3,,-13,12,13,30286,221,195,17,8.7,2,60|1520|1890|2280|2495|3460|3576|4792|5329|5452|5743|7097|7127|10475|10970|152007|440400,ACTB|CTSS|TYMP|FKBP1A|FTH1|IFNGR2|CXCL8|NFKBIA|PLAUR|POU2F2|PTGS2|TLR2|TNFAIP2|TRIM38|CKAP4|GLIPR2|RNASEK,-10,0
0,0,1,0,1,1,0,0,0,0,-2.1,0,-13,-2,0,0,M41666,M00101100,3,0,Cell Type Signatures,7,TRAVAGLINI LUNG CAPILLARY INTERMEDIATE 1 CELL,,-13,15,14,30286,158,195,15,7.7,1.9,972|1435|1890|3106|3383|3459|3659|6376|6446|6764|8676|9235|9308|10318|81788,CD74|CSF1|TYMP|HLA-B|ICAM1|IFNGR1|IRF1|CX3CL1|SGK1|DENND2B|STX11|IL32|CD83|TNIP1|NUAK2,-10,0
0,1,0,1,1,0,0,0,0,-2,0,-2.8,-12,0,0,0,M39044,M01011000,3,0,Cell Type Signatures,7,FAN EMBRYONIC CTX BRAIN MYELOID,,-12,16,14,30286,139,195,14,7.2,1.8,972|1520|1890|3105|3106|3659|4792|5329|5452|5698|5743|7127|10908|51278,CD74|CTSS|TYMP|HLA-A|HLA-B|IRF1|NFKBIA|PLAUR|POU2F2|PSMB9|PTGS2|TNFAIP2|PNPLA6|IER5,-9.7,0
0,0,0,0,1,1,1,0,0,0,0,0,-12,-2.1,-4.5,0,M41720,M00001110,3,0,Cell Type Signatures,7,FAN OVARY CL18 B LYMPHOCYTE,,-12,7.7,11,30286,422,195,21,11,2.2,330|387|637|972|1520|1890|2495|3105|3106|3459|4791|5216|5691|5971|6892|9308|10019|10318|29803|80774|259307,BIRC3|RHOA|BID|CD74|CTSS|TYMP|FTH1|HLA-A|HLA-B|IFNGR1|NFKB2|PFN1|PSMB3|RELB|TAPBP|CD83|SH2B3|TNIP1|REPIN1|LIMD2|IL4I1,-9.5,0
1,0,0,1,1,1,1,0,-12,0,0,-3.3,-4.5,-3.8,-2.6,0,M39022,M10011110,5,0,Cell Type Signatures,7,FAN EMBRYONIC CTX BIG GROUPS MICROGLIA,,-12,6.4,11,30286,371,304,24,7.9,1.5,274|334|348|678|1075|1200|2040|2217|2353|2548|2752|2934|3073|3988|4094|5166|5176|5641|5660|7048|8635|8763|10365|25840,BIN1|APLP2|APOE|ZFP36L2|CTSC|TPP1|STOM|FCGRT|FOS|GAA|GLUL|GSN|HEXA|LIPA|MAF|PDK4|SERPINF1|LGMN|PSAP|TGFBR2|RNASET2|CD164|KLF2|TMT1A,-9.4,0
1,0,0,1,1,1,0,0,-2.1,0,0,-3,-12,-8.9,0,0,M41656,M10011100,4,0,Cell Type Signatures,7,TRAVAGLINI LUNG MUCOUS CELL,,-12,16,14,30286,125,195,13,6.7,1.8,637|718|874|2919|2921|3486|3576|6372|6376|7127|8743|8942|84419,BID|C3|CBR3|CXCL1|CXCL3|IGFBP3|CXCL8|CXCL6|CX3CL1|TNFAIP2|TNFSF10|KYNU|C15orf48,-9,0
1,1,1,0,0,0,0,0,-12,-2.3,-3.8,0,0,0,0,0,M41652,M11100000,3,0,Cell Type Signatures,7,TRAVAGLINI LUNG PROXIMAL BASAL CELL,,-12,4.8,9.6,30286,629,304,30,9.9,1.7,351|678|1075|1938|2034|2217|2261|2517|2593|2631|2752|3030|3476|3646|3691|4059|5176|5867|9368|10252|10628|10904|23635|26751|27250|50853|51386|57447|93100|254295,APP|ZFP36L2|CTSC|EEF2|EPAS1|FCGRT|FGFR3|FUCA1|GAMT|NIPSNAP2|GLUL|HADHA|IGBP1|EIF3E|ITGB4|BCAM|SERPINF1|RAB4A|NHERF1|SPRY1|TXNIP|BLCAP|SSBP2|SH3YL1|PDCD4|VILL|EIF3L|NDRG2|NAPRT|PHYHD1,-9,0
1,1,0,0,0,0,1,0,-6.2,-12,0,0,0,0,-4.7,0,M39108,M11000010,3,0,Cell Type Signatures,7,AIZARANI LIVER C4 EPCAM POS BILE DUCT CELLS 1,,-12,9.8,12,30286,191,275,17,6.2,1.5,338|476|745|760|950|2065|2330|3026|3176|3698|4072|9223|23242|51473|55195|57619|113220,APOB|ATP1A1|MYRF|CA2|SCARB2|ERBB3|FMO5|HABP2|HNMT|ITIH2|EPCAM|MAGI1|COBL|DCDC2|CCDC198|SHROOM3|KIF12,-8.9,0
1,0,1,1,1,1,0,1,-4.4,0,-11,-6.6,-2.4,-2.6,0,-3.7,M39209,M10111101,6,0,Cell Type Signatures,7,HAY BONE MARROW STROMAL,,-11,3.6,8.9,30286,765,438,40,9.1,1.4,133|249|862|975|1634|1842|2273|3725|4681|4781|4811|5118|5396|5730|6495|7106|7291|8321|8910|10351|10736|11328|23266|23371|30818|51435|51454|54510|55068|56122|79987|80034|81578|83690|91653|92154|116535|127435|147372|219348,ADM|ALPL|RUNX1T1|CD81|DCN|ECM2|FHL1|JUN|NBL1|NFIB|NID1|PCOLCE|PRRX1|PTGDS|SIX1|TSPAN4|TWIST1|FZD1|SGCE|ABCA8|SIX2|FKBP9|ADGRL2|TNS2|KCNIP3|SCARA3|GULP1|PCDH18|ENOX1|PCDHB14|SVEP1|CSRNP3|COL21A1|CRISPLD1|BOC|MTSS2|MRGPRF|PODN|CCBE1|PLAC9,-8.8,0
0,0,0,0,1,0,1,0,0,0,0,0,-11,0,-4,0,M41751,M00001010,2,0,Cell Type Signatures,7,RUBENSTEIN SKELETAL MUSCLE MYELOID CELLS,,-11,8.1,11,30286,347,195,18,9.2,2.1,60|637|972|1072|1318|1520|1890|2495|3460|3576|4792|5216|5329|8676|9308|9470|80774|152007,ACTB|BID|CD74|CFL1|SLC31A2|CTSS|TYMP|FTH1|IFNGR2|CXCL8|NFKBIA|PFN1|PLAUR|STX11|CD83|EIF4E2|LIMD2|GLIPR2,-8.2,0
0,0,0,0,1,1,0,0,0,0,0,0,-11,-4.4,0,0,M39286,M00001100,2,0,Cell Type Signatures,7,DURANTE ADULT OLFACTORY NEUROEPITHELIUM DENDRITIC CELLS,,-11,16,13,30286,117,195,12,6.2,1.7,60|1520|1890|2495|3576|4792|5329|5452|5743|7127|7128|8676,ACTB|CTSS|TYMP|FTH1|CXCL8|NFKBIA|PLAUR|POU2F2|PTGS2|TNFAIP2|TNFAIP3|STX11,-8.2,0
1,1,0,0,1,1,1,0,-2.6,-11,0,0,-2.2,-4.2,-4,0,M39125,M11001110,5,0,Cell Type Signatures,7,AIZARANI LIVER C24 EPCAM POS BILE DUCT CELLS 3,,-11,9.5,11,30286,185,275,16,5.8,1.4,476|2065|4072|4680|7033|7103|7366|10551|11261|51473|54502|57016|57619|79083|84418|114569,ATP1A1|ERBB3|EPCAM|CEACAM6|TFF3|TSPAN8|UGT2B15|AGR2|CHP1|DCDC2|RBM47|AKR1B10|SHROOM3|MLPH|CYSTM1|MAL2,-8.2,0
1,0,1,0,0,0,1,1,-5.7,0,-11,0,0,0,-3.6,-3.4,M39264,M10100011,4,0,Cell Type Signatures,7,HU FETAL RETINA FIBROBLAST,,-11,4.8,9.2,30286,385,438,27,6.2,1.1,975|1601|1634|2050|3725|4239|4628|4811|5118|5396|6495|7291|9411|9475|10736|11328|23371|25992|54510|56265|57124|64344|79026|81578|93986|219348|375033,CD81|DAB2|DCN|EPHB4|JUN|MFAP4|MYH10|NID1|PCOLCE|PRRX1|SIX1|TWIST1|ARHGAP29|ROCK2|SIX2|FKBP9|TNS2|SNED1|PCDH18|CPXM1|CD248|HIF3A|AHNAK|COL21A1|FOXP2|PLAC9|PEAR1,-8.1,0
1,1,0,0,0,0,0,0,-3.4,-10,0,0,0,0,0,0,M39258,M11000000,2,0,Cell Type Signatures,7,MENON FETAL KIDNEY 8 CONNECTING TUBULE CELLS,,-10,7.4,10,30286,267,275,18,6.5,1.5,120|476|760|4043|4072|5345|6819|9528|10451|22837|51473|54477|54502|55195|83478|85477|113220|284422,ADD3|ATP1A1|CA2|LRPAP1|EPCAM|SERPINF2|SULT1C2|TMEM59|VAV3|COBLL1|DCDC2|PLEKHA5|RBM47|CCDC198|ARHGAP24|SCIN|KIF12|SMIM24,-7.7,0
1,1,0,0,1,1,1,0,-2.7,-2.1,0,0,-6.6,-4.6,-10,0,M39203,M11001110,5,0,Cell Type Signatures,7,HAY BONE MARROW NEUTROPHIL,,-10,6,9.5,30286,449,235,21,8.9,1.9,308|1522|2182|4084|4126|5728|7040|8804|10159|11033|23474|50999|56935|63971|64747|64748|79572|79772|84188|153339|286144,ANXA5|CTSZ|ACSL4|MXD1|MANBA|PTEN|TGFB1|CREG1|ATP6AP2|ADAP1|ETHE1|TMED5|SMCO4|KIF13A|MFSD1|PLPPR2|ATP13A3|MCTP1|FAR1|TMEM167A|TRIQK,-7.6,0
1,1,0,0,1,1,1,1,-7.5,-9.1,0,0,-10,-2.8,-9.9,-3.9,M39174,M11001111,6,0,Cell Type Signatures,7,MURARO PANCREAS ACINAR CELL,,-10,5.1,9,30286,731,195,24,12,2.4,330|718|972|2280|2495|2919|2921|3068|3106|3459|3576|4792|5420|6446|6892|7128|8743|9235|9470|80149|84419|91107|135112|162394,BIRC3|C3|CD74|FKBP1A|FTH1|CXCL1|CXCL3|HDGF|HLA-B|IFNGR1|CXCL8|NFKBIA|PODXL|SGK1|TAPBP|TNFAIP3|TNFSF10|IL32|EIF4E2|ZC3H12A|C15orf48|TRIM47|NCOA7|SLFN5,-7.6,0
0,0,0,0,1,1,0,0,0,0,0,0,-10,-3.5,0,0,M41706,M00001100,2,0,Cell Type Signatures,7,FAN OVARY CL4 T LYMPHOCYTE NK CELL 1,,-10,9.5,11,30286,246,195,15,7.7,1.9,330|387|1072|2495|3105|3106|3659|5216|5698|5720|5721|6890|7529|9235|80774,BIRC3|RHOA|CFL1|FTH1|HLA-A|HLA-B|IRF1|PFN1|PSMB9|PSME1|PSME2|TAP1|YWHAB|IL32|LIMD2,-7.6,0
1,0,1,1,0,0,1,0,-10,0,-2.9,-3.5,0,0,-5.9,0,M39055,M10110010,4,0,Cell Type Signatures,7,MANNO MIDBRAIN NEUROTYPES HRGL2A,,-10,4.5,8.7,30286,600,304,27,8.9,1.6,678|1191|2040|2185|2261|2353|3988|4983|5578|5660|6414|7089|7802|8850|9368|10252|10788|23767|25840|51280|54566|55824|57447|57537|81618|84263|113026,ZFP36L2|CLU|STOM|PTK2B|FGFR3|FOS|LIPA|OPHN1|PRKCA|PSAP|SELENOP|TLE2|DNALI1|KAT2B|NHERF1|SPRY1|IQGAP2|FLRT3|TMT1A|GOLM1|EPB41L4B|PAG1|NDRG2|SORCS2|ITM2C|HSDL2|PLCD3,-7.4,0
1,0,0,0,1,1,1,0,-4.8,0,0,0,-10,-4.1,-3.2,0,M41690,M10001110,4,0,Cell Type Signatures,7,TRAVAGLINI LUNG BASOPHIL MAST 2 CELL,,-10,6.2,9.4,30286,502,195,20,10,2.2,330|1435|1983|2495|3383|3604|4791|4792|5329|5743|5971|6446|7128|8676|8743|9308|10950|10981|11332|140606,BIRC3|CSF1|EIF5|FTH1|ICAM1|TNFRSF9|NFKB2|NFKBIA|PLAUR|PTGS2|RELB|SGK1|TNFAIP3|STX11|TNFSF10|CD83|BTG3|RAB32|ACOT7|SELENOM,-7.4,0
1,0,0,0,1,1,0,0,-4.2,0,0,0,-9.9,-3.8,0,0,M40005,M10001100,3,0,Cell Type Signatures,7,BUSSLINGER ESOPHAGEAL DENDRITIC CELLS,,-9.9,10,11,30286,214,195,14,7.2,1.8,60|972|1072|1520|2495|3106|5216|5329|5743|6446|7128|9308|51278|84419,ACTB|CD74|CFL1|CTSS|FTH1|HLA-B|PFN1|PLAUR|PTGS2|SGK1|TNFAIP3|CD83|IER5|C15orf48,-7.4,0
1,0,1,1,0,0,0,1,-9.8,0,-2.7,-6.5,0,0,0,-2.5,M39122,M10110001,4,0,Cell Type Signatures,7,AIZARANI LIVER C21 STELLATE CELLS 1,,-9.8,8.2,10,30286,194,304,16,5.3,1.3,2034|2353|2752|2878|2934|3075|3488|4000|4286|5101|5176|5627|5999|6649|10217|81618,EPAS1|FOS|GLUL|GPX3|GSN|CFH|IGFBP5|LMNA|MITF|PCDH9|SERPINF1|PROS1|RGS4|SOD3|CTDSPL|ITM2C,-7.3,0
1,0,1,1,1,0,1,1,-9.8,0,-8.2,-5.1,-3.2,0,-3.3,-5.4,M39050,M10111011,6,0,Cell Type Signatures,7,MANNO MIDBRAIN NEUROTYPES HPERIC,,-9.8,3.9,8.3,30286,795,304,31,10,1.7,348|395|817|2034|2036|2040|2217|2353|2934|3075|4000|5139|7048|8490|8763|8801|9368|10252|10404|10559|10628|30846|51196|55603|55824|57228|57509|59342|81618|112574|130271,APOE|ARHGAP6|CAMK2D|EPAS1|EPB41L1|STOM|FCGRT|FOS|GSN|CFH|LMNA|PDE3A|TGFBR2|RGS5|CD164|SUCLG2|NHERF1|SPRY1|CPQ|SLC35A1|TXNIP|EHD2|PLCE1|TENT5A|PAG1|SMAGP|MTUS1|SCPEP1|ITM2C|SNX18|PLEKHH2,-7.3,0
0,1,0,0,0,1,0,0,0,-9.7,0,0,0,-3.2,0,0,M40271,M01000100,2,0,Cell Type Signatures,7,DESCARTES FETAL PANCREAS DUCTAL CELLS,,-9.7,11,11,30286,128,275,13,4.7,1.3,476|2348|3026|6337|6519|7348|7366|8416|51473|55195|123099|155465|400746,ATP1A1|FOLR1|HABP2|SCNN1A|SLC3A1|UPK1B|UGT2B15|ANXA9|DCDC2|CCDC198|DEGS2|AGR3|NCMAP,-7.3,0
0,0,0,0,1,0,1,1,0,0,0,0,-9.6,0,-2.1,-4.8,M41711,M00001011,3,0,Cell Type Signatures,7,FAN OVARY CL9 PUTATIVE APOPTOTIC ENDOTHELIAL CELL,,-9.6,7.2,9.6,30286,365,195,17,8.7,2,972|1072|2280|2633|3105|3106|3383|3459|3659|4599|4792|5721|5879|6890|8743|115908|135112,CD74|CFL1|FKBP1A|GBP1|HLA-A|HLA-B|ICAM1|IFNGR1|IRF1|MX1|NFKBIA|PSME2|RAC1|TAP1|TNFSF10|CTHRC1|NCOA7,-7.1,0
1,0,0,0,1,0,0,0,-2.4,0,0,0,-9.3,0,0,0,M39200,M10001000,2,0,Cell Type Signatures,7,HAY BONE MARROW IMMATURE NEUTROPHIL,,-9.3,10,11,30286,194,195,13,6.7,1.8,387|1520|2907|3383|3460|4792|5879|6446|7127|10019|51278|84419|84957,RHOA|CTSS|GRINA|ICAM1|IFNGR2|NFKBIA|RAC1|SGK1|TNFAIP2|SH2B3|IER5|C15orf48|RELT,-6.9,0
1,1,0,0,0,0,0,0,-3,-9.3,0,0,0,0,0,0,M40027,M11000000,2,0,Cell Type Signatures,7,BUSSLINGER DUODENAL EARLY IMMATURE ENTEROCYTES,,-9.3,12,11,30286,113,275,12,4.4,1.2,13|216|476|760|1644|2938|3158|3417|7103|57016|92840|284422,AADAC|ALDH1A1|ATP1A1|CA2|DDC|GSTA1|HMGCS2|IDH1|TSPAN8|AKR1B10|REEP6|SMIM24,-6.8,0
0,0,0,0,1,1,0,0,0,0,0,0,-3.9,-9,0,0,M39166,M00001100,2,0,Cell Type Signatures,7,GAO LARGE INTESTINE ADULT CI MESENCHYMAL CELLS,,-9,7.9,9.6,30286,361,159,15,9.4,2.3,101|240|2014|2995|3936|7124|7805|9214|27071|27074|27128|51561|57699|79845|80326,ADAM8|ALOX5|EMP3|GYPC|LCP1|TNF|LAPTM5|FCMR|DAPP1|LAMP3|CYTH4|IL23A|CPNE5|RNF122|WNT10A,-6.7,0
0,1,0,0,0,0,0,0,0,-9,0,0,0,0,0,0,M40140,M01000000,1,0,Cell Type Signatures,7,DESCARTES MAIN FETAL GOBLET CELLS,,-9,19,12,30286,52,275,9,3.3,1.1,4069|4586|7032|7366|10551|11199|25803|192134|340547,LYZ|MUC5AC|TFF2|UGT2B15|AGR2|ANXA10|SPDEF|B3GNT6|VSIG1,-6.6,0
0,1,0,0,0,0,0,1,0,-9,0,0,0,0,0,-2.3,M39129,M01000001,2,0,Cell Type Signatures,7,AIZARANI LIVER C30 HEPATOCYTES 4,,-9,5.2,8.5,30286,446,275,21,7.6,1.6,173|604|622|2065|2153|2330|3249|4660|5624|9659|10840|10841|11001|22837|29974|51085|79660|79962|284111|340547|389434,AFM|BCL6|BDH1|ERBB3|F5|FMO5|HPN|PPP1R12B|PROC|PDE4DIP|ALDH1L1|FTCD|SLC27A2|COBLL1|A1CF|MLXIPL|PPP1R3B|DNAJC22|SLC13A5|VSIG1|IYD,-6.6,0
1,1,0,0,0,0,0,0,-8.9,-2.8,0,0,0,0,0,0,M39271,M11000000,2,0,Cell Type Signatures,7,HU FETAL RETINA RPE,,-8.9,6.1,8.9,30286,292,304,18,5.9,1.4,334|348|351|678|1200|2261|3294|3488|3655|4054|4286|5176|5660|8727|9368|10788|51196|440498,APLP2|APOE|APP|ZFP36L2|TPP1|FGFR3|HSD17B2|IGFBP5|ITGA6|LTBP3|MITF|SERPINF1|PSAP|CTNNAL1|NHERF1|IQGAP2|PLCE1|HSBP1L1,-6.6,0
0,0,0,0,1,1,1,0,0,0,0,0,-8.9,-3.2,-3.5,0,M39294,M00001110,3,0,Cell Type Signatures,7,DURANTE ADULT OLFACTORY NEUROEPITHELIUM MAST CELLS,,-8.9,19,12,30286,75,195,9,4.6,1.5,330|1435|2495|4792|5329|5743|6446|7128|9308,BIRC3|CSF1|FTH1|NFKBIA|PLAUR|PTGS2|SGK1|TNFAIP3|CD83,-6.5,0
0,0,0,0,1,1,0,0,0,0,0,0,-8.9,-6.5,0,0,M40314,M00001100,2,0,Cell Type Signatures,7,DESCARTES FETAL THYMUS ANTIGEN PRESENTING CELLS,,-8.9,11,10,30286,172,195,12,6.2,1.7,330|972|1520|4794|5329|7097|8942|9308|10148|64386|83937|259307,BIRC3|CD74|CTSS|NFKBIE|PLAUR|TLR2|KYNU|CD83|EBI3|MMP25|RASSF4|IL4I1,-6.5,0
0,0,0,0,1,1,0,0,0,0,0,0,-8.8,-2.6,0,0,M39126,M00001100,2,0,Cell Type Signatures,7,AIZARANI LIVER C25 KUPFFER CELLS 4,,-8.8,11,10,30286,174,195,12,6.2,1.7,60|1520|2495|2921|3576|5329|5452|6446|7097|9050|9308|10019,ACTB|CTSS|FTH1|CXCL3|CXCL8|PLAUR|POU2F2|SGK1|TLR2|PSTPIP2|CD83|SH2B3,-6.5,0
1,1,0,0,0,0,1,0,-2,-2.9,0,0,0,0,-8.8,0,M39308,M11000010,3,0,Cell Type Signatures,7,CUI DEVELOPING HEART TRABECULAR ATRIAL CARDIOMYOCYTE,,-8.8,9.4,9.9,30286,179,235,13,5.5,1.5,1832|2923|3309|4008|5033|6307|6319|6713|7184|9375|10159|51109|79572,DSP|PDIA3|HSPA5|LMO7|P4HA1|MSMO1|SCD|SQLE|HSP90B1|TM9SF2|ATP6AP2|RDH11|ATP13A3,-6.4,0
0,1,0,0,0,1,0,0,0,-8.7,0,0,0,-2.5,0,0,M39159,M01000100,2,0,Cell Type Signatures,7,GAO LARGE INTESTINE 24W C10 ENTEROCYTE,,-8.7,18,12,30286,56,275,9,3.3,1.1,1800|2938|4640|5357|10232|51085|53841|57121|284422,DPEP1|GSTA1|MYO1A|PLS1|MSLN|MLXIPL|CDHR5|LPAR5|SMIM24,-6.4,0
0,0,0,0,1,0,0,0,0,0,0,0,-8.6,0,0,0,M39282,M00001000,1,0,Cell Type Signatures,7,DURANTE ADULT OLFACTORY NEUROEPITHELIUM MACROPHAGES,,-8.6,17,12,30286,81,195,9,4.6,1.5,718|972|1520|1890|5329|6446|9308|10981|84419,C3|CD74|CTSS|TYMP|PLAUR|SGK1|CD83|RAB32|C15orf48,-6.2,0
1,0,0,0,1,1,0,0,-6.2,0,0,0,-8.5,-2.9,0,0,M39110,M10001100,3,0,Cell Type Signatures,7,AIZARANI LIVER C6 KUPFFER CELLS 2,,-8.5,8.9,9.6,30286,228,195,13,6.7,1.8,60|1318|1520|1890|2495|2907|3460|5452|6446|7097|7127|9308|83937,ACTB|SLC31A2|CTSS|TYMP|FTH1|GRINA|IFNGR2|POU2F2|SGK1|TLR2|TNFAIP2|CD83|RASSF4,-6.2,0
1,1,0,0,1,1,0,0,-3.9,-2.4,0,0,-8.5,-4.8,0,0,M39305,M11001100,4,0,Cell Type Signatures,7,CUI DEVELOPING HEART C8 MACROPHAGE,,-8.5,7.9,9.3,30286,275,195,14,7.2,1.8,684|972|1520|3105|3106|3576|4792|5329|5452|6446|7097|9308|10019|51278,BST2|CD74|CTSS|HLA-A|HLA-B|CXCL8|NFKBIA|PLAUR|POU2F2|SGK1|TLR2|CD83|SH2B3|IER5,-6.2,0
0,0,0,0,1,1,0,0,0,0,0,0,-8.5,-4.9,0,0,M39021,M00001100,2,0,Cell Type Signatures,7,FAN EMBRYONIC CTX BIG GROUPS BRAIN IMMUNE,,-8.5,12,10,30286,148,195,11,5.6,1.7,972|3105|3106|3659|5216|5698|5720|5721|6892|9235|80774,CD74|HLA-A|HLA-B|IRF1|PFN1|PSMB9|PSME1|PSME2|TAPBP|IL32|LIMD2,-6.2,0
1,1,1,0,0,0,0,0,-8.4,-3.9,-2.5,0,0,0,0,0,M39233,M11100000,3,0,Cell Type Signatures,7,LAKE ADULT KIDNEY C14 DISTAL CONVOLUTED TUBULE,,-8.4,7.2,9,30286,208,304,15,4.9,1.2,395|549|2122|2888|4286|4983|7068|9910|10217|54805|55074|121512|140733|254827|389432,ARHGAP6|AUH|MECOM|GRB14|MITF|OPHN1|THRB|RABGAP1L|CTDSPL|CNNM2|OXR1|FGD4|MACROD2|NAALADL2|SAMD5,-6.2,0
1,0,0,0,0,0,1,0,-8.2,0,0,0,0,0,-4.3,0,M39074,M10000010,2,0,Cell Type Signatures,7,ZHONG PFC MAJOR TYPES ASTROCYTES,,-8.2,5.5,8.2,30286,325,304,18,5.9,1.4,214|348|678|1191|2752|2878|2888|3988|9368|10099|10252|25840|27131|51084|57447|81618|84572|85315,ALCAM|APOE|ZFP36L2|CLU|GLUL|GPX3|GRB14|LIPA|NHERF1|TSPAN3|SPRY1|TMT1A|SNX5|CRYL1|NDRG2|ITM2C|GNPTG|PAQR8,-5.9,0
0,0,0,0,1,0,0,0,0,0,0,0,-8.2,0,0,0,M39120,M00001000,1,0,Cell Type Signatures,7,AIZARANI LIVER C18 NK NKT CELLS 5,,-8.2,13,11,30286,121,195,10,5.1,1.6,1520|2495|3576|5329|5452|6446|7097|7127|9308|51278,CTSS|FTH1|CXCL8|PLAUR|POU2F2|SGK1|TLR2|TNFAIP2|CD83|IER5,-5.9,0
0,0,0,0,1,1,0,0,0,0,0,0,-8.1,-3.2,0,0,M39106,M00001100,2,0,Cell Type Signatures,7,AIZARANI LIVER C2 KUPFFER CELLS 1,,-8.1,9.3,9.5,30286,200,195,12,6.2,1.7,1520|2495|3459|3576|5329|5452|6446|7097|9050|9308|10019|51278,CTSS|FTH1|IFNGR1|CXCL8|PLAUR|POU2F2|SGK1|TLR2|PSTPIP2|CD83|SH2B3|IER5,-5.9,0
1,0,0,1,1,0,0,0,-2.1,0,0,-3.9,-8,0,0,0,M39131,M10011000,3,0,Cell Type Signatures,7,AIZARANI LIVER C32 MVECS 3,,-8,12,10,30286,125,195,10,5.1,1.6,684|2280|2919|3105|3106|6446|8743|9235|10272|135112,BST2|FKBP1A|CXCL1|HLA-A|HLA-B|SGK1|TNFSF10|IL32|FSTL3|NCOA7,-5.8,0
1,1,0,0,0,0,0,0,-7.9,-6.3,0,0,0,0,0,0,M39231,M11000000,2,0,Cell Type Signatures,7,LAKE ADULT KIDNEY C12 THICK ASCENDING LIMB,,-7.9,5,7.8,30286,381,304,19,6.2,1.4,334|351|847|1938|2053|2261|2770|3030|3613|5101|5660|6342|6389|23236|25840|51280|55074|81618|130271,APLP2|APP|CAT|EEF2|EPHX2|FGFR3|GNAI1|HADHA|IMPA2|PCDH9|PSAP|SCP2|SDHA|PLCB1|TMT1A|GOLM1|OXR1|ITM2C|PLEKHH2,-5.7,0
1,1,0,1,1,0,1,1,-7.8,-3.7,0,-3.6,-2.4,0,-4,-2.5,M39037,M11011011,6,0,Cell Type Signatures,7,FAN EMBRYONIC CTX OLIG,,-7.8,3.6,7.2,30286,754,304,27,8.9,1.6,210|274|351|2593|2770|2934|3988|4000|4077|4155|4286|5058|7301|8763|10966|23446|23621|29956|57185|57509|57732|64077|64798|79956|83594|118738|123283,ALAD|BIN1|APP|GAMT|GNAI1|GSN|LIPA|LMNA|NBR1|MBP|MITF|PAK1|TYRO3|CD164|RAB40B|SLC44A1|BACE1|CERS2|NIPAL3|MTUS1|ZFYVE28|LHPP|DEPTOR|ERMP1|NUDT12|ZNF488|TARS3,-5.6,0
0,1,0,0,0,0,0,0,0,-7.8,0,0,0,0,0,0,M39256,M01000000,1,0,Cell Type Signatures,7,MENON FETAL KIDNEY 6 COLLECTING DUCT CELLS,,-7.8,12,10,30286,94,275,10,3.6,1.1,216|2001|3065|4043|4072|10551|22837|55195|85477|114569,ALDH1A1|ELF5|HDAC1|LRPAP1|EPCAM|AGR2|COBLL1|CCDC198|SCIN|MAL2,-5.6,0
0,0,1,1,1,0,0,1,0,0,-4,-6.8,-7.8,0,0,-3.4,M39152,M00111001,4,0,Cell Type Signatures,7,GAO LARGE INTESTINE 24W C1 DCLK1POS PROGENITOR,,-7.8,14,11,30286,99,195,9,4.6,1.5,716|718|1307|1435|2633|3383|4599|7058|115908,C1S|C3|COL16A1|CSF1|GBP1|ICAM1|MX1|THBS2|CTHRC1,-5.6,0
0,0,0,1,1,0,0,0,0,0,0,-2.9,-7.7,0,0,0,M40127,M00011000,2,0,Cell Type Signatures,7,DESCARTES MAIN FETAL CCL19 CCL21 POSITIVE CELLS,,-7.7,7.7,8.8,30286,263,195,13,6.7,1.8,716|1435|1890|2907|3383|4791|4792|4794|5971|7128|79140|91107|140606,C1S|CSF1|TYMP|GRINA|ICAM1|NFKB2|NFKBIA|NFKBIE|RELB|TNFAIP3|CCDC28B|TRIM47|SELENOM,-5.6,0
1,1,0,0,0,0,1,0,-7.7,-4.1,0,0,0,0,-3.8,0,M39168,M11000010,3,0,Cell Type Signatures,7,MURARO PANCREAS ALPHA CELL,,-7.7,4,7.4,30286,568,304,23,7.6,1.5,594|1191|2053|2770|2878|5166|5999|6594|6595|7068|7586|8763|9905|23329|23621|23635|51196|55603|79600|84795|84918|130399|388610,BCKDHB|CLU|EPHX2|GNAI1|GPX3|PDK4|RGS4|SMARCA1|SMARCA2|THRB|ZKSCAN1|CD164|SGSM2|TBC1D30|BACE1|SSBP2|PLCE1|TENT5A|TCTN1|PYROXD2|LRP11|ACVR1C|TRNP1,-5.5,0
1,0,1,1,0,0,1,0,-7.4,0,-6.4,-3.9,0,0,-5.8,0,M41745,M10110010,4,0,Cell Type Signatures,7,RUBENSTEIN SKELETAL MUSCLE FAP CELLS,,-7.4,7.2,8.4,30286,179,304,13,4.3,1.2,351|1675|2217|2878|2934|3075|4000|5176|5660|6414|7148|10252|10404,APP|CFD|FCGRT|GPX3|GSN|CFH|LMNA|SERPINF1|PSAP|SELENOP|TNXB|SPRY1|CPQ,-5.3,0
1,0,1,1,1,1,0,0,-6.4,0,-3.9,-7.4,-6.3,-2.3,0,0,M41675,M10111100,5,0,Cell Type Signatures,7,TRAVAGLINI LUNG ADVENTITIAL FIBROBLAST CELL,,-7.4,7.2,8.4,30286,296,185,13,7,1.9,94|730|1382|2192|3428|4147|5157|6001|6387|6422|57007|80270|81035,ACVRL1|C7|CRABP2|FBLN1|IFI16|MATN2|PDGFRL|RGS10|CXCL12|SFRP1|ACKR3|HSD3B7|COLEC12,-5.3,0
0,0,1,1,0,0,0,0,0,0,-7.2,-4.3,0,0,0,0,M39104,M00110000,2,0,Cell Type Signatures,7,ZHONG PFC C3 MICROGLIA,,-7.2,3.5,6.9,30286,488,438,25,5.7,1.1,203|273|775|862|1979|2044|2596|4628|4781|5305|5563|5577|10123|10687|23287|23671|26086|54522|54549|56776|57690|80034|115703|147372|149986,AK1|AMPH|CACNA1C|RUNX1T1|EIF4EBP2|EPHA5|GAP43|MYH10|NFIB|PIP4K2A|PRKAA2|PRKAR2B|ARL4C|PNMA2|AGTPBP1|TMEFF2|GPSM1|ANKRD16|SDK2|FMN2|TNRC6C|CSRNP3|ARHGAP33|CCBE1|LSM14B,-5.1,0
1,0,0,1,0,0,0,0,-7.1,0,0,-2.9,0,0,0,0,M40001,M10010000,2,0,Cell Type Signatures,7,BUSSLINGER ESOPHAGEAL QUIESCENT BASAL CELLS,,-7.1,12,9.4,30286,77,304,9,3,0.97,351|678|1191|1938|2353|2752|3488|3691|10628,APP|ZFP36L2|CLU|EEF2|FOS|GLUL|IGFBP5|ITGB4|TXNIP,-5,0
1,0,0,1,1,0,1,0,-7.1,0,0,-2.2,-4.4,0,-2.4,0,M39321,M10011010,4,0,Cell Type Signatures,7,CUI DEVELOPING HEART VASCULAR ENDOTHELIAL CELL,,-7.1,6.7,8,30286,193,304,13,4.3,1.2,334|1191|2122|3075|4054|4059|8490|10365|10628|55603|57509|113146|284207,APLP2|CLU|MECOM|CFH|LTBP3|BCAM|RGS5|KLF2|TXNIP|TENT5A|MTUS1|AHNAK2|METRNL,-5,0
1,0,0,0,1,0,0,0,-6.5,0,0,0,-7,0,0,0,M41709,M10001000,2,0,Cell Type Signatures,7,FAN OVARY CL7 ANGEIOGENIC ENDOTHELIAL CELL,,-7,7.4,8.2,30286,251,195,12,6.2,1.7,684|972|2280|3105|3106|3459|4599|5698|5720|5721|7529|8743,BST2|CD74|FKBP1A|HLA-A|HLA-B|IFNGR1|MX1|PSMB9|PSME1|PSME2|YWHAB|TNFSF10,-5,0
1,1,1,0,0,0,0,0,-7,-2.9,-5.5,0,0,0,0,0,M39232,M11100000,3,0,Cell Type Signatures,7,LAKE ADULT KIDNEY C13 THICK ASCENDING LIMB,,-7,8.4,8.5,30286,131,304,11,3.6,1.1,395|549|2122|5101|7068|23236|23635|55074|121512|140733|254827,ARHGAP6|AUH|MECOM|PCDH9|THRB|PLCB1|SSBP2|OXR1|FGD4|MACROD2|NAALADL2,-5,0
1,0,1,1,0,0,0,0,-3.2,0,-6.9,-5.5,0,0,0,0,M39167,M10110000,3,0,Cell Type Signatures,7,GAO LARGE INTESTINE ADULT CJ IMMUNE CELLS,,-6.9,3.4,6.7,30286,505,438,25,5.7,1.1,1004|1634|2273|4239|4811|4883|5118|5802|6943|7106|7220|8910|9411|10351|23284|23371|25992|51454|51477|54510|54875|80332|83857|219348|375033,CDH6|DCN|FHL1|MFAP4|NID1|NPR3|PCOLCE|PTPRS|TCF21|TSPAN4|TRPC1|SGCE|ARHGAP29|ABCA8|ADGRL3|TNS2|SNED1|GULP1|ISYNA1|PCDH18|CNTLN|ADAM33|TMTC1|PLAC9|PEAR1,-4.9,0
1,0,0,0,1,0,1,1,-2.2,0,0,0,-5.3,0,-4.3,-6.9,M41679,M10001011,4,0,Cell Type Signatures,7,TRAVAGLINI LUNG MESOTHELIAL CELL,,-6.9,3.6,6.7,30286,649,295,23,7.8,1.6,623|837|1942|2627|3134|4502|4830|6675|9588|9997|10492|11015|11335|23213|55276|58505|64928|79763|80176|133418|163732|168455|253982,BDKRB1|CASP4|EFNA1|GATA6|HLA-F|MT2A|NME1|UAP1|PRDX6|SCO2|SYNCRIP|KDELR3|CBX3|SULF1|PGM2|OSTC|MRPL14|ISOC2|SPSB1|EMB|CITED4|CCDC71L|ASPHD1,-4.9,0
1,0,0,0,1,0,1,1,-4.8,0,0,0,-4,0,-6.9,-3.7,M39229,M10001011,4,0,Cell Type Signatures,7,LAKE ADULT KIDNEY C10 THIN ASCENDING LIMB,,-6.9,5.5,7.5,30286,353,235,15,6.4,1.6,308|2182|2923|3875|4179|6696|7184|8428|9685|10130|26020|51523|51669|55088|56889,ANXA5|ACSL4|PDIA3|KRT18|CD46|SPP1|HSP90B1|STK24|CLINT1|PDIA6|LRP10|CXXC5|SARAF|CCDC186|TM9SF3,-4.8,0
0,0,1,0,1,0,1,0,0,0,-3.5,0,-6.9,0,-2.1,0,M41688,M00101010,3,0,Cell Type Signatures,7,TRAVAGLINI LUNG NEUTROPHIL CELL,,-6.9,5.9,7.6,30286,368,195,14,7.2,1.8,1520|2495|3106|3576|5329|5452|5687|5743|6892|7097|7128|10970|55701|64386,CTSS|FTH1|HLA-B|CXCL8|PLAUR|POU2F2|PSMA6|PTGS2|TAPBP|TLR2|TNFAIP3|CKAP4|ARHGEF40|MMP25,-4.8,0
0,0,1,0,0,0,0,0,0,0,-6.8,0,0,0,0,0,M39068,M00100000,1,0,Cell Type Signatures,7,MANNO MIDBRAIN NEUROTYPES HDA1,,-6.8,3.2,6.5,30286,584,438,27,6.2,1.1,273|463|775|2044|2245|2596|5087|5577|6546|6642|7248|7447|9315|9781|10079|10687|23671|54796|54874|79633|79955|80034|84302|93986|145407|147372|283248,AMPH|ZFHX3|CACNA1C|EPHA5|FGD1|GAP43|PBX1|PRKAR2B|SLC8A1|SNX1|TSC1|VSNL1|NREP|RNF144A|ATP9A|PNMA2|TMEFF2|BNC2|FNBP1L|FAT4|PDZD7|CSRNP3|PGAP4|FOXP2|ARMH4|CCBE1|RCOR2,-4.8,0
0,0,0,0,1,1,1,0,0,0,0,0,-3.3,-6.8,-4.5,0,M39304,M00001110,3,0,Cell Type Signatures,7,CUI DEVELOPING HEART C7 MAST CELL,,-6.8,11,9.1,30286,156,159,9,5.7,1.8,101|154|240|960|2014|3684|3936|5880|7805,ADAM8|ADRB2|ALOX5|CD44|EMP3|ITGAM|LCP1|RAC2|LAPTM5,-4.8,0
1,0,0,0,0,0,1,0,-6.8,0,0,0,0,0,-6.4,0,M39236,M10000010,2,0,Cell Type Signatures,7,LAKE ADULT KIDNEY C17 COLLECTING SYSTEM PCS STRESSED DISSOC SUBSET,,-6.8,5.8,7.5,30286,240,304,14,4.6,1.2,2122|2353|2878|3488|4000|5101|5166|5578|6595|57488|57509|90550|140733|254827,MECOM|FOS|GPX3|IGFBP5|LMNA|PCDH9|PDK4|PRKCA|SMARCA2|ESYT2|MTUS1|MCU|MACROD2|NAALADL2,-4.7,0
1,0,1,0,0,0,1,1,-6.7,0,-5,0,0,0,-2.3,-2.4,M39254,M10100011,4,0,Cell Type Signatures,7,MENON FETAL KIDNEY 4 PODOCYTES,,-6.7,6.3,7.7,30286,206,304,13,4.3,1.2,214|334|678|1107|4059|5660|6414|7049|7301|10099|10628|10788|51196,ALCAM|APLP2|ZFP36L2|CHD3|BCAM|PSAP|SELENOP|TGFBR3|TYRO3|TSPAN3|TXNIP|IQGAP2|PLCE1,-4.7,0
0,0,0,0,0,0,1,0,0,0,0,0,0,0,-6.7,0,M39310,M00000010,1,0,Cell Type Signatures,7,CUI DEVELOPING HEART TRABECULAR VENTRICULAR CARDIOMYOCYTE,,-6.7,11,8.9,30286,110,235,9,3.8,1.3,3156|3280|3309|3638|6307|6319|6713|10682|27075,HMGCR|HES1|HSPA5|INSIG1|MSMO1|SCD|SQLE|EBP|TSPAN13,-4.7,0
0,1,0,0,0,1,0,0,0,-6.7,0,0,0,-2.7,0,0,M39278,M01000100,2,0,Cell Type Signatures,7,DURANTE ADULT OLFACTORY NEUROEPITHELIUM SUSTENTACULAR CELLS,,-6.7,16,10,30286,47,275,7,2.5,0.95,3248|4586|6286|7033|7103|10551|23584,HPGD|MUC5AC|S100P|TFF3|TSPAN8|AGR2|VSIG2,-4.7,0
0,1,0,0,0,0,0,0,0,-6.6,0,0,0,0,0,0,M40031,M01000000,1,0,Cell Type Signatures,7,BUSSLINGER DUODENAL GOBLET CELLS,,-6.6,34,13,30286,16,275,5,1.8,0.81,4069|7033|8537|10551|83998,LYZ|TFF3|BCAS1|AGR2|REG4,-4.6,0
1,0,1,1,0,0,0,0,-6.6,0,-2.9,-2.3,0,0,0,0,M41678,M10110000,3,0,Cell Type Signatures,7,TRAVAGLINI LUNG PERICYTE CELL,,-6.6,8.7,8.3,30286,114,304,10,3.3,1,348|2040|2878|3613|8490|10628|23236|51196|55824|81618,APOE|STOM|GPX3|IMPA2|RGS5|TXNIP|PLCB1|PLCE1|PAG1|ITM2C,-4.6,0
1,1,0,0,0,0,0,0,-3.1,-6.6,0,0,0,0,0,0,M40292,M11000000,2,0,Cell Type Signatures,7,DESCARTES FETAL SPLEEN MESOTHELIAL CELLS,,-6.6,6.8,7.7,30286,195,275,12,4.4,1.2,745|827|3675|6337|9985|10232|55512|79642|79660|84418|114569|145957,MYRF|CAPN6|ITGA3|SCNN1A|REC8|MSLN|SMPD3|ARSJ|PPP1R3B|CYSTM1|MAL2|NRG4,-4.6,0
0,1,0,0,0,1,0,0,0,-6.6,0,0,0,-2.8,0,0,M40301,M01000100,2,0,Cell Type Signatures,7,DESCARTES FETAL STOMACH MUC13 DMBT1 POSITIVE CELLS,,-6.6,10,8.7,30286,97,275,9,3.3,1.1,335|338|1015|4648|7433|9075|53841|257629|389434,APOA1|APOB|CDH17|MYO7B|VIPR1|CLDN2|CDHR5|ANKS4B|IYD,-4.6,0
1,0,0,0,0,0,1,0,-6,0,0,0,0,0,-6.6,0,M39237,M10000010,2,0,Cell Type Signatures,7,LAKE ADULT KIDNEY C18 COLLECTING DUCT PRINCIPAL CELLS MEDULLA,,-6.6,5.6,7.3,30286,322,235,14,6,1.5,1832|1848|2182|2923|3875|4179|5479|7184|7832|9685|10130|23607|51523|51669,DSP|DUSP6|ACSL4|PDIA3|KRT18|CD46|PPIB|HSP90B1|BTG2|CLINT1|PDIA6|CD2AP|CXXC5|SARAF,-4.6,0
0,0,0,0,1,0,0,0,0,0,0,0,-6.5,0,0,0,M40210,M00001000,1,0,Cell Type Signatures,7,DESCARTES FETAL INTESTINE MYELOID CELLS,,-6.5,7.5,7.9,30286,227,195,11,5.6,1.7,637|972|1318|1520|1890|3576|8676|8942|9308|10148|81788,BID|CD74|SLC31A2|CTSS|TYMP|CXCL8|STX11|KYNU|CD83|EBI3|NUAK2,-4.6,0
0,0,0,0,1,1,0,0,0,0,0,0,-6.5,-6,0,0,M39045,M00001100,2,0,Cell Type Signatures,7,FAN EMBRYONIC CTX BRAIN B CELL,,-6.5,12,9.2,30286,100,195,8,4.1,1.4,330|972|3105|3106|5698|5720|5721|80774,BIRC3|CD74|HLA-A|HLA-B|PSMB9|PSME1|PSME2|LIMD2,-4.6,0
0,0,0,0,1,1,0,0,0,0,0,0,-6.4,-4.1,0,0,M40016,M00001100,2,0,Cell Type Signatures,7,BUSSLINGER GASTRIC REG3A POSITIVE CELLS,,-6.4,21,11,30286,44,195,6,3.1,1.2,330|972|2921|3105|3106|5721,BIRC3|CD74|CXCL3|HLA-A|HLA-B|PSME2,-4.5,0
0,0,0,1,0,1,0,0,0,0,0,-2,0,-6.4,0,0,M40092,M00010100,2,0,Cell Type Signatures,7,DESCARTES MAIN FETAL CORNEAL AND CONJUNCTIVAL EPITHELIAL CELLS,,-6.4,7.2,7.7,30286,290,159,11,6.9,2,240|2568|3934|4316|5284|5918|7100|10568|124056|171177|200316,ALOX5|GABRP|LCN2|MMP7|PIGR|RARRES1|TLR5|SLC34A2|NOXO1|RHOV|APOBEC3F,-4.4,0
1,0,1,1,0,0,0,0,-2.3,0,-6.4,-4.3,0,0,0,0,M39139,M10110000,3,0,Cell Type Signatures,7,GAO ESOPHAGUS 25W C4 FGFR1HIGH EPITHELIAL CELLS,,-6.4,5,7,30286,208,438,15,3.4,0.87,4239|4330|5118|7106|23284|25891|54510|57519|79987|80332|92949|139818|145407|196500|340526,MFAP4|MN1|PCOLCE|TSPAN4|ADGRL3|PAMR1|PCDH18|STARD9|SVEP1|ADAM33|ADAMTSL1|DOCK11|ARMH4|PIANP|RTL5,-4.4,0
1,0,1,1,1,0,0,1,-2.9,0,-2.1,-6.4,-2.6,0,0,-2.5,M39018,M10111001,5,0,Cell Type Signatures,7,FAN EMBRYONIC CTX BIG GROUPS BRAIN ENDOTHELIAL,,-6.4,5.8,7.3,30286,365,185,13,7,1.9,94|857|6558|7035|7431|10186|10410|55742|56261|79073|81035|94015|147495,ACVRL1|CAV1|SLC12A2|TFPI|VIM|LHFPL6|IFITM3|PARVA|GPCPD1|TMEM109|COLEC12|TTYH2|APCDD1,-4.4,0
0,1,0,0,0,1,0,0,0,-6.3,0,0,0,-3.6,0,0,M40275,M01000100,2,0,Cell Type Signatures,7,DESCARTES FETAL PLACENTA PAEP MECOM POSITIVE CELLS,,-6.3,7.2,7.7,30286,169,275,11,4,1.2,2302|4072|5801|6337|7364|10551|51473|56649|57619|113220|256764,FOXJ1|EPCAM|PTPRR|SCNN1A|UGT2B7|AGR2|DCDC2|TMPRSS4|SHROOM3|KIF12|WDR72,-4.4,0
0,0,0,0,1,0,1,1,0,0,0,0,-6.3,0,-2.2,-2.5,M41677,M00001011,3,0,Cell Type Signatures,7,TRAVAGLINI LUNG LIPOFIBROBLAST CELL,,-6.3,9.6,8.4,30286,146,195,9,4.6,1.5,716|718|972|1890|4327|5329|6446|7058|135112,C1S|C3|CD74|TYMP|MMP19|PLAUR|SGK1|THBS2|NCOA7,-4.4,0
0,1,0,1,1,1,1,0,0,-4.2,0,-3.5,-6.3,-3.9,-3,0,M41655,M01011110,5,0,Cell Type Signatures,7,TRAVAGLINI LUNG GOBLET CELL,,-6.3,9.4,8.3,30286,148,195,9,4.6,1.5,718|2919|3486|5420|6372|8743|55620|84419|152007,C3|CXCL1|IGFBP3|PODXL|CXCL6|TNFSF10|STAP2|C15orf48|GLIPR2,-4.3,0
0,0,1,0,1,0,0,1,0,0,-6.1,0,-2.7,0,0,-2.6,M40313,M00101001,3,0,Cell Type Signatures,7,DESCARTES FETAL THYMUS STROMAL CELLS,,-6.1,6.1,7.2,30286,137,438,12,2.7,0.78,1634|4239|5118|5396|11328|23371|54507|57124|80332|147372|170689|219348,DCN|MFAP4|PCOLCE|PRRX1|FKBP9|TNS2|ADAMTSL4|CD248|ADAM33|CCBE1|ADAMTS15|PLAC9,-4.2,0
0,0,0,0,1,1,0,0,0,0,0,0,-6.1,-4.7,0,0,M39306,M00001100,2,0,Cell Type Signatures,7,CUI DEVELOPING HEART C9 B T CELL,,-6.1,9,8.1,30286,155,195,9,4.6,1.5,3105|3106|3659|4792|5698|6892|7128|9235|80774,HLA-A|HLA-B|IRF1|NFKBIA|PSMB9|TAPBP|TNFAIP3|IL32|LIMD2,-4.2,0
0,0,1,1,1,0,0,0,0,0,-6,-3.1,-2.2,0,0,0,M39300,M00111000,3,0,Cell Type Signatures,7,CUI DEVELOPING HEART C3 FIBROBLAST LIKE CELL,,-6,6.5,7.2,30286,117,438,11,2.5,0.75,1634|4239|4811|5118|5325|6943|8910|10351|54510|81578|219348,DCN|MFAP4|NID1|PCOLCE|PLAGL1|TCF21|SGCE|ABCA8|PCDH18|COL21A1|PLAC9,-4.1,0
1,0,0,0,1,1,0,0,-2.3,0,0,0,-5.9,-2.3,0,0,M40229,M10001100,3,0,Cell Type Signatures,7,DESCARTES FETAL LIVER MYELOID CELLS,,-5.9,7.4,7.5,30286,209,195,10,5.1,1.6,1318|1520|1890|3459|3576|4794|7127|10148|83937|259307,SLC31A2|CTSS|TYMP|IFNGR1|CXCL8|NFKBIE|TNFAIP2|EBI3|RASSF4|IL4I1,-4.1,0
0,1,0,0,0,0,0,0,0,-5.9,0,0,0,0,0,0,M39155,M01000000,1,0,Cell Type Signatures,7,GAO LARGE INTESTINE 24W C5 LGR5POS STEM CELL,,-5.9,13,8.8,30286,60,275,7,2.5,0.95,1644|2125|2705|7103|9075|11001|27284,DDC|EVPL|GJB1|TSPAN8|CLDN2|SLC27A2|SULT1B1,-4.1,0
0,1,0,0,0,0,0,0,0,-5.8,0,0,0,0,0,0,M40240,M01000000,1,0,Cell Type Signatures,7,DESCARTES FETAL LUNG NEUROENDOCRINE CELLS,,-5.8,9.9,8,30286,89,275,8,2.9,1,430|1644|7276|8431|29974|57586|151258|164656,ASCL2|DDC|TTR|NR0B2|A1CF|SYT13|SLC38A11|TMPRSS6,-4,0
1,0,1,1,1,1,1,0,-5.8,0,-5.2,-4.1,-3.9,-2.4,-2.1,0,M41750,M10111110,6,0,Cell Type Signatures,7,RUBENSTEIN SKELETAL MUSCLE FBN1 FAP CELLS,,-5.8,4.8,6.6,30286,289,304,14,4.6,1.2,274|678|1191|1675|2752|2878|2934|3488|4000|5176|5660|7049|7148|201895,BIN1|ZFP36L2|CLU|CFD|GLUL|GPX3|GSN|IGFBP5|LMNA|SERPINF1|PSAP|TGFBR3|TNXB|SMIM14,-4,0
1,0,0,0,1,1,0,0,-4.5,0,0,0,-4.7,-5.8,0,0,M40157,M10001100,3,0,Cell Type Signatures,7,DESCARTES FETAL CEREBELLUM MICROGLIA,,-5.8,4.5,6.4,30286,642,159,15,9.4,2.3,154|240|2995|3684|3936|5724|5880|7100|7124|7805|27071|27128|58191|83938|150372,ADRB2|ALOX5|GYPC|ITGAM|LCP1|PTAFR|RAC2|TLR5|TNF|LAPTM5|DAPP1|CYTH4|CXCL16|LRMDA|NFAM1,-4,0
1,1,0,0,0,0,0,1,-2.2,-5.8,0,0,0,0,0,-2.2,M39257,M11000001,3,0,Cell Type Signatures,7,MENON FETAL KIDNEY 7 LOOPOF HENLE CELLS DISTAL,,-5.8,5.2,6.7,30286,276,275,13,4.7,1.3,174|216|476|4072|6819|9528|10451|22837|51473|54502|83478|84418|284422,AFP|ALDH1A1|ATP1A1|EPCAM|SULT1C2|TMEM59|VAV3|COBLL1|DCDC2|RBM47|ARHGAP24|CYSTM1|SMIM24,-3.9,0
1,1,1,0,1,0,0,1,-2.2,-4.8,-3.7,0,-5.8,0,0,-4.5,M41659,M11101001,5,0,Cell Type Signatures,7,TRAVAGLINI LUNG ALVEOLAR EPITHELIAL TYPE 1 CELL,,-5.8,5.2,6.7,30286,391,195,13,6.7,1.8,60|3383|3659|3918|5743|6484|8676|9235|10272|10626|10981|55679|344148,ACTB|ICAM1|IRF1|LAMC2|PTGS2|ST3GAL4|STX11|IL32|FSTL3|TRIM16|RAB32|LIMS2|NCKAP5,-3.9,0
1,0,0,0,0,0,1,0,-3.9,0,0,0,0,0,-5.7,0,M39238,M10000010,2,0,Cell Type Signatures,7,LAKE ADULT KIDNEY C19 COLLECTING DUCT INTERCALATED CELLS TYPE A MEDULLA,,-5.7,5.1,6.6,30286,326,235,13,5.5,1.5,1832|2923|3309|3638|3875|4179|6307|7184|10130|10159|51669|56889|64283,DSP|PDIA3|HSPA5|INSIG1|KRT18|CD46|MSMO1|HSP90B1|PDIA6|ATP6AP2|SARAF|TM9SF3|ARHGEF28,-3.9,0
1,0,0,0,0,0,0,0,-5.7,0,0,0,0,0,0,0,M39082,M10000000,1,0,Cell Type Signatures,7,ZHONG PFC C9 ORG OTHER,,-5.7,9.6,7.9,30286,83,304,8,2.6,0.92,1191|2040|2878|9368|27131|51084|57447|81618,CLU|STOM|GPX3|NHERF1|SNX5|CRYL1|NDRG2|ITM2C,-3.9,0
1,0,0,0,0,0,0,0,-5.7,0,0,0,0,0,0,0,M40014,M10000000,1,0,Cell Type Signatures,7,BUSSLINGER GASTRIC PARIETAL CELLS,,-5.7,5.1,6.6,30286,254,304,13,4.3,1.2,210|549|594|2752|3488|5525|5660|5867|8801|9368|56994|63941|121512,ALAD|AUH|BCKDHB|GLUL|IGFBP5|PPP2R5A|PSAP|RAB4A|SUCLG2|NHERF1|CHPT1|NECAB3|FGD4,-3.9,0
0,0,0,0,1,0,1,0,0,0,0,0,-2.6,0,-5.7,0,M39227,M00001010,2,0,Cell Type Signatures,7,LAKE ADULT KIDNEY C8 DECENDING THIN LIMB,,-5.7,5.6,6.8,30286,278,235,12,5.1,1.4,308|1832|1848|2182|2923|3309|3875|5479|6696|7184|10130|51669,ANXA5|DSP|DUSP6|ACSL4|PDIA3|HSPA5|KRT18|PPIB|SPP1|HSP90B1|PDIA6|SARAF,-3.9,0
1,0,1,1,0,0,0,0,-2.4,0,-5.6,-4.7,0,0,0,0,M39040,M10110000,3,0,Cell Type Signatures,7,FAN EMBRYONIC CTX BRAIN ENDOTHELIAL 2,,-5.6,3.9,6.1,30286,303,438,17,3.9,0.92,203|989|1004|1634|1842|1879|4811|5118|5325|8910|9411|51477|54510|56288|57124|80332|219348,AK1|SEPTIN7|CDH6|DCN|ECM2|EBF1|NID1|PCOLCE|PLAGL1|SGCE|ARHGAP29|ISYNA1|PCDH18|PARD3|CD248|ADAM33|PLAC9,-3.8,0
1,1,0,0,0,1,0,0,-5.6,-2.4,0,0,0,-2.5,0,0,M39290,M11000100,3,0,Cell Type Signatures,7,DURANTE ADULT OLFACTORY NEUROEPITHELIUM OLFACTORY ENSHEATHING GLIA,,-5.6,7.8,7.4,30286,115,304,9,3,0.97,348|351|1191|5101|5660|6414|6649|56994|57447,APOE|APP|CLU|PCDH9|PSAP|SELENOP|SOD3|CHPT1|NDRG2,-3.8,0
1,0,0,0,1,0,1,0,-3.3,0,0,0,-5.6,0,-3.3,0,M41701,M10001010,3,0,Cell Type Signatures,7,TRAVAGLINI LUNG NONCLASSICAL MONOCYTE CELL,,-5.6,7.8,7.3,30286,180,195,9,4.6,1.5,637|1318|1520|1890|2495|5452|8743|8942|84957,BID|SLC31A2|CTSS|TYMP|FTH1|POU2F2|TNFSF10|KYNU|RELT,-3.8,0
0,0,1,0,1,0,0,1,0,0,-2.6,0,-5.6,0,0,-3.7,M41667,M00101001,3,0,Cell Type Signatures,7,TRAVAGLINI LUNG CAPILLARY INTERMEDIATE 2 CELL,,-5.6,4.9,6.5,30286,408,195,13,6.7,1.8,387|2280|2495|3276|4134|5687|5698|5720|5721|9235|9538|10318|23568,RHOA|FKBP1A|FTH1|PRMT1|MAP4|PSMA6|PSMB9|PSME1|PSME2|IL32|EI24|TNIP1|ARL2BP,-3.8,0
0,0,0,0,1,0,0,0,0,0,0,0,-5.5,0,0,0,M39289,M00001000,1,0,Cell Type Signatures,7,DURANTE ADULT OLFACTORY NEUROEPITHELIUM B CELLS,,-5.5,22,10,30286,35,195,5,2.6,1.1,330|972|5452|9308|80774,BIRC3|CD74|POU2F2|CD83|LIMD2,-3.8,0
1,0,1,1,1,0,0,1,-5.5,0,-2.7,-3.9,-3.1,0,0,-2.5,M41716,M10111001,5,0,Cell Type Signatures,7,FAN OVARY CL14 MATURE SMOOTH MUSCLE CELL,,-5.5,4.6,6.3,30286,306,304,14,4.6,1.2,334|2034|2353|2878|2934|3488|4059|5166|6649|8490|8763|10628|30846|57447,APLP2|EPAS1|FOS|GPX3|GSN|IGFBP5|BCAM|PDK4|SOD3|RGS5|CD164|TXNIP|EHD2|NDRG2,-3.7,0
1,0,0,0,1,0,0,0,-3.3,0,0,0,-5.5,0,0,0,M41743,M10001000,2,0,Cell Type Signatures,7,RUBENSTEIN SKELETAL MUSCLE ENDOTHELIAL CELLS,,-5.5,9.1,7.6,30286,137,195,8,4.1,1.4,684|972|2280|3105|3106|5420|8743|9235,BST2|CD74|FKBP1A|HLA-A|HLA-B|PODXL|TNFSF10|IL32,-3.7,0
1,1,0,0,0,0,0,0,-5.5,-3.3,0,0,0,0,0,0,M39239,M11000000,2,0,Cell Type Signatures,7,LAKE ADULT KIDNEY C20 COLLECTING DUCT INTERCALATED CELLS TYPE A CORTEX,,-5.5,6.6,6.9,30286,152,304,10,3.3,1,2888|3488|3655|5578|6641|7068|55074|121512|140733|389432,GRB14|IGFBP5|ITGA6|PRKCA|SNTB1|THRB|OXR1|FGD4|MACROD2|SAMD5,-3.7,0
1,1,1,0,0,0,0,0,-3.5,-5.4,-2.5,0,0,0,0,0,M39230,M11100000,3,0,Cell Type Signatures,7,LAKE ADULT KIDNEY C11 THIN ASCENDING LIMB,,-5.4,6.5,6.9,30286,169,275,10,3.6,1.1,476|604|987|5265|7364|9223|10806|54502|83478|144100,ATP1A1|BCL6|LRBA|SERPINA1|UGT2B7|MAGI1|SDCCAG8|RBM47|ARHGAP24|PLEKHA7,-3.7,0
1,1,0,0,0,0,1,0,-5.4,-3.2,0,0,0,0,-2.5,0,M40024,M11000010,3,0,Cell Type Signatures,7,BUSSLINGER DUODENAL STEM CELLS,,-5.4,4.5,6.2,30286,311,304,14,4.6,1.2,351|678|1191|1938|2122|2217|2353|3646|3655|10628|27131|51280|51386|51614,APP|ZFP36L2|CLU|EEF2|MECOM|FCGRT|FOS|EIF3E|ITGA6|TXNIP|SNX5|GOLM1|EIF3L|ERGIC3,-3.7,0
0,0,0,1,0,1,1,1,0,0,0,-5.4,0,-3.2,-4.3,-2.8,M39269,M00010111,4,0,Cell Type Signatures,7,HU FETAL RETINA RGC,,-5.4,4.8,6.3,30286,443,185,13,7,1.9,1382|6001|7321|8933|10540|23623|23705|54331|54332|58485|79969|83658|112476,CRABP2|RGS10|UBE2D1|RTL8C|DCTN2|RUSC1|CADM1|GNG2|GDAP1|TRAPPC1|ATAT1|DYNLRB1|PRRT2,-3.7,0
1,0,1,1,0,0,0,0,-5.4,0,-2.2,-4.6,0,0,0,0,M39128,M10110000,3,0,Cell Type Signatures,7,AIZARANI LIVER C29 MVECS 2,,-5.4,4.5,6.2,30286,313,304,14,4.6,1.2,351|2034|2040|2122|2878|2934|3628|4000|7049|8727|10252|10365|30846|64855,APP|EPAS1|STOM|MECOM|GPX3|GSN|INPP1|LMNA|TGFBR3|CTNNAL1|SPRY1|KLF2|EHD2|NIBAN2,-3.7,0
1,0,1,0,0,0,0,1,-4,0,-5.3,0,0,0,0,-2.4,M41707,M10100001,3,0,Cell Type Signatures,7,FAN OVARY CL5 HEALTHY SELECTABLE FOLLICLE THECAL CELL,,-5.3,3.7,5.9,30286,318,438,17,3.9,0.92,128|133|379|381|989|2273|3151|3725|4811|5087|5118|5325|8910|9380|56265|64710|252839,ADH5|ADM|ARL4D|ARF5|SEPTIN7|FHL1|HMGN2|JUN|NID1|PBX1|PCOLCE|PLAGL1|SGCE|GRHPR|CPXM1|NUCKS1|TMEM9,-3.6,0
1,1,0,0,0,0,0,0,-5.3,-4.9,0,0,0,0,0,0,M39303,M11000000,2,0,Cell Type Signatures,7,CUI DEVELOPING HEART C6 EPICARDIAL CELL,,-5.3,5.6,6.5,30286,195,304,11,3.6,1.1,1612|2051|2185|3075|5493|5627|9368|10099|23767|130271|440498,DAPK1|EPHB6|PTK2B|CFH|PPL|PROS1|NHERF1|TSPAN3|FLRT3|PLEKHH2|HSBP1L1,-3.6,0
1,1,0,0,1,1,0,0,-5.3,-3.6,0,0,-3.4,-4.8,0,0,M41689,M11001100,4,0,Cell Type Signatures,7,TRAVAGLINI LUNG BASOPHIL MAST 1 CELL,,-5.3,4.7,6.2,30286,276,304,13,4.3,1.2,1191|2034|2353|2752|4000|4286|5627|23446|27131|57447|81618|113146|388335,CLU|EPAS1|FOS|GLUL|LMNA|MITF|PROS1|SLC44A1|SNX5|NDRG2|ITM2C|AHNAK2|TMEM220,-3.6,0
0,0,0,0,1,0,0,0,0,0,0,0,-5.2,0,0,0,M41663,M00001000,1,0,Cell Type Signatures,7,TRAVAGLINI LUNG VEIN CELL,,-5.2,19,9.4,30286,40,195,5,2.6,1.1,2495|3383|7128|10272|135112,FTH1|ICAM1|TNFAIP3|FSTL3|NCOA7,-3.5,0
1,1,1,0,0,0,0,0,-5.2,-3.3,-3.4,0,0,0,0,0,M39224,M11100000,3,0,Cell Type Signatures,7,LAKE ADULT KIDNEY C5 PROXIMAL TUBULE EPITHELIAL CELLS STRESS INFLAM,,-5.2,3.8,5.8,30286,417,304,16,5.3,1.3,2053|2353|2878|4983|6920|8829|25840|51084|55603|64798|121512|130589|134147|138241|140733|389432,EPHX2|FOS|GPX3|OPHN1|TCEA3|NRP1|TMT1A|CRYL1|TENT5A|DEPTOR|FGD4|GALM|CMBL|C9orf85|MACROD2|SAMD5,-3.5,0
1,0,0,0,0,0,0,0,-5.2,0,0,0,0,0,0,0,M39210,M10000000,1,0,Cell Type Signatures,7,ZHENG CORD BLOOD C1 PUTATIVE MEGAKARYOCYTE PROGENITOR,,-5.2,8.1,7.1,30286,98,304,8,2.6,0.92,395|1191|2040|2934|3655|5139|5627|23446,ARHGAP6|CLU|STOM|GSN|ITGA6|PDE3A|PROS1|SLC44A1,-3.5,0
0,1,0,0,0,1,0,0,0,-5.1,0,0,0,-2.6,0,0,M40192,M01000100,2,0,Cell Type Signatures,7,DESCARTES FETAL HEART EPICARDIAL FAT CELLS,,-5.1,8,7.1,30286,110,275,8,2.9,1,540|745|7348|8796|10232|114569|127733|145957,ATP7B|MYRF|UPK1B|SCEL|MSLN|MAL2|UBXN10|NRG4,-3.4,0
1,1,1,0,1,0,0,0,-2.4,-5.1,-2.2,0,-2.6,0,0,0,M39099,M11101000,4,0,Cell Type Signatures,7,ZHONG PFC C4 PTGDS POS OPC,,-5.1,6.7,6.7,30286,147,275,9,3.3,1.1,745|949|950|2065|7018|8537|9528|23189|114883,MYRF|SCARB1|SCARB2|ERBB3|TF|BCAS1|TMEM59|KANK1|OSBPL9,-3.4,0
1,1,0,0,0,0,0,0,-4.7,-5.1,0,0,0,0,0,0,M39255,M11000000,2,0,Cell Type Signatures,7,MENON FETAL KIDNEY 5 PROXIMAL TUBULE CELLS,,-5.1,7.9,7,30286,112,275,8,2.9,1,174|5174|6519|11001|51361|51473|55195|284422,AFP|PDZK1|SLC3A1|SLC27A2|HOOK1|DCDC2|CCDC198|SMIM24,-3.4,0
0,1,0,0,0,0,0,0,0,-5.1,0,0,0,0,0,0,M40208,M01000000,1,0,Cell Type Signatures,7,DESCARTES FETAL INTESTINE CHROMAFFIN CELLS,,-5.1,7.9,7,30286,112,275,8,2.9,1,2696|5624|57586|83998|151258|165679|201625|390874,GIPR|PROC|SYT13|REG4|SLC38A11|SPTSSB|DNAH12|ONECUT3,-3.4,0
1,1,0,0,1,0,1,0,-2.8,-4.4,0,0,-3.4,0,-5.1,0,M39228,M11001010,4,0,Cell Type Signatures,7,LAKE ADULT KIDNEY C9 THIN ASCENDING LIMB,,-5.1,5.3,6.2,30286,268,235,11,4.7,1.4,308|2182|2923|3309|3875|5479|6696|7184|9685|10130|51669,ANXA5|ACSL4|PDIA3|HSPA5|KRT18|PPIB|SPP1|HSP90B1|CLINT1|PDIA6|SARAF,-3.4,0
1,0,1,1,1,0,0,0,-5,0,-2.5,-3.5,-5.1,0,0,0,M39302,M10111000,4,0,Cell Type Signatures,7,CUI DEVELOPING HEART C5 VALVAR CELL,,-5.1,6.7,6.7,30286,208,195,9,4.6,1.5,1983|2919|3659|4327|5743|6091|7345|80149|140606,EIF5|CXCL1|IRF1|MMP19|PTGS2|ROBO1|UCHL1|ZC3H12A|SELENOM,-3.4,0
1,1,0,0,0,0,0,0,-5,-3.4,0,0,0,0,0,0,M39240,M11000000,2,0,Cell Type Signatures,7,LAKE ADULT KIDNEY C21 COLLECTING DUCT INTERCALATED CELLS TYPE B,,-5,7.7,6.9,30286,103,304,8,2.6,0.92,3488|3655|4286|6641|10788|23635|55304|140733,IGFBP5|ITGA6|MITF|SNTB1|IQGAP2|SSBP2|SPTLC3|MACROD2,-3.4,0
0,0,0,0,0,0,1,0,0,0,0,0,0,0,-5,0,M39020,M00000010,1,0,Cell Type Signatures,7,FAN EMBRYONIC CTX BIG GROUPS GLIAL,,-5,7.8,6.9,30286,133,235,8,3.4,1.2,308|4942|6307|6319|10267|51060|51109|338645,ANXA5|OAT|MSMO1|SCD|RAMP1|TXNDC12|RDH11|LUZP2,-3.4,0
0,0,0,0,1,1,0,0,0,0,0,0,-5,-2.8,0,0,M41714,M00001100,2,0,Cell Type Signatures,7,FAN OVARY CL12 T LYMPHOCYTE NK CELL 2,,-5,7.7,6.9,30286,161,195,8,4.1,1.4,330|2495|3105|3106|5216|7128|7529|9235,BIRC3|FTH1|HLA-A|HLA-B|PFN1|TNFAIP3|YWHAB|IL32,-3.3,0
1,0,1,0,0,0,1,0,-5,0,-3.7,0,0,0,-2.4,0,M39241,M10100010,3,0,Cell Type Signatures,7,LAKE ADULT KIDNEY C22 ENDOTHELIAL CELLS GLOMERULAR CAPILLARIES,,-5,6.5,6.5,30286,137,304,9,3,0.97,351|2034|2353|2878|3488|5578|7048|9910|140733,APP|EPAS1|FOS|GPX3|IGFBP5|PRKCA|TGFBR2|RABGAP1L|MACROD2,-3.3,0
0,1,1,0,0,0,0,0,0,-2.3,-5,0,0,0,0,0,M39223,M01100000,2,0,Cell Type Signatures,7,LAKE ADULT KIDNEY C4 PROXIMAL TUBULE EPITHELIAL CELLS S2,,-5,4.7,6,30286,176,438,12,2.7,0.78,1004|2289|4781|5334|6938|9577|51454|54796|56288|93986|154043|284058,CDH6|FKBP5|NFIB|PLCL1|TCF12|BABAM2|GULP1|BNC2|PARD3|FOXP2|CNKSR3|KANSL1,-3.3,0
1,1,0,0,0,0,0,0,-3.1,-5,0,0,0,0,0,0,M40019,M11000000,2,0,Cell Type Signatures,7,BUSSLINGER GASTRIC X CELLS,,-5,5.8,6.3,30286,191,275,10,3.6,1.1,216|335|3249|5265|7276|10083|10232|26996|29974|51085,ALDH1A1|APOA1|HPN|SERPINA1|TTR|USH1C|MSLN|GPR160|A1CF|MLXIPL,-3.3,0
1,0,0,1,0,0,1,0,-2.7,0,0,-2.8,0,0,-5,0,M41713,M10010010,3,0,Cell Type Signatures,7,FAN OVARY CL11 MURAL GRANULOSA CELL,,-5,4.1,5.8,30286,443,235,14,6,1.5,1832|2182|2232|3156|3875|6307|6319|6713|8615|9456|51669|65124|283537|388403,DSP|ACSL4|FDXR|HMGCR|KRT18|MSMO1|SCD|SQLE|USO1|HOMER1|SARAF|SOWAHC|SLC46A3|YPEL2,-3.3,0
0,0,0,0,1,0,1,1,0,0,0,0,-2,0,-4.9,-4.1,M41717,M00001011,3,0,Cell Type Signatures,7,FAN OVARY CL15 SMALL ANTRAL FOLLICLE GRANULOSA CELL,,-4.9,3.4,5.4,30286,645,235,17,7.2,1.7,1312|1832|2181|2182|2232|3156|3280|3875|6319|6713|7184|9456|51060|51669|57003|65124|150472,COMT|DSP|ACSL3|ACSL4|FDXR|HMGCR|HES1|KRT18|SCD|SQLE|HSP90B1|HOMER1|TXNDC12|SARAF|CCDC47|SOWAHC|ZNG1B,-3.2,0
1,1,1,0,1,1,0,1,-4.9,-2,-2.5,0,-4.4,-4.1,0,-3.5,M41691,M11101101,6,0,Cell Type Signatures,7,TRAVAGLINI LUNG PLATELET MEGAKARYOCYTE CELL,,-4.9,3.1,5.3,30286,604,304,19,6.2,1.4,351|395|1191|2040|2934|5627|5836|5867|9764|9910|10217|23635|29956|30061|54414|55924|81579|157695|201294,APP|ARHGAP6|CLU|STOM|GSN|PROS1|PYGL|RAB4A|KIAA0513|RABGAP1L|CTDSPL|SSBP2|CERS2|SLC40A1|SIAE|INKA2|PLA2G12A|TDRP|UNC13D,-3.2,0
0,1,0,0,0,0,0,0,0,-4.9,0,0,0,0,0,0,M39285,M01000000,1,0,Cell Type Signatures,7,DURANTE ADULT OLFACTORY NEUROEPITHELIUM RESPIRATORY CILIATED CELLS,,-4.9,6.4,6.4,30286,156,275,9,3.3,1.1,216|1040|2302|2938|4586|7033|51316|84418|155465,ALDH1A1|CDS1|FOXJ1|GSTA1|MUC5AC|TFF3|PLAC8|CYSTM1|AGR3,-3.2,0
1,0,0,0,1,0,0,0,-2,0,0,0,-4.8,0,0,0,M39260,M10001000,2,0,Cell Type Signatures,7,MENON FETAL KIDNEY 10 IMMUNE CELLS,,-4.8,11,7.5,30286,83,195,6,3.1,1.2,60|972|1072|3105|3106|5216,ACTB|CD74|CFL1|HLA-A|HLA-B|PFN1,-3.2,0
1,0,1,0,0,0,0,0,-4.5,0,-4.8,0,0,0,0,0,M39246,M10100000,2,0,Cell Type Signatures,7,LAKE ADULT KIDNEY C27 VASCULAR SMOOTH MUSCLE CELLS AND PERICYTES,,-4.8,4.9,5.9,30286,155,438,11,2.5,0.75,463|775|1879|3725|5087|5334|6546|8874|9475|23284|83857,ZFHX3|CACNA1C|EBF1|JUN|PBX1|PLCL1|SLC8A1|ARHGEF7|ROCK2|ADGRL3|TMTC1,-3.2,0
1,0,0,0,0,0,0,0,-4.8,0,0,0,0,0,0,0,M41748,M10000000,1,0,Cell Type Signatures,7,RUBENSTEIN SKELETAL MUSCLE SATELLITE CELLS,,-4.8,4.2,5.7,30286,310,304,13,4.3,1.2,348|1191|1938|2353|2752|3030|3488|3646|4000|6767|10252|51386|57447,APOE|CLU|EEF2|FOS|GLUL|HADHA|IGFBP5|EIF3E|LMNA|ST13|SPRY1|EIF3L|NDRG2,-3.2,0
0,0,0,0,1,1,0,0,0,0,0,0,-4.8,-3,0,0,M39287,M00001100,2,0,Cell Type Signatures,7,DURANTE ADULT OLFACTORY NEUROEPITHELIUM NK CELLS,,-4.8,11,7.5,30286,84,195,6,3.1,1.2,3105|3106|5216|5698|9235|80774,HLA-A|HLA-B|PFN1|PSMB9|IL32|LIMD2,-3.2,0
1,0,1,1,0,0,0,0,-4.7,0,-3.8,-3.6,0,0,0,0,M39114,M10110000,3,0,Cell Type Signatures,7,AIZARANI LIVER C10 MVECS 1,,-4.7,4.4,5.7,30286,269,304,12,3.9,1.1,351|2034|2040|2934|3628|3655|4000|4059|7048|7049|10252|10365,APP|EPAS1|STOM|GSN|INPP1|ITGA6|LMNA|BCAM|TGFBR2|TGFBR3|SPRY1|KLF2,-3.1,0
0,0,1,0,0,0,0,0,0,0,-4.6,0,0,0,0,0,M39069,M00100000,1,0,Cell Type Signatures,7,MANNO MIDBRAIN NEUROTYPES HDA2,,-4.6,2.8,5.1,30286,513,438,21,4.8,1,463|2044|2596|5087|5463|5577|6642|7447|9315|10079|10500|10687|26050|54796|54874|55068|79955|80034|84302|196500|222950,ZFHX3|EPHA5|GAP43|PBX1|POU6F1|PRKAR2B|SNX1|VSNL1|NREP|ATP9A|SEMA6C|PNMA2|SLITRK5|BNC2|FNBP1L|ENOX1|PDZD7|CSRNP3|PGAP4|PIANP|NYAP1,-3.1,0
0,1,0,0,0,0,0,0,0,-4.6,0,0,0,0,0,0,M40263,M01000000,1,0,Cell Type Signatures,7,DESCARTES FETAL PANCREAS ISLET ENDOCRINE CELLS,,-4.6,5.9,6.1,30286,168,275,9,3.3,1.1,1644|2696|5624|5799|5950|7276|10841|51085|164656,DDC|GIPR|PROC|PTPRN2|RBP4|TTR|FTCD|MLXIPL|TMPRSS6,-3,0
1,1,1,0,1,0,0,0,-4.6,-2.3,-2.7,0,-2.4,0,0,0,M41718,M11101000,4,0,Cell Type Signatures,7,FAN OVARY CL16 LYMPHATIC ENDOTHELIAL CELL,,-4.6,4.7,5.7,30286,232,304,11,3.6,1.1,334|351|1191|2040|2217|2353|5660|6414|7048|10628|57509,APLP2|APP|CLU|STOM|FCGRT|FOS|PSAP|SELENOP|TGFBR2|TXNIP|MTUS1,-3,0
1,0,0,0,0,0,0,0,-4.6,0,0,0,0,0,0,0,M39034,M10000000,1,0,Cell Type Signatures,7,FAN EMBRYONIC CTX ASTROCYTE 2,,-4.6,5.9,6.1,30286,153,304,9,3,0.97,214|348|1191|2261|2752|5101|25840|57447|81618,ALCAM|APOE|CLU|FGFR3|GLUL|PCDH9|TMT1A|NDRG2|ITM2C,-3,0
0,1,0,0,0,0,0,0,0,-4.6,0,0,0,0,0,0,M39058,M01000000,1,0,Cell Type Signatures,7,MANNO MIDBRAIN NEUROTYPES HPROGM,,-4.6,4.3,5.6,30286,307,275,12,4.4,1.2,335|1124|1644|2302|7033|7276|54477|55779|57619|79642|83478|219681,APOA1|CHN2|DDC|FOXJ1|TFF3|TTR|PLEKHA5|CFAP44|SHROOM3|ARSJ|ARHGAP24|ARMC3,-3,0
1,1,1,1,1,0,0,0,-2.3,-2.6,-3.1,-4,-4.5,0,0,0,M39039,M11111000,5,0,Cell Type Signatures,7,FAN EMBRYONIC CTX BRAIN ENDOTHELIAL 1,,-4.5,4.2,5.5,30286,440,195,12,6.2,1.7,684|2280|3455|4599|5332|5420|9235|10626|55679|64386|64761|115908,BST2|FKBP1A|IFNAR2|MX1|PLCB4|PODXL|IL32|TRIM16|LIMS2|MMP25|PARP12|CTHRC1,-3,0
0,0,0,0,0,1,0,0,0,0,0,0,0,-4.5,0,0,M39296,M00000100,1,0,Cell Type Signatures,7,DURANTE ADULT OLFACTORY NEUROEPITHELIUM GLOBOSE BASAL CELLS,,-4.5,22,8.9,30286,35,159,4,2.5,1.2,5947|7846|203068|347733,RBP1|TUBA1A|TUBB|TUBB2B,-2.9,0
1,1,0,1,1,1,1,0,-3.4,-4.5,0,-2.6,-3.2,-2.2,-3.5,0,M39111,M11011110,6,0,Cell Type Signatures,7,AIZARANI LIVER C7 EPCAM POS BILE DUCT CELLS 2,,-4.5,5,5.7,30286,219,275,10,3.6,1.1,476|745|2065|4072|9223|23242|51473|55195|57619|113220,ATP1A1|MYRF|ERBB3|EPCAM|MAGI1|COBL|DCDC2|CCDC198|SHROOM3|KIF12,-2.9,0
0,0,0,0,1,0,0,0,0,0,0,0,-4.5,0,0,0,M39280,M00001000,1,0,Cell Type Signatures,7,DURANTE ADULT OLFACTORY NEUROEPITHELIUM RESPIRATORY SECRETORY CELLS,,-4.5,21,8.9,30286,29,195,4,2.1,1,2919|2921|3576|135112,CXCL1|CXCL3|CXCL8|NCOA7,-2.9,0
1,0,1,1,0,0,0,0,-4.4,0,-4,-3.9,0,0,0,0,M39132,M10110000,3,0,Cell Type Signatures,7,AIZARANI LIVER C33 STELLATE CELLS 2,,-4.4,6.3,6,30286,126,304,8,2.6,0.92,2034|2878|3488|3613|6649|8490|10099|55824,EPAS1|GPX3|IGFBP5|IMPA2|SOD3|RGS5|TSPAN3|PAG1,-2.9,0
0,1,0,0,0,1,0,0,0,-4.4,0,0,0,-2.2,0,0,M40246,M01000100,2,0,Cell Type Signatures,7,DESCARTES FETAL LUNG BRONCHIOLAR AND ALVEOLAR EPITHELIAL CELLS,,-4.4,9.4,6.8,30286,70,275,6,2.2,0.88,7364|9075|55195|113220|140893|168002,UGT2B7|CLDN2|CCDC198|KIF12|RBBP8NL|DACT2,-2.9,0
0,1,0,0,0,1,0,0,0,-4.4,0,0,0,-2.8,0,0,M40032,M01000100,2,0,Cell Type Signatures,7,BUSSLINGER DUODENAL BCHE CELLS,,-4.4,13,7.4,30286,43,275,5,1.8,0.81,1015|4069|7103|51316|54502,CDH17|LYZ|TSPAN8|PLAC8|RBM47,-2.9,0
0,0,0,0,1,0,0,0,0,0,0,0,-4.3,0,0,0,M39218,M00001000,1,0,Cell Type Signatures,7,ZHENG CORD BLOOD C9 GRANULOCYTE MACROPHAGE PROGENITOR,,-4.3,9.3,6.7,30286,100,195,6,3.1,1.2,1072|3068|3105|3106|5216|10981,CFL1|HDGF|HLA-A|HLA-B|PFN1|RAB32,-2.8,0
1,1,0,1,0,0,0,0,-3.7,-4,0,-4.3,0,0,0,0,M41653,M11010000,3,0,Cell Type Signatures,7,TRAVAGLINI LUNG DIFFERENTIATING BASAL CELL,,-4.3,7.3,6.2,30286,157,185,7,3.8,1.4,2192|3428|9957|29108|55323|64065|112616,FBLN1|IFI16|HS3ST1|PYCARD|LARP6|PERP|CMTM7,-2.8,0
1,0,0,0,0,0,0,0,-4.3,0,0,0,0,0,0,0,M41662,M10000000,1,0,Cell Type Signatures,7,TRAVAGLINI LUNG ARTERY CELL,,-4.3,6.1,5.9,30286,131,304,8,2.6,0.92,1075|2122|2752|3691|8727|10217|27250|29116,CTSC|MECOM|GLUL|ITGB4|CTNNAL1|CTDSPL|PDCD4|MYLIP,-2.8,0
1,0,0,0,1,0,1,0,-3.8,0,0,0,-4.2,0,-2.2,0,M39243,M10001010,3,0,Cell Type Signatures,7,LAKE ADULT KIDNEY C24 ENDOTHELIAL CELLS AEA AND DVR,,-4.2,7.2,6.1,30286,152,195,7,3.6,1.3,387|972|3106|4792|5332|5420|7529,RHOA|CD74|HLA-B|NFKBIA|PLCB4|PODXL|YWHAB,-2.8,0
1,0,1,0,0,0,0,0,-4.2,0,-4,0,0,0,0,0,M41704,M10100000,2,0,Cell Type Signatures,7,FAN OVARY CL2 PUTATIVE EARLY ATRETIC FOLLICLE THECAL CELL 1,,-4.2,7.1,6.1,30286,98,304,7,2.3,0.86,348|2353|3488|5166|5176|6414|6767,APOE|FOS|IGFBP5|PDK4|SERPINF1|SELENOP|ST13,-2.8,0
1,0,1,0,0,0,0,1,-4.2,0,-3,0,0,0,0,-2.9,M39221,M10100001,3,0,Cell Type Signatures,7,LAKE ADULT KIDNEY C2 PODOCYTES,,-4.2,4.7,5.4,30286,212,304,10,3.3,1,594|2878|7049|9910|10217|10404|10788|23635|51196|140733,BCKDHB|GPX3|TGFBR3|RABGAP1L|CTDSPL|CPQ|IQGAP2|SSBP2|PLCE1|MACROD2,-2.8,0
1,1,1,0,0,0,0,0,-4.2,-2.3,-2.4,0,0,0,0,0,M39234,M11100000,3,0,Cell Type Signatures,7,LAKE ADULT KIDNEY C15 CONNECTING TUBULE,,-4.2,5.2,5.6,30286,171,304,9,3,0.97,395|549|2122|4286|5101|5578|9910|140733|254827,ARHGAP6|AUH|MECOM|MITF|PCDH9|PRKCA|RABGAP1L|MACROD2|NAALADL2,-2.8,0
1,0,0,1,1,0,1,1,-2.3,0,0,-4.2,-2.3,0,-2.7,-3.4,M39017,M10011011,5,0,Cell Type Signatures,7,FAN EMBRYONIC CTX BIG GROUPS CAJAL RETZIUS,,-4.2,3.9,5.2,30286,499,185,12,6.5,1.8,730|1382|2192|2861|5834|8933|10186|23467|55176|64065|84557|256933,C7|CRABP2|FBLN1|GPR37|PYGB|RTL8C|LHFPL6|NPTXR|SEC61A2|PERP|MAP1LC3A|NPB,-2.8,0
0,0,0,1,1,0,0,1,0,0,0,-4.1,-2.6,0,0,-4.2,M39176,M00011001,3,0,Cell Type Signatures,7,MURARO PANCREAS ENDOTHELIAL CELL,,-4.2,3.7,5.1,30286,362,295,13,4.4,1.2,1942|3782|3987|4092|5782|6678|8773|8828|9859|10109|55276|162073|768211,EFNA1|KCNN3|LIMS1|SMAD7|PTPN12|SPARC|SNAP23|NRP2|CEP170|ARPC2|PGM2|ITPRIPL2|RELL1,-2.8,0
0,0,0,0,1,1,0,0,0,0,0,0,-4.2,-2.3,0,0,M40274,M00001100,2,0,Cell Type Signatures,7,DESCARTES FETAL PANCREAS LYMPHATIC ENDOTHELIAL CELLS,,-4.2,12,7.1,30286,65,195,5,2.6,1.1,3604|5743|6374|115908|338440,TNFRSF9|PTGS2|CXCL5|CTHRC1|ANO9,-2.8,0
0,1,0,0,0,0,0,0,0,-4.2,0,0,0,0,0,0,M40139,M01000000,1,0,Cell Type Signatures,7,DESCARTES MAIN FETAL MUC13 DMBT1 POSITIVE CELLS,,-4.2,7.1,6.1,30286,109,275,7,2.5,0.95,4072|5357|6519|7103|57016|79170|654463,EPCAM|PLS1|SLC3A1|TSPAN8|AKR1B10|PRR15L|FER1L6,-2.8,0
0,0,0,0,0,0,1,0,0,0,0,0,0,0,-4.2,0,M40079,M00000010,1,0,Cell Type Signatures,7,DESCARTES MAIN FETAL ADRENOCORTICAL CELLS,,-4.2,8.8,6.5,30286,88,235,6,2.6,1,1718|2232|3156|6307|54885|283537,DHCR24|FDXR|HMGCR|MSMO1|TBC1D8B|SLC46A3,-2.7,0
1,0,1,0,1,0,0,0,-3.4,0,-2.7,0,-4.2,0,0,0,M41699,M10101000,3,0,Cell Type Signatures,7,TRAVAGLINI LUNG CLASSICAL MONOCYTE CELL,,-4.2,5.2,5.5,30286,270,195,9,4.6,1.5,1520|1890|3459|5452|5879|7097|7127|8743|8942,CTSS|TYMP|IFNGR1|POU2F2|RAC1|TLR2|TNFAIP2|TNFSF10|KYNU,-2.7,0
0,0,0,0,1,1,0,0,0,0,0,0,-2.8,-4.2,0,0,M39046,M00001100,2,0,Cell Type Signatures,7,FAN EMBRYONIC CTX BRAIN EFFECTOR T CELL,,-4.2,8.7,6.4,30286,131,159,6,3.8,1.5,101|960|2014|3561|3936|5880,ADAM8|CD44|EMP3|IL2RG|LCP1|RAC2,-2.7,0
0,1,0,0,0,0,0,0,0,-4.1,0,0,0,0,0,0,M39147,M01000000,1,0,Cell Type Signatures,7,GAO SMALL INTESTINE 24W C3 ENTEROCYTE PROGENITOR SUBTYPE 1,,-4.1,11,7,30286,48,275,5,1.8,0.81,13|2938|7103|7276|79170,AADAC|GSTA1|TSPAN8|TTR|PRR15L,-2.7,0
0,1,0,0,0,0,0,0,0,-4.1,0,0,0,0,0,0,M40158,M01000000,1,0,Cell Type Signatures,7,DESCARTES FETAL CEREBELLUM VASCULAR ENDOTHELIAL CELLS,,-4.1,3,4.8,30286,632,275,17,6.2,1.5,760|1800|5205|6286|9452|22837|23584|27284|55040|64856|79908|92745|93663|120425|123099|151258|168002,CA2|DPEP1|ATP8B1|S100P|ITM2A|COBLL1|VSIG2|SULT1B1|EPN3|VWA1|BTNL8|SLC38A5|ARHGAP18|JAML|DEGS2|SLC38A11|DACT2,-2.7,0
0,1,0,0,1,1,0,0,0,-2.5,0,0,-4.1,-3.7,0,0,M39047,M01001100,3,0,Cell Type Signatures,7,FAN EMBRYONIC CTX BRAIN NAIVE LIKE T CELL,,-4.1,6.9,6,30286,158,195,7,3.6,1.3,3105|3106|5698|7128|9235|9466|80774,HLA-A|HLA-B|PSMB9|TNFAIP3|IL32|IL27RA|LIMD2,-2.7,0
1,0,1,0,0,0,1,0,-4.1,0,-2.9,0,0,0,-2.6,0,M39245,M10100010,3,0,Cell Type Signatures,7,LAKE ADULT KIDNEY C26 MESANGIAL CELLS,,-4.1,5.1,5.5,30286,177,304,9,3,0.97,817|2034|2353|2878|3488|5101|5139|5578|23635,CAMK2D|EPAS1|FOS|GPX3|IGFBP5|PCDH9|PDE3A|PRKCA|SSBP2,-2.7,0
1,0,0,0,0,1,0,0,-4.1,0,0,0,0,-3.3,0,0,M41661,M10000100,2,0,Cell Type Signatures,7,TRAVAGLINI LUNG SIGNALING ALVEOLAR EPITHELIAL TYPE 2 CELL,,-4.1,8.4,6.3,30286,71,304,6,2,0.8,4582|5101|5525|10628|57509|63941,MUC1|PCDH9|PPP2R5A|TXNIP|MTUS1|NECAB3,-2.7,0
0,0,1,1,0,0,0,0,0,0,-4.1,-2.4,0,0,0,0,M40304,M00110000,2,0,Cell Type Signatures,7,DESCARTES FETAL STOMACH STROMAL CELLS,,-4.1,8.3,6.3,30286,50,438,6,1.4,0.56,1634|4239|7291|54510|57124|219348,DCN|MFAP4|TWIST1|PCDH18|CD248|PLAC9,-2.7,0
0,0,1,0,0,0,0,1,0,0,-4.1,0,0,0,0,-3.1,M40151,M00100001,2,0,Cell Type Signatures,7,DESCARTES FETAL ADRENAL STROMAL CELLS,,-4.1,4.5,5.3,30286,153,438,10,2.3,0.71,1634|5118|5396|6943|25891|54510|57124|127435|140766|170689,DCN|PCOLCE|PRRX1|TCF21|PAMR1|PCDH18|CD248|PODN|ADAMTS14|ADAMTS15,-2.7,0
0,1,0,0,0,0,0,0,0,-4.1,0,0,0,0,0,0,M39136,M01000000,1,0,Cell Type Signatures,7,GAO ESOPHAGUS 25W C1 CILIATED EPITHELIAL CELLS,,-4.1,3.4,4.9,30286,457,275,14,5.1,1.3,216|1040|7033|11001|23456|51473|55512|55779|79083|80258|93663|127733|201625|219681,ALDH1A1|CDS1|TFF3|SLC27A2|ABCB10|DCDC2|SMPD3|CFAP44|MLPH|EFHC2|ARHGAP18|UBXN10|DNAH12|ARMC3,-2.7,0
1,0,1,1,0,0,0,0,-3.8,0,-4.1,-2.8,0,0,0,0,M39054,M10110000,3,0,Cell Type Signatures,7,MANNO MIDBRAIN NEUROTYPES HRGL2B,,-4.1,2.8,4.7,30286,440,438,18,4.1,0.95,493|2273|3725|4781|5463|6934|9063|9459|9770|9865|57580|79026|79848|84532|91653|92154|143282|256987,ATP2B4|FHL1|JUN|NFIB|POU6F1|TCF7L2|PIAS2|ARHGEF6|RASSF2|TRIL|PREX1|AHNAK|CSPP1|ACSS1|BOC|MTSS2|FGFBP3|SERINC5,-2.7,0
1,1,1,0,0,0,0,0,-2.7,-3.7,-4,0,0,0,0,0,M39222,M11100000,3,0,Cell Type Signatures,7,LAKE ADULT KIDNEY C3 PROXIMAL TUBULE EPITHELIAL CELLS S1 S2,,-4,3.8,5,30286,221,438,12,2.7,0.78,2289|3643|4311|4781|5087|51747|54796|55277|56288|79848|140890|154043,FKBP5|INSR|MME|NFIB|PBX1|LUC7L3|BNC2|FGGY|PARD3|CSPP1|SREK1|CNKSR3,-2.6,0
1,0,0,0,1,0,1,0,-4,0,0,0,-3.9,0,-3.4,0,M39201,M10001010,3,0,Cell Type Signatures,7,HAY BONE MARROW MONOCYTE,,-4,4.4,5.2,30286,227,304,10,3.3,1,30|5166|5660|8635|9764|9910|51092|55603|93100|112574,ACAA1|PDK4|PSAP|RNASET2|KIAA0513|RABGAP1L|SIDT2|TENT5A|NAPRT|SNX18,-2.6,0
0,0,0,0,0,0,1,0,0,0,0,0,0,0,-3.9,0,M39123,M00000010,1,0,Cell Type Signatures,7,AIZARANI LIVER C22 RESIDENT B CELLS 2,,-3.9,16,7.4,30286,33,235,4,1.7,0.84,7184|7494|7832|10549,HSP90B1|XBP1|BTG2|PRDX4,-2.6,0
1,0,0,0,0,0,0,0,-3.9,0,0,0,0,0,0,0,M41719,M10000000,1,0,Cell Type Signatures,7,FAN OVARY CL17 PUTATIVE APOPTOTIC SMOOTH MUSCLE CELL,,-3.9,4.3,5.1,30286,231,304,10,3.3,1,1938|2034|2040|2878|4000|4059|5166|6649|8490|57447,EEF2|EPAS1|STOM|GPX3|LMNA|BCAM|PDK4|SOD3|RGS5|NDRG2,-2.5,0
0,0,0,0,0,0,1,0,0,0,0,0,0,0,-3.9,0,M41702,M00000010,1,0,Cell Type Signatures,7,FAN OVARY CL0 XBP1 SELK HIGH STROMAL CELL,,-3.9,6.3,5.6,30286,143,235,7,3,1.1,3280|3309|3638|7184|7494|10959|27230,HES1|HSPA5|INSIG1|HSP90B1|XBP1|TMED2|SERP1,-2.5,0
1,0,1,0,0,0,0,0,-3.9,0,-2.3,0,0,0,0,0,M41694,M10100000,2,0,Cell Type Signatures,7,TRAVAGLINI LUNG PLASMACYTOID DENDRITIC CELL,,-3.9,6.3,5.6,30286,111,304,7,2.3,0.86,351|5176|5641|8635|8829|81618|81622,APP|SERPINF1|LGMN|RNASET2|NRP1|ITM2C|UNC93B1,-2.5,0
1,0,0,0,0,0,0,1,-3.9,0,0,0,0,0,0,-2.9,M41703,M10000001,2,0,Cell Type Signatures,7,FAN OVARY CL1 GPRC5A TNFRS12A HIGH SELECTABLE FOLLICLE STROMAL CELL,,-3.9,3.4,4.8,30286,380,304,13,4.3,1.2,351|1675|1938|2934|3075|3488|3646|4000|5176|6767|8727|55603|121512,APP|CFD|EEF2|GSN|CFH|IGFBP5|EIF3E|LMNA|SERPINF1|ST13|CTNNAL1|TENT5A|FGD4,-2.5,0
0,1,0,0,0,0,0,0,0,-3.8,0,0,0,0,0,0,M40162,M01000000,1,0,Cell Type Signatures,7,DESCARTES FETAL CEREBELLUM ASTROCYTES,,-3.8,5.3,5.3,30286,166,275,8,2.9,1,2302|2740|4922|10083|10840|55195|80258|219681,FOXJ1|GLP1R|NTS|USH1C|ALDH1L1|CCDC198|EFHC2|ARMC3,-2.5,0
1,0,1,1,0,0,0,0,-2,0,-3.7,-3.8,0,0,0,0,M39274,M10110000,3,0,Cell Type Signatures,7,DURANTE ADULT OLFACTORY NEUROEPITHELIUM FIBROBLASTS STROMAL CELLS,,-3.8,10,6.4,30286,82,185,5,2.7,1.2,1382|2192|6422|7431|10410,CRABP2|FBLN1|SFRP1|VIM|IFITM3,-2.5,0
0,0,0,0,0,0,1,0,0,0,0,0,0,0,-3.8,0,M39112,M00000010,1,0,Cell Type Signatures,7,AIZARANI LIVER C8 RESIDENT B CELLS 1,,-3.8,15,7.2,30286,35,235,4,1.7,0.84,7184|7494|10549|23231,HSP90B1|XBP1|PRDX4|SEL1L3,-2.5,0
0,1,0,0,0,0,0,0,0,-3.8,0,0,0,0,0,0,M40267,M01000000,1,0,Cell Type Signatures,7,DESCARTES FETAL PANCREAS ACINAR CELLS,,-3.8,7.5,5.9,30286,88,275,6,2.2,0.88,338|1800|2813|2938|83998|283375,APOB|DPEP1|GP2|GSTA1|REG4|SLC39A5,-2.5,0
0,0,0,0,1,0,0,0,0,0,0,0,-3.8,0,0,0,M40250,M00001000,1,0,Cell Type Signatures,7,DESCARTES FETAL MUSCLE MEGAKARYOCYTES,,-3.8,5.2,5.3,30286,238,195,8,4.1,1.4,4097|4792|4836|5721|8676|10981|54020|79650,MAFG|NFKBIA|NMT1|PSME2|STX11|RAB32|SLC37A1|USB1,-2.5,0
1,0,1,0,0,0,0,0,-3.8,0,-2.9,0,0,0,0,0,M39253,M10100000,2,0,Cell Type Signatures,7,MENON FETAL KIDNEY 3 STROMAL CELLS,,-3.8,7.4,5.8,30286,81,304,6,2,0.8,214|1075|1107|2353|3481|3488,ALCAM|CTSC|CHD3|FOS|IGF2|IGFBP5,-2.5,0
0,1,0,0,0,0,0,0,0,-3.8,0,0,0,0,0,0,M40037,M01000000,1,0,Cell Type Signatures,7,BUSSLINGER DUODENAL EC CELLS,,-3.8,14,7,30286,31,275,4,1.5,0.72,1644|7033|7276|83998,DDC|TFF3|TTR|REG4,-2.5,0
1,0,0,0,0,1,0,0,-2.3,0,0,0,0,-3.8,0,0,M41680,M10000100,2,0,Cell Type Signatures,7,TRAVAGLINI LUNG B CELL,,-3.8,7.4,5.8,30286,155,159,6,3.8,1.5,6689|7805|9124|9214|27071|56940,SPIB|LAPTM5|PDLIM1|FCMR|DAPP1|DUSP22,-2.4,0
1,0,0,0,0,0,0,0,-3.7,0,0,0,0,0,0,0,M39171,M10000000,1,0,Cell Type Signatures,7,MURARO PANCREAS PANCREATIC POLYPEPTIDE CELL,,-3.7,5.1,5.2,30286,155,304,8,2.6,0.92,2353|4094|5101|30061|64798|81618|121512|389432,FOS|MAF|PCDH9|SLC40A1|DEPTOR|ITM2C|FGD4|SAMD5,-2.4,0
0,0,0,0,0,1,0,0,0,0,0,0,0,-3.7,0,0,M39105,M00000100,1,0,Cell Type Signatures,7,AIZARANI LIVER C1 NK NKT CELLS 1,,-3.7,7.3,5.7,30286,157,159,6,3.8,1.5,960|3561|3936|5880|7133|9214,CD44|IL2RG|LCP1|RAC2|TNFRSF1B|FCMR,-2.4,0
0,0,1,0,0,0,0,0,0,0,-3.7,0,0,0,0,0,M39244,M00100000,1,0,Cell Type Signatures,7,LAKE ADULT KIDNEY C25 ENDOTHELIAL CELLS UNASSIGNED,,-3.7,9.1,6.1,30286,38,438,5,1.1,0.51,463|1946|6938|80005|93986,ZFHX3|EFNA5|TCF12|DOCK5|FOXP2,-2.4,0
0,0,0,1,0,0,0,0,0,0,0,-3.7,0,0,0,0,M39318,M00010000,1,0,Cell Type Signatures,7,CUI DEVELOPING HEART SMOOTH MUSCLE CELL,,-3.7,14,6.9,30286,48,185,4,2.2,1.1,1382|2192|5157|81035,CRABP2|FBLN1|PDGFRL|COLEC12,-2.4,0
0,0,1,0,0,0,1,1,0,0,-3.7,0,0,0,-3.2,-2.3,M41710,M00100011,3,0,Cell Type Signatures,7,FAN OVARY CL8 MATURE CUMULUS GRANULOSA CELL 2,,-3.7,2.4,4.2,30286,646,438,22,5,1,381|517|2956|2969|3148|3151|3275|5094|5577|7001|7514|9315|9459|10541|11328|22921|27258|64710|79144|80863|84310|85359,ARF5|ATP5MC2|MSH6|GTF2I|HMGB2|HMGN2|PRMT2|PCBP2|PRKAR2B|PRDX2|XPO1|NREP|ARHGEF6|ANP32B|FKBP9|MSRB2|LSM3|NUCKS1|PPDPF|PRRT1|C7orf50|DGCR6L,-2.4,0
1,1,0,0,0,0,0,0,-3.5,-3.7,0,0,0,0,0,0,M40007,M11000000,2,0,Cell Type Signatures,7,BUSSLINGER GASTRIC PREZYMOGENIC CELLS,,-3.7,9.2,6.1,30286,60,275,5,1.8,0.81,444|3158|9223|25803|93663,ASPH|HMGCS2|MAGI1|SPDEF|ARHGAP18,-2.4,0
1,0,0,0,0,0,0,0,-3.7,0,0,0,0,0,0,0,M39130,M10000000,1,0,Cell Type Signatures,7,AIZARANI LIVER C31 KUPFFER CELLS 5,,-3.7,5.8,5.3,30286,120,304,7,2.3,0.86,2185|5660|7586|55603|55824|389432|727910,PTK2B|PSAP|ZKSCAN1|TENT5A|PAG1|SAMD5|TLCD2,-2.4,0
0,0,0,0,0,1,0,0,0,0,0,0,0,-3.7,0,0,M39107,M00000100,1,0,Cell Type Signatures,7,AIZARANI LIVER C3 NK NKT CELLS 2,,-3.7,7.1,5.6,30286,162,159,6,3.8,1.5,960|3561|3936|4050|5880|7805,CD44|IL2RG|LCP1|LTB|RAC2|LAPTM5,-2.4,0
0,0,0,0,0,1,0,0,0,0,0,0,0,-3.6,0,0,M40154,M00000100,1,0,Cell Type Signatures,7,DESCARTES FETAL ADRENAL LYMPHOID CELLS,,-3.6,7,5.6,30286,163,159,6,3.8,1.5,101|3561|4050|6689|9214|53347,ADAM8|IL2RG|LTB|SPIB|FCMR|UBASH3A,-2.4,0
0,0,0,0,0,0,0,1,0,0,0,0,0,0,0,-3.6,M39103,M00000001,1,0,Cell Type Signatures,7,ZHONG PFC C1 MICROGLIA,,-3.6,4,4.8,30286,257,295,10,3.4,1.1,1810|2618|4247|6183|6396|10195|10969|51433|54205|54732,DR1|GART|MGAT2|MRPS12|SEC13|ALG3|EBNA1BP2|ANAPC5|CYCS|TMED9,-2.4,0
0,1,0,0,0,0,1,0,0,-3.6,0,0,0,0,-2.2,0,M41657,M01000010,2,0,Cell Type Signatures,7,TRAVAGLINI LUNG SEROUS CELL,,-3.6,7,5.6,30286,95,275,6,2.2,0.88,489|760|2001|4069|6947|10840,ATP2A3|CA2|ELF5|LYZ|TCN1|ALDH1L1,-2.4,0
0,0,1,0,0,0,0,0,0,0,-3.6,0,0,0,0,0,M39146,M00100000,1,0,Cell Type Signatures,7,GAO SMALL INTESTINE 24W C2 PROCRPOS PROGENITOR,,-3.6,13,6.6,30286,22,438,4,0.91,0.45,4239|5118|57124|219348,MFAP4|PCOLCE|CD248|PLAC9,-2.3,0
0,1,0,1,1,1,1,0,0,-2.1,0,-2,-3.6,-3.1,-2.4,0,M41660,M01011110,5,0,Cell Type Signatures,7,TRAVAGLINI LUNG ALVEOLAR EPITHELIAL TYPE 2 CELL,,-3.6,6.9,5.5,30286,136,195,6,3.1,1.2,718|972|2921|4792|9308|92610,C3|CD74|CXCL3|NFKBIA|CD83|TIFA,-2.3,0
1,0,1,0,0,0,0,0,-3.2,0,-3.6,0,0,0,0,0,M39117,M10100000,2,0,Cell Type Signatures,7,AIZARANI LIVER C13 LSECS 2,,-3.6,3.2,4.5,30286,283,438,13,3,0.81,133|249|1601|2050|3643|4781|4811|5064|6386|6645|8874|23371|57190,ADM|ALPL|DAB2|EPHB4|INSR|NFIB|NID1|PALM|SDCBP|SNTB2|ARHGEF7|TNS2|SELENON,-2.3,0
0,1,0,0,0,0,1,0,0,-3.6,0,0,0,0,-2.1,0,M40018,M01000010,2,0,Cell Type Signatures,7,BUSSLINGER GASTRIC G CELLS,,-3.6,6.7,5.5,30286,98,275,6,2.2,0.88,1644|3417|7033|9032|23456|51085,DDC|IDH1|TFF3|TM4SF5|ABCB10|MLXIPL,-2.3,0
0,0,1,0,0,0,0,0,0,0,-3.5,0,0,0,0,0,M40222,M00100000,1,0,Cell Type Signatures,7,DESCARTES FETAL KIDNEY STROMAL CELLS,,-3.5,4.3,4.8,30286,146,438,9,2.1,0.68,1634|2596|5396|10351|51200|54507|93986|127435|219348,DCN|GAP43|PRRX1|ABCA8|CPA4|ADAMTSL4|FOXP2|PODN|PLAC9,-2.3,0
0,0,1,0,0,0,0,1,0,0,-3.5,0,0,0,0,-2.8,M41746,M00100001,2,0,Cell Type Signatures,7,RUBENSTEIN SKELETAL MUSCLE SMOOTH MUSCLE CELLS,,-3.5,2.6,4.2,30286,445,438,17,3.9,0.92,203|463|517|1004|2273|3151|3725|5931|7001|8910|9270|10541|51477|79144|84310|151230|219348,AK1|ZFHX3|ATP5MC2|CDH6|FHL1|HMGN2|JUN|RBBP7|PRDX2|SGCE|ITGB1BP1|ANP32B|ISYNA1|PPDPF|C7orf50|KLHL23|PLAC9,-2.3,0
1,1,1,0,0,0,0,0,-2.9,-2.7,-3.5,0,0,0,0,0,M39057,M11100000,3,0,Cell Type Signatures,7,MANNO MIDBRAIN NEUROTYPES HRGL1,,-3.5,2.8,4.3,30286,364,438,15,3.4,0.87,1634|2050|4781|4883|6938|7291|8321|51454|57580|79026|79848|81578|84532|93986|126626,DCN|EPHB4|NFIB|NPR3|TCF12|TWIST1|FZD1|GULP1|PREX1|AHNAK|CSPP1|COL21A1|ACSS1|FOXP2|GABPB2,-2.3,0
0,0,0,1,1,1,0,0,0,0,0,-2.7,-3.5,-3,0,0,M39322,M00011100,3,0,Cell Type Signatures,7,CUI DEVELOPING HEART VALVAR ENDOTHELIAL CELL,,-3.5,6.6,5.4,30286,141,195,6,3.1,1.2,2919|3106|3576|4327|5743|51278,CXCL1|HLA-B|CXCL8|MMP19|PTGS2|IER5,-2.3,0
0,1,0,0,1,1,0,0,0,-2,0,0,-3.5,-2.2,0,0,M39198,M01001100,3,0,Cell Type Signatures,7,HAY BONE MARROW FOLLICULAR B CELL,,-3.5,6.6,5.3,30286,142,195,6,3.1,1.2,330|4791|9308|10148|55679|79651,BIRC3|NFKB2|CD83|EBI3|LIMS2|RHBDF2,-2.3,0
0,0,1,0,1,0,0,0,0,0,-3.5,0,-2.6,0,0,0,M40180,M00101000,2,0,Cell Type Signatures,7,DESCARTES FETAL EYE STROMAL CELLS,,-3.5,5.4,5,30286,90,438,7,1.6,0.6,1634|5118|7291|54507|54510|80332|127435,DCN|PCOLCE|TWIST1|ADAMTSL4|PCDH18|ADAM33|PODN,-2.3,0
1,0,0,1,0,0,0,0,-3.5,0,0,-2.1,0,0,0,0,M39182,M10010000,2,0,Cell Type Signatures,7,HAY BONE MARROW CD34 POS HSC,,-3.5,5.4,5,30286,129,304,7,2.3,0.86,1938|2122|2770|8763|30846|51386|57523,EEF2|MECOM|GNAI1|CD164|EHD2|EIF3L|NYNRIN,-2.3,0
1,0,0,0,0,0,0,0,-3.4,0,0,0,0,0,0,0,M40316,M10000000,1,0,Cell Type Signatures,7,DESCARTES FETAL THYMUS VASCULAR ENDOTHELIAL CELLS,,-3.4,5.3,5,30286,131,304,7,2.3,0.86,2034|2040|2122|3655|4059|10371|121512,EPAS1|STOM|MECOM|ITGA6|BCAM|SEMA3A|FGD4,-2.2,0
0,0,0,0,1,1,0,0,0,0,0,0,-3.4,-3,0,0,M40285,M00001100,2,0,Cell Type Signatures,7,DESCARTES FETAL PLACENTA MYELOID CELLS,,-3.4,6.4,5.2,30286,146,195,6,3.1,1.2,972|3383|7097|9308|83937|259307,CD74|ICAM1|TLR2|CD83|RASSF4|IL4I1,-2.2,0
0,1,0,0,0,0,0,0,0,-3.4,0,0,0,0,0,0,M40303,M01000000,1,0,Cell Type Signatures,7,DESCARTES FETAL STOMACH GOBLET CELLS,,-3.4,21,7.5,30286,16,275,3,1.1,0.63,4586|7032|7366,MUC5AC|TFF2|UGT2B15,-2.2,0
0,0,1,0,0,0,0,0,0,0,-3.4,0,0,0,0,0,M39063,M00100000,1,0,Cell Type Signatures,7,MANNO MIDBRAIN NEUROTYPES HNBM,,-3.4,3,4.3,30286,295,438,13,3,0.81,1879|2596|5098|5463|5577|10500|25956|56776|80034|93986|147372|283248|387640,EBF1|GAP43|PCDHGC3|POU6F1|PRKAR2B|SEMA6C|SEC31B|FMN2|CSRNP3|FOXP2|CCBE1|RCOR2|SKIDA1,-2.2,0
0,0,0,0,1,0,0,0,0,0,0,0,-3.4,0,0,0,M39215,M00001000,1,0,Cell Type Signatures,7,ZHENG CORD BLOOD C6 HSC MULTIPOTENT PROGENITOR,,-3.4,8,5.6,30286,97,195,5,2.6,1.1,972|2495|3659|4097|4792,CD74|FTH1|IRF1|MAFG|NFKBIA,-2.2,0
0,1,0,0,1,1,0,0,0,-2.8,0,0,-2.2,-3.4,0,0,M40148,M01001100,3,0,Cell Type Signatures,7,DESCARTES FETAL ADRENAL MYELOID CELLS,,-3.4,6.2,5.2,30286,183,159,6,3.8,1.5,3627|5724|7100|27128|64127|150372,CXCL10|PTAFR|TLR5|CYTH4|NOD2|NFAM1,-2.2,0
0,0,0,0,1,0,0,0,0,0,0,0,-3.3,0,0,0,M40166,M00001000,1,0,Cell Type Signatures,7,DESCARTES FETAL CEREBRUM MEGAKARYOCYTES,,-3.3,3.7,4.4,30286,424,195,10,5.1,1.6,2921|6374|6484|6890|7292|8676|9050|9466|27113|56834,CXCL3|CXCL5|ST3GAL4|TAP1|TNFSF4|STX11|PSTPIP2|IL27RA|BBC3|GPR137,-2.2,0
0,0,0,0,1,1,0,0,0,0,0,0,-3.3,-2.3,0,0,M40221,M00001100,2,0,Cell Type Signatures,7,DESCARTES FETAL KIDNEY MYELOID CELLS,,-3.3,5.1,4.8,30286,213,195,7,3.6,1.3,3576|5329|5743|8942|79651|83937|84419,CXCL8|PLAUR|PTGS2|KYNU|RHBDF2|RASSF4|C15orf48,-2.1,0
0,0,0,0,1,1,0,0,0,0,0,0,-3.3,-2.9,0,0,M40143,M00001100,2,0,Cell Type Signatures,7,DESCARTES MAIN FETAL ANTIGEN PRESENTING CELLS,,-3.3,6.1,5.1,30286,154,195,6,3.1,1.2,972|3604|23636|64386|83637|259307,CD74|TNFRSF9|NUP62|MMP25|ZMIZ2|IL4I1,-2.1,0
0,0,0,0,1,0,0,1,0,0,0,0,-3.3,0,0,-2.5,M39259,M00001001,2,0,Cell Type Signatures,7,MENON FETAL KIDNEY 9 ENDOTHELIAL CELLS,,-3.3,7.6,5.4,30286,102,195,5,2.6,1.1,387|972|2280|3105|3106,RHOA|CD74|FKBP1A|HLA-A|HLA-B,-2.1,0
0,0,1,0,0,0,0,0,0,0,-3.3,0,0,0,0,0,M40002,M00100000,1,0,Cell Type Signatures,7,BUSSLINGER ESOPHAGEAL PROLIFERATING BASAL CELLS,,-3.3,5.9,5,30286,70,438,6,1.4,0.56,975|3148|10051|10457|10541|64710,CD81|HMGB2|SMC4|GPNMB|ANP32B|NUCKS1,-2.1,0
0,1,0,0,0,0,0,0,0,-3.3,0,0,0,0,0,0,M39157,M01000000,1,0,Cell Type Signatures,7,GAO LARGE INTESTINE 24W C7 GOBLET PROGENITOR,,-3.3,18,7.1,30286,18,275,3,1.1,0.63,3171|11227|83998,FOXA3|GALNT5|REG4,-2.1,0
1,0,0,0,0,0,1,0,-3.2,0,0,0,0,0,-2.3,0,M39235,M10000010,2,0,Cell Type Signatures,7,LAKE ADULT KIDNEY C16 COLLECTING SYSTEM PRINCIPAL CELLS CORTEX,,-3.2,4.9,4.7,30286,141,304,7,2.3,0.86,2122|5578|6595|7068|9910|140733|254827,MECOM|PRKCA|SMARCA2|THRB|RABGAP1L|MACROD2|NAALADL2,-2.1,0
0,0,0,0,0,1,0,0,0,0,0,0,0,-3.2,0,0,M39275,M00000100,1,0,Cell Type Signatures,7,DURANTE ADULT OLFACTORY NEUROEPITHELIUM CD8 T CELLS,,-3.2,10,5.9,30286,73,159,4,2.5,1.2,3561|3936|5880|7805,IL2RG|LCP1|RAC2|LAPTM5,-2.1,0
0,1,0,0,0,0,0,0,0,-3.2,0,0,0,0,0,0,M40169,M01000000,1,0,Cell Type Signatures,7,DESCARTES FETAL CEREBRUM OLIGODENDROCYTES,,-3.2,7.3,5.3,30286,75,275,5,1.8,0.81,745|2065|2705|8537|9514,MYRF|ERBB3|GJB1|BCAS1|GAL3ST1,-2.1,0
0,1,0,0,0,0,0,0,0,-3.2,0,0,0,0,0,0,M40193,M01000000,1,0,Cell Type Signatures,7,DESCARTES FETAL HEART LYMPHATIC ENDOTHELIAL CELLS,,-3.2,10,5.8,30286,43,275,4,1.5,0.72,4922|7033|7103|143098,NTS|TFF3|TSPAN8|MPP7,-2.1,0
0,0,0,0,1,0,0,1,0,0,0,0,-2.9,0,0,-3.2,M39193,M00001001,2,0,Cell Type Signatures,7,HAY BONE MARROW CD8 T CELL,,-3.2,7.2,5.2,30286,71,295,5,1.7,0.75,3688|8507|9242|10227|23210,ITGB1|ENC1|MSC|MFSD10|JMJD6,-2,0
1,0,0,0,0,1,0,0,-3.2,0,0,0,0,-2.5,0,0,M41651,M10000100,2,0,Cell Type Signatures,7,TRAVAGLINI LUNG BASAL CELL,,-3.2,4.2,4.5,30286,188,304,8,2.6,0.92,678|1191|2034|3075|3691|5176|6649|10904,ZFP36L2|CLU|EPAS1|CFH|ITGB4|SERPINF1|SOD3|BLCAP,-2,0
1,0,0,0,1,0,0,0,-2.1,0,0,0,-3.2,0,0,0,M41747,M10001000,2,0,Cell Type Signatures,7,RUBENSTEIN SKELETAL MUSCLE PCV ENDOTHELIAL CELLS,,-3.2,4.8,4.6,30286,225,195,7,3.6,1.3,972|2280|3105|3106|3276|4792|5721,CD74|FKBP1A|HLA-A|HLA-B|PRMT1|NFKBIA|PSME2,-2,0
1,0,1,0,0,0,0,0,-2.2,0,-3.2,0,0,0,0,0,M41676,M10100000,2,0,Cell Type Signatures,7,TRAVAGLINI LUNG ALVEOLAR FIBROBLAST CELL,,-3.2,3.8,4.3,30286,164,438,9,2.1,0.68,2273|4239|4311|4628|6943|10351|79987|147372|256987,FHL1|MFAP4|MME|MYH10|TCF21|ABCA8|SVEP1|CCBE1|SERINC5,-2,0
0,0,0,0,1,1,0,0,0,0,0,0,-3.2,-2.9,0,0,M41749,M00001100,2,0,Cell Type Signatures,7,RUBENSTEIN SKELETAL MUSCLE NK CELLS,,-3.2,4.8,4.6,30286,226,195,7,3.6,1.3,60|1072|5216|5698|5720|5721|80774,ACTB|CFL1|PFN1|PSMB9|PSME1|PSME2|LIMD2,-2,0
0,0,1,1,0,0,0,0,0,0,-2.8,-3.2,0,0,0,0,M39102,M00110000,2,0,Cell Type Signatures,7,ZHONG PFC C3 ASTROCYTE,,-3.2,3.8,4.3,30286,389,185,9,4.9,1.6,157|1445|4784|23309|23542|55196|81856|112476|338707,GRK3|CSK|NFIX|SIN3B|MAPK8IP2|RESF1|ZNF611|PRRT2|B4GALNT4,-2,0
0,0,0,0,0,1,0,0,0,0,0,0,0,-3.2,0,0,M40302,M00000100,1,0,Cell Type Signatures,7,DESCARTES FETAL STOMACH MYELOID CELLS,,-3.2,10,5.7,30286,76,159,4,2.5,1.2,240|5724|7133|150372,ALOX5|PTAFR|TNFRSF1B|NFAM1,-2,0
0,0,0,0,1,0,1,0,0,0,0,0,-3.2,0,-2.1,0,M39204,M00001010,2,0,Cell Type Signatures,7,HAY BONE MARROW NK CELLS,,-3.2,3.8,4.3,30286,370,195,9,4.6,1.5,1072|3105|3659|5216|5698|5720|6890|6892|79650,CFL1|HLA-A|IRF1|PFN1|PSMB9|PSME1|TAP1|TAPBP|USB1,-2,0
0,0,0,0,0,1,0,0,0,0,0,0,0,-3.1,0,0,M39133,M00000100,1,0,Cell Type Signatures,7,AIZARANI LIVER C34 MHC II POS B CELLS,,-3.1,7.1,5.1,30286,134,159,5,3.1,1.4,4050|6689|7805|8531|9214,LTB|SPIB|LAPTM5|YBX3|FCMR,-2,0
0,1,0,0,0,0,0,0,0,-3.1,0,0,0,0,0,0,M40177,M01000000,1,0,Cell Type Signatures,7,DESCARTES FETAL EYE RETINAL PIGMENT CELLS,,-3.1,7,5.1,30286,79,275,5,1.8,0.81,745|7276|26027|51473|151258,MYRF|TTR|ACOT11|DCDC2|SLC38A11,-2,0
1,1,0,0,0,0,0,0,-2.9,-3.1,0,0,0,0,0,0,M41696,M11000000,2,0,Cell Type Signatures,7,TRAVAGLINI LUNG IGSF21 DENDRITIC CELL,,-3.1,9.6,5.6,30286,46,275,4,1.5,0.72,3176|4481|11309|93663,HNMT|MSR1|SLCO2B1|ARHGAP18,-2,0
1,0,0,0,0,0,0,0,-3.1,0,0,0,0,0,0,0,M39202,M10000000,1,0,Cell Type Signatures,7,HAY BONE MARROW NAIVE T CELL,,-3.1,3,4,30286,403,304,12,3.9,1.1,274|678|1107|2053|3646|5578|6920|10365|26751|55824|57185|130589,BIN1|ZFP36L2|CHD3|EPHX2|EIF3E|PRKCA|TCEA3|KLF2|SH3YL1|PAG1|NIPAL3|GALM,-2,0
1,1,0,0,0,0,0,0,-2.1,-3.1,0,0,0,0,0,0,M40009,M11000000,2,0,Cell Type Signatures,7,BUSSLINGER GASTRIC PPP1R1B POSITIVE CELLS,,-3.1,5.5,4.7,30286,121,275,6,2.2,0.88,120|4069|4072|6819|7103|79083,ADD3|LYZ|EPCAM|SULT1C2|TSPAN8|MLPH,-2,0
1,1,0,0,0,0,1,0,-2.4,-2,0,0,0,0,-3.1,0,M39194,M11000010,3,0,Cell Type Signatures,7,HAY BONE MARROW DENDRITIC CELL,,-3.1,4.6,4.5,30286,196,235,7,3,1.1,1176|1312|1820|5479|9375|23607|27075,AP3S1|COMT|ARID3A|PPIB|TM9SF2|CD2AP|TSPAN13,-2,0
0,1,0,0,0,1,0,1,0,-2.2,0,0,0,-3.1,0,-2.1,M40033,M01000101,3,0,Cell Type Signatures,7,BUSSLINGER DUODENAL TUFT CELLS,,-3.1,9.4,5.5,30286,81,159,4,2.5,1.2,240|2568|6689|55540,ALOX5|GABRP|SPIB|IL17RB,-2,0
0,1,0,0,0,0,0,0,0,-3,0,0,0,0,0,0,M40145,M01000000,1,0,Cell Type Signatures,7,DESCARTES FETAL ADRENAL CSH1 CSH2 POSITIVE CELLS,,-3,4,4.3,30286,218,275,8,2.9,1,827|2153|3814|6286|54845|85477|168002|400746,CAPN6|F5|KISS1|S100P|ESRP1|SCIN|DACT2|NCMAP,-2,0
0,0,0,1,0,0,0,0,0,0,0,-3,0,0,0,0,M39053,M00010000,1,0,Cell Type Signatures,7,MANNO MIDBRAIN NEUROTYPES HRGL2C,,-3,4,4.3,30286,326,185,8,4.3,1.5,3696|4214|4784|9508|23302|79875|79966|152573,ITGB8|MAP3K1|NFIX|ADAMTS3|WSCD1|THSD4|SCD5|SHISA3,-1.9,0
1,0,1,0,0,0,0,0,-3,0,-2.3,0,0,0,0,0,M40182,M10100000,2,0,Cell Type Signatures,7,DESCARTES FETAL EYE SMOOTH MUSCLE CELLS,,-3,6.6,4.9,30286,75,304,5,1.6,0.73,395|5525|51084|51108|91768,ARHGAP6|PPP2R5A|CRYL1|METTL9|CABLES1,-1.9,0
1,1,0,0,0,0,0,0,-3,-2.1,0,0,0,0,0,0,M39172,M11000000,2,0,Cell Type Signatures,7,MURARO PANCREAS EPSILON CELL,,-3,9.1,5.4,30286,44,304,4,1.3,0.65,1191|7586|388610|389432,CLU|ZKSCAN1|TRNP1|SAMD5,-1.9,0
0,0,1,0,0,0,0,0,0,0,-3,0,0,0,0,0,M39319,M00100000,1,0,Cell Type Signatures,7,CUI DEVELOPING HEART ENDOCARDIAL CELL,,-3,6.5,4.9,30286,53,438,5,1.1,0.51,2151|4883|51435|51477|219348,F2RL2|NPR3|SCARA3|ISYNA1|PLAC9,-1.9,0
0,1,0,0,0,0,0,0,0,-3,0,0,0,0,0,0,M40138,M01000000,1,0,Cell Type Signatures,7,DESCARTES MAIN FETAL PARIETAL AND CHIEF CELLS,,-3,5.3,4.6,30286,125,275,6,2.2,0.88,8431|10110|23584|55040|115019|401546,NR0B2|SGK2|VSIG2|EPN3|SLC26A9|C9orf152,-1.9,0
0,0,1,0,0,0,0,0,0,0,-3,0,0,0,0,0,M39064,M00100000,1,0,Cell Type Signatures,7,MANNO MIDBRAIN NEUROTYPES HNBML1,,-3,2.7,3.8,30286,328,438,13,3,0.81,1879|2596|5334|5577|9315|56776|60677|79955|80034|93986|130733|147372|222950,EBF1|GAP43|PLCL1|PRKAR2B|NREP|FMN2|CELF6|PDZD7|CSRNP3|FOXP2|TMEM178A|CCBE1|NYAP1,-1.9,0
0,1,0,0,0,0,0,0,0,-3,0,0,0,0,0,0,M40217,M01000000,1,0,Cell Type Signatures,7,DESCARTES FETAL INTESTINE MESOTHELIAL CELLS,,-3,6.5,4.8,30286,85,275,5,1.8,0.81,745|3675|6337|8796|10232,MYRF|ITGA3|SCNN1A|SCEL|MSLN,-1.9,0
0,1,0,0,0,0,0,0,0,-3,0,0,0,0,0,0,M40296,M01000000,1,0,Cell Type Signatures,7,DESCARTES FETAL STOMACH NEUROENDOCRINE CELLS,,-3,8.8,5.3,30286,50,275,4,1.5,0.72,1800|7276|57586|151258,DPEP1|TTR|SYT13|SLC38A11,-1.9,0
0,1,0,0,0,0,0,0,0,-2.9,0,0,0,0,0,0,M39248,M01000000,1,0,Cell Type Signatures,7,LAKE ADULT KIDNEY C29 UNKNOWN NOVEL PT CFH POS SUBPOPULATION S2,,-2.9,6.4,4.8,30286,86,275,5,1.8,0.81,23189|51473|55195|57619|144100,KANK1|DCDC2|CCDC198|SHROOM3|PLEKHA7,-1.9,0
0,1,0,0,1,0,0,0,0,-2.9,0,0,-2.9,0,0,0,M39225,M01001000,2,0,Cell Type Signatures,7,LAKE ADULT KIDNEY C6 PROXIMAL TUBULE EPITHELIAL CELLS FIBRINOGEN POS S3,,-2.9,5.1,4.5,30286,181,195,6,3.1,1.2,2495|8743|55605|81688|83937|344148,FTH1|TNFSF10|KIF21A|C6orf62|RASSF4|NCKAP5,-1.9,0
1,1,0,0,0,1,0,0,-2.9,-2.5,0,0,0,-2.3,0,0,M40237,M11000100,3,0,Cell Type Signatures,7,DESCARTES FETAL LUNG SQUAMOUS EPITHELIAL CELLS,,-2.9,3.9,4.2,30286,206,304,8,2.6,0.92,3481|5493|54961|57447|64855|93100|113146|284207,IGF2|PPL|SSH3|NDRG2|NIBAN2|NAPRT|AHNAK2|METRNL,-1.9,0
1,0,0,0,0,0,0,0,-2.9,0,0,0,0,0,0,0,M39277,M10000000,1,0,Cell Type Signatures,7,DURANTE ADULT OLFACTORY NEUROEPITHELIUM PERICYTES,,-2.9,6.3,4.8,30286,79,304,5,1.6,0.73,1191|7048|10252|10365|10628,CLU|TGFBR2|SPRY1|KLF2|TXNIP,-1.9,0
0,0,0,0,0,1,0,0,0,0,0,0,0,-2.9,0,0,M40187,M00000100,1,0,Cell Type Signatures,7,DESCARTES FETAL EYE MICROGLIA,,-2.9,6.3,4.7,30286,151,159,5,3.1,1.4,3684|3936|5724|7805|27128,ITGAM|LCP1|PTAFR|LAPTM5|CYTH4,-1.9,0
0,0,1,0,0,0,0,0,0,0,-2.9,0,0,0,0,0,M41705,M00100000,1,0,Cell Type Signatures,7,FAN OVARY CL3 MATURE CUMULUS GRANULOSA CELL 1,,-2.9,3,3.9,30286,254,438,11,2.5,0.75,517|2969|3643|5094|5577|7001|10351|10521|11328|51747|79144,ATP5MC2|GTF2I|INSR|PCBP2|PRKAR2B|PRDX2|ABCA8|DDX17|FKBP9|LUC7L3|PPDPF,-1.9,0
1,1,0,1,0,0,0,0,-2.9,-2.2,0,-2.1,0,0,0,0,M39052,M11010000,3,0,Cell Type Signatures,7,MANNO MIDBRAIN NEUROTYPES HOPC,,-2.9,3,3.9,30286,366,304,11,3.6,1.1,2888|4983|5578|9368|11094|23446|25840|51084|57447|81618|130271,GRB14|OPHN1|PRKCA|NHERF1|CACFD1|SLC44A1|TMT1A|CRYL1|NDRG2|ITM2C|PLEKHH2,-1.9,0
0,1,0,0,0,0,0,0,0,-2.9,0,0,0,0,0,0,M40112,M01000000,1,0,Cell Type Signatures,7,DESCARTES MAIN FETAL INTESTINAL EPITHELIAL CELLS,,-2.9,6.2,4.7,30286,89,275,5,1.8,0.81,4640|7429|79908|92840|140893,MYO1A|VIL1|BTNL8|REEP6|RBBP8NL,-1.8,0
1,0,0,0,1,0,0,0,-2,0,0,0,-2.9,0,0,0,M39242,M10001000,2,0,Cell Type Signatures,7,LAKE ADULT KIDNEY C23 ENDOTHELIAL CELLS AVR,,-2.9,6.2,4.7,30286,126,195,5,2.6,1.1,387|972|2495|3106|7529,RHOA|CD74|FTH1|HLA-B|YWHAB,-1.8,0
0,0,1,1,0,0,0,0,0,0,-2.8,-2.4,0,0,0,0,M39070,M00110000,2,0,Cell Type Signatures,7,MANNO MIDBRAIN NEUROTYPES HNBGABA,,-2.8,2.1,3.5,30286,703,438,21,4.8,1,273|463|775|862|2044|2596|5577|6546|6642|10079|23671|26086|53353|54796|54874|56776|57690|79955|80034|130733|196500,AMPH|ZFHX3|CACNA1C|RUNX1T1|EPHA5|GAP43|PRKAR2B|SLC8A1|SNX1|ATP9A|TMEFF2|GPSM1|LRP1B|BNC2|FNBP1L|FMN2|TNRC6C|PDZD7|CSRNP3|TMEM178A|PIANP,-1.8,0
0,0,1,0,0,0,0,0,0,0,-2.8,0,0,0,0,0,M39247,M00100000,1,0,Cell Type Signatures,7,LAKE ADULT KIDNEY C28 INTERSTITIUM,,-2.8,4.8,4.3,30286,86,438,6,1.4,0.56,775|1634|1879|2309|6938|9475,CACNA1C|DCN|EBF1|FOXO3|TCF12|ROCK2,-1.8,0
0,1,0,0,1,0,0,0,0,-2.2,0,0,-2.8,0,0,0,M40259,M01001000,2,0,Cell Type Signatures,7,DESCARTES FETAL MUSCLE MYELOID CELLS,,-2.8,6,4.6,30286,130,195,5,2.6,1.1,972|1520|7097|8942|9308,CD74|CTSS|TLR2|KYNU|CD83,-1.8,0
0,0,1,0,0,0,0,0,0,0,-2.8,0,0,0,0,0,M39208,M00100000,1,0,Cell Type Signatures,7,HAY BONE MARROW PRO B,,-2.8,2.7,3.7,30286,304,438,12,2.7,0.78,1031|3148|3151|5931|9324|10051|10477|10951|11168|11258|64710|115703,CDKN2C|HMGB2|HMGN2|RBBP7|HMGN3|SMC4|UBE2E3|CBX1|PSIP1|DCTN3|NUCKS1|ARHGAP33,-1.8,0
0,0,1,1,1,0,0,0,0,0,-2.2,-2.7,-2.6,0,0,0,M39072,M00111000,3,0,Cell Type Signatures,7,MANNO MIDBRAIN NEUROTYPES HSERT,,-2.7,3.3,3.8,30286,450,185,9,4.9,1.6,9663|23467|23510|23542|23705|54331|84557|112476|643988,LPIN2|NPTXR|KCTD2|MAPK8IP2|CADM1|GNG2|MAP1LC3A|PRRT2|FNDC10,-1.7,0
1,1,0,0,0,1,0,0,-2.7,-2.6,0,0,0,-2.3,0,0,M40168,M11000100,3,0,Cell Type Signatures,7,DESCARTES FETAL CEREBRUM MICROGLIA,,-2.7,2.6,3.6,30286,505,304,13,4.3,1.2,221|274|1050|1075|4094|5166|5176|5641|55304|81622|94134|114625|285313,ALDH3B1|BIN1|CEBPA|CTSC|MAF|PDK4|SERPINF1|LGMN|SPTLC3|UNC93B1|ARHGAP12|ERMAP|IGSF10,-1.7,0
0,0,0,1,0,0,0,0,0,0,0,-2.7,0,0,0,0,M40105,M00010000,1,0,Cell Type Signatures,7,DESCARTES MAIN FETAL LYMPHATIC ENDOTHELIAL CELLS,,-2.7,7.6,4.8,30286,86,185,4,2.2,1.1,4214|4772|5866|7035,MAP3K1|NFATC1|RAB3IL1|TFPI,-1.7,0
0,0,0,1,0,0,0,0,0,0,0,-2.7,0,0,0,0,M41744,M00010000,1,0,Cell Type Signatures,7,RUBENSTEIN SKELETAL MUSCLE PERICYTES,,-2.7,5.7,4.4,30286,144,185,5,2.7,1.2,6387|6844|7035|10186|10410,CXCL12|VAMP2|TFPI|LHFPL6|IFITM3,-1.7,0
0,0,1,0,0,0,0,0,0,0,-2.7,0,0,0,0,0,M39250,M00100000,1,0,Cell Type Signatures,7,MENON FETAL KIDNEY 0 CAP MESENCHYME CELLS,,-2.7,4.6,4.2,30286,90,438,6,1.4,0.56,3148|9126|10051|10541|11168|51747,HMGB2|SMC3|SMC4|ANP32B|PSIP1|LUC7L3,-1.7,0
0,0,0,0,1,0,0,0,0,0,0,0,-2.7,0,0,0,M39297,M00001000,1,0,Cell Type Signatures,7,DURANTE ADULT OLFACTORY NEUROEPITHELIUM MONOCYTES,,-2.7,12,5.5,30286,39,195,3,1.5,0.88,972|6446|9308,CD74|SGK1|CD83,-1.7,0
0,0,0,1,0,0,0,0,0,0,0,-2.7,0,0,0,0,M40107,M00010000,1,0,Cell Type Signatures,7,DESCARTES MAIN FETAL SATB2 LRRC7 POSITIVE CELLS,,-2.7,5.6,4.4,30286,146,185,5,2.7,1.2,576|4784|25907|79575|338707,ADGRB2|NFIX|TMEM158|ABHD8|B4GALNT4,-1.7,0
1,0,0,0,0,0,0,0,-2.7,0,0,0,0,0,0,0,M40253,M10000000,1,0,Cell Type Signatures,7,DESCARTES FETAL MUSCLE ERYTHROBLASTS,,-2.7,4.6,4.1,30286,131,304,6,2,0.8,210|847|8501|55260|83594|114625,ALAD|CAT|SLC43A1|TMEM143|NUDT12|ERMAP,-1.7,0
0,0,0,0,0,1,0,0,0,0,0,0,0,-2.7,0,0,M39116,M00000100,1,0,Cell Type Signatures,7,AIZARANI LIVER C12 NK NKT CELLS 4,,-2.7,12,5.4,30286,49,159,3,1.9,1.1,3561|3936|5880,IL2RG|LCP1|RAC2,-1.7,0
1,0,0,0,0,0,0,0,-2.7,0,0,0,0,0,0,0,M39314,M10000000,1,0,Cell Type Signatures,7,CUI DEVELOPING HEART RIGHT VENTRICULAR CARDIOMYOCYTE,,-2.7,11,5.4,30286,26,304,3,0.99,0.57,274|5836|10628,BIN1|PYGL|TXNIP,-1.7,0
1,0,0,0,0,0,0,0,-2.6,0,0,0,0,0,0,0,M39263,M10000000,1,0,Cell Type Signatures,7,HU FETAL RETINA BLOOD,,-2.6,3.2,3.7,30286,282,304,9,3,0.97,210|847|1075|2040|10628|10788|25840|56994|114625,ALAD|CAT|CTSC|STOM|TXNIP|IQGAP2|TMT1A|CHPT1|ERMAP,-1.7,0
1,0,1,1,0,0,0,0,-2.6,0,-2.6,-2.6,0,0,0,0,M39279,M10110000,3,0,Cell Type Signatures,7,DURANTE ADULT OLFACTORY NEUROEPITHELIUM VASCULAR SMOOTH MUSCLE CELLS,,-2.6,4.5,4,30286,93,438,6,1.4,0.56,989|1879|2273|3725|51477|219348,SEPTIN7|EBF1|FHL1|JUN|ISYNA1|PLAC9,-1.7,0
1,0,0,0,0,0,1,0,-2.6,0,0,0,0,0,-2,0,M40006,M10000010,2,0,Cell Type Signatures,7,BUSSLINGER GASTRIC CHIEF CELLS,,-2.6,7.1,4.6,30286,56,304,4,1.3,0.65,1938|2122|2752|25840,EEF2|MECOM|GLUL|TMT1A,-1.7,0
1,0,0,0,1,0,0,0,-2.5,0,0,0,-2.6,0,0,0,M41682,M10001000,2,0,Cell Type Signatures,7,TRAVAGLINI LUNG CD8 NAIVE T CELL,,-2.6,5.4,4.3,30286,144,195,5,2.6,1.1,3105|3106|5216|9235|162394,HLA-A|HLA-B|PFN1|IL32|SLFN5,-1.7,0
0,0,0,1,0,0,0,0,0,0,0,-2.6,0,0,0,0,M39311,M00010000,1,0,Cell Type Signatures,7,CUI DEVELOPING HEART 5TH WEEK ATRIAL CARDIOMYOCYTE,,-2.6,11,5.3,30286,44,185,3,1.6,0.93,730|6387|112616,C7|CXCL12|CMTM7,-1.7,0
0,0,0,0,1,0,0,0,0,0,0,0,-2.6,0,0,0,M41664,M00001000,1,0,Cell Type Signatures,7,TRAVAGLINI LUNG CAPILLARY AEROCYTE CELL,,-2.6,11,5.3,30286,42,195,3,1.5,0.88,972|9235|9308,CD74|IL32|CD83,-1.7,0
1,1,0,0,0,0,0,0,-2.6,-2.5,0,0,0,0,0,0,M40167,M11000000,2,0,Cell Type Signatures,7,DESCARTES FETAL CEREBRUM VASCULAR ENDOTHELIAL CELLS,,-2.6,2.4,3.4,30286,585,304,14,4.6,1.2,2034|2122|3075|3481|4059|4303|7148|8490|9610|10365|30061|30846|57228|64855,EPAS1|MECOM|CFH|IGF2|BCAM|FOXO4|TNXB|RGS5|RIN1|KLF2|SLC40A1|EHD2|SMAGP|NIBAN2,-1.6,0
0,0,1,0,0,0,0,0,0,0,-2.6,0,0,0,0,0,M39096,M00100000,1,0,Cell Type Signatures,7,ZHONG PFC C1 OPC,,-2.6,2.9,3.6,30286,238,438,10,2.3,0.71,994|1031|3148|3151|10051|51435|54875|63922|89891|283431,CDC25B|CDKN2C|HMGB2|HMGN2|SMC4|SCARA3|CNTLN|CHTF18|DYNC2I2|GAS2L3,-1.6,0
0,1,0,0,0,0,0,0,0,-2.6,0,0,0,0,0,0,M40171,M01000000,1,0,Cell Type Signatures,7,DESCARTES FETAL CEREBRUM ASTROCYTES,,-2.6,3.8,3.8,30286,203,275,7,2.5,0.95,2302|10083|55195|55779|127733|201625|284111,FOXJ1|USH1C|CCDC198|CFAP44|UBXN10|DNAH12|SLC13A5,-1.6,0
0,0,0,0,0,0,0,1,0,0,0,0,0,0,0,-2.6,M40073,M00000001,1,0,Cell Type Signatures,7,DESCARTES MAIN FETAL ERYTHROBLASTS,,-2.6,3.4,3.7,30286,242,295,8,2.7,0.95,996|10171|26268|27102|55219|92521|92597|115201,CDC27|RCL1|FBXO9|EIF2AK1|MACO1|SPECC1|MOB1B|ATG4A,-1.6,0
0,0,0,0,0,1,0,0,0,0,0,0,0,-2.6,0,0,M41752,M00000100,1,0,Cell Type Signatures,7,RUBENSTEIN SKELETAL MUSCLE T CELLS,,-2.6,5.3,4.2,30286,181,159,5,3.1,1.4,960|2014|3561|4050|7805,CD44|EMP3|IL2RG|LTB|LAPTM5,-1.6,0
0,0,1,0,0,0,0,0,0,0,-2.6,0,0,0,0,0,M41687,M00100000,1,0,Cell Type Signatures,7,TRAVAGLINI LUNG PROLIFERATING NK T CELL,,-2.6,3.8,3.8,30286,129,438,7,1.6,0.6,3148|3151|4173|9324|10051|11258|89891,HMGB2|HMGN2|MCM4|HMGN3|SMC4|DCTN3|DYNC2I2,-1.6,0
0,0,1,0,0,0,0,0,0,0,-2.6,0,0,0,0,0,M39060,M00100000,1,0,Cell Type Signatures,7,MANNO MIDBRAIN NEUROTYPES HPROGFPL,,-2.6,2.6,3.4,30286,323,438,12,2.7,0.78,463|1946|3148|3151|6938|7291|8321|10051|10643|29899|51454|283248,ZFHX3|EFNA5|HMGB2|HMGN2|TCF12|TWIST1|FZD1|SMC4|IGF2BP3|GPSM2|GULP1|RCOR2,-1.6,0
1,0,0,0,0,0,0,0,-2.5,0,0,0,0,0,0,0,M39211,M10000000,1,0,Cell Type Signatures,7,ZHENG CORD BLOOD C2 PUTATIVE BASOPHIL EOSINOPHIL MAST CELL PROGENITOR,,-2.5,5.2,4.1,30286,96,304,5,1.6,0.73,2752|4000|30061|55603|56994,GLUL|LMNA|SLC40A1|TENT5A|CHPT1,-1.6,0
1,0,1,0,0,0,0,0,-2.5,0,-2.5,0,0,0,0,0,M39219,M10100000,2,0,Cell Type Signatures,7,ZHENG CORD BLOOD C10 MULTILYMPHOID PROGENITOR,,-2.5,4.3,3.9,30286,97,438,6,1.4,0.56,4311|8874|10521|51747|57519|57580,MME|ARHGEF7|DDX17|LUC7L3|STARD9|PREX1,-1.6,0
1,0,0,0,0,0,0,1,-2.5,0,0,0,0,0,0,-2.5,M39100,M10000001,2,0,Cell Type Signatures,7,ZHONG PFC C1 ASTROCYTE,,-2.5,10,5,30286,30,295,3,1,0.58,1942|3730|55276,EFNA1|ANOS1|PGM2,-1.6,0
0,1,0,1,0,0,0,0,0,-2.1,0,-2.5,0,0,0,0,M40228,M01010000,2,0,Cell Type Signatures,7,DESCARTES FETAL LIVER MESOTHELIAL CELLS,,-2.5,3.7,3.7,30286,310,185,7,3.8,1.4,576|3304|3696|5157|27151|79875|338707,ADGRB2|HSPA1B|ITGB8|PDGFRL|CPAMD8|THSD4|B4GALNT4,-1.6,0
0,0,0,0,1,0,0,1,0,0,0,0,-2.5,0,0,-2.1,M39121,M00001001,2,0,Cell Type Signatures,7,AIZARANI LIVER C20 LSECS 3,,-2.5,3.7,3.7,30286,295,195,7,3.6,1.3,2280|3383|4792|5329|6446|79567|135112,FKBP1A|ICAM1|NFKBIA|PLAUR|SGK1|RIPOR1|NCOA7,-1.6,0
1,0,0,0,0,1,0,0,-2.2,0,0,0,0,-2.5,0,0,M39206,M10000100,2,0,Cell Type Signatures,7,HAY BONE MARROW PLATELET,,-2.5,4.2,3.9,30286,271,159,6,3.8,1.5,3384|3934|5021|27071|90139|201191,ICAM2|LCN2|OXTR|DAPP1|TSPAN18|SAMD14,-1.6,0
0,0,0,1,0,1,0,0,0,0,0,-2.5,0,-2.2,0,0,M39161,M00010100,2,0,Cell Type Signatures,7,GAO LARGE INTESTINE ADULT CA ENTEROENDOCRINE CELLS,,-2.5,3.7,3.7,30286,312,185,7,3.8,1.4,730|7035|9479|9666|23542|54331|55323,C7|TFPI|MAPK8IP1|DZIP3|MAPK8IP2|GNG2|LARP6,-1.6,0
0,1,0,0,0,0,0,0,0,-2.5,0,0,0,0,0,0,M39283,M01000000,1,0,Cell Type Signatures,7,DURANTE ADULT OLFACTORY NEUROEPITHELIUM BOWMANS GLAND,,-2.5,10,5,30286,33,275,3,1.1,0.63,2938|4069|6947,GSTA1|LYZ|TCN1,-1.6,0
1,0,1,0,0,0,0,0,-2.5,0,-2,0,0,0,0,0,M39220,M10100000,2,0,Cell Type Signatures,7,LAKE ADULT KIDNEY C1 EPITHELIAL CELLS UNASSIGNED,,-2.5,10,4.9,30286,30,304,3,0.99,0.57,2878|10404|140733,GPX3|CPQ|MACROD2,-1.6,0
1,1,0,0,0,0,0,0,-2.3,-2.5,0,0,0,0,0,0,M40015,M11000000,2,0,Cell Type Signatures,7,BUSSLINGER GASTRIC LYZ POSITIVE CELLS,,-2.5,5,4,30286,111,275,5,1.8,0.81,2813|4069|7032|10551|25803,GP2|LYZ|TFF2|AGR2|SPDEF,-1.6,0
0,1,0,0,0,0,0,0,0,-2.5,0,0,0,0,0,0,M40160,M01000000,1,0,Cell Type Signatures,7,DESCARTES FETAL CEREBELLUM OLIGODENDROCYTES,,-2.5,5,4,30286,111,275,5,1.8,0.81,745|2065|8537|9514|114805,MYRF|ERBB3|BCAS1|GAL3ST1|GALNT13,-1.6,0
0,0,0,0,0,0,1,1,0,0,0,0,0,0,-2.5,-2,M39205,M00000011,2,0,Cell Type Signatures,7,HAY BONE MARROW PLASMA CELL,,-2.5,5,4,30286,130,235,5,2.1,0.94,7184|7494|9601|10130|10549,HSP90B1|XBP1|PDIA4|PDIA6|PRDX4,-1.6,0
0,1,0,0,0,0,0,0,0,-2.4,0,0,0,0,0,0,M40130,M01000000,1,0,Cell Type Signatures,7,DESCARTES MAIN FETAL DUCTAL CELLS,,-2.4,6.4,4.3,30286,69,275,4,1.5,0.72,476|3110|8416|113220,ATP1A1|MNX1|ANXA9|KIF12,-1.5,0
0,0,0,0,1,0,0,0,0,0,0,0,-2.4,0,0,0,M39217,M00001000,1,0,Cell Type Signatures,7,ZHENG CORD BLOOD C8 PUTATIVE LYMPHOID PRIMED MULTIPOTENT PROGENITOR 2,,-2.4,6.4,4.3,30286,97,195,4,2.1,1,972|3105|3106|5720,CD74|HLA-A|HLA-B|PSME1,-1.5,0
0,0,0,0,1,0,0,0,0,0,0,0,-2.4,0,0,0,M40071,M00001000,1,0,Cell Type Signatures,7,DESCARTES MAIN FETAL MYELOID CELLS,,-2.4,6.4,4.3,30286,97,195,4,2.1,1,1520|3455|5329|10019,CTSS|IFNAR2|PLAUR|SH2B3,-1.5,0
1,0,0,0,0,0,0,0,-2.4,0,0,0,0,0,0,0,M39301,M10000000,1,0,Cell Type Signatures,7,CUI DEVELOPING HEART C4 ENDOTHELIAL CELL,,-2.4,4.1,3.8,30286,146,304,6,2,0.8,2040|2217|3628|8829|30846|57228,STOM|FCGRT|INPP1|NRP1|EHD2|SMAGP,-1.5,0
1,0,1,0,0,1,0,0,-2.4,0,-2.3,0,0,-2.3,0,0,M39113,M10100100,3,0,Cell Type Signatures,7,AIZARANI LIVER C9 LSECS 1,,-2.4,2.9,3.4,30286,304,304,9,3,0.97,351|2034|2217|4094|5641|7049|8829|10252|27131,APP|EPAS1|FCGRT|MAF|LGMN|TGFBR3|NRP1|SPRY1|SNX5,-1.5,0
0,1,0,0,0,0,0,0,0,-2.4,0,0,0,0,0,0,M41648,M01000000,1,0,Cell Type Signatures,7,TRAVAGLINI LUNG CLUB CELL,,-2.4,4.8,3.9,30286,114,275,5,1.8,0.81,196|2348|3176|4680|155465,AHR|FOLR1|HNMT|CEACAM6|AGR3,-1.5,0
0,1,0,0,0,0,0,0,0,-2.4,0,0,0,0,0,0,M40277,M01000000,1,0,Cell Type Signatures,7,DESCARTES FETAL PLACENTA EXTRAVILLOUS TROPHOBLASTS,,-2.4,6.2,4.2,30286,71,275,4,1.5,0.72,430|1308|3074|84634,ASCL2|COL17A1|HEXB|KISS1R,-1.5,0
0,1,0,0,0,0,1,0,0,-2.2,0,0,0,0,-2.4,0,M39298,M01000010,2,0,Cell Type Signatures,7,CUI DEVELOPING HEART C1 5TH WEEK CARDIAC CELLS,,-2.4,6.2,4.2,30286,83,235,4,1.7,0.84,3309|3875|6307|6713,HSPA5|KRT18|MSMO1|SQLE,-1.5,0
0,0,0,0,0,1,0,0,0,0,0,0,0,-2.4,0,0,M40286,M00000100,1,0,Cell Type Signatures,7,DESCARTES FETAL PLACENTA MEGAKARYOCYTES,,-2.4,4.8,3.9,30286,200,159,5,3.1,1.4,7477|27071|91828|201191|340348,WNT7B|DAPP1|EXOC3L4|SAMD14|TSPAN33,-1.5,0
0,0,0,0,0,0,1,0,0,0,0,0,0,0,-2.4,0,M39267,M00000010,1,0,Cell Type Signatures,7,HU FETAL RETINA MULLER,,-2.4,9.2,4.7,30286,42,235,3,1.3,0.73,3280|6696|23231,HES1|SPP1|SEL1L3,-1.5,0
0,1,0,0,0,0,0,0,0,-2.4,0,0,0,0,0,0,M40008,M01000000,1,0,Cell Type Signatures,7,BUSSLINGER GASTRIC NECK CELLS,,-2.4,9.2,4.7,30286,36,275,3,1.1,0.63,2813|4069|7032,GP2|LYZ|TFF2,-1.5,0
0,0,0,0,0,1,0,0,0,0,0,0,0,-2.4,0,0,M39109,M00000100,1,0,Cell Type Signatures,7,AIZARANI LIVER C5 NK NKT CELLS 3,,-2.4,6,4.1,30286,126,159,4,2.5,1.2,3561|3936|5880|9214,IL2RG|LCP1|RAC2|FCMR,-1.5,0
0,0,0,0,1,1,0,0,0,0,0,0,-2,-2.3,0,0,M40133,M00001100,2,0,Cell Type Signatures,7,DESCARTES MAIN FETAL EXTRAVILLOUS TROPHOBLASTS,,-2.3,6,4.1,30286,128,159,4,2.5,1.2,3149|9536|54910|80381,HMGB3|PTGES|SEMA4C|CD276,-1.5,0
0,1,0,0,0,1,0,0,0,-2.3,0,0,0,-2.1,0,0,M39137,M01000100,2,0,Cell Type Signatures,7,GAO ESOPHAGUS 25W C2 KRT6BPOS SECRETORY PROGENITOR CELLS,,-2.3,5.7,4,30286,77,275,4,1.5,0.72,1515|3110|26996|55357,CTSV|MNX1|GPR160|TBC1D2,-1.4,0
0,0,0,0,1,0,0,0,0,0,0,0,-2.3,0,0,0,M39038,M00001000,1,0,Cell Type Signatures,7,FAN EMBRYONIC CTX OPC,,-2.3,8.5,4.5,30286,55,195,3,1.5,0.88,7345|9019|23568,UCHL1|MPZL1|ARL2BP,-1.4,0
0,0,0,0,0,0,1,0,0,0,0,0,0,0,-2.3,0,M39079,M00000010,1,0,Cell Type Signatures,7,ZHONG PFC MAJOR TYPES OPC,,-2.3,5.7,3.9,30286,91,235,4,1.7,0.84,308|1848|10267|338645,ANXA5|DUSP6|RAMP1|LUZP2,-1.4,0
0,1,0,0,0,0,0,0,0,-2.3,0,0,0,0,0,0,M40258,M01000000,1,0,Cell Type Signatures,7,DESCARTES FETAL MUSCLE SMOOTH MUSCLE CELLS,,-2.3,5.6,3.9,30286,78,275,4,1.5,0.72,956|147798|151258|256764,ENTPD3|TMC4|SLC38A11|WDR72,-1.4,0
0,0,0,0,1,0,0,0,0,0,0,0,-2.2,0,0,0,M40191,M00001000,1,0,Cell Type Signatures,7,DESCARTES FETAL HEART MEGAKARYOCYTES,,-2.2,5.6,3.9,30286,111,195,4,2.1,1,6374|7292|9050|54020,CXCL5|TNFSF4|PSTPIP2|SLC37A1,-1.4,0
0,1,0,0,0,0,0,0,0,-2.2,0,0,0,0,0,0,M40273,M01000000,1,0,Cell Type Signatures,7,DESCARTES FETAL PANCREAS MESOTHELIAL CELLS,,-2.2,5.6,3.9,30286,79,275,4,1.5,0.72,540|745|8796|10232,ATP7B|MYRF|SCEL|MSLN,-1.4,0
0,0,1,0,0,0,0,0,0,0,-2.2,0,0,0,0,0,M39061,M00100000,1,0,Cell Type Signatures,7,MANNO MIDBRAIN NEUROTYPES HPROGFPM,,-2.2,2.3,3.1,30286,356,438,12,2.7,0.78,994|2050|3148|3151|6938|7001|7291|10051|51454|51809|80162|283248,CDC25B|EPHB4|HMGB2|HMGN2|TCF12|PRDX2|TWIST1|SMC4|GULP1|GALNT7|PGGHG|RCOR2,-1.4,0
0,0,0,0,0,1,0,0,0,0,0,0,0,-2.2,0,0,M39288,M00000100,1,0,Cell Type Signatures,7,DURANTE ADULT OLFACTORY NEUROEPITHELIUM IMMATURE NEURONS,,-2.2,5.5,3.8,30286,139,159,4,2.5,1.2,7846|57593|203068|347733,TUBA1A|EBF4|TUBB|TUBB2B,-1.4,0
0,1,0,0,0,0,0,0,0,-2.2,0,0,0,0,0,0,M40147,M01000000,1,0,Cell Type Signatures,7,DESCARTES FETAL ADRENAL SCHWANN CELLS,,-2.2,4.3,3.6,30286,129,275,5,1.8,0.81,216|2065|9514|132204|257407,ALDH1A1|ERBB3|GAL3ST1|SYNPR|C2orf72,-1.4,0
0,1,0,0,0,0,0,0,0,-2.2,0,0,0,0,0,0,M40289,M01000000,1,0,Cell Type Signatures,7,DESCARTES FETAL SPLEEN MYELOID CELLS,,-2.2,4.3,3.6,30286,129,275,5,1.8,0.81,1040|1124|4069|10551|55647,CDS1|CHN2|LYZ|AGR2|RAB20,-1.4,0
0,0,0,0,0,0,1,0,0,0,0,0,0,0,-2.2,0,M40125,M00000010,1,0,Cell Type Signatures,7,DESCARTES MAIN FETAL BRONCHIOLAR AND ALVEOLAR EPITHELIAL CELLS,,-2.2,7.7,4.2,30286,50,235,3,1.3,0.73,3038|9244|27075,HAS3|CRLF1|TSPAN13,-1.4,0
0,0,1,0,0,0,0,0,0,0,-2.1,0,0,0,0,0,M39138,M00100000,1,0,Cell Type Signatures,7,GAO ESOPHAGUS 25W C3 FGFR1LOW EPITHELIAL CELLS,,-2.1,5.2,3.7,30286,53,438,4,0.91,0.45,5305|51477|64145|79877,PIP4K2A|ISYNA1|RBSN|DCAKD,-1.3,0
0,1,0,0,0,0,0,0,0,-2.1,0,0,0,0,0,0,M39252,M01000000,1,0,Cell Type Signatures,7,MENON FETAL KIDNEY 2 NEPHRON PROGENITOR CELLS,,-2.1,7.5,4.1,30286,44,275,3,1.1,0.63,4072|51473|55195,EPCAM|DCDC2|CCDC198,-1.3,0
0,0,0,0,0,0,1,0,0,0,0,0,0,0,-2.1,0,M39127,M00000010,1,0,Cell Type Signatures,7,AIZARANI LIVER C28 NK NKT CELLS 6,,-2.1,5.2,3.7,30286,99,235,4,1.7,0.84,2908|51669|64744|285513,NR3C1|SARAF|SMAP2|GPRIN3,-1.3,0
0,1,0,0,0,0,0,0,0,-2.1,0,0,0,0,0,0,M40021,M01000000,1,0,Cell Type Signatures,7,BUSSLINGER GASTRIC OXYNTIC ENTEROCHROMAFFIN LIKE CELLS,,-2.1,5.2,3.7,30286,85,275,4,1.5,0.72,216|4072|5265|26996,ALDH1A1|EPCAM|SERPINA1|GPR160,-1.3,0
0,0,0,0,1,0,0,0,0,0,0,0,-2.1,0,0,0,M39187,M00001000,1,0,Cell Type Signatures,7,HAY BONE MARROW CD34 POS MKP,,-2.1,7.4,4.1,30286,63,195,3,1.5,0.88,7041|54020|55622,TGFB1I1|SLC37A1|TTC27,-1.3,0
0,1,0,0,0,0,0,0,0,-2.1,0,0,0,0,0,0,M40164,M01000000,1,0,Cell Type Signatures,7,DESCARTES FETAL CEREBELLUM PURKINJE NEURONS,,-2.1,5.1,3.7,30286,86,275,4,1.5,0.72,1040|2863|54845|353189,CDS1|GPR39|ESRP1|SLCO4C1,-1.3,0
0,1,0,0,0,0,0,0,0,-2.1,0,0,0,0,0,0,M40261,M01000000,1,0,Cell Type Signatures,7,DESCARTES FETAL PANCREAS ERYTHROBLASTS,,-2.1,4.1,3.4,30286,135,275,5,1.8,0.81,2729|7018|11227|23456|92745,GCLC|TF|GALNT5|ABCB10|SLC38A5,-1.3,0
0,0,0,0,0,0,1,0,0,0,0,0,0,0,-2.1,0,M41668,M00000010,1,0,Cell Type Signatures,7,TRAVAGLINI LUNG BRONCHIAL VESSEL 1 CELL,,-2.1,3.5,3.3,30286,224,235,6,2.6,1,4860|6696|10549|27075|79772|83643,PNP|SPP1|PRDX4|TSPAN13|MCTP1|CCDC3,-1.3,0
0,0,1,0,0,0,0,0,0,0,-2.1,0,0,0,0,0,M39066,M00100000,1,0,Cell Type Signatures,7,MANNO MIDBRAIN NEUROTYPES HNBML5,,-2.1,2.1,2.8,30286,465,438,14,3.2,0.84,273|463|862|5577|7447|9315|10687|25956|56776|79955|80034|150864|196500|283248,AMPH|ZFHX3|RUNX1T1|PRKAR2B|VSNL1|NREP|PNMA2|SEC31B|FMN2|PDZD7|CSRNP3|FAM117B|PIANP|RCOR2,-1.3,0
0,1,0,0,0,0,0,0,0,-2.1,0,0,0,0,0,0,M39149,M01000000,1,0,Cell Type Signatures,7,GAO SMALL INTESTINE 24W C6 GOBLET CELLS,,-2.1,7.2,4,30286,46,275,3,1.1,0.63,8537|25803|83998,BCAS1|SPDEF|REG4,-1.3,0
0,1,0,0,0,0,0,0,0,-2.1,0,0,0,0,0,0,M40206,M01000000,1,0,Cell Type Signatures,7,DESCARTES FETAL HEART ELF3 AGBL2 POSITIVE CELLS,,-2.1,7.2,4,30286,46,275,3,1.1,0.63,2302|10551|123099,FOXJ1|AGR2|DEGS2,-1.3,0
0,0,0,0,1,0,0,0,0,0,0,0,-2.1,0,0,0,M39309,M00001000,1,0,Cell Type Signatures,7,CUI DEVELOPING HEART COMPACT VENTRICULAR CARDIOMYOCYTE,,-2.1,7.2,4,30286,65,195,3,1.5,0.88,3106|3576|9235,HLA-B|CXCL8|IL32,-1.3,0
0,0,0,0,1,0,0,0,0,0,0,0,-2.1,0,0,0,M41673,M00001000,1,0,Cell Type Signatures,7,TRAVAGLINI LUNG MYOFIBROBLAST CELL,,-2.1,7.2,4,30286,65,195,3,1.5,0.88,1307|6091|115908,COL16A1|ROBO1|CTHRC1,-1.3,0
0,0,0,0,0,0,0,1,0,0,0,0,0,0,0,-2.1,M40122,M00000001,1,0,Cell Type Signatures,7,DESCARTES MAIN FETAL SQUAMOUS EPITHELIAL CELLS,,-2.1,4,3.4,30286,129,295,5,1.7,0.75,1500|5898|8061|84069|144501,CTNND1|RALA|FOSL1|PLEKHN1|KRT80,-1.3,0
0,0,0,0,1,0,0,0,0,0,0,0,-2.1,0,0,0,M41712,M00001000,1,0,Cell Type Signatures,7,FAN OVARY CL10 PUTATIVE EARLY ATRESIA GRANULOSA CELL,,-2.1,3.4,3.2,30286,274,195,6,3.1,1.2,60|1072|5216|5690|5691|6484,ACTB|CFL1|PFN1|PSMB2|PSMB3|ST3GAL4,-1.3,0
0,1,0,0,0,0,0,0,0,-2,0,0,0,0,0,0,M40241,M01000000,1,0,Cell Type Signatures,7,DESCARTES FETAL LUNG CILIATED EPITHELIAL CELLS,,-2,2.3,2.9,30286,525,275,11,4,1.2,2302|11001|55779|60437|89944|127733|155465|201625|219681|388743|100130933,FOXJ1|SLC27A2|CFAP44|CDH26|GLB1L2|UBXN10|AGR3|DNAH12|ARMC3|CAPN8|SMIM6,-1.3,0
0,0,1,0,0,0,0,0,0,0,-2,0,0,0,0,0,M40110,M00100000,1,0,Cell Type Signatures,7,DESCARTES MAIN FETAL CLC IL5RA POSITIVE CELLS,,-2,2.6,3,30286,242,438,9,2.1,0.68,3151|7580|22994|25847|55900|56181|83549|84276|132160,HMGN2|ZNF32|CEP131|ANAPC13|ZNF302|MTFR1L|UCK1|NICN1|PPM1M,-1.3,0
0,0,0,0,1,0,0,0,0,0,0,0,-2,0,0,0,M39251,M00001000,1,0,Cell Type Signatures,7,MENON FETAL KIDNEY 1 EMBRYONIC RED BLOOD CELLS,,-2,4.9,3.6,30286,126,195,4,2.1,1,60|387|2495|5216,ACTB|RHOA|FTH1|PFN1,-1.3,0
0,1,0,0,0,0,0,0,0,-2,0,0,0,0,0,0,M40004,M01000000,1,0,Cell Type Signatures,7,BUSSLINGER ESOPHAGEAL LATE SUPRABASAL CELLS,,-2,3.9,3.3,30286,140,275,5,1.8,0.81,2125|4680|8796|26085|114569,EVPL|CEACAM6|SCEL|KLK13|MAL2,-1.3,0
0,0,1,0,0,0,0,0,0,0,-2,0,0,0,0,0,M39191,M00100000,1,0,Cell Type Signatures,7,HAY BONE MARROW CD34 POS PRE PC,,-2,3.3,3.2,30286,124,438,6,1.4,0.56,1879|4311|26086|51747|55508|94241,EBF1|MME|GPSM1|LUC7L3|SLC35E3|TP53INP1,-1.3,0
0,0,0,0,0,1,0,0,0,0,0,0,0,-2,0,0,M40243,M00000100,1,0,Cell Type Signatures,7,DESCARTES FETAL LUNG LYMPHOID CELLS,,-2,4.9,3.5,30286,157,159,4,2.5,1.2,3561|4050|9214|53347,IL2RG|LTB|FCMR|UBASH3A,-1.3,0
0,0,0,0,0,1,0,0,0,0,0,0,0,-2,0,0,M40312,M00000100,1,0,Cell Type Signatures,7,DESCARTES FETAL THYMUS THYMIC EPITHELIAL CELLS,,-2,3.9,3.3,30286,245,159,5,3.1,1.4,4868|79412|80731|91828|133121,NPHS1|KREMEN2|THSD7B|EXOC3L4|ENPP6,-1.3,0
