_MEMBER_MyList,_LogP_MyList,GO,_PATTERN_,_RANK_,GiniIndex,Category,CategoryID,Description,PARENT_GO,LogP,Enrichment,Z-score,#TotalGeneInLibrary,#GeneInGO,#GeneInHitList,#GeneInGOAndHitList,%InGO,STDV %InGO,GeneID,Hits,Log(q-value),EvidenceCutoff
1,-33,C1449563,M1,1,0,DisGeNET,35,"Cardiomyopathy, Familial Idiopathic",,-33,4.3,16,30293,772,871,95,11,1.1,59|70|133|182|284|290|348|894|1191|1264|1268|1311|1490|1674|1832|1906|1909|1910|2048|2070|2308|2615|2627|2697|3084|4015|4053|4060|4288|4312|4313|4322|4638|4851|4879|5054|5080|5176|5318|6241|6277|6285|6319|6387|6422|6444|6513|6581|6591|6657|6696|6783|6925|7040|7042|7052|7057|7075|7076|7078|7112|7134|7291|7431|7852|8425|8492|9464|9518|10252|10611|10630|10699|10763|11095|27063|27129|27253|27295|28984|50507|51435|55959|56005|57007|57761|63976|80206|80332|103910|114907|126393|150094|170692|221662,ACTA2|ACTC1|ADM|JAG1|ANGPT1|ANPEP|APOE|CCND2|CLU|CNN1|CNR1|COMP|CCN2|DES|DSP|EDN1|EDNRA|EDNRB|EPHB2|EYA4|FOXO1|LRRC32|GATA6|GJA1|NRG1|LOX|LTBP2|LUM|MKI67|MMP1|MMP2|MMP13|MYLK|NOTCH1|NPPB|SERPINE1|PAX6|SERPINF1|PKP2|RRM2|S100A6|S100B|SCD|CXCL12|SFRP1|SGCD|SLC2A1|SLC22A3|SNAI2|SOX2|SPP1|SULT1E1|TCF4|TGFB1|TGFB2|TGM2|THBS1|TIE1|TIMP1|TIMP3|TMPO|TNNC1|TWIST1|VIM|CXCR4|LTBP4|PRSS12|HAND2|GDF15|SPRY1|PDLIM5|PDPN|CORIN|NES|ADAMTS8|ANKRD1|HSPB7|PCDH17|PDLIM3|RGCC|NOX4|SCARA3|SULF2|MYDGF|ACKR3|TRIB3|PRDM16|FHOD3|ADAM33|MYL12B|FBXO32|HSPB6|SIK1|ADAMTS18|RBM24,-30,0
1,-31,C0030297,M1,1,0,DisGeNET,35,Pancreatic Neoplasm,,-31,4.2,15,30293,764,871,92,11,1,90|133|348|652|794|1028|1030|1268|1464|1490|1509|1634|2022|2030|2034|2048|2066|2149|2202|2252|2258|2263|2308|2321|2627|2668|2706|2817|3084|3485|3491|3672|3673|3856|3976|4015|4060|4233|4313|4837|4851|4854|5054|5243|5270|5327|5328|5764|6277|6281|6285|6387|6422|6423|6424|6513|6657|6696|6751|6876|6928|7040|7042|7046|7048|7052|7057|7076|7291|7373|7412|7852|7980|8543|8553|8829|8870|9037|9518|9547|10371|10628|10763|22822|23213|23657|50507|51129|54894|55655|64399|100133941,ACVR1|ADM|APOE|BMP4|CALB2|CDKN1C|CDKN2B|CNR1|CSPG4|CCN2|CTSD|DCN|ENG|SLC29A1|EPAS1|EPHB2|ERBB4|F2R|EFEMP1|FGF7|FGF13|FGFR2|FOXO1|FLT1|GATA6|GDNF|GJB2|GPC1|NRG1|IGFBP2|CCN1|ITGA1|ITGA2|KRT8|LIF|LOX|LUM|MET|MMP2|NNMT|NOTCH1|NOTCH3|SERPINE1|ABCB1|SERPINE2|PLAT|PLAU|PTN|S100A6|S100A10|S100B|CXCL12|SFRP1|SFRP2|SFRP4|SLC2A1|SOX2|SPP1|SSTR1|TAGLN|HNF1B|TGFB1|TGFB2|TGFBR1|TGFBR2|TGM2|THBS1|TIMP1|TWIST1|COL14A1|VCAM1|CXCR4|TFPI2|LMO4|BHLHE40|NRP1|IER3|SEMA5A|GDF15|CXCL14|SEMA3A|TXNIP|NES|PHLDA1|SULF1|SLC7A11|NOX4|ANGPTL4|RNF43|NLRP2|HHIP|CD24,-28,0
1,-30,C0153690,M1,1,0,DisGeNET,35,Secondary malignant neoplasm of bone,,-30,4.5,15,30293,647,871,83,9.5,0.99,133|182|214|284|348|388|654|655|976|1028|1490|1509|1634|1809|1827|1906|1909|1958|2048|2069|2149|2258|2263|2308|2321|2697|3315|3371|3486|3589|3673|3977|4015|4129|4233|4312|4313|4322|4851|4854|4921|5054|5066|5099|5156|5179|5806|6387|6591|6696|6869|6899|7040|7046|7052|7123|7291|7412|7431|7481|7852|8076|8600|8805|8829|8840|9510|9518|9547|9732|10267|10370|10417|22943|27295|27324|29968|50507|56937|57007|92737|117581|100133941,ADM|JAG1|ALCAM|ANGPT1|APOE|RHOB|BMP6|BMP7|ADGRE5|CDKN1C|CCN2|CTSD|DCN|DPYSL3|RCAN1|EDN1|EDNRA|EGR1|EPHB2|EREG|F2R|FGF13|FGFR2|FOXO1|FLT1|GJA1|HSPB1|TNC|IGFBP3|IL11|ITGA2|LIFR|LOX|MAOB|MET|MMP1|MMP2|MMP13|NOTCH1|NOTCH3|DDR2|SERPINE1|PAM|PCDH7|PDGFRA|PENK|PTX3|CXCL12|SNAI2|SPP1|TACR1|TBX1|TGFB1|TGFBR1|TGM2|CLEC3B|TWIST1|VCAM1|VIM|WNT11|CXCR4|MFAP5|TNFSF11|TRIM24|NRP1|CCN4|ADAMTS1|GDF15|CXCL14|DOCK4|RAMP1|CITED2|SPON2|DKK1|PDLIM3|TOX3|PSAT1|NOX4|PMEPA1|ACKR3|DNER|TWIST2|CD24,-27,0
1,-30,C0025286,M1,1,0,DisGeNET,35,Meningioma,,-30,4.5,15,30293,634,871,82,9.4,0.99,182|220|290|348|652|805|875|894|928|970|1028|1030|1268|1490|1545|1604|1832|1844|1906|1909|1910|2022|2034|2048|2066|2192|2258|2321|2670|2697|2706|3371|3485|3488|3490|3675|4053|4233|4288|4312|4313|4320|4330|4851|4958|4969|5054|5155|5156|5243|5328|5742|5764|5806|6277|6281|6285|6387|6422|6424|6696|7040|7043|7052|7057|7076|7078|7431|7852|7980|8407|8543|8549|9368|9590|10100|10628|10763|23336|23705|57007|161291,JAG1|ALDH1A3|ANPEP|APOE|BMP4|CALM2|CBS|CCND2|CD9|CD70|CDKN1C|CDKN2B|CNR1|CCN2|CYP1B1|CD55|DSP|DUSP2|EDN1|EDNRA|EDNRB|ENG|EPAS1|EPHB2|ERBB4|FBLN1|FGF13|FLT1|GFAP|GJA1|GJB2|TNC|IGFBP2|IGFBP5|IGFBP7|ITGA3|LTBP2|MET|MKI67|MMP1|MMP2|MMP11|MN1|NOTCH1|OMD|OGN|SERPINE1|PDGFB|PDGFRA|ABCB1|PLAU|PTGS1|PTN|PTX3|S100A6|S100A10|S100B|CXCL12|SFRP1|SFRP4|SPP1|TGFB1|TGFB3|TGM2|THBS1|TIMP1|TIMP3|VIM|CXCR4|TFPI2|TAGLN2|LMO4|LGR5|NHERF1|AKAP12|TSPAN2|TXNIP|NES|SYNM|CADM1|ACKR3|TMEM30B,-27,0
1,-27,C0151650,M1,1,0,DisGeNET,35,Renal fibrosis,,-27,4.5,15,30293,570,871,74,8.5,0.94,133|182|284|290|654|655|715|861|875|953|1191|1268|1285|1490|1634|1674|1906|1909|1910|1958|1978|2022|2034|2066|2263|2296|2297|2308|2668|2697|3371|3589|3673|3976|4015|4233|4312|4313|4322|5054|5122|5176|5243|5327|5806|6387|6422|6513|6696|6899|7040|7042|7043|7046|7052|7057|7076|7225|7291|7431|7837|7852|8482|8840|8877|9518|10628|28984|50507|64094|79924|84662|92737|117581,ADM|JAG1|ANGPT1|ANPEP|BMP6|BMP7|C1R|RUNX1|CBS|ENTPD1|CLU|CNR1|COL4A3|CCN2|DCN|DES|EDN1|EDNRA|EDNRB|EGR1|EIF4EBP1|ENG|EPAS1|ERBB4|FGFR2|FOXC1|FOXD1|FOXO1|GDNF|GJA1|TNC|IL11|ITGA2|LIF|LOX|MET|MMP1|MMP2|MMP13|SERPINE1|PCSK1|SERPINF1|ABCB1|PLAT|PTX3|CXCL12|SFRP1|SLC2A1|SPP1|TBX1|TGFB1|TGFB2|TGFB3|TGFBR1|TGM2|THBS1|TIMP1|TRPC6|TWIST1|VIM|PXDN|CXCR4|SEMA7A|CCN4|SPHK1|GDF15|TXNIP|RGCC|NOX4|SMOC2|ADM2|GLIS2|DNER|TWIST2,-24,0
1,-26,C1704272,M1,1,0,DisGeNET,35,Benign Prostatic Hyperplasia,,-26,3.9,14,30293,770,871,86,9.9,1,19|133|146|653|654|1191|1268|1501|1545|1612|1844|1902|1906|1909|1910|1958|2048|2149|2252|2263|2294|2321|2495|2512|2627|2668|2817|3090|3232|3485|3486|3488|3490|3491|3927|4015|4233|4288|4313|4753|5021|5066|5176|5243|5292|5328|5764|6277|6422|6423|6424|6493|6541|6581|6657|6696|6751|6781|6783|6926|6928|7040|7042|7043|7057|7076|7078|7291|7431|9510|9518|9547|9590|10468|10628|22943|23213|23462|29968|51129|56937|57007|81285|143503|202151|644943,ABCA1|ADM|ADRA1D|BMP5|BMP6|CLU|CNR1|CTNND2|CYP1B1|DAPK1|DUSP2|LPAR1|EDN1|EDNRA|EDNRB|EGR1|EPHB2|F2R|FGF7|FGFR2|FOXF1|FLT1|FTH1|FTL|GATA6|GDNF|GPC1|HIC1|HOXD3|IGFBP2|IGFBP3|IGFBP5|IGFBP7|CCN1|LASP1|LOX|MET|MKI67|MMP2|NELL2|OXTR|PAM|SERPINF1|ABCB1|PIM1|PLAU|PTN|S100A6|SFRP1|SFRP2|SFRP4|SIM2|SLC7A1|SLC22A3|SOX2|SPP1|SSTR1|STC1|SULT1E1|TBX3|HNF1B|TGFB1|TGFB2|TGFB3|THBS1|TIMP1|TIMP3|TWIST1|VIM|ADAMTS1|GDF15|CXCL14|AKAP12|FST|TXNIP|DKK1|SULF1|HEY1|PSAT1|ANGPTL4|PMEPA1|ACKR3|OR51E2|OR51E1|RANBP3L|RASSF10,-24,0
1,-26,C0007124,M1,1,0,DisGeNET,35,Noninfiltrating Intraductal Carcinoma,,-26,4.8,15,30293,486,871,67,7.7,0.9,182|861|894|1191|1300|1978|2066|2069|2296|2317|2321|2621|2706|3084|3315|3371|3486|3490|3624|3875|3887|4015|4233|4288|4312|4313|4320|4322|4638|4747|4851|4854|4921|5054|5080|5156|5328|6277|6281|6285|6387|6422|6493|6513|6657|6783|6926|7021|7040|7057|7075|7291|7431|7852|8482|8829|9368|9547|9846|10468|10628|23089|23213|23541|23705|25797|55959,JAG1|RUNX1|CCND2|CLU|COL10A1|EIF4EBP1|ERBB4|EREG|FOXC1|FLNB|FLT1|GAS6|GJB2|NRG1|HSPB1|TNC|IGFBP3|IGFBP7|INHBA|KRT18|KRT81|LOX|MET|MKI67|MMP1|MMP2|MMP11|MMP13|MYLK|NEFL|NOTCH1|NOTCH3|DDR2|SERPINE1|PAX6|PDGFRA|PLAU|S100A6|S100A10|S100B|CXCL12|SFRP1|SIM2|SLC2A1|SOX2|SULT1E1|TBX3|TFAP2B|TGFB1|THBS1|TIE1|TWIST1|VIM|CXCR4|SEMA7A|NRP1|NHERF1|CXCL14|GAB2|FST|TXNIP|PEG10|SULF1|SEC14L2|CADM1|QPCT|SULF2,-23,0
1,-26,C0041696,M1,1,0,DisGeNET,35,Unipolar Depression,,-26,4.2,14,30293,641,871,77,8.8,0.96,150|288|290|348|649|653|655|1268|1392|1490|1501|1978|1993|2066|2201|2258|2495|2512|2556|2668|2670|2697|2823|2890|2917|3075|3084|3371|3485|3490|3554|3589|4036|4129|4133|4233|4747|4886|4908|4969|4978|5021|5054|5142|5152|5243|5327|5328|5806|5999|6281|6285|6507|6513|6586|6869|6925|7040|7412|7436|8553|9348|9732|10371|10611|10718|23263|23705|26047|27087|50863|54541|64084|84969|112885|257194|266727,ADRA2A|ANK3|ANPEP|APOE|BMP1|BMP5|BMP7|CNR1|CRH|CCN2|CTNND2|EIF4EBP1|ELAVL2|ERBB4|FBN2|FGF13|FTH1|FTL|GABRA3|GDNF|GFAP|GJA1|GPM6A|GRIA1|GRM7|CFH|NRG1|TNC|IGFBP2|IGFBP7|IL1R1|IL11|LRP2|MAOB|MAP2|MET|NEFL|NPY1R|NTF3|OGN|OPCML|OXTR|SERPINE1|PDE4B|PDE9A|ABCB1|PLAT|PLAU|PTX3|RGS4|S100A10|S100B|SLC1A3|SLC2A1|SLIT3|TACR1|TCF4|TGFB1|VCAM1|VLDLR|BHLHE40|NDST3|DOCK4|SEMA3A|PDLIM5|NRG3|MCF2L|CADM1|CNTNAP2|B3GAT1|NTM|DDIT4|CLSTN2|TOX2|PHF21B|NEGR1|MDGA1,-23,0
1,-25,C0555198,M1,1,0,DisGeNET,35,Malignant Glioma,,-25,3.9,14,30293,724,871,81,9.3,0.98,90|220|284|652|894|970|976|1028|1030|1356|1392|1634|1674|1839|1958|2034|2048|2069|2173|2202|2321|2495|2590|2668|2670|2697|3371|3485|3675|3927|4052|4233|4288|4312|4313|4320|4603|4638|4854|5080|5155|5156|5176|5243|5251|5328|5764|6591|6657|6696|6781|6925|7040|7042|7057|7076|7431|7852|7980|8140|8407|8549|8805|8877|9368|9518|9547|10628|10630|10763|22943|23089|51129|51400|51816|55859|55966|63827|92737|200424|388630,ACVR1|ALDH1A3|ANGPT1|BMP4|CCND2|CD70|ADGRE5|CDKN1C|CDKN2B|CP|CRH|DCN|DES|HBEGF|EGR1|EPAS1|EPHB2|EREG|FABP7|EFEMP1|FLT1|FTH1|GALNT2|GDNF|GFAP|GJA1|TNC|IGFBP2|ITGA3|LASP1|LTBP1|MET|MKI67|MMP1|MMP2|MMP11|MYBL1|MYLK|NOTCH3|PAX6|PDGFB|PDGFRA|SERPINF1|ABCB1|PHEX|PLAU|PTN|SNAI2|SOX2|SPP1|STC1|TCF4|TGFB1|TGFB2|THBS1|TIMP1|VIM|CXCR4|TFPI2|SLC7A5|TAGLN2|LGR5|TRIM24|SPHK1|NHERF1|GDF15|CXCL14|TXNIP|PDPN|NES|DKK1|PEG10|ANGPTL4|PPME1|ADA2|BEX1|AJAP1|BCAN|DNER|TET3|TRABD2B,-22,0
1,-25,C0042133,M1,1,0,DisGeNET,35,Uterine Fibroids,,-25,4.3,14,30293,569,871,71,8.2,0.93,894|1281|1284|1287|1490|1545|1612|1674|1717|1893|1906|1909|1910|1958|1959|2022|2048|2202|2308|2697|2706|3084|3371|3485|3486|3488|3490|3491|3624|3673|3708|3912|4052|4053|4133|4232|4288|4312|4313|4638|5021|5054|5156|5354|5362|6000|6299|6387|6422|6424|6513|6520|6526|6657|6696|6869|7026|7040|7043|7057|7431|8140|9547|10468|10611|10763|23189|81029|170689|200424|100133941,CCND2|COL3A1|COL4A2|COL4A5|CCN2|CYP1B1|DAPK1|DES|DHCR7|ECM1|EDN1|EDNRA|EDNRB|EGR1|EGR2|ENG|EPHB2|EFEMP1|FOXO1|GJA1|GJB2|NRG1|TNC|IGFBP2|IGFBP3|IGFBP5|IGFBP7|CCN1|INHBA|ITGA2|ITPR1|LAMB1|LTBP1|LTBP2|MAP2|MEST|MKI67|MMP1|MMP2|MYLK|OXTR|SERPINE1|PDGFRA|PLP1|PLXNA2|RGS7|SALL1|CXCL12|SFRP1|SFRP4|SLC2A1|SLC3A2|SLC5A3|SOX2|SPP1|TACR1|NR2F2|TGFB1|TGFB3|THBS1|VIM|SLC7A5|CXCL14|FST|PDLIM5|NES|KANK1|WNT5B|ADAMTS15|TET3|CD24,-22,0
1,-25,C0024115,M1,1,0,DisGeNET,35,Lung diseases,,-25,3.9,13,30293,700,871,79,9.1,0.97,19|21|652|655|683|794|861|875|928|976|1281|1490|1509|1634|1839|1902|1906|1909|1910|1958|2022|2030|2066|2069|2149|2252|2294|2317|2321|2627|2668|3487|3488|3589|3675|4015|4060|4281|4312|4313|4638|4851|5054|5125|5156|5362|5742|5764|6387|6513|6657|6696|6781|7040|7076|7078|7130|7225|7291|7431|7852|8425|8840|9368|9464|9547|10265|10468|23541|26585|29968|50863|57007|57211|64220|79191|79192|83716|92737,ABCA1|ABCA3|BMP4|BMP7|BST1|CALB2|RUNX1|CBS|CD9|ADGRE5|COL3A1|CCN2|CTSD|DCN|HBEGF|LPAR1|EDN1|EDNRA|EDNRB|EGR1|ENG|SLC29A1|ERBB4|EREG|F2R|FGF7|FOXF1|FLNB|FLT1|GATA6|GDNF|IGFBP4|IGFBP5|IL11|ITGA3|LOX|LUM|MID1|MMP1|MMP2|MYLK|NOTCH1|SERPINE1|PCSK5|PDGFRA|PLXNA2|PTGS1|PTN|CXCL12|SLC2A1|SOX2|SPP1|STC1|TGFB1|TIMP1|TIMP3|TNFAIP6|TRPC6|TWIST1|VIM|CXCR4|LTBP4|CCN4|NHERF1|HAND2|CXCL14|IRX5|FST|SEC14L2|GREM1|PSAT1|NTM|ACKR3|ADGRG6|STRA6|IRX3|IRX1|CRISPLD2|DNER,-22,0
1,-24,C0038525,M1,1,0,DisGeNET,35,Subarachnoid Hemorrhage,,-24,4.6,14,30293,501,871,66,7.6,0.9,19|59|133|284|348|875|1191|1281|1284|1490|1839|1906|1909|1910|1958|2022|2043|2048|2066|2149|2258|2670|2697|2890|3084|3315|3371|3491|3673|4015|4133|4233|4312|4313|4322|4629|4638|4747|4851|4879|4948|5054|5122|5327|5648|5742|6285|6513|6696|6869|7042|7043|7046|7048|7076|7078|7412|7852|8076|8128|10628|50507|54541|55901|126393|219699,ABCA1|ACTA2|ADM|ANGPT1|APOE|CBS|CLU|COL3A1|COL4A2|CCN2|HBEGF|EDN1|EDNRA|EDNRB|EGR1|ENG|EPHA4|EPHB2|ERBB4|F2R|FGF13|GFAP|GJA1|GRIA1|NRG1|HSPB1|TNC|CCN1|ITGA2|LOX|MAP2|MET|MMP1|MMP2|MMP13|MYH11|MYLK|NEFL|NOTCH1|NPPB|OCA2|SERPINE1|PCSK1|PLAT|MASP1|PTGS1|S100B|SLC2A1|SPP1|TACR1|TGFB2|TGFB3|TGFBR1|TGFBR2|TIMP1|TIMP3|VCAM1|CXCR4|MFAP5|ST8SIA2|TXNIP|NOX4|DDIT4|THSD1|HSPB6|UNC5B,-22,0
1,-24,C4086152,M1,1,0,DisGeNET,35,Childhood Astrocytoma,,-24,4.1,13,30293,615,871,73,8.4,0.94,87|90|284|348|894|1030|1268|1509|1545|1604|1620|1906|1909|1958|2048|2151|2173|2495|2627|2668|2670|2697|3371|3400|3485|3486|3487|3976|4233|4288|4312|4313|4747|4879|5054|5077|5243|5270|5292|5307|5328|5354|5783|5999|6285|6387|6422|6513|6657|6696|6869|6925|7026|7040|7076|7291|7412|7431|7852|8829|8877|9590|10625|10763|11010|23209|26227|27087|29128|57007|63976|79971|140885,ACTN1|ACVR1|ANGPT1|APOE|CCND2|CDKN2B|CNR1|CTSD|CYP1B1|CD55|BRINP1|EDN1|EDNRA|EGR1|EPHB2|F2RL2|FABP7|FTH1|GATA6|GDNF|GFAP|GJA1|TNC|ID4|IGFBP2|IGFBP3|IGFBP4|LIF|MET|MKI67|MMP1|MMP2|NEFL|NPPB|SERPINE1|PAX3|ABCB1|SERPINE2|PIM1|PITX1|PLAU|PLP1|PTPN13|RGS4|S100B|CXCL12|SFRP1|SLC2A1|SOX2|SPP1|TACR1|TCF4|NR2F2|TGFB1|TIMP1|TWIST1|VCAM1|VIM|CXCR4|NRP1|SPHK1|AKAP12|IVNS1ABP|NES|GLIPR1|MLC1|PHGDH|B3GAT1|UHRF1|ACKR3|PRDM16|WLS|SIRPA,-21,0
1,-24,C0041956,M1,1,0,DisGeNET,35,Ureteral obstruction,,-24,5.3,14,30293,359,871,55,6.3,0.82,59|133|182|284|649|652|655|861|875|1191|1268|1281|1490|1906|1910|2022|2066|2149|2296|2297|2308|2668|3371|4036|4854|4879|4921|5054|5122|5176|6285|6422|6513|6781|7040|7042|7046|7052|7057|7225|7291|7301|7412|7431|7481|7837|8877|9510|10468|10628|23462|28984|50507|55638|79924,ACTA2|ADM|JAG1|ANGPT1|BMP1|BMP4|BMP7|RUNX1|CBS|CLU|CNR1|COL3A1|CCN2|EDN1|EDNRB|ENG|ERBB4|F2R|FOXC1|FOXD1|FOXO1|GDNF|TNC|LRP2|NOTCH3|NPPB|DDR2|SERPINE1|PCSK1|SERPINF1|S100B|SFRP1|SLC2A1|STC1|TGFB1|TGFB2|TGFBR1|TGM2|THBS1|TRPC6|TWIST1|TYRO3|VCAM1|VIM|WNT11|PXDN|SPHK1|ADAMTS1|FST|TXNIP|HEY1|RGCC|NOX4|SYBU|ADM2,-21,0
1,-23,C0035412,M1,1,0,DisGeNET,35,Rhabdomyosarcoma,,-23,4.2,13,30293,565,871,69,7.9,0.92,182|290|652|701|710|894|1028|1030|1268|1674|1958|2022|2048|2149|2151|2294|2308|2321|2719|3075|3090|3371|3485|3554|3673|3976|4233|4288|4313|4851|4854|5054|5066|5077|5083|5156|5176|5243|5327|5328|6241|6387|6513|6657|6696|6926|7021|7040|7046|7138|7431|7852|7980|8128|8490|8543|10252|10611|10763|23462|27063|55502|55655|56144|57007|79971|85461|92737|117581,JAG1|ANPEP|BMP4|BUB1B|SERPING1|CCND2|CDKN1C|CDKN2B|CNR1|DES|EGR1|ENG|EPHB2|F2R|F2RL2|FOXF1|FOXO1|FLT1|GPC3|CFH|HIC1|TNC|IGFBP2|IL1R1|ITGA2|LIF|MET|MKI67|MMP2|NOTCH1|NOTCH3|SERPINE1|PAM|PAX3|PAX9|PDGFRA|SERPINF1|ABCB1|PLAT|PLAU|RRM2|CXCL12|SLC2A1|SOX2|SPP1|TBX3|TFAP2B|TGFB1|TGFBR1|TNNT1|VIM|CXCR4|TFPI2|ST8SIA2|RGS5|LMO4|SPRY1|PDLIM5|NES|HEY1|ANKRD1|HES6|NLRP2|PCDHA4|ACKR3|WLS|TANC1|DNER|TWIST2,-21,0
1,-23,C0022548,M1,1,0,DisGeNET,35,Keloid,,-23,8,16,30293,165,871,38,4.4,0.69,649|1281|1300|1311|1381|1490|1509|1634|1906|2201|2495|2512|3084|3315|3371|4312|4313|4322|4627|4921|5054|5055|5176|5742|5764|6281|6387|6422|6696|6876|7040|7076|7130|7431|54829|56005|64129|80332,BMP1|COL3A1|COL10A1|COMP|CRABP1|CCN2|CTSD|DCN|EDN1|FBN2|FTH1|FTL|NRG1|HSPB1|TNC|MMP1|MMP2|MMP13|MYH9|DDR2|SERPINE1|SERPINB2|SERPINF1|PTGS1|PTN|S100A10|CXCL12|SFRP1|SPP1|TAGLN|TGFB1|TIMP1|TNFAIP6|VIM|ASPN|MYDGF|TINAGL1|ADAM33,-20,0
1,-23,C0023267,M1,1,0,DisGeNET,35,Fibroid Tumor,,-23,4.9,14,30293,413,871,58,6.7,0.84,284|894|1281|1287|1490|1545|1612|1674|1906|1909|1910|1958|1959|2048|2192|2202|2697|3371|3485|3486|3490|3491|3624|3673|3912|4052|4053|4133|4232|4288|4312|4313|4638|5021|5054|5156|5354|5362|6299|6422|6424|6513|6520|6526|6657|6869|7040|7043|7046|7057|7075|8140|10468|10763|81029|170689|200424|100133941,ANGPT1|CCND2|COL3A1|COL4A5|CCN2|CYP1B1|DAPK1|DES|EDN1|EDNRA|EDNRB|EGR1|EGR2|EPHB2|FBLN1|EFEMP1|GJA1|TNC|IGFBP2|IGFBP3|IGFBP7|CCN1|INHBA|ITGA2|LAMB1|LTBP1|LTBP2|MAP2|MEST|MKI67|MMP1|MMP2|MYLK|OXTR|SERPINE1|PDGFRA|PLP1|PLXNA2|SALL1|SFRP1|SFRP4|SLC2A1|SLC3A2|SLC5A3|SOX2|TACR1|TGFB1|TGFB3|TGFBR1|THBS1|TIE1|SLC7A5|FST|NES|WNT5B|ADAMTS15|TET3|CD24,-20,0
1,-23,C0002793,M1,1,0,DisGeNET,35,Anaplasia,,-23,4.3,13,30293,538,871,66,7.6,0.9,220|284|652|875|976|1028|1264|1293|1311|1490|1604|1634|1674|1906|2022|2048|2069|2151|2258|2296|2308|2627|2697|2706|3084|3371|3400|3485|3856|3875|4288|4312|4313|4638|4851|4854|5054|5156|6285|6513|6591|6657|6696|6876|6899|7040|7042|7046|7052|7057|7431|8543|8549|8829|8840|10628|10763|26585|29128|29968|50507|57214|115701|117581|729857|100133941,ALDH1A3|ANGPT1|BMP4|CBS|ADGRE5|CDKN1C|CNN1|COL6A3|COMP|CCN2|CD55|DCN|DES|EDN1|ENG|EPHB2|EREG|F2RL2|FGF13|FOXC1|FOXO1|GATA6|GJA1|GJB2|NRG1|TNC|ID4|IGFBP2|KRT8|KRT18|MKI67|MMP1|MMP2|MYLK|NOTCH1|NOTCH3|SERPINE1|PDGFRA|S100B|SLC2A1|SNAI2|SOX2|SPP1|TAGLN|TBX1|TGFB1|TGFB2|TGFBR1|TGM2|THBS1|VIM|LMO4|LGR5|NRP1|CCN4|TXNIP|NES|GREM1|UHRF1|PSAT1|NOX4|CEMIP|ALPK2|TWIST2|RGPD2|CD24,-20,0
1,-23,C0278510,M1,1,0,DisGeNET,35,Childhood Medulloblastoma,,-23,3.6,13,30293,771,871,80,9.2,0.98,182|348|445|655|894|1000|1030|1311|1490|1545|1612|1909|1978|1993|2034|2045|2048|2066|2138|2149|2201|2670|2697|2706|2719|2890|3090|3486|3673|3927|3976|3977|4133|4233|4313|4610|4826|4851|4883|4908|5054|5077|5080|5156|5243|5328|6277|6281|6285|6387|6422|6423|6546|6657|6696|6783|6925|7042|7057|7078|7431|7545|7832|7852|8140|8829|8848|9590|10763|22943|23705|29128|57007|64399|79971|92737|114801|219699|253738|100133941,JAG1|APOE|ASS1|BMP7|CCND2|CDH2|CDKN2B|COMP|CCN2|CYP1B1|DAPK1|EDNRA|EIF4EBP1|ELAVL2|EPAS1|EPHA7|EPHB2|ERBB4|EYA1|F2R|FBN2|GFAP|GJA1|GJB2|GPC3|GRIA1|HIC1|IGFBP3|ITGA2|LASP1|LIF|LIFR|MAP2|MET|MMP2|MYCL|NNAT|NOTCH1|NPR3|NTF3|SERPINE1|PAX3|PAX6|PDGFRA|ABCB1|PLAU|S100A6|S100A10|S100B|CXCL12|SFRP1|SFRP2|SLC8A1|SOX2|SPP1|SULT1E1|TCF4|TGFB2|THBS1|TIMP3|VIM|ZIC1|BTG2|CXCR4|SLC7A5|NRP1|TSC22D1|AKAP12|NES|DKK1|CADM1|UHRF1|ACKR3|HHIP|WLS|DNER|TMEM200A|UNC5B|EBF3|CD24,-20,0
1,-22,C0278876,M1,1,0,DisGeNET,35,Adult Medulloblastoma,,-22,3.6,13,30293,762,871,79,9.1,0.97,182|348|445|894|1000|1030|1311|1490|1545|1612|1909|1978|1993|2034|2045|2048|2066|2138|2149|2201|2670|2697|2706|2719|2890|3090|3486|3673|3927|3976|3977|4133|4233|4313|4610|4826|4851|4883|4908|5054|5077|5080|5156|5243|5328|6277|6281|6285|6387|6422|6423|6546|6657|6696|6783|6925|7042|7057|7078|7431|7545|7832|7852|8140|8829|8848|9590|10763|22943|23705|29128|57007|64399|79971|92737|114801|219699|253738|100133941,JAG1|APOE|ASS1|CCND2|CDH2|CDKN2B|COMP|CCN2|CYP1B1|DAPK1|EDNRA|EIF4EBP1|ELAVL2|EPAS1|EPHA7|EPHB2|ERBB4|EYA1|F2R|FBN2|GFAP|GJA1|GJB2|GPC3|GRIA1|HIC1|IGFBP3|ITGA2|LASP1|LIF|LIFR|MAP2|MET|MMP2|MYCL|NNAT|NOTCH1|NPR3|NTF3|SERPINE1|PAX3|PAX6|PDGFRA|ABCB1|PLAU|S100A6|S100A10|S100B|CXCL12|SFRP1|SFRP2|SLC8A1|SOX2|SPP1|SULT1E1|TCF4|TGFB2|THBS1|TIMP3|VIM|ZIC1|BTG2|CXCR4|SLC7A5|NRP1|TSC22D1|AKAP12|NES|DKK1|CADM1|UHRF1|ACKR3|HHIP|WLS|DNER|TMEM200A|UNC5B|EBF3|CD24,-20,0
1,-22,C0856169,M1,1,0,DisGeNET,35,Endothelial dysfunction,,-22,3.7,13,30293,716,871,76,8.7,0.96,19|182|290|348|652|710|805|875|1191|1240|1392|1906|1909|1910|2022|2151|2201|2244|2258|2308|2321|2621|2624|3075|3486|4015|4060|4129|4256|4313|4854|4879|5054|5055|5155|5176|5327|5328|5648|5742|5806|6285|6319|6387|6424|6513|6533|6541|6696|6899|7040|7046|7052|7057|7225|7412|7431|7436|7837|8482|8600|8877|9518|9590|9644|10628|11095|23336|50507|57007|57761|79924|80274|81035|284207|375033,ABCA1|JAG1|ANPEP|APOE|BMP4|SERPING1|CALM2|CBS|CLU|CMKLR1|CRH|EDN1|EDNRA|EDNRB|ENG|F2RL2|FBN2|FGB|FGF13|FOXO1|FLT1|GAS6|GATA2|CFH|IGFBP3|LOX|LUM|MAOB|MGP|MMP2|NOTCH3|NPPB|SERPINE1|SERPINB2|PDGFB|SERPINF1|PLAT|PLAU|MASP1|PTGS1|PTX3|S100B|SCD|CXCL12|SFRP4|SLC2A1|SLC6A6|SLC7A1|SPP1|TBX1|TGFB1|TGFBR1|TGM2|THBS1|TRPC6|VCAM1|VIM|VLDLR|PXDN|SEMA7A|TNFSF11|SPHK1|GDF15|AKAP12|SH3PXD2A|TXNIP|ADAMTS8|SYNM|NOX4|ACKR3|TRIB3|ADM2|SCUBE1|COLEC12|METRNL|PEAR1,-19,0
1,-22,C0008479,M1,1,0,DisGeNET,35,Chondrosarcoma,,-22,5,13,30293,385,871,55,6.3,0.82,284|654|655|1028|1030|1191|1287|1311|1464|1490|1634|1906|2022|2034|2048|2263|2668|2670|2719|3371|3486|3589|3624|4133|4233|4281|4288|4312|4313|4322|5054|5243|5328|6285|6387|6696|6926|7040|7042|7043|7076|7078|7412|7852|8600|8840|8877|9368|10630|22943|23089|23462|81606|92737|100133941,ANGPT1|BMP6|BMP7|CDKN1C|CDKN2B|CLU|COL4A5|COMP|CSPG4|CCN2|DCN|EDN1|ENG|EPAS1|EPHB2|FGFR2|GDNF|GFAP|GPC3|TNC|IGFBP3|IL11|INHBA|MAP2|MET|MID1|MKI67|MMP1|MMP2|MMP13|SERPINE1|ABCB1|PLAU|S100B|CXCL12|SPP1|TBX3|TGFB1|TGFB2|TGFB3|TIMP1|TIMP3|VCAM1|CXCR4|TNFSF11|CCN4|SPHK1|NHERF1|PDPN|DKK1|PEG10|HEY1|LBH|DNER|CD24,-19,0
1,-22,C0151744,M1,1,0,DisGeNET,35,Myocardial Ischemia,,-22,3.6,12,30293,756,871,78,9,0.97,19|133|284|290|348|861|894|953|1000|1268|1490|1509|1634|1674|1827|1906|1909|1910|1958|1959|1978|2030|2034|2244|2296|2308|2662|2670|2697|3315|3371|3399|3486|3490|3491|4015|4223|4851|4854|4879|5054|5055|5142|5176|5179|5243|5292|6277|6319|6387|6424|6533|6546|6696|6876|7040|7042|7112|7412|7436|7852|7857|8407|8553|8877|9518|10221|10371|10611|10628|11098|27020|28984|54541|55655|79924|126393|347902,ABCA1|ADM|ANGPT1|ANPEP|APOE|RUNX1|CCND2|ENTPD1|CDH2|CNR1|CCN2|CTSD|DCN|DES|RCAN1|EDN1|EDNRA|EDNRB|EGR1|EGR2|EIF4EBP1|SLC29A1|EPAS1|FGB|FOXC1|FOXO1|GDF10|GFAP|GJA1|HSPB1|TNC|ID3|IGFBP3|IGFBP7|CCN1|LOX|MEOX2|NOTCH1|NOTCH3|NPPB|SERPINE1|SERPINB2|PDE4B|SERPINF1|PENK|ABCB1|PIM1|S100A6|SCD|CXCL12|SFRP4|SLC6A6|SLC8A1|SPP1|TAGLN|TGFB1|TGFB2|TMPO|VCAM1|VLDLR|CXCR4|SCG2|TAGLN2|BHLHE40|SPHK1|GDF15|TRIB1|SEMA3A|PDLIM5|TXNIP|PRSS23|NPTN|RGCC|DDIT4|NLRP2|ADM2|HSPB6|AMIGO2,-19,0
1,-22,C0007785,M1,1,0,DisGeNET,35,Cerebral Infarction,,-22,3.7,13,30293,687,871,74,8.5,0.94,19|133|150|284|348|655|875|953|1268|1281|1284|1356|1734|1808|1839|1844|1906|1910|2043|2048|2149|2244|2321|2668|2670|2697|3315|3371|3589|3976|4133|4313|4851|4854|4879|4908|5054|5055|5122|5176|5270|5327|5328|5740|5742|6285|6387|6513|6529|6546|6696|6781|7040|7048|7130|7225|7431|7857|7980|8829|8877|9514|9547|10267|10371|10628|10763|22943|50507|51129|57007|57761|170692|285704,ABCA1|ADM|ADRA2A|ANGPT1|APOE|BMP7|CBS|ENTPD1|CNR1|COL3A1|COL4A2|CP|DIO2|DPYSL2|HBEGF|DUSP2|EDN1|EDNRB|EPHA4|EPHB2|F2R|FGB|FLT1|GDNF|GFAP|GJA1|HSPB1|TNC|IL11|LIF|MAP2|MMP2|NOTCH1|NOTCH3|NPPB|NTF3|SERPINE1|SERPINB2|PCSK1|SERPINF1|SERPINE2|PLAT|PLAU|PTGIS|PTGS1|S100B|CXCL12|SLC2A1|SLC6A1|SLC8A1|SPP1|STC1|TGFB1|TGFBR2|TNFAIP6|TRPC6|VIM|SCG2|TFPI2|NRP1|SPHK1|GAL3ST1|CXCL14|RAMP1|SEMA3A|TXNIP|NES|DKK1|NOX4|ANGPTL4|ACKR3|TRIB3|ADAMTS18|RGMB,-19,0
1,-22,C0279550,M1,1,0,DisGeNET,35,Adult Rhabdomyosarcoma,,-22,4.3,13,30293,509,871,63,7.2,0.88,182|290|652|701|710|894|1028|1030|1268|1674|1958|2022|2048|2149|2151|2294|2308|2321|3075|3371|3485|3554|3673|3976|4233|4288|4313|4851|4854|5054|5066|5077|5083|5156|5176|5243|5327|5328|6241|6387|6513|6657|6696|6926|7040|7046|7138|7431|7852|8128|8543|10252|10611|10763|23462|55502|55655|56144|57007|79971|85461|92737|117581,JAG1|ANPEP|BMP4|BUB1B|SERPING1|CCND2|CDKN1C|CDKN2B|CNR1|DES|EGR1|ENG|EPHB2|F2R|F2RL2|FOXF1|FOXO1|FLT1|CFH|TNC|IGFBP2|IL1R1|ITGA2|LIF|MET|MKI67|MMP2|NOTCH1|NOTCH3|SERPINE1|PAM|PAX3|PAX9|PDGFRA|SERPINF1|ABCB1|PLAT|PLAU|RRM2|CXCL12|SLC2A1|SOX2|SPP1|TBX3|TGFB1|TGFBR1|TNNT1|VIM|CXCR4|ST8SIA2|LMO4|SPRY1|PDLIM5|NES|HEY1|HES6|NLRP2|PCDHA4|ACKR3|WLS|TANC1|DNER|TWIST2,-19,0
1,-22,C3203102,M1,1,0,DisGeNET,35,Idiopathic pulmonary arterial hypertension,,-22,3.5,12,30293,776,871,79,9.1,0.97,19|59|284|290|652|655|861|894|953|1490|1509|1545|1844|1906|1909|1910|1958|2022|2034|2048|2252|2273|2294|2308|2627|2697|3075|3371|3491|3856|3875|3977|4015|4256|4312|4313|4739|4851|4854|4879|5054|5156|5243|5292|5327|5740|5742|5806|6285|6387|6546|6586|6696|6783|6876|6899|7040|7046|7048|7052|7057|7076|7225|7291|7412|7431|7852|8600|8877|9518|9645|10763|11095|50507|51305|57514|92737|114907|147381,ABCA1|ACTA2|ANGPT1|ANPEP|BMP4|BMP7|RUNX1|CCND2|ENTPD1|CCN2|CTSD|CYP1B1|DUSP2|EDN1|EDNRA|EDNRB|EGR1|ENG|EPAS1|EPHB2|FGF7|FHL1|FOXF1|FOXO1|GATA6|GJA1|CFH|TNC|CCN1|KRT8|KRT18|LIFR|LOX|MGP|MMP1|MMP2|NEDD9|NOTCH1|NOTCH3|NPPB|SERPINE1|PDGFRA|ABCB1|PIM1|PLAT|PTGIS|PTGS1|PTX3|S100B|CXCL12|SLC8A1|SLIT3|SPP1|SULT1E1|TAGLN|TBX1|TGFB1|TGFBR1|TGFBR2|TGM2|THBS1|TIMP1|TRPC6|TWIST1|VCAM1|VIM|CXCR4|TNFSF11|SPHK1|GDF15|MICAL2|NES|ADAMTS8|NOX4|KCNK9|ARHGAP31|DNER|FBXO32|CBLN2,-19,0
1,-21,C0220611,M1,1,0,DisGeNET,35,Childhood Rhabdomyosarcoma,,-21,4.2,13,30293,517,871,63,7.2,0.88,182|290|652|701|710|894|1028|1030|1268|1674|1958|2022|2048|2149|2151|2294|2308|2321|3075|3371|3485|3554|3673|3976|4233|4288|4313|4851|4854|5054|5066|5077|5083|5156|5176|5243|5327|5328|6241|6387|6513|6657|6696|6926|7040|7046|7138|7431|7852|8128|8543|10252|10611|10763|23462|55502|55655|56144|57007|79971|85461|92737|117581,JAG1|ANPEP|BMP4|BUB1B|SERPING1|CCND2|CDKN1C|CDKN2B|CNR1|DES|EGR1|ENG|EPHB2|F2R|F2RL2|FOXF1|FOXO1|FLT1|CFH|TNC|IGFBP2|IL1R1|ITGA2|LIF|MET|MKI67|MMP2|NOTCH1|NOTCH3|SERPINE1|PAM|PAX3|PAX9|PDGFRA|SERPINF1|ABCB1|PLAT|PLAU|RRM2|CXCL12|SLC2A1|SOX2|SPP1|TBX3|TGFB1|TGFBR1|TNNT1|VIM|CXCR4|ST8SIA2|LMO4|SPRY1|PDLIM5|NES|HEY1|HES6|NLRP2|PCDHA4|ACKR3|WLS|TANC1|DNER|TWIST2,-19,0
1,-21,C0011884,M1,1,0,DisGeNET,35,Diabetic Retinopathy,,-21,3.8,12,30293,644,871,70,8,0.92,182|284|290|348|652|710|1268|1311|1490|1509|1906|1993|2022|2048|2258|2308|2321|2668|2670|2697|3075|3315|3371|3486|3491|3673|3899|4015|4313|4883|5054|5055|5176|5243|5328|5362|5764|5806|6387|6513|6696|7040|7057|7076|7078|7262|7412|7431|7436|7852|8722|8829|8848|9966|10371|10628|10763|23462|28984|50507|51129|51816|55638|56005|56670|63976|80274|81035|84898|127707,JAG1|ANGPT1|ANPEP|APOE|BMP4|SERPING1|CNR1|COMP|CCN2|CTSD|EDN1|ELAVL2|ENG|EPHB2|FGF13|FOXO1|FLT1|GDNF|GFAP|GJA1|CFH|HSPB1|TNC|IGFBP3|CCN1|ITGA2|AFF3|LOX|MMP2|NPR3|SERPINE1|SERPINB2|SERPINF1|ABCB1|PLAU|PLXNA2|PTN|PTX3|CXCL12|SLC2A1|SPP1|TGFB1|THBS1|TIMP1|TIMP3|PHLDA2|VCAM1|VIM|VLDLR|CXCR4|CTSF|NRP1|TSC22D1|TNFSF15|SEMA3A|TXNIP|NES|HEY1|RGCC|NOX4|ANGPTL4|ADA2|SYBU|MYDGF|SUCNR1|PRDM16|SCUBE1|COLEC12|PLXDC2|KLHDC7A,-18,0
1,-21,C4704874,M1,1,0,DisGeNET,35,"Mammary Carcinoma, Human",,-21,4.1,13,30293,545,871,64,7.3,0.88,59|90|182|652|1000|1294|1545|1674|1902|1910|2173|2202|2263|2321|2662|2697|3084|3090|3488|3490|3856|3875|4288|4312|4313|4627|4851|4854|5055|5243|5292|5742|5789|6387|6422|6423|6492|6513|6518|6591|6696|6926|7040|7052|7057|7076|7431|7852|7980|8425|8614|8871|9510|9590|10468|22943|23462|23705|26227|27324|51129|80332|84870|127707,ACTA2|ACVR1|JAG1|BMP4|CDH2|COL7A1|CYP1B1|DES|LPAR1|EDNRB|FABP7|EFEMP1|FGFR2|FLT1|GDF10|GJA1|NRG1|HIC1|IGFBP5|IGFBP7|KRT8|KRT18|MKI67|MMP1|MMP2|MYH9|NOTCH1|NOTCH3|SERPINB2|ABCB1|PIM1|PTGS1|PTPRD|CXCL12|SFRP1|SFRP2|SIM1|SLC2A1|SLC2A5|SNAI2|SPP1|TBX3|TGFB1|TGM2|THBS1|TIMP1|VIM|CXCR4|TFPI2|LTBP4|STC2|SYNJ2|ADAMTS1|AKAP12|FST|DKK1|HEY1|CADM1|PHGDH|TOX3|ANGPTL4|ADAM33|RSPO3|KLHDC7A,-18,0
1,-21,C0003130,M1,1,0,DisGeNET,35,Anoxia,,-21,5.6,13,30293,287,871,46,5.3,0.76,133|284|348|953|1490|1906|1910|1958|2022|2034|2321|2662|3371|3486|3490|3491|3624|4312|4502|4851|5155|5176|5327|6319|6387|6513|6781|7040|7042|7043|7046|7048|7057|7262|7291|7412|7852|8553|8877|10628|50507|51305|51816|54541|57761|81567,ADM|ANGPT1|APOE|ENTPD1|CCN2|EDN1|EDNRB|EGR1|ENG|EPAS1|FLT1|GDF10|TNC|IGFBP3|IGFBP7|CCN1|INHBA|MMP1|MT2A|NOTCH1|PDGFB|SERPINF1|PLAT|SCD|CXCL12|SLC2A1|STC1|TGFB1|TGFB2|TGFB3|TGFBR1|TGFBR2|THBS1|PHLDA2|TWIST1|VCAM1|CXCR4|BHLHE40|SPHK1|TXNIP|NOX4|KCNK9|ADA2|DDIT4|TRIB3|TXNDC5,-18,0
1,-20,C0220641,M1,1,0,DisGeNET,35,Lip and Oral Cavity Carcinoma,,-20,3.5,12,30293,734,871,74,8.5,0.94,133|214|284|652|701|875|894|1285|1300|1356|1490|1612|1634|1832|1839|1910|2048|2070|2273|2308|2321|2662|3371|3486|3927|4233|4312|4313|4320|4322|4610|4837|4851|4854|5054|5179|5243|5292|5328|5742|5806|6285|6387|6423|6513|6657|6696|7040|7046|7048|7078|7291|7431|7481|7852|8600|8829|9518|9547|10319|10371|10512|10611|10630|11259|22822|22943|23657|57214|80243|91683|140766|140885|152330,ADM|ALCAM|ANGPT1|BMP4|BUB1B|CBS|CCND2|COL4A3|COL10A1|CP|CCN2|DAPK1|DCN|DSP|HBEGF|EDNRB|EPHB2|EYA4|FHL1|FOXO1|FLT1|GDF10|TNC|IGFBP3|LASP1|MET|MMP1|MMP2|MMP11|MMP13|MYCL|NNMT|NOTCH1|NOTCH3|SERPINE1|PENK|ABCB1|PIM1|PLAU|PTGS1|PTX3|S100B|CXCL12|SFRP2|SLC2A1|SOX2|SPP1|TGFB1|TGFBR1|TGFBR2|TIMP3|TWIST1|VIM|WNT11|CXCR4|TNFSF11|NRP1|GDF15|CXCL14|LAMC3|SEMA3A|SEMA3C|PDLIM5|PDPN|FILIP1L|PHLDA1|DKK1|SLC7A11|CEMIP|PREX2|SYT12|ADAMTS14|SIRPA|CNTN4,-18,0
1,-20,C0004936,M1,1,0,DisGeNET,35,Mental disorders,,-20,3.4,12,30293,789,871,77,8.8,0.96,133|288|348|649|805|928|1268|1356|1392|1501|1620|1808|1844|1903|1909|1958|2048|2066|2263|2556|2668|2670|2697|2823|2890|2917|3084|3976|4036|4129|4747|4851|4886|4908|5021|5080|5142|5155|5179|5243|5327|5362|5454|5999|6281|6285|6387|6493|6536|6581|6869|6899|6925|6928|7052|7225|7436|8128|8870|9348|10611|23263|26047|27020|27087|29968|50507|55638|57007|83857|114801|124925|130497|152330|257194|387758|494470,ADM|ANK3|APOE|BMP1|CALM2|CD9|CNR1|CP|CRH|CTNND2|BRINP1|DPYSL2|DUSP2|S1PR3|EDNRA|EGR1|EPHB2|ERBB4|FGFR2|GABRA3|GDNF|GFAP|GJA1|GPM6A|GRIA1|GRM7|NRG1|LIF|LRP2|MAOB|NEFL|NOTCH1|NPY1R|NTF3|OXTR|PAX6|PDE4B|PDGFB|PENK|ABCB1|PLAT|PLXNA2|POU3F2|RGS4|S100A10|S100B|CXCL12|SIM2|SLC6A9|SLC22A3|TACR1|TBX1|TCF4|HNF1B|TGM2|TRPC6|VLDLR|ST8SIA2|IER3|NDST3|PDLIM5|MCF2L|CNTNAP2|NPTN|B3GAT1|PSAT1|NOX4|SYBU|ACKR3|TMTC1|TMEM200A|SEZ6|OSR1|CNTN4|NEGR1|FIBIN|ARK2C,-18,0
1,-20,C0409959,M1,1,0,DisGeNET,35,"Osteoarthritis, Knee",,-20,4.8,13,30293,368,871,51,5.9,0.8,388|653|1000|1311|1490|1902|1993|2034|2202|2308|2719|3554|4036|4052|4060|4256|4312|4313|4322|4921|5054|5055|5179|5307|5328|6422|6546|6581|6696|6781|6869|6899|7040|7046|7052|7076|7130|7291|8038|8600|10216|10468|22943|23213|26585|54829|55603|56243|140766|150094|197021,RHOB|BMP5|CDH2|COMP|CCN2|LPAR1|ELAVL2|EPAS1|EFEMP1|FOXO1|GPC3|IL1R1|LRP2|LTBP1|LUM|MGP|MMP1|MMP2|MMP13|DDR2|SERPINE1|SERPINB2|PENK|PITX1|PLAU|SFRP1|SLC8A1|SLC22A3|SPP1|STC1|TACR1|TBX1|TGFB1|TGFBR1|TGM2|TIMP1|TNFAIP6|TWIST1|ADAM12|TNFSF11|PRG4|FST|DKK1|SULF1|GREM1|ASPN|TENT5A|KIAA1217|ADAMTS14|SIK1|LCTL,-17,0
1,-20,C0278488,M1,1,0,DisGeNET,35,Carcinoma breast stage IV,,-20,3.9,12,30293,573,871,64,7.3,0.88,133|220|388|655|861|976|1464|1634|1902|1906|2022|2030|2034|2066|2263|2296|2697|3315|3371|3491|3589|3702|3875|4015|4129|4233|4312|4313|4320|4322|4826|4851|5099|5243|5327|5328|5792|5806|6241|6319|6387|6520|6581|6591|6696|6925|6926|7040|7075|7076|7078|7291|7412|7431|7852|8630|8829|9510|10370|10468|10580|10763|51816|91156,ADM|ALDH1A3|RHOB|BMP7|RUNX1|ADGRE5|CSPG4|DCN|LPAR1|EDN1|ENG|SLC29A1|EPAS1|ERBB4|FGFR2|FOXC1|GJA1|HSPB1|TNC|CCN1|IL11|ITK|KRT18|LOX|MAOB|MET|MMP1|MMP2|MMP11|MMP13|NNAT|NOTCH1|PCDH7|ABCB1|PLAT|PLAU|PTPRF|PTX3|RRM2|SCD|CXCL12|SLC3A2|SLC22A3|SNAI2|SPP1|TCF4|TBX3|TGFB1|TIE1|TIMP1|TIMP3|TWIST1|VCAM1|VIM|CXCR4|HSD17B6|NRP1|ADAMTS1|CITED2|FST|SORBS1|NES|ADA2|IGFN1,-17,0
1,-20,C0008497,M1,1,0,DisGeNET,35,Choriocarcinoma,,-20,4.4,12,30293,431,871,55,6.3,0.82,133|182|894|928|1028|1392|1545|1734|1906|1909|1910|2022|2034|2048|2066|2149|2252|2263|2321|3090|3315|3554|3589|3856|3875|3927|3976|3977|4233|4313|5055|5178|5243|5764|6387|6423|6520|6581|6657|6696|7026|7040|7076|7078|7852|7980|8140|9832|10468|10630|10763|22943|27295|57007|84870,ADM|JAG1|CCND2|CD9|CDKN1C|CRH|CYP1B1|DIO2|EDN1|EDNRA|EDNRB|ENG|EPAS1|EPHB2|ERBB4|F2R|FGF7|FGFR2|FLT1|HIC1|HSPB1|IL1R1|IL11|KRT8|KRT18|LASP1|LIF|LIFR|MET|MMP2|SERPINB2|PEG3|ABCB1|PTN|CXCL12|SFRP2|SLC3A2|SLC22A3|SOX2|SPP1|NR2F2|TGFB1|TIMP1|TIMP3|CXCR4|TFPI2|SLC7A5|JAKMIP2|FST|PDPN|NES|DKK1|PDLIM3|ACKR3|RSPO3,-17,0
1,-20,C1257931,M1,1,0,DisGeNET,35,"Mammary Neoplasms, Human",,-20,4,12,30293,527,871,61,7,0.86,59|90|182|652|1000|1294|1545|1674|1902|1910|2173|2202|2263|2321|2662|2697|3084|3090|3488|3490|3856|3875|4288|4312|4313|4627|4851|4854|5055|5243|5292|5742|5789|6387|6422|6423|6492|6513|6518|6591|6696|6926|7052|7057|7431|7852|7980|8614|8871|9510|9590|10468|22943|23462|23705|26227|27324|51129|80332|84870|127707,ACTA2|ACVR1|JAG1|BMP4|CDH2|COL7A1|CYP1B1|DES|LPAR1|EDNRB|FABP7|EFEMP1|FGFR2|FLT1|GDF10|GJA1|NRG1|HIC1|IGFBP5|IGFBP7|KRT8|KRT18|MKI67|MMP1|MMP2|MYH9|NOTCH1|NOTCH3|SERPINB2|ABCB1|PIM1|PTGS1|PTPRD|CXCL12|SFRP1|SFRP2|SIM1|SLC2A1|SLC2A5|SNAI2|SPP1|TBX3|TGM2|THBS1|VIM|CXCR4|TFPI2|STC2|SYNJ2|ADAMTS1|AKAP12|FST|DKK1|HEY1|CADM1|PHGDH|TOX3|ANGPTL4|ADAM33|RSPO3|KLHDC7A,-17,0
1,-20,C0025500,M1,1,0,DisGeNET,35,Mesothelioma,,-20,3.9,12,30293,560,871,63,7.2,0.88,19|133|214|284|445|654|683|794|805|970|1028|1030|1404|1464|1490|1734|1909|1958|2048|2066|2149|2202|2263|2308|2317|2321|2662|2697|2719|2817|3371|3485|4053|4233|4288|4313|4851|5054|5155|5243|5292|5327|5328|6422|6424|6513|6591|6696|7052|7162|7412|7431|8877|10351|10630|22943|23541|23705|26585|27063|51435|57007|79971,ABCA1|ADM|ALCAM|ANGPT1|ASS1|BMP6|BST1|CALB2|CALM2|CD70|CDKN1C|CDKN2B|HAPLN1|CSPG4|CCN2|DIO2|EDNRA|EGR1|EPHB2|ERBB4|F2R|EFEMP1|FGFR2|FOXO1|FLNB|FLT1|GDF10|GJA1|GPC3|GPC1|TNC|IGFBP2|LTBP2|MET|MKI67|MMP2|NOTCH1|SERPINE1|PDGFB|ABCB1|PIM1|PLAT|PLAU|SFRP1|SFRP4|SLC2A1|SNAI2|SPP1|TGM2|TPBG|VCAM1|VIM|SPHK1|ABCA8|PDPN|DKK1|SEC14L2|CADM1|GREM1|ANKRD1|SCARA3|ACKR3|WLS,-17,0
1,-19,C0153381,M1,1,0,DisGeNET,35,Malignant neoplasm of mouth,,-19,3.4,12,30293,756,871,74,8.5,0.94,133|214|284|652|701|875|894|1285|1300|1356|1490|1545|1612|1634|1832|1839|1910|2048|2070|2273|2308|2321|2662|3315|3371|3486|3927|4233|4312|4313|4320|4322|4610|4837|4851|4854|5054|5179|5243|5292|5328|5742|5806|6285|6387|6513|6657|6696|7040|7046|7048|7078|7291|7431|7481|7852|8600|8829|9518|9547|10319|10371|10512|10611|10630|11259|22822|22943|23657|57214|91683|140766|140885|152330,ADM|ALCAM|ANGPT1|BMP4|BUB1B|CBS|CCND2|COL4A3|COL10A1|CP|CCN2|CYP1B1|DAPK1|DCN|DSP|HBEGF|EDNRB|EPHB2|EYA4|FHL1|FOXO1|FLT1|GDF10|HSPB1|TNC|IGFBP3|LASP1|MET|MMP1|MMP2|MMP11|MMP13|MYCL|NNMT|NOTCH1|NOTCH3|SERPINE1|PENK|ABCB1|PIM1|PLAU|PTGS1|PTX3|S100B|CXCL12|SLC2A1|SOX2|SPP1|TGFB1|TGFBR1|TGFBR2|TIMP3|TWIST1|VIM|WNT11|CXCR4|TNFSF11|NRP1|GDF15|CXCL14|LAMC3|SEMA3A|SEMA3C|PDLIM5|PDPN|FILIP1L|PHLDA1|DKK1|SLC7A11|CEMIP|SYT12|ADAMTS14|SIRPA|CNTN4,-17,0
1,-19,C0242383,M1,1,0,DisGeNET,35,Age related macular degeneration,,-19,3.6,12,30293,685,871,70,8,0.92,19|133|284|290|348|652|654|710|1028|1191|1268|1285|1300|1356|1604|1893|1993|2034|2201|2202|2263|2273|2321|2621|3075|3090|3371|3490|3856|4133|4312|4313|4322|4502|4948|5054|5176|5362|5648|5806|5961|6001|6387|6444|6513|6781|7040|7042|7046|7048|7057|7076|7078|7431|7436|7852|8877|9098|9229|10371|10628|10878|11259|22943|51129|54541|56005|56670|84624|92211,ABCA1|ADM|ANGPT1|ANPEP|APOE|BMP4|BMP6|SERPING1|CDKN1C|CLU|CNR1|COL4A3|COL10A1|CP|CD55|ECM1|ELAVL2|EPAS1|FBN2|EFEMP1|FGFR2|FHL1|FLT1|GAS6|CFH|HIC1|TNC|IGFBP7|KRT8|MAP2|MMP1|MMP2|MMP13|MT2A|OCA2|SERPINE1|SERPINF1|PLXNA2|MASP1|PTX3|PRPH2|RGS10|CXCL12|SGCD|SLC2A1|STC1|TGFB1|TGFB2|TGFBR1|TGFBR2|THBS1|TIMP1|TIMP3|VIM|VLDLR|CXCR4|SPHK1|USP6|DLGAP1|SEMA3A|TXNIP|CFHR3|FILIP1L|DKK1|ANGPTL4|DDIT4|MYDGF|SUCNR1|FNDC1|CDHR1,-17,0
1,-19,C0553580,M1,1,0,DisGeNET,35,Ewings sarcoma,,-19,4,12,30293,517,871,60,6.9,0.86,214|894|1000|1030|1909|1910|1958|1959|1993|2022|2048|2066|2296|2308|2621|2668|2697|3084|3315|3371|3486|3976|4015|4233|4312|4320|4821|4826|4851|5077|5243|5783|5789|6285|6387|6513|6657|6925|7040|7048|7075|7138|7291|7431|7852|7857|9098|10221|10252|10267|10763|23462|26227|27123|29968|55534|57007|57124|92737|116113,ALCAM|CCND2|CDH2|CDKN2B|EDNRA|EDNRB|EGR1|EGR2|ELAVL2|ENG|EPHB2|ERBB4|FOXC1|FOXO1|GAS6|GDNF|GJA1|NRG1|HSPB1|TNC|IGFBP3|LIF|LOX|MET|MMP1|MMP11|NKX2-2|NNAT|NOTCH1|PAX3|ABCB1|PTPN13|PTPRD|S100B|CXCL12|SLC2A1|SOX2|TCF4|TGFB1|TGFBR2|TIE1|TNNT1|TWIST1|VIM|CXCR4|SCG2|USP6|TRIB1|SPRY1|RAMP1|NES|HEY1|PHGDH|DKK2|PSAT1|MAML3|ACKR3|CD248|DNER|FOXP4,-17,0
1,-19,C0149630,M1,1,0,DisGeNET,35,Bicuspid aortic valve,,-19,7.5,14,30293,153,871,33,3.8,0.65,59|348|1490|1832|1959|2022|2201|2294|2627|3371|3702|4015|4091|4312|4313|4629|4638|4851|5307|6541|6581|6696|7026|7040|7042|7043|7046|7048|7076|7078|8076|8425|57514,ACTA2|APOE|CCN2|DSP|EGR2|ENG|FBN2|FOXF1|GATA6|TNC|ITK|LOX|SMAD6|MMP1|MMP2|MYH11|MYLK|NOTCH1|PITX1|SLC7A1|SLC22A3|SPP1|NR2F2|TGFB1|TGFB2|TGFB3|TGFBR1|TGFBR2|TIMP1|TIMP3|MFAP5|LTBP4|ARHGAP31,-17,0
1,-19,C0020542,M1,1,0,DisGeNET,35,Pulmonary Hypertension,,-19,7.4,14,30293,156,871,33,3.8,0.65,21|133|284|348|655|1191|1282|1490|1906|1909|1910|1958|2034|2308|2627|2697|3371|4015|4091|4312|4879|5054|5155|5740|6869|7046|7048|7225|7412|26585|50507|55512|147381,ABCA3|ADM|ANGPT1|APOE|BMP7|CLU|COL4A1|CCN2|EDN1|EDNRA|EDNRB|EGR1|EPAS1|FOXO1|GATA6|GJA1|TNC|LOX|SMAD6|MMP1|NPPB|SERPINE1|PDGFB|PTGIS|TACR1|TGFBR1|TGFBR2|TRPC6|VCAM1|GREM1|NOX4|SMPD3|CBLN2,-16,0
1,-19,C0278883,M1,1,0,DisGeNET,35,Metastatic melanoma,,-19,4,12,30293,504,871,58,6.7,0.84,220|652|655|805|1030|1191|1464|1490|1674|1839|2043|2045|2048|2066|2138|2149|3486|3490|3672|3673|3702|4133|4233|4288|4312|4313|5077|5156|5176|6285|6319|6657|6696|7040|7052|7057|7076|7291|7431|7852|7980|9180|9518|9590|9891|10082|22822|22943|23089|23541|26047|27087|57007|57124|115701|150094|253738|347902,ALDH1A3|BMP4|BMP7|CALM2|CDKN2B|CLU|CSPG4|CCN2|DES|HBEGF|EPHA4|EPHA7|EPHB2|ERBB4|EYA1|F2R|IGFBP3|IGFBP7|ITGA1|ITGA2|ITK|MAP2|MET|MKI67|MMP1|MMP2|PAX3|PDGFRA|SERPINF1|S100B|SCD|SOX2|SPP1|TGFB1|TGM2|THBS1|TIMP1|TWIST1|VIM|CXCR4|TFPI2|OSMR|GDF15|AKAP12|NUAK1|GPC6|PHLDA1|DKK1|PEG10|SEC14L2|CNTNAP2|B3GAT1|ACKR3|CD248|ALPK2|SIK1|EBF3|AMIGO2,-16,0
1,-19,C0018799,M1,1,0,DisGeNET,35,Heart Diseases,,-19,3.9,12,30293,537,871,60,6.9,0.86,19|59|133|150|284|348|875|953|1356|1381|1490|1674|1906|2048|2621|2627|2697|2706|3371|3589|4015|4053|4091|4233|4313|4502|4638|4879|4883|4948|5152|5176|5243|5292|5318|6387|6422|6444|6513|6696|6783|6925|7040|7057|7076|7078|7134|7364|7852|9510|9518|10699|27063|55859|64123|64220|80206|81606|126393|221662,ABCA1|ACTA2|ADM|ADRA2A|ANGPT1|APOE|CBS|ENTPD1|CP|CRABP1|CCN2|DES|EDN1|EPHB2|GAS6|GATA6|GJA1|GJB2|TNC|IL11|LOX|LTBP2|SMAD6|MET|MMP2|MT2A|MYLK|NPPB|NPR3|OCA2|PDE9A|SERPINF1|ABCB1|PIM1|PKP2|CXCL12|SFRP1|SGCD|SLC2A1|SPP1|SULT1E1|TCF4|TGFB1|THBS1|TIMP1|TIMP3|TNNC1|UGT2B7|CXCR4|ADAMTS1|GDF15|CORIN|ANKRD1|BEX1|ADGRL4|STRA6|FHOD3|LBH|HSPB6|RBM24,-16,0
1,-18,C0155626,M1,1,0,DisGeNET,35,Acute myocardial infarction,,-18,3.3,11,30293,766,871,73,8.4,0.94,19|133|150|284|290|348|570|655|710|970|1000|1028|1392|1465|1490|1734|1906|1958|1993|2048|2069|2149|2244|2321|2697|3084|3371|3589|3673|4312|4313|4605|4854|4879|5054|5176|5243|5327|5328|5806|6277|6387|6533|6541|6546|6783|7040|7046|7076|7123|7130|7291|7412|7431|7436|7481|7852|9514|9518|9590|10628|10630|10763|11098|23209|23541|25797|25891|27092|56005|57761|79924|375033,ABCA1|ADM|ADRA2A|ANGPT1|ANPEP|APOE|BAAT|BMP7|SERPING1|CD70|CDH2|CDKN1C|CRH|CSRP1|CCN2|DIO2|EDN1|EGR1|ELAVL2|EPHB2|EREG|F2R|FGB|FLT1|GJA1|NRG1|TNC|IL11|ITGA2|MMP1|MMP2|MYBL2|NOTCH3|NPPB|SERPINE1|SERPINF1|ABCB1|PLAT|PLAU|PTX3|S100A6|CXCL12|SLC6A6|SLC7A1|SLC8A1|SULT1E1|TGFB1|TGFBR1|TIMP1|CLEC3B|TNFAIP6|TWIST1|VCAM1|VIM|VLDLR|WNT11|CXCR4|GAL3ST1|GDF15|AKAP12|TXNIP|PDPN|NES|PRSS23|MLC1|SEC14L2|QPCT|PAMR1|CACNG4|MYDGF|TRIB3|ADM2|PEAR1,-16,0
1,-18,C0220620,M1,1,0,DisGeNET,35,Gastrointestinal Carcinoid Tumor,,-18,5,12,30293,323,871,46,5.3,0.76,90|805|894|1000|1674|1906|2149|2258|2263|2308|2321|2627|2670|3090|3371|3487|3856|4288|4312|4313|4322|4610|4851|6285|6387|6581|6657|6696|7040|7042|7048|7078|7291|7431|7852|7980|8600|9098|9846|10468|10630|25797|26585|27295|51129|284266,ACVR1|CALM2|CCND2|CDH2|DES|EDN1|F2R|FGF13|FGFR2|FOXO1|FLT1|GATA6|GFAP|HIC1|TNC|IGFBP4|KRT8|MKI67|MMP1|MMP2|MMP13|MYCL|NOTCH1|S100B|CXCL12|SLC22A3|SOX2|SPP1|TGFB1|TGFB2|TGFBR2|TIMP3|TWIST1|VIM|CXCR4|TFPI2|TNFSF11|USP6|GAB2|FST|PDPN|QPCT|GREM1|PDLIM3|ANGPTL4|SIGLEC15,-16,0
1,-18,C0007766,M1,1,0,DisGeNET,35,Intracranial Aneurysm,,-18,5,12,30293,311,871,45,5.2,0.75,19|59|284|348|875|1030|1281|1282|1906|1909|2022|2201|3977|4015|4233|4312|4313|4629|4638|4854|4948|5054|5327|5789|6387|6513|7040|7046|7048|7076|7078|7291|7412|8425|10611|26585|50863|55901|84433|114795|148641|151887|169044|169611|170689,ABCA1|ACTA2|ANGPT1|APOE|CBS|CDKN2B|COL3A1|COL4A1|EDN1|EDNRA|ENG|FBN2|LIFR|LOX|MET|MMP1|MMP2|MYH11|MYLK|NOTCH3|OCA2|SERPINE1|PLAT|PTPRD|CXCL12|SLC2A1|TGFB1|TGFBR1|TGFBR2|TIMP1|TIMP3|TWIST1|VCAM1|LTBP4|PDLIM5|GREM1|NTM|THSD1|CARD11|TMEM132B|SLC35F3|CCDC80|COL22A1|OLFML2A|ADAMTS15,-16,0
1,-18,C0003507,M1,1,0,DisGeNET,35,Aortic Valve Stenosis,,-18,5.8,13,30293,234,871,39,4.5,0.7,182|348|655|875|953|1490|1902|1906|1909|2022|2066|2294|2627|3371|4015|4053|4091|4313|4322|4851|4879|4969|5054|5307|6285|6513|6696|7026|7040|7857|8483|8600|9518|9590|9719|10630|22943|23209|57514,JAG1|APOE|BMP7|CBS|ENTPD1|CCN2|LPAR1|EDN1|EDNRA|ENG|ERBB4|FOXF1|GATA6|TNC|LOX|LTBP2|SMAD6|MMP2|MMP13|NOTCH1|NPPB|OGN|SERPINE1|PITX1|S100B|SLC2A1|SPP1|NR2F2|TGFB1|SCG2|CILP|TNFSF11|GDF15|AKAP12|ADAMTSL2|PDPN|DKK1|MLC1|ARHGAP31,-16,0
1,-18,C0003504,M1,1,0,DisGeNET,35,Aortic Valve Insufficiency,,-18,4.5,12,30293,377,871,49,5.6,0.78,59|288|701|875|1191|1281|1294|1490|1906|1909|1958|1959|2030|2034|2048|2258|2296|2624|2697|3315|4015|4091|4233|4312|4322|4629|4638|4851|4879|6424|6513|7040|7042|7043|7046|7048|7076|7291|7980|8076|10630|22943|23462|29968|55366|55450|56005|56937|57007,ACTA2|ANK3|BUB1B|CBS|CLU|COL3A1|COL7A1|CCN2|EDN1|EDNRA|EGR1|EGR2|SLC29A1|EPAS1|EPHB2|FGF13|FOXC1|GATA2|GJA1|HSPB1|LOX|SMAD6|MET|MMP1|MMP13|MYH11|MYLK|NOTCH1|NPPB|SFRP4|SLC2A1|TGFB1|TGFB2|TGFB3|TGFBR1|TGFBR2|TIMP1|TWIST1|TFPI2|MFAP5|PDPN|DKK1|HEY1|PSAT1|LGR4|CAMK2N1|MYDGF|PMEPA1|ACKR3,-15,0
1,-18,C0302142,M1,1,0,DisGeNET,35,Deformity,,-18,4.7,12,30293,350,871,47,5.4,0.77,90|652|875|1028|1030|1266|1281|1717|2252|2263|2296|2308|2624|2627|2706|3232|3708|3800|3912|4281|4851|5055|5080|5083|5243|5354|5648|6299|6657|6899|6928|7040|7436|7545|9510|9547|9590|10371|10630|26585|27295|55638|64072|64093|64220|83716|85416,ACVR1|BMP4|CBS|CDKN1C|CDKN2B|CNN3|COL3A1|DHCR7|FGF7|FGFR2|FOXC1|FOXO1|GATA2|GATA6|GJB2|HOXD3|ITPR1|KIF5C|LAMB1|MID1|NOTCH1|SERPINB2|PAX6|PAX9|ABCB1|PLP1|MASP1|SALL1|SOX2|TBX1|HNF1B|TGFB1|VLDLR|ZIC1|ADAMTS1|CXCL14|AKAP12|SEMA3A|PDPN|GREM1|PDLIM3|SYBU|CDH23|SMOC1|STRA6|CRISPLD2|ZIC5,-15,0
1,-18,C1134719,M1,1,0,DisGeNET,35,Invasive Ductal Breast Carcinoma,,-18,4.3,12,30293,414,871,51,5.9,0.8,182|701|894|1282|1509|1634|2066|2263|2294|2662|2706|3090|3491|3856|4015|4288|4312|4313|4320|4638|4851|4854|5054|5155|5176|5243|5328|6277|6387|6493|6591|6696|7040|7057|7076|7078|7291|7301|7852|8038|8543|8877|9368|9514|9547|10468|10630|10763|55959|57007|80760,JAG1|BUB1B|CCND2|COL4A1|CTSD|DCN|ERBB4|FGFR2|FOXF1|GDF10|GJB2|HIC1|CCN1|KRT8|LOX|MKI67|MMP1|MMP2|MMP11|MYLK|NOTCH1|NOTCH3|SERPINE1|PDGFB|SERPINF1|ABCB1|PLAU|S100A6|CXCL12|SIM2|SNAI2|SPP1|TGFB1|THBS1|TIMP1|TIMP3|TWIST1|TYRO3|CXCR4|ADAM12|LMO4|SPHK1|NHERF1|GAL3ST1|CXCL14|FST|PDPN|NES|SULF2|ACKR3|ITIH5,-15,0
1,-17,C0007786,M1,1,0,DisGeNET,35,Brain Ischemia,,-17,4.6,12,30293,358,871,47,5.4,0.77,19|348|654|710|805|1191|1268|1356|1392|1464|1808|1906|1958|2030|2034|2066|2149|2308|2670|2674|2697|3084|3976|4133|4313|4322|4879|5054|5055|5176|5327|5328|5740|6285|6387|6529|6546|6696|6781|7040|7832|9510|9590|10370|10763|22943|23017,ABCA1|APOE|BMP6|SERPING1|CALM2|CLU|CNR1|CP|CRH|CSPG4|DPYSL2|EDN1|EGR1|SLC29A1|EPAS1|ERBB4|F2R|FOXO1|GFAP|GFRA1|GJA1|NRG1|LIF|MAP2|MMP2|MMP13|NPPB|SERPINE1|SERPINB2|SERPINF1|PLAT|PLAU|PTGIS|S100B|CXCL12|SLC6A1|SLC8A1|SPP1|STC1|TGFB1|BTG2|ADAMTS1|AKAP12|CITED2|NES|DKK1|FAIM2,-15,0
1,-17,C0007787,M1,1,0,DisGeNET,35,Transient Ischemic Attack,,-17,4.7,12,30293,344,871,46,5.3,0.76,59|348|953|1281|1902|1906|2022|2627|2697|3315|3486|3708|4015|4052|4312|4313|4502|4629|4638|4741|4747|4854|5054|5080|5122|5176|5243|5327|5328|5764|6387|6529|6696|6783|7026|7042|7043|7046|7048|7057|7225|8076|9510|9627|23705|55512,ACTA2|APOE|ENTPD1|COL3A1|LPAR1|EDN1|ENG|GATA6|GJA1|HSPB1|IGFBP3|ITPR1|LOX|LTBP1|MMP1|MMP2|MT2A|MYH11|MYLK|NEFM|NEFL|NOTCH3|SERPINE1|PAX6|PCSK1|SERPINF1|ABCB1|PLAT|PLAU|PTN|CXCL12|SLC6A1|SPP1|SULT1E1|NR2F2|TGFB2|TGFB3|TGFBR1|TGFBR2|THBS1|TRPC6|MFAP5|ADAMTS1|SNCAIP|CADM1|SMPD3,-15,0
1,-17,C0024796,M1,1,0,DisGeNET,35,Marfan Syndrome,,-17,7.8,13,30293,130,871,29,3.3,0.61,59|875|1264|1281|1634|2048|2201|3491|4015|4053|4233|4313|4322|4851|4854|5362|6319|6783|6876|7040|7042|7043|7046|7048|7057|7078|9510|9514|50507,ACTA2|CBS|CNN1|COL3A1|DCN|EPHB2|FBN2|CCN1|LOX|LTBP2|MET|MMP2|MMP13|NOTCH1|NOTCH3|PLXNA2|SCD|SULT1E1|TAGLN|TGFB1|TGFB2|TGFB3|TGFBR1|TGFBR2|THBS1|TIMP3|ADAMTS1|GAL3ST1|NOX4,-15,0
1,-17,C0853879,M1,1,0,DisGeNET,35,Invasive carcinoma of breast,,-17,4,11,30293,472,871,54,6.2,0.82,133|701|928|1030|1490|1509|1545|1902|1978|2066|2149|2151|2173|2263|2321|3315|3371|3486|3491|4015|4060|4232|4233|4312|5054|5080|5243|5328|6387|6422|6493|6513|6657|6926|7040|7046|7048|7057|7076|7291|7431|7545|7852|7980|8549|8877|9368|10468|10580|23189|23677|50515|57214|100133941,ADM|BUB1B|CD9|CDKN2B|CCN2|CTSD|CYP1B1|LPAR1|EIF4EBP1|ERBB4|F2R|F2RL2|FABP7|FGFR2|FLT1|HSPB1|TNC|IGFBP3|CCN1|LOX|LUM|MEST|MET|MMP1|SERPINE1|PAX6|ABCB1|PLAU|CXCL12|SFRP1|SIM2|SLC2A1|SOX2|TBX3|TGFB1|TGFBR1|TGFBR2|THBS1|TIMP1|TWIST1|VIM|ZIC1|CXCR4|TFPI2|LGR5|SPHK1|NHERF1|FST|SORBS1|KANK1|SH3BP4|CHST11|CEMIP|CD24,-15,0
1,-17,C0035078,M1,1,0,DisGeNET,35,Kidney Failure,,-17,4.4,12,30293,378,871,48,5.5,0.77,133|182|284|290|348|655|1285|1286|1287|1490|1634|1906|1958|2048|2138|2317|2321|3075|3875|4313|4502|4627|4883|5054|5243|5251|5328|5648|5742|6299|6696|6928|7040|7048|7076|7225|8029|8829|9518|10371|10611|23541|27295|50507|56670|64123|84662|114907,ADM|JAG1|ANGPT1|ANPEP|APOE|BMP7|COL4A3|COL4A4|COL4A5|CCN2|DCN|EDN1|EGR1|EPHB2|EYA1|FLNB|FLT1|CFH|KRT18|MMP2|MT2A|MYH9|NPR3|SERPINE1|ABCB1|PHEX|PLAU|MASP1|PTGS1|SALL1|SPP1|HNF1B|TGFB1|TGFBR2|TIMP1|TRPC6|CUBN|NRP1|GDF15|SEMA3A|PDLIM5|SEC14L2|PDLIM3|NOX4|SUCNR1|ADGRL4|GLIS2|FBXO32,-15,0
1,-17,C0220668,M1,1,0,DisGeNET,35,Congenital contractural arachnodactyly,,-17,3.7,11,30293,559,871,59,6.8,0.85,19|220|445|894|1293|1893|1978|1993|2030|2048|2066|2069|2149|2201|2252|2263|2627|2719|3490|3927|4015|4060|4233|4851|4854|4978|5054|5055|5156|5178|5243|5328|6277|6387|6422|6520|6581|6657|6696|6869|7040|7042|7048|7078|7291|7431|7852|8076|8140|8829|8877|11259|23657|27295|51050|54894|57007|80139|92737,ABCA1|ALDH1A3|ASS1|CCND2|COL6A3|ECM1|EIF4EBP1|ELAVL2|SLC29A1|EPHB2|ERBB4|EREG|F2R|FBN2|FGF7|FGFR2|GATA6|GPC3|IGFBP7|LASP1|LOX|LUM|MET|NOTCH1|NOTCH3|OPCML|SERPINE1|SERPINB2|PDGFRA|PEG3|ABCB1|PLAU|S100A6|CXCL12|SFRP1|SLC3A2|SLC22A3|SOX2|SPP1|TACR1|TGFB1|TGFB2|TGFBR2|TIMP3|TWIST1|VIM|CXCR4|MFAP5|SLC7A5|NRP1|SPHK1|FILIP1L|SLC7A11|PDLIM3|PI15|RNF43|ACKR3|ZNF703|DNER,-15,0
1,-17,C1658953,M1,1,0,DisGeNET,35,tumor vasculature,,-17,6.1,12,30293,200,871,35,4,0.67,133|284|290|1300|1674|1827|1910|2022|2048|2321|3371|3491|4233|4313|4851|4858|5054|5243|5328|5362|5764|6387|6423|7040|7057|7412|7852|8038|8829|9966|10371|10763|57007|57124|59277,ADM|ANGPT1|ANPEP|COL10A1|DES|RCAN1|EDNRB|ENG|EPHB2|FLT1|TNC|CCN1|MET|MMP2|NOTCH1|NOVA2|SERPINE1|ABCB1|PLAU|PLXNA2|PTN|CXCL12|SFRP2|TGFB1|THBS1|VCAM1|CXCR4|ADAM12|NRP1|TNFSF15|SEMA3A|NES|ACKR3|CD248|NTN4,-15,0
1,-17,C0269102,M1,1,0,DisGeNET,35,Endometrioma,,-17,5.1,12,30293,279,871,41,4.7,0.72,59|655|715|1268|1392|1604|1734|1839|1906|2066|2192|2263|2308|2627|3371|3554|3673|3912|4129|4313|4741|5999|6751|6876|7026|7040|7042|7076|8614|8829|9547|10267|10468|10628|22943|27063|55959|64094|79822|116039|200424,ACTA2|BMP7|C1R|CNR1|CRH|CD55|DIO2|HBEGF|EDN1|ERBB4|FBLN1|FGFR2|FOXO1|GATA6|TNC|IL1R1|ITGA2|LAMB1|MAOB|MMP2|NEFM|RGS4|SSTR1|TAGLN|NR2F2|TGFB1|TGFB2|TIMP1|STC2|NRP1|CXCL14|RAMP1|FST|TXNIP|DKK1|ANKRD1|SULF2|SMOC2|ARHGAP28|OSR2|TET3,-15,0
1,-17,C0339573,M1,1,0,DisGeNET,35,"Glaucoma, Primary Open Angle",,-17,4.4,11,30293,383,871,48,5.5,0.77,19|348|652|1030|1191|1306|1490|1509|1545|1634|1906|1909|1958|2192|2202|2296|2317|2619|2697|3315|3382|4053|4312|4313|4969|5054|5243|5362|5742|6422|6696|6783|7040|7042|7043|7052|7057|7076|7078|7138|9518|23541|50863|57194|84898|152330|160335|170691,ABCA1|APOE|BMP4|CDKN2B|CLU|COL15A1|CCN2|CTSD|CYP1B1|DCN|EDN1|EDNRA|EGR1|FBLN1|EFEMP1|FOXC1|FLNB|GAS1|GJA1|HSPB1|ICA1|LTBP2|MMP1|MMP2|OGN|SERPINE1|ABCB1|PLXNA2|PTGS1|SFRP1|SPP1|SULT1E1|TGFB1|TGFB2|TGFB3|TGM2|THBS1|TIMP1|TIMP3|TNNT1|GDF15|SEC14L2|NTM|ATP10A|PLXDC2|CNTN4|TMTC2|ADAMTS17,-15,0
1,-17,C1837218,M1,1,0,DisGeNET,35,"Cleft palate, isolated",,-17,5,12,30293,295,871,42,4.8,0.73,133|652|861|875|1028|1906|2043|2048|2069|2252|2263|2615|2619|2670|3315|4223|4313|4330|4851|5077|5083|5156|6493|6696|6899|6926|7040|7042|7043|7048|7145|7291|7852|9411|9464|9518|26585|27295|64093|83716|116039|347902,ADM|BMP4|RUNX1|CBS|CDKN1C|EDN1|EPHA4|EPHB2|EREG|FGF7|FGFR2|LRRC32|GAS1|GFAP|HSPB1|MEOX2|MMP2|MN1|NOTCH1|PAX3|PAX9|PDGFRA|SIM2|SPP1|TBX1|TBX3|TGFB1|TGFB2|TGFB3|TGFBR2|TNS1|TWIST1|CXCR4|ARHGAP29|HAND2|GDF15|GREM1|PDLIM3|SMOC1|CRISPLD2|OSR2|AMIGO2,-15,0
1,-17,C0017668,M1,1,0,DisGeNET,35,Focal glomerulosclerosis,,-17,5.1,12,30293,281,871,41,4.7,0.72,59|288|348|794|928|1282|1285|1286|1287|1356|1392|1490|1906|2048|2138|3075|3554|3675|4313|4627|4851|5054|5328|5800|6696|6876|6928|7040|7048|7076|7225|7301|7436|7852|8029|9518|10763|51816|54443|64399|140885,ACTA2|ANK3|APOE|CALB2|CD9|COL4A1|COL4A3|COL4A4|COL4A5|CP|CRH|CCN2|EDN1|EPHB2|EYA1|CFH|IL1R1|ITGA3|MMP2|MYH9|NOTCH1|SERPINE1|PLAU|PTPRO|SPP1|TAGLN|HNF1B|TGFB1|TGFBR2|TIMP1|TRPC6|TYRO3|VLDLR|CXCR4|CUBN|GDF15|NES|ADA2|ANLN|HHIP|SIRPA,-15,0
1,-17,C0042373,M1,1,0,DisGeNET,35,Vascular Diseases,,-17,3.3,11,30293,688,871,66,7.6,0.9,59|133|284|348|652|701|875|953|1191|1282|1311|1392|1490|1634|1893|1906|1909|1958|2022|2149|2244|2296|2624|2627|3075|3315|3371|3488|3491|3976|3977|4129|4256|4313|4322|4638|4851|4854|4879|5054|5292|5328|5362|5806|6285|6387|6513|6696|7040|7046|7048|7057|7076|7412|7431|7852|10628|10630|23705|27123|50507|51816|57007|79924|114907|200424,ACTA2|ADM|ANGPT1|APOE|BMP4|BUB1B|CBS|ENTPD1|CLU|COL4A1|COMP|CRH|CCN2|DCN|ECM1|EDN1|EDNRA|EGR1|ENG|F2R|FGB|FOXC1|GATA2|GATA6|CFH|HSPB1|TNC|IGFBP5|CCN1|LIF|LIFR|MAOB|MGP|MMP2|MMP13|MYLK|NOTCH1|NOTCH3|NPPB|SERPINE1|PIM1|PLAU|PLXNA2|PTX3|S100B|CXCL12|SLC2A1|SPP1|TGFB1|TGFBR1|TGFBR2|THBS1|TIMP1|VCAM1|VIM|CXCR4|TXNIP|PDPN|CADM1|DKK2|NOX4|ADA2|ACKR3|ADM2|FBXO32|TET3,-15,0
1,-17,C0345967,M1,1,0,DisGeNET,35,Malignant mesothelioma,,-17,4.1,11,30293,420,871,50,5.7,0.79,182|214|683|794|894|1030|1465|1490|1612|1674|2048|2202|2308|2321|2495|2697|2719|2861|3371|3486|4052|4053|4233|4313|5155|5243|5292|5328|5792|6387|6424|6513|6696|7042|7052|7412|7431|7852|8829|8877|9180|10371|10628|10630|22943|22998|26585|28984|50507|100133941,JAG1|ALCAM|BST1|CALB2|CCND2|CDKN2B|CSRP1|CCN2|DAPK1|DES|EPHB2|EFEMP1|FOXO1|FLT1|FTH1|GJA1|GPC3|GPR37|TNC|IGFBP3|LTBP1|LTBP2|MET|MMP2|PDGFB|ABCB1|PIM1|PLAU|PTPRF|CXCL12|SFRP4|SLC2A1|SPP1|TGFB2|TGM2|VCAM1|VIM|CXCR4|NRP1|SPHK1|OSMR|SEMA3A|TXNIP|PDPN|DKK1|LIMCH1|GREM1|RGCC|NOX4|CD24,-14,0
1,-17,C0007138,M1,1,0,DisGeNET,35,"Carcinoma, Transitional Cell",,-17,3.5,11,30293,623,871,62,7.1,0.87,284|666|701|894|928|1030|1268|1490|1545|1612|1620|1634|1978|1993|2022|2048|2066|2252|2263|2321|2627|3371|3486|3488|3490|3624|3875|3927|4060|4233|4288|4313|4322|4851|4854|4921|5243|5328|6241|6285|6422|6657|6928|7040|7042|7052|7057|7076|7130|7291|7364|7431|8140|8840|9518|10602|22795|23213|51129|79971|92737|100133941,ANGPT1|BOK|BUB1B|CCND2|CD9|CDKN2B|CNR1|CCN2|CYP1B1|DAPK1|BRINP1|DCN|EIF4EBP1|ELAVL2|ENG|EPHB2|ERBB4|FGF7|FGFR2|FLT1|GATA6|TNC|IGFBP3|IGFBP5|IGFBP7|INHBA|KRT18|LASP1|LUM|MET|MKI67|MMP2|MMP13|NOTCH1|NOTCH3|DDR2|ABCB1|PLAU|RRM2|S100B|SFRP1|SOX2|HNF1B|TGFB1|TGFB2|TGM2|THBS1|TIMP1|TNFAIP6|TWIST1|UGT2B7|VIM|SLC7A5|CCN4|GDF15|CDC42EP3|NID2|SULF1|ANGPTL4|WLS|DNER|CD24,-14,0
1,-17,C0740391,M1,1,0,DisGeNET,35,Middle Cerebral Artery Occlusion,,-17,3.4,11,30293,626,871,62,7.1,0.87,19|133|284|290|348|655|875|1808|1809|1827|1906|1958|2022|2048|2149|2621|2668|2670|2697|3075|3084|3315|3589|4133|4288|4313|4851|4908|5054|5055|5080|5122|5176|5243|5327|5328|5806|6285|6387|6513|6546|6657|7040|7042|7046|7076|7130|7431|7852|8614|9510|9518|10371|10625|10763|23017|23541|29968|50507|55638|64129|285704,ABCA1|ADM|ANGPT1|ANPEP|APOE|BMP7|CBS|DPYSL2|DPYSL3|RCAN1|EDN1|EGR1|ENG|EPHB2|F2R|GAS6|GDNF|GFAP|GJA1|CFH|NRG1|HSPB1|IL11|MAP2|MKI67|MMP2|NOTCH1|NTF3|SERPINE1|SERPINB2|PAX6|PCSK1|SERPINF1|ABCB1|PLAT|PLAU|PTX3|S100B|CXCL12|SLC2A1|SLC8A1|SOX2|TGFB1|TGFB2|TGFBR1|TIMP1|TNFAIP6|VIM|CXCR4|STC2|ADAMTS1|GDF15|SEMA3A|IVNS1ABP|NES|FAIM2|SEC14L2|PSAT1|NOX4|SYBU|TINAGL1|RGMB,-14,0
1,-17,C4721806,M1,1,0,DisGeNET,35,"Carcinoma, Basal Cell",,-17,3.6,11,30293,557,871,58,6.7,0.84,165|182|348|570|794|1030|1311|1381|1490|1620|1634|1903|1906|1909|2263|2321|2627|2697|3485|3490|3491|4313|4320|4322|4837|4851|4948|5054|5156|5328|5742|6387|6513|6591|6657|6899|7040|7042|7043|7046|7048|7112|7291|7431|7852|8140|8549|9590|10468|10630|22822|22943|26585|55655|57007|64399|79623|100133941,AEBP1|JAG1|APOE|BAAT|CALB2|CDKN2B|COMP|CRABP1|CCN2|BRINP1|DCN|S1PR3|EDN1|EDNRA|FGFR2|FLT1|GATA6|GJA1|IGFBP2|IGFBP7|CCN1|MMP2|MMP11|MMP13|NNMT|NOTCH1|OCA2|SERPINE1|PDGFRA|PLAU|PTGS1|CXCL12|SLC2A1|SNAI2|SOX2|TBX1|TGFB1|TGFB2|TGFB3|TGFBR1|TGFBR2|TMPO|TWIST1|VIM|CXCR4|SLC7A5|LGR5|AKAP12|FST|PDPN|PHLDA1|DKK1|GREM1|NLRP2|ACKR3|HHIP|GALNT14|CD24,-14,0
1,-16,C1845050,M1,1,0,DisGeNET,35,"PIGMENTARY DISORDER, RETICULATE, WITH SYSTEMIC MANIFESTATIONS",,-16,5.9,12,30293,208,871,35,4,0.67,133|290|348|861|1356|1490|1906|2321|2668|2670|2674|3084|3371|3486|3491|3589|4015|4313|5054|5327|5362|5764|6285|6696|7040|7042|7057|7076|7078|8600|9966|10468|50507|51129|56005,ADM|ANPEP|APOE|RUNX1|CP|CCN2|EDN1|FLT1|GDNF|GFAP|GFRA1|NRG1|TNC|IGFBP3|CCN1|IL11|LOX|MMP2|SERPINE1|PLAT|PLXNA2|PTN|S100B|SPP1|TGFB1|TGFB2|THBS1|TIMP1|TIMP3|TNFSF11|TNFSF15|FST|NOX4|ANGPTL4|MYDGF,-14,0
1,-16,C0376634,M1,1,0,DisGeNET,35,Craniofacial Abnormalities,,-16,5.5,12,30293,234,871,37,4.2,0.68,182|1404|1717|1827|1902|1906|1909|2138|2263|2624|4036|4313|4322|4330|4851|5077|5080|5156|5251|5648|6493|6899|6913|6925|7021|7042|7048|7291|7547|10082|10265|64220|80000|84910|85416|152330|157506,JAG1|HAPLN1|DHCR7|RCAN1|LPAR1|EDN1|EDNRA|EYA1|FGFR2|GATA2|LRP2|MMP2|MMP13|MN1|NOTCH1|PAX3|PAX6|PDGFRA|PHEX|MASP1|SIM2|TBX1|TBX15|TCF4|TFAP2B|TGFB2|TGFBR2|TWIST1|ZIC3|GPC6|IRX5|STRA6|GREB1L|TMEM87B|ZIC5|CNTN4|RDH10,-14,0
1,-16,C0178664,M1,1,0,DisGeNET,35,Glomerulosclerosis (disorder),,-16,5.7,12,30293,221,871,36,4.1,0.67,133|348|654|655|953|1028|1191|1281|1287|1490|1674|1906|2022|2697|3371|4312|4313|4322|4627|4851|5054|5055|6299|6387|6513|6696|6876|6899|6926|7040|7046|7225|7431|7852|8829|64399,ADM|APOE|BMP6|BMP7|ENTPD1|CDKN1C|CLU|COL3A1|COL4A5|CCN2|DES|EDN1|ENG|GJA1|TNC|MMP1|MMP2|MMP13|MYH9|NOTCH1|SERPINE1|SERPINB2|SALL1|CXCL12|SLC2A1|SPP1|TAGLN|TBX1|TBX3|TGFB1|TGFBR1|TRPC6|VIM|CXCR4|NRP1|HHIP,-14,0
1,-16,C0016059,M1,1,0,DisGeNET,35,Fibrosis,,-16,6.2,12,30293,184,871,33,3.8,0.65,150|284|652|894|1281|1490|1634|1906|1958|2252|3675|4015|4060|4147|4288|4313|4610|4879|5054|5155|5156|6387|6422|6696|7040|7042|7043|7048|7057|7076|7431|8877|26585,ADRA2A|ANGPT1|BMP4|CCND2|COL3A1|CCN2|DCN|EDN1|EGR1|FGF7|ITGA3|LOX|LUM|MATN2|MKI67|MMP2|MYCL|NPPB|SERPINE1|PDGFB|PDGFRA|CXCL12|SFRP1|SPP1|TGFB1|TGFB2|TGFB3|TGFBR2|THBS1|TIMP1|VIM|SPHK1|GREM1,-14,0
1,-16,C0017601,M1,1,0,DisGeNET,35,Glaucoma,,-16,3.1,10,30293,769,871,69,7.9,0.92,19|90|284|348|652|701|875|894|1030|1191|1268|1281|1282|1356|1490|1545|1717|1906|1909|1910|1993|2296|2308|2668|2697|3382|3910|4015|4053|4256|4312|4313|4638|4747|4908|4969|5080|5176|5362|5648|5961|6285|6299|6422|6507|6578|6899|7021|7040|7042|7046|7052|7057|7078|7262|9518|10216|10468|10628|26047|55366|55890|56896|79633|79971|84898|92211|160335|170691,ABCA1|ACVR1|ANGPT1|APOE|BMP4|BUB1B|CBS|CCND2|CDKN2B|CLU|CNR1|COL3A1|COL4A1|CP|CCN2|CYP1B1|DHCR7|EDN1|EDNRA|EDNRB|ELAVL2|FOXC1|FOXO1|GDNF|GJA1|ICA1|LAMA4|LOX|LTBP2|MGP|MMP1|MMP2|MYLK|NEFL|NTF3|OGN|PAX6|SERPINF1|PLXNA2|MASP1|PRPH2|S100B|SALL1|SFRP1|SLC1A3|SLCO2A1|TBX1|TFAP2B|TGFB1|TGFB2|TGFBR1|TGM2|THBS1|TIMP3|PHLDA2|GDF15|PRG4|FST|TXNIP|CNTNAP2|LGR4|GPRC5C|DPYSL5|FAT4|WLS|PLXDC2|CDHR1|TMTC2|ADAMTS17,-14,0
1,-16,C0152021,M1,1,0,DisGeNET,35,Congenital heart disease,,-16,5.1,12,30293,267,871,39,4.5,0.7,70|652|875|1282|1284|1827|1906|1958|2034|2201|2263|2294|2296|2589|2627|3490|3491|3589|4851|4879|5806|6285|6387|6546|6696|6876|6899|7021|7040|7042|7547|7852|9464|9518|9590|10370|10699|27063|221662,ACTC1|BMP4|CBS|COL4A1|COL4A2|RCAN1|EDN1|EGR1|EPAS1|FBN2|FGFR2|FOXF1|FOXC1|GALNT1|GATA6|IGFBP7|CCN1|IL11|NOTCH1|NPPB|PTX3|S100B|CXCL12|SLC8A1|SPP1|TAGLN|TBX1|TFAP2B|TGFB1|TGFB2|ZIC3|CXCR4|HAND2|GDF15|AKAP12|CITED2|CORIN|ANKRD1|RBM24,-14,0
1,-16,C0027708,M1,1,0,DisGeNET,35,Nephroblastoma,,-16,3.5,11,30293,586,871,59,6.8,0.85,182|655|701|794|861|976|1028|1030|1282|1293|1490|1620|1674|1958|1959|2048|2138|2624|2668|2719|3491|3975|4233|4288|4629|4747|4826|4851|5054|5077|5080|5176|5243|5764|5999|6299|6422|6513|6546|6591|6696|6928|7040|7057|7076|7262|7431|7852|10252|10265|10763|11010|22822|22943|50507|79191|79971|130497|100133941,JAG1|BMP7|BUB1B|CALB2|RUNX1|ADGRE5|CDKN1C|CDKN2B|COL4A1|COL6A3|CCN2|BRINP1|DES|EGR1|EGR2|EPHB2|EYA1|GATA2|GDNF|GPC3|CCN1|LHX1|MET|MKI67|MYH11|NEFL|NNAT|NOTCH1|SERPINE1|PAX3|PAX6|SERPINF1|ABCB1|PTN|RGS4|SALL1|SFRP1|SLC2A1|SLC8A1|SNAI2|SPP1|HNF1B|TGFB1|THBS1|TIMP1|PHLDA2|VIM|CXCR4|SPRY1|IRX5|NES|GLIPR1|PHLDA1|DKK1|NOX4|IRX3|WLS|OSR1|CD24,-14,0
1,-16,C0021368,M1,1,0,DisGeNET,35,Inflammation,,-16,3.9,11,30293,467,871,52,6,0.8,133|284|652|683|710|1191|1268|1392|1906|1958|1978|2149|2252|2321|3084|3672|3976|4312|4313|4502|4879|4908|5054|5122|5155|5176|5243|5327|5328|5354|5764|5806|6285|6387|6696|6781|6869|7040|7052|7057|7076|7130|7412|7980|9547|9966|10628|10630|51305|51816|65997|80274,ADM|ANGPT1|BMP4|BST1|SERPING1|CLU|CNR1|CRH|EDN1|EGR1|EIF4EBP1|F2R|FGF7|FLT1|NRG1|ITGA1|LIF|MMP1|MMP2|MT2A|NPPB|NTF3|SERPINE1|PCSK1|PDGFB|SERPINF1|ABCB1|PLAT|PLAU|PLP1|PTN|PTX3|S100B|CXCL12|SPP1|STC1|TACR1|TGFB1|TGM2|THBS1|TIMP1|TNFAIP6|VCAM1|TFPI2|CXCL14|TNFSF15|TXNIP|PDPN|KCNK9|ADA2|RASL11B|SCUBE1,-14,0
1,-16,C1762616,M1,1,0,DisGeNET,35,"Meningioma, benign, no ICD-O subtype",,-16,4.1,11,30293,404,871,48,5.5,0.77,220|290|652|894|928|970|1028|1030|1268|1490|1545|1844|1906|2048|2670|3371|3490|4288|4313|4969|5155|5243|5328|5742|5806|6285|6387|6422|6696|7040|7043|7052|7057|7076|7078|7431|7852|8407|8549|9368|9590|10100|10628|10763|23336|23705|57007|161291,ALDH1A3|ANPEP|BMP4|CCND2|CD9|CD70|CDKN1C|CDKN2B|CNR1|CCN2|CYP1B1|DUSP2|EDN1|EPHB2|GFAP|TNC|IGFBP7|MKI67|MMP2|OGN|PDGFB|ABCB1|PLAU|PTGS1|PTX3|S100B|CXCL12|SFRP1|SPP1|TGFB1|TGFB3|TGM2|THBS1|TIMP1|TIMP3|VIM|CXCR4|TAGLN2|LGR5|NHERF1|AKAP12|TSPAN2|TXNIP|NES|SYNM|CADM1|ACKR3|TMEM30B,-14,0
1,-16,C0278877,M1,1,0,DisGeNET,35,Adult Meningioma,,-16,4.1,11,30293,405,871,48,5.5,0.77,220|290|652|894|928|970|1028|1030|1268|1490|1545|1844|1906|2048|2670|3371|3490|4288|4313|4969|5155|5243|5328|5742|5806|6285|6387|6422|6696|7040|7043|7052|7057|7076|7078|7431|7852|8407|8549|9368|9590|10100|10628|10763|23336|23705|57007|161291,ALDH1A3|ANPEP|BMP4|CCND2|CD9|CD70|CDKN1C|CDKN2B|CNR1|CCN2|CYP1B1|DUSP2|EDN1|EPHB2|GFAP|TNC|IGFBP7|MKI67|MMP2|OGN|PDGFB|ABCB1|PLAU|PTGS1|PTX3|S100B|CXCL12|SFRP1|SPP1|TGFB1|TGFB3|TGM2|THBS1|TIMP1|TIMP3|VIM|CXCR4|TAGLN2|LGR5|NHERF1|AKAP12|TSPAN2|TXNIP|NES|SYNM|CADM1|ACKR3|TMEM30B,-14,0
1,-16,C0011853,M1,1,0,DisGeNET,35,"Diabetes Mellitus, Experimental",,-16,3.7,11,30293,522,871,55,6.3,0.82,133|284|348|445|547|953|1191|1268|1356|1392|1490|1634|1906|1909|2030|2321|2697|2706|3371|3486|3675|4036|4052|4233|4312|4313|4741|4879|4886|5054|5080|5122|5155|5176|5243|5742|6277|6285|6387|6513|6546|6657|6696|6751|7040|7042|7057|7076|7412|7436|9516|10628|27092|50507|53637,ADM|ANGPT1|APOE|ASS1|KIF1A|ENTPD1|CLU|CNR1|CP|CRH|CCN2|DCN|EDN1|EDNRA|SLC29A1|FLT1|GJA1|GJB2|TNC|IGFBP3|ITGA3|LRP2|LTBP1|MET|MMP1|MMP2|NEFM|NPPB|NPY1R|SERPINE1|PAX6|PCSK1|PDGFB|SERPINF1|ABCB1|PTGS1|S100A6|S100B|CXCL12|SLC2A1|SLC8A1|SOX2|SPP1|SSTR1|TGFB1|TGFB2|THBS1|TIMP1|VCAM1|VLDLR|LITAF|TXNIP|CACNG4|NOX4|S1PR5,-14,0
1,-16,C0018798,M1,1,0,DisGeNET,35,Congenital Heart Defects,,-16,4.1,11,30293,406,871,48,5.5,0.77,59|70|90|182|348|875|1281|1827|1832|1906|1909|2138|2263|2296|2627|2670|2697|4036|4281|4837|4851|4879|4978|5243|6586|6899|6926|7026|7042|7046|7048|7291|7481|7547|8600|9464|10265|10370|27063|50863|51232|51816|55534|57514|64220|79633|80144|84910,ACTA2|ACTC1|ACVR1|JAG1|APOE|CBS|COL3A1|RCAN1|DSP|EDN1|EDNRA|EYA1|FGFR2|FOXC1|GATA6|GFAP|GJA1|LRP2|MID1|NNMT|NOTCH1|NPPB|OPCML|ABCB1|SLIT3|TBX1|TBX3|NR2F2|TGFB2|TGFBR1|TGFBR2|TWIST1|WNT11|ZIC3|TNFSF11|HAND2|IRX5|CITED2|ANKRD1|NTM|CRIM1|ADA2|MAML3|ARHGAP31|STRA6|FAT4|FRAS1|TMEM87B,-14,0
1,-16,C0008925,M1,1,0,DisGeNET,35,Cleft Palate,,-16,3.4,10,30293,611,871,60,6.9,0.86,652|701|861|875|1028|1717|1906|1909|2043|2048|2069|2138|2252|2263|2317|2615|2619|2697|2706|2719|3084|3736|4223|4281|4330|5077|5083|5156|5648|6493|6657|6696|6899|6913|6926|7040|7042|7043|7046|7048|7145|7291|9411|9464|10371|11259|26227|26585|29968|51816|54756|57514|64093|80000|80144|83716|84570|116039|150094|347902,BMP4|BUB1B|RUNX1|CBS|CDKN1C|DHCR7|EDN1|EDNRA|EPHA4|EPHB2|EREG|EYA1|FGF7|FGFR2|FLNB|LRRC32|GAS1|GJA1|GJB2|GPC3|NRG1|KCNA1|MEOX2|MID1|MN1|PAX3|PAX9|PDGFRA|MASP1|SIM2|SOX2|SPP1|TBX1|TBX15|TBX3|TGFB1|TGFB2|TGFB3|TGFBR1|TGFBR2|TNS1|TWIST1|ARHGAP29|HAND2|SEMA3A|FILIP1L|PHGDH|GREM1|PSAT1|ADA2|IL17RD|ARHGAP31|SMOC1|GREB1L|FRAS1|CRISPLD2|COL25A1|OSR2|SIK1|AMIGO2,-14,0
1,-16,C0006287,M1,1,0,DisGeNET,35,Bronchopulmonary Dysplasia,,-16,4,11,30293,423,871,49,5.6,0.78,21|108|284|288|348|655|794|1191|1240|1392|1490|1545|1808|1902|1906|1909|2022|2034|2066|2252|2263|2294|2627|2670|2817|3084|3371|3491|4015|4313|4325|4854|5054|5156|5961|6387|7040|7052|7057|7076|7078|7130|7852|10611|55638|57007|83716|91653|163782,ABCA3|ADCY2|ANGPT1|ANK3|APOE|BMP7|CALB2|CLU|CMKLR1|CRH|CCN2|CYP1B1|DPYSL2|LPAR1|EDN1|EDNRA|ENG|EPAS1|ERBB4|FGF7|FGFR2|FOXF1|GATA6|GFAP|GPC1|NRG1|TNC|CCN1|LOX|MMP2|MMP16|NOTCH3|SERPINE1|PDGFRA|PRPH2|CXCL12|TGFB1|TGM2|THBS1|TIMP1|TIMP3|TNFAIP6|CXCR4|PDLIM5|SYBU|ACKR3|CRISPLD2|BOC|KANK4,-14,0
1,-16,C0220650,M1,1,0,DisGeNET,35,Metastatic malignant neoplasm to brain,,-16,4.2,11,30293,392,871,47,5.4,0.77,1000|1612|1903|1958|1993|2048|2066|2173|2263|2296|2308|2321|2621|2670|2697|3084|3486|4015|4091|4121|4233|4312|4313|4851|4854|5055|5077|5099|5806|6285|6387|6696|7040|7412|7852|8407|10763|10962|23209|23677|29951|51129|57007|57214|116372|150094|100133941,CDH2|DAPK1|S1PR3|EGR1|ELAVL2|EPHB2|ERBB4|FABP7|FGFR2|FOXC1|FOXO1|FLT1|GAS6|GFAP|GJA1|NRG1|IGFBP3|LOX|SMAD6|MAN1A1|MET|MMP1|MMP2|NOTCH1|NOTCH3|SERPINB2|PAX3|PCDH7|PTX3|S100B|CXCL12|SPP1|TGFB1|VCAM1|CXCR4|TAGLN2|NES|MLLT11|MLC1|SH3BP4|PDZRN4|ANGPTL4|ACKR3|CEMIP|LYPD1|SIK1|CD24,-14,0
1,-16,C0027626,M1,1,0,DisGeNET,35,Neoplasm Invasiveness,,-16,5.9,12,30293,193,871,33,3.8,0.65,284|1000|1509|1910|2019|2495|2512|3084|3400|4233|4312|4313|4502|4627|4638|5080|5328|6387|6591|6913|7040|7076|7078|7291|7431|7852|9510|9846|9891|10371|10512|51129|100133941,ANGPT1|CDH2|CTSD|EDNRB|EN1|FTH1|FTL|NRG1|ID4|MET|MMP1|MMP2|MT2A|MYH9|MYLK|PAX6|PLAU|CXCL12|SNAI2|TBX15|TGFB1|TIMP1|TIMP3|TWIST1|VIM|CXCR4|ADAMTS1|GAB2|NUAK1|SEMA3A|SEMA3C|ANGPTL4|CD24,-14,0
1,-16,C2973725,M1,1,0,DisGeNET,35,Pulmonary arterial hypertension,,-16,4,11,30293,413,871,48,5.5,0.77,21|59|284|953|1490|1545|1906|1909|1958|2022|2034|2048|2252|2294|2308|2627|2697|2706|3371|3491|3856|3875|3977|4256|4312|4739|4851|4854|5292|5740|6696|6876|7040|7046|7048|7057|7076|7225|7291|7412|7852|8600|8877|9518|10763|11095|50507|57514,ABCA3|ACTA2|ANGPT1|ENTPD1|CCN2|CYP1B1|EDN1|EDNRA|EGR1|ENG|EPAS1|EPHB2|FGF7|FOXF1|FOXO1|GATA6|GJA1|GJB2|TNC|CCN1|KRT8|KRT18|LIFR|MGP|MMP1|NEDD9|NOTCH1|NOTCH3|PIM1|PTGIS|SPP1|TAGLN|TGFB1|TGFBR1|TGFBR2|THBS1|TIMP1|TRPC6|TWIST1|VCAM1|CXCR4|TNFSF11|SPHK1|GDF15|NES|ADAMTS8|NOX4|ARHGAP31,-13,0
1,-16,C0019284,M1,1,0,DisGeNET,35,Diaphragmatic Hernia,,-16,9.8,13,30293,78,871,22,2.5,0.53,652|1634|1906|1909|1910|2252|2627|2697|3486|3488|4036|4312|4879|5077|5156|6586|7026|7040|7291|7412|64220|158326,BMP4|DCN|EDN1|EDNRA|EDNRB|FGF7|GATA6|GJA1|IGFBP3|IGFBP5|LRP2|MMP1|NPPB|PAX3|PDGFRA|SLIT3|NR2F2|TGFB1|TWIST1|VCAM1|STRA6|FREM1,-13,0
1,-15,C0521158,M1,1,0,DisGeNET,35,Recurrent tumor,,-15,3.1,10,30293,735,871,66,7.6,0.9,182|701|1030|1191|1545|1612|1893|1909|1910|2022|2034|2149|2258|2263|2317|2670|2719|3315|3371|3486|3976|4233|4288|4312|4313|4320|4610|4851|5077|5156|6281|6285|6319|6387|6586|6591|6657|6696|6781|7040|7043|7052|7057|7076|7078|7431|7852|8877|9180|9518|10371|10630|11010|11095|22943|23089|23541|23657|23705|29968|56108|57007|57761|126393|644943|100133941,JAG1|BUB1B|CDKN2B|CLU|CYP1B1|DAPK1|ECM1|EDNRA|EDNRB|ENG|EPAS1|F2R|FGF13|FGFR2|FLNB|GFAP|GPC3|HSPB1|TNC|IGFBP3|LIF|MET|MKI67|MMP1|MMP2|MMP11|MYCL|NOTCH1|PAX3|PDGFRA|S100A10|S100B|SCD|CXCL12|SLIT3|SNAI2|SOX2|SPP1|STC1|TGFB1|TGFB3|TGM2|THBS1|TIMP1|TIMP3|VIM|CXCR4|SPHK1|OSMR|GDF15|SEMA3A|PDPN|GLIPR1|ADAMTS8|DKK1|PEG10|SEC14L2|SLC7A11|CADM1|PSAT1|PCDHGA7|ACKR3|TRIB3|HSPB6|RASSF10|CD24,-13,0
1,-15,C4551686,M1,1,0,DisGeNET,35,Malignant neoplasm of soft tissue,,-15,3.2,10,30293,699,871,64,7.3,0.88,284|794|805|894|1028|1030|1191|1311|1464|1490|1634|1674|1839|1906|1909|2034|2048|2149|2308|2321|2621|2670|3090|3315|3485|3490|4015|4233|4288|4313|4320|4821|5054|5077|5155|5156|5243|5328|6281|6285|6422|6423|6424|6657|7040|7291|7301|7431|7852|7857|7980|8549|9098|9518|10149|10763|23462|27087|55534|57007|57124|103910|131578|150094,ANGPT1|CALB2|CALM2|CCND2|CDKN1C|CDKN2B|CLU|COMP|CSPG4|CCN2|DCN|DES|HBEGF|EDN1|EDNRA|EPAS1|EPHB2|F2R|FOXO1|FLT1|GAS6|GFAP|HIC1|HSPB1|IGFBP2|IGFBP7|LOX|MET|MKI67|MMP2|MMP11|NKX2-2|SERPINE1|PAX3|PDGFB|PDGFRA|ABCB1|PLAU|S100A10|S100B|SFRP1|SFRP2|SFRP4|SOX2|TGFB1|TWIST1|TYRO3|VIM|CXCR4|SCG2|TFPI2|LGR5|USP6|GDF15|ADGRG2|NES|HEY1|B3GAT1|MAML3|ACKR3|CD248|MYL12B|LRRC15|SIK1,-13,0
1,-15,C0086692,M1,1,0,DisGeNET,35,Benign Neoplasm,,-15,4.2,11,30293,371,871,45,5.2,0.75,547|1028|1030|1612|1634|1902|1906|1909|1910|2192|2263|2670|3371|3485|3486|4053|4233|4288|4322|4854|5054|5077|5176|5243|5328|5362|6277|6422|6513|6696|7040|7076|7431|7857|7980|8038|8490|9098|9518|10370|27123|29968|79949|152330|100133941,KIF1A|CDKN1C|CDKN2B|DAPK1|DCN|LPAR1|EDN1|EDNRA|EDNRB|FBLN1|FGFR2|GFAP|TNC|IGFBP2|IGFBP3|LTBP2|MET|MKI67|MMP13|NOTCH3|SERPINE1|PAX3|SERPINF1|ABCB1|PLAU|PLXNA2|S100A6|SFRP1|SLC2A1|SPP1|TGFB1|TIMP1|VIM|SCG2|TFPI2|ADAM12|RGS5|USP6|GDF15|CITED2|DKK2|PSAT1|PLEKHS1|CNTN4|CD24,-13,0
1,-15,C0028945,M1,1,0,DisGeNET,35,oligodendroglioma,,-15,4.8,11,30293,282,871,39,4.5,0.7,133|1030|1464|1612|1674|1844|1910|2034|2048|2321|2334|2668|2670|3371|3485|4233|4288|4821|4851|5080|5156|5178|6513|6657|6783|7057|7431|7832|8038|8848|9518|10763|23462|26047|27063|55502|55966|63827|84504,ADM|CDKN2B|CSPG4|DAPK1|DES|DUSP2|EDNRB|EPAS1|EPHB2|FLT1|AFF2|GDNF|GFAP|TNC|IGFBP2|MET|MKI67|NKX2-2|NOTCH1|PAX6|PDGFRA|PEG3|SLC2A1|SOX2|SULT1E1|THBS1|VIM|BTG2|ADAM12|TSC22D1|GDF15|NES|HEY1|CNTNAP2|ANKRD1|HES6|AJAP1|BCAN|NKX6-2,-13,0
1,-15,C0338106,M1,1,0,DisGeNET,35,Adenocarcinoma of colon,,-15,4,11,30293,406,871,47,5.4,0.77,133|165|182|214|284|290|652|794|805|1909|1993|2048|2149|2192|2308|3490|3673|3912|4060|4313|4320|4851|5054|5243|5328|5783|5789|6285|6387|6513|6518|6783|7040|7046|7052|7138|7291|8076|8549|8614|8829|8877|26585|50507|57007|150094|100133941,ADM|AEBP1|JAG1|ALCAM|ANGPT1|ANPEP|BMP4|CALB2|CALM2|EDNRA|ELAVL2|EPHB2|F2R|FBLN1|FOXO1|IGFBP7|ITGA2|LAMB1|LUM|MMP2|MMP11|NOTCH1|SERPINE1|ABCB1|PLAU|PTPN13|PTPRD|S100B|CXCL12|SLC2A1|SLC2A5|SULT1E1|TGFB1|TGFBR1|TGM2|TNNT1|TWIST1|MFAP5|LGR5|STC2|NRP1|SPHK1|GREM1|NOX4|ACKR3|SIK1|CD24,-13,0
1,-15,C0017658,M1,1,0,DisGeNET,35,Glomerulonephritis,,-15,4.1,11,30293,391,871,46,5.3,0.76,19|133|348|710|861|1264|1281|1285|1287|1356|1490|1634|1674|1839|2273|2297|2621|2668|3075|3673|3675|4015|4052|4312|4313|4320|4627|5054|5155|5243|5648|6281|6696|6876|7040|7048|7052|7076|7412|7431|7852|8877|23705|25891|26585|27063,ABCA1|ADM|APOE|SERPING1|RUNX1|CNN1|COL3A1|COL4A3|COL4A5|CP|CCN2|DCN|DES|HBEGF|FHL1|FOXD1|GAS6|GDNF|CFH|ITGA2|ITGA3|LOX|LTBP1|MMP1|MMP2|MMP11|MYH9|SERPINE1|PDGFB|ABCB1|MASP1|S100A10|SPP1|TAGLN|TGFB1|TGFBR2|TGM2|TIMP1|VCAM1|VIM|CXCR4|SPHK1|CADM1|PAMR1|GREM1|ANKRD1,-13,0
1,-15,C0751396,M1,1,0,DisGeNET,35,Well Differentiated Oligodendroglioma,,-15,4.9,11,30293,270,871,38,4.4,0.69,133|1030|1464|1612|1674|1844|2034|2048|2321|2334|2668|2670|3371|3485|4233|4288|4821|4851|5080|5156|5178|6513|6657|6783|7057|7431|7832|8038|8848|9518|10763|23462|26047|27063|55502|55966|63827|84504,ADM|CDKN2B|CSPG4|DAPK1|DES|DUSP2|EPAS1|EPHB2|FLT1|AFF2|GDNF|GFAP|TNC|IGFBP2|MET|MKI67|NKX2-2|NOTCH1|PAX6|PDGFRA|PEG3|SLC2A1|SOX2|SULT1E1|THBS1|VIM|BTG2|ADAM12|TSC22D1|GDF15|NES|HEY1|CNTNAP2|ANKRD1|HES6|AJAP1|BCAN|NKX6-2,-13,0
1,-15,C0013080,M1,1,0,DisGeNET,35,Down Syndrome,,-15,3,9.9,30293,765,871,67,7.7,0.9,90|348|794|861|875|1028|1030|1191|1268|1285|1293|1294|1356|1808|1809|1827|1909|1910|1959|2022|2034|2173|2201|2321|2670|2697|2706|3075|3490|3856|4036|4502|4685|4747|4908|4948|5142|5152|5155|5243|5792|6285|6492|6493|6526|6899|7040|7052|7057|7078|7291|8038|9510|9518|10221|10752|10763|11075|23263|23336|27087|57007|63976|84570|84662|103910|200424,ACVR1|APOE|CALB2|RUNX1|CBS|CDKN1C|CDKN2B|CLU|CNR1|COL4A3|COL6A3|COL7A1|CP|DPYSL2|DPYSL3|RCAN1|EDNRA|EDNRB|EGR2|ENG|EPAS1|FABP7|FBN2|FLT1|GFAP|GJA1|GJB2|CFH|IGFBP7|KRT8|LRP2|MT2A|NCAM2|NEFL|NTF3|OCA2|PDE4B|PDE9A|PDGFB|ABCB1|PTPRF|S100B|SIM1|SIM2|SLC5A3|TBX1|TGFB1|TGM2|THBS1|TIMP3|TWIST1|ADAM12|ADAMTS1|GDF15|TRIB1|CHL1|NES|STMN2|MCF2L|SYNM|B3GAT1|ACKR3|PRDM16|COL25A1|GLIS2|MYL12B|TET3,-13,0
1,-15,C0349566,M1,1,0,DisGeNET,35,Squamous cell carcinoma of tongue,,-15,3.8,10,30293,462,871,50,5.7,0.79,182|290|649|1490|1612|1993|2034|2048|2066|2258|2296|2697|3315|3371|3675|3702|4312|4313|4851|5080|5156|5243|5328|6387|6422|6513|6581|6591|6657|6696|7040|7291|7431|7852|8076|8829|9547|10123|10265|10371|50507|51129|55366|57573|57761|79192|92737|114907|117581|130497,JAG1|ANPEP|BMP1|CCN2|DAPK1|ELAVL2|EPAS1|EPHB2|ERBB4|FGF13|FOXC1|GJA1|HSPB1|TNC|ITGA3|ITK|MMP1|MMP2|NOTCH1|PAX6|PDGFRA|ABCB1|PLAU|CXCL12|SFRP1|SLC2A1|SLC22A3|SNAI2|SOX2|SPP1|TGFB1|TWIST1|VIM|CXCR4|MFAP5|NRP1|CXCL14|ARL4C|IRX5|SEMA3A|NOX4|ANGPTL4|LGR4|ZNF471|TRIB3|IRX1|DNER|FBXO32|TWIST2|OSR1,-13,0
1,-15,C0162871,M1,1,0,DisGeNET,35,"Aortic Aneurysm, Abdominal",,-15,3.4,10,30293,585,871,57,6.5,0.84,19|59|133|165|284|348|1030|1281|1490|1634|1958|1993|2308|2321|3554|4015|4312|4313|4322|4629|4638|4851|4854|4879|5054|5055|5176|5327|5328|5806|6387|6696|6876|7040|7042|7043|7046|7048|7057|7076|7078|7130|7291|7412|7431|7547|7837|7852|8076|8425|9510|9518|11095|50507|56005|79924|169026,ABCA1|ACTA2|ADM|AEBP1|ANGPT1|APOE|CDKN2B|COL3A1|CCN2|DCN|EGR1|ELAVL2|FOXO1|FLT1|IL1R1|LOX|MMP1|MMP2|MMP13|MYH11|MYLK|NOTCH1|NOTCH3|NPPB|SERPINE1|SERPINB2|SERPINF1|PLAT|PLAU|PTX3|CXCL12|SPP1|TAGLN|TGFB1|TGFB2|TGFB3|TGFBR1|TGFBR2|THBS1|TIMP1|TIMP3|TNFAIP6|TWIST1|VCAM1|VIM|ZIC3|PXDN|CXCR4|MFAP5|LTBP4|ADAMTS1|GDF15|ADAMTS8|NOX4|MYDGF|ADM2|SLC30A8,-13,0
1,-15,C3811653,M1,1,0,DisGeNET,35,Experimental Organism Basal Cell Carcinoma,,-15,3.8,10,30293,437,871,48,5.5,0.77,348|570|794|1030|1311|1381|1490|1620|1634|1903|1906|1909|2263|2321|2697|3485|3490|3491|4313|4320|4322|4837|4851|4948|5054|5156|5742|6387|6657|6899|7040|7042|7043|7046|7048|7291|7431|7852|8140|8549|10468|10630|22822|22943|26585|57007|79623|100133941,APOE|BAAT|CALB2|CDKN2B|COMP|CRABP1|CCN2|BRINP1|DCN|S1PR3|EDN1|EDNRA|FGFR2|FLT1|GJA1|IGFBP2|IGFBP7|CCN1|MMP2|MMP11|MMP13|NNMT|NOTCH1|OCA2|SERPINE1|PDGFRA|PTGS1|CXCL12|SOX2|TBX1|TGFB1|TGFB2|TGFB3|TGFBR1|TGFBR2|TWIST1|VIM|CXCR4|SLC7A5|LGR5|FST|PDPN|PHLDA1|DKK1|GREM1|ACKR3|GALNT14|CD24,-12,0
1,-15,C0235833,M1,1,0,DisGeNET,35,Congenital diaphragmatic hernia,,-15,5.1,11,30293,239,871,35,4,0.67,59|284|1490|1674|1717|1906|1909|1910|2022|2034|2252|2294|2296|2627|2706|2719|3084|3736|4036|4288|4313|5292|6586|6696|6899|6925|7026|7042|7225|7291|7481|64220|80144|83716|158326,ACTA2|ANGPT1|CCN2|DES|DHCR7|EDN1|EDNRA|EDNRB|ENG|EPAS1|FGF7|FOXF1|FOXC1|GATA6|GJB2|GPC3|NRG1|KCNA1|LRP2|MKI67|MMP2|PIM1|SLIT3|SPP1|TBX1|TCF4|NR2F2|TGFB2|TRPC6|TWIST1|WNT11|STRA6|FRAS1|CRISPLD2|FREM1,-12,0
1,-14,C0220633,M1,1,0,DisGeNET,35,Uveal melanoma,,-14,4.1,10,30293,375,871,44,5.1,0.74,214|284|655|861|1030|1674|1808|1909|1910|2670|3090|3315|3491|4233|4313|4948|5176|5243|6387|6513|6591|6696|6751|7078|7431|7852|9518|9846|10602|10763|11031|23541|27087|51129|51816|55366|55655|55959|57007|79094|81606|92737|113146|115207,ALCAM|ANGPT1|BMP7|RUNX1|CDKN2B|DES|DPYSL2|EDNRA|EDNRB|GFAP|HIC1|HSPB1|CCN1|MET|MMP2|OCA2|SERPINF1|ABCB1|CXCL12|SLC2A1|SNAI2|SPP1|SSTR1|TIMP3|VIM|CXCR4|GDF15|GAB2|CDC42EP3|NES|RAB31|SEC14L2|B3GAT1|ANGPTL4|ADA2|LGR4|NLRP2|SULF2|ACKR3|CHAC1|LBH|DNER|AHNAK2|KCTD12,-12,0
1,-14,C2938924,M1,1,0,DisGeNET,35,Oestrogen receptor positive breast cancer,,-14,3.5,10,30293,510,871,52,6,0.8,182|654|655|805|861|1392|1509|1545|2048|2066|2069|2252|2263|2296|2617|2668|2674|2697|3487|3488|3491|4015|4060|4256|4288|4312|4826|4854|6319|6387|6422|6591|6657|6783|7040|7048|7112|7291|7832|8600|8614|8877|9368|10370|10628|11031|22822|22943|27324|28984|92737|100133941,JAG1|BMP6|BMP7|CALM2|RUNX1|CRH|CTSD|CYP1B1|EPHB2|ERBB4|EREG|FGF7|FGFR2|FOXC1|GARS1|GDNF|GFRA1|GJA1|IGFBP4|IGFBP5|CCN1|LOX|LUM|MGP|MKI67|MMP1|NNAT|NOTCH3|SCD|CXCL12|SFRP1|SNAI2|SOX2|SULT1E1|TGFB1|TGFBR2|TMPO|TWIST1|BTG2|TNFSF11|STC2|SPHK1|NHERF1|CITED2|TXNIP|RAB31|PHLDA1|DKK1|TOX3|RGCC|DNER|CD24,-12,0
1,-14,C0013537,M1,1,0,DisGeNET,35,Eclampsia,,-14,5.1,11,30293,241,871,35,4,0.67,19|133|284|348|1490|1839|1906|2022|2149|2201|2317|2321|3075|3382|3488|3491|3624|4313|4851|5054|5077|5742|6285|6387|6513|7040|8038|8553|8600|10468|10699|23541|56005|57007|100133941,ABCA1|ADM|ANGPT1|APOE|CCN2|HBEGF|EDN1|ENG|F2R|FBN2|FLNB|FLT1|CFH|ICA1|IGFBP5|CCN1|INHBA|MMP2|NOTCH1|SERPINE1|PAX3|PTGS1|S100B|CXCL12|SLC2A1|TGFB1|ADAM12|BHLHE40|TNFSF11|FST|CORIN|SEC14L2|MYDGF|ACKR3|CD24,-12,0
1,-14,C0035309,M1,1,0,DisGeNET,35,Retinal Diseases,,-14,3.1,9.6,30293,714,871,63,7.2,0.88,133|284|290|348|652|861|1030|1287|1490|1509|1545|1634|1827|1906|1909|2202|2258|2308|2670|2697|3075|3486|3488|3491|4313|4854|4908|5054|5055|5155|5176|5243|5328|5362|5806|5961|6387|6422|6513|6533|6781|6783|7040|7078|7262|7412|7431|7436|7852|10512|10628|10763|22943|27087|28984|50507|51129|55603|56005|56670|57007|92211|170692,ADM|ANGPT1|ANPEP|APOE|BMP4|RUNX1|CDKN2B|COL4A5|CCN2|CTSD|CYP1B1|DCN|RCAN1|EDN1|EDNRA|EFEMP1|FGF13|FOXO1|GFAP|GJA1|CFH|IGFBP3|IGFBP5|CCN1|MMP2|NOTCH3|NTF3|SERPINE1|SERPINB2|PDGFB|SERPINF1|ABCB1|PLAU|PLXNA2|PTX3|PRPH2|CXCL12|SFRP1|SLC2A1|SLC6A6|STC1|SULT1E1|TGFB1|TIMP3|PHLDA2|VCAM1|VIM|VLDLR|CXCR4|SEMA3C|TXNIP|NES|DKK1|B3GAT1|RGCC|NOX4|ANGPTL4|TENT5A|MYDGF|SUCNR1|ACKR3|CDHR1|ADAMTS18,-12,0
1,-14,C0334579,M1,1,0,DisGeNET,35,Anaplastic astrocytoma,,-14,5.5,11,30293,202,871,32,3.7,0.64,90|133|894|970|976|1030|1490|1509|2173|2263|2627|2890|3485|3488|4133|4233|4288|4313|4851|5054|5243|5328|6387|6657|6696|7057|7431|8038|8848|10630|23462|79971,ACVR1|ADM|CCND2|CD70|ADGRE5|CDKN2B|CCN2|CTSD|FABP7|FGFR2|GATA6|GRIA1|IGFBP2|IGFBP5|MAP2|MET|MKI67|MMP2|NOTCH1|SERPINE1|ABCB1|PLAU|CXCL12|SOX2|SPP1|THBS1|VIM|ADAM12|TSC22D1|PDPN|HEY1|WLS,-12,0
1,-14,C0033999,M1,1,0,DisGeNET,35,Pterygium,,-14,5.3,11,30293,216,871,33,3.8,0.65,1191|1281|1282|1490|1839|2048|2202|2321|3485|3486|3490|3554|4015|4312|4313|5156|5328|5362|6277|6285|6387|6925|7040|7291|7431|7852|8482|10082|10630|26227|29968|51129|51232,CLU|COL3A1|COL4A1|CCN2|HBEGF|EPHB2|EFEMP1|FLT1|IGFBP2|IGFBP3|IGFBP7|IL1R1|LOX|MMP1|MMP2|PDGFRA|PLAU|PLXNA2|S100A6|S100B|CXCL12|TCF4|TGFB1|TWIST1|VIM|CXCR4|SEMA7A|GPC6|PDPN|PHGDH|PSAT1|ANGPTL4|CRIM1,-12,0
1,-14,C2981150,M1,1,0,DisGeNET,35,Uranostaphyloschisis,,-14,5.7,11,30293,190,871,31,3.6,0.63,652|861|875|1028|1906|2043|2048|2069|2263|2615|2619|4223|4330|5077|5080|5083|6513|6696|6899|6926|7040|7043|7048|7145|7291|9464|26585|64093|83716|116039|347902,BMP4|RUNX1|CBS|CDKN1C|EDN1|EPHA4|EPHB2|EREG|FGFR2|LRRC32|GAS1|MEOX2|MN1|PAX3|PAX6|PAX9|SLC2A1|SPP1|TBX1|TBX3|TGFB1|TGFB3|TGFBR2|TNS1|TWIST1|HAND2|GREM1|SMOC1|CRISPLD2|OSR2|AMIGO2,-12,0
1,-14,C0085207,M1,1,0,DisGeNET,35,Gestational Diabetes,,-14,3.2,9.6,30293,649,871,59,6.8,0.85,19|133|150|290|1030|1191|1240|1545|1634|1958|2030|2149|2244|2258|2308|2321|2619|2670|2697|3485|3486|3487|3554|4060|4232|4233|4879|5054|5055|5243|5798|5806|6319|6424|6513|6541|6657|6876|6928|7040|7046|7076|7078|7373|7412|8840|9518|9644|10216|10370|10468|10628|25797|27087|51129|64220|80274|169026|219699,ABCA1|ADM|ADRA2A|ANPEP|CDKN2B|CLU|CMKLR1|CYP1B1|DCN|EGR1|SLC29A1|F2R|FGB|FGF13|FOXO1|FLT1|GAS1|GFAP|GJA1|IGFBP2|IGFBP3|IGFBP4|IL1R1|LUM|MEST|MET|NPPB|SERPINE1|SERPINB2|ABCB1|PTPRN|PTX3|SCD|SFRP4|SLC2A1|SLC7A1|SOX2|TAGLN|HNF1B|TGFB1|TGFBR1|TIMP1|TIMP3|COL14A1|VCAM1|CCN4|GDF15|SH3PXD2A|PRG4|CITED2|FST|TXNIP|QPCT|B3GAT1|ANGPTL4|STRA6|SCUBE1|SLC30A8|UNC5B,-12,0
1,-14,C0158266,M1,1,0,DisGeNET,35,Intervertebral Disc Degeneration,,-14,4.2,10,30293,342,871,41,4.7,0.72,348|655|1281|1404|1490|1906|2034|2048|2308|2317|2619|3486|3488|3856|3976|4256|4312|4313|4322|4325|4851|5270|6493|6696|7040|7076|7078|7130|7225|7481|8483|9510|10082|10628|23213|54541|54829|56243|57211|57616|143686,APOE|BMP7|COL3A1|HAPLN1|CCN2|EDN1|EPAS1|EPHB2|FOXO1|FLNB|GAS1|IGFBP3|IGFBP5|KRT8|LIF|MGP|MMP1|MMP2|MMP13|MMP16|NOTCH1|SERPINE2|SIM2|SPP1|TGFB1|TIMP1|TIMP3|TNFAIP6|TRPC6|WNT11|CILP|ADAMTS1|GPC6|TXNIP|SULF1|DDIT4|ASPN|KIAA1217|ADGRG6|TSHZ3|SESN3,-12,0
1,-14,C1969372,M1,1,0,DisGeNET,35,Tubulointerstitial fibrosis,,-14,4.3,10,30293,327,871,40,4.6,0.71,133|284|655|875|1490|1958|1993|2048|2149|2296|2308|2668|3315|4015|4036|4313|4851|4854|4921|5054|5327|5800|6387|6696|6899|6928|7040|7046|7057|7225|7431|7837|8029|8613|8877|9510|10468|10628|28984|116496,ADM|ANGPT1|BMP7|CBS|CCN2|EGR1|ELAVL2|EPHB2|F2R|FOXC1|FOXO1|GDNF|HSPB1|LOX|LRP2|MMP2|NOTCH1|NOTCH3|DDR2|SERPINE1|PLAT|PTPRO|CXCL12|SPP1|TBX1|HNF1B|TGFB1|TGFBR1|THBS1|TRPC6|VIM|PXDN|CUBN|PLPP3|SPHK1|ADAMTS1|FST|TXNIP|RGCC|NIBAN1,-12,0
1,-14,C0007193,M1,1,0,DisGeNET,35,"Cardiomyopathy, Dilated",,-14,3.5,9.7,30293,511,871,51,5.9,0.8,58|70|861|1000|1264|1294|1311|1490|1674|1832|1906|1909|1910|2070|2670|2697|3910|4053|4312|4638|4879|5054|5243|5318|6387|6444|6546|6696|7026|7040|7052|7076|7078|7112|7134|7852|8425|8870|9464|10611|23336|27063|27129|27295|28984|56005|63976|114907|126393|150094|221662,ACTA1|ACTC1|RUNX1|CDH2|CNN1|COL7A1|COMP|CCN2|DES|DSP|EDN1|EDNRA|EDNRB|EYA4|GFAP|GJA1|LAMA4|LTBP2|MMP1|MYLK|NPPB|SERPINE1|ABCB1|PKP2|CXCL12|SGCD|SLC8A1|SPP1|NR2F2|TGFB1|TGM2|TIMP1|TIMP3|TMPO|TNNC1|CXCR4|LTBP4|IER3|HAND2|PDLIM5|SYNM|ANKRD1|HSPB7|PDLIM3|RGCC|MYDGF|PRDM16|FBXO32|HSPB6|SIK1|RBM24,-12,0
1,-14,C0013264,M1,1,0,DisGeNET,35,"Muscular Dystrophy, Duchenne",,-14,4,10,30293,375,871,43,4.9,0.73,133|182|284|652|1028|1268|1490|1634|1993|2273|2668|2697|2817|3371|3708|4129|4312|4313|4610|4851|5054|5077|5156|5328|6285|6444|6696|7040|7048|7052|7057|7076|7078|7412|7431|8425|8600|9672|10468|23336|25891|54212|55638,ADM|JAG1|ANGPT1|BMP4|CDKN1C|CNR1|CCN2|DCN|ELAVL2|FHL1|GDNF|GJA1|GPC1|TNC|ITPR1|MAOB|MMP1|MMP2|MYCL|NOTCH1|SERPINE1|PAX3|PDGFRA|PLAU|S100B|SGCD|SPP1|TGFB1|TGFBR2|TGM2|THBS1|TIMP1|TIMP3|VCAM1|VIM|LTBP4|TNFSF11|SDC3|FST|SYNM|PAMR1|SNTG1|SYBU,-12,0
1,-14,C0007095,M1,1,0,DisGeNET,35,Carcinoid Tumor,,-14,4.7,10,30293,267,871,36,4.1,0.67,570|1030|1191|1490|1674|2048|2066|4060|4133|4288|4313|4851|5054|5156|5243|5307|5328|5454|5798|6493|6513|6520|6657|6751|6781|7040|7042|7043|7078|7431|7852|8877|79971|92211|113791|143503,BAAT|CDKN2B|CLU|CCN2|DES|EPHB2|ERBB4|LUM|MAP2|MKI67|MMP2|NOTCH1|SERPINE1|PDGFRA|ABCB1|PITX1|PLAU|POU3F2|PTPRN|SIM2|SLC2A1|SLC3A2|SOX2|SSTR1|STC1|TGFB1|TGFB2|TGFB3|TIMP3|VIM|CXCR4|SPHK1|WLS|CDHR1|PIK3IP1|OR51E1,-12,0
1,-14,C0524528,M1,1,0,DisGeNET,35,Pervasive Development Disorder,,-14,4.2,10,30293,328,871,40,4.6,0.71,220|288|348|547|683|794|1501|1717|2334|2668|2670|2861|2917|3084|3912|4233|5021|5080|5243|6285|6319|6387|6529|6899|6925|7040|7052|8128|9037|9369|9891|23705|26047|55531|55638|57194|57616|147381|152330|166336,ALDH1A3|ANK3|APOE|KIF1A|BST1|CALB2|CTNND2|DHCR7|AFF2|GDNF|GFAP|GPR37|GRM7|NRG1|LAMB1|MET|OXTR|PAX6|ABCB1|S100B|SCD|CXCL12|SLC6A1|TBX1|TCF4|TGFB1|TGM2|ST8SIA2|SEMA5A|NRXN3|NUAK1|CADM1|CNTNAP2|ELMOD1|SYBU|ATP10A|TSHZ3|CBLN2|CNTN4|PRICKLE2,-12,0
1,-14,C0035126,M1,1,0,DisGeNET,35,Reperfusion Injury,,-14,4.4,10,30293,300,871,38,4.4,0.69,133|654|1268|1464|1604|1839|1906|1910|1958|2252|2890|2901|3075|3315|3399|4133|4233|5243|5270|5327|5328|5742|6285|6387|6513|6546|6781|6783|7048|7057|7078|7225|7412|7431|7832|8614|10763|50507,ADM|BMP6|CNR1|CSPG4|CD55|HBEGF|EDN1|EDNRB|EGR1|FGF7|GRIA1|GRIK5|CFH|HSPB1|ID3|MAP2|MET|ABCB1|SERPINE2|PLAT|PLAU|PTGS1|S100B|CXCL12|SLC2A1|SLC8A1|STC1|SULT1E1|TGFBR2|THBS1|TIMP3|TRPC6|VCAM1|VIM|BTG2|STC2|NES|NOX4,-12,0
1,-14,C0595921,M1,1,0,DisGeNET,35,Intraocular pressure disorder,,-14,4.4,10,30293,303,871,38,4.4,0.69,19|284|348|652|1030|1268|1490|1545|1832|1906|1909|1910|2296|2670|3371|3382|3490|4053|4060|4223|4312|4313|5243|5251|5362|5742|6387|6422|6578|6696|6781|7042|7052|7262|10628|56896|84898|91461,ABCA1|ANGPT1|APOE|BMP4|CDKN2B|CNR1|CCN2|CYP1B1|DSP|EDN1|EDNRA|EDNRB|FOXC1|GFAP|TNC|ICA1|IGFBP7|LTBP2|LUM|MEOX2|MMP1|MMP2|ABCB1|PHEX|PLXNA2|PTGS1|CXCL12|SFRP1|SLCO2A1|SPP1|STC1|TGFB2|TGM2|PHLDA2|TXNIP|DPYSL5|PLXDC2|PKDCC,-11,0
1,-13,C1836653,M1,1,0,DisGeNET,35,Ascending aortic dissection,,-13,18,15,30293,25,871,13,1.5,0.41,59|4015|4091|4629|4638|4851|5054|5270|7042|7043|7046|7048|8076,ACTA2|LOX|SMAD6|MYH11|MYLK|NOTCH1|SERPINE1|SERPINE2|TGFB2|TGFB3|TGFBR1|TGFBR2|MFAP5,-11,0
1,-13,C4707243,M1,1,0,DisGeNET,35,Familial thoracic aortic aneurysm and aortic dissection,,-13,11,13,30293,59,871,18,2.1,0.48,59|182|875|1281|1282|1287|2022|2201|4015|4091|4629|4638|4851|7042|7043|7046|7048|8076,ACTA2|JAG1|CBS|COL3A1|COL4A1|COL4A5|ENG|FBN2|LOX|SMAD6|MYH11|MYLK|NOTCH1|TGFB2|TGFB3|TGFBR1|TGFBR2|MFAP5,-11,0
1,-13,C1302401,M1,1,0,DisGeNET,35,Adenoma of large intestine,,-13,3.6,9.6,30293,452,871,47,5.4,0.77,214|348|570|652|653|894|1000|1284|1634|1902|2048|2202|2917|3090|4015|4091|4233|4312|4322|4969|5243|5328|5742|6387|6422|6423|6513|6578|6586|6696|7040|7076|7225|7291|7431|7852|8549|9368|10371|26585|55603|64399|81567|84969|85461|91653|100133941,ALCAM|APOE|BAAT|BMP4|BMP5|CCND2|CDH2|COL4A2|DCN|LPAR1|EPHB2|EFEMP1|GRM7|HIC1|LOX|SMAD6|MET|MMP1|MMP13|OGN|ABCB1|PLAU|PTGS1|CXCL12|SFRP1|SFRP2|SLC2A1|SLCO2A1|SLIT3|SPP1|TGFB1|TIMP1|TRPC6|TWIST1|VIM|CXCR4|LGR5|NHERF1|SEMA3A|GREM1|TENT5A|HHIP|TXNDC5|TOX2|TANC1|BOC|CD24,-11,0
1,-13,C0278595,M1,1,0,DisGeNET,35,Adult Fibrosarcoma,,-13,3.9,9.8,30293,387,871,43,4.9,0.73,182|290|976|1191|1490|1958|2048|2192|2321|2662|2670|2697|3315|3371|3673|4233|4288|4312|4313|4322|5054|5055|5066|5155|5243|5327|5328|5806|6241|6657|6926|7040|7042|7057|7076|7980|9510|9547|9590|9966|10123|10611|10763,JAG1|ANPEP|ADGRE5|CLU|CCN2|EGR1|EPHB2|FBLN1|FLT1|GDF10|GFAP|GJA1|HSPB1|TNC|ITGA2|MET|MKI67|MMP1|MMP2|MMP13|SERPINE1|SERPINB2|PAM|PDGFB|ABCB1|PLAT|PLAU|PTX3|RRM2|SOX2|TBX3|TGFB1|TGFB2|THBS1|TIMP1|TFPI2|ADAMTS1|CXCL14|AKAP12|TNFSF15|ARL4C|PDLIM5|NES,-11,0
1,-13,C0206682,M1,1,0,DisGeNET,35,Follicular thyroid carcinoma,,-13,4.4,10,30293,293,871,37,4.2,0.68,290|701|894|1028|1030|1490|1734|2321|2662|2706|2719|3371|3490|4288|4312|4313|4837|4851|4854|4969|5054|5243|6241|6281|6387|6513|6781|7040|7057|7075|7431|8877|9518|10630|51129|84620|116496,ANPEP|BUB1B|CCND2|CDKN1C|CDKN2B|CCN2|DIO2|FLT1|GDF10|GJB2|GPC3|TNC|IGFBP7|MKI67|MMP1|MMP2|NNMT|NOTCH1|NOTCH3|OGN|SERPINE1|ABCB1|RRM2|S100A10|CXCL12|SLC2A1|STC1|TGFB1|THBS1|TIE1|VIM|SPHK1|GDF15|PDPN|ANGPTL4|ST6GAL2|NIBAN1,-11,0
1,-13,C0154830,M1,1,0,DisGeNET,35,Proliferative diabetic retinopathy,,-13,5.6,11,30293,180,871,29,3.3,0.61,133|348|1490|1906|2321|2668|2670|3371|3491|3589|4015|4312|4313|5054|5176|5362|5764|6285|6387|7040|7042|7078|7412|8600|8829|9966|10628|50507|51129,ADM|APOE|CCN2|EDN1|FLT1|GDNF|GFAP|TNC|CCN1|IL11|LOX|MMP1|MMP2|SERPINE1|SERPINF1|PLXNA2|PTN|S100B|CXCL12|TGFB1|TGFB2|TIMP3|VCAM1|TNFSF11|NRP1|TNFSF15|TXNIP|NOX4|ANGPTL4,-11,0
1,-13,C0032584,M1,1,0,DisGeNET,35,polyps,,-13,3.8,9.7,30293,390,871,43,4.9,0.73,182|794|1030|1490|1734|1909|2069|3090|3122|3486|3490|4233|4288|4312|4313|5054|5156|5362|5740|5742|6423|6424|6581|6657|6696|6869|7040|7046|7291|7412|7431|7852|8076|8549|10371|10630|26585|54894|54972|56005|57007|80332|136227,JAG1|CALB2|CDKN2B|CCN2|DIO2|EDNRA|EREG|HIC1|HLA-DRA|IGFBP3|IGFBP7|MET|MKI67|MMP1|MMP2|SERPINE1|PDGFRA|PLXNA2|PTGIS|PTGS1|SFRP2|SFRP4|SLC22A3|SOX2|SPP1|TACR1|TGFB1|TGFBR1|TWIST1|VCAM1|VIM|CXCR4|MFAP5|LGR5|SEMA3A|PDPN|GREM1|RNF43|TMEM132A|MYDGF|ACKR3|ADAM33|COL26A1,-11,0
1,-13,C0031090,M1,1,0,DisGeNET,35,Periodontal Diseases,,-13,4.2,9.9,30293,326,871,39,4.5,0.7,133|348|715|1191|1509|1827|1906|2149|2244|2252|2308|3075|3371|3485|3486|4312|4313|4322|4502|4851|4948|5054|5328|5806|6387|6513|6586|6696|7040|7043|7078|7412|7852|8600|10630|51129|54757|92737|219699,ADM|APOE|C1R|CLU|CTSD|RCAN1|EDN1|F2R|FGB|FGF7|FOXO1|CFH|TNC|IGFBP2|IGFBP3|MMP1|MMP2|MMP13|MT2A|NOTCH1|OCA2|SERPINE1|PLAU|PTX3|CXCL12|SLC2A1|SLIT3|SPP1|TGFB1|TGFB3|TIMP3|VCAM1|CXCR4|TNFSF11|PDPN|ANGPTL4|FAM20A|DNER|UNC5B,-11,0
1,-13,C0004763,M1,1,0,DisGeNET,35,Barrett Esophagus,,-13,3.5,9.5,30293,478,871,48,5.5,0.77,182|290|652|1509|1604|1612|1906|2022|2070|2149|2263|2294|2627|3315|3371|3486|3490|3491|4288|4312|4313|4322|4851|4854|5021|5307|5742|6422|6423|6513|6591|6657|7040|7052|7076|7412|7431|7852|7980|8549|9518|9590|10763|22943|50515|57761|90139|151449,JAG1|ANPEP|BMP4|CTSD|CD55|DAPK1|EDN1|ENG|EYA4|F2R|FGFR2|FOXF1|GATA6|HSPB1|TNC|IGFBP3|IGFBP7|CCN1|MKI67|MMP1|MMP2|MMP13|NOTCH1|NOTCH3|OXTR|PITX1|PTGS1|SFRP1|SFRP2|SLC2A1|SNAI2|SOX2|TGFB1|TGM2|TIMP1|VCAM1|VIM|CXCR4|TFPI2|LGR5|GDF15|AKAP12|NES|DKK1|CHST11|TRIB3|TSPAN18|GDF7,-11,0
1,-13,C1867441,M1,1,0,DisGeNET,35,Pterygium Of Conjunctiva And Cornea,,-13,5.8,11,30293,169,871,28,3.2,0.6,1191|1281|1282|1490|1839|2048|2202|2321|3485|3486|3554|4015|4312|4313|5156|5328|5362|6277|6285|6387|6925|7040|7291|7431|7852|8482|10630|51232,CLU|COL3A1|COL4A1|CCN2|HBEGF|EPHB2|EFEMP1|FLT1|IGFBP2|IGFBP3|IL1R1|LOX|MMP1|MMP2|PDGFRA|PLAU|PLXNA2|S100A6|S100B|CXCL12|TCF4|TGFB1|TWIST1|VIM|CXCR4|SEMA7A|PDPN|CRIM1,-11,0
1,-13,C4520843,M1,1,0,DisGeNET,35,Pterygium of eye,,-13,5.8,11,30293,169,871,28,3.2,0.6,1191|1281|1282|1490|1839|2048|2202|2321|3485|3486|3554|4015|4312|4313|5156|5328|5362|6277|6285|6387|6925|7040|7291|7431|7852|8482|10630|51232,CLU|COL3A1|COL4A1|CCN2|HBEGF|EPHB2|EFEMP1|FLT1|IGFBP2|IGFBP3|IL1R1|LOX|MMP1|MMP2|PDGFRA|PLAU|PLXNA2|S100A6|S100B|CXCL12|TCF4|TGFB1|TWIST1|VIM|CXCR4|SEMA7A|PDPN|CRIM1,-11,0
1,-13,C0741916,M1,1,0,DisGeNET,35,Cardiac defects,,-13,10,12,30293,62,871,18,2.1,0.48,182|1827|2066|2263|2627|3084|4313|4851|6899|6926|7026|7547|9464|10370|27295|64220|84910|130497,JAG1|RCAN1|ERBB4|FGFR2|GATA6|NRG1|MMP2|NOTCH1|TBX1|TBX3|NR2F2|ZIC3|HAND2|CITED2|PDLIM3|STRA6|TMEM87B|OSR1,-11,0
1,-13,C2316810,M1,1,0,DisGeNET,35,Chronic kidney disease stage 5,,-13,3,9.1,30293,666,871,58,6.7,0.84,133|182|348|445|652|655|953|1191|1282|1284|1285|1286|1287|1392|1490|1906|1909|2048|2066|2201|2244|2258|2321|3075|3486|3899|4036|4232|4233|4256|4312|4313|4627|5054|5243|5328|5354|5792|5806|6281|6387|6696|6928|7040|7042|7076|7078|7225|7980|8029|10878|27087|54443|80832|83715|84662|150094|100133941,ADM|JAG1|APOE|ASS1|BMP4|BMP7|ENTPD1|CLU|COL4A1|COL4A2|COL4A3|COL4A4|COL4A5|CRH|CCN2|EDN1|EDNRA|EPHB2|ERBB4|FBN2|FGB|FGF13|FLT1|CFH|IGFBP3|AFF3|LRP2|MEST|MET|MGP|MMP1|MMP2|MYH9|SERPINE1|ABCB1|PLAU|PLP1|PTPRF|PTX3|S100A10|CXCL12|SPP1|HNF1B|TGFB1|TGFB2|TIMP1|TIMP3|TRPC6|TFPI2|CUBN|CFHR3|B3GAT1|ANLN|APOL4|ESPN|GLIS2|SIK1|CD24,-11,0
1,-13,C0016057,M1,1,0,DisGeNET,35,Fibrosarcoma,,-13,3.7,9.5,30293,413,871,44,5.1,0.74,182|290|976|1030|1191|1490|1958|2048|2192|2321|2662|2670|2697|3315|3371|3673|4233|4288|4312|4313|4322|5054|5055|5066|5155|5243|5327|5328|5806|6241|6657|6926|7040|7042|7057|7076|7980|9510|9547|9590|9966|10123|10611|10763,JAG1|ANPEP|ADGRE5|CDKN2B|CLU|CCN2|EGR1|EPHB2|FBLN1|FLT1|GDF10|GFAP|GJA1|HSPB1|TNC|ITGA2|MET|MKI67|MMP1|MMP2|MMP13|SERPINE1|SERPINB2|PAM|PDGFB|ABCB1|PLAT|PLAU|PTX3|RRM2|SOX2|TBX3|TGFB1|TGFB2|THBS1|TIMP1|TFPI2|ADAMTS1|CXCL14|AKAP12|TNFSF15|ARL4C|PDLIM5|NES,-11,0
1,-13,C0025362,M1,1,0,DisGeNET,35,Mental Retardation,,-13,3.4,9.3,30293,504,871,49,5.6,0.78,348|547|861|875|1501|1674|1717|1734|1827|2070|2258|2296|2321|2334|2617|2662|2719|2917|3899|4129|4747|5077|5080|6299|6493|6507|6513|6783|6899|6925|6926|7046|7048|7291|7436|8492|9037|10752|22829|23705|26047|27063|27286|55366|55531|64093|64220|152330|347902,APOE|KIF1A|RUNX1|CBS|CTNND2|DES|DHCR7|DIO2|RCAN1|EYA4|FGF13|FOXC1|FLT1|AFF2|GARS1|GDF10|GPC3|GRM7|AFF3|MAOB|NEFL|PAX3|PAX6|SALL1|SIM2|SLC1A3|SLC2A1|SULT1E1|TBX1|TCF4|TBX3|TGFBR1|TGFBR2|TWIST1|VLDLR|PRSS12|SEMA5A|CHL1|NLGN4Y|CADM1|CNTNAP2|ANKRD1|SRPX2|LGR4|ELMOD1|SMOC1|STRA6|CNTN4|AMIGO2,-11,0
1,-13,C0342649,M1,1,0,DisGeNET,35,Vascular calcification,,-13,4.6,10,30293,257,871,34,3.9,0.66,290|348|652|655|953|1240|1311|1612|1906|1909|1910|2202|2621|3673|4015|4256|4313|4851|5054|5742|5806|6285|6423|6513|6591|6657|6696|6876|7980|8600|9514|9518|27295|79924,ANPEP|APOE|BMP4|BMP7|ENTPD1|CMKLR1|COMP|DAPK1|EDN1|EDNRA|EDNRB|EFEMP1|GAS6|ITGA2|LOX|MGP|MMP2|NOTCH1|SERPINE1|PTGS1|PTX3|S100B|SFRP2|SLC2A1|SNAI2|SOX2|SPP1|TAGLN|TFPI2|TNFSF11|GAL3ST1|GDF15|PDLIM3|ADM2,-11,0
1,-13,C0014474,M1,1,0,DisGeNET,35,Ependymoma,,-13,4.7,10,30293,244,871,33,3.8,0.65,182|861|1030|1612|1903|2048|2321|2668|2670|3090|3371|3485|3486|3488|3554|4133|4233|4288|4753|4851|5080|5156|5243|6277|6285|6781|7057|7078|7291|9368|10763|55859|150094,JAG1|RUNX1|CDKN2B|DAPK1|S1PR3|EPHB2|FLT1|GDNF|GFAP|HIC1|TNC|IGFBP2|IGFBP3|IGFBP5|IL1R1|MAP2|MET|MKI67|NELL2|NOTCH1|PAX6|PDGFRA|ABCB1|S100A6|S100B|STC1|THBS1|TIMP3|TWIST1|NHERF1|NES|BEX1|SIK1,-11,0
1,-13,C0011265,M1,1,0,DisGeNET,35,Presenile dementia,,-13,2.9,8.9,30293,718,871,60,6.9,0.86,19|182|284|348|710|875|1191|1268|1282|1284|1356|1392|1464|1509|1808|1906|2317|2321|2668|2670|3485|3486|4036|4129|4133|4313|4638|4747|4854|5054|5152|5243|5328|5354|6285|6319|6387|6696|6781|7040|7042|7057|7076|7412|7436|7852|8553|8722|9510|9518|9627|10628|23263|23541|25797|50507|57007|64084|64399|84570,ABCA1|JAG1|ANGPT1|APOE|SERPING1|CBS|CLU|CNR1|COL4A1|COL4A2|CP|CRH|CSPG4|CTSD|DPYSL2|EDN1|FLNB|FLT1|GDNF|GFAP|IGFBP2|IGFBP3|LRP2|MAOB|MAP2|MMP2|MYLK|NEFL|NOTCH3|SERPINE1|PDE9A|ABCB1|PLAU|PLP1|S100B|SCD|CXCL12|SPP1|STC1|TGFB1|TGFB2|THBS1|TIMP1|VCAM1|VLDLR|CXCR4|BHLHE40|CTSF|ADAMTS1|GDF15|SNCAIP|TXNIP|MCF2L|SEC14L2|QPCT|NOX4|ACKR3|CLSTN2|HHIP|COL25A1,-11,0
1,-13,C0003857,M1,1,0,DisGeNET,35,Congenital arteriovenous malformation,,-13,5.8,10,30293,163,871,27,3.1,0.59,214|290|348|875|1906|1909|2022|2048|2321|4256|4313|4851|4854|6285|6513|6657|6696|7040|7042|7043|7046|7057|7412|10763|51129|57514|79633,ALCAM|ANPEP|APOE|CBS|EDN1|EDNRA|ENG|EPHB2|FLT1|MGP|MMP2|NOTCH1|NOTCH3|S100B|SLC2A1|SOX2|SPP1|TGFB1|TGFB2|TGFB3|TGFBR1|THBS1|VCAM1|NES|ANGPTL4|ARHGAP31|FAT4,-11,0
1,-13,C0205682,M1,1,0,DisGeNET,35,Waist-Hip Ratio,,-13,3.2,9.1,30293,565,871,52,6,0.8,19|288|348|861|1282|1284|1306|2070|2138|2296|3486|3899|3910|3912|4053|4091|4325|4330|4629|4883|4978|5066|5125|5992|6444|6581|6913|7021|7373|8614|8618|8630|8829|9369|9516|10082|10602|10867|22795|22808|29951|54756|55366|55534|63976|64399|79192|79901|84870|117581|131034|389136,ABCA1|ANK3|APOE|RUNX1|COL4A1|COL4A2|COL15A1|EYA4|EYA1|FOXC1|IGFBP3|AFF3|LAMA4|LAMB1|LTBP2|SMAD6|MMP16|MN1|MYH11|NPR3|OPCML|PAM|PCSK5|RFX4|SGCD|SLC22A3|TBX15|TFAP2B|COL14A1|STC2|CADPS|HSD17B6|NRP1|NRXN3|LITAF|GPC6|CDC42EP3|TSPAN9|NID2|MRAS|PDZRN4|IL17RD|LGR4|MAML3|PRDM16|HHIP|IRX1|CYBRD1|RSPO3|TWIST2|CPNE4|VGLL3,-11,0
1,-13,C1333015,M1,1,0,DisGeNET,35,Childhood Kidney Wilms Tumor,,-13,4,9.6,30293,338,871,39,4.5,0.7,182|655|701|861|1028|1490|1620|1674|1958|1959|2048|2138|2668|2719|4233|4288|4747|4826|4851|5054|5077|5080|5176|5243|5764|6299|6422|6546|6591|6928|7040|7057|7076|7262|7431|10763|22822|22943|130497,JAG1|BMP7|BUB1B|RUNX1|CDKN1C|CCN2|BRINP1|DES|EGR1|EGR2|EPHB2|EYA1|GDNF|GPC3|MET|MKI67|NEFL|NNAT|NOTCH1|SERPINE1|PAX3|PAX6|SERPINF1|ABCB1|PTN|SALL1|SFRP1|SLC8A1|SNAI2|HNF1B|TGFB1|THBS1|TIMP1|PHLDA2|VIM|NES|PHLDA1|DKK1|OSR1,-11,0
1,-13,C0948089,M1,1,0,DisGeNET,35,Acute Coronary Syndrome,,-13,3.6,9.3,30293,439,871,45,5.2,0.75,214|348|970|1004|1191|1356|1509|1906|1958|2149|2192|2244|2321|2621|3487|3491|4036|4312|4313|4879|4883|5054|5055|5176|5243|5327|5362|5742|5806|6387|6696|7040|7052|7076|7364|7412|7431|8029|9518|22808|22943|26585|56005|92737|375033,ALCAM|APOE|CD70|CDH6|CLU|CP|CTSD|EDN1|EGR1|F2R|FBLN1|FGB|FLT1|GAS6|IGFBP4|CCN1|LRP2|MMP1|MMP2|NPPB|NPR3|SERPINE1|SERPINB2|SERPINF1|ABCB1|PLAT|PLXNA2|PTGS1|PTX3|CXCL12|SPP1|TGFB1|TGM2|TIMP1|UGT2B7|VCAM1|VIM|CUBN|GDF15|MRAS|DKK1|GREM1|MYDGF|DNER|PEAR1,-11,0
1,-13,C0031099,M1,1,0,DisGeNET,35,Periodontitis,,-13,3,8.9,30293,680,871,58,6.7,0.84,133|182|290|348|649|652|715|875|1030|1191|1240|1281|1545|1827|2048|2149|2244|2252|2308|3315|3371|3488|3554|3589|4091|4233|4312|4313|4322|5054|5055|5328|5806|6285|6387|6513|6586|7040|7057|7076|7078|7291|7301|7412|7852|8553|8600|8829|9672|10763|22943|23462|25797|54757|54829|55258|84570|92737,ADM|JAG1|ANPEP|APOE|BMP1|BMP4|C1R|CBS|CDKN2B|CLU|CMKLR1|COL3A1|CYP1B1|RCAN1|EPHB2|F2R|FGB|FGF7|FOXO1|HSPB1|TNC|IGFBP5|IL1R1|IL11|SMAD6|MET|MMP1|MMP2|MMP13|SERPINE1|SERPINB2|PLAU|PTX3|S100B|CXCL12|SLC2A1|SLIT3|TGFB1|THBS1|TIMP1|TIMP3|TWIST1|TYRO3|VCAM1|CXCR4|BHLHE40|TNFSF11|NRP1|SDC3|NES|DKK1|HEY1|QPCT|FAM20A|ASPN|THNSL2|COL25A1|DNER,-11,0
1,-13,C0595936,M1,1,0,DisGeNET,35,Aqueous Humor Disorders,,-13,8.3,11,30293,84,871,20,2.3,0.51,1191|1356|1490|1906|2258|2697|4015|4313|5806|6387|6422|6696|7040|7042|7043|7052|7852|9518|27087|91461,CLU|CP|CCN2|EDN1|FGF13|GJA1|LOX|MMP2|PTX3|CXCL12|SFRP1|SPP1|TGFB1|TGFB2|TGFB3|TGM2|CXCR4|GDF15|B3GAT1|PKDCC,-11,0
1,-13,C0029410,M1,1,0,DisGeNET,35,Osteoarthritis of hip,,-13,5.7,10,30293,164,871,27,3.1,0.59,652|653|805|1300|1311|1734|3371|3486|3490|3589|4052|4312|4322|5307|6422|6424|6696|7040|7130|7291|7412|8600|22943|50515|54829|55603|81029,BMP4|BMP5|CALM2|COL10A1|COMP|DIO2|TNC|IGFBP3|IGFBP7|IL11|LTBP1|MMP1|MMP13|PITX1|SFRP1|SFRP4|SPP1|TGFB1|TNFAIP6|TWIST1|VCAM1|TNFSF11|DKK1|CHST11|ASPN|TENT5A|WNT5B,-11,0
1,-13,C4733092,M1,1,0,DisGeNET,35,estrogen receptor-negative breast cancer,,-13,3.9,9.5,30293,356,871,40,4.6,0.71,182|214|654|655|805|861|1392|1509|1545|1993|2034|2048|2263|2296|2321|2706|3491|4015|4256|4826|4948|5327|6241|6285|6657|6696|6925|7048|7291|7431|7852|8600|8877|11031|22822|26585|27324|28984|29968|100133941,JAG1|ALCAM|BMP6|BMP7|CALM2|RUNX1|CRH|CTSD|CYP1B1|ELAVL2|EPAS1|EPHB2|FGFR2|FOXC1|FLT1|GJB2|CCN1|LOX|MGP|NNAT|OCA2|PLAT|RRM2|S100B|SOX2|SPP1|TCF4|TGFBR2|TWIST1|VIM|CXCR4|TNFSF11|SPHK1|RAB31|PHLDA1|GREM1|TOX3|RGCC|PSAT1|CD24,-11,0
1,-13,C0002893,M1,1,0,DisGeNET,35,Refractory anemias,,-13,4,9.5,30293,340,871,39,4.5,0.7,59|220|348|652|861|1030|1294|1356|1381|1604|1902|2034|2048|2149|2273|2624|2668|2697|2890|3233|3488|4015|4312|5054|5243|6319|6876|6899|7040|7052|7852|8600|8614|8630|9518|10265|26585|27295|64220,ACTA2|ALDH1A3|APOE|BMP4|RUNX1|CDKN2B|COL7A1|CP|CRABP1|CD55|LPAR1|EPAS1|EPHB2|F2R|FHL1|GATA2|GDNF|GJA1|GRIA1|HOXD4|IGFBP5|LOX|MMP1|SERPINE1|ABCB1|SCD|TAGLN|TBX1|TGFB1|TGM2|CXCR4|TNFSF11|STC2|HSD17B6|GDF15|IRX5|GREM1|PDLIM3|STRA6,-11,0
1,-13,C0010606,M1,1,0,DisGeNET,35,Adenoid Cystic Carcinoma,,-13,4.1,9.6,30293,325,871,38,4.4,0.69,182|214|805|1509|1612|2019|2173|2621|2697|2719|3315|3485|3491|4313|4603|4837|4851|4908|5077|5176|5292|6285|6513|6657|6899|7040|7431|7852|10962|23209|27123|29128|54756|55534|57007|81029|81831|374897,JAG1|ALCAM|CALM2|CTSD|DAPK1|EN1|FABP7|GAS6|GJA1|GPC3|HSPB1|IGFBP2|CCN1|MMP2|MYBL1|NNMT|NOTCH1|NTF3|PAX3|SERPINF1|PIM1|S100B|SLC2A1|SOX2|TBX1|TGFB1|VIM|CXCR4|MLLT11|MLC1|DKK2|UHRF1|IL17RD|MAML3|ACKR3|WNT5B|NETO2|SBSN,-10,0
1,-13,C3887461,M1,1,0,DisGeNET,35,Head and Neck Carcinoma,,-13,2.8,8.7,30293,786,871,63,7.2,0.88,182|214|953|1490|1545|1612|1910|1958|1978|1993|2048|2263|2668|3315|3371|3488|3490|3675|4015|4233|4312|4313|4627|4747|4851|5054|5055|5155|5243|5251|5292|5328|5740|5783|5806|6319|6387|6513|6657|6696|7040|7046|7048|7078|7291|7852|8038|8140|8877|9518|9547|9891|10630|23209|23541|23677|29968|51129|55655|57007|80139|200424|100133941,JAG1|ALCAM|ENTPD1|CCN2|CYP1B1|DAPK1|EDNRB|EGR1|EIF4EBP1|ELAVL2|EPHB2|FGFR2|GDNF|HSPB1|TNC|IGFBP5|IGFBP7|ITGA3|LOX|MET|MMP1|MMP2|MYH9|NEFL|NOTCH1|SERPINE1|SERPINB2|PDGFB|ABCB1|PHEX|PIM1|PLAU|PTGIS|PTPN13|PTX3|SCD|CXCL12|SLC2A1|SOX2|SPP1|TGFB1|TGFBR1|TGFBR2|TIMP3|TWIST1|CXCR4|ADAM12|SLC7A5|SPHK1|GDF15|CXCL14|NUAK1|PDPN|MLC1|SEC14L2|SH3BP4|PSAT1|ANGPTL4|NLRP2|ACKR3|ZNF703|TET3|CD24,-10,0
1,-13,C0020534,M1,1,0,DisGeNET,35,Orbital separation excessive,,-13,3.1,9,30293,590,871,53,6.1,0.81,58|59|182|701|894|1281|1501|1717|2263|2296|2317|2627|2697|2719|3675|4015|4036|4094|4281|4313|4629|4638|4854|4921|5077|5080|5648|6492|6899|6913|7021|7042|7043|7046|7048|7291|7545|7547|8076|8425|9037|10265|22808|26227|29968|57211|79633|80000|80144|84910|117581|158326|253738,ACTA1|ACTA2|JAG1|BUB1B|CCND2|COL3A1|CTNND2|DHCR7|FGFR2|FOXC1|FLNB|GATA6|GJA1|GPC3|ITGA3|LOX|LRP2|MAF|MID1|MMP2|MYH11|MYLK|NOTCH3|DDR2|PAX3|PAX6|MASP1|SIM1|TBX1|TBX15|TFAP2B|TGFB2|TGFB3|TGFBR1|TGFBR2|TWIST1|ZIC1|ZIC3|MFAP5|LTBP4|SEMA5A|IRX5|MRAS|PHGDH|PSAT1|ADGRG6|FAT4|GREB1L|FRAS1|TMEM87B|TWIST2|FREM1|EBF3,-10,0
1,-12,C0085413,M1,1,0,DisGeNET,35,"Polycystic Kidney, Autosomal Dominant",,-12,4.3,9.7,30293,280,871,35,4,0.67,348|445|861|1006|1028|1490|1634|1906|1909|1910|2048|2066|2252|2263|3075|3371|4015|4036|4233|4312|5054|5792|6000|6387|6424|6928|7040|7042|7076|7225|7373|8482|9368|84662|92737,APOE|ASS1|RUNX1|CDH8|CDKN1C|CCN2|DCN|EDN1|EDNRA|EDNRB|EPHB2|ERBB4|FGF7|FGFR2|CFH|TNC|LOX|LRP2|MET|MMP1|SERPINE1|PTPRF|RGS7|CXCL12|SFRP4|HNF1B|TGFB1|TGFB2|TIMP1|TRPC6|COL14A1|SEMA7A|NHERF1|GLIS2|DNER,-10,0
1,-12,C0017525,M1,1,0,DisGeNET,35,Giant Cell Tumors,,-12,8.7,12,30293,76,871,19,2.2,0.49,1293|1906|2149|2263|2697|3371|3487|4233|4288|4313|6281|7040|7431|8038|8600|9098|10630|25797|51129,COL6A3|EDN1|F2R|FGFR2|GJA1|TNC|IGFBP4|MET|MKI67|MMP2|S100A10|TGFB1|VIM|ADAM12|TNFSF11|USP6|PDPN|QPCT|ANGPTL4,-10,0
1,-12,C0238198,M1,1,0,DisGeNET,35,Gastrointestinal Stromal Tumors,,-12,3.2,9,30293,538,871,50,5.7,0.79,284|320|649|805|1000|1030|1545|1604|1674|1839|2022|2034|2048|2069|2294|2308|2697|3371|3486|3488|4233|4288|4312|4313|4739|4747|5156|5179|5243|6285|6387|6591|6696|6751|7048|7075|7162|7291|7431|7852|9547|10611|10630|10763|22865|64399|84662|91653|115207|169044,ANGPT1|APBA1|BMP1|CALM2|CDH2|CDKN2B|CYP1B1|CD55|DES|HBEGF|ENG|EPAS1|EPHB2|EREG|FOXF1|FOXO1|GJA1|TNC|IGFBP3|IGFBP5|MET|MKI67|MMP1|MMP2|NEDD9|NEFL|PDGFRA|PENK|ABCB1|S100B|CXCL12|SNAI2|SPP1|SSTR1|TGFBR2|TIE1|TPBG|TWIST1|VIM|CXCR4|CXCL14|PDLIM5|PDPN|NES|SLITRK3|HHIP|GLIS2|BOC|KCTD12|COL22A1,-10,0
1,-12,C0018800,M1,1,0,DisGeNET,35,Cardiomegaly,,-12,4.4,9.7,30293,267,871,34,3.9,0.66,59|133|150|894|1028|1545|1827|1906|2621|3675|3976|4015|4233|4313|4502|4629|4638|4879|5328|6546|7040|7042|7043|7046|7048|7412|7436|7547|8076|8613|9464|9495|10699|27063,ACTA2|ADM|ADRA2A|CCND2|CDKN1C|CYP1B1|RCAN1|EDN1|GAS6|ITGA3|LIF|LOX|MET|MMP2|MT2A|MYH11|MYLK|NPPB|PLAU|SLC8A1|TGFB1|TGFB2|TGFB3|TGFBR1|TGFBR2|VCAM1|VLDLR|ZIC3|MFAP5|PLPP3|HAND2|AKAP5|CORIN|ANKRD1,-10,0
1,-12,C0037286,M1,1,0,DisGeNET,35,Skin Neoplasms,,-12,3.8,9.3,30293,363,871,40,4.6,0.71,133|861|1030|1191|1240|1268|2066|2069|2151|2263|2321|2627|2697|2706|3371|3491|3856|3976|4015|4313|4320|4851|4854|5155|5327|6578|6591|6899|7040|7046|7057|7076|7412|8038|8549|10630|10763|26585|57007|57124,ADM|RUNX1|CDKN2B|CLU|CMKLR1|CNR1|ERBB4|EREG|F2RL2|FGFR2|FLT1|GATA6|GJA1|GJB2|TNC|CCN1|KRT8|LIF|LOX|MMP2|MMP11|NOTCH1|NOTCH3|PDGFB|PLAT|SLCO2A1|SNAI2|TBX1|TGFB1|TGFBR1|THBS1|TIMP1|VCAM1|ADAM12|LGR5|PDPN|NES|GREM1|ACKR3|CD248,-10,0
1,-12,C0271650,M1,1,0,DisGeNET,35,Impaired glucose tolerance,,-12,3.1,8.9,30293,596,871,53,6.1,0.81,19|133|290|348|1191|1268|1509|1545|1634|1906|1909|2034|2296|2308|2621|2627|2670|3485|3486|3488|3554|3975|3976|4060|4638|4969|5054|5080|5122|5176|5798|6319|6492|6513|6928|7040|7052|7057|7412|7436|7852|8840|9514|9518|10216|10628|26227|50507|51129|57761|79949|169026|284207,ABCA1|ADM|ANPEP|APOE|CLU|CNR1|CTSD|CYP1B1|DCN|EDN1|EDNRA|EPAS1|FOXC1|FOXO1|GAS6|GATA6|GFAP|IGFBP2|IGFBP3|IGFBP5|IL1R1|LHX1|LIF|LUM|MYLK|OGN|SERPINE1|PAX6|PCSK1|SERPINF1|PTPRN|SCD|SIM1|SLC2A1|HNF1B|TGFB1|TGM2|THBS1|VCAM1|VLDLR|CXCR4|CCN4|GAL3ST1|GDF15|PRG4|TXNIP|PHGDH|NOX4|ANGPTL4|TRIB3|PLEKHS1|SLC30A8|METRNL,-10,0
1,-12,C0003493,M1,1,0,DisGeNET,35,Aortic Diseases,,-12,12,13,30293,43,871,15,1.7,0.44,59|1030|1281|1287|3371|4015|4313|4629|4638|6783|7042|7046|7048|7412|9510,ACTA2|CDKN2B|COL3A1|COL4A5|TNC|LOX|MMP2|MYH11|MYLK|SULT1E1|TGFB2|TGFBR1|TGFBR2|VCAM1|ADAMTS1,-10,0
1,-12,C0279628,M1,1,0,DisGeNET,35,Adenocarcinoma Of Esophagus,,-12,3.4,9.1,30293,468,871,46,5.3,0.76,445|652|1509|1604|2022|2048|2149|2258|2294|2321|2495|2627|3315|3371|3485|3486|3490|3491|3675|4233|4312|4313|4320|5021|5156|5176|5307|5742|6422|6513|6591|6657|6696|7040|7076|7078|7431|7852|9518|9590|10628|22943|29128|90139|151449|100133941,ASS1|BMP4|CTSD|CD55|ENG|EPHB2|F2R|FGF13|FOXF1|FLT1|FTH1|GATA6|HSPB1|TNC|IGFBP2|IGFBP3|IGFBP7|CCN1|ITGA3|MET|MMP1|MMP2|MMP11|OXTR|PDGFRA|SERPINF1|PITX1|PTGS1|SFRP1|SLC2A1|SNAI2|SOX2|SPP1|TGFB1|TIMP1|TIMP3|VIM|CXCR4|GDF15|AKAP12|TXNIP|DKK1|UHRF1|TSPAN18|GDF7|CD24,-10,0
1,-12,C0020429,M1,1,0,DisGeNET,35,Hyperalgesia,,-12,3.5,9.1,30293,451,871,45,5.2,0.75,133|146|150|1268|1392|1808|1906|1909|1910|1978|2043|2048|2149|2668|2670|2674|2697|2890|3084|3231|3382|3554|3672|3673|3675|3708|4908|5179|5243|5742|5999|6001|6387|6423|6536|6869|7040|7046|7225|7291|7852|9495|27087|51305|81029,ADM|ADRA1D|ADRA2A|CNR1|CRH|DPYSL2|EDN1|EDNRA|EDNRB|EIF4EBP1|EPHA4|EPHB2|F2R|GDNF|GFAP|GFRA1|GJA1|GRIA1|NRG1|HOXD1|ICA1|IL1R1|ITGA1|ITGA2|ITGA3|ITPR1|NTF3|PENK|ABCB1|PTGS1|RGS4|RGS10|CXCL12|SFRP2|SLC6A9|TACR1|TGFB1|TGFBR1|TRPC6|TWIST1|CXCR4|AKAP5|B3GAT1|KCNK9|WNT5B,-10,0
1,-12,C4551683,M1,1,0,DisGeNET,35,Adrenal Gland Pheochromocytoma,,-12,3.6,9.2,30293,416,871,43,4.9,0.73,59|90|133|655|875|1268|1392|1906|1909|1910|2034|2321|2668|3090|3485|3491|4233|4288|4610|4851|5179|5243|5327|5792|6387|6493|6591|6696|6751|6928|7040|7046|7052|7078|7225|7291|7852|7857|25797|51129|55534|57007|152330,ACTA2|ACVR1|ADM|BMP7|CBS|CNR1|CRH|EDN1|EDNRA|EDNRB|EPAS1|FLT1|GDNF|HIC1|IGFBP2|CCN1|MET|MKI67|MYCL|NOTCH1|PENK|ABCB1|PLAT|PTPRF|CXCL12|SIM2|SNAI2|SPP1|SSTR1|HNF1B|TGFB1|TGFBR1|TGM2|TIMP3|TRPC6|TWIST1|CXCR4|SCG2|QPCT|ANGPTL4|MAML3|ACKR3|CNTN4,-10,0
1,-12,C0730328,M1,1,0,DisGeNET,35,Central Serous Chorioretinopathy,,-12,4.9,9.9,30293,211,871,30,3.4,0.62,133|182|214|655|3075|3702|4015|4320|4851|5054|5327|5362|6387|6520|6581|6657|7040|7052|7291|7431|7852|8038|8140|8549|8829|9180|10763|55638|57007|100133941,ADM|JAG1|ALCAM|BMP7|CFH|ITK|LOX|MMP11|NOTCH1|SERPINE1|PLAT|PLXNA2|CXCL12|SLC3A2|SLC22A3|SOX2|TGFB1|TGM2|TWIST1|VIM|CXCR4|ADAM12|SLC7A5|LGR5|NRP1|OSMR|NES|SYBU|ACKR3|CD24,-10,0
1,-12,C0018817,M1,1,0,DisGeNET,35,Atrial Septal Defects,,-12,3.7,9.2,30293,384,871,41,4.7,0.72,58|59|70|182|652|701|1282|1545|1717|1809|2201|2263|2294|2296|2317|2627|2697|2719|2917|3491|4313|4854|4908|5077|5080|5648|6299|6899|7040|7048|7547|8829|10082|10370|22808|26047|26227|57514|64220|84910|130497,ACTA1|ACTA2|ACTC1|JAG1|BMP4|BUB1B|COL4A1|CYP1B1|DHCR7|DPYSL3|FBN2|FGFR2|FOXF1|FOXC1|FLNB|GATA6|GJA1|GPC3|GRM7|CCN1|MMP2|NOTCH3|NTF3|PAX3|PAX6|MASP1|SALL1|TBX1|TGFB1|TGFBR2|ZIC3|NRP1|GPC6|CITED2|MRAS|CNTNAP2|PHGDH|ARHGAP31|STRA6|TMEM87B|OSR1,-10,0
1,-12,C4049796,M1,1,0,DisGeNET,35,Abnormality of cardiovascular system morphology,,-12,5.1,9.9,30293,198,871,29,3.3,0.61,90|1501|2138|2263|2296|2627|2697|3708|4015|4281|5077|6492|6657|7026|7042|7291|7547|9037|9464|10082|10371|10611|26227|29968|54756|64220|80000|80144|84570,ACVR1|CTNND2|EYA1|FGFR2|FOXC1|GATA6|GJA1|ITPR1|LOX|MID1|PAX3|SIM1|SOX2|NR2F2|TGFB2|TWIST1|ZIC3|SEMA5A|HAND2|GPC6|SEMA3A|PDLIM5|PHGDH|PSAT1|IL17RD|STRA6|GREB1L|FRAS1|COL25A1,-10,0
1,-12,C0034067,M1,1,0,DisGeNET,35,Pulmonary Emphysema,,-12,3.9,9.3,30293,352,871,39,4.5,0.7,19|21|284|649|710|953|1268|1832|1839|1958|2034|2149|2252|3486|3488|3490|3491|4015|4053|4312|4313|5054|5243|5270|5800|6422|7040|7042|7043|7046|7048|7076|7078|8425|23705|54541|55638|64399|92737,ABCA1|ABCA3|ANGPT1|BMP1|SERPING1|ENTPD1|CNR1|DSP|HBEGF|EGR1|EPAS1|F2R|FGF7|IGFBP3|IGFBP5|IGFBP7|CCN1|LOX|LTBP2|MMP1|MMP2|SERPINE1|ABCB1|SERPINE2|PTPRO|SFRP1|TGFB1|TGFB2|TGFB3|TGFBR1|TGFBR2|TIMP1|TIMP3|LTBP4|CADM1|DDIT4|SYBU|HHIP|DNER,-10,0
1,-12,C0009241,M1,1,0,DisGeNET,35,Cognition Disorders,,-12,3,8.7,30293,606,871,53,6.1,0.81,19|150|284|288|290|348|649|701|794|875|1191|1268|1392|1844|1906|1909|1958|2043|2048|2066|2308|2334|2670|2706|2890|3084|3708|4129|4233|4313|4851|4854|4858|5021|5054|5152|5327|5742|6285|6422|6696|6925|7040|7412|7436|9037|10718|10752|23336|27286|55512|57007|126393,ABCA1|ADRA2A|ANGPT1|ANK3|ANPEP|APOE|BMP1|BUB1B|CALB2|CBS|CLU|CNR1|CRH|DUSP2|EDN1|EDNRA|EGR1|EPHA4|EPHB2|ERBB4|FOXO1|AFF2|GFAP|GJB2|GRIA1|NRG1|ITPR1|MAOB|MET|MMP2|NOTCH1|NOTCH3|NOVA2|OXTR|SERPINE1|PDE9A|PLAT|PTGS1|S100B|SFRP1|SPP1|TCF4|TGFB1|VCAM1|VLDLR|SEMA5A|NRG3|CHL1|SYNM|SRPX2|SMPD3|ACKR3|HSPB6,-10,0
1,-12,C0002448,M1,1,0,DisGeNET,35,Ameloblastoma,,-12,5.4,10,30293,174,871,27,3.1,0.59,182|652|794|1490|2066|2252|2263|2719|2817|3371|3673|3675|4288|4312|4313|4851|4854|4921|5156|6657|7042|7286|7431|8600|10630|23705|25797,JAG1|BMP4|CALB2|CCN2|ERBB4|FGF7|FGFR2|GPC3|GPC1|TNC|ITGA2|ITGA3|MKI67|MMP1|MMP2|NOTCH1|NOTCH3|DDR2|PDGFRA|SOX2|TGFB2|TUFT1|VIM|TNFSF11|PDPN|CADM1|QPCT,-10,0
1,-12,C0282612,M1,1,0,DisGeNET,35,Prostatic Intraepithelial Neoplasias,,-12,4.7,9.7,30293,230,871,31,3.6,0.63,1191|2151|2321|3090|3485|3486|3488|3856|4233|4288|4312|4313|4502|4747|5292|5328|6285|6696|7042|7076|7431|9518|9590|9635|9645|11010|29968|55366|81285|117581|143503,CLU|F2RL2|FLT1|HIC1|IGFBP2|IGFBP3|IGFBP5|KRT8|MET|MKI67|MMP1|MMP2|MT2A|NEFL|PIM1|PLAU|S100B|SPP1|TGFB2|TIMP1|VIM|GDF15|AKAP12|CLCA2|MICAL2|GLIPR1|PSAT1|LGR4|OR51E2|TWIST2|OR51E1,-10,0
1,-12,C0000846,M1,1,0,DisGeNET,35,Agenesis,,-12,5.6,10,30293,161,871,26,3,0.58,652|1028|2138|2263|2296|2627|3899|3975|4312|4313|4322|5021|5083|5178|6657|6899|6928|7021|7040|7043|7852|10370|22943|54757|55638|64093,BMP4|CDKN1C|EYA1|FGFR2|FOXC1|GATA6|AFF3|LHX1|MMP1|MMP2|MMP13|OXTR|PAX9|PEG3|SOX2|TBX1|HNF1B|TFAP2B|TGFB1|TGFB3|CXCR4|CITED2|DKK1|FAM20A|SYBU|SMOC1,-10,0
1,-12,C4025272,M1,1,0,DisGeNET,35,Peripheral arterial stenosis,,-12,6.5,10,30293,124,871,23,2.6,0.54,59|348|1906|1909|2022|2149|4015|4313|4629|4638|4883|5243|5742|6387|7042|7043|7046|7048|7412|8029|8076|9518|200424,ACTA2|APOE|EDN1|EDNRA|ENG|F2R|LOX|MMP2|MYH11|MYLK|NPR3|ABCB1|PTGS1|CXCL12|TGFB2|TGFB3|TGFBR1|TGFBR2|VCAM1|CUBN|MFAP5|GDF15|TET3,-9.9,0
1,-12,C0042345,M1,1,0,DisGeNET,35,Varicosity,,-12,5.2,9.9,30293,188,871,28,3.2,0.6,133|182|794|1281|1674|1832|2034|2321|2670|2697|3371|3976|4256|4312|4313|4322|4854|6281|6696|6899|7040|7076|7078|7431|8076|8600|23336|81606,ADM|JAG1|CALB2|COL3A1|DES|DSP|EPAS1|FLT1|GFAP|GJA1|TNC|LIF|MGP|MMP1|MMP2|MMP13|NOTCH3|S100A10|SPP1|TBX1|TGFB1|TIMP1|TIMP3|VIM|MFAP5|TNFSF11|SYNM|LBH,-9.9,0
1,-12,C4521042,M1,1,0,DisGeNET,35,Complete Trisomy 21 Syndrome,,-12,2.9,8.6,30293,668,871,56,6.4,0.83,90|348|794|861|875|1191|1268|1285|1294|1356|1808|1827|1909|1910|1959|2022|2034|2173|2321|2670|2697|2706|3075|3490|4036|4502|4685|4747|4948|5142|5152|5155|5243|5792|6285|6492|6493|6526|6899|7040|7052|7057|7078|7291|9518|10221|10752|10763|11075|23263|23336|27087|57007|84570|84662|103910,ACVR1|APOE|CALB2|RUNX1|CBS|CLU|CNR1|COL4A3|COL7A1|CP|DPYSL2|RCAN1|EDNRA|EDNRB|EGR2|ENG|EPAS1|FABP7|FLT1|GFAP|GJA1|GJB2|CFH|IGFBP7|LRP2|MT2A|NCAM2|NEFL|OCA2|PDE4B|PDE9A|PDGFB|ABCB1|PTPRF|S100B|SIM1|SIM2|SLC5A3|TBX1|TGFB1|TGM2|THBS1|TIMP3|TWIST1|GDF15|TRIB1|CHL1|NES|STMN2|MCF2L|SYNM|B3GAT1|ACKR3|COL25A1|GLIS2|MYL12B,-9.9,0
1,-12,C0856742,M1,1,0,DisGeNET,35,Post MI,,-12,5,9.8,30293,203,871,29,3.3,0.61,652|805|1674|1827|1893|2048|2321|3084|3371|4052|4256|4313|4854|4879|5742|6387|6423|6696|7040|7076|7078|8490|8840|10630|10763|54541|64129|79924|114907,BMP4|CALM2|DES|RCAN1|ECM1|EPHB2|FLT1|NRG1|TNC|LTBP1|MGP|MMP2|NOTCH3|NPPB|PTGS1|CXCL12|SFRP2|SPP1|TGFB1|TIMP1|TIMP3|RGS5|CCN4|PDPN|NES|DDIT4|TINAGL1|ADM2|FBXO32,-9.9,0
1,-12,C0003486,M1,1,0,DisGeNET,35,Aortic Aneurysm,,-12,4.3,9.4,30293,278,871,34,3.9,0.66,59|348|1030|1281|1311|1839|1906|1958|2201|2317|3371|4015|4091|4312|4313|4629|4638|4851|5054|6696|6876|7040|7042|7043|7046|7048|7057|7078|7431|7547|10630|29128|50507|130497,ACTA2|APOE|CDKN2B|COL3A1|COMP|HBEGF|EDN1|EGR1|FBN2|FLNB|TNC|LOX|SMAD6|MMP1|MMP2|MYH11|MYLK|NOTCH1|SERPINE1|SPP1|TAGLN|TGFB1|TGFB2|TGFB3|TGFBR1|TGFBR2|THBS1|TIMP3|VIM|ZIC3|PDPN|UHRF1|NOX4|OSR1,-9.8,0
1,-12,C0028259,M1,1,0,DisGeNET,35,Nodule,,-12,4.3,9.4,30293,278,871,34,3.9,0.66,182|654|1311|1509|1674|2048|2263|3371|3486|4015|4312|4313|4851|5307|5362|6285|6422|6513|6696|7040|7075|7076|7431|8600|10319|10371|11145|23263|27295|29968|64220|80760|115701|284207,JAG1|BMP6|COMP|CTSD|DES|EPHB2|FGFR2|TNC|IGFBP3|LOX|MMP1|MMP2|NOTCH1|PITX1|PLXNA2|S100B|SFRP1|SLC2A1|SPP1|TGFB1|TIE1|TIMP1|VIM|TNFSF11|LAMC3|SEMA3A|PLAAT3|MCF2L|PDLIM3|PSAT1|STRA6|ITIH5|ALPK2|METRNL,-9.8,0
1,-12,C0410702,M1,1,0,DisGeNET,35,Adolescent idiopathic scoliosis,,-12,2.9,8.5,30293,656,871,55,6.3,0.82,108|288|320|652|805|1000|1006|1311|1501|1809|1909|2201|2674|2917|3490|3899|4015|4638|4753|4908|4978|5077|5099|5142|5307|5362|5789|6424|6899|7040|7093|8848|9745|9758|10267|10350|10718|10752|22836|26010|26047|50507|51435|54212|56243|57211|57537|80206|80323|81792|83539|91653|92293|115701|166336,ADCY2|ANK3|APBA1|BMP4|CALM2|CDH2|CDH8|COMP|CTNND2|DPYSL3|EDNRA|FBN2|GFRA1|GRM7|IGFBP7|AFF3|LOX|MYLK|NELL2|NTF3|OPCML|PAX3|PCDH7|PDE4B|PITX1|PLXNA2|PTPRD|SFRP4|TBX1|TGFB1|TLL2|TSC22D1|ZNF536|FRMPD4|RAMP1|ABCA9|NRG3|CHL1|RHOBTB3|SPATS2L|CNTNAP2|NOX4|SCARA3|SNTG1|KIAA1217|ADGRG6|SORCS2|FHOD3|CCDC68|ADAMTS12|CHST9|BOC|TMEM132C|ALPK2|PRICKLE2,-9.7,0
1,-12,C2145472,M1,1,0,DisGeNET,35,Urothelial Carcinoma,,-12,3.4,8.8,30293,449,871,44,5.1,0.74,666|701|1268|1490|1545|1612|1620|1634|1978|1993|2022|2048|2252|2263|3371|3488|3624|3875|4060|4233|4288|4313|4851|4854|4921|6241|6285|6657|6928|7040|7042|7057|7130|7291|7364|7431|8840|9518|10602|22795|23213|51129|92737|100133941,BOK|BUB1B|CNR1|CCN2|CYP1B1|DAPK1|BRINP1|DCN|EIF4EBP1|ELAVL2|ENG|EPHB2|FGF7|FGFR2|TNC|IGFBP5|INHBA|KRT18|LUM|MET|MKI67|MMP2|NOTCH1|NOTCH3|DDR2|RRM2|S100B|SOX2|HNF1B|TGFB1|TGFB2|THBS1|TNFAIP6|TWIST1|UGT2B7|VIM|CCN4|GDF15|CDC42EP3|NID2|SULF1|ANGPTL4|DNER|CD24,-9.7,0
1,-12,C0268731,M1,1,0,DisGeNET,35,Renal glomerular disease,,-12,4.7,9.6,30293,221,871,30,3.4,0.62,19|348|1028|1285|1286|1287|1634|1839|1906|1910|2034|2048|3075|3371|4036|4091|4320|4627|5328|5362|5742|5800|6299|6696|6928|7040|7225|7301|10371|51129,ABCA1|APOE|CDKN1C|COL4A3|COL4A4|COL4A5|DCN|HBEGF|EDN1|EDNRB|EPAS1|EPHB2|CFH|TNC|LRP2|SMAD6|MMP11|MYH9|PLAU|PLXNA2|PTGS1|PTPRO|SALL1|SPP1|HNF1B|TGFB1|TRPC6|TYRO3|SEMA3A|ANGPTL4,-9.7,0
1,-12,C1319315,M1,1,0,DisGeNET,35,Adenocarcinoma of large intestine,,-12,3.1,8.7,30293,543,871,49,5.6,0.78,284|290|652|653|894|928|1284|1902|1906|2045|2048|2066|2151|2263|2627|2719|3371|3490|3856|4091|4233|4313|4325|4851|5243|5292|6277|6513|6578|6581|6657|6925|6926|6928|7040|7225|8029|8549|8877|26585|54894|64399|64759|83857|84969|85461|91653|147381|160518,ANGPT1|ANPEP|BMP4|BMP5|CCND2|CD9|COL4A2|LPAR1|EDN1|EPHA7|EPHB2|ERBB4|F2RL2|FGFR2|GATA6|GPC3|TNC|IGFBP7|KRT8|SMAD6|MET|MMP2|MMP16|NOTCH1|ABCB1|PIM1|S100A6|SLC2A1|SLCO2A1|SLC22A3|SOX2|TCF4|TBX3|HNF1B|TGFB1|TRPC6|CUBN|LGR5|SPHK1|GREM1|RNF43|HHIP|TNS3|TMTC1|TOX2|TANC1|BOC|CBLN2|DENND5B,-9.7,0
1,-12,C0345905,M1,1,0,DisGeNET,35,Intrahepatic Cholangiocarcinoma,,-12,3.3,8.8,30293,470,871,45,5.2,0.75,861|976|1000|1281|1604|1612|2030|2048|2066|2070|2192|2201|2263|2719|3399|3675|4232|4313|4851|5178|5214|5243|6277|6285|6387|6422|6591|6696|6926|7040|7042|7076|7431|7852|7980|8076|8140|8553|9891|10763|29128|54894|55638|55655|92737,RUNX1|ADGRE5|CDH2|COL3A1|CD55|DAPK1|SLC29A1|EPHB2|ERBB4|EYA4|FBLN1|FBN2|FGFR2|GPC3|ID3|ITGA3|MEST|MMP2|NOTCH1|PEG3|PFKP|ABCB1|S100A6|S100B|CXCL12|SFRP1|SNAI2|SPP1|TBX3|TGFB1|TGFB2|TIMP1|VIM|CXCR4|TFPI2|MFAP5|SLC7A5|BHLHE40|NUAK1|NES|UHRF1|RNF43|SYBU|NLRP2|DNER,-9.6,0
1,-12,C0032927,M1,1,0,DisGeNET,35,Precancerous Conditions,,-12,3.3,8.7,30293,471,871,45,5.2,0.75,70|547|653|861|1356|1545|1634|1910|1978|2070|2495|2621|2627|3090|3485|3488|3589|3856|4233|4312|4313|4320|4605|4851|4854|5243|5292|5328|5742|6277|6422|6581|6657|6696|6925|7040|7043|7057|9590|23213|29128|84870|140885|166336|100133941,ACTC1|KIF1A|BMP5|RUNX1|CP|CYP1B1|DCN|EDNRB|EIF4EBP1|EYA4|FTH1|GAS6|GATA6|HIC1|IGFBP2|IGFBP5|IL11|KRT8|MET|MMP1|MMP2|MMP11|MYBL2|NOTCH1|NOTCH3|ABCB1|PIM1|PLAU|PTGS1|S100A6|SFRP1|SLC22A3|SOX2|SPP1|TCF4|TGFB1|TGFB3|THBS1|AKAP12|SULF1|UHRF1|RSPO3|SIRPA|PRICKLE2|CD24,-9.6,0
1,-12,C0013405,M1,1,0,DisGeNET,35,"Dyspnea, Paroxysmal",,-12,22,14,30293,16,871,10,1.1,0.36,59|3736|4015|4629|4638|7042|7043|7046|7048|8076,ACTA2|KCNA1|LOX|MYH11|MYLK|TGFB2|TGFB3|TGFBR1|TGFBR2|MFAP5,-9.6,0
1,-12,C1851712,M1,1,0,DisGeNET,35,Dural ectasia,,-12,22,14,30293,16,871,10,1.1,0.36,59|4015|4629|4638|4854|7042|7043|7046|7048|8076,ACTA2|LOX|MYH11|MYLK|NOTCH3|TGFB2|TGFB3|TGFBR1|TGFBR2|MFAP5,-9.6,0
1,-12,C0233794,M1,1,0,DisGeNET,35,Memory impairment,,-12,2.7,8.4,30293,763,871,60,6.9,0.86,19|288|348|649|710|953|1191|1268|1356|1490|1545|1612|1808|1827|1893|1906|1909|1958|2030|2048|2066|2670|2697|2706|2890|3084|3490|3708|3736|4129|4133|4741|4854|4908|5066|5080|5122|5142|5155|5327|5742|6281|6285|6492|6493|6696|6869|7040|7048|9495|9758|10628|10763|22943|23336|23705|25797|51816|57007|91584,ABCA1|ANK3|APOE|BMP1|SERPING1|ENTPD1|CLU|CNR1|CP|CCN2|CYP1B1|DAPK1|DPYSL2|RCAN1|ECM1|EDN1|EDNRA|EGR1|SLC29A1|EPHB2|ERBB4|GFAP|GJA1|GJB2|GRIA1|NRG1|IGFBP7|ITPR1|KCNA1|MAOB|MAP2|NEFM|NOTCH3|NTF3|PAM|PAX6|PCSK1|PDE4B|PDGFB|PLAT|PTGS1|S100A10|S100B|SIM1|SIM2|SPP1|TACR1|TGFB1|TGFBR2|AKAP5|FRMPD4|TXNIP|NES|DKK1|SYNM|CADM1|QPCT|ADA2|ACKR3|PLXNA4,-9.6,0
1,-12,C0027092,M1,1,0,DisGeNET,35,Myopia,,-12,3.3,8.7,30293,490,871,46,5.3,0.76,146|182|652|875|1282|1285|1286|1287|1300|1501|1634|1958|2201|2697|3075|4015|4036|4053|4060|4094|4233|4312|4313|4320|4629|4948|5080|5176|5362|6492|6657|6925|7021|7040|7042|7046|7078|7262|10265|22943|50863|90161|117581|140885|170691|170692,ADRA1D|JAG1|BMP4|CBS|COL4A1|COL4A3|COL4A4|COL4A5|COL10A1|CTNND2|DCN|EGR1|FBN2|GJA1|CFH|LOX|LRP2|LTBP2|LUM|MAF|MET|MMP1|MMP2|MMP11|MYH11|OCA2|PAX6|SERPINF1|PLXNA2|SIM1|SOX2|TCF4|TFAP2B|TGFB1|TGFB2|TGFBR1|TIMP3|PHLDA2|IRX5|DKK1|NTM|HS6ST2|TWIST2|SIRPA|ADAMTS17|ADAMTS18,-9.6,0
1,-12,C0242852,M1,1,0,DisGeNET,35,Proliferative vitreoretinopathy,,-12,5.9,10,30293,142,871,24,2.8,0.55,133|652|655|1490|1634|1839|1906|1910|2149|2670|4015|4313|5054|5243|5327|5764|5806|6387|7040|7042|7052|7076|7078|26585,ADM|BMP4|BMP7|CCN2|DCN|HBEGF|EDN1|EDNRB|F2R|GFAP|LOX|MMP2|SERPINE1|ABCB1|PLAT|PTN|PTX3|CXCL12|TGFB1|TGFB2|TGM2|TIMP1|TIMP3|GREM1,-9.6,0
1,-12,C1378703,M1,1,0,DisGeNET,35,Renal carcinoma,,-12,2.9,8.4,30293,665,871,55,6.3,0.82,805|861|1004|1030|1285|1392|1612|1906|1958|2034|2048|2719|3490|3977|4233|4312|4313|4322|4325|4610|5243|5328|6285|6387|6422|6423|6513|6581|6696|6925|6926|7040|7052|7076|7078|7364|7431|7832|7852|8877|9368|10752|10763|22822|22943|23189|27123|29128|29968|50507|57007|116113|117581|219699|100133941,CALM2|RUNX1|CDH6|CDKN2B|COL4A3|CRH|DAPK1|EDN1|EGR1|EPAS1|EPHB2|GPC3|IGFBP7|LIFR|MET|MMP1|MMP2|MMP13|MMP16|MYCL|ABCB1|PLAU|S100B|CXCL12|SFRP1|SFRP2|SLC2A1|SLC22A3|SPP1|TCF4|TBX3|TGFB1|TGM2|TIMP1|TIMP3|UGT2B7|VIM|BTG2|CXCR4|SPHK1|NHERF1|CHL1|NES|PHLDA1|DKK1|KANK1|DKK2|UHRF1|PSAT1|NOX4|ACKR3|FOXP4|TWIST2|UNC5B|CD24,-9.5,0
1,-12,C0595989,M1,1,0,DisGeNET,35,Carcinoma of larynx,,-12,3.4,8.7,30293,456,871,44,5.1,0.74,182|1294|1545|1612|1634|1893|2022|2034|2045|2321|3927|4015|4223|4288|4312|4313|4320|4502|4851|5961|6285|6387|6513|6520|6657|6783|6925|7040|7042|7043|7076|7078|7431|7832|7852|8140|8840|22943|23657|23705|55655|57007|63027|116113,JAG1|COL7A1|CYP1B1|DAPK1|DCN|ECM1|ENG|EPAS1|EPHA7|FLT1|LASP1|LOX|MEOX2|MKI67|MMP1|MMP2|MMP11|MT2A|NOTCH1|PRPH2|S100B|CXCL12|SLC2A1|SLC3A2|SOX2|SULT1E1|TCF4|TGFB1|TGFB2|TGFB3|TIMP1|TIMP3|VIM|BTG2|CXCR4|SLC7A5|CCN4|DKK1|SLC7A11|CADM1|NLRP2|ACKR3|SLC22A23|FOXP4,-9.5,0
1,-11,C4025845,M1,1,0,DisGeNET,35,Abnormality iris morphology,,-11,15,13,30293,27,871,12,1.4,0.39,59|1545|2697|4015|4629|4638|5080|7042|7043|7046|7048|8076,ACTA2|CYP1B1|GJA1|LOX|MYH11|MYLK|PAX6|TGFB2|TGFB3|TGFBR1|TGFBR2|MFAP5,-9.5,0
1,-11,C0742343,M1,1,0,DisGeNET,35,Acute Chest Syndrome,,-11,3.5,8.8,30293,405,871,41,4.7,0.72,214|348|652|1281|1906|1909|2030|2244|2615|2621|3487|3491|3927|4036|4256|4312|4313|4879|4883|5054|5176|5243|5327|5362|5742|5806|6387|6696|7040|7042|7043|7057|7412|8029|8600|9518|22808|26585|56005|92737|375033,ALCAM|APOE|BMP4|COL3A1|EDN1|EDNRA|SLC29A1|FGB|LRRC32|GAS6|IGFBP4|CCN1|LASP1|LRP2|MGP|MMP1|MMP2|NPPB|NPR3|SERPINE1|SERPINF1|ABCB1|PLAT|PLXNA2|PTGS1|PTX3|CXCL12|SPP1|TGFB1|TGFB2|TGFB3|THBS1|VCAM1|CUBN|TNFSF11|GDF15|MRAS|GREM1|MYDGF|DNER|PEAR1,-9.4,0
1,-11,C0598935,M1,1,0,DisGeNET,35,Tumor Initiation,,-11,3.1,8.5,30293,533,871,48,5.5,0.77,90|133|182|653|1545|1634|1909|1993|2048|2151|2296|2308|3084|3315|4015|4233|4312|4851|4854|5156|5243|5740|5764|6319|6387|6422|6493|6591|6657|6925|7040|7052|7262|7291|7431|7852|8549|8805|8829|8877|10468|22943|26227|57007|64220|84858|114907|100133941,ACVR1|ADM|JAG1|BMP5|CYP1B1|DCN|EDNRA|ELAVL2|EPHB2|F2RL2|FOXC1|FOXO1|NRG1|HSPB1|LOX|MET|MMP1|NOTCH1|NOTCH3|PDGFRA|ABCB1|PTGIS|PTN|SCD|CXCL12|SFRP1|SIM2|SNAI2|SOX2|TCF4|TGFB1|TGM2|PHLDA2|TWIST1|VIM|CXCR4|LGR5|TRIM24|NRP1|SPHK1|FST|DKK1|PHGDH|ACKR3|STRA6|ZNF503|FBXO32|CD24,-9.4,0
1,-11,C1176475,M1,1,0,DisGeNET,35,Ductal Carcinoma,,-11,4.2,9.2,30293,273,871,33,3.8,0.65,214|655|928|1000|1282|1490|1993|2066|2258|2294|2321|3090|3371|3486|3491|3856|3875|4313|4320|5054|5243|6422|6513|6657|6781|7291|7431|8076|8553|23213|51435|56937|80760,ALCAM|BMP7|CD9|CDH2|COL4A1|CCN2|ELAVL2|ERBB4|FGF13|FOXF1|FLT1|HIC1|TNC|IGFBP3|CCN1|KRT8|KRT18|MMP2|MMP11|SERPINE1|ABCB1|SFRP1|SLC2A1|SOX2|STC1|TWIST1|VIM|MFAP5|BHLHE40|SULF1|SCARA3|PMEPA1|ITIH5,-9.4,0
1,-11,C0162810,M1,1,0,DisGeNET,35,"Cicatrix, Hypertrophic",,-11,5.1,9.6,30293,185,871,27,3.1,0.59,655|1281|1490|1634|1906|2149|2258|3486|4015|4053|4060|4312|4313|4322|5054|5328|5764|6387|6423|7040|7043|7046|7048|7076|7130|7431|7852,BMP7|COL3A1|CCN2|DCN|EDN1|F2R|FGF13|IGFBP3|LOX|LTBP2|LUM|MMP1|MMP2|MMP13|SERPINE1|PLAU|PTN|CXCL12|SFRP2|TGFB1|TGFB3|TGFBR1|TGFBR2|TIMP1|TNFAIP6|VIM|CXCR4,-9.4,0
1,-11,C1565489,M1,1,0,DisGeNET,35,Renal Insufficiency,,-11,2.9,8.4,30293,615,871,52,6,0.8,133|290|348|655|715|794|875|1191|1240|1268|1282|1285|1286|1287|1294|1392|1490|1906|1909|2034|2048|2138|2317|3075|3675|3975|4313|4627|4879|5054|5176|5179|5243|5327|5648|6299|6513|6696|6925|6928|7040|7043|7048|7076|9518|10371|23541|50507|54757|56005|57007|348938,ADM|ANPEP|APOE|BMP7|C1R|CALB2|CBS|CLU|CMKLR1|CNR1|COL4A1|COL4A3|COL4A4|COL4A5|COL7A1|CRH|CCN2|EDN1|EDNRA|EPAS1|EPHB2|EYA1|FLNB|CFH|ITGA3|LHX1|MMP2|MYH9|NPPB|SERPINE1|SERPINF1|PENK|ABCB1|PLAT|MASP1|SALL1|SLC2A1|SPP1|TCF4|HNF1B|TGFB1|TGFB3|TGFBR2|TIMP1|GDF15|SEMA3A|SEC14L2|NOX4|FAM20A|MYDGF|ACKR3|NIPAL4,-9.3,0
1,-11,C0042834,M1,1,0,DisGeNET,35,Vital capacity,,-11,3.4,8.6,30293,430,871,42,4.8,0.73,654|666|1293|1832|2070|2202|3075|3084|3090|3554|3589|3708|3899|4036|4052|4053|4091|4958|6546|7042|7057|7145|7291|8425|9510|10867|11259|22808|51232|55366|56138|56142|56144|56146|57211|64399|81578|133746|170689|219699|284207|401541,BMP6|BOK|COL6A3|DSP|EYA4|EFEMP1|CFH|NRG1|HIC1|IL1R1|IL11|ITPR1|AFF3|LRP2|LTBP1|LTBP2|SMAD6|OMD|SLC8A1|TGFB2|THBS1|TNS1|TWIST1|LTBP4|ADAMTS1|TSPAN9|FILIP1L|MRAS|CRIM1|LGR4|PCDHA11|PCDHA6|PCDHA4|PCDHA2|ADGRG6|HHIP|COL21A1|JMY|ADAMTS15|UNC5B|METRNL|CENPP,-9.2,0
1,-11,C0525045,M1,1,0,DisGeNET,35,Mood Disorders,,-11,3,8.4,30293,580,871,50,5.7,0.79,150|284|288|348|805|928|1006|1268|1356|1392|1906|1909|1978|2066|2512|2556|2668|2670|2823|2890|2917|3371|3485|4129|4133|4908|5080|5142|5243|5742|5789|6281|6285|6869|6899|6925|7040|8128|9518|10611|10718|27253|51305|55502|55890|57007|115207|130497|133584|257194,ADRA2A|ANGPT1|ANK3|APOE|CALM2|CD9|CDH8|CNR1|CP|CRH|EDN1|EDNRA|EIF4EBP1|ERBB4|FTL|GABRA3|GDNF|GFAP|GPM6A|GRIA1|GRM7|TNC|IGFBP2|MAOB|MAP2|NTF3|PAX6|PDE4B|ABCB1|PTGS1|PTPRD|S100A10|S100B|TACR1|TBX1|TCF4|TGFB1|ST8SIA2|GDF15|PDLIM5|NRG3|PCDH17|KCNK9|HES6|GPRC5C|ACKR3|KCTD12|OSR1|EGFLAM|NEGR1,-9.2,0
1,-11,C0936223,M1,1,0,DisGeNET,35,Metastatic Prostate Carcinoma,,-11,3.7,8.7,30293,362,871,38,4.4,0.69,654|655|1191|1545|1906|1909|2263|2621|2624|3315|3382|3589|3976|4233|4312|4313|4851|5176|5328|6387|6591|6928|7040|7048|7291|7431|7852|9518|10370|10371|10611|11010|22943|29968|54829|55450|55638|56937,BMP6|BMP7|CLU|CYP1B1|EDN1|EDNRA|FGFR2|GAS6|GATA2|HSPB1|ICA1|IL11|LIF|MET|MMP1|MMP2|NOTCH1|SERPINF1|PLAU|CXCL12|SNAI2|HNF1B|TGFB1|TGFBR2|TWIST1|VIM|CXCR4|GDF15|CITED2|SEMA3A|PDLIM5|GLIPR1|DKK1|PSAT1|ASPN|CAMK2N1|SYBU|PMEPA1,-9.1,0
1,-11,C0007820,M1,1,0,DisGeNET,35,Cerebrovascular Disorders,,-11,4.5,9.2,30293,233,871,30,3.4,0.62,19|59|348|1191|1282|1284|1634|1906|1909|1910|2201|2244|4015|4312|4313|4627|4747|4851|4854|4883|5054|5328|6696|7040|7042|7057|7412|8829|9518|79924,ABCA1|ACTA2|APOE|CLU|COL4A1|COL4A2|DCN|EDN1|EDNRA|EDNRB|FBN2|FGB|LOX|MMP1|MMP2|MYH9|NEFL|NOTCH1|NOTCH3|NPR3|SERPINE1|PLAU|SPP1|TGFB1|TGFB2|THBS1|VCAM1|NRP1|GDF15|ADM2,-9.1,0
1,-11,C0010278,M1,1,0,DisGeNET,35,Craniosynostosis,,-11,3.2,8.5,30293,488,871,45,5.2,0.75,182|654|805|1300|1490|1827|1959|2263|2317|2697|2706|2719|2817|3589|3675|3912|4091|4233|4312|4330|5156|5243|5251|5327|5648|5800|6424|6696|7042|7046|7048|7291|7412|7431|7545|8600|10082|10252|29968|50507|51435|56005|64129|79633|158326,JAG1|BMP6|CALM2|COL10A1|CCN2|RCAN1|EGR2|FGFR2|FLNB|GJA1|GJB2|GPC3|GPC1|IL11|ITGA3|LAMB1|SMAD6|MET|MMP1|MN1|PDGFRA|ABCB1|PHEX|PLAT|MASP1|PTPRO|SFRP4|SPP1|TGFB2|TGFBR1|TGFBR2|TWIST1|VCAM1|VIM|ZIC1|TNFSF11|GPC6|SPRY1|PSAT1|NOX4|SCARA3|MYDGF|TINAGL1|FAT4|FREM1,-9.1,0
1,-11,C1318485,M1,1,0,DisGeNET,35,Liver regeneration disorder,,-11,3.7,8.8,30293,346,871,37,4.2,0.68,182|710|1030|1958|2043|2048|2069|2151|2252|2719|3856|3875|4233|4322|4851|5054|5328|6277|6387|6696|7040|7046|7057|7130|7412|7852|8549|9464|23657|27295|29128|54443|55859|55959|57124|57761|92737,JAG1|SERPING1|CDKN2B|EGR1|EPHA4|EPHB2|EREG|F2RL2|FGF7|GPC3|KRT8|KRT18|MET|MMP13|NOTCH1|SERPINE1|PLAU|S100A6|CXCL12|SPP1|TGFB1|TGFBR1|THBS1|TNFAIP6|VCAM1|CXCR4|LGR5|HAND2|SLC7A11|PDLIM3|UHRF1|ANLN|BEX1|SULF2|CD248|TRIB3|DNER,-9.1,0
1,-11,C1397307,M1,1,0,DisGeNET,35,Cardiac fibrosis,,-11,4,8.9,30293,297,871,34,3.9,0.66,133|1490|1634|1906|2022|2621|2697|3491|3673|4060|4313|4921|4969|5054|5328|6533|6696|6869|7040|7046|7048|7052|7225|7431|7837|7852|8483|8553|27129|50507|57007|64123|81567|221662,ADM|CCN2|DCN|EDN1|ENG|GAS6|GJA1|CCN1|ITGA2|LUM|MMP2|DDR2|OGN|SERPINE1|PLAU|SLC6A6|SPP1|TACR1|TGFB1|TGFBR1|TGFBR2|TGM2|TRPC6|VIM|PXDN|CXCR4|CILP|BHLHE40|HSPB7|NOX4|ACKR3|ADGRL4|TXNDC5|RBM24,-9.1,0
1,-11,C0740457,M1,1,0,DisGeNET,35,Malignant neoplasm of kidney,,-11,2.8,8.2,30293,664,871,54,6.2,0.82,805|861|894|1004|1030|1191|1392|1545|1612|1958|1978|2034|2048|2321|2621|3486|3490|4233|4312|4313|4325|4610|5243|6285|6387|6422|6423|6513|6520|6581|6696|6925|7040|7052|7078|7364|7431|7832|7852|8633|8877|9368|10752|22822|22943|23189|27123|29128|29968|51129|57007|80274|117581|100133941,CALM2|RUNX1|CCND2|CDH6|CDKN2B|CLU|CRH|CYP1B1|DAPK1|EGR1|EIF4EBP1|EPAS1|EPHB2|FLT1|GAS6|IGFBP3|IGFBP7|MET|MMP1|MMP2|MMP16|MYCL|ABCB1|S100B|CXCL12|SFRP1|SFRP2|SLC2A1|SLC3A2|SLC22A3|SPP1|TCF4|TGFB1|TGM2|TIMP3|UGT2B7|VIM|BTG2|CXCR4|UNC5C|SPHK1|NHERF1|CHL1|PHLDA1|DKK1|KANK1|DKK2|UHRF1|PSAT1|ANGPTL4|ACKR3|SCUBE1|TWIST2|CD24,-9.1,0
1,-11,C0015397,M1,1,0,DisGeNET,35,Disorder of eye,,-11,3.5,8.6,30293,400,871,40,4.6,0.71,133|652|1282|1490|1509|1545|1906|1909|2202|2296|2308|2668|2901|3075|3122|3491|4015|4053|4948|5080|5176|5362|5961|6319|6657|6783|6926|7078|8829|10216|51129|55075|64072|64093|64220|80144|92211|158326|170691|170692,ADM|BMP4|COL4A1|CCN2|CTSD|CYP1B1|EDN1|EDNRA|EFEMP1|FOXC1|FOXO1|GDNF|GRIK5|CFH|HLA-DRA|CCN1|LOX|LTBP2|OCA2|PAX6|SERPINF1|PLXNA2|PRPH2|SCD|SOX2|SULT1E1|TBX3|TIMP3|NRP1|PRG4|ANGPTL4|UACA|CDH23|SMOC1|STRA6|FRAS1|CDHR1|FREM1|ADAMTS17|ADAMTS18,-9,0
1,-11,C0010709,M1,1,0,DisGeNET,35,Cyst,,-11,4.6,9.1,30293,221,871,29,3.3,0.61,220|794|1006|1028|1906|2151|2192|2252|2321|2668|2670|3708|3912|4312|4313|4322|5243|5362|5742|6285|6928|7040|7145|7412|7431|8482|23209|54894|90161,ALDH1A3|CALB2|CDH8|CDKN1C|EDN1|F2RL2|FBLN1|FGF7|FLT1|GDNF|GFAP|ITPR1|LAMB1|MMP1|MMP2|MMP13|ABCB1|PLXNA2|PTGS1|S100B|HNF1B|TGFB1|TNS1|VCAM1|VIM|SEMA7A|MLC1|RNF43|HS6ST2,-9,0
1,-11,C0019569,M1,1,0,DisGeNET,35,Hirschsprung Disease,,-11,3.5,8.6,30293,384,871,39,4.5,0.7,445|652|653|794|875|1717|1909|1910|2173|2273|2294|2668|2674|2706|3084|3315|3589|4133|4851|4908|5077|5080|6285|6493|6513|6591|6657|6781|6899|6925|7852|9464|10371|10512|10718|11075|57007|79987|80760,ASS1|BMP4|BMP5|CALB2|CBS|DHCR7|EDNRA|EDNRB|FABP7|FHL1|FOXF1|GDNF|GFRA1|GJB2|NRG1|HSPB1|IL11|MAP2|NOTCH1|NTF3|PAX3|PAX6|S100B|SIM2|SLC2A1|SNAI2|SOX2|STC1|TBX1|TCF4|CXCR4|HAND2|SEMA3A|SEMA3C|NRG3|STMN2|ACKR3|SVEP1|ITIH5,-9,0
1,-11,C2677123,M1,1,0,DisGeNET,35,"COLORECTAL CANCER, SUSCEPTIBILITY TO, 3",,-11,5.3,9.5,30293,165,871,25,2.9,0.57,652|653|894|1284|1902|1906|2263|3856|4091|4313|6578|6581|6926|6928|7225|8029|26585|64399|64759|83857|84969|85461|91653|147381|160518,BMP4|BMP5|CCND2|COL4A2|LPAR1|EDN1|FGFR2|KRT8|SMAD6|MMP2|SLCO2A1|SLC22A3|TBX3|HNF1B|TRPC6|CUBN|GREM1|HHIP|TNS3|TMTC1|TOX2|TANC1|BOC|CBLN2|DENND5B,-9,0
1,-11,C0005940,M1,1,0,DisGeNET,35,Bone Diseases,,-11,3.8,8.7,30293,317,871,35,4,0.67,182|649|652|654|655|1490|1903|2022|3490|3491|3589|4036|4312|4313|4322|4826|4883|5176|5243|5292|5806|6001|6387|6423|6696|7040|7048|7852|8600|10371|22943|27087|27295|55502|63976,JAG1|BMP1|BMP4|BMP6|BMP7|CCN2|S1PR3|ENG|IGFBP7|CCN1|IL11|LRP2|MMP1|MMP2|MMP13|NNAT|NPR3|SERPINF1|ABCB1|PIM1|PTX3|RGS10|CXCL12|SFRP2|SPP1|TGFB1|TGFBR2|CXCR4|TNFSF11|SEMA3A|DKK1|B3GAT1|PDLIM3|HES6|PRDM16,-9,0
1,-11,C1837315,M1,1,0,DisGeNET,35,"COLORECTAL CANCER, SUSCEPTIBILITY TO, 1",,-11,5.2,9.4,30293,166,871,25,2.9,0.57,652|653|894|1284|1902|1906|2263|3856|4091|4313|6578|6581|6926|6928|7225|8029|26585|64399|64759|83857|84969|85461|91653|147381|160518,BMP4|BMP5|CCND2|COL4A2|LPAR1|EDN1|FGFR2|KRT8|SMAD6|MMP2|SLCO2A1|SLC22A3|TBX3|HNF1B|TRPC6|CUBN|GREM1|HHIP|TNS3|TMTC1|TOX2|TANC1|BOC|CBLN2|DENND5B,-8.9,0
1,-11,C2675481,M1,1,0,DisGeNET,35,"COLORECTAL CANCER, SUSCEPTIBILITY TO, 10",,-11,5.2,9.4,30293,166,871,25,2.9,0.57,652|653|894|1284|1902|1906|2263|3856|4091|4313|6578|6581|6926|6928|7225|8029|26585|64399|64759|83857|84969|85461|91653|147381|160518,BMP4|BMP5|CCND2|COL4A2|LPAR1|EDN1|FGFR2|KRT8|SMAD6|MMP2|SLCO2A1|SLC22A3|TBX3|HNF1B|TRPC6|CUBN|GREM1|HHIP|TNS3|TMTC1|TOX2|TANC1|BOC|CBLN2|DENND5B,-8.9,0
1,-11,C3554460,M1,1,0,DisGeNET,35,"COLORECTAL CANCER, SUSCEPTIBILITY TO, 12",,-11,5.2,9.4,30293,166,871,25,2.9,0.57,652|653|894|1284|1902|1906|2263|3856|4091|4313|6578|6581|6926|6928|7225|8029|26585|64399|64759|83857|84969|85461|91653|147381|160518,BMP4|BMP5|CCND2|COL4A2|LPAR1|EDN1|FGFR2|KRT8|SMAD6|MMP2|SLCO2A1|SLC22A3|TBX3|HNF1B|TRPC6|CUBN|GREM1|HHIP|TNS3|TMTC1|TOX2|TANC1|BOC|CBLN2|DENND5B,-8.9,0
1,-11,C0002726,M1,1,0,DisGeNET,35,Amyloidosis,,-11,2.8,8.1,30293,694,871,55,6.3,0.82,19|348|1191|1392|1509|1604|1634|1674|1759|1808|1906|1958|2048|2069|2202|2308|2621|2627|2668|2670|2890|3084|4133|4313|4747|4851|4948|5054|5176|5243|5742|5806|6277|6285|6319|6387|6507|6696|7040|7048|7076|7225|7301|7412|8633|9180|9518|9746|10628|22943|23336|25797|55638|64399|84570,ABCA1|APOE|CLU|CRH|CTSD|CD55|DCN|DES|DNM1|DPYSL2|EDN1|EGR1|EPHB2|EREG|EFEMP1|FOXO1|GAS6|GATA6|GDNF|GFAP|GRIA1|NRG1|MAP2|MMP2|NEFL|NOTCH1|OCA2|SERPINE1|SERPINF1|ABCB1|PTGS1|PTX3|S100A6|S100B|SCD|CXCL12|SLC1A3|SPP1|TGFB1|TGFBR2|TIMP1|TRPC6|TYRO3|VCAM1|UNC5C|OSMR|GDF15|CLSTN3|TXNIP|DKK1|SYNM|QPCT|SYBU|HHIP|COL25A1,-8.9,0
1,-11,C0019294,M1,1,0,DisGeNET,35,"Hernia, Inguinal",,-11,4.5,9,30293,225,871,29,3.3,0.61,59|165|715|875|1281|1501|2202|2317|2719|4015|4312|4313|4629|4638|4854|6899|6926|7042|7043|7046|7048|7076|8076|8425|9037|10265|26227|64220|80144,ACTA2|AEBP1|C1R|CBS|COL3A1|CTNND2|EFEMP1|FLNB|GPC3|LOX|MMP1|MMP2|MYH11|MYLK|NOTCH3|TBX1|TBX3|TGFB2|TGFB3|TGFBR1|TGFBR2|TIMP1|MFAP5|LTBP4|SEMA5A|IRX5|PHGDH|STRA6|FRAS1,-8.8,0
1,-11,C0018818,M1,1,0,DisGeNET,35,Ventricular Septal Defects,,-11,3.3,8.4,30293,426,871,41,4.7,0.72,70|182|348|894|1717|2201|2263|2294|2317|2627|2697|2719|3736|4036|4053|4256|4313|4851|4854|5125|5648|6657|6899|6926|7021|7026|7044|7048|7057|7291|7547|8829|10082|10370|26047|26227|57514|64220|80144|116113|150094,ACTC1|JAG1|APOE|CCND2|DHCR7|FBN2|FGFR2|FOXF1|FLNB|GATA6|GJA1|GPC3|KCNA1|LRP2|LTBP2|MGP|MMP2|NOTCH1|NOTCH3|PCSK5|MASP1|SOX2|TBX1|TBX3|TFAP2B|NR2F2|LEFTY2|TGFBR2|THBS1|TWIST1|ZIC3|NRP1|GPC6|CITED2|CNTNAP2|PHGDH|ARHGAP31|STRA6|FRAS1|FOXP4|SIK1,-8.8,0
1,-11,C1511789,M1,1,0,DisGeNET,35,Desmoplastic,,-11,6.2,9.8,30293,117,871,21,2.4,0.52,1293|1490|1634|2308|2668|2670|2719|2817|3589|3624|4288|4313|5077|7040|7052|7076|8038|8076|26585|57124|79633,COL6A3|CCN2|DCN|FOXO1|GDNF|GFAP|GPC3|GPC1|IL11|INHBA|MKI67|MMP2|PAX3|TGFB1|TGM2|TIMP1|ADAM12|MFAP5|GREM1|CD248|FAT4,-8.8,0
1,-11,C0747845,M1,1,0,DisGeNET,35,early pregnancy,,-11,4.1,8.8,30293,273,871,32,3.7,0.64,284|1240|1392|1634|2066|2252|2263|2697|3927|3976|4313|4322|5054|5125|5243|5740|6387|6513|7040|7057|7076|7837|7852|10149|10267|10468|10628|10699|22943|56005|57007|113791,ANGPT1|CMKLR1|CRH|DCN|ERBB4|FGF7|FGFR2|GJA1|LASP1|LIF|MMP2|MMP13|SERPINE1|PCSK5|ABCB1|PTGIS|CXCL12|SLC2A1|TGFB1|THBS1|TIMP1|PXDN|CXCR4|ADGRG2|RAMP1|FST|TXNIP|CORIN|DKK1|MYDGF|ACKR3|PIK3IP1,-8.8,0
1,-11,C2931852,M1,1,0,DisGeNET,35,Clear-cell metastatic renal cell carcinoma,,-11,4.1,8.8,30293,260,871,31,3.6,0.63,290|970|1993|2034|2066|3486|4015|4233|4313|4837|5054|5156|5243|6319|6387|6422|6657|6928|7040|7076|7291|7412|7431|7852|8029|8140|8600|8633|50507|57007|64787,ANPEP|CD70|ELAVL2|EPAS1|ERBB4|IGFBP3|LOX|MET|MMP2|NNMT|SERPINE1|PDGFRA|ABCB1|SCD|CXCL12|SFRP1|SOX2|HNF1B|TGFB1|TIMP1|TWIST1|VCAM1|VIM|CXCR4|CUBN|SLC7A5|TNFSF11|UNC5C|NOX4|ACKR3|EPS8L2,-8.7,0
1,-11,C1266042,M1,1,0,DisGeNET,35,Chromophobe Renal Cell Carcinoma,,-11,4.9,9.1,30293,185,871,26,3,0.58,290|1356|1381|1509|1612|1910|1993|2034|2066|2321|3315|3856|4233|6423|6513|6526|6928|7052|7291|8407|8633|8790|9745|29968|84433|100133941,ANPEP|CP|CRABP1|CTSD|DAPK1|EDNRB|ELAVL2|EPAS1|ERBB4|FLT1|HSPB1|KRT8|MET|SFRP2|SLC2A1|SLC5A3|HNF1B|TGM2|TWIST1|TAGLN2|UNC5C|FPGT|ZNF536|PSAT1|CARD11|CD24,-8.6,0
1,-11,C1368683,M1,1,0,DisGeNET,35,Epithelioma,,-11,3.7,8.5,30293,326,871,35,4,0.67,214|861|970|1030|1191|2019|2149|2192|2252|2263|2719|3092|3315|3490|4233|4313|4851|4854|5243|5328|6285|6319|6591|6657|6696|7042|7076|7431|7852|8140|8543|9547|10468|10512|10630,ALCAM|RUNX1|CD70|CDKN2B|CLU|EN1|F2R|FBLN1|FGF7|FGFR2|GPC3|HIP1|HSPB1|IGFBP7|MET|MMP2|NOTCH1|NOTCH3|ABCB1|PLAU|S100B|SCD|SNAI2|SOX2|SPP1|TGFB2|TIMP1|VIM|CXCR4|SLC7A5|LMO4|CXCL14|FST|SEMA3C|PDPN,-8.6,0
1,-11,C0010417,M1,1,0,DisGeNET,35,Cryptorchidism,,-11,2.7,7.9,30293,725,871,56,6.4,0.83,58|59|165|182|652|701|1028|1281|1282|1717|1909|2149|2263|2317|2627|2706|2719|3486|3975|3977|4281|4312|4313|4320|4629|4638|4854|5080|5142|6299|6581|6657|6899|6925|6926|6928|7291|7681|10082|10265|10370|10371|22808|26047|26227|50507|54756|56005|57007|63976|64093|64220|64399|79633|80144|253738,ACTA1|ACTA2|AEBP1|JAG1|BMP4|BUB1B|CDKN1C|COL3A1|COL4A1|DHCR7|EDNRA|F2R|FGFR2|FLNB|GATA6|GJB2|GPC3|IGFBP3|LHX1|LIFR|MID1|MMP1|MMP2|MMP11|MYH11|MYLK|NOTCH3|PAX6|PDE4B|SALL1|SLC22A3|SOX2|TBX1|TCF4|TBX3|HNF1B|TWIST1|MKRN3|GPC6|IRX5|CITED2|SEMA3A|MRAS|CNTNAP2|PHGDH|NOX4|IL17RD|MYDGF|ACKR3|PRDM16|SMOC1|STRA6|HHIP|FAT4|FRAS1|EBF3,-8.6,0
1,-11,C0278996,M1,1,0,DisGeNET,35,Malignant Head and Neck Neoplasm,,-11,2.6,7.9,30293,767,871,58,6.7,0.84,182|214|953|1490|1545|1612|1910|1958|1978|1993|2034|2263|2668|3315|3371|3488|3490|3675|4015|4233|4312|4313|4627|4747|4851|5054|5055|5155|5243|5251|5328|5740|5783|5806|6319|6387|6513|6657|6696|7040|7046|7078|7291|7852|8038|9518|9547|9891|10630|23209|23541|23677|29968|55655|57007|80139|200424|100133941,JAG1|ALCAM|ENTPD1|CCN2|CYP1B1|DAPK1|EDNRB|EGR1|EIF4EBP1|ELAVL2|EPAS1|FGFR2|GDNF|HSPB1|TNC|IGFBP5|IGFBP7|ITGA3|LOX|MET|MMP1|MMP2|MYH9|NEFL|NOTCH1|SERPINE1|SERPINB2|PDGFB|ABCB1|PHEX|PLAU|PTGIS|PTPN13|PTX3|SCD|CXCL12|SLC2A1|SOX2|SPP1|TGFB1|TGFBR1|TIMP3|TWIST1|CXCR4|ADAM12|GDF15|CXCL14|NUAK1|PDPN|MLC1|SEC14L2|SH3BP4|PSAT1|NLRP2|ACKR3|ZNF703|TET3|CD24,-8.6,0
1,-11,C0751690,M1,1,0,DisGeNET,35,Malignant Peripheral Nerve Sheath Tumor,,-11,4.1,8.7,30293,261,871,31,3.6,0.63,133|652|701|1030|1634|2048|2066|2070|2173|3084|3371|3554|4233|4322|4851|5077|5156|5176|5243|6241|6285|6387|6696|6876|7291|7852|9644|10763|23189|25797|92737,ADM|BMP4|BUB1B|CDKN2B|DCN|EPHB2|ERBB4|EYA4|FABP7|NRG1|TNC|IL1R1|MET|MMP13|NOTCH1|PAX3|PDGFRA|SERPINF1|ABCB1|RRM2|S100B|CXCL12|SPP1|TAGLN|TWIST1|CXCR4|SH3PXD2A|NES|KANK1|QPCT|DNER,-8.6,0
1,-11,C1510885,M1,1,0,DisGeNET,35,Angiogenic Switch,,-11,6.9,9.9,30293,96,871,19,2.2,0.49,133|284|1909|1958|2034|2149|2258|2321|3487|5054|6387|7057|7852|8490|8553|9846|10371|51129|57007,ADM|ANGPT1|EDNRA|EGR1|EPAS1|F2R|FGF13|FLT1|IGFBP4|SERPINE1|CXCL12|THBS1|CXCR4|RGS5|BHLHE40|GAB2|SEMA3A|ANGPTL4|ACKR3,-8.6,0
1,-10,C1739135,M1,1,0,DisGeNET,35,Progression of prostate cancer,,-10,3.4,8.3,30293,398,871,39,4.5,0.7,182|284|655|861|1311|1501|1902|1906|1958|2149|2263|2308|2637|3315|4312|4837|4851|5243|5292|5328|6387|6513|6657|6696|7040|7046|7048|7052|7291|7431|7481|7837|7852|9518|9645|23089|29968|112885|100133941,JAG1|ANGPT1|BMP7|RUNX1|COMP|CTNND2|LPAR1|EDN1|EGR1|F2R|FGFR2|FOXO1|GBX2|HSPB1|MMP1|NNMT|NOTCH1|ABCB1|PIM1|PLAU|CXCL12|SLC2A1|SOX2|SPP1|TGFB1|TGFBR1|TGFBR2|TGM2|TWIST1|VIM|WNT11|PXDN|CXCR4|GDF15|MICAL2|PEG10|PSAT1|PHF21B|CD24,-8.6,0
1,-10,C0346629,M1,1,0,DisGeNET,35,Malignant neoplasm of large intestine,,-10,5,9.1,30293,173,871,25,2.9,0.57,652|653|894|1284|1902|1906|2263|3856|4091|4313|6578|6581|6926|6928|7225|8029|26585|64399|64759|83857|84969|85461|91653|147381|160518,BMP4|BMP5|CCND2|COL4A2|LPAR1|EDN1|FGFR2|KRT8|SMAD6|MMP2|SLCO2A1|SLC22A3|TBX3|HNF1B|TRPC6|CUBN|GREM1|HHIP|TNS3|TMTC1|TOX2|TANC1|BOC|CBLN2|DENND5B,-8.5,0
1,-10,C0013274,M1,1,0,DisGeNET,35,Patent ductus arteriosus,,-10,3.1,8.1,30293,510,871,45,5.2,0.75,59|70|1293|1545|1717|1906|2048|2201|2294|2296|2621|2627|2697|2719|3371|4015|4313|4629|4638|4739|4854|5292|5327|5648|5740|6299|6546|6657|6696|6899|7021|7026|7042|7043|7046|7048|7052|7852|8076|8829|26227|63976|64093|64220|100133941,ACTA2|ACTC1|COL6A3|CYP1B1|DHCR7|EDN1|EPHB2|FBN2|FOXF1|FOXC1|GAS6|GATA6|GJA1|GPC3|TNC|LOX|MMP2|MYH11|MYLK|NEDD9|NOTCH3|PIM1|PLAT|MASP1|PTGIS|SALL1|SLC8A1|SOX2|SPP1|TBX1|TFAP2B|NR2F2|TGFB2|TGFB3|TGFBR1|TGFBR2|TGM2|CXCR4|MFAP5|NRP1|PHGDH|PRDM16|SMOC1|STRA6|CD24,-8.5,0
1,-10,C0334533,M1,1,0,DisGeNET,35,Arteriovenous hemangioma,,-10,7.8,10,30293,76,871,17,2,0.47,214|290|348|2022|2048|2321|4133|4256|4313|4851|4854|5362|6285|6696|7046|7412|51129,ALCAM|ANPEP|APOE|ENG|EPHB2|FLT1|MAP2|MGP|MMP2|NOTCH1|NOTCH3|PLXNA2|S100B|SPP1|TGFBR1|VCAM1|ANGPTL4,-8.5,0
1,-10,C0152171,M1,1,0,DisGeNET,35,Idiopathic pulmonary hypertension,,-10,5.2,9.2,30293,161,871,24,2.8,0.55,59|953|1634|1906|1910|2022|2034|2149|2263|2273|2321|3075|4015|5054|6546|6591|6696|7040|7048|7076|7225|7291|9518|50507,ACTA2|ENTPD1|DCN|EDN1|EDNRB|ENG|EPAS1|F2R|FGFR2|FHL1|FLT1|CFH|LOX|SERPINE1|SLC8A1|SNAI2|SPP1|TGFB1|TGFBR2|TIMP1|TRPC6|TWIST1|GDF15|NOX4,-8.4,0
1,-10,C0750974,M1,1,0,DisGeNET,35,"Brain Tumor, Primary",,-10,6,9.5,30293,122,871,21,2.4,0.52,1612|2308|2697|2706|4015|5156|5243|5806|6285|6657|6696|6781|7048|7052|7076|7291|8553|8805|8829|10630|63827,DAPK1|FOXO1|GJA1|GJB2|LOX|PDGFRA|ABCB1|PTX3|S100B|SOX2|SPP1|STC1|TGFBR2|TGM2|TIMP1|TWIST1|BHLHE40|TRIM24|NRP1|PDPN|BCAN,-8.4,0
1,-10,C0027726,M1,1,0,DisGeNET,35,Nephrotic Syndrome,,-10,3.4,8.3,30293,384,871,38,4.4,0.69,348|715|1191|1282|1284|1285|1286|1287|1839|1906|1909|2321|3075|3315|3554|3675|4015|4036|4094|4256|4312|4627|4851|5054|5243|5327|5789|5800|6299|6696|7040|7076|7225|7436|23189|51129|54443|163782,APOE|C1R|CLU|COL4A1|COL4A2|COL4A3|COL4A4|COL4A5|HBEGF|EDN1|EDNRA|FLT1|CFH|HSPB1|IL1R1|ITGA3|LOX|LRP2|MAF|MGP|MMP1|MYH9|NOTCH1|SERPINE1|ABCB1|PLAT|PTPRD|PTPRO|SALL1|SPP1|TGFB1|TIMP1|TRPC6|VLDLR|KANK1|ANGPTL4|ANLN|KANK4,-8.4,0
1,-10,C0085281,M1,1,0,DisGeNET,35,Addictive Behavior,,-10,3.7,8.4,30293,332,871,35,4,0.67,150|182|284|805|861|1268|1392|1844|2048|2258|2263|2294|2668|3075|3090|3485|3490|3589|4129|4233|4312|4948|5243|5454|6319|6513|6529|6657|6869|6899|9369|79827|92737|130497|653689,ADRA2A|JAG1|ANGPT1|CALM2|RUNX1|CNR1|CRH|DUSP2|EPHB2|FGF13|FGFR2|FOXF1|GDNF|CFH|HIC1|IGFBP2|IGFBP7|IL11|MAOB|MET|MMP1|OCA2|ABCB1|POU3F2|SCD|SLC2A1|SLC6A1|SOX2|TACR1|TBX1|NRXN3|CLMP|DNER|OSR1|GSTT2B,-8.4,0
1,-10,C0812413,M1,1,0,DisGeNET,35,Malignant Pleural Mesothelioma,,-10,3.3,8.2,30293,421,871,40,4.6,0.71,133|214|220|284|445|683|794|970|1000|1030|1356|1404|2048|2149|2202|2263|3371|3487|4233|4313|4502|5156|5327|6285|6387|6424|6493|6696|7052|7057|7291|7431|7545|7852|8877|10468|10512|10630|50507|92737,ADM|ALCAM|ALDH1A3|ANGPT1|ASS1|BST1|CALB2|CD70|CDH2|CDKN2B|CP|HAPLN1|EPHB2|F2R|EFEMP1|FGFR2|TNC|IGFBP4|MET|MMP2|MT2A|PDGFRA|PLAT|S100B|CXCL12|SFRP4|SIM2|SPP1|TGM2|THBS1|TWIST1|VIM|ZIC1|CXCR4|SPHK1|FST|SEMA3C|PDPN|NOX4|DNER,-8.4,0
1,-10,C0149721,M1,1,0,DisGeNET,35,Left Ventricular Hypertrophy,,-10,3.4,8.2,30293,403,871,39,4.5,0.7,19|58|133|652|1281|1285|1490|1839|1906|1909|2201|2273|2697|3084|3371|3977|4233|4313|4879|5054|5764|6285|6387|6513|6546|6696|7040|7052|7057|7076|7412|7852|8600|9518|23209|23336|50507|57007|57761,ABCA1|ACTA1|ADM|BMP4|COL3A1|COL4A3|CCN2|HBEGF|EDN1|EDNRA|FBN2|FHL1|GJA1|NRG1|TNC|LIFR|MET|MMP2|NPPB|SERPINE1|PTN|S100B|CXCL12|SLC2A1|SLC8A1|SPP1|TGFB1|TGM2|THBS1|TIMP1|VCAM1|CXCR4|TNFSF11|GDF15|MLC1|SYNM|NOX4|ACKR3|TRIB3,-8.4,0
1,-10,C0008626,M1,1,0,DisGeNET,35,Congenital chromosomal disease,,-10,2.6,7.8,30293,757,871,57,6.5,0.84,290|649|652|805|861|894|1028|1030|1545|1612|2034|2048|2149|2201|2296|2321|2334|3371|3399|3490|3554|3875|4233|4288|4330|4629|4851|4948|5080|5156|5243|5327|5454|5789|6319|6578|6657|6781|6783|6899|7040|7291|7301|7431|7852|8038|9098|9244|9464|10580|10962|23462|27295|55655|57007|64759|100133941,ANPEP|BMP1|BMP4|CALM2|RUNX1|CCND2|CDKN1C|CDKN2B|CYP1B1|DAPK1|EPAS1|EPHB2|F2R|FBN2|FOXC1|FLT1|AFF2|TNC|ID3|IGFBP7|IL1R1|KRT18|MET|MKI67|MN1|MYH11|NOTCH1|OCA2|PAX6|PDGFRA|ABCB1|PLAT|POU3F2|PTPRD|SCD|SLCO2A1|SOX2|STC1|SULT1E1|TBX1|TGFB1|TWIST1|TYRO3|VIM|CXCR4|ADAM12|USP6|CRLF1|HAND2|SORBS1|MLLT11|HEY1|PDLIM3|NLRP2|ACKR3|TNS3|CD24,-8.4,0
1,-10,C1857276,M1,1,0,DisGeNET,35,Trichohepatoenteric Syndrome,,-10,3.3,8.2,30293,422,871,40,4.6,0.71,290|348|701|1281|1287|1717|1909|2022|2138|2263|2296|2321|2512|2624|2697|2719|3856|3976|4232|4313|4627|4629|4638|4854|5054|5806|6387|6657|6899|7291|7681|7852|10611|55655|57616|64093|64220|83481|152330|170692,ANPEP|APOE|BUB1B|COL3A1|COL4A5|DHCR7|EDNRA|ENG|EYA1|FGFR2|FOXC1|FLT1|FTL|GATA2|GJA1|GPC3|KRT8|LIF|MEST|MMP2|MYH9|MYH11|MYLK|NOTCH3|SERPINE1|PTX3|CXCL12|SOX2|TBX1|TWIST1|MKRN3|CXCR4|PDLIM5|NLRP2|TSHZ3|SMOC1|STRA6|EPPK1|CNTN4|ADAMTS18,-8.4,0
1,-10,C4476540,M1,1,0,DisGeNET,35,Dilatation of the cerebral artery,,-10,15,12,30293,26,871,11,1.3,0.38,59|1281|1282|4015|4629|4638|7042|7043|7046|7048|8076,ACTA2|COL3A1|COL4A1|LOX|MYH11|MYLK|TGFB2|TGFB3|TGFBR1|TGFBR2|MFAP5,-8.4,0
1,-10,C1388233,M1,1,0,DisGeNET,35,Aneurysm of descending thoracic aorta,,-10,21,13,30293,15,871,9,1,0.34,59|4015|4629|4638|7042|7043|7046|7048|8076,ACTA2|LOX|MYH11|MYLK|TGFB2|TGFB3|TGFBR1|TGFBR2|MFAP5,-8.4,0
1,-10,C4022878,M1,1,0,DisGeNET,35,Descending aortic dissection,,-10,21,13,30293,15,871,9,1,0.34,59|4015|4629|4638|7042|7043|7046|7048|8076,ACTA2|LOX|MYH11|MYLK|TGFB2|TGFB3|TGFBR1|TGFBR2|MFAP5,-8.4,0
1,-10,C0175754,M1,1,0,DisGeNET,35,Agenesis of corpus callosum,,-10,2.8,7.9,30293,615,871,50,5.7,0.79,182|214|652|701|1000|1282|1356|1392|1612|1978|1993|2019|2048|2173|2263|2308|2617|2619|2627|2670|2719|3203|4036|4233|4281|4603|4747|4851|5243|5292|6241|6285|6299|6513|6657|6696|6899|7291|7431|7545|7852|8877|26227|27087|57007|57514|63976|79633|117581|374897,JAG1|ALCAM|BMP4|BUB1B|CDH2|COL4A1|CP|CRH|DAPK1|EIF4EBP1|ELAVL2|EN1|EPHB2|FABP7|FGFR2|FOXO1|GARS1|GAS1|GATA6|GFAP|GPC3|HOXA6|LRP2|MET|MID1|MYBL1|NEFL|NOTCH1|ABCB1|PIM1|RRM2|S100B|SALL1|SLC2A1|SOX2|SPP1|TBX1|TWIST1|VIM|ZIC1|CXCR4|SPHK1|PHGDH|B3GAT1|ACKR3|ARHGAP31|PRDM16|FAT4|TWIST2|SBSN,-8.4,0
1,-10,C0685938,M1,1,0,DisGeNET,35,Malignant neoplasm of gastrointestinal tract,,-10,3.3,8.2,30293,423,871,40,4.6,0.71,182|652|875|1030|1612|2030|2263|2273|2296|2321|2662|3090|3315|3589|3875|4233|4312|4313|4325|4753|4851|5243|5742|6546|6657|6869|6925|7040|7048|7076|7545|7852|8549|9518|10628|27286|54894|64399|79971|100133941,JAG1|BMP4|CBS|CDKN2B|DAPK1|SLC29A1|FGFR2|FHL1|FOXC1|FLT1|GDF10|HIC1|HSPB1|IL11|KRT18|MET|MMP1|MMP2|MMP16|NELL2|NOTCH1|ABCB1|PTGS1|SLC8A1|SOX2|TACR1|TCF4|TGFB1|TGFBR2|TIMP1|ZIC1|CXCR4|LGR5|GDF15|TXNIP|SRPX2|RNF43|HHIP|WLS|CD24,-8.4,0
1,-10,C1384666,M1,1,0,DisGeNET,35,hearing impairment,,-10,2.6,7.7,30293,739,871,56,6.4,0.83,90|348|701|1285|1286|1287|1294|1300|1717|1906|1910|2070|2138|2263|2296|2624|2697|2706|2719|2917|3371|3975|4036|4094|4233|4256|4330|4627|4747|4908|5077|5083|5152|5251|5357|5648|6299|6319|6591|6657|6899|6913|6928|7021|7040|7043|7291|7545|8600|10611|26047|64072|64787|83715|117581|348938,ACVR1|APOE|BUB1B|COL4A3|COL4A4|COL4A5|COL7A1|COL10A1|DHCR7|EDN1|EDNRB|EYA4|EYA1|FGFR2|FOXC1|GATA2|GJA1|GJB2|GPC3|GRM7|TNC|LHX1|LRP2|MAF|MET|MGP|MN1|MYH9|NEFL|NTF3|PAX3|PAX9|PDE9A|PHEX|PLS1|MASP1|SALL1|SCD|SNAI2|SOX2|TBX1|TBX15|HNF1B|TFAP2B|TGFB1|TGFB3|TWIST1|ZIC1|TNFSF11|PDLIM5|CNTNAP2|CDH23|EPS8L2|ESPN|TWIST2|NIPAL4,-8.3,0
1,-10,C0024232,M1,1,0,DisGeNET,35,Lymphatic Metastasis,,-10,3.2,8,30293,463,871,42,4.8,0.73,652|1028|1285|1634|1893|1958|2294|2556|2668|3315|3977|4233|4288|4312|4313|4753|5054|5328|6387|6513|6657|6696|7040|7134|7431|7852|8076|8614|8805|8877|9966|10630|10763|23213|23705|50507|51129|57007|64399|81029|117581|168002,BMP4|CDKN1C|COL4A3|DCN|ECM1|EGR1|FOXF1|GABRA3|GDNF|HSPB1|LIFR|MET|MKI67|MMP1|MMP2|NELL2|SERPINE1|PLAU|CXCL12|SLC2A1|SOX2|SPP1|TGFB1|TNNC1|VIM|CXCR4|MFAP5|STC2|TRIM24|SPHK1|TNFSF15|PDPN|NES|SULF1|CADM1|NOX4|ANGPTL4|ACKR3|HHIP|WNT5B|TWIST2|DACT2,-8.3,0
1,-10,C0235989,M1,1,0,DisGeNET,35,Renal interstitial fibrosis,,-10,5.5,9.2,30293,138,871,22,2.5,0.53,1958|1993|2048|2149|2668|4036|4313|4851|4921|5054|5327|6696|6899|6928|7040|7057|7225|7431|9510|10468|28984|116496,EGR1|ELAVL2|EPHB2|F2R|GDNF|LRP2|MMP2|NOTCH1|DDR2|SERPINE1|PLAT|SPP1|TBX1|HNF1B|TGFB1|THBS1|TRPC6|VIM|ADAMTS1|FST|RGCC|NIBAN1,-8.2,0
1,-10,C0027796,M1,1,0,DisGeNET,35,Neuralgia,,-10,2.6,7.7,30293,766,871,57,6.5,0.84,133|150|284|348|655|794|1240|1268|1392|1501|1808|1844|1902|1906|1909|1993|2048|2662|2668|2670|2674|2697|2890|2917|3084|4313|4502|4747|4851|5066|5179|5243|5251|5292|5354|6000|6001|6285|6319|6387|6422|6536|6869|7040|7076|7078|7291|7852|9514|10611|23336|26047|50507|51305|56005|57007|219699,ADM|ADRA2A|ANGPT1|APOE|BMP7|CALB2|CMKLR1|CNR1|CRH|CTNND2|DPYSL2|DUSP2|LPAR1|EDN1|EDNRA|ELAVL2|EPHB2|GDF10|GDNF|GFAP|GFRA1|GJA1|GRIA1|GRM7|NRG1|MMP2|MT2A|NEFL|NOTCH1|PAM|PENK|ABCB1|PHEX|PIM1|PLP1|RGS7|RGS10|S100B|SCD|CXCL12|SFRP1|SLC6A9|TACR1|TGFB1|TIMP1|TIMP3|TWIST1|CXCR4|GAL3ST1|PDLIM5|SYNM|CNTNAP2|NOX4|KCNK9|MYDGF|ACKR3|UNC5B,-8.2,0
1,-10,C0270824,M1,1,0,DisGeNET,35,Visual seizure,,-10,4.5,8.7,30293,209,871,27,3.1,0.59,348|1191|1268|1392|1958|2066|2697|2890|2901|3084|3736|4886|5066|5122|5155|5243|5354|5764|6285|6513|6529|6546|6696|6925|9510|22943|26047,APOE|CLU|CNR1|CRH|EGR1|ERBB4|GJA1|GRIA1|GRIK5|NRG1|KCNA1|NPY1R|PAM|PCSK1|PDGFB|ABCB1|PLP1|PTN|S100B|SLC2A1|SLC6A1|SLC8A1|SPP1|TCF4|ADAMTS1|DKK1|CNTNAP2,-8.2,0
1,-10,C0206734,M1,1,0,DisGeNET,35,Hemangioblastoma,,-10,7.5,9.9,30293,79,871,17,2,0.47,284|1191|2034|2321|4288|4312|5054|5328|6387|6513|6751|7291|7852|9966|10763|51129|57007,ANGPT1|CLU|EPAS1|FLT1|MKI67|MMP1|SERPINE1|PLAU|CXCL12|SLC2A1|SSTR1|TWIST1|CXCR4|TNFSF15|NES|ANGPTL4|ACKR3,-8.2,0
1,-10,C0220810,M1,1,0,DisGeNET,35,Congenital defects,,-10,5.8,9.3,30293,126,871,21,2.4,0.52,652|655|861|1268|1906|2263|4281|4851|5077|5243|6277|6578|6657|6899|7547|8029|9411|27286|64093|64094|64220,BMP4|BMP7|RUNX1|CNR1|EDN1|FGFR2|MID1|NOTCH1|PAX3|ABCB1|S100A6|SLCO2A1|SOX2|TBX1|ZIC3|CUBN|ARHGAP29|SRPX2|SMOC1|SMOC2|STRA6,-8.2,0
1,-10,C0039685,M1,1,0,DisGeNET,35,Tetralogy of Fallot,,-10,3.9,8.4,30293,274,871,31,3.6,0.63,70|182|348|1909|2201|2294|2296|2619|2627|2697|4313|4851|4879|4908|6299|6591|6783|6899|7021|7026|7040|7431|7481|7852|8829|9464|10370|57007|57514|63976|64220,ACTC1|JAG1|APOE|EDNRA|FBN2|FOXF1|FOXC1|GAS1|GATA6|GJA1|MMP2|NOTCH1|NPPB|NTF3|SALL1|SNAI2|SULT1E1|TBX1|TFAP2B|NR2F2|TGFB1|VIM|WNT11|CXCR4|NRP1|HAND2|CITED2|ACKR3|ARHGAP31|PRDM16|STRA6,-8.1,0
1,-10,C0007112,M1,1,0,DisGeNET,35,Adenocarcinoma of prostate,,-10,3.6,8.2,30293,342,871,35,4,0.67,1191|1501|1509|1844|1906|1958|2048|2321|3371|3485|3486|3875|4288|4851|5054|5156|5270|6241|6277|6319|6513|6657|7040|7048|7052|7852|8600|8840|8877|9518|23089|23462|29968|55502|81567,CLU|CTNND2|CTSD|DUSP2|EDN1|EGR1|EPHB2|FLT1|TNC|IGFBP2|IGFBP3|KRT18|MKI67|NOTCH1|SERPINE1|PDGFRA|SERPINE2|RRM2|S100A6|SCD|SLC2A1|SOX2|TGFB1|TGFBR2|TGM2|CXCR4|TNFSF11|CCN4|SPHK1|GDF15|PEG10|HEY1|PSAT1|HES6|TXNDC5,-8.1,0
1,-10,C1282496,M1,1,0,DisGeNET,35,Metastasis from malignant tumor of prostate,,-10,3.6,8.2,30293,342,871,35,4,0.67,654|655|1545|1906|1909|2263|2621|2624|3315|3382|3589|3976|4233|4312|4313|4851|5176|5328|6387|6591|6928|7040|7048|7291|7852|9518|10370|10371|11010|22943|29968|54829|55450|55638|56937,BMP6|BMP7|CYP1B1|EDN1|EDNRA|FGFR2|GAS6|GATA2|HSPB1|ICA1|IL11|LIF|MET|MMP1|MMP2|NOTCH1|SERPINF1|PLAU|CXCL12|SNAI2|HNF1B|TGFB1|TGFBR2|TWIST1|CXCR4|GDF15|CITED2|SEMA3A|GLIPR1|DKK1|PSAT1|ASPN|CAMK2N1|SYBU|PMEPA1,-8.1,0
1,-10,C1963943,M1,1,0,DisGeNET,35,Atherothrombosis,,-10,6,9.3,30293,115,871,20,2.3,0.51,19|348|875|1909|2149|3075|3554|3673|5054|5176|5270|5327|5742|6520|6696|7412|9518|50507|57007|92737,ABCA1|APOE|CBS|EDNRA|F2R|CFH|IL1R1|ITGA2|SERPINE1|SERPINF1|SERPINE2|PLAT|PTGS1|SLC3A2|SPP1|VCAM1|GDF15|NOX4|ACKR3|DNER,-8.1,0
1,-9.9,C0206624,M1,1,0,DisGeNET,35,Hepatoblastoma,,-9.9,3.2,7.9,30293,452,871,41,4.7,0.72,19|290|348|570|1028|1030|1902|1978|2022|2048|2495|2706|2719|3315|3485|3486|3976|4233|5054|5176|5243|5292|5328|5783|6277|6422|6533|6657|6869|6926|7040|7048|10628|22943|23705|29128|54443|55075|56005|64399|80319,ABCA1|ANPEP|APOE|BAAT|CDKN1C|CDKN2B|LPAR1|EIF4EBP1|ENG|EPHB2|FTH1|GJB2|GPC3|HSPB1|IGFBP2|IGFBP3|LIF|MET|SERPINE1|SERPINF1|ABCB1|PIM1|PLAU|PTPN13|S100A6|SFRP1|SLC6A6|SOX2|TACR1|TBX3|TGFB1|TGFBR2|TXNIP|DKK1|CADM1|UHRF1|ANLN|UACA|MYDGF|HHIP|CXXC4,-8.1,0
1,-9.9,C4476554,M1,1,0,DisGeNET,35,Carotid artery dilatation,,-9.9,20,13,30293,16,871,9,1,0.34,59|4015|4629|4638|7042|7043|7046|7048|8076,ACTA2|LOX|MYH11|MYLK|TGFB2|TGFB3|TGFBR1|TGFBR2|MFAP5,-8,0
1,-9.9,C0032580,M1,1,0,DisGeNET,35,Adenomatous Polyposis Coli,,-9.9,2.8,7.7,30293,609,871,49,5.6,0.78,214|220|320|348|570|875|1030|1191|1284|1604|1612|1734|1993|2048|2066|2149|2308|2670|4015|4233|4288|4312|4851|4908|5054|5080|5155|5243|5742|6422|6423|6513|6578|6925|7040|7048|7076|7481|7852|8549|10763|22943|23705|26227|26585|29968|55638|116372|100133941,ALCAM|ALDH1A3|APBA1|APOE|BAAT|CBS|CDKN2B|CLU|COL4A2|CD55|DAPK1|DIO2|ELAVL2|EPHB2|ERBB4|F2R|FOXO1|GFAP|LOX|MET|MKI67|MMP1|NOTCH1|NTF3|SERPINE1|PAX6|PDGFB|ABCB1|PTGS1|SFRP1|SFRP2|SLC2A1|SLCO2A1|TCF4|TGFB1|TGFBR2|TIMP1|WNT11|CXCR4|LGR5|NES|DKK1|CADM1|PHGDH|GREM1|PSAT1|SYBU|LYPD1|CD24,-8,0
1,-9.9,C3642347,M1,1,0,DisGeNET,35,Basal-Like Breast Carcinoma,,-9.9,4.1,8.4,30293,245,871,29,3.3,0.61,87|1993|2048|2173|2296|2317|3371|3400|3702|4233|4605|5328|5806|6299|6513|6581|6591|7040|7048|7291|7431|8076|10630|10763|27324|57761|81029|117581|100133941,ACTN1|ELAVL2|EPHB2|FABP7|FOXC1|FLNB|TNC|ID4|ITK|MET|MYBL2|PLAU|PTX3|SALL1|SLC2A1|SLC22A3|SNAI2|TGFB1|TGFBR2|TWIST1|VIM|MFAP5|PDPN|NES|TOX3|TRIB3|WNT5B|TWIST2|CD24,-8,0
1,-9.8,C0085109,M1,1,0,DisGeNET,35,Corneal Neovascularization,,-9.8,5.9,9.2,30293,117,871,20,2.3,0.51,348|1545|1634|1893|1910|2252|2321|2706|4313|4322|5176|5327|5362|6387|6869|6899|7076|7431|7852|59277,APOE|CYP1B1|DCN|ECM1|EDNRB|FGF7|FLT1|GJB2|MMP2|MMP13|SERPINF1|PLAT|PLXNA2|CXCL12|TACR1|TBX1|TIMP1|VIM|CXCR4|NTN4,-8,0
1,-9.8,C0027697,M1,1,0,DisGeNET,35,Nephritis,,-9.8,3.8,8.2,30293,296,871,32,3.7,0.64,284|715|894|1284|1285|1286|1287|1490|1906|2621|3075|3589|4091|4233|4502|4627|5054|5155|5328|5742|5800|5806|6387|6696|7040|7048|7412|9037|10371|10628|26585|54756,ANGPT1|C1R|CCND2|COL4A2|COL4A3|COL4A4|COL4A5|CCN2|EDN1|GAS6|CFH|IL11|SMAD6|MET|MT2A|MYH9|SERPINE1|PDGFB|PLAU|PTGS1|PTPRO|PTX3|CXCL12|SPP1|TGFB1|TGFBR2|VCAM1|SEMA5A|SEMA3A|TXNIP|GREM1|IL17RD,-7.9,0
1,-9.7,C0205696,M1,1,0,DisGeNET,35,Anaplastic carcinoma,,-9.7,4.2,8.4,30293,232,871,28,3.2,0.6,214|976|1266|1674|1902|2202|2719|3371|3399|3400|4233|4256|4312|5243|5742|5764|6277|6319|6751|7040|7048|7075|7431|8848|27087|51129|57007|157506,ALCAM|ADGRE5|CNN3|DES|LPAR1|EFEMP1|GPC3|TNC|ID3|ID4|MET|MGP|MMP1|ABCB1|PTGS1|PTN|S100A6|SCD|SSTR1|TGFB1|TGFBR2|TIE1|VIM|TSC22D1|B3GAT1|ANGPTL4|ACKR3|RDH10,-7.9,0
1,-9.7,C0033375,M1,1,0,DisGeNET,35,Prolactinoma,,-9.7,4.6,8.6,30293,187,871,25,2.9,0.57,652|1030|1381|1958|1978|2048|2066|2308|2668|3084|3976|3977|4036|4288|4313|4851|5792|6657|6751|7040|7043|7048|7052|8600|64072,BMP4|CDKN2B|CRABP1|EGR1|EIF4EBP1|EPHB2|ERBB4|FOXO1|GDNF|NRG1|LIF|LIFR|LRP2|MKI67|MMP2|NOTCH1|PTPRF|SOX2|SSTR1|TGFB1|TGFB3|TGFBR2|TGM2|TNFSF11|CDH23,-7.9,0
1,-9.7,C0520679,M1,1,0,DisGeNET,35,"Sleep Apnea, Obstructive",,-9.7,3,7.8,30293,480,871,42,4.8,0.73,19|182|284|348|805|1030|1191|1281|1464|1902|1906|1909|1910|1993|2069|2149|2615|2668|2697|3084|4223|4233|4256|4312|4313|4883|5054|5243|5742|5806|6319|6422|6444|6869|7040|7052|7076|7412|8600|27087|51129|90139,ABCA1|JAG1|ANGPT1|APOE|CALM2|CDKN2B|CLU|COL3A1|CSPG4|LPAR1|EDN1|EDNRA|EDNRB|ELAVL2|EREG|F2R|LRRC32|GDNF|GJA1|NRG1|MEOX2|MET|MGP|MMP1|MMP2|NPR3|SERPINE1|ABCB1|PTGS1|PTX3|SCD|SFRP1|SGCD|TACR1|TGFB1|TGM2|TIMP1|VCAM1|TNFSF11|B3GAT1|ANGPTL4|TSPAN18,-7.8,0
1,-9.6,C0033975,M1,1,0,DisGeNET,35,Psychotic Disorders,,-9.6,2.9,7.6,30293,560,871,46,5.3,0.76,288|348|649|715|875|928|1268|1808|1821|1958|2066|2263|2512|2567|2670|2890|2917|3084|3485|4129|4886|5021|5054|5155|5243|5327|5999|6285|6536|6581|6696|6899|6925|7040|7042|7412|8140|8532|8829|9518|9846|26047|27087|64072|81578|166336,ANK3|APOE|BMP1|C1R|CBS|CD9|CNR1|DPYSL2|DRP2|EGR1|ERBB4|FGFR2|FTL|GABRG3|GFAP|GRIA1|GRM7|NRG1|IGFBP2|MAOB|NPY1R|OXTR|SERPINE1|PDGFB|ABCB1|PLAT|RGS4|S100B|SLC6A9|SLC22A3|SPP1|TBX1|TCF4|TGFB1|TGFB2|VCAM1|SLC7A5|CPZ|NRP1|GDF15|GAB2|CNTNAP2|B3GAT1|CDH23|COL21A1|PRICKLE2,-7.8,0
1,-9.6,C0014556,M1,1,0,DisGeNET,35,"Epilepsy, Temporal Lobe",,-9.6,3.4,7.9,30293,354,871,35,4,0.67,150|348|710|1268|1392|1509|1612|1759|1808|1958|1959|1978|2043|2149|2670|2697|2890|2901|3075|3084|3736|4133|4886|5054|5243|5327|6285|6387|6529|6536|6657|7852|8482|9846|26047,ADRA2A|APOE|SERPING1|CNR1|CRH|CTSD|DAPK1|DNM1|DPYSL2|EGR1|EGR2|EIF4EBP1|EPHA4|F2R|GFAP|GJA1|GRIA1|GRIK5|CFH|NRG1|KCNA1|MAP2|NPY1R|SERPINE1|ABCB1|PLAT|S100B|CXCL12|SLC6A1|SLC6A9|SOX2|CXCR4|SEMA7A|GAB2|CNTNAP2,-7.7,0
1,-9.6,C4722099,M1,1,0,DisGeNET,35,High grade glioma,,-9.6,4.6,8.5,30293,190,871,25,2.9,0.57,90|220|1958|2034|2048|2321|2668|2670|3371|3485|4233|4312|4854|5156|5176|5764|6657|6781|6925|7042|7852|7980|9547|10763|51816,ACVR1|ALDH1A3|EGR1|EPAS1|EPHB2|FLT1|GDNF|GFAP|TNC|IGFBP2|MET|MMP1|NOTCH3|PDGFRA|SERPINF1|PTN|SOX2|STC1|TCF4|TGFB2|CXCR4|TFPI2|CXCL14|NES|ADA2,-7.7,0
1,-9.6,C0037284,M1,1,0,DisGeNET,35,Skin lesion,,-9.6,2.8,7.6,30293,563,871,46,5.3,0.76,133|652|654|1191|1392|1490|1612|1634|1893|1906|1910|1958|2043|2048|2252|2317|2624|2706|3371|3491|3589|4233|4288|4312|5156|5243|5362|5806|6541|6696|6869|6925|7040|7048|7052|7057|7412|9518|9966|23541|23705|27020|55655|56005|57007|84662,ADM|BMP4|BMP6|CLU|CRH|CCN2|DAPK1|DCN|ECM1|EDN1|EDNRB|EGR1|EPHA4|EPHB2|FGF7|FLNB|GATA2|GJB2|TNC|CCN1|IL11|MET|MKI67|MMP1|PDGFRA|ABCB1|PLXNA2|PTX3|SLC7A1|SPP1|TACR1|TCF4|TGFB1|TGFBR2|TGM2|THBS1|VCAM1|GDF15|TNFSF15|SEC14L2|CADM1|NPTN|NLRP2|MYDGF|ACKR3|GLIS2,-7.7,0
1,-9.5,C0334299,M1,1,0,DisGeNET,35,Carcinoid tumor no ICD-O subtype,,-9.5,5.7,9,30293,122,871,20,2.3,0.51,570|1674|2066|4060|4851|5054|5156|5307|5328|6493|6513|6520|6751|6781|7040|7042|7043|7431|8877|79971,BAAT|DES|ERBB4|LUM|NOTCH1|SERPINE1|PDGFRA|PITX1|PLAU|SIM2|SLC2A1|SLC3A2|SSTR1|STC1|TGFB1|TGFB2|TGFB3|VIM|SPHK1|WLS,-7.6,0
1,-9.5,C1527311,M1,1,0,DisGeNET,35,Brain Edema,,-9.5,13,11,30293,30,871,11,1.3,0.38,1356|1906|2149|2670|4638|4879|5270|5327|5328|6285|23657,CP|EDN1|F2R|GFAP|MYLK|NPPB|SERPINE2|PLAT|PLAU|S100B|SLC7A11,-7.6,0
1,-9.5,C0036220,M1,1,0,DisGeNET,35,Kaposi Sarcoma,,-9.5,3,7.6,30293,488,871,42,4.8,0.73,182|290|320|445|970|1634|1827|1903|1906|1909|1910|1958|1978|2034|2043|2045|2048|2069|2263|2308|4288|4313|4322|5066|5806|6387|7040|7048|7057|7301|7412|7852|8482|9510|10371|10630|23462|23657|51129|51816|55655|57007,JAG1|ANPEP|APBA1|ASS1|CD70|DCN|RCAN1|S1PR3|EDN1|EDNRA|EDNRB|EGR1|EIF4EBP1|EPAS1|EPHA4|EPHA7|EPHB2|EREG|FGFR2|FOXO1|MKI67|MMP2|MMP13|PAM|PTX3|CXCL12|TGFB1|TGFBR2|THBS1|TYRO3|VCAM1|CXCR4|SEMA7A|ADAMTS1|SEMA3A|PDPN|HEY1|SLC7A11|ANGPTL4|ADA2|NLRP2|ACKR3,-7.6,0
1,-9.5,C0349782,M1,1,0,DisGeNET,35,Ischemic cardiomyopathy,,-9.5,6,9.1,30293,110,871,19,2.2,0.49,284|861|2697|3486|3491|5054|5243|6319|6387|6696|7040|7076|7837|10370|22822|27063|50507|51384|56112,ANGPT1|RUNX1|GJA1|IGFBP3|CCN1|SERPINE1|ABCB1|SCD|CXCL12|SPP1|TGFB1|TIMP1|PXDN|CITED2|PHLDA1|ANKRD1|NOX4|WNT16|PCDHGA3,-7.6,0
1,-9.4,C0585362,M1,1,0,DisGeNET,35,Squamous cell carcinoma of mouth,,-9.4,5.7,8.9,30293,123,871,20,2.3,0.51,2022|3075|3702|3875|4313|4837|5270|5328|6387|6513|6581|6696|7076|7852|9229|10630|22795|23657|55638|55655,ENG|CFH|ITK|KRT18|MMP2|NNMT|SERPINE2|PLAU|CXCL12|SLC2A1|SLC22A3|SPP1|TIMP1|CXCR4|DLGAP1|PDPN|NID2|SLC7A11|SYBU|NLRP2,-7.6,0
1,-9.4,C0027809,M1,1,0,DisGeNET,35,Neurilemmoma,,-9.4,4.5,8.4,30293,193,871,25,2.9,0.57,284|652|653|1030|1674|2022|2066|2069|2321|2621|2670|3084|3371|4288|5054|5243|5327|6285|6696|7075|10763|27087|54894|57007|116986,ANGPT1|BMP4|BMP5|CDKN2B|DES|ENG|ERBB4|EREG|FLT1|GAS6|GFAP|NRG1|TNC|MKI67|SERPINE1|ABCB1|PLAT|S100B|SPP1|TIE1|NES|B3GAT1|RNF43|ACKR3|AGAP2,-7.6,0
1,-9.4,C0035328,M1,1,0,DisGeNET,35,Retinal Vein Occlusion,,-9.4,7.3,9.5,30293,76,871,16,1.8,0.46,348|875|1545|1906|2321|3673|4313|5054|5055|5362|6387|7262|7412|8829|10371|23462,APOE|CBS|CYP1B1|EDN1|FLT1|ITGA2|MMP2|SERPINE1|SERPINB2|PLXNA2|CXCL12|PHLDA2|VCAM1|NRP1|SEMA3A|HEY1,-7.6,0
1,-9.4,C0009917,M1,1,0,DisGeNET,35,Contracture,,-9.4,6,9,30293,111,871,19,2.2,0.49,715|1281|1490|1634|2201|2273|4015|4060|4312|5054|6444|7040|7076|7130|7138|9719|10216|64220|200424,C1R|COL3A1|CCN2|DCN|FBN2|FHL1|LOX|LUM|MMP1|SERPINE1|SGCD|TGFB1|TIMP1|TNFAIP6|TNNT1|ADAMTSL2|PRG4|STRA6|TET3,-7.6,0
1,-9.4,C0017921,M1,1,0,DisGeNET,35,Glycogen storage disease type II,,-9.4,4.5,8.4,30293,194,871,25,2.9,0.57,133|290|348|710|1356|1674|2202|2273|2321|2621|3075|4133|4879|5176|5362|5961|6387|6781|7078|7431|7436|7852|22943|51129|54541,ADM|ANPEP|APOE|SERPING1|CP|DES|EFEMP1|FHL1|FLT1|GAS6|CFH|MAP2|NPPB|SERPINF1|PLXNA2|PRPH2|CXCL12|STC1|TIMP3|VIM|VLDLR|CXCR4|DKK1|ANGPTL4|DDIT4,-7.5,0
1,-9.4,C0278701,M1,1,0,DisGeNET,35,Gastric Adenocarcinoma,,-9.4,3.1,7.6,30293,453,871,40,4.6,0.71,90|182|1282|1612|1993|2034|2263|2321|2590|3233|3315|3486|3702|4233|4312|4313|4320|4851|5054|5055|5789|5792|6578|6657|6783|7040|7048|7078|7291|7852|8549|9966|10763|22943|51129|79633|81567|168002|374378|100133941,ACVR1|JAG1|COL4A1|DAPK1|ELAVL2|EPAS1|FGFR2|FLT1|GALNT2|HOXD4|HSPB1|IGFBP3|ITK|MET|MMP1|MMP2|MMP11|NOTCH1|SERPINE1|SERPINB2|PTPRD|PTPRF|SLCO2A1|SOX2|SULT1E1|TGFB1|TGFBR2|TIMP3|TWIST1|CXCR4|LGR5|TNFSF15|NES|DKK1|ANGPTL4|FAT4|TXNDC5|DACT2|GALNT18|CD24,-7.5,0
1,-9.4,C0005967,M1,1,0,DisGeNET,35,Bone neoplasms,,-9.4,5.1,8.6,30293,151,871,22,2.5,0.53,861|1490|4233|4313|4851|5176|5243|5328|6696|6899|7048|7052|7431|7852|8600|9098|10630|23089|25797|27295|57007|253738,RUNX1|CCN2|MET|MMP2|NOTCH1|SERPINF1|ABCB1|PLAU|SPP1|TBX1|TGFBR2|TGM2|VIM|CXCR4|TNFSF11|USP6|PDPN|PEG10|QPCT|PDLIM3|ACKR3|EBF3,-7.5,0
1,-9.3,C4284013,M1,1,0,DisGeNET,35,Primary cholangiocarcinoma of intrahepatic biliary tract,,-9.3,3.8,8,30293,274,871,30,3.4,0.62,861|976|1000|1281|1604|1612|2030|2070|2192|2263|2719|3675|4313|4851|5243|6277|6387|6422|6696|7040|7076|7431|7852|8076|8140|8553|9891|29128|54894|92737,RUNX1|ADGRE5|CDH2|COL3A1|CD55|DAPK1|SLC29A1|EYA4|FBLN1|FGFR2|GPC3|ITGA3|MMP2|NOTCH1|ABCB1|S100A6|CXCL12|SFRP1|SPP1|TGFB1|TIMP1|VIM|CXCR4|MFAP5|SLC7A5|BHLHE40|NUAK1|UHRF1|RNF43|DNER,-7.5,0
1,-9.3,C0031511,M1,1,0,DisGeNET,35,Pheochromocytoma,,-9.3,3.4,7.8,30293,344,871,34,3.9,0.66,90|133|655|875|1392|1906|1909|1910|2034|2321|2668|3090|3485|4129|4288|4610|4851|5179|5243|5792|6387|6493|6751|6928|7052|7078|7225|7291|7857|25797|51129|55534|57007|152330,ACVR1|ADM|BMP7|CBS|CRH|EDN1|EDNRA|EDNRB|EPAS1|FLT1|GDNF|HIC1|IGFBP2|MAOB|MKI67|MYCL|NOTCH1|PENK|ABCB1|PTPRF|CXCL12|SIM2|SSTR1|HNF1B|TGM2|TIMP3|TRPC6|TWIST1|SCG2|QPCT|ANGPTL4|MAML3|ACKR3|CNTN4,-7.5,0
1,-9.3,C0018784,M1,1,0,DisGeNET,35,Sensorineural Hearing Loss (disorder),,-9.3,2.5,7.3,30293,783,871,56,6.4,0.83,70|90|182|348|652|1028|1285|1286|1287|1674|1717|1909|1910|2070|2138|2263|2296|2317|2624|2668|2697|2706|2917|3910|4036|4094|4233|4627|4854|4908|5077|5764|5961|6299|6444|6591|6657|7021|7112|7134|7291|10265|10371|10512|11098|22808|27063|54756|57007|63976|64072|79633|83715|84570|92211|160335,ACTC1|ACVR1|JAG1|APOE|BMP4|CDKN1C|COL4A3|COL4A4|COL4A5|DES|DHCR7|EDNRA|EDNRB|EYA4|EYA1|FGFR2|FOXC1|FLNB|GATA2|GDNF|GJA1|GJB2|GRM7|LAMA4|LRP2|MAF|MET|MYH9|NOTCH3|NTF3|PAX3|PTN|PRPH2|SALL1|SGCD|SNAI2|SOX2|TFAP2B|TMPO|TNNC1|TWIST1|IRX5|SEMA3A|SEMA3C|PRSS23|MRAS|ANKRD1|IL17RD|ACKR3|PRDM16|CDH23|FAT4|ESPN|COL25A1|CDHR1|TMTC2,-7.5,0
1,-9.3,C0340629,M1,1,0,DisGeNET,35,Aortic aneurysm without mention of rupture NOS,,-9.3,6.3,9.1,30293,100,871,18,2.1,0.48,59|348|1030|1311|1839|1958|3371|4015|4313|4851|5054|6696|6876|7040|7042|7057|29128|50507,ACTA2|APOE|CDKN2B|COMP|HBEGF|EGR1|TNC|LOX|MMP2|NOTCH1|SERPINE1|SPP1|TAGLN|TGFB1|TGFB2|THBS1|UHRF1|NOX4,-7.5,0
1,-9.3,C4529962,M1,1,0,DisGeNET,35,Fatty Liver Disease,,-9.3,2.5,7.3,30293,741,871,54,6.2,0.82,19|150|165|220|284|290|348|570|861|1191|1240|1490|1509|1634|2308|2719|3075|3875|3976|4060|4312|4313|4837|4851|5055|5176|6281|6319|6696|6783|7040|7052|7076|7078|7412|7852|8614|8630|9516|9518|9846|10216|10351|10468|10628|10699|22943|26227|27295|50507|51129|57007|92737|143686,ABCA1|ADRA2A|AEBP1|ALDH1A3|ANGPT1|ANPEP|APOE|BAAT|RUNX1|CLU|CMKLR1|CCN2|CTSD|DCN|FOXO1|GPC3|CFH|KRT18|LIF|LUM|MMP1|MMP2|NNMT|NOTCH1|SERPINB2|SERPINF1|S100A10|SCD|SPP1|SULT1E1|TGFB1|TGM2|TIMP1|TIMP3|VCAM1|CXCR4|STC2|HSD17B6|LITAF|GDF15|GAB2|PRG4|ABCA8|FST|TXNIP|CORIN|DKK1|PHGDH|PDLIM3|NOX4|ANGPTL4|ACKR3|DNER|SESN3,-7.5,0
1,-9.2,C0154778,M1,1,0,DisGeNET,35,"Myopia, Degenerative",,-9.2,11,10,30293,39,871,12,1.4,0.39,70|654|1501|4036|5362|5789|6424|7078|9745|22943|64084|389432,ACTC1|BMP6|CTNND2|LRP2|PLXNA2|PTPRD|SFRP4|TIMP3|ZNF536|DKK1|CLSTN2|SAMD5,-7.4,0
1,-9.2,C1298820,M1,1,0,DisGeNET,35,Aneurysm of aortic root,,-9.2,11,10,30293,39,871,12,1.4,0.39,59|1281|2022|2201|4015|4629|4638|7042|7043|7046|7048|8076,ACTA2|COL3A1|ENG|FBN2|LOX|MYH11|MYLK|TGFB2|TGFB3|TGFBR1|TGFBR2|MFAP5,-7.4,0
1,-9.2,C0027831,M1,1,0,DisGeNET,35,Neurofibromatosis 1,,-9.2,3.6,7.9,30293,311,871,32,3.7,0.64,133|290|805|861|1808|1978|2034|2048|2066|2069|2668|2670|3371|3491|3976|4094|4147|4322|5054|5080|5156|5764|6285|6387|6696|6899|7040|7852|8630|10252|10370|92737,ADM|ANPEP|CALM2|RUNX1|DPYSL2|EIF4EBP1|EPAS1|EPHB2|ERBB4|EREG|GDNF|GFAP|TNC|CCN1|LIF|MAF|MATN2|MMP13|SERPINE1|PAX6|PDGFRA|PTN|S100B|CXCL12|SPP1|TBX1|TGFB1|CXCR4|HSD17B6|SPRY1|CITED2|DNER,-7.4,0
1,-9.2,C0153633,M1,1,0,DisGeNET,35,Malignant neoplasm of brain,,-9.2,3.7,7.9,30293,294,871,31,3.6,0.63,220|976|1612|1844|2048|2173|2670|3315|4233|4313|4851|5054|5156|5243|5328|5362|6285|6657|6696|7048|7052|7262|7431|7852|8549|10630|11010|23213|55959|57007|92737,ALDH1A3|ADGRE5|DAPK1|DUSP2|EPHB2|FABP7|GFAP|HSPB1|MET|MMP2|NOTCH1|SERPINE1|PDGFRA|ABCB1|PLAU|PLXNA2|S100B|SOX2|SPP1|TGFBR2|TGM2|PHLDA2|VIM|CXCR4|LGR5|PDPN|GLIPR1|SULF1|SULF2|ACKR3|DNER,-7.4,0
1,-9.2,C0392784,M1,1,0,DisGeNET,35,Dermatofibrosarcoma Protuberans,,-9.2,7.1,9.3,30293,78,871,16,1.8,0.46,1293|1490|1674|1978|4288|4320|4958|5155|5156|6285|7040|7048|7431|9098|10763|56911,COL6A3|CCN2|DES|EIF4EBP1|MKI67|MMP11|OMD|PDGFB|PDGFRA|S100B|TGFB1|TGFBR2|VIM|USP6|NES|MAP3K7CL,-7.4,0
1,-9.2,C0001973,M1,1,0,DisGeNET,35,"Alcoholic Intoxication, Chronic",,-9.2,2.8,7.4,30293,577,871,46,5.3,0.76,150|348|1006|1268|1293|1392|1808|1910|2030|2567|2668|2670|2917|3122|3554|3983|4015|4129|4313|4886|5021|5142|5179|5251|5992|5999|6507|6529|6533|6536|6869|7021|7040|7076|7262|9037|9369|9674|10371|10611|23189|26047|27123|29114|84251|152330,ADRA2A|APOE|CDH8|CNR1|COL6A3|CRH|DPYSL2|EDNRB|SLC29A1|GABRG3|GDNF|GFAP|GRM7|HLA-DRA|IL1R1|ABLIM1|LOX|MAOB|MMP2|NPY1R|OXTR|PDE4B|PENK|PHEX|RFX4|RGS4|SLC1A3|SLC6A1|SLC6A6|SLC6A9|TACR1|TFAP2B|TGFB1|TIMP1|PHLDA2|SEMA5A|NRXN3|KIAA0040|SEMA3A|PDLIM5|KANK1|CNTNAP2|DKK2|TAGLN3|SGIP1|CNTN4,-7.4,0
1,-9.2,C4524092,M1,1,0,DisGeNET,35,Chronic rhinosinusitis with nasal polyps,,-9.2,4.8,8.4,30293,168,871,23,2.6,0.54,182|652|655|3122|4233|4312|4313|4851|5243|5327|5742|6387|6696|6869|7040|7076|7225|7291|7431|7852|56005|57007|59277,JAG1|BMP4|BMP7|HLA-DRA|MET|MMP1|MMP2|NOTCH1|ABCB1|PLAT|PTGS1|CXCL12|SPP1|TACR1|TGFB1|TIMP1|TRPC6|TWIST1|VIM|CXCR4|MYDGF|ACKR3|NTN4,-7.4,0
1,-9.2,C0008487,M1,1,0,DisGeNET,35,Chordoma,,-9.2,5.2,8.6,30293,140,871,21,2.4,0.52,214|1464|2048|2321|2670|3856|3976|4233|4288|4312|4330|5156|5243|5328|6387|6591|6657|6899|7040|10630|100133941,ALCAM|CSPG4|EPHB2|FLT1|GFAP|KRT8|LIF|MET|MKI67|MMP1|MN1|PDGFRA|ABCB1|PLAU|CXCL12|SNAI2|SOX2|TBX1|TGFB1|PDPN|CD24,-7.4,0
1,-9.2,C1837461,M1,1,0,DisGeNET,35,"SCOLIOSIS, ISOLATED, SUSCEPTIBILITY TO, 3",,-9.2,2.8,7.4,30293,578,871,46,5.3,0.76,108|288|320|1000|1006|1501|1809|1909|2674|2917|3899|4638|4753|4978|5077|5099|5142|5362|5789|6424|6899|7093|8848|9745|9758|10267|10350|10718|10752|22836|26010|26047|50507|51435|54212|56243|57211|57537|80206|80323|81792|83539|91653|92293|115701|166336,ADCY2|ANK3|APBA1|CDH2|CDH8|CTNND2|DPYSL3|EDNRA|GFRA1|GRM7|AFF3|MYLK|NELL2|OPCML|PAX3|PCDH7|PDE4B|PLXNA2|PTPRD|SFRP4|TBX1|TLL2|TSC22D1|ZNF536|FRMPD4|RAMP1|ABCA9|NRG3|CHL1|RHOBTB3|SPATS2L|CNTNAP2|NOX4|SCARA3|SNTG1|KIAA1217|ADGRG6|SORCS2|FHOD3|CCDC68|ADAMTS12|CHST9|BOC|TMEM132C|ALPK2|PRICKLE2,-7.4,0
1,-9.1,C1328504,M1,1,0,DisGeNET,35,Hormone refractory prostate cancer,,-9.1,2.6,7.3,30293,683,871,51,5.9,0.8,654|1000|1191|1545|1620|1906|1909|1958|1978|2048|2066|2263|2308|2624|3315|3400|3485|3486|3490|3875|3927|3976|4233|4281|4605|4851|5099|5243|5292|6657|7040|7076|7112|7291|7431|7832|7852|8600|8614|8805|9518|10512|29968|54443|55450|55502|57007|81567|90362|92737|143686,BMP6|CDH2|CLU|CYP1B1|BRINP1|EDN1|EDNRA|EGR1|EIF4EBP1|EPHB2|ERBB4|FGFR2|FOXO1|GATA2|HSPB1|ID4|IGFBP2|IGFBP3|IGFBP7|KRT18|LASP1|LIF|MET|MID1|MYBL2|NOTCH1|PCDH7|ABCB1|PIM1|SOX2|TGFB1|TIMP1|TMPO|TWIST1|VIM|BTG2|CXCR4|TNFSF11|STC2|TRIM24|GDF15|SEMA3C|PSAT1|ANLN|CAMK2N1|HES6|ACKR3|TXNDC5|FAM110B|DNER|SESN3,-7.3,0
1,-9.1,C0339543,M1,1,0,DisGeNET,35,Epiretinal Membrane,,-9.1,6.1,8.9,30293,102,871,18,2.1,0.48,1490|1906|1910|2668|2670|2674|3486|3491|4233|4256|5243|5362|6657|7040|7042|7057|7076|7078,CCN2|EDN1|EDNRB|GDNF|GFAP|GFRA1|IGFBP3|CCN1|MET|MGP|ABCB1|PLXNA2|SOX2|TGFB1|TGFB2|THBS1|TIMP1|TIMP3,-7.3,0
1,-9.1,C0027720,M1,1,0,DisGeNET,35,Nephrosis,,-9.1,7.7,9.5,30293,68,871,15,1.7,0.44,284|1674|1839|1906|1909|1910|3075|4036|4879|6299|7040|7225|7431|10630|10763,ANGPT1|DES|HBEGF|EDN1|EDNRA|EDNRB|CFH|LRP2|NPPB|SALL1|TGFB1|TRPC6|VIM|PDPN|NES,-7.3,0
1,-9.1,C0271183,M1,1,0,DisGeNET,35,Severe myopia,,-9.1,4.5,8.3,30293,184,871,24,2.8,0.55,1490|1501|1545|1634|1958|3486|3487|4036|4053|4060|4233|4312|4313|5080|5176|5362|7040|7042|7076|7078|8630|10265|90161|347902,CCN2|CTNND2|CYP1B1|DCN|EGR1|IGFBP3|IGFBP4|LRP2|LTBP2|LUM|MET|MMP1|MMP2|PAX6|SERPINF1|PLXNA2|TGFB1|TGFB2|TIMP1|TIMP3|HSD17B6|IRX5|HS6ST2|AMIGO2,-7.3,0
1,-9.1,C1260873,M1,1,0,DisGeNET,35,Aortic valve disorder,,-9.1,8.4,9.7,30293,58,871,14,1.6,0.43,348|953|1356|2296|4091|4147|4256|4313|4851|6696|7040|7048|7130|8613,APOE|ENTPD1|CP|FOXC1|SMAD6|MATN2|MGP|MMP2|NOTCH1|SPP1|TGFB1|TGFBR2|TNFAIP6|PLPP3,-7.3,0
1,-9.1,C0039585,M1,1,0,DisGeNET,35,Androgen-Insensitivity Syndrome,,-9.1,3.9,8,30293,247,871,28,3.2,0.6,146|348|652|805|1191|1284|1311|1844|2201|3490|4288|4502|4908|5054|5077|5307|5327|5961|6783|7040|7052|7076|8600|9518|10752|26047|57211|79192,ADRA1D|APOE|BMP4|CALM2|CLU|COL4A2|COMP|DUSP2|FBN2|IGFBP7|MKI67|MT2A|NTF3|SERPINE1|PAX3|PITX1|PLAT|PRPH2|SULT1E1|TGFB1|TGM2|TIMP1|TNFSF11|GDF15|CHL1|CNTNAP2|ADGRG6|IRX1,-7.3,0
1,-9.1,C1536220,M1,1,0,DisGeNET,35,ST segment elevation myocardial infarction,,-9.1,3.8,7.9,30293,264,871,29,3.3,0.61,290|805|1004|1490|1993|2149|2621|2697|3315|3487|3491|3912|4313|4851|4879|5054|5243|5327|5806|6783|7057|7076|7832|7852|8614|9518|10468|57007|80274,ANPEP|CALM2|CDH6|CCN2|ELAVL2|F2R|GAS6|GJA1|HSPB1|IGFBP4|CCN1|LAMB1|MMP2|NOTCH1|NPPB|SERPINE1|ABCB1|PLAT|PTX3|SULT1E1|THBS1|TIMP1|BTG2|CXCR4|STC2|GDF15|FST|ACKR3|SCUBE1,-7.3,0
1,-9.1,C2826323,M1,1,0,DisGeNET,35,Refractory Cytopenia of Childhood,,-9.1,3.8,7.9,30293,264,871,29,3.3,0.61,875|970|1030|1293|1381|1612|1978|2034|2244|2263|2321|3490|4233|5054|5243|5307|6657|6928|7040|7852|8877|10763|22943|25797|27123|29128|50507|55959|100133941,CBS|CD70|CDKN2B|COL6A3|CRABP1|DAPK1|EIF4EBP1|EPAS1|FGB|FGFR2|FLT1|IGFBP7|MET|SERPINE1|ABCB1|PITX1|SOX2|HNF1B|TGFB1|CXCR4|SPHK1|NES|DKK1|QPCT|DKK2|UHRF1|NOX4|SULF2|CD24,-7.3,0
1,-9.1,C0011303,M1,1,0,DisGeNET,35,Demyelinating Diseases,,-9.1,4.9,8.4,30293,156,871,22,2.5,0.53,655|875|953|1240|2048|2670|2861|3084|3485|3589|4233|4741|4747|4821|4851|5354|6285|6387|6657|6696|7852|57007,BMP7|CBS|ENTPD1|CMKLR1|EPHB2|GFAP|GPR37|NRG1|IGFBP2|IL11|MET|NEFM|NEFL|NKX2-2|NOTCH1|PLP1|S100B|CXCL12|SOX2|SPP1|CXCR4|ACKR3,-7.3,0
1,-9.1,C0346957,M1,1,0,DisGeNET,35,Disseminated Malignant Neoplasm,,-9.1,4,8,30293,232,871,27,3.1,0.59,2192|2308|2321|2495|3084|3315|3371|3856|4313|4739|5077|5122|5156|6277|6387|6657|6696|7048|7052|7291|7431|7832|7852|8829|9891|22943|51129,FBLN1|FOXO1|FLT1|FTH1|NRG1|HSPB1|TNC|KRT8|MMP2|NEDD9|PAX3|PCSK1|PDGFRA|S100A6|CXCL12|SOX2|SPP1|TGFBR2|TGM2|TWIST1|VIM|BTG2|CXCR4|NRP1|NUAK1|DKK1|ANGPTL4,-7.3,0
1,-9,C0027430,M1,1,0,DisGeNET,35,Nasal Polyps,,-9,2.9,7.4,30293,484,871,41,4.7,0.72,284|1634|1893|1978|2034|2066|2069|2252|3122|3371|3491|4060|4312|4313|4851|4908|5054|5155|5243|5327|5328|5742|6387|6696|7040|7042|7043|7052|7076|7134|7291|7412|7431|8600|10763|50507|51200|56005|57007|80332|136227,ANGPT1|DCN|ECM1|EIF4EBP1|EPAS1|ERBB4|EREG|FGF7|HLA-DRA|TNC|CCN1|LUM|MMP1|MMP2|NOTCH1|NTF3|SERPINE1|PDGFB|ABCB1|PLAT|PLAU|PTGS1|CXCL12|SPP1|TGFB1|TGFB2|TGFB3|TGM2|TIMP1|TNNC1|TWIST1|VCAM1|VIM|TNFSF11|NES|NOX4|CPA4|MYDGF|ACKR3|ADAM33|COL26A1,-7.2,0
1,-9,C1275122,M1,1,0,DisGeNET,35,Familial multiple trichoepitheliomata,,-9,3.5,7.7,30293,317,871,32,3.7,0.64,652|861|1030|1604|2022|2048|2192|2263|2294|3315|3485|3486|3491|3624|3702|4233|4312|5176|5742|6581|6657|6696|7076|7078|7138|8038|9590|9846|10628|22943|29128|151449,BMP4|RUNX1|CDKN2B|CD55|ENG|EPHB2|FBLN1|FGFR2|FOXF1|HSPB1|IGFBP2|IGFBP3|CCN1|INHBA|ITK|MET|MMP1|SERPINF1|PTGS1|SLC22A3|SOX2|SPP1|TIMP1|TIMP3|TNNT1|ADAM12|AKAP12|GAB2|TXNIP|DKK1|UHRF1|GDF7,-7.2,0
1,-9,C0011882,M1,1,0,DisGeNET,35,Diabetic Neuropathies,,-9,5.1,8.5,30293,143,871,21,2.4,0.52,348|1268|1808|3084|3315|3488|4313|4851|4908|5270|5327|6533|7040|7042|7043|7857|8600|8829|10628|50507|64399,APOE|CNR1|DPYSL2|NRG1|HSPB1|IGFBP5|MMP2|NOTCH1|NTF3|SERPINE2|PLAT|SLC6A6|TGFB1|TGFB2|TGFB3|SCG2|TNFSF11|NRP1|TXNIP|NOX4|HHIP,-7.2,0
1,-9,C0206762,M1,1,0,DisGeNET,35,"Limb Deformities, Congenital",,-9,8.3,9.6,30293,59,871,14,1.6,0.43,652|1404|1717|2192|2263|5125|5307|6299|6926|7042|7291|9464|10082|50515,BMP4|HAPLN1|DHCR7|FBLN1|FGFR2|PCSK5|PITX1|SALL1|TBX3|TGFB2|TWIST1|HAND2|GPC6|CHST11,-7.2,0
1,-9,C0035344,M1,1,0,DisGeNET,35,Retinopathy of Prematurity,,-9,4.3,8.1,30293,202,871,25,2.9,0.57,284|290|1902|1906|2034|2048|2321|2670|3486|3491|4233|4313|4851|4908|5176|5362|5764|6513|6781|7040|7052|7078|8829|11098|56670,ANGPT1|ANPEP|LPAR1|EDN1|EPAS1|EPHB2|FLT1|GFAP|IGFBP3|CCN1|MET|MMP2|NOTCH1|NTF3|SERPINF1|PLXNA2|PTN|SLC2A1|STC1|TGFB1|TGM2|TIMP3|NRP1|PRSS23|SUCNR1,-7.2,0
1,-9,C0022408,M1,1,0,DisGeNET,35,Arthropathy,,-9,4.5,8.2,30293,187,871,24,2.8,0.55,90|655|1311|1392|1490|1634|2048|2321|3371|3554|4313|4322|5742|6285|7040|7057|7134|7431|10216|10468|22943|54829|56005|348938,ACVR1|BMP7|COMP|CRH|CCN2|DCN|EPHB2|FLT1|TNC|IL1R1|MMP2|MMP13|PTGS1|S100B|TGFB1|THBS1|TNNC1|VIM|PRG4|FST|DKK1|ASPN|MYDGF|NIPAL4,-7.2,0
1,-9,C0162872,M1,1,0,DisGeNET,35,"Aortic Aneurysm, Thoracic",,-9,10,10,30293,41,871,12,1.4,0.39,59|4015|4313|4629|4638|4851|5054|5270|7042|7048|7057|8076,ACTA2|LOX|MMP2|MYH11|MYLK|NOTCH1|SERPINE1|SERPINE2|TGFB2|TGFBR2|THBS1|MFAP5,-7.2,0
1,-9,C0542476,M1,1,0,DisGeNET,35,Forgetful,,-9,3.1,7.5,30293,429,871,38,4.4,0.69,348|649|953|1191|1268|1356|1612|1808|1893|1909|1958|2030|2048|2670|2697|2890|3490|3708|3736|4129|4133|4854|4908|5066|5122|5155|5327|5742|6285|6492|7048|22943|23336|23705|25797|51816|57007|91584,APOE|BMP1|ENTPD1|CLU|CNR1|CP|DAPK1|DPYSL2|ECM1|EDNRA|EGR1|SLC29A1|EPHB2|GFAP|GJA1|GRIA1|IGFBP7|ITPR1|KCNA1|MAOB|MAP2|NOTCH3|NTF3|PAM|PCSK1|PDGFB|PLAT|PTGS1|S100B|SIM1|TGFBR2|DKK1|SYNM|CADM1|QPCT|ADA2|ACKR3|PLXNA4,-7.2,0
1,-8.9,C0238461,M1,1,0,DisGeNET,35,Anaplastic thyroid carcinoma,,-8.9,3.2,7.5,30293,392,871,36,4.1,0.67,348|701|894|970|1993|2048|3315|3490|3491|3589|3856|4015|4233|4313|4322|4851|5243|5328|6319|6387|6591|6657|6751|7040|7291|7431|7852|7980|8140|9518|10628|10763|29128|92737|150094|151887,APOE|BUB1B|CCND2|CD70|ELAVL2|EPHB2|HSPB1|IGFBP7|CCN1|IL11|KRT8|LOX|MET|MMP2|MMP13|NOTCH1|ABCB1|PLAU|SCD|CXCL12|SNAI2|SOX2|SSTR1|TGFB1|TWIST1|VIM|CXCR4|TFPI2|SLC7A5|GDF15|TXNIP|NES|UHRF1|DNER|SIK1|CCDC80,-7.2,0
1,-8.9,C0282160,M1,1,0,DisGeNET,35,Aplasia Cutis Congenita,,-8.9,3.2,7.5,30293,392,871,36,4.1,0.67,182|214|701|1294|1356|1392|1612|1832|1978|1993|2019|2048|2173|2308|2627|2670|4233|4603|4851|5243|5292|6241|6285|6513|6657|6696|6899|7291|7431|7852|8877|27087|57007|57514|117581|374897,JAG1|ALCAM|BUB1B|COL7A1|CP|CRH|DAPK1|DSP|EIF4EBP1|ELAVL2|EN1|EPHB2|FABP7|FOXO1|GATA6|GFAP|MET|MYBL1|NOTCH1|ABCB1|PIM1|RRM2|S100B|SLC2A1|SOX2|SPP1|TBX1|TWIST1|VIM|CXCR4|SPHK1|B3GAT1|ACKR3|ARHGAP31|TWIST2|SBSN,-7.2,0
1,-8.9,C0018965,M1,1,0,DisGeNET,35,Hematuria,,-8.9,4,7.9,30293,235,871,27,3.1,0.59,214|652|715|1282|1285|1286|1287|1392|2022|2201|2719|3075|3673|3927|4627|5251|5328|6387|6696|7040|7291|7431|8829|9518|10878|22795|29968,ALCAM|BMP4|C1R|COL4A1|COL4A3|COL4A4|COL4A5|CRH|ENG|FBN2|GPC3|CFH|ITGA2|LASP1|MYH9|PHEX|PLAU|CXCL12|SPP1|TGFB1|TWIST1|VIM|NRP1|GDF15|CFHR3|NID2|PSAT1,-7.2,0
1,-8.9,C0242339,M1,1,0,DisGeNET,35,Dyslipidemias,,-8.9,3,7.4,30293,471,871,40,4.6,0.71,19|290|348|570|1268|1282|1509|1906|2201|2308|2321|2590|4015|4036|4288|4638|5054|5122|5243|5327|5806|6319|6387|6696|7040|7048|7057|7138|7412|10216|10221|10628|22808|23017|27295|50507|51129|54972|55959|169026,ABCA1|ANPEP|APOE|BAAT|CNR1|COL4A1|CTSD|EDN1|FBN2|FOXO1|FLT1|GALNT2|LOX|LRP2|MKI67|MYLK|SERPINE1|PCSK1|ABCB1|PLAT|PTX3|SCD|CXCL12|SPP1|TGFB1|TGFBR2|THBS1|TNNT1|VCAM1|PRG4|TRIB1|TXNIP|MRAS|FAIM2|PDLIM3|NOX4|ANGPTL4|TMEM132A|SULF2|SLC30A8,-7.1,0
1,-8.9,C0029172,M1,1,0,DisGeNET,35,Oral Submucous Fibrosis,,-8.9,5.9,8.7,30293,106,871,18,2.1,0.48,284|652|655|1311|1490|1958|2263|4015|4060|4312|4313|5054|6285|6424|7040|7052|7076|7431,ANGPT1|BMP4|BMP7|COMP|CCN2|EGR1|FGFR2|LOX|LUM|MMP1|MMP2|SERPINE1|S100B|SFRP4|TGFB1|TGM2|TIMP1|VIM,-7.1,0
1,-8.8,C0079474,M1,1,0,DisGeNET,35,Hallopeau-Siemens Disease,,-8.8,8.9,9.7,30293,51,871,13,1.5,0.41,182|649|652|1294|1634|1839|3486|4312|4322|6876|7040|7052|7057,JAG1|BMP1|BMP4|COL7A1|DCN|HBEGF|IGFBP3|MMP1|MMP13|TAGLN|TGFB1|TGM2|THBS1,-7.1,0
1,-8.8,C0392514,M1,1,0,DisGeNET,35,Hereditary hemochromatosis,,-8.8,3.8,7.8,30293,254,871,28,3.2,0.6,348|652|654|861|1356|1909|1910|1978|2294|2512|2627|2719|2817|4091|4879|5243|6657|6783|6925|7040|7042|7412|8829|57007|64399|79901|117581|100133941,APOE|BMP4|BMP6|RUNX1|CP|EDNRA|EDNRB|EIF4EBP1|FOXF1|FTL|GATA6|GPC3|GPC1|SMAD6|NPPB|ABCB1|SOX2|SULT1E1|TCF4|TGFB1|TGFB2|VCAM1|NRP1|ACKR3|HHIP|CYBRD1|TWIST2|CD24,-7.1,0
1,-8.8,C0149931,M1,1,0,DisGeNET,35,Migraine Disorders,,-8.8,2.9,7.3,30293,512,871,42,4.8,0.73,288|348|953|1268|1281|1282|1284|1844|1906|1909|1910|2022|2048|2201|2263|2556|2624|2890|3736|4129|4313|4325|4837|4854|5155|5243|5806|6285|6507|6513|7040|7048|7291|8829|10100|10267|10763|27286|29968|51816|55966|63976,ANK3|APOE|ENTPD1|CNR1|COL3A1|COL4A1|COL4A2|DUSP2|EDN1|EDNRA|EDNRB|ENG|EPHB2|FBN2|FGFR2|GABRA3|GATA2|GRIA1|KCNA1|MAOB|MMP2|MMP16|NNMT|NOTCH3|PDGFB|ABCB1|PTX3|S100B|SLC1A3|SLC2A1|TGFB1|TGFBR2|TWIST1|NRP1|TSPAN2|RAMP1|NES|SRPX2|PSAT1|ADA2|AJAP1|PRDM16,-7,0
1,-8.8,C1851584,M1,1,0,DisGeNET,35,Childhood Ependymoma,,-8.8,5,8.3,30293,147,871,21,2.4,0.52,182|1030|1612|2048|2066|2670|3371|4133|4233|4288|4851|5156|5243|6277|6285|6781|7291|9368|10763|55859|150094,JAG1|CDKN2B|DAPK1|EPHB2|ERBB4|GFAP|TNC|MAP2|MET|MKI67|NOTCH1|PDGFRA|ABCB1|S100A6|S100B|STC1|TWIST1|NHERF1|NES|BEX1|SIK1,-7,0
1,-8.8,C0008924,M1,1,0,DisGeNET,35,Cleft upper lip,,-8.8,3.8,7.8,30293,255,871,28,3.2,0.6,652|1993|2066|2252|2263|2317|2697|2719|3084|4281|4312|5077|5083|5648|7021|7040|7043|9411|11259|23677|26227|26585|27324|57514|64093|80144|81578|83716,BMP4|ELAVL2|ERBB4|FGF7|FGFR2|FLNB|GJA1|GPC3|NRG1|MID1|MMP1|PAX3|PAX9|MASP1|TFAP2B|TGFB1|TGFB3|ARHGAP29|FILIP1L|SH3BP4|PHGDH|GREM1|TOX3|ARHGAP31|SMOC1|FRAS1|COL21A1|CRISPLD2,-7,0
1,-8.8,C4721579,M1,1,0,DisGeNET,35,Secondary malignant neoplasm of colon and/or rectum,,-8.8,3.2,7.4,30293,397,871,36,4.1,0.67,284|1839|1958|1993|2022|2043|2048|2066|2069|2321|3084|3090|3485|4233|4312|4629|4739|4851|4883|5054|5243|6387|6444|6513|7057|7076|7291|7364|7852|8829|9518|10123|22822|54894|57124|145864,ANGPT1|HBEGF|EGR1|ELAVL2|ENG|EPHA4|EPHB2|ERBB4|EREG|FLT1|NRG1|HIC1|IGFBP2|MET|MMP1|MYH11|NEDD9|NOTCH1|NPR3|SERPINE1|ABCB1|CXCL12|SGCD|SLC2A1|THBS1|TIMP1|TWIST1|UGT2B7|CXCR4|NRP1|GDF15|ARL4C|PHLDA1|RNF43|CD248|HAPLN3,-7,0
1,-8.8,C0206687,M1,1,0,DisGeNET,35,"Carcinoma, Endometrioid",,-8.8,4.1,7.9,30293,223,871,26,3,0.58,87|214|445|861|1000|1191|1612|2022|2719|3486|3491|4233|4313|4739|6277|6387|6422|6513|6696|6928|7040|7291|7852|8507|9547|100133941,ACTN1|ALCAM|ASS1|RUNX1|CDH2|CLU|DAPK1|ENG|GPC3|IGFBP3|CCN1|MET|MMP2|NEDD9|S100A6|CXCL12|SFRP1|SLC2A1|SPP1|HNF1B|TGFB1|TWIST1|CXCR4|ENC1|CXCL14|CD24,-7,0
1,-8.8,C0206708,M1,1,0,DisGeNET,35,Cervical Intraepithelial Neoplasia,,-8.8,3.1,7.4,30293,398,871,36,4.1,0.67,133|953|1612|2202|2263|2308|2317|3315|3371|3488|4232|4233|4288|4313|4605|4851|5055|5178|5764|6387|6513|6657|7040|7046|7431|7545|8829|9518|10630|10763|23541|23705|51129|57007|64093|117581,ADM|ENTPD1|DAPK1|EFEMP1|FGFR2|FOXO1|FLNB|HSPB1|TNC|IGFBP5|MEST|MET|MKI67|MMP2|MYBL2|NOTCH1|SERPINB2|PEG3|PTN|CXCL12|SLC2A1|SOX2|TGFB1|TGFBR1|VIM|ZIC1|NRP1|GDF15|PDPN|NES|SEC14L2|CADM1|ANGPTL4|ACKR3|SMOC1|TWIST2,-7,0
1,-8.8,C0221357,M1,1,0,DisGeNET,35,Brachydactyly,,-8.8,3.4,7.6,30293,325,871,32,3.7,0.64,182|652|1300|1311|1717|2263|2296|2317|2627|2697|2706|2817|4053|4094|4851|5077|5307|6513|6899|6913|7048|7291|7545|10370|22808|50515|57514|63976|80144|81792|84570|170691,JAG1|BMP4|COL10A1|COMP|DHCR7|FGFR2|FOXC1|FLNB|GATA6|GJA1|GJB2|GPC1|LTBP2|MAF|NOTCH1|PAX3|PITX1|SLC2A1|TBX1|TBX15|TGFBR2|TWIST1|ZIC1|CITED2|MRAS|CHST11|ARHGAP31|PRDM16|FRAS1|ADAMTS12|COL25A1|ADAMTS17,-7,0
1,-8.7,C3714948,M1,1,0,DisGeNET,35,PACHYONYCHIA CONGENITA 3,,-8.7,4.2,7.9,30293,209,871,25,2.9,0.57,284|805|1191|1268|2048|2308|2697|2817|3315|4233|4313|5176|5243|5292|5328|6657|6696|7040|7431|7832|7852|8600|29968|55512|55959,ANGPT1|CALM2|CLU|CNR1|EPHB2|FOXO1|GJA1|GPC1|HSPB1|MET|MMP2|SERPINF1|ABCB1|PIM1|PLAU|SOX2|SPP1|TGFB1|VIM|BTG2|CXCR4|TNFSF11|PSAT1|SMPD3|SULF2,-6.9,0
1,-8.7,C0376618,M1,1,0,DisGeNET,35,Endotoxemia,,-8.7,3.1,7.4,30293,401,871,36,4.1,0.67,70|133|150|445|1906|1909|2069|2149|2495|2670|2697|3315|3486|3488|4313|4502|4638|5054|5122|5142|5243|5764|5806|7075|7078|7412|7852|9510|26585|27286|50507|54541|55638|56005|57007|114907,ACTC1|ADM|ADRA2A|ASS1|EDN1|EDNRA|EREG|F2R|FTH1|GFAP|GJA1|HSPB1|IGFBP3|IGFBP5|MMP2|MT2A|MYLK|SERPINE1|PCSK1|PDE4B|ABCB1|PTN|PTX3|TIE1|TIMP3|VCAM1|CXCR4|ADAMTS1|GREM1|SRPX2|NOX4|DDIT4|SYBU|MYDGF|ACKR3|FBXO32,-6.9,0
1,-8.7,C2937358,M1,1,0,DisGeNET,35,Cerebral Hemorrhage,,-8.7,5.4,8.4,30293,122,871,19,2.2,0.49,348|1282|1284|2022|2244|2321|2668|3075|3486|4313|4502|4879|5155|5327|5328|6285|6696|7057|7852,APOE|COL4A1|COL4A2|ENG|FGB|FLT1|GDNF|CFH|IGFBP3|MMP2|MT2A|NPPB|PDGFB|PLAT|PLAU|S100B|SPP1|THBS1|CXCR4,-6.9,0
1,-8.7,C0029925,M1,1,0,DisGeNET,35,Ovarian Carcinoma,,-8.7,2.8,7.2,30293,539,871,43,4.9,0.73,133|290|861|1030|1191|1906|2048|2149|2202|2308|2321|3315|3490|3491|4233|4288|4313|4739|4851|4978|5054|5243|5742|5783|6424|6591|6657|6928|7040|7048|7291|7431|8038|8140|8490|9846|10611|22943|23024|27253|54541|54894|92737,ADM|ANPEP|RUNX1|CDKN2B|CLU|EDN1|EPHB2|F2R|EFEMP1|FOXO1|FLT1|HSPB1|IGFBP7|CCN1|MET|MKI67|MMP2|NEDD9|NOTCH1|OPCML|SERPINE1|ABCB1|PTGS1|PTPN13|SFRP4|SNAI2|SOX2|HNF1B|TGFB1|TGFBR2|TWIST1|VIM|ADAM12|SLC7A5|RGS5|GAB2|PDLIM5|DKK1|PDZRN3|PCDH17|DDIT4|RNF43|DNER,-6.9,0
1,-8.6,C0795690,M1,1,0,DisGeNET,35,Congenital omphalocele,,-8.6,6.5,8.8,30293,85,871,16,1.8,0.46,1028|2048|2138|2317|2706|2719|3090|4036|4313|4629|4638|5125|5648|80144|117581|158326,CDKN1C|EPHB2|EYA1|FLNB|GJB2|GPC3|HIC1|LRP2|MMP2|MYH11|MYLK|PCSK5|MASP1|FRAS1|TWIST2|FREM1,-6.9,0
1,-8.6,C0241868,M1,1,0,DisGeNET,35,acute aortic dissection,,-8.6,7.7,9.2,30293,63,871,14,1.6,0.43,59|348|1490|3371|4015|4312|4313|4638|5054|5327|7057|7301|8553|9510,ACTA2|APOE|CCN2|TNC|LOX|MMP1|MMP2|MYLK|SERPINE1|PLAT|THBS1|TYRO3|BHLHE40|ADAMTS1,-6.9,0
1,-8.6,C0041948,M1,1,0,DisGeNET,35,Uremia,,-8.6,5.7,8.5,30293,110,871,18,2.1,0.48,284|348|655|1906|2321|4256|4313|4851|5806|6513|6696|7040|7046|7225|7412|8840|10370|27295,ANGPT1|APOE|BMP7|EDN1|FLT1|MGP|MMP2|NOTCH1|PTX3|SLC2A1|SPP1|TGFB1|TGFBR1|TRPC6|VCAM1|CCN4|CITED2|PDLIM3,-6.8,0
1,-8.6,C0014170,M1,1,0,DisGeNET,35,Endometrial Neoplasms,,-8.6,3.7,7.6,30293,261,871,28,3.2,0.6,133|1028|1030|1191|1545|1634|2022|2263|2308|2706|3491|3624|3927|4233|4313|4322|5055|5176|5243|5328|6696|6783|6928|7852|10468|54894|57007|83857,ADM|CDKN1C|CDKN2B|CLU|CYP1B1|DCN|ENG|FGFR2|FOXO1|GJB2|CCN1|INHBA|LASP1|MET|MMP2|MMP13|SERPINB2|SERPINF1|ABCB1|PLAU|SPP1|SULT1E1|HNF1B|CXCR4|FST|RNF43|ACKR3|TMTC1,-6.8,0
1,-8.6,C0011269,M1,1,0,DisGeNET,35,"Dementia, Vascular",,-8.6,4.1,7.8,30293,212,871,25,2.9,0.57,133|348|875|1191|1906|2043|2308|2321|2668|2670|2674|4313|4851|4854|5021|5054|5152|5648|6696|7040|10628|10763|23336|26047|55504,ADM|APOE|CBS|CLU|EDN1|EPHA4|FOXO1|FLT1|GDNF|GFAP|GFRA1|MMP2|NOTCH1|NOTCH3|OXTR|SERPINE1|PDE9A|MASP1|SPP1|TGFB1|TXNIP|NES|SYNM|CNTNAP2|TNFRSF19,-6.8,0
1,-8.6,C1153706,M1,1,0,DisGeNET,35,Endometrial adenocarcinoma,,-8.6,4.1,7.8,30293,212,871,25,2.9,0.57,133|1381|1509|1612|1827|1906|2048|2252|2263|2308|3371|3589|3976|4851|6241|6387|6586|7040|7046|7852|8140|9510|10468|51400|57007,ADM|CRABP1|CTSD|DAPK1|RCAN1|EDN1|EPHB2|FGF7|FGFR2|FOXO1|TNC|IL11|LIF|NOTCH1|RRM2|CXCL12|SLIT3|TGFB1|TGFBR1|CXCR4|SLC7A5|ADAMTS1|FST|PPME1|ACKR3,-6.8,0
1,-8.6,C0032914,M1,1,0,DisGeNET,35,Pre-Eclampsia,,-8.6,4.6,8,30293,166,871,22,2.5,0.53,133|666|1191|1356|1392|1906|2022|2321|3075|3491|3624|5054|5742|5806|6285|7040|7162|7412|8038|10699|57211|100133941,ADM|BOK|CLU|CP|CRH|EDN1|ENG|FLT1|CFH|CCN1|INHBA|SERPINE1|PTGS1|PTX3|S100B|TGFB1|TPBG|VCAM1|ADAM12|CORIN|ADGRG6|CD24,-6.8,0
1,-8.5,C1168327,M1,1,0,DisGeNET,35,High-Grade Prostatic Intraepithelial Neoplasia,,-8.5,5.6,8.4,30293,111,871,18,2.1,0.48,1634|1902|1910|2151|2258|2668|3486|3490|4233|4288|4322|5243|5292|6423|6518|6696|9518|57007,DCN|LPAR1|EDNRB|F2RL2|FGF13|GDNF|IGFBP3|IGFBP7|MET|MKI67|MMP13|ABCB1|PIM1|SFRP2|SLC2A5|SPP1|GDF15|ACKR3,-6.8,0
1,-8.5,C0086432,M1,1,0,DisGeNET,35,"Hyalinosis, Segmental Glomerular",,-8.5,12,10,30293,28,871,10,1.1,0.36,59|1282|1490|1906|4627|5054|6696|7040|7225|54443,ACTA2|COL4A1|CCN2|EDN1|MYH9|SERPINE1|SPP1|TGFB1|TRPC6|ANLN,-6.8,0
1,-8.5,C0027962,M1,1,0,DisGeNET,35,Melanocytic nevus,,-8.5,3.5,7.5,30293,297,871,30,3.4,0.62,214|1030|1281|1509|1759|1906|1993|2048|2263|2706|2719|3315|3490|4036|4133|4288|4312|4948|5066|5077|5083|6277|6513|7048|9846|10763|22808|22822|23705|83715,ALCAM|CDKN2B|COL3A1|CTSD|DNM1|EDN1|ELAVL2|EPHB2|FGFR2|GJB2|GPC3|HSPB1|IGFBP7|LRP2|MAP2|MKI67|MMP1|OCA2|PAM|PAX3|PAX9|S100A6|SLC2A1|TGFBR2|GAB2|NES|MRAS|PHLDA1|CADM1|ESPN,-6.8,0
1,-8.5,C0017185,M1,1,0,DisGeNET,35,Gastrointestinal Neoplasms,,-8.5,4.4,7.9,30293,182,871,23,2.6,0.54,133|701|976|2048|2149|2273|3090|3589|4883|5054|5156|5243|5792|6387|6423|6925|7040|7162|7852|8549|9518|22795|50507,ADM|BUB1B|ADGRE5|EPHB2|F2R|FHL1|HIC1|IL11|NPR3|SERPINE1|PDGFRA|ABCB1|PTPRF|CXCL12|SFRP2|TCF4|TGFB1|TPBG|CXCR4|LGR5|GDF15|NID2|NOX4,-6.8,0
1,-8.5,C4552766,M1,1,0,DisGeNET,35,Miscarriage,,-8.5,3,7.2,30293,426,871,37,4.2,0.68,90|348|652|953|1028|1293|1545|1604|1893|2244|2252|2263|2321|2706|3486|3589|3910|3976|4133|4232|4256|4320|5054|5243|5740|6281|6285|6578|7040|7046|7078|7412|10468|10699|22943|23213|27324,ACVR1|APOE|BMP4|ENTPD1|CDKN1C|COL6A3|CYP1B1|CD55|ECM1|FGB|FGF7|FGFR2|FLT1|GJB2|IGFBP3|IL11|LAMA4|LIF|MAP2|MEST|MGP|MMP11|SERPINE1|ABCB1|PTGIS|S100A10|S100B|SLCO2A1|TGFB1|TGFBR1|TIMP3|VCAM1|FST|CORIN|DKK1|SULF1|TOX3,-6.8,0
1,-8.5,C0011644,M1,1,0,DisGeNET,35,Scleroderma,,-8.5,3.4,7.4,30293,316,871,31,3.6,0.63,654|1281|1311|1490|1906|1910|1958|1959|2022|2048|2296|3371|3491|4015|4233|4312|4605|4921|5054|5270|5328|7040|7046|7048|7057|7076|7078|8425|9518|22795|22943,BMP6|COL3A1|COMP|CCN2|EDN1|EDNRB|EGR1|EGR2|ENG|EPHB2|FOXC1|TNC|CCN1|LOX|MET|MMP1|MYBL2|DDR2|SERPINE1|SERPINE2|PLAU|TGFB1|TGFBR1|TGFBR2|THBS1|TIMP1|TIMP3|LTBP4|GDF15|NID2|DKK1,-6.7,0
1,-8.5,C0023487,M1,1,0,DisGeNET,35,Acute Promyelocytic Leukemia,,-8.5,2.6,6.9,30293,651,871,48,5.5,0.77,182|290|652|654|861|1030|1381|1612|1958|1978|2048|2066|2258|2296|2308|2321|2624|2668|2674|3090|3232|3486|4851|5243|5327|5742|6281|6422|6869|7040|7052|7057|7076|7291|7431|7852|8870|9368|10628|10630|22943|23089|23677|26227|28984|55638|57761|79971,JAG1|ANPEP|BMP4|BMP6|RUNX1|CDKN2B|CRABP1|DAPK1|EGR1|EIF4EBP1|EPHB2|ERBB4|FGF13|FOXC1|FOXO1|FLT1|GATA2|GDNF|GFRA1|HIC1|HOXD3|IGFBP3|NOTCH1|ABCB1|PLAT|PTGS1|S100A10|SFRP1|TACR1|TGFB1|TGM2|THBS1|TIMP1|TWIST1|VIM|CXCR4|IER3|NHERF1|TXNIP|PDPN|DKK1|PEG10|SH3BP4|PHGDH|RGCC|SYBU|TRIB3|WLS,-6.7,0
1,-8.5,C0279671,M1,1,0,DisGeNET,35,Cervical Squamous Cell Carcinoma,,-8.5,3.2,7.3,30293,371,871,34,3.9,0.66,133|284|348|1509|1612|2066|2252|2263|2321|2627|3856|4233|4288|4313|4837|4969|6285|6387|6493|6513|6657|6696|7040|7057|7078|7291|7431|7545|9180|9547|10602|10630|29128|57007,ADM|ANGPT1|APOE|CTSD|DAPK1|ERBB4|FGF7|FGFR2|FLT1|GATA6|KRT8|MET|MKI67|MMP2|NNMT|OGN|S100B|CXCL12|SIM2|SLC2A1|SOX2|SPP1|TGFB1|THBS1|TIMP3|TWIST1|VIM|ZIC1|OSMR|CXCL14|CDC42EP3|PDPN|UHRF1|ACKR3,-6.7,0
1,-8.4,C0151779,M1,1,0,DisGeNET,35,Cutaneous Melanoma,,-8.4,2.8,7.1,30293,507,871,41,4.7,0.72,652|1030|1268|1464|1545|1674|2066|2173|2192|2668|2670|2861|3976|4133|4233|4288|4312|4313|4837|4948|5077|5156|5176|5307|6285|6387|6696|7057|7078|7412|7431|7852|10763|23657|23705|51129|55655|57007|63976|80243|644943,BMP4|CDKN2B|CNR1|CSPG4|CYP1B1|DES|ERBB4|FABP7|FBLN1|GDNF|GFAP|GPR37|LIF|MAP2|MET|MKI67|MMP1|MMP2|NNMT|OCA2|PAX3|PDGFRA|SERPINF1|PITX1|S100B|CXCL12|SPP1|THBS1|TIMP3|VCAM1|VIM|CXCR4|NES|SLC7A11|CADM1|ANGPTL4|NLRP2|ACKR3|PRDM16|PREX2|RASSF10,-6.7,0
1,-8.4,C0279070,M1,1,0,DisGeNET,35,Adult Oligodendroglioma,,-8.4,4.7,8,30293,154,871,21,2.4,0.52,1030|1464|1612|1674|2321|2334|2668|2670|3371|3485|4233|4288|5156|6783|7431|7832|8848|9518|10763|23462|63827,CDKN2B|CSPG4|DAPK1|DES|FLT1|AFF2|GDNF|GFAP|TNC|IGFBP2|MET|MKI67|PDGFRA|SULT1E1|VIM|BTG2|TSC22D1|GDF15|NES|HEY1|BCAN,-6.7,0
1,-8.4,C0280475,M1,1,0,DisGeNET,35,Childhood Oligodendroglioma,,-8.4,4.7,8,30293,154,871,21,2.4,0.52,1030|1464|1612|1674|2321|2334|2668|2670|3371|3485|4233|4288|5156|6783|7431|7832|8848|9518|10763|23462|63827,CDKN2B|CSPG4|DAPK1|DES|FLT1|AFF2|GDNF|GFAP|TNC|IGFBP2|MET|MKI67|PDGFRA|SULT1E1|VIM|BTG2|TSC22D1|GDF15|NES|HEY1|BCAN,-6.7,0
1,-8.4,C0026010,M1,1,0,DisGeNET,35,Microphthalmos,,-8.4,3.3,7.3,30293,336,871,32,3.7,0.64,220|290|652|701|1282|1545|1674|1958|2697|4233|4281|4313|4851|5077|5080|5176|5454|6285|6299|6657|6899|6913|7837|26227|51222|51232|57514|64093|64220|80144|158326|221662,ALDH1A3|ANPEP|BMP4|BUB1B|COL4A1|CYP1B1|DES|EGR1|GJA1|MET|MID1|MMP2|NOTCH1|PAX3|PAX6|SERPINF1|POU3F2|S100B|SALL1|SOX2|TBX1|TBX15|PXDN|PHGDH|ZNF219|CRIM1|ARHGAP31|SMOC1|STRA6|FRAS1|FREM1|RBM24,-6.7,0
1,-8.4,C0026277,M1,1,0,DisGeNET,35,Mixed Salivary Gland Tumor,,-8.4,4.3,7.8,30293,185,871,23,2.6,0.54,214|654|655|1612|2263|2321|2670|3315|3977|4060|4313|4603|5156|6285|6387|6513|6657|7040|7431|7852|27087|57007|100133941,ALCAM|BMP6|BMP7|DAPK1|FGFR2|FLT1|GFAP|HSPB1|LIFR|LUM|MMP2|MYBL1|PDGFRA|S100B|CXCL12|SLC2A1|SOX2|TGFB1|VIM|CXCR4|B3GAT1|ACKR3|CD24,-6.6,0
1,-8.4,C4087504,M1,1,0,DisGeNET,35,Peritoneal dissemination,,-8.4,4.5,7.9,30293,170,871,22,2.5,0.53,1490|2034|2151|2719|3491|3673|4233|4312|4921|5054|5055|5328|7040|7076|7291|7431|7852|8877|10123|23705|57007|140885,CCN2|EPAS1|F2RL2|GPC3|CCN1|ITGA2|MET|MMP1|DDR2|SERPINE1|SERPINB2|PLAU|TGFB1|TIMP1|TWIST1|VIM|CXCR4|SPHK1|ARL4C|CADM1|ACKR3|SIRPA,-6.6,0
1,-8.3,C1859726,M1,1,0,DisGeNET,35,ARTERIAL TORTUOSITY SYNDROME,,-8.3,10,9.8,30293,37,871,11,1.3,0.38,348|1030|1282|1285|1286|1287|4627|6513|7042|7046|7048,APOE|CDKN2B|COL4A1|COL4A3|COL4A4|COL4A5|MYH9|SLC2A1|TGFB2|TGFBR1|TGFBR2,-6.6,0
1,-8.3,C2745963,M1,1,0,DisGeNET,35,Kashin-Beck Disease,,-8.3,6.8,8.7,30293,77,871,15,1.7,0.44,1300|1404|1634|1734|3485|3486|4312|6869|7040|7046|8038|9510|50515|54829|90161,COL10A1|HAPLN1|DCN|DIO2|IGFBP2|IGFBP3|MMP1|TACR1|TGFB1|TGFBR1|ADAM12|ADAMTS1|CHST11|ASPN|HS6ST2,-6.6,0
1,-8.3,C3693482,M1,1,0,DisGeNET,35,Giant Cell Fibroblastoma,,-8.3,6.8,8.7,30293,77,871,15,1.7,0.44,1293|1490|1674|1978|4288|4958|5155|5156|6285|7040|7048|7431|9098|10763|56911,COL6A3|CCN2|DES|EIF4EBP1|MKI67|OMD|PDGFB|PDGFRA|S100B|TGFB1|TGFBR2|VIM|USP6|NES|MAP3K7CL,-6.6,0
1,-8.3,C0037274,M1,1,0,DisGeNET,35,Dermatologic disorders,,-8.3,2.6,6.9,30293,615,871,46,5.3,0.76,654|1294|1490|1634|1674|1832|1893|1906|1978|2034|2043|2048|2149|2252|2263|2670|2697|2706|3371|3400|3554|3672|3675|3702|3976|4015|5142|5176|5327|5362|5806|6319|6387|6869|7040|7042|7052|7130|7412|8870|8877|9180|9966|50507|50863|80760,BMP6|COL7A1|CCN2|DCN|DES|DSP|ECM1|EDN1|EIF4EBP1|EPAS1|EPHA4|EPHB2|F2R|FGF7|FGFR2|GFAP|GJA1|GJB2|TNC|ID4|IL1R1|ITGA1|ITGA3|ITK|LIF|LOX|PDE4B|SERPINF1|PLAT|PLXNA2|PTX3|SCD|CXCL12|TACR1|TGFB1|TGFB2|TGM2|TNFAIP6|VCAM1|IER3|SPHK1|OSMR|TNFSF15|NOX4|NTM|ITIH5,-6.6,0
1,-8.3,C1527390,M1,1,0,DisGeNET,35,"Neoplasms, Intracranial",,-8.3,4.7,7.9,30293,157,871,21,2.4,0.52,133|1464|1545|1612|2202|3490|3976|4313|4851|5156|5243|6285|6657|6696|7040|7048|7052|7980|9244|9518|10100,ADM|CSPG4|CYP1B1|DAPK1|EFEMP1|IGFBP7|LIF|MMP2|NOTCH1|PDGFRA|ABCB1|S100B|SOX2|SPP1|TGFB1|TGFBR2|TGM2|TFPI2|CRLF1|GDF15|TSPAN2,-6.5,0
1,-8.2,C0017661,M1,1,0,DisGeNET,35,IGA Glomerulonephritis,,-8.2,2.9,7,30293,456,871,38,4.4,0.69,133|182|348|1028|1191|1268|1284|1287|1356|1490|1604|1634|1893|1906|2048|2683|3075|3122|3371|3490|4036|4232|4313|4627|4851|4854|5054|5155|5328|5806|6696|7040|7076|7412|9518|10878|59277|64759,ADM|JAG1|APOE|CDKN1C|CLU|CNR1|COL4A2|COL4A5|CP|CCN2|CD55|DCN|ECM1|EDN1|EPHB2|B4GALT1|CFH|HLA-DRA|TNC|IGFBP7|LRP2|MEST|MMP2|MYH9|NOTCH1|NOTCH3|SERPINE1|PDGFB|PLAU|PTX3|SPP1|TGFB1|TIMP1|VCAM1|GDF15|CFHR3|NTN4|TNS3,-6.5,0
1,-8.2,C0271084,M1,1,0,DisGeNET,35,Exudative age-related macular degeneration,,-8.2,4.6,7.9,30293,158,871,21,2.4,0.52,19|348|654|710|1285|2321|3075|4312|5176|5362|5764|7040|7042|7078|7436|8829|22943|26585|51129|54541|91156,ABCA1|APOE|BMP6|SERPING1|COL4A3|FLT1|CFH|MMP1|SERPINF1|PLXNA2|PTN|TGFB1|TGFB2|TIMP3|VLDLR|NRP1|DKK1|GREM1|ANGPTL4|DDIT4|IGFN1,-6.5,0
1,-8.2,C0022116,M1,1,0,DisGeNET,35,Ischemia,,-8.2,5.7,8.3,30293,103,871,17,2,0.47,59|133|348|953|1356|1839|1906|1958|2697|2706|4313|5327|5328|6285|6387|6546|7057,ACTA2|ADM|APOE|ENTPD1|CP|HBEGF|EDN1|EGR1|GJA1|GJB2|MMP2|PLAT|PLAU|S100B|CXCL12|SLC8A1|THBS1,-6.5,0
1,-8.2,C0278874,M1,1,0,DisGeNET,35,Adult Ependymoma,,-8.2,4.8,7.9,30293,144,871,20,2.3,0.51,182|1030|1612|2048|2670|3371|4133|4233|4288|4851|5156|5243|6277|6285|6781|7291|9368|10763|55859|150094,JAG1|CDKN2B|DAPK1|EPHB2|GFAP|TNC|MAP2|MET|MKI67|NOTCH1|PDGFRA|ABCB1|S100A6|S100B|STC1|TWIST1|NHERF1|NES|BEX1|SIK1,-6.5,0
1,-8.2,C0796611,M1,1,0,DisGeNET,35,Newly Diagnosed Childhood Ependymoma,,-8.2,4.8,7.9,30293,144,871,20,2.3,0.51,182|1030|1612|2048|2670|3371|4133|4233|4288|4851|5156|5243|6277|6285|6781|7291|9368|10763|55859|150094,JAG1|CDKN2B|DAPK1|EPHB2|GFAP|TNC|MAP2|MET|MKI67|NOTCH1|PDGFRA|ABCB1|S100A6|S100B|STC1|TWIST1|NHERF1|NES|BEX1|SIK1,-6.5,0
1,-8.2,C0006012,M1,1,0,DisGeNET,35,Borderline Personality Disorder,,-8.2,3.9,7.5,30293,221,871,25,2.9,0.57,108|284|288|348|794|1240|1392|1808|1909|2022|2066|2138|2149|2263|2670|2817|3084|3485|4129|4854|5021|9369|10611|57007|163782,ADCY2|ANGPT1|ANK3|APOE|CALB2|CMKLR1|CRH|DPYSL2|EDNRA|ENG|ERBB4|EYA1|F2R|FGFR2|GFAP|GPC1|NRG1|IGFBP2|MAOB|NOTCH3|OXTR|NRXN3|PDLIM5|ACKR3|KANK4,-6.5,0
1,-8.2,C0281361,M1,1,0,DisGeNET,35,Adenocarcinoma of pancreas,,-8.2,2.8,6.9,30293,518,871,41,4.7,0.72,133|214|284|649|894|1030|2030|2043|2048|2149|2202|2308|2627|2817|3485|4060|4233|5054|5176|5179|5328|6241|6387|6513|6696|6928|7040|7048|7852|7980|8029|8829|9368|9518|22943|23705|51129|54894|55655|57007|84504,ADM|ALCAM|ANGPT1|BMP1|CCND2|CDKN2B|SLC29A1|EPHA4|EPHB2|F2R|EFEMP1|FOXO1|GATA6|GPC1|IGFBP2|LUM|MET|SERPINE1|SERPINF1|PENK|PLAU|RRM2|CXCL12|SLC2A1|SPP1|HNF1B|TGFB1|TGFBR2|CXCR4|TFPI2|CUBN|NRP1|NHERF1|GDF15|DKK1|CADM1|ANGPTL4|RNF43|NLRP2|ACKR3|NKX6-2,-6.5,0
1,-8.2,C4721507,M1,1,0,DisGeNET,35,"Alveolitis, Fibrosing",,-8.2,6.1,8.4,30293,91,871,16,1.8,0.46,21|59|655|1281|1490|1832|1906|2252|3912|4313|5155|5806|6696|7040|7076|26585,ABCA3|ACTA2|BMP7|COL3A1|CCN2|DSP|EDN1|FGF7|LAMB1|MMP2|PDGFB|PTX3|SPP1|TGFB1|TIMP1|GREM1,-6.5,0
1,-8.2,C0553723,M1,1,0,DisGeNET,35,Squamous cell carcinoma of skin,,-8.2,2.9,7,30293,458,871,38,4.4,0.69,861|1030|1294|1490|1604|1612|1839|1909|2048|2202|2263|2273|2706|3371|3486|3856|4312|4322|4851|4948|5327|5789|6387|6422|6513|6657|7040|7046|7048|7057|7431|8549|10630|23705|55638|57007|81567|84433,RUNX1|CDKN2B|COL7A1|CCN2|CD55|DAPK1|HBEGF|EDNRA|EPHB2|EFEMP1|FGFR2|FHL1|GJB2|TNC|IGFBP3|KRT8|MMP1|MMP13|NOTCH1|OCA2|PLAT|PTPRD|CXCL12|SFRP1|SLC2A1|SOX2|TGFB1|TGFBR1|TGFBR2|THBS1|VIM|LGR5|PDPN|CADM1|SYBU|ACKR3|TXNDC5|CARD11,-6.5,0
1,-8.1,C0008370,M1,1,0,DisGeNET,35,Cholestasis,,-8.1,3,7,30293,420,871,36,4.1,0.67,19|182|290|348|570|1191|1490|1634|1958|2022|2034|2048|2149|2201|2294|2317|3315|3400|4094|4129|4313|4854|5054|5122|5155|5243|6581|6783|6928|7076|7412|23189|23541|27295|50507|116496,ABCA1|JAG1|ANPEP|APOE|BAAT|CLU|CCN2|DCN|EGR1|ENG|EPAS1|EPHB2|F2R|FBN2|FOXF1|FLNB|HSPB1|ID4|MAF|MAOB|MMP2|NOTCH3|SERPINE1|PCSK1|PDGFB|ABCB1|SLC22A3|SULT1E1|HNF1B|TIMP1|VCAM1|KANK1|SEC14L2|PDLIM3|NOX4|NIBAN1,-6.4,0
1,-8.1,C0040420,M1,1,0,DisGeNET,35,Tonometry,,-8.1,4.1,7.6,30293,206,871,24,2.8,0.55,284|290|1282|1285|2201|2202|3899|4052|4053|5125|6925|7042|7048|7145|8038|8871|9644|9846|11095|56265|90139|114907|136227|170691,ANGPT1|ANPEP|COL4A1|COL4A3|FBN2|EFEMP1|AFF3|LTBP1|LTBP2|PCSK5|TCF4|TGFB2|TGFBR2|TNS1|ADAM12|SYNJ2|SH3PXD2A|GAB2|ADAMTS8|CPXM1|TSPAN18|FBXO32|COL26A1|ADAMTS17,-6.4,0
1,-8.1,C0020507,M1,1,0,DisGeNET,35,Hyperplasia,,-8.1,5,8,30293,131,871,19,2.2,0.49,794|1030|1839|2308|2697|3315|3486|3491|4312|4313|5021|5054|5066|5328|7040|7048|7852|8140|10216,CALB2|CDKN2B|HBEGF|FOXO1|GJA1|HSPB1|IGFBP3|CCN1|MMP1|MMP2|OXTR|SERPINE1|PAM|PLAU|TGFB1|TGFBR2|CXCR4|SLC7A5|PRG4,-6.4,0
1,-8.1,C4025690,M1,1,0,DisGeNET,35,Prenatal maternal abnormality,,-8.1,14,10,30293,23,871,9,1,0.34,59|4015|4629|4638|7042|7043|7046|7048|8076,ACTA2|LOX|MYH11|MYLK|TGFB2|TGFB3|TGFBR1|TGFBR2|MFAP5,-6.4,0
1,-8.1,C0006111,M1,1,0,DisGeNET,35,Brain Diseases,,-8.1,3.2,7.2,30293,345,871,32,3.7,0.64,348|1030|1282|1356|1808|1827|1906|1910|1958|2066|2149|2668|2670|3084|3976|4685|4747|4851|4854|5152|5243|6285|6387|6507|7040|7052|8140|9256|10319|10628|27286|57007,APOE|CDKN2B|COL4A1|CP|DPYSL2|RCAN1|EDN1|EDNRB|EGR1|ERBB4|F2R|GDNF|GFAP|NRG1|LIF|NCAM2|NEFL|NOTCH1|NOTCH3|PDE9A|ABCB1|S100B|CXCL12|SLC1A3|TGFB1|TGM2|SLC7A5|TSPOAP1|LAMC3|TXNIP|SRPX2|ACKR3,-6.4,0
1,-8.1,C3494422,M1,1,0,DisGeNET,35,Retrognathia,,-8.1,4.2,7.6,30293,191,871,23,2.6,0.54,58|59|1281|1906|2138|2273|4015|4629|4638|6536|6899|7042|7043|7046|7048|8076|8425|9244|9758|26227|29968|64093|79633,ACTA1|ACTA2|COL3A1|EDN1|EYA1|FHL1|LOX|MYH11|MYLK|SLC6A9|TBX1|TGFB2|TGFB3|TGFBR1|TGFBR2|MFAP5|LTBP4|CRLF1|FRMPD4|PHGDH|PSAT1|SMOC1|FAT4,-6.4,0
1,-8.1,C0265110,M1,1,0,DisGeNET,35,Cerebral Vasospasm,,-8.1,8.7,9.2,30293,48,871,12,1.4,0.39,133|348|1906|1909|2697|3371|5327|5742|6277|6285|7076|7078,ADM|APOE|EDN1|EDNRA|GJA1|TNC|PLAT|PTGS1|S100A6|S100B|TIMP1|TIMP3,-6.4,0
1,-8.1,C0424605,M1,1,0,DisGeNET,35,Developmental delay (disorder),,-8.1,2.6,6.8,30293,584,871,44,5.1,0.74,220|348|547|861|1282|1356|1717|1759|2045|2138|2201|2296|2334|2615|2895|2917|3084|4129|4281|4330|4908|4978|5054|5080|5354|5454|6492|6509|6513|6591|6657|6899|6925|7048|7291|7545|10718|23189|26227|50863|55655|117581|152330|253738,ALDH1A3|APOE|KIF1A|RUNX1|COL4A1|CP|DHCR7|DNM1|EPHA7|EYA1|FBN2|FOXC1|AFF2|LRRC32|GRID2|GRM7|NRG1|MAOB|MID1|MN1|NTF3|OPCML|SERPINE1|PAX6|PLP1|POU3F2|SIM1|SLC1A4|SLC2A1|SNAI2|SOX2|TBX1|TCF4|TGFBR2|TWIST1|ZIC1|NRG3|KANK1|PHGDH|NTM|NLRP2|TWIST2|CNTN4|EBF3,-6.4,0
1,-8.1,C0032326,M1,1,0,DisGeNET,35,Pneumothorax,,-8.1,7.1,8.7,30293,69,871,14,1.6,0.43,59|649|1281|2066|4015|4312|4629|4638|5961|7042|7043|7046|7048|8076,ACTA2|BMP1|COL3A1|ERBB4|LOX|MMP1|MYH11|MYLK|PRPH2|TGFB2|TGFB3|TGFBR1|TGFBR2|MFAP5,-6.4,0
1,-8.1,C0149782,M1,1,0,DisGeNET,35,Squamous cell carcinoma of lung,,-8.1,2.5,6.7,30293,670,871,48,5.5,0.77,284|652|710|1191|1909|1993|2034|2066|2149|2263|2627|2719|3090|3315|3856|3887|4233|4851|4921|5054|5243|5328|5454|5648|5783|6241|6277|6281|6492|6513|6657|6928|7040|7048|7076|7431|7852|8805|9846|10123|10630|10752|23089|56005|57007|79192|84858|401541,ANGPT1|BMP4|SERPING1|CLU|EDNRA|ELAVL2|EPAS1|ERBB4|F2R|FGFR2|GATA6|GPC3|HIC1|HSPB1|KRT8|KRT81|MET|NOTCH1|DDR2|SERPINE1|ABCB1|PLAU|POU3F2|MASP1|PTPN13|RRM2|S100A6|S100A10|SIM1|SLC2A1|SOX2|HNF1B|TGFB1|TGFBR2|TIMP1|VIM|CXCR4|TRIM24|GAB2|ARL4C|PDPN|CHL1|PEG10|MYDGF|ACKR3|IRX1|ZNF503|CENPP,-6.4,0
1,-8,C0442874,M1,1,0,DisGeNET,35,Neuropathy,,-8,2.8,6.9,30293,483,871,39,4.5,0.7,133|348|547|710|1266|1285|1286|1490|1832|1906|1959|2617|2668|2674|2697|3084|3315|4313|4322|4747|4851|4908|5243|5354|5740|6387|6657|7042|7052|7076|7112|7145|8600|9516|10628|27087|27123|56896|81792,ADM|APOE|KIF1A|SERPING1|CNN3|COL4A3|COL4A4|CCN2|DSP|EDN1|EGR2|GARS1|GDNF|GFRA1|GJA1|NRG1|HSPB1|MMP2|MMP13|NEFL|NOTCH1|NTF3|ABCB1|PLP1|PTGIS|CXCL12|SOX2|TGFB2|TGM2|TIMP1|TMPO|TNS1|TNFSF11|LITAF|TXNIP|B3GAT1|DKK2|DPYSL5|ADAMTS12,-6.3,0
1,-8,C0877015,M1,1,0,DisGeNET,35,Pelvic Organ Prolapse,,-8,5.3,8,30293,119,871,18,2.1,0.48,649|1281|1284|1634|1674|1893|2048|2296|4015|4060|4312|4313|5789|6591|7040|7057|7373|7431,BMP1|COL3A1|COL4A2|DCN|DES|ECM1|EPHB2|FOXC1|LOX|LUM|MMP1|MMP2|PTPRD|SNAI2|TGFB1|THBS1|COL14A1|VIM,-6.3,0
1,-8,C0280324,M1,1,0,DisGeNET,35,Laryngeal Squamous Cell Carcinoma,,-8,2.8,6.9,30293,504,871,40,4.6,0.71,928|1028|1030|1612|1993|2022|2045|2263|2296|2308|2627|2637|2697|4094|4288|4312|4313|4322|4638|4851|5789|6285|6657|6781|7048|7057|7076|7431|7980|8140|8614|8840|10417|23657|23705|26047|27253|29128|63027|81567,CD9|CDKN1C|CDKN2B|DAPK1|ELAVL2|ENG|EPHA7|FGFR2|FOXC1|FOXO1|GATA6|GBX2|GJA1|MAF|MKI67|MMP1|MMP2|MMP13|MYLK|NOTCH1|PTPRD|S100B|SOX2|STC1|TGFBR2|THBS1|TIMP1|VIM|TFPI2|SLC7A5|STC2|CCN4|SPON2|SLC7A11|CADM1|CNTNAP2|PCDH17|UHRF1|SLC22A23|TXNDC5,-6.3,0
1,-8,C0015300,M1,1,0,DisGeNET,35,Exophthalmos,,-8,3.9,7.4,30293,225,871,25,2.9,0.57,182|1028|1281|1490|1717|2263|2296|2317|2627|4036|4313|4854|4921|5155|6899|7040|7043|7046|7048|7291|7545|10370|22808|26227|29968,JAG1|CDKN1C|COL3A1|CCN2|DHCR7|FGFR2|FOXC1|FLNB|GATA6|LRP2|MMP2|NOTCH3|DDR2|PDGFB|TBX1|TGFB1|TGFB3|TGFBR1|TGFBR2|TWIST1|ZIC1|CITED2|MRAS|PHGDH|PSAT1,-6.3,0
1,-8,C1266044,M1,1,0,DisGeNET,35,Collecting Duct Carcinoma of the Kidney,,-8,4.5,7.7,30293,162,871,21,2.4,0.52,1381|1509|1612|1674|2034|2321|3315|3856|4233|6423|6513|6526|6928|7052|7431|8407|8633|8790|9745|23657|84433,CRABP1|CTSD|DAPK1|DES|EPAS1|FLT1|HSPB1|KRT8|MET|SFRP2|SLC2A1|SLC5A3|HNF1B|TGM2|VIM|TAGLN2|UNC5C|FPGT|ZNF536|SLC7A11|CARD11,-6.3,0
1,-8,C0423798,M1,1,0,DisGeNET,35,Increased tendency to bruise,,-8,5,7.9,30293,133,871,19,2.2,0.49,59|165|715|861|1281|2624|3673|4015|4627|4629|4638|5328|7042|7043|7046|7048|8076|8600|64072,ACTA2|AEBP1|C1R|RUNX1|COL3A1|GATA2|ITGA2|LOX|MYH9|MYH11|MYLK|PLAU|TGFB2|TGFB3|TGFBR1|TGFBR2|MFAP5|TNFSF11|CDH23,-6.3,0
1,-8,C1258666,M1,1,0,DisGeNET,35,Myxoid cyst,,-8,5.6,8.1,30293,106,871,17,2,0.47,19|794|875|1827|1909|1910|2048|2668|2670|2697|4129|4908|5362|6423|6529|10763|284207,ABCA1|CALB2|CBS|RCAN1|EDNRA|EDNRB|EPHB2|GDNF|GFAP|GJA1|MAOB|NTF3|PLXNA2|SFRP2|SLC6A1|NES|METRNL,-6.3,0
1,-8,C0153452,M1,1,0,DisGeNET,35,Malignant neoplasm of gallbladder,,-8,2.9,7,30293,425,871,36,4.1,0.67,150|182|214|220|348|805|1028|1490|1545|2048|2066|2627|2719|3589|3927|3977|4313|4605|4921|5243|5292|6387|6424|6869|6876|7040|7048|7052|7057|7076|7431|7436|8877|27123|29128|152330,ADRA2A|JAG1|ALCAM|ALDH1A3|APOE|CALM2|CDKN1C|CCN2|CYP1B1|EPHB2|ERBB4|GATA6|GPC3|IL11|LASP1|LIFR|MMP2|MYBL2|DDR2|ABCB1|PIM1|CXCL12|SFRP4|TACR1|TAGLN|TGFB1|TGFBR2|TGM2|THBS1|TIMP1|VIM|VLDLR|SPHK1|DKK2|UHRF1|CNTN4,-6.3,0
1,-8,C0085580,M1,1,0,DisGeNET,35,Essential Hypertension,,-8,2.9,6.9,30293,445,871,37,4.2,0.68,133|348|1191|1268|1902|1906|1909|1910|2201|2697|4638|4879|4883|4969|5054|5122|5243|5740|5806|6277|6387|6536|6541|6546|6696|6899|7040|7048|7225|7980|8490|9514|9518|10267|57007|85449|653689,ADM|APOE|CLU|CNR1|LPAR1|EDN1|EDNRA|EDNRB|FBN2|GJA1|MYLK|NPPB|NPR3|OGN|SERPINE1|PCSK1|ABCB1|PTGIS|PTX3|S100A6|CXCL12|SLC6A9|SLC7A1|SLC8A1|SPP1|TBX1|TGFB1|TGFBR2|TRPC6|TFPI2|RGS5|GAL3ST1|GDF15|RAMP1|ACKR3|KIAA1755|GSTT2B,-6.3,0
1,-8,C3714636,M1,1,0,DisGeNET,35,Pneumonitis,,-8,2.4,6.7,30293,696,871,49,5.6,0.78,19|21|284|348|652|654|710|861|953|1240|1281|1490|1839|1906|1909|1958|2149|2294|2297|2621|3315|3491|3554|3589|4313|4638|4851|5054|5742|5806|6285|6387|6546|6696|6876|7040|7057|7076|7130|7412|7852|8482|9518|10468|23213|56005|57007|57214|84433,ABCA1|ABCA3|ANGPT1|APOE|BMP4|BMP6|SERPING1|RUNX1|ENTPD1|CMKLR1|COL3A1|CCN2|HBEGF|EDN1|EDNRA|EGR1|F2R|FOXF1|FOXD1|GAS6|HSPB1|CCN1|IL1R1|IL11|MMP2|MYLK|NOTCH1|SERPINE1|PTGS1|PTX3|S100B|CXCL12|SLC8A1|SPP1|TAGLN|TGFB1|THBS1|TIMP1|TNFAIP6|VCAM1|CXCR4|SEMA7A|GDF15|FST|SULF1|MYDGF|ACKR3|CEMIP|CARD11,-6.3,0
1,-8,C1266043,M1,1,0,DisGeNET,35,Sarcomatoid Renal Cell Carcinoma,,-8,4.9,7.8,30293,134,871,19,2.2,0.49,1381|1509|1612|2034|2321|3315|3856|4233|6423|6513|6526|6928|7052|7431|8407|8633|8790|9745|84433,CRABP1|CTSD|DAPK1|EPAS1|FLT1|HSPB1|KRT8|MET|SFRP2|SLC2A1|SLC5A3|HNF1B|TGM2|VIM|TAGLN2|UNC5C|FPGT|ZNF536|CARD11,-6.3,0
1,-8,C0017605,M1,1,0,DisGeNET,35,Angle Closure Glaucoma,,-8,5.9,8.2,30293,94,871,16,1.8,0.46,19|133|348|1191|1490|1509|1545|1634|4015|4312|5362|6696|7021|7040|7042|7057,ABCA1|ADM|APOE|CLU|CCN2|CTSD|CYP1B1|DCN|LOX|MMP1|PLXNA2|SPP1|TFAP2B|TGFB1|TGFB2|THBS1,-6.3,0
1,-8,C0206368,M1,1,0,DisGeNET,35,Exfoliation Syndrome,,-8,5.9,8.2,30293,94,871,16,1.8,0.46,19|348|1191|1490|2296|3371|4015|4053|4312|4313|5251|5362|6657|7040|7052|26047,ABCA1|APOE|CLU|CCN2|FOXC1|TNC|LOX|LTBP2|MMP1|MMP2|PHEX|PLXNA2|SOX2|TGFB1|TGM2|CNTNAP2,-6.3,0
1,-7.9,C0751587,M1,1,0,DisGeNET,35,CADASIL Syndrome,,-7.9,9.6,9.3,30293,40,871,11,1.3,0.38,182|348|1191|1282|1634|2670|4747|4851|4854|5362|7040,JAG1|APOE|CLU|COL4A1|DCN|GFAP|NEFL|NOTCH1|NOTCH3|PLXNA2|TGFB1,-6.3,0
1,-7.9,C0007114,M1,1,0,DisGeNET,35,Malignant neoplasm of skin,,-7.9,2.7,6.8,30293,508,871,40,4.6,0.71,284|805|861|970|1294|1909|2048|2066|2263|2308|2321|2697|2706|2719|3977|4233|4312|4313|4837|4851|4854|4948|5243|5327|6591|7040|7046|7052|7057|7291|7832|8038|9590|10630|23541|26585|28984|51816|55959|57007,ANGPT1|CALM2|RUNX1|CD70|COL7A1|EDNRA|EPHB2|ERBB4|FGFR2|FOXO1|FLT1|GJA1|GJB2|GPC3|LIFR|MET|MMP1|MMP2|NNMT|NOTCH1|NOTCH3|OCA2|ABCB1|PLAT|SNAI2|TGFB1|TGFBR1|TGM2|THBS1|TWIST1|BTG2|ADAM12|AKAP12|PDPN|SEC14L2|GREM1|RGCC|ADA2|SULF2|ACKR3,-6.2,0
1,-7.9,C0020443,M1,1,0,DisGeNET,35,Hypercholesterolemia,,-7.9,2.8,6.8,30293,489,871,39,4.5,0.7,19|182|348|875|1191|1281|1306|1356|1717|1906|1909|2022|2048|2308|2321|2670|2697|4015|4036|4312|4638|4851|5054|5243|6319|6387|6493|6783|7040|7057|7225|7412|7436|7857|9518|9627|50507|54541|57007,ABCA1|JAG1|APOE|CBS|CLU|COL3A1|COL15A1|CP|DHCR7|EDN1|EDNRA|ENG|EPHB2|FOXO1|FLT1|GFAP|GJA1|LOX|LRP2|MMP1|MYLK|NOTCH1|SERPINE1|ABCB1|SCD|CXCL12|SIM2|SULT1E1|TGFB1|THBS1|TRPC6|VCAM1|VLDLR|SCG2|GDF15|SNCAIP|NOX4|DDIT4|ACKR3,-6.2,0
1,-7.9,C0239234,M1,1,0,DisGeNET,35,Low set ears,,-7.9,2.8,6.8,30293,489,871,39,4.5,0.7,58|701|1028|1282|1509|1717|1909|2138|2263|2273|2317|2668|2697|2706|3977|4036|4094|4854|5648|6492|6536|6899|6913|7021|7291|9244|10082|10265|22808|29968|57211|64093|64220|79633|80000|80144|90161|117581|253738,ACTA1|BUB1B|CDKN1C|COL4A1|CTSD|DHCR7|EDNRA|EYA1|FGFR2|FHL1|FLNB|GDNF|GJA1|GJB2|LIFR|LRP2|MAF|NOTCH3|MASP1|SIM1|SLC6A9|TBX1|TBX15|TFAP2B|TWIST1|CRLF1|GPC6|IRX5|MRAS|PSAT1|ADGRG6|SMOC1|STRA6|FAT4|GREB1L|FRAS1|HS6ST2|TWIST2|EBF3,-6.2,0
1,-7.9,C0149939,M1,1,0,DisGeNET,35,Obstructive nephropathy,,-7.9,5.9,8.2,30293,95,871,16,1.8,0.46,875|1490|2048|2066|2149|2697|3315|4854|5054|6422|6696|6899|7040|7225|8840|22943,CBS|CCN2|EPHB2|ERBB4|F2R|GJA1|HSPB1|NOTCH3|SERPINE1|SFRP1|SPP1|TBX1|TGFB1|TRPC6|CCN4|DKK1,-6.2,0
1,-7.9,C0026850,M1,1,0,DisGeNET,35,Muscular Dystrophy,,-7.9,3.5,7.2,30293,280,871,28,3.2,0.6,182|290|701|1282|1293|1490|1634|1674|2273|2706|3708|3976|5054|5178|5327|6285|6444|6696|7040|7076|8425|8600|8871|10468|26227|29968|133584|169044,JAG1|ANPEP|BUB1B|COL4A1|COL6A3|CCN2|DCN|DES|FHL1|GJB2|ITPR1|LIF|SERPINE1|PEG3|PLAT|S100B|SGCD|SPP1|TGFB1|TIMP1|LTBP4|TNFSF11|SYNJ2|FST|PHGDH|PSAT1|EGFLAM|COL22A1,-6.2,0
1,-7.9,C4317009,M1,1,0,DisGeNET,35,Diverticular Diseases,,-7.9,6.3,8.3,30293,83,871,15,1.7,0.44,2202|2668|2674|2697|4312|4978|5125|5742|6285|7145|10867|56243|64399|83716|148641,EFEMP1|GDNF|GFRA1|GJA1|MMP1|OPCML|PCSK5|PTGS1|S100B|TNS1|TSPAN9|KIAA1217|HHIP|CRISPLD2|SLC35F3,-6.2,0
1,-7.9,C0206754,M1,1,0,DisGeNET,35,Neuroendocrine Tumors,,-7.9,2.8,6.8,30293,491,871,39,4.5,0.7,108|284|1191|1381|1392|1490|1844|2034|2048|2066|2308|2668|2674|3371|4233|4288|4741|4851|4854|5080|5156|5792|6387|6422|6513|6520|6657|6751|6869|7852|7857|8140|8549|8600|8829|10763|27087|55534|92737,ADCY2|ANGPT1|CLU|CRABP1|CRH|CCN2|DUSP2|EPAS1|EPHB2|ERBB4|FOXO1|GDNF|GFRA1|TNC|MET|MKI67|NEFM|NOTCH1|NOTCH3|PAX6|PDGFRA|PTPRF|CXCL12|SFRP1|SLC2A1|SLC3A2|SOX2|SSTR1|TACR1|CXCR4|SCG2|SLC7A5|LGR5|TNFSF11|NRP1|NES|B3GAT1|MAML3|DNER,-6.2,0
1,-7.8,C0086743,M1,1,0,DisGeNET,35,Osteoarthrosis Deformans,,-7.8,5.8,8.1,30293,96,871,16,1.8,0.46,652|654|1191|1311|1509|1808|2512|5455|6513|7040|7052|7431|7980|9966|10149|54829,BMP4|BMP6|CLU|COMP|CTSD|DPYSL2|FTL|POU3F3|SLC2A1|TGFB1|TGM2|VIM|TFPI2|TNFSF15|ADGRG2|ASPN,-6.1,0
1,-7.8,C0085669,M1,1,0,DisGeNET,35,Acute leukemia,,-7.8,2.5,6.6,30293,639,871,46,5.3,0.76,133|805|861|1030|1604|1844|2022|2045|2048|2321|2334|2624|3400|3485|3490|3589|3899|4313|4627|4629|4826|4851|5156|5243|6387|6781|6869|7026|7852|8805|8829|9267|9516|9590|10216|10221|10371|10580|10962|51816|55655|79191|79971|92737|729857|100133941,ADM|CALM2|RUNX1|CDKN2B|CD55|DUSP2|ENG|EPHA7|EPHB2|FLT1|AFF2|GATA2|ID4|IGFBP2|IGFBP7|IL11|AFF3|MMP2|MYH9|MYH11|NNAT|NOTCH1|PDGFRA|ABCB1|CXCL12|STC1|TACR1|NR2F2|CXCR4|TRIM24|NRP1|CYTH1|LITAF|AKAP12|PRG4|TRIB1|SEMA3A|SORBS1|MLLT11|ADA2|NLRP2|IRX3|WLS|DNER|RGPD2|CD24,-6.1,0
1,-7.8,C1968949,M1,1,0,DisGeNET,35,Cakut,,-7.8,6.8,8.4,30293,72,871,14,1.6,0.43,652|655|1282|2294|2296|2624|2668|3675|3977|4312|6928|10252|80000|158326,BMP4|BMP7|COL4A1|FOXF1|FOXC1|GATA2|GDNF|ITGA3|LIFR|MMP1|HNF1B|SPRY1|GREB1L|FREM1,-6.1,0
1,-7.8,C0020255,M1,1,0,DisGeNET,35,Hydrocephalus,,-7.8,2.8,6.8,30293,473,871,38,4.4,0.69,547|652|666|701|894|1028|1282|1717|1839|1844|2138|2149|2263|2296|2670|2683|2719|3708|3912|4851|4908|5077|5155|6281|6285|6657|6899|6913|7040|7547|8600|9368|10763|57514|57611|63976|64093|80144,KIF1A|BMP4|BOK|BUB1B|CCND2|CDKN1C|COL4A1|DHCR7|HBEGF|DUSP2|EYA1|F2R|FGFR2|FOXC1|GFAP|B4GALT1|GPC3|ITPR1|LAMB1|NOTCH1|NTF3|PAX3|PDGFB|S100A10|S100B|SOX2|TBX1|TBX15|TGFB1|ZIC3|TNFSF11|NHERF1|NES|ARHGAP31|ISLR2|PRDM16|SMOC1|FRAS1,-6.1,0
1,-7.7,C0002949,M1,1,0,DisGeNET,35,"Aneurysm, Dissecting",,-7.7,11,9.4,30293,33,871,10,1.1,0.36,59|348|875|1030|1281|4313|4948|6513|7046|7048,ACTA2|APOE|CBS|CDKN2B|COL3A1|MMP2|OCA2|SLC2A1|TGFBR1|TGFBR2,-6,0
1,-7.7,C0027794,M1,1,0,DisGeNET,35,Neural Tube Defects,,-7.7,3.3,7,30293,304,871,29,3.3,0.61,649|652|875|1545|2043|2151|2308|2697|3675|3977|4036|4638|4886|5077|5156|6285|6591|6657|6899|7043|7545|7547|8029|8407|10370|64072|79971|85416|89122,BMP1|BMP4|CBS|CYP1B1|EPHA4|F2RL2|FOXO1|GJA1|ITGA3|LIFR|LRP2|MYLK|NPY1R|PAX3|PDGFRA|S100B|SNAI2|SOX2|TBX1|TGFB3|ZIC1|ZIC3|CUBN|TAGLN2|CITED2|CDH23|WLS|ZIC5|TRIM4,-6,0
1,-7.7,C0341858,M1,1,0,DisGeNET,35,Endometriosis of uterus,,-7.7,4.5,7.5,30293,154,871,20,2.3,0.51,58|1392|1490|1902|1958|2048|2308|3491|3976|3977|4233|4312|4313|4851|6387|6696|6899|7040|7052|7852,ACTA1|CRH|CCN2|LPAR1|EGR1|EPHB2|FOXO1|CCN1|LIF|LIFR|MET|MMP1|MMP2|NOTCH1|CXCL12|SPP1|TBX1|TGFB1|TGM2|CXCR4,-6,0
1,-7.7,C0149521,M1,1,0,DisGeNET,35,"Pancreatitis, Chronic",,-7.7,3,6.8,30293,379,871,33,3.8,0.65,133|182|348|1191|1311|1490|1634|1809|1906|2069|2317|2817|3090|3371|3856|4312|4322|4854|6422|6546|6696|6869|6928|7040|7076|7980|9518|9547|23541|26585|64399|83716|100133941,ADM|JAG1|APOE|CLU|COMP|CCN2|DCN|DPYSL3|EDN1|EREG|FLNB|GPC1|HIC1|TNC|KRT8|MMP1|MMP13|NOTCH3|SFRP1|SLC8A1|SPP1|TACR1|HNF1B|TGFB1|TIMP1|TFPI2|GDF15|CXCL14|SEC14L2|GREM1|HHIP|CRISPLD2|CD24,-6,0
1,-7.7,C0266929,M1,1,0,DisGeNET,35,Chronic Periodontitis,,-7.7,3.4,7,30293,287,871,28,3.2,0.6,348|1030|1191|1509|1906|1993|2149|2308|2321|4312|4313|5054|5806|6387|6876|7026|7040|7052|7076|7078|7412|7852|8600|9547|22943|29968|55258|401138,APOE|CDKN2B|CLU|CTSD|EDN1|ELAVL2|F2R|FOXO1|FLT1|MMP1|MMP2|SERPINE1|PTX3|CXCL12|TAGLN|NR2F2|TGFB1|TGM2|TIMP1|TIMP3|VCAM1|CXCR4|TNFSF11|CXCL14|DKK1|PSAT1|THNSL2|AMTN,-6,0
1,-7.7,C0026269,M1,1,0,DisGeNET,35,Mitral Valve Stenosis,,-7.7,4.3,7.4,30293,170,871,21,2.4,0.52,348|652|2048|2670|2697|3976|4313|4747|4851|4879|5054|5327|5806|6783|7040|7043|8600|9719|9966|56005|100133941,APOE|BMP4|EPHB2|GFAP|GJA1|LIF|MMP2|NEFL|NOTCH1|NPPB|SERPINE1|PLAT|PTX3|SULT1E1|TGFB1|TGFB3|TNFSF11|ADAMTSL2|TNFSF15|MYDGF|CD24,-6,0
1,-7.7,C0432072,M1,1,0,DisGeNET,35,Dysmorphic features,,-7.7,2.9,6.7,30293,439,871,36,4.1,0.67,58|182|861|894|1028|1282|1294|1717|1759|2070|2263|2556|2697|2706|3485|3486|4330|4851|4948|5354|5455|5742|6509|6513|6529|6899|6925|7026|7048|7291|7436|9244|10319|91461|117581|253738,ACTA1|JAG1|RUNX1|CCND2|CDKN1C|COL4A1|COL7A1|DHCR7|DNM1|EYA4|FGFR2|GABRA3|GJA1|GJB2|IGFBP2|IGFBP3|MN1|NOTCH1|OCA2|PLP1|POU3F3|PTGS1|SLC1A4|SLC2A1|SLC6A1|TBX1|TCF4|NR2F2|TGFBR2|TWIST1|VLDLR|CRLF1|LAMC3|PKDCC|TWIST2|EBF3,-6,0
1,-7.6,C0205699,M1,1,0,DisGeNET,35,Carcinomatosis,,-7.6,4.1,7.3,30293,186,871,22,2.5,0.53,214|1266|1674|2202|3399|3400|3675|4233|4256|5243|5742|5764|6277|6319|6591|7040|7048|7291|8848|11259|51129|57007,ALCAM|CNN3|DES|EFEMP1|ID3|ID4|ITGA3|MET|MGP|ABCB1|PTGS1|PTN|S100A6|SCD|SNAI2|TGFB1|TGFBR2|TWIST1|TSC22D1|FILIP1L|ANGPTL4|ACKR3,-6,0
1,-7.6,C0206638,M1,1,0,DisGeNET,35,Giant Cell Tumor of Bone,,-7.6,5.2,7.8,30293,113,871,17,2,0.47,1634|2149|2697|4060|4313|4322|6285|6387|6424|6696|7040|7042|7057|7291|8600|9098|51129,DCN|F2R|GJA1|LUM|MMP2|MMP13|S100B|CXCL12|SFRP4|SPP1|TGFB1|TGFB2|THBS1|TWIST1|TNFSF11|USP6|ANGPTL4,-5.9,0
1,-7.6,C0024143,M1,1,0,DisGeNET,35,Lupus Nephritis,,-7.6,2.7,6.6,30293,503,871,39,4.5,0.7,133|710|953|1191|1240|1282|1356|1490|1906|1993|2048|2244|2308|2495|2621|3075|4313|4502|4627|4854|5054|5155|5156|5292|5742|5806|6285|6387|6546|6696|7040|7076|7412|8829|10371|10878|22943|27063|56005,ADM|SERPING1|ENTPD1|CLU|CMKLR1|COL4A1|CP|CCN2|EDN1|ELAVL2|EPHB2|FGB|FOXO1|FTH1|GAS6|CFH|MMP2|MT2A|MYH9|NOTCH3|SERPINE1|PDGFB|PDGFRA|PIM1|PTGS1|PTX3|S100B|CXCL12|SLC8A1|SPP1|TGFB1|TIMP1|VCAM1|NRP1|SEMA3A|CFHR3|DKK1|ANKRD1|MYDGF,-5.9,0
1,-7.5,C0558353,M1,1,0,DisGeNET,35,Tongue Carcinoma,,-7.5,4.4,7.4,30293,157,871,20,2.3,0.51,182|2308|2321|3371|3490|4233|4312|4322|4851|4854|5155|6657|7040|7134|7431|8076|8870|10630|23705|51129,JAG1|FOXO1|FLT1|TNC|IGFBP7|MET|MMP1|MMP13|NOTCH1|NOTCH3|PDGFB|SOX2|TGFB1|TNNC1|VIM|MFAP5|IER3|PDPN|CADM1|ANGPTL4,-5.9,0
1,-7.5,C0242698,M1,1,0,DisGeNET,35,"Ventricular Dysfunction, Left",,-7.5,5.9,8,30293,88,871,15,1.7,0.44,59|1906|2070|4015|4629|4638|4879|5327|7042|7043|7046|7048|8076|8613|63976,ACTA2|EDN1|EYA4|LOX|MYH11|MYLK|NPPB|PLAT|TGFB2|TGFB3|TGFBR1|TGFBR2|MFAP5|PLPP3|PRDM16,-5.8,0
1,-7.5,C0018916,M1,1,0,DisGeNET,35,Hemangioma,,-7.5,3.5,7,30293,256,871,26,3,0.58,182|284|1028|1191|2048|2308|2321|2619|2627|2668|3486|3977|4288|4313|4854|5066|5176|6513|7040|7057|7431|9966|10082|10630|22943|55901,JAG1|ANGPT1|CDKN1C|CLU|EPHB2|FOXO1|FLT1|GAS1|GATA6|GDNF|IGFBP3|LIFR|MKI67|MMP2|NOTCH3|PAM|SERPINF1|SLC2A1|TGFB1|THBS1|VIM|TNFSF15|GPC6|PDPN|DKK1|THSD1,-5.8,0
1,-7.5,C0242350,M1,1,0,DisGeNET,35,Erectile dysfunction,,-7.5,3.5,7,30293,256,871,26,3,0.58,214|284|894|1268|1311|1906|1909|2022|2697|2983|3486|4015|4147|4948|5021|5155|5176|5806|6387|6492|6513|7040|27123|54541|64072|117581,ALCAM|ANGPT1|CCND2|CNR1|COMP|EDN1|EDNRA|ENG|GJA1|GUCY1B1|IGFBP3|LOX|MATN2|OCA2|OXTR|PDGFB|SERPINF1|PTX3|CXCL12|SIM1|SLC2A1|TGFB1|DKK2|DDIT4|CDH23|TWIST2,-5.8,0
1,-7.5,C0026848,M1,1,0,DisGeNET,35,Myopathy,,-7.5,2.5,6.4,30293,633,871,45,5.2,0.75,58|70|87|284|348|1282|1284|1293|1634|1674|2201|2273|2308|2317|2670|2683|3315|3910|3976|4313|4854|5243|6444|6696|7040|7057|7112|7134|7138|7225|8425|9518|9745|10468|10611|23336|27063|29995|57211|63976|64072|81035|81706|103910|114907,ACTA1|ACTC1|ACTN1|ANGPT1|APOE|COL4A1|COL4A2|COL6A3|DCN|DES|FBN2|FHL1|FOXO1|FLNB|GFAP|B4GALT1|HSPB1|LAMA4|LIF|MMP2|NOTCH3|ABCB1|SGCD|SPP1|TGFB1|THBS1|TMPO|TNNC1|TNNT1|TRPC6|LTBP4|GDF15|ZNF536|FST|PDLIM5|SYNM|ANKRD1|LMCD1|ADGRG6|PRDM16|CDH23|COLEC12|PPP1R14C|MYL12B|FBXO32,-5.8,0
1,-7.5,C1879321,M1,1,0,DisGeNET,35,Acute Myeloid Leukemia (AML-M2),,-7.5,4.6,7.5,30293,143,871,19,2.2,0.49,290|861|894|928|1612|1902|1978|2308|2624|3315|4233|4330|4603|4629|5142|5243|6281|7837|81552,ANPEP|RUNX1|CCND2|CD9|DAPK1|LPAR1|EIF4EBP1|FOXO1|GATA2|HSPB1|MET|MN1|MYBL1|MYH11|PDE4B|ABCB1|S100A10|PXDN|VOPP1,-5.8,0
1,-7.5,C0019562,M1,1,0,DisGeNET,35,Von Hippel-Lindau Syndrome,,-7.5,4.2,7.3,30293,174,871,21,2.4,0.52,1191|1612|2034|2321|3975|4233|4288|4312|4605|5054|5328|6387|6422|6696|6928|7040|7052|7078|7852|51129|54541,CLU|DAPK1|EPAS1|FLT1|LHX1|MET|MKI67|MMP1|MYBL2|SERPINE1|PLAU|CXCL12|SFRP1|SPP1|HNF1B|TGFB1|TGM2|TIMP3|CXCR4|ANGPTL4|DDIT4,-5.8,0
1,-7.5,C0206655,M1,1,0,DisGeNET,35,Alveolar rhabdomyosarcoma,,-7.5,5.1,7.7,30293,115,871,17,2,0.47,1028|1268|2294|2308|3485|3486|4233|4313|5077|5156|5243|7021|7048|7980|10252|23462|55502,CDKN1C|CNR1|FOXF1|FOXO1|IGFBP2|IGFBP3|MET|MMP2|PAX3|PDGFRA|ABCB1|TFAP2B|TGFBR2|TFPI2|SPRY1|HEY1|HES6,-5.8,0
1,-7.5,C1306837,M1,1,0,DisGeNET,35,Papillary Renal Cell Carcinoma,,-7.5,3.7,7.1,30293,223,871,24,2.8,0.55,1381|1509|1612|1993|2034|2263|2321|3315|3490|3856|4233|6241|6423|6513|6526|6928|7052|7076|7078|8407|8633|8790|9745|84433,CRABP1|CTSD|DAPK1|ELAVL2|EPAS1|FGFR2|FLT1|HSPB1|IGFBP7|KRT8|MET|RRM2|SFRP2|SLC2A1|SLC5A3|HNF1B|TGM2|TIMP1|TIMP3|TAGLN2|UNC5C|FPGT|ZNF536|CARD11,-5.8,0
1,-7.5,C0917804,M1,1,0,DisGeNET,35,"Arteriovenous Malformations, Cerebral",,-7.5,9.9,9.1,30293,35,871,10,1.1,0.36,182|1284|2022|2321|4313|6657|6696|7040|7057|10763,JAG1|COL4A2|ENG|FLT1|MMP2|SOX2|SPP1|TGFB1|THBS1|NES,-5.8,0
1,-7.4,C1708349,M1,1,0,DisGeNET,35,Hereditary Diffuse Gastric Cancer,,-7.4,3.2,6.8,30293,312,871,29,3.3,0.61,70|220|655|1000|1674|1839|1893|2149|2263|3315|3400|3486|3490|3856|4233|4502|5054|5055|5080|5328|5792|6926|7048|7078|7291|10468|26585|54894|79633,ACTC1|ALDH1A3|BMP7|CDH2|DES|HBEGF|ECM1|F2R|FGFR2|HSPB1|ID4|IGFBP3|IGFBP7|KRT8|MET|MT2A|SERPINE1|SERPINB2|PAX6|PLAU|PTPRF|TBX3|TGFBR2|TIMP3|TWIST1|FST|GREM1|RNF43|FAT4,-5.8,0
1,-7.4,C0007789,M1,1,0,DisGeNET,35,Cerebral Palsy,,-7.4,3.6,7,30293,241,871,25,2.9,0.57,133|348|1282|2662|2670|3084|3315|3486|3490|3673|4036|4313|4851|5054|5354|5742|6578|6696|7042|7436|7852|9518|23189|23263|27295,ADM|APOE|COL4A1|GDF10|GFAP|NRG1|HSPB1|IGFBP3|IGFBP7|ITGA2|LRP2|MMP2|NOTCH1|SERPINE1|PLP1|PTGS1|SLCO2A1|SPP1|TGFB2|VLDLR|CXCR4|GDF15|KANK1|MCF2L|PDLIM3,-5.8,0
1,-7.4,C0221210,M1,1,0,DisGeNET,35,Congenital malrotation of intestine,,-7.4,6.3,8,30293,77,871,14,1.6,0.43,59|1717|2138|2201|2263|2294|2627|2719|4036|4629|4638|6899|7040|79827,ACTA2|DHCR7|EYA1|FBN2|FGFR2|FOXF1|GATA6|GPC3|LRP2|MYH11|MYLK|TBX1|TGFB1|CLMP,-5.8,0
1,-7.4,C0037579,M1,1,0,DisGeNET,35,Soft Tissue Neoplasms,,-7.4,4.6,7.4,30293,145,871,19,2.2,0.49,1490|1674|2308|3554|4233|4821|5054|5077|5155|5156|5243|5292|6657|6696|8600|9098|10630|10763|150094,CCN2|DES|FOXO1|IL1R1|MET|NKX2-2|SERPINE1|PAX3|PDGFB|PDGFRA|ABCB1|PIM1|SOX2|SPP1|TNFSF11|USP6|PDPN|NES|SIK1,-5.7,0
1,-7.4,C0280483,M1,1,0,DisGeNET,35,Adult Anaplastic Astrocytoma,,-7.4,5.8,7.8,30293,90,871,15,1.7,0.44,133|894|1030|1490|1509|2173|2263|2890|3485|3488|4133|4288|6387|6657|8848,ADM|CCND2|CDKN2B|CCN2|CTSD|FABP7|FGFR2|GRIA1|IGFBP2|IGFBP5|MAP2|MKI67|CXCL12|SOX2|TSC22D1,-5.7,0
1,-7.4,C4551548,M1,1,0,DisGeNET,35,Grade III Childhood Astrocytoma,,-7.4,5.8,7.8,30293,90,871,15,1.7,0.44,133|894|1030|1490|1509|2173|2263|2890|3485|3488|4133|4288|6387|6657|8848,ADM|CCND2|CDKN2B|CCN2|CTSD|FABP7|FGFR2|GRIA1|IGFBP2|IGFBP5|MAP2|MKI67|CXCL12|SOX2|TSC22D1,-5.7,0
1,-7.4,C2697932,M1,1,0,DisGeNET,35,Loeys-Dietz Syndrome,,-7.4,14,9.9,30293,20,871,8,0.92,0.32,1281|6546|7040|7042|7043|7046|7048|26585,COL3A1|SLC8A1|TGFB1|TGFB2|TGFB3|TGFBR1|TGFBR2|GREM1,-5.7,0
1,-7.4,C0003872,M1,1,0,DisGeNET,35,"Arthritis, Psoriatic",,-7.4,2.8,6.6,30293,450,871,36,4.1,0.67,182|652|1268|1311|1392|1906|1958|2317|2706|3672|3899|4288|4312|4313|4739|5054|5142|5243|5251|5327|5742|5806|6387|6513|7040|7057|7076|7431|8829|9966|10611|22943|23541|29968|57124|100133941,JAG1|BMP4|CNR1|COMP|CRH|EDN1|EGR1|FLNB|GJB2|ITGA1|AFF3|MKI67|MMP1|MMP2|NEDD9|SERPINE1|PDE4B|ABCB1|PHEX|PLAT|PTGS1|PTX3|CXCL12|SLC2A1|TGFB1|THBS1|TIMP1|VIM|NRP1|TNFSF15|PDLIM5|DKK1|SEC14L2|PSAT1|CD248|CD24,-5.7,0
1,-7.4,C0027706,M1,1,0,DisGeNET,35,Hereditary nephritis,,-7.4,23,11,30293,9,871,6,0.69,0.28,1284|1285|1286|1287|4627|27087,COL4A2|COL4A3|COL4A4|COL4A5|MYH9|B3GAT1,-5.7,0
1,-7.4,C0344735,M1,1,0,DisGeNET,35,Partial atrioventricular canal,,-7.4,23,11,30293,9,871,6,0.69,0.28,90|2627|2697|3491|4908|7026,ACVR1|GATA6|GJA1|CCN1|NTF3|NR2F2,-5.7,0
1,-7.4,C0020545,M1,1,0,DisGeNET,35,"Hypertension, Renovascular",,-7.4,6.2,8,30293,78,871,14,1.6,0.43,133|284|348|1281|1282|2697|3589|4313|4879|4883|5742|6696|7040|56670,ADM|ANGPT1|APOE|COL3A1|COL4A1|GJA1|IL11|MMP2|NPPB|NPR3|PTGS1|SPP1|TGFB1|SUCNR1,-5.7,0
1,-7.4,C4321245,M1,1,0,DisGeNET,35,Cleft lip or lips,,-7.4,6.2,8,30293,78,871,14,1.6,0.43,652|1993|2066|2263|2697|4312|5083|6513|7040|7043|26585|27324|81578|83716,BMP4|ELAVL2|ERBB4|FGFR2|GJA1|MMP1|PAX9|SLC2A1|TGFB1|TGFB3|GREM1|TOX3|COL21A1|CRISPLD2,-5.7,0
1,-7.3,C0333559,M1,1,0,DisGeNET,35,"Infarction, Lacunar",,-7.3,9.7,8.9,30293,36,871,10,1.1,0.36,19|348|1281|1906|2201|2296|4854|5327|5806|10580,ABCA1|APOE|COL3A1|EDN1|FBN2|FOXC1|NOTCH3|PLAT|PTX3|SORBS1,-5.7,0
1,-7.3,C0005694,M1,1,0,DisGeNET,35,Bladder neck obstruction,,-7.3,6.7,8.1,30293,67,871,13,1.5,0.41,1268|1281|1634|2627|3084|4015|4233|4312|6581|7040|7076|29968|103910,CNR1|COL3A1|DCN|GATA6|NRG1|LOX|MET|MMP1|SLC22A3|TGFB1|TIMP1|PSAT1|MYL12B,-5.6,0
1,-7.3,C0008073,M1,1,0,DisGeNET,35,Developmental Disabilities,,-7.3,3,6.6,30293,355,871,31,3.6,0.63,90|182|547|1717|1909|2048|2263|2294|2296|2334|2697|2706|3084|3090|3708|4036|4281|4851|4854|5080|5648|6513|6657|6925|6926|6928|7291|51305|57007|57514|152330,ACVR1|JAG1|KIF1A|DHCR7|EDNRA|EPHB2|FGFR2|FOXF1|FOXC1|AFF2|GJA1|GJB2|NRG1|HIC1|ITPR1|LRP2|MID1|NOTCH1|NOTCH3|PAX6|MASP1|SLC2A1|SOX2|TCF4|TBX3|HNF1B|TWIST1|KCNK9|ACKR3|ARHGAP31|CNTN4,-5.6,0
1,-7.3,C0263401,M1,1,0,DisGeNET,35,Cutis marmorata,,-7.3,6.2,7.9,30293,79,871,14,1.6,0.43,59|875|1717|4015|4629|4638|4851|7042|7043|7046|7048|8076|51816|57514,ACTA2|CBS|DHCR7|LOX|MYH11|MYLK|NOTCH1|TGFB2|TGFB3|TGFBR1|TGFBR2|MFAP5|ADA2|ARHGAP31,-5.6,0
1,-7.3,C0206686,M1,1,0,DisGeNET,35,Adrenocortical carcinoma,,-7.3,3.3,6.8,30293,281,871,27,3.1,0.59,133|182|284|653|1028|1030|1356|1906|1993|2048|2263|2627|2670|3485|4233|4851|5243|6696|7048|7057|7291|7431|7852|8877|10370|10763|55638,ADM|JAG1|ANGPT1|BMP5|CDKN1C|CDKN2B|CP|EDN1|ELAVL2|EPHB2|FGFR2|GATA6|GFAP|IGFBP2|MET|NOTCH1|ABCB1|SPP1|TGFBR2|THBS1|TWIST1|VIM|CXCR4|SPHK1|CITED2|NES|SYBU,-5.6,0
1,-7.3,C0334583,M1,1,0,DisGeNET,35,Pilocytic Astrocytoma,,-7.3,4.3,7.2,30293,163,871,20,2.3,0.51,90|133|2048|2066|2173|2321|2670|4147|4233|4288|4851|5243|6285|6591|6657|7076|7291|9590|23462|168002,ACVR1|ADM|EPHB2|ERBB4|FABP7|FLT1|GFAP|MATN2|MET|MKI67|NOTCH1|ABCB1|S100B|SNAI2|SOX2|TIMP1|TWIST1|AKAP12|HEY1|DACT2,-5.6,0
1,-7.2,C0158646,M1,1,0,DisGeNET,35,Cleft palate with cleft lip,,-7.2,5,7.5,30293,119,871,17,2,0.47,652|805|875|1000|1634|2263|4281|4312|4322|4627|5077|6696|7040|7043|8871|9411|64129,BMP4|CALM2|CBS|CDH2|DCN|FGFR2|MID1|MMP1|MMP13|MYH9|PAX3|SPP1|TGFB1|TGFB3|SYNJ2|ARHGAP29|TINAGL1,-5.6,0
1,-7.2,C0162429,M1,1,0,DisGeNET,35,Malnutrition,,-7.2,2.8,6.5,30293,417,871,34,3.9,0.66,19|21|348|652|710|875|1268|1294|1356|1392|1604|1910|1978|2317|2624|3075|3486|4129|4256|4312|5270|5806|6513|6578|7040|7076|7291|7412|8877|9411|23541|26047|50507|51435,ABCA1|ABCA3|APOE|BMP4|SERPING1|CBS|CNR1|COL7A1|CP|CRH|CD55|EDNRB|EIF4EBP1|FLNB|GATA2|CFH|IGFBP3|MAOB|MGP|MMP1|SERPINE2|PTX3|SLC2A1|SLCO2A1|TGFB1|TIMP1|TWIST1|VCAM1|SPHK1|ARHGAP29|SEC14L2|CNTNAP2|NOX4|SCARA3,-5.6,0
1,-7.2,C0546884,M1,1,0,DisGeNET,35,Hypovolemia,,-7.2,9.4,8.8,30293,37,871,10,1.1,0.36,59|4015|4313|4629|4638|7042|7043|7046|7048|8076,ACTA2|LOX|MMP2|MYH11|MYLK|TGFB2|TGFB3|TGFBR1|TGFBR2|MFAP5,-5.6,0
1,-7.2,C3266898,M1,1,0,DisGeNET,35,Waardenburg Syndrome,,-7.2,13,9.7,30293,21,871,8,0.92,0.32,445|1287|1910|2043|2706|5077|5080|6591,ASS1|COL4A5|EDNRB|EPHA4|GJB2|PAX3|PAX6|SNAI2,-5.5,0
1,-7.2,C0334037,M1,1,0,DisGeNET,35,Intestinal metaplasia,,-7.2,3.4,6.8,30293,266,871,26,3,0.58,652|1030|1191|2048|2258|2512|3486|4015|4233|4312|4502|4851|5243|5307|6657|6696|7026|7048|7057|7076|7078|8549|9518|25891|27253|100133941,BMP4|CDKN2B|CLU|EPHB2|FGF13|FTL|IGFBP3|LOX|MET|MMP1|MT2A|NOTCH1|ABCB1|PITX1|SOX2|SPP1|NR2F2|TGFBR2|THBS1|TIMP1|TIMP3|LGR5|GDF15|PAMR1|PCDH17|CD24,-5.5,0
1,-7.2,C0333875,M1,1,0,DisGeNET,35,High-Grade Squamous Intraepithelial Lesions,,-7.2,4.4,7.2,30293,150,871,19,2.2,0.49,701|1006|1612|1620|2048|3090|3486|4288|4312|4313|4837|6299|6424|6657|7291|10580|23541|23705|29128,BUB1B|CDH8|DAPK1|BRINP1|EPHB2|HIC1|IGFBP3|MKI67|MMP1|MMP2|NNMT|SALL1|SFRP4|SOX2|TWIST1|SORBS1|SEC14L2|CADM1|UHRF1,-5.5,0
1,-7.1,C0038358,M1,1,0,DisGeNET,35,Gastric ulcer,,-7.1,4.6,7.2,30293,136,871,18,2.1,0.48,133|182|284|1906|3084|3589|4233|4313|4322|5021|5054|5055|5328|5742|6387|7040|7076|7412,ADM|JAG1|ANGPT1|EDN1|NRG1|IL11|MET|MMP2|MMP13|OXTR|SERPINE1|SERPINB2|PLAU|PTGS1|CXCL12|TGFB1|TIMP1|VCAM1,-5.5,0
1,-7.1,C0340643,M1,1,0,DisGeNET,35,Dissection of aorta,,-7.1,4.3,7.1,30293,152,871,19,2.2,0.49,59|348|1281|1490|1993|2022|2192|2273|3589|4015|4313|4629|4638|6696|6876|7046|7048|7057|7078,ACTA2|APOE|COL3A1|CCN2|ELAVL2|ENG|FBLN1|FHL1|IL11|LOX|MMP2|MYH11|MYLK|SPP1|TAGLN|TGFBR1|TGFBR2|THBS1|TIMP3,-5.4,0
1,-7.1,C1960398,M1,1,0,DisGeNET,35,HER2-positive carcinoma of breast,,-7.1,3.3,6.6,30293,288,871,27,3.1,0.59,220|1604|2034|2048|2066|2173|2697|3084|3486|4233|4288|4313|4320|4638|4851|5054|5214|5243|5800|6285|6696|8543|8877|9846|10468|11145|100133941,ALDH1A3|CD55|EPAS1|EPHB2|ERBB4|FABP7|GJA1|NRG1|IGFBP3|MET|MKI67|MMP2|MMP11|MYLK|NOTCH1|SERPINE1|PFKP|ABCB1|PTPRO|S100B|SPP1|LMO4|SPHK1|GAB2|FST|PLAAT3|CD24,-5.4,0
1,-7.1,C0020295,M1,1,0,DisGeNET,35,Hydronephrosis,,-7.1,3.5,6.7,30293,252,871,25,2.9,0.57,652|1028|1717|1958|2043|2045|2138|2263|2294|2624|2627|2719|5270|5648|6899|6913|7040|7547|8425|9518|10371|63976|64220|79827|130497,BMP4|CDKN1C|DHCR7|EGR1|EPHA4|EPHA7|EYA1|FGFR2|FOXF1|GATA2|GATA6|GPC3|SERPINE2|MASP1|TBX1|TBX15|TGFB1|ZIC3|LTBP4|GDF15|SEMA3A|PRDM16|STRA6|CLMP|OSR1,-5.4,0
1,-7,C0023212,M1,1,0,DisGeNET,35,Left-Sided Heart Failure,,-7,4.8,7.3,30293,123,871,17,2,0.47,348|1490|1832|1906|1909|1910|3084|3315|4879|5054|5156|5327|5742|6319|9464|9518|50507,APOE|CCN2|DSP|EDN1|EDNRA|EDNRB|NRG1|HSPB1|NPPB|SERPINE1|PDGFRA|PLAT|PTGS1|SCD|HAND2|GDF15|NOX4,-5.4,0
1,-7,C0745103,M1,1,0,DisGeNET,35,Hyperlipoproteinemia Type IIa,,-7,3.8,6.9,30293,201,871,22,2.5,0.53,19|70|348|570|861|1311|1906|2244|2495|4312|4313|4948|5054|5243|6513|6581|7040|7076|7138|7436|10221|103910,ABCA1|ACTC1|APOE|BAAT|RUNX1|COMP|EDN1|FGB|FTH1|MMP1|MMP2|OCA2|SERPINE1|ABCB1|SLC2A1|SLC22A3|TGFB1|TIMP1|TNNT1|VLDLR|TRIB1|MYL12B,-5.4,0
1,-7,C0000822,M1,1,0,DisGeNET,35,"Abortion, Tubal",,-7,5.1,7.4,30293,109,871,16,1.8,0.46,348|1293|1893|2252|3486|3589|3910|3976|4133|4256|4320|5740|7040|7046|7078|10468,APOE|COL6A3|ECM1|FGF7|IGFBP3|IL11|LAMA4|LIF|MAP2|MGP|MMP11|PTGIS|TGFB1|TGFBR1|TIMP3|FST,-5.4,0
1,-7,C3830362,M1,1,0,DisGeNET,35,Early Pregnancy Loss,,-7,5.1,7.4,30293,109,871,16,1.8,0.46,348|1293|1893|2252|3486|3589|3910|3976|4133|4256|4320|5740|7040|7046|7078|10468,APOE|COL6A3|ECM1|FGF7|IGFBP3|IL11|LAMA4|LIF|MAP2|MGP|MMP11|PTGIS|TGFB1|TGFBR1|TIMP3|FST,-5.4,0
1,-7,C0041341,M1,1,0,DisGeNET,35,Tuberous Sclerosis,,-7,3.2,6.6,30293,289,871,27,3.1,0.59,547|652|1490|1978|2048|2069|2321|2670|2697|4313|4851|4908|5066|5243|5307|5742|6285|6513|6696|6925|7431|8140|10763|22943|50507|54541|55638,KIF1A|BMP4|CCN2|EIF4EBP1|EPHB2|EREG|FLT1|GFAP|GJA1|MMP2|NOTCH1|NTF3|PAM|ABCB1|PITX1|PTGS1|S100B|SLC2A1|SPP1|TCF4|VIM|SLC7A5|NES|DKK1|NOX4|DDIT4|SYBU,-5.4,0
1,-7,C0040034,M1,1,0,DisGeNET,35,Thrombocytopenia,,-7,2.5,6.2,30293,592,871,42,4.8,0.73,19|87|348|570|715|861|1028|1030|1287|1356|2030|2149|2263|2321|2621|2624|3075|3589|3673|3702|4627|4851|4854|5054|5155|5156|5176|5243|5328|6387|6696|6899|7040|7057|7852|8600|10630|10699|10878|23677|26227|57514,ABCA1|ACTN1|APOE|BAAT|C1R|RUNX1|CDKN1C|CDKN2B|COL4A5|CP|SLC29A1|F2R|FGFR2|FLT1|GAS6|GATA2|CFH|IL11|ITGA2|ITK|MYH9|NOTCH1|NOTCH3|SERPINE1|PDGFB|PDGFRA|SERPINF1|ABCB1|PLAU|CXCL12|SPP1|TBX1|TGFB1|THBS1|CXCR4|TNFSF11|PDPN|CORIN|CFHR3|SH3BP4|PHGDH|ARHGAP31,-5.4,0
1,-7,C0494463,M1,1,0,DisGeNET,35,"Alzheimer Disease, Late Onset",,-7,2.9,6.4,30293,385,871,32,3.7,0.64,19|288|348|1191|1392|1509|1604|1612|1808|1958|2066|2670|3075|3084|3122|4129|4739|5243|5328|6546|7040|7436|8038|8633|9510|9644|9846|22943|23336|26047|64072|253738,ABCA1|ANK3|APOE|CLU|CRH|CTSD|CD55|DAPK1|DPYSL2|EGR1|ERBB4|GFAP|CFH|NRG1|HLA-DRA|MAOB|NEDD9|ABCB1|PLAU|SLC8A1|TGFB1|VLDLR|ADAM12|UNC5C|ADAMTS1|SH3PXD2A|GAB2|DKK1|SYNM|CNTNAP2|CDH23|EBF3,-5.4,0
1,-7,C0266525,M1,1,0,DisGeNET,35,Irido-corneal dysgenesis,,-7,13,9.4,30293,22,871,8,0.92,0.32,652|1282|1545|2263|2296|4094|5080|7837,BMP4|COL4A1|CYP1B1|FGFR2|FOXC1|MAF|PAX6|PXDN,-5.4,0
1,-7,C0017168,M1,1,0,DisGeNET,35,Gastroesophageal reflux disease,,-7,2.7,6.3,30293,446,871,35,4,0.67,21|547|710|1281|1490|1717|1759|1832|2294|2321|2627|3315|3485|3491|3899|4281|4312|5142|5742|6299|6657|6899|6925|7291|8425|10763|22943|26047|26227|50863|55534|57611|63976|170691|253738,ABCA3|KIF1A|SERPING1|COL3A1|CCN2|DHCR7|DNM1|DSP|FOXF1|FLT1|GATA6|HSPB1|IGFBP2|CCN1|AFF3|MID1|MMP1|PDE4B|PTGS1|SALL1|SOX2|TBX1|TCF4|TWIST1|LTBP4|NES|DKK1|CNTNAP2|PHGDH|NTM|MAML3|ISLR2|PRDM16|ADAMTS17|EBF3,-5.4,0
1,-7,C0008031,M1,1,0,DisGeNET,35,Chest Pain,,-7,4.3,7,30293,154,871,19,2.2,0.49,59|649|715|1000|1392|1832|2022|3315|4015|4629|4638|5327|6696|7042|7043|7046|7048|7134|8076,ACTA2|BMP1|C1R|CDH2|CRH|DSP|ENG|HSPB1|LOX|MYH11|MYLK|PLAT|SPP1|TGFB2|TGFB3|TGFBR1|TGFBR2|TNNC1|MFAP5,-5.4,0
1,-7,C0235527,M1,1,0,DisGeNET,35,"Heart Failure, Right-Sided",,-7,4.3,7,30293,154,871,19,2.2,0.49,1490|1906|1909|1910|2034|3084|3315|4313|4879|5054|5156|5327|5742|6319|7852|9464|9518|11095|50507,CCN2|EDN1|EDNRA|EDNRB|EPAS1|NRG1|HSPB1|MMP2|NPPB|SERPINE1|PDGFRA|PLAT|PTGS1|SCD|CXCR4|HAND2|GDF15|ADAMTS8|NOX4,-5.4,0
1,-7,C1096458,M1,1,0,DisGeNET,35,Vascular occlusion,,-7,10,8.9,30293,30,871,9,1,0.34,1906|2321|2668|5054|5327|5328|6319|7043|7057,EDN1|FLT1|GDNF|SERPINE1|PLAT|PLAU|SCD|TGFB3|THBS1,-5.3,0
1,-7,C4525297,M1,1,0,DisGeNET,35,Stage 0 Gallbladder Cancer AJCC v8,,-7,2.9,6.4,30293,367,871,31,3.6,0.63,150|182|214|805|1028|1490|1545|2048|2627|2719|3589|3927|3977|4313|4605|5243|5292|6387|6424|6869|6876|7040|7048|7052|7057|7076|7431|7436|8877|27123|29128,ADRA2A|JAG1|ALCAM|CALM2|CDKN1C|CCN2|CYP1B1|EPHB2|GATA6|GPC3|IL11|LASP1|LIFR|MMP2|MYBL2|ABCB1|PIM1|CXCL12|SFRP4|TACR1|TAGLN|TGFB1|TGFBR2|TGM2|THBS1|TIMP1|VIM|VLDLR|SPHK1|DKK2|UHRF1,-5.3,0
1,-7,C4525300,M1,1,0,DisGeNET,35,Stage IIA Gallbladder Cancer AJCC v8,,-7,2.9,6.4,30293,367,871,31,3.6,0.63,150|182|214|805|1028|1490|1545|2048|2627|2719|3589|3927|3977|4313|4605|5243|5292|6387|6424|6869|6876|7040|7048|7052|7057|7076|7431|7436|8877|27123|29128,ADRA2A|JAG1|ALCAM|CALM2|CDKN1C|CCN2|CYP1B1|EPHB2|GATA6|GPC3|IL11|LASP1|LIFR|MMP2|MYBL2|ABCB1|PIM1|CXCL12|SFRP4|TACR1|TAGLN|TGFB1|TGFBR2|TGM2|THBS1|TIMP1|VIM|VLDLR|SPHK1|DKK2|UHRF1,-5.3,0
1,-7,C4525301,M1,1,0,DisGeNET,35,Stage IIB Gallbladder Cancer AJCC v8,,-7,2.9,6.4,30293,367,871,31,3.6,0.63,150|182|214|805|1028|1490|1545|2048|2627|2719|3589|3927|3977|4313|4605|5243|5292|6387|6424|6869|6876|7040|7048|7052|7057|7076|7431|7436|8877|27123|29128,ADRA2A|JAG1|ALCAM|CALM2|CDKN1C|CCN2|CYP1B1|EPHB2|GATA6|GPC3|IL11|LASP1|LIFR|MMP2|MYBL2|ABCB1|PIM1|CXCL12|SFRP4|TACR1|TAGLN|TGFB1|TGFBR2|TGM2|THBS1|TIMP1|VIM|VLDLR|SPHK1|DKK2|UHRF1,-5.3,0
1,-7,C4525302,M1,1,0,DisGeNET,35,Stage III Gallbladder Cancer AJCC v8,,-7,2.9,6.4,30293,367,871,31,3.6,0.63,150|182|214|805|1028|1490|1545|2048|2627|2719|3589|3927|3977|4313|4605|5243|5292|6387|6424|6869|6876|7040|7048|7052|7057|7076|7431|7436|8877|27123|29128,ADRA2A|JAG1|ALCAM|CALM2|CDKN1C|CCN2|CYP1B1|EPHB2|GATA6|GPC3|IL11|LASP1|LIFR|MMP2|MYBL2|ABCB1|PIM1|CXCL12|SFRP4|TACR1|TAGLN|TGFB1|TGFBR2|TGM2|THBS1|TIMP1|VIM|VLDLR|SPHK1|DKK2|UHRF1,-5.3,0
1,-7,C4525305,M1,1,0,DisGeNET,35,Stage IV Gallbladder Cancer AJCC v8,,-7,2.9,6.4,30293,367,871,31,3.6,0.63,150|182|214|805|1028|1490|1545|2048|2627|2719|3589|3927|3977|4313|4605|5243|5292|6387|6424|6869|6876|7040|7048|7052|7057|7076|7431|7436|8877|27123|29128,ADRA2A|JAG1|ALCAM|CALM2|CDKN1C|CCN2|CYP1B1|EPHB2|GATA6|GPC3|IL11|LASP1|LIFR|MMP2|MYBL2|ABCB1|PIM1|CXCL12|SFRP4|TACR1|TAGLN|TGFB1|TGFBR2|TGM2|THBS1|TIMP1|VIM|VLDLR|SPHK1|DKK2|UHRF1,-5.3,0
1,-7,C0265004,M1,1,0,DisGeNET,35,Dilatation of aorta,,-7,8.9,8.5,30293,39,871,10,1.1,0.36,348|1281|1832|2201|4883|7040|7042|7048|7076|9510,APOE|COL3A1|DSP|FBN2|NPR3|TGFB1|TGFB2|TGFBR2|TIMP1|ADAMTS1,-5.3,0
1,-6.9,C0014072,M1,1,0,DisGeNET,35,Experimental Autoimmune Encephalomyelitis,,-6.9,5.4,7.4,30293,97,871,15,1.7,0.44,348|953|1464|4313|4747|5155|5156|5354|5742|5764|7040|7042|7078|7412|9590,APOE|ENTPD1|CSPG4|MMP2|NEFL|PDGFB|PDGFRA|PLP1|PTGS1|PTN|TGFB1|TGFB2|TIMP3|VCAM1|AKAP12,-5.3,0
1,-6.9,C0153349,M1,1,0,DisGeNET,35,Malignant neoplasm of tongue,,-6.9,4.3,7,30293,155,871,19,2.2,0.49,182|1910|2308|3315|3371|3490|4233|4312|4851|5155|7040|7134|7431|8076|8870|10123|10630|23705|51129,JAG1|EDNRB|FOXO1|HSPB1|TNC|IGFBP7|MET|MMP1|NOTCH1|PDGFB|TGFB1|TNNC1|VIM|MFAP5|IER3|ARL4C|PDPN|CADM1|ANGPTL4,-5.3,0
1,-6.9,C1519666,M1,1,0,DisGeNET,35,Tumor-Associated Vasculature,,-6.9,5.8,7.6,30293,84,871,14,1.6,0.43,214|290|2022|2258|3371|3491|5176|5328|6387|7057|7431|57007|57124|84624,ALCAM|ANPEP|ENG|FGF13|TNC|CCN1|SERPINF1|PLAU|CXCL12|THBS1|VIM|ACKR3|CD248|FNDC1,-5.3,0
1,-6.9,C0343641,M1,1,0,DisGeNET,35,Human papilloma virus infection,,-6.9,2.8,6.3,30293,428,871,34,3.9,0.66,182|701|953|1030|1545|1612|2066|2263|2317|3315|3371|3486|4256|4288|4313|4320|4502|5055|5178|6281|6285|6387|6657|6696|7040|7057|7078|7431|7481|7852|7980|23541|57214|126393,JAG1|BUB1B|ENTPD1|CDKN2B|CYP1B1|DAPK1|ERBB4|FGFR2|FLNB|HSPB1|TNC|IGFBP3|MGP|MKI67|MMP2|MMP11|MT2A|SERPINB2|PEG3|S100A10|S100B|CXCL12|SOX2|SPP1|TGFB1|THBS1|TIMP3|VIM|WNT11|CXCR4|TFPI2|SEC14L2|CEMIP|HSPB6,-5.3,0
1,-6.9,C0027830,M1,1,0,DisGeNET,35,neurofibroma,,-6.9,4.7,7.2,30293,125,871,17,2,0.47,861|1030|1281|2048|3084|4322|5054|5155|5156|5764|6285|6387|7040|7852|10252|10763|23189,RUNX1|CDKN2B|COL3A1|EPHB2|NRG1|MMP13|SERPINE1|PDGFB|PDGFRA|PTN|S100B|CXCL12|TGFB1|CXCR4|SPRY1|NES|KANK1,-5.3,0
1,-6.9,C0007107,M1,1,0,DisGeNET,35,Malignant neoplasm of larynx,,-6.9,3,6.4,30293,349,871,30,3.4,0.62,182|1294|1545|1612|1634|2045|2201|3927|4015|4312|4320|4502|4851|5961|6387|6513|6520|6657|6899|7042|7043|7076|7852|8140|8840|23657|23705|55655|57007|63027,JAG1|COL7A1|CYP1B1|DAPK1|DCN|EPHA7|FBN2|LASP1|LOX|MMP1|MMP11|MT2A|NOTCH1|PRPH2|CXCL12|SLC2A1|SLC3A2|SOX2|TBX1|TGFB2|TGFB3|TIMP1|CXCR4|SLC7A5|CCN4|SLC7A11|CADM1|NLRP2|ACKR3|SLC22A23,-5.3,0
1,-6.9,C2945695,M1,1,0,DisGeNET,35,Limb ischemia,,-6.9,4.1,6.9,30293,171,871,20,2.3,0.51,59|284|348|701|1906|2034|2258|4879|4908|4969|5328|6696|6869|7076|7852|7857|9518|10628|57007|375033,ACTA2|ANGPT1|APOE|BUB1B|EDN1|EPAS1|FGF13|NPPB|NTF3|OGN|PLAU|SPP1|TACR1|TIMP1|CXCR4|SCG2|GDF15|TXNIP|ACKR3|PEAR1,-5.3,0
1,-6.9,C1535926,M1,1,0,DisGeNET,35,Neurodevelopmental Disorders,,-6.9,2.5,6.2,30293,534,871,39,4.5,0.7,288|348|794|1000|1620|1759|1844|1909|2066|2567|2670|2917|3084|3708|3800|3899|3912|4233|4685|5021|5455|6509|6513|6529|6925|6928|9229|9369|10718|23189|26047|26227|26585|27286|56896|57007|85461|152330|253738,ANK3|APOE|CALB2|CDH2|BRINP1|DNM1|DUSP2|EDNRA|ERBB4|GABRG3|GFAP|GRM7|NRG1|ITPR1|KIF5C|AFF3|LAMB1|MET|NCAM2|OXTR|POU3F3|SLC1A4|SLC2A1|SLC6A1|TCF4|HNF1B|DLGAP1|NRXN3|NRG3|KANK1|CNTNAP2|PHGDH|GREM1|SRPX2|DPYSL5|ACKR3|TANC1|CNTN4|EBF3,-5.3,0
1,-6.9,C1270972,M1,1,0,DisGeNET,35,Mild cognitive disorder,,-6.9,2.8,6.3,30293,430,871,34,3.9,0.66,19|133|182|348|875|1191|1268|1356|2668|2670|3485|3486|4036|4747|4908|5054|5066|5362|6285|6319|7042|7225|7262|7412|8549|8871|9369|9518|22943|23263|23336|28984|63827|64399,ABCA1|ADM|JAG1|APOE|CBS|CLU|CNR1|CP|GDNF|GFAP|IGFBP2|IGFBP3|LRP2|NEFL|NTF3|SERPINE1|PAM|PLXNA2|S100B|SCD|TGFB2|TRPC6|PHLDA2|VCAM1|LGR5|SYNJ2|NRXN3|GDF15|DKK1|MCF2L|SYNM|RGCC|BCAN|HHIP,-5.3,0
1,-6.9,C0242706,M1,1,0,DisGeNET,35,Hyperoxia,,-6.9,7.7,8.1,30293,50,871,11,1.3,0.38,445|652|1906|3485|4313|5156|5328|7040|7076|8840|10630,ASS1|BMP4|EDN1|IGFBP2|MMP2|PDGFRA|PLAU|TGFB1|TIMP1|CCN4|PDPN,-5.2,0
1,-6.9,C4551687,M1,1,0,DisGeNET,35,Sarcoma of soft tissue,,-6.9,3.4,6.6,30293,258,871,25,2.9,0.57,290|1028|1030|1464|1620|1839|2034|2308|2719|4233|4312|4610|5054|5156|5243|5328|5806|6285|6696|7040|7431|8549|9518|10630|389136,ANPEP|CDKN1C|CDKN2B|CSPG4|BRINP1|HBEGF|EPAS1|FOXO1|GPC3|MET|MMP1|MYCL|SERPINE1|PDGFRA|ABCB1|PLAU|PTX3|S100B|SPP1|TGFB1|VIM|LGR5|GDF15|PDPN|VGLL3,-5.2,0
1,-6.8,C0022665,M1,1,0,DisGeNET,35,Kidney Neoplasm,,-6.8,3.2,6.5,30293,295,871,27,3.1,0.59,133|290|928|1293|1545|1978|2034|2048|2719|3490|4129|4233|4288|4313|5243|6285|6387|6928|7052|7225|7412|7431|7852|28984|80274|116113|116496,ADM|ANPEP|CD9|COL6A3|CYP1B1|EIF4EBP1|EPAS1|EPHB2|GPC3|IGFBP7|MAOB|MET|MKI67|MMP2|ABCB1|S100B|CXCL12|HNF1B|TGM2|TRPC6|VCAM1|VIM|CXCR4|RGCC|SCUBE1|FOXP4|NIBAN1,-5.2,0
1,-6.8,C0345050,M1,1,0,DisGeNET,35,Congenital aneurysm of ascending aorta,,-6.8,15,9.8,30293,16,871,7,0.8,0.3,59|1281|4015|4629|4638|4851|7048,ACTA2|COL3A1|LOX|MYH11|MYLK|NOTCH1|TGFBR2,-5.2,0
1,-6.8,C2919945,M1,1,0,DisGeNET,35,Cavernous Hemangioma of Brain,,-6.8,4.7,7.1,30293,127,871,17,2,0.47,805|1284|2022|2048|2321|2670|2697|4312|5455|6281|6513|7057|7130|7431|27087|29968|57493,CALM2|COL4A2|ENG|EPHB2|FLT1|GFAP|GJA1|MMP1|POU3F3|S100A10|SLC2A1|THBS1|TNFAIP6|VIM|B3GAT1|PSAT1|HEG1,-5.2,0
1,-6.8,C0243050,M1,1,0,DisGeNET,35,Cardiovascular Abnormalities,,-6.8,5.3,7.3,30293,99,871,15,1.7,0.44,1293|1832|1906|2317|2624|2668|3090|3975|4052|4883|6899|6928|57761|64093|64220,COL6A3|DSP|EDN1|FLNB|GATA2|GDNF|HIC1|LHX1|LTBP1|NPR3|TBX1|HNF1B|TRIB3|SMOC1|STRA6,-5.2,0
1,-6.8,C1654637,M1,1,0,DisGeNET,35,androgen independent prostate cancer,,-6.8,3.8,6.8,30293,190,871,21,2.4,0.52,1906|1958|2048|2069|3486|3491|3702|5243|5292|6424|6581|6657|7040|7291|7431|7980|10625|23209|29968|56937|63976,EDN1|EGR1|EPHB2|EREG|IGFBP3|CCN1|ITK|ABCB1|PIM1|SFRP4|SLC22A3|SOX2|TGFB1|TWIST1|VIM|TFPI2|IVNS1ABP|MLC1|PSAT1|PMEPA1|PRDM16,-5.2,0
1,-6.8,C1858085,M1,1,0,DisGeNET,35,Malar flattening,,-6.8,3.8,6.8,30293,190,871,21,2.4,0.52,547|652|701|2263|2296|2317|3977|4036|4094|4256|4854|4921|5077|6899|7021|7046|7048|7291|8425|10082|79633,KIF1A|BMP4|BUB1B|FGFR2|FOXC1|FLNB|LIFR|LRP2|MAF|MGP|NOTCH3|DDR2|PAX3|TBX1|TFAP2B|TGFBR1|TGFBR2|TWIST1|LTBP4|GPC6|FAT4,-5.2,0
1,-6.8,C0002895,M1,1,0,DisGeNET,35,"Anemia, Sickle Cell",,-6.8,2.7,6.2,30293,433,871,34,3.9,0.66,19|146|348|445|805|875|1282|1604|1906|1958|1993|2034|3075|3486|4627|4879|5054|5243|5362|5806|6319|6869|7040|7057|7075|7364|7412|8877|9518|9966|57537|64072|114805|100133941,ABCA1|ADRA1D|APOE|ASS1|CALM2|CBS|COL4A1|CD55|EDN1|EGR1|ELAVL2|EPAS1|CFH|IGFBP3|MYH9|NPPB|SERPINE1|ABCB1|PLXNA2|PTX3|SCD|TACR1|TGFB1|THBS1|TIE1|UGT2B7|VCAM1|SPHK1|GDF15|TNFSF15|SORCS2|CDH23|GALNT13|CD24,-5.2,0
1,-6.8,C0333307,M1,1,0,DisGeNET,35,Superficial ulcer,,-6.8,3.4,6.6,30293,242,871,24,2.8,0.55,348|1311|2296|3491|3673|4312|4313|4322|4851|5251|6696|7040|7057|7076|7412|7431|8140|8600|8877|9518|9966|10370|22943|56005,APOE|COMP|FOXC1|CCN1|ITGA2|MMP1|MMP2|MMP13|NOTCH1|PHEX|SPP1|TGFB1|THBS1|TIMP1|VCAM1|VIM|SLC7A5|TNFSF11|SPHK1|GDF15|TNFSF15|CITED2|DKK1|MYDGF,-5.2,0
1,-6.8,C3887524,M1,1,0,DisGeNET,35,Skin Erosion,,-6.8,3.6,6.6,30293,225,871,23,2.6,0.54,348|1294|1311|1832|3491|3673|4312|4313|4322|4851|5251|6696|7040|7057|7076|7412|7431|8140|8600|9518|9966|10370|56005,APOE|COL7A1|COMP|DSP|CCN1|ITGA2|MMP1|MMP2|MMP13|NOTCH1|PHEX|SPP1|TGFB1|THBS1|TIMP1|VCAM1|VIM|SLC7A5|TNFSF11|GDF15|TNFSF15|CITED2|MYDGF,-5.2,0
1,-6.8,C4721779,M1,1,0,DisGeNET,35,Ovarian cancer stage IV,,-6.8,7.5,8,30293,51,871,11,1.3,0.38,1545|1902|2048|2668|3673|4921|5054|5328|6387|7412|56937,CYP1B1|LPAR1|EPHB2|GDNF|ITGA2|DDR2|SERPINE1|PLAU|CXCL12|VCAM1|PMEPA1,-5.2,0
1,-6.8,C1861305,M1,1,0,DisGeNET,35,TARSAL-CARPAL COALITION SYNDROME,,-6.8,3.3,6.5,30293,261,871,25,2.9,0.57,284|445|1028|1030|1612|1620|2048|2066|2321|2627|3486|3490|3856|3927|4288|4313|4322|4739|5243|5328|7040|7046|7431|29128|79971,ANGPT1|ASS1|CDKN1C|CDKN2B|DAPK1|BRINP1|EPHB2|ERBB4|FLT1|GATA6|IGFBP3|IGFBP7|KRT8|LASP1|MKI67|MMP2|MMP13|NEDD9|ABCB1|PLAU|TGFB1|TGFBR1|VIM|UHRF1|WLS,-5.2,0
1,-6.8,C0016034,M1,1,0,DisGeNET,35,Breast Fibrocystic Disease,,-6.8,4.9,7.1,30293,114,871,16,1.8,0.46,805|1545|1634|2674|3486|4312|4313|4502|6513|6591|7076|7291|7852|8038|9672|27324,CALM2|CYP1B1|DCN|GFRA1|IGFBP3|MMP1|MMP2|MT2A|SLC2A1|SNAI2|TIMP1|TWIST1|CXCR4|ADAM12|SDC3|TOX3,-5.2,0
1,-6.7,C0024301,M1,1,0,DisGeNET,35,"Lymphoma, Follicular",,-6.7,2.6,6.2,30293,477,871,36,4.1,0.67,290|710|953|970|1028|1030|1604|1612|1978|2045|2048|2066|2308|2668|3899|4288|4851|5156|5243|5292|6387|6513|7040|7052|7301|7431|7852|8600|9746|10611|10878|56005|56112|84433|140885|327657,ANPEP|SERPING1|ENTPD1|CD70|CDKN1C|CDKN2B|CD55|DAPK1|EIF4EBP1|EPHA7|EPHB2|ERBB4|FOXO1|GDNF|AFF3|MKI67|NOTCH1|PDGFRA|ABCB1|PIM1|CXCL12|SLC2A1|TGFB1|TGM2|TYRO3|VIM|CXCR4|TNFSF11|CLSTN3|PDLIM5|CFHR3|MYDGF|PCDHGA3|CARD11|SIRPA|SERPINA9,-5.2,0
1,-6.7,C0027055,M1,1,0,DisGeNET,35,Myocardial Reperfusion Injury,,-6.7,3.5,6.6,30293,226,871,23,2.6,0.54,1268|1906|1909|1910|2697|3371|4060|4288|4312|4313|4879|4883|4886|5054|6285|6423|6513|6546|7040|7057|7412|7832|27063,CNR1|EDN1|EDNRA|EDNRB|GJA1|TNC|LUM|MKI67|MMP1|MMP2|NPPB|NPR3|NPY1R|SERPINE1|S100B|SFRP2|SLC2A1|SLC8A1|TGFB1|THBS1|VCAM1|BTG2|ANKRD1,-5.1,0
1,-6.7,C0235480,M1,1,0,DisGeNET,35,Paroxysmal atrial fibrillation,,-6.7,3.5,6.6,30293,226,871,23,2.6,0.54,1674|1906|1910|2066|3084|4879|5318|5328|6387|6586|6783|6926|7040|7076|7412|9267|9464|9644|22822|26010|114907|222553|285704,DES|EDN1|EDNRB|ERBB4|NRG1|NPPB|PKP2|PLAU|CXCL12|SLIT3|SULT1E1|TBX3|TGFB1|TIMP1|VCAM1|CYTH1|HAND2|SH3PXD2A|PHLDA1|SPATS2L|FBXO32|SLC35F1|RGMB,-5.1,0
1,-6.7,C0017606,M1,1,0,DisGeNET,35,Primary angle-closure glaucoma,,-6.7,5.6,7.4,30293,87,871,14,1.6,0.43,19|348|1490|1509|1545|1634|4015|4312|5362|6424|6696|7040|7042|7057,ABCA1|APOE|CCN2|CTSD|CYP1B1|DCN|LOX|MMP1|PLXNA2|SFRP4|SPP1|TGFB1|TGFB2|THBS1,-5.1,0
1,-6.7,C0349204,M1,1,0,DisGeNET,35,Nonorganic psychosis,,-6.7,2.9,6.3,30293,376,871,31,3.6,0.63,288|348|649|1268|1808|1821|2066|2263|2512|2567|2890|2917|3084|4886|5021|5054|5243|5327|5999|6285|6536|6581|6899|6925|7040|7042|7412|8140|8829|9518|27087,ANK3|APOE|BMP1|CNR1|DPYSL2|DRP2|ERBB4|FGFR2|FTL|GABRG3|GRIA1|GRM7|NRG1|NPY1R|OXTR|SERPINE1|ABCB1|PLAT|RGS4|S100B|SLC6A9|SLC22A3|TBX1|TCF4|TGFB1|TGFB2|VCAM1|SLC7A5|NRP1|GDF15|B3GAT1,-5.1,0
1,-6.7,C1292769,M1,1,0,DisGeNET,35,Precursor B-cell lymphoblastic leukemia,,-6.7,2.6,6.1,30293,478,871,36,4.1,0.67,133|290|683|861|970|1030|1466|1490|1509|2149|2890|3490|3899|4312|4854|4879|5054|5156|5243|5292|5327|5764|5806|6387|6869|7076|7162|7857|8829|9518|23089|29128|51384|79191|92737|644943,ADM|ANPEP|BST1|RUNX1|CD70|CDKN2B|CSRP2|CCN2|CTSD|F2R|GRIA1|IGFBP7|AFF3|MMP1|NOTCH3|NPPB|SERPINE1|PDGFRA|ABCB1|PIM1|PLAT|PTN|PTX3|CXCL12|TACR1|TIMP1|TPBG|SCG2|NRP1|GDF15|PEG10|UHRF1|WNT16|IRX3|DNER|RASSF10,-5.1,0
1,-6.7,C4049938,M1,1,0,DisGeNET,35,Physical Activity Measurement,,-6.7,4.1,6.8,30293,160,871,19,2.2,0.49,19|348|2138|2202|3092|3122|4052|4883|6913|7021|7042|9369|22808|23333|26047|57211|64399|84870|257194,ABCA1|APOE|EYA1|EFEMP1|HIP1|HLA-DRA|LTBP1|NPR3|TBX15|TFAP2B|TGFB2|NRXN3|MRAS|DPY19L1|CNTNAP2|ADGRG6|HHIP|RSPO3|NEGR1,-5.1,0
1,-6.7,C0156181,M1,1,0,DisGeNET,35,Peritoneal adhesion,,-6.7,9.8,8.6,30293,32,871,9,1,0.34,1490|1958|5054|5055|5243|5327|7040|7043|10630,CCN2|EGR1|SERPINE1|SERPINB2|ABCB1|PLAT|TGFB1|TGFB3|PDPN,-5.1,0
1,-6.7,C0852949,M1,1,0,DisGeNET,35,Arteriopathic disease,,-6.7,5.2,7.2,30293,101,871,15,1.7,0.44,59|348|875|1030|1281|1282|1906|2296|4312|4629|4851|4854|5054|6696|7046,ACTA2|APOE|CBS|CDKN2B|COL3A1|COL4A1|EDN1|FOXC1|MMP1|MYH11|NOTCH1|NOTCH3|SERPINE1|SPP1|TGFBR1,-5.1,0
1,-6.7,C0007682,M1,1,0,DisGeNET,35,CNS disorder,,-6.7,3.1,6.3,30293,319,871,28,3.2,0.6,348|710|1392|1909|1910|2149|2670|2697|2917|4129|4313|4610|4747|5142|5243|5354|6387|6536|6696|6869|6925|7040|7076|7431|7852|8515|29968|57007,APOE|SERPING1|CRH|EDNRA|EDNRB|F2R|GFAP|GJA1|GRM7|MAOB|MMP2|MYCL|NEFL|PDE4B|ABCB1|PLP1|CXCL12|SLC6A9|SPP1|TACR1|TCF4|TGFB1|TIMP1|VIM|CXCR4|ITGA10|PSAT1|ACKR3,-5.1,0
1,-6.7,C0001815,M1,1,0,DisGeNET,35,Primary Myelofibrosis,,-6.7,3.2,6.4,30293,282,871,26,3,0.58,649|654|655|794|861|928|1030|1490|2022|2321|3315|3491|4015|4322|5155|5156|6387|6578|6696|7040|7046|7048|7057|7852|8507|158326,BMP1|BMP6|BMP7|CALB2|RUNX1|CD9|CDKN2B|CCN2|ENG|FLT1|HSPB1|CCN1|LOX|MMP13|PDGFB|PDGFRA|CXCL12|SLCO2A1|SPP1|TGFB1|TGFBR1|TGFBR2|THBS1|CXCR4|ENC1|FREM1,-5.1,0
1,-6.7,C4048329,M1,1,0,DisGeNET,35,Immunosuppression,,-6.7,2.4,6,30293,632,871,43,4.9,0.73,19|348|649|655|953|970|1392|1634|2201|2615|3075|3122|3371|3485|3487|3490|4232|5054|5055|5156|5243|5327|6285|6319|6387|6696|7040|7042|7076|7130|7412|7547|7852|8600|8829|23213|23541|25797|50863|56005|92737|169026|284266,ABCA1|APOE|BMP1|BMP7|ENTPD1|CD70|CRH|DCN|FBN2|LRRC32|CFH|HLA-DRA|TNC|IGFBP2|IGFBP4|IGFBP7|MEST|SERPINE1|SERPINB2|PDGFRA|ABCB1|PLAT|S100B|SCD|CXCL12|SPP1|TGFB1|TGFB2|TIMP1|TNFAIP6|VCAM1|ZIC3|CXCR4|TNFSF11|NRP1|SULF1|SEC14L2|QPCT|NTM|MYDGF|DNER|SLC30A8|SIGLEC15,-5.1,0
1,-6.7,C0152101,M1,1,0,DisGeNET,35,Hypoplastic Left Heart Syndrome,,-6.7,7.4,7.9,30293,52,871,11,1.3,0.38,348|1906|2294|2627|2697|4091|4851|6285|6899|7026|57514,APOE|EDN1|FOXF1|GATA6|GJA1|SMAD6|NOTCH1|S100B|TBX1|NR2F2|ARHGAP31,-5.1,0
1,-6.7,C0026837,M1,1,0,DisGeNET,35,Muscle Rigidity,,-6.7,3,6.3,30293,320,871,28,3.2,0.6,133|284|348|1509|1674|1759|2244|2273|2308|2512|2670|3371|3736|4091|5155|5292|6520|6541|6899|7040|7138|7431|9627|9644|10370|56896|64072|117581,ADM|ANGPT1|APOE|CTSD|DES|DNM1|FGB|FHL1|FOXO1|FTL|GFAP|TNC|KCNA1|SMAD6|PDGFB|PIM1|SLC3A2|SLC7A1|TBX1|TGFB1|TNNT1|VIM|SNCAIP|SH3PXD2A|CITED2|DPYSL5|CDH23|TWIST2,-5.1,0
1,-6.7,C0598608,M1,1,0,DisGeNET,35,Hyperhomocysteinemia,,-6.7,3.4,6.5,30293,246,871,24,2.8,0.55,348|875|1674|1909|2308|2670|2890|4313|4322|4638|4837|4879|5054|5243|5354|6513|6696|7040|7076|7412|8029|8600|8829|57761,APOE|CBS|DES|EDNRA|FOXO1|GFAP|GRIA1|MMP2|MMP13|MYLK|NNMT|NPPB|SERPINE1|ABCB1|PLP1|SLC2A1|SPP1|TGFB1|TIMP1|VCAM1|CUBN|TNFSF11|NRP1|TRIB3,-5.1,0
1,-6.6,C0019158,M1,1,0,DisGeNET,35,Hepatitis,,-6.6,2.3,5.9,30293,656,871,44,5.1,0.74,348|1030|1191|1240|1268|1306|1311|1490|1545|2149|2567|2683|2697|2719|3490|3875|4053|4322|4851|5122|5243|5742|5800|6241|6285|6387|6696|6925|7040|7042|7301|7412|7431|8877|9518|9547|9966|10611|10625|10628|50507|51200|56005|100133941,APOE|CDKN2B|CLU|CMKLR1|CNR1|COL15A1|COMP|CCN2|CYP1B1|F2R|GABRG3|B4GALT1|GJA1|GPC3|IGFBP7|KRT18|LTBP2|MMP13|NOTCH1|PCSK1|ABCB1|PTGS1|PTPRO|RRM2|S100B|CXCL12|SPP1|TCF4|TGFB1|TGFB2|TYRO3|VCAM1|VIM|SPHK1|GDF15|CXCL14|TNFSF15|PDLIM5|IVNS1ABP|TXNIP|NOX4|CPA4|MYDGF|CD24,-5.1,0
1,-6.6,C0027859,M1,1,0,DisGeNET,35,Acoustic Neuroma,,-6.6,4.5,6.9,30293,131,871,17,2,0.47,21|2022|2048|2066|2668|3084|3887|4233|4288|4313|6696|7040|7057|7852|8829|9244|23089,ABCA3|ENG|EPHB2|ERBB4|GDNF|NRG1|KRT81|MET|MKI67|MMP2|SPP1|TGFB1|THBS1|CXCR4|NRP1|CRLF1|PEG10,-5,0
1,-6.6,C0041207,M1,1,0,DisGeNET,35,"Truncus Arteriosus, Persistent",,-6.6,5.9,7.4,30293,76,871,13,1.5,0.41,348|2069|2308|2624|2627|4233|5077|5080|6899|6926|8829|10512|84107,APOE|EREG|FOXO1|GATA2|GATA6|MET|PAX3|PAX6|TBX1|TBX3|NRP1|SEMA3C|ZIC4,-5,0
1,-6.6,C2363973,M1,1,0,DisGeNET,35,Chronic thromboembolic pulmonary hypertension,,-6.6,5.9,7.4,30293,76,871,13,1.5,0.41,1906|2149|2308|4256|4313|4879|5740|6696|6899|7040|7046|10630|50507,EDN1|F2R|FOXO1|MGP|MMP2|NPPB|PTGIS|SPP1|TBX1|TGFB1|TGFBR1|PDPN|NOX4,-5,0
1,-6.6,C4721509,M1,1,0,DisGeNET,35,Usual Interstitial Pneumonia,,-6.6,6.5,7.6,30293,64,871,12,1.4,0.39,21|1287|1634|1832|2294|3371|4313|5054|5328|6696|7852|10630,ABCA3|COL4A5|DCN|DSP|FOXF1|TNC|MMP2|SERPINE1|PLAU|SPP1|CXCR4|PDPN,-5,0
1,-6.6,C0026499,M1,1,0,DisGeNET,35,Monosomy,,-6.6,3.6,6.5,30293,213,871,22,2.5,0.53,861|875|1958|1993|2201|2263|2624|3315|3486|4629|5156|5243|6285|6899|7078|7301|7431|10234|10602|10752|10763|84662,RUNX1|CBS|EGR1|ELAVL2|FBN2|FGFR2|GATA2|HSPB1|IGFBP3|MYH11|PDGFRA|ABCB1|S100B|TBX1|TIMP3|TYRO3|VIM|LRRC17|CDC42EP3|CHL1|NES|GLIS2,-5,0
1,-6.6,C0028840,M1,1,0,DisGeNET,35,Ocular Hypertension,,-6.6,5.1,7.1,30293,103,871,15,1.7,0.44,652|1356|1490|1545|1910|2296|2670|4053|4312|4313|5362|7042|7052|7057|170691,BMP4|CP|CCN2|CYP1B1|EDNRB|FOXC1|GFAP|LTBP2|MMP1|MMP2|PLXNA2|TGFB2|TGM2|THBS1|ADAMTS17,-5,0
1,-6.6,C0392163,M1,1,0,DisGeNET,35,Corneal erosion,,-6.6,9.5,8.4,30293,33,871,9,1,0.34,1285|1286|1287|1294|2263|2706|4312|117581|348938,COL4A3|COL4A4|COL4A5|COL7A1|FGFR2|GJB2|MMP1|TWIST2|NIPAL4,-5,0
1,-6.6,C0428883,M1,1,0,DisGeNET,35,Diastolic blood pressure,,-6.6,2.5,6,30293,507,871,37,4.2,0.68,288|1284|1612|1808|2201|2202|2624|2662|2917|3232|3486|3490|4883|5066|5080|5789|6000|6541|6546|7042|7145|9846|10512|22808|50507|53346|54437|55534|55603|57194|59277|63976|79987|80323|81578|143503|222553,ANK3|COL4A2|DAPK1|DPYSL2|FBN2|EFEMP1|GATA2|GDF10|GRM7|HOXD3|IGFBP3|IGFBP7|NPR3|PAM|PAX6|PTPRD|RGS7|SLC7A1|SLC8A1|TGFB2|TNS1|GAB2|SEMA3C|MRAS|NOX4|TM6SF1|SEMA5B|MAML3|TENT5A|ATP10A|NTN4|PRDM16|SVEP1|CCDC68|COL21A1|OR51E1|SLC35F1,-5,0
1,-6.5,C0039103,M1,1,0,DisGeNET,35,Synovitis,,-6.5,3.7,6.6,30293,197,871,21,2.4,0.52,1191|1311|1490|1906|2149|3371|4129|4322|4921|5054|5328|5742|6422|6696|7052|7057|7076|7412|8600|22943|150094,CLU|COMP|CCN2|EDN1|F2R|TNC|MAOB|MMP13|DDR2|SERPINE1|PLAU|PTGS1|SFRP1|SPP1|TGM2|THBS1|TIMP1|VCAM1|TNFSF11|DKK1|SIK1,-5,0
1,-6.5,C4049446,M1,1,0,DisGeNET,35,Neointimal hyperplasia,,-6.5,3.7,6.5,30293,198,871,21,2.4,0.52,348|1191|1612|1634|1903|2627|2668|2697|3491|4629|5054|5176|5328|6285|6876|7040|7052|8829|8870|10252|10371,APOE|CLU|DAPK1|DCN|S1PR3|GATA6|GDNF|GJA1|CCN1|MYH11|SERPINE1|SERPINF1|PLAU|S100B|TAGLN|TGFB1|TGM2|NRP1|IER3|SPRY1|SEMA3A,-4.9,0
1,-6.5,C0152459,M1,1,0,DisGeNET,35,Linear atrophy,,-6.5,4.2,6.7,30293,149,871,18,2.1,0.48,794|1392|2263|2567|2706|3708|4036|4313|5021|5077|6285|6526|6899|7046|7048|7412|8029|8829,CALB2|CRH|FGFR2|GABRG3|GJB2|ITPR1|LRP2|MMP2|OXTR|PAX3|S100B|SLC5A3|TBX1|TGFBR1|TGFBR2|VCAM1|CUBN|NRP1,-4.9,0
1,-6.5,C0023470,M1,1,0,DisGeNET,35,Myeloid Leukemia,,-6.5,2.8,6.1,30293,385,871,31,3.6,0.63,133|182|284|805|861|1030|1958|2048|2321|2624|3589|3927|3976|4330|4629|4739|4753|5156|5243|5292|6869|7040|7057|7076|7431|8829|10221|51816|57761|63976|100133941,ADM|JAG1|ANGPT1|CALM2|RUNX1|CDKN2B|EGR1|EPHB2|FLT1|GATA2|IL11|LASP1|LIF|MN1|MYH11|NEDD9|NELL2|PDGFRA|ABCB1|PIM1|TACR1|TGFB1|THBS1|TIMP1|VIM|NRP1|TRIB1|ADA2|TRIB3|PRDM16|CD24,-4.9,0
1,-6.5,C1836542,M1,1,0,DisGeNET,35,Depressed nasal bridge,,-6.5,2.7,6.1,30293,426,871,33,3.8,0.65,182|701|894|1028|1717|2138|2263|2296|2317|2697|2719|3736|4036|4094|4256|4921|5077|6536|7021|7291|9244|9758|10082|22808|26047|29968|57211|63976|64093|79633|80144|117581|150094,JAG1|BUB1B|CCND2|CDKN1C|DHCR7|EYA1|FGFR2|FOXC1|FLNB|GJA1|GPC3|KCNA1|LRP2|MAF|MGP|DDR2|PAX3|SLC6A9|TFAP2B|TWIST1|CRLF1|FRMPD4|GPC6|MRAS|CNTNAP2|PSAT1|ADGRG6|PRDM16|SMOC1|FAT4|FRAS1|TWIST2|SIK1,-4.9,0
1,-6.5,C0220636,M1,1,0,DisGeNET,35,Malignant neoplasm of salivary gland,,-6.5,5.4,7.2,30293,91,871,14,1.6,0.43,182|1612|2019|2621|3485|4233|4313|5176|6387|7852|8848|23209|81029|81831,JAG1|DAPK1|EN1|GAS6|IGFBP2|MET|MMP2|SERPINF1|CXCL12|CXCR4|TSC22D1|MLC1|WNT5B|NETO2,-4.9,0
1,-6.5,C1956089,M1,1,0,DisGeNET,35,Osteophyte,,-6.5,5.4,7.2,30293,91,871,14,1.6,0.43,1404|1490|2495|4322|6696|7040|7042|7043|7057|7286|10216|22943|54829|84870,HAPLN1|CCN2|FTH1|MMP13|SPP1|TGFB1|TGFB2|TGFB3|THBS1|TUFT1|PRG4|DKK1|ASPN|RSPO3,-4.9,0
1,-6.5,C0270823,M1,1,0,DisGeNET,35,Petit mal status,,-6.5,5.8,7.3,30293,78,871,13,1.5,0.41,288|290|1000|1268|1392|2668|3315|3490|4851|4908|5243|6546|6751,ANK3|ANPEP|CDH2|CNR1|CRH|GDNF|HSPB1|IGFBP7|NOTCH1|NTF3|ABCB1|SLC8A1|SSTR1,-4.9,0
1,-6.5,C0021841,M1,1,0,DisGeNET,35,Intestinal Neoplasms,,-6.5,3.8,6.6,30293,182,871,20,2.3,0.51,182|1191|1634|1734|2149|2621|3976|5156|6387|6696|6925|7048|8549|8633|8877|9518|9846|26227|26585|55504,JAG1|CLU|DCN|DIO2|F2R|GAS6|LIF|PDGFRA|CXCL12|SPP1|TCF4|TGFBR2|LGR5|UNC5C|SPHK1|GDF15|GAB2|PHGDH|GREM1|TNFRSF19,-4.9,0
1,-6.5,C0238790,M1,1,0,DisGeNET,35,bone destruction,,-6.5,3.4,6.4,30293,234,871,23,2.6,0.54,654|928|2048|3491|3589|4015|4233|4322|5764|6387|6696|7040|7046|7076|7291|7852|8600|8829|10371|22943|51129|56005|56937,BMP6|CD9|EPHB2|CCN1|IL11|LOX|MET|MMP13|PTN|CXCL12|SPP1|TGFB1|TGFBR1|TIMP1|TWIST1|CXCR4|TNFSF11|NRP1|SEMA3A|DKK1|ANGPTL4|MYDGF|PMEPA1,-4.9,0
1,-6.5,C0027404,M1,1,0,DisGeNET,35,Narcolepsy,,-6.5,3,6.2,30293,308,871,27,3.1,0.59,710|1501|1909|2567|2668|3122|3675|5142|5179|5789|6422|7373|8483|9229|9348|9645|9832|22808|26289|50507|57633|79623|80206|80323|113791|114795|133584,SERPING1|CTNND2|EDNRA|GABRG3|GDNF|HLA-DRA|ITGA3|PDE4B|PENK|PTPRD|SFRP1|COL14A1|CILP|DLGAP1|NDST3|MICAL2|JAKMIP2|MRAS|AK5|NOX4|LRRN1|GALNT14|FHOD3|CCDC68|PIK3IP1|TMEM132B|EGFLAM,-4.9,0
1,-6.5,C0038220,M1,1,0,DisGeNET,35,Status Epilepticus,,-6.5,2.5,5.9,30293,533,871,38,4.4,0.69,288|710|794|1000|1268|1392|1509|1734|1759|1808|1958|2066|2149|2668|2670|2697|2890|3315|4133|4322|4908|5066|5243|5327|5328|5999|6285|6387|6513|6529|6546|6751|6869|7048|7057|7225|7301|50507,ANK3|SERPING1|CALB2|CDH2|CNR1|CRH|CTSD|DIO2|DNM1|DPYSL2|EGR1|ERBB4|F2R|GDNF|GFAP|GJA1|GRIA1|HSPB1|MAP2|MMP13|NTF3|PAM|ABCB1|PLAT|PLAU|RGS4|S100B|CXCL12|SLC2A1|SLC6A1|SLC8A1|SSTR1|TACR1|TGFBR2|THBS1|TRPC6|TYRO3|NOX4,-4.9,0
1,-6.5,C0338831,M1,1,0,DisGeNET,35,Manic,,-6.5,4,6.6,30293,166,871,19,2.2,0.49,108|182|288|1978|2668|2890|3084|3485|3486|4313|4851|5142|5243|5454|6281|6285|6526|6869|8553,ADCY2|JAG1|ANK3|EIF4EBP1|GDNF|GRIA1|NRG1|IGFBP2|IGFBP3|MMP2|NOTCH1|PDE4B|ABCB1|POU3F2|S100A10|S100B|SLC5A3|TACR1|BHLHE40,-4.9,0
1,-6.5,C0205944,M1,1,0,DisGeNET,35,"Sarcoma, Epithelioid",,-6.5,6.3,7.4,30293,66,871,12,1.4,0.39,445|2719|4288|4313|5077|5243|6657|7040|7048|7291|7431|55534,ASS1|GPC3|MKI67|MMP2|PAX3|ABCB1|SOX2|TGFB1|TGFBR2|TWIST1|VIM|MAML3,-4.9,0
1,-6.5,C0334590,M1,1,0,DisGeNET,35,Anaplastic Oligodendroglioma,,-6.5,6.3,7.4,30293,66,871,12,1.4,0.39,1030|2668|2670|3485|4288|5155|5156|5243|6513|6657|11010|23462,CDKN2B|GDNF|GFAP|IGFBP2|MKI67|PDGFB|PDGFRA|ABCB1|SLC2A1|SOX2|GLIPR1|HEY1,-4.9,0
1,-6.4,C0278601,M1,1,0,DisGeNET,35,Inflammatory Breast Carcinoma,,-6.4,3.8,6.5,30293,183,871,20,2.3,0.51,133|1300|1545|2066|2149|3875|3887|4312|4313|4320|4851|4854|5156|7431|7852|8549|9368|9547|10763|27087,ADM|COL10A1|CYP1B1|ERBB4|F2R|KRT18|KRT81|MMP1|MMP2|MMP11|NOTCH1|NOTCH3|PDGFRA|VIM|CXCR4|LGR5|NHERF1|CXCL14|NES|B3GAT1,-4.9,0
1,-6.4,C1306503,M1,1,0,DisGeNET,35,Congenital exomphalos,,-6.4,3.4,6.4,30293,235,871,23,2.6,0.54,165|1028|1281|2263|2627|2697|2719|3736|3976|4036|4629|4638|4854|5125|5648|6299|6899|8425|10082|26227|80144|117581|150094,AEBP1|CDKN1C|COL3A1|FGFR2|GATA6|GJA1|GPC3|KCNA1|LIF|LRP2|MYH11|MYLK|NOTCH3|PCSK5|MASP1|SALL1|TBX1|LTBP4|GPC6|PHGDH|FRAS1|TWIST2|SIK1,-4.9,0
1,-6.4,C0022104,M1,1,0,DisGeNET,35,Irritable Bowel Syndrome,,-6.4,2.7,6,30293,429,871,33,3.8,0.65,150|214|875|1268|1392|1909|1958|2048|2149|2668|2697|2706|2890|2917|3856|4313|4638|4883|5021|5243|6281|6387|7040|7048|7852|9368|9966|22943|23336|23705|55915|57007|140885,ADRA2A|ALCAM|CBS|CNR1|CRH|EDNRA|EGR1|EPHB2|F2R|GDNF|GJA1|GJB2|GRIA1|GRM7|KRT8|MMP2|MYLK|NPR3|OXTR|ABCB1|S100A10|CXCL12|TGFB1|TGFBR2|CXCR4|NHERF1|TNFSF15|DKK1|SYNM|CADM1|LANCL2|ACKR3|SIRPA,-4.9,0
1,-6.4,C3495559,M1,1,0,DisGeNET,35,Juvenile arthritis,,-6.4,2.6,6,30293,450,871,34,3.9,0.66,652|953|1191|1311|1612|1717|1839|1844|1958|2317|2621|3084|3899|4133|4312|4313|5243|5806|6285|6696|7040|7052|7057|7076|7130|7291|7412|7431|7852|8600|9966|23541|54757|150094,BMP4|ENTPD1|CLU|COMP|DAPK1|DHCR7|HBEGF|DUSP2|EGR1|FLNB|GAS6|NRG1|AFF3|MAP2|MMP1|MMP2|ABCB1|PTX3|S100B|SPP1|TGFB1|TGM2|THBS1|TIMP1|TNFAIP6|TWIST1|VCAM1|VIM|CXCR4|TNFSF11|TNFSF15|SEC14L2|FAM20A|SIK1,-4.9,0
1,-6.4,C1956257,M1,1,0,DisGeNET,35,Pulmonary Stenosis,,-6.4,4.9,7,30293,106,871,15,1.7,0.44,182|1717|2589|2627|2719|3490|4053|4256|4851|7547|22808|26047|57514|64220|79633,JAG1|DHCR7|GALNT1|GATA6|GPC3|IGFBP7|LTBP2|MGP|NOTCH1|ZIC3|MRAS|CNTNAP2|ARHGAP31|STRA6|FAT4,-4.9,0
1,-6.4,C0241240,M1,1,0,DisGeNET,35,Tall stature,,-6.4,5.7,7.2,30293,79,871,13,1.5,0.41,59|875|2719|4015|4629|4638|4883|6925|7042|7043|7046|7048|8076,ACTA2|CBS|GPC3|LOX|MYH11|MYLK|NPR3|TCF4|TGFB2|TGFB3|TGFBR1|TGFBR2|MFAP5,-4.8,0
1,-6.4,C0038586,M1,1,0,DisGeNET,35,Substance Use Disorders,,-6.4,3.5,6.4,30293,218,871,22,2.5,0.53,805|1268|1392|1808|1909|2917|3899|3983|4233|5792|6581|9369|9547|22998|26047|27146|57007|79827|80206|81035|130497|143503,CALM2|CNR1|CRH|DPYSL2|EDNRA|GRM7|AFF3|ABLIM1|MET|PTPRF|SLC22A3|NRXN3|CXCL14|LIMCH1|CNTNAP2|FAM184B|ACKR3|CLMP|FHOD3|COLEC12|OSR1|OR51E1,-4.8,0
1,-6.4,C0205697,M1,1,0,DisGeNET,35,"Carcinoma, Spindle-Cell",,-6.4,3.5,6.4,30293,218,871,22,2.5,0.53,214|1266|1674|2022|2202|3399|3400|4233|4256|4313|5156|5243|5742|5764|6277|6319|7040|7048|7431|8848|51129|57007,ALCAM|CNN3|DES|ENG|EFEMP1|ID3|ID4|MET|MGP|MMP2|PDGFRA|ABCB1|PTGS1|PTN|S100A6|SCD|TGFB1|TGFBR2|VIM|TSC22D1|ANGPTL4|ACKR3,-4.8,0
1,-6.4,C0019296,M1,1,0,DisGeNET,35,"Inguinal Hernia, Indirect",,-6.4,25,11,30293,7,871,5,0.57,0.26,1294|2627|6899|6926|7048,COL7A1|GATA6|TBX1|TBX3|TGFBR2,-4.8,0
1,-6.4,C1852020,M1,1,0,DisGeNET,35,Malattia Leventinese,,-6.4,25,11,30293,7,871,5,0.57,0.26,1893|2202|3075|5362|7078,ECM1|EFEMP1|CFH|PLXNA2|TIMP3,-4.8,0
1,-6.4,C1135196,M1,1,0,DisGeNET,35,"Heart Failure, Diastolic",,-6.4,7,7.6,30293,55,871,11,1.3,0.38,146|1282|1490|2273|3491|4879|6422|7040|27063|113791|387758,ADRA1D|COL4A1|CCN2|FHL1|CCN1|NPPB|SFRP1|TGFB1|ANKRD1|PIK3IP1|FIBIN,-4.8,0
1,-6.4,C0238462,M1,1,0,DisGeNET,35,Medullary carcinoma of thyroid,,-6.4,3,6.1,30293,330,871,28,3.2,0.6,214|1030|1191|1392|2048|2321|2668|2674|3371|3976|4060|4233|4851|4854|5083|5243|5742|5792|6387|6696|6751|7040|7052|7291|7852|10252|50863|57007,ALCAM|CDKN2B|CLU|CRH|EPHB2|FLT1|GDNF|GFRA1|TNC|LIF|LUM|MET|NOTCH1|NOTCH3|PAX9|ABCB1|PTGS1|PTPRF|CXCL12|SPP1|SSTR1|TGFB1|TGM2|TWIST1|CXCR4|SPRY1|NTM|ACKR3,-4.8,0
1,-6.4,C0577631,M1,1,0,DisGeNET,35,Carotid Atherosclerosis,,-6.4,3.5,6.4,30293,219,871,22,2.5,0.53,19|348|1191|1844|2022|2244|2308|2621|3315|3673|4060|4312|4313|5054|5328|5806|6387|6696|7301|9518|22808|57761,ABCA1|APOE|CLU|DUSP2|ENG|FGB|FOXO1|GAS6|HSPB1|ITGA2|LUM|MMP1|MMP2|SERPINE1|PLAU|PTX3|CXCL12|SPP1|TYRO3|GDF15|MRAS|TRIB3,-4.8,0
1,-6.4,C0403440,M1,1,0,DisGeNET,35,Thin basement membrane disease,,-6.4,17,9.8,30293,12,871,6,0.69,0.28,1282|1284|1285|1286|1287|1356,COL4A1|COL4A2|COL4A3|COL4A4|COL4A5|CP,-4.8,0
1,-6.4,C0812437,M1,1,0,DisGeNET,35,Oculo-dento-digital syndrome,,-6.4,17,9.8,30293,12,871,6,0.69,0.28,146|1545|2070|2697|5362|117581,ADRA1D|CYP1B1|EYA4|GJA1|PLXNA2|TWIST2,-4.8,0
1,-6.3,C0266589,M1,1,0,DisGeNET,35,Congenital ear anomaly NOS (disorder),,-6.3,4.3,6.7,30293,137,871,17,2,0.47,547|1028|1906|2138|2263|2697|2706|4313|6299|6591|6899|7291|7837|79633|80000|80144|84570,KIF1A|CDKN1C|EDN1|EYA1|FGFR2|GJA1|GJB2|MMP2|SALL1|SNAI2|TBX1|TWIST1|PXDN|FAT4|GREB1L|FRAS1|COL25A1,-4.8,0
1,-6.3,C0278764,M1,1,0,DisGeNET,35,Adult Burkitt Lymphoma,,-6.3,2.6,5.9,30293,475,871,35,4,0.67,182|654|861|894|953|976|1030|1844|2048|2308|2624|2668|3399|3400|4233|4288|4851|5292|6387|6520|7040|7048|7076|7301|7431|7852|8543|9891|10962|23541|26227|79094|92737|140885|327657,JAG1|BMP6|RUNX1|CCND2|ENTPD1|ADGRE5|CDKN2B|DUSP2|EPHB2|FOXO1|GATA2|GDNF|ID3|ID4|MET|MKI67|NOTCH1|PIM1|CXCL12|SLC3A2|TGFB1|TGFBR2|TIMP1|TYRO3|VIM|CXCR4|LMO4|NUAK1|MLLT11|SEC14L2|PHGDH|CHAC1|DNER|SIRPA|SERPINA9,-4.8,0
1,-6.3,C1858556,M1,1,0,DisGeNET,35,OVERLAP CONNECTIVE TISSUE DISEASE,,-6.3,8.9,8.1,30293,35,871,9,1,0.34,1268|1545|1903|2034|2149|6586|7481|22943|257194,CNR1|CYP1B1|S1PR3|EPAS1|F2R|SLIT3|WNT11|DKK1|NEGR1,-4.8,0
1,-6.3,C4551596,M1,1,0,DisGeNET,35,Abnormal renal morphology,,-6.3,8.9,8.1,30293,35,871,9,1,0.34,2138|2263|3975|6586|6928|7021|7040|10149|80000,EYA1|FGFR2|LHX1|SLIT3|HNF1B|TFAP2B|TGFB1|ADGRG2|GREB1L,-4.8,0
1,-6.3,C0078911,M1,1,0,DisGeNET,35,AIDS-Associated Nephropathy,,-6.3,7.7,7.8,30293,45,871,10,1.1,0.36,348|1827|2048|3075|3490|4627|7040|7043|7301|22943,APOE|RCAN1|EPHB2|CFH|IGFBP7|MYH9|TGFB1|TGFB3|TYRO3|DKK1,-4.8,0
1,-6.3,C0878500,M1,1,0,DisGeNET,35,Intraepithelial Neoplasia,,-6.3,3.7,6.4,30293,186,871,20,2.3,0.51,894|1030|2069|3315|3371|3486|3488|4312|4851|5328|6285|6513|6657|6696|7040|7545|8140|8543|8553|10630,CCND2|CDKN2B|EREG|HSPB1|TNC|IGFBP3|IGFBP5|MMP1|NOTCH1|PLAU|S100B|SLC2A1|SOX2|SPP1|TGFB1|ZIC1|SLC7A5|LMO4|BHLHE40|PDPN,-4.8,0
1,-6.3,C0033687,M1,1,0,DisGeNET,35,Proteinuria,,-6.3,3.3,6.3,30293,239,871,23,2.6,0.54,133|348|715|1191|1285|1286|1287|1604|2321|2668|3075|3675|4036|4627|4879|5800|6696|6928|7040|7225|8029|10699|54443,ADM|APOE|C1R|CLU|COL4A3|COL4A4|COL4A5|CD55|FLT1|GDNF|CFH|ITGA3|LRP2|MYH9|NPPB|PTPRO|SPP1|HNF1B|TGFB1|TRPC6|CUBN|CORIN|ANLN,-4.8,0
1,-6.3,C0005938,M1,1,0,DisGeNET,35,Bone Density,,-6.3,4.3,6.7,30293,138,871,17,2,0.47,182|861|2070|2201|3090|6424|6546|51384|55504|57616|64093|79971|81029|84251|84870|91461|170692,JAG1|RUNX1|EYA4|FBN2|HIC1|SFRP4|SLC8A1|WNT16|TNFRSF19|TSHZ3|SMOC1|WLS|WNT5B|SGIP1|RSPO3|PKDCC|ADAMTS18,-4.7,0
1,-6.3,C0026998,M1,1,0,DisGeNET,35,"Acute Myeloid Leukemia, M1",,-6.3,4.3,6.7,30293,138,871,17,2,0.47,861|894|928|1612|1902|1978|2308|2624|3315|4233|4330|4629|5142|5243|6281|7837|81552,RUNX1|CCND2|CD9|DAPK1|LPAR1|EIF4EBP1|FOXO1|GATA2|HSPB1|MET|MN1|MYH11|PDE4B|ABCB1|S100A10|PXDN|VOPP1,-4.7,0
1,-6.3,C0235782,M1,1,0,DisGeNET,35,Gallbladder Carcinoma,,-6.3,2.5,5.9,30293,498,871,36,4.1,0.67,150|182|214|805|1028|1490|1545|2048|2627|2719|2817|3485|3589|3927|3977|4313|4605|5243|5292|5327|6387|6424|6869|6876|7040|7048|7052|7057|7076|7431|7436|7852|8877|27123|29128|79971,ADRA2A|JAG1|ALCAM|CALM2|CDKN1C|CCN2|CYP1B1|EPHB2|GATA6|GPC3|GPC1|IGFBP2|IL11|LASP1|LIFR|MMP2|MYBL2|ABCB1|PIM1|PLAT|CXCL12|SFRP4|TACR1|TAGLN|TGFB1|TGFBR2|TGM2|THBS1|TIMP1|VIM|VLDLR|CXCR4|SPHK1|DKK2|UHRF1|WLS,-4.7,0
1,-6.3,C0278879,M1,1,0,DisGeNET,35,Childhood Burkitt Lymphoma,,-6.3,2.6,5.9,30293,477,871,35,4,0.67,182|654|861|894|953|976|1030|1844|2048|2308|2624|2668|3399|3400|4233|4288|4851|5292|6387|6520|7040|7048|7076|7301|7431|7852|8543|9891|10962|23541|26227|79094|92737|140885|327657,JAG1|BMP6|RUNX1|CCND2|ENTPD1|ADGRE5|CDKN2B|DUSP2|EPHB2|FOXO1|GATA2|GDNF|ID3|ID4|MET|MKI67|NOTCH1|PIM1|CXCL12|SLC3A2|TGFB1|TGFBR2|TIMP1|TYRO3|VIM|CXCR4|LMO4|NUAK1|MLLT11|SEC14L2|PHGDH|CHAC1|DNER|SIRPA|SERPINA9,-4.7,0
1,-6.3,C0376154,M1,1,0,DisGeNET,35,Skin callus,,-6.3,4.1,6.6,30293,154,871,18,2.1,0.48,133|652|654|655|861|2308|2617|4091|5066|5155|5806|6281|6387|6657|7040|10371|10763|81029,ADM|BMP4|BMP6|BMP7|RUNX1|FOXO1|GARS1|SMAD6|PAM|PDGFB|PTX3|S100A10|CXCL12|SOX2|TGFB1|SEMA3A|NES|WNT5B,-4.7,0
1,-6.3,C0280785,M1,1,0,DisGeNET,35,Diffuse Astrocytoma,,-6.3,5.6,7.1,30293,81,871,13,1.5,0.41,90|1030|2173|2670|3485|3488|4233|4603|4851|6657|7040|8038|23462,ACVR1|CDKN2B|FABP7|GFAP|IGFBP2|IGFBP5|MET|MYBL1|NOTCH1|SOX2|TGFB1|ADAM12|HEY1,-4.7,0
1,-6.3,C0342257,M1,1,0,DisGeNET,35,Complications of Diabetes Mellitus,,-6.3,3.3,6.2,30293,240,871,23,2.6,0.54,133|284|655|1490|1906|1958|2149|3315|3486|4313|5054|5122|5176|6387|6513|7040|7057|7436|9945|10628|25891|51129|54972,ADM|ANGPT1|BMP7|CCN2|EDN1|EGR1|F2R|HSPB1|IGFBP3|MMP2|SERPINE1|PCSK1|SERPINF1|CXCL12|SLC2A1|TGFB1|THBS1|VLDLR|GFPT2|TXNIP|PAMR1|ANGPTL4|TMEM132A,-4.7,0
1,-6.3,C0015302,M1,1,0,DisGeNET,35,External exotoses,,-6.3,4.8,6.8,30293,109,871,15,1.7,0.44,1404|1490|1634|2495|4322|6696|7040|7042|7043|7057|7286|10216|22943|54829|84870,HAPLN1|CCN2|DCN|FTH1|MMP13|SPP1|TGFB1|TGFB2|TGFB3|THBS1|TUFT1|PRG4|DKK1|ASPN|RSPO3,-4.7,0
1,-6.3,C0334588,M1,1,0,DisGeNET,35,Giant Cell Glioblastoma,,-6.3,5.1,6.9,30293,95,871,14,1.6,0.43,182|861|928|1501|2668|4233|4313|4851|4854|5292|7052|8425|8553|23462,JAG1|RUNX1|CD9|CTNND2|GDNF|MET|MMP2|NOTCH1|NOTCH3|PIM1|TGM2|LTBP4|BHLHE40|HEY1,-4.7,0
1,-6.3,C0009782,M1,1,0,DisGeNET,35,Connective Tissue Diseases,,-6.3,3.7,6.4,30293,188,871,20,2.3,0.51,59|90|133|165|710|715|875|1281|1634|2201|2202|4015|4060|4312|4851|5243|7040|7042|7046|7048,ACTA2|ACVR1|ADM|AEBP1|SERPING1|C1R|CBS|COL3A1|DCN|FBN2|EFEMP1|LOX|LUM|MMP1|NOTCH1|ABCB1|TGFB1|TGFB2|TGFBR1|TGFBR2,-4.7,0
1,-6.3,C0158252,M1,1,0,DisGeNET,35,Intervertebral disc disorder,,-6.3,3.7,6.4,30293,188,871,20,2.3,0.51,1634|1993|2294|2308|3488|3856|3976|4312|4313|4322|4747|7076|7078|7130|8483|8877|9510|50507|54541|54829,DCN|ELAVL2|FOXF1|FOXO1|IGFBP5|KRT8|LIF|MMP1|MMP2|MMP13|NEFL|TIMP1|TIMP3|TNFAIP6|CILP|SPHK1|ADAMTS1|NOX4|DDIT4|ASPN,-4.7,0
1,-6.3,C0243038,M1,1,0,DisGeNET,35,"Carcinoma, Lewis Lung",,-6.3,3.7,6.4,30293,188,871,20,2.3,0.51,133|214|928|1285|1809|2034|2263|2321|2670|2697|4233|4313|5176|5740|7040|7057|8840|9510|56005|114907,ADM|ALCAM|CD9|COL4A3|DPYSL3|EPAS1|FGFR2|FLT1|GFAP|GJA1|MET|MMP2|SERPINF1|PTGIS|TGFB1|THBS1|CCN4|ADAMTS1|MYDGF|FBXO32,-4.7,0
1,-6.2,C0023465,M1,1,0,DisGeNET,35,Acute monocytic leukemia,,-6.2,2.3,5.7,30293,633,871,42,4.8,0.73,133|182|290|348|683|861|1000|1028|1030|1490|1612|2034|2048|2321|2621|2624|3092|3485|4313|4627|4629|4851|5243|5292|6696|7412|7431|7852|7980|10371|10628|10763|10962|11010|22943|23705|63976|79971|84662|117581|140885|253738,ADM|JAG1|ANPEP|APOE|BST1|RUNX1|CDH2|CDKN1C|CDKN2B|CCN2|DAPK1|EPAS1|EPHB2|FLT1|GAS6|GATA2|HIP1|IGFBP2|MMP2|MYH9|MYH11|NOTCH1|ABCB1|PIM1|SPP1|VCAM1|VIM|CXCR4|TFPI2|SEMA3A|TXNIP|NES|MLLT11|GLIPR1|DKK1|CADM1|PRDM16|WLS|GLIS2|TWIST2|SIRPA|EBF3,-4.7,0
1,-6.2,C0206728,M1,1,0,DisGeNET,35,Plexiform Neurofibroma,,-6.2,7.6,7.7,30293,46,871,10,1.1,0.36,133|701|861|3371|3491|5156|6285|6696|6876|8840,ADM|BUB1B|RUNX1|TNC|CCN1|PDGFRA|S100B|SPP1|TAGLN|CCN4,-4.7,0
1,-6.2,C0025988,M1,1,0,DisGeNET,35,Microglossia,,-6.2,13,8.9,30293,19,871,7,0.8,0.3,90|1294|1717|1893|1906|6899|6913,ACVR1|COL7A1|DHCR7|ECM1|EDN1|TBX1|TBX15,-4.7,0
1,-6.2,C3495798,M1,1,0,DisGeNET,35,Periodontal inflammation,,-6.2,5.5,7,30293,82,871,13,1.5,0.41,1268|1906|2149|2308|4091|4312|6285|7076|7412|8553|8600|54829|219699,CNR1|EDN1|F2R|FOXO1|SMAD6|MMP1|S100B|TIMP1|VCAM1|BHLHE40|TNFSF11|ASPN|UNC5B,-4.7,0
1,-6.2,C0751967,M1,1,0,DisGeNET,35,"Multiple Sclerosis, Relapsing-Remitting",,-6.2,3.5,6.3,30293,206,871,21,2.4,0.52,348|652|653|875|953|2615|3486|3589|4313|4747|5251|5354|6657|6696|7040|7412|9966|10371|10468|28984|100133941,APOE|BMP4|BMP5|CBS|ENTPD1|LRRC32|IGFBP3|IL11|MMP2|NEFL|PHEX|PLP1|SOX2|SPP1|TGFB1|VCAM1|TNFSF15|SEMA3A|FST|RGCC|CD24,-4.7,0
1,-6.2,C0020649,M1,1,0,DisGeNET,35,Hypotension,,-6.2,4.5,6.7,30293,125,871,16,1.8,0.46,133|150|710|1268|1392|1906|2512|2890|3075|4129|4879|5327|5328|6285|6869|64072,ADM|ADRA2A|SERPING1|CNR1|CRH|EDN1|FTL|GRIA1|CFH|MAOB|NPPB|PLAT|PLAU|S100B|TACR1|CDH23,-4.7,0
1,-6.2,C0751674,M1,1,0,DisGeNET,35,Lymphangioleiomyomatosis,,-6.2,5.1,6.9,30293,96,871,14,1.6,0.43,1674|1906|2048|2697|3485|4312|4313|4921|5054|5328|6696|7078|10630|11145,DES|EDN1|EPHB2|GJA1|IGFBP2|MMP1|MMP2|DDR2|SERPINE1|PLAU|SPP1|TIMP3|PDPN|PLAAT3,-4.7,0
1,-6.2,C0011615,M1,1,0,DisGeNET,35,"Dermatitis, Atopic",,-6.2,2.2,5.6,30293,751,871,47,5.4,0.77,133|214|1293|1392|1604|1906|1959|2034|2048|2317|2615|3371|3554|3702|4129|4753|4851|5142|5243|5318|5328|5789|6285|6869|7040|7076|7291|7412|7852|8829|9368|9966|10581|11031|23541|25797|26227|27020|28984|56005|64377|79924|80332|83716|84433|151887|374897,ADM|ALCAM|COL6A3|CRH|CD55|EDN1|EGR2|EPAS1|EPHB2|FLNB|LRRC32|TNC|IL1R1|ITK|MAOB|NELL2|NOTCH1|PDE4B|ABCB1|PKP2|PLAU|PTPRD|S100B|TACR1|TGFB1|TIMP1|TWIST1|VCAM1|CXCR4|NRP1|NHERF1|TNFSF15|IFITM2|RAB31|SEC14L2|QPCT|PHGDH|NPTN|RGCC|MYDGF|CHST8|ADM2|ADAM33|CRISPLD2|CARD11|CCDC80|SBSN,-4.6,0
1,-6.2,C1334274,M1,1,0,DisGeNET,35,Invasive Carcinoma,,-6.2,3.8,6.4,30293,173,871,19,2.2,0.49,2252|4233|4288|4313|4320|4739|4851|5176|5328|6281|6591|6657|6926|7048|7291|7431|8140|8549|10630,FGF7|MET|MKI67|MMP2|MMP11|NEDD9|NOTCH1|SERPINF1|PLAU|S100A10|SNAI2|SOX2|TBX3|TGFBR2|TWIST1|VIM|SLC7A5|LGR5|PDPN,-4.6,0
1,-6.2,C0018681,M1,1,0,DisGeNET,35,Headache,,-6.2,2.9,6,30293,338,871,28,3.2,0.6,348|710|715|805|1268|1501|1844|1909|2263|2321|2890|3075|3736|5054|5155|5362|5742|5792|5806|6507|6513|6696|7040|7291|10699|51816|63976|64072,APOE|SERPING1|C1R|CALM2|CNR1|CTNND2|DUSP2|EDNRA|FGFR2|FLT1|GRIA1|CFH|KCNA1|SERPINE1|PDGFB|PLXNA2|PTGS1|PTPRF|PTX3|SLC1A3|SLC2A1|SPP1|TGFB1|TWIST1|CORIN|ADA2|PRDM16|CDH23,-4.6,0
1,-6.2,C0007133,M1,1,0,DisGeNET,35,"Carcinoma, Papillary",,-6.2,3.4,6.2,30293,225,871,22,2.5,0.53,1030|1191|1844|2263|2321|2621|2719|4060|4233|4288|4312|4837|4851|5742|6281|6513|6591|7075|7112|25797|27087|151887,CDKN2B|CLU|DUSP2|FGFR2|FLT1|GAS6|GPC3|LUM|MET|MKI67|MMP1|NNMT|NOTCH1|PTGS1|S100A10|SLC2A1|SNAI2|TIE1|TMPO|QPCT|B3GAT1|CCDC80,-4.6,0
1,-6.2,C1704436,M1,1,0,DisGeNET,35,Peripheral Arterial Diseases,,-6.2,2.9,6,30293,319,871,27,3.1,0.59,284|348|875|1282|1906|1909|2022|2048|2149|2244|2308|2321|4313|4322|4879|4883|5243|5742|5806|6387|6783|7057|7412|8029|8600|9518|200424,ANGPT1|APOE|CBS|COL4A1|EDN1|EDNRA|ENG|EPHB2|F2R|FGB|FOXO1|FLT1|MMP2|MMP13|NPPB|NPR3|ABCB1|PTGS1|PTX3|CXCL12|SULT1E1|THBS1|VCAM1|CUBN|TNFSF11|GDF15|TET3,-4.6,0
1,-6.2,C0340427,M1,1,0,DisGeNET,35,Familial dilated cardiomyopathy,,-6.2,5.4,7,30293,83,871,13,1.5,0.41,70|1674|2627|2697|3910|4638|6444|7112|7134|9464|27063|63976|103910,ACTC1|DES|GATA6|GJA1|LAMA4|MYLK|SGCD|TMPO|TNNC1|HAND2|ANKRD1|PRDM16|MYL12B,-4.6,0
1,-6.2,C0151514,M1,1,0,DisGeNET,35,Atrophic condition of skin,,-6.2,4.7,6.7,30293,111,871,15,1.7,0.44,165|348|652|1294|1634|4256|4312|4741|6423|7040|7832|10468|54541|114907|117581,AEBP1|APOE|BMP4|COL7A1|DCN|MGP|MMP1|NEFM|SFRP2|TGFB1|BTG2|FST|DDIT4|FBXO32|TWIST2,-4.6,0
1,-6.1,C0023462,M1,1,0,DisGeNET,35,Acute Megakaryocytic Leukemias,,-6.1,4,6.4,30293,158,871,18,2.1,0.48,284|290|805|861|875|1490|2308|3371|3589|4015|4629|5155|5243|7040|7145|8877|10221|84662,ANGPT1|ANPEP|CALM2|RUNX1|CBS|CCN2|FOXO1|TNC|IL11|LOX|MYH11|PDGFB|ABCB1|TGFB1|TNS1|SPHK1|TRIB1|GLIS2,-4.6,0
1,-6.1,C3495676,M1,1,0,DisGeNET,35,Anorectal Malformations,,-6.1,4.7,6.7,30293,112,871,15,1.7,0.44,652|1501|1910|2263|2294|5125|5156|6285|6444|7547|22943|64399|84570|90362|158326,BMP4|CTNND2|EDNRB|FGFR2|FOXF1|PCSK5|PDGFRA|S100B|SGCD|ZIC3|DKK1|HHIP|COL25A1|FAM110B|FREM1,-4.6,0
1,-6.1,C0023440,M1,1,0,DisGeNET,35,Acute Erythroblastic Leukemia,,-6.1,3,6,30293,302,871,26,3,0.58,861|1909|1958|2034|2048|2066|2624|3084|3232|3399|3589|3624|4851|5155|5243|5292|5327|7040|7042|7052|7076|7852|23089|27020|57007|100133941,RUNX1|EDNRA|EGR1|EPAS1|EPHB2|ERBB4|GATA2|NRG1|HOXD3|ID3|IL11|INHBA|NOTCH1|PDGFB|ABCB1|PIM1|PLAT|TGFB1|TGFB2|TGM2|TIMP1|CXCR4|PEG10|NPTN|ACKR3|CD24,-4.6,0
1,-6.1,C0034951,M1,1,0,DisGeNET,35,Refractive Errors,,-6.1,5.9,7.1,30293,71,871,12,1.4,0.39,70|4036|4233|4313|4642|5080|5362|6422|6657|7076|7262|22943,ACTC1|LRP2|MET|MMP2|MYO1D|PAX6|PLXNA2|SFRP1|SOX2|TIMP1|PHLDA2|DKK1,-4.6,0
1,-6.1,C4049272,M1,1,0,DisGeNET,35,Tumour budding,,-6.1,5.9,7.1,30293,71,871,12,1.4,0.39,1282|1612|3371|4233|5054|6591|7040|7291|7431|7852|8549|117581,COL4A1|DAPK1|TNC|MET|SERPINE1|SNAI2|TGFB1|TWIST1|VIM|CXCR4|LGR5|TWIST2,-4.6,0
1,-6.1,C0013743,M1,1,0,DisGeNET,35,Eisenmenger Complex,,-6.1,16,9.3,30293,13,871,6,0.69,0.28,1909|6696|6899|7040|7046|7048,EDNRA|SPP1|TBX1|TGFB1|TGFBR1|TGFBR2,-4.6,0
1,-6.1,C1567742,M1,1,0,DisGeNET,35,"Alport Syndrome, X-Linked",,-6.1,16,9.3,30293,13,871,6,0.69,0.28,348|1285|1286|1287|3075|4627,APOE|COL4A3|COL4A4|COL4A5|CFH|MYH9,-4.6,0
1,-6.1,C0038013,M1,1,0,DisGeNET,35,Ankylosing spondylitis,,-6.1,2.2,5.6,30293,710,871,45,5.2,0.75,59|654|655|861|1404|1545|2048|2308|2317|2697|3075|3315|3371|3486|3554|3672|3976|4313|4851|5066|5243|5328|5740|5806|6696|6783|7040|7076|7078|7431|7852|8600|9180|9518|9966|10371|11142|22943|23541|27295|51257|81567|84433|92737|133746,ACTA2|BMP6|BMP7|RUNX1|HAPLN1|CYP1B1|EPHB2|FOXO1|FLNB|GJA1|CFH|HSPB1|TNC|IGFBP3|IL1R1|ITGA1|LIF|MMP2|NOTCH1|PAM|ABCB1|PLAU|PTGIS|PTX3|SPP1|SULT1E1|TGFB1|TIMP1|TIMP3|VIM|CXCR4|TNFSF11|OSMR|GDF15|TNFSF15|SEMA3A|PKIG|DKK1|SEC14L2|PDLIM3|MARCHF2|TXNDC5|CARD11|DNER|JMY,-4.6,0
1,-6.1,C0205698,M1,1,0,DisGeNET,35,Undifferentiated carcinoma,,-6.1,3.1,6,30293,283,871,25,2.9,0.57,214|976|1028|1266|1674|1902|1958|2202|2719|3399|3400|4233|4256|5243|5742|5764|6277|6319|7040|7048|7075|8848|23705|51129|57007,ALCAM|ADGRE5|CDKN1C|CNN3|DES|LPAR1|EGR1|EFEMP1|GPC3|ID3|ID4|MET|MGP|ABCB1|PTGS1|PTN|S100A6|SCD|TGFB1|TGFBR2|TIE1|TSC22D1|CADM1|ANGPTL4|ACKR3,-4.6,0
1,-6.1,C0020459,M1,1,0,DisGeNET,35,Hyperinsulinism,,-6.1,2.3,5.6,30293,620,871,41,4.7,0.72,19|182|284|348|1028|1268|1281|1734|1958|2151|2308|2321|3485|3486|4502|4638|5054|5080|5122|5328|5789|5961|6319|6387|6492|6513|6696|7291|7412|7431|7681|8553|10468|10628|23017|23677|50507|51129|92211|130497|169026,ABCA1|JAG1|ANGPT1|APOE|CDKN1C|CNR1|COL3A1|DIO2|EGR1|F2RL2|FOXO1|FLT1|IGFBP2|IGFBP3|MT2A|MYLK|SERPINE1|PAX6|PCSK1|PLAU|PTPRD|PRPH2|SCD|CXCL12|SIM1|SLC2A1|SPP1|TWIST1|VCAM1|VIM|MKRN3|BHLHE40|FST|TXNIP|FAIM2|SH3BP4|NOX4|ANGPTL4|CDHR1|OSR1|SLC30A8,-4.5,0
1,-6.1,C0011195,M1,1,0,DisGeNET,35,Dejerine-Sottas Disease (disorder),,-6.1,3.8,6.3,30293,176,871,19,2.2,0.49,861|953|1392|1959|2317|2617|2621|3672|4747|5243|5328|6520|8140|9966|10625|23541|50507|51129|56005,RUNX1|ENTPD1|CRH|EGR2|FLNB|GARS1|GAS6|ITGA1|NEFL|ABCB1|PLAU|SLC3A2|SLC7A5|TNFSF15|IVNS1ABP|SEC14L2|NOX4|ANGPTL4|MYDGF,-4.5,0
1,-6.1,C0013146,M1,1,0,DisGeNET,35,Drug abuse,,-6.1,2.7,5.8,30293,404,871,31,3.6,0.63,290|1268|1392|1909|1910|2048|2668|2917|3315|3899|3983|4129|4313|5021|5243|6581|6869|7040|7852|9369|9514|9547|10580|22998|23657|26227|27146|57007|80206|81035|143503,ANPEP|CNR1|CRH|EDNRA|EDNRB|EPHB2|GDNF|GRM7|HSPB1|AFF3|ABLIM1|MAOB|MMP2|OXTR|ABCB1|SLC22A3|TACR1|TGFB1|CXCR4|NRXN3|GAL3ST1|CXCL14|SORBS1|LIMCH1|SLC7A11|PHGDH|FAM184B|ACKR3|FHOD3|COLEC12|OR51E1,-4.5,0
1,-6.1,C1961112,M1,1,0,DisGeNET,35,Heart Decompensation,,-6.1,4.6,6.6,30293,113,871,15,1.7,0.44,1490|1906|1909|1910|3084|3315|4879|5054|5156|5327|5742|6319|9464|9518|50507,CCN2|EDN1|EDNRA|EDNRB|NRG1|HSPB1|NPPB|SERPINE1|PDGFRA|PLAT|PTGS1|SCD|HAND2|GDF15|NOX4,-4.5,0
1,-6,C2607914,M1,1,0,DisGeNET,35,Allergic rhinitis (disorder),,-6,2.6,5.8,30293,446,871,33,3.8,0.65,19|182|953|1958|2048|2317|2706|3084|4015|4147|4851|5054|5055|5327|5328|6696|7040|7048|7076|7291|7301|7431|7852|8038|8128|8600|10371|23541|50507|56005|63976|80332|653689,ABCA1|JAG1|ENTPD1|EGR1|EPHB2|FLNB|GJB2|NRG1|LOX|MATN2|NOTCH1|SERPINE1|SERPINB2|PLAT|PLAU|SPP1|TGFB1|TGFBR2|TIMP1|TWIST1|TYRO3|VIM|CXCR4|ADAM12|ST8SIA2|TNFSF11|SEMA3A|SEC14L2|NOX4|MYDGF|PRDM16|ADAM33|GSTT2B,-4.5,0
1,-6,C0149678,M1,1,0,DisGeNET,35,Epstein-Barr Virus Infections,,-6,2.7,5.8,30293,384,871,30,3.4,0.62,133|182|953|970|1030|1612|1634|1958|2043|2308|2668|3122|3315|3702|5243|6387|6751|7040|7076|7130|7412|7431|7852|8877|10718|27123|28984|84433|148641|100133941,ADM|JAG1|ENTPD1|CD70|CDKN2B|DAPK1|DCN|EGR1|EPHA4|FOXO1|GDNF|HLA-DRA|HSPB1|ITK|ABCB1|CXCL12|SSTR1|TGFB1|TIMP1|TNFAIP6|VCAM1|VIM|CXCR4|SPHK1|NRG3|DKK2|RGCC|CARD11|SLC35F3|CD24,-4.5,0
1,-6,C0340288,M1,1,0,DisGeNET,35,Stable angina,,-6,4.1,6.4,30293,144,871,17,2,0.47,133|348|1000|1268|1281|1612|1906|3491|4313|5054|5362|5806|6387|7040|7076|7852|56005,ADM|APOE|CDH2|CNR1|COL3A1|DAPK1|EDN1|CCN1|MMP2|SERPINE1|PLXNA2|PTX3|CXCL12|TGFB1|TIMP1|CXCR4|MYDGF,-4.5,0
1,-6,C4721698,M1,1,0,DisGeNET,35,Metastatic Renal Cell Carcinoma,,-6,4.1,6.4,30293,144,871,17,2,0.47,182|1978|2048|2258|2263|2321|4233|4313|5054|5055|5178|5243|5307|7412|7431|7852|8029,JAG1|EIF4EBP1|EPHB2|FGF13|FGFR2|FLT1|MET|MMP2|SERPINE1|SERPINB2|PEG3|ABCB1|PITX1|VCAM1|VIM|CXCR4|CUBN,-4.5,0
1,-6,C0019348,M1,1,0,DisGeNET,35,Herpes Simplex Infections,,-6,2.3,5.6,30293,645,871,42,4.8,0.73,290|348|445|1392|1844|1906|1958|1978|2030|2317|2670|2697|3315|3491|3589|3708|3976|4605|5080|5176|5179|5243|5328|6299|6513|6520|6925|7040|7057|7078|7112|7301|7431|8600|9966|10763|23541|26227|27063|29968|55366|126393,ANPEP|APOE|ASS1|CRH|DUSP2|EDN1|EGR1|EIF4EBP1|SLC29A1|FLNB|GFAP|GJA1|HSPB1|CCN1|IL11|ITPR1|LIF|MYBL2|PAX6|SERPINF1|PENK|ABCB1|PLAU|SALL1|SLC2A1|SLC3A2|TCF4|TGFB1|THBS1|TIMP3|TMPO|TYRO3|VIM|TNFSF11|TNFSF15|NES|SEC14L2|PHGDH|ANKRD1|PSAT1|LGR4|HSPB6,-4.5,0
1,-6,C0947751,M1,1,0,DisGeNET,35,Vascular inflammations,,-6,3,5.9,30293,305,871,26,3,0.58,19|284|348|710|953|1490|1906|1909|2022|2048|4015|4313|4851|5054|5806|6513|6876|7078|7412|7431|7980|8490|9368|10630|50507|54541,ABCA1|ANGPT1|APOE|SERPING1|ENTPD1|CCN2|EDN1|EDNRA|ENG|EPHB2|LOX|MMP2|NOTCH1|SERPINE1|PTX3|SLC2A1|TAGLN|TIMP3|VCAM1|VIM|TFPI2|RGS5|NHERF1|PDPN|NOX4|DDIT4,-4.5,0
1,-6,C0006413,M1,1,0,DisGeNET,35,Burkitt Lymphoma,,-6,2.4,5.6,30293,556,871,38,4.4,0.69,182|654|861|894|953|970|976|1030|1844|2048|2308|2624|2668|3399|3400|4233|4288|4851|5156|5243|5292|6387|6520|7040|7048|7076|7301|7431|7852|8543|9891|10962|23541|26227|79094|92737|140885|327657,JAG1|BMP6|RUNX1|CCND2|ENTPD1|CD70|ADGRE5|CDKN2B|DUSP2|EPHB2|FOXO1|GATA2|GDNF|ID3|ID4|MET|MKI67|NOTCH1|PDGFRA|ABCB1|PIM1|CXCL12|SLC3A2|TGFB1|TGFBR2|TIMP1|TYRO3|VIM|CXCR4|LMO4|NUAK1|MLLT11|SEC14L2|PHGDH|CHAC1|DNER|SIRPA|SERPINA9,-4.5,0
1,-6,C0017612,M1,1,0,DisGeNET,35,"Glaucoma, Open-Angle",,-6,4.3,6.5,30293,129,871,16,1.8,0.46,284|348|1030|1545|2296|2697|4053|4312|4313|4739|5054|5362|7042|7076|8618|114907,ANGPT1|APOE|CDKN2B|CYP1B1|FOXC1|GJA1|LTBP2|MMP1|MMP2|NEDD9|SERPINE1|PLXNA2|TGFB2|TIMP1|CADPS|FBXO32,-4.5,0
1,-6,C0398623,M1,1,0,DisGeNET,35,Thrombophilia,,-6,3.9,6.3,30293,161,871,18,2.1,0.48,348|710|875|953|2149|2151|2244|2624|3075|4256|5054|5055|5176|5327|6319|7040|7042|10630,APOE|SERPING1|CBS|ENTPD1|F2R|F2RL2|FGB|GATA2|CFH|MGP|SERPINE1|SERPINB2|SERPINF1|PLAT|SCD|TGFB1|TGFB2|PDPN,-4.5,0
1,-6,C0278678,M1,1,0,DisGeNET,35,Metastatic Renal Cell Cancer,,-6,4.1,6.4,30293,145,871,17,2,0.47,182|1978|2048|2258|2263|2321|4233|4313|5054|5055|5178|5243|5307|7412|7431|7852|8029,JAG1|EIF4EBP1|EPHB2|FGF13|FGFR2|FLT1|MET|MMP2|SERPINE1|SERPINB2|PEG3|ABCB1|PITX1|VCAM1|VIM|CXCR4|CUBN,-4.5,0
1,-6,C0740392,M1,1,0,DisGeNET,35,"Infarction, Middle Cerebral Artery",,-6,4.1,6.4,30293,145,871,17,2,0.47,348|861|1392|1906|1958|1959|3589|4312|5054|5156|5176|5327|5328|6513|7040|7130|63827,APOE|RUNX1|CRH|EDN1|EGR1|EGR2|IL11|MMP1|SERPINE1|PDGFRA|SERPINF1|PLAT|PLAU|SLC2A1|TGFB1|TNFAIP6|BCAN,-4.5,0
1,-6,C0333463,M1,1,0,DisGeNET,35,Senile Plaques,,-6,3.2,6,30293,249,871,23,2.6,0.54,19|165|348|715|970|1191|1509|1634|2670|2817|3315|3976|4015|4129|4133|6277|6285|6422|7040|7042|55638|84570|126393,ABCA1|AEBP1|APOE|C1R|CD70|CLU|CTSD|DCN|GFAP|GPC1|HSPB1|LIF|LOX|MAOB|MAP2|S100A6|S100B|SFRP1|TGFB1|TGFB2|SYBU|COL25A1|HSPB6,-4.5,0
1,-6,C1827293,M1,1,0,DisGeNET,35,"Carcinoma of urinary bladder, invasive",,-6,3,5.9,30293,287,871,25,2.9,0.57,182|220|388|445|652|1906|1958|2202|2321|2683|4233|4288|4313|4739|4851|5243|6422|6657|6926|7040|7431|8633|10319|11010|27253,JAG1|ALDH1A3|RHOB|ASS1|BMP4|EDN1|EGR1|EFEMP1|FLT1|B4GALT1|MET|MKI67|MMP2|NEDD9|NOTCH1|ABCB1|SFRP1|SOX2|TBX3|TGFB1|VIM|UNC5C|LAMC3|GLIPR1|PCDH17,-4.5,0
1,-6,C0848558,M1,1,0,DisGeNET,35,Hypospadias,,-6,2.8,5.8,30293,366,871,29,3.3,0.61,58|655|701|1028|1281|1545|1717|2138|2263|2296|2719|4281|4320|4629|5080|5156|6299|6657|6899|6928|7040|7046|7048|22943|26585|63976|64399|79633|80144,ACTA1|BMP7|BUB1B|CDKN1C|COL3A1|CYP1B1|DHCR7|EYA1|FGFR2|FOXC1|GPC3|MID1|MMP11|MYH11|PAX6|PDGFRA|SALL1|SOX2|TBX1|HNF1B|TGFB1|TGFBR1|TGFBR2|DKK1|GREM1|PRDM16|HHIP|FAT4|FRAS1,-4.5,0
1,-6,C0013170,M1,1,0,DisGeNET,35,Drug habituation,,-6,3.5,6.2,30293,196,871,20,2.3,0.51,348|1268|1392|2890|2917|3084|3371|3899|3983|4036|6581|6925|9369|9547|22998|23263|27146|80206|81035|143503,APOE|CNR1|CRH|GRIA1|GRM7|NRG1|TNC|AFF3|ABLIM1|LRP2|SLC22A3|TCF4|NRXN3|CXCL14|LIMCH1|MCF2L|FAM184B|FHOD3|COLEC12|OR51E1,-4.4,0
1,-6,C0022578,M1,1,0,DisGeNET,35,Keratoconus,,-6,3.1,6,30293,269,871,24,2.8,0.55,1281|1282|1284|1285|1286|2308|4015|4312|4313|4851|5362|5961|6277|6422|7040|7042|7076|7078|7291|11095|50507|79623|92211|170691,COL3A1|COL4A1|COL4A2|COL4A3|COL4A4|FOXO1|LOX|MMP1|MMP2|NOTCH1|PLXNA2|PRPH2|S100A6|SFRP1|TGFB1|TGFB2|TIMP1|TIMP3|TWIST1|ADAMTS8|NOX4|GALNT14|CDHR1|ADAMTS17,-4.4,0
1,-6,C0677898,M1,1,0,DisGeNET,35,invasive cancer,,-6,4,6.4,30293,146,871,17,2,0.47,2258|4233|4312|4313|4320|4605|4851|5054|5648|6285|6513|6696|7291|7852|8076|29128|55655,FGF13|MET|MMP1|MMP2|MMP11|MYBL2|NOTCH1|SERPINE1|MASP1|S100B|SLC2A1|SPP1|TWIST1|CXCR4|MFAP5|UHRF1|NLRP2,-4.4,0
1,-6,C0149940,M1,1,0,DisGeNET,35,Sciatic Neuropathy,,-6,4.5,6.5,30293,115,871,15,1.7,0.44,348|1392|2668|2674|3084|4133|4741|4747|5054|5125|5156|5327|5328|5764|9590,APOE|CRH|GDNF|GFRA1|NRG1|MAP2|NEFM|NEFL|SERPINE1|PCSK5|PDGFRA|PLAT|PLAU|PTN|AKAP12,-4.4,0
1,-5.9,C0007113,M1,1,0,DisGeNET,35,Rectal Carcinoma,,-5.9,2.5,5.7,30293,472,871,34,3.9,0.66,214|348|649|652|2034|2043|2048|2263|2321|2662|2697|4015|4233|4288|4313|4320|5054|5176|5243|5742|5792|6387|6513|6657|6925|7040|7431|7852|8549|8614|8829|25797|26585|81567,ALCAM|APOE|BMP1|BMP4|EPAS1|EPHA4|EPHB2|FGFR2|FLT1|GDF10|GJA1|LOX|MET|MKI67|MMP2|MMP11|SERPINE1|SERPINF1|ABCB1|PTGS1|PTPRF|CXCL12|SLC2A1|SOX2|TCF4|TGFB1|VIM|CXCR4|LGR5|STC2|NRP1|QPCT|GREM1|TXNDC5,-4.4,0
1,-5.9,C1849718,M1,1,0,DisGeNET,35,"POPLITEAL PTERYGIUM SYNDROME, LETHAL TYPE",,-5.9,9.6,8,30293,29,871,8,0.92,0.32,1392|1734|1844|2706|4883|5243|6696|7481,CRH|DIO2|DUSP2|GJB2|NPR3|ABCB1|SPP1|WNT11,-4.4,0
1,-5.9,C0524910,M1,1,0,DisGeNET,35,"Hepatitis C, Chronic",,-5.9,2.6,5.7,30293,430,871,32,3.7,0.64,133|348|1240|1268|1490|1717|2022|2030|2149|3371|3554|3856|3875|4312|4313|4851|5054|5243|5806|6387|6696|7040|7042|7076|7431|7852|10628|50507|64093|79901|91653|100133941,ADM|APOE|CMKLR1|CNR1|CCN2|DHCR7|ENG|SLC29A1|F2R|TNC|IL1R1|KRT8|KRT18|MMP1|MMP2|NOTCH1|SERPINE1|ABCB1|PTX3|CXCL12|SPP1|TGFB1|TGFB2|TIMP1|VIM|CXCR4|TXNIP|NOX4|SMOC1|CYBRD1|BOC|CD24,-4.4,0
1,-5.9,C0263746,M1,1,0,DisGeNET,35,Osteoarthritis of the hand,,-5.9,6.3,7.1,30293,61,871,11,1.3,0.38,1191|1311|1734|3486|3554|4256|7040|7076|8483|10221|54829,CLU|COMP|DIO2|IGFBP3|IL1R1|MGP|TGFB1|TIMP1|CILP|TRIB1|ASPN,-4.4,0
1,-5.9,C0940937,M1,1,0,DisGeNET,35,precancerous lesions,,-5.9,3.1,5.9,30293,270,871,24,2.8,0.55,1490|1612|1893|1958|2697|2719|3090|4015|4053|4320|5742|6387|6423|6657|7040|7076|7130|7431|7980|8549|10611|10630|10763|23213,CCN2|DAPK1|ECM1|EGR1|GJA1|GPC3|HIC1|LOX|LTBP2|MMP11|PTGS1|CXCL12|SFRP2|SOX2|TGFB1|TIMP1|TNFAIP6|VIM|TFPI2|LGR5|PDLIM5|PDPN|NES|SULF1,-4.4,0
1,-5.9,C0410158,M1,1,0,DisGeNET,35,Muscle damage,,-5.9,3.8,6.3,30293,163,871,18,2.1,0.48,348|655|1490|1604|1674|2048|2273|3084|3315|4638|4747|6285|6696|6876|7040|22822|27295|114907,APOE|BMP7|CCN2|CD55|DES|EPHB2|FHL1|NRG1|HSPB1|MYLK|NEFL|S100B|SPP1|TAGLN|TGFB1|PHLDA1|PDLIM3|FBXO32,-4.4,0
1,-5.9,C0007286,M1,1,0,DisGeNET,35,Carpal Tunnel Syndrome,,-5.9,5.2,6.7,30293,87,871,13,1.5,0.41,165|1490|2202|3371|4052|4091|4312|5054|5156|7040|7046|54437|170691,AEBP1|CCN2|EFEMP1|TNC|LTBP1|SMAD6|MMP1|SERPINE1|PDGFRA|TGFB1|TGFBR1|SEMA5B|ADAMTS17,-4.4,0
1,-5.9,C4551649,M1,1,0,DisGeNET,35,Congenital Dysplasia Of The Hip,,-5.9,4,6.3,30293,147,871,17,2,0.47,58|1281|1910|2138|2273|2296|2719|3488|4313|4322|6696|6869|6913|7040|7431|22943|54829,ACTA1|COL3A1|EDNRB|EYA1|FHL1|FOXC1|GPC3|IGFBP5|MMP2|MMP13|SPP1|TACR1|TBX15|TGFB1|VIM|DKK1|ASPN,-4.4,0
1,-5.9,C0202236,M1,1,0,DisGeNET,35,Triglycerides measurement,,-5.9,2.3,5.6,30293,563,871,38,4.4,0.69,19|348|1268|1282|1284|1717|1909|2022|2138|2590|2621|3122|3673|4322|4854|4886|5054|5142|6581|6876|7043|7046|7048|7078|7412|9411|9846|10221|10699|10718|22795|23705|51129|54437|55534|64093|84870|169026,ABCA1|APOE|CNR1|COL4A1|COL4A2|DHCR7|EDNRA|ENG|EYA1|GALNT2|GAS6|HLA-DRA|ITGA2|MMP13|NOTCH3|NPY1R|SERPINE1|PDE4B|SLC22A3|TAGLN|TGFB3|TGFBR1|TGFBR2|TIMP3|VCAM1|ARHGAP29|GAB2|TRIB1|CORIN|NRG3|NID2|CADM1|ANGPTL4|SEMA5B|MAML3|SMOC1|RSPO3|SLC30A8,-4.4,0
1,-5.9,C0025990,M1,1,0,DisGeNET,35,Micrognathism,,-5.9,2.3,5.5,30293,586,871,39,4.5,0.7,58|165|652|701|715|1281|1293|1300|1717|1906|1909|2138|2263|2317|2697|3977|4313|4854|4921|5080|5083|6899|6913|7046|7048|7291|8425|9244|10082|22808|26227|29968|51305|55603|57211|64093|64220|79633|84570,ACTA1|AEBP1|BMP4|BUB1B|C1R|COL3A1|COL6A3|COL10A1|DHCR7|EDN1|EDNRA|EYA1|FGFR2|FLNB|GJA1|LIFR|MMP2|NOTCH3|DDR2|PAX6|PAX9|TBX1|TBX15|TGFBR1|TGFBR2|TWIST1|LTBP4|CRLF1|GPC6|MRAS|PHGDH|PSAT1|KCNK9|TENT5A|ADGRG6|SMOC1|STRA6|FAT4|COL25A1,-4.4,0
1,-5.9,C0035305,M1,1,0,DisGeNET,35,Retinal Detachment,,-5.9,4,6.3,30293,148,871,17,2,0.47,875|1282|1490|1545|1906|2670|4036|4053|4313|4886|5080|5176|5362|6387|7042|10763|11098,CBS|COL4A1|CCN2|CYP1B1|EDN1|GFAP|LRP2|LTBP2|MMP2|NPY1R|PAX6|SERPINF1|PLXNA2|CXCL12|TGFB2|NES|PRSS23,-4.4,0
1,-5.9,C0003706,M1,1,0,DisGeNET,35,Arachnodactyly,,-5.9,4.8,6.6,30293,102,871,14,1.6,0.43,59|875|2201|2263|4015|4629|4638|4883|6899|7042|7043|7046|7048|8076,ACTA2|CBS|FBN2|FGFR2|LOX|MYH11|MYLK|NPR3|TBX1|TGFB2|TGFB3|TGFBR1|TGFBR2|MFAP5,-4.4,0
1,-5.9,C3665346,M1,1,0,DisGeNET,35,Unspecified visual loss,,-5.9,3.3,6,30293,235,871,22,2.5,0.53,348|547|1191|1282|1294|1509|1545|2263|2296|2624|2670|3075|4053|5080|5362|6657|7078|10319|56670|56896|64072|92211,APOE|KIF1A|CLU|COL4A1|COL7A1|CTSD|CYP1B1|FGFR2|FOXC1|GATA2|GFAP|CFH|LTBP2|PAX6|PLXNA2|SOX2|TIMP3|LAMC3|SUCNR1|DPYSL5|CDH23|CDHR1,-4.3,0
1,-5.9,C0278622,M1,1,0,DisGeNET,35,Adult Malignant Peripheral Nerve Sheath Tumor,,-5.9,6.2,7,30293,62,871,11,1.3,0.38,701|2048|2066|2070|3084|3554|4233|5077|5156|6285|6696,BUB1B|EPHB2|ERBB4|EYA4|NRG1|IL1R1|MET|PAX3|PDGFRA|S100B|SPP1,-4.3,0
1,-5.9,C0279987,M1,1,0,DisGeNET,35,Childhood Malignant Peripheral Nerve Sheath Tumor,,-5.9,6.2,7,30293,62,871,11,1.3,0.38,701|2048|2066|2070|3084|3554|4233|5077|5156|6285|6696,BUB1B|EPHB2|ERBB4|EYA4|NRG1|IL1R1|MET|PAX3|PDGFRA|S100B|SPP1,-4.3,0
1,-5.9,C0035222,M1,1,0,DisGeNET,35,"Respiratory Distress Syndrome, Adult",,-5.9,2.6,5.6,30293,434,871,32,3.7,0.64,21|284|655|710|1287|1490|1545|1612|1634|1903|1906|2034|2048|2252|3371|3486|3554|4313|4502|4638|5054|5764|5961|7040|7076|7852|10630|26010|50507|51129|54443|56005,ABCA3|ANGPT1|BMP7|SERPING1|COL4A5|CCN2|CYP1B1|DAPK1|DCN|S1PR3|EDN1|EPAS1|EPHB2|FGF7|TNC|IGFBP3|IL1R1|MMP2|MT2A|MYLK|SERPINE1|PTN|PRPH2|TGFB1|TIMP1|CXCR4|PDPN|SPATS2L|NOX4|ANGPTL4|ANLN|MYDGF,-4.3,0
1,-5.8,C2347748,M1,1,0,DisGeNET,35,Adult Erythroleukemia,,-5.8,3.2,5.9,30293,236,871,22,2.5,0.53,861|1909|1958|2034|2048|3232|3399|3589|3624|4851|5155|5243|5292|5327|7040|7042|7052|7076|7852|27020|57007|100133941,RUNX1|EDNRA|EGR1|EPAS1|EPHB2|HOXD3|ID3|IL11|INHBA|NOTCH1|PDGFB|ABCB1|PIM1|PLAT|TGFB1|TGFB2|TGM2|TIMP1|CXCR4|NPTN|ACKR3|CD24,-4.3,0
1,-5.8,C0279680,M1,1,0,DisGeNET,35,Transitional cell carcinoma of bladder,,-5.8,2.8,5.7,30293,333,871,27,3.1,0.59,701|2048|2252|2321|3486|3488|4312|4313|4322|4739|4837|4921|4978|5243|5328|6387|6581|7040|7291|7373|7431|23213|27253|29128|29968|54443|54541,BUB1B|EPHB2|FGF7|FLT1|IGFBP3|IGFBP5|MMP1|MMP2|MMP13|NEDD9|NNMT|DDR2|OPCML|ABCB1|PLAU|CXCL12|SLC22A3|TGFB1|TWIST1|COL14A1|VIM|SULF1|PCDH17|UHRF1|PSAT1|ANLN|DDIT4,-4.3,0
1,-5.8,C2936380,M1,1,0,DisGeNET,35,Neointima,,-5.8,7.8,7.4,30293,40,871,9,1,0.34,348|2066|2321|2621|3084|4313|5054|5155|5156,APOE|ERBB4|FLT1|GAS6|NRG1|MMP2|SERPINE1|PDGFB|PDGFRA,-4.3,0
1,-5.8,C4520840,M1,1,0,DisGeNET,35,Erythroleukemia (Erythroid/Myeloid),,-5.8,3.2,5.9,30293,237,871,22,2.5,0.53,861|1909|1958|2034|2048|3232|3399|3589|3624|4851|5155|5243|5292|5327|7040|7042|7052|7076|7852|27020|57007|100133941,RUNX1|EDNRA|EGR1|EPAS1|EPHB2|HOXD3|ID3|IL11|INHBA|NOTCH1|PDGFB|ABCB1|PIM1|PLAT|TGFB1|TGFB2|TGM2|TIMP1|CXCR4|NPTN|ACKR3|CD24,-4.3,0
1,-5.8,C1567741,M1,1,0,DisGeNET,35,Alport Syndrome,,-5.8,6.8,7.2,30293,51,871,10,1.1,0.36,1285|1286|1287|3075|4288|4627|5077|7040|7225|27087,COL4A3|COL4A4|COL4A5|CFH|MKI67|MYH9|PAX3|TGFB1|TRPC6|B3GAT1,-4.3,0
1,-5.8,C0220756,M1,1,0,DisGeNET,35,"Niemann-Pick Disease, Type C",,-5.8,3.5,6,30293,201,871,20,2.3,0.51,19|348|1030|1356|1612|1903|1958|2670|3315|4312|5243|6422|6657|7046|7057|7431|8877|55655|124925|257194,ABCA1|APOE|CDKN2B|CP|DAPK1|S1PR3|EGR1|GFAP|HSPB1|MMP1|ABCB1|SFRP1|SOX2|TGFBR1|THBS1|VIM|SPHK1|NLRP2|SEZ6|NEGR1,-4.3,0
1,-5.8,C0334463,M1,1,0,DisGeNET,35,Malignant Fibrous Histiocytoma,,-5.8,3.9,6.2,30293,150,871,17,2,0.47,1490|1674|1839|2034|2069|3315|3554|4233|4288|5054|5155|5156|5243|5328|10370|22943|114907,CCN2|DES|HBEGF|EPAS1|EREG|HSPB1|IL1R1|MET|MKI67|SERPINE1|PDGFB|PDGFRA|ABCB1|PLAU|CITED2|DKK1|FBXO32,-4.3,0
1,-5.8,C0423113,M1,1,0,DisGeNET,35,Telecanthus,,-5.8,4.2,6.3,30293,134,871,16,1.8,0.46,894|1281|1910|2263|2296|2317|2697|2706|4281|5077|5648|6591|6899|26047|117581|170692,CCND2|COL3A1|EDNRB|FGFR2|FOXC1|FLNB|GJA1|GJB2|MID1|PAX3|MASP1|SNAI2|TBX1|CNTNAP2|TWIST2|ADAMTS18,-4.3,0
1,-5.8,C0035334,M1,1,0,DisGeNET,35,Retinitis Pigmentosa,,-5.8,2.4,5.5,30293,546,871,37,4.2,0.68,182|348|652|1191|1356|1906|1909|2201|2263|2668|2706|3491|4313|4502|5176|5292|5328|5362|5961|6277|6423|6513|6533|6781|7076|7078|8630|9244|10265|23677|29968|55603|57007|64072|92211|92737|117581,JAG1|APOE|BMP4|CLU|CP|EDN1|EDNRA|FBN2|FGFR2|GDNF|GJB2|CCN1|MMP2|MT2A|SERPINF1|PIM1|PLAU|PLXNA2|PRPH2|S100A6|SFRP2|SLC2A1|SLC6A6|STC1|TIMP1|TIMP3|HSD17B6|CRLF1|IRX5|SH3BP4|PSAT1|TENT5A|ACKR3|CDH23|CDHR1|DNER|TWIST2,-4.3,0
1,-5.8,C0409952,M1,1,0,DisGeNET,35,Idiopathic osteoarthritis,,-5.8,6.1,6.9,30293,63,871,11,1.3,0.38,652|1191|2615|4256|4312|4322|4851|5307|6424|6696|7130,BMP4|CLU|LRRC32|MGP|MMP1|MMP13|NOTCH1|PITX1|SFRP4|SPP1|TNFAIP6,-4.3,0
1,-5.8,C1384584,M1,1,0,DisGeNET,35,Generalized osteoarthritis,,-5.8,6.1,6.9,30293,63,871,11,1.3,0.38,652|1191|2615|4256|4312|4322|4851|5307|6424|6696|7130,BMP4|CLU|LRRC32|MGP|MMP1|MMP13|NOTCH1|PITX1|SFRP4|SPP1|TNFAIP6,-4.3,0
1,-5.8,C0750952,M1,1,0,DisGeNET,35,Biliary Tract Cancer,,-5.8,3.7,6.1,30293,167,871,18,2.1,0.48,182|1004|1030|2263|2321|3875|4233|4851|6387|6423|6928|7040|7048|8877|9368|9518|79971|100133941,JAG1|CDH6|CDKN2B|FGFR2|FLT1|KRT18|MET|NOTCH1|CXCL12|SFRP2|HNF1B|TGFB1|TGFBR2|SPHK1|NHERF1|GDF15|WLS|CD24,-4.3,0
1,-5.8,C0175693,M1,1,0,DisGeNET,35,Russell-Silver syndrome,,-5.8,4.7,6.5,30293,104,871,14,1.6,0.43,570|1028|1674|1827|2617|2668|2670|3090|3315|3486|4232|7262|23089|51200,BAAT|CDKN1C|DES|RCAN1|GARS1|GDNF|GFAP|HIC1|HSPB1|IGFBP3|MEST|PHLDA2|PEG10|CPA4,-4.3,0
1,-5.8,C1959583,M1,1,0,DisGeNET,35,Myocardial Failure,,-5.8,4.4,6.4,30293,119,871,15,1.7,0.44,1490|1906|1909|1910|3084|3315|4879|5054|5156|5327|5742|6319|9464|9518|50507,CCN2|EDN1|EDNRA|EDNRB|NRG1|HSPB1|NPPB|SERPINE1|PDGFRA|PLAT|PTGS1|SCD|HAND2|GDF15|NOX4,-4.3,0
1,-5.7,C1266025,M1,1,0,DisGeNET,35,Traditional Serrated Adenoma,,-5.7,5,6.6,30293,90,871,13,1.5,0.41,1191|2048|2308|2890|5243|5742|5789|6781|7040|7048|9518|54894|84870,CLU|EPHB2|FOXO1|GRIA1|ABCB1|PTGS1|PTPRD|STC1|TGFB1|TGFBR2|GDF15|RNF43|RSPO3,-4.2,0
1,-5.7,C0162678,M1,1,0,DisGeNET,35,Neurofibromatoses,,-5.7,4.1,6.3,30293,135,871,16,1.8,0.46,861|1030|2048|3084|4322|5054|5080|5156|5764|6285|6387|6696|7040|7852|10252|10763,RUNX1|CDKN2B|EPHB2|NRG1|MMP13|SERPINE1|PAX6|PDGFRA|PTN|S100B|CXCL12|SPP1|TGFB1|CXCR4|SPRY1|NES,-4.2,0
1,-5.7,C1839839,M1,1,0,DisGeNET,35,MAJOR AFFECTIVE DISORDER 2,,-5.7,3.6,6,30293,185,871,19,2.2,0.49,288|348|1392|1978|2066|2149|2556|3084|3485|5054|6285|6869|6899|6925|8038|23209|27129|55890|64072,ANK3|APOE|CRH|EIF4EBP1|ERBB4|F2R|GABRA3|NRG1|IGFBP2|SERPINE1|S100B|TACR1|TBX1|TCF4|ADAM12|MLC1|HSPB7|GPRC5C|CDH23,-4.2,0
1,-5.7,C0002940,M1,1,0,DisGeNET,35,Aneurysm,,-5.7,11,8.1,30293,22,871,7,0.8,0.3,1281|4312|4629|4638|7048|7076|50507,COL3A1|MMP1|MYH11|MYLK|TGFBR2|TIMP1|NOX4,-4.2,0
1,-5.7,C0020445,M1,1,0,DisGeNET,35,"Hypercholesterolemia, Familial",,-5.7,3.4,6,30293,203,871,20,2.3,0.51,19|348|861|1311|1906|2244|2495|3075|4312|4313|4948|5054|5243|6513|6581|7040|7076|7138|7436|10221,ABCA1|APOE|RUNX1|COMP|EDN1|FGB|FTH1|CFH|MMP1|MMP2|OCA2|SERPINE1|ABCB1|SLC2A1|SLC22A3|TGFB1|TIMP1|TNNT1|VLDLR|TRIB1,-4.2,0
1,-5.7,C0027719,M1,1,0,DisGeNET,35,Nephrosclerosis,,-5.7,7.6,7.3,30293,41,871,9,1,0.34,59|653|1281|1634|2263|4627|6387|7040|7852,ACTA2|BMP5|COL3A1|DCN|FGFR2|MYH9|CXCL12|TGFB1|CXCR4,-4.2,0
1,-5.7,C0030848,M1,1,0,DisGeNET,35,Peyronie Disease,,-5.7,7.6,7.3,30293,41,871,9,1,0.34,1634|4015|4313|5054|5764|5806|7040|7046|117581,DCN|LOX|MMP2|SERPINE1|PTN|PTX3|TGFB1|TGFBR1|TWIST2,-4.2,0
1,-5.7,C0018989,M1,1,0,DisGeNET,35,Hemiparesis,,-5.7,5,6.5,30293,91,871,13,1.5,0.41,1281|1282|2022|3075|4851|4854|5155|5327|6507|6513|10878|51816|57514,COL3A1|COL4A1|ENG|CFH|NOTCH1|NOTCH3|PDGFB|PLAT|SLC1A3|SLC2A1|CFHR3|ADA2|ARHGAP31,-4.2,0
1,-5.7,C1862389,M1,1,0,DisGeNET,35,ATRIAL SEPTAL DEFECT 1,,-5.7,5,6.5,30293,91,871,13,1.5,0.41,70|652|1282|1545|1809|2296|2917|3491|4908|5080|7040|26047|130497,ACTC1|BMP4|COL4A1|CYP1B1|DPYSL3|FOXC1|GRM7|CCN1|NTF3|PAX6|TGFB1|CNTNAP2|OSR1,-4.2,0
1,-5.7,C0024138,M1,1,0,DisGeNET,35,"Lupus Erythematosus, Discoid",,-5.7,2.3,5.4,30293,552,871,37,4.2,0.68,19|348|715|953|970|1392|1959|1978|2048|2296|3075|4313|4320|4739|4851|4948|5648|5742|5806|6285|6387|6696|7040|7043|7078|7225|7412|7431|7852|8870|9966|22943|26227|56005|81606|92737|389136,ABCA1|APOE|C1R|ENTPD1|CD70|CRH|EGR2|EIF4EBP1|EPHB2|FOXC1|CFH|MMP2|MMP11|NEDD9|NOTCH1|OCA2|MASP1|PTGS1|PTX3|S100B|CXCL12|SPP1|TGFB1|TGFB3|TIMP3|TRPC6|VCAM1|VIM|CXCR4|IER3|TNFSF15|DKK1|PHGDH|MYDGF|LBH|DNER|VGLL3,-4.2,0
1,-5.7,C0234985,M1,1,0,DisGeNET,35,Mental deterioration,,-5.7,2.4,5.5,30293,508,871,35,4,0.67,133|284|348|875|1191|1501|1509|1759|1958|2321|2668|2670|2697|2890|3488|4036|4322|4747|4854|4908|5155|5806|6285|6319|6529|6536|7040|8507|8633|9369|9518|22943|23263|25797|51816,ADM|ANGPT1|APOE|CBS|CLU|CTNND2|CTSD|DNM1|EGR1|FLT1|GDNF|GFAP|GJA1|GRIA1|IGFBP5|LRP2|MMP13|NEFL|NOTCH3|NTF3|PDGFB|PTX3|S100B|SCD|SLC6A1|SLC6A9|TGFB1|ENC1|UNC5C|NRXN3|GDF15|DKK1|MCF2L|QPCT|ADA2,-4.2,0
1,-5.7,C0236734,M1,1,0,DisGeNET,35,Caffeine related disorders,,-5.7,2.7,5.6,30293,359,871,28,3.2,0.6,953|1284|1490|1509|1902|1906|1978|1993|2034|2048|3315|4129|4133|4313|5054|5066|5243|5961|6422|6513|6529|6876|7040|7042|7043|8829|10371|84251,ENTPD1|COL4A2|CCN2|CTSD|LPAR1|EDN1|EIF4EBP1|ELAVL2|EPAS1|EPHB2|HSPB1|MAOB|MAP2|MMP2|SERPINE1|PAM|ABCB1|PRPH2|SFRP1|SLC2A1|SLC6A1|TAGLN|TGFB1|TGFB2|TGFB3|NRP1|SEMA3A|SGIP1,-4.2,0
1,-5.7,C0032000,M1,1,0,DisGeNET,35,Pituitary Adenoma,,-5.7,3.7,6,30293,170,871,18,2.1,0.48,2048|2263|4288|4313|5362|6387|6513|6657|6751|7040|7048|7076|8549|8829|10371|10752|57007|64072,EPHB2|FGFR2|MKI67|MMP2|PLXNA2|CXCL12|SLC2A1|SOX2|SSTR1|TGFB1|TGFBR2|TIMP1|LGR5|NRP1|SEMA3A|CHL1|ACKR3|CDH23,-4.2,0
1,-5.7,C0949541,M1,1,0,DisGeNET,35,Hurthle Cell Tumor,,-5.7,3.7,6,30293,170,871,18,2.1,0.48,290|928|1674|2263|2621|3485|3486|3487|3488|5243|5742|6285|6513|6751|7412|7431|8507|51129,ANPEP|CD9|DES|FGFR2|GAS6|IGFBP2|IGFBP3|IGFBP4|IGFBP5|ABCB1|PTGS1|S100B|SLC2A1|SSTR1|VCAM1|VIM|ENC1|ANGPTL4,-4.2,0
1,-5.7,C0596298,M1,1,0,DisGeNET,35,Cerebrovascular Occlusion,,-5.7,19,9.5,30293,9,871,5,0.57,0.26,1906|2043|2670|4854|5328,EDN1|EPHA4|GFAP|NOTCH3|PLAU,-4.2,0
1,-5.7,C4048228,M1,1,0,DisGeNET,35,Congenital anomaly of anterior segment of eye,,-5.7,19,9.5,30293,9,871,5,0.57,0.26,652|2138|2296|5080|5362,BMP4|EYA1|FOXC1|PAX6|PLXNA2,-4.2,0
1,-5.6,C0085220,M1,1,0,DisGeNET,35,Cerebral Amyloid Angiopathy,,-5.6,5.9,6.8,30293,65,871,11,1.3,0.38,19|348|1191|1284|3976|4854|5243|7040|7291|51129|126393,ABCA1|APOE|CLU|COL4A2|LIF|NOTCH3|ABCB1|TGFB1|TWIST1|ANGPTL4|HSPB6,-4.2,0
1,-5.6,C0878773,M1,1,0,DisGeNET,35,Overactive Bladder,,-5.6,5.9,6.8,30293,65,871,11,1.3,0.38,1392|1906|2697|3084|3708|4638|4747|5243|6869|7225|29968,CRH|EDN1|GJA1|NRG1|ITPR1|MYLK|NEFL|ABCB1|TACR1|TRPC6|PSAT1,-4.2,0
1,-5.6,C0000786,M1,1,0,DisGeNET,35,Spontaneous abortion,,-5.6,3.5,6,30293,188,871,19,2.2,0.49,348|1293|1545|1893|2244|2252|3486|3589|3910|3976|4133|4256|4320|5054|5740|7040|7046|7078|10468,APOE|COL6A3|CYP1B1|ECM1|FGB|FGF7|IGFBP3|IL11|LAMA4|LIF|MAP2|MGP|MMP11|SERPINE1|PTGIS|TGFB1|TGFBR1|TIMP3|FST,-4.1,0
1,-5.6,C0346990,M1,1,0,DisGeNET,35,Carcinomatosis of peritoneal cavity,,-5.6,4.6,6.3,30293,107,871,14,1.6,0.43,794|1839|2263|4233|4313|6387|6513|7040|7291|7431|7852|10630|27087|29968,CALB2|HBEGF|FGFR2|MET|MMP2|CXCL12|SLC2A1|TGFB1|TWIST1|VIM|CXCR4|PDPN|B3GAT1|PSAT1,-4.1,0
1,-5.6,C0162557,M1,1,0,DisGeNET,35,"Liver Failure, Acute",,-5.6,3,5.7,30293,282,871,24,2.8,0.55,953|2173|2670|3554|3624|3856|3875|4233|5054|5243|5292|6281|6387|6925|7040|7048|7057|7130|7364|10468|10628|27295|57007|113791,ENTPD1|FABP7|GFAP|IL1R1|INHBA|KRT8|KRT18|MET|SERPINE1|ABCB1|PIM1|S100A10|CXCL12|TCF4|TGFB1|TGFBR2|THBS1|TNFAIP6|UGT2B7|FST|TXNIP|PDLIM3|ACKR3|PIK3IP1,-4.1,0
1,-5.6,C0751956,M1,1,0,DisGeNET,35,Acute Cerebrovascular Accidents,,-5.6,3.8,6,30293,155,871,17,2,0.47,348|1906|1909|2258|2670|3084|3486|5054|5327|5328|6000|6285|6926|7040|9627|9644|10100,APOE|EDN1|EDNRA|FGF13|GFAP|NRG1|IGFBP3|SERPINE1|PLAT|PLAU|RGS7|S100B|TBX3|TGFB1|SNCAIP|SH3PXD2A|TSPAN2,-4.1,0
1,-5.6,C0151936,M1,1,0,DisGeNET,35,Disorder of tendon,,-5.6,5.3,6.6,30293,79,871,12,1.4,0.39,652|654|1490|1634|3371|4312|4313|4322|5740|6696|50507|151449,BMP4|BMP6|CCN2|DCN|TNC|MMP1|MMP2|MMP13|PTGIS|SPP1|NOX4|GDF7,-4.1,0
1,-5.6,C0155094,M1,1,0,DisGeNET,35,Corneal pannus,,-5.6,5.8,6.7,30293,66,871,11,1.3,0.38,133|3490|3673|4313|4851|5080|7076|7078|8600|8870|81792,ADM|IGFBP7|ITGA2|MMP2|NOTCH1|PAX6|TIMP1|TIMP3|TNFSF11|IER3|ADAMTS12,-4.1,0
1,-5.6,C0023787,M1,1,0,DisGeNET,35,Lipodystrophy,,-5.6,3.2,5.8,30293,226,871,21,2.4,0.52,70|348|1028|1281|1674|1734|2030|2273|2719|3910|5054|6319|6444|7112|7134|9229|27063|51129|63976|64072|79827,ACTC1|APOE|CDKN1C|COL3A1|DES|DIO2|SLC29A1|FHL1|GPC3|LAMA4|SERPINE1|SCD|SGCD|TMPO|TNNC1|DLGAP1|ANKRD1|ANGPTL4|PRDM16|CDH23|CLMP,-4.1,0
1,-5.6,C0409974,M1,1,0,DisGeNET,35,Lupus Erythematosus,,-5.6,2.3,5.4,30293,558,871,37,4.2,0.68,19|348|715|953|970|1392|1959|1978|2048|3075|4313|4320|4739|4851|4948|5648|5742|5806|6285|6387|6696|7040|7043|7078|7225|7412|7431|7852|8407|8870|9966|22943|26227|56005|81606|92737|389136,ABCA1|APOE|C1R|ENTPD1|CD70|CRH|EGR2|EIF4EBP1|EPHB2|CFH|MMP2|MMP11|NEDD9|NOTCH1|OCA2|MASP1|PTGS1|PTX3|S100B|CXCL12|SPP1|TGFB1|TGFB3|TIMP3|TRPC6|VCAM1|VIM|CXCR4|TAGLN2|IER3|TNFSF15|DKK1|PHGDH|MYDGF|LBH|DNER|VGLL3,-4.1,0
1,-5.6,C0002986,M1,1,0,DisGeNET,35,Fabry Disease,,-5.6,4.5,6.3,30293,108,871,14,1.6,0.43,348|1282|4036|4851|4854|5243|6657|6928|7040|7138|7412|8722|23209|23263,APOE|COL4A1|LRP2|NOTCH1|NOTCH3|ABCB1|SOX2|HNF1B|TGFB1|TNNT1|VCAM1|CTSF|MLC1|MCF2L,-4.1,0
1,-5.6,C0015393,M1,1,0,DisGeNET,35,Eye Abnormalities,,-5.6,6.4,6.9,30293,54,871,10,1.1,0.36,182|652|1282|5080|6657|7042|7048|64220|133584|158326,JAG1|BMP4|COL4A1|PAX6|SOX2|TGFB2|TGFBR2|STRA6|EGFLAM|FREM1,-4.1,0
1,-5.5,C0034155,M1,1,0,DisGeNET,35,"Purpura, Thrombotic Thrombocytopenic",,-5.5,5.2,6.5,30293,80,871,12,1.4,0.39,19|3075|5054|5176|5251|5806|6285|7040|7057|10878|23677|57124,ABCA1|CFH|SERPINE1|SERPINF1|PHEX|PTX3|S100B|TGFB1|THBS1|CFHR3|SH3BP4|CD248,-4,0
1,-5.5,C1821417,M1,1,0,DisGeNET,35,RESTING HEART RATE,,-5.5,5.2,6.5,30293,80,871,12,1.4,0.39,1285|1832|2697|4330|4629|7145|9645|9846|80206|85449|85461|222553,COL4A3|DSP|GJA1|MN1|MYH11|TNS1|MICAL2|GAB2|FHOD3|KIAA1755|TANC1|SLC35F1,-4,0
1,-5.5,C0079541,M1,1,0,DisGeNET,35,Holoprosencephaly,,-5.5,4.5,6.2,30293,109,871,14,1.6,0.43,701|805|1717|2070|2619|4036|5992|6493|6657|7291|7545|22943|85416|91653,BUB1B|CALM2|DHCR7|EYA4|GAS1|LRP2|RFX4|SIM2|SOX2|TWIST1|ZIC1|DKK1|ZIC5|BOC,-4,0
1,-5.5,C0020473,M1,1,0,DisGeNET,35,Hyperlipidemia,,-5.5,2.4,5.4,30293,472,871,33,3.8,0.65,19|133|290|348|875|1268|1284|1356|1839|2048|2308|2590|2621|3075|4313|4638|4837|4969|5054|5055|5243|5742|7040|7052|7412|7436|9590|10628|10878|27295|27324|51129|56005,ABCA1|ADM|ANPEP|APOE|CBS|CNR1|COL4A2|CP|HBEGF|EPHB2|FOXO1|GALNT2|GAS6|CFH|MMP2|MYLK|NNMT|OGN|SERPINE1|SERPINB2|ABCB1|PTGS1|TGFB1|TGM2|VCAM1|VLDLR|AKAP12|TXNIP|CFHR3|PDLIM3|TOX3|ANGPTL4|MYDGF,-4,0
1,-5.5,C0009081,M1,1,0,DisGeNET,35,Congenital clubfoot,,-5.5,2.9,5.6,30293,285,871,24,2.8,0.55,58|1281|1293|1674|1717|2317|2719|3315|3977|5307|6387|6536|6899|6913|7046|7048|7852|9244|57211|57514|64093|79633|80144|84570,ACTA1|COL3A1|COL6A3|DES|DHCR7|FLNB|GPC3|HSPB1|LIFR|PITX1|CXCL12|SLC6A9|TBX1|TBX15|TGFBR1|TGFBR2|CXCR4|CRLF1|ADGRG6|ARHGAP31|SMOC1|FAT4|FRAS1|COL25A1,-4,0
1,-5.5,C0016202,M1,1,0,DisGeNET,35,Flatfoot,,-5.5,2.9,5.6,30293,285,871,24,2.8,0.55,59|165|1293|2317|2617|3977|4015|4313|4629|4638|6299|6925|7040|7042|7043|7046|7048|7436|8076|9244|9758|10371|10630|54756,ACTA2|AEBP1|COL6A3|FLNB|GARS1|LIFR|LOX|MMP2|MYH11|MYLK|SALL1|TCF4|TGFB1|TGFB2|TGFB3|TGFBR1|TGFBR2|VLDLR|MFAP5|CRLF1|FRMPD4|SEMA3A|PDPN|IL17RD,-4,0
1,-5.5,C0019079,M1,1,0,DisGeNET,35,Hemoptysis,,-5.5,5.7,6.6,30293,67,871,11,1.3,0.38,59|1281|2022|4015|4629|4638|7042|7043|7046|7048|8076,ACTA2|COL3A1|ENG|LOX|MYH11|MYLK|TGFB2|TGFB3|TGFBR1|TGFBR2|MFAP5,-4,0
1,-5.5,C1849367,M1,1,0,DisGeNET,35,Nasal bridge wide,,-5.5,2.5,5.4,30293,429,871,31,3.6,0.63,1501|1509|1717|1909|1910|2296|2317|2697|2719|4094|4281|5077|5961|6591|6899|6925|7291|8425|9037|9758|10082|10265|55603|63976|64220|79633|80144|84570|92211|117581|158326,CTNND2|CTSD|DHCR7|EDNRA|EDNRB|FOXC1|FLNB|GJA1|GPC3|MAF|MID1|PAX3|PRPH2|SNAI2|TBX1|TCF4|TWIST1|LTBP4|SEMA5A|FRMPD4|GPC6|IRX5|TENT5A|PRDM16|STRA6|FAT4|FRAS1|COL25A1|CDHR1|TWIST2|FREM1,-4,0
1,-5.5,C0279530,M1,1,0,DisGeNET,35,Malignant Bone Neoplasm,,-5.5,4.2,6.1,30293,125,871,15,1.7,0.44,1392|2022|2048|2668|2670|2697|4036|4313|5179|5328|6387|6696|7048|7852|130497,CRH|ENG|EPHB2|GDNF|GFAP|GJA1|LRP2|MMP2|PENK|PLAU|CXCL12|SPP1|TGFBR2|CXCR4|OSR1,-4,0
1,-5.5,C0265783,M1,1,0,DisGeNET,35,Congenital hypoplasia of lung,,-5.5,3.6,5.9,30293,175,871,18,2.1,0.48,58|348|1717|2066|2317|2627|3675|3977|7026|7040|8425|11010|26227|29968|57211|64220|80000|80144,ACTA1|APOE|DHCR7|ERBB4|FLNB|GATA6|ITGA3|LIFR|NR2F2|TGFB1|LTBP4|GLIPR1|PHGDH|PSAT1|ADGRG6|STRA6|GREB1L|FRAS1,-4,0
1,-5.5,C1567743,M1,1,0,DisGeNET,35,"Alport Syndrome, Autosomal Dominant",,-5.5,28,10,30293,5,871,4,0.46,0.23,1285|1286|1287|4627,COL4A3|COL4A4|COL4A5|MYH9,-4,0
1,-5.5,C1836635,M1,1,0,DisGeNET,35,Loeys-Dietz Aortic Aneurysm Syndrome,,-5.5,28,10,30293,5,871,4,0.46,0.23,7042|7043|7046|7048,TGFB2|TGFB3|TGFBR1|TGFBR2,-4,0
1,-5.5,C4551955,M1,1,0,DisGeNET,35,"Loeys-Dietz Syndrome, Type 1a",,-5.5,28,10,30293,5,871,4,0.46,0.23,7042|7043|7046|7048,TGFB2|TGFB3|TGFBR1|TGFBR2,-4,0
1,-5.5,C4703646,M1,1,0,DisGeNET,35,Eosinophilic infiltration of the esophagus,,-5.5,28,10,30293,5,871,4,0.46,0.23,7042|7043|7046|7048,TGFB2|TGFB3|TGFBR1|TGFBR2,-4,0
1,-5.5,C3536714,M1,1,0,DisGeNET,35,Renal dysplasia,,-5.5,4.8,6.3,30293,95,871,13,1.5,0.41,182|652|655|2138|2719|3736|3975|4233|6299|6899|7040|80000|150094,JAG1|BMP4|BMP7|EYA1|GPC3|KCNA1|LHX1|MET|SALL1|TBX1|TGFB1|GREB1L|SIK1,-4,0
1,-5.5,C0019061,M1,1,0,DisGeNET,35,Hemolytic-Uremic Syndrome,,-5.5,4.4,6.2,30293,110,871,14,1.6,0.43,284|1191|1906|2273|3075|5125|6387|7040|7852|8128|10878|23677|23705|57007,ANGPT1|CLU|EDN1|FHL1|CFH|PCSK5|CXCL12|TGFB1|CXCR4|ST8SIA2|CFHR3|SH3BP4|CADM1|ACKR3,-4,0
1,-5.5,C1391732,M1,1,0,DisGeNET,35,Cancer cachexia,,-5.5,4.4,6.2,30293,110,871,14,1.6,0.43,2048|3486|3976|4313|6387|7040|7291|7852|8848|9518|10468|51129|92737|114907,EPHB2|IGFBP3|LIF|MMP2|CXCL12|TGFB1|TWIST1|CXCR4|TSC22D1|GDF15|FST|ANGPTL4|DNER|FBXO32,-4,0
1,-5.5,C1847800,M1,1,0,DisGeNET,35,Waardenburg Syndrome Type 1,,-5.5,13,8.3,30293,16,871,6,0.69,0.28,445|1910|2070|2706|5077|6591,ASS1|EDNRB|EYA4|GJB2|PAX3|SNAI2,-4,0
1,-5.5,C2986665,M1,1,0,DisGeNET,35,Early-Stage Breast Carcinoma,,-5.5,3.9,6,30293,142,871,16,1.8,0.46,182|348|2069|2621|2706|3315|3486|3875|4312|5243|6422|6657|8600|9510|64399|100133941,JAG1|APOE|EREG|GAS6|GJB2|HSPB1|IGFBP3|KRT18|MMP1|ABCB1|SFRP1|SOX2|TNFSF11|ADAMTS1|HHIP|CD24,-4,0
1,-5.4,C1848296,M1,1,0,DisGeNET,35,DOSAGE-SENSITIVE SEX REVERSAL,,-5.4,3.7,5.9,30293,159,871,17,2,0.47,861|953|1392|2317|2621|3672|5243|5328|6520|8140|9966|10370|10625|23541|50507|51129|56005,RUNX1|ENTPD1|CRH|FLNB|GAS6|ITGA1|ABCB1|PLAU|SLC3A2|SLC7A5|TNFSF15|CITED2|IVNS1ABP|SEC14L2|NOX4|ANGPTL4|MYDGF,-4,0
1,-5.4,C0024437,M1,1,0,DisGeNET,35,Macular degeneration,,-5.4,7.1,7,30293,44,871,9,1,0.34,1356|2202|3075|4313|5176|5362|5961|7078|92211,CP|EFEMP1|CFH|MMP2|SERPINF1|PLXNA2|PRPH2|TIMP3|CDHR1,-4,0
1,-5.4,C0042510,M1,1,0,DisGeNET,35,Ventricular Fibrillation,,-5.4,4.7,6.3,30293,96,871,13,1.5,0.41,58|805|1832|2556|2697|4879|5318|5327|5328|6319|7134|9518|10371,ACTA1|CALM2|DSP|GABRA3|GJA1|NPPB|PKP2|PLAT|PLAU|SCD|TNNC1|GDF15|SEMA3A,-4,0
1,-5.4,C1402315,M1,1,0,DisGeNET,35,Vascular lesions,,-5.4,4.4,6.2,30293,111,871,14,1.6,0.43,348|953|1392|2034|2697|4015|4854|6696|7040|7042|7048|9368|10763|22943,APOE|ENTPD1|CRH|EPAS1|GJA1|LOX|NOTCH3|SPP1|TGFB1|TGFB2|TGFBR2|NHERF1|NES|DKK1,-4,0
1,-5.4,C4317109,M1,1,0,DisGeNET,35,Epileptic Seizures,,-5.4,3.1,5.6,30293,250,871,22,2.5,0.53,348|1191|1268|1392|1759|1958|2556|2890|2917|3315|5066|5243|6281|6513|6529|6546|6925|7057|23657|26047|27286|126393,APOE|CLU|CNR1|CRH|DNM1|EGR1|GABRA3|GRIA1|GRM7|HSPB1|PAM|ABCB1|S100A10|SLC2A1|SLC6A1|SLC8A1|TCF4|THBS1|SLC7A11|CNTNAP2|SRPX2|HSPB6,-3.9,0
1,-5.4,C0349788,M1,1,0,DisGeNET,35,Arrhythmogenic Right Ventricular Dysplasia,,-5.4,5.1,6.4,30293,82,871,12,1.4,0.39,1000|1674|1832|1993|2670|2697|4233|5318|6546|7040|7043|27063,CDH2|DES|DSP|ELAVL2|GFAP|GJA1|MET|PKP2|SLC8A1|TGFB1|TGFB3|ANKRD1,-3.9,0
1,-5.4,C3241937,M1,1,0,DisGeNET,35,Nonalcoholic Steatohepatitis,,-5.4,2.5,5.4,30293,434,871,31,3.6,0.63,19|150|165|348|861|1191|1240|1509|2308|3371|3554|3875|3976|4060|4312|4837|5055|5176|6696|7040|7052|7436|7852|8613|8614|9516|9518|10628|27087|57761|143686,ABCA1|ADRA2A|AEBP1|APOE|RUNX1|CLU|CMKLR1|CTSD|FOXO1|TNC|IL1R1|KRT18|LIF|LUM|MMP1|NNMT|SERPINB2|SERPINF1|SPP1|TGFB1|TGM2|VLDLR|CXCR4|PLPP3|STC2|LITAF|GDF15|TXNIP|B3GAT1|TRIB3|SESN3,-3.9,0
1,-5.4,C0234233,M1,1,0,DisGeNET,35,Sore to touch,,-5.4,6.2,6.7,30293,56,871,10,1.1,0.36,1509|1674|2273|3315|3487|4313|4325|6319|8722|126393,CTSD|DES|FHL1|HSPB1|IGFBP4|MMP2|MMP16|SCD|CTSF|HSPB6,-3.9,0
1,-5.4,C0020676,M1,1,0,DisGeNET,35,Hypothyroidism,,-5.4,2.2,5.2,30293,613,871,39,4.5,0.7,182|348|570|701|805|953|1268|1282|1356|1392|1734|1808|1958|2619|2670|2697|2817|3084|3485|3486|3702|3977|4133|4741|4747|5066|5122|6299|6513|6899|6928|7040|8553|8840|22943|55240|63976|168002|653689,JAG1|APOE|BAAT|BUB1B|CALM2|ENTPD1|CNR1|COL4A1|CP|CRH|DIO2|DPYSL2|EGR1|GAS1|GFAP|GJA1|GPC1|NRG1|IGFBP2|IGFBP3|ITK|LIFR|MAP2|NEFM|NEFL|PAM|PCSK1|SALL1|SLC2A1|TBX1|HNF1B|TGFB1|BHLHE40|CCN4|DKK1|STEAP3|PRDM16|DACT2|GSTT2B,-3.9,0
1,-5.4,C0023269,M1,1,0,DisGeNET,35,leiomyosarcoma,,-5.4,3.3,5.7,30293,213,871,20,2.3,0.51,1000|1674|2030|2048|2621|3554|4233|4313|4638|5054|5155|5156|5243|5328|6591|7145|7301|7431|10123|23089,CDH2|DES|SLC29A1|EPHB2|GAS6|IL1R1|MET|MMP2|MYLK|SERPINE1|PDGFB|PDGFRA|ABCB1|PLAU|SNAI2|TNS1|TYRO3|VIM|ARL4C|PEG10,-3.9,0
1,-5.4,C0220615,M1,1,0,DisGeNET,35,Adult Acute Myeloblastic Leukemia,,-5.4,3.7,5.9,30293,160,871,17,2,0.47,805|861|928|1030|2321|2621|2624|3485|4629|5156|5243|7040|7852|10962|63976|79971|117581,CALM2|RUNX1|CD9|CDKN2B|FLT1|GAS6|GATA2|IGFBP2|MYH11|PDGFRA|ABCB1|TGFB1|CXCR4|MLLT11|PRDM16|WLS|TWIST2,-3.9,0
1,-5.4,C0856747,M1,1,0,DisGeNET,35,Aneurysm of ascending aorta,,-5.4,8.2,7.2,30293,34,871,8,0.92,0.32,59|1281|4091|4313|4851|6696|7046|7048,ACTA2|COL3A1|SMAD6|MMP2|NOTCH1|SPP1|TGFBR1|TGFBR2,-3.9,0
1,-5.4,C0341439,M1,1,0,DisGeNET,35,Chronic liver disease,,-5.4,3.4,5.7,30293,196,871,19,2.2,0.49,649|655|1293|1490|2621|2719|3486|3875|5054|5156|6696|7040|7057|7076|7412|7852|9510|9518|10625,BMP1|BMP7|COL6A3|CCN2|GAS6|GPC3|IGFBP3|KRT18|SERPINE1|PDGFRA|SPP1|TGFB1|THBS1|TIMP1|VCAM1|CXCR4|ADAMTS1|GDF15|IVNS1ABP,-3.9,0
1,-5.4,C0024305,M1,1,0,DisGeNET,35,"Lymphoma, Non-Hodgkin",,-5.4,2.1,5.1,30293,733,871,44,5.1,0.74,290|710|805|875|894|970|1030|1545|1604|1612|2048|2308|2321|3090|3371|3400|3887|4288|4312|4313|4610|4739|5156|5243|5292|5362|5783|6387|6696|7040|7046|7048|7076|7301|7412|7852|8038|8829|23705|27295|29968|55655|79971|84433,ANPEP|SERPING1|CALM2|CBS|CCND2|CD70|CDKN2B|CYP1B1|CD55|DAPK1|EPHB2|FOXO1|FLT1|HIC1|TNC|ID4|KRT81|MKI67|MMP1|MMP2|MYCL|NEDD9|PDGFRA|ABCB1|PIM1|PLXNA2|PTPN13|CXCL12|SPP1|TGFB1|TGFBR1|TGFBR2|TIMP1|TYRO3|VCAM1|CXCR4|ADAM12|NRP1|CADM1|PDLIM3|PSAT1|NLRP2|WLS|CARD11,-3.9,0
1,-5.4,C4551472,M1,1,0,DisGeNET,35,Hypertrophic obstructive cardiomyopathy,,-5.4,3.1,5.6,30293,233,871,21,2.4,0.52,58|59|70|1282|1674|1827|1906|2273|3315|3486|4313|4879|6319|6444|7040|7134|10611|22808|27063|80206|103910,ACTA1|ACTA2|ACTC1|COL4A1|DES|RCAN1|EDN1|FHL1|HSPB1|IGFBP3|MMP2|NPPB|SCD|SGCD|TGFB1|TNNC1|PDLIM5|MRAS|ANKRD1|FHOD3|MYL12B,-3.9,0
1,-5.3,C0001849,M1,1,0,DisGeNET,35,AIDS Dementia Complex,,-5.3,7,6.9,30293,45,871,9,1,0.34,348|1906|4133|4313|4747|6285|6546|7040|7852,APOE|EDN1|MAP2|MMP2|NEFL|S100B|SLC8A1|TGFB1|CXCR4,-3.9,0
1,-5.3,C1527336,M1,1,0,DisGeNET,35,Sjogren's Syndrome,,-5.3,2.4,5.3,30293,481,871,33,3.8,0.65,19|214|654|928|1266|1356|1509|1909|2048|2317|3122|3382|3399|3491|3708|4313|5021|5077|5080|5764|6387|7040|7057|7412|7852|8482|8829|10216|10371|23541|27295|56005|729993,ABCA1|ALCAM|BMP6|CD9|CNN3|CP|CTSD|EDNRA|EPHB2|FLNB|HLA-DRA|ICA1|ID3|CCN1|ITPR1|MMP2|OXTR|PAX3|PAX6|PTN|CXCL12|TGFB1|THBS1|VCAM1|CXCR4|SEMA7A|NRP1|PRG4|SEMA3A|SEC14L2|PDLIM3|MYDGF|SHISA9,-3.9,0
1,-5.3,C0024131,M1,1,0,DisGeNET,35,Lupus Vulgaris,,-5.3,2.3,5.2,30293,526,871,35,4,0.67,19|348|953|970|1392|1959|1978|2048|3075|4313|4320|4739|4851|4948|5648|5742|5806|6285|6387|6696|7040|7043|7078|7225|7412|7431|7852|8870|9966|22943|26227|56005|81606|92737|389136,ABCA1|APOE|ENTPD1|CD70|CRH|EGR2|EIF4EBP1|EPHB2|CFH|MMP2|MMP11|NEDD9|NOTCH1|OCA2|MASP1|PTGS1|PTX3|S100B|CXCL12|SPP1|TGFB1|TGFB3|TIMP3|TRPC6|VCAM1|VIM|CXCR4|IER3|TNFSF15|DKK1|PHGDH|MYDGF|LBH|DNER|VGLL3,-3.9,0
1,-5.3,C0033847,M1,1,0,DisGeNET,35,Pseudoxanthoma Elasticum,,-5.3,6.1,6.6,30293,57,871,10,1.1,0.36,21|348|1906|3075|4015|4256|4313|4629|6696|7040,ABCA3|APOE|EDN1|CFH|LOX|MGP|MMP2|MYH11|SPP1|TGFB1,-3.9,0
1,-5.3,C1260959,M1,1,0,DisGeNET,35,Drusen,,-5.3,6.1,6.6,30293,57,871,10,1.1,0.36,19|348|1191|2202|2273|3075|5362|5961|7078|10878,ABCA1|APOE|CLU|EFEMP1|FHL1|CFH|PLXNA2|PRPH2|TIMP3|CFHR3,-3.9,0
1,-5.3,C0240310,M1,1,0,DisGeNET,35,Hypoplasia of the maxilla,,-5.3,4.3,6.1,30293,113,871,14,1.6,0.43,652|1909|2263|2296|2317|2697|4313|5077|5083|7291|9411|64093|79633|117581,BMP4|EDNRA|FGFR2|FOXC1|FLNB|GJA1|MMP2|PAX3|PAX9|TWIST1|ARHGAP29|SMOC1|FAT4|TWIST2,-3.9,0
1,-5.3,C0040053,M1,1,0,DisGeNET,35,Thrombosis,,-5.3,4.6,6.2,30293,98,871,13,1.5,0.41,1604|1634|1958|2022|2244|2621|3673|5054|5327|5328|5742|7301|80274,CD55|DCN|EGR1|ENG|FGB|GAS6|ITGA2|SERPINE1|PLAT|PLAU|PTGS1|TYRO3|SCUBE1,-3.9,0
1,-5.3,C0265660,M1,1,0,DisGeNET,35,Syndactyly of the toes,,-5.3,4,6,30293,129,871,15,1.7,0.44,652|1294|2192|2263|2697|2719|6299|6913|7021|7291|26227|57514|64093|80144|117581,BMP4|COL7A1|FBLN1|FGFR2|GJA1|GPC3|SALL1|TBX15|TFAP2B|TWIST1|PHGDH|ARHGAP31|SMOC1|FRAS1|TWIST2,-3.9,0
1,-5.3,C1837404,M1,1,0,DisGeNET,35,"High, narrow palate",,-5.3,4,6,30293,129,871,15,1.7,0.44,58|59|1281|2719|4015|4629|4638|4854|6899|7042|7043|7046|7048|8076|51305,ACTA1|ACTA2|COL3A1|GPC3|LOX|MYH11|MYLK|NOTCH3|TBX1|TGFB2|TGFB3|TGFBR1|TGFBR2|MFAP5|KCNK9,-3.9,0
1,-5.3,C0410005,M1,1,0,DisGeNET,35,Nodular fasciitis,,-5.3,9.7,7.5,30293,25,871,7,0.8,0.3,2043|2252|4627|5792|7291|8840|9098,EPHA4|FGF7|MYH9|PTPRF|TWIST1|CCN4|USP6,-3.9,0
1,-5.3,C0038436,M1,1,0,DisGeNET,35,Post-Traumatic Stress Disorder,,-5.3,2.5,5.3,30293,417,871,30,3.4,0.62,288|348|1268|1392|1839|1844|2048|2066|2668|2670|3084|3485|3702|4233|4851|4854|4969|5021|6281|6513|6529|6581|6869|7262|7301|7412|10468|23336|27087|55638,ANK3|APOE|CNR1|CRH|HBEGF|DUSP2|EPHB2|ERBB4|GDNF|GFAP|NRG1|IGFBP2|ITK|MET|NOTCH1|NOTCH3|OGN|OXTR|S100A10|SLC2A1|SLC6A1|SLC22A3|TACR1|PHLDA2|TYRO3|VCAM1|FST|SYNM|B3GAT1|SYBU,-3.9,0
1,-5.3,C0278660,M1,1,0,DisGeNET,35,Adult Synovial Sarcoma,,-5.3,3.3,5.7,30293,198,871,19,2.2,0.49,1958|2048|2263|2308|4233|4288|4313|4821|5077|5156|5243|6387|6657|6876|7040|7431|7852|9098|81606,EGR1|EPHB2|FGFR2|FOXO1|MET|MKI67|MMP2|NKX2-2|PAX3|PDGFRA|ABCB1|CXCL12|SOX2|TAGLN|TGFB1|VIM|CXCR4|USP6|LBH,-3.8,0
1,-5.3,C0279982,M1,1,0,DisGeNET,35,Childhood Synovial Sarcoma,,-5.3,3.3,5.7,30293,198,871,19,2.2,0.49,1958|2048|2263|2308|4233|4288|4313|4821|5077|5156|5243|6387|6657|6876|7040|7431|7852|9098|81606,EGR1|EPHB2|FGFR2|FOXO1|MET|MKI67|MMP2|NKX2-2|PAX3|PDGFRA|ABCB1|CXCL12|SOX2|TAGLN|TGFB1|VIM|CXCR4|USP6|LBH,-3.8,0
1,-5.3,C0037928,M1,1,0,DisGeNET,35,Spinal Cord Diseases,,-5.3,5,6.3,30293,84,871,12,1.4,0.39,133|348|652|928|2149|5783|6696|6869|7057|22943|56896|83857,ADM|APOE|BMP4|CD9|F2R|PTPN13|SPP1|TACR1|THBS1|DKK1|DPYSL5|TMTC1,-3.8,0
1,-5.3,C1857108,M1,1,0,DisGeNET,35,Limitation of joint mobility,,-5.3,5,6.3,30293,84,871,12,1.4,0.39,90|547|875|1311|2263|4053|4322|4854|5354|6578|7040|9244,ACVR1|KIF1A|CBS|COMP|FGFR2|LTBP2|MMP13|NOTCH3|PLP1|SLCO2A1|TGFB1|CRLF1,-3.8,0
1,-5.3,C0018378,M1,1,0,DisGeNET,35,Guillain-Barre Syndrome,,-5.3,3.6,5.8,30293,163,871,17,2,0.47,348|710|2048|2149|2670|4313|4747|4879|5742|6696|7040|7431|7852|10625|23705|55512|56005,APOE|SERPING1|EPHB2|F2R|GFAP|MMP2|NEFL|NPPB|PTGS1|SPP1|TGFB1|VIM|CXCR4|IVNS1ABP|CADM1|SMPD3|MYDGF,-3.8,0
1,-5.3,C0007758,M1,1,0,DisGeNET,35,Cerebellar Ataxia,,-5.3,2.5,5.3,30293,440,871,31,3.6,0.63,547|805|869|1356|1392|1759|2670|2706|2895|3315|3708|3736|4281|4312|4747|6507|6513|6657|7052|7436|7545|23209|23336|26047|27063|55655|64072|84107|92737|114907|253738,KIF1A|CALM2|CBLN1|CP|CRH|DNM1|GFAP|GJB2|GRID2|HSPB1|ITPR1|KCNA1|MID1|MMP1|NEFL|SLC1A3|SLC2A1|SOX2|TGM2|VLDLR|ZIC1|MLC1|SYNM|CNTNAP2|ANKRD1|NLRP2|CDH23|ZIC4|DNER|FBXO32|EBF3,-3.8,0
1,-5.3,C0266617,M1,1,0,DisGeNET,35,Congenital anomaly of face,,-5.3,4.3,6,30293,114,871,14,1.6,0.43,182|652|2022|2263|5077|6513|6899|6925|7021|7291|9369|10370|84662|253738,JAG1|BMP4|ENG|FGFR2|PAX3|SLC2A1|TBX1|TCF4|TFAP2B|TWIST1|NRXN3|CITED2|GLIS2|EBF3,-3.8,0
1,-5.3,C0752156,M1,1,0,DisGeNET,35,Dural Arteriovenous Fistula,,-5.3,12,8,30293,17,871,6,0.69,0.28,2022|4313|5054|5055|7048|10100,ENG|MMP2|SERPINE1|SERPINB2|TGFBR2|TSPAN2,-3.8,0
1,-5.3,C0810364,M1,1,0,DisGeNET,35,Cleft Lip with or without Cleft Palate,,-5.3,4.6,6.1,30293,99,871,13,1.5,0.41,652|875|4627|5083|5243|7040|7043|7046|8029|9411|9464|26585|83716,BMP4|CBS|MYH9|PAX9|ABCB1|TGFB1|TGFB3|TGFBR1|CUBN|ARHGAP29|HAND2|GREM1|CRISPLD2,-3.8,0
1,-5.3,C2717836,M1,1,0,DisGeNET,35,Steroid Sulfatase Deficiency Disease,,-5.3,3.5,5.7,30293,181,871,18,2.1,0.48,1464|1717|2034|2048|3075|3315|3912|4288|4313|5054|5156|5243|6696|7040|7076|7431|8549|9846,CSPG4|DHCR7|EPAS1|EPHB2|CFH|HSPB1|LAMB1|MKI67|MMP2|SERPINE1|PDGFRA|ABCB1|SPP1|TGFB1|TIMP1|VIM|LGR5|GAB2,-3.8,0
1,-5.3,C1860493,M1,1,0,DisGeNET,35,Abnormality of the sternum,,-5.3,6.8,6.8,30293,46,871,9,1,0.34,59|4015|4629|4638|7042|7043|7046|7048|8076,ACTA2|LOX|MYH11|MYLK|TGFB2|TGFB3|TGFBR1|TGFBR2|MFAP5,-3.8,0
1,-5.3,C0007104,M1,1,0,DisGeNET,35,Female Breast Carcinoma,,-5.3,5.4,6.4,30293,71,871,11,1.3,0.38,1545|2263|3927|4288|5080|6513|7040|7042|7852|27324|55655,CYP1B1|FGFR2|LASP1|MKI67|PAX6|SLC2A1|TGFB1|TGFB2|CXCR4|TOX3|NLRP2,-3.8,0
1,-5.3,C0014116,M1,1,0,DisGeNET,35,Endocardial Cushion Defects,,-5.3,5.4,6.4,30293,71,871,11,1.3,0.38,90|652|2048|2263|3491|6285|6696|7021|7040|9464|221662,ACVR1|BMP4|EPHB2|FGFR2|CCN1|S100B|SPP1|TFAP2B|TGFB1|HAND2|RBM24,-3.8,0
1,-5.3,C0235653,M1,1,0,DisGeNET,35,Malignant neoplasm of female breast,,-5.3,5.4,6.4,30293,71,871,11,1.3,0.38,1545|2263|3927|4288|5080|6513|7040|7042|7852|27324|55655,CYP1B1|FGFR2|LASP1|MKI67|PAX6|SLC2A1|TGFB1|TGFB2|CXCR4|TOX3|NLRP2,-3.8,0
1,-5.3,C3888391,M1,1,0,DisGeNET,35,Nonnuclear polymorphic congenital cataract,,-5.3,5.4,6.4,30293,71,871,11,1.3,0.38,59|1268|3491|4233|6387|6591|6696|7040|7046|7852|57007,ACTA2|CNR1|CCN1|MET|CXCL12|SNAI2|SPP1|TGFB1|TGFBR1|CXCR4|ACKR3,-3.8,0
1,-5.2,C0014335,M1,1,0,DisGeNET,35,Enteritis,,-5.2,4.9,6.2,30293,85,871,12,1.4,0.39,1281|2615|3075|3371|3589|4312|5054|6869|7042|7076|8128|9966,COL3A1|LRRC32|CFH|TNC|IL11|MMP1|SERPINE1|TACR1|TGFB2|TIMP1|ST8SIA2|TNFSF15,-3.8,0
1,-5.2,C1536085,M1,1,0,DisGeNET,35,Geographic Atrophy,,-5.2,4.9,6.2,30293,85,871,12,1.4,0.39,19|348|1285|2202|2670|3075|4313|5362|5961|7076|7431|10878,ABCA1|APOE|COL4A3|EFEMP1|GFAP|CFH|MMP2|PLXNA2|PRPH2|TIMP1|VIM|CFHR3,-3.8,0
1,-5.2,C1704321,M1,1,0,DisGeNET,35,"Nephrotic Syndrome, Minimal Change",,-5.2,4.9,6.2,30293,85,871,12,1.4,0.39,348|1490|1906|1909|4094|5243|6696|7225|7431|10630|10763|83715,APOE|CCN2|EDN1|EDNRA|MAF|ABCB1|SPP1|TRPC6|VIM|PDPN|NES|ESPN,-3.8,0
1,-5.2,C1997217,M1,1,0,DisGeNET,35,Low grade glioma,,-5.2,4.9,6.2,30293,85,871,12,1.4,0.39,2321|2512|2670|4233|4605|5155|5176|5455|6925|10763|79192|100133941,FLT1|FTL|GFAP|MET|MYBL2|PDGFB|SERPINF1|POU3F3|TCF4|NES|IRX1|CD24,-3.8,0
1,-5.2,C0021125,M1,1,0,DisGeNET,35,Impulsive Behavior,,-5.2,2.9,5.5,30293,276,871,23,2.6,0.54,150|288|1268|1392|1759|2048|2149|2334|4036|4129|5054|5055|5125|5243|5251|6529|6869|8492|9369|9514|23263|60598|130497,ADRA2A|ANK3|CNR1|CRH|DNM1|EPHB2|F2R|AFF2|LRP2|MAOB|SERPINE1|SERPINB2|PCSK5|ABCB1|PHEX|SLC6A1|TACR1|PRSS12|NRXN3|GAL3ST1|MCF2L|KCNK15|OSR1,-3.8,0
1,-5.2,C0022680,M1,1,0,DisGeNET,35,Polycystic Kidney Diseases,,-5.2,2.9,5.5,30293,276,871,23,2.6,0.54,701|861|1490|1906|1909|1978|2034|2048|2138|2252|3371|4036|4739|4854|4879|5742|6696|6899|6928|7040|57007|92737|130497,BUB1B|RUNX1|CCN2|EDN1|EDNRA|EIF4EBP1|EPAS1|EPHB2|EYA1|FGF7|TNC|LRP2|NEDD9|NOTCH3|NPPB|PTGS1|SPP1|TBX1|HNF1B|TGFB1|ACKR3|DNER|OSR1,-3.8,0
1,-5.2,C0030421,M1,1,0,DisGeNET,35,Paraganglioma,,-5.2,3.6,5.7,30293,165,871,17,2,0.47,805|1028|1909|2022|2034|2321|2668|4288|4837|5156|6285|7291|7412|7852|10763|55534|152330,CALM2|CDKN1C|EDNRA|ENG|EPAS1|FLT1|GDNF|MKI67|NNMT|PDGFRA|S100B|TWIST1|VCAM1|CXCR4|NES|MAML3|CNTN4,-3.8,0
1,-5.2,C4021790,M1,1,0,DisGeNET,35,Abnormality of the skeletal system,,-5.2,3.8,5.8,30293,148,871,16,1.8,0.46,652|653|1674|2296|2317|2627|2719|3371|3899|4854|5251|7042|9719|10265|55203|170691,BMP4|BMP5|DES|FOXC1|FLNB|GATA6|GPC3|TNC|AFF3|NOTCH3|PHEX|TGFB2|ADAMTSL2|IRX5|LGI2|ADAMTS17,-3.8,0
1,-5.2,C1853926,M1,1,0,DisGeNET,35,NONAKA MYOPATHY,,-5.2,4,5.8,30293,132,871,15,1.7,0.44,58|133|284|1634|1674|1844|1906|2258|3485|3486|3976|4313|5054|6422|7138,ACTA1|ADM|ANGPT1|DCN|DES|DUSP2|EDN1|FGF13|IGFBP2|IGFBP3|LIF|MMP2|SERPINE1|SFRP1|TNNT1,-3.8,0
1,-5.2,C0399440,M1,1,0,DisGeNET,35,Hereditary gingival fibromatosis,,-5.2,4.9,6.2,30293,86,871,12,1.4,0.39,655|1490|2048|2149|4233|4312|4313|7040|7042|7043|7048|7076,BMP7|CCN2|EPHB2|F2R|MET|MMP1|MMP2|TGFB1|TGFB2|TGFB3|TGFBR2|TIMP1,-3.7,0
1,-5.2,C0871189,M1,1,0,DisGeNET,35,Psychotic symptom,,-5.2,4.9,6.2,30293,86,871,12,1.4,0.39,348|1268|3084|4036|5021|6285|6536|6925|10718|23263|80323|90139,APOE|CNR1|NRG1|LRP2|OXTR|S100B|SLC6A9|TCF4|NRG3|MCF2L|CCDC68|TSPAN18,-3.7,0
1,-5.2,C4082974,M1,1,0,DisGeNET,35,Dupuytren's Disease,,-5.2,5.9,6.5,30293,59,871,10,1.1,0.36,59|1993|3371|4288|4313|5764|6424|7040|7042|10234,ACTA2|ELAVL2|TNC|MKI67|MMP2|PTN|SFRP4|TGFB1|TGFB2|LRRC17,-3.7,0
1,-5.2,C0205851,M1,1,0,DisGeNET,35,Germ cell tumor,,-5.2,2.9,5.4,30293,278,871,23,2.6,0.54,701|894|928|1030|2321|2627|2719|3090|3315|3976|4851|5178|6387|6581|6657|6899|7042|7980|9846|10630|10763|25797|27295,BUB1B|CCND2|CD9|CDKN2B|FLT1|GATA6|GPC3|HIC1|HSPB1|LIF|NOTCH1|PEG3|CXCL12|SLC22A3|SOX2|TBX1|TGFB2|TFPI2|GAB2|PDPN|NES|QPCT|PDLIM3,-3.7,0
1,-5.2,C0019080,M1,1,0,DisGeNET,35,Hemorrhage,,-5.2,6.7,6.7,30293,47,871,9,1,0.34,348|2022|2045|3589|4313|5054|5327|5328|7076,APOE|ENG|EPHA7|IL11|MMP2|SERPINE1|PLAT|PLAU|TIMP1,-3.7,0
1,-5.2,C0271055,M1,1,0,DisGeNET,35,Rhegmatogenous retinal detachment,,-5.2,6.7,6.7,30293,47,871,9,1,0.34,1634|4015|5054|5362|6513|7040|7042|7076|7431,DCN|LOX|SERPINE1|PLXNA2|SLC2A1|TGFB1|TGFB2|TIMP1|VIM,-3.7,0
1,-5.2,C3887650,M1,1,0,DisGeNET,35,Adult Rickets,,-5.2,6.7,6.7,30293,47,871,9,1,0.34,2252|4036|5251|6424|6696|7040|8600|26227|29968,FGF7|LRP2|PHEX|SFRP4|SPP1|TGFB1|TNFSF11|PHGDH|PSAT1,-3.7,0
1,-5.2,C4524040,M1,1,0,DisGeNET,35,Atherogenic dyslipidaemia,,-5.2,7.7,7,30293,36,871,8,0.92,0.32,19|348|2022|2590|5054|7412|55959|56005,ABCA1|APOE|ENG|GALNT2|SERPINE1|VCAM1|SULF2|MYDGF,-3.7,0
1,-5.2,C0005411,M1,1,0,DisGeNET,35,Biliary Atresia,,-5.2,3.4,5.6,30293,184,871,18,2.1,0.48,182|284|1490|2034|2048|2202|2627|2817|3486|4313|6696|6928|7040|7042|7076|7431|7547|10625,JAG1|ANGPT1|CCN2|EPAS1|EPHB2|EFEMP1|GATA6|GPC1|IGFBP3|MMP2|SPP1|HNF1B|TGFB1|TGFB2|TIMP1|VIM|ZIC3|IVNS1ABP,-3.7,0
1,-5.2,C0039101,M1,1,0,DisGeNET,35,synovial sarcoma,,-5.2,2.8,5.4,30293,299,871,24,2.8,0.55,654|1381|1958|2048|2263|2308|4233|4288|4313|4821|5077|5156|5243|5764|6387|6657|6876|7040|7412|7431|7852|9098|10763|81606,BMP6|CRABP1|EGR1|EPHB2|FGFR2|FOXO1|MET|MKI67|MMP2|NKX2-2|PAX3|PDGFRA|ABCB1|PTN|CXCL12|SOX2|TAGLN|TGFB1|VCAM1|VIM|CXCR4|USP6|NES|LBH,-3.7,0
1,-5.2,C0024814,M1,1,0,DisGeNET,35,Marinesco-Sjogren syndrome,,-5.2,3.9,5.8,30293,133,871,15,1.7,0.44,1501|2048|4233|6387|6422|6424|7048|7076|7078|7412|10981|23213|54894|55655|84433,CTNND2|EPHB2|MET|CXCL12|SFRP1|SFRP4|TGFBR2|TIMP1|TIMP3|VCAM1|RAB32|SULF1|RNF43|NLRP2|CARD11,-3.7,0
1,-5.2,C0020557,M1,1,0,DisGeNET,35,Hypertriglyceridemia,,-5.2,2.7,5.3,30293,340,871,26,3,0.58,19|182|348|652|1717|2048|2273|2308|2590|3486|5054|5122|5251|6319|7040|7052|7412|7436|8600|8614|9635|10221|10628|51129|54541|57761,ABCA1|JAG1|APOE|BMP4|DHCR7|EPHB2|FHL1|FOXO1|GALNT2|IGFBP3|SERPINE1|PCSK1|PHEX|SCD|TGFB1|TGM2|VCAM1|VLDLR|TNFSF11|STC2|CLCA2|TRIB1|TXNIP|ANGPTL4|DDIT4|TRIB3,-3.7,0
1,-5.2,C0002170,M1,1,0,DisGeNET,35,Alopecia,,-5.2,2.3,5.1,30293,491,871,33,3.8,0.65,90|715|861|1281|1294|1356|1392|1634|1832|1909|2252|2512|2697|2706|3122|3887|4256|4312|4851|5066|5077|6696|6913|6925|7040|7042|7291|22943|27123|55366|57514|117581|348938,ACVR1|C1R|RUNX1|COL3A1|COL7A1|CP|CRH|DCN|DSP|EDNRA|FGF7|FTL|GJA1|GJB2|HLA-DRA|KRT81|MGP|MMP1|NOTCH1|PAM|PAX3|SPP1|TBX15|TCF4|TGFB1|TGFB2|TWIST1|DKK1|DKK2|LGR4|ARHGAP31|TWIST2|NIPAL4,-3.7,0
1,-5.1,C0020541,M1,1,0,DisGeNET,35,Portal Hypertension,,-5.1,3.5,5.7,30293,167,871,17,2,0.47,284|1490|1906|1909|1910|2022|4223|4851|5176|5742|6696|6925|7040|7076|9966|57514|91653,ANGPT1|CCN2|EDN1|EDNRA|EDNRB|ENG|MEOX2|NOTCH1|SERPINF1|PTGS1|SPP1|TCF4|TGFB1|TIMP1|TNFSF15|ARHGAP31|BOC,-3.7,0
1,-5.1,C0026847,M1,1,0,DisGeNET,35,Spinal Muscular Atrophy,,-5.1,2.7,5.3,30293,320,871,25,2.9,0.57,348|652|1311|1404|1490|1674|1759|2043|2066|2308|2617|2627|2670|3084|4747|5077|6281|6285|6507|6578|6696|7431|10468|51305|114907,APOE|BMP4|COMP|HAPLN1|CCN2|DES|DNM1|EPHA4|ERBB4|FOXO1|GARS1|GATA6|GFAP|NRG1|NEFL|PAX3|S100A10|S100B|SLC1A3|SLCO2A1|SPP1|VIM|FST|KCNK9|FBXO32,-3.7,0
1,-5.1,C0740858,M1,1,0,DisGeNET,35,Substance abuse problem,,-5.1,3.4,5.6,30293,185,871,18,2.1,0.48,288|348|1268|2917|3899|3983|4129|5021|6581|7852|9369|9547|22998|27146|80206|81035|92737|143503,ANK3|APOE|CNR1|GRM7|AFF3|ABLIM1|MAOB|OXTR|SLC22A3|CXCR4|NRXN3|CXCL14|LIMCH1|FAM184B|FHOD3|COLEC12|DNER|OR51E1,-3.7,0
1,-5.1,C0085648,M1,1,0,DisGeNET,35,Synovial Cyst,,-5.1,4.8,6.1,30293,87,871,12,1.4,0.39,19|794|875|1827|2048|2668|2697|4908|5362|6423|6529|10763,ABCA1|CALB2|CBS|RCAN1|EPHB2|GDNF|GJA1|NTF3|PLXNA2|SFRP2|SLC6A1|NES,-3.7,0
1,-5.1,C0409338,M1,1,0,DisGeNET,35,Flexion contracture - elbow,,-5.1,5.2,6.2,30293,73,871,11,1.3,0.38,58|1293|2201|2273|2706|3977|4921|5307|6536|6913|9244,ACTA1|COL6A3|FBN2|FHL1|GJB2|LIFR|DDR2|PITX1|SLC6A9|TBX15|CRLF1,-3.7,0
1,-5.1,C0282193,M1,1,0,DisGeNET,35,Iron Overload,,-5.1,3,5.4,30293,241,871,21,2.4,0.52,90|348|654|875|953|1356|1674|2034|2048|2495|2512|4091|4879|6696|7040|7078|9518|27295|50507|56670|79901,ACVR1|APOE|BMP6|CBS|ENTPD1|CP|DES|EPAS1|EPHB2|FTH1|FTL|SMAD6|NPPB|SPP1|TGFB1|TIMP3|GDF15|PDLIM3|NOX4|SUCNR1|CYBRD1,-3.7,0
1,-5.1,C0023531,M1,1,0,DisGeNET,35,Leukoplakia,,-5.1,4.4,6,30293,102,871,13,1.5,0.41,1028|1282|1674|2263|2670|4313|4322|4753|4851|7040|8076|10630|150094,CDKN1C|COL4A1|DES|FGFR2|GFAP|MMP2|MMP13|NELL2|NOTCH1|TGFB1|MFAP5|PDPN|SIK1,-3.7,0
1,-5.1,C0231807,M1,1,0,DisGeNET,35,Dyspnea on exertion,,-5.1,4.4,6,30293,102,871,13,1.5,0.41,21|59|1832|2627|4015|4629|4638|7026|7042|7043|7046|7048|8076,ABCA3|ACTA2|DSP|GATA6|LOX|MYH11|MYLK|NR2F2|TGFB2|TGFB3|TGFBR1|TGFBR2|MFAP5,-3.7,0
1,-5.1,C0012736,M1,1,0,DisGeNET,35,Dissecting aortic aneurysm,,-5.1,12,7.7,30293,18,871,6,0.69,0.28,59|3371|4015|4629|7042|7048,ACTA2|TNC|LOX|MYH11|TGFB2|TGFBR2,-3.7,0
1,-5.1,C0041105,M1,1,0,DisGeNET,35,Trismus,,-5.1,12,7.7,30293,18,871,6,0.69,0.28,1909|3977|7040|9244|26227|29968,EDNRA|LIFR|TGFB1|CRLF1|PHGDH|PSAT1,-3.7,0
1,-5.1,C0432284,M1,1,0,DisGeNET,35,Infantile myofibromatosis,,-5.1,12,7.7,30293,18,871,6,0.69,0.28,90|1674|4854|5066|6285|7431,ACVR1|DES|NOTCH3|PAM|S100B|VIM,-3.7,0
1,-5.1,C0333983,M1,1,0,DisGeNET,35,Hyperplastic Polyp,,-5.1,3.2,5.5,30293,204,871,19,2.2,0.49,320|570|652|1356|2048|3090|4288|4312|4313|5742|6423|6513|6928|7040|7431|8549|8600|9518|54894,APBA1|BAAT|BMP4|CP|EPHB2|HIC1|MKI67|MMP1|MMP2|PTGS1|SFRP2|SLC2A1|HNF1B|TGFB1|VIM|LGR5|TNFSF11|GDF15|RNF43,-3.7,0
1,-5.1,C0241908,M1,1,0,DisGeNET,35,"Hematuria, Benign Familial",,-5.1,16,8.5,30293,11,871,5,0.57,0.26,1285|1286|1287|1392|6387,COL4A3|COL4A4|COL4A5|CRH|CXCL12,-3.7,0
1,-5.1,C0857002,M1,1,0,DisGeNET,35,Scirrhous gastric carcinoma,,-5.1,16,8.5,30293,11,871,5,0.57,0.26,2252|2263|4312|7040|7076,FGF7|FGFR2|MMP1|TGFB1|TIMP1,-3.7,0
1,-5.1,C0264716,M1,1,0,DisGeNET,35,Chronic heart failure,,-5.1,3.1,5.5,30293,223,871,20,2.3,0.51,133|1191|1906|1909|1910|2697|3084|3315|3589|4015|4313|4879|5179|6285|6387|7040|7852|9518|57007|79924,ADM|CLU|EDN1|EDNRA|EDNRB|GJA1|NRG1|HSPB1|IL11|LOX|MMP2|NPPB|PENK|S100B|CXCL12|TGFB1|CXCR4|GDF15|ACKR3|ADM2,-3.7,0
1,-5.1,C0013069,M1,1,0,DisGeNET,35,Double Outlet Right Ventricle,,-5.1,6.5,6.6,30293,48,871,9,1,0.34,2263|2627|2719|4313|5077|6899|7026|7042|7547,FGFR2|GATA6|GPC3|MMP2|PAX3|TBX1|NR2F2|TGFB2|ZIC3,-3.7,0
1,-5.1,C0003492,M1,1,0,DisGeNET,35,Aortic coarctation,,-5.1,4.7,6,30293,88,871,12,1.4,0.39,182|701|1717|1906|2296|2627|4091|4313|4851|6899|7026|64220,JAG1|BUB1B|DHCR7|EDN1|FOXC1|GATA6|SMAD6|MMP2|NOTCH1|TBX1|NR2F2|STRA6,-3.7,0
1,-5.1,C0017075,M1,1,0,DisGeNET,35,Ganglioneuroma,,-5.1,4.7,6,30293,88,871,12,1.4,0.39,2668|2670|3090|4854|5176|5243|6285|6513|7057|10630|23462|23705,GDNF|GFAP|HIC1|NOTCH3|SERPINF1|ABCB1|S100B|SLC2A1|THBS1|PDPN|HEY1|CADM1,-3.7,0
1,-5.1,C0206743,M1,1,0,DisGeNET,35,Rhabdoid Tumor,,-5.1,4.4,5.9,30293,103,871,13,1.5,0.41,284|1028|1030|1264|2719|3856|4288|5054|6696|6876|7431|26047|92737,ANGPT1|CDKN1C|CDKN2B|CNN1|GPC3|KRT8|MKI67|SERPINE1|SPP1|TAGLN|VIM|CNTNAP2|DNER,-3.7,0
1,-5.1,C2900450,M1,1,0,DisGeNET,35,Other Creutzfeldt-Jakob disease,,-5.1,7.5,6.8,30293,37,871,8,0.92,0.32,348|652|653|1509|4747|5742|6285|11075,APOE|BMP4|BMP5|CTSD|NEFL|PTGS1|S100B|STMN2,-3.7,0
1,-5.1,C0265101,M1,1,0,DisGeNET,35,Carotid artery occlusion,,-5.1,5.2,6.2,30293,74,871,11,1.3,0.38,348|1509|1958|2066|2149|2308|2670|3084|4851|6513|10763,APOE|CTSD|EGR1|ERBB4|F2R|FOXO1|GFAP|NRG1|NOTCH1|SLC2A1|NES,-3.6,0
1,-5.1,C3554617,M1,1,0,DisGeNET,35,Adducted thumb,,-5.1,5.2,6.2,30293,74,871,11,1.3,0.38,58|1293|1910|2201|2668|3977|9244|10512|26227|50515|57211,ACTA1|COL6A3|EDNRB|FBN2|GDNF|LIFR|CRLF1|SEMA3C|PHGDH|CHST11|ADGRG6,-3.6,0
1,-5.1,C0008373,M1,1,0,DisGeNET,35,Cholesteatoma,,-5.1,3.9,5.7,30293,135,871,15,1.7,0.44,652|654|1509|1839|2066|2069|2138|2252|2706|4015|4313|5764|6696|7040|7076,BMP4|BMP6|CTSD|HBEGF|ERBB4|EREG|EYA1|FGF7|GJB2|LOX|MMP2|PTN|SPP1|TGFB1|TIMP1,-3.6,0
1,-5,C0014038,M1,1,0,DisGeNET,35,Encephalitis,,-5,2.7,5.2,30293,324,871,25,2.9,0.57,133|348|1501|1906|1958|2149|2668|2670|4133|4747|4908|5155|5243|5327|5806|6696|7076|7301|7412|10763|10981|26047|56896|64093|64129,ADM|APOE|CTNND2|EDN1|EGR1|F2R|GDNF|GFAP|MAP2|NEFL|NTF3|PDGFB|ABCB1|PLAT|PTX3|SPP1|TIMP1|TYRO3|VCAM1|NES|RAB32|CNTNAP2|DPYSL5|SMOC1|TINAGL1,-3.6,0
1,-5,C0152427,M1,1,0,DisGeNET,35,Polydactyly,,-5,3.3,5.5,30293,188,871,18,2.1,0.48,290|652|894|1717|2192|2263|2627|2719|5080|5307|6299|6926|7021|7040|7291|22943|64093|80144,ANPEP|BMP4|CCND2|DHCR7|FBLN1|FGFR2|GATA6|GPC3|PAX6|PITX1|SALL1|TBX3|TFAP2B|TGFB1|TWIST1|DKK1|SMOC1|FRAS1,-3.6,0
1,-5,C1850049,M1,1,0,DisGeNET,35,Clinodactyly of the 5th finger,,-5,2.8,5.3,30293,284,871,23,2.6,0.54,90|182|701|2263|2317|2334|2627|2697|2719|3090|5307|5648|6299|6492|6899|6913|7021|7291|10370|22808|63976|64093|253738,ACVR1|JAG1|BUB1B|FGFR2|FLNB|AFF2|GATA6|GJA1|GPC3|HIC1|PITX1|MASP1|SALL1|SIM1|TBX1|TBX15|TFAP2B|TWIST1|CITED2|MRAS|PRDM16|SMOC1|EBF3,-3.6,0
1,-5,C0150055,M1,1,0,DisGeNET,35,Chronic pain,,-5,3.2,5.4,30293,207,871,19,2.2,0.49,133|1268|1392|1808|1844|2069|2697|4908|5021|5179|5999|6387|6536|6657|6899|7042|7225|22808|56005,ADM|CNR1|CRH|DPYSL2|DUSP2|EREG|GJA1|NTF3|OXTR|PENK|RGS4|CXCL12|SLC6A9|SOX2|TBX1|TGFB2|TRPC6|MRAS|MYDGF,-3.6,0
1,-5,C0311335,M1,1,0,DisGeNET,35,Grand Mal Status Epilepticus,,-5,5.1,6.1,30293,75,871,11,1.3,0.38,288|1000|1268|1392|2668|3315|4879|4908|5243|6546|6751,ANK3|CDH2|CNR1|CRH|GDNF|HSPB1|NPPB|NTF3|ABCB1|SLC8A1|SSTR1,-3.6,0
1,-5,C0018790,M1,1,0,DisGeNET,35,Cardiac Arrest,,-5,2.5,5.1,30293,410,871,29,3.3,0.61,284|348|805|875|1832|1906|1978|2149|2670|3589|3708|4747|5318|5327|5742|6285|6319|6751|7046|7048|7057|7078|9518|9966|10371|23209|50507|51129|56005,ANGPT1|APOE|CALM2|CBS|DSP|EDN1|EIF4EBP1|F2R|GFAP|IL11|ITPR1|NEFL|PKP2|PLAT|PTGS1|S100B|SCD|SSTR1|TGFBR1|TGFBR2|THBS1|TIMP3|GDF15|TNFSF15|SEMA3A|MLC1|NOX4|ANGPTL4|MYDGF,-3.6,0
1,-5,C0009691,M1,1,0,DisGeNET,35,Congenital cataract,,-5,4.3,5.8,30293,105,871,13,1.5,0.41,652|1282|1287|2138|2706|4094|4627|5080|7040|7042|7431|7837|10216,BMP4|COL4A1|COL4A5|EYA1|GJB2|MAF|MYH9|PAX6|TGFB1|TGFB2|VIM|PXDN|PRG4,-3.6,0
1,-5,C0014868,M1,1,0,DisGeNET,35,Esophagitis,,-5,4.3,5.8,30293,105,871,13,1.5,0.41,1030|1906|2034|3554|4851|5742|6657|6925|7040|8038|22943|26227|27295,CDKN2B|EDN1|EPAS1|IL1R1|NOTCH1|PTGS1|SOX2|TCF4|TGFB1|ADAM12|DKK1|PHGDH|PDLIM3,-3.6,0
1,-5,C2713368,M1,1,0,DisGeNET,35,Hematopoetic Myelodysplasia,,-5,7.3,6.7,30293,38,871,8,0.92,0.32,861|1030|1612|1958|2624|4605|8877|55512,RUNX1|CDKN2B|DAPK1|EGR1|GATA2|MYBL2|SPHK1|SMPD3,-3.6,0
1,-5,C0008312,M1,1,0,DisGeNET,35,Primary biliary cirrhosis,,-5,2.3,5,30293,478,871,32,3.7,0.64,19|348|1490|2308|2615|3122|3672|3875|4015|4313|4322|4851|4921|5077|5155|5243|6387|6696|7040|7048|7052|7412|8600|9966|23225|27087|27295|57514|63027|63976|64399|79971,ABCA1|APOE|CCN2|FOXO1|LRRC32|HLA-DRA|ITGA1|KRT18|LOX|MMP2|MMP13|NOTCH1|DDR2|PAX3|PDGFB|ABCB1|CXCL12|SPP1|TGFB1|TGFBR2|TGM2|VCAM1|TNFSF11|TNFSF15|NUP210|B3GAT1|PDLIM3|ARHGAP31|SLC22A23|PRDM16|HHIP|WLS,-3.6,0
1,-5,C4520983,M1,1,0,DisGeNET,35,Congenital atresia of extrahepatic bile duct,,-5,3.4,5.5,30293,172,871,17,2,0.47,182|284|1490|2034|2048|2202|2627|2817|3486|4313|6696|6928|7040|7042|7076|7431|10625,JAG1|ANGPT1|CCN2|EPAS1|EPHB2|EFEMP1|GATA6|GPC1|IGFBP3|MMP2|SPP1|HNF1B|TGFB1|TGFB2|TIMP1|VIM|IVNS1ABP,-3.6,0
1,-5,C0013720,M1,1,0,DisGeNET,35,Ehlers-Danlos Syndrome,,-5,5,6.1,30293,76,871,11,1.3,0.38,59|165|715|1281|1282|1634|2668|6899|7046|7048|10371,ACTA2|AEBP1|C1R|COL3A1|COL4A1|DCN|GDNF|TBX1|TGFBR1|TGFBR2|SEMA3A,-3.5,0
1,-5,C1334177,M1,1,0,DisGeNET,35,Infiltrating Cervical Carcinoma,,-5,5,6.1,30293,76,871,11,1.3,0.38,1191|2066|4312|5178|6513|7040|7057|8840|10763|23541|23705,CLU|ERBB4|MMP1|PEG3|SLC2A1|TGFB1|THBS1|CCN4|NES|SEC14L2|CADM1,-3.5,0
1,-5,C0206648,M1,1,0,DisGeNET,35,Myofibromatosis,,-5,11,7.5,30293,19,871,6,0.69,0.28,90|1674|4854|5066|6285|7431,ACVR1|DES|NOTCH3|PAM|S100B|VIM,-3.5,0
1,-5,C0265699,M1,1,0,DisGeNET,35,Congenital hernia of foramen of Morgagni,,-5,11,7.5,30293,19,871,6,0.69,0.28,1490|1674|2294|5292|7481|158326,CCN2|DES|FOXF1|PIM1|WNT11|FREM1,-3.5,0
1,-5,C2720436,M1,1,0,DisGeNET,35,Fibrosis of pleura,,-5,11,7.5,30293,19,871,6,0.69,0.28,655|1906|2149|5054|7040|83716,BMP7|EDN1|F2R|SERPINE1|TGFB1|CRISPLD2,-3.5,0
1,-5,C1853242,M1,1,0,DisGeNET,35,Midface retrusion,,-5,3.1,5.3,30293,228,871,20,2.3,0.51,547|652|701|1028|2263|2296|2317|3977|4036|4094|4256|4921|6899|7291|7545|8425|9758|22808|63976|79633,KIF1A|BMP4|BUB1B|CDKN1C|FGFR2|FOXC1|FLNB|LIFR|LRP2|MAF|MGP|DDR2|TBX1|TWIST1|ZIC1|LTBP4|FRMPD4|MRAS|PRDM16|FAT4,-3.5,0
1,-5,C0026691,M1,1,0,DisGeNET,35,Mucocutaneous Lymph Node Syndrome,,-5,2.5,5.1,30293,370,871,27,3.1,0.59,133|182|284|1490|1993|2048|2321|3371|3554|4091|4313|4320|4322|5054|5806|6444|6546|7040|7042|7048|7076|7412|51816|56005|266727|375033|100133941,ADM|JAG1|ANGPT1|CCN2|ELAVL2|EPHB2|FLT1|TNC|IL1R1|SMAD6|MMP2|MMP11|MMP13|SERPINE1|PTX3|SGCD|SLC8A1|TGFB1|TGFB2|TGFBR2|TIMP1|VCAM1|ADA2|MYDGF|MDGA1|PEAR1|CD24,-3.5,0
1,-5,C0220605,M1,1,0,DisGeNET,35,Adult Non-Hodgkin Lymphoma,,-5,2.5,5.1,30293,370,871,27,3.1,0.59,290|710|805|894|1030|1545|1604|2308|3090|3887|4312|4313|5156|5243|5292|5362|5783|6387|7040|7076|7301|7852|8038|29968|55655|79971|84433,ANPEP|SERPING1|CALM2|CCND2|CDKN2B|CYP1B1|CD55|FOXO1|HIC1|KRT81|MMP1|MMP2|PDGFRA|ABCB1|PIM1|PLXNA2|PTPN13|CXCL12|TGFB1|TIMP1|TYRO3|CXCR4|ADAM12|PSAT1|NLRP2|WLS|CARD11,-3.5,0
1,-5,C0265264,M1,1,0,DisGeNET,35,Holt-Oram syndrome,,-5,8.7,7,30293,28,871,7,0.8,0.3,652|4233|6899|6926|7021|7042|64093,BMP4|MET|TBX1|TBX3|TFAP2B|TGFB2|SMOC1,-3.5,0
1,-5,C0280788,M1,1,0,DisGeNET,35,Anaplastic Ependymoma,,-5,8.7,7,30293,28,871,7,0.8,0.3,2048|2668|3371|3486|4851|7078|9368,EPHB2|GDNF|TNC|IGFBP3|NOTCH1|TIMP3|NHERF1,-3.5,0
1,-5,C0280793,M1,1,0,DisGeNET,35,Mixed Oligodendroglioma-Astrocytoma,,-5,8.7,7,30293,28,871,7,0.8,0.3,2668|2670|3485|4288|7076|10763|23462,GDNF|GFAP|IGFBP2|MKI67|TIMP1|NES|HEY1,-3.5,0
1,-5,C1861537,M1,1,0,DisGeNET,35,OROFACIAL CLEFT 1,,-5,8.7,7,30293,28,871,7,0.8,0.3,652|875|1906|1910|2138|4627|9411,BMP4|CBS|EDN1|EDNRB|EYA1|MYH9|ARHGAP29,-3.5,0
1,-5,C0234238,M1,1,0,DisGeNET,35,Ache,,-5,6.3,6.4,30293,50,871,9,1,0.34,133|1268|1392|1906|3084|3231|4879|5179|5243,ADM|CNR1|CRH|EDN1|NRG1|HOXD1|NPPB|PENK|ABCB1,-3.5,0
1,-5,C0458257,M1,1,0,DisGeNET,35,"Pain, Splitting",,-5,6.3,6.4,30293,50,871,9,1,0.34,133|1268|1392|1906|3084|3231|4879|5179|5243,ADM|CNR1|CRH|EDN1|NRG1|HOXD1|NPPB|PENK|ABCB1,-3.5,0
1,-5,C0458259,M1,1,0,DisGeNET,35,"Pain, Crushing",,-5,6.3,6.4,30293,50,871,9,1,0.34,133|1268|1392|1906|3084|3231|4879|5179|5243,ADM|CNR1|CRH|EDN1|NRG1|HOXD1|NPPB|PENK|ABCB1,-3.5,0
1,-5,C0751407,M1,1,0,DisGeNET,35,"Pain, Migratory",,-5,6.3,6.4,30293,50,871,9,1,0.34,133|1268|1392|1906|3084|3231|4879|5179|5243,ADM|CNR1|CRH|EDN1|NRG1|HOXD1|NPPB|PENK|ABCB1,-3.5,0
1,-5,C0751408,M1,1,0,DisGeNET,35,"Suffering, Physical",,-5,6.3,6.4,30293,50,871,9,1,0.34,133|1268|1392|1906|3084|3231|4879|5179|5243,ADM|CNR1|CRH|EDN1|NRG1|HOXD1|NPPB|PENK|ABCB1,-3.5,0
1,-4.9,C0005744,M1,1,0,DisGeNET,35,Blepharophimosis,,-4.9,4.3,5.8,30293,106,871,13,1.5,0.41,2697|5077|5648|6299|6899|6913|6928|10082|64093|64220|79633|84107|84570,GJA1|PAX3|MASP1|SALL1|TBX1|TBX15|HNF1B|GPC6|SMOC1|STRA6|FAT4|ZIC4|COL25A1,-3.5,0
1,-4.9,C1280433,M1,1,0,DisGeNET,35,Lipoatrophy,,-4.9,4.3,5.8,30293,106,871,13,1.5,0.41,70|348|1281|1674|1734|3910|6444|7112|7134|9229|27063|63976|79827,ACTC1|APOE|COL3A1|DES|DIO2|LAMA4|SGCD|TMPO|TNNC1|DLGAP1|ANKRD1|PRDM16|CLMP,-3.5,0
1,-4.9,C2676033,M1,1,0,DisGeNET,35,Hepatoblastoma Caused By Somatic Mutation,,-4.9,4.3,5.8,30293,106,871,13,1.5,0.41,19|1902|2022|2495|2706|2719|4233|5243|5328|7048|10628|23705|55075,ABCA1|LPAR1|ENG|FTH1|GJB2|GPC3|MET|ABCB1|PLAU|TGFBR2|TXNIP|CADM1|UACA,-3.5,0
1,-4.9,C0220612,M1,1,0,DisGeNET,35,Childhood Non-Hodgkin Lymphoma,,-4.9,2.5,5.1,30293,371,871,27,3.1,0.59,290|710|805|894|1030|1545|1604|2308|3090|3887|4312|4313|5156|5243|5292|5362|5783|6387|7040|7076|7301|7852|8038|29968|55655|79971|84433,ANPEP|SERPING1|CALM2|CCND2|CDKN2B|CYP1B1|CD55|FOXO1|HIC1|KRT81|MMP1|MMP2|PDGFRA|ABCB1|PIM1|PLXNA2|PTPN13|CXCL12|TGFB1|TIMP1|TYRO3|CXCR4|ADAM12|PSAT1|NLRP2|WLS|CARD11,-3.5,0
1,-4.9,C0751495,M1,1,0,DisGeNET,35,"Seizures, Focal",,-4.9,3.1,5.4,30293,210,871,19,2.2,0.49,348|1191|1268|1392|1501|1759|3977|5066|5155|5243|6285|6513|6529|6546|6925|8492|23209|26047|27286,APOE|CLU|CNR1|CRH|CTNND2|DNM1|LIFR|PAM|PDGFB|ABCB1|S100B|SLC2A1|SLC6A1|SLC8A1|TCF4|PRSS12|MLC1|CNTNAP2|SRPX2,-3.5,0
1,-4.9,C0521525,M1,1,0,DisGeNET,35,Short neck,,-4.9,2.8,5.2,30293,288,871,23,2.6,0.54,58|165|701|1293|1501|1717|2201|2263|2273|2317|2719|3977|4854|6513|6899|6913|6925|9037|9244|10082|26227|29968|84570,ACTA1|AEBP1|BUB1B|COL6A3|CTNND2|DHCR7|FBN2|FGFR2|FHL1|FLNB|GPC3|LIFR|NOTCH3|SLC2A1|TBX1|TBX15|TCF4|SEMA5A|CRLF1|GPC6|PHGDH|PSAT1|COL25A1,-3.5,0
1,-4.9,C0034543,M1,1,0,DisGeNET,35,Radicular Cyst,,-4.9,5.5,6.2,30293,63,871,10,1.1,0.36,3315|4312|4313|4322|6696|7040|7076|10630|27087|56005,HSPB1|MMP1|MMP2|MMP13|SPP1|TGFB1|TIMP1|PDPN|B3GAT1|MYDGF,-3.5,0
1,-4.9,C0266292,M1,1,0,DisGeNET,35,Congenital anomaly of the kidney,,-4.9,5.5,6.2,30293,63,871,10,1.1,0.36,1910|2138|2627|2668|3075|4854|6591|6657|6928|158326,EDNRB|EYA1|GATA6|GDNF|CFH|NOTCH3|SNAI2|SOX2|HNF1B|FREM1,-3.5,0
1,-4.9,C0038580,M1,1,0,DisGeNET,35,Substance Dependence,,-4.9,3.6,5.5,30293,156,871,16,1.8,0.46,1268|2149|2917|3084|3899|3983|5179|6581|9369|9547|22998|27146|80206|81035|84570|143503,CNR1|F2R|GRM7|NRG1|AFF3|ABLIM1|PENK|SLC22A3|NRXN3|CXCL14|LIMCH1|FAM184B|FHOD3|COLEC12|COL25A1|OR51E1,-3.5,0
1,-4.9,C0009952,M1,1,0,DisGeNET,35,Febrile Convulsions,,-4.9,3.3,5.4,30293,192,871,18,2.1,0.48,348|794|1268|1392|2258|3554|3736|5243|6513|6529|6657|7040|7076|27286|80243|90161|124925|150094,APOE|CALB2|CNR1|CRH|FGF13|IL1R1|KCNA1|ABCB1|SLC2A1|SLC6A1|SOX2|TGFB1|TIMP1|SRPX2|PREX2|HS6ST2|SEZ6|SIK1,-3.5,0
1,-4.9,C0162739,M1,1,0,DisGeNET,35,HELLP Syndrome,,-4.9,5,6,30293,77,871,11,1.3,0.38,133|1028|1356|2022|2321|3075|5054|5270|7043|7162|7980,ADM|CDKN1C|CP|ENG|FLT1|CFH|SERPINE1|SERPINE2|TGFB3|TPBG|TFPI2,-3.5,0
1,-4.9,C1839364,M1,1,0,DisGeNET,35,Progressive visual loss,,-4.9,5,6,30293,77,871,11,1.3,0.38,348|1294|1634|2706|3075|4036|4312|5961|10878|64072|92211,APOE|COL7A1|DCN|GJB2|CFH|LRP2|MMP1|PRPH2|CFHR3|CDH23|CDHR1,-3.5,0
1,-4.9,C0149871,M1,1,0,DisGeNET,35,Deep Vein Thrombosis,,-4.9,3,5.3,30293,230,871,20,2.3,0.51,348|875|953|1906|2244|2621|4312|4313|4627|5054|5176|5243|5327|5328|6513|6696|7412|8600|90139|92737,APOE|CBS|ENTPD1|EDN1|FGB|GAS6|MMP1|MMP2|MYH9|SERPINE1|SERPINF1|ABCB1|PLAT|PLAU|SLC2A1|SPP1|VCAM1|TNFSF11|TSPAN18|DNER,-3.5,0
1,-4.9,C0205769,M1,1,0,DisGeNET,35,Myxopapillary ependymoma,,-4.9,14,8,30293,12,871,5,0.57,0.26,2048|2668|4747|5156|9368,EPHB2|GDNF|NEFL|PDGFRA|NHERF1,-3.5,0
1,-4.9,C0393574,M1,1,0,DisGeNET,35,"Huntington Disease, Late Onset",,-4.9,14,8,30293,12,871,5,0.57,0.26,1268|1827|2030|2668|4129,CNR1|RCAN1|SLC29A1|GDNF|MAOB,-3.5,0
1,-4.9,C0751207,M1,1,0,DisGeNET,35,Akinetic-Rigid Variant of Huntington Disease,,-4.9,14,8,30293,12,871,5,0.57,0.26,1268|1827|2030|2668|4129,CNR1|RCAN1|SLC29A1|GDNF|MAOB,-3.5,0
1,-4.9,C0751208,M1,1,0,DisGeNET,35,Juvenile Huntington Disease,,-4.9,14,8,30293,12,871,5,0.57,0.26,1268|1827|2030|2668|4129,CNR1|RCAN1|SLC29A1|GDNF|MAOB,-3.5,0
1,-4.9,C4534309,M1,1,0,DisGeNET,35,Acute lung injury/Acute respiratory distress syndrome (ARDS),,-4.9,14,8,30293,12,871,5,0.57,0.26,1903|1906|2252|4638|8877,S1PR3|EDN1|FGF7|MYLK|SPHK1,-3.5,0
1,-4.9,C0280781,M1,1,0,DisGeNET,35,Adult Pilocytic Astrocytoma,,-4.9,4.5,5.8,30293,92,871,12,1.4,0.39,133|2048|2066|2173|2321|2670|4147|4288|5243|6285|6657|168002,ADM|EPHB2|ERBB4|FABP7|FLT1|GFAP|MATN2|MKI67|ABCB1|S100B|SOX2|DACT2,-3.5,0
1,-4.9,C4277682,M1,1,0,DisGeNET,35,Chemical and Drug Induced Liver Injury,,-4.9,2.3,5,30293,461,871,31,3.6,0.63,348|710|1191|1281|1356|2022|2321|2512|3075|3589|3708|3856|3875|4313|4851|5243|5327|5789|6696|6783|7026|7046|7373|7431|8407|10611|11031|50507|81285|151887|160428,APOE|SERPING1|CLU|COL3A1|CP|ENG|FLT1|FTL|CFH|IL11|ITPR1|KRT8|KRT18|MMP2|NOTCH1|ABCB1|PLAT|PTPRD|SPP1|SULT1E1|NR2F2|TGFBR1|COL14A1|VIM|TAGLN2|PDLIM5|RAB31|NOX4|OR51E2|CCDC80|ALDH1L2,-3.5,0
1,-4.9,C0279986,M1,1,0,DisGeNET,35,Childhood Leiomyosarcoma,,-4.9,3.7,5.6,30293,140,871,15,1.7,0.44,1000|1674|2030|3554|4233|4638|5054|5155|5156|6591|7145|7301|7431|10123|23089,CDH2|DES|SLC29A1|IL1R1|MET|MYLK|SERPINE1|PDGFB|PDGFRA|SNAI2|TNS1|TYRO3|VIM|ARL4C|PEG10,-3.5,0
1,-4.9,C0085612,M1,1,0,DisGeNET,35,Ventricular arrhythmia,,-4.9,3.4,5.4,30293,175,871,17,2,0.47,1832|1906|2048|2149|2697|3084|4233|4879|5142|5318|6319|7040|7043|7048|10371|64072|79924,DSP|EDN1|EPHB2|F2R|GJA1|NRG1|MET|NPPB|PDE4B|PKP2|SCD|TGFB1|TGFB3|TGFBR2|SEMA3A|CDH23|ADM2,-3.5,0
1,-4.9,C0234254,M1,1,0,DisGeNET,35,Radiating pain,,-4.9,6.1,6.3,30293,51,871,9,1,0.34,133|1268|1392|1906|3084|3231|4879|5179|5243,ADM|CNR1|CRH|EDN1|NRG1|HOXD1|NPPB|PENK|ABCB1,-3.5,0
1,-4.9,C0036631,M1,1,0,DisGeNET,35,Seminoma,,-4.9,2.7,5.1,30293,311,871,24,2.8,0.55,90|794|894|1030|1191|1612|1958|1993|2308|2668|2697|4233|5054|5055|5156|5328|5783|6387|6518|6581|6657|7980|10630|79192,ACVR1|CALB2|CCND2|CDKN2B|CLU|DAPK1|EGR1|ELAVL2|FOXO1|GDNF|GJA1|MET|SERPINE1|SERPINB2|PDGFRA|PLAU|PTPN13|CXCL12|SLC2A5|SLC22A3|SOX2|TFPI2|PDPN|IRX1,-3.5,0
1,-4.9,C0403592,M1,1,0,DisGeNET,35,Chronic rejection of renal transplant,,-4.9,5.4,6.1,30293,64,871,10,1.1,0.36,1191|1490|2149|2263|5054|5155|5156|6387|7040|7431,CLU|CCN2|F2R|FGFR2|SERPINE1|PDGFB|PDGFRA|CXCL12|TGFB1|VIM,-3.5,0
1,-4.9,C0010823,M1,1,0,DisGeNET,35,Cytomegalovirus Infections,,-4.9,2.3,5,30293,462,871,31,3.6,0.63,290|320|348|928|953|1759|1909|2624|2670|2697|2706|3589|4036|4312|4741|5083|5156|5806|6387|6657|7040|7057|7412|7431|7852|9518|10763|23263|27087|56670|57007,ANPEP|APBA1|APOE|CD9|ENTPD1|DNM1|EDNRA|GATA2|GFAP|GJA1|GJB2|IL11|LRP2|MMP1|NEFM|PAX9|PDGFRA|PTX3|CXCL12|SOX2|TGFB1|THBS1|VCAM1|VIM|CXCR4|GDF15|NES|MCF2L|B3GAT1|SUCNR1|ACKR3,-3.5,0
1,-4.9,C0237123,M1,1,0,DisGeNET,35,Alcohol or Other Drugs use,,-4.9,4.2,5.7,30293,108,871,13,1.5,0.41,150|348|652|805|2697|3084|4851|4969|5021|5142|5243|10580|26585,ADRA2A|APOE|BMP4|CALM2|GJA1|NRG1|NOTCH1|OGN|OXTR|PDE4B|ABCB1|SORBS1|GREM1,-3.5,0
1,-4.8,C0038868,M1,1,0,DisGeNET,35,Progressive supranuclear palsy,,-4.8,3.4,5.4,30293,176,871,17,2,0.47,348|875|1191|2066|2670|3084|4129|4747|5362|6696|7040|7052|7852|9627|29968|51400|55638,APOE|CBS|CLU|ERBB4|GFAP|NRG1|MAOB|NEFL|PLXNA2|SPP1|TGFB1|TGM2|CXCR4|SNCAIP|PSAT1|PPME1|SYBU,-3.4,0
1,-4.8,C0278607,M1,1,0,DisGeNET,35,Adult Leiomyosarcoma,,-4.8,3.7,5.5,30293,141,871,15,1.7,0.44,1000|1674|2030|3554|4233|4638|5054|5155|5156|6591|7145|7301|7431|10123|23089,CDH2|DES|SLC29A1|IL1R1|MET|MYLK|SERPINE1|PDGFB|PDGFRA|SNAI2|TNS1|TYRO3|VIM|ARL4C|PEG10,-3.4,0
1,-4.8,C1843013,M1,1,0,DisGeNET,35,"Alzheimer disease, familial, type 3",,-4.8,3.1,5.3,30293,213,871,19,2.2,0.49,19|348|1191|1281|1490|3084|4233|4747|6513|6696|7040|7048|7412|7852|7980|22943|54541|151449|374897,ABCA1|APOE|CLU|COL3A1|CCN2|NRG1|MET|NEFL|SLC2A1|SPP1|TGFB1|TGFBR2|VCAM1|CXCR4|TFPI2|DKK1|DDIT4|GDF7|SBSN,-3.4,0
1,-4.8,C0034065,M1,1,0,DisGeNET,35,Pulmonary Embolism,,-4.8,4.5,5.8,30293,93,871,12,1.4,0.39,875|1490|1604|1906|2022|2244|4313|4879|5327|5328|5354|7412,CBS|CCN2|CD55|EDN1|ENG|FGB|MMP2|NPPB|PLAT|PLAU|PLP1|VCAM1,-3.4,0
1,-4.8,C0242488,M1,1,0,DisGeNET,35,Acute Lung Injury,,-4.8,4.5,5.8,30293,93,871,12,1.4,0.39,90|150|1906|2321|2697|4313|4638|5054|5328|7040|7130|9590,ACVR1|ADRA2A|EDN1|FLT1|GJA1|MMP2|MYLK|SERPINE1|PLAU|TGFB1|TNFAIP6|AKAP12,-3.4,0
1,-4.8,C2931672,M1,1,0,DisGeNET,35,"Cerebral hemorrhage with amyloidosis, hereditary, Dutch type",,-4.8,10,7.3,30293,20,871,6,0.69,0.28,348|4854|5176|7040|7048|8553,APOE|NOTCH3|SERPINF1|TGFB1|TGFBR2|BHLHE40,-3.4,0
1,-4.8,C4703473,M1,1,0,DisGeNET,35,Atherosclerotic lesion,,-4.8,2.9,5.2,30293,253,871,21,2.4,0.52,19|284|348|1306|1958|2149|2621|3075|3315|4312|4313|4638|5806|6387|6513|6657|7046|7048|7412|10216|10628,ABCA1|ANGPT1|APOE|COL15A1|EGR1|F2R|GAS6|CFH|HSPB1|MMP1|MMP2|MYLK|PTX3|CXCL12|SLC2A1|SOX2|TGFBR1|TGFBR2|VCAM1|PRG4|TXNIP,-3.4,0
1,-4.8,C0006625,M1,1,0,DisGeNET,35,Cachexia,,-4.8,2.8,5.1,30293,273,871,22,2.5,0.53,290|1004|1293|1392|1958|1978|3490|3624|3976|5142|5178|6696|7040|7076|7291|9518|10468|23677|51129|92737|114907|140885,ANPEP|CDH6|COL6A3|CRH|EGR1|EIF4EBP1|IGFBP7|INHBA|LIF|PDE4B|PEG3|SPP1|TGFB1|TIMP1|TWIST1|GDF15|FST|SH3BP4|ANGPTL4|DNER|FBXO32|SIRPA,-3.4,0
1,-4.8,C0018824,M1,1,0,DisGeNET,35,Heart valve disease,,-4.8,4.8,5.9,30293,79,871,11,1.3,0.38,348|2589|3371|3554|4851|5307|6696|7040|7076|9719|10611,APOE|GALNT1|TNC|IL1R1|NOTCH1|PITX1|SPP1|TGFB1|TIMP1|ADAMTSL2|PDLIM5,-3.4,0
1,-4.8,C0042025,M1,1,0,DisGeNET,35,Urinary Stress Incontinence,,-4.8,4.8,5.9,30293,79,871,11,1.3,0.38,1634|2201|4052|4053|4233|4312|4313|7040|7076|7078|117581,DCN|FBN2|LTBP1|LTBP2|MET|MMP1|MMP2|TGFB1|TIMP1|TIMP3|TWIST2,-3.4,0
1,-4.8,C0007140,M1,1,0,DisGeNET,35,Carcinosarcoma,,-4.8,4.4,5.7,30293,94,871,12,1.4,0.39,2149|2263|4233|4288|4313|5156|6285|7040|7046|7431|23705|50507,F2R|FGFR2|MET|MKI67|MMP2|PDGFRA|S100B|TGFB1|TGFBR1|VIM|CADM1|NOX4,-3.4,0
1,-4.8,C0686347,M1,1,0,DisGeNET,35,Tardive Dyskinesia,,-4.8,4.4,5.7,30293,94,871,12,1.4,0.39,348|1268|2066|2149|2567|2668|3084|4036|4129|5142|5243|23263,APOE|CNR1|ERBB4|F2R|GABRG3|GDNF|NRG1|LRP2|MAOB|PDE4B|ABCB1|MCF2L,-3.4,0
1,-4.8,C3714760,M1,1,0,DisGeNET,35,Drug-induced tardive dyskinesia,,-4.8,4.4,5.7,30293,94,871,12,1.4,0.39,348|1268|2066|2149|2567|2668|3084|4036|4129|5142|5243|23263,APOE|CNR1|ERBB4|F2R|GABRG3|GDNF|NRG1|LRP2|MAOB|PDE4B|ABCB1|MCF2L,-3.4,0
1,-4.8,C0087169,M1,1,0,DisGeNET,35,Withdrawal Symptoms,,-4.8,3.9,5.5,30293,126,871,14,1.6,0.43,150|805|1268|1392|1909|2670|2890|5243|6423|6529|6869|7364|57007|57537,ADRA2A|CALM2|CNR1|CRH|EDNRA|GFAP|GRIA1|ABCB1|SFRP2|SLC6A1|TACR1|UGT2B7|ACKR3|SORCS2,-3.4,0
1,-4.8,C1609433,M1,1,0,DisGeNET,35,Congenital absence of kidneys syndrome,,-4.8,4.1,5.6,30293,110,871,13,1.5,0.41,1717|2138|2263|2619|2668|6928|7547|10371|26227|54756|80000|80144|158326,DHCR7|EYA1|FGFR2|GAS1|GDNF|HNF1B|ZIC3|SEMA3A|PHGDH|IL17RD|GREB1L|FRAS1|FREM1,-3.4,0
1,-4.8,C0007194,M1,1,0,DisGeNET,35,Hypertrophic Cardiomyopathy,,-4.8,2.2,4.8,30293,559,871,35,4,0.67,58|59|70|133|1282|1674|1827|1832|1906|1993|2048|2273|2697|3315|3486|3491|4060|4313|4638|4879|5318|6319|6444|6783|7040|7112|7134|9518|10611|22808|27063|27295|55638|80206|103910,ACTA1|ACTA2|ACTC1|ADM|COL4A1|DES|RCAN1|DSP|EDN1|ELAVL2|EPHB2|FHL1|GJA1|HSPB1|IGFBP3|CCN1|LUM|MMP2|MYLK|NPPB|PKP2|SCD|SGCD|SULT1E1|TGFB1|TMPO|TNNC1|GDF15|PDLIM5|MRAS|ANKRD1|PDLIM3|SYBU|FHOD3|MYL12B,-3.4,0
1,-4.8,C0080178,M1,1,0,DisGeNET,35,Spina Bifida,,-4.8,3.3,5.3,30293,179,871,17,2,0.47,348|649|652|875|2043|2263|4313|4837|5077|5156|6513|7040|7545|8029|26227|29968|166336,APOE|BMP1|BMP4|CBS|EPHA4|FGFR2|MMP2|NNMT|PAX3|PDGFRA|SLC2A1|TGFB1|ZIC1|CUBN|PHGDH|PSAT1|PRICKLE2,-3.4,0
1,-4.7,C0860207,M1,1,0,DisGeNET,35,Drug-Induced Liver Disease,,-4.7,2.2,4.8,30293,537,871,34,3.9,0.66,348|570|710|1191|1281|1356|2321|2512|3075|3589|3708|3856|3875|4313|4851|5243|5327|5362|6285|6696|6783|7026|7040|7046|7048|7364|7373|7431|8407|10611|50507|81285|151887|160428,APOE|BAAT|SERPING1|CLU|COL3A1|CP|FLT1|FTL|CFH|IL11|ITPR1|KRT8|KRT18|MMP2|NOTCH1|ABCB1|PLAT|PLXNA2|S100B|SPP1|SULT1E1|NR2F2|TGFB1|TGFBR1|TGFBR2|UGT2B7|COL14A1|VIM|TAGLN2|PDLIM5|NOX4|OR51E2|CCDC80|ALDH1L2,-3.4,0
1,-4.7,C0151846,M1,1,0,DisGeNET,35,Periosteal Disorder,,-4.7,4.8,5.8,30293,80,871,11,1.3,0.38,654|2258|2263|3371|4312|4313|6387|7040|7076|27295|54829,BMP6|FGF13|FGFR2|TNC|MMP1|MMP2|CXCL12|TGFB1|TIMP1|PDLIM3|ASPN,-3.4,0
1,-4.7,C1568272,M1,1,0,DisGeNET,35,Tendinopathy,,-4.7,4.8,5.8,30293,80,871,11,1.3,0.38,652|654|1634|3371|4312|4313|4322|5740|6696|50507|151449,BMP4|BMP6|DCN|TNC|MMP1|MMP2|MMP13|PTGIS|SPP1|NOX4|GDF7,-3.4,0
1,-4.7,C0011991,M1,1,0,DisGeNET,35,Diarrhea,,-4.7,2.1,4.8,30293,631,871,38,4.4,0.69,284|348|710|715|1030|1392|1604|1674|1832|1909|1910|2321|2668|3075|3589|3856|4883|4948|5054|5055|5122|5243|5307|5792|6513|6696|7040|7052|7057|7364|7547|8128|9368|10100|10512|10878|57007|57124,ANGPT1|APOE|SERPING1|C1R|CDKN2B|CRH|CD55|DES|DSP|EDNRA|EDNRB|FLT1|GDNF|CFH|IL11|KRT8|NPR3|OCA2|SERPINE1|SERPINB2|PCSK1|ABCB1|PITX1|PTPRF|SLC2A1|SPP1|TGFB1|TGM2|THBS1|UGT2B7|ZIC3|ST8SIA2|NHERF1|TSPAN2|SEMA3C|CFHR3|ACKR3|CD248,-3.4,0
1,-4.7,C0740404,M1,1,0,DisGeNET,35,Limb defects,,-4.7,5.3,6,30293,66,871,10,1.1,0.36,2697|3315|4281|4851|5125|6926|7021|7291|22943|57514,GJA1|HSPB1|MID1|NOTCH1|PCSK5|TBX3|TFAP2B|TWIST1|DKK1|ARHGAP31,-3.4,0
1,-4.7,C2981140,M1,1,0,DisGeNET,35,Glaucoma of childhood,,-4.7,8.1,6.7,30293,30,871,7,0.8,0.3,1545|2296|2697|4053|5080|5362|7837,CYP1B1|FOXC1|GJA1|LTBP2|PAX6|PLXNA2|PXDN,-3.4,0
1,-4.7,C0040021,M1,1,0,DisGeNET,35,Thromboangiitis Obliterans,,-4.7,3.8,5.5,30293,127,871,14,1.6,0.43,59|182|652|1906|2321|4015|4288|4851|5054|5806|7040|7042|7412|54437,ACTA2|JAG1|BMP4|EDN1|FLT1|LOX|MKI67|NOTCH1|SERPINE1|PTX3|TGFB1|TGFB2|VCAM1|SEMA5B,-3.3,0
1,-4.7,C0017178,M1,1,0,DisGeNET,35,Gastrointestinal Diseases,,-4.7,3.6,5.4,30293,144,871,15,1.7,0.44,710|1268|1906|2294|2668|4638|4883|5122|5156|5243|6285|6546|7040|7048|7052,SERPING1|CNR1|EDN1|FOXF1|GDNF|MYLK|NPR3|PCSK1|PDGFRA|ABCB1|S100B|SLC8A1|TGFB1|TGFBR2|TGM2,-3.3,0
1,-4.7,C0023532,M1,1,0,DisGeNET,35,"Leukoplakia, Oral",,-4.7,3.6,5.4,30293,144,871,15,1.7,0.44,1030|1545|2706|4233|4313|4851|6387|6657|7040|7431|10630|57007|133584|140885|150094,CDKN2B|CYP1B1|GJB2|MET|MMP2|NOTCH1|CXCL12|SOX2|TGFB1|VIM|PDPN|ACKR3|EGFLAM|SIRPA|SIK1,-3.3,0
1,-4.7,C0018991,M1,1,0,DisGeNET,35,Hemiplegia,,-4.7,6.8,6.4,30293,41,871,8,0.92,0.32,715|1282|1284|4854|6507|6513|6696|51816,C1R|COL4A1|COL4A2|NOTCH3|SLC1A3|SLC2A1|SPP1|ADA2,-3.3,0
1,-4.7,C0031029,M1,1,0,DisGeNET,35,Periapical Granuloma,,-4.7,6.8,6.4,30293,41,871,8,0.92,0.32,3315|4312|4313|4322|7040|8600|10630|27087,HSPB1|MMP1|MMP2|MMP13|TGFB1|TNFSF11|PDPN|B3GAT1,-3.3,0
1,-4.7,C0750979,M1,1,0,DisGeNET,35,Primary malignant neoplasm of brain,,-4.7,6.8,6.4,30293,41,871,8,0.92,0.32,1612|2697|5243|6285|6657|6696|7048|7052,DAPK1|GJA1|ABCB1|S100B|SOX2|SPP1|TGFBR2|TGM2,-3.3,0
1,-4.7,C4688007,M1,1,0,DisGeNET,35,Platinum-Resistant Ovarian Carcinoma,,-4.7,6.8,6.4,30293,41,871,8,0.92,0.32,182|875|2048|2308|3589|7040|7075|9518,JAG1|CBS|EPHB2|FOXO1|IL11|TGFB1|TIE1|GDF15,-3.3,0
1,-4.7,C0026267,M1,1,0,DisGeNET,35,Mitral Valve Prolapse Syndrome,,-4.7,4.1,5.6,30293,111,871,13,1.5,0.41,165|652|875|1281|2201|4313|5328|6319|7040|7042|7046|7048|29995,AEBP1|BMP4|CBS|COL3A1|FBN2|MMP2|PLAU|SCD|TGFB1|TGFB2|TGFBR1|TGFBR2|LMCD1,-3.3,0
1,-4.7,C0018923,M1,1,0,DisGeNET,35,Hemangiosarcoma,,-4.7,3.4,5.3,30293,162,871,16,1.8,0.46,1490|1634|2022|2030|2321|4233|4312|4851|5054|6285|6423|6513|6520|7057|7075|8140,CCN2|DCN|ENG|SLC29A1|FLT1|MET|MMP1|NOTCH1|SERPINE1|S100B|SFRP2|SLC2A1|SLC3A2|THBS1|TIE1|SLC7A5,-3.3,0
1,-4.7,C0027498,M1,1,0,DisGeNET,35,Nausea and vomiting,,-4.7,2.8,5.1,30293,257,871,21,2.4,0.52,1268|1490|1910|2043|2066|2624|2668|3490|4629|4638|5142|5155|5156|5243|6507|6869|7048|7547|9518|10512|27087,CNR1|CCN2|EDNRB|EPHA4|ERBB4|GATA2|GDNF|IGFBP7|MYH11|MYLK|PDE4B|PDGFB|PDGFRA|ABCB1|SLC1A3|TACR1|TGFBR2|ZIC3|GDF15|SEMA3C|B3GAT1,-3.3,0
1,-4.7,C0079588,M1,1,0,DisGeNET,35,"Ichthyosis, X-Linked",,-4.7,3.1,5.2,30293,199,871,18,2.1,0.48,1294|1464|2034|2048|3075|3315|3912|4288|4313|5054|5156|5243|6696|7040|7076|7431|8549|9846,COL7A1|CSPG4|EPAS1|EPHB2|CFH|HSPB1|LAMB1|MKI67|MMP2|SERPINE1|PDGFRA|ABCB1|SPP1|TGFB1|TIMP1|VIM|LGR5|GAB2,-3.3,0
1,-4.7,C0236969,M1,1,0,DisGeNET,35,Substance-Related Disorders,,-4.7,3.8,5.5,30293,128,871,14,1.6,0.43,288|1268|2917|3899|3983|6581|9369|9547|22998|27146|80206|81035|130497|143503,ANK3|CNR1|GRM7|AFF3|ABLIM1|SLC22A3|NRXN3|CXCL14|LIMCH1|FAM184B|FHOD3|COLEC12|OSR1|OR51E1,-3.3,0
1,-4.7,C1719672,M1,1,0,DisGeNET,35,Severe Sepsis,,-4.7,3.3,5.3,30293,181,871,17,2,0.47,133|284|290|348|1903|2149|2258|2621|3122|4638|5054|5806|7040|7076|7857|8877|56005,ADM|ANGPT1|ANPEP|APOE|S1PR3|F2R|FGF13|GAS6|HLA-DRA|MYLK|SERPINE1|PTX3|TGFB1|TIMP1|SCG2|SPHK1|MYDGF,-3.3,0
1,-4.7,C0206725,M1,1,0,DisGeNET,35,Subependymal Glioma,,-4.7,13,7.7,30293,13,871,5,0.57,0.26,2890|4747|5080|5156|9368,GRIA1|NEFL|PAX6|PDGFRA|NHERF1,-3.3,0
1,-4.7,C0280725,M1,1,0,DisGeNET,35,Adult Cholangiocarcinoma,,-4.7,13,7.7,30293,13,871,5,0.57,0.26,3371|4233|4313|7040|7048,TNC|MET|MMP2|TGFB1|TGFBR2,-3.3,0
1,-4.7,C0026987,M1,1,0,DisGeNET,35,Myelofibrosis,,-4.7,3.4,5.3,30293,163,871,16,1.8,0.46,654|861|1030|1612|2321|3315|4015|5156|5243|6387|6578|6696|7040|7046|7057|7852,BMP6|RUNX1|CDKN2B|DAPK1|FLT1|HSPB1|LOX|PDGFRA|ABCB1|CXCL12|SLCO2A1|SPP1|TGFB1|TGFBR1|THBS1|CXCR4,-3.3,0
1,-4.7,C2937421,M1,1,0,DisGeNET,35,Prostatic Hyperplasia,,-4.7,4,5.5,30293,112,871,13,1.5,0.41,1906|1958|2149|2252|2263|3486|4015|4313|4502|6493|7040|9590|29968,EDN1|EGR1|F2R|FGF7|FGFR2|IGFBP3|LOX|MMP2|MT2A|SIM2|TGFB1|AKAP12|PSAT1,-3.3,0
1,-4.7,C0043020,M1,1,0,DisGeNET,35,Wallerian Degeneration,,-4.7,9.9,7,30293,21,871,6,0.69,0.28,4741|4747|4886|7040|7042|7078,NEFM|NEFL|NPY1R|TGFB1|TGFB2|TIMP3,-3.3,0
1,-4.7,C0149893,M1,1,0,DisGeNET,35,Secondary glaucoma,,-4.7,9.9,7,30293,21,871,6,0.69,0.28,2296|4053|4313|5080|7040|7042,FOXC1|LTBP2|MMP2|PAX6|TGFB1|TGFB2,-3.3,0
1,-4.7,C0265700,M1,1,0,DisGeNET,35,Congenital hernia of foramen of Bochdalek,,-4.7,9.9,7,30293,21,871,6,0.69,0.28,1490|1674|2294|5292|7481|158326,CCN2|DES|FOXF1|PIM1|WNT11|FREM1,-3.3,0
1,-4.7,C0349489,M1,1,0,DisGeNET,35,Fetal Hypoxia,,-4.7,9.9,7,30293,21,871,6,0.69,0.28,1392|1958|2022|2670|4312|4322,CRH|EGR1|ENG|GFAP|MMP1|MMP13,-3.3,0
1,-4.7,C1332200,M1,1,0,DisGeNET,35,Adult Diffuse Astrocytoma,,-4.7,9.9,7,30293,21,871,6,0.69,0.28,1030|2173|3485|3488|4603|6657,CDKN2B|FABP7|IGFBP2|IGFBP5|MYBL1|SOX2,-3.3,0
1,-4.7,C3899668,M1,1,0,DisGeNET,35,Childhood Diffuse Astrocytoma,,-4.7,9.9,7,30293,21,871,6,0.69,0.28,1030|2173|3485|3488|4603|6657,CDKN2B|FABP7|IGFBP2|IGFBP5|MYBL1|SOX2,-3.3,0
1,-4.7,C0858252,M1,1,0,DisGeNET,35,Breast adenocarcinoma,,-4.7,3,5.2,30293,219,871,19,2.2,0.49,1465|1545|1958|2066|2321|2697|3315|4851|5054|5243|6513|6926|7040|7048|10468|10628|23705|27063|29968,CSRP1|CYP1B1|EGR1|ERBB4|FLT1|GJA1|HSPB1|NOTCH1|SERPINE1|ABCB1|SLC2A1|TBX3|TGFB1|TGFBR2|FST|TXNIP|CADM1|ANKRD1|PSAT1,-3.3,0
1,-4.7,C0019243,M1,1,0,DisGeNET,35,"Angioedemas, Hereditary",,-4.7,5.8,6.1,30293,54,871,9,1,0.34,133|284|710|5055|5176|5327|7043|7052|7412,ADM|ANGPT1|SERPING1|SERPINB2|SERPINF1|PLAT|TGFB3|TGM2|VCAM1,-3.3,0
1,-4.7,C0002965,M1,1,0,DisGeNET,35,"Angina, Unstable",,-4.7,3.8,5.4,30293,129,871,14,1.6,0.43,133|1268|1356|1490|3673|4312|5328|5806|6783|7076|7852|10468|10628|56005,ADM|CNR1|CP|CCN2|ITGA2|MMP1|PLAU|PTX3|SULT1E1|TIMP1|CXCR4|FST|TXNIP|MYDGF,-3.3,0
1,-4.7,C0007135,M1,1,0,DisGeNET,35,"Adenocarcinoma, Scirrhous",,-4.7,20,8.6,30293,7,871,4,0.46,0.23,2263|4233|7040|7078,FGFR2|MET|TGFB1|TIMP3,-3.3,0
1,-4.7,C0266548,M1,1,0,DisGeNET,35,Axenfeld anomaly (disorder),,-4.7,20,8.6,30293,7,871,4,0.46,0.23,182|1282|2263|2296,JAG1|COL4A1|FGFR2|FOXC1,-3.3,0
1,-4.7,C0445347,M1,1,0,DisGeNET,35,Thickening of glomerular basement membrane,,-4.7,20,8.6,30293,7,871,4,0.46,0.23,1285|1286|1287|3075,COL4A3|COL4A4|COL4A5|CFH,-3.3,0
1,-4.7,C0796176,M1,1,0,DisGeNET,35,STUVE-WIEDEMANN SYNDROME,,-4.7,20,8.6,30293,7,871,4,0.46,0.23,1545|3976|3977|9244,CYP1B1|LIF|LIFR|CRLF1,-3.3,0
1,-4.7,C1969236,M1,1,0,DisGeNET,35,Mitten deformity,,-4.7,20,8.6,30293,7,871,4,0.46,0.23,1294|1832|4312|7040,COL7A1|DSP|MMP1|TGFB1,-3.3,0
1,-4.6,C0206180,M1,1,0,DisGeNET,35,Ki-1+ Anaplastic Large Cell Lymphoma,,-4.6,2.7,5,30293,300,871,23,2.6,0.54,290|805|1030|1191|1306|2048|2066|2308|3554|3702|4627|4851|5156|5243|5764|6281|6285|7040|7076|7291|8829|9547|23705,ANPEP|CALM2|CDKN2B|CLU|COL15A1|EPHB2|ERBB4|FOXO1|IL1R1|ITK|MYH9|NOTCH1|PDGFRA|ABCB1|PTN|S100A10|S100B|TGFB1|TIMP1|TWIST1|NRP1|CXCL14|CADM1,-3.3,0
1,-4.6,C1332995,M1,1,0,DisGeNET,35,Childhood Pilocytic Astrocytoma,,-4.6,4.3,5.6,30293,97,871,12,1.4,0.39,133|2048|2066|2173|2321|2670|4147|4288|5243|6285|6657|168002,ADM|EPHB2|ERBB4|FABP7|FLT1|GFAP|MATN2|MKI67|ABCB1|S100B|SOX2|DACT2,-3.3,0
1,-4.6,C0040433,M1,1,0,DisGeNET,35,Tooth Crowding,,-4.6,4.7,5.7,30293,82,871,11,1.3,0.38,875|1281|1717|1906|1909|2263|2697|4854|5648|7046|80144,CBS|COL3A1|DHCR7|EDN1|EDNRA|FGFR2|GJA1|NOTCH3|MASP1|TGFBR1|FRAS1,-3.3,0
1,-4.6,C0029442,M1,1,0,DisGeNET,35,Osteomalacia,,-4.6,7.9,6.6,30293,31,871,7,0.8,0.3,2252|4036|5251|6424|6696|7040|8600,FGF7|LRP2|PHEX|SFRP4|SPP1|TGFB1|TNFSF11,-3.3,0
1,-4.6,C0010038,M1,1,0,DisGeNET,35,Corneal Opacity,,-4.6,4,5.5,30293,113,871,13,1.5,0.41,19|182|701|1282|1545|2317|2697|4053|4094|5080|5155|80144|117581,ABCA1|JAG1|BUB1B|COL4A1|CYP1B1|FLNB|GJA1|LTBP2|MAF|PAX6|PDGFB|FRAS1|TWIST2,-3.3,0
1,-4.6,C0276496,M1,1,0,DisGeNET,35,Familial Alzheimer Disease (FAD),,-4.6,2.8,5,30293,260,871,21,2.4,0.52,348|1191|1392|1509|1808|2066|2670|3708|4129|4223|4747|4851|4854|5328|6783|7040|7075|7431|9369|9510|9672,APOE|CLU|CRH|CTSD|DPYSL2|ERBB4|GFAP|ITPR1|MAOB|MEOX2|NEFL|NOTCH1|NOTCH3|PLAU|SULT1E1|TGFB1|TIE1|VIM|NRXN3|ADAMTS1|SDC3,-3.3,0
1,-4.6,C2936719,M1,1,0,DisGeNET,35,Mechanical Allodynia,,-4.6,2.4,4.9,30293,408,871,28,3.2,0.6,133|146|1268|1392|1844|1906|2048|2668|2670|2697|2890|2917|3084|3231|3673|4313|4851|4908|5742|6387|6529|6869|7076|7225|7431|7852|51305|57007,ADM|ADRA1D|CNR1|CRH|DUSP2|EDN1|EPHB2|GDNF|GFAP|GJA1|GRIA1|GRM7|NRG1|HOXD1|ITGA2|MMP2|NOTCH1|NTF3|PTGS1|CXCL12|SLC6A1|TACR1|TIMP1|TRPC6|VIM|CXCR4|KCNK9|ACKR3,-3.3,0
1,-4.6,C0393734,M1,1,0,DisGeNET,35,Complex Partial Status Epilepticus,,-4.6,5.1,5.8,30293,68,871,10,1.1,0.36,288|1000|1268|1392|2668|3315|4908|5243|6546|6751,ANK3|CDH2|CNR1|CRH|GDNF|HSPB1|NTF3|ABCB1|SLC8A1|SSTR1,-3.3,0
1,-4.6,C0751524,M1,1,0,DisGeNET,35,Simple Partial Status Epilepticus,,-4.6,5.1,5.8,30293,68,871,10,1.1,0.36,288|1000|1268|1392|2668|3315|4908|5243|6546|6751,ANK3|CDH2|CNR1|CRH|GDNF|HSPB1|NTF3|ABCB1|SLC8A1|SSTR1,-3.3,0
1,-4.6,C0035238,M1,1,0,DisGeNET,35,Congenital abnormality of respiratory system,,-4.6,35,10,30293,3,871,3,0.34,0.2,5156|7042|7043,PDGFRA|TGFB2|TGFB3,-3.3,0
1,-4.6,C0271083,M1,1,0,DisGeNET,35,Nonexudative age-related macular degeneration,,-4.6,35,10,30293,3,871,3,0.34,0.2,3075|5362|6781,CFH|PLXNA2|STC1,-3.3,0
1,-4.6,C0344262,M1,1,0,DisGeNET,35,Anterior lenticonus,,-4.6,35,10,30293,3,871,3,0.34,0.2,1285|1286|1287,COL4A3|COL4A4|COL4A5,-3.3,0
1,-4.6,C1739392,M1,1,0,DisGeNET,35,Thin glomerular basement membrane disease,,-4.6,35,10,30293,3,871,3,0.34,0.2,1285|1286|1287,COL4A3|COL4A4|COL4A5,-3.3,0
1,-4.6,C2678503,M1,1,0,DisGeNET,35,"AXENFELD-RIEGER SYNDROME, TYPE 3",,-4.6,35,10,30293,3,871,3,0.34,0.2,652|1282|2296,BMP4|COL4A1|FOXC1,-3.3,0
1,-4.6,C3278307,M1,1,0,DisGeNET,35,Diffuse glomerular basement membrane lamellation,,-4.6,35,10,30293,3,871,3,0.34,0.2,1285|1286|1287,COL4A3|COL4A4|COL4A5,-3.3,0
1,-4.6,C4021967,M1,1,0,DisGeNET,35,Pancreatic aplasia,,-4.6,35,10,30293,3,871,3,0.34,0.2,2627|3975|6928,GATA6|LHX1|HNF1B,-3.3,0
1,-4.6,C4749284,M1,1,0,DisGeNET,35,Familial bicuspid aortic valve,,-4.6,35,10,30293,3,871,3,0.34,0.2,2627|7046|7048,GATA6|TGFBR1|TGFBR2,-3.3,0
1,-4.6,C1569637,M1,1,0,DisGeNET,35,"Adenocarcinoma, Endometrioid",,-4.6,3.7,5.4,30293,130,871,14,1.6,0.43,214|861|1000|2022|3491|4288|4313|4739|6277|6513|7040|7291|8507|100133941,ALCAM|RUNX1|CDH2|ENG|CCN1|MKI67|MMP2|NEDD9|S100A6|SLC2A1|TGFB1|TWIST1|ENC1|CD24,-3.3,0
1,-4.6,C0206659,M1,1,0,DisGeNET,35,Embryonal Carcinoma,,-4.6,3.4,5.3,30293,165,871,16,1.8,0.46,894|1674|2308|3875|3976|4288|4851|6387|6581|6657|7042|7044|7048|7431|26227|91653,CCND2|DES|FOXO1|KRT18|LIF|MKI67|NOTCH1|CXCL12|SLC22A3|SOX2|TGFB2|LEFTY2|TGFBR2|VIM|PHGDH|BOC,-3.2,0
1,-4.6,C0158113,M1,1,0,DisGeNET,35,Contracture of joint of hand,,-4.6,5.7,6,30293,55,871,9,1,0.34,1490|2273|4921|5077|6913|7046|7048|9719|26227,CCN2|FHL1|DDR2|PAX3|TBX15|TGFBR1|TGFBR2|ADAMTSL2|PHGDH,-3.2,0
1,-4.6,C0266642,M1,1,0,DisGeNET,35,Situs ambiguus,,-4.6,5.7,6,30293,55,871,9,1,0.34,1717|2627|2697|5214|6899|7026|7044|7545|7547,DHCR7|GATA6|GJA1|PFKP|TBX1|NR2F2|LEFTY2|ZIC1|ZIC3,-3.2,0
1,-4.6,C0206663,M1,1,0,DisGeNET,35,"Neuroectodermal Tumor, Primitive",,-4.6,3.2,5.2,30293,184,871,17,2,0.47,1000|2308|2670|3084|3976|4133|5156|5176|5243|6422|6591|7076|7431|7545|7857|23462|79971,CDH2|FOXO1|GFAP|NRG1|LIF|MAP2|PDGFRA|SERPINF1|ABCB1|SFRP1|SNAI2|TIMP1|VIM|ZIC1|SCG2|HEY1|WLS,-3.2,0
1,-4.6,C1292778,M1,1,0,DisGeNET,35,Chronic myeloproliferative disorder,,-4.6,2.5,4.9,30293,366,871,26,3,0.58,19|90|290|861|1844|1958|2048|2624|4015|4886|5054|5156|5243|5292|5327|5806|6387|7040|7431|7852|9518|10763|22943|25891|92737|200424,ABCA1|ACVR1|ANPEP|RUNX1|DUSP2|EGR1|EPHB2|GATA2|LOX|NPY1R|SERPINE1|PDGFRA|ABCB1|PIM1|PLAT|PTX3|CXCL12|TGFB1|VIM|CXCR4|GDF15|NES|DKK1|PAMR1|DNER|TET3,-3.2,0
1,-4.6,C0853193,M1,1,0,DisGeNET,35,Bipolar I disorder,,-4.6,4.6,5.7,30293,83,871,11,1.3,0.38,1958|1959|1978|2917|3084|3485|5999|8128|9369|10611|10718,EGR1|EGR2|EIF4EBP1|GRM7|NRG1|IGFBP2|RGS4|ST8SIA2|NRXN3|PDLIM5|NRG3,-3.2,0
1,-4.6,C0949658,M1,1,0,DisGeNET,35,"Cardiomyopathy, Hypertrophic, Familial",,-4.6,4.6,5.7,30293,83,871,11,1.3,0.38,59|70|133|805|1674|1906|2273|2668|7134|55534|103910,ACTA2|ACTC1|ADM|CALM2|DES|EDN1|FHL1|GDNF|TNNC1|MAML3|MYL12B,-3.2,0
1,-4.6,C0028756,M1,1,0,DisGeNET,35,"Obesity, Morbid",,-4.6,3.1,5.1,30293,203,871,18,2.1,0.48,90|284|570|1191|1268|1906|3486|4232|5054|5122|6319|6422|6492|6696|6899|7040|9518|257194,ACVR1|ANGPT1|BAAT|CLU|CNR1|EDN1|IGFBP3|MEST|SERPINE1|PCSK1|SCD|SFRP1|SIM1|SPP1|TBX1|TGFB1|GDF15|NEGR1,-3.2,0
1,-4.6,C0220645,M1,1,0,DisGeNET,35,Childhood Soft Tissue Sarcoma,,-4.6,3.4,5.2,30293,166,871,16,1.8,0.46,290|1464|1839|2034|2308|4233|4312|5054|5077|5156|5243|6285|6696|7040|7431|389136,ANPEP|CSPG4|HBEGF|EPAS1|FOXO1|MET|MMP1|SERPINE1|PAX3|PDGFRA|ABCB1|S100B|SPP1|TGFB1|VIM|VGLL3,-3.2,0
1,-4.6,C0015826,M1,1,0,DisGeNET,35,Fenestration (morphologic abnormality),,-4.6,6.5,6.2,30293,43,871,8,0.92,0.32,3075|5362|6513|6869|6926|8829|23213|51305,CFH|PLXNA2|SLC2A1|TACR1|TBX3|NRP1|SULF1|KCNK9,-3.2,0
1,-4.6,C0009376,M1,1,0,DisGeNET,35,Colonic Polyps,,-4.6,5,5.8,30293,69,871,10,1.1,0.36,1490|1634|3485|5792|6423|7852|8076|22943|26585|57007,CCN2|DCN|IGFBP2|PTPRF|SFRP2|CXCR4|MFAP5|DKK1|GREM1|ACKR3,-3.2,0
1,-4.6,C0266294,M1,1,0,DisGeNET,35,Unilateral agenesis of kidney,,-4.6,5,5.8,30293,69,871,10,1.1,0.36,652|953|1717|3075|6899|6928|10149|80000|80144|158326,BMP4|ENTPD1|DHCR7|CFH|TBX1|HNF1B|ADGRG2|GREB1L|FRAS1|FREM1,-3.2,0
1,-4.6,C0751522,M1,1,0,DisGeNET,35,"Status Epilepticus, Subclinical",,-4.6,5,5.8,30293,69,871,10,1.1,0.36,288|1000|1268|1392|2668|3315|4908|5243|6546|6751,ANK3|CDH2|CNR1|CRH|GDNF|HSPB1|NTF3|ABCB1|SLC8A1|SSTR1,-3.2,0
1,-4.6,C2609414,M1,1,0,DisGeNET,35,Acute kidney injury,,-4.6,3.2,5.2,30293,185,871,17,2,0.47,1191|1356|1839|1906|2034|2321|2621|3075|4036|4233|4879|6696|6928|7040|10699|10763|10878,CLU|CP|HBEGF|EDN1|EPAS1|FLT1|GAS6|CFH|LRP2|MET|NPPB|SPP1|HNF1B|TGFB1|CORIN|NES|CFHR3,-3.2,0
1,-4.6,C0221406,M1,1,0,DisGeNET,35,Pituitary-dependent Cushing's disease,,-4.6,3.9,5.4,30293,115,871,13,1.5,0.41,652|1392|2048|3977|5054|5055|5122|6423|6546|6751|7057|7431|64072,BMP4|CRH|EPHB2|LIFR|SERPINE1|SERPINB2|PCSK1|SFRP2|SLC8A1|SSTR1|THBS1|VIM|CDH23,-3.2,0
1,-4.6,C3665386,M1,1,0,DisGeNET,35,Abnormal vision,,-4.6,3.9,5.4,30293,115,871,13,1.5,0.41,547|1282|1294|1509|1545|2263|2296|2624|4053|5080|6657|10319|64072,KIF1A|COL4A1|COL7A1|CTSD|CYP1B1|FGFR2|FOXC1|GATA2|LTBP2|PAX6|SOX2|LAMC3|CDH23,-3.2,0
1,-4.6,C0314719,M1,1,0,DisGeNET,35,Dryness of eye,,-4.6,3.5,5.3,30293,149,871,15,1.7,0.44,182|710|1191|1356|3122|3486|5080|7042|7043|7052|7057|7076|8877|10216|55638,JAG1|SERPING1|CLU|CP|HLA-DRA|IGFBP3|PAX6|TGFB2|TGFB3|TGM2|THBS1|TIMP1|SPHK1|PRG4|SYBU,-3.2,0
1,-4.6,C0018523,M1,1,0,DisGeNET,35,Hallervorden-Spatz Syndrome,,-4.6,9.5,6.9,30293,22,871,6,0.69,0.28,348|2512|4036|5764|23263|51129,APOE|FTL|LRP2|PTN|MCF2L|ANGPTL4,-3.2,0
1,-4.6,C1306068,M1,1,0,DisGeNET,35,After-cataract,,-4.6,9.5,6.9,30293,22,871,6,0.69,0.28,3075|3371|4313|4322|5362|7042,CFH|TNC|MMP2|MMP13|PLXNA2|TGFB2,-3.2,0
1,-4.6,C1701938,M1,1,0,DisGeNET,35,Associated Pulmonary Arterial Hypertension,,-4.6,9.5,6.9,30293,22,871,6,0.69,0.28,1906|1909|2022|3491|5054|7225,EDN1|EDNRA|ENG|CCN1|SERPINE1|TRPC6,-3.2,0
1,-4.6,C0019193,M1,1,0,DisGeNET,35,"Hepatitis, Toxic",,-4.6,2.4,4.8,30293,412,871,28,3.2,0.6,348|710|1191|1281|1356|2321|2512|3075|3589|3708|3856|3875|4313|4851|5243|5327|6696|6783|7026|7046|7373|7431|8407|10611|50507|81285|151887|160428,APOE|SERPING1|CLU|COL3A1|CP|FLT1|FTL|CFH|IL11|ITPR1|KRT8|KRT18|MMP2|NOTCH1|ABCB1|PLAT|SPP1|SULT1E1|NR2F2|TGFBR1|COL14A1|VIM|TAGLN2|PDLIM5|NOX4|OR51E2|CCDC80|ALDH1L2,-3.2,0
1,-4.6,C4279912,M1,1,0,DisGeNET,35,Chemically-Induced Liver Toxicity,,-4.6,2.4,4.8,30293,412,871,28,3.2,0.6,348|710|1191|1281|1356|2321|2512|3075|3589|3708|3856|3875|4313|4851|5243|5327|6696|6783|7026|7046|7373|7431|8407|10611|50507|81285|151887|160428,APOE|SERPING1|CLU|COL3A1|CP|FLT1|FTL|CFH|IL11|ITPR1|KRT8|KRT18|MMP2|NOTCH1|ABCB1|PLAT|SPP1|SULT1E1|NR2F2|TGFBR1|COL14A1|VIM|TAGLN2|PDLIM5|NOX4|OR51E2|CCDC80|ALDH1L2,-3.2,0
1,-4.5,C0014772,M1,1,0,DisGeNET,35,Red Blood Cell Count measurement,,-4.5,2,4.6,30293,717,871,41,4.7,0.72,182|284|348|861|1285|1464|1906|1909|2034|2192|2621|2683|3084|3672|3899|4091|5054|6299|6387|6493|6513|6526|7145|7436|8630|9180|10512|10580|10581|10867|26010|26227|29951|55512|63976|64093|64123|84870|84969|89122|192668,JAG1|ANGPT1|APOE|RUNX1|COL4A3|CSPG4|EDN1|EDNRA|EPAS1|FBLN1|GAS6|B4GALT1|NRG1|ITGA1|AFF3|SMAD6|SERPINE1|SALL1|CXCL12|SIM2|SLC2A1|SLC5A3|TNS1|VLDLR|HSD17B6|OSMR|SEMA3C|SORBS1|IFITM2|TSPAN9|SPATS2L|PHGDH|PDZRN4|SMPD3|PRDM16|SMOC1|ADGRL4|RSPO3|TOX2|TRIM4|CYS1,-3.2,0
1,-4.5,C0220701,M1,1,0,DisGeNET,35,RETINITIS PIGMENTOSA 1,,-4.5,7.6,6.4,30293,32,871,7,0.8,0.3,2263|4502|4642|5327|5961|6533|7040,FGFR2|MT2A|MYO1D|PLAT|PRPH2|SLC6A6|TGFB1,-3.2,0
1,-4.5,C0005956,M1,1,0,DisGeNET,35,Bone Marrow Diseases,,-4.5,4.6,5.6,30293,84,871,11,1.3,0.38,133|348|652|928|2149|5783|6696|6869|7057|7852|83857,ADM|APOE|BMP4|CD9|F2R|PTPN13|SPP1|TACR1|THBS1|CXCR4|TMTC1,-3.2,0
1,-4.5,C0079218,M1,1,0,DisGeNET,35,"Fibromatosis, Aggressive",,-4.5,4.6,5.6,30293,84,871,11,1.3,0.38,1490|2043|5054|5155|5792|7040|7291|7545|8840|26585|84107,CCN2|EPHA4|SERPINE1|PDGFB|PTPRF|TGFB1|TWIST1|ZIC1|CCN4|GREM1|ZIC4,-3.2,0
1,-4.5,C0085110,M1,1,0,DisGeNET,35,Severe Combined Immunodeficiency,,-4.5,2.7,4.9,30293,284,871,22,2.5,0.53,894|2022|3491|4312|4322|4837|4851|5243|5328|6387|6899|7040|7046|7431|7852|8549|8870|9547|10630|11142|55655|84433,CCND2|ENG|CCN1|MMP1|MMP13|NNMT|NOTCH1|ABCB1|PLAU|CXCL12|TBX1|TGFB1|TGFBR1|VIM|CXCR4|LGR5|IER3|CXCL14|PDPN|PKIG|NLRP2|CARD11,-3.2,0
1,-4.5,C0001339,M1,1,0,DisGeNET,35,Acute pancreatitis,,-4.5,2.3,4.8,30293,435,871,29,3.3,0.61,284|348|710|875|1392|1827|1958|2048|2066|2294|3315|3708|4313|5054|5806|6387|6513|7040|7130|7412|7852|9518|10267|51257|79924|84570|92737|116496|100133941,ANGPT1|APOE|SERPING1|CBS|CRH|RCAN1|EGR1|EPHB2|ERBB4|FOXF1|HSPB1|ITPR1|MMP2|SERPINE1|PTX3|CXCL12|SLC2A1|TGFB1|TNFAIP6|VCAM1|CXCR4|GDF15|RAMP1|MARCHF2|ADM2|COL25A1|DNER|NIBAN1|CD24,-3.2,0
1,-4.5,C0037277,M1,1,0,DisGeNET,35,"Skin Diseases, Genetic",,-4.5,5.6,5.9,30293,56,871,9,1,0.34,1294|1832|1893|2697|2706|3486|9244|9464|64377,COL7A1|DSP|ECM1|GJA1|GJB2|IGFBP3|CRLF1|HAND2|CHST8,-3.2,0
1,-4.5,C0234230,M1,1,0,DisGeNET,35,"Pain, Burning",,-4.5,5.6,5.9,30293,56,871,9,1,0.34,133|1268|1392|1906|3084|3231|4879|5179|5243,ADM|CNR1|CRH|EDN1|NRG1|HOXD1|NPPB|PENK|ABCB1,-3.2,0
1,-4.5,C1301034,M1,1,0,DisGeNET,35,Pancreatic intraepithelial neoplasia,,-4.5,3.2,5.1,30293,186,871,17,2,0.47,133|2034|2627|3371|3773|4288|4851|5179|5328|6387|6591|6657|7852|8870|10763|26227|57214,ADM|EPAS1|GATA6|TNC|KCNJ16|MKI67|NOTCH1|PENK|PLAU|CXCL12|SNAI2|SOX2|CXCR4|IER3|NES|PHGDH|CEMIP,-3.2,0
1,-4.5,C3658290,M1,1,0,DisGeNET,35,Drug-Induced Acute Liver Injury,,-4.5,2.4,4.8,30293,413,871,28,3.2,0.6,348|710|1191|1281|1356|2321|2512|3075|3589|3708|3856|3875|4313|4851|5243|5327|6696|6783|7026|7046|7373|7431|8407|10611|50507|81285|151887|160428,APOE|SERPING1|CLU|COL3A1|CP|FLT1|FTL|CFH|IL11|ITPR1|KRT8|KRT18|MMP2|NOTCH1|ABCB1|PLAT|SPP1|SULT1E1|NR2F2|TGFBR1|COL14A1|VIM|TAGLN2|PDLIM5|NOX4|OR51E2|CCDC80|ALDH1L2,-3.2,0
1,-4.5,C1290884,M1,1,0,DisGeNET,35,Inflammatory disorder,,-4.5,2.4,4.8,30293,391,871,27,3.1,0.59,284|953|1893|2034|2149|3589|4129|4312|4638|4851|5362|5806|6387|6513|6696|7040|7048|7052|7057|7412|7431|7852|8482|8877|9672|51816|56005,ANGPT1|ENTPD1|ECM1|EPAS1|F2R|IL11|MAOB|MMP1|MYLK|NOTCH1|PLXNA2|PTX3|CXCL12|SLC2A1|SPP1|TGFB1|TGFBR2|TGM2|THBS1|VCAM1|VIM|CXCR4|SEMA7A|SPHK1|SDC3|ADA2|MYDGF,-3.2,0
1,-4.5,C0362046,M1,1,0,DisGeNET,35,Prediabetes syndrome,,-4.5,3.1,5.1,30293,205,871,18,2.1,0.48,652|1356|1906|2662|3122|4233|4256|5054|6387|6513|6696|7040|8600|9518|10468|64399|169026|284207,BMP4|CP|EDN1|GDF10|HLA-DRA|MET|MGP|SERPINE1|CXCL12|SLC2A1|SPP1|TGFB1|TNFSF11|GDF15|FST|HHIP|SLC30A8|METRNL,-3.2,0
1,-4.5,C0036095,M1,1,0,DisGeNET,35,Salivary Gland Neoplasms,,-4.5,3.9,5.4,30293,116,871,13,1.5,0.41,182|214|1612|2019|2022|2621|3485|5176|7852|23209|57007|81029|81831,JAG1|ALCAM|DAPK1|EN1|ENG|GAS6|IGFBP2|SERPINF1|CXCR4|MLC1|ACKR3|WNT5B|NETO2,-3.2,0
1,-4.5,C0205644,M1,1,0,DisGeNET,35,"Carcinoma, Granular Cell",,-4.5,3.9,5.4,30293,116,871,13,1.5,0.41,348|1028|1490|1612|2202|3399|3856|4233|4288|5328|6696|7040|79633,APOE|CDKN1C|CCN2|DAPK1|EFEMP1|ID3|KRT8|MET|MKI67|PLAU|SPP1|TGFB1|FAT4,-3.2,0
1,-4.5,C0426980,M1,1,0,DisGeNET,35,Motor symptoms,,-4.5,4.2,5.5,30293,100,871,12,1.4,0.39,348|1356|2668|3315|4036|4129|4747|5155|5179|6513|7052|23263,APOE|CP|GDNF|HSPB1|LRP2|MAOB|NEFL|PDGFB|PENK|SLC2A1|TGM2|MCF2L,-3.2,0
1,-4.5,C0432283,M1,1,0,DisGeNET,35,Osteoglophonic dwarfism,,-4.5,4.2,5.5,30293,100,871,12,1.4,0.39,284|875|2048|2263|4313|4851|4948|5054|5176|7057|7225|10371,ANGPT1|CBS|EPHB2|FGFR2|MMP2|NOTCH1|OCA2|SERPINE1|SERPINF1|THBS1|TRPC6|SEMA3A,-3.2,0
1,-4.5,C0205645,M1,1,0,DisGeNET,35,"Adenocarcinoma, Tubular",,-4.5,3.7,5.3,30293,133,871,14,1.6,0.43,348|1028|1490|1612|2202|3399|3856|4233|4288|4320|5328|6696|7040|79633,APOE|CDKN1C|CCN2|DAPK1|EFEMP1|ID3|KRT8|MET|MKI67|MMP11|PLAU|SPP1|TGFB1|FAT4,-3.2,0
1,-4.5,C0009681,M1,1,0,DisGeNET,35,Anomalous pulmonary artery,,-4.5,12,7.4,30293,14,871,5,0.57,0.26,1910|2022|3708|5080|6591,EDNRB|ENG|ITPR1|PAX6|SNAI2,-3.1,0
1,-4.5,C0406500,M1,1,0,DisGeNET,35,Lipodermatosclerosis,,-4.5,12,7.4,30293,14,871,5,0.57,0.26,284|5055|5327|5328|7076,ANGPT1|SERPINB2|PLAT|PLAU|TIMP1,-3.1,0
1,-4.5,C0456909,M1,1,0,DisGeNET,35,Blindness,,-4.5,2.4,4.8,30293,393,871,27,3.1,0.59,652|1191|1545|2202|2273|2296|2670|2706|3075|3673|5080|5155|5176|5362|5648|5961|6657|7040|7078|8600|11098|29128|56670|56896|64072|80144|92211,BMP4|CLU|CYP1B1|EFEMP1|FHL1|FOXC1|GFAP|GJB2|CFH|ITGA2|PAX6|PDGFB|SERPINF1|PLXNA2|MASP1|PRPH2|SOX2|TGFB1|TIMP3|TNFSF11|PRSS23|UHRF1|SUCNR1|DPYSL5|CDH23|FRAS1|CDHR1,-3.1,0
1,-4.5,C0026654,M1,1,0,DisGeNET,35,Moyamoya Disease,,-4.5,3.9,5.3,30293,117,871,13,1.5,0.41,59|182|348|1191|1381|2697|3075|4313|4638|5179|7040|7076|9244,ACTA2|JAG1|APOE|CLU|CRABP1|GJA1|CFH|MMP2|MYLK|PENK|TGFB1|TIMP1|CRLF1,-3.1,0
1,-4.5,C0205643,M1,1,0,DisGeNET,35,"Carcinoma, Cribriform",,-4.5,3.9,5.3,30293,117,871,13,1.5,0.41,348|1028|1490|1612|2202|3399|3856|4233|4288|5328|6696|7040|79633,APOE|CDKN1C|CCN2|DAPK1|EFEMP1|ID3|KRT8|MET|MKI67|PLAU|SPP1|TGFB1|FAT4,-3.1,0
1,-4.5,C0684337,M1,1,0,DisGeNET,35,Ewings sarcoma-primitive neuroectodermal tumor (PNET),,-4.5,3.9,5.3,30293,117,871,13,1.5,0.41,1000|2670|3084|3673|3976|4747|5077|5156|5243|6285|6591|7431|27087,CDH2|GFAP|NRG1|ITGA2|LIF|NEFL|PAX3|PDGFRA|ABCB1|S100B|SNAI2|VIM|B3GAT1,-3.1,0
1,-4.5,C0221505,M1,1,0,DisGeNET,35,Lesion of brain,,-4.5,3.1,5.1,30293,188,871,17,2,0.47,214|284|348|1191|1832|1978|2321|2697|3371|4747|4854|4908|5054|5055|5327|5354|6387,ALCAM|ANGPT1|APOE|CLU|DSP|EIF4EBP1|FLT1|GJA1|TNC|NEFL|NOTCH3|NTF3|SERPINE1|SERPINB2|PLAT|PLP1|CXCL12,-3.1,0
1,-4.5,C4721532,M1,1,0,DisGeNET,35,"Lymphoma, Non-Hodgkin, Familial",,-4.5,2.3,4.7,30293,462,871,30,3.4,0.62,290|710|805|875|894|970|1030|1545|1604|2308|3090|3371|3887|4312|4313|5156|5243|5292|5362|5783|6387|7040|7076|7301|7852|8038|29968|55655|79971|84433,ANPEP|SERPING1|CALM2|CBS|CCND2|CD70|CDKN2B|CYP1B1|CD55|FOXO1|HIC1|TNC|KRT81|MMP1|MMP2|PDGFRA|ABCB1|PIM1|PLXNA2|PTPN13|CXCL12|TGFB1|TIMP1|TYRO3|CXCR4|ADAM12|PSAT1|NLRP2|WLS|CARD11,-3.1,0
1,-4.5,C0005779,M1,1,0,DisGeNET,35,Blood Coagulation Disorders,,-4.5,2.7,4.9,30293,267,871,21,2.4,0.52,19|87|284|348|570|710|1282|1284|2022|2048|2149|2263|2621|4627|5054|5176|5327|5328|5742|7980|10763,ABCA1|ACTN1|ANGPT1|APOE|BAAT|SERPING1|COL4A1|COL4A2|ENG|EPHB2|F2R|FGFR2|GAS6|MYH9|SERPINE1|SERPINF1|PLAT|PLAU|PTGS1|TFPI2|NES,-3.1,0
1,-4.5,C0751523,M1,1,0,DisGeNET,35,Non-Convulsive Status Epilepticus,,-4.5,4.9,5.7,30293,71,871,10,1.1,0.36,288|1000|1268|1392|2668|3315|4908|5243|6546|6751,ANK3|CDH2|CNR1|CRH|GDNF|HSPB1|NTF3|ABCB1|SLC8A1|SSTR1,-3.1,0
1,-4.5,C1519689,M1,1,0,DisGeNET,35,Tumor Promotion,,-4.5,3.3,5.1,30293,170,871,16,1.8,0.46,1509|2048|2069|2668|3589|4288|4948|6387|6423|6513|6520|7040|7043|10611|10962|22943,CTSD|EPHB2|EREG|GDNF|IL11|MKI67|OCA2|CXCL12|SFRP2|SLC2A1|SLC3A2|TGFB1|TGFB3|PDLIM5|MLLT11|DKK1,-3.1,0
1,-4.5,C0036346,M1,1,0,DisGeNET,35,"Schizophrenia, Childhood",,-4.5,7.4,6.3,30293,33,871,7,0.8,0.3,3084|4232|5740|7837|23024|26585|124925,NRG1|MEST|PTGIS|PXDN|PDZRN3|GREM1|SEZ6,-3.1,0
1,-4.5,C0080024,M1,1,0,DisGeNET,35,Piebaldism,,-4.5,7.4,6.3,30293,33,871,7,0.8,0.3,445|2308|4948|5077|5156|5806|6591,ASS1|FOXO1|OCA2|PAX3|PDGFRA|PTX3|SNAI2,-3.1,0
1,-4.5,C0206647,M1,1,0,DisGeNET,35,Dermatofibrosarcoma,,-4.5,7.4,6.3,30293,33,871,7,0.8,0.3,1293|4320|4958|5155|9098|10763|56911,COL6A3|MMP11|OMD|PDGFB|USP6|NES|MAP3K7CL,-3.1,0
1,-4.5,C0266568,M1,1,0,DisGeNET,35,Persistent Hyperplastic Primary Vitreous,,-4.5,7.4,6.3,30293,33,871,7,0.8,0.3,1282|2670|4288|5080|7042|10370|55638,COL4A1|GFAP|MKI67|PAX6|TGFB2|CITED2|SYBU,-3.1,0
1,-4.5,C0011334,M1,1,0,DisGeNET,35,Dental caries,,-4.5,2.5,4.8,30293,330,871,24,2.8,0.55,133|652|655|1281|1294|1490|2263|2670|2697|2706|3624|4060|4312|4313|4322|4739|6285|6424|6696|6899|7040|7286|8600|9244,ADM|BMP4|BMP7|COL3A1|COL7A1|CCN2|FGFR2|GFAP|GJA1|GJB2|INHBA|LUM|MMP1|MMP2|MMP13|NEDD9|S100B|SFRP4|SPP1|TBX1|TGFB1|TUFT1|TNFSF11|CRLF1,-3.1,0
1,-4.5,C0023448,M1,1,0,DisGeNET,35,Lymphoid leukemia,,-4.5,2.7,4.9,30293,288,871,22,2.5,0.53,290|861|1030|2022|3490|3589|3708|4851|4854|5054|5156|5243|5327|5764|6387|6696|7852|27087|29128|55512|79191|84662,ANPEP|RUNX1|CDKN2B|ENG|IGFBP7|IL11|ITPR1|NOTCH1|NOTCH3|SERPINE1|PDGFRA|ABCB1|PLAT|PTN|CXCL12|SPP1|CXCR4|B3GAT1|UHRF1|SMPD3|IRX3|GLIS2,-3.1,0
1,-4.4,C1262760,M1,1,0,DisGeNET,35,"Hepatitis, Drug-Induced",,-4.4,2.3,4.7,30293,418,871,28,3.2,0.6,348|710|1191|1281|1356|2321|2512|3075|3589|3708|3856|3875|4313|4851|5243|5327|6696|6783|7026|7046|7373|7431|8407|10611|50507|81285|151887|160428,APOE|SERPING1|CLU|COL3A1|CP|FLT1|FTL|CFH|IL11|ITPR1|KRT8|KRT18|MMP2|NOTCH1|ABCB1|PLAT|SPP1|SULT1E1|NR2F2|TGFBR1|COL14A1|VIM|TAGLN2|PDLIM5|NOX4|OR51E2|CCDC80|ALDH1L2,-3.1,0
1,-4.4,C0007282,M1,1,0,DisGeNET,35,Carotid Stenosis,,-4.4,3.6,5.2,30293,135,871,14,1.6,0.43,19|284|348|1191|2201|4312|4313|4502|5054|6696|7040|7076|7412|7852,ABCA1|ANGPT1|APOE|CLU|FBN2|MMP1|MMP2|MT2A|SERPINE1|SPP1|TGFB1|TIMP1|VCAM1|CXCR4,-3.1,0
1,-4.4,C0205642,M1,1,0,DisGeNET,35,"Adenocarcinoma, Oxyphilic",,-4.4,3.6,5.2,30293,135,871,14,1.6,0.43,348|1028|1490|1612|2202|3399|3856|4233|4288|5328|6696|7040|10752|79633,APOE|CDKN1C|CCN2|DAPK1|EFEMP1|ID3|KRT8|MET|MKI67|PLAU|SPP1|TGFB1|CHL1|FAT4,-3.1,0
1,-4.4,C1705254,M1,1,0,DisGeNET,35,Neonatal Deformity,,-4.4,9.1,6.7,30293,23,871,6,0.69,0.28,90|2627|3975|7545|84107|117581,ACVR1|GATA6|LHX1|ZIC1|ZIC4|TWIST2,-3.1,0
1,-4.4,C1510472,M1,1,0,DisGeNET,35,Drug Dependence,,-4.4,2.8,4.9,30293,248,871,20,2.3,0.51,1268|1392|2048|2668|2917|3899|3983|4233|4837|5243|6507|6581|9369|9547|22998|27146|64129|80206|81035|143503,CNR1|CRH|EPHB2|GDNF|GRM7|AFF3|ABLIM1|MET|NNMT|ABCB1|SLC1A3|SLC22A3|NRXN3|CXCL14|LIMCH1|FAM184B|TINAGL1|FHOD3|COLEC12|OR51E1,-3.1,0
1,-4.4,C0027873,M1,1,0,DisGeNET,35,Neuromyelitis Optica,,-4.4,3.3,5.1,30293,171,871,16,1.8,0.46,284|710|1191|1604|2670|3075|4747|5362|5806|6285|6696|7040|7076|23705|25817|56005,ANGPT1|SERPING1|CLU|CD55|GFAP|CFH|NEFL|PLXNA2|PTX3|S100B|SPP1|TGFB1|TIMP1|CADM1|TAFA5|MYDGF,-3.1,0
1,-4.4,C0221352,M1,1,0,DisGeNET,35,Syndactyly of fingers,,-4.4,3.3,5.1,30293,171,871,16,1.8,0.46,652|1294|1501|1717|2263|2317|2697|2719|4851|7291|9037|26227|57514|64093|79633|80144,BMP4|COL7A1|CTNND2|DHCR7|FGFR2|FLNB|GJA1|GPC3|NOTCH1|TWIST1|SEMA5A|PHGDH|ARHGAP31|SMOC1|FAT4|FRAS1,-3.1,0
1,-4.4,C0279592,M1,1,0,DisGeNET,35,Adult T Acute Lymphoblastic Leukemia,,-4.4,4.1,5.4,30293,102,871,12,1.4,0.39,805|861|894|1030|3490|4851|4854|5156|5243|7057|63976|79191,CALM2|RUNX1|CCND2|CDKN2B|IGFBP7|NOTCH1|NOTCH3|PDGFRA|ABCB1|THBS1|PRDM16|IRX3,-3.1,0
1,-4.4,C0042870,M1,1,0,DisGeNET,35,Vitamin D Deficiency,,-4.4,3.4,5.1,30293,153,871,15,1.7,0.44,348|1717|1906|2308|2917|3486|4036|4322|5054|5251|6319|7040|7052|7076|7138,APOE|DHCR7|EDN1|FOXO1|GRM7|IGFBP3|LRP2|MMP13|SERPINE1|PHEX|SCD|TGFB1|TGM2|TIMP1|TNNT1,-3.1,0
1,-4.4,C3642345,M1,1,0,DisGeNET,35,Luminal A Breast Carcinoma,,-4.4,3.4,5.1,30293,153,871,15,1.7,0.44,2263|2321|4015|4060|4288|4313|6513|6781|7048|7112|7431|7832|8614|27324|100133941,FGFR2|FLT1|LOX|LUM|MKI67|MMP2|SLC2A1|STC1|TGFBR2|TMPO|VIM|BTG2|STC2|TOX3|CD24,-3.1,0
1,-4.4,C0333641,M1,1,0,DisGeNET,35,Atrophic,,-4.4,5.4,5.8,30293,58,871,9,1,0.34,348|1191|1612|2308|3075|6285|7040|7052|7431,APOE|CLU|DAPK1|FOXO1|CFH|S100B|TGFB1|TGM2|VIM,-3.1,0
1,-4.4,C1389018,M1,1,0,DisGeNET,35,Atrioventricular Septal Defect,,-4.4,5.4,5.8,30293,58,871,9,1,0.34,90|652|2627|2697|6899|7021|7547|9464|221662,ACVR1|BMP4|GATA6|GJA1|TBX1|TFAP2B|ZIC3|HAND2|RBM24,-3.1,0
1,-4.4,C3900098,M1,1,0,DisGeNET,35,Adult Myelodysplastic Syndrome,,-4.4,2.5,4.8,30293,332,871,24,2.8,0.55,861|1028|1030|1604|1612|1958|2030|2321|2624|3400|4313|5243|7040|7048|7075|7291|7852|8140|10221|10962|11010|80319|83539|729857,RUNX1|CDKN1C|CDKN2B|CD55|DAPK1|EGR1|SLC29A1|FLT1|GATA2|ID4|MMP2|ABCB1|TGFB1|TGFBR2|TIE1|TWIST1|CXCR4|SLC7A5|TRIB1|MLLT11|GLIPR1|CXXC4|CHST9|RGPD2,-3.1,0
1,-4.4,C0035579,M1,1,0,DisGeNET,35,Rickets,,-4.4,4.8,5.6,30293,72,871,10,1.1,0.36,570|1717|1909|4036|4322|5251|7052|26227|29968|57007,BAAT|DHCR7|EDNRA|LRP2|MMP13|PHEX|TGM2|PHGDH|PSAT1|ACKR3,-3.1,0
1,-4.4,C4728046,M1,1,0,DisGeNET,35,Diabetic wound,,-4.4,4.8,5.6,30293,72,871,10,1.1,0.36,1490|2252|2308|2697|4312|6387|7040|7852|7857|51129,CCN2|FGF7|FOXO1|GJA1|MMP1|CXCL12|TGFB1|CXCR4|SCG2|ANGPTL4,-3.1,0
1,-4.4,C0005398,M1,1,0,DisGeNET,35,"Cholestasis, Extrahepatic",,-4.4,4.4,5.5,30293,87,871,11,1.3,0.38,59|1030|1281|1392|1490|2706|4313|5764|7040|7076|27295,ACTA2|CDKN2B|COL3A1|CRH|CCN2|GJB2|MMP2|PTN|TGFB1|TIMP1|PDLIM3,-3.1,0
1,-4.4,C0154723,M1,1,0,DisGeNET,35,Migraine with Aura,,-4.4,4.4,5.5,30293,87,871,11,1.3,0.38,348|1906|1909|1910|2890|4313|4325|4854|7048|10100|63976,APOE|EDN1|EDNRA|EDNRB|GRIA1|MMP2|MMP16|NOTCH3|TGFBR2|TSPAN2|PRDM16,-3.1,0
1,-4.4,C0037763,M1,1,0,DisGeNET,35,Spasm,,-4.4,3.2,5.1,30293,172,871,16,1.8,0.46,1030|1282|1392|1906|2043|2066|2556|2670|3315|3736|4908|6444|6513|26227|29968|56896,CDKN2B|COL4A1|CRH|EDN1|EPHA4|ERBB4|GABRA3|GFAP|HSPB1|KCNA1|NTF3|SGCD|SLC2A1|PHGDH|PSAT1|DPYSL5,-3.1,0
1,-4.4,C0234533,M1,1,0,DisGeNET,35,Generalized seizures,,-4.4,3,5,30293,210,871,18,2.1,0.48,348|1191|1268|1392|1501|2022|2048|2512|5066|5243|6513|6529|6546|6925|7040|7364|8492|26047,APOE|CLU|CNR1|CRH|CTNND2|ENG|EPHB2|FTL|PAM|ABCB1|SLC2A1|SLC6A1|SLC8A1|TCF4|TGFB1|UGT2B7|PRSS12|CNTNAP2,-3.1,0
1,-4.4,C0086132,M1,1,0,DisGeNET,35,Depressive Symptoms,,-4.4,2.3,4.7,30293,421,871,28,3.2,0.6,348|1268|1392|1545|1909|2308|2668|2697|2890|3084|3488|3554|4129|4133|4232|4747|4908|5021|5054|5066|5155|5243|6281|7021|7040|7076|8871|57007,APOE|CNR1|CRH|CYP1B1|EDNRA|FOXO1|GDNF|GJA1|GRIA1|NRG1|IGFBP5|IL1R1|MAOB|MAP2|MEST|NEFL|NTF3|OXTR|SERPINE1|PAM|PDGFB|ABCB1|S100A10|TFAP2B|TGFB1|TIMP1|SYNJ2|ACKR3,-3,0
1,-4.4,C0152136,M1,1,0,DisGeNET,35,Low Tension Glaucoma,,-4.4,4.1,5.3,30293,103,871,12,1.4,0.39,19|348|1030|1545|1906|1909|1910|3382|5362|6507|84898|160335,ABCA1|APOE|CDKN2B|CYP1B1|EDN1|EDNRA|EDNRB|ICA1|PLXNA2|SLC1A3|PLXDC2|TMTC2,-3,0
1,-4.4,C0010964,M1,1,0,DisGeNET,35,Dandy-Walker Syndrome,,-4.4,3.6,5.2,30293,137,871,14,1.6,0.43,701|1282|1717|2296|2683|2706|2719|3708|7545|26227|29968|83604|84107|85416,BUB1B|COL4A1|DHCR7|FOXC1|B4GALT1|GJB2|GPC3|ITPR1|ZIC1|PHGDH|PSAT1|TMEM47|ZIC4|ZIC5,-3,0
1,-4.4,C0022336,M1,1,0,DisGeNET,35,Creutzfeldt-Jakob disease,,-4.4,3.6,5.2,30293,137,871,14,1.6,0.43,348|652|653|875|1509|2670|4747|5243|5742|6000|6285|10763|11075|84107,APOE|BMP4|BMP5|CBS|CTSD|GFAP|NEFL|ABCB1|PTGS1|RGS7|S100B|NES|STMN2|ZIC4,-3,0
1,-4.4,C4048158,M1,1,0,DisGeNET,35,Convulsions,,-4.4,3.2,5,30293,173,871,16,1.8,0.46,348|1030|1191|1268|1293|1392|2149|5066|5155|5243|5327|5999|6513|6529|6546|6925,APOE|CDKN2B|CLU|CNR1|COL6A3|CRH|F2R|PAM|PDGFB|ABCB1|PLAT|RGS4|SLC2A1|SLC6A1|SLC8A1|TCF4,-3,0
1,-4.4,C0339143,M1,1,0,DisGeNET,35,Thyroid associated opthalmopathies,,-4.4,3,4.9,30293,211,871,18,2.1,0.48,655|1381|1490|1734|3488|3491|4313|4739|5054|5806|6319|6422|6751|7040|7076|7412|8877|55075,BMP7|CRABP1|CCN2|DIO2|IGFBP5|CCN1|MMP2|NEDD9|SERPINE1|PTX3|SCD|SFRP1|SSTR1|TGFB1|TIMP1|VCAM1|SPHK1|UACA,-3,0
1,-4.4,C0877009,M1,1,0,DisGeNET,35,Muscle fibrosis,,-4.4,7.2,6.2,30293,34,871,7,0.8,0.3,1490|1634|2273|5054|7040|7076|7412,CCN2|DCN|FHL1|SERPINE1|TGFB1|TIMP1|VCAM1,-3,0
1,-4.4,C4025252,M1,1,0,DisGeNET,35,Abnormal nasal morphology,,-4.4,7.2,6.2,30293,34,871,7,0.8,0.3,182|894|2627|5648|6899|10370|117581,JAG1|CCND2|GATA6|MASP1|TBX1|CITED2|TWIST2,-3,0
1,-4.4,C0011434,M1,1,0,DisGeNET,35,"Dentin, Secondary",,-4.4,17,8,30293,8,871,4,0.46,0.23,5251|6513|7040|10763,PHEX|SLC2A1|TGFB1|NES,-3,0
1,-4.4,C0919989,M1,1,0,DisGeNET,35,Metastatic renal carcinoma,,-4.4,17,8,30293,8,871,4,0.46,0.23,2719|4233|7076|7852,GPC3|MET|TIMP1|CXCR4,-3,0
1,-4.4,C1567744,M1,1,0,DisGeNET,35,"Alport Syndrome, Autosomal Recessive",,-4.4,17,8,30293,8,871,4,0.46,0.23,1285|1286|1287|4627,COL4A3|COL4A4|COL4A5|MYH9,-3,0
1,-4.4,C4723619,M1,1,0,DisGeNET,35,Brain Ependymoma,,-4.4,17,8,30293,8,871,4,0.46,0.23,3371|4747|5156|55859,TNC|NEFL|PDGFRA|BEX1,-3,0
1,-4.4,C3714514,M1,1,0,DisGeNET,35,Infection,,-4.4,2.2,4.6,30293,491,871,31,3.6,0.63,133|290|348|1604|2022|2149|2495|2512|3075|3315|3491|3554|4313|4747|5155|5156|5327|5328|5742|5806|6285|6387|6513|6696|7040|7076|7412|7431|7852|8870|131578,ADM|ANPEP|APOE|CD55|ENG|F2R|FTH1|FTL|CFH|HSPB1|CCN1|IL1R1|MMP2|NEFL|PDGFB|PDGFRA|PLAT|PLAU|PTGS1|PTX3|S100B|CXCL12|SLC2A1|SPP1|TGFB1|TIMP1|VCAM1|VIM|CXCR4|IER3|LRRC15,-3,0
1,-4.4,C1861172,M1,1,0,DisGeNET,35,Venous Thromboembolism,,-4.4,2.4,4.7,30293,378,871,26,3,0.58,150|284|953|1356|1906|2149|2202|2244|2512|2621|2674|3090|5054|5327|7040|7042|7043|7291|9966|10630|55655|80274|84898|91584|148281|375033,ADRA2A|ANGPT1|ENTPD1|CP|EDN1|F2R|EFEMP1|FGB|FTL|GAS6|GFRA1|HIC1|SERPINE1|PLAT|TGFB1|TGFB2|TGFB3|TWIST1|TNFSF15|PDPN|NLRP2|SCUBE1|PLXDC2|PLXNA4|SYT6|PEAR1,-3,0
1,-4.4,C0018206,M1,1,0,DisGeNET,35,granulosa cell tumor,,-4.4,4.3,5.4,30293,88,871,11,1.3,0.38,133|894|1240|2308|3487|5156|7040|7046|7431|10468|50507,ADM|CCND2|CMKLR1|FOXO1|IGFBP4|PDGFRA|TGFB1|TGFBR1|VIM|FST|NOX4,-3,0
1,-4.4,C1383860,M1,1,0,DisGeNET,35,Cardiac Hypertrophy,,-4.4,4.3,5.4,30293,88,871,11,1.3,0.38,150|894|1545|1906|2621|3976|4502|4879|8613|9464|9495,ADRA2A|CCND2|CYP1B1|EDN1|GAS6|LIF|MT2A|NPPB|PLPP3|HAND2|AKAP5,-3,0
1,-4.3,C0034888,M1,1,0,DisGeNET,35,Rectal Prolapse,,-4.3,6,5.9,30293,46,871,8,0.92,0.32,2048|4312|5328|7040|7076|8425|9846|51232,EPHB2|MMP1|PLAU|TGFB1|TIMP1|LTBP4|GAB2|CRIM1,-3,0
1,-4.3,C2347761,M1,1,0,DisGeNET,35,Childhood Myelodysplastic Syndrome,,-4.3,2.5,4.7,30293,335,871,24,2.8,0.55,861|1028|1030|1604|1612|1958|2030|2321|2624|3400|4313|5243|7040|7048|7075|7291|7852|8140|10221|10962|11010|80319|83539|729857,RUNX1|CDKN1C|CDKN2B|CD55|DAPK1|EGR1|SLC29A1|FLT1|GATA2|ID4|MMP2|ABCB1|TGFB1|TGFBR2|TIE1|TWIST1|CXCR4|SLC7A5|TRIB1|MLLT11|GLIPR1|CXXC4|CHST9|RGPD2,-3,0
1,-4.3,C0030521,M1,1,0,DisGeNET,35,Parathyroid Neoplasms,,-4.3,4,5.3,30293,104,871,12,1.4,0.39,1030|1909|2048|3090|4288|4313|6424|6899|8490|10149|22943|57007,CDKN2B|EDNRA|EPHB2|HIC1|MKI67|MMP2|SFRP4|TBX1|RGS5|ADGRG2|DKK1|ACKR3,-3,0
1,-4.3,C0598589,M1,1,0,DisGeNET,35,Inherited neuropathies,,-4.3,4,5.3,30293,104,871,12,1.4,0.39,19|1902|1959|2617|3315|3708|3736|4908|5354|6507|6586|9516,ABCA1|LPAR1|EGR2|GARS1|HSPB1|ITPR1|KCNA1|NTF3|PLP1|SLC1A3|SLIT3|LITAF,-3,0
1,-4.3,C0409345,M1,1,0,DisGeNET,35,Flexion contracture - wrist,,-4.3,12,7.1,30293,15,871,5,0.57,0.26,2201|4313|6913|9719|10216,FBN2|MMP2|TBX15|ADAMTSL2|PRG4,-3,0
1,-4.3,C0275524,M1,1,0,DisGeNET,35,Coinfection,,-4.3,2.8,4.8,30293,252,871,20,2.3,0.51,19|649|953|1392|1612|1717|1958|2697|3075|4312|5054|6319|6387|7040|7852|9518|10580|10625|23541|50863,ABCA1|BMP1|ENTPD1|CRH|DAPK1|DHCR7|EGR1|GJA1|CFH|MMP1|SERPINE1|SCD|CXCL12|TGFB1|CXCR4|GDF15|SORBS1|IVNS1ABP|SEC14L2|NTM,-3,0
1,-4.3,C0206667,M1,1,0,DisGeNET,35,Adrenal Cortical Adenoma,,-4.3,3.3,5.1,30293,156,871,15,1.7,0.44,133|1028|1030|1392|1978|2308|2627|3983|5243|6285|7291|7431|7852|8507|10763,ADM|CDKN1C|CDKN2B|CRH|EIF4EBP1|FOXO1|GATA6|ABLIM1|ABCB1|S100B|TWIST1|VIM|CXCR4|ENC1|NES,-3,0
1,-4.3,C0206656,M1,1,0,DisGeNET,35,Embryonal Rhabdomyosarcoma,,-4.3,3.7,5.2,30293,121,871,13,1.5,0.41,701|1028|1674|2048|2308|4233|4313|4851|5077|7040|7852|10252|23462,BUB1B|CDKN1C|DES|EPHB2|FOXO1|MET|MMP2|NOTCH1|PAX3|TGFB1|CXCR4|SPRY1|HEY1,-3,0
1,-4.3,C0030354,M1,1,0,DisGeNET,35,Papilloma,,-4.3,2.7,4.8,30293,273,871,21,2.4,0.52,348|1030|1191|1634|2048|3371|3486|4288|4312|4851|5055|5178|5327|6513|7040|7057|10611|23541|27087|54541|55366,APOE|CDKN2B|CLU|DCN|EPHB2|TNC|IGFBP3|MKI67|MMP1|NOTCH1|SERPINB2|PEG3|PLAT|SLC2A1|TGFB1|THBS1|PDLIM5|SEC14L2|B3GAT1|DDIT4|LGR4,-3,0
1,-4.3,C0162534,M1,1,0,DisGeNET,35,Prion Diseases,,-4.3,3.2,5,30293,175,871,16,1.8,0.46,19|288|348|683|928|1191|1509|2670|3075|4747|6507|7042|7043|11075|140885|257194,ABCA1|ANK3|APOE|BST1|CD9|CLU|CTSD|GFAP|CFH|NEFL|SLC1A3|TGFB2|TGFB3|STMN2|SIRPA|NEGR1,-3,0
1,-4.3,C0003119,M1,1,0,DisGeNET,35,Anophthalmos,,-4.3,4.3,5.4,30293,89,871,11,1.3,0.38,220|652|1282|2296|5080|6657|64093|64220|80144|158326|221662,ALDH1A3|BMP4|COL4A1|FOXC1|PAX6|SOX2|SMOC1|STRA6|FRAS1|FREM1|RBM24,-3,0
1,-4.3,C0851578,M1,1,0,DisGeNET,35,Sleep Disorders,,-4.3,2.4,4.7,30293,359,871,25,2.9,0.57,348|1392|1909|2030|2317|2321|3736|4036|4502|5080|5243|5362|6319|6513|6657|7021|8492|9627|10699|23263|23541|26047|57007|64072|150094,APOE|CRH|EDNRA|SLC29A1|FLNB|FLT1|KCNA1|LRP2|MT2A|PAX6|ABCB1|PLXNA2|SCD|SLC2A1|SOX2|TFAP2B|PRSS12|SNCAIP|CORIN|MCF2L|SEC14L2|CNTNAP2|ACKR3|CDH23|SIK1,-3,0
1,-4.3,C0003466,M1,1,0,DisGeNET,35,"Anus, Imperforate",,-4.3,3.5,5.1,30293,139,871,14,1.6,0.43,1910|2263|2294|4281|5125|6299|6657|6899|6926|7291|7547|22943|80144|117581,EDNRB|FGFR2|FOXF1|MID1|PCSK5|SALL1|SOX2|TBX1|TBX3|TWIST1|ZIC3|DKK1|FRAS1|TWIST2,-3,0
1,-4.3,C0020302,M1,1,0,DisGeNET,35,Hydrophthalmos,,-4.3,5.2,5.6,30293,60,871,9,1,0.34,1545|2263|2296|2697|4053|5080|5362|7291|7837,CYP1B1|FGFR2|FOXC1|GJA1|LTBP2|PAX6|PLXNA2|TWIST1|PXDN,-3,0
1,-4.3,C0037926,M1,1,0,DisGeNET,35,Compression of spinal cord,,-4.3,5.2,5.6,30293,60,871,9,1,0.34,348|1958|2317|2668|4921|5251|5327|6285|8600,APOE|EGR1|FLNB|GDNF|DDR2|PHEX|PLAT|S100B|TNFSF11,-3,0
1,-4.3,C0282488,M1,1,0,DisGeNET,35,Interstitial Cystitis,,-4.3,3.7,5.2,30293,122,871,13,1.5,0.41,146|1392|1634|1839|1844|1993|4879|5055|6591|7130|7431|7481|8829,ADRA1D|CRH|DCN|HBEGF|DUSP2|ELAVL2|NPPB|SERPINB2|SNAI2|TNFAIP6|VIM|WNT11|NRP1,-3,0
1,-4.3,C1456781,M1,1,0,DisGeNET,35,Benign melanocytic nevus,,-4.3,3.7,5.2,30293,122,871,13,1.5,0.41,214|1030|1759|1906|1993|2706|2719|3315|4036|4948|5077|5083|10763,ALCAM|CDKN2B|DNM1|EDN1|ELAVL2|GJB2|GPC3|HSPB1|LRP2|OCA2|PAX3|PAX9|NES,-3,0
1,-4.3,C0010034,M1,1,0,DisGeNET,35,Corneal Diseases,,-4.3,5.9,5.8,30293,47,871,8,0.92,0.32,348|1674|2670|2697|4313|5080|6925|7040,APOE|DES|GFAP|GJA1|MMP2|PAX6|TCF4|TGFB1,-3,0
1,-4.3,C3887875,M1,1,0,DisGeNET,35,Visual field defects,,-4.3,5.9,5.8,30293,47,871,8,0.92,0.32,1281|1282|2022|5961|7048|7291|7545|51816,COL3A1|COL4A1|ENG|PRPH2|TGFBR2|TWIST1|ZIC1|ADA2,-3,0
1,-4.3,C0267187,M1,1,0,DisGeNET,35,Intestinal metaplasia of gastric mucosa,,-4.3,7,6.1,30293,35,871,7,0.8,0.3,570|2297|5307|6657|7076|8549|100133941,BAAT|FOXD1|PITX1|SOX2|TIMP1|LGR5|CD24,-2.9,0
1,-4.3,C1843496,M1,1,0,DisGeNET,35,Bilateral microphthalmos,,-4.3,7,6.1,30293,35,871,7,0.8,0.3,652|2697|5080|6657|7837|64220|80144,BMP4|GJA1|PAX6|SOX2|PXDN|STRA6|FRAS1,-2.9,0
1,-4.3,C2745900,M1,1,0,DisGeNET,35,Promyelocytic leukemia,,-4.3,2.7,4.8,30293,255,871,20,2.3,0.51,182|861|2066|2308|2624|2668|2674|3232|3486|5327|6422|7057|7431|7852|10628|23677|26227|28984|55638|79971,JAG1|RUNX1|ERBB4|FOXO1|GATA2|GDNF|GFRA1|HOXD3|IGFBP3|PLAT|SFRP1|THBS1|VIM|CXCR4|TXNIP|SH3BP4|PHGDH|RGCC|SYBU|WLS,-2.9,0
1,-4.3,C0278987,M1,1,0,DisGeNET,35,Metastatic non-small cell lung cancer,,-4.3,3.9,5.2,30293,106,871,12,1.4,0.39,894|4233|6285|6387|6591|6696|7057|7130|7291|7852|22943|57007,CCND2|MET|S100B|CXCL12|SNAI2|SPP1|THBS1|TNFAIP6|TWIST1|CXCR4|DKK1|ACKR3,-2.9,0
1,-4.3,C0029434,M1,1,0,DisGeNET,35,Osteogenesis Imperfecta,,-4.3,4.3,5.3,30293,90,871,11,1.3,0.38,570|649|1281|1634|3371|4015|5176|7852|8600|55512|55603,BAAT|BMP1|COL3A1|DCN|TNC|LOX|SERPINF1|CXCR4|TNFSF11|SMPD3|TENT5A,-2.9,0
1,-4.3,C0205641,M1,1,0,DisGeNET,35,"Adenocarcinoma, Basal Cell",,-4.3,3.7,5.1,30293,123,871,13,1.5,0.41,348|1028|1490|1612|2202|3399|3856|4233|4288|5328|6696|7040|79633,APOE|CDKN1C|CCN2|DAPK1|EFEMP1|ID3|KRT8|MET|MKI67|PLAU|SPP1|TGFB1|FAT4,-2.9,0
1,-4.3,C2936349,M1,1,0,DisGeNET,35,"Plaque, Amyloid",,-4.3,3.7,5.1,30293,123,871,13,1.5,0.41,19|348|715|1509|1634|2670|3315|4129|4133|4502|6285|6422|84570,ABCA1|APOE|C1R|CTSD|DCN|GFAP|HSPB1|MAOB|MAP2|MT2A|S100B|SFRP1|COL25A1,-2.9,0
1,-4.3,C0349458,M1,1,0,DisGeNET,35,Cervical intraepithelial neoplasia grade 1,,-4.3,4.6,5.4,30293,75,871,10,1.1,0.36,953|3315|4233|4288|4312|4313|7431|7545|23089|23705,ENTPD1|HSPB1|MET|MKI67|MMP1|MMP2|VIM|ZIC1|PEG10|CADM1,-2.9,0
1,-4.2,C0392885,M1,1,0,DisGeNET,35,High density lipoprotein measurement,,-4.2,2.1,4.5,30293,545,871,33,3.8,0.65,19|348|861|1268|1282|1717|2334|2590|3084|4322|4854|6444|6518|6876|6928|7046|7078|8029|9846|10351|10512|10699|10718|23705|51129|54437|55512|55534|55959|64399|83729|84870|131034,ABCA1|APOE|RUNX1|CNR1|COL4A1|DHCR7|AFF2|GALNT2|NRG1|MMP13|NOTCH3|SGCD|SLC2A5|TAGLN|HNF1B|TGFBR1|TIMP3|CUBN|GAB2|ABCA8|SEMA3C|CORIN|NRG3|CADM1|ANGPTL4|SEMA5B|SMPD3|MAML3|SULF2|HHIP|INHBE|RSPO3|CPNE4,-2.9,0
1,-4.2,C0040761,M1,1,0,DisGeNET,35,Transposition of Great Vessels,,-4.2,5.1,5.6,30293,61,871,9,1,0.34,2627|2719|5251|6285|6899|7040|7052|7547|26227,GATA6|GPC3|PHEX|S100B|TBX1|TGFB1|TGM2|ZIC3|PHGDH,-2.9,0
1,-4.2,C0678213,M1,1,0,DisGeNET,35,Complete hydatidiform mole,,-4.2,5.1,5.6,30293,61,871,9,1,0.34,1028|1509|3976|4313|5178|6696|7262|7291|9832,CDKN1C|CTSD|LIF|MMP2|PEG3|SPP1|PHLDA2|TWIST1|JAKMIP2,-2.9,0
1,-4.2,C0206664,M1,1,0,DisGeNET,35,Teratocarcinoma,,-4.2,3.5,5,30293,141,871,14,1.6,0.43,133|348|1674|1993|2048|2252|2263|2321|2670|5156|6657|6899|7057|10468,ADM|APOE|DES|ELAVL2|EPHB2|FGF7|FGFR2|FLT1|GFAP|PDGFRA|SOX2|TBX1|THBS1|FST,-2.9,0
1,-4.2,C1456868,M1,1,0,DisGeNET,35,Diabetic foot ulcer,,-4.2,3.9,5.2,30293,107,871,12,1.4,0.39,1490|2697|3315|4015|4312|5155|6387|6696|7040|7076|7078|57124,CCN2|GJA1|HSPB1|LOX|MMP1|PDGFB|CXCL12|SPP1|TGFB1|TIMP1|TIMP3|CD248,-2.9,0
1,-4.2,C0020474,M1,1,0,DisGeNET,35,"Hyperlipidemia, Familial Combined",,-4.2,4.2,5.3,30293,91,871,11,1.3,0.38,19|348|1030|1958|1978|3485|5054|5055|6319|7436|10628,ABCA1|APOE|CDKN2B|EGR1|EIF4EBP1|IGFBP2|SERPINE1|SERPINB2|SCD|VLDLR|TXNIP,-2.9,0
1,-4.2,C0206139,M1,1,0,DisGeNET,35,"Lichen Planus, Oral",,-4.2,2.7,4.7,30293,257,871,20,2.3,0.51,1978|3371|4060|4312|4313|4851|5142|5243|6696|7040|7076|7134|7291|7412|7431|10630|54541|56005|57761|79971,EIF4EBP1|TNC|LUM|MMP1|MMP2|NOTCH1|PDE4B|ABCB1|SPP1|TGFB1|TIMP1|TNNC1|TWIST1|VCAM1|VIM|PDPN|DDIT4|MYDGF|TRIB3|WLS,-2.9,0
1,-4.2,C0039093,M1,1,0,DisGeNET,35,Congenital abnormal Synostosis,,-4.2,8.3,6.3,30293,25,871,6,0.69,0.28,2263|2317|4091|7042|7291|7545,FGFR2|FLNB|SMAD6|TGFB2|TWIST1|ZIC1,-2.9,0
1,-4.2,C0040038,M1,1,0,DisGeNET,35,Thromboembolism,,-4.2,8.3,6.3,30293,25,871,6,0.69,0.28,875|953|2621|3624|5327|5328,CBS|ENTPD1|GAS6|INHBA|PLAT|PLAU,-2.9,0
1,-4.2,C0264545,M1,1,0,DisGeNET,35,Thickening of pleura,,-4.2,8.3,6.3,30293,25,871,6,0.69,0.28,655|1906|2149|5054|7040|83716,BMP7|EDN1|F2R|SERPINE1|TGFB1|CRISPLD2,-2.9,0
1,-4.2,C0265294,M1,1,0,DisGeNET,35,Pyle metaphyseal dysplasia,,-4.2,8.3,6.3,30293,25,871,6,0.69,0.28,1028|1300|2697|6424|7040|79971,CDKN1C|COL10A1|GJA1|SFRP4|TGFB1|WLS,-2.9,0
1,-4.2,C0395837,M1,1,0,DisGeNET,35,Stenosis of external auditory canal,,-4.2,8.3,6.3,30293,25,871,6,0.69,0.28,1294|1909|2138|2263|6913|84570,COL7A1|EDNRA|EYA1|FGFR2|TBX15|COL25A1,-2.9,0
1,-4.2,C1306557,M1,1,0,DisGeNET,35,Chronic venous insufficiency,,-4.2,8.3,6.3,30293,25,871,6,0.69,0.28,2022|2202|4312|4313|7040|7412,ENG|EFEMP1|MMP1|MMP2|TGFB1|VCAM1,-2.9,0
1,-4.2,C1833340,M1,1,0,DisGeNET,35,Synostotic Posterior Plagiocephaly,,-4.2,8.3,6.3,30293,25,871,6,0.69,0.28,2263|4091|5648|7291|7545|158326,FGFR2|SMAD6|MASP1|TWIST1|ZIC1|FREM1,-2.9,0
1,-4.2,C0431129,M1,1,0,DisGeNET,35,Adamantinous Craniopharyngioma,,-4.2,5.8,5.7,30293,48,871,8,0.92,0.32,652|1293|1356|2048|4288|6387|6657|7852,BMP4|COL6A3|CP|EPHB2|MKI67|CXCL12|SOX2|CXCR4,-2.9,0
1,-4.2,C0001925,M1,1,0,DisGeNET,35,Albuminuria,,-4.2,4.6,5.4,30293,76,871,10,1.1,0.36,1286|1356|1634|1906|4036|6696|7225|8029|10630|26289,COL4A4|CP|DCN|EDN1|LRP2|SPP1|TRPC6|CUBN|PDPN|AK5,-2.9,0
1,-4.2,C0162770,M1,1,0,DisGeNET,35,Right Ventricular Hypertrophy,,-4.2,3.3,4.9,30293,160,871,15,1.7,0.44,1906|1910|2034|2048|3371|3491|4313|4851|5327|6387|7040|9464|50507|55890|56670,EDN1|EDNRB|EPAS1|EPHB2|TNC|CCN1|MMP2|NOTCH1|PLAT|CXCL12|TGFB1|HAND2|NOX4|GPRC5C|SUCNR1,-2.9,0
1,-4.2,C3898127,M1,1,0,DisGeNET,35,Non-Metastatic Childhood Soft Tissue Sarcoma,,-4.2,3.3,4.9,30293,160,871,15,1.7,0.44,290|1464|1839|2034|2308|4233|4312|5054|5156|5243|6285|6696|7040|7431|389136,ANPEP|CSPG4|HBEGF|EPAS1|FOXO1|MET|MMP1|SERPINE1|PDGFRA|ABCB1|S100B|SPP1|TGFB1|VIM|VGLL3,-2.9,0
1,-4.2,C4733095,M1,1,0,DisGeNET,35,HER2-negative breast cancer,,-4.2,3.3,4.9,30293,160,871,15,1.7,0.44,2066|2173|2263|2697|3084|4233|4320|4605|4851|5054|5214|5328|6285|7832|7852,ERBB4|FABP7|FGFR2|GJA1|NRG1|MET|MMP11|MYBL2|NOTCH1|SERPINE1|PFKP|PLAU|S100B|BTG2|CXCR4,-2.9,0
1,-4.2,C0238397,M1,1,0,DisGeNET,35,Pulmonary artery stenosis,,-4.2,6.8,6,30293,36,871,7,0.8,0.3,2627|4256|8425|8600|10082|22808|57514,GATA6|MGP|LTBP4|TNFSF11|GPC6|MRAS|ARHGAP31,-2.9,0
1,-4.2,C1268935,M1,1,0,DisGeNET,35,Congenital Thrombotic Thrombocytopenic Purpura,,-4.2,6.8,6,30293,36,871,7,0.8,0.3,19|3075|5251|6285|7057|23677|64759,ABCA1|CFH|PHEX|S100B|THBS1|SH3BP4|TNS3,-2.9,0
1,-4.2,C0003962,M1,1,0,DisGeNET,35,Ascites,,-4.2,3,4.8,30293,198,871,17,2,0.47,701|715|1268|1604|2263|3624|3976|4851|6387|6696|6925|7040|7048|7852|9966|57514|79633,BUB1B|C1R|CNR1|CD55|FGFR2|INHBA|LIF|NOTCH1|CXCL12|SPP1|TCF4|TGFB1|TGFBR2|CXCR4|TNFSF15|ARHGAP31|FAT4,-2.9,0
1,-4.2,C0027022,M1,1,0,DisGeNET,35,Myeloproliferative disease,,-4.2,2.4,4.6,30293,365,871,25,2.9,0.57,19|90|794|861|1030|2048|2321|2621|2624|3315|3976|4015|4313|4330|5055|5156|5243|5327|6513|9518|22943|23209|25891|92737|200424,ABCA1|ACVR1|CALB2|RUNX1|CDKN2B|EPHB2|FLT1|GAS6|GATA2|HSPB1|LIF|LOX|MMP2|MN1|SERPINB2|PDGFRA|ABCB1|PLAT|SLC2A1|GDF15|DKK1|MLC1|PAMR1|DNER|TET3,-2.9,0
1,-4.2,C2584778,M1,1,0,DisGeNET,35,"Thrombotic thrombocytopenic purpura, acquired",,-4.2,11,6.8,30293,16,871,5,0.57,0.26,5054|6285|7057|10878|23677,SERPINE1|S100B|THBS1|CFHR3|SH3BP4,-2.9,0
1,-4.2,C2931150,M1,1,0,DisGeNET,35,Synostotic Anterior Plagiocephaly,,-4.2,11,6.8,30293,16,871,5,0.57,0.26,2263|4091|7291|7545|158326,FGFR2|SMAD6|TWIST1|ZIC1|FREM1,-2.9,0
1,-4.2,C3714941,M1,1,0,DisGeNET,35,OTOFACIOCERVICAL SYNDROME 1,,-4.2,11,6.8,30293,16,871,5,0.57,0.26,875|1906|1910|2070|2138,CBS|EDN1|EDNRB|EYA4|EYA1,-2.9,0
1,-4.2,C3665419,M1,1,0,DisGeNET,35,intracranial glioma,,-4.2,3.9,5.1,30293,108,871,12,1.4,0.39,652|1285|2308|2619|4313|5243|5328|5764|6423|6657|7040|23189,BMP4|COL4A3|FOXO1|GAS1|MMP2|ABCB1|PLAU|PTN|SFRP2|SOX2|TGFB1|KANK1,-2.9,0
1,-4.2,C0026618,M1,1,0,DisGeNET,35,"Dental Fluorosis, Acquired",,-4.2,5,5.5,30293,62,871,9,1,0.34,1191|4313|4322|7040|7048|7076|7286|7373|8600,CLU|MMP2|MMP13|TGFB1|TGFBR2|TIMP1|TUFT1|COL14A1|TNFSF11,-2.9,0
1,-4.2,C0028880,M1,1,0,DisGeNET,35,Odontogenic Tumors,,-4.2,5,5.5,30293,62,871,9,1,0.34,652|2048|2719|3554|3875|6513|7042|7431|10630,BMP4|EPHB2|GPC3|IL1R1|KRT18|SLC2A1|TGFB2|VIM|PDPN,-2.9,0
1,-4.2,C2733158,M1,1,0,DisGeNET,35,Cerebral Small Vessel Diseases,,-4.2,5,5.5,30293,62,871,9,1,0.34,348|1282|1284|1634|2296|4638|4747|4854|7040,APOE|COL4A1|COL4A2|DCN|FOXC1|MYLK|NEFL|NOTCH3|TGFB1,-2.9,0
1,-4.2,C2931384,M1,1,0,DisGeNET,35,Moyamoya disease 1,,-4.2,4.2,5.2,30293,92,871,11,1.3,0.38,59|348|1191|2697|3075|4313|4638|5179|7040|7076|9244,ACTA2|APOE|CLU|GJA1|CFH|MMP2|MYLK|PENK|TGFB1|TIMP1|CRLF1,-2.9,0
1,-4.2,C0007621,M1,1,0,DisGeNET,35,Neoplastic Cell Transformation,,-4.2,3.4,5,30293,143,871,14,1.6,0.43,894|1501|1906|2034|3084|4851|5292|6319|6513|7040|7431|7852|8848|26227,CCND2|CTNND2|EDN1|EPAS1|NRG1|NOTCH1|PIM1|SCD|SLC2A1|TGFB1|VIM|CXCR4|TSC22D1|PHGDH,-2.8,0
1,-4.2,C0270846,M1,1,0,DisGeNET,35,Epileptic drop attack,,-4.2,3.4,5,30293,143,871,14,1.6,0.43,348|1191|1268|1392|1759|3736|5066|5243|6513|6529|6546|6925|26227|150094,APOE|CLU|CNR1|CRH|DNM1|KCNA1|PAM|ABCB1|SLC2A1|SLC6A1|SLC8A1|TCF4|PHGDH|SIK1,-2.8,0
1,-4.2,C1332201,M1,1,0,DisGeNET,35,Adult Diffuse Large B-Cell Lymphoma,,-4.2,2.1,4.4,30293,504,871,31,3.6,0.63,701|894|970|976|1028|1030|1612|2173|2308|2321|2624|3090|4233|4851|4854|5142|5243|5292|5789|6387|6546|6696|7431|7852|26227|55655|56005|57007|84433|92737|327657,BUB1B|CCND2|CD70|ADGRE5|CDKN1C|CDKN2B|DAPK1|FABP7|FOXO1|FLT1|GATA2|HIC1|MET|NOTCH1|NOTCH3|PDE4B|ABCB1|PIM1|PTPRD|CXCL12|SLC8A1|SPP1|VIM|CXCR4|PHGDH|NLRP2|MYDGF|ACKR3|CARD11|DNER|SERPINA9,-2.8,0
1,-4.1,C0040822,M1,1,0,DisGeNET,35,Tremor,,-4.1,2.1,4.4,30293,528,871,32,3.7,0.64,19|348|445|1030|1356|1392|1501|1759|1959|2512|2556|2670|3708|3736|4036|5155|5243|5354|6513|7138|7431|8600|8722|9627|9758|10371|23263|29968|51816|54756|64072|150094,ABCA1|APOE|ASS1|CDKN2B|CP|CRH|CTNND2|DNM1|EGR2|FTL|GABRA3|GFAP|ITPR1|KCNA1|LRP2|PDGFB|ABCB1|PLP1|SLC2A1|TNNT1|VIM|TNFSF11|CTSF|SNCAIP|FRMPD4|SEMA3A|MCF2L|PSAT1|ADA2|IL17RD|CDH23|SIK1,-2.8,0
1,-4.1,C1257915,M1,1,0,DisGeNET,35,Intestinal Polyposis,,-4.1,5.7,5.6,30293,49,871,8,0.92,0.32,701|1311|1910|2022|2668|5156|7048|10512,BUB1B|COMP|EDNRB|ENG|GDNF|PDGFRA|TGFBR2|SEMA3C,-2.8,0
1,-4.1,C1332153,M1,1,0,DisGeNET,35,acute myeloid leukemia with multilineage dysplasia following myelodysplastic syndrome,,-4.1,5.7,5.6,30293,49,871,8,0.92,0.32,861|1030|1958|2624|5243|9846|10221|63976,RUNX1|CDKN2B|EGR1|GATA2|ABCB1|GAB2|TRIB1|PRDM16,-2.8,0
1,-4.1,C0000737,M1,1,0,DisGeNET,35,Abdominal Pain,,-4.1,2.5,4.6,30293,302,871,22,2.5,0.53,19|710|715|1604|1634|1910|2321|2668|2719|3075|4233|5243|5327|6696|6925|7048|7852|10512|10699|51816|64072|150094,ABCA1|SERPING1|C1R|CD55|DCN|EDNRB|FLT1|GDNF|GPC3|CFH|MET|ABCB1|PLAT|SPP1|TCF4|TGFBR2|CXCR4|SEMA3C|CORIN|ADA2|CDH23|SIK1,-2.8,0
1,-4.1,C0220613,M1,1,0,DisGeNET,35,Adult Soft Tissue Sarcoma,,-4.1,3.2,4.9,30293,162,871,15,1.7,0.44,290|1464|1839|2034|2308|4233|4312|5054|5156|5243|6285|6696|7040|7431|389136,ANPEP|CSPG4|HBEGF|EPAS1|FOXO1|MET|MMP1|SERPINE1|PDGFRA|ABCB1|S100B|SPP1|TGFB1|VIM|VGLL3,-2.8,0
1,-4.1,C0003855,M1,1,0,DisGeNET,35,Arteriovenous fistula,,-4.1,4.1,5.2,30293,93,871,11,1.3,0.38,655|1674|2149|4312|4313|5054|5806|6696|7040|7046|8870,BMP7|DES|F2R|MMP1|MMP2|SERPINE1|PTX3|SPP1|TGFB1|TGFBR1|IER3,-2.8,0
1,-4.1,C0006272,M1,1,0,DisGeNET,35,Bronchiolitis Obliterans,,-4.1,4.1,5.2,30293,93,871,11,1.3,0.38,652|655|794|2138|5054|5243|6387|7040|7076|7852|54443,BMP4|BMP7|CALB2|EYA1|SERPINE1|ABCB1|CXCL12|TGFB1|TIMP1|CXCR4|ANLN,-2.8,0
1,-4.1,C0178417,M1,1,0,DisGeNET,35,Anhedonia,,-4.1,4.1,5.2,30293,93,871,11,1.3,0.38,288|348|1268|1392|2697|2890|4036|5179|6507|6546|23263,ANK3|APOE|CNR1|CRH|GJA1|GRIA1|LRP2|PENK|SLC1A3|SLC8A1|MCF2L,-2.8,0
1,-4.1,C0011880,M1,1,0,DisGeNET,35,Diabetic Ketoacidosis,,-4.1,5,5.4,30293,63,871,9,1,0.34,133|2670|2697|4313|5798|6285|23677|117581|169026,ADM|GFAP|GJA1|MMP2|PTPRN|S100B|SH3BP4|TWIST2|SLC30A8,-2.8,0
1,-4.1,C4551463,M1,1,0,DisGeNET,35,Colon adenoma,,-4.1,5,5.4,30293,63,871,9,1,0.34,861|2066|2627|5142|7040|7078|22943|23213|55959,RUNX1|ERBB4|GATA6|PDE4B|TGFB1|TIMP3|DKK1|SULF1|SULF2,-2.8,0
1,-4.1,C0878693,M1,1,0,DisGeNET,35,Conjunctivochalasis,,-4.1,15,7.5,30293,9,871,4,0.46,0.23,4312|4313|7076|7078,MMP1|MMP2|TIMP1|TIMP3,-2.8,0
1,-4.1,C1536451,M1,1,0,DisGeNET,35,Central areolar choroidal sclerosis,,-4.1,15,7.5,30293,9,871,4,0.46,0.23,5362|5961|7078|92211,PLXNA2|PRPH2|TIMP3|CDHR1,-2.8,0
1,-4.1,C2700265,M1,1,0,DisGeNET,35,Waardenburg Syndrome Type 2,,-4.1,15,7.5,30293,9,871,4,0.46,0.23,1910|2706|5077|6591,EDNRB|GJB2|PAX3|SNAI2,-2.8,0
1,-4.1,C0239337,M1,1,0,DisGeNET,35,Deformity of limb,,-4.1,6.6,5.8,30293,37,871,7,0.8,0.3,2263|2697|5077|5648|7291|9464|26585,FGFR2|GJA1|PAX3|MASP1|TWIST1|HAND2|GREM1,-2.8,0
1,-4.1,C0473583,M1,1,0,DisGeNET,35,Nevus elasticus,,-4.1,6.6,5.8,30293,37,871,7,0.8,0.3,1906|3075|4015|4256|4313|4629|6696,EDN1|CFH|LOX|MGP|MMP2|MYH11|SPP1,-2.8,0
1,-4.1,C0346429,M1,1,0,DisGeNET,35,Multiple malignancy,,-4.1,3.2,4.8,30293,163,871,15,1.7,0.44,1958|2719|3084|4233|4502|4605|5055|6925|7057|7078|7291|55366|64123|90362|92737,EGR1|GPC3|NRG1|MET|MT2A|MYBL2|SERPINB2|TCF4|THBS1|TIMP3|TWIST1|LGR4|ADGRL4|FAM110B|DNER,-2.8,0
1,-4.1,C0041960,M1,1,0,DisGeNET,35,Ureterocele,,-4.1,8,6.2,30293,26,871,6,0.69,0.28,2043|2045|3736|3975|6928|150094,EPHA4|EPHA7|KCNA1|LHX1|HNF1B|SIK1,-2.8,0
1,-4.1,C1867103,M1,1,0,DisGeNET,35,Limited elbow extension,,-4.1,8,6.2,30293,26,871,6,0.69,0.28,1311|2263|2317|4322|6424|9244,COMP|FGFR2|FLNB|MMP13|SFRP4|CRLF1,-2.8,0
1,-4.1,C0027832,M1,1,0,DisGeNET,35,Neurofibromatosis 2,,-4.1,3.6,5,30293,127,871,13,1.5,0.41,1490|2022|2321|3491|3976|4288|4330|5054|5327|7078|7852|10611|23705,CCN2|ENG|FLT1|CCN1|LIF|MKI67|MN1|SERPINE1|PLAT|TIMP3|CXCR4|PDLIM5|CADM1,-2.8,0
1,-4.1,C0015310,M1,1,0,DisGeNET,35,Exotropia,,-4.1,4.5,5.3,30293,78,871,10,1.1,0.36,1282|1674|2066|4948|6899|7043|7046|7048|10763|253738,COL4A1|DES|ERBB4|OCA2|TBX1|TGFB3|TGFBR1|TGFBR2|NES|EBF3,-2.8,0
1,-4.1,C1868684,M1,1,0,DisGeNET,35,"EAR, PATELLA, SHORT STATURE SYNDROME",,-4.1,4.5,5.3,30293,78,871,10,1.1,0.36,348|653|1490|2048|3708|4129|4627|5054|7040|10630,APOE|BMP5|CCN2|EPHB2|ITPR1|MAOB|MYH9|SERPINE1|TGFB1|PDPN,-2.8,0
1,-4.1,C0001883,M1,1,0,DisGeNET,35,Airway Obstruction,,-4.1,3.8,5.1,30293,110,871,12,1.4,0.39,710|1906|1909|1910|4312|5054|5327|6696|7040|7076|56005|64399,SERPING1|EDN1|EDNRA|EDNRB|MMP1|SERPINE1|PLAT|SPP1|TGFB1|TIMP1|MYDGF|HHIP,-2.8,0
1,-4.1,C0860603,M1,1,0,DisGeNET,35,Anxiety symptoms,,-4.1,3.8,5.1,30293,110,871,12,1.4,0.39,133|348|1268|1392|1909|2619|4313|5054|5055|6869|10699|57007,ADM|APOE|CNR1|CRH|EDNRA|GAS1|MMP2|SERPINE1|SERPINB2|TACR1|CORIN|ACKR3,-2.8,0
1,-4.1,C0238301,M1,1,0,DisGeNET,35,Cancer of Nasopharynx,,-4.1,3.4,4.9,30293,145,871,14,1.6,0.43,1909|1958|4312|4313|4502|4837|6657|6696|7852|7980|10630|27253|55504|79971,EDNRA|EGR1|MMP1|MMP2|MT2A|NNMT|SOX2|SPP1|CXCR4|TFPI2|PDPN|PCDH17|TNFRSF19|WLS,-2.8,0
1,-4.1,C0428472,M1,1,0,DisGeNET,35,Serum HDL cholesterol measurement,,-4.1,2.6,4.6,30293,283,871,21,2.4,0.52,19|1268|1282|1717|2334|2590|3084|4322|4854|6444|6518|6928|7046|7078|8029|10351|10699|10718|23705|51129|55512,ABCA1|CNR1|COL4A1|DHCR7|AFF2|GALNT2|NRG1|MMP13|NOTCH3|SGCD|SLC2A5|HNF1B|TGFBR1|TIMP3|CUBN|ABCA8|CORIN|NRG3|CADM1|ANGPTL4|SMPD3,-2.8,0
1,-4.1,C0151468,M1,1,0,DisGeNET,35,Thyroid Gland Follicular Adenoma,,-4.1,2.9,4.7,30293,202,871,17,2,0.47,1030|1381|1634|1734|1893|2263|2706|2719|3490|4312|6387|7040|7076|7852|116496|151887|644943,CDKN2B|CRABP1|DCN|DIO2|ECM1|FGFR2|GJB2|GPC3|IGFBP7|MMP1|CXCL12|TGFB1|TIMP1|CXCR4|NIBAN1|CCDC80|RASSF10,-2.8,0
1,-4.1,C0079772,M1,1,0,DisGeNET,35,T-Cell Lymphoma,,-4.1,2.2,4.4,30293,485,871,30,3.4,0.62,894|970|1030|1958|1978|2668|3399|3702|4094|4233|4288|4851|5156|5243|5292|6285|6387|6513|7040|7852|8543|8829|9891|10216|23705|55655|79971|84662|117581|100133941,CCND2|CD70|CDKN2B|EGR1|EIF4EBP1|GDNF|ID3|ITK|MAF|MET|MKI67|NOTCH1|PDGFRA|ABCB1|PIM1|S100B|CXCL12|SLC2A1|TGFB1|CXCR4|LMO4|NRP1|NUAK1|PRG4|CADM1|NLRP2|WLS|GLIS2|TWIST2|CD24,-2.8,0
1,-4.1,C0013404,M1,1,0,DisGeNET,35,Dyspnea,,-4.1,2.8,4.7,30293,222,871,18,2.1,0.48,182|348|715|1490|1906|1959|2022|2030|2043|2066|4053|4879|5362|6696|7040|7134|7547|9244,JAG1|APOE|C1R|CCN2|EDN1|EGR2|ENG|SLC29A1|EPHA4|ERBB4|LTBP2|NPPB|PLXNA2|SPP1|TGFB1|TNNC1|ZIC3|CRLF1,-2.8,0
1,-4.1,C1392786,M1,1,0,DisGeNET,35,Cognitive changes,,-4.1,5.6,5.6,30293,50,871,8,0.92,0.32,348|1501|3485|3977|4036|4747|5362|10718,APOE|CTNND2|IGFBP2|LIFR|LRP2|NEFL|PLXNA2|NRG3,-2.8,0
1,-4.1,C1862939,M1,1,0,DisGeNET,35,AMYOTROPHIC LATERAL SCLEROSIS 1,,-4.1,3.2,4.8,30293,164,871,15,1.7,0.44,288|794|1191|1501|1509|2066|2637|2670|3315|4502|4747|4978|5179|5648|7431,ANK3|CALB2|CLU|CTNND2|CTSD|ERBB4|GBX2|GFAP|HSPB1|MT2A|NEFL|OPCML|PENK|MASP1|VIM,-2.8,0
1,-4.1,C0029134,M1,1,0,DisGeNET,35,Optic Neuritis,,-4.1,4.4,5.2,30293,79,871,10,1.1,0.36,348|1268|1906|2670|4313|4747|5362|7262|23209|56896,APOE|CNR1|EDN1|GFAP|MMP2|NEFL|PLXNA2|PHLDA2|MLC1|DPYSL5,-2.8,0
1,-4.1,C0027059,M1,1,0,DisGeNET,35,Myocarditis,,-4.1,2.6,4.6,30293,285,871,21,2.4,0.52,1191|1839|1906|1978|2048|2066|2149|2697|3084|3315|3702|4313|6513|6581|6696|7043|7980|8600|50507|51435|56005,CLU|HBEGF|EDN1|EIF4EBP1|EPHB2|ERBB4|F2R|GJA1|NRG1|HSPB1|ITK|MMP2|SLC2A1|SLC22A3|SPP1|TGFB3|TFPI2|TNFSF11|NOX4|SCARA3|MYDGF,-2.8,0
1,-4,C4551675,M1,1,0,DisGeNET,35,"Keratoderma, Palmoplantar",,-4,3.2,4.8,30293,165,871,15,1.7,0.44,70|1674|1832|2263|2697|2706|3910|6444|6578|7112|7134|7373|27063|63976|348938,ACTC1|DES|DSP|FGFR2|GJA1|GJB2|LAMA4|SGCD|SLCO2A1|TMPO|TNNC1|COL14A1|ANKRD1|PRDM16|NIPAL4,-2.7,0
1,-4,C0235259,M1,1,0,DisGeNET,35,Subcapsular cataract,,-4,10,6.5,30293,17,871,5,0.57,0.26,1490|1545|2296|5080|7040,CCN2|CYP1B1|FOXC1|PAX6|TGFB1,-2.7,0
1,-4,C0426422,M1,1,0,DisGeNET,35,Narrow nose,,-4,10,6.5,30293,17,871,5,0.57,0.26,2138|2263|2697|6492|7291,EYA1|FGFR2|GJA1|SIM1|TWIST1,-2.7,0
1,-4,C1720816,M1,1,0,DisGeNET,35,Endometrial Diseases,,-4,10,6.5,30293,17,871,5,0.57,0.26,1191|4313|6387|7852|57007,CLU|MMP2|CXCL12|CXCR4|ACKR3,-2.7,0
1,-4,C3495890,M1,1,0,DisGeNET,35,Osteochondral defects,,-4,10,6.5,30293,17,871,5,0.57,0.26,652|655|3371|7040|10216,BMP4|BMP7|TNC|TGFB1|PRG4,-2.7,0
1,-4,C1846460,M1,1,0,DisGeNET,35,Abnormality of the outer ear,,-4,4,5.1,30293,95,871,11,1.3,0.38,547|1906|2138|2263|2697|6299|7291|7837|79633|80144|84570,KIF1A|EDN1|EYA1|FGFR2|GJA1|SALL1|TWIST1|PXDN|FAT4|FRAS1|COL25A1,-2.7,0
1,-4,C0009363,M1,1,0,DisGeNET,35,Congenital ocular coloboma (disorder),,-4,3.5,4.9,30293,129,871,13,1.5,0.41,220|652|655|1287|1545|2294|2296|3912|4094|5080|6657|7042|64220,ALDH1A3|BMP4|BMP7|COL4A5|CYP1B1|FOXF1|FOXC1|LAMB1|MAF|PAX6|SOX2|TGFB2|STRA6,-2.7,0
1,-4,C0266483,M1,1,0,DisGeNET,35,Pachygyria,,-4,3.5,4.9,30293,129,871,13,1.5,0.41,1282|3736|3800|3912|7436|7545|10319|26047|26227|29968|57514|79633|150094,COL4A1|KCNA1|KIF5C|LAMB1|VLDLR|ZIC1|LAMC3|CNTNAP2|PHGDH|PSAT1|ARHGAP31|FAT4|SIK1,-2.7,0
1,-4,C0242422,M1,1,0,DisGeNET,35,Parkinsonian Disorders,,-4,2.3,4.5,30293,373,871,25,2.9,0.57,284|290|348|1268|1356|2512|2668|2670|2674|2697|4036|4129|4747|4854|5155|5179|5243|5328|6513|6696|9518|9627|23263|23336|26047,ANGPT1|ANPEP|APOE|CNR1|CP|FTL|GDNF|GFAP|GFRA1|GJA1|LRP2|MAOB|NEFL|NOTCH3|PDGFB|PENK|ABCB1|PLAU|SLC2A1|SPP1|GDF15|SNCAIP|MCF2L|SYNM|CNTNAP2,-2.7,0
1,-4,C0748355,M1,1,0,DisGeNET,35,Acute respiratory distress,,-4,3.3,4.8,30293,147,871,14,1.6,0.43,284|710|1287|1612|1634|1903|2034|2252|3486|4638|5054|7040|7852|54443,ANGPT1|SERPING1|COL4A5|DAPK1|DCN|S1PR3|EPAS1|FGF7|IGFBP3|MYLK|SERPINE1|TGFB1|CXCR4|ANLN,-2.7,0
1,-4,C0042143,M1,1,0,DisGeNET,35,Uterine Rupture,,-4,26,8.6,30293,4,871,3,0.34,0.2,1281|7046|7048,COL3A1|TGFBR1|TGFBR2,-2.7,0
1,-4,C0155676,M1,1,0,DisGeNET,35,Pulmonary artery aneurysm,,-4,26,8.6,30293,4,871,3,0.34,0.2,1281|7046|7048,COL3A1|TGFBR1|TGFBR2,-2.7,0
1,-4,C0221215,M1,1,0,DisGeNET,35,Common atrioventricular canal,,-4,26,8.6,30293,4,871,3,0.34,0.2,2697|6899|7547,GJA1|TBX1|ZIC3,-2.7,0
1,-4,C0431401,M1,1,0,DisGeNET,35,Gillespie syndrome,,-4,26,8.6,30293,4,871,3,0.34,0.2,59|3708|5080,ACTA2|ITPR1|PAX6,-2.7,0
1,-4,C0856554,M1,1,0,DisGeNET,35,Hepatic cancer metastatic,,-4,26,8.6,30293,4,871,3,0.34,0.2,1392|1909|1910,CRH|EDNRA|EDNRB,-2.7,0
1,-4,C1406659,M1,1,0,DisGeNET,35,Symptomatic epilepsy,,-4,26,8.6,30293,4,871,3,0.34,0.2,2066|3084|7301,ERBB4|NRG1|TYRO3,-2.7,0
1,-4,C1710040,M1,1,0,DisGeNET,35,Secondary Focal Segmental Glomerulosclerosis,,-4,26,8.6,30293,4,871,3,0.34,0.2,2034|7225|7852,EPAS1|TRPC6|CXCR4,-2.7,0
1,-4,C1854114,M1,1,0,DisGeNET,35,Short nose,,-4,2.6,4.6,30293,265,871,20,2.3,0.51,547|701|1028|1717|2263|2317|2619|2697|2719|3090|3977|4036|4094|4921|5077|6925|9719|10082|51816|64093,KIF1A|BUB1B|CDKN1C|DHCR7|FGFR2|FLNB|GAS1|GJA1|GPC3|HIC1|LIFR|LRP2|MAF|DDR2|PAX3|TCF4|ADAMTSL2|GPC6|ADA2|SMOC1,-2.7,0
1,-4,C0036420,M1,1,0,DisGeNET,35,Localized scleroderma,,-4,5.5,5.5,30293,51,871,8,0.92,0.32,654|1311|1490|1634|4312|7040|7431|8425,BMP6|COMP|CCN2|DCN|MMP1|TGFB1|VIM|LTBP4,-2.7,0
1,-4,C1853238,M1,1,0,DisGeNET,35,Conotruncal defect,,-4,5.5,5.5,30293,51,871,8,0.92,0.32,2138|2627|4837|6899|6926|7040|7042|10370,EYA1|GATA6|NNMT|TBX1|TBX3|TGFB1|TGFB2|CITED2,-2.7,0
1,-4,C0280220,M1,1,0,DisGeNET,35,"stage, ovarian epithelial cancer",,-4,4.8,5.3,30293,65,871,9,1,0.34,3090|3485|3486|4288|5243|6277|7291|7545|84107,HIC1|IGFBP2|IGFBP3|MKI67|ABCB1|S100A6|TWIST1|ZIC1|ZIC4,-2.7,0
1,-4,C0346109,M1,1,0,DisGeNET,35,Malignant Mesothelioma of Peritoneum,,-4,4.8,5.3,30293,65,871,9,1,0.34,794|1674|1893|2048|4233|6387|6696|7291|161291,CALB2|DES|ECM1|EPHB2|MET|CXCL12|SPP1|TWIST1|TMEM30B,-2.7,0
1,-4,C0270726,M1,1,0,DisGeNET,35,Alexander Disease,,-4,7.7,6,30293,27,871,6,0.69,0.28,1282|1674|2670|3315|3856|23336,COL4A1|DES|GFAP|HSPB1|KRT8|SYNM,-2.7,0
1,-4,C4551936,M1,1,0,DisGeNET,35,"Anal Stenosis, CTCAE",,-4,7.7,6,30293,27,871,6,0.69,0.28,2296|6299|6926|79633|80144|158326,FOXC1|SALL1|TBX3|FAT4|FRAS1|FREM1,-2.7,0
1,-4,C0151811,M1,1,0,DisGeNET,35,Subcutaneous nodule,,-4,4.3,5.2,30293,80,871,10,1.1,0.36,90|348|1281|1893|2263|2706|4313|4854|5155|6299,ACVR1|APOE|COL3A1|ECM1|FGFR2|GJB2|MMP2|NOTCH3|PDGFB|SALL1,-2.7,0
1,-4,C0403416,M1,1,0,DisGeNET,35,Idiopathic crescentic glomerulonephritis,,-4,4.3,5.2,30293,80,871,10,1.1,0.36,928|1285|1490|1634|2149|4313|5054|6696|6876|7040,CD9|COL4A3|CCN2|DCN|F2R|MMP2|SERPINE1|SPP1|TAGLN|TGFB1,-2.7,0
1,-4,C0234251,M1,1,0,DisGeNET,35,Inflammatory pain,,-4,2.6,4.6,30293,266,871,20,2.3,0.51,146|1268|1392|1844|1909|2048|2697|2861|2890|3382|3554|5179|6513|6536|7076|7852|7980|55655|57007|200424,ADRA1D|CNR1|CRH|DUSP2|EDNRA|EPHB2|GJA1|GPR37|GRIA1|ICA1|IL1R1|PENK|SLC2A1|SLC6A9|TIMP1|CXCR4|TFPI2|NLRP2|ACKR3|TET3,-2.7,0
1,-4,C0149516,M1,1,0,DisGeNET,35,Chronic sinusitis,,-4,2.9,4.7,30293,205,871,17,2,0.47,1959|2069|2706|4233|4256|4312|4313|5243|5742|6387|6696|7040|7291|8600|10630|56005|57007,EGR2|EREG|GJB2|MET|MGP|MMP1|MMP2|ABCB1|PTGS1|CXCL12|SPP1|TGFB1|TWIST1|TNFSF11|PDPN|MYDGF|ACKR3,-2.7,0
1,-4,C0015672,M1,1,0,DisGeNET,35,Fatigue,,-4,1.9,4.2,30293,759,871,41,4.7,0.72,284|290|348|710|805|861|875|1282|1392|2043|2066|2202|2512|2624|2668|2697|3075|3315|3486|3490|4233|4886|5066|5156|5243|5328|5764|6657|6696|6925|7048|7134|7138|7412|9518|9966|29995|51816|55240|64072|143686,ANGPT1|ANPEP|APOE|SERPING1|CALM2|RUNX1|CBS|COL4A1|CRH|EPHA4|ERBB4|EFEMP1|FTL|GATA2|GDNF|GJA1|CFH|HSPB1|IGFBP3|IGFBP7|MET|NPY1R|PAM|PDGFRA|ABCB1|PLAU|PTN|SOX2|SPP1|TCF4|TGFBR2|TNNC1|TNNT1|VCAM1|GDF15|TNFSF15|LMCD1|ADA2|STEAP3|CDH23|SESN3,-2.7,0
1,-4,C0266295,M1,1,0,DisGeNET,35,Congenital hypoplasia of kidney,,-4,4,5,30293,96,871,11,1.3,0.38,182|1717|2252|2263|6299|6899|6926|6928|64220|79633|80144,JAG1|DHCR7|FGF7|FGFR2|SALL1|TBX1|TBX3|HNF1B|STRA6|FAT4|FRAS1,-2.7,0
1,-4,C0476403,M1,1,0,DisGeNET,35,Electromyogram abnormal,,-4,3.5,4.9,30293,130,871,13,1.5,0.41,19|70|1293|1294|1674|2556|3736|3910|6444|7112|7134|27063|63976,ABCA1|ACTC1|COL6A3|COL7A1|DES|GABRA3|KCNA1|LAMA4|SGCD|TMPO|TNNC1|ANKRD1|PRDM16,-2.7,0
1,-4,C0221356,M1,1,0,DisGeNET,35,Brachycephaly,,-4,3,4.7,30293,186,871,16,1.8,0.46,701|2201|2263|2697|4091|4094|4313|6492|6925|7291|7545|10265|26047|63976|64094|158326,BUB1B|FBN2|FGFR2|GJA1|SMAD6|MAF|MMP2|SIM1|TCF4|TWIST1|ZIC1|IRX5|CNTNAP2|PRDM16|SMOC2|FREM1,-2.7,0
1,-4,C0852036,M1,1,0,DisGeNET,35,Pregnancy associated hypertension,,-4,3,4.7,30293,186,871,16,1.8,0.46,133|1392|1906|1909|1910|2022|2321|2697|3486|4312|4313|4879|5054|7043|7076|7412,ADM|CRH|EDN1|EDNRA|EDNRB|ENG|FLT1|GJA1|IGFBP3|MMP1|MMP2|NPPB|SERPINE1|TGFB3|TIMP1|VCAM1,-2.7,0
1,-4,C0702166,M1,1,0,DisGeNET,35,Acne,,-4,3.1,4.7,30293,167,871,15,1.7,0.44,1392|1893|2263|2308|3490|4313|5054|5055|5243|5362|6578|6899|29968|51129|64072,CRH|ECM1|FGFR2|FOXO1|IGFBP7|MMP2|SERPINE1|SERPINB2|ABCB1|PLXNA2|SLCO2A1|TBX1|PSAT1|ANGPTL4|CDH23,-2.7,0
1,-4,C0007129,M1,1,0,DisGeNET,35,Merkel cell carcinoma,,-4,2.8,4.6,30293,226,871,18,2.1,0.48,182|928|1844|2697|2719|3856|4610|4851|4854|5156|5454|6591|6657|7291|7431|7852|8877|92737,JAG1|CD9|DUSP2|GJA1|GPC3|KRT8|MYCL|NOTCH1|NOTCH3|PDGFRA|POU3F2|SNAI2|SOX2|TWIST1|VIM|CXCR4|SPHK1|DNER,-2.7,0
1,-4,C0220644,M1,1,0,DisGeNET,35,Childhood Hodgkin Lymphoma,,-4,2.3,4.4,30293,399,871,26,3,0.58,710|970|1268|1490|1958|2263|2296|2297|2308|3702|4233|4288|4821|4851|4978|5054|5243|5292|6387|7040|7048|7852|23705|27087|55655|84662,SERPING1|CD70|CNR1|CCN2|EGR1|FGFR2|FOXC1|FOXD1|FOXO1|ITK|MET|MKI67|NKX2-2|NOTCH1|OPCML|SERPINE1|ABCB1|PIM1|CXCL12|TGFB1|TGFBR2|CXCR4|CADM1|B3GAT1|NLRP2|GLIS2,-2.7,0
1,-4,C0032019,M1,1,0,DisGeNET,35,Pituitary Neoplasms,,-4,3.5,4.8,30293,131,871,13,1.5,0.41,652|1734|4133|4313|5243|6387|6423|6424|6657|6751|7078|7852|10763,BMP4|DIO2|MAP2|MMP2|ABCB1|CXCL12|SFRP2|SFRP4|SOX2|SSTR1|TIMP3|CXCR4|NES,-2.7,0
1,-4,C3160718,M1,1,0,DisGeNET,35,"PARKINSON DISEASE, LATE-ONSET",,-4,2.7,4.5,30293,247,871,19,2.2,0.49,348|1030|1490|2668|4036|4129|4312|4747|5179|5243|5961|6285|7040|7046|7412|9627|23263|26585|50863,APOE|CDKN2B|CCN2|GDNF|LRP2|MAOB|MMP1|NEFL|PENK|ABCB1|PRPH2|S100B|TGFB1|TGFBR1|VCAM1|SNCAIP|MCF2L|GREM1|NTM,-2.7,0
1,-4,C0023493,M1,1,0,DisGeNET,35,Adult T-Cell Lymphoma/Leukemia,,-4,2.1,4.3,30293,540,871,32,3.7,0.64,182|654|701|928|970|1030|1909|1958|1993|2668|3976|4233|4313|4851|5243|5292|5328|5783|6285|7040|7057|7412|7431|7852|8600|8829|10611|10628|23705|57007|63976|84433,JAG1|BMP6|BUB1B|CD9|CD70|CDKN2B|EDNRA|EGR1|ELAVL2|GDNF|LIF|MET|MMP2|NOTCH1|ABCB1|PIM1|PLAU|PTPN13|S100B|TGFB1|THBS1|VCAM1|VIM|CXCR4|TNFSF11|NRP1|PDLIM5|TXNIP|CADM1|ACKR3|PRDM16|CARD11,-2.7,0
1,-4,C0085437,M1,1,0,DisGeNET,35,"Meningitis, Bacterial",,-4,4.3,5.1,30293,81,871,10,1.1,0.36,2697|3075|3490|4313|5176|5243|5806|6869|7076|7431,GJA1|CFH|IGFBP7|MMP2|SERPINF1|ABCB1|PTX3|TACR1|TIMP1|VIM,-2.7,0
1,-4,C0235831,M1,1,0,DisGeNET,35,Renal Cell Dysplasia,,-4,4.3,5.1,30293,81,871,10,1.1,0.36,182|652|655|2138|3736|4233|6299|6899|80000|150094,JAG1|BMP4|BMP7|EYA1|KCNA1|MET|SALL1|TBX1|GREB1L|SIK1,-2.7,0
1,-4,C0752308,M1,1,0,DisGeNET,35,"Hypoxia-Ischemia, Brain",,-4,4.3,5.1,30293,81,871,10,1.1,0.36,652|1958|2043|3486|4133|5155|5178|5327|5328|63827,BMP4|EGR1|EPHA4|IGFBP3|MAP2|PDGFB|PEG3|PLAT|PLAU|BCAN,-2.7,0
1,-4,C0206172,M1,1,0,DisGeNET,35,Diabetic Foot,,-4,6.2,5.6,30293,39,871,7,0.8,0.3,1906|5054|7040|7042|7043|7046|7048,EDN1|SERPINE1|TGFB1|TGFB2|TGFB3|TGFBR1|TGFBR2,-2.7,0
1,-4,C0266174,M1,1,0,DisGeNET,35,Duodenal atresia,,-4,6.2,5.6,30293,39,871,7,0.8,0.3,701|2201|2263|2294|2619|6299|6928,BUB1B|FBN2|FGFR2|FOXF1|GAS1|SALL1|HNF1B,-2.7,0
1,-4,C0409348,M1,1,0,DisGeNET,35,Flexion contracture of proximal interphalangeal joint,,-4,3.1,4.7,30293,168,871,15,1.7,0.44,1293|2201|2263|2697|2719|3977|5077|6926|7046|7048|9244|9719|63976|79633|117581,COL6A3|FBN2|FGFR2|GJA1|GPC3|LIFR|PAX3|TBX3|TGFBR1|TGFBR2|CRLF1|ADAMTSL2|PRDM16|FAT4|TWIST2,-2.7,0
1,-4,C0221271,M1,1,0,DisGeNET,35,Elastosis perforans serpiginosa,,-4,4.7,5.2,30293,66,871,9,1,0.34,348|1490|2048|3708|4129|4627|5054|7040|10630,APOE|CCN2|EPHB2|ITPR1|MAOB|MYH9|SERPINE1|TGFB1|PDPN,-2.7,0
1,-4,C0026470,M1,1,0,DisGeNET,35,Monoclonal Gammopathy of Undetermined Significance,,-4,2.8,4.6,30293,227,871,18,2.1,0.48,710|1000|1030|1612|3075|3485|3491|4233|4313|6422|7078|7852|8600|10371|10763|22943|55655|100133941,SERPING1|CDH2|CDKN2B|DAPK1|CFH|IGFBP2|CCN1|MET|MMP2|SFRP1|TIMP3|CXCR4|TNFSF11|SEMA3A|NES|DKK1|NLRP2|CD24,-2.7,0
1,-4,C0006663,M1,1,0,DisGeNET,35,Calcinosis,,-4,5.4,5.4,30293,52,871,8,0.92,0.32,4256|4313|4851|5155|6591|6696|7040|7076,MGP|MMP2|NOTCH1|PDGFB|SNAI2|SPP1|TGFB1|TIMP1,-2.7,0
1,-3.9,C0035204,M1,1,0,DisGeNET,35,Respiration Disorders,,-3.9,2.8,4.6,30293,208,871,17,2,0.47,21|1604|2030|2048|2069|3702|4312|4313|4638|5142|5742|6281|6581|7057|8600|55655|56005,ABCA3|CD55|SLC29A1|EPHB2|EREG|ITK|MMP1|MMP2|MYLK|PDE4B|PTGS1|S100A10|SLC22A3|THBS1|TNFSF11|NLRP2|MYDGF,-2.6,0
1,-3.9,C0018553,M1,1,0,DisGeNET,35,"Hamartoma Syndrome, Multiple",,-3.9,2.6,4.5,30293,270,871,20,2.3,0.51,1000|1490|2138|2263|5243|6319|6513|7040|7052|7076|7431|9518|9966|10628|29968|56005|56670|116372|130497|140885,CDH2|CCN2|EYA1|FGFR2|ABCB1|SCD|SLC2A1|TGFB1|TGM2|TIMP1|VIM|GDF15|TNFSF15|TXNIP|PSAT1|MYDGF|SUCNR1|LYPD1|OSR1|SIRPA,-2.6,0
1,-3.9,C0741923,M1,1,0,DisGeNET,35,cardiac event,,-3.9,4.2,5.1,30293,82,871,10,1.1,0.36,1356|1906|3487|3589|4313|5054|5328|5806|6319|9518,CP|EDN1|IGFBP4|IL11|MMP2|SERPINE1|PLAU|PTX3|SCD|GDF15,-2.6,0
1,-3.9,C0887833,M1,1,0,DisGeNET,35,"Carcinoma, Pancreatic Ductal",,-3.9,4.2,5.1,30293,82,871,10,1.1,0.36,182|284|976|1844|4851|4854|6285|7057|7980|23462,JAG1|ANGPT1|ADGRE5|DUSP2|NOTCH1|NOTCH3|S100B|THBS1|TFPI2|HEY1,-2.6,0
1,-3.9,C1707444,M1,1,0,DisGeNET,35,Columnar Cell Change of the Breast,,-3.9,4.2,5.1,30293,82,871,10,1.1,0.36,2201|2719|4313|4851|5243|6751|6925|7040|7048|7852,FBN2|GPC3|MMP2|NOTCH1|ABCB1|SSTR1|TCF4|TGFB1|TGFBR2|CXCR4,-2.6,0
1,-3.9,C4317089,M1,1,0,DisGeNET,35,Infantile hemangioma,,-3.9,4.2,5.1,30293,82,871,10,1.1,0.36,182|284|1028|1978|2308|2321|4854|5176|6513|7057,JAG1|ANGPT1|CDKN1C|EIF4EBP1|FOXO1|FLT1|NOTCH3|SERPINF1|SLC2A1|THBS1,-2.6,0
1,-3.9,C0029231,M1,1,0,DisGeNET,35,"Organic Mental Disorders, Substance-Induced",,-3.9,3.6,4.9,30293,115,871,12,1.4,0.39,1268|2917|3899|3983|6581|9369|9547|22998|27146|80206|81035|143503,CNR1|GRM7|AFF3|ABLIM1|SLC22A3|NRXN3|CXCL14|LIMCH1|FAM184B|FHOD3|COLEC12|OR51E1,-2.6,0
1,-3.9,C4316881,M1,1,0,DisGeNET,35,Prescription Drug Abuse,,-3.9,3.6,4.9,30293,115,871,12,1.4,0.39,1268|2917|3899|3983|6581|9369|9547|22998|27146|80206|81035|143503,CNR1|GRM7|AFF3|ABLIM1|SLC22A3|NRXN3|CXCL14|LIMCH1|FAM184B|FHOD3|COLEC12|OR51E1,-2.6,0
1,-3.9,C0152164,M1,1,0,DisGeNET,35,Cyclical vomiting syndrome (disorder),,-3.9,7.5,5.9,30293,28,871,6,0.69,0.28,133|1268|1906|2697|6285|7078,ADM|CNR1|EDN1|GJA1|S100B|TIMP3,-2.6,0
1,-3.9,C0262374,M1,1,0,DisGeNET,35,Stricture of anus,,-3.9,7.5,5.9,30293,28,871,6,0.69,0.28,2296|6299|6926|79633|80144|158326,FOXC1|SALL1|TBX3|FAT4|FRAS1|FREM1,-2.6,0
1,-3.9,C2020284,M1,1,0,DisGeNET,35,"Stickler syndrome, type 1",,-3.9,7.5,5.9,30293,28,871,6,0.69,0.28,652|1268|4036|5362|7057|7852,BMP4|CNR1|LRP2|PLXNA2|THBS1|CXCR4,-2.6,0
1,-3.9,C4082172,M1,1,0,DisGeNET,35,Porencephalic cyst,,-3.9,7.5,5.9,30293,28,871,6,0.69,0.28,547|1282|1284|3912|4851|57514,KIF1A|COL4A1|COL4A2|LAMB1|NOTCH1|ARHGAP31,-2.6,0
1,-3.9,C0280222,M1,1,0,DisGeNET,35,"stage, pancreatic cancer",,-3.9,9.7,6.3,30293,18,871,5,0.57,0.26,2048|2817|6387|6513|57214,EPHB2|GPC1|CXCL12|SLC2A1|CEMIP,-2.6,0
1,-3.9,C3152182,M1,1,0,DisGeNET,35,Anterior chamber anomalies,,-3.9,9.7,6.3,30293,18,871,5,0.57,0.26,182|1545|2138|2296|5648,JAG1|CYP1B1|EYA1|FOXC1|MASP1,-2.6,0
1,-3.9,C3839741,M1,1,0,DisGeNET,35,Core binding factor acute myeloid leukemia,,-3.9,9.7,6.3,30293,18,871,5,0.57,0.26,861|894|2624|4629|5243,RUNX1|CCND2|GATA2|MYH11|ABCB1,-2.6,0
1,-3.9,C4551902,M1,1,0,DisGeNET,35,"Craniosynostosis, Type 1",,-3.9,9.7,6.3,30293,18,871,5,0.57,0.26,2263|4091|7291|7545|158326,FGFR2|SMAD6|TWIST1|ZIC1|FREM1,-2.6,0
1,-3.9,C0270612,M1,1,0,DisGeNET,35,Leukoencephalopathy,,-3.9,2.9,4.6,30293,189,871,16,1.8,0.46,59|182|348|1282|1284|1906|2670|2697|3912|4747|4854|5155|5354|6513|6696|23209,ACTA2|JAG1|APOE|COL4A1|COL4A2|EDN1|GFAP|GJA1|LAMB1|NEFL|NOTCH3|PDGFB|PLP1|SLC2A1|SPP1|MLC1,-2.6,0
1,-3.9,C0162820,M1,1,0,DisGeNET,35,"Dermatitis, Allergic Contact",,-3.9,3.2,4.7,30293,151,871,14,1.6,0.43,654|970|1909|2048|5292|5327|6696|7130|8140|10981|22822|25797|56670|57007,BMP6|CD70|EDNRA|EPHB2|PIM1|PLAT|SPP1|TNFAIP6|SLC7A5|RAB32|PHLDA1|QPCT|SUCNR1|ACKR3,-2.6,0
1,-3.9,C0206650,M1,1,0,DisGeNET,35,Fibroadenoma,,-3.9,3.2,4.7,30293,151,871,14,1.6,0.43,1634|2697|3090|3624|3927|4313|4320|4322|6277|7112|7291|10468|11095|170692,DCN|GJA1|HIC1|INHBA|LASP1|MMP2|MMP11|MMP13|S100A6|TMPO|TWIST1|FST|ADAMTS8|ADAMTS18,-2.6,0
1,-3.9,C3495917,M1,1,0,DisGeNET,35,Advanced breast cancer,,-3.9,3.2,4.7,30293,151,871,14,1.6,0.43,182|928|3486|3491|4288|4854|4948|5243|5327|6657|6696|7040|7291|56005,JAG1|CD9|IGFBP3|CCN1|MKI67|NOTCH3|OCA2|ABCB1|PLAT|SOX2|SPP1|TGFB1|TWIST1|MYDGF,-2.6,0
1,-3.9,C1306214,M1,1,0,DisGeNET,35,ACTH-Secreting Pituitary Adenoma,,-3.9,4.7,5.2,30293,67,871,9,1,0.34,652|1030|1392|3486|3977|5122|6423|7078|10628,BMP4|CDKN2B|CRH|IGFBP3|LIFR|PCSK1|SFRP2|TIMP3|TXNIP,-2.6,0
1,-3.9,C0031149,M1,1,0,DisGeNET,35,Peritoneal Neoplasms,,-3.9,14,7,30293,10,871,4,0.46,0.23,794|6513|7431|10630,CALB2|SLC2A1|VIM|PDPN,-2.6,0
1,-3.9,C0042781,M1,1,0,DisGeNET,35,Visceral Myopathy,,-3.9,14,7,30293,10,871,4,0.46,0.23,2201|4629|4638|79827,FBN2|MYH11|MYLK|CLMP,-2.6,0
1,-3.9,C0266444,M1,1,0,DisGeNET,35,Congenital absence of vas deferens,,-3.9,14,7,30293,10,871,4,0.46,0.23,5243|6928|10149|79971,ABCB1|HNF1B|ADGRG2|WLS,-2.6,0
1,-3.9,C0279765,M1,1,0,DisGeNET,35,Endometrial Clear Cell Adenocarcinoma,,-3.9,14,7,30293,10,871,4,0.46,0.23,445|2719|4233|6928,ASS1|GPC3|MET|HNF1B,-2.6,0
1,-3.9,C0339263,M1,1,0,DisGeNET,35,Pseudophakic corneal edema,,-3.9,14,7,30293,10,871,4,0.46,0.23,1191|7040|7042|7043,CLU|TGFB1|TGFB2|TGFB3,-2.6,0
1,-3.9,C0472817,M1,1,0,DisGeNET,35,WHIM syndrome,,-3.9,14,7,30293,10,871,4,0.46,0.23,3702|6387|7852|57007,ITK|CXCL12|CXCR4|ACKR3,-2.6,0
1,-3.9,C1112768,M1,1,0,DisGeNET,35,Anterior subcapsular cataract,,-3.9,14,7,30293,10,871,4,0.46,0.23,1490|3371|5080|7040,CCN2|TNC|PAX6|TGFB1,-2.6,0
1,-3.9,C1281300,M1,1,0,DisGeNET,35,Vascular degeneration,,-3.9,14,7,30293,10,871,4,0.46,0.23,1906|2321|4854|10628,EDN1|FLT1|NOTCH3|TXNIP,-2.6,0
1,-3.9,C1720452,M1,1,0,DisGeNET,35,Soft drusen,,-3.9,14,7,30293,10,871,4,0.46,0.23,348|3075|4060|5362,APOE|CFH|LUM|PLXNA2,-2.6,0
1,-3.9,C3888570,M1,1,0,DisGeNET,35,Degenerative mitral valve disease,,-3.9,14,7,30293,10,871,4,0.46,0.23,59|1634|1674|4015,ACTA2|DCN|DES|LOX,-2.6,0
1,-3.9,C3899281,M1,1,0,DisGeNET,35,Early Inflammatory Arthritis,,-3.9,14,7,30293,10,871,4,0.46,0.23,1392|4312|7431|10630,CRH|MMP1|VIM|PDPN,-2.6,0
1,-3.9,C4021742,M1,1,0,DisGeNET,35,Abnormality of the humerus,,-3.9,14,7,30293,10,871,4,0.46,0.23,2317|5307|6926|7040,FLNB|PITX1|TBX3|TGFB1,-2.6,0
1,-3.9,C0262587,M1,1,0,DisGeNET,35,Parathyroid Adenoma,,-3.9,3.4,4.8,30293,133,871,13,1.5,0.41,1030|1910|2048|2263|3090|4036|4288|5243|6422|8490|23677|25797|79971,CDKN2B|EDNRB|EPHB2|FGFR2|HIC1|LRP2|MKI67|ABCB1|SFRP1|RGS5|SH3BP4|QPCT|WLS,-2.6,0
1,-3.9,C0374997,M1,1,0,DisGeNET,35,Helicobacter pylori (H. pylori) infection in conditions classified elsewhere and of unspecified site,,-3.9,2,4.2,30293,593,871,34,3.9,0.66,182|875|1191|1356|1634|1839|1958|2048|2149|2697|3090|3315|4233|4288|4312|5054|5055|5243|5307|5328|5742|6387|6657|6696|7040|7057|7291|7852|8549|8630|56005|79094|79192|92737,JAG1|CBS|CLU|CP|DCN|HBEGF|EGR1|EPHB2|F2R|GJA1|HIC1|HSPB1|MET|MKI67|MMP1|SERPINE1|SERPINB2|ABCB1|PITX1|PLAU|PTGS1|CXCL12|SOX2|SPP1|TGFB1|THBS1|TWIST1|CXCR4|LGR5|HSD17B6|MYDGF|CHAC1|IRX1|DNER,-2.6,0
1,-3.9,C1336905,M1,1,0,DisGeNET,35,Endometrial Endometrioid Adenocarcinoma,,-3.9,5.2,5.3,30293,53,871,8,0.92,0.32,348|1191|2048|2308|6241|6422|6424|8840,APOE|CLU|EPHB2|FOXO1|RRM2|SFRP1|SFRP4|CCN4,-2.6,0
1,-3.9,C1860816,M1,1,0,DisGeNET,35,Preauricular skin tag,,-3.9,5.2,5.3,30293,53,871,8,0.92,0.32,1501|1906|2138|2317|2719|6299|9037|84570,CTNND2|EDN1|EYA1|FLNB|GPC3|SALL1|SEMA5A|COL25A1,-2.6,0
1,-3.9,C1861869,M1,1,0,DisGeNET,35,Underdeveloped supraorbital ridges,,-3.9,5.2,5.3,30293,53,871,8,0.92,0.32,182|2263|2627|5648|6899|7291|7545|10370,JAG1|FGFR2|GATA6|MASP1|TBX1|TWIST1|ZIC1|CITED2,-2.6,0
1,-3.9,C0240635,M1,1,0,DisGeNET,35,Byzanthine arch palate,,-3.9,2.1,4.3,30293,497,871,30,3.4,0.62,58|165|652|875|1293|1501|1893|2138|2201|2263|2317|4281|4854|4921|6492|6899|7043|7046|7048|7291|9037|9244|9758|10265|22808|29968|51305|64093|79633|80144,ACTA1|AEBP1|BMP4|CBS|COL6A3|CTNND2|ECM1|EYA1|FBN2|FGFR2|FLNB|MID1|NOTCH3|DDR2|SIM1|TBX1|TGFB3|TGFBR1|TGFBR2|TWIST1|SEMA5A|CRLF1|FRMPD4|IRX5|MRAS|PSAT1|KCNK9|SMOC1|FAT4|FRAS1,-2.6,0
1,-3.9,C0006870,M1,1,0,DisGeNET,35,Cannabis Dependence,,-3.9,6.1,5.5,30293,40,871,7,0.8,0.3,805|1268|1909|3084|5179|5243|57007,CALM2|CNR1|EDNRA|NRG1|PENK|ABCB1|ACKR3,-2.6,0
1,-3.9,C0023223,M1,1,0,DisGeNET,35,Leg Ulcer,,-3.9,6.1,5.5,30293,40,871,7,0.8,0.3,1311|2697|4313|5054|5328|6319|8829,COMP|GJA1|MMP2|SERPINE1|PLAU|SCD|NRP1,-2.6,0
1,-3.9,C0027439,M1,1,0,DisGeNET,35,Nasopharyngeal Neoplasms,,-3.9,6.1,5.5,30293,40,871,7,0.8,0.3,1030|1909|2263|2697|4313|6422|55504,CDKN2B|EDNRA|FGFR2|GJA1|MMP2|SFRP1|TNFRSF19,-2.6,0
1,-3.9,C0151699,M1,1,0,DisGeNET,35,Intracranial Hemorrhage,,-3.9,6.1,5.5,30293,40,871,7,0.8,0.3,875|1284|2624|3315|5327|5328|51816,CBS|COL4A2|GATA2|HSPB1|PLAT|PLAU|ADA2,-2.6,0
1,-3.9,C0266610,M1,1,0,DisGeNET,35,Preauricular dimple,,-3.9,6.1,5.5,30293,40,871,7,0.8,0.3,182|2138|2627|2719|6299|6899|10370,JAG1|EYA1|GATA6|GPC3|SALL1|TBX1|CITED2,-2.6,0
1,-3.9,C1695782,M1,1,0,DisGeNET,35,Cerebral hypoperfusion,,-3.9,6.1,5.5,30293,40,871,7,0.8,0.3,348|1906|3084|4502|4854|6285|26047,APOE|EDN1|NRG1|MT2A|NOTCH3|S100B|CNTNAP2,-2.6,0
1,-3.9,C3469521,M1,1,0,DisGeNET,35,"FANCONI ANEMIA, COMPLEMENTATION GROUP A (disorder)",,-3.9,2.3,4.3,30293,359,871,24,2.8,0.55,861|2048|2294|2670|3090|3624|4313|4851|5080|6422|6507|6696|6899|6925|7040|7301|7412|7431|7852|22943|26227|29128|55655|80233,RUNX1|EPHB2|FOXF1|GFAP|HIC1|INHBA|MMP2|NOTCH1|PAX6|SFRP1|SLC1A3|SPP1|TBX1|TCF4|TGFB1|TYRO3|VCAM1|VIM|CXCR4|DKK1|PHGDH|UHRF1|NLRP2|FAAP100,-2.6,0
1,-3.9,C0005587,M1,1,0,DisGeNET,35,"Depression, Bipolar",,-3.9,3.6,4.8,30293,116,871,12,1.4,0.39,108|288|2022|2670|3554|5054|5142|5454|6285|6526|6869|8553,ADCY2|ANK3|ENG|GFAP|IL1R1|SERPINE1|PDE4B|POU3F2|S100B|SLC5A3|TACR1|BHLHE40,-2.6,0
1,-3.9,C0850666,M1,1,0,DisGeNET,35,Infection caused by Helicobacter pylori,,-3.9,2.4,4.4,30293,337,871,23,2.6,0.54,652|1028|1612|1839|2192|2273|2321|2624|3589|4312|4322|5243|5742|6696|7040|7052|7057|7076|8029|10699|79094|79192|79633,BMP4|CDKN1C|DAPK1|HBEGF|FBLN1|FHL1|FLT1|GATA2|IL11|MMP1|MMP13|ABCB1|PTGS1|SPP1|TGFB1|TGM2|THBS1|TIMP1|CUBN|CORIN|CHAC1|IRX1|FAT4,-2.6,0
1,-3.9,C0017574,M1,1,0,DisGeNET,35,Gingivitis,,-3.9,3.2,4.7,30293,152,871,14,1.6,0.43,875|1281|3589|4312|4322|5066|6513|7040|7052|7076|8553|8600|55655|401138,CBS|COL3A1|IL11|MMP1|MMP13|PAM|SLC2A1|TGFB1|TGM2|TIMP1|BHLHE40|TNFSF11|NLRP2|AMTN,-2.6,0
1,-3.9,C0027868,M1,1,0,DisGeNET,35,Neuromuscular Diseases,,-3.9,3.1,4.6,30293,171,871,15,1.7,0.44,58|348|1282|1306|1674|2668|4313|4747|5742|6444|7076|7138|10468|57211|81493,ACTA1|APOE|COL4A1|COL15A1|DES|GDNF|MMP2|NEFL|PTGS1|SGCD|TIMP1|TNNT1|FST|ADGRG6|SYNC,-2.6,0
1,-3.9,C0003076,M1,1,0,DisGeNET,35,Aniridia,,-3.9,4.2,5,30293,83,871,10,1.1,0.36,1545|2296|2719|3708|4851|4948|5077|5080|55366|84570,CYP1B1|FOXC1|GPC3|ITPR1|NOTCH1|OCA2|PAX3|PAX6|LGR4|COL25A1,-2.6,0
1,-3.9,C2118460,M1,1,0,DisGeNET,35,Acute colitis,,-3.9,4.2,5,30293,83,871,10,1.1,0.36,133|284|290|655|1311|3589|4851|6696|7040|9966,ADM|ANGPT1|ANPEP|BMP7|COMP|IL11|NOTCH1|SPP1|TGFB1|TNFSF15,-2.6,0
1,-3.9,C0021704,M1,1,0,DisGeNET,35,Intelligence,,-3.9,1.9,4.2,30293,645,871,36,4.1,0.67,108|320|1000|1839|1993|2066|2823|2895|3490|3899|4629|4638|5066|5454|5792|5800|6925|8038|9348|9745|27253|50863|54894|55512|55534|57863|63027|64084|64129|84267|150368|152330|160518|257194|389136|729993,ADCY2|APBA1|CDH2|HBEGF|ELAVL2|ERBB4|GPM6A|GRID2|IGFBP7|AFF3|MYH11|MYLK|PAM|POU3F2|PTPRF|PTPRO|TCF4|ADAM12|NDST3|ZNF536|PCDH17|NTM|RNF43|SMPD3|MAML3|CADM3|SLC22A23|CLSTN2|TINAGL1|QNG1|PHETA2|CNTN4|DENND5B|NEGR1|VGLL3|SHISA9,-2.6,0
1,-3.9,C2986682,M1,1,0,DisGeNET,35,Locally Recurrent Malignant Neoplasm,,-3.9,4.6,5.1,30293,68,871,9,1,0.34,1509|1612|1910|4851|6277|7431|8877|9518|10630,CTSD|DAPK1|EDNRB|NOTCH1|S100A6|VIM|SPHK1|GDF15|PDPN,-2.6,0
1,-3.8,C0240063,M1,1,0,DisGeNET,35,Coloboma of iris,,-3.8,3.2,4.7,30293,153,871,14,1.6,0.43,652|1282|1717|2263|2619|4036|4094|4313|4854|5080|6299|6657|51816|84570,BMP4|COL4A1|DHCR7|FGFR2|GAS1|LRP2|MAF|MMP2|NOTCH3|PAX6|SALL1|SOX2|ADA2|COL25A1,-2.6,0
1,-3.8,C0026034,M1,1,0,DisGeNET,35,Microstomia,,-3.8,3,4.6,30293,172,871,15,1.7,0.44,894|1281|1294|1906|2263|2697|3675|4094|4312|5077|6899|7291|9244|63976|79633,CCND2|COL3A1|COL7A1|EDN1|FGFR2|GJA1|ITGA3|MAF|MMP1|PAX3|TBX1|TWIST1|CRLF1|PRDM16|FAT4,-2.6,0
1,-3.8,C0019151,M1,1,0,DisGeNET,35,Hepatic Encephalopathy,,-3.8,3.8,4.9,30293,100,871,11,1.3,0.38,1906|2890|4129|5742|6285|7040|7048|7052|7057|9635|50507,EDN1|GRIA1|MAOB|PTGS1|S100B|TGFB1|TGFBR2|TGM2|THBS1|CLCA2|NOX4,-2.6,0
1,-3.8,C0733682,M1,1,0,DisGeNET,35,"Hypophosphatemic Rickets, X-Linked Dominant",,-3.8,5.2,5.3,30293,54,871,8,0.92,0.32,4322|5251|6387|6422|6696|6899|9368|22943,MMP13|PHEX|CXCL12|SFRP1|SPP1|TBX1|NHERF1|DKK1,-2.6,0
1,-3.8,C4721453,M1,1,0,DisGeNET,35,Peripheral Nervous System Diseases,,-3.8,2,4.2,30293,549,871,32,3.7,0.64,19|348|547|655|1490|1612|1674|1959|2048|2617|2619|2668|2670|2674|3084|3315|3976|4288|4747|4851|5055|5176|5243|5354|5783|6285|6869|6925|7040|9516|51816|55655,ABCA1|APOE|KIF1A|BMP7|CCN2|DAPK1|DES|EGR2|EPHB2|GARS1|GAS1|GDNF|GFAP|GFRA1|NRG1|HSPB1|LIF|MKI67|NEFL|NOTCH1|SERPINB2|SERPINF1|ABCB1|PLP1|PTPN13|S100B|TACR1|TCF4|TGFB1|LITAF|ADA2|NLRP2,-2.6,0
1,-3.8,C0458247,M1,1,0,DisGeNET,35,Allodynia,,-3.8,4.1,5,30293,84,871,10,1.1,0.36,133|1268|1906|2668|2670|3231|3673|4908|5742|6869,ADM|CNR1|EDN1|GDNF|GFAP|HOXD1|ITGA2|NTF3|PTGS1|TACR1,-2.6,0
1,-3.8,C0751211,M1,1,0,DisGeNET,35,"Hyperalgesia, Primary",,-3.8,4.1,5,30293,84,871,10,1.1,0.36,133|1268|1906|2668|2670|3231|3673|4908|5742|6869,ADM|CNR1|EDN1|GDNF|GFAP|HOXD1|ITGA2|NTF3|PTGS1|TACR1,-2.6,0
1,-3.8,C0026650,M1,1,0,DisGeNET,35,Movement Disorders,,-3.8,2.3,4.3,30293,362,871,24,2.8,0.55,547|894|1268|1282|1293|1356|1392|1501|1717|2048|2070|2512|2668|2697|3084|3708|4036|5080|6513|6925|23263|26047|200424|253738,KIF1A|CCND2|CNR1|COL4A1|COL6A3|CP|CRH|CTNND2|DHCR7|EPHB2|EYA4|FTL|GDNF|GJA1|NRG1|ITPR1|LRP2|PAX6|SLC2A1|TCF4|MCF2L|CNTNAP2|TET3|EBF3,-2.6,0
1,-3.8,C0155490,M1,1,0,DisGeNET,35,Middle Ear Cholesteatoma,,-3.8,7.2,5.7,30293,29,871,6,0.69,0.28,2069|2252|3702|6285|6581|10763,EREG|FGF7|ITK|S100B|SLC22A3|NES,-2.6,0
1,-3.8,C0275544,M1,1,0,DisGeNET,35,Congenital infectious disease,,-3.8,7.2,5.7,30293,29,871,6,0.69,0.28,2706|4036|4313|6281|8038|23263,GJB2|LRP2|MMP2|S100A10|ADAM12|MCF2L,-2.6,0
1,-3.8,C0744869,M1,1,0,DisGeNET,35,Metastatic hepatocellular carcinoma,,-3.8,7.2,5.7,30293,29,871,6,0.69,0.28,3315|4851|5156|6696|7040|22943,HSPB1|NOTCH1|PDGFRA|SPP1|TGFB1|DKK1,-2.6,0
1,-3.8,C3472608,M1,1,0,DisGeNET,35,Micropapillary carcinoma,,-3.8,7.2,5.7,30293,29,871,6,0.69,0.28,182|6387|6509|6513|7852|8140,JAG1|CXCL12|SLC1A4|SLC2A1|CXCR4|SLC7A5,-2.6,0
1,-3.8,C0334634,M1,1,0,DisGeNET,35,"Malignant lymphoma, lymphocytic, intermediate differentiation, diffuse",,-3.8,2.5,4.4,30293,296,871,21,2.4,0.52,655|894|970|1030|1268|1978|2030|2308|2627|4288|4851|5292|6387|7052|7852|9411|10580|26585|84433|84662|92737,BMP7|CCND2|CD70|CDKN2B|CNR1|EIF4EBP1|SLC29A1|FOXO1|GATA6|MKI67|NOTCH1|PIM1|CXCL12|TGM2|CXCR4|ARHGAP29|SORBS1|GREM1|CARD11|GLIS2|DNER,-2.6,0
1,-3.8,C0152451,M1,1,0,DisGeNET,35,Chronic glomerulonephritis,,-3.8,5.9,5.4,30293,41,871,7,0.8,0.3,133|861|1490|1906|3075|4627|6546,ADM|RUNX1|CCN2|EDN1|CFH|MYH9|SLC8A1,-2.6,0
1,-3.8,C4520821,M1,1,0,DisGeNET,35,Stage 0 Breast Cancer AJCC v6 and v7,,-3.8,5.9,5.4,30293,41,871,7,0.8,0.3,2263|4288|4312|6591|7040|7291|27324,FGFR2|MKI67|MMP1|SNAI2|TGFB1|TWIST1|TOX3,-2.6,0
1,-3.8,C0042571,M1,1,0,DisGeNET,35,Vertigo,,-3.8,3,4.6,30293,173,871,15,1.7,0.44,348|805|1281|2624|2670|2697|2706|3736|5155|5243|6285|6507|22943|51816|64072,APOE|CALM2|COL3A1|GATA2|GFAP|GJA1|GJB2|KCNA1|PDGFB|ABCB1|S100B|SLC1A3|DKK1|ADA2|CDH23,-2.6,0
1,-3.8,C1862941,M1,1,0,DisGeNET,35,"Amyotrophic Lateral Sclerosis, Sporadic",,-3.8,3,4.6,30293,173,871,15,1.7,0.44,288|348|794|1191|1501|1509|2066|2637|2670|4978|5179|5648|7431|9369|152330,ANK3|APOE|CALB2|CLU|CTNND2|CTSD|ERBB4|GBX2|GFAP|OPCML|PENK|MASP1|VIM|NRXN3|CNTN4,-2.6,0
1,-3.8,C0235031,M1,1,0,DisGeNET,35,Neurologic Symptoms,,-3.8,2.7,4.4,30293,233,871,18,2.1,0.48,59|928|1191|1356|1993|2668|2670|3075|3092|3673|4854|5454|6285|6513|6657|6925|8029|9464,ACTA2|CD9|CLU|CP|ELAVL2|GDNF|GFAP|CFH|HIP1|ITGA2|NOTCH3|POU3F2|S100B|SLC2A1|SOX2|TCF4|CUBN|HAND2,-2.5,0
1,-3.8,C0221239,M1,1,0,DisGeNET,35,Rapidly progressive glomerulonephritis,,-3.8,9.2,6.1,30293,19,871,5,0.57,0.26,1285|1839|1993|3075|7412,COL4A3|HBEGF|ELAVL2|CFH|VCAM1,-2.5,0
1,-3.8,C0523465,M1,1,0,DisGeNET,35,Serum albumin measurement,,-3.8,2.2,4.2,30293,433,871,27,3.1,0.59,19|348|654|1501|2258|2495|3084|4978|5789|6492|6509|6578|6581|7123|8618|9037|26047|50515|56138|56142|56144|56146|57537|84870|257194|343990|374378,ABCA1|APOE|BMP6|CTNND2|FGF13|FTH1|NRG1|OPCML|PTPRD|SIM1|SLC1A4|SLCO2A1|SLC22A3|CLEC3B|CADPS|SEMA5A|CNTNAP2|CHST11|PCDHA11|PCDHA6|PCDHA4|PCDHA2|SORCS2|RSPO3|NEGR1|CRACDL|GALNT18,-2.5,0
1,-3.8,C0752347,M1,1,0,DisGeNET,35,Lewy Body Disease,,-3.8,2.6,4.4,30293,255,871,19,2.2,0.49,348|1191|1509|1906|2308|2670|4129|4133|4747|4854|5648|6285|6696|7042|7412|9518|9627|23336|143686,APOE|CLU|CTSD|EDN1|FOXO1|GFAP|MAOB|MAP2|NEFL|NOTCH3|MASP1|S100B|SPP1|TGFB2|VCAM1|GDF15|SNCAIP|SYNM|SESN3,-2.5,0
1,-3.8,C0853662,M1,1,0,DisGeNET,35,Oestrogen deficiency,,-3.8,4.1,4.9,30293,85,871,10,1.1,0.36,133|348|2308|2697|3589|5054|6513|8600|22943|55258,ADM|APOE|FOXO1|GJA1|IL11|SERPINE1|SLC2A1|TNFSF11|DKK1|THNSL2,-2.5,0
1,-3.8,C1839829,M1,1,0,DisGeNET,35,Short distal phalanx of finger,,-3.8,4.1,4.9,30293,85,871,10,1.1,0.36,182|1300|1311|2317|2719|4256|4851|6926|50515|57514,JAG1|COL10A1|COMP|FLNB|GPC3|MGP|NOTCH1|TBX3|CHST11|ARHGAP31,-2.5,0
1,-3.8,C0338451,M1,1,0,DisGeNET,35,Frontotemporal dementia,,-3.8,2.4,4.3,30293,320,871,22,2.5,0.53,290|348|875|1191|1509|1612|2066|2334|2670|4313|4741|4747|4854|5176|7076|7301|7980|10611|11075|22943|55638|92737,ANPEP|APOE|CBS|CLU|CTSD|DAPK1|ERBB4|AFF2|GFAP|MMP2|NEFM|NEFL|NOTCH3|SERPINF1|TIMP1|TYRO3|TFPI2|PDLIM5|STMN2|DKK1|SYBU|DNER,-2.5,0
1,-3.8,C0023492,M1,1,0,DisGeNET,35,"Leukemia, T-Cell",,-3.8,2.1,4.2,30293,457,871,28,3.2,0.6,182|654|861|894|928|1030|1909|1958|2048|3490|3702|3976|4233|4313|4851|4854|5243|5292|6285|7040|7057|7412|7852|8829|10628|23705|57007|84662,JAG1|BMP6|RUNX1|CCND2|CD9|CDKN2B|EDNRA|EGR1|EPHB2|IGFBP7|ITK|LIF|MET|MMP2|NOTCH1|NOTCH3|ABCB1|PIM1|S100B|TGFB1|THBS1|VCAM1|CXCR4|NRP1|TXNIP|CADM1|ACKR3|GLIS2,-2.5,0
1,-3.8,C1389016,M1,1,0,DisGeNET,35,ATRIOVENTRICULAR CANAL DEFECT,,-3.8,5.1,5.2,30293,55,871,8,0.92,0.32,90|1717|2294|2627|2697|6899|7026|7547,ACVR1|DHCR7|FOXF1|GATA6|GJA1|TBX1|NR2F2|ZIC3,-2.5,0
1,-3.8,C0279583,M1,1,0,DisGeNET,35,Childhood T Acute Lymphoblastic Leukemia,,-3.8,3.5,4.7,30293,119,871,12,1.4,0.39,861|894|1030|3490|3899|4851|4854|5156|5243|6783|63976|79191,RUNX1|CCND2|CDKN2B|IGFBP7|AFF3|NOTCH1|NOTCH3|PDGFRA|ABCB1|SULT1E1|PRDM16|IRX3,-2.5,0
1,-3.8,C0035439,M1,1,0,DisGeNET,35,Rheumatic Heart Disease,,-3.8,3.8,4.8,30293,102,871,11,1.3,0.38,1490|2668|3371|3486|3554|3673|4060|4312|4879|7040|7431,CCN2|GDNF|TNC|IGFBP3|IL1R1|ITGA2|LUM|MMP1|NPPB|TGFB1|VIM,-2.5,0
1,-3.8,C0013238,M1,1,0,DisGeNET,35,Dry Eye Syndromes,,-3.8,3.1,4.6,30293,156,871,14,1.6,0.43,182|1191|1356|3122|3486|5080|7040|7042|7043|7052|7057|7076|10216|55638,JAG1|CLU|CP|HLA-DRA|IGFBP3|PAX6|TGFB1|TGFB2|TGFB3|TGM2|THBS1|TIMP1|PRG4|SYBU,-2.5,0
1,-3.8,C0022568,M1,1,0,DisGeNET,35,Keratitis,,-3.8,3.1,4.6,30293,156,871,14,1.6,0.43,348|1294|2263|2697|2706|5080|5176|6387|6696|7040|7057|7852|9244|348938,APOE|COL7A1|FGFR2|GJA1|GJB2|PAX6|SERPINF1|CXCL12|SPP1|TGFB1|THBS1|CXCR4|CRLF1|NIPAL4,-2.5,0
1,-3.8,C0016412,M1,1,0,DisGeNET,35,Folic Acid Deficiency,,-3.8,4.5,5,30293,70,871,9,1,0.34,348|875|4851|5077|6876|6899|7040|22943|79971,APOE|CBS|NOTCH1|PAX3|TAGLN|TBX1|TGFB1|DKK1|WLS,-2.5,0
1,-3.8,C0221355,M1,1,0,DisGeNET,35,Macrocephaly,,-3.8,2.3,4.2,30293,366,871,24,2.8,0.55,288|894|1282|1906|2263|2334|2670|2683|2697|2719|3912|4036|4685|5307|6492|6513|6913|7291|7545|8600|9758|23209|50863|200424,ANK3|CCND2|COL4A1|EDN1|FGFR2|AFF2|GFAP|B4GALT1|GJA1|GPC3|LAMB1|LRP2|NCAM2|PITX1|SIM1|SLC2A1|TBX15|TWIST1|ZIC1|TNFSF11|FRMPD4|MLC1|NTM|TET3,-2.5,0
1,-3.8,C0042063,M1,1,0,DisGeNET,35,Urogenital Abnormalities,,-3.8,5.8,5.4,30293,42,871,7,0.8,0.3,2263|2624|2668|2674|5080|6928|7042,FGFR2|GATA2|GDNF|GFRA1|PAX6|HNF1B|TGFB2,-2.5,0
1,-3.8,C0521174,M1,1,0,DisGeNET,35,Microcalcification,,-3.8,5.8,5.4,30293,42,871,7,0.8,0.3,4313|4851|5155|6591|6696|7040|7076,MMP2|NOTCH1|PDGFB|SNAI2|SPP1|TGFB1|TIMP1,-2.5,0
1,-3.8,C3146254,M1,1,0,DisGeNET,35,Stage III Colon Cancer AJCC v7,,-3.8,5.8,5.4,30293,42,871,7,0.8,0.3,2817|6387|6657|6696|7040|7852|57214,GPC1|CXCL12|SOX2|SPP1|TGFB1|CXCR4|CEMIP,-2.5,0
1,-3.8,C3805043,M1,1,0,DisGeNET,35,Vascular cognitive impairment,,-3.8,5.8,5.4,30293,42,871,7,0.8,0.3,284|348|875|4638|4854|6285|7040,ANGPT1|APOE|CBS|MYLK|NOTCH3|S100B|TGFB1,-2.5,0
1,-3.8,C4525124,M1,1,0,DisGeNET,35,Stage III Colon Cancer AJCC v8,,-3.8,5.8,5.4,30293,42,871,7,0.8,0.3,2817|6387|6657|6696|7040|7852|57214,GPC1|CXCL12|SOX2|SPP1|TGFB1|CXCR4|CEMIP,-2.5,0
1,-3.7,C0202117,M1,1,0,DisGeNET,35,Low density lipoprotein cholesterol measurement,,-3.7,2.1,4.1,30293,483,871,29,3.3,0.61,19|108|348|1268|1282|1284|1717|2149|2621|3122|3672|4036|4322|5055|5125|5142|5742|6876|7046|7048|7436|8029|9846|10082|10718|22998|26047|57214|127707,ABCA1|ADCY2|APOE|CNR1|COL4A1|COL4A2|DHCR7|F2R|GAS6|HLA-DRA|ITGA1|LRP2|MMP13|SERPINB2|PCSK5|PDE4B|PTGS1|TAGLN|TGFBR1|TGFBR2|VLDLR|CUBN|GAB2|GPC6|NRG3|LIMCH1|CNTNAP2|CEMIP|KLHDC7A,-2.5,0
1,-3.7,C0220656,M1,1,0,DisGeNET,35,Malignant ascites,,-3.7,4,4.9,30293,86,871,10,1.1,0.36,928|1839|1902|2263|3708|5176|5243|6387|7040|100133941,CD9|HBEGF|LPAR1|FGFR2|ITPR1|SERPINF1|ABCB1|CXCL12|TGFB1|CD24,-2.5,0
1,-3.7,C0878659,M1,1,0,DisGeNET,35,Disproportionate short stature,,-3.7,4,4.9,30293,86,871,10,1.1,0.36,1028|1300|1311|2263|2317|3977|4322|4921|10082|23213,CDKN1C|COL10A1|COMP|FGFR2|FLNB|LIFR|MMP13|DDR2|GPC6|SULF1,-2.5,0
1,-3.7,C4024896,M1,1,0,DisGeNET,35,Motor neuron atrophy,,-3.7,3.3,4.6,30293,138,871,13,1.5,0.41,547|2043|2066|2149|2617|2668|4747|5176|6281|6696|7852|10580|10763,KIF1A|EPHA4|ERBB4|F2R|GARS1|GDNF|NEFL|SERPINF1|S100A10|SPP1|CXCR4|SORBS1|NES,-2.5,0
1,-3.7,C0206677,M1,1,0,DisGeNET,35,Adenomatous Polyps,,-3.7,3.5,4.7,30293,120,871,12,1.4,0.39,570|875|3090|4313|4322|6423|7040|7076|8076|8633|9518|79971,BAAT|CBS|HIC1|MMP2|MMP13|SFRP2|TGFB1|TIMP1|MFAP5|UNC5C|GDF15|WLS,-2.5,0
1,-3.7,C0156259,M1,1,0,DisGeNET,35,Hypertrophy of kidney,,-3.7,7,5.6,30293,30,871,6,0.69,0.28,290|1268|1490|1634|4879|7040,ANPEP|CNR1|CCN2|DCN|NPPB|TGFB1,-2.5,0
1,-3.7,C0267818,M1,1,0,DisGeNET,35,Bile duct proliferation,,-3.7,7,5.6,30293,30,871,6,0.69,0.28,2817|3491|6696|7040|7042|9518,GPC1|CCN1|SPP1|TGFB1|TGFB2|GDF15,-2.5,0
1,-3.7,C0948187,M1,1,0,DisGeNET,35,Tracheomalacia,,-3.7,7,5.6,30293,30,871,6,0.69,0.28,2201|2263|2317|5077|8425|79633,FBN2|FGFR2|FLNB|PAX3|LTBP4|FAT4,-2.5,0
1,-3.7,C1848201,M1,1,0,DisGeNET,35,Subcortical Band Heterotopia,,-3.7,7,5.6,30293,30,871,6,0.69,0.28,3912|7436|27295|55638|79633|83716,LAMB1|VLDLR|PDLIM3|SYBU|FAT4|CRISPLD2,-2.5,0
1,-3.7,C4725861,M1,1,0,DisGeNET,35,Metastatic Malignant Neoplasm in the Viscera,,-3.7,7,5.6,30293,30,871,6,0.69,0.28,1404|1906|4322|4854|8600|29968,HAPLN1|EDN1|MMP13|NOTCH3|TNFSF11|PSAT1,-2.5,0
1,-3.7,C0036202,M1,1,0,DisGeNET,35,Sarcoidosis,,-3.7,2.2,4.2,30293,413,871,26,3,0.58,1281|1906|1958|2149|2258|2317|2321|3122|3371|3589|4312|4313|5066|6696|6869|7040|7042|7043|7291|7431|7852|23541|26227|26585|56005|100133941,COL3A1|EDN1|EGR1|F2R|FGF13|FLNB|FLT1|HLA-DRA|TNC|IL11|MMP1|MMP2|PAM|SPP1|TACR1|TGFB1|TGFB2|TGFB3|TWIST1|VIM|CXCR4|SEC14L2|PHGDH|GREM1|MYDGF|CD24,-2.5,0
1,-3.7,C0001807,M1,1,0,DisGeNET,35,Aggressive behavior,,-3.7,3,4.5,30293,176,871,15,1.7,0.44,288|953|1717|1759|1893|2334|2706|5251|6513|6529|6899|6925|9758|11098|26047,ANK3|ENTPD1|DHCR7|DNM1|ECM1|AFF2|GJB2|PHEX|SLC2A1|SLC6A1|TBX1|TCF4|FRMPD4|PRSS23|CNTNAP2,-2.5,0
1,-3.7,C0020437,M1,1,0,DisGeNET,35,Hypercalcemia,,-3.7,3.1,4.5,30293,157,871,14,1.6,0.43,1028|1030|1300|1906|2668|2697|3976|4854|6781|7057|7431|8600|22943|27295,CDKN1C|CDKN2B|COL10A1|EDN1|GDNF|GJA1|LIF|NOTCH3|STC1|THBS1|VIM|TNFSF11|DKK1|PDLIM3,-2.5,0
1,-3.7,C0042798,M1,1,0,DisGeNET,35,Low Vision,,-3.7,3.1,4.5,30293,157,871,14,1.6,0.43,1282|1392|2149|3075|4036|5080|5176|5362|5961|7078|7262|8877|10628|64072,COL4A1|CRH|F2R|CFH|LRP2|PAX6|SERPINF1|PLXNA2|PRPH2|TIMP3|PHLDA2|SPHK1|TXNIP|CDH23,-2.5,0
1,-3.7,C0036920,M1,1,0,DisGeNET,35,Sezary Syndrome,,-3.7,2.8,4.4,30293,196,871,16,1.8,0.46,1030|2043|2627|4605|4610|5066|6546|7040|7048|7057|7291|8600|8870|23705|56005|84433,CDKN2B|EPHA4|GATA6|MYBL2|MYCL|PAM|SLC8A1|TGFB1|TGFBR2|THBS1|TWIST1|TNFSF11|IER3|CADM1|MYDGF|CARD11,-2.5,0
1,-3.7,C1527349,M1,1,0,DisGeNET,35,Ductal Breast Carcinoma,,-3.7,2.8,4.4,30293,196,871,16,1.8,0.46,701|1993|2321|3371|4288|4502|4854|5054|5243|6591|7057|7078|7431|8076|10630|170691,BUB1B|ELAVL2|FLT1|TNC|MKI67|MT2A|NOTCH3|SERPINE1|ABCB1|SNAI2|THBS1|TIMP3|VIM|MFAP5|PDPN|ADAMTS17,-2.5,0
1,-3.7,C0751265,M1,1,0,DisGeNET,35,Learning Disabilities,,-3.7,3.7,4.7,30293,103,871,11,1.3,0.38,150|805|1006|1501|2823|2890|6513|6899|7291|7545|10370,ADRA2A|CALM2|CDH8|CTNND2|GPM6A|GRIA1|SLC2A1|TBX1|TWIST1|ZIC1|CITED2,-2.5,0
1,-3.7,C0014867,M1,1,0,DisGeNET,35,Esophageal Varices,,-3.7,5,5.1,30293,56,871,8,0.92,0.32,875|2022|2621|3856|3875|4851|7040|57514,CBS|ENG|GAS6|KRT8|KRT18|NOTCH1|TGFB1|ARHGAP31,-2.5,0
1,-3.7,C1504336,M1,1,0,DisGeNET,35,Polypoidal choroidal vasculopathy,,-3.7,5,5.1,30293,56,871,8,0.92,0.32,19|348|710|3075|5176|5362|7078|91156,ABCA1|APOE|SERPING1|CFH|SERPINF1|PLXNA2|TIMP3|IGFN1,-2.5,0
1,-3.7,C0021670,M1,1,0,DisGeNET,35,insulinoma,,-3.7,2.6,4.3,30293,258,871,19,2.2,0.49,133|1028|1030|1958|2048|2258|3485|3856|4233|5080|5122|5798|6387|6513|6781|7040|7052|81567|169026,ADM|CDKN1C|CDKN2B|EGR1|EPHB2|FGF13|IGFBP2|KRT8|MET|PAX6|PCSK1|PTPRN|CXCL12|SLC2A1|STC1|TGFB1|TGM2|TXNDC5|SLC30A8,-2.5,0
1,-3.7,C0010668,M1,1,0,DisGeNET,35,"Cystic Adenomatoid Malformation of Lung, Congenital",,-3.7,13,6.6,30293,11,871,4,0.46,0.23,2173|2252|2263|6657,FABP7|FGF7|FGFR2|SOX2,-2.5,0
1,-3.7,C0340630,M1,1,0,DisGeNET,35,"Aortic Aneurysm, Thoracoabdominal",,-3.7,13,6.6,30293,11,871,4,0.46,0.23,59|4313|7042|7048,ACTA2|MMP2|TGFB2|TGFBR2,-2.5,0
1,-3.7,C0392482,M1,1,0,DisGeNET,35,Common atrium,,-3.7,13,6.6,30293,11,871,4,0.46,0.23,1717|2627|7026|7547,DHCR7|GATA6|NR2F2|ZIC3,-2.5,0
1,-3.7,C0428975,M1,1,0,DisGeNET,35,Supraventricular Arrhythmia by ECG Finding,,-3.7,13,6.6,30293,11,871,4,0.46,0.23,1282|1674|2273|64072,COL4A1|DES|FHL1|CDH23,-2.5,0
1,-3.7,C1333768,M1,1,0,DisGeNET,35,Gastric Gastrointestinal Stromal Tumor,,-3.7,13,6.6,30293,11,871,4,0.46,0.23,1604|2697|3371|5156,CD55|GJA1|TNC|PDGFRA,-2.5,0
1,-3.7,C1876165,M1,1,0,DisGeNET,35,Copper-Overload Cirrhosis,,-3.7,13,6.6,30293,11,871,4,0.46,0.23,59|4233|4288|7040,ACTA2|MET|MKI67|TGFB1,-2.5,0
1,-3.7,C4021398,M1,1,0,DisGeNET,35,Metacarpal synostosis,,-3.7,13,6.6,30293,11,871,4,0.46,0.23,2192|7291|7545|26585,FBLN1|TWIST1|ZIC1|GREM1,-2.5,0
1,-3.7,C0034186,M1,1,0,DisGeNET,35,Pyelonephritis,,-3.7,4.4,4.9,30293,71,871,9,1,0.34,133|655|2627|5054|5055|5292|5806|6387|7076,ADM|BMP7|GATA6|SERPINE1|SERPINB2|PIM1|PTX3|CXCL12|TIMP1,-2.5,0
1,-3.7,C0343284,M1,1,0,DisGeNET,35,Chondrodysplasia,,-3.7,4.4,4.9,30293,71,871,9,1,0.34,1300|1311|1404|2719|3315|8600|23213|50515|55512,COL10A1|COMP|HAPLN1|GPC3|HSPB1|TNFSF11|SULF1|CHST11|SMPD3,-2.5,0
1,-3.7,C0018834,M1,1,0,DisGeNET,35,Heartburn,,-3.7,3.3,4.6,30293,139,871,13,1.5,0.41,1909|2294|2627|2668|3491|4015|5357|6281|6657|22943|51305|57007|57611,EDNRA|FOXF1|GATA6|GDNF|CCN1|LOX|PLS1|S100A10|SOX2|DKK1|KCNK9|ACKR3|ISLR2,-2.5,0
1,-3.7,C0151825,M1,1,0,DisGeNET,35,Bone pain,,-3.7,3.3,4.6,30293,139,871,13,1.5,0.41,1490|1906|2668|3486|5251|5328|6578|6869|7040|7852|8600|22943|27295,CCN2|EDN1|GDNF|IGFBP3|PHEX|PLAU|SLCO2A1|TACR1|TGFB1|CXCR4|TNFSF11|DKK1|PDLIM3,-2.5,0
1,-3.7,C0013222,M1,1,0,DisGeNET,35,Drug Use Disorders,,-3.7,3.4,4.6,30293,121,871,12,1.4,0.39,1268|2917|3899|3983|6581|9369|9547|22998|27146|80206|81035|143503,CNR1|GRM7|AFF3|ABLIM1|SLC22A3|NRXN3|CXCL14|LIMCH1|FAM184B|FHOD3|COLEC12|OR51E1,-2.5,0
1,-3.7,C0017665,M1,1,0,DisGeNET,35,Membranous glomerulonephritis,,-3.7,2.8,4.4,30293,197,871,16,1.8,0.46,19|348|1191|1356|1490|3075|4036|4851|5054|5307|6387|7040|7042|7225|8600|10763,ABCA1|APOE|CLU|CP|CCN2|CFH|LRP2|NOTCH1|SERPINE1|PITX1|CXCL12|TGFB1|TGFB2|TRPC6|TNFSF11|NES,-2.5,0
1,-3.7,C0035435,M1,1,0,DisGeNET,35,Rheumatism,,-3.7,2.8,4.4,30293,197,871,16,1.8,0.46,953|1240|1674|1909|3075|3624|4060|4256|5243|5328|6285|6422|7291|7412|8829|10371,ENTPD1|CMKLR1|DES|EDNRA|CFH|INHBA|LUM|MGP|ABCB1|PLAU|S100B|SFRP1|TWIST1|VCAM1|NRP1|SEMA3A,-2.5,0
1,-3.7,C0949690,M1,1,0,DisGeNET,35,Spondylarthritis,,-3.7,3.1,4.5,30293,158,871,14,1.6,0.43,90|3371|3486|4288|5806|6387|7040|8600|8840|9518|9966|22943|55655|56005,ACVR1|TNC|IGFBP3|MKI67|PTX3|CXCL12|TGFB1|TNFSF11|CCN4|GDF15|TNFSF15|DKK1|NLRP2|MYDGF,-2.5,0
1,-3.7,C0205748,M1,1,0,DisGeNET,35,Dysplastic Nevus,,-3.7,3.7,4.7,30293,104,871,11,1.3,0.38,348|1311|1509|1910|2048|3490|4312|4313|4322|5066|23705,APOE|COMP|CTSD|EDNRB|EPHB2|IGFBP7|MMP1|MMP2|MMP13|PAM|CADM1,-2.4,0
1,-3.7,C0521607,M1,1,0,DisGeNET,35,Peritoneal Fibrosis,,-3.7,3.7,4.7,30293,104,871,11,1.3,0.38,655|1490|4015|4313|5054|5764|6387|7040|7057|7130|7852,BMP7|CCN2|LOX|MMP2|SERPINE1|PTN|CXCL12|TGFB1|THBS1|TNFAIP6|CXCR4,-2.4,0
1,-3.7,C0015625,M1,1,0,DisGeNET,35,Fanconi Anemia,,-3.7,2.2,4.2,30293,393,871,25,2.9,0.57,861|1958|2048|2294|2670|3090|3624|4036|4313|4851|5080|6422|6507|6696|6899|6925|7040|7301|7412|7852|22943|26227|29128|55655|80233,RUNX1|EGR1|EPHB2|FOXF1|GFAP|HIC1|INHBA|LRP2|MMP2|NOTCH1|PAX6|SFRP1|SLC1A3|SPP1|TBX1|TCF4|TGFB1|TYRO3|VCAM1|CXCR4|DKK1|PHGDH|UHRF1|NLRP2|FAAP100,-2.4,0
1,-3.7,C0020608,M1,1,0,DisGeNET,35,Hypodontia,,-3.7,2.7,4.4,30293,218,871,17,2,0.47,652|1759|1832|2048|2263|2296|2317|5083|6926|7040|7043|9464|10265|22943|54757|64094|253738,BMP4|DNM1|DSP|EPHB2|FGFR2|FOXC1|FLNB|PAX9|TBX3|TGFB1|TGFB3|HAND2|IRX5|DKK1|FAM20A|SMOC2|EBF3,-2.4,0
1,-3.7,C0024668,M1,1,0,DisGeNET,35,"Mammary Neoplasms, Experimental",,-3.7,2.7,4.4,30293,218,871,17,2,0.47,214|1266|1674|2202|3399|3400|4256|4313|5328|5764|6277|6319|6696|7057|8614|8848|10628,ALCAM|CNN3|DES|EFEMP1|ID3|ID4|MGP|MMP2|PLAU|PTN|S100A6|SCD|SPP1|THBS1|STC2|TSC22D1|TXNIP,-2.4,0
1,-3.7,C0265534,M1,1,0,DisGeNET,35,Scaphycephaly,,-3.7,5.7,5.3,30293,43,871,7,0.8,0.3,2201|2263|4091|7291|7545|27295|158326,FBN2|FGFR2|SMAD6|TWIST1|ZIC1|PDLIM3|FREM1,-2.4,0
1,-3.7,C0278480,M1,1,0,DisGeNET,35,Stage III Colon Cancer,,-3.7,5.7,5.3,30293,43,871,7,0.8,0.3,2817|6387|6657|6696|7040|7852|57214,GPC1|CXCL12|SOX2|SPP1|TGFB1|CXCR4|CEMIP,-2.4,0
1,-3.7,C0281508,M1,1,0,DisGeNET,35,Desmoplastic Small Round Cell Tumor,,-3.7,5.7,5.3,30293,43,871,7,0.8,0.3,1490|1674|2308|4821|5077|7291|10763,CCN2|DES|FOXO1|NKX2-2|PAX3|TWIST1|NES,-2.4,0
1,-3.7,C1510475,M1,1,0,DisGeNET,35,Diverticulosis,,-3.7,5.7,5.3,30293,43,871,7,0.8,0.3,1281|2668|2674|2697|4312|5742|6285,COL3A1|GDNF|GFRA1|GJA1|MMP1|PTGS1|S100B,-2.4,0
1,-3.7,C0026640,M1,1,0,DisGeNET,35,Mouth Neoplasms,,-3.7,3.2,4.5,30293,140,871,13,1.5,0.41,1030|1545|1612|1634|3315|3371|3673|4133|4322|5328|6387|7431|10319,CDKN2B|CYP1B1|DAPK1|DCN|HSPB1|TNC|ITGA2|MAP2|MMP13|PLAU|CXCL12|VIM|LAMC3,-2.4,0
1,-3.7,C0023530,M1,1,0,DisGeNET,35,Leukopenia,,-3.7,2.1,4.1,30293,440,871,27,3.1,0.59,133|861|1545|1612|2022|2030|2296|2624|3589|4233|4313|4629|4851|5142|5243|6387|7040|7364|7547|7852|8140|9547|27087|51816|57514|79971|91653,ADM|RUNX1|CYP1B1|DAPK1|ENG|SLC29A1|FOXC1|GATA2|IL11|MET|MMP2|MYH11|NOTCH1|PDE4B|ABCB1|CXCL12|TGFB1|UGT2B7|ZIC3|CXCR4|SLC7A5|CXCL14|B3GAT1|ADA2|ARHGAP31|WLS|BOC,-2.4,0
1,-3.7,C0022716,M1,1,0,DisGeNET,35,Menkes Kinky Hair Syndrome,,-3.7,8.7,5.9,30293,20,871,5,0.57,0.26,1356|2201|4015|5066|5764,CP|FBN2|LOX|PAM|PTN,-2.4,0
1,-3.7,C0086395,M1,1,0,DisGeNET,35,"Hearing Loss, Extreme",,-3.7,8.7,5.9,30293,20,871,5,0.57,0.26,182|2706|5077|83715|160335,JAG1|GJB2|PAX3|ESPN|TMTC2,-2.4,0
1,-3.7,C0265216,M1,1,0,DisGeNET,35,X-linked hydrocephalus syndrome,,-3.7,8.7,5.9,30293,20,871,5,0.57,0.26,805|1282|1285|1286|1287,CALM2|COL4A1|COL4A3|COL4A4|COL4A5,-2.4,0
1,-3.7,C0266574,M1,1,0,DisGeNET,35,Ablepharon,,-3.7,8.7,5.9,30293,20,871,5,0.57,0.26,2890|7291|26227|80144|117581,GRIA1|TWIST1|PHGDH|FRAS1|TWIST2,-2.4,0
1,-3.7,C0581883,M1,1,0,DisGeNET,35,Complete Hearing Loss,,-3.7,8.7,5.9,30293,20,871,5,0.57,0.26,182|2706|5077|83715|160335,JAG1|GJB2|PAX3|ESPN|TMTC2,-2.4,0
1,-3.7,C0751068,M1,1,0,DisGeNET,35,"Deafness, Acquired",,-3.7,8.7,5.9,30293,20,871,5,0.57,0.26,182|2706|5077|83715|160335,JAG1|GJB2|PAX3|ESPN|TMTC2,-2.4,0
1,-3.7,C3665473,M1,1,0,DisGeNET,35,Bilateral Deafness,,-3.7,8.7,5.9,30293,20,871,5,0.57,0.26,182|2706|5077|83715|160335,JAG1|GJB2|PAX3|ESPN|TMTC2,-2.4,0
1,-3.7,C3888896,M1,1,0,DisGeNET,35,Wet age-related macular degeneration,,-3.7,8.7,5.9,30293,20,871,5,0.57,0.26,3075|3371|5176|5362|54541,CFH|TNC|SERPINF1|PLXNA2|DDIT4,-2.4,0
1,-3.7,C4021254,M1,1,0,DisGeNET,35,Cutaneous finger syndactyly,,-3.7,8.7,5.9,30293,20,871,5,0.57,0.26,2263|2697|5077|79633|80144,FGFR2|GJA1|PAX3|FAT4|FRAS1,-2.4,0
1,-3.7,C4082305,M1,1,0,DisGeNET,35,Deaf Mutism,,-3.7,8.7,5.9,30293,20,871,5,0.57,0.26,182|2706|5077|83715|160335,JAG1|GJB2|PAX3|ESPN|TMTC2,-2.4,0
1,-3.7,C0007130,M1,1,0,DisGeNET,35,Mucinous Adenocarcinoma,,-3.7,3.1,4.5,30293,159,871,14,1.6,0.43,2048|2627|2719|3084|4052|4233|4322|6513|6520|7040|7291|8076|25797|54894,EPHB2|GATA6|GPC3|NRG1|LTBP1|MET|MMP13|SLC2A1|SLC3A2|TGFB1|TWIST1|MFAP5|QPCT|RNF43,-2.4,0
1,-3.7,C0520463,M1,1,0,DisGeNET,35,Chronic active hepatitis,,-3.7,3.4,4.6,30293,122,871,12,1.4,0.39,59|1356|1392|3371|3856|3875|4233|4288|4322|4854|7040|8630,ACTA2|CP|CRH|TNC|KRT8|KRT18|MET|MKI67|MMP13|NOTCH3|TGFB1|HSD17B6,-2.4,0
1,-3.7,C0033575,M1,1,0,DisGeNET,35,Prostatic Diseases,,-3.7,4.3,4.9,30293,72,871,9,1,0.34,284|2697|2706|4015|4313|5176|7040|9518|29968,ANGPT1|GJA1|GJB2|LOX|MMP2|SERPINF1|TGFB1|GDF15|PSAT1,-2.4,0
1,-3.7,C0521620,M1,1,0,DisGeNET,35,Dilatation of ureter,,-3.7,4.3,4.9,30293,72,871,9,1,0.34,652|2043|2045|2294|2296|2624|2719|4629|4638,BMP4|EPHA4|EPHA7|FOXF1|FOXC1|GATA2|GPC3|MYH11|MYLK,-2.4,0
1,-3.7,C0014553,M1,1,0,DisGeNET,35,Absence Epilepsy,,-3.7,4,4.8,30293,88,871,10,1.1,0.36,1958|2670|4851|4886|5243|6513|6529|7057|26047|51305,EGR1|GFAP|NOTCH1|NPY1R|ABCB1|SLC2A1|SLC6A1|THBS1|CNTNAP2|KCNK9,-2.4,0
1,-3.7,C0751212,M1,1,0,DisGeNET,35,"Hyperalgesia, Secondary",,-3.7,4,4.8,30293,88,871,10,1.1,0.36,133|1268|1906|2668|2670|3231|3673|4908|5742|6869,ADM|CNR1|EDN1|GDNF|GFAP|HOXD1|ITGA2|NTF3|PTGS1|TACR1,-2.4,0
1,-3.7,C0018081,M1,1,0,DisGeNET,35,Gonorrhea,,-3.7,2.5,4.3,30293,261,871,19,2.2,0.49,133|894|1028|1191|1958|2066|2294|2308|3075|4233|5243|6387|6591|6696|7040|7042|22795|56005|81552,ADM|CCND2|CDKN1C|CLU|EGR1|ERBB4|FOXF1|FOXO1|CFH|MET|ABCB1|CXCL12|SNAI2|SPP1|TGFB1|TGFB2|NID2|MYDGF|VOPP1,-2.4,0
1,-3.7,C0206727,M1,1,0,DisGeNET,35,Nerve Sheath Tumors,,-3.7,6.7,5.5,30293,31,871,6,0.69,0.28,1030|4322|5156|5176|6285|10763,CDKN2B|MMP13|PDGFRA|SERPINF1|S100B|NES,-2.4,0
1,-3.7,C0600518,M1,1,0,DisGeNET,35,Choroidal Neovascularization,,-3.7,6.7,5.5,30293,31,871,6,0.69,0.28,2034|2321|3075|4313|5176|5961,EPAS1|FLT1|CFH|MMP2|SERPINF1|PRPH2,-2.4,0
1,-3.7,C0278704,M1,1,0,DisGeNET,35,Malignant Childhood Neoplasm,,-3.7,2.9,4.4,30293,179,871,15,1.7,0.44,701|861|1030|1634|2034|2308|2706|5077|5122|6876|7057|7301|7431|9518|51435,BUB1B|RUNX1|CDKN2B|DCN|EPAS1|FOXO1|GJB2|PAX3|PCSK1|TAGLN|THBS1|TYRO3|VIM|GDF15|SCARA3,-2.4,0
1,-3.6,C0311249,M1,1,0,DisGeNET,35,Cryptophthalmos,,-3.6,21,7.6,30293,5,871,3,0.34,0.2,80144|117581|158326,FRAS1|TWIST2|FREM1,-2.4,0
1,-3.6,C0424690,M1,1,0,DisGeNET,35,Asymmetrical skull,,-3.6,21,7.6,30293,5,871,3,0.34,0.2,2263|5648|7291,FGFR2|MASP1|TWIST1,-2.4,0
1,-3.6,C1260894,M1,1,0,DisGeNET,35,Hypertrophic obesity,,-3.6,21,7.6,30293,5,871,3,0.34,0.2,652|22943|26585,BMP4|DKK1|GREM1,-2.4,0
1,-3.6,C1443296,M1,1,0,DisGeNET,35,Axial myopia,,-3.6,21,7.6,30293,5,871,3,0.34,0.2,4060|4233|5251,LUM|MET|PHEX,-2.4,0
1,-3.6,C1851286,M1,1,0,DisGeNET,35,Ectopia lentis isolated,,-3.6,21,7.6,30293,5,871,3,0.34,0.2,4053|9719|170691,LTBP2|ADAMTSL2|ADAMTS17,-2.4,0
1,-3.6,C2713497,M1,1,0,DisGeNET,35,Saccular Aneurysm,,-3.6,21,7.6,30293,5,871,3,0.34,0.2,1281|2022|4312,COL3A1|ENG|MMP1,-2.4,0
1,-3.6,C2717860,M1,1,0,DisGeNET,35,Encapsulating Peritoneal Sclerosis,,-3.6,21,7.6,30293,5,871,3,0.34,0.2,1490|7040|10630,CCN2|TGFB1|PDPN,-2.4,0
1,-3.6,C2931117,M1,1,0,DisGeNET,35,Fetal megacystis,,-3.6,21,7.6,30293,5,871,3,0.34,0.2,59|2294|4638,ACTA2|FOXF1|MYLK,-2.4,0
1,-3.6,C4023327,M1,1,0,DisGeNET,35,Central opacification of the cornea,,-3.6,21,7.6,30293,5,871,3,0.34,0.2,1545|2296|5080,CYP1B1|FOXC1|PAX6,-2.4,0
1,-3.6,C4025675,M1,1,0,DisGeNET,35,Abnormality of the radius,,-3.6,21,7.6,30293,5,871,3,0.34,0.2,2317|6926|10082,FLNB|TBX3|GPC6,-2.4,0
1,-3.6,C4477011,M1,1,0,DisGeNET,35,Thinning of Descemet membrane,,-3.6,21,7.6,30293,5,871,3,0.34,0.2,1545|2296|5080,CYP1B1|FOXC1|PAX6,-2.4,0
1,-3.6,C0024003,M1,1,0,DisGeNET,35,Lordosis,,-3.6,3,4.5,30293,160,871,14,1.6,0.43,58|547|1311|1674|2263|2273|2317|2495|4322|4854|5648|7040|7291|9510,ACTA1|KIF1A|COMP|DES|FGFR2|FHL1|FLNB|FTH1|MMP13|NOTCH3|MASP1|TGFB1|TWIST1|ADAMTS1,-2.4,0
1,-3.6,C1970943,M1,1,0,DisGeNET,35,MAJOR AFFECTIVE DISORDER 4,,-3.6,3,4.5,30293,160,871,14,1.6,0.43,288|1392|1978|2066|2149|3084|3485|6285|6869|6899|6925|23209|55890|64072,ANK3|CRH|EIF4EBP1|ERBB4|F2R|NRG1|IGFBP2|S100B|TACR1|TBX1|TCF4|MLC1|GPRC5C|CDH23,-2.4,0
1,-3.6,C1970945,M1,1,0,DisGeNET,35,MAJOR AFFECTIVE DISORDER 6,,-3.6,3,4.5,30293,160,871,14,1.6,0.43,288|1392|1978|2066|2149|3084|3485|6285|6869|6899|6925|23209|55890|64072,ANK3|CRH|EIF4EBP1|ERBB4|F2R|NRG1|IGFBP2|S100B|TACR1|TBX1|TCF4|MLC1|GPRC5C|CDH23,-2.4,0
1,-3.6,C4721414,M1,1,0,DisGeNET,35,Mantle cell lymphoma,,-3.6,2.1,4.1,30293,466,871,28,3.2,0.6,655|805|894|970|1030|1268|1844|1978|2308|2627|3491|4133|4851|5243|5292|6387|7042|7052|7852|9411|10580|23209|26585|29968|84433|84662|92737|113791,BMP7|CALM2|CCND2|CD70|CDKN2B|CNR1|DUSP2|EIF4EBP1|FOXO1|GATA6|CCN1|MAP2|NOTCH1|ABCB1|PIM1|CXCL12|TGFB2|TGM2|CXCR4|ARHGAP29|SORBS1|MLC1|GREM1|PSAT1|CARD11|GLIS2|DNER|PIK3IP1,-2.4,0
1,-3.6,C3805574,M1,1,0,DisGeNET,35,Increased fracture rate,,-3.6,3.4,4.6,30293,123,871,12,1.4,0.39,875|1501|2263|3977|5251|8600|9037|10371|22943|54756|55603|64072,CBS|CTNND2|FGFR2|LIFR|PHEX|TNFSF11|SEMA5A|SEMA3A|DKK1|IL17RD|TENT5A|CDH23,-2.4,0
1,-3.6,C0040028,M1,1,0,DisGeNET,35,"Thrombocythemia, Essential",,-3.6,2.7,4.3,30293,220,871,17,2,0.47,133|794|1906|2321|4313|5054|5155|5156|5742|5806|6387|6696|7040|7057|7852|9518|22943,ADM|CALB2|EDN1|FLT1|MMP2|SERPINE1|PDGFB|PDGFRA|PTGS1|PTX3|CXCL12|SPP1|TGFB1|THBS1|CXCR4|GDF15|DKK1,-2.4,0
1,-3.6,C0023827,M1,1,0,DisGeNET,35,liposarcoma,,-3.6,2.8,4.4,30293,200,871,16,1.8,0.46,1839|2034|2668|3488|4313|4921|5156|5243|5806|6657|6781|7076|7431|7545|83716|92737,HBEGF|EPAS1|GDNF|IGFBP5|MMP2|DDR2|PDGFRA|ABCB1|PTX3|SOX2|STC1|TIMP1|VIM|ZIC1|CRISPLD2|DNER,-2.4,0
1,-3.6,C0375023,M1,1,0,DisGeNET,35,Respiratory syncytial virus (RSV) infection in conditions classified elsewhere and of unspecified site,,-3.6,2.1,4.1,30293,467,871,28,3.2,0.6,19|21|1268|1490|1993|2048|2149|2201|2621|3589|3736|3856|3875|3976|4313|4325|4851|4948|5054|6696|7040|7057|7412|10625|10763|27087|56005|80332,ABCA1|ABCA3|CNR1|CCN2|ELAVL2|EPHB2|F2R|FBN2|GAS6|IL11|KCNA1|KRT8|KRT18|LIF|MMP2|MMP16|NOTCH1|OCA2|SERPINE1|SPP1|TGFB1|THBS1|VCAM1|IVNS1ABP|NES|B3GAT1|MYDGF|ADAM33,-2.4,0
1,-3.6,C0025312,M1,1,0,DisGeNET,35,Meningomyelocele,,-3.6,3.9,4.7,30293,89,871,10,1.1,0.36,652|875|2670|4223|5077|5156|6513|6657|80144|166336,BMP4|CBS|GFAP|MEOX2|PAX3|PDGFRA|SLC2A1|SOX2|FRAS1|PRICKLE2,-2.4,0
1,-3.6,C0264714,M1,1,0,DisGeNET,35,Acute heart failure,,-3.6,3.9,4.7,30293,89,871,10,1.1,0.36,133|3490|3491|4053|4879|5179|6696|7076|7291|9518,ADM|IGFBP7|CCN1|LTBP2|NPPB|PENK|SPP1|TIMP1|TWIST1|GDF15,-2.4,0
1,-3.6,C0346627,M1,1,0,DisGeNET,35,Intestinal Cancer,,-3.6,3.9,4.7,30293,89,871,10,1.1,0.36,666|4233|6422|6925|7048|7852|8549|8877|26585|84870,BOK|MET|SFRP1|TCF4|TGFBR2|CXCR4|LGR5|SPHK1|GREM1|RSPO3,-2.4,0
1,-3.6,C4509226,M1,1,0,DisGeNET,35,Heart failure with preserved ejection fraction [HFpEF],,-3.6,3.9,4.7,30293,89,871,10,1.1,0.36,133|1906|1910|2149|4313|4879|5054|5179|6696|9518,ADM|EDN1|EDNRB|F2R|MMP2|NPPB|SERPINE1|PENK|SPP1|GDF15,-2.4,0
1,-3.6,C0005747,M1,1,0,DisGeNET,35,Blepharospasm,,-3.6,5.5,5.2,30293,44,871,7,0.8,0.3,1356|2263|2512|4036|7291|23263|84570,CP|FGFR2|FTL|LRP2|TWIST1|MCF2L|COL25A1,-2.4,0
1,-3.6,C1536999,M1,1,0,DisGeNET,35,cancer angiogenesis,,-3.6,5.5,5.2,30293,44,871,7,0.8,0.3,290|1545|2321|4313|6869|8515|54443,ANPEP|CYP1B1|FLT1|MMP2|TACR1|ITGA10|ANLN,-2.4,0
1,-3.6,C0014547,M1,1,0,DisGeNET,35,"Epilepsies, Partial",,-3.6,4.3,4.8,30293,73,871,9,1,0.34,1268|1282|2668|5243|6513|6925|7881|26047|55203,CNR1|COL4A1|GDNF|ABCB1|SLC2A1|TCF4|KCNAB1|CNTNAP2|LGI2,-2.4,0
1,-3.6,C0027543,M1,1,0,DisGeNET,35,Avascular necrosis of bone,,-3.6,4.3,4.8,30293,73,871,9,1,0.34,652|1311|1906|4313|6578|7076|8600|56005|64072,BMP4|COMP|EDN1|MMP2|SLCO2A1|TIMP1|TNFSF11|MYDGF|CDH23,-2.4,0
1,-3.6,C1852197,M1,1,0,DisGeNET,35,MAJOR AFFECTIVE DISORDER 1,,-3.6,3,4.4,30293,161,871,14,1.6,0.43,288|1392|1978|2066|2149|3084|3485|6285|6869|6899|6925|23209|55890|64072,ANK3|CRH|EIF4EBP1|ERBB4|F2R|NRG1|IGFBP2|S100B|TACR1|TBX1|TCF4|MLC1|GPRC5C|CDH23,-2.4,0
1,-3.6,C0242596,M1,1,0,DisGeNET,35,"Neoplasm, Residual",,-3.6,2.3,4.2,30293,329,871,22,2.5,0.53,214|805|861|976|1028|1030|1734|2048|3400|4629|4851|4908|5243|6299|6696|6781|7040|7138|8829|29968|644943|100133941,ALCAM|CALM2|RUNX1|ADGRE5|CDKN1C|CDKN2B|DIO2|EPHB2|ID4|MYH11|NOTCH1|NTF3|ABCB1|SALL1|SPP1|STC1|TGFB1|TNNT1|NRP1|PSAT1|RASSF10|CD24,-2.4,0
1,-3.6,C3665347,M1,1,0,DisGeNET,35,Visual Impairment,,-3.6,2.1,4.1,30293,422,871,26,3,0.58,19|547|1282|1294|1509|1545|2202|2263|2296|2624|2697|3708|4053|4854|4948|5080|5961|6657|8600|10319|10371|54756|63976|64072|92211|117581,ABCA1|KIF1A|COL4A1|COL7A1|CTSD|CYP1B1|EFEMP1|FGFR2|FOXC1|GATA2|GJA1|ITPR1|LTBP2|NOTCH3|OCA2|PAX6|PRPH2|SOX2|TNFSF11|LAMC3|SEMA3A|IL17RD|PRDM16|CDH23|CDHR1|TWIST2,-2.4,0
1,-3.6,C0220597,M1,1,0,DisGeNET,35,Adult Hodgkin Lymphoma,,-3.6,2.2,4.1,30293,399,871,25,2.9,0.57,710|970|1268|1490|1958|2263|2296|2297|2308|4233|4288|4821|4851|4978|5054|5243|5292|6387|7040|7048|7852|23705|27087|55655|84662,SERPING1|CD70|CNR1|CCN2|EGR1|FGFR2|FOXC1|FOXD1|FOXO1|MET|MKI67|NKX2-2|NOTCH1|OPCML|SERPINE1|ABCB1|PIM1|CXCL12|TGFB1|TGFBR2|CXCR4|CADM1|B3GAT1|NLRP2|GLIS2,-2.4,0
1,-3.6,C0206695,M1,1,0,DisGeNET,35,"Carcinoma, Neuroendocrine",,-3.6,2.9,4.3,30293,182,871,15,1.7,0.44,133|445|1191|2719|4133|5080|5122|5156|5328|6513|6657|6696|27087|56896|143503,ADM|ASS1|CLU|GPC3|MAP2|PAX6|PCSK1|PDGFRA|PLAU|SLC2A1|SOX2|SPP1|B3GAT1|DPYSL5|OR51E1,-2.3,0
1,-3.6,C0013261,M1,1,0,DisGeNET,35,Duane Retraction Syndrome,,-3.6,6.5,5.4,30293,32,871,6,0.69,0.28,1000|2138|3232|6299|7040|84570,CDH2|EYA1|HOXD3|SALL1|TGFB1|COL25A1,-2.3,0
1,-3.6,C0079293,M1,1,0,DisGeNET,35,Epidermolysis Bullosa Acquisita,,-3.6,6.5,5.4,30293,32,871,6,0.69,0.28,1294|4312|4322|7040|7076|7078,COL7A1|MMP1|MMP13|TGFB1|TIMP1|TIMP3,-2.3,0
1,-3.6,C0685695,M1,1,0,DisGeNET,35,Abnormal lung lobation,,-3.6,6.5,5.4,30293,32,871,6,0.69,0.28,701|1717|2294|2719|6899|80144,BUB1B|DHCR7|FOXF1|GPC3|TBX1|FRAS1,-2.3,0
1,-3.6,C0750935,M1,1,0,DisGeNET,35,Cerebral Astrocytoma,,-3.6,6.5,5.4,30293,32,871,6,0.69,0.28,90|2670|4233|4851|10763|23462,ACVR1|GFAP|MET|NOTCH1|NES|HEY1,-2.3,0
1,-3.6,C1855179,M1,1,0,DisGeNET,35,"CATARACT, ANTERIOR POLAR",,-3.6,3.3,4.5,30293,125,871,12,1.4,0.39,133|1285|1287|3371|5054|5806|6696|7052|7076|26010|29968|57007,ADM|COL4A3|COL4A5|TNC|SERPINE1|PTX3|SPP1|TGM2|TIMP1|SPATS2L|PSAT1|ACKR3,-2.3,0
1,-3.6,C0339510,M1,1,0,DisGeNET,35,Vitelliform Macular Dystrophy,,-3.6,4.2,4.8,30293,74,871,9,1,0.34,654|2495|3315|5362|5961|6299|27295|51384|84870,BMP6|FTH1|HSPB1|PLXNA2|PRPH2|SALL1|PDLIM3|WNT16|RSPO3,-2.3,0
1,-3.6,C0026265,M1,1,0,DisGeNET,35,Diseases of mitral valve,,-3.6,8.3,5.7,30293,21,871,5,0.57,0.26,1906|2697|4313|7040|7043,EDN1|GJA1|MMP2|TGFB1|TGFB3,-2.3,0
1,-3.6,C0037917,M1,1,0,DisGeNET,35,Spina Bifida Cystica,,-3.6,8.3,5.7,30293,21,871,5,0.57,0.26,348|861|2670|3977|10370,APOE|RUNX1|GFAP|LIFR|CITED2,-2.3,0
1,-3.6,C0018133,M1,1,0,DisGeNET,35,Graft-vs-Host Disease,,-3.6,2.1,4,30293,447,871,27,3.1,0.59,284|953|970|1839|2149|2151|2252|2621|2706|3554|3673|3702|4627|4638|5080|6696|7040|7291|7412|7431|9966|10878|23209|27087|53637|56005|64123,ANGPT1|ENTPD1|CD70|HBEGF|F2R|F2RL2|FGF7|GAS6|GJB2|IL1R1|ITGA2|ITK|MYH9|MYLK|PAX6|SPP1|TGFB1|TWIST1|VCAM1|VIM|TNFSF15|CFHR3|MLC1|B3GAT1|S1PR5|MYDGF|ADGRL4,-2.3,0
1,-3.6,C0017667,M1,1,0,DisGeNET,35,Nodular glomerulosclerosis,,-3.6,4.7,4.9,30293,59,871,8,0.92,0.32,284|1282|2621|5054|6513|7040|7048|10628,ANGPT1|COL4A1|GAS6|SERPINE1|SLC2A1|TGFB1|TGFBR2|TXNIP,-2.3,0
1,-3.6,C0268381,M1,1,0,DisGeNET,35,Primary amyloidosis,,-3.6,4.7,4.9,30293,59,871,8,0.92,0.32,1545|4312|4313|4879|6509|6696|9518|11010,CYP1B1|MMP1|MMP2|NPPB|SLC1A4|SPP1|GDF15|GLIPR1,-2.3,0
1,-3.6,C0279613,M1,1,0,DisGeNET,35,Childhood Alveolar Rhabdomyosarcoma,,-3.6,4.7,4.9,30293,59,871,8,0.92,0.32,1028|2294|2308|4233|5077|5156|5243|7021,CDKN1C|FOXF1|FOXO1|MET|PAX3|PDGFRA|ABCB1|TFAP2B,-2.3,0
1,-3.6,C1708604,M1,1,0,DisGeNET,35,Keratocystic Odontogenic Tumor,,-3.6,4.7,4.9,30293,59,871,8,0.92,0.32,652|794|1490|3491|4312|4851|6657|10630,BMP4|CALB2|CCN2|CCN1|MMP1|NOTCH1|SOX2|PDPN,-2.3,0
1,-3.6,C0162298,M1,1,0,DisGeNET,35,Joint stiffness,,-3.6,3,4.4,30293,163,871,14,1.6,0.43,875|1293|1311|2201|2263|2273|4053|4322|5077|5307|9719|54829|63976|170691,CBS|COL6A3|COMP|FBN2|FGFR2|FHL1|LTBP2|MMP13|PAX3|PITX1|ADAMTSL2|ASPN|PRDM16|ADAMTS17,-2.3,0
1,-3.6,C0009806,M1,1,0,DisGeNET,35,Constipation,,-3.6,2.1,4,30293,424,871,26,3,0.58,1294|1674|1717|1910|2512|2556|2668|4312|4638|4883|4908|5156|6299|6657|6781|6899|6925|7048|9627|9966|10512|23336|27087|27295|63976|253738,COL7A1|DES|DHCR7|EDNRB|FTL|GABRA3|GDNF|MMP1|MYLK|NPR3|NTF3|PDGFRA|SALL1|SOX2|STC1|TBX1|TCF4|TGFBR2|SNCAIP|TNFSF15|SEMA3C|SYNM|B3GAT1|PDLIM3|PRDM16|EBF3,-2.3,0
1,-3.6,C0424678,M1,1,0,DisGeNET,35,Lean body mass,,-3.6,3.1,4.4,30293,144,871,13,1.5,0.41,1910|2202|3400|4052|4091|4883|5122|6546|8630|23017|26002|57211|64094,EDNRB|EFEMP1|ID4|LTBP1|SMAD6|NPR3|PCSK1|SLC8A1|HSD17B6|FAIM2|MOXD1|ADGRG6|SMOC2,-2.3,0
1,-3.6,C0004941,M1,1,0,DisGeNET,35,Behavioral Symptoms,,-3.6,5.4,5.1,30293,45,871,7,0.8,0.3,21|348|2317|4133|5066|10468|23541,ABCA3|APOE|FLNB|MAP2|PAM|FST|SEC14L2,-2.3,0
1,-3.6,C0086133,M1,1,0,DisGeNET,35,Depressive Syndrome,,-3.6,5.4,5.1,30293,45,871,7,0.8,0.3,348|1392|2495|2512|4886|6281|23705,APOE|CRH|FTH1|FTL|NPY1R|S100A10|CADM1,-2.3,0
1,-3.6,C0263628,M1,1,0,DisGeNET,35,Tumoral calcinosis,,-3.6,5.4,5.1,30293,45,871,7,0.8,0.3,4313|4851|5155|6591|6696|7040|7076,MMP2|NOTCH1|PDGFB|SNAI2|SPP1|TGFB1|TIMP1,-2.3,0
1,-3.6,C1961099,M1,1,0,DisGeNET,35,Precursor T-Cell Lymphoblastic Leukemia-Lymphoma,,-3.6,1.9,3.9,30293,644,871,35,4,0.67,21|182|805|861|894|1030|1287|2048|2334|2890|3490|3899|4312|4313|4851|4854|5080|5156|5243|5292|5307|6387|7052|7057|7481|7852|8140|8543|9518|10611|63976|79191|84433|84662|92737,ABCA3|JAG1|CALM2|RUNX1|CCND2|CDKN2B|COL4A5|EPHB2|AFF2|GRIA1|IGFBP7|AFF3|MMP1|MMP2|NOTCH1|NOTCH3|PAX6|PDGFRA|ABCB1|PIM1|PITX1|CXCL12|TGM2|THBS1|WNT11|CXCR4|SLC7A5|LMO4|GDF15|PDLIM5|PRDM16|IRX3|CARD11|GLIS2|DNER,-2.3,0
1,-3.6,C0006444,M1,1,0,DisGeNET,35,Bursitis,,-3.6,12,6.3,30293,12,871,4,0.46,0.23,165|4312|5742|6387,AEBP1|MMP1|PTGS1|CXCL12,-2.3,0
1,-3.6,C0038874,M1,1,0,DisGeNET,35,Supratentorial Neoplasms,,-3.6,12,6.3,30293,12,871,4,0.46,0.23,1030|2670|5156|7431,CDKN2B|GFAP|PDGFRA|VIM,-2.3,0
1,-3.6,C1263858,M1,1,0,DisGeNET,35,"Muscular dystrophy congenital, merosin negative",,-3.6,12,6.3,30293,12,871,4,0.46,0.23,1464|1634|7040|7431,CSPG4|DCN|TGFB1|VIM,-2.3,0
1,-3.6,C1333500,M1,1,0,DisGeNET,35,Extragastrointestinal Gastrointestinal Stromal Tumor,,-3.6,12,6.3,30293,12,871,4,0.46,0.23,1674|5156|6285|7431,DES|PDGFRA|S100B|VIM,-2.3,0
1,-3.6,C1837512,M1,1,0,DisGeNET,35,Decreased serum complement C3,,-3.6,12,6.3,30293,12,871,4,0.46,0.23,715|3075|6696|10878,C1R|CFH|SPP1|CFHR3,-2.3,0
1,-3.6,C0205647,M1,1,0,DisGeNET,35,Follicular adenoma,,-3.6,2.9,4.3,30293,183,871,15,1.7,0.44,894|1030|1545|1893|2263|2697|2719|4312|4313|5156|6513|7076|9518|23541|644943,CCND2|CDKN2B|CYP1B1|ECM1|FGFR2|GJA1|GPC3|MMP1|MMP2|PDGFRA|SLC2A1|TIMP1|GDF15|SEC14L2|RASSF10,-2.3,0
1,-3.6,C3714757,M1,1,0,DisGeNET,35,Juvenile rheumatoid arthritis,,-3.6,2.9,4.3,30293,183,871,15,1.7,0.44,284|953|1311|2022|2317|3899|4312|5243|5806|6285|6696|7040|7431|7852|23541,ANGPT1|ENTPD1|COMP|ENG|FLNB|AFF3|MMP1|ABCB1|PTX3|S100B|SPP1|TGFB1|VIM|CXCR4|SEC14L2,-2.3,0
1,-3.6,C2363741,M1,1,0,DisGeNET,35,HIV-1 infection,,-3.6,1.9,3.9,30293,695,871,37,4.2,0.68,348|649|710|928|953|1030|1958|2048|2308|2317|2670|3490|3977|4747|5021|5243|5292|6285|6387|6586|7040|7057|7076|7852|7980|8600|9368|9547|10878|23541|26227|26585|27087|51257|56005|64093|158326,APOE|BMP1|SERPING1|CD9|ENTPD1|CDKN2B|EGR1|EPHB2|FOXO1|FLNB|GFAP|IGFBP7|LIFR|NEFL|OXTR|ABCB1|PIM1|S100B|CXCL12|SLIT3|TGFB1|THBS1|TIMP1|CXCR4|TFPI2|TNFSF11|NHERF1|CXCL14|CFHR3|SEC14L2|PHGDH|GREM1|B3GAT1|MARCHF2|MYDGF|SMOC1|FREM1,-2.3,0
1,-3.5,C0019189,M1,1,0,DisGeNET,35,"Hepatitis, Chronic",,-3.5,2.6,4.2,30293,224,871,17,2,0.47,59|1030|1356|2296|2719|3875|4233|4288|6422|6423|6696|7040|7076|7078|7412|23213|51129,ACTA2|CDKN2B|CP|FOXC1|GPC3|KRT18|MET|MKI67|SFRP1|SFRP2|SPP1|TGFB1|TIMP1|TIMP3|VCAM1|SULF1|ANGPTL4,-2.3,0
1,-3.5,C0007117,M1,1,0,DisGeNET,35,Basal cell carcinoma,,-3.5,3.5,4.6,30293,108,871,11,1.3,0.38,652|1545|1906|6277|6387|7040|7048|8549|23189|26585|64759,BMP4|CYP1B1|EDN1|S100A6|CXCL12|TGFB1|TGFBR2|LGR5|KANK1|GREM1|TNS3,-2.3,0
1,-3.5,C0521170,M1,1,0,DisGeNET,35,Osteoporotic Fractures,,-3.5,3.5,4.6,30293,108,871,11,1.3,0.38,146|182|348|655|4921|7040|7043|8600|51384|55366|84870,ADRA1D|JAG1|APOE|BMP7|DDR2|TGFB1|TGFB3|TNFSF11|WNT16|LGR4|RSPO3,-2.3,0
1,-3.5,C3495801,M1,1,0,DisGeNET,35,Granulomatosis with polyangiitis,,-3.5,3.3,4.5,30293,126,871,12,1.4,0.39,2317|4313|5327|5806|7040|7042|7076|7078|7412|8600|23541|26585,FLNB|MMP2|PLAT|PTX3|TGFB1|TGFB2|TIMP1|TIMP3|VCAM1|TNFSF11|SEC14L2|GREM1,-2.3,0
1,-3.5,C0563625,M1,1,0,DisGeNET,35,Agnosia for Pain,,-3.5,2.7,4.3,30293,204,871,16,1.8,0.46,1268|1392|1906|1909|1910|2048|2317|5021|5125|5179|5243|6513|7364|8600|23541|57007,CNR1|CRH|EDN1|EDNRA|EDNRB|EPHB2|FLNB|OXTR|PCSK5|PENK|ABCB1|SLC2A1|UGT2B7|TNFSF11|SEC14L2|ACKR3,-2.3,0
1,-3.5,C0236807,M1,1,0,DisGeNET,35,Amphetamine Abuse,,-3.5,4.2,4.7,30293,75,871,9,1,0.34,1604|2668|3084|4886|5142|5327|6536|8029|26289,CD55|GDNF|NRG1|NPY1R|PDE4B|PLAT|SLC6A9|CUBN|AK5,-2.3,0
1,-3.5,C0694549,M1,1,0,DisGeNET,35,Community acquired pneumonia,,-3.5,4.2,4.7,30293,75,871,9,1,0.34,133|1287|3371|4638|5054|5806|7076|8553|10580,ADM|COL4A5|TNC|MYLK|SERPINE1|PTX3|TIMP1|BHLHE40|SORBS1,-2.3,0
1,-3.5,C4288891,M1,1,0,DisGeNET,35,Infant T Acute Lymphoblastic Leukemia,,-3.5,4.2,4.7,30293,75,871,9,1,0.34,894|1030|3490|4851|4854|5156|5243|63976|79191,CCND2|CDKN2B|IGFBP7|NOTCH1|NOTCH3|PDGFRA|ABCB1|PRDM16|IRX3,-2.3,0
1,-3.5,C0023485,M1,1,0,DisGeNET,35,Precursor B-Cell Lymphoblastic Leukemia-Lymphoma,,-3.5,3.1,4.4,30293,145,871,13,1.5,0.41,290|861|1030|1490|2022|3899|6869|7162|8829|10611|29128|51384|644943,ANPEP|RUNX1|CDKN2B|CCN2|ENG|AFF3|TACR1|TPBG|NRP1|PDLIM5|UHRF1|WNT16|RASSF10,-2.3,0
1,-3.5,C0024620,M1,1,0,DisGeNET,35,Primary Malignant Liver Neoplasm,,-3.5,4.6,4.9,30293,60,871,8,0.92,0.32,2048|4233|5243|7040|8829|9518|9891|64399,EPHB2|MET|ABCB1|TGFB1|NRP1|GDF15|NUAK1|HHIP,-2.3,0
1,-3.5,C0544755,M1,1,0,DisGeNET,35,Genu varum,,-3.5,4.6,4.9,30293,60,871,8,0.92,0.32,58|1300|1311|2263|4322|4921|5251|6578,ACTA1|COL10A1|COMP|FGFR2|MMP13|DDR2|PHEX|SLCO2A1,-2.3,0
1,-3.5,C2678065,M1,1,0,DisGeNET,35,Myofibrillar Myopathy,,-3.5,4.6,4.9,30293,60,871,8,0.92,0.32,58|70|875|1674|2273|2670|10611|23336,ACTA1|ACTC1|CBS|DES|FHL1|GFAP|PDLIM5|SYNM,-2.3,0
1,-3.5,C0039075,M1,1,0,DisGeNET,35,Syndactyly,,-3.5,3.3,4.4,30293,127,871,12,1.4,0.39,652|1832|2192|2201|2263|2697|4281|4851|7291|64093|79633|80144,BMP4|DSP|FBLN1|FBN2|FGFR2|GJA1|MID1|NOTCH1|TWIST1|SMOC1|FAT4|FRAS1,-2.3,0
1,-3.5,C1136033,M1,1,0,DisGeNET,35,Cutaneous Mastocytosis,,-3.5,3.3,4.4,30293,127,871,12,1.4,0.39,290|652|1000|1674|2668|2697|6387|6869|7040|7046|7076|7130,ANPEP|BMP4|CDH2|DES|GDNF|GJA1|CXCL12|TACR1|TGFB1|TGFBR1|TIMP1|TNFAIP6,-2.3,0
1,-3.5,C1691215,M1,1,0,DisGeNET,35,Penile hypospadias,,-3.5,3.3,4.4,30293,127,871,12,1.4,0.39,655|1545|2138|2263|4281|4320|4629|5156|7040|7046|7048|22943,BMP7|CYP1B1|EYA1|FGFR2|MID1|MMP11|MYH11|PDGFRA|TGFB1|TGFBR1|TGFBR2|DKK1,-2.3,0
1,-3.5,C0334121,M1,1,0,DisGeNET,35,Inflammatory Myofibroblastic Tumor,,-3.5,3.8,4.6,30293,92,871,10,1.1,0.36,1490|1674|3488|3554|4288|5156|7078|7145|7431|9098,CCN2|DES|IGFBP5|IL1R1|MKI67|PDGFRA|TIMP3|TNS1|VIM|USP6,-2.3,0
1,-3.5,C0730285,M1,1,0,DisGeNET,35,Diabetic macular edema,,-3.5,3.8,4.6,30293,92,871,10,1.1,0.36,133|348|1509|2321|5176|5362|8829|9514|51129|54541,ADM|APOE|CTSD|FLT1|SERPINF1|PLXNA2|NRP1|GAL3ST1|ANGPTL4|DDIT4,-2.3,0
1,-3.5,C0154084,M1,1,0,DisGeNET,35,Stage 0 Breast Carcinoma,,-3.5,6.3,5.3,30293,33,871,6,0.69,0.28,2263|4312|6591|7040|7291|27324,FGFR2|MMP1|SNAI2|TGFB1|TWIST1|TOX3,-2.3,0
1,-3.5,C0268407,M1,1,0,DisGeNET,35,Senile cardiac amyloidosis,,-3.5,6.3,5.3,30293,33,871,6,0.69,0.28,348|1191|4747|4879|6783|7138,APOE|CLU|NEFL|NPPB|SULT1E1|TNNT1,-2.3,0
1,-3.5,C0524702,M1,1,0,DisGeNET,35,Pulmonary Thromboembolisms,,-3.5,6.3,5.3,30293,33,871,6,0.69,0.28,4879|5054|5327|5328|9518|375033,NPPB|SERPINE1|PLAT|PLAU|GDF15|PEAR1,-2.3,0
1,-3.5,C0279606,M1,1,0,DisGeNET,35,Childhood Hepatocellular Carcinoma,,-3.5,3.1,4.4,30293,146,871,13,1.5,0.41,2719|4233|5156|5243|6657|6696|6876|7040|7412|7980|8507|9368|23213,GPC3|MET|PDGFRA|ABCB1|SOX2|SPP1|TAGLN|TGFB1|VCAM1|TFPI2|ENC1|NHERF1|SULF1,-2.3,0
1,-3.5,C0206715,M1,1,0,DisGeNET,35,"Neoplasms, Neuroepithelial",,-3.5,5.3,5,30293,46,871,7,0.8,0.3,214|4133|4330|4753|5243|50507|79971,ALCAM|MAP2|MN1|NELL2|ABCB1|NOX4|WLS,-2.3,0
1,-3.5,C0428474,M1,1,0,DisGeNET,35,Serum LDL cholesterol measurement,,-3.5,2.5,4.1,30293,269,871,19,2.2,0.49,108|348|1268|1282|1717|2149|3122|4036|4322|5055|5142|5742|6876|7046|7048|7436|8029|10082|10718,ADCY2|APOE|CNR1|COL4A1|DHCR7|F2R|HLA-DRA|LRP2|MMP13|SERPINB2|PDE4B|PTGS1|TAGLN|TGFBR1|TGFBR2|VLDLR|CUBN|GPC6|NRG3,-2.3,0
1,-3.5,C0040100,M1,1,0,DisGeNET,35,Thymoma,,-3.5,2.4,4.1,30293,291,871,20,2.3,0.51,284|970|1030|1674|3491|4312|5156|5764|6657|6783|7076|7852|8140|10468|10580|10630|26047|29128|51435|56896,ANGPT1|CD70|CDKN2B|DES|CCN1|MMP1|PDGFRA|PTN|SOX2|SULT1E1|TIMP1|CXCR4|SLC7A5|FST|SORBS1|PDPN|CNTNAP2|UHRF1|SCARA3|DPYSL5,-2.3,0
1,-3.5,C0259783,M1,1,0,DisGeNET,35,mixed gliomas,,-3.5,4.1,4.7,30293,76,871,9,1,0.34,90|1030|2495|2668|4288|4603|4638|5156|6696,ACVR1|CDKN2B|FTH1|GDNF|MKI67|MYBL1|MYLK|PDGFRA|SPP1,-2.3,0
1,-3.5,C0024636,M1,1,0,DisGeNET,35,Malocclusion,,-3.5,3.3,4.4,30293,128,871,12,1.4,0.39,652|805|1906|1958|2263|2697|2706|2719|3486|9411|79633|80144,BMP4|CALM2|EDN1|EGR1|FGFR2|GJA1|GJB2|GPC3|IGFBP3|ARHGAP29|FAT4|FRAS1,-2.3,0
1,-3.5,C0011616,M1,1,0,DisGeNET,35,Contact Dermatitis,,-3.5,3.5,4.5,30293,110,871,11,1.3,0.38,970|1490|1545|2048|2495|3084|3315|3485|9547|23657|56005,CD70|CCN2|CYP1B1|EPHB2|FTH1|NRG1|HSPB1|IGFBP2|CXCL14|SLC7A11|MYDGF,-2.3,0
1,-3.5,C1842937,M1,1,0,DisGeNET,35,"AURAL ATRESIA, CONGENITAL",,-3.5,3.5,4.5,30293,110,871,11,1.3,0.38,348|1191|1284|2201|4854|6696|7040|7078|7291|8553|375033,APOE|CLU|COL4A2|FBN2|NOTCH3|SPP1|TGFB1|TIMP3|TWIST1|BHLHE40|PEAR1,-2.3,0
1,-3.5,C0085084,M1,1,0,DisGeNET,35,Motor Neuron Disease,,-3.5,2.8,4.2,30293,186,871,15,1.7,0.44,348|1832|2043|2668|2670|2674|3084|3315|4741|4747|5357|6285|6507|7431|10371,APOE|DSP|EPHA4|GDNF|GFAP|GFRA1|NRG1|HSPB1|NEFM|NEFL|PLS1|S100B|SLC1A3|VIM|SEMA3A,-2.3,0
1,-3.5,C0011052,M1,1,0,DisGeNET,35,Prelingual Deafness,,-3.5,7.9,5.6,30293,22,871,5,0.57,0.26,182|2706|5077|83715|160335,JAG1|GJB2|PAX3|ESPN|TMTC2,-2.3,0
1,-3.5,C0028866,M1,1,0,DisGeNET,35,Oculomotor Nerve Paralysis,,-3.5,7.9,5.6,30293,22,871,5,0.57,0.26,1281|2022|5155|64072|84570,COL3A1|ENG|PDGFB|CDH23|COL25A1,-2.3,0
1,-3.5,C0524611,M1,1,0,DisGeNET,35,Cryptogenic Chronic Hepatitis,,-3.5,7.9,5.6,30293,22,871,5,0.57,0.26,59|1356|4233|4288|7040,ACTA2|CP|MET|MKI67|TGFB1,-2.3,0
1,-3.5,C1274103,M1,1,0,DisGeNET,35,Oncogenic osteomalacia,,-3.5,7.9,5.6,30293,22,871,5,0.57,0.26,2252|5251|5362|6422|6424,FGF7|PHEX|PLXNA2|SFRP1|SFRP4,-2.3,0
1,-3.5,C2894027,M1,1,0,DisGeNET,35,Post traumatic osteoarthritis,,-3.5,7.9,5.6,30293,22,871,5,0.57,0.26,182|4322|10216|26585|50507,JAG1|MMP13|PRG4|GREM1|NOX4,-2.3,0
1,-3.5,C0016781,M1,1,0,DisGeNET,35,Fuchs Endothelial Dystrophy,,-3.5,3.7,4.6,30293,93,871,10,1.1,0.36,348|1000|1191|2252|3075|3122|6925|7052|50507|163782,APOE|CDH2|CLU|FGF7|CFH|HLA-DRA|TCF4|TGM2|NOX4|KANK4,-2.3,0
1,-3.5,C0018995,M1,1,0,DisGeNET,35,Hemochromatosis,,-3.5,3.7,4.6,30293,93,871,10,1.1,0.36,348|654|1356|2495|2512|4313|7076|9518|56670|79901,APOE|BMP6|CP|FTH1|FTL|MMP2|TIMP1|GDF15|SUCNR1|CYBRD1,-2.3,0
1,-3.5,C0206657,M1,1,0,DisGeNET,35,Alveolar Soft Part Sarcoma,,-3.5,4.6,4.8,30293,61,871,8,0.92,0.32,445|1674|4233|5122|5243|7431|10630|10763,ASS1|DES|MET|PCSK1|ABCB1|VIM|PDPN|NES,-2.3,0
1,-3.5,C1321551,M1,1,0,DisGeNET,35,Shprintzen-Goldberg syndrome,,-3.5,4.6,4.8,30293,61,871,8,0.92,0.32,652|1906|2138|6783|6899|6926|7046|7048,BMP4|EDN1|EYA1|SULT1E1|TBX1|TBX3|TGFBR1|TGFBR2,-2.3,0
1,-3.5,C0489786,M1,1,0,DisGeNET,35,Height,,-3.5,2.5,4.1,30293,249,871,18,2.1,0.48,2202|3400|3589|3773|4052|4053|4883|5125|6586|7042|7043|8722|9945|10602|23213|57211|64399|170691,EFEMP1|ID4|IL11|KCNJ16|LTBP1|LTBP2|NPR3|PCSK5|SLIT3|TGFB2|TGFB3|CTSF|GFPT2|CDC42EP3|SULF1|ADGRG6|HHIP|ADAMTS17,-2.3,0
1,-3.5,C1840077,M1,1,0,DisGeNET,35,Anteverted nostril,,-3.5,2.1,4,30293,407,871,25,2.9,0.57,547|701|1717|2138|2263|2619|2697|2706|2719|3090|3736|4281|5961|6536|6925|9244|9719|10082|10265|57211|84570|92211|117581|150094|253738,KIF1A|BUB1B|DHCR7|EYA1|FGFR2|GAS1|GJA1|GJB2|GPC3|HIC1|KCNA1|MID1|PRPH2|SLC6A9|TCF4|CRLF1|ADAMTSL2|GPC6|IRX5|ADGRG6|COL25A1|CDHR1|TWIST2|SIK1|EBF3,-2.2,0
1,-3.5,C0241005,M1,1,0,DisGeNET,35,Creatine phosphokinase serum increased,,-3.5,2.6,4.2,30293,228,871,17,2,0.47,58|70|1282|1293|1674|2273|2683|3736|3910|4747|4854|6444|7112|7134|8425|27063|63976,ACTA1|ACTC1|COL4A1|COL6A3|DES|FHL1|B4GALT1|KCNA1|LAMA4|NEFL|NOTCH3|SGCD|TMPO|TNNC1|LTBP4|ANKRD1|PRDM16,-2.2,0
1,-3.5,C0398650,M1,1,0,DisGeNET,35,Immune thrombocytopenic purpura,,-3.5,2.3,4,30293,338,871,22,2.5,0.53,87|182|861|953|970|1030|2048|2624|3554|3589|3673|4627|4851|5054|5243|5742|6387|7040|7078|7852|8829|56005,ACTN1|JAG1|RUNX1|ENTPD1|CD70|CDKN2B|EPHB2|GATA2|IL1R1|IL11|ITGA2|MYH9|NOTCH1|SERPINE1|ABCB1|PTGS1|CXCL12|TGFB1|TIMP3|CXCR4|NRP1|MYDGF,-2.2,0
1,-3.4,C0042580,M1,1,0,DisGeNET,35,Vesico-Ureteral Reflux,,-3.4,2.8,4.2,30293,187,871,15,1.7,0.44,1028|1282|2138|2263|2674|2697|5080|5806|6299|6696|6899|7040|64220|130497|253738,CDKN1C|COL4A1|EYA1|FGFR2|GFRA1|GJA1|PAX6|PTX3|SALL1|SPP1|TBX1|TGFB1|STRA6|OSR1|EBF3,-2.2,0
1,-3.4,C1848673,M1,1,0,DisGeNET,35,Hypoplastic feet,,-3.4,3.2,4.4,30293,129,871,12,1.4,0.39,1281|1311|2022|2263|2697|2719|5648|6492|7681|9719|63976|253738,COL3A1|COMP|ENG|FGFR2|GJA1|GPC3|MASP1|SIM1|MKRN3|ADAMTSL2|PRDM16|EBF3,-2.2,0
1,-3.4,C0018816,M1,1,0,DisGeNET,35,Heart Septal Defects,,-3.4,4.1,4.6,30293,77,871,9,1,0.34,59|70|2308|2627|5125|5243|10370|27063|63976,ACTA2|ACTC1|FOXO1|GATA6|PCSK5|ABCB1|CITED2|ANKRD1|PRDM16,-2.2,0
1,-3.4,C0338480,M1,1,0,DisGeNET,35,Common Migraine,,-3.4,4.1,4.6,30293,77,871,9,1,0.34,288|1909|2674|2890|3977|4854|7040|10267|63976,ANK3|EDNRA|GFRA1|GRIA1|LIFR|NOTCH3|TGFB1|RAMP1|PRDM16,-2.2,0
1,-3.4,C3279947,M1,1,0,DisGeNET,35,"NAIL DISORDER, NONSYNDROMIC CONGENITAL, 9",,-3.4,4.1,4.6,30293,77,871,9,1,0.34,19|652|1294|1832|2697|2706|2719|3887|4312,ABCA1|BMP4|COL7A1|DSP|GJA1|GJB2|GPC3|KRT81|MMP1,-2.2,0
1,-3.4,C0266551,M1,1,0,DisGeNET,35,Congenital coloboma of iris,,-3.4,3.1,4.3,30293,148,871,13,1.5,0.41,652|1282|1717|2263|2619|4036|4094|4313|4854|5080|6299|6657|84570,BMP4|COL4A1|DHCR7|FGFR2|GAS1|LRP2|MAF|MMP2|NOTCH3|PAX6|SALL1|SOX2|COL25A1,-2.2,0
1,-3.4,C0014527,M1,1,0,DisGeNET,35,Epidermolysis Bullosa,,-3.4,5.2,4.9,30293,47,871,7,0.8,0.3,1294|1832|3675|3875|4312|6387|27087,COL7A1|DSP|ITGA3|KRT18|MMP1|CXCL12|B3GAT1,-2.2,0
1,-3.4,C0029400,M1,1,0,DisGeNET,35,Osteitis,,-3.4,5.2,4.9,30293,47,871,7,0.8,0.3,3589|5243|6696|7291|8600|26585|56005,IL11|ABCB1|SPP1|TWIST1|TNFSF11|GREM1|MYDGF,-2.2,0
1,-3.4,C0206157,M1,1,0,DisGeNET,35,"Myopathies, Nemaline",,-3.4,5.2,4.9,30293,47,871,7,0.8,0.3,58|59|70|87|1674|4747|7138,ACTA1|ACTA2|ACTC1|ACTN1|DES|NEFL|TNNT1,-2.2,0
1,-3.4,C1510420,M1,1,0,DisGeNET,35,Cavitation,,-3.4,5.2,4.9,30293,47,871,7,0.8,0.3,654|2670|4312|4747|5362|10216|169044,BMP6|GFAP|MMP1|NEFL|PLXNA2|PRG4|COL22A1,-2.2,0
1,-3.4,C4551564,M1,1,0,DisGeNET,35,Narrow nasal bridge,,-3.4,5.2,4.9,30293,47,871,7,0.8,0.3,1281|2619|2697|4313|5077|7681|51305,COL3A1|GAS1|GJA1|MMP2|PAX3|MKRN3|KCNK9,-2.2,0
1,-3.4,C4551858,M1,1,0,DisGeNET,35,Vesicoureteral Reflux 1,,-3.4,5.2,4.9,30293,47,871,7,0.8,0.3,1282|2138|2674|2697|5806|7040|26585,COL4A1|EYA1|GFRA1|GJA1|PTX3|TGFB1|GREM1,-2.2,0
1,-3.4,C0011989,M1,1,0,DisGeNET,35,Camurati-Engelmann Syndrome,,-3.4,6.1,5.2,30293,34,871,6,0.69,0.28,348|6285|7040|7048|8600|50507,APOE|S100B|TGFB1|TGFBR2|TNFSF11|NOX4,-2.2,0
1,-3.4,C0151860,M1,1,0,DisGeNET,35,Acquired porencephaly,,-3.4,6.1,5.2,30293,34,871,6,0.69,0.28,547|1282|1284|3912|4851|57514,KIF1A|COL4A1|COL4A2|LAMB1|NOTCH1|ARHGAP31,-2.2,0
1,-3.4,C0158288,M1,1,0,DisGeNET,35,Spinal stenosis of lumbar region,,-3.4,6.1,5.2,30293,34,871,6,0.69,0.28,1902|4053|4313|7040|8425|9244,LPAR1|LTBP2|MMP2|TGFB1|LTBP4|CRLF1,-2.2,0
1,-3.4,C0431109,M1,1,0,DisGeNET,35,Choroid Plexus Carcinoma,,-3.4,6.1,5.2,30293,34,871,6,0.69,0.28,133|1490|6657|6781|7048|7431,ADM|CCN2|SOX2|STC1|TGFBR2|VIM,-2.2,0
1,-3.4,C0026266,M1,1,0,DisGeNET,35,Mitral Valve Insufficiency,,-3.4,3.7,4.5,30293,94,871,10,1.1,0.36,894|2201|2273|2627|4053|4629|4879|7026|7043|29995,CCND2|FBN2|FHL1|GATA6|LTBP2|MYH11|NPPB|NR2F2|TGFB3|LMCD1,-2.2,0
1,-3.4,C0035436,M1,1,0,DisGeNET,35,Rheumatic Fever,,-3.4,3.7,4.5,30293,94,871,10,1.1,0.36,861|1030|1191|1392|3485|4851|6926|7040|7291|7431,RUNX1|CDKN2B|CLU|CRH|IGFBP2|NOTCH1|TBX3|TGFB1|TWIST1|VIM,-2.2,0
1,-3.4,C0000772,M1,1,0,DisGeNET,35,Multiple congenital anomalies,,-3.4,2.5,4.1,30293,251,871,18,2.1,0.48,70|90|547|655|894|1717|2263|2697|3708|4330|4851|5354|6657|7026|7044|64072|91461|117581,ACTC1|ACVR1|KIF1A|BMP7|CCND2|DHCR7|FGFR2|GJA1|ITPR1|MN1|NOTCH1|PLP1|SOX2|NR2F2|LEFTY2|CDH23|PKDCC|TWIST2,-2.2,0
1,-3.4,C0011053,M1,1,0,DisGeNET,35,Deafness,,-3.4,4.5,4.7,30293,62,871,8,0.92,0.32,182|2706|4627|5077|5357|64072|83715|160335,JAG1|GJB2|MYH9|PAX3|PLS1|CDH23|ESPN|TMTC2,-2.2,0
1,-3.4,C0596240,M1,1,0,DisGeNET,35,Cancer Pain,,-3.4,4.5,4.7,30293,62,871,8,0.92,0.32,133|1906|1909|1910|5243|6387|7291|7852,ADM|EDN1|EDNRA|EDNRB|ABCB1|CXCL12|TWIST1|CXCR4,-2.2,0
1,-3.4,C3888088,M1,1,0,DisGeNET,35,SMITH-MCCORT DYSPLASIA 1,,-3.4,4.5,4.7,30293,62,871,8,0.92,0.32,1306|2627|4256|4629|4851|6696|6876|7040,COL15A1|GATA6|MGP|MYH11|NOTCH1|SPP1|TAGLN|TGFB1,-2.2,0
1,-3.4,C4321477,M1,1,0,DisGeNET,35,Sickle Cell-SS Disease,,-3.4,4.5,4.7,30293,62,871,8,0.92,0.32,953|1906|5054|6319|7057|7412|9514|9518,ENTPD1|EDN1|SERPINE1|SCD|THBS1|VCAM1|GAL3ST1|GDF15,-2.2,0
1,-3.4,C4721411,M1,1,0,DisGeNET,35,Osteolysis,,-3.4,4.5,4.7,30293,62,871,8,0.92,0.32,701|1281|1490|2706|4854|6578|6696|8600,BUB1B|COL3A1|CCN2|GJB2|NOTCH3|SLCO2A1|SPP1|TNFSF11,-2.2,0
1,-3.4,C0040558,M1,1,0,DisGeNET,35,Toxoplasmosis,,-3.4,3.4,4.4,30293,112,871,11,1.3,0.38,928|2149|4948|5243|5354|5764|6657|7040|9518|29128|50507,CD9|F2R|OCA2|ABCB1|PLP1|PTN|SOX2|TGFB1|GDF15|UHRF1|NOX4,-2.2,0
1,-3.4,C0034887,M1,1,0,DisGeNET,35,Rectal polyp,,-3.4,11,6,30293,13,871,4,0.46,0.23,2022|6423|7040|26585,ENG|SFRP2|TGFB1|GREM1,-2.2,0
1,-3.4,C0278184,M1,1,0,DisGeNET,35,Scanning speech,,-3.4,11,6,30293,13,871,4,0.46,0.23,1356|3708|5080|5354,CP|ITPR1|PAX6|PLP1,-2.2,0
1,-3.4,C0344917,M1,1,0,DisGeNET,35,Left ventricular outflow tract obstruction,,-3.4,11,6,30293,13,871,4,0.46,0.23,1906|2066|4851|4879,EDN1|ERBB4|NOTCH1|NPPB,-2.2,0
1,-3.4,C0443306,M1,1,0,DisGeNET,35,Spastic,,-3.4,11,6,30293,13,871,4,0.46,0.23,1268|2890|2917|5354,CNR1|GRIA1|GRM7|PLP1,-2.2,0
1,-3.4,C0751014,M1,1,0,DisGeNET,35,Subcortical Infarction,,-3.4,11,6,30293,13,871,4,0.46,0.23,348|4854|5327|5328,APOE|NOTCH3|PLAT|PLAU,-2.2,0
1,-3.4,C1619692,M1,1,0,DisGeNET,35,Nephrogenic Fibrosing Dermopathy,,-3.4,11,6,30293,13,871,4,0.46,0.23,59|1634|7040|7052,ACTA2|DCN|TGFB1|TGM2,-2.2,0
1,-3.4,C4684861,M1,1,0,DisGeNET,35,Recurrent Malignant Glioma,,-3.4,11,6,30293,13,871,4,0.46,0.23,445|2321|4313|7042,ASS1|FLT1|MMP2|TGFB2,-2.2,0
1,-3.4,C1292753,M1,1,0,DisGeNET,35,Primary Effusion Lymphoma,,-3.4,2.9,4.2,30293,169,871,14,1.6,0.43,894|1509|1909|2045|2048|3976|4233|4851|6387|7048|7057|7301|8877|57007,CCND2|CTSD|EDNRA|EPHA7|EPHB2|LIF|MET|NOTCH1|CXCL12|TGFBR2|THBS1|TYRO3|SPHK1|ACKR3,-2.2,0
1,-3.4,C0236733,M1,1,0,DisGeNET,35,Amphetamine-Related Disorders,,-3.4,4,4.6,30293,78,871,9,1,0.34,1604|2668|3084|4886|5142|5327|6536|8029|26289,CD55|GDNF|NRG1|NPY1R|PDE4B|PLAT|SLC6A9|CUBN|AK5,-2.2,0
1,-3.4,C1834405,M1,1,0,DisGeNET,35,Nail dysplasia,,-3.4,4,4.6,30293,78,871,9,1,0.34,19|652|1294|1832|2697|2706|2719|3887|4312,ABCA1|BMP4|COL7A1|DSP|GJA1|GJB2|GPC3|KRT81|MMP1,-2.2,0
1,-3.4,C4552091,M1,1,0,DisGeNET,35,"Polyarthritis, Juvenile, Rheumatoid Factor Negative",,-3.4,3.2,4.3,30293,131,871,12,1.4,0.39,1191|1612|1839|1844|1958|3084|4133|7057|7130|7852|54757|150094,CLU|DAPK1|HBEGF|DUSP2|EGR1|NRG1|MAP2|THBS1|TNFAIP6|CXCR4|FAM20A|SIK1,-2.2,0
1,-3.4,C4704862,M1,1,0,DisGeNET,35,"Polyarthritis, Juvenile, Rheumatoid Factor Positive",,-3.4,3.2,4.3,30293,131,871,12,1.4,0.39,1191|1612|1839|1844|1958|3084|4133|7057|7130|7852|54757|150094,CLU|DAPK1|HBEGF|DUSP2|EGR1|NRG1|MAP2|THBS1|TNFAIP6|CXCR4|FAM20A|SIK1,-2.2,0
1,-3.4,C0022735,M1,1,0,DisGeNET,35,Klinefelter Syndrome,,-3.4,3,4.3,30293,150,871,13,1.5,0.41,1356|2149|2697|3624|3875|5054|6657|7301|8600|8829|10371|25797|29968,CP|F2R|GJA1|INHBA|KRT18|SERPINE1|SOX2|TYRO3|TNFSF11|NRP1|SEMA3A|QPCT|PSAT1,-2.2,0
1,-3.4,C0035288,M1,1,0,DisGeNET,35,"Reticuloendotheliosis, X-linked",,-3.4,5.1,4.9,30293,48,871,7,0.8,0.3,805|2034|2670|3371|4851|7042|23541,CALM2|EPAS1|GFAP|TNC|NOTCH1|TGFB2|SEC14L2,-2.2,0
1,-3.4,C3489532,M1,1,0,DisGeNET,35,Cone-Rod Dystrophy 2,,-3.4,2.5,4.1,30293,253,871,18,2.1,0.48,1490|1808|1978|2048|2668|2670|2890|4908|5792|5961|6285|6696|7040|7078|9514|11075|92211|170692,CCN2|DPYSL2|EIF4EBP1|EPHB2|GDNF|GFAP|GRIA1|NTF3|PTPRF|PRPH2|S100B|SPP1|TGFB1|TIMP3|GAL3ST1|STMN2|CDHR1|ADAMTS18,-2.2,0
1,-3.4,C0242510,M1,1,0,DisGeNET,35,Drug usage,,-3.4,2.9,4.2,30293,170,871,14,1.6,0.43,150|348|649|805|1268|1392|3084|4129|5243|5742|7852|23263|29968|84251,ADRA2A|APOE|BMP1|CALM2|CNR1|CRH|NRG1|MAOB|ABCB1|PTGS1|CXCR4|MCF2L|PSAT1|SGIP1,-2.2,0
1,-3.4,C3887499,M1,1,0,DisGeNET,35,Renal cyst,,-3.4,2.9,4.2,30293,170,871,14,1.6,0.43,701|1282|1717|1906|2048|2252|2317|2719|4036|6387|6928|10763|63976|192668,BUB1B|COL4A1|DHCR7|EDN1|EPHB2|FGF7|FLNB|GPC3|LRP2|CXCL12|HNF1B|NES|PRDM16|CYS1,-2.2,0
1,-3.4,C0007302,M1,1,0,DisGeNET,35,Cartilage Diseases,,-3.4,7.6,5.4,30293,23,871,5,0.57,0.26,1300|1311|1906|2624|3554,COL10A1|COMP|EDN1|GATA2|IL1R1,-2.2,0
1,-3.4,C0155552,M1,1,0,DisGeNET,35,"Hearing Loss, Mixed Conductive-Sensorineural",,-3.4,7.6,5.4,30293,23,871,5,0.57,0.26,2138|2263|2317|2697|2706,EYA1|FGFR2|FLNB|GJA1|GJB2,-2.2,0
1,-3.4,C0162154,M1,1,0,DisGeNET,35,Atrophic scar,,-3.4,7.6,5.4,30293,23,871,5,0.57,0.26,165|715|1281|1294|4312,AEBP1|C1R|COL3A1|COL7A1|MMP1,-2.2,0
1,-3.4,C0410438,M1,1,0,DisGeNET,35,Primary osteoporosis,,-3.4,7.6,5.4,30293,23,871,5,0.57,0.26,6696|8600|9966|22943|27123,SPP1|TNFSF11|TNFSF15|DKK1|DKK2,-2.2,0
1,-3.4,C1305904,M1,1,0,DisGeNET,35,Familial hematuria,,-3.4,7.6,5.4,30293,23,871,5,0.57,0.26,1285|1286|1287|4627|7225,COL4A3|COL4A4|COL4A5|MYH9|TRPC6,-2.2,0
1,-3.4,C1563715,M1,1,0,DisGeNET,35,Andersen Syndrome,,-3.4,7.6,5.4,30293,23,871,5,0.57,0.26,348|1285|1286|1287|4627,APOE|COL4A3|COL4A4|COL4A5|MYH9,-2.2,0
1,-3.4,C1865992,M1,1,0,DisGeNET,35,Short hallux,,-3.4,7.6,5.4,30293,23,871,5,0.57,0.26,90|2263|2697|4256|50515,ACVR1|FGFR2|GJA1|MGP|CHST11,-2.2,0
1,-3.4,C3899649,M1,1,0,DisGeNET,35,Childhood Oligoastrocytoma,,-3.4,7.6,5.4,30293,23,871,5,0.57,0.26,2670|3485|4288|7076|10763,GFAP|IGFBP2|MKI67|TIMP1|NES,-2.2,0
1,-3.4,C4025835,M1,1,0,DisGeNET,35,Abnormal nasolacrimal system morphology,,-3.4,7.6,5.4,30293,23,871,5,0.57,0.26,2138|2263|7291|26227|29968,EYA1|FGFR2|TWIST1|PHGDH|PSAT1,-2.2,0
1,-3.4,C1519176,M1,1,0,DisGeNET,35,Salivary Gland Pleomorphic Adenoma,,-3.4,4.4,4.7,30293,63,871,8,0.92,0.32,284|1958|2258|3486|6387|7291|29968|100133941,ANGPT1|EGR1|FGF13|IGFBP3|CXCL12|TWIST1|PSAT1|CD24,-2.2,0
1,-3.4,C1861821,M1,1,0,DisGeNET,35,"CATARACT, MARNER TYPE",,-3.4,4.4,4.7,30293,63,871,8,0.92,0.32,805|2321|4312|5080|6281|6513|27087|29968,CALM2|FLT1|MMP1|PAX6|S100A10|SLC2A1|B3GAT1|PSAT1,-2.2,0
1,-3.4,C0027707,M1,1,0,DisGeNET,35,"Nephritis, Interstitial",,-3.4,4,4.5,30293,79,871,9,1,0.34,284|1490|1634|1717|1958|6928|7040|7057|7225,ANGPT1|CCN2|DCN|DHCR7|EGR1|HNF1B|TGFB1|THBS1|TRPC6,-2.2,0
1,-3.4,C1834055,M1,1,0,DisGeNET,35,Underdeveloped nasal alae,,-3.4,4,4.5,30293,79,871,9,1,0.34,1910|2317|2697|4256|5077|6899|7291|80144|117581,EDNRB|FLNB|GJA1|MGP|PAX3|TBX1|TWIST1|FRAS1|TWIST2,-2.2,0
1,-3.4,C0030044,M1,1,0,DisGeNET,35,Acrocephaly,,-3.4,6,5.1,30293,35,871,6,0.69,0.28,2263|4091|6899|7291|7545|158326,FGFR2|SMAD6|TBX1|TWIST1|ZIC1|FREM1,-2.2,0
1,-3.4,C0030353,M1,1,0,DisGeNET,35,Papilledema,,-3.4,6,5.1,30293,35,871,6,0.69,0.28,2670|4313|5155|5362|7545|56896,GFAP|MMP2|PDGFB|PLXNA2|ZIC1|DPYSL5,-2.2,0
1,-3.4,C0039144,M1,1,0,DisGeNET,35,Syringomyelia,,-3.4,6,5.1,30293,35,871,6,0.69,0.28,19|2263|4854|4921|22943|27253,ABCA1|FGFR2|NOTCH3|DDR2|DKK1|PCDH17,-2.2,0
1,-3.4,C0266383,M1,1,0,DisGeNET,35,Uterine Anomalies,,-3.4,6,5.1,30293,35,871,6,0.69,0.28,6299|6899|6926|6928|64220|80000,SALL1|TBX1|TBX3|HNF1B|STRA6|GREB1L,-2.2,0
1,-3.4,C0752130,M1,1,0,DisGeNET,35,Spinal Cord Ischemia,,-3.4,6,5.1,30293,35,871,6,0.69,0.28,284|1906|2670|6285|7076|7832,ANGPT1|EDN1|GFAP|S100B|TIMP1|BTG2,-2.2,0
1,-3.4,C1704230,M1,1,0,DisGeNET,35,Grade I Astrocytoma,,-3.4,6,5.1,30293,35,871,6,0.69,0.28,90|4233|4851|10512|23462|644943,ACVR1|MET|NOTCH1|SEMA3C|HEY1|RASSF10,-2.2,0
1,-3.4,C1861329,M1,1,0,DisGeNET,35,Spinal canal stenosis,,-3.4,6,5.1,30293,35,871,6,0.69,0.28,655|710|5243|5251|7040|63976,BMP7|SERPING1|ABCB1|PHEX|TGFB1|PRDM16,-2.2,0
1,-3.4,C2986561,M1,1,0,DisGeNET,35,Spindle Cell Oncocytoma of the Adenohypophysis,,-3.4,6,5.1,30293,35,871,6,0.69,0.28,2048|2668|2697|6285|6696|100133941,EPHB2|GDNF|GJA1|S100B|SPP1|CD24,-2.2,0
1,-3.4,C0016033,M1,1,0,DisGeNET,35,Nonproliferative fibrocystic disease,,-3.4,17,6.9,30293,6,871,3,0.34,0.2,1634|4312|4313,DCN|MMP1|MMP2,-2.2,0
1,-3.4,C0023076,M1,1,0,DisGeNET,35,Laryngotracheitis,,-3.4,17,6.9,30293,6,871,3,0.34,0.2,2317|7057|23541,FLNB|THBS1|SEC14L2,-2.2,0
1,-3.4,C0033129,M1,1,0,DisGeNET,35,Acanthamoeba Infection,,-3.4,17,6.9,30293,6,871,3,0.34,0.2,5742|7076|7078,PTGS1|TIMP1|TIMP3,-2.2,0
1,-3.4,C0037944,M1,1,0,DisGeNET,35,Spinal Stenosis,,-3.4,17,6.9,30293,6,871,3,0.34,0.2,655|5243|7040,BMP7|ABCB1|TGFB1,-2.2,0
1,-3.4,C0175778,M1,1,0,DisGeNET,35,Larsen syndrome,,-3.4,17,6.9,30293,6,871,3,0.34,0.2,1294|2317|7048,COL7A1|FLNB|TGFBR2,-2.2,0
1,-3.4,C0239119,M1,1,0,DisGeNET,35,Lenticonus,,-3.4,17,6.9,30293,6,871,3,0.34,0.2,1285|1287|5961,COL4A3|COL4A5|PRPH2,-2.2,0
1,-3.4,C0242404,M1,1,0,DisGeNET,35,Myofibroblastoma,,-3.4,17,6.9,30293,6,871,3,0.34,0.2,1674|2308|7431,DES|FOXO1|VIM,-2.2,0
1,-3.4,C0431132,M1,1,0,DisGeNET,35,"Malignant lymphoma, stem cell type",,-3.4,17,6.9,30293,6,871,3,0.34,0.2,4313|4851|23462,MMP2|NOTCH1|HEY1,-2.2,0
1,-3.4,C1510446,M1,1,0,DisGeNET,35,Acute ischemic heart disease,,-3.4,17,6.9,30293,6,871,3,0.34,0.2,1634|2697|4879,DCN|GJA1|NPPB,-2.2,0
1,-3.4,C1857456,M1,1,0,DisGeNET,35,Morphological abnormality of the middle ear,,-3.4,17,6.9,30293,6,871,3,0.34,0.2,2138|2263|80144,EYA1|FGFR2|FRAS1,-2.2,0
1,-3.4,C1863872,M1,1,0,DisGeNET,35,Coloboma of superior eyelid,,-3.4,17,6.9,30293,6,871,3,0.34,0.2,7291|80144|158326,TWIST1|FRAS1|FREM1,-2.2,0
1,-3.4,C1864205,M1,1,0,DisGeNET,35,"Macular Degeneration, Age-Related, 1",,-3.4,17,6.9,30293,6,871,3,0.34,0.2,348|7436|10878,APOE|VLDLR|CFHR3,-2.2,0
1,-3.4,C2718076,M1,1,0,DisGeNET,35,Fetal Mummification,,-3.4,17,6.9,30293,6,871,3,0.34,0.2,1902|5156|157506,LPAR1|PDGFRA|RDH10,-2.2,0
1,-3.4,C3160845,M1,1,0,DisGeNET,35,PAI-1 4G/5G polymorphism,,-3.4,17,6.9,30293,6,871,3,0.34,0.2,5054|5327|7040,SERPINE1|PLAT|TGFB1,-2.2,0
1,-3.4,C4698657,M1,1,0,DisGeNET,35,T-cell lymphoblastic leukemia/lymphoma,,-3.4,17,6.9,30293,6,871,3,0.34,0.2,2045|4851|5156,EPHA7|NOTCH1|PDGFRA,-2.2,0
1,-3.4,C4706503,M1,1,0,DisGeNET,35,Distal monosomy 3p syndrome,,-3.4,17,6.9,30293,6,871,3,0.34,0.2,5021|10752|152330,OXTR|CHL1|CNTN4,-2.2,0
1,-3.3,C1445957,M1,1,0,DisGeNET,35,Serum total cholesterol measurement,,-3.3,2,3.8,30293,486,871,28,3.2,0.6,19|348|1282|1284|1717|1902|2244|2621|3122|3554|3672|4036|4147|5125|5142|5742|6444|6876|7043|7046|7436|8029|8038|9846|10718|26227|54437|55534,ABCA1|APOE|COL4A1|COL4A2|DHCR7|LPAR1|FGB|GAS6|HLA-DRA|IL1R1|ITGA1|LRP2|MATN2|PCSK5|PDE4B|PTGS1|SGCD|TAGLN|TGFB3|TGFBR1|VLDLR|CUBN|ADAM12|GAB2|NRG3|PHGDH|SEMA5B|MAML3,-2.2,0
1,-3.3,C0221354,M1,1,0,DisGeNET,35,Frontal bossing,,-3.3,2.3,4,30293,321,871,21,2.4,0.52,701|1028|1300|2201|2263|2317|2697|3977|4281|4313|4921|5251|6657|6913|7040|7291|7545|10082|26047|63976|64093,BUB1B|CDKN1C|COL10A1|FBN2|FGFR2|FLNB|GJA1|LIFR|MID1|MMP2|DDR2|PHEX|SOX2|TBX15|TGFB1|TWIST1|ZIC1|GPC6|CNTNAP2|PRDM16|SMOC1,-2.2,0
1,-3.3,C0018213,M1,1,0,DisGeNET,35,Graves Disease,,-3.3,1.9,3.8,30293,585,871,32,3.7,0.64,1734|1808|1906|1909|2201|2317|2321|2556|2697|3075|3382|3491|4313|5054|5243|6285|6319|6696|7040|7052|7076|7412|7832|7852|7980|9369|9832|23541|25797|55075|57007|169026,DIO2|DPYSL2|EDN1|EDNRA|FBN2|FLNB|FLT1|GABRA3|GJA1|CFH|ICA1|CCN1|MMP2|SERPINE1|ABCB1|S100B|SCD|SPP1|TGFB1|TGM2|TIMP1|VCAM1|BTG2|CXCR4|TFPI2|NRXN3|JAKMIP2|SEC14L2|QPCT|UACA|ACKR3|SLC30A8,-2.2,0
1,-3.3,C0079773,M1,1,0,DisGeNET,35,"Lymphoma, T-Cell, Cutaneous",,-3.3,2.2,3.9,30293,367,871,23,2.6,0.54,182|445|894|1028|1030|2043|2495|2627|4851|5156|5243|5292|6241|7040|7057|7291|7852|23705|56005|81567|81606|84433|92737,JAG1|ASS1|CCND2|CDKN1C|CDKN2B|EPHA4|FTH1|GATA6|NOTCH1|PDGFRA|ABCB1|PIM1|RRM2|TGFB1|THBS1|TWIST1|CXCR4|CADM1|MYDGF|TXNDC5|LBH|CARD11|DNER,-2.2,0
1,-3.3,C0039538,M1,1,0,DisGeNET,35,Teratoma,,-3.3,2.8,4.2,30293,171,871,14,1.6,0.43,1030|1958|2624|2627|2668|2674|3875|4851|6520|6581|6657|7040|7076|10763,CDKN2B|EGR1|GATA2|GATA6|GDNF|GFRA1|KRT18|NOTCH1|SLC3A2|SLC22A3|SOX2|TGFB1|TIMP1|NES,-2.2,0
1,-3.3,C0087031,M1,1,0,DisGeNET,35,Juvenile-Onset Still Disease,,-3.3,2.8,4.2,30293,171,871,14,1.6,0.43,861|1191|1612|1839|1844|1958|3084|4133|7057|7130|7852|54757|150094|166336,RUNX1|CLU|DAPK1|HBEGF|DUSP2|EGR1|NRG1|MAP2|THBS1|TNFAIP6|CXCR4|FAM20A|SIK1|PRICKLE2,-2.2,0
1,-3.3,C0751213,M1,1,0,DisGeNET,35,Tactile Allodynia,,-3.3,3.4,4.3,30293,114,871,11,1.3,0.38,133|794|1268|1906|2668|2670|3231|3673|4908|5742|6869,ADM|CALB2|CNR1|EDN1|GDNF|GFAP|HOXD1|ITGA2|NTF3|PTGS1|TACR1,-2.2,0
1,-3.3,C0005699,M1,1,0,DisGeNET,35,Blast Phase,,-3.3,2.3,4,30293,299,871,20,2.3,0.51,290|861|894|928|1028|1030|1612|1910|2149|2624|3090|3976|4313|5243|6387|6423|7852|9590|23089|79971,ANPEP|RUNX1|CCND2|CD9|CDKN1C|CDKN2B|DAPK1|EDNRB|F2R|GATA2|HIC1|LIF|MMP2|ABCB1|CXCL12|SFRP2|CXCR4|AKAP12|PEG10|WLS,-2.2,0
1,-3.3,C0025322,M1,1,0,DisGeNET,35,Premature Menopause,,-3.3,2.3,4,30293,299,871,20,2.3,0.51,652|2308|2334|3976|4313|4851|5054|5122|6387|6876|6928|7048|7852|10370|10468|22943|26047|64072|116039|729857,BMP4|FOXO1|AFF2|LIF|MMP2|NOTCH1|SERPINE1|PCSK1|CXCL12|TAGLN|HNF1B|TGFBR2|CXCR4|CITED2|FST|DKK1|CNTNAP2|CDH23|OSR2|RGPD2,-2.2,0
1,-3.3,C0037369,M1,1,0,DisGeNET,35,Smoking,,-3.3,2.1,3.9,30293,391,871,24,2.8,0.55,861|1620|2202|3092|3708|4052|4978|5142|5789|6913|7042|9037|9369|50863|55534|56243|57211|64084|64399|84870|91584|114795|163404|642968,RUNX1|BRINP1|EFEMP1|HIP1|ITPR1|LTBP1|OPCML|PDE4B|PTPRD|TBX15|TGFB2|SEMA5A|NRXN3|NTM|MAML3|KIAA1217|ADGRG6|CLSTN2|HHIP|RSPO3|PLXNA4|TMEM132B|PLPPR5|FAM163B,-2.2,0
1,-3.3,C0423110,M1,1,0,DisGeNET,35,Downward slant of palpebral fissure,,-3.3,2.1,3.9,30293,391,871,24,2.8,0.55,701|1287|1501|1717|1759|2263|2273|2668|2697|2719|4036|4854|5077|5648|6899|7021|7042|9037|9758|22808|64093|90161|117581|253738,BUB1B|COL4A5|CTNND2|DHCR7|DNM1|FGFR2|FHL1|GDNF|GJA1|GPC3|LRP2|NOTCH3|PAX3|MASP1|TBX1|TFAP2B|TGFB2|SEMA5A|FRMPD4|MRAS|SMOC1|HS6ST2|TWIST2|EBF3,-2.2,0
1,-3.3,C0035372,M1,1,0,DisGeNET,35,Rett Syndrome,,-3.3,2.5,4,30293,234,871,17,2,0.47,348|547|1191|1759|1959|2556|2670|2917|3399|3400|3486|4133|4233|5099|5362|6925|148281,APOE|KIF1A|CLU|DNM1|EGR2|GABRA3|GFAP|GRM7|ID3|ID4|IGFBP3|MAP2|MET|PCDH7|PLXNA2|TCF4|SYT6,-2.1,0
1,-3.3,C0730362,M1,1,0,DisGeNET,35,Disorder of macula of retina,,-3.3,5,4.8,30293,49,871,7,0.8,0.3,2201|2202|3075|4036|5362|5961|7078,FBN2|EFEMP1|CFH|LRP2|PLXNA2|PRPH2|TIMP3,-2.1,0
1,-3.3,C0038587,M1,1,0,DisGeNET,35,Substance Withdrawal Syndrome,,-3.3,3.9,4.5,30293,80,871,9,1,0.34,1268|1392|2706|2890|4036|5243|6529|6869|23263,CNR1|CRH|GJB2|GRIA1|LRP2|ABCB1|SLC6A1|TACR1|MCF2L,-2.1,0
1,-3.3,C0040588,M1,1,0,DisGeNET,35,Tracheoesophageal Fistula,,-3.3,3.9,4.5,30293,80,871,9,1,0.34,652|2201|2263|2294|4854|5125|6657|7547|80000,BMP4|FBN2|FGFR2|FOXF1|NOTCH3|PCSK5|SOX2|ZIC3|GREB1L,-2.1,0
1,-3.3,C1332347,M1,1,0,DisGeNET,35,Atypical Ductal Breast Hyperplasia,,-3.3,3.9,4.5,30293,80,871,9,1,0.34,182|348|1909|4851|6277|6387|6513|7852|57007,JAG1|APOE|EDNRA|NOTCH1|S100A6|CXCL12|SLC2A1|CXCR4|ACKR3,-2.1,0
1,-3.3,C0029182,M1,1,0,DisGeNET,35,orbit (eye disorders),,-3.3,4.3,4.6,30293,64,871,8,0.92,0.32,2263|5054|5176|5327|5961|6387|6422|9518,FGFR2|SERPINE1|SERPINF1|PLAT|PRPH2|CXCL12|SFRP1|GDF15,-2.1,0
1,-3.3,C0020550,M1,1,0,DisGeNET,35,Hyperthyroidism,,-3.3,2.4,4,30293,278,871,19,2.2,0.49,284|570|875|1356|1734|1906|1958|2317|2697|3486|5054|5122|5243|6513|6899|7040|7431|9518|22943,ANGPT1|BAAT|CBS|CP|DIO2|EDN1|EGR1|FLNB|GJA1|IGFBP3|SERPINE1|PCSK1|ABCB1|SLC2A1|TBX1|TGFB1|VIM|GDF15|DKK1,-2.1,0
1,-3.3,C4551488,M1,1,0,DisGeNET,35,Bifid uvula,,-3.3,3.6,4.4,30293,97,871,10,1.1,0.36,652|1282|1906|2138|2263|6899|7046|7048|26227|29968,BMP4|COL4A1|EDN1|EYA1|FGFR2|TBX1|TGFBR1|TGFBR2|PHGDH|PSAT1,-2.1,0
1,-3.3,C0032002,M1,1,0,DisGeNET,35,Pituitary Diseases,,-3.3,3,4.2,30293,153,871,13,1.5,0.41,182|348|1284|1392|1909|2048|2668|3490|3976|5156|6657|7857|57007,JAG1|APOE|COL4A2|CRH|EDNRA|EPHB2|GDNF|IGFBP7|LIF|PDGFRA|SOX2|SCG2|ACKR3,-2.1,0
1,-3.3,C0020544,M1,1,0,DisGeNET,35,Renal hypertension,,-3.3,5.8,5,30293,36,871,6,0.69,0.28,284|1906|4313|4627|4879|7225,ANGPT1|EDN1|MMP2|MYH9|NPPB|TRPC6,-2.1,0
1,-3.3,C0085758,M1,1,0,DisGeNET,35,"Aganglionosis, Colonic",,-3.3,5.8,5,30293,36,871,6,0.69,0.28,794|1910|2149|2668|3084|5077,CALB2|EDNRB|F2R|GDNF|NRG1|PAX3,-2.1,0
1,-3.3,C0751074,M1,1,0,DisGeNET,35,Diabetic Neuralgia,,-3.3,5.8,5,30293,36,871,6,0.69,0.28,875|4313|4908|6387|7040|7852,CBS|MMP2|NTF3|CXCL12|TGFB1|CXCR4,-2.1,0
1,-3.3,C0021933,M1,1,0,DisGeNET,35,Intussusception,,-3.3,7.2,5.3,30293,24,871,5,0.57,0.26,4851|5156|6387|7026|26585,NOTCH1|PDGFRA|CXCL12|NR2F2|GREM1,-2.1,0
1,-3.3,C0349658,M1,1,0,DisGeNET,35,Trichoepithelioma,,-3.3,7.2,5.3,30293,24,871,5,0.57,0.26,794|6513|8549|22822|26585,CALB2|SLC2A1|LGR5|PHLDA1|GREM1,-2.1,0
1,-3.3,C1405984,M1,1,0,DisGeNET,35,Absent radius,,-3.3,7.2,5.3,30293,24,871,5,0.57,0.26,2263|2317|6926|7547|84570,FGFR2|FLNB|TBX3|ZIC3|COL25A1,-2.1,0
1,-3.3,C1533041,M1,1,0,DisGeNET,35,Primary congenital glaucoma,,-3.3,7.2,5.3,30293,24,871,5,0.57,0.26,284|1545|2296|4053|5362,ANGPT1|CYP1B1|FOXC1|LTBP2|PLXNA2,-2.1,0
1,-3.3,C1704274,M1,1,0,DisGeNET,35,Intrauterine adhesions,,-3.3,7.2,5.3,30293,24,871,5,0.57,0.26,6387|6657|7040|7852|9411,CXCL12|SOX2|TGFB1|CXCR4|ARHGAP29,-2.1,0
1,-3.3,C3178801,M1,1,0,DisGeNET,35,"Stroke, Lacunar",,-3.3,7.2,5.3,30293,24,871,5,0.57,0.26,1282|1284|4313|4854|5327,COL4A1|COL4A2|MMP2|NOTCH3|PLAT,-2.1,0
1,-3.3,C3665629,M1,1,0,DisGeNET,35,Dental fluorosis,,-3.3,7.2,5.3,30293,24,871,5,0.57,0.26,4313|4322|7076|7286|7373,MMP2|MMP13|TIMP1|TUFT1|COL14A1,-2.1,0
1,-3.3,C0031039,M1,1,0,DisGeNET,35,Pericardial effusion,,-3.3,3.5,4.3,30293,98,871,10,1.1,0.36,715|1906|4233|4879|5327|6285|6696|7046|64072|79633,C1R|EDN1|MET|NPPB|PLAT|S100B|SPP1|TGFBR1|CDH23|FAT4,-2.1,0
1,-3.3,C1135868,M1,1,0,DisGeNET,35,Gestational Trophoblastic Neoplasms,,-3.3,3.5,4.3,30293,98,871,10,1.1,0.36,1028|2512|3673|5156|5178|5243|6657|6696|7431|25797,CDKN1C|FTL|ITGA2|PDGFRA|PEG3|ABCB1|SOX2|SPP1|VIM|QPCT,-2.1,0
1,-3.3,C0220621,M1,1,0,DisGeNET,35,Childhood Acute Myeloid Leukemia,,-3.3,2.6,4,30293,215,871,16,1.8,0.46,21|805|861|2624|3490|4330|4629|5243|7040|7852|7980|10962|63976|79971|84662|253738,ABCA3|CALM2|RUNX1|GATA2|IGFBP7|MN1|MYH11|ABCB1|TGFB1|CXCR4|TFPI2|MLLT11|PRDM16|WLS|GLIS2|EBF3,-2.1,0
1,-3.3,C0004623,M1,1,0,DisGeNET,35,Bacterial Infections,,-3.3,1.9,3.7,30293,616,871,33,3.8,0.65,133|445|953|1191|1282|1465|1604|1906|2317|3075|4233|5054|5243|5648|5806|6277|6285|6513|6520|6657|6696|7040|7046|7048|7076|7481|7852|7980|8140|8407|8600|23541|56005,ADM|ASS1|ENTPD1|CLU|COL4A1|CSRP1|CD55|EDN1|FLNB|CFH|MET|SERPINE1|ABCB1|MASP1|PTX3|S100A6|S100B|SLC2A1|SLC3A2|SOX2|SPP1|TGFB1|TGFBR1|TGFBR2|TIMP1|WNT11|CXCR4|TFPI2|SLC7A5|TAGLN2|TNFSF11|SEC14L2|MYDGF,-2.1,0
1,-3.3,C0236804,M1,1,0,DisGeNET,35,Amphetamine Addiction,,-3.3,3.9,4.4,30293,81,871,9,1,0.34,1604|2668|3084|4886|5142|5327|6536|8029|26289,CD55|GDNF|NRG1|NPY1R|PDE4B|PLAT|SLC6A9|CUBN|AK5,-2.1,0
1,-3.3,C0393706,M1,1,0,DisGeNET,35,Early infantile epileptic encephalopathy with suppression bursts,,-3.3,3.9,4.4,30293,81,871,9,1,0.34,1759|2048|2719|3675|3736|4281|5176|29968|150094,DNM1|EPHB2|GPC3|ITGA3|KCNA1|MID1|SERPINF1|PSAT1|SIK1,-2.1,0
1,-3.3,C0751571,M1,1,0,DisGeNET,35,Cancer of Urinary Tract,,-3.3,4.3,4.6,30293,65,871,8,0.92,0.32,4015|6387|6520|7057|8140|27253|29968|55655,LOX|CXCL12|SLC3A2|THBS1|SLC7A5|PCDH17|PSAT1|NLRP2,-2.1,0
1,-3.3,C3544347,M1,1,0,DisGeNET,35,Intestinal fibrosis,,-3.3,4.3,4.6,30293,65,871,8,0.92,0.32,1281|1311|1490|4313|7040|7076|8877|9966,COL3A1|COMP|CCN2|MMP2|TGFB1|TIMP1|SPHK1|TNFSF15,-2.1,0
1,-3.3,C0033822,M1,1,0,DisGeNET,35,Pseudomyxoma Peritonei,,-3.3,4.9,4.7,30293,50,871,7,0.8,0.3,1000|1909|2048|7291|7431|54894|57007,CDH2|EDNRA|EPHB2|TWIST1|VIM|RNF43|ACKR3,-2.1,0
1,-3.3,C0263874,M1,1,0,DisGeNET,35,Degeneration of lumbar intervertebral disc,,-3.3,4.9,4.7,30293,50,871,7,0.8,0.3,1490|4312|4313|4322|7040|8483|54829,CCN2|MMP1|MMP2|MMP13|TGFB1|CILP|ASPN,-2.1,0
1,-3.3,C1536148,M1,1,0,DisGeNET,35,Chocolate cyst of ovary,,-3.3,4.9,4.7,30293,50,871,7,0.8,0.3,1906|2263|4313|7040|7076|10468|64094,EDN1|FGFR2|MMP2|TGFB1|TIMP1|FST|SMOC2,-2.1,0
1,-3.3,C1691228,M1,1,0,DisGeNET,35,Cystic Kidney Diseases,,-3.3,4.9,4.7,30293,50,871,7,0.8,0.3,1282|1978|6928|7145|79633|84662|192668,COL4A1|EIF4EBP1|HNF1B|TNS1|FAT4|GLIS2|CYS1,-2.1,0
1,-3.3,C0861155,M1,1,0,DisGeNET,35,Rhinoconjunctivitis,,-3.3,9.9,5.8,30293,14,871,4,0.46,0.23,1392|3371|7040|80332,CRH|TNC|TGFB1|ADAM33,-2.1,0
1,-3.3,C1812607,M1,1,0,DisGeNET,35,Aortic aneurysm and dissection,,-3.3,9.9,5.8,30293,14,871,4,0.46,0.23,4015|4638|7043|7048,LOX|MYLK|TGFB3|TGFBR2,-2.1,0
1,-3.3,C3711383,M1,1,0,DisGeNET,35,Early-Onset Glaucoma,,-3.3,9.9,5.8,30293,14,871,4,0.46,0.23,1545|2296|5080|7021,CYP1B1|FOXC1|PAX6|TFAP2B,-2.1,0
1,-3.3,C4329988,M1,1,0,DisGeNET,35,Feline Mammary Carcinoma,,-3.3,9.9,5.8,30293,14,871,4,0.46,0.23,4313|6387|7076|7852,MMP2|CXCL12|TIMP1|CXCR4,-2.1,0
1,-3.3,C4551905,M1,1,0,DisGeNET,35,Pulmonary Venous Return Anomaly,,-3.3,9.9,5.8,30293,14,871,4,0.46,0.23,1717|2627|7026|10370,DHCR7|GATA6|NR2F2|CITED2,-2.1,0
1,-3.3,C0030552,M1,1,0,DisGeNET,35,Paresis,,-3.3,2.6,4,30293,216,871,16,1.8,0.46,58|652|1293|1604|1674|2201|2273|3315|4233|4851|4908|5327|6444|50507|64759|79971,ACTA1|BMP4|COL6A3|CD55|DES|FBN2|FHL1|HSPB1|MET|NOTCH1|NTF3|PLAT|SGCD|NOX4|TNS3|WLS,-2.1,0
1,-3.2,C0005859,M1,1,0,DisGeNET,35,Bloom Syndrome,,-3.2,2.9,4.1,30293,155,871,13,1.5,0.41,1909|2317|3315|4313|5054|5327|5806|6319|7040|8425|23541|27295|50507,EDNRA|FLNB|HSPB1|MMP2|SERPINE1|PLAT|PTX3|SCD|TGFB1|LTBP4|SEC14L2|PDLIM3|NOX4,-2.1,0
1,-3.2,C0087012,M1,1,0,DisGeNET,35,"Ataxia, Spinocerebellar",,-3.2,2.9,4.1,30293,155,871,13,1.5,0.41,348|547|1392|2048|2296|2670|2895|3708|3736|4747|6925|7040|152330,APOE|KIF1A|CRH|EPHB2|FOXC1|GFAP|GRID2|ITPR1|KCNA1|NEFL|TCF4|TGFB1|CNTN4,-2.1,0
1,-3.2,C0332853,M1,1,0,DisGeNET,35,Anastomosis,,-3.2,2.9,4.1,30293,155,871,13,1.5,0.41,794|1674|2201|2321|4312|4313|5362|5792|7040|7291|7436|29968|51305,CALB2|DES|FBN2|FLT1|MMP1|MMP2|PLXNA2|PTPRF|TGFB1|TWIST1|VLDLR|PSAT1|KCNK9,-2.1,0
1,-3.2,C0028768,M1,1,0,DisGeNET,35,Obsessive-Compulsive Disorder,,-3.2,2.8,4.1,30293,175,871,14,1.6,0.43,1000|1268|2048|2668|2706|4036|4908|4958|5021|6507|6581|9229|23263|26047,CDH2|CNR1|EPHB2|GDNF|GJB2|LRP2|NTF3|OMD|OXTR|SLC1A3|SLC22A3|DLGAP1|MCF2L|CNTNAP2,-2.1,0
1,-3.2,C0333516,M1,1,0,DisGeNET,35,Tumor necrosis,,-3.2,2.2,3.8,30293,350,871,22,2.5,0.53,284|348|2670|3485|3589|4288|4313|5054|5243|6319|6423|7042|7057|7130|7431|7852|8600|9547|9966|10625|50507|64093,ANGPT1|APOE|GFAP|IGFBP2|IL11|MKI67|MMP2|SERPINE1|ABCB1|SCD|SFRP2|TGFB2|THBS1|TNFAIP6|VIM|CXCR4|TNFSF11|CXCL14|TNFSF15|IVNS1ABP|NOX4|SMOC1,-2.1,0
1,-3.2,C1868683,M1,1,0,DisGeNET,35,"B-CELL MALIGNANCY, LOW-GRADE",,-3.2,2.2,3.8,30293,350,871,22,2.5,0.53,894|970|1030|1634|2149|3075|3589|4851|4948|5243|5327|5764|5800|6387|6513|6783|7046|7852|23089|23541|50515|79971,CCND2|CD70|CDKN2B|DCN|F2R|CFH|IL11|NOTCH1|OCA2|ABCB1|PLAT|PTN|PTPRO|CXCL12|SLC2A1|SULT1E1|TGFBR1|CXCR4|PEG10|SEC14L2|CHST11|WLS,-2.1,0
1,-3.2,C0206681,M1,1,0,DisGeNET,35,"Adenocarcinoma, Clear Cell",,-3.2,3.3,4.2,30293,117,871,11,1.3,0.38,90|2263|2719|3624|4233|4325|5243|6696|6928|7431|8140,ACVR1|FGFR2|GPC3|INHBA|MET|MMP16|ABCB1|SPP1|HNF1B|VIM|SLC7A5,-2.1,0
1,-3.2,C0751494,M1,1,0,DisGeNET,35,Convulsive Seizures,,-3.2,3.3,4.2,30293,117,871,11,1.3,0.38,348|1191|1268|1392|5066|5243|6513|6529|6546|6925|26047,APOE|CLU|CNR1|CRH|PAM|ABCB1|SLC2A1|SLC6A1|SLC8A1|TCF4|CNTNAP2,-2.1,0
1,-3.2,C0851140,M1,1,0,DisGeNET,35,Carcinoma in situ of uterine cervix,,-3.2,3.3,4.2,30293,117,871,11,1.3,0.38,1612|3315|4312|4313|6513|7078|7291|7431|7545|23213|23705,DAPK1|HSPB1|MMP1|MMP2|SLC2A1|TIMP3|TWIST1|VIM|ZIC1|SULF1|CADM1,-2.1,0
1,-3.2,C1865014,M1,1,0,DisGeNET,35,Long philtrum,,-3.2,2.3,3.9,30293,282,871,19,2.2,0.49,58|701|1717|2263|2697|4094|4854|6591|6899|8425|9244|9719|9758|10082|10265|26047|63976|64093|253738,ACTA1|BUB1B|DHCR7|FGFR2|GJA1|MAF|NOTCH3|SNAI2|TBX1|LTBP4|CRLF1|ADAMTSL2|FRMPD4|GPC6|IRX5|CNTNAP2|PRDM16|SMOC1|EBF3,-2.1,0
1,-3.2,C0022602,M1,1,0,DisGeNET,35,Actinic keratosis,,-3.2,3.1,4.2,30293,136,871,12,1.4,0.39,1030|2273|3075|3371|4288|4312|4313|5362|6513|6751|7431|81567,CDKN2B|FHL1|CFH|TNC|MKI67|MMP1|MMP2|PLXNA2|SLC2A1|SSTR1|VIM|TXNDC5,-2.1,0
1,-3.2,C0153392,M1,1,0,DisGeNET,35,Malignant neoplasm of nasopharynx,,-3.2,3.1,4.2,30293,136,871,12,1.4,0.39,1958|4312|4313|4502|4837|6657|6696|7852|7980|10630|27253|79971,EGR1|MMP1|MMP2|MT2A|NNMT|SOX2|SPP1|CXCR4|TFPI2|PDPN|PCDH17|WLS,-2.1,0
1,-3.2,C0005941,M1,1,0,DisGeNET,35,"Bone Diseases, Developmental",,-3.2,3.8,4.4,30293,82,871,9,1,0.34,1311|5083|5125|5251|7040|7042|7547|10082|79971,COMP|PAX9|PCSK5|PHEX|TGFB1|TGFB2|ZIC3|GPC6|WLS,-2.1,0
1,-3.2,C0279672,M1,1,0,DisGeNET,35,Cervical Adenocarcinoma,,-3.2,3.8,4.4,30293,82,871,9,1,0.34,1612|4851|5243|5742|6422|6423|6424|7078|26227,DAPK1|NOTCH1|ABCB1|PTGS1|SFRP1|SFRP2|SFRP4|TIMP3|PHGDH,-2.1,0
1,-3.2,C1387005,M1,1,0,DisGeNET,35,Penis agenesis,,-3.2,2.6,4,30293,217,871,16,1.8,0.46,58|701|1028|1717|2149|3736|6657|6925|6926|7681|10371|54756|79633|80144|150094|253738,ACTA1|BUB1B|CDKN1C|DHCR7|F2R|KCNA1|SOX2|TCF4|TBX3|MKRN3|SEMA3A|IL17RD|FAT4|FRAS1|SIK1|EBF3,-2.1,0
1,-3.2,C0005944,M1,1,0,DisGeNET,35,Metabolic Bone Disorder,,-3.2,4.2,4.5,30293,66,871,8,0.92,0.32,1717|4036|4313|5176|5251|6586|22943|26585,DHCR7|LRP2|MMP2|SERPINF1|PHEX|SLIT3|DKK1|GREM1,-2.1,0
1,-3.2,C0024809,M1,1,0,DisGeNET,35,Marijuana Abuse,,-3.2,2.9,4.1,30293,156,871,13,1.5,0.41,19|805|1268|1909|3084|5179|5243|6783|7040|8499|23336|57007|57761,ABCA1|CALM2|CNR1|EDNRA|NRG1|PENK|ABCB1|SULT1E1|TGFB1|PPFIA2|SYNM|ACKR3|TRIB3,-2.1,0
1,-3.2,C0085762,M1,1,0,DisGeNET,35,Alcohol abuse,,-3.2,2.9,4.1,30293,156,871,13,1.5,0.41,348|1268|1392|1612|2022|4312|4313|5021|5142|5179|6869|7040|26227,APOE|CNR1|CRH|DAPK1|ENG|MMP1|MMP2|OXTR|PDE4B|PENK|TACR1|TGFB1|PHGDH,-2.1,0
1,-3.2,C2585653,M1,1,0,DisGeNET,35,Persistent atrial fibrillation,,-3.2,2.9,4.1,30293,156,871,13,1.5,0.41,1674|1906|2066|4879|5318|6586|9267|9464|9644|22822|26010|114907|222553,DES|EDN1|ERBB4|NPPB|PKP2|SLIT3|CYTH1|HAND2|SH3PXD2A|PHLDA1|SPATS2L|FBXO32|SLC35F1,-2.1,0
1,-3.2,C0432211,M1,1,0,DisGeNET,35,Spondyloepimetaphyseal disorder,,-3.2,5.6,4.9,30293,37,871,6,0.69,0.28,1300|1311|1404|1634|4322|4921,COL10A1|COMP|HAPLN1|DCN|MMP13|DDR2,-2,0
1,-3.2,C0432306,M1,1,0,DisGeNET,35,Ichthyosis Bullosa of Siemens,,-3.2,5.6,4.9,30293,37,871,6,0.69,0.28,1392|2048|2697|4638|6281|9966,CRH|EPHB2|GJA1|MYLK|S100A10|TNFSF15,-2,0
1,-3.2,C0854985,M1,1,0,DisGeNET,35,"Adenocarcinoma of lung, stage I",,-3.2,5.6,4.9,30293,37,871,6,0.69,0.28,1978|4233|4288|5243|6513|8038,EIF4EBP1|MET|MKI67|ABCB1|SLC2A1|ADAM12,-2,0
1,-3.2,C0014743,M1,1,0,DisGeNET,35,Erythema Nodosum,,-3.2,4.8,4.6,30293,51,871,7,0.8,0.3,2317|4313|5243|7040|9635|23541|51816,FLNB|MMP2|ABCB1|TGFB1|CLCA2|SEC14L2|ADA2,-2,0
1,-3.2,C0019101,M1,1,0,DisGeNET,35,Hemorrhagic Fever with Renal Syndrome,,-3.2,4.8,4.6,30293,51,871,7,0.8,0.3,284|290|2621|5054|7057|7301|7412,ANGPT1|ANPEP|GAS6|SERPINE1|THBS1|TYRO3|VCAM1,-2,0
1,-3.2,C0206651,M1,1,0,DisGeNET,35,Clear Cell Sarcoma of Soft Tissue,,-3.2,4.8,4.6,30293,51,871,7,0.8,0.3,1839|2668|3084|4233|5328|6285|7431,HBEGF|GDNF|NRG1|MET|PLAU|S100B|VIM,-2,0
1,-3.2,C0221353,M1,1,0,DisGeNET,35,Horseshoe Kidney,,-3.2,4.8,4.6,30293,51,871,7,0.8,0.3,2263|2706|6928|64093|64220|79633|80000,FGFR2|GJB2|HNF1B|SMOC1|STRA6|FAT4|GREB1L,-2,0
1,-3.2,C0278512,M1,1,0,DisGeNET,35,Metastatic osteosarcoma,,-3.2,4.8,4.6,30293,51,871,7,0.8,0.3,1906|3491|4233|4313|5156|7291|23462,EDN1|CCN1|MET|MMP2|PDGFRA|TWIST1|HEY1,-2,0
1,-3.2,C0341038,M1,1,0,DisGeNET,35,Jaw Keratocyst,,-3.2,4.8,4.6,30293,51,871,7,0.8,0.3,652|4288|4312|4322|4851|8600|10630,BMP4|MKI67|MMP1|MMP13|NOTCH1|TNFSF11|PDPN,-2,0
1,-3.2,C1262048,M1,1,0,DisGeNET,35,Glial scar,,-3.2,4.8,4.6,30293,51,871,7,0.8,0.3,1464|1490|1958|2670|3976|4313|4908,CSPG4|CCN2|EGR1|GFAP|LIF|MMP2|NTF3,-2,0
1,-3.2,C4699152,M1,1,0,DisGeNET,35,ST-segment elevation myocardial infarction (STEMI),,-3.2,4.8,4.6,30293,51,871,7,0.8,0.3,290|2621|2697|3487|5806|7057|7852,ANPEP|GAS6|GJA1|IGFBP4|PTX3|THBS1|CXCR4,-2,0
1,-3.2,C3839280,M1,1,0,DisGeNET,35,High grade serous carcinoma,,-3.2,3.2,4.2,30293,118,871,11,1.3,0.38,794|1264|1902|1909|2590|2627|4233|6657|6928|55240|79623,CALB2|CNN1|LPAR1|EDNRA|GALNT2|GATA6|MET|SOX2|HNF1B|STEAP3|GALNT14,-2,0
1,-3.2,C0035220,M1,1,0,DisGeNET,35,"Respiratory Distress Syndrome, Newborn",,-3.2,2.8,4,30293,177,871,14,1.6,0.43,21|655|1490|1906|2252|2627|2668|3371|3675|5054|5961|7040|7052|8553,ABCA3|BMP7|CCN2|EDN1|FGF7|GATA6|GDNF|TNC|ITGA3|SERPINE1|PRPH2|TGFB1|TGM2|BHLHE40,-2,0
1,-3.2,C0040517,M1,1,0,DisGeNET,35,Gilles de la Tourette syndrome,,-3.2,2.8,4,30293,177,871,14,1.6,0.43,150|1000|1268|2668|3554|4036|4233|6507|10611|23263|26047|51305|59277|147381,ADRA2A|CDH2|CNR1|GDNF|IL1R1|LRP2|MET|SLC1A3|PDLIM5|MCF2L|CNTNAP2|KCNK9|NTN4|CBLN2,-2,0
1,-3.2,C3468561,M1,1,0,DisGeNET,35,familial atrial fibrillation,,-3.2,2.9,4.1,30293,157,871,13,1.5,0.41,1674|1906|2066|4879|5318|6586|9267|9464|9644|22822|26010|114907|222553,DES|EDN1|ERBB4|NPPB|PKP2|SLIT3|CYTH1|HAND2|SH3PXD2A|PHLDA1|SPATS2L|FBXO32|SLC35F1,-2,0
1,-3.2,C0019212,M1,1,0,DisGeNET,35,Hepatorenal Syndrome,,-3.2,7,5.1,30293,25,871,5,0.57,0.26,133|1906|3490|3708|7412,ADM|EDN1|IGFBP7|ITPR1|VCAM1,-2,0
1,-3.2,C0026961,M1,1,0,DisGeNET,35,Mydriasis,,-3.2,7,5.1,30293,25,871,5,0.57,0.26,59|348|3084|3708|5362,ACTA2|APOE|NRG1|ITPR1|PLXNA2,-2,0
1,-3.2,C0085119,M1,1,0,DisGeNET,35,Foot Ulcer,,-3.2,7,5.1,30293,25,871,5,0.57,0.26,7040|7042|7043|7046|7048,TGFB1|TGFB2|TGFB3|TGFBR1|TGFBR2,-2,0
1,-3.2,C0271901,M1,1,0,DisGeNET,35,Microcytic hypochromic anemia (disorder),,-3.2,7,5.1,30293,25,871,5,0.57,0.26,953|1356|2034|10265|55240,ENTPD1|CP|EPAS1|IRX5|STEAP3,-2,0
1,-3.2,C1837081,M1,1,0,DisGeNET,35,Tibial bowing,,-3.2,7,5.1,30293,25,871,5,0.57,0.26,2317|3977|4322|5251|64093,FLNB|LIFR|MMP13|PHEX|SMOC1,-2,0
1,-3.2,C1842247,M1,1,0,DisGeNET,35,"CORONARY ARTERY DISEASE, AUTOSOMAL DOMINANT, 1",,-3.2,7,5.1,30293,25,871,5,0.57,0.26,1030|1284|1906|8613|22808,CDKN2B|COL4A2|EDN1|PLPP3|MRAS,-2,0
1,-3.2,C0039070,M1,1,0,DisGeNET,35,Syncope,,-3.2,3.2,4.2,30293,119,871,11,1.3,0.38,70|133|805|1906|1909|2627|5155|5318|6319|7026|7134,ACTC1|ADM|CALM2|EDN1|EDNRA|GATA6|PDGFB|PKP2|SCD|NR2F2|TNNC1,-2,0
1,-3.2,C0162701,M1,1,0,DisGeNET,35,Polysomnography,,-3.2,3.2,4.2,30293,119,871,11,1.3,0.38,1282|3382|3708|7291|7364|9037|10082|10752|26002|63027|79949,COL4A1|ICA1|ITPR1|TWIST1|UGT2B7|SEMA5A|GPC6|CHL1|MOXD1|SLC22A23|PLEKHS1,-2,0
1,-3.2,C0280141,M1,1,0,DisGeNET,35,Acute Undifferentiated Leukemia,,-3.2,3.2,4.2,30293,119,871,11,1.3,0.38,290|861|976|2149|2624|3490|4629|6899|7852|27253|54972,ANPEP|RUNX1|ADGRE5|F2R|GATA2|IGFBP7|MYH11|TBX1|CXCR4|PCDH17|TMEM132A,-2,0
1,-3.2,C1851585,M1,1,0,DisGeNET,35,"MYELOPROLIFERATIVE DISORDER, CHRONIC, WITH EOSINOPHILIA",,-3.2,3.2,4.2,30293,119,871,11,1.3,0.38,348|1634|2670|4312|6319|6696|7040|7852|27087|27295|56005,APOE|DCN|GFAP|MMP1|SCD|SPP1|TGFB1|CXCR4|B3GAT1|PDLIM3|MYDGF,-2,0
1,-3.2,C0001206,M1,1,0,DisGeNET,35,Acromegaly,,-3.2,3,4.1,30293,138,871,12,1.4,0.39,348|2668|3486|4288|4313|4879|5792|6751|7291|8600|27295|55890,APOE|GDNF|IGFBP3|MKI67|MMP2|NPPB|PTPRF|SSTR1|TWIST1|TNFSF11|PDLIM3|GPRC5C,-2,0
1,-3.2,C3714758,M1,1,0,DisGeNET,35,Juvenile psoriatic arthritis,,-3.2,3,4.1,30293,138,871,12,1.4,0.39,1191|1612|1839|1844|1958|3084|4133|7057|7130|7852|54757|150094,CLU|DAPK1|HBEGF|DUSP2|EGR1|NRG1|MAP2|THBS1|TNFAIP6|CXCR4|FAM20A|SIK1,-2,0
1,-3.2,C0027668,M1,1,0,DisGeNET,35,"Neoplasms, Vascular Tissue",,-3.2,4.2,4.4,30293,67,871,8,0.92,0.32,1490|1634|2149|4851|5066|6513|7076|10630,CCN2|DCN|F2R|NOTCH1|PAM|SLC2A1|TIMP1|PDPN,-2,0
1,-3.2,C0279612,M1,1,0,DisGeNET,35,Childhood Embryonal Rhabdomyosarcoma,,-3.2,4.2,4.4,30293,67,871,8,0.92,0.32,701|1028|1674|2308|4851|5077|7040|23462,BUB1B|CDKN1C|DES|FOXO1|NOTCH1|PAX3|TGFB1|HEY1,-2,0
1,-3.2,C4024202,M1,1,0,DisGeNET,35,Reduced number of teeth,,-3.2,4.2,4.4,30293,67,871,8,0.92,0.32,1717|1832|2263|2697|5083|10371|54756|79633,DHCR7|DSP|FGFR2|GJA1|PAX9|SEMA3A|IL17RD|FAT4,-2,0
1,-3.2,C0278592,M1,1,0,DisGeNET,35,Adult Angiosarcoma,,-3.2,3.4,4.2,30293,101,871,10,1.1,0.36,1490|1634|2022|2030|5054|6285|6423|6520|7075|8140,CCN2|DCN|ENG|SLC29A1|SERPINE1|S100B|SFRP2|SLC3A2|TIE1|SLC7A5,-2,0
1,-3.2,C0279988,M1,1,0,DisGeNET,35,Childhood Angiosarcoma,,-3.2,3.4,4.2,30293,101,871,10,1.1,0.36,1490|1634|2022|2030|5054|6285|6423|6520|7075|8140,CCN2|DCN|ENG|SLC29A1|SERPINE1|S100B|SFRP2|SLC3A2|TIE1|SLC7A5,-2,0
1,-3.2,C0238339,M1,1,0,DisGeNET,35,Hereditary pancreatitis,,-3.2,2.9,4,30293,158,871,13,1.5,0.41,805|1028|1356|1545|2297|2668|4133|4851|7040|8549|23462|29968|83716,CALM2|CDKN1C|CP|CYP1B1|FOXD1|GDNF|MAP2|NOTCH1|TGFB1|LGR5|HEY1|PSAT1|CRISPLD2,-2,0
1,-3.2,C0008928,M1,1,0,DisGeNET,35,Cleidocranial Dysplasia,,-3.2,4.7,4.6,30293,52,871,7,0.8,0.3,654|861|3485|6581|6899|8600|26227,BMP6|RUNX1|IGFBP2|SLC22A3|TBX1|TNFSF11|PHGDH,-2,0
1,-3.2,C0029866,M1,1,0,DisGeNET,35,Other ureteric obstruction,,-3.2,4.7,4.6,30293,52,871,7,0.8,0.3,133|1490|1906|4060|5054|5155|9510,ADM|CCN2|EDN1|LUM|SERPINE1|PDGFB|ADAMTS1,-2,0
1,-3.2,C0566602,M1,1,0,DisGeNET,35,Primary sclerosing cholangitis,,-3.2,2.4,3.9,30293,264,871,18,2.1,0.48,182|953|2201|2308|4233|4312|4313|4851|4854|4921|5243|6696|6925|7431|9368|10628|27087|84870,JAG1|ENTPD1|FBN2|FOXO1|MET|MMP1|MMP2|NOTCH1|NOTCH3|DDR2|ABCB1|SPP1|TCF4|VIM|NHERF1|TXNIP|B3GAT1|RSPO3,-2,0
1,-3.2,C0039494,M1,1,0,DisGeNET,35,Temporomandibular Joint Disorders,,-3.2,3.7,4.3,30293,84,871,9,1,0.34,1285|1958|2069|3589|4851|7040|7076|22808|22943,COL4A3|EGR1|EREG|IL11|NOTCH1|TGFB1|TIMP1|MRAS|DKK1,-2,0
1,-3.2,C0497552,M1,1,0,DisGeNET,35,Congenital neurologic anomalies,,-3.2,3.7,4.3,30293,84,871,9,1,0.34,1893|2263|2706|4036|5077|5080|5156|6285|8029,ECM1|FGFR2|GJB2|LRP2|PAX3|PAX6|PDGFRA|S100B|CUBN,-2,0
1,-3.2,C1504404,M1,1,0,DisGeNET,35,Hippocampal sclerosis,,-3.2,3.7,4.3,30293,84,871,9,1,0.34,348|2670|2697|2890|4133|6657|7040|7048|26047,APOE|GFAP|GJA1|GRIA1|MAP2|SOX2|TGFB1|TGFBR2|CNTNAP2,-2,0
1,-3.2,C0019159,M1,1,0,DisGeNET,35,Hepatitis A,,-3.2,2,3.7,30293,451,871,26,3,0.58,348|1030|1191|1306|1311|2697|2719|3490|3589|3875|4053|5122|5243|6241|6696|7040|7042|7043|7301|9244|9547|10611|10625|51200|56005|100133941,APOE|CDKN2B|CLU|COL15A1|COMP|GJA1|GPC3|IGFBP7|IL11|KRT18|LTBP2|PCSK1|ABCB1|RRM2|SPP1|TGFB1|TGFB2|TGFB3|TYRO3|CRLF1|CXCL14|PDLIM5|IVNS1ABP|CPA4|MYDGF|CD24,-2,0
1,-3.2,C0027341,M1,1,0,DisGeNET,35,Nail-Patella Syndrome,,-3.2,5.5,4.8,30293,38,871,6,0.69,0.28,348|445|2317|10611|23541|64093,APOE|ASS1|FLNB|PDLIM5|SEC14L2|SMOC1,-2,0
1,-3.2,C0042344,M1,1,0,DisGeNET,35,Varicose Ulcer,,-3.2,5.5,4.8,30293,38,871,6,0.69,0.28,2022|4322|7040|7048|8829|55366,ENG|MMP13|TGFB1|TGFBR2|NRP1|LGR4,-2,0
1,-3.2,C0085280,M1,1,0,DisGeNET,35,Alagille Syndrome,,-3.2,5.5,4.8,30293,38,871,6,0.69,0.28,182|348|4851|4854|6899|130497,JAG1|APOE|NOTCH1|NOTCH3|TBX1|OSR1,-2,0
1,-3.2,C0154841,M1,1,0,DisGeNET,35,Central retinal vein occlusion,,-3.2,5.5,4.8,30293,38,871,6,0.69,0.28,133|4313|5054|5176|5362|10371,ADM|MMP2|SERPINE1|SERPINF1|PLXNA2|SEMA3A,-2,0
1,-3.2,C1859461,M1,1,0,DisGeNET,35,Femoral bowing,,-3.2,5.5,4.8,30293,38,871,6,0.69,0.28,1300|2263|3977|4322|5251|55603,COL10A1|FGFR2|LIFR|MMP13|PHEX|TENT5A,-2,0
1,-3.2,C1862382,M1,1,0,DisGeNET,35,SVEINSSON CHORIORETINAL ATROPHY,,-3.2,3,4.1,30293,139,871,12,1.4,0.39,1545|1909|2048|2308|3371|3487|5156|6387|6696|7043|8829|29968,CYP1B1|EDNRA|EPHB2|FOXO1|TNC|IGFBP4|PDGFRA|CXCL12|SPP1|TGFB3|NRP1|PSAT1,-2,0
1,-3.2,C0221369,M1,1,0,DisGeNET,35,Acquired Camptodactyly,,-3.2,3.2,4.1,30293,120,871,11,1.3,0.38,1281|2263|6913|7046|7048|9244|10216|26227|64220|79633|84570,COL3A1|FGFR2|TBX15|TGFBR1|TGFBR2|CRLF1|PRG4|PHGDH|STRA6|FAT4|COL25A1,-2,0
1,-3.1,C0027858,M1,1,0,DisGeNET,35,Neuroma,,-3.1,9.3,5.5,30293,15,871,4,0.46,0.23,288|2668|8829|10371,ANK3|GDNF|NRP1|SEMA3A,-2,0
1,-3.1,C0031028,M1,1,0,DisGeNET,35,Periapical Diseases,,-3.1,9.3,5.5,30293,15,871,4,0.46,0.23,4313|5155|7040|56005,MMP2|PDGFB|TGFB1|MYDGF,-2,0
1,-3.1,C0079294,M1,1,0,DisGeNET,35,Epidermolysis Bullosa Dystrophica,,-3.1,9.3,5.5,30293,15,871,4,0.46,0.23,649|1294|3486|4312,BMP1|COL7A1|IGFBP3|MMP1,-2,0
1,-3.1,C0152095,M1,1,0,DisGeNET,35,Patau syndrome,,-3.1,9.3,5.5,30293,15,871,4,0.46,0.23,348|861|2308|8038,APOE|RUNX1|FOXO1|ADAM12,-2,0
1,-3.1,C0220624,M1,1,0,DisGeNET,35,Adult Brain Neoplasm,,-3.1,9.3,5.5,30293,15,871,4,0.46,0.23,2321|92737|166336|100133941,FLT1|DNER|PRICKLE2|CD24,-2,0
1,-3.1,C0266316,M1,1,0,DisGeNET,35,Congenital hydronephrosis,,-3.1,9.3,5.5,30293,15,871,4,0.46,0.23,1906|7040|10371|57616,EDN1|TGFB1|SEMA3A|TSHZ3,-2,0
1,-3.1,C0278619,M1,1,0,DisGeNET,35,Extramedullary Plasmacytoma,,-3.1,9.3,5.5,30293,15,871,4,0.46,0.23,284|2022|4854|7852,ANGPT1|ENG|NOTCH3|CXCR4,-2,0
1,-3.1,C0333297,M1,1,0,DisGeNET,35,Chronic ulcer,,-3.1,9.3,5.5,30293,15,871,4,0.46,0.23,4312|4313|4322|8038,MMP1|MMP2|MMP13|ADAM12,-2,0
1,-3.1,C1866751,M1,1,0,DisGeNET,35,Spinocerebellar tract degeneration,,-3.1,9.3,5.5,30293,15,871,4,0.46,0.23,348|1392|5354|7040,APOE|CRH|PLP1|TGFB1,-2,0
1,-3.1,C2063326,M1,1,0,DisGeNET,35,Right ventricular cardiomyopathy,,-3.1,9.3,5.5,30293,15,871,4,0.46,0.23,1832|4879|5318|7043,DSP|NPPB|PKP2|TGFB3,-2,0
1,-3.1,C4023721,M1,1,0,DisGeNET,35,Abnormal hair pattern,,-3.1,9.3,5.5,30293,15,871,4,0.46,0.23,6578|80144|117581|158326,SLCO2A1|FRAS1|TWIST2|FREM1,-2,0
1,-3.1,C4727070,M1,1,0,DisGeNET,35,Advanced Carcinoma,,-3.1,9.3,5.5,30293,15,871,4,0.46,0.23,4233|4313|7076|7078,MET|MMP2|TIMP1|TIMP3,-2,0
1,-3.1,C0085215,M1,1,0,DisGeNET,35,"Ovarian Failure, Premature",,-3.1,2.2,3.8,30293,333,871,21,2.4,0.52,58|652|2308|2334|3976|4313|4851|5054|5122|6387|6876|6928|7048|7076|7852|10370|10468|22943|26047|116039|729857,ACTA1|BMP4|FOXO1|AFF2|LIF|MMP2|NOTCH1|SERPINE1|PCSK1|CXCL12|TAGLN|HNF1B|TGFBR2|TIMP1|CXCR4|CITED2|FST|DKK1|CNTNAP2|OSR2|RGPD2,-2,0
1,-3.1,C0022333,M1,1,0,DisGeNET,35,Jacksonian Seizure,,-3.1,3.4,4.2,30293,102,871,10,1.1,0.36,348|1191|1268|1392|5066|5243|6513|6529|6546|6925,APOE|CLU|CNR1|CRH|PAM|ABCB1|SLC2A1|SLC6A1|SLC8A1|TCF4,-2,0
1,-3.1,C0030201,M1,1,0,DisGeNET,35,"Pain, Postoperative",,-3.1,3.4,4.2,30293,102,871,10,1.1,0.36,2317|2890|3976|4129|4313|5243|7364|7547|23541|27087,FLNB|GRIA1|LIF|MAOB|MMP2|ABCB1|UGT2B7|ZIC3|SEC14L2|B3GAT1,-2,0
1,-3.1,C0422850,M1,1,0,DisGeNET,35,"Seizures, Somatosensory",,-3.1,3.4,4.2,30293,102,871,10,1.1,0.36,348|1191|1268|1392|5066|5243|6513|6529|6546|6925,APOE|CLU|CNR1|CRH|PAM|ABCB1|SLC2A1|SLC6A1|SLC8A1|TCF4,-2,0
1,-3.1,C0422852,M1,1,0,DisGeNET,35,"Seizures, Auditory",,-3.1,3.4,4.2,30293,102,871,10,1.1,0.36,348|1191|1268|1392|5066|5243|6513|6529|6546|6925,APOE|CLU|CNR1|CRH|PAM|ABCB1|SLC2A1|SLC6A1|SLC8A1|TCF4,-2,0
1,-3.1,C0422853,M1,1,0,DisGeNET,35,Olfactory seizure,,-3.1,3.4,4.2,30293,102,871,10,1.1,0.36,348|1191|1268|1392|5066|5243|6513|6529|6546|6925,APOE|CLU|CNR1|CRH|PAM|ABCB1|SLC2A1|SLC6A1|SLC8A1|TCF4,-2,0
1,-3.1,C0422854,M1,1,0,DisGeNET,35,Gustatory seizure,,-3.1,3.4,4.2,30293,102,871,10,1.1,0.36,348|1191|1268|1392|5066|5243|6513|6529|6546|6925,APOE|CLU|CNR1|CRH|PAM|ABCB1|SLC2A1|SLC6A1|SLC8A1|TCF4,-2,0
1,-3.1,C0422855,M1,1,0,DisGeNET,35,Vertiginous seizure,,-3.1,3.4,4.2,30293,102,871,10,1.1,0.36,348|1191|1268|1392|5066|5243|6513|6529|6546|6925,APOE|CLU|CNR1|CRH|PAM|ABCB1|SLC2A1|SLC6A1|SLC8A1|TCF4,-2,0
1,-3.1,C0751056,M1,1,0,DisGeNET,35,Non-epileptic convulsion,,-3.1,3.4,4.2,30293,102,871,10,1.1,0.36,348|1191|1268|1392|5066|5243|6513|6529|6546|6925,APOE|CLU|CNR1|CRH|PAM|ABCB1|SLC2A1|SLC6A1|SLC8A1|TCF4,-2,0
1,-3.1,C0751110,M1,1,0,DisGeNET,35,Single Seizure,,-3.1,3.4,4.2,30293,102,871,10,1.1,0.36,348|1191|1268|1392|5066|5243|6513|6529|6546|6925,APOE|CLU|CNR1|CRH|PAM|ABCB1|SLC2A1|SLC6A1|SLC8A1|TCF4,-2,0
1,-3.1,C0751123,M1,1,0,DisGeNET,35,Atonic Absence Seizures,,-3.1,3.4,4.2,30293,102,871,10,1.1,0.36,348|1191|1268|1392|5066|5243|6513|6529|6546|6925,APOE|CLU|CNR1|CRH|PAM|ABCB1|SLC2A1|SLC6A1|SLC8A1|TCF4,-2,0
1,-3.1,C0751496,M1,1,0,DisGeNET,35,"Seizures, Sensory",,-3.1,3.4,4.2,30293,102,871,10,1.1,0.36,348|1191|1268|1392|5066|5243|6513|6529|6546|6925,APOE|CLU|CNR1|CRH|PAM|ABCB1|SLC2A1|SLC6A1|SLC8A1|TCF4,-2,0
1,-3.1,C3495874,M1,1,0,DisGeNET,35,Nonepileptic Seizures,,-3.1,3.4,4.2,30293,102,871,10,1.1,0.36,348|1191|1268|1392|5066|5243|6513|6529|6546|6925,APOE|CLU|CNR1|CRH|PAM|ABCB1|SLC2A1|SLC6A1|SLC8A1|TCF4,-2,0
1,-3.1,C4505436,M1,1,0,DisGeNET,35,Generalized Absence Seizures,,-3.1,3.4,4.2,30293,102,871,10,1.1,0.36,348|1191|1268|1392|5066|5243|6513|6529|6546|6925,APOE|CLU|CNR1|CRH|PAM|ABCB1|SLC2A1|SLC6A1|SLC8A1|TCF4,-2,0
1,-3.1,C0156149,M1,1,0,DisGeNET,35,Gastrointestinal tract vascular insufficiency,,-3.1,4.1,4.4,30293,68,871,8,0.92,0.32,133|3075|5243|5806|6513|6876|7040|50507,ADM|CFH|ABCB1|PTX3|SLC2A1|TAGLN|TGFB1|NOX4,-2,0
1,-3.1,C0427190,M1,1,0,DisGeNET,35,"Ataxia, Truncal",,-3.1,4.1,4.4,30293,68,871,8,0.92,0.32,1356|2895|3708|6507|6513|6657|7436|84504,CP|GRID2|ITPR1|SLC1A3|SLC2A1|SOX2|VLDLR|NKX6-2,-2,0
1,-3.1,C2004435,M1,1,0,DisGeNET,35,Vascular insufficiency of intestine,,-3.1,4.1,4.4,30293,68,871,8,0.92,0.32,133|3075|5243|5806|6513|6876|7040|50507,ADM|CFH|ABCB1|PTX3|SLC2A1|TAGLN|TGFB1|NOX4,-2,0
1,-3.1,C0030305,M1,1,0,DisGeNET,35,Pancreatitis,,-3.1,1.9,3.7,30293,502,871,28,3.2,0.6,284|875|976|1191|1268|1392|1490|1509|1809|1906|1909|1958|2034|2244|3856|4233|6869|6925|7040|8614|8870|10267|10630|23213|54443|55959|64399|83716,ANGPT1|CBS|ADGRE5|CLU|CNR1|CRH|CCN2|CTSD|DPYSL3|EDN1|EDNRA|EGR1|EPAS1|FGB|KRT8|MET|TACR1|TCF4|TGFB1|STC2|IER3|RAMP1|PDPN|SULF1|ANLN|SULF2|HHIP|CRISPLD2,-2,0
1,-3.1,C1306759,M1,1,0,DisGeNET,35,Eosinophilic disorder,,-3.1,2.3,3.8,30293,288,871,19,2.2,0.49,290|861|1501|1978|2624|3371|3589|4312|4627|4629|5156|5243|6696|7040|7291|7412|10630|25797|56005,ANPEP|RUNX1|CTNND2|EIF4EBP1|GATA2|TNC|IL11|MMP1|MYH9|MYH11|PDGFRA|ABCB1|SPP1|TGFB1|TWIST1|VCAM1|PDPN|QPCT|MYDGF,-2,0
1,-3.1,C0002792,M1,1,0,DisGeNET,35,anaphylaxis,,-3.1,2.7,3.9,30293,180,871,14,1.6,0.43,182|284|570|1392|1509|1827|1993|2624|4851|5742|7412|8553|10580|51200,JAG1|ANGPT1|BAAT|CRH|CTSD|RCAN1|ELAVL2|GATA2|NOTCH1|PTGS1|VCAM1|BHLHE40|SORBS1|CPA4,-2,0
1,-3.1,C0002418,M1,1,0,DisGeNET,35,Amblyopia,,-3.1,3.7,4.3,30293,85,871,9,1,0.34,875|1282|2022|2263|5080|5362|6899|7291|84570,CBS|COL4A1|ENG|FGFR2|PAX6|PLXNA2|TBX1|TWIST1|COL25A1,-2,0
1,-3.1,C4021813,M1,1,0,DisGeNET,35,Oral cleft,,-3.1,3.7,4.3,30293,85,871,9,1,0.34,652|875|3084|5077|5648|7043|7046|7048|83716,BMP4|CBS|NRG1|PAX3|MASP1|TGFB3|TGFBR1|TGFBR2|CRISPLD2,-2,0
1,-3.1,C4255010,M1,1,0,DisGeNET,35,Non-ST Elevated Myocardial Infarction,,-3.1,3.7,4.3,30293,85,871,9,1,0.34,1509|2149|2192|3491|4312|5806|6783|6899|9518,CTSD|F2R|FBLN1|CCN1|MMP1|PTX3|SULT1E1|TBX1|GDF15,-2,0
1,-3.1,C0037116,M1,1,0,DisGeNET,35,Silicosis,,-3.1,3.2,4.1,30293,121,871,11,1.3,0.38,284|655|1832|1958|2621|4312|4313|4322|7040|7076|29951,ANGPT1|BMP7|DSP|EGR1|GAS6|MMP1|MMP2|MMP13|TGFB1|TIMP1|PDZRN4,-2,0
1,-3.1,C3714581,M1,1,0,DisGeNET,35,Multicystic Dysplastic Kidney,,-3.1,3.2,4.1,30293,121,871,11,1.3,0.38,701|1717|2138|2719|3975|4629|4638|6299|6928|80000|80144,BUB1B|DHCR7|EYA1|GPC3|LHX1|MYH11|MYLK|SALL1|HNF1B|GREB1L|FRAS1,-2,0
1,-3.1,C0456070,M1,1,0,DisGeNET,35,Growth delay,,-3.1,2.4,3.8,30293,244,871,17,2,0.47,1294|1604|2022|2296|3090|4312|5080|5648|6657|6899|8425|8600|26227|55240|64093|79633|117581,COL7A1|CD55|ENG|FOXC1|HIC1|MMP1|PAX6|MASP1|SOX2|TBX1|LTBP4|TNFSF11|PHGDH|STEAP3|SMOC1|FAT4|TWIST2,-2,0
1,-3.1,C0010380,M1,1,0,DisGeNET,35,Croup,,-3.1,15,6.3,30293,7,871,3,0.34,0.2,2317|7057|23541,FLNB|THBS1|SEC14L2,-2,0
1,-3.1,C0011620,M1,1,0,DisGeNET,35,Stasis dermatitis,,-3.1,15,6.3,30293,7,871,3,0.34,0.2,4312|7076|7412,MMP1|TIMP1|VCAM1,-2,0
1,-3.1,C0152252,M1,1,0,DisGeNET,35,Anterior synechiae,,-3.1,15,6.3,30293,7,871,3,0.34,0.2,1545|2296|5080,CYP1B1|FOXC1|PAX6,-2,0
1,-3.1,C0156372,M1,1,0,DisGeNET,35,Asherman Syndrome,,-3.1,15,6.3,30293,7,871,3,0.34,0.2,3976|6387|7852,LIF|CXCL12|CXCR4,-2,0
1,-3.1,C0281328,M1,1,0,DisGeNET,35,Adult Subependymoma,,-3.1,15,6.3,30293,7,871,3,0.34,0.2,4747|5080|5156,NEFL|PAX6|PDGFRA,-2,0
1,-3.1,C0349578,M1,1,0,DisGeNET,35,Complex Endometrial Hyperplasia,,-3.1,15,6.3,30293,7,871,3,0.34,0.2,1028|1465|6513,CDKN1C|CSRP1|SLC2A1,-2,0
1,-3.1,C0395887,M1,1,0,DisGeNET,35,Tympanosclerosis,,-3.1,15,6.3,30293,7,871,3,0.34,0.2,1282|6696|22943,COL4A1|SPP1|DKK1,-2,0
1,-3.1,C0751895,M1,1,0,DisGeNET,35,"Vasospasm, Intracranial",,-3.1,15,6.3,30293,7,871,3,0.34,0.2,5327|6277|6285,PLAT|S100A6|S100B,-2,0
1,-3.1,C0857516,M1,1,0,DisGeNET,35,Floppy,,-3.1,15,6.3,30293,7,871,3,0.34,0.2,1490|7040|7076,CCN2|TGFB1|TIMP1,-2,0
1,-3.1,C1336117,M1,1,0,DisGeNET,35,Stage IA Lung Adenocarcinoma AJCC v7,,-3.1,15,6.3,30293,7,871,3,0.34,0.2,1287|7431|10630,COL4A5|VIM|PDPN,-2,0
1,-3.1,C1836737,M1,1,0,DisGeNET,35,White eyebrow,,-3.1,15,6.3,30293,7,871,3,0.34,0.2,1910|5077|6591,EDNRB|PAX3|SNAI2,-2,0
1,-3.1,C1838577,M1,1,0,DisGeNET,35,Cerebral Autosomal Recessive Arteriopathy with Subcortical Infarcts and Leukoencephalopathy,,-3.1,15,6.3,30293,7,871,3,0.34,0.2,1282|4052|7040,COL4A1|LTBP1|TGFB1,-2,0
1,-3.1,C1860344,M1,1,0,DisGeNET,35,Hypoplastic iris stroma,,-3.1,15,6.3,30293,7,871,3,0.34,0.2,2296|5077|84570,FOXC1|PAX3|COL25A1,-2,0
1,-3.1,C2007076,M1,1,0,DisGeNET,35,Liver Carcinosarcoma,,-3.1,15,6.3,30293,7,871,3,0.34,0.2,2066|4233|5156,ERBB4|MET|PDGFRA,-2,0
1,-3.1,C2074900,M1,1,0,DisGeNET,35,Chronic postoperative pain,,-3.1,15,6.3,30293,7,871,3,0.34,0.2,2317|6869|23541,FLNB|TACR1|SEC14L2,-2,0
1,-3.1,C2350038,M1,1,0,DisGeNET,35,Molar Incisor Hypomineralization,,-3.1,15,6.3,30293,7,871,3,0.34,0.2,7046|7286|80274,TGFBR1|TUFT1|SCUBE1,-2,0
1,-3.1,C2677362,M1,1,0,DisGeNET,35,Alveolar capillary dysplasia,,-3.1,15,6.3,30293,7,871,3,0.34,0.2,21|2294|64220,ABCA3|FOXF1|STRA6,-2,0
1,-3.1,C3665628,M1,1,0,DisGeNET,35,Hypomineralization of enamel of tooth,,-3.1,15,6.3,30293,7,871,3,0.34,0.2,2697|5251|152816,GJA1|PHEX|ODAPH,-2,0
1,-3.1,C3714873,M1,1,0,DisGeNET,35,"Axenfeld-Rieger Syndrome, Type 1",,-3.1,15,6.3,30293,7,871,3,0.34,0.2,1282|2296|5080,COL4A1|FOXC1|PAX6,-2,0
1,-3.1,C3889085,M1,1,0,DisGeNET,35,Ascending aortic dilatation,,-3.1,15,6.3,30293,7,871,3,0.34,0.2,4313|7040|7048,MMP2|TGFB1|TGFBR2,-2,0
1,-3.1,C4310809,M1,1,0,DisGeNET,35,ANTERIOR SEGMENT DYSGENESIS 5,,-3.1,15,6.3,30293,7,871,3,0.34,0.2,1545|2296|5080,CYP1B1|FOXC1|PAX6,-2,0
1,-3.1,C0032969,M1,1,0,DisGeNET,35,Pregnancy in Diabetics,,-3.1,4.6,4.5,30293,53,871,7,0.8,0.3,133|1240|2258|5243|6513|9518|10628,ADM|CMKLR1|FGF13|ABCB1|SLC2A1|GDF15|TXNIP,-2,0
1,-3.1,C0036349,M1,1,0,DisGeNET,35,Paranoid Schizophrenia,,-3.1,4.6,4.5,30293,53,871,7,0.8,0.3,1268|1808|1821|4129|5054|5080|6285,CNR1|DPYSL2|DRP2|MAOB|SERPINE1|PAX6|S100B,-2,0
1,-3.1,C0259779,M1,1,0,DisGeNET,35,Fibrous Dysplasia,,-3.1,4.6,4.5,30293,53,871,7,0.8,0.3,1909|3486|4091|6285|8600|27087|57007,EDNRA|IGFBP3|SMAD6|S100B|TNFSF11|B3GAT1|ACKR3,-2,0
1,-3.1,C0006023,M1,1,0,DisGeNET,35,Borna Disease,,-3.1,6.7,5,30293,26,871,5,0.57,0.26,928|2697|4948|5179|6285,CD9|GJA1|OCA2|PENK|S100B,-2,0
1,-3.1,C0009451,M1,1,0,DisGeNET,35,Communicating Hydrocephalus,,-3.1,6.7,5,30293,26,871,5,0.57,0.26,894|5328|5783|6513|9368,CCND2|PLAU|PTPN13|SLC2A1|NHERF1,-2,0
1,-3.1,C0241181,M1,1,0,DisGeNET,35,Fragile skin,,-3.1,6.7,5,30293,26,871,5,0.57,0.26,1281|1294|1832|3675|4312,COL3A1|COL7A1|DSP|ITGA3|MMP1,-2,0
1,-3.1,C0342200,M1,1,0,DisGeNET,35,Endemic Cretinism,,-3.1,6.7,5,30293,26,871,5,0.57,0.26,348|1734|1958|4741|4747,APOE|DIO2|EGR1|NEFM|NEFL,-2,0
1,-3.1,C0346619,M1,1,0,DisGeNET,35,Malignant neoplasm of cardioesophageal junction of stomach,,-3.1,6.7,5,30293,26,871,5,0.57,0.26,2263|4233|5054|7364|8877,FGFR2|MET|SERPINE1|UGT2B7|SPHK1,-2,0
1,-3.1,C1112160,M1,1,0,DisGeNET,35,Gastrooesophageal cancer,,-3.1,6.7,5,30293,26,871,5,0.57,0.26,2263|4233|5054|7364|8877,FGFR2|MET|SERPINE1|UGT2B7|SPHK1,-2,0
1,-3.1,C0149978,M1,1,0,DisGeNET,35,Adenocarcinoma of rectum,,-3.1,3.4,4.2,30293,103,871,10,1.1,0.36,953|1993|2048|2697|4288|4320|5054|5176|23089|51400,ENTPD1|ELAVL2|EPHB2|GJA1|MKI67|MMP11|SERPINE1|SERPINF1|PEG10|PPME1,-2,0
1,-3.1,C3642346,M1,1,0,DisGeNET,35,Luminal B Breast Carcinoma,,-3.1,3.4,4.2,30293,103,871,10,1.1,0.36,2138|2263|2296|3485|4256|4288|6387|9368|27324|80139,EYA1|FGFR2|FOXC1|IGFBP2|MGP|MKI67|CXCL12|NHERF1|TOX3|ZNF703,-2,0
1,-3.1,C3665593,M1,1,0,DisGeNET,35,Melanocytic nevus of skin,,-3.1,3.4,4.2,30293,103,871,10,1.1,0.36,1030|1906|4133|4288|4312|6513|9846|22822|23705|83715,CDKN2B|EDN1|MAP2|MKI67|MMP1|SLC2A1|GAB2|PHLDA1|CADM1|ESPN,-2,0
1,-3.1,C0399526,M1,1,0,DisGeNET,35,Class III malocclusion,,-3.1,2.7,3.9,30293,181,871,14,1.6,0.43,805|2263|2697|2719|5077|6424|6928|7040|7052|8600|9510|26047|90161|117581,CALM2|FGFR2|GJA1|GPC3|PAX3|SFRP4|HNF1B|TGFB1|TGM2|TNFSF11|ADAMTS1|CNTNAP2|HS6ST2|TWIST2,-2,0
1,-3.1,C3553764,M1,1,0,DisGeNET,35,Joint hyperflexibility,,-3.1,2.7,3.9,30293,181,871,14,1.6,0.43,715|1281|1311|1501|2317|4854|6899|6928|7042|7046|7048|9037|22808|64093,C1R|COL3A1|COMP|CTNND2|FLNB|NOTCH3|TBX1|HNF1B|TGFB2|TGFBR1|TGFBR2|SEMA5A|MRAS|SMOC1,-2,0
1,-3.1,C1337013,M1,1,0,DisGeNET,35,Differentiated Thyroid Gland Carcinoma,,-3.1,2.4,3.8,30293,245,871,17,2,0.47,1028|1734|1909|2258|3084|3400|3486|4015|4233|5243|5328|6513|7291|7852|10628|55366|57007,CDKN1C|DIO2|EDNRA|FGF13|NRG1|ID4|IGFBP3|LOX|MET|ABCB1|PLAU|SLC2A1|TWIST1|CXCR4|TXNIP|LGR4|ACKR3,-2,0
1,-3.1,C0003125,M1,1,0,DisGeNET,35,Anorexia Nervosa,,-3.1,2.6,3.9,30293,202,871,15,1.7,0.44,1268|1392|2048|2697|4747|4826|5021|5243|6285|6319|6869|23705|51129|57537|152330,CNR1|CRH|EPHB2|GJA1|NEFL|NNAT|OXTR|ABCB1|S100B|SCD|TACR1|CADM1|ANGPTL4|SORCS2|CNTN4,-2,0
1,-3.1,C1842981,M1,1,0,DisGeNET,35,NEUROTICISM,,-3.1,3,4,30293,141,871,12,1.4,0.39,348|1191|1268|2917|3084|3702|5021|5179|8543|10082|26047|64072,APOE|CLU|CNR1|GRM7|NRG1|ITK|OXTR|PENK|LMO4|GPC6|CNTNAP2|CDH23,-2,0
1,-3.1,C0026838,M1,1,0,DisGeNET,35,Muscle Spasticity,,-3.1,1.9,3.6,30293,580,871,31,3.6,0.63,150|288|547|953|1268|1282|1284|1509|1759|2043|2066|2512|2617|2670|2697|2890|2917|3736|4747|4854|5354|6509|6513|8492|9758|23209|26047|26227|29968|84504|150094,ADRA2A|ANK3|KIF1A|ENTPD1|CNR1|COL4A1|COL4A2|CTSD|DNM1|EPHA4|ERBB4|FTL|GARS1|GFAP|GJA1|GRIA1|GRM7|KCNA1|NEFL|NOTCH3|PLP1|SLC1A4|SLC2A1|PRSS12|FRMPD4|MLC1|CNTNAP2|PHGDH|PSAT1|NKX6-2|SIK1,-2,0
1,-3.1,C0013990,M1,1,0,DisGeNET,35,Pathological accumulation of air in tissues,,-3.1,4,4.3,30293,69,871,8,0.92,0.32,21|348|2252|2263|4233|4256|7076|8425,ABCA3|APOE|FGF7|FGFR2|MET|MGP|TIMP1|LTBP4,-2,0
1,-3.1,C0346976,M1,1,0,DisGeNET,35,Secondary malignant neoplasm of pancreas,,-3.1,4,4.3,30293,69,871,8,0.92,0.32,2066|3315|4313|5328|7040|7078|7291|8829,ERBB4|HSPB1|MMP2|PLAU|TGFB1|TIMP3|TWIST1|NRP1,-2,0
1,-3.1,C0020256,M1,1,0,DisGeNET,35,Congenital Hydrocephalus,,-3.1,5.4,4.7,30293,39,871,6,0.69,0.28,649|894|1844|2296|5992|57611,BMP1|CCND2|DUSP2|FOXC1|RFX4|ISLR2,-2,0
1,-3.1,C0750977,M1,1,0,DisGeNET,35,Recurrent Brain Neoplasm,,-3.1,5.4,4.7,30293,39,871,6,0.69,0.28,1612|6285|6657|6696|7048|7052,DAPK1|S100B|SOX2|SPP1|TGFBR2|TGM2,-2,0
1,-3.1,C2675111,M1,1,0,DisGeNET,35,Abnormal eyelash morphology,,-3.1,5.4,4.7,30293,39,871,6,0.69,0.28,1281|1717|2706|3887|26227|29968,COL3A1|DHCR7|GJB2|KRT81|PHGDH|PSAT1,-2,0
1,-3.1,C0234535,M1,1,0,DisGeNET,35,Clonic Seizures,,-3.1,3.1,4.1,30293,122,871,11,1.3,0.38,348|1030|1191|1268|1392|5066|5243|6513|6529|6546|6925,APOE|CDKN2B|CLU|CNR1|CRH|PAM|ABCB1|SLC2A1|SLC6A1|SLC8A1|TCF4,-2,0
1,-3.1,C0520680,M1,1,0,DisGeNET,35,"Sleep Apnea, Central",,-3.1,3.1,4.1,30293,122,871,11,1.3,0.38,348|4233|5243|6422|6513|6526|6869|7040|10763|22943|27129,APOE|MET|ABCB1|SFRP1|SLC2A1|SLC5A3|TACR1|TGFB1|NES|DKK1|HSPB7,-2,0
1,-3.1,C0162809,M1,1,0,DisGeNET,35,Kallmann Syndrome,,-3.1,3.6,4.2,30293,86,871,9,1,0.34,1604|1909|5122|6657|8482|8829|10371|54756|57007,CD55|EDNRA|PCSK1|SOX2|SEMA7A|NRP1|SEMA3A|IL17RD|ACKR3,-1.9,0
1,-3.1,C0584960,M1,1,0,DisGeNET,35,Factor V Leiden mutation,,-3.1,3.6,4.2,30293,86,871,9,1,0.34,348|649|875|2244|3673|3708|5054|5055|23677,APOE|BMP1|CBS|FGB|ITGA2|ITPR1|SERPINE1|SERPINB2|SH3BP4,-1.9,0
1,-3.1,C0917713,M1,1,0,DisGeNET,35,Becker Muscular Dystrophy,,-3.1,3.6,4.2,30293,86,871,9,1,0.34,654|3315|6299|7040|7076|10468|27295|51384|84870,BMP6|HSPB1|SALL1|TGFB1|TIMP1|FST|PDLIM3|WNT16|RSPO3,-1.9,0
1,-3.1,C0011311,M1,1,0,DisGeNET,35,Dengue Fever,,-3.1,2.1,3.7,30293,360,871,22,2.5,0.53,284|928|1356|2066|2317|2621|3075|3589|4313|5327|6319|6696|7040|7042|7412|7431|8630|8877|10625|23541|64093|133584,ANGPT1|CD9|CP|ERBB4|FLNB|GAS6|CFH|IL11|MMP2|PLAT|SCD|SPP1|TGFB1|TGFB2|VCAM1|VIM|HSD17B6|SPHK1|IVNS1ABP|SEC14L2|SMOC1|EGFLAM,-1.9,0
1,-3.1,C0033377,M1,1,0,DisGeNET,35,Ptosis,,-3.1,1.8,3.6,30293,607,871,32,3.7,0.64,58|1281|1634|1717|1759|1906|1910|2263|2273|4015|4094|4854|5077|5080|5362|5648|6319|6493|6536|6578|6591|6899|7021|7040|7291|10371|22808|54756|64072|79633|84107|84570,ACTA1|COL3A1|DCN|DHCR7|DNM1|EDN1|EDNRB|FGFR2|FHL1|LOX|MAF|NOTCH3|PAX3|PAX6|PLXNA2|MASP1|SCD|SIM2|SLC6A9|SLCO2A1|SNAI2|TBX1|TFAP2B|TGFB1|TWIST1|SEMA3A|MRAS|IL17RD|CDH23|FAT4|ZIC4|COL25A1,-1.9,0
1,-3.1,C0752304,M1,1,0,DisGeNET,35,Hypoxic-Ischemic Encephalopathy,,-3.1,2.7,3.9,30293,182,871,14,1.6,0.43,133|348|875|1240|1281|2048|2670|3315|4747|6285|6513|7040|7046|56005,ADM|APOE|CBS|CMKLR1|COL3A1|EPHB2|GFAP|HSPB1|NEFL|S100B|SLC2A1|TGFB1|TGFBR1|MYDGF,-1.9,0
1,-3.1,C0025995,M1,1,0,DisGeNET,35,Micromelia,,-3.1,3.3,4.1,30293,104,871,10,1.1,0.36,1028|1311|1717|2263|2317|3977|4921|10082|26227|29968,CDKN1C|COMP|DHCR7|FGFR2|FLNB|LIFR|DDR2|GPC6|PHGDH|PSAT1,-1.9,0
1,-3.1,C0042514,M1,1,0,DisGeNET,35,"Tachycardia, Ventricular",,-3.1,3.3,4.1,30293,104,871,10,1.1,0.36,805|1832|1906|2697|4879|5142|5318|6319|7043|79191,CALM2|DSP|EDN1|GJA1|NPPB|PDE4B|PKP2|SCD|TGFB3|IRX3,-1.9,0
1,-3.1,C0175702,M1,1,0,DisGeNET,35,Williams Syndrome,,-3.1,3.3,4.1,30293,104,871,10,1.1,0.36,710|1028|3315|4015|4053|6928|9719|10611|140885|170691,SERPING1|CDKN1C|HSPB1|LOX|LTBP2|HNF1B|ADAMTSL2|PDLIM5|SIRPA|ADAMTS17,-1.9,0
1,-3.1,C0085584,M1,1,0,DisGeNET,35,Encephalopathies,,-3.1,2,3.6,30293,457,871,26,3,0.58,284|348|445|1356|1717|1759|2556|2670|4747|4854|5054|5243|6285|6513|6529|6536|6925|7040|7291|9369|9464|10319|26047|26227|29968|150094,ANGPT1|APOE|ASS1|CP|DHCR7|DNM1|GABRA3|GFAP|NEFL|NOTCH3|SERPINE1|ABCB1|S100B|SLC2A1|SLC6A1|SLC6A9|TCF4|TGFB1|TWIST1|NRXN3|HAND2|LAMC3|CNTNAP2|PHGDH|PSAT1|SIK1,-1.9,0
1,-3.1,C3711374,M1,1,0,DisGeNET,35,Nonsyndromic Deafness,,-3.1,2.8,3.9,30293,162,871,13,1.5,0.41,2070|2697|2706|3371|4233|4627|6783|7043|57214|64072|64787|83715|160335,EYA4|GJA1|GJB2|TNC|MET|MYH9|SULT1E1|TGFB3|CEMIP|CDH23|EPS8L2|ESPN|TMTC2,-1.9,0
1,-3.1,C0344482,M1,1,0,DisGeNET,35,Hypoplasia of corpus callosum,,-3.1,2.1,3.7,30293,385,871,23,2.6,0.54,547|1717|2917|3090|3736|3800|4747|5080|6509|6536|6657|6925|7040|8492|9758|26227|27286|29968|57514|79633|83604|84504|150094,KIF1A|DHCR7|GRM7|HIC1|KCNA1|KIF5C|NEFL|PAX6|SLC1A4|SLC6A9|SOX2|TCF4|TGFB1|PRSS12|FRMPD4|PHGDH|SRPX2|PSAT1|ARHGAP31|FAT4|TMEM47|NKX6-2|SIK1,-1.9,0
1,-3.1,C0041671,M1,1,0,DisGeNET,35,Attention Deficit Disorder,,-3.1,3.1,4,30293,123,871,11,1.3,0.38,150|348|1268|1620|2706|2917|4908|5789|6869|8553|10718,ADRA2A|APOE|CNR1|BRINP1|GJB2|GRM7|NTF3|PTPRD|TACR1|BHLHE40|NRG3,-1.9,0
1,-3.1,C0685409,M1,1,0,DisGeNET,35,Congenital Camptodactyly,,-3.1,3.1,4,30293,123,871,11,1.3,0.38,1281|2263|6913|7046|7048|9244|10216|26227|64220|79633|84570,COL3A1|FGFR2|TBX15|TGFBR1|TGFBR2|CRLF1|PRG4|PHGDH|STRA6|FAT4|COL25A1,-1.9,0
1,-3.1,C0040427,M1,1,0,DisGeNET,35,Tooth Abnormalities,,-3.1,4.5,4.4,30293,54,871,7,0.8,0.3,1717|2263|5080|6926|7040|64094|79633,DHCR7|FGFR2|PAX6|TBX3|TGFB1|SMOC2|FAT4,-1.9,0
1,-3.1,C0265673,M1,1,0,DisGeNET,35,Congenital kyphosis,,-3.1,4.5,4.4,30293,54,871,7,0.8,0.3,1604|2048|2273|3490|5327|7057|7123,CD55|EPHB2|FHL1|IGFBP7|PLAT|THBS1|CLEC3B,-1.9,0
1,-3.1,C0033036,M1,1,0,DisGeNET,35,Atrial Premature Complexes,,-3.1,2.7,3.9,30293,183,871,14,1.6,0.43,70|2066|2149|2308|4233|5054|5243|6387|6925|7042|7852|8549|10763|100133941,ACTC1|ERBB4|F2R|FOXO1|MET|SERPINE1|ABCB1|CXCL12|TCF4|TGFB2|CXCR4|LGR5|NES|CD24,-1.9,0
1,-3.1,C4316903,M1,1,0,DisGeNET,35,Absence Seizures,,-3.1,2.6,3.8,30293,204,871,15,1.7,0.44,348|1191|1268|1392|3736|5066|5243|6513|6529|6546|6925|9758|26047|26227|150094,APOE|CLU|CNR1|CRH|KCNA1|PAM|ABCB1|SLC2A1|SLC6A1|SLC8A1|TCF4|FRMPD4|CNTNAP2|PHGDH|SIK1,-1.9,0
1,-3.1,C0004368,M1,1,0,DisGeNET,35,Autoimmune state,,-3.1,4,4.3,30293,70,871,8,0.92,0.32,710|715|1490|2321|3702|6899|6925|10699,SERPING1|C1R|CCN2|FLT1|ITK|TBX1|TCF4|CORIN,-1.9,0
1,-3.1,C0156344,M1,1,0,DisGeNET,35,Endometriosis of ovary,,-3.1,4,4.3,30293,70,871,8,0.92,0.32,1612|4313|4908|6657|7291|7412|10468|59277,DAPK1|MMP2|NTF3|SOX2|TWIST1|VCAM1|FST|NTN4,-1.9,0
1,-3,C0014173,M1,1,0,DisGeNET,35,Endometrial Hyperplasia,,-3,2.9,4,30293,143,871,12,1.4,0.39,133|348|1028|1465|2697|2706|4312|4313|5176|6424|6783|100133941,ADM|APOE|CDKN1C|CSRP1|GJA1|GJB2|MMP1|MMP2|SERPINF1|SFRP4|SULT1E1|CD24,-1.9,0
1,-3,C0278608,M1,1,0,DisGeNET,35,Adult Liposarcoma,,-3,2.9,4,30293,143,871,12,1.4,0.39,2034|2668|3488|4313|4921|5156|5243|5806|6657|7076|7431|7545,EPAS1|GDNF|IGFBP5|MMP2|DDR2|PDGFRA|ABCB1|PTX3|SOX2|TIMP1|VIM|ZIC1,-1.9,0
1,-3,C0279984,M1,1,0,DisGeNET,35,Childhood Liposarcoma,,-3,2.9,4,30293,143,871,12,1.4,0.39,2034|2668|3488|4313|4921|5156|5243|5806|6657|7076|7431|7545,EPAS1|GDNF|IGFBP5|MMP2|DDR2|PDGFRA|ABCB1|PTX3|SOX2|TIMP1|VIM|ZIC1,-1.9,0
1,-3,C0023479,M1,1,0,DisGeNET,35,Acute myelomonocytic leukemia,,-3,3.3,4.1,30293,105,871,10,1.1,0.36,861|2624|3315|4629|4851|7852|10216|10962|63976|140885,RUNX1|GATA2|HSPB1|MYH11|NOTCH1|CXCR4|PRG4|MLLT11|PRDM16|SIRPA,-1.9,0
1,-3,C0013384,M1,1,0,DisGeNET,35,Dyskinetic syndrome,,-3,2.2,3.7,30293,316,871,20,2.3,0.51,348|1268|1356|1759|2048|2512|2668|2670|3736|4036|4129|5155|5179|5764|6513|7048|8492|23263|92737|150094,APOE|CNR1|CP|DNM1|EPHB2|FTL|GDNF|GFAP|KCNA1|LRP2|MAOB|PDGFB|PENK|PTN|SLC2A1|TGFBR2|PRSS12|MCF2L|DNER|SIK1,-1.9,0
1,-3,C0018671,M1,1,0,DisGeNET,35,Head and Neck Neoplasms,,-3,3.1,4,30293,124,871,11,1.3,0.38,1545|2034|2263|2706|3486|4233|4288|5742|6241|7431|9229,CYP1B1|EPAS1|FGFR2|GJB2|IGFBP3|MET|MKI67|PTGS1|RRM2|VIM|DLGAP1,-1.9,0
1,-3,C0043094,M1,1,0,DisGeNET,35,Weight Gain,,-3,3.1,4,30293,124,871,11,1.3,0.38,1268|1509|3075|3488|4232|4313|4883|6319|7431|9518|284207,CNR1|CTSD|CFH|IGFBP5|MEST|MMP2|NPR3|SCD|VIM|GDF15|METRNL,-1.9,0
1,-3,C1321756,M1,1,0,DisGeNET,35,Achalasia,,-3,5.2,4.6,30293,40,871,6,0.69,0.28,4313|5054|5055|6285|9244|57611,MMP2|SERPINE1|SERPINB2|S100B|CRLF1|ISLR2,-1.9,0
1,-3,C3164374,M1,1,0,DisGeNET,35,Abnormality of pulmonary valve,,-3,5.2,4.6,30293,40,871,6,0.69,0.28,4851|6299|6899|8600|22808|57514,NOTCH1|SALL1|TBX1|TNFSF11|MRAS|ARHGAP31,-1.9,0
1,-3,C3899655,M1,1,0,DisGeNET,35,Childhood Langerhans Cell Histiocytosis,,-3,5.2,4.6,30293,40,871,6,0.69,0.28,2048|3976|4851|5156|6285|6696,EPHB2|LIF|NOTCH1|PDGFRA|S100B|SPP1,-1.9,0
1,-3,C3900100,M1,1,0,DisGeNET,35,Adult Langerhans Cell Histiocytosis,,-3,5.2,4.6,30293,40,871,6,0.69,0.28,2048|3976|4851|5156|6285|6696,EPHB2|LIF|NOTCH1|PDGFRA|S100B|SPP1,-1.9,0
1,-3,C4021785,M1,1,0,DisGeNET,35,Abnormality of the metacarpal bones,,-3,5.2,4.6,30293,40,871,6,0.69,0.28,1717|2317|4851|6926|57514|64093,DHCR7|FLNB|NOTCH1|TBX3|ARHGAP31|SMOC1,-1.9,0
1,-3,C4021797,M1,1,0,DisGeNET,35,Abnormality of the thorax,,-3,5.2,4.6,30293,40,871,6,0.69,0.28,58|2697|4313|4854|6424|6899,ACTA1|GJA1|MMP2|NOTCH3|SFRP4|TBX1,-1.9,0
1,-3,C0036330,M1,1,0,DisGeNET,35,Schistosomiasis mansoni,,-3,6.4,4.9,30293,27,871,5,0.57,0.26,348|1268|2201|6696|7040,APOE|CNR1|FBN2|SPP1|TGFB1,-1.9,0
1,-3,C0178879,M1,1,0,DisGeNET,35,Urinary tract obstruction,,-3,6.4,4.9,30293,27,871,5,0.57,0.26,1839|6928|9510|57616|100133941,HBEGF|HNF1B|ADAMTS1|TSHZ3|CD24,-1.9,0
1,-3,C0700225,M1,1,0,DisGeNET,35,Serum creatinine raised,,-3,6.4,4.9,30293,27,871,5,0.57,0.26,2321|3075|6928|10699|10878,FLT1|CFH|HNF1B|CORIN|CFHR3,-1.9,0
1,-3,C1842675,M1,1,0,DisGeNET,35,AMYOTROPHIC LATERAL SCLEROSIS 6 (disorder),,-3,6.4,4.9,30293,27,871,5,0.57,0.26,288|1501|2066|4978|5648,ANK3|CTNND2|ERBB4|OPCML|MASP1,-1.9,0
1,-3,C0032897,M1,1,0,DisGeNET,35,Prader-Willi Syndrome,,-3,2.6,3.9,30293,184,871,14,1.6,0.43,214|1268|2149|2567|4948|5122|6492|7291|7681|7857|8600|22943|26585|57194,ALCAM|CNR1|F2R|GABRG3|OCA2|PCSK1|SIM1|TWIST1|MKRN3|SCG2|TNFSF11|DKK1|GREM1|ATP10A,-1.9,0
1,-3,C0677936,M1,1,0,DisGeNET,35,Refractory cancer,,-3,2.6,3.9,30293,184,871,14,1.6,0.43,1191|2048|3589|4233|4854|5156|5243|7052|7852|8877|22822|29128|92737|100133941,CLU|EPHB2|IL11|MET|NOTCH3|PDGFRA|ABCB1|TGM2|CXCR4|SPHK1|PHLDA1|UHRF1|DNER|CD24,-1.9,0
1,-3,C1336076,M1,1,0,DisGeNET,35,Sporadic Breast Carcinoma,,-3,2.6,3.9,30293,184,871,14,1.6,0.43,894|970|1612|2202|2263|3400|5243|6387|7040|7046|7048|7852|29128|55655,CCND2|CD70|DAPK1|EFEMP1|FGFR2|ID4|ABCB1|CXCL12|TGFB1|TGFBR1|TGFBR2|CXCR4|UHRF1|NLRP2,-1.9,0
1,-3,C0008039,M1,1,0,DisGeNET,35,Cheyne-Stokes Respiration,,-3,8.7,5.3,30293,16,871,4,0.46,0.23,214|2149|27129|51435,ALCAM|F2R|HSPB7|SCARA3,-1.9,0
1,-3,C0027686,M1,1,0,DisGeNET,35,Pathologic Neovascularization,,-3,8.7,5.3,30293,16,871,4,0.46,0.23,284|1191|1490|8829,ANGPT1|CLU|CCN2|NRP1,-1.9,0
1,-3,C0041972,M1,1,0,DisGeNET,35,Urethral Obstruction,,-3,8.7,5.3,30293,16,871,4,0.46,0.23,1490|2697|2706|7040,CCN2|GJA1|GJB2|TGFB1,-1.9,0
1,-3,C0235522,M1,1,0,DisGeNET,35,Disorder of vein,,-3,8.7,5.3,30293,16,871,4,0.46,0.23,2202|2697|7040|7412,EFEMP1|GJA1|TGFB1|VCAM1,-1.9,0
1,-3,C0410606,M1,1,0,DisGeNET,35,Cervical Disc Degenerative Disorder,,-3,8.7,5.3,30293,16,871,4,0.46,0.23,1300|4312|4322|7076,COL10A1|MMP1|MMP13|TIMP1,-1.9,0
1,-3,C0574769,M1,1,0,DisGeNET,35,Loss of scalp hair,,-3,8.7,5.3,30293,16,871,4,0.46,0.23,1281|1294|1893|2022,COL3A1|COL7A1|ECM1|ENG,-1.9,0
1,-3,C0854107,M1,1,0,DisGeNET,35,Subcutaneous hemorrhage,,-3,8.7,5.3,30293,16,871,4,0.46,0.23,875|2048|4854|5155,CBS|EPHB2|NOTCH3|PDGFB,-1.9,0
1,-3,C1850938,M1,1,0,DisGeNET,35,"FUNDUS DYSTROPHY, PSEUDOINFLAMMATORY, OF SORSBY",,-3,8.7,5.3,30293,16,871,4,0.46,0.23,2202|4313|7076|7078,EFEMP1|MMP2|TIMP1|TIMP3,-1.9,0
1,-3,C1856087,M1,1,0,DisGeNET,35,Biconcave vertebral bodies,,-3,8.7,5.3,30293,16,871,4,0.46,0.23,875|4854|5176|55603,CBS|NOTCH3|SERPINF1|TENT5A,-1.9,0
1,-3,C4025329,M1,1,0,DisGeNET,35,Abnormality of the anus,,-3,8.7,5.3,30293,16,871,4,0.46,0.23,1294|4312|63976|80144,COL7A1|MMP1|PRDM16|FRAS1,-1.9,0
1,-3,C4551482,M1,1,0,DisGeNET,35,Adams-Oliver syndrome 1,,-3,8.7,5.3,30293,16,871,4,0.46,0.23,4851|7046|7048|57514,NOTCH1|TGFBR1|TGFBR2|ARHGAP31,-1.9,0
1,-3,C4551903,M1,1,0,DisGeNET,35,Total anomalous pulmonary venous return,,-3,8.7,5.3,30293,16,871,4,0.46,0.23,5156|6444|10699|27063,PDGFRA|SGCD|CORIN|ANKRD1,-1.9,0
1,-3,C0038379,M1,1,0,DisGeNET,35,Strabismus,,-3,1.7,3.5,30293,716,871,36,4.1,0.67,182|1545|1717|2263|2296|2619|2697|3736|4851|4948|5077|5080|5362|6299|6492|6513|6657|6899|6913|6925|7021|7291|7436|7545|8492|9244|9758|22808|26047|57514|63976|84504|84570|117581|150094|253738,JAG1|CYP1B1|DHCR7|FGFR2|FOXC1|GAS1|GJA1|KCNA1|NOTCH1|OCA2|PAX3|PAX6|PLXNA2|SALL1|SIM1|SLC2A1|SOX2|TBX1|TBX15|TCF4|TFAP2B|TWIST1|VLDLR|ZIC1|PRSS12|CRLF1|FRMPD4|MRAS|CNTNAP2|ARHGAP31|PRDM16|NKX6-2|COL25A1|TWIST2|SIK1|EBF3,-1.9,0
1,-3,C0872084,M1,1,0,DisGeNET,35,Sarcopenia,,-3,2.8,3.9,30293,164,871,13,1.5,0.41,701|861|1191|1978|2308|5327|6285|7040|7291|8492|10580|22943|114907,BUB1B|RUNX1|CLU|EIF4EBP1|FOXO1|PLAT|S100B|TGFB1|TWIST1|PRSS12|SORBS1|DKK1|FBXO32,-1.9,0
1,-3,C0037772,M1,1,0,DisGeNET,35,Spastic Paraplegia,,-3,2.9,3.9,30293,144,871,12,1.4,0.39,547|805|953|1612|2670|2895|3912|5077|5354|6513|8630|23209,KIF1A|CALM2|ENTPD1|DAPK1|GFAP|GRID2|LAMB1|PAX3|PLP1|SLC2A1|HSD17B6|MLC1,-1.9,0
1,-3,C0086237,M1,1,0,DisGeNET,35,"Epilepsy, Cryptogenic",,-3,3.6,4.1,30293,88,871,9,1,0.34,150|1759|2670|2697|5243|6507|6529|7040|26047,ADRA2A|DNM1|GFAP|GJA1|ABCB1|SLC1A3|SLC6A1|TGFB1|CNTNAP2,-1.9,0
1,-3,C0011875,M1,1,0,DisGeNET,35,Diabetic Angiopathies,,-3,3.3,4,30293,106,871,10,1.1,0.36,133|348|445|1906|3490|5054|5176|7057|50507|57761,ADM|APOE|ASS1|EDN1|IGFBP7|SERPINE1|SERPINF1|THBS1|NOX4|TRIB3,-1.9,0
1,-3,C0023646,M1,1,0,DisGeNET,35,Lichen Planus,,-3,3.3,4,30293,106,871,10,1.1,0.36,133|1392|3487|4313|7040|7052|7291|7412|7431|79971,ADM|CRH|IGFBP4|MMP2|TGFB1|TGM2|TWIST1|VCAM1|VIM|WLS,-1.9,0
1,-3,C0333519,M1,1,0,DisGeNET,35,Caries (morphologic abnormality),,-3,3.3,4,30293,106,871,10,1.1,0.36,133|652|655|2670|3624|4060|4313|4322|6285|6696,ADM|BMP4|BMP7|GFAP|INHBA|LUM|MMP2|MMP13|S100B|SPP1,-1.9,0
1,-3,C0600041,M1,1,0,DisGeNET,35,Infective cystitis,,-3,3.3,4,30293,106,871,10,1.1,0.36,3084|5054|5055|5806|6241|6387|6513|6546|6581|10468,NRG1|SERPINE1|SERPINB2|PTX3|RRM2|CXCL12|SLC2A1|SLC8A1|SLC22A3|FST,-1.9,0
1,-3,C0162351,M1,1,0,DisGeNET,35,Contact hypersensitivity,,-3,3.9,4.2,30293,71,871,8,0.92,0.32,1490|1545|2495|3084|3315|3485|9547|23657,CCN2|CYP1B1|FTH1|NRG1|HSPB1|IGFBP2|CXCL14|SLC7A11,-1.9,0
1,-3,C0266463,M1,1,0,DisGeNET,35,Lissencephaly,,-3,3.9,4.2,30293,71,871,8,0.92,0.32,805|3090|3912|7436|7545|26227|29968|55638,CALM2|HIC1|LAMB1|VLDLR|ZIC1|PHGDH|PSAT1|SYBU,-1.9,0
1,-3,C1402294,M1,1,0,DisGeNET,35,Primary Lesion,,-3,3.9,4.2,30293,71,871,8,0.92,0.32,5054|5243|6277|6285|7431|7852|29968|79971,SERPINE1|ABCB1|S100A6|S100B|VIM|CXCR4|PSAT1|WLS,-1.9,0
1,-3,C0262584,M1,1,0,DisGeNET,35,"Carcinoma, Small Cell",,-3,2.6,3.8,30293,185,871,14,1.6,0.43,1839|3485|4133|4233|4610|5077|5156|6581|6657|7040|7048|7052|7431|92737,HBEGF|IGFBP2|MAP2|MET|MYCL|PAX3|PDGFRA|SLC22A3|SOX2|TGFB1|TGFBR2|TGM2|VIM|DNER,-1.9,0
1,-3,C0027960,M1,1,0,DisGeNET,35,Nevus,,-3,3.1,4,30293,125,871,11,1.3,0.38,214|1030|1759|1906|1993|2706|3315|4036|4948|5077|5083,ALCAM|CDKN2B|DNM1|EDN1|ELAVL2|GJB2|HSPB1|LRP2|OCA2|PAX3|PAX9,-1.9,0
1,-3,C0029422,M1,1,0,DisGeNET,35,Osteochondrodysplasias,,-3,2.5,3.8,30293,207,871,15,1.7,0.44,90|1281|1300|1311|2317|2321|2697|3977|7042|7046|9719|10371|10468|54756|79633,ACVR1|COL3A1|COL10A1|COMP|FLNB|FLT1|GJA1|LIFR|TGFB2|TGFBR1|ADAMTSL2|SEMA3A|FST|IL17RD|FAT4,-1.9,0
1,-3,C0033774,M1,1,0,DisGeNET,35,Pruritus,,-3,3.3,4,30293,107,871,10,1.1,0.36,570|1294|2817|3122|4312|5156|6925|9180|9966|348938,BAAT|COL7A1|GPC1|HLA-DRA|MMP1|PDGFRA|TCF4|OSMR|TNFSF15|NIPAL4,-1.9,0
1,-3,C1333001,M1,1,0,DisGeNET,35,Childhood Renal Cell Carcinoma,,-3,3.3,4,30293,107,871,10,1.1,0.36,894|1191|1545|2321|3486|4313|6422|6520|7040|80274,CCND2|CLU|CYP1B1|FLT1|IGFBP3|MMP2|SFRP1|SLC3A2|TGFB1|SCUBE1,-1.9,0
1,-3,C0022679,M1,1,0,DisGeNET,35,Cystic kidney,,-3,3.5,4.1,30293,89,871,9,1,0.34,861|1906|1910|2066|6928|7145|79633|84662|192668,RUNX1|EDN1|EDNRB|ERBB4|HNF1B|TNS1|FAT4|GLIS2|CYS1,-1.9,0
1,-3,C0004606,M1,1,0,DisGeNET,35,Nonproliferative diabetic retinopathy,,-3,5.1,4.5,30293,41,871,6,0.69,0.28,1906|2668|5362|7040|7042|51129,EDN1|GDNF|PLXNA2|TGFB1|TGFB2|ANGPTL4,-1.9,0
1,-3,C0007196,M1,1,0,DisGeNET,35,Restrictive cardiomyopathy,,-3,5.1,4.5,30293,41,871,6,0.69,0.28,182|1490|1674|5156|7134|84910,JAG1|CCN2|DES|PDGFRA|TNNC1|TMEM87B,-1.9,0
1,-3,C0278493,M1,1,0,DisGeNET,35,Breast cancer recurrent,,-3,5.1,4.5,30293,41,871,6,0.69,0.28,1906|6696|7852|8848|10370|29968,EDN1|SPP1|CXCR4|TSC22D1|CITED2|PSAT1,-1.9,0
1,-3,C0282126,M1,1,0,DisGeNET,35,"Depression, Neurotic",,-3,5.1,4.5,30293,41,871,6,0.69,0.28,1392|2495|2512|4886|6281|23705,CRH|FTH1|FTL|NPY1R|S100A10|CADM1,-1.9,0
1,-3,C0391826,M1,1,0,DisGeNET,35,Lhermitte-Duclos disease,,-3,5.1,4.5,30293,41,871,6,0.69,0.28,2263|4313|4322|7076|8483|54829,FGFR2|MMP2|MMP13|TIMP1|CILP|ASPN,-1.9,0
1,-3,C0496899,M1,1,0,DisGeNET,35,"Benign neoplasm of brain, unspecified",,-3,5.1,4.5,30293,41,871,6,0.69,0.28,1612|6285|6657|6696|7048|7052,DAPK1|S100B|SOX2|SPP1|TGFBR2|TGM2,-1.9,0
1,-3,C1837522,M1,1,0,DisGeNET,35,Impaired pain sensation,,-3,5.1,4.5,30293,41,871,6,0.69,0.28,19|3315|3977|4854|7681|253738,ABCA1|HSPB1|LIFR|NOTCH3|MKRN3|EBF3,-1.9,0
1,-3,C0011351,M1,1,0,DisGeNET,35,Dental Enamel Hypoplasia,,-3,3.9,4.2,30293,72,871,8,0.92,0.32,652|1294|2263|2317|2697|4312|5251|152816,BMP4|COL7A1|FGFR2|FLNB|GJA1|MMP1|PHEX|ODAPH,-1.8,0
1,-3,C0023474,M1,1,0,DisGeNET,35,"Leukemia, Myeloid, Chronic-Phase",,-3,3.9,4.2,30293,72,871,8,0.92,0.32,652|2149|2201|3090|5243|6387|7040|7075,BMP4|F2R|FBN2|HIC1|ABCB1|CXCL12|TGFB1|TIE1,-1.8,0
1,-3,C0339789,M1,1,0,DisGeNET,35,Congenital deafness,,-3,3.9,4.2,30293,72,871,8,0.92,0.32,1910|2138|2619|2624|2706|5077|6546|64072,EDNRB|EYA1|GAS1|GATA2|GJB2|PAX3|SLC8A1|CDH23,-1.8,0
1,-3,C0521707,M1,1,0,DisGeNET,35,Bilateral cataracts (disorder),,-3,2.7,3.8,30293,166,871,13,1.5,0.41,348|1282|1284|1490|2706|4627|5054|5080|7040|7042|7052|7431|10628,APOE|COL4A1|COL4A2|CCN2|GJB2|MYH9|SERPINE1|PAX6|TGFB1|TGFB2|TGM2|VIM|TXNIP,-1.8,0
1,-3,C1719495,M1,1,0,DisGeNET,35,"Aggressive periodontitis, generalized",,-3,4.3,4.3,30293,56,871,7,0.8,0.3,348|4312|4313|5054|5327|7076|55655,APOE|MMP1|MMP2|SERPINE1|PLAT|TIMP1|NLRP2,-1.8,0
1,-3,C2827407,M1,1,0,DisGeNET,35,Infectious Otitis Media,,-3,2.9,3.9,30293,146,871,12,1.4,0.39,182|1268|4313|4854|5054|5083|6285|7040|7057|7852|23462|79623,JAG1|CNR1|MMP2|NOTCH3|SERPINE1|PAX9|S100B|TGFB1|THBS1|CXCR4|HEY1|GALNT14,-1.8,0
1,-3,C0027086,M1,1,0,DisGeNET,35,Myoma,,-3,6.2,4.7,30293,28,871,5,0.57,0.26,2022|2252|3976|5054|5328,ENG|FGF7|LIF|SERPINE1|PLAU,-1.8,0
1,-3,C0032320,M1,1,0,DisGeNET,35,Pneumoperitoneum,,-3,6.2,4.7,30293,28,871,5,0.57,0.26,1906|4313|5054|5327|5328,EDN1|MMP2|SERPINE1|PLAT|PLAU,-1.8,0
1,-3,C1860819,M1,1,0,DisGeNET,35,Metopic synostosis,,-3,6.2,4.7,30293,28,871,5,0.57,0.26,2263|4091|7291|7545|158326,FGFR2|SMAD6|TWIST1|ZIC1|FREM1,-1.8,0
1,-2.9,C0242994,M1,1,0,DisGeNET,35,Hantavirus Infections,,-2.9,3.2,4,30293,108,871,10,1.1,0.36,284|570|861|1906|3589|4313|5054|5742|7040|7852,ANGPT1|BAAT|RUNX1|EDN1|IL11|MMP2|SERPINE1|PTGS1|TGFB1|CXCR4,-1.8,0
1,-2.9,C0270844,M1,1,0,DisGeNET,35,Tonic Seizures,,-2.9,3.2,4,30293,108,871,10,1.1,0.36,348|1191|1268|1392|5066|5243|6513|6529|6546|6925,APOE|CLU|CNR1|CRH|PAM|ABCB1|SLC2A1|SLC6A1|SLC8A1|TCF4,-1.8,0
1,-2.9,C0019214,M1,1,0,DisGeNET,35,Hepatosplenomegaly,,-2.9,3,3.9,30293,127,871,11,1.3,0.38,19|861|2263|4313|6285|6513|6925|7040|7076|8600|55240,ABCA1|RUNX1|FGFR2|MMP2|S100B|SLC2A1|TCF4|TGFB1|TIMP1|TNFSF11|STEAP3,-1.8,0
1,-2.9,C4025846,M1,1,0,DisGeNET,35,Abnormality of vision,,-2.9,3,3.9,30293,127,871,11,1.3,0.38,701|1759|1910|2263|2321|3977|5077|5080|6299|7436|10699,BUB1B|DNM1|EDNRB|FGFR2|FLT1|LIFR|PAX3|PAX6|SALL1|VLDLR|CORIN,-1.8,0
1,-2.9,C0151546,M1,1,0,DisGeNET,35,Oral Cavity Carcinoma,,-2.9,2.7,3.8,30293,167,871,13,1.5,0.41,652|1910|3371|4313|4837|4851|6423|7040|7048|7852|9518|9547|22943,BMP4|EDNRB|TNC|MMP2|NNMT|NOTCH1|SFRP2|TGFB1|TGFBR2|CXCR4|GDF15|CXCL14|DKK1,-1.8,0
1,-2.9,C0520947,M1,1,0,DisGeNET,35,Clumsiness - motor delay,,-2.9,2,3.6,30293,393,871,23,2.6,0.54,58|1293|1959|2201|3708|3736|4322|4747|4854|5354|6507|6899|6925|7138|7681|8140|8425|8492|23209|27286|51816|55603|84504,ACTA1|COL6A3|EGR2|FBN2|ITPR1|KCNA1|MMP13|NEFL|NOTCH3|PLP1|SLC1A3|TBX1|TCF4|TNNT1|MKRN3|SLC7A5|LTBP4|PRSS12|MLC1|SRPX2|ADA2|TENT5A|NKX6-2,-1.8,0
1,-2.9,C0031030,M1,1,0,DisGeNET,35,Periapical Periodontitis,,-2.9,3.5,4.1,30293,90,871,9,1,0.34,3315|4313|6696|7040|7076|7481|8600|8829|10371,HSPB1|MMP2|SPP1|TGFB1|TIMP1|WNT11|TNFSF11|NRP1|SEMA3A,-1.8,0
1,-2.9,C0424621,M1,1,0,DisGeNET,35,Body Fat Distribution,,-2.9,3.5,4.1,30293,90,871,9,1,0.34,2202|3400|5125|7042|8532|10602|57211|140766|170691,EFEMP1|ID4|PCSK5|TGFB2|CPZ|CDC42EP3|ADGRG6|ADAMTS14|ADAMTS17,-1.8,0
1,-2.9,C0086565,M1,1,0,DisGeNET,35,Liver Dysfunction,,-2.9,3.8,4.1,30293,73,871,8,0.92,0.32,59|1281|3589|5054|6783|7078|8829|83716,ACTA2|COL3A1|IL11|SERPINE1|SULT1E1|TIMP3|NRP1|CRISPLD2,-1.8,0
1,-2.9,C0239849,M1,1,0,DisGeNET,35,Harlequin Fetus,,-2.9,3.8,4.1,30293,73,871,8,0.92,0.32,182|1509|2034|2263|2670|5243|7431|10628,JAG1|CTSD|EPAS1|FGFR2|GFAP|ABCB1|VIM|TXNIP,-1.8,0
1,-2.9,C0004610,M1,1,0,DisGeNET,35,Bacteremia,,-2.9,2.4,3.7,30293,232,871,16,1.8,0.46,710|3075|3122|4133|5054|5327|6319|6696|7040|7057|7076|7431|10580|23677|51257|57124,SERPING1|CFH|HLA-DRA|MAP2|SERPINE1|PLAT|SCD|SPP1|TGFB1|THBS1|TIMP1|VIM|SORBS1|SH3BP4|MARCHF2|CD248,-1.8,0
1,-2.9,C0018862,M1,1,0,DisGeNET,35,Heberden node,,-2.9,13,5.9,30293,8,871,3,0.34,0.2,652|6424|7130,BMP4|SFRP4|TNFAIP6,-1.8,0
1,-2.9,C0032587,M1,1,0,DisGeNET,35,Polyradiculoneuropathy,,-2.9,13,5.9,30293,8,871,3,0.34,0.2,2624|27087|56896,GATA2|B3GAT1|DPYSL5,-1.8,0
1,-2.9,C0154742,M1,1,0,DisGeNET,35,Other lesions of median nerve,,-2.9,13,5.9,30293,8,871,3,0.34,0.2,2066|3084|4502,ERBB4|NRG1|MT2A,-1.8,0
1,-2.9,C0220658,M1,1,0,DisGeNET,35,Pfeiffer Syndrome,,-2.9,13,5.9,30293,8,871,3,0.34,0.2,2258|2263|7291,FGF13|FGFR2|TWIST1,-1.8,0
1,-2.9,C0237967,M1,1,0,DisGeNET,35,pediatric AIDS,,-2.9,13,5.9,30293,8,871,3,0.34,0.2,5243|6285|6387,ABCB1|S100B|CXCL12,-1.8,0
1,-2.9,C0238577,M1,1,0,DisGeNET,35,Abdominal wall defect,,-2.9,13,5.9,30293,8,871,3,0.34,0.2,133|165|1028,ADM|AEBP1|CDKN1C,-1.8,0
1,-2.9,C0270192,M1,1,0,DisGeNET,35,Perinatal Subarachnoid Hemorrhage,,-2.9,13,5.9,30293,8,871,3,0.34,0.2,1906|1910|219699,EDN1|EDNRB|UNC5B,-1.8,0
1,-2.9,C0334474,M1,1,0,DisGeNET,35,Spindle cell lipoma,,-2.9,13,5.9,30293,8,871,3,0.34,0.2,2308|6285|7431,FOXO1|S100B|VIM,-1.8,0
1,-2.9,C0393561,M1,1,0,DisGeNET,35,Subcortical Vascular Dementia,,-2.9,13,5.9,30293,8,871,3,0.34,0.2,348|4747|4854,APOE|NEFL|NOTCH3,-1.8,0
1,-2.9,C0403622,M1,1,0,DisGeNET,35,Primary vesicoureteric reflux,,-2.9,13,5.9,30293,8,871,3,0.34,0.2,3371|7040|130497,TNC|TGFB1|OSR1,-1.8,0
1,-2.9,C0472383,M1,1,0,DisGeNET,35,"Subarachnoid Hemorrhage, Spontaneous",,-2.9,13,5.9,30293,8,871,3,0.34,0.2,1906|1910|219699,EDN1|EDNRB|UNC5B,-1.8,0
1,-2.9,C0472387,M1,1,0,DisGeNET,35,Vasogenic Cerebral Edema,,-2.9,13,5.9,30293,8,871,3,0.34,0.2,4638|5328|6285,MYLK|PLAU|S100B,-1.8,0
1,-2.9,C0472388,M1,1,0,DisGeNET,35,Cytotoxic Cerebral Edema,,-2.9,13,5.9,30293,8,871,3,0.34,0.2,4638|5328|6285,MYLK|PLAU|S100B,-1.8,0
1,-2.9,C0586323,M1,1,0,DisGeNET,35,Alcohol Withdrawal Seizures,,-2.9,13,5.9,30293,8,871,3,0.34,0.2,348|1268|2030,APOE|CNR1|SLC29A1,-1.8,0
1,-2.9,C0750969,M1,1,0,DisGeNET,35,Vasogenic Brain Edema,,-2.9,13,5.9,30293,8,871,3,0.34,0.2,4638|5328|6285,MYLK|PLAU|S100B,-1.8,0
1,-2.9,C0750970,M1,1,0,DisGeNET,35,Cytotoxic Brain Edema,,-2.9,13,5.9,30293,8,871,3,0.34,0.2,4638|5328|6285,MYLK|PLAU|S100B,-1.8,0
1,-2.9,C0751530,M1,1,0,DisGeNET,35,"Subarachnoid Hemorrhage, Aneurysmal",,-2.9,13,5.9,30293,8,871,3,0.34,0.2,1906|1910|219699,EDN1|EDNRB|UNC5B,-1.8,0
1,-2.9,C0795688,M1,1,0,DisGeNET,35,"Subarachnoid Hemorrhage, Intracranial",,-2.9,13,5.9,30293,8,871,3,0.34,0.2,1906|1910|219699,EDN1|EDNRB|UNC5B,-1.8,0
1,-2.9,C0917715,M1,1,0,DisGeNET,35,Hajdu-Cheney Syndrome,,-2.9,13,5.9,30293,8,871,3,0.34,0.2,182|4313|4854,JAG1|MMP2|NOTCH3,-1.8,0
1,-2.9,C1301721,M1,1,0,DisGeNET,35,Neurological morbidity,,-2.9,13,5.9,30293,8,871,3,0.34,0.2,4948|6285|6513,OCA2|S100B|SLC2A1,-1.8,0
1,-2.9,C1707516,M1,1,0,DisGeNET,35,Corneal Sensitivity,,-2.9,13,5.9,30293,8,871,3,0.34,0.2,2668|5080|5176,GDNF|PAX6|SERPINF1,-1.8,0
1,-2.9,C1832845,M1,1,0,DisGeNET,35,"USHER SYNDROME, TYPE ID",,-2.9,13,5.9,30293,8,871,3,0.34,0.2,288|4320|64072,ANK3|MMP11|CDH23,-1.8,0
1,-2.9,C1836736,M1,1,0,DisGeNET,35,White eyelashes,,-2.9,13,5.9,30293,8,871,3,0.34,0.2,1910|5077|6591,EDNRB|PAX3|SNAI2,-1.8,0
1,-2.9,C1866994,M1,1,0,DisGeNET,35,Ulnar-mammary syndrome,,-2.9,13,5.9,30293,8,871,3,0.34,0.2,6899|6926|23336,TBX1|TBX3|SYNM,-1.8,0
1,-2.9,C3273033,M1,1,0,DisGeNET,35,Well Differentiated Hepatocellular Carcinoma,,-2.9,13,5.9,30293,8,871,3,0.34,0.2,6696|57007|115701,SPP1|ACKR3|ALPK2,-1.8,0
1,-2.9,C4020778,M1,1,0,DisGeNET,35,maternal hyperglycemia,,-2.9,13,5.9,30293,8,871,3,0.34,0.2,570|4851|6513,BAAT|NOTCH1|SLC2A1,-1.8,0
1,-2.9,C4021222,M1,1,0,DisGeNET,35,Impaired temperature sensation,,-2.9,13,5.9,30293,8,871,3,0.34,0.2,19|3315|6578,ABCA1|HSPB1|SLCO2A1,-1.8,0
1,-2.9,C4022908,M1,1,0,DisGeNET,35,Cerebral white matter hypoplasia,,-2.9,13,5.9,30293,8,871,3,0.34,0.2,6513|26047|29968,SLC2A1|CNTNAP2|PSAT1,-1.8,0
1,-2.9,C4049615,M1,1,0,DisGeNET,35,Megaureter,,-2.9,13,5.9,30293,8,871,3,0.34,0.2,2043|2045|2624,EPHA4|EPHA7|GATA2,-1.8,0
1,-2.9,C0497156,M1,1,0,DisGeNET,35,Lymphadenopathy,,-2.9,2.3,3.6,30293,277,871,18,2.1,0.48,19|715|861|970|1839|2296|2624|2719|3491|3702|6696|7048|7852|8600|8829|27295|79633|84433,ABCA1|C1R|RUNX1|CD70|HBEGF|FOXC1|GATA2|GPC3|CCN1|ITK|SPP1|TGFBR2|CXCR4|TNFSF11|NRP1|PDLIM3|FAT4|CARD11,-1.8,0
1,-2.9,C0080274,M1,1,0,DisGeNET,35,Urinary Retention,,-2.9,8.2,5.1,30293,17,871,4,0.46,0.23,1294|1906|2556|7040,COL7A1|EDN1|GABRA3|TGFB1,-1.8,0
1,-2.9,C0238062,M1,1,0,DisGeNET,35,Chronic intestinal pseudo-obstruction,,-2.9,8.2,5.1,30293,17,871,4,0.46,0.23,861|2670|4629|79827,RUNX1|GFAP|MYH11|CLMP,-1.8,0
1,-2.9,C0267159,M1,1,0,DisGeNET,35,Superficial gastritis,,-2.9,8.2,5.1,30293,17,871,4,0.46,0.23,4312|6696|7076|27253,MMP1|SPP1|TIMP1|PCDH17,-1.8,0
1,-2.9,C0339546,M1,1,0,DisGeNET,35,Retinal Pigment Epithelial Detachment,,-2.9,8.2,5.1,30293,17,871,4,0.46,0.23,3075|4948|5362|6513,CFH|OCA2|PLXNA2|SLC2A1,-1.8,0
1,-2.9,C0423318,M1,1,0,DisGeNET,35,Heterochromia iridis,,-2.9,8.2,5.1,30293,17,871,4,0.46,0.23,1910|2706|5077|6591,EDNRB|GJB2|PAX3|SNAI2,-1.8,0
1,-2.9,C0521720,M1,1,0,DisGeNET,35,Corneal fibrosis,,-2.9,8.2,5.1,30293,17,871,4,0.46,0.23,655|1674|7040|7431,BMP7|DES|TGFB1|VIM,-1.8,0
1,-2.9,C1321865,M1,1,0,DisGeNET,35,Juvenile astrocytoma,,-2.9,8.2,5.1,30293,17,871,4,0.46,0.23,2670|4313|4325|10763,GFAP|MMP2|MMP16|NES,-1.8,0
1,-2.9,C1335975,M1,1,0,DisGeNET,35,Skull Base Chordoma,,-2.9,8.2,5.1,30293,17,871,4,0.46,0.23,3976|6899|389432|440348,LIF|TBX1|SAMD5|NPIPB15,-1.8,0
1,-2.9,C1850259,M1,1,0,DisGeNET,35,Short tibia,,-2.9,8.2,5.1,30293,17,871,4,0.46,0.23,2317|3977|10082|64093,FLNB|LIFR|GPC6|SMOC1,-1.8,0
1,-2.9,C3665335,M1,1,0,DisGeNET,35,"Cutis laxa, autosomal recessive",,-2.9,8.2,5.1,30293,17,871,4,0.46,0.23,4015|7040|7042|8425,LOX|TGFB1|TGFB2|LTBP4,-1.8,0
1,-2.9,C4528408,M1,1,0,DisGeNET,35,Advanced Head and Neck Squamous Cell Carcinoma,,-2.9,8.2,5.1,30293,17,871,4,0.46,0.23,1490|4233|8805|55655,CCN2|MET|TRIM24|NLRP2,-1.8,0
1,-2.9,C1332182,M1,1,0,DisGeNET,35,Adult Anaplastic Large Cell Lymphoma,,-2.9,3,3.9,30293,128,871,11,1.3,0.38,290|805|1030|1191|1306|3554|4627|5156|6281|7076|8829,ANPEP|CALM2|CDKN2B|CLU|COL15A1|IL1R1|MYH9|PDGFRA|S100A10|TIMP1|NRP1,-1.8,0
1,-2.9,C0339467,M1,1,0,DisGeNET,35,Proliferative retinopathy,,-2.9,4.3,4.3,30293,57,871,7,0.8,0.3,2615|2697|5054|5080|6387|7436|51129,LRRC32|GJA1|SERPINE1|PAX6|CXCL12|VLDLR|ANGPTL4,-1.8,0
1,-2.9,C0729233,M1,1,0,DisGeNET,35,Dissecting aneurysm of the thoracic aorta,,-2.9,4.3,4.3,30293,57,871,7,0.8,0.3,348|2202|4313|5327|7043|7078|7547,APOE|EFEMP1|MMP2|PLAT|TGFB3|TIMP3|ZIC3,-1.8,0
1,-2.9,C1852467,M1,1,0,DisGeNET,35,"Creutzfeldt-Jakob Disease, Sporadic",,-2.9,4.3,4.3,30293,57,871,7,0.8,0.3,348|1509|2670|4747|5742|6285|11075,APOE|CTSD|GFAP|NEFL|PTGS1|S100B|STMN2,-1.8,0
1,-2.9,C1860787,M1,1,0,DisGeNET,35,DOWN SYNDROME CRITICAL REGION,,-2.9,4.3,4.3,30293,57,871,7,0.8,0.3,861|1827|1909|6387|6493|6783|57007,RUNX1|RCAN1|EDNRA|CXCL12|SIM2|SULT1E1|ACKR3,-1.8,0
1,-2.9,C0002991,M1,1,0,DisGeNET,35,Cutaneous Fibrous Histiocytoma,,-2.9,5,4.4,30293,42,871,6,0.69,0.28,1490|1674|4320|5155|7040|7048,CCN2|DES|MMP11|PDGFB|TGFB1|TGFBR2,-1.8,0
1,-2.9,C0024441,M1,1,0,DisGeNET,35,Macular Holes,,-2.9,5,4.4,30293,42,871,6,0.69,0.28,348|2670|3371|5362|7040|7042,APOE|GFAP|TNC|PLXNA2|TGFB1|TGFB2,-1.8,0
1,-2.9,C0342882,M1,1,0,DisGeNET,35,Familial hypercholesterolemia - heterozygous,,-2.9,5,4.4,30293,42,871,6,0.69,0.28,19|348|2317|5054|5243|22808,ABCA1|APOE|FLNB|SERPINE1|ABCB1|MRAS,-1.8,0
1,-2.9,C1961121,M1,1,0,DisGeNET,35,Congenital vascular anomaly,,-2.9,5,4.4,30293,42,871,6,0.69,0.28,182|2022|2321|6513|6869|57514,JAG1|ENG|FLT1|SLC2A1|TACR1|ARHGAP31,-1.8,0
1,-2.9,C4049702,M1,1,0,DisGeNET,35,"Focal Segmental Glomerulosclerosis, Not Otherwise Specified",,-2.9,5,4.4,30293,42,871,6,0.69,0.28,794|1287|2048|4627|7225|7852,CALB2|COL4A5|EPHB2|MYH9|TRPC6|CXCR4,-1.8,0
1,-2.9,C0240340,M1,1,0,DisGeNET,35,Microdontia (disorder),,-2.9,3.2,3.9,30293,109,871,10,1.1,0.36,715|1281|2138|2296|2697|5083|6899|7021|64094|117581,C1R|COL3A1|EYA1|FOXC1|GJA1|PAX9|TBX1|TFAP2B|SMOC2|TWIST2,-1.8,0
1,-2.9,C1332922,M1,1,0,DisGeNET,35,Cervical Squamous Intraepithelial Neoplasia,,-2.9,3.2,3.9,30293,109,871,10,1.1,0.36,2308|3315|4232|4233|4313|5055|6513|7040|9518|23705,FOXO1|HSPB1|MEST|MET|MMP2|SERPINB2|SLC2A1|TGFB1|GDF15|CADM1,-1.8,0
1,-2.9,C0085271,M1,1,0,DisGeNET,35,Self-Injurious Behavior,,-2.9,3.4,4,30293,91,871,9,1,0.34,1717|2706|3736|6493|6925|26047|63976|79633|150094,DHCR7|GJB2|KCNA1|SIM2|TCF4|CNTNAP2|PRDM16|FAT4|SIK1,-1.8,0
1,-2.9,C0280449,M1,1,0,DisGeNET,35,secondary acute myeloid leukemia,,-2.9,3.4,4,30293,91,871,9,1,0.34,861|1028|1030|2321|4313|4629|5243|10371|92737,RUNX1|CDKN1C|CDKN2B|FLT1|MMP2|MYH11|ABCB1|SEMA3A|DNER,-1.8,0
1,-2.9,C1847835,M1,1,0,DisGeNET,35,VITILIGO-ASSOCIATED MULTIPLE AUTOIMMUNE DISEASE SUSCEPTIBILITY 1 (finding),,-2.9,2.2,3.6,30293,301,871,19,2.2,0.49,1356|1392|1906|2263|2317|3084|3371|4129|6285|6387|7040|7048|9518|22943|23541|25797|55638|64094|81567,CP|CRH|EDN1|FGFR2|FLNB|NRG1|TNC|MAOB|S100B|CXCL12|TGFB1|TGFBR2|GDF15|DKK1|SEC14L2|QPCT|SYBU|SMOC2|TXNDC5,-1.8,0
1,-2.9,C0410480,M1,1,0,DisGeNET,35,Avascular Necrosis of Femur Head,,-2.9,3.8,4.1,30293,74,871,8,0.92,0.32,654|2258|3486|5054|5243|5327|7052|22943,BMP6|FGF13|IGFBP3|SERPINE1|ABCB1|PLAT|TGM2|DKK1,-1.8,0
1,-2.9,C0427515,M1,1,0,DisGeNET,35,Neutrophil abnormality,,-2.9,3.8,4.1,30293,74,871,8,0.92,0.32,70|1674|3910|6444|7112|7134|27063|63976,ACTC1|DES|LAMA4|SGCD|TMPO|TNNC1|ANKRD1|PRDM16,-1.8,0
1,-2.9,C3160814,M1,1,0,DisGeNET,35,Cannabis use,,-2.9,3.8,4.1,30293,74,871,8,0.92,0.32,150|1268|1311|5243|5792|6536|7040|64123,ADRA2A|CNR1|COMP|ABCB1|PTPRF|SLC6A9|TGFB1|ADGRL4,-1.8,0
1,-2.9,C0079924,M1,1,0,DisGeNET,35,Oligohydramnios,,-2.9,3,3.8,30293,129,871,11,1.3,0.38,701|1717|2627|3975|3977|5155|5156|6928|10630|80000|253738,BUB1B|DHCR7|GATA6|LHX1|LIFR|PDGFB|PDGFRA|HNF1B|PDPN|GREB1L|EBF3,-1.8,0
1,-2.9,C1851841,M1,1,0,DisGeNET,35,"ECTRODACTYLY, ECTODERMAL DYSPLASIA, AND CLEFT LIP/PALATE SYNDROME 1",,-2.9,3,3.8,30293,129,871,11,1.3,0.38,214|861|2296|2308|4320|5328|6277|6696|8840|9464|84502,ALCAM|RUNX1|FOXC1|FOXO1|MMP11|PLAU|S100A6|SPP1|CCN4|HAND2|JPH4,-1.8,0
1,-2.9,C0014457,M1,1,0,DisGeNET,35,Eosinophilia,,-2.9,2.1,3.6,30293,325,871,20,2.3,0.51,290|861|1501|1978|2624|3371|3589|4312|4627|4629|5156|5243|6696|7040|7291|7412|10630|25797|56005|84433,ANPEP|RUNX1|CTNND2|EIF4EBP1|GATA2|TNC|IL11|MMP1|MYH9|MYH11|PDGFRA|ABCB1|SPP1|TGFB1|TWIST1|VCAM1|PDPN|QPCT|MYDGF|CARD11,-1.8,0
1,-2.9,C0010692,M1,1,0,DisGeNET,35,Cystitis,,-2.9,2.8,3.8,30293,149,871,12,1.4,0.39,3084|3589|5054|5055|5806|6241|6387|6513|6546|6581|6869|10468,NRG1|IL11|SERPINE1|SERPINB2|PTX3|RRM2|CXCL12|SLC2A1|SLC8A1|SLC22A3|TACR1|FST,-1.8,0
1,-2.9,C0011206,M1,1,0,DisGeNET,35,Delirium,,-2.9,3.2,3.9,30293,110,871,10,1.1,0.36,348|805|2670|3976|4036|4747|4879|5243|6285|23263,APOE|CALM2|GFAP|LIF|LRP2|NEFL|NPPB|ABCB1|S100B|MCF2L,-1.8,0
1,-2.9,C0011603,M1,1,0,DisGeNET,35,Dermatitis,,-2.9,1.9,3.5,30293,496,871,27,3.1,0.59,19|348|875|1311|1490|1832|1906|2034|2069|2252|3491|3554|4313|4851|5327|5328|6387|7040|7052|7057|7412|8140|9966|27020|54756|56005|79827,ABCA1|APOE|CBS|COMP|CCN2|DSP|EDN1|EPAS1|EREG|FGF7|CCN1|IL1R1|MMP2|NOTCH1|PLAT|PLAU|CXCL12|TGFB1|TGM2|THBS1|VCAM1|SLC7A5|TNFSF15|NPTN|IL17RD|MYDGF|CLMP,-1.8,0
1,-2.9,C0006266,M1,1,0,DisGeNET,35,Bronchospasm,,-2.9,6,4.6,30293,29,871,5,0.57,0.26,1604|2030|3589|5742|56005,CD55|SLC29A1|IL11|PTGS1|MYDGF,-1.8,0
1,-2.9,C0025945,M1,1,0,DisGeNET,35,"Microangiopathy, Diabetic",,-2.9,6,4.6,30293,29,871,5,0.57,0.26,445|1392|1906|5176|7057,ASS1|CRH|EDN1|SERPINF1|THBS1,-1.8,0
1,-2.9,C0028879,M1,1,0,DisGeNET,35,Odontogenic Cysts,,-2.9,6,4.6,30293,29,871,5,0.57,0.26,652|4288|4851|6657|10630,BMP4|MKI67|NOTCH1|SOX2|PDPN,-1.8,0
1,-2.9,C0041330,M1,1,0,DisGeNET,35,"Tuberculosis, Spinal",,-2.9,6,4.6,30293,29,871,5,0.57,0.26,652|4312|4322|6696|7412,BMP4|MMP1|MMP13|SPP1|VCAM1,-1.8,0
1,-2.9,C0264657,M1,1,0,DisGeNET,35,Renal sclerosis with hypertension,,-2.9,6,4.6,30293,29,871,5,0.57,0.26,655|1909|3589|4627|57007,BMP7|EDNRA|IL11|MYH9|ACKR3,-1.8,0
1,-2.9,C0264694,M1,1,0,DisGeNET,35,Chronic myocardial ischemia,,-2.9,6,4.6,30293,29,871,5,0.57,0.26,284|348|1906|4015|6696,ANGPT1|APOE|EDN1|LOX|SPP1,-1.8,0
1,-2.9,C0410203,M1,1,0,DisGeNET,35,X-linked centronuclear myopathy,,-2.9,6,4.6,30293,29,871,5,0.57,0.26,58|1674|2556|4747|7431,ACTA1|DES|GABRA3|NEFL|VIM,-1.8,0
1,-2.9,C0600452,M1,1,0,DisGeNET,35,Hepatopulmonary Syndrome,,-2.9,6,4.6,30293,29,871,5,0.57,0.26,1906|1910|4313|5054|6387,EDN1|EDNRB|MMP2|SERPINE1|CXCL12,-1.8,0
1,-2.9,C0677865,M1,1,0,DisGeNET,35,Brain Stem Glioma,,-2.9,6,4.6,30293,29,871,5,0.57,0.26,90|2670|5077|5243|10763,ACVR1|GFAP|PAX3|ABCB1|NES,-1.8,0
1,-2.9,C0860564,M1,1,0,DisGeNET,35,Retinoic acid syndrome,,-2.9,6,4.6,30293,29,871,5,0.57,0.26,290|1030|4313|7052|7852,ANPEP|CDKN2B|MMP2|TGM2|CXCR4,-1.8,0
1,-2.9,C1619700,M1,1,0,DisGeNET,35,RENAL ADYSPLASIA,,-2.9,6,4.6,30293,29,871,5,0.57,0.26,2668|7040|80000|80144|158326,GDNF|TGFB1|GREB1L|FRAS1|FREM1,-1.8,0
1,-2.9,C0041349,M1,1,0,DisGeNET,35,"Nephritis, Tubulointerstitial",,-2.9,3.4,4,30293,92,871,9,1,0.34,284|1490|1634|1717|1958|6928|7040|7057|7225,ANGPT1|CCN2|DCN|DHCR7|EGR1|HNF1B|TGFB1|THBS1|TRPC6,-1.8,0
1,-2.9,C0016037,M1,1,0,DisGeNET,35,Fibrodysplasia Ossificans Progressiva,,-2.9,4.2,4.2,30293,58,871,7,0.8,0.3,90|652|653|2817|4312|5054|8600,ACVR1|BMP4|BMP5|GPC1|MMP1|SERPINE1|TNFSF11,-1.8,0
1,-2.9,C0346989,M1,1,0,DisGeNET,35,Secondary malignant neoplasm of peritoneum,,-2.9,4.2,4.2,30293,58,871,7,0.8,0.3,2321|2719|3491|7040|7076|7291|11259,FLT1|GPC3|CCN1|TGFB1|TIMP1|TWIST1|FILIP1L,-1.8,0
1,-2.9,C1266119,M1,1,0,DisGeNET,35,Solitary fibrous tumor,,-2.9,4.2,4.2,30293,58,871,7,0.8,0.3,1958|2308|4233|4288|5156|6285|7431,EGR1|FOXO1|MET|MKI67|PDGFRA|S100B|VIM,-1.8,0
1,-2.9,C0042963,M1,1,0,DisGeNET,35,Vomiting,,-2.9,2.2,3.6,30293,303,871,19,2.2,0.49,445|710|715|1604|1717|1909|2670|3075|3702|4233|5142|5243|6507|6581|6696|6869|26227|27087|64072,ASS1|SERPING1|C1R|CD55|DHCR7|EDNRA|GFAP|CFH|ITK|MET|PDE4B|ABCB1|SLC1A3|SLC22A3|SPP1|TACR1|PHGDH|B3GAT1|CDH23,-1.8,0
1,-2.9,C1332942,M1,1,0,DisGeNET,35,Childhood Anaplastic Large Cell Lymphoma,,-2.9,2.9,3.8,30293,130,871,11,1.3,0.38,290|805|1030|1191|1306|3554|4627|5156|6281|7076|8829,ANPEP|CALM2|CDKN2B|CLU|COL15A1|IL1R1|MYH9|PDGFRA|S100A10|TIMP1|NRP1,-1.8,0
1,-2.9,C0020725,M1,1,0,DisGeNET,35,Type II Mucolipidosis,,-2.9,4.9,4.4,30293,43,871,6,0.69,0.28,953|1509|3976|4879|5292|5327,ENTPD1|CTSD|LIF|NPPB|PIM1|PLAT,-1.8,0
1,-2.9,C0085693,M1,1,0,DisGeNET,35,Acute appendicitis NOS (disorder),,-2.9,4.9,4.4,30293,43,871,6,0.69,0.28,133|1906|4627|5054|5328|5806,ADM|EDN1|MYH9|SERPINE1|PLAU|PTX3,-1.8,0
1,-2.9,C0333293,M1,1,0,DisGeNET,35,Healing ulcer,,-2.9,4.9,4.4,30293,43,871,6,0.69,0.28,2258|3589|4233|4313|7040|7852,FGF13|IL11|MET|MMP2|TGFB1|CXCR4,-1.8,0
1,-2.9,C1849039,M1,1,0,DisGeNET,35,Metaphyseal widening,,-2.9,4.9,4.4,30293,43,871,6,0.69,0.28,90|3977|4313|4322|5307|6424,ACVR1|LIFR|MMP2|MMP13|PITX1|SFRP4,-1.8,0
1,-2.9,C1860707,M1,1,0,DisGeNET,35,TUBEROUS SCLEROSIS 2 (disorder),,-2.9,4.9,4.4,30293,43,871,6,0.69,0.28,1978|2048|2258|3708|54541|117581,EIF4EBP1|EPHB2|FGF13|ITPR1|DDIT4|TWIST2,-1.8,0
1,-2.9,C3179455,M1,1,0,DisGeNET,35,"Niemann-Pick Disease, Type C1",,-2.9,4.9,4.4,30293,43,871,6,0.69,0.28,348|2670|2817|7431|23017|257194,APOE|GFAP|GPC1|VIM|FAIM2|NEGR1,-1.8,0
1,-2.9,C0040137,M1,1,0,DisGeNET,35,Thyroid Nodule,,-2.9,2.8,3.8,30293,150,871,12,1.4,0.39,649|1191|1893|1909|2674|3486|4313|5764|7040|9518|57007|116496,BMP1|CLU|ECM1|EDNRA|GFRA1|IGFBP3|MMP2|PTN|TGFB1|GDF15|ACKR3|NIBAN1,-1.8,0
1,-2.9,C0279607,M1,1,0,DisGeNET,35,Adult Hepatocellular Carcinoma,,-2.9,2.8,3.8,30293,150,871,12,1.4,0.39,2719|5156|5243|6657|6696|6876|7040|7412|7980|8507|9368|23213,GPC3|PDGFRA|ABCB1|SOX2|SPP1|TAGLN|TGFB1|VCAM1|TFPI2|ENC1|NHERF1|SULF1,-1.8,0
1,-2.9,C0038273,M1,1,0,DisGeNET,35,Stereotypic Movement Disorder,,-2.9,2.5,3.7,30293,192,871,14,1.6,0.43,1392|1759|2263|2668|2670|4233|5999|6899|6925|8492|26047|63976|150094|253738,CRH|DNM1|FGFR2|GDNF|GFAP|MET|RGS4|TBX1|TCF4|PRSS12|CNTNAP2|PRDM16|SIK1|EBF3,-1.8,0
1,-2.9,C0012569,M1,1,0,DisGeNET,35,Diplopia,,-2.9,3.7,4,30293,75,871,8,0.92,0.32,182|2263|3736|6507|6513|7040|22943|64072,JAG1|FGFR2|KCNA1|SLC1A3|SLC2A1|TGFB1|DKK1|CDH23,-1.8,0
1,-2.9,C1301700,M1,1,0,DisGeNET,35,Cardiovascular morbidity,,-2.9,3.7,4,30293,75,871,8,0.92,0.32,133|290|348|1674|4883|5742|9518|92737,ADM|ANPEP|APOE|DES|NPR3|PTGS1|GDF15|DNER,-1.8,0
1,-2.9,C1514422,M1,1,0,DisGeNET,35,"Glioblastoma, IDH-Wildtype",,-2.9,3.7,4,30293,75,871,8,0.92,0.32,220|284|710|3485|5742|10630|55504|64123,ALDH1A3|ANGPT1|SERPING1|IGFBP2|PTGS1|PDPN|TNFRSF19|ADGRL4,-1.8,0
1,-2.9,C0085633,M1,1,0,DisGeNET,35,Mood swings,,-2.9,2.6,3.7,30293,171,871,13,1.5,0.41,1909|2043|2066|2512|4036|5155|6899|7431|8128|8722|23263|27286|57007,EDNRA|EPHA4|ERBB4|FTL|LRP2|PDGFB|TBX1|VIM|ST8SIA2|CTSF|MCF2L|SRPX2|ACKR3,-1.8,0
1,-2.8,C0544886,M1,1,0,DisGeNET,35,Somatic mutation,,-2.8,2.8,3.7,30293,151,871,12,1.4,0.39,701|861|2263|2308|2624|2719|4233|4978|5077|5080|5156|7048,BUB1B|RUNX1|FGFR2|FOXO1|GATA2|GPC3|MET|OPCML|PAX3|PAX6|PDGFRA|TGFBR2,-1.7,0
1,-2.8,C0476273,M1,1,0,DisGeNET,35,Respiratory distress,,-2.8,2.3,3.6,30293,259,871,17,2,0.47,21|220|710|1906|1959|2263|2294|2627|2706|3675|3736|3977|6536|7040|7547|27295|150094,ABCA3|ALDH1A3|SERPING1|EDN1|EGR2|FGFR2|FOXF1|GATA6|GJB2|ITGA3|KCNA1|LIFR|SLC6A9|TGFB1|ZIC3|PDLIM3|SIK1,-1.7,0
1,-2.8,C0751688,M1,1,0,DisGeNET,35,Malignant Squamous Cell Neoplasm,,-2.8,2.5,3.7,30293,193,871,14,1.6,0.43,1545|1612|3856|4233|4313|4322|4851|4921|5243|6277|6657|6696|7040|9846,CYP1B1|DAPK1|KRT8|MET|MMP2|MMP13|NOTCH1|DDR2|ABCB1|S100A6|SOX2|SPP1|TGFB1|GAB2,-1.7,0
1,-2.8,C1853195,M1,1,0,DisGeNET,35,"Prostate Cancer, Hereditary, 7",,-2.8,4.1,4.1,30293,59,871,7,0.8,0.3,2048|2624|4325|6424|29968|51200|55502,EPHB2|GATA2|MMP16|SFRP4|PSAT1|CPA4|HES6,-1.7,0
1,-2.8,C0206733,M1,1,0,DisGeNET,35,Strawberry nevus of skin,,-2.8,3.1,3.8,30293,112,871,10,1.1,0.36,182|284|1028|1978|2308|2321|4854|5176|6513|7057,JAG1|ANGPT1|CDKN1C|EIF4EBP1|FOXO1|FLT1|NOTCH3|SERPINF1|SLC2A1|THBS1,-1.7,0
1,-2.8,C0022876,M1,1,0,DisGeNET,35,Premature Obstetric Labor,,-2.8,7.7,4.9,30293,18,871,4,0.46,0.23,1392|2149|2706|7412,CRH|F2R|GJB2|VCAM1,-1.7,0
1,-2.8,C0032209,M1,1,0,DisGeNET,35,Platybasia,,-2.8,7.7,4.9,30293,18,871,4,0.46,0.23,2317|4854|6899|22943,FLNB|NOTCH3|TBX1|DKK1,-1.7,0
1,-2.8,C0268362,M1,1,0,DisGeNET,35,Osteogenesis imperfecta type III (disorder),,-2.8,7.7,4.9,30293,18,871,4,0.46,0.23,649|5176|55512|55603,BMP1|SERPINF1|SMPD3|TENT5A,-1.7,0
1,-2.8,C0268393,M1,1,0,DisGeNET,35,Familial Cerebral Amyloid Angiopathy,,-2.8,7.7,4.9,30293,18,871,4,0.46,0.23,348|1509|2670|6696,APOE|CTSD|GFAP|SPP1,-1.7,0
1,-2.8,C0748073,M1,1,0,DisGeNET,35,psychosocial stressor,,-2.8,7.7,4.9,30293,18,871,4,0.46,0.23,1392|2917|5021|5066,CRH|GRM7|OXTR|PAM,-1.7,0
1,-2.8,C1455780,M1,1,0,DisGeNET,35,Aortic valve sclerosis,,-2.8,7.7,4.9,30293,18,871,4,0.46,0.23,652|4908|6285|6696,BMP4|NTF3|S100B|SPP1,-1.7,0
1,-2.8,C1833225,M1,1,0,DisGeNET,35,Dystrophic toenail,,-2.8,7.7,4.9,30293,18,871,4,0.46,0.23,547|1294|2706|4851,KIF1A|COL7A1|GJB2|NOTCH1,-1.7,0
1,-2.8,C3661523,M1,1,0,DisGeNET,35,Congenital Intestinal Aganglionosis,,-2.8,7.7,4.9,30293,18,871,4,0.46,0.23,1910|2668|3084|10512,EDNRB|GDNF|NRG1|SEMA3C,-1.7,0
1,-2.8,C0039483,M1,1,0,DisGeNET,35,Giant Cell Arteritis,,-2.8,2.3,3.5,30293,260,871,17,2,0.47,182|284|1392|1906|1910|2258|2590|3491|4313|5806|7040|7046|7048|7412|7852|56005|100133941,JAG1|ANGPT1|CRH|EDN1|EDNRB|FGF13|GALNT2|CCN1|MMP2|PTX3|TGFB1|TGFBR1|TGFBR2|VCAM1|CXCR4|MYDGF|CD24,-1.7,0
1,-2.8,C0024713,M1,1,0,DisGeNET,35,Manic Disorder,,-2.8,3.7,4,30293,76,871,8,0.92,0.32,108|288|5142|5454|6285|6526|6869|8553,ADCY2|ANK3|PDE4B|POU3F2|S100B|SLC5A3|TACR1|BHLHE40,-1.7,0
1,-2.8,C1868938,M1,1,0,DisGeNET,35,End stage cardiac failure,,-2.8,3.7,4,30293,76,871,8,0.92,0.32,348|1909|3977|4879|6546|6696|7040|10763,APOE|EDNRA|LIFR|NPPB|SLC8A1|SPP1|TGFB1|NES,-1.7,0
1,-2.8,C0007570,M1,1,0,DisGeNET,35,Celiac Disease,,-2.8,1.8,3.4,30293,527,871,28,3.2,0.6,290|861|1490|1993|2317|3899|4312|5155|5176|5243|5270|6285|6899|6925|7040|7043|7052|7076|7857|9966|10371|23541|23705|25797|26047|27087|57514|169026,ANPEP|RUNX1|CCN2|ELAVL2|FLNB|AFF3|MMP1|PDGFB|SERPINF1|ABCB1|SERPINE2|S100B|TBX1|TCF4|TGFB1|TGFB3|TGM2|TIMP1|SCG2|TNFSF15|SEMA3A|SEC14L2|CADM1|QPCT|CNTNAP2|B3GAT1|ARHGAP31|SLC30A8,-1.7,0
1,-2.8,C0040583,M1,1,0,DisGeNET,35,Tracheal Stenosis,,-2.8,5.8,4.5,30293,30,871,5,0.57,0.26,1717|2317|7040|9719|80144,DHCR7|FLNB|TGFB1|ADAMTSL2|FRAS1,-1.7,0
1,-2.8,C0149781,M1,1,0,DisGeNET,35,Spontaneous pneumothorax,,-2.8,5.8,4.5,30293,30,871,5,0.57,0.26,1281|4313|5742|7040|7048,COL3A1|MMP2|PTGS1|TGFB1|TGFBR2,-1.7,0
1,-2.8,C0175694,M1,1,0,DisGeNET,35,Smith-Lemli-Opitz Syndrome,,-2.8,5.8,4.5,30293,30,871,5,0.57,0.26,19|348|1509|1717|5080,ABCA1|APOE|CTSD|DHCR7|PAX6,-1.7,0
1,-2.8,C0340164,M1,1,0,DisGeNET,35,Lofgrens syndrome,,-2.8,5.8,4.5,30293,30,871,5,0.57,0.26,3122|7042|7043|7431|26227,HLA-DRA|TGFB2|TGFB3|VIM|PHGDH,-1.7,0
1,-2.8,C0341787,M1,1,0,DisGeNET,35,Bifid scrotum,,-2.8,5.8,4.5,30293,30,871,5,0.57,0.26,701|1717|2263|6299|79633,BUB1B|DHCR7|FGFR2|SALL1|FAT4,-1.7,0
1,-2.8,C0342541,M1,1,0,DisGeNET,35,Precocious pubarche,,-2.8,5.8,4.5,30293,30,871,5,0.57,0.26,5054|6899|7052|7681|10580,SERPINE1|TBX1|TGM2|MKRN3|SORBS1,-1.7,0
1,-2.8,C0547065,M1,1,0,DisGeNET,35,Mixed oligoastrocytoma,,-2.8,5.8,4.5,30293,30,871,5,0.57,0.26,90|4233|4851|8038|23462,ACVR1|MET|NOTCH1|ADAM12|HEY1,-1.7,0
1,-2.8,C1442837,M1,1,0,DisGeNET,35,Myocardial necrosis,,-2.8,5.8,4.5,30293,30,871,5,0.57,0.26,710|2697|4879|7040|10468,SERPING1|GJA1|NPPB|TGFB1|FST,-1.7,0
1,-2.8,C3495549,M1,1,0,DisGeNET,35,Patent ductus arteriosus - persisting type,,-2.8,5.8,4.5,30293,30,871,5,0.57,0.26,59|4629|5740|7021|7048,ACTA2|MYH11|PTGIS|TFAP2B|TGFBR2,-1.7,0
1,-2.8,C4509816,M1,1,0,DisGeNET,35,Squamous non-small cell lung cancer,,-2.8,5.8,4.5,30293,30,871,5,0.57,0.26,2668|3315|3486|6657|10630,GDNF|HSPB1|IGFBP3|SOX2|PDPN,-1.7,0
1,-2.8,C1519346,M1,1,0,DisGeNET,35,Skin Carcinogenesis,,-2.8,2.5,3.6,30293,194,871,14,1.6,0.43,1030|1191|2022|2151|4851|5055|5327|7040|7057|7076|8549|9518|10630|55366,CDKN2B|CLU|ENG|F2RL2|NOTCH1|SERPINB2|PLAT|TGFB1|THBS1|TIMP1|LGR5|GDF15|PDPN|LGR4,-1.7,0
1,-2.8,C0008495,M1,1,0,DisGeNET,35,Chorioamnionitis,,-2.8,2.9,3.8,30293,132,871,11,1.3,0.38,133|348|928|1392|2321|3589|5243|5292|5742|5961|7040,ADM|APOE|CD9|CRH|FLT1|IL11|ABCB1|PIM1|PTGS1|PRPH2|TGFB1,-1.7,0
1,-2.8,C0007684,M1,1,0,DisGeNET,35,Central Nervous System Infection,,-2.8,4.7,4.3,30293,44,871,6,0.69,0.28,4747|5806|6285|6696|6869|7431,NEFL|PTX3|S100B|SPP1|TACR1|VIM,-1.7,0
1,-2.8,C0796154,M1,1,0,DisGeNET,35,"SIMPSON-GOLABI-BEHMEL SYNDROME, TYPE 1",,-2.8,4.7,4.3,30293,44,871,6,0.69,0.28,1028|2719|2817|7078|8076|10082,CDKN1C|GPC3|GPC1|TIMP3|MFAP5|GPC6,-1.7,0
1,-2.8,C1541317,M1,1,0,DisGeNET,35,Adult Gliosarcoma,,-2.8,4.7,4.3,30293,44,871,6,0.69,0.28,970|2670|2697|5156|5328|6657,CD70|GFAP|GJA1|PDGFRA|PLAU|SOX2,-1.7,0
1,-2.8,C1866190,M1,1,0,DisGeNET,35,Atresia of the external auditory canal,,-2.8,4.7,4.3,30293,44,871,6,0.69,0.28,2138|2263|4854|79633|80144|117581,EYA1|FGFR2|NOTCH3|FAT4|FRAS1|TWIST2,-1.7,0
1,-2.8,C3899658,M1,1,0,DisGeNET,35,Childhood Gliosarcoma,,-2.8,4.7,4.3,30293,44,871,6,0.69,0.28,970|2670|2697|5156|5328|6657,CD70|GFAP|GJA1|PDGFRA|PLAU|SOX2,-1.7,0
1,-2.8,C0015696,M1,1,0,DisGeNET,35,"Fatty Liver, Alcoholic",,-2.8,3.3,3.9,30293,94,871,9,1,0.34,19|348|1268|5054|5176|5328|6319|6696|7040,ABCA1|APOE|CNR1|SERPINE1|SERPINF1|PLAU|SCD|SPP1|TGFB1,-1.7,0
1,-2.8,C1302773,M1,1,0,DisGeNET,35,Low Grade Squamous Intraepithelial Neoplasia,,-2.8,3.3,3.9,30293,94,871,9,1,0.34,701|1612|3090|4837|6299|6492|6657|7057|23705,BUB1B|DAPK1|HIC1|NNMT|SALL1|SIM1|SOX2|THBS1|CADM1,-1.7,0
1,-2.8,C0856975,M1,1,0,DisGeNET,35,Autistic behavior,,-2.8,2.3,3.5,30293,261,871,17,2,0.47,288|1759|2334|3736|5080|5455|6492|6529|6925|7291|8492|9758|22829|26047|150094|200424|253738,ANK3|DNM1|AFF2|KCNA1|PAX6|POU3F3|SIM1|SLC6A1|TCF4|TWIST1|PRSS12|FRMPD4|NLGN4Y|CNTNAP2|SIK1|TET3|EBF3,-1.7,0
1,-2.8,C0206694,M1,1,0,DisGeNET,35,Mucoepidermoid Carcinoma,,-2.8,2.7,3.7,30293,153,871,12,1.4,0.39,214|2048|2321|5243|5742|6387|6513|6657|7040|7291|7852|22822,ALCAM|EPHB2|FLT1|ABCB1|PTGS1|CXCL12|SLC2A1|SOX2|TGFB1|TWIST1|CXCR4|PHLDA1,-1.7,0
1,-2.8,C1849089,M1,1,0,DisGeNET,35,Broad forehead,,-2.8,2.9,3.7,30293,133,871,11,1.3,0.38,182|2263|2627|4036|6899|7021|7291|7545|10370|55603|79633,JAG1|FGFR2|GATA6|LRP2|TBX1|TFAP2B|TWIST1|ZIC1|CITED2|TENT5A|FAT4,-1.7,0
1,-2.8,C0349459,M1,1,0,DisGeNET,35,Cervical intraepithelial neoplasia grade 2,,-2.8,3.6,4,30293,77,871,8,0.92,0.32,3315|4288|6513|6657|7291|7431|23541|23705,HSPB1|MKI67|SLC2A1|SOX2|TWIST1|VIM|SEC14L2|CADM1,-1.7,0
1,-2.8,C0423757,M1,1,0,DisGeNET,35,Thin skin,,-2.8,3.6,4,30293,77,871,8,0.92,0.32,715|1281|1294|3977|7046|7048|64072|117581,C1R|COL3A1|COL7A1|LIFR|TGFBR1|TGFBR2|CDH23|TWIST2,-1.7,0
1,-2.8,C3888194,M1,1,0,DisGeNET,35,MIXED LINEAGE LEUKEMIA,,-2.8,2.3,3.5,30293,240,871,16,1.8,0.46,290|805|861|1464|2030|2048|4233|4312|6277|6285|7040|7078|10962|23705|29128|100133941,ANPEP|CALM2|RUNX1|CSPG4|SLC29A1|EPHB2|MET|MMP1|S100A6|S100B|TGFB1|TIMP3|MLLT11|CADM1|UHRF1|CD24,-1.7,0
1,-2.8,C0019340,M1,1,0,DisGeNET,35,Herpes NOS,,-2.8,3.1,3.8,30293,114,871,10,1.1,0.36,348|1909|2069|4627|4638|5179|8600|9966|26227|57007,APOE|EDNRA|EREG|MYH9|MYLK|PENK|TNFSF11|TNFSF15|PHGDH|ACKR3,-1.7,0
1,-2.8,C0001956,M1,1,0,DisGeNET,35,Alcohol Use Disorder,,-2.8,2.4,3.6,30293,218,871,15,1.7,0.44,146|805|1268|1392|2030|2668|4908|5021|5142|6285|6387|6869|7291|57537|79827,ADRA1D|CALM2|CNR1|CRH|SLC29A1|GDNF|NTF3|OXTR|PDE4B|S100B|CXCL12|TACR1|TWIST1|SORCS2|CLMP,-1.7,0
1,-2.8,C0221358,M1,1,0,DisGeNET,35,Long narrow head,,-2.8,2.7,3.7,30293,154,871,12,1.4,0.39,182|2201|2263|2627|4854|6536|6899|7291|7681|10370|51305|253738,JAG1|FBN2|FGFR2|GATA6|NOTCH3|SLC6A9|TBX1|TWIST1|MKRN3|CITED2|KCNK9|EBF3,-1.7,0
1,-2.8,C0029401,M1,1,0,DisGeNET,35,Osteitis Deformans,,-2.8,2.9,3.7,30293,134,871,11,1.3,0.38,58|1909|2048|2697|3554|3856|6696|8600|22943|25797|57007,ACTA1|EDNRA|EPHB2|GJA1|IL1R1|KRT8|SPP1|TNFSF11|DKK1|QPCT|ACKR3,-1.7,0
1,-2.8,C0334581,M1,1,0,DisGeNET,35,Gemistocytic astrocytoma,,-2.8,4.6,4.2,30293,45,871,6,0.69,0.28,90|2670|4233|4288|4851|23462,ACVR1|GFAP|MET|MKI67|NOTCH1|HEY1,-1.7,0
1,-2.8,C1845447,M1,1,0,DisGeNET,35,Cupped ears (finding),,-2.8,4.6,4.2,30293,45,871,6,0.69,0.28,1909|2138|2263|6925|7291|80144,EDNRA|EYA1|FGFR2|TCF4|TWIST1|FRAS1,-1.7,0
1,-2.8,C1852502,M1,1,0,DisGeNET,35,"CRANIOMETAPHYSEAL DYSPLASIA, AUTOSOMAL DOMINANT",,-2.8,4.6,4.2,30293,45,871,6,0.69,0.28,1293|2697|3912|7040|7076|8600,COL6A3|GJA1|LAMB1|TGFB1|TIMP1|TNFSF11,-1.7,0
1,-2.8,C2827469,M1,1,0,DisGeNET,35,Coronary Microvascular Disease,,-2.8,4.6,4.2,30293,45,871,6,0.69,0.28,1293|2697|3912|7040|7076|8600,COL6A3|GJA1|LAMB1|TGFB1|TIMP1|TNFSF11,-1.7,0
1,-2.8,C0020498,M1,1,0,DisGeNET,35,"Hyperostosis, Diffuse Idiopathic Skeletal",,-2.8,12,5.5,30293,9,871,3,0.34,0.2,2030|6422|22943,SLC29A1|SFRP1|DKK1,-1.7,0
1,-2.8,C0157738,M1,1,0,DisGeNET,35,Chronic skin ulcer,,-2.8,12,5.5,30293,9,871,3,0.34,0.2,1634|4313|5156,DCN|MMP2|PDGFRA,-1.7,0
1,-2.8,C0221169,M1,1,0,DisGeNET,35,Hemiballismus,,-2.8,12,5.5,30293,9,871,3,0.34,0.2,1356|4036|23263,CP|LRP2|MCF2L,-1.7,0
1,-2.8,C0238378,M1,1,0,DisGeNET,35,Desquamative interstitial pneumonia,,-2.8,12,5.5,30293,9,871,3,0.34,0.2,21|6696|7852,ABCA3|SPP1|CXCR4,-1.7,0
1,-2.8,C0265345,M1,1,0,DisGeNET,35,Lymphedema distichiasis syndrome,,-2.8,12,5.5,30293,9,871,3,0.34,0.2,2296|6581|6657,FOXC1|SLC22A3|SOX2,-1.7,0
1,-2.8,C0265964,M1,1,0,DisGeNET,35,Mutilating keratoderma,,-2.8,12,5.5,30293,9,871,3,0.34,0.2,2706|6520|8140,GJB2|SLC3A2|SLC7A5,-1.7,0
1,-2.8,C0340291,M1,1,0,DisGeNET,35,Silent myocardial ischemia,,-2.8,12,5.5,30293,9,871,3,0.34,0.2,348|5362|7040,APOE|PLXNA2|TGFB1,-1.7,0
1,-2.8,C0410787,M1,1,0,DisGeNET,35,Hereditary Connective Tissue Disorder,,-2.8,12,5.5,30293,9,871,3,0.34,0.2,1281|2201|4015,COL3A1|FBN2|LOX,-1.7,0
1,-2.8,C0432055,M1,1,0,DisGeNET,35,Simple syndactyly of fingers - first web,,-2.8,12,5.5,30293,9,871,3,0.34,0.2,2263|2719|5307,FGFR2|GPC3|PITX1,-1.7,0
1,-2.8,C0456107,M1,1,0,DisGeNET,35,Neonatal meningitis,,-2.8,12,5.5,30293,9,871,3,0.34,0.2,5054|5055|7057,SERPINE1|SERPINB2|THBS1,-1.7,0
1,-2.8,C0457521,M1,1,0,DisGeNET,35,Unicystic ameloblastoma,,-2.8,12,5.5,30293,9,871,3,0.34,0.2,652|2719|10630,BMP4|GPC3|PDPN,-1.7,0
1,-2.8,C0685707,M1,1,0,DisGeNET,35,Muscular ventricular septum defect,,-2.8,12,5.5,30293,9,871,3,0.34,0.2,2263|2627|10370,FGFR2|GATA6|CITED2,-1.7,0
1,-2.8,C0750197,M1,1,0,DisGeNET,35,Sustained ventricular tachycardia,,-2.8,12,5.5,30293,9,871,3,0.34,0.2,2697|5318|6319,GJA1|PKP2|SCD,-1.7,0
1,-2.8,C1832174,M1,1,0,DisGeNET,35,DOYNE HONEYCOMB RETINAL DYSTROPHY,,-2.8,12,5.5,30293,9,871,3,0.34,0.2,2202|3075|7078,EFEMP1|CFH|TIMP3,-1.7,0
1,-2.8,C1853486,M1,1,0,DisGeNET,35,Widow's peak,,-2.8,12,5.5,30293,9,871,3,0.34,0.2,4036|4281|7291,LRP2|MID1|TWIST1,-1.7,0
1,-2.8,C1855330,M1,1,0,DisGeNET,35,Cerebral hypoplasia,,-2.8,12,5.5,30293,9,871,3,0.34,0.2,701|6925|26227,BUB1B|TCF4|PHGDH,-1.7,0
1,-2.8,C3280030,M1,1,0,DisGeNET,35,GATA2 Deficiency,,-2.8,12,5.5,30293,9,871,3,0.34,0.2,2624|4629|7852,GATA2|MYH11|CXCR4,-1.7,0
1,-2.8,C4021774,M1,1,0,DisGeNET,35,Camptodactyly of toe,,-2.8,12,5.5,30293,9,871,3,0.34,0.2,2201|2273|4313,FBN2|FHL1|MMP2,-1.7,0
1,-2.8,C4025799,M1,1,0,DisGeNET,35,Ulnar claw,,-2.8,12,5.5,30293,9,871,3,0.34,0.2,1959|3315|4747,EGR2|HSPB1|NEFL,-1.7,0
1,-2.8,C4317043,M1,1,0,DisGeNET,35,Simpson-Golabi-Behmel syndrome,,-2.8,12,5.5,30293,9,871,3,0.34,0.2,2719|2817|10082,GPC3|GPC1|GPC6,-1.7,0
1,-2.8,C4527152,M1,1,0,DisGeNET,35,Tricuspid Valve Regurgitation Velocity,,-2.8,12,5.5,30293,9,871,3,0.34,0.2,2022|4879|6319,ENG|NPPB|SCD,-1.7,0
1,-2.8,C0221021,M1,1,0,DisGeNET,35,Microangiopathic hemolytic anemia,,-2.8,5.6,4.4,30293,31,871,5,0.57,0.26,715|1282|3075|6696|10878,C1R|COL4A1|CFH|SPP1|CFHR3,-1.7,0
1,-2.8,C0231679,M1,1,0,DisGeNET,35,Ulnar deviation of the fingers,,-2.8,5.6,4.4,30293,31,871,5,0.57,0.26,1717|2201|3977|5077|6299,DHCR7|FBN2|LIFR|PAX3|SALL1,-1.7,0
1,-2.8,C0334488,M1,1,0,DisGeNET,35,Clear cell sarcoma of kidney,,-2.8,5.6,4.4,30293,31,871,5,0.57,0.26,2297|5243|7057|55534|130497,FOXD1|ABCB1|THBS1|MAML3|OSR1,-1.7,0
1,-2.8,C1273070,M1,1,0,DisGeNET,35,Left ventricular diastolic dysfunction,,-2.8,5.6,4.4,30293,31,871,5,0.57,0.26,2308|3371|3485|6696|7052,FOXO1|TNC|IGFBP2|SPP1|TGM2,-1.7,0
1,-2.8,C1300127,M1,1,0,DisGeNET,35,Perivascular Epithelioid Cell Neoplasms,,-2.8,5.6,4.4,30293,31,871,5,0.57,0.26,1674|3490|4233|5156|7431,DES|IGFBP7|MET|PDGFRA|VIM,-1.7,0
1,-2.8,C3542025,M1,1,0,DisGeNET,35,"AMYOTROPHIC LATERAL SCLEROSIS 1, AUTOSOMAL RECESSIVE",,-2.8,5.6,4.4,30293,31,871,5,0.57,0.26,288|1501|2066|4978|5648,ANK3|CTNND2|ERBB4|OPCML|MASP1,-1.7,0
1,-2.7,C0042029,M1,1,0,DisGeNET,35,Urinary tract infection,,-2.7,2.4,3.5,30293,219,871,15,1.7,0.44,133|1356|1604|2202|4312|5055|5328|5742|5806|6387|7040|7431|7852|29968|57124,ADM|CP|CD55|EFEMP1|MMP1|SERPINB2|PLAU|PTGS1|PTX3|CXCL12|TGFB1|VIM|CXCR4|PSAT1|CD248,-1.7,0
1,-2.7,C0545074,M1,1,0,DisGeNET,35,Myxoid/Round Cell Liposarcoma,,-2.7,4,4,30293,61,871,7,0.8,0.3,2263|2668|4826|5054|6285|7431|10216,FGFR2|GDNF|NNAT|SERPINE1|S100B|VIM|PRG4,-1.7,0
1,-2.7,C4723838,M1,1,0,DisGeNET,35,Metastatic Breast Carcinoma,,-2.7,4,4,30293,61,871,7,0.8,0.3,1893|4320|5792|6696|6869|10580|11095,ECM1|MMP11|PTPRF|SPP1|TACR1|SORBS1|ADAMTS8,-1.7,0
1,-2.7,C0264490,M1,1,0,DisGeNET,35,Acute respiratory failure,,-2.7,3.6,3.9,30293,78,871,8,0.92,0.32,861|1030|1287|3485|4851|6926|7291|9518,RUNX1|CDKN2B|COL4A5|IGFBP2|NOTCH1|TBX3|TWIST1|GDF15,-1.7,0
1,-2.7,C0278498,M1,1,0,DisGeNET,35,Malignant neoplasm of stomach stage IV,,-2.7,3.6,3.9,30293,78,871,8,0.92,0.32,1959|4233|4313|5270|6387|7052|7852|80139,EGR2|MET|MMP2|SERPINE2|CXCL12|TGM2|CXCR4|ZNF703,-1.7,0
1,-2.7,C0280313,M1,1,0,DisGeNET,35,Squamous cell carcinoma of oropharynx,,-2.7,2.7,3.6,30293,155,871,12,1.4,0.39,970|1612|2048|4015|4233|4312|4322|4851|5178|7040|7078|23705,CD70|DAPK1|EPHB2|LOX|MET|MMP1|MMP13|NOTCH1|PEG3|TGFB1|TIMP3|CADM1,-1.7,0
1,-2.7,C0030809,M1,1,0,DisGeNET,35,Pemphigus Vulgaris,,-2.7,3,3.7,30293,115,871,10,1.1,0.36,1832|2022|2048|2317|3122|5055|5328|6696|7040|23541,DSP|ENG|EPHB2|FLNB|HLA-DRA|SERPINB2|PLAU|SPP1|TGFB1|SEC14L2,-1.7,0
1,-2.7,C0221002,M1,1,0,DisGeNET,35,"Hyperparathyroidism, Primary",,-2.7,3,3.7,30293,115,871,10,1.1,0.36,133|3486|3589|4036|6696|8490|8600|10149|27295|83716,ADM|IGFBP3|IL11|LRP2|SPP1|RGS5|TNFSF11|ADGRG2|PDLIM3|CRISPLD2,-1.7,0
1,-2.7,C0392525,M1,1,0,DisGeNET,35,Nephrolithiasis,,-2.7,2.3,3.5,30293,242,871,16,1.8,0.46,1028|1909|2022|2308|4036|4256|5251|6696|6928|7040|7431|9368|50507|54757|57007|64072,CDKN1C|EDNRA|ENG|FOXO1|LRP2|MGP|PHEX|SPP1|HNF1B|TGFB1|VIM|NHERF1|NOX4|FAM20A|ACKR3|CDH23,-1.7,0
1,-2.7,C0035242,M1,1,0,DisGeNET,35,Respiratory Tract Diseases,,-2.7,2.5,3.5,30293,198,871,14,1.6,0.43,21|861|1545|1612|2030|2697|3702|4312|5742|6581|7046|7057|8600|84433,ABCA3|RUNX1|CYP1B1|DAPK1|SLC29A1|GJA1|ITK|MMP1|PTGS1|SLC22A3|TGFBR1|THBS1|TNFSF11|CARD11,-1.6,0
1,-2.7,C0027125,M1,1,0,DisGeNET,35,Myotonia,,-2.7,7.3,4.7,30293,19,871,4,0.46,0.23,2273|3736|3977|6513,FHL1|KCNA1|LIFR|SLC2A1,-1.6,0
1,-2.7,C0151891,M1,1,0,DisGeNET,35,Retinal depigmentation,,-2.7,7.3,4.7,30293,19,871,4,0.46,0.23,1282|1910|4948|5077,COL4A1|EDNRB|OCA2|PAX3,-1.6,0
1,-2.7,C0206637,M1,1,0,DisGeNET,35,Mesenchymal Chondrosarcoma,,-2.7,7.3,4.7,30293,19,871,4,0.46,0.23,4288|4821|5156|23462,MKI67|NKX2-2|PDGFRA|HEY1,-1.6,0
1,-2.7,C0221155,M1,1,0,DisGeNET,35,Systolic hypertension,,-2.7,7.3,4.7,30293,19,871,4,0.46,0.23,348|5740|7052|148641,APOE|PTGIS|TGM2|SLC35F3,-1.6,0
1,-2.7,C0264936,M1,1,0,DisGeNET,35,Secondary pulmonary hypertension,,-2.7,7.3,4.7,30293,19,871,4,0.46,0.23,655|1906|7040|10763,BMP7|EDN1|TGFB1|NES,-1.6,0
1,-2.7,C0344539,M1,1,0,DisGeNET,35,Hypoplasia of iris,,-2.7,7.3,4.7,30293,19,871,4,0.46,0.23,2296|3708|5080|6657,FOXC1|ITPR1|PAX6|SOX2,-1.6,0
1,-2.7,C0393534,M1,1,0,DisGeNET,35,Paraneoplastic Cerebellar Degeneration,,-2.7,7.3,4.7,30293,19,871,4,0.46,0.23,2173|6657|7545|84107,FABP7|SOX2|ZIC1|ZIC4,-1.6,0
1,-2.7,C0410538,M1,1,0,DisGeNET,35,Pseudoachondroplasia,,-2.7,7.3,4.7,30293,19,871,4,0.46,0.23,1300|1311|1404|1634,COL10A1|COMP|HAPLN1|DCN,-1.6,0
1,-2.7,C0428796,M1,1,0,DisGeNET,35,Senile sclerosis of aortic cusp,,-2.7,7.3,4.7,30293,19,871,4,0.46,0.23,652|4908|6285|6696,BMP4|NTF3|S100B|SPP1,-1.6,0
1,-2.7,C0428974,M1,1,0,DisGeNET,35,Supraventricular arrhythmia,,-2.7,7.3,4.7,30293,19,871,4,0.46,0.23,1282|1674|2273|64072,COL4A1|DES|FHL1|CDH23,-1.6,0
1,-2.7,C1261287,M1,1,0,DisGeNET,35,Stenosis,,-2.7,7.3,4.7,30293,19,871,4,0.46,0.23,133|348|2244|7040,ADM|APOE|FGB|TGFB1,-1.6,0
1,-2.7,C1332183,M1,1,0,DisGeNET,35,Adult Astrocytic Tumor,,-2.7,7.3,4.7,30293,19,871,4,0.46,0.23,2670|4313|4325|10763,GFAP|MMP2|MMP16|NES,-1.6,0
1,-2.7,C1377913,M1,1,0,DisGeNET,35,Pleural Mesothelioma,,-2.7,7.3,4.7,30293,19,871,4,0.46,0.23,683|794|6696|7852,BST1|CALB2|SPP1|CXCR4,-1.6,0
1,-2.7,C1510489,M1,1,0,DisGeNET,35,"Cerebral Amyloid Angiopathy, Hereditary",,-2.7,7.3,4.7,30293,19,871,4,0.46,0.23,348|1509|2670|6696,APOE|CTSD|GFAP|SPP1,-1.6,0
1,-2.7,C1844554,M1,1,0,DisGeNET,35,Absent fingernail,,-2.7,7.3,4.7,30293,19,871,4,0.46,0.23,1294|4312|4851|57514,COL7A1|MMP1|NOTCH1|ARHGAP31,-1.6,0
1,-2.7,C1851789,M1,1,0,DisGeNET,35,Poor wound healing,,-2.7,7.3,4.7,30293,19,871,4,0.46,0.23,165|715|2022|3075,AEBP1|C1R|ENG|CFH,-1.6,0
1,-2.7,C1858539,M1,1,0,DisGeNET,35,Shawl scrotum,,-2.7,7.3,4.7,30293,19,871,4,0.46,0.23,3975|6926|6928|117581,LHX1|TBX3|HNF1B|TWIST2,-1.6,0
1,-2.7,C4316788,M1,1,0,DisGeNET,35,Abnormality of the intestine,,-2.7,7.3,4.7,30293,19,871,4,0.46,0.23,1281|1604|63976|80000,COL3A1|CD55|PRDM16|GREB1L,-1.6,0
1,-2.7,C0151449,M1,1,0,DisGeNET,35,Primary Sjögren's syndrome,,-2.7,2.1,3.4,30293,312,871,19,2.2,0.49,348|861|970|1191|1490|1993|3075|3382|3399|3589|3977|4036|5742|6387|7040|7301|7431|7852|8029,APOE|RUNX1|CD70|CLU|CCN2|ELAVL2|CFH|ICA1|ID3|IL11|LIFR|LRP2|PTGS1|CXCL12|TGFB1|TYRO3|VIM|CXCR4|CUBN,-1.6,0
1,-2.7,C0026896,M1,1,0,DisGeNET,35,Myasthenia Gravis,,-2.7,2.1,3.4,30293,336,871,20,2.3,0.51,348|1490|1604|1620|2066|2317|3976|5066|5243|6285|6387|6696|7040|7057|7852|9037|23541|26047|27087|56896,APOE|CCN2|CD55|BRINP1|ERBB4|FLNB|LIF|PAM|ABCB1|S100B|CXCL12|SPP1|TGFB1|THBS1|CXCR4|SEMA5A|SEC14L2|CNTNAP2|B3GAT1|DPYSL5,-1.6,0
1,-2.7,C0001175,M1,1,0,DisGeNET,35,Acquired Immunodeficiency Syndrome,,-2.7,2.3,3.5,30293,243,871,16,1.8,0.46,348|649|928|953|1030|2670|4313|5243|5764|6285|6387|7052|7057|7076|7852|100133941,APOE|BMP1|CD9|ENTPD1|CDKN2B|GFAP|MMP2|ABCB1|PTN|S100B|CXCL12|TGM2|THBS1|TIMP1|CXCR4|CD24,-1.6,0
1,-2.7,C0576226,M1,1,0,DisGeNET,35,Short foot,,-2.7,3,3.7,30293,116,871,10,1.1,0.36,1281|1311|2263|2697|2719|5648|6492|7681|9719|63976,COL3A1|COMP|FGFR2|GJA1|GPC3|MASP1|SIM1|MKRN3|ADAMTSL2|PRDM16,-1.6,0
1,-2.7,C0346156,M1,1,0,DisGeNET,35,Benign neoplasm of breast,,-2.7,4.5,4.1,30293,46,871,6,0.69,0.28,2983|4320|4948|6696|7040|7076,GUCY1B1|MMP11|OCA2|SPP1|TGFB1|TIMP1,-1.6,0
1,-2.7,C0376532,M1,1,0,DisGeNET,35,"Epilepsy, Rolandic",,-2.7,4.5,4.1,30293,46,871,6,0.69,0.28,6513|6529|10512|26047|27286|166336,SLC2A1|SLC6A1|SEMA3C|CNTNAP2|SRPX2|PRICKLE2,-1.6,0
1,-2.7,C0431718,M1,1,0,DisGeNET,35,Multiple renal cysts,,-2.7,4.5,4.1,30293,46,871,6,0.69,0.28,1282|2034|2317|6299|6899|6928,COL4A1|EPAS1|FLNB|SALL1|TBX1|HNF1B,-1.6,0
1,-2.7,C1260954,M1,1,0,DisGeNET,35,Morphologically altered structure,,-2.7,4.5,4.1,30293,46,871,6,0.69,0.28,4133|4322|4739|6424|7431|7852,MAP2|MMP13|NEDD9|SFRP4|VIM|CXCR4,-1.6,0
1,-2.7,C1519678,M1,1,0,DisGeNET,35,Tumor Expansion,,-2.7,4.5,4.1,30293,46,871,6,0.69,0.28,2149|2668|5792|7078|7852|51816,F2R|GDNF|PTPRF|TIMP3|CXCR4|ADA2,-1.6,0
1,-2.7,C0086445,M1,1,0,DisGeNET,35,Idiopathic Membranous Glomerulonephritis,,-2.7,3.5,3.9,30293,79,871,8,0.92,0.32,3075|4627|5054|5328|6696|7040|7225|9518,CFH|MYH9|SERPINE1|PLAU|SPP1|TGFB1|TRPC6|GDF15,-1.6,0
1,-2.7,C0206634,M1,1,0,DisGeNET,35,"Liposarcoma, Myxoid",,-2.7,3.5,3.9,30293,79,871,8,0.92,0.32,2263|2321|2668|4826|5054|6285|7431|10216,FGFR2|FLT1|GDNF|NNAT|SERPINE1|S100B|VIM|PRG4,-1.6,0
1,-2.7,C0428791,M1,1,0,DisGeNET,35,Aortic valve calcification,,-2.7,3.5,3.9,30293,79,871,8,0.92,0.32,348|953|4091|4256|4851|6696|7481|8600,APOE|ENTPD1|SMAD6|MGP|NOTCH1|SPP1|WNT11|TNFSF11,-1.6,0
1,-2.7,C0007120,M1,1,0,DisGeNET,35,Bronchioloalveolar Adenocarcinoma,,-2.7,2.8,3.6,30293,136,871,11,1.3,0.38,1287|2048|3084|3675|4015|4233|5243|5806|6513|7048|8140,COL4A5|EPHB2|NRG1|ITGA3|LOX|MET|ABCB1|PTX3|SLC2A1|TGFBR2|SLC7A5,-1.6,0
1,-2.7,C0019270,M1,1,0,DisGeNET,35,Hernia,,-2.7,2.8,3.6,30293,136,871,11,1.3,0.38,133|875|4312|4313|6513|6586|7040|8600|10082|57211|57611,ADM|CBS|MMP1|MMP2|SLC2A1|SLIT3|TGFB1|TNFSF11|GPC6|ADGRG6|ISLR2,-1.6,0
1,-2.7,C0231341,M1,1,0,DisGeNET,35,Premature aging syndrome,,-2.7,2.8,3.6,30293,136,871,11,1.3,0.38,348|701|715|2048|2202|3486|5054|6422|6520|6591|6657,APOE|BUB1B|C1R|EPHB2|EFEMP1|IGFBP3|SERPINE1|SFRP1|SLC3A2|SNAI2|SOX2,-1.6,0
1,-2.7,C0011253,M1,1,0,DisGeNET,35,Delusions,,-2.7,3.9,4,30293,62,871,7,0.8,0.3,348|2890|3084|4129|5243|10718|80832,APOE|GRIA1|NRG1|MAOB|ABCB1|NRG3|APOL4,-1.6,0
1,-2.7,C0267941,M1,1,0,DisGeNET,35,"Pancreatitis, Acute Necrotizing",,-2.7,3.9,4,30293,62,871,7,0.8,0.3,710|1490|4313|5054|6869|7040|7832,SERPING1|CCN2|MMP2|SERPINE1|TACR1|TGFB1|BTG2,-1.6,0
1,-2.7,C0854917,M1,1,0,DisGeNET,35,Rhabdoid Tumor of the Kidney,,-2.7,3.9,4,30293,62,871,7,0.8,0.3,1030|2697|4233|5156|7852|9846|80144,CDKN2B|GJA1|MET|PDGFRA|CXCR4|GAB2|FRAS1,-1.6,0
1,-2.7,C2936258,M1,1,0,DisGeNET,35,Peri-Implantitis,,-2.7,3.9,4,30293,62,871,7,0.8,0.3,3554|4313|6422|6696|7040|8600|27123,IL1R1|MMP2|SFRP1|SPP1|TGFB1|TNFSF11|DKK2,-1.6,0
1,-2.7,C2939461,M1,1,0,DisGeNET,35,Myeloid neoplasm,,-2.7,3.9,4,30293,62,871,7,0.8,0.3,861|1958|2048|2624|4233|4605|5156,RUNX1|EGR1|EPHB2|GATA2|MET|MYBL2|PDGFRA,-1.6,0
1,-2.7,C0018524,M1,1,0,DisGeNET,35,Hallucinations,,-2.7,2.5,3.5,30293,178,871,13,1.5,0.41,348|1893|2066|2317|2890|4129|4854|5243|7048|23336|23541|64072|80832,APOE|ECM1|ERBB4|FLNB|GRIA1|MAOB|NOTCH3|ABCB1|TGFBR2|SYNM|SEC14L2|CDH23|APOL4,-1.6,0
1,-2.7,C0004565,M1,1,0,DisGeNET,35,"Melanoma, B16",,-2.7,2.7,3.6,30293,157,871,12,1.4,0.39,805|2048|2321|4851|7040|7046|7057|7076|7852|7980|9547|26227,CALM2|EPHB2|FLT1|NOTCH1|TGFB1|TGFBR1|THBS1|TIMP1|CXCR4|TFPI2|CXCL14|PHGDH,-1.6,0
1,-2.7,C0026603,M1,1,0,DisGeNET,35,Motion Sickness,,-2.7,5.4,4.3,30293,32,871,5,0.57,0.26,1268|3232|29951|63976|131034,CNR1|HOXD3|PDZRN4|PRDM16|CPNE4,-1.6,0
1,-2.7,C0149651,M1,1,0,DisGeNET,35,Clubbing,,-2.7,5.4,4.3,30293,32,871,5,0.57,0.26,1311|2022|2317|6578|6925,COMP|ENG|FLNB|SLCO2A1|TCF4,-1.6,0
1,-2.7,C0403529,M1,1,0,DisGeNET,35,Anti-Glomerular Basement Membrane Disease,,-2.7,5.4,4.3,30293,32,871,5,0.57,0.26,1285|3075|7040|7837|27087,COL4A3|CFH|TGFB1|PXDN|B3GAT1,-1.6,0
1,-2.7,C0746731,M1,1,0,DisGeNET,35,Acute myocardial ischemia,,-2.7,5.4,4.3,30293,32,871,5,0.57,0.26,1903|5054|6277|6533|8877,S1PR3|SERPINE1|S100A6|SLC6A6|SPHK1,-1.6,0
1,-2.7,C0862312,M1,1,0,DisGeNET,35,"Epithelioid mesothelioma, malignant",,-2.7,5.4,4.3,30293,32,871,5,0.57,0.26,794|1674|2817|4313|6513,CALB2|DES|GPC1|MMP2|SLC2A1,-1.6,0
1,-2.7,C1332199,M1,1,0,DisGeNET,35,Adult Desmoplastic Small Round Cell Tumor,,-2.7,5.4,4.3,30293,32,871,5,0.57,0.26,1674|2308|4821|5077|10763,DES|FOXO1|NKX2-2|PAX3|NES,-1.6,0
1,-2.7,C1332966,M1,1,0,DisGeNET,35,Childhood Desmoplastic Small Round Cell Tumor,,-2.7,5.4,4.3,30293,32,871,5,0.57,0.26,1674|2308|4821|5077|10763,DES|FOXO1|NKX2-2|PAX3|NES,-1.6,0
1,-2.7,C0042487,M1,1,0,DisGeNET,35,Venous Thrombosis,,-2.7,3,3.7,30293,117,871,10,1.1,0.36,875|2022|2244|4313|5054|5156|5327|5328|7412|64072,CBS|ENG|FGB|MMP2|SERPINE1|PDGFRA|PLAT|PLAU|VCAM1|CDH23,-1.6,0
1,-2.7,C0427065,M1,1,0,DisGeNET,35,Distal muscle weakness,,-2.7,3,3.7,30293,117,871,10,1.1,0.36,19|58|1293|1294|1674|1959|2617|3315|4747|9516,ABCA1|ACTA1|COL6A3|COL7A1|DES|EGR2|GARS1|HSPB1|NEFL|LITAF,-1.6,0
1,-2.7,C1842876,M1,1,0,DisGeNET,35,Depressed nasal ridge,,-2.7,3,3.7,30293,117,871,10,1.1,0.36,701|5077|6899|7021|26227|29968|51816|63976|80000|117581,BUB1B|PAX3|TBX1|TFAP2B|PHGDH|PSAT1|ADA2|PRDM16|GREB1L|TWIST2,-1.6,0
1,-2.7,C4732730,M1,1,0,DisGeNET,35,Blood spots,,-2.7,3,3.7,30293,117,871,10,1.1,0.36,348|861|1356|2321|2706|4036|4629|4851|10580|23263,APOE|RUNX1|CP|FLT1|GJB2|LRP2|MYH11|NOTCH1|SORBS1|MCF2L,-1.6,0
1,-2.7,C0018777,M1,1,0,DisGeNET,35,Conductive hearing loss,,-2.7,2.2,3.4,30293,291,871,18,2.1,0.48,90|652|1909|2138|2263|2317|2697|2706|4854|5648|5961|6899|7291|9411|63976|79633|80144|92211,ACVR1|BMP4|EDNRA|EYA1|FGFR2|FLNB|GJA1|GJB2|NOTCH3|MASP1|PRPH2|TBX1|TWIST1|ARHGAP29|PRDM16|FAT4|FRAS1|CDHR1,-1.6,0
1,-2.7,C0152423,M1,1,0,DisGeNET,35,Congenital small ears,,-2.7,2.8,3.6,30293,137,871,11,1.3,0.38,653|1909|2138|2263|6299|7291|63976|79633|80144|90161|117581,BMP5|EDNRA|EYA1|FGFR2|SALL1|TWIST1|PRDM16|FAT4|FRAS1|HS6ST2|TWIST2,-1.6,0
1,-2.7,C0349639,M1,1,0,DisGeNET,35,Juvenile Myelomonocytic Leukemia,,-2.7,2.5,3.5,30293,179,871,13,1.5,0.41,861|1030|2048|2624|3092|3490|3554|4627|4753|5156|7852|9590|9846,RUNX1|CDKN2B|EPHB2|GATA2|HIP1|IGFBP7|IL1R1|MYH9|NELL2|PDGFRA|CXCR4|AKAP12|GAB2,-1.6,0
1,-2.7,C0017152,M1,1,0,DisGeNET,35,Gastritis,,-2.7,2.1,3.4,30293,292,871,18,2.1,0.48,953|1392|2512|2627|3589|3976|4313|5054|5055|5243|5307|5742|6696|7040|7052|8549|54894|56005,ENTPD1|CRH|FTL|GATA6|IL11|LIF|MMP2|SERPINE1|SERPINB2|ABCB1|PITX1|PTGS1|SPP1|TGFB1|TGM2|LGR5|RNF43|MYDGF,-1.6,0
1,-2.7,C0221373,M1,1,0,DisGeNET,35,Claw hand,,-2.7,3.9,3.9,30293,63,871,7,0.8,0.3,1717|1959|3315|4313|4747|4851|57514,DHCR7|EGR2|HSPB1|MMP2|NEFL|NOTCH1|ARHGAP31,-1.6,0
1,-2.7,C0026106,M1,1,0,DisGeNET,35,Mild Mental Retardation,,-2.7,2,3.3,30293,340,871,20,2.3,0.51,288|1501|1717|2138|2263|2334|2706|2719|4053|4256|5648|6513|6899|6925|7021|7042|8492|23209|27286|79633,ANK3|CTNND2|DHCR7|EYA1|FGFR2|AFF2|GJB2|GPC3|LTBP2|MGP|MASP1|SLC2A1|TBX1|TCF4|TFAP2B|TGFB2|PRSS12|MLC1|SRPX2|FAT4,-1.6,0
1,-2.7,C0016052,M1,1,0,DisGeNET,35,Fibromuscular Dysplasia,,-2.7,4.4,4.1,30293,47,871,6,0.69,0.28,59|1287|1906|4638|5292|50507,ACTA2|COL4A5|EDN1|MYLK|PIM1|NOX4,-1.6,0
1,-2.7,C0340293,M1,1,0,DisGeNET,35,Anterior myocardial infarction,,-2.7,4.4,4.1,30293,47,871,6,0.69,0.28,1191|2244|4879|5054|6533|92737,CLU|FGB|NPPB|SERPINE1|SLC6A6|DNER,-1.6,0
1,-2.7,C0745130,M1,1,0,DisGeNET,35,Resistant hypertensive disorder,,-2.7,4.4,4.1,30293,47,871,6,0.69,0.28,1906|2321|4313|5243|5789|25797,EDN1|FLT1|MMP2|ABCB1|PTPRD|QPCT,-1.6,0
1,-2.7,C0033300,M1,1,0,DisGeNET,35,Progeria,,-2.7,2.9,3.6,30293,118,871,10,1.1,0.36,288|701|1604|1674|2670|2697|3092|6657|7076|117581,ANK3|BUB1B|CD55|DES|GFAP|GJA1|HIP1|SOX2|TIMP1|TWIST2,-1.6,0
1,-2.7,C0085278,M1,1,0,DisGeNET,35,Antiphospholipid Syndrome,,-2.7,3.2,3.7,30293,99,871,9,1,0.34,19|1906|5054|5055|5327|5800|6281|6387|7431,ABCA1|EDN1|SERPINE1|SERPINB2|PLAT|PTPRO|S100A10|CXCL12|VIM,-1.6,0
1,-2.7,C0578038,M1,1,0,DisGeNET,35,Thin lips,,-2.7,3.2,3.7,30293,99,871,9,1,0.34,182|1281|2627|2697|6899|10370|64093|90161|117581,JAG1|COL3A1|GATA6|GJA1|TBX1|CITED2|SMOC1|HS6ST2|TWIST2,-1.6,0
1,-2.7,C0949059,M1,1,0,DisGeNET,35,Polyp of large intestine,,-2.7,3.2,3.7,30293,99,871,9,1,0.34,652|2022|2192|3486|5740|5742|6423|26585|54894,BMP4|ENG|FBLN1|IGFBP3|PTGIS|PTGS1|SFRP2|GREM1|RNF43,-1.6,0
1,-2.6,C0042164,M1,1,0,DisGeNET,35,Uveitis,,-2.6,2.3,3.4,30293,247,871,16,1.8,0.46,133|284|445|794|1959|3075|5176|5362|5792|6285|6925|7042|7852|56005|56896|92737,ADM|ANGPT1|ASS1|CALB2|EGR2|CFH|SERPINF1|PLXNA2|PTPRF|S100B|TCF4|TGFB2|CXCR4|MYDGF|DPYSL5|DNER,-1.6,0
1,-2.6,C0021828,M1,1,0,DisGeNET,35,Intestinal Atresia,,-2.6,7,4.6,30293,20,871,4,0.46,0.23,2263|4851|6513|6518,FGFR2|NOTCH1|SLC2A1|SLC2A5,-1.6,0
1,-2.6,C0035333,M1,1,0,DisGeNET,35,Retinitis,,-2.6,7,4.6,30293,20,871,4,0.46,0.23,1392|5362|6387|56896,CRH|PLXNA2|CXCL12|DPYSL5,-1.6,0
1,-2.6,C0266052,M1,1,0,DisGeNET,35,Precocious exfoliation of primary tooth,,-2.6,7,4.6,30293,20,871,4,0.46,0.23,715|1281|2697|8600,C1R|COL3A1|GJA1|TNFSF11,-1.6,0
1,-2.6,C0334347,M1,1,0,DisGeNET,35,Eccrine spiradenoma,,-2.6,7,4.6,30293,20,871,4,0.46,0.23,6285|7042|26585|27123,S100B|TGFB2|GREM1|DKK2,-1.6,0
1,-2.6,C0334529,M1,1,0,DisGeNET,35,"Hydatidiform Mole, Partial",,-2.6,7,4.6,30293,20,871,4,0.46,0.23,1028|4313|7262|7291,CDKN1C|MMP2|PHLDA2|TWIST1,-1.6,0
1,-2.6,C0553980,M1,1,0,DisGeNET,35,Endomyocardial Fibrosis,,-2.6,7,4.6,30293,20,871,4,0.46,0.23,1281|1490|5156|7040,COL3A1|CCN2|PDGFRA|TGFB1,-1.6,0
1,-2.6,C0948387,M1,1,0,DisGeNET,35,Secondary Adrenal Insufficiency,,-2.6,7,4.6,30293,20,871,4,0.46,0.23,1392|5054|5055|5122,CRH|SERPINE1|SERPINB2|PCSK1,-1.6,0
1,-2.6,C1301359,M1,1,0,DisGeNET,35,Precursor T cell lymphoblastic leukemia/lymphoblastic lymphoma,,-2.6,7,4.6,30293,20,871,4,0.46,0.23,4851|4854|5156|7852,NOTCH1|NOTCH3|PDGFRA|CXCR4,-1.6,0
1,-2.6,C1856266,M1,1,0,DisGeNET,35,Coronal craniosynostosis,,-2.6,7,4.6,30293,20,871,4,0.46,0.23,2263|5648|7291|7545,FGFR2|MASP1|TWIST1|ZIC1,-1.6,0
1,-2.6,C3160917,M1,1,0,DisGeNET,35,Bladder pain syndrome,,-2.6,7,4.6,30293,20,871,4,0.46,0.23,1392|6869|7130|7481,CRH|TACR1|TNFAIP6|WNT11,-1.6,0
1,-2.6,C3274516,M1,1,0,DisGeNET,35,Single Ventricle Defect,,-2.6,7,4.6,30293,20,871,4,0.46,0.23,348|1906|5992|64220,APOE|EDN1|RFX4|STRA6,-1.6,0
1,-2.6,C0206693,M1,1,0,DisGeNET,35,Medullary carcinoma,,-2.6,3.4,3.8,30293,81,871,8,0.92,0.32,794|3084|5742|7112|7291|23541|26227|29968,CALB2|NRG1|PTGS1|TMPO|TWIST1|SEC14L2|PHGDH|PSAT1,-1.6,0
1,-2.6,C0149519,M1,1,0,DisGeNET,35,Chronic Persistent Hepatitis,,-2.6,5.3,4.2,30293,33,871,5,0.57,0.26,59|1356|4233|4288|7040,ACTA2|CP|MET|MKI67|TGFB1,-1.6,0
1,-2.6,C0542519,M1,1,0,DisGeNET,35,Congenital absence of kidney,,-2.6,5.3,4.2,30293,33,871,5,0.57,0.26,2668|6928|80000|80144|158326,GDNF|HNF1B|GREB1L|FRAS1|FREM1,-1.6,0
1,-2.6,C3714524,M1,1,0,DisGeNET,35,Fibromyxosarcoma,,-2.6,5.3,4.2,30293,33,871,5,0.57,0.26,445|1634|4233|5156|8515,ASS1|DCN|MET|PDGFRA|ITGA10,-1.6,0
1,-2.6,C4281785,M1,1,0,DisGeNET,35,Childhood Absence Epilepsy,,-2.6,5.3,4.2,30293,33,871,5,0.57,0.26,4851|5243|6513|6529|51305,NOTCH1|ABCB1|SLC2A1|SLC6A1|KCNK9,-1.6,0
1,-2.6,C0205770,M1,1,0,DisGeNET,35,Choroid Plexus Papilloma,,-2.6,3.8,3.9,30293,64,871,7,0.8,0.3,1903|3486|6657|6781|7291|7681|51305,S1PR3|IGFBP3|SOX2|STC1|TWIST1|MKRN3|KCNK9,-1.6,0
1,-2.6,C2350236,M1,1,0,DisGeNET,35,Idiopathic Interstitial Pneumonias,,-2.6,3.8,3.9,30293,64,871,7,0.8,0.3,1490|1634|5054|6387|7040|7852|51050,CCN2|DCN|SERPINE1|CXCL12|TGFB1|CXCR4|PI15,-1.6,0
1,-2.6,C0010701,M1,1,0,DisGeNET,35,Phyllodes Tumor,,-2.6,3.1,3.7,30293,100,871,9,1,0.34,1634|1827|4313|5156|6387|7291|7431|7852|150094,DCN|RCAN1|MMP2|PDGFRA|CXCL12|TWIST1|VIM|CXCR4|SIK1,-1.6,0
1,-2.6,C0206062,M1,1,0,DisGeNET,35,"Lung Diseases, Interstitial",,-2.6,2.1,3.3,30293,319,871,19,2.2,0.49,21|133|1287|1490|1832|2294|3675|4312|4908|6696|7040|7046|7412|7852|8482|9547|23541|113791|116113,ABCA3|ADM|COL4A5|CCN2|DSP|FOXF1|ITGA3|MMP1|NTF3|SPP1|TGFB1|TGFBR1|VCAM1|CXCR4|SEMA7A|CXCL14|SEC14L2|PIK3IP1|FOXP4,-1.6,0
1,-2.6,C1145670,M1,1,0,DisGeNET,35,Respiratory Failure,,-2.6,2.1,3.3,30293,319,871,19,2.2,0.49,21|58|90|133|284|1293|1311|1509|1674|2043|2066|2294|2624|5066|5327|6285|6536|10630|26585,ABCA3|ACTA1|ACVR1|ADM|ANGPT1|COL6A3|COMP|CTSD|DES|EPHA4|ERBB4|FOXF1|GATA2|PAM|PLAT|S100B|SLC6A9|PDPN|GREM1,-1.6,0
1,-2.6,C1861403,M1,1,0,DisGeNET,35,Variable expressivity,,-2.6,2.1,3.3,30293,319,871,19,2.2,0.49,58|547|970|1282|1284|1293|1959|2138|2263|3736|3800|3887|3912|4747|5077|5800|6513|7291|51816,ACTA1|KIF1A|CD70|COL4A1|COL4A2|COL6A3|EGR2|EYA1|FGFR2|KCNA1|KIF5C|KRT81|LAMB1|NEFL|PAX3|PTPRO|SLC2A1|TWIST1|ADA2,-1.6,0
1,-2.6,C0266470,M1,1,0,DisGeNET,35,Cerebellar Hypoplasia,,-2.6,2.3,3.4,30293,226,871,15,1.7,0.44,701|1281|1282|2263|2706|3708|3912|6507|7291|7436|7545|26227|29968|55638|84107,BUB1B|COL3A1|COL4A1|FGFR2|GJB2|ITPR1|LAMB1|SLC1A3|TWIST1|VLDLR|ZIC1|PHGDH|PSAT1|SYBU|ZIC4,-1.6,0
1,-2.6,C0678230,M1,1,0,DisGeNET,35,Congenital Epicanthus,,-2.6,1.9,3.2,30293,417,871,23,2.6,0.54,547|701|1281|1501|1717|2263|2334|2697|2719|3090|4854|6492|6899|6925|7291|9037|10082|63976|79633|80000|84107|117581|253738,KIF1A|BUB1B|COL3A1|CTNND2|DHCR7|FGFR2|AFF2|GJA1|GPC3|HIC1|NOTCH3|SIM1|TBX1|TCF4|TWIST1|SEMA5A|GPC6|PRDM16|FAT4|GREB1L|ZIC4|TWIST2|EBF3,-1.6,0
1,-2.6,C0016529,M1,1,0,DisGeNET,35,Forced expiratory volume function,,-2.6,2.2,3.3,30293,272,871,17,2,0.47,654|666|2202|3672|4330|5789|7042|7145|26010|57211|57616|64084|79987|81706|92737|114795|114805,BMP6|BOK|EFEMP1|ITGA1|MN1|PTPRD|TGFB2|TNS1|SPATS2L|ADGRG6|TSHZ3|CLSTN2|SVEP1|PPP1R14C|DNER|TMEM132B|GALNT13,-1.6,0
1,-2.6,C0221765,M1,1,0,DisGeNET,35,Chronic schizophrenia,,-2.6,4.3,4,30293,48,871,6,0.69,0.28,805|3084|6925|10611|10718|23209,CALM2|NRG1|TCF4|PDLIM5|NRG3|MLC1,-1.6,0
1,-2.6,C0699753,M1,1,0,DisGeNET,35,Cancer Relapse,,-2.6,4.3,4,30293,48,871,6,0.69,0.28,875|4233|5243|8549|8829|9518,CBS|MET|ABCB1|LGR5|NRP1|GDF15,-1.6,0
1,-2.6,C3536984,M1,1,0,DisGeNET,35,"Vitamin D-Resistant Rickets, X-Linked",,-2.6,4.3,4,30293,48,871,6,0.69,0.28,4322|5251|6422|6696|6899|22943,MMP13|PHEX|SFRP1|SPP1|TBX1|DKK1,-1.6,0
1,-2.6,C0015469,M1,1,0,DisGeNET,35,Facial paralysis,,-2.6,2.5,3.5,30293,182,871,13,1.5,0.41,58|1282|1293|1674|2138|2697|5155|6444|7040|8600|9244|9758|51816,ACTA1|COL4A1|COL6A3|DES|EYA1|GJA1|PDGFB|SGCD|TGFB1|TNFSF11|CRLF1|FRMPD4|ADA2,-1.6,0
1,-2.6,C0002351,M1,1,0,DisGeNET,35,Altitude Sickness,,-2.6,10,5.1,30293,10,871,3,0.34,0.2,2034|2321|117581,EPAS1|FLT1|TWIST2,-1.6,0
1,-2.6,C0018614,M1,1,0,DisGeNET,35,Hashish Abuse,,-2.6,10,5.1,30293,10,871,3,0.34,0.2,805|1268|5243,CALM2|CNR1|ABCB1,-1.6,0
1,-2.6,C0236735,M1,1,0,DisGeNET,35,Cannabis-Related Disorder,,-2.6,10,5.1,30293,10,871,3,0.34,0.2,805|1268|5243,CALM2|CNR1|ABCB1,-1.6,0
1,-2.6,C0264353,M1,1,0,DisGeNET,35,Bronchomalacia,,-2.6,10,5.1,30293,10,871,3,0.34,0.2,2263|2317|8425,FGFR2|FLNB|LTBP4,-1.6,0
1,-2.6,C0266484,M1,1,0,DisGeNET,35,Schizencephaly,,-2.6,10,5.1,30293,10,871,3,0.34,0.2,1282|1284|6657,COL4A1|COL4A2|SOX2,-1.6,0
1,-2.6,C0268009,M1,1,0,DisGeNET,35,Hyperosmolality,,-2.6,10,5.1,30293,10,871,3,0.34,0.2,284|875|1490,ANGPT1|CBS|CCN2,-1.6,0
1,-2.6,C0339471,M1,1,0,DisGeNET,35,Maculopathy with diabetes mellitus,,-2.6,10,5.1,30293,10,871,3,0.34,0.2,7130|7412|7545,TNFAIP6|VCAM1|ZIC1,-1.6,0
1,-2.6,C0409495,M1,1,0,DisGeNET,35,Protrusio acetabuli,,-2.6,10,5.1,30293,10,871,3,0.34,0.2,4313|5176|7048,MMP2|SERPINF1|TGFBR2,-1.6,0
1,-2.6,C0524730,M1,1,0,DisGeNET,35,Odontome,,-2.6,10,5.1,30293,10,871,3,0.34,0.2,2263|5080|6926,FGFR2|PAX6|TBX3,-1.6,0
1,-2.6,C0553692,M1,1,0,DisGeNET,35,Brain hemorrhage,,-2.6,10,5.1,30293,10,871,3,0.34,0.2,1281|5327|5328,COL3A1|PLAT|PLAU,-1.6,0
1,-2.6,C0729665,M1,1,0,DisGeNET,35,Arteriovenous graft,,-2.6,10,5.1,30293,10,871,3,0.34,0.2,655|5327|6696,BMP7|PLAT|SPP1,-1.6,0
1,-2.6,C0751117,M1,1,0,DisGeNET,35,Cryptogenic Tonic-Clonic Epilepsy,,-2.6,10,5.1,30293,10,871,3,0.34,0.2,1839|4908|10763,HBEGF|NTF3|NES,-1.6,0
1,-2.6,C0751118,M1,1,0,DisGeNET,35,"Epilepsy, Tonic-Clonic, Familial",,-2.6,10,5.1,30293,10,871,3,0.34,0.2,1839|4908|10763,HBEGF|NTF3|NES,-1.6,0
1,-2.6,C0751119,M1,1,0,DisGeNET,35,"Epilepsy, Tonic-Clonic, Symptomatic",,-2.6,10,5.1,30293,10,871,3,0.34,0.2,1839|4908|10763,HBEGF|NTF3|NES,-1.6,0
1,-2.6,C1320453,M1,1,0,DisGeNET,35,Cervical Squamous Cell Carcinoma In Situ,,-2.6,10,5.1,30293,10,871,3,0.34,0.2,4312|4313|6513,MMP1|MMP2|SLC2A1,-1.6,0
1,-2.6,C1704328,M1,1,0,DisGeNET,35,Osteoblastic Osteosarcoma,,-2.6,10,5.1,30293,10,871,3,0.34,0.2,1285|2192|2697,COL4A3|FBLN1|GJA1,-1.6,0
1,-2.6,C1833362,M1,1,0,DisGeNET,35,Sleep-wake cycle disturbance,,-2.6,10,5.1,30293,10,871,3,0.34,0.2,348|1717|26047,APOE|DHCR7|CNTNAP2,-1.6,0
1,-2.6,C1836646,M1,1,0,DisGeNET,35,Dermal translucency,,-2.6,10,5.1,30293,10,871,3,0.34,0.2,1281|7046|7048,COL3A1|TGFBR1|TGFBR2,-1.6,0
1,-2.6,C1847501,M1,1,0,DisGeNET,35,Glut1 Deficiency Syndrome,,-2.6,10,5.1,30293,10,871,3,0.34,0.2,4036|6513|23263,LRP2|SLC2A1|MCF2L,-1.6,0
1,-2.6,C1865304,M1,1,0,DisGeNET,35,Overfolding of the superior helices,,-2.6,10,5.1,30293,10,871,3,0.34,0.2,2263|6299|253738,FGFR2|SALL1|EBF3,-1.6,0
1,-2.6,C3160844,M1,1,0,DisGeNET,35,PAI-1 polymorphism,,-2.6,10,5.1,30293,10,871,3,0.34,0.2,2244|5054|5327,FGB|SERPINE1|PLAT,-1.6,0
1,-2.6,C3258293,M1,1,0,DisGeNET,35,Valvular disease,,-2.6,10,5.1,30293,10,871,3,0.34,0.2,4313|4879|7076,MMP2|NPPB|TIMP1,-1.6,0
1,-2.6,C3489726,M1,1,0,DisGeNET,35,Geleophysic dysplasia,,-2.6,10,5.1,30293,10,871,3,0.34,0.2,7040|9719|170691,TGFB1|ADAMTSL2|ADAMTS17,-1.6,0
1,-2.6,C3711368,M1,1,0,DisGeNET,35,Surfactant Dysfunction,,-2.6,10,5.1,30293,10,871,3,0.34,0.2,21|5961|7040,ABCA3|PRPH2|TGFB1,-1.6,0
1,-2.6,C4025750,M1,1,0,DisGeNET,35,Abnormality of the nasopharynx,,-2.6,10,5.1,30293,10,871,3,0.34,0.2,2263|2697|4281,FGFR2|GJA1|MID1,-1.6,0
1,-2.6,C0032300,M1,1,0,DisGeNET,35,Lobar Pneumonia,,-2.6,2.7,3.5,30293,140,871,11,1.3,0.38,1958|3554|4638|5054|5742|6696|7040|8877|10580|51129|56005,EGR1|IL1R1|MYLK|SERPINE1|PTGS1|SPP1|TGFB1|SPHK1|SORBS1|ANGPTL4|MYDGF,-1.5,0
1,-2.6,C0149958,M1,1,0,DisGeNET,35,Complex partial seizures,,-2.6,2.7,3.5,30293,140,871,11,1.3,0.38,348|1191|1268|1392|5066|5243|6513|6529|6546|6925|7431,APOE|CLU|CNR1|CRH|PAM|ABCB1|SLC2A1|SLC6A1|SLC8A1|TCF4|VIM,-1.5,0
1,-2.6,C0162836,M1,1,0,DisGeNET,35,Hidradenitis Suppurativa,,-2.6,3.4,3.7,30293,82,871,8,0.92,0.32,133|2048|2066|2706|6783|7040|7075|200424,ADM|EPHB2|ERBB4|GJB2|SULT1E1|TGFB1|TIE1|TET3,-1.5,0
1,-2.6,C1378511,M1,1,0,DisGeNET,35,Undifferentiated leukemia,,-2.6,2.9,3.6,30293,120,871,10,1.1,0.36,861|976|2149|2624|4629|5243|6899|7852|27253|54972,RUNX1|ADGRE5|F2R|GATA2|MYH11|ABCB1|TBX1|CXCR4|PCDH17|TMEM132A,-1.5,0
1,-2.6,C0206623,M1,1,0,DisGeNET,35,Adenosquamous carcinoma,,-2.6,3.1,3.6,30293,101,871,9,1,0.34,1832|2321|3875|4233|5156|6657|7048|7431|8543,DSP|FLT1|KRT18|MET|PDGFRA|SOX2|TGFBR2|VIM|LMO4,-1.5,0
1,-2.6,C0346153,M1,1,0,DisGeNET,35,"Breast Cancer, Familial",,-2.6,2.5,3.4,30293,183,871,13,1.5,0.41,284|701|894|2263|2296|3486|5243|7046|8543|9368|27324|55655|100133941,ANGPT1|BUB1B|CCND2|FGFR2|FOXC1|IGFBP3|ABCB1|TGFBR1|LMO4|NHERF1|TOX3|NLRP2|CD24,-1.5,0
1,-2.6,C0917996,M1,1,0,DisGeNET,35,Cerebral Aneurysm,,-2.6,3.7,3.8,30293,65,871,7,0.8,0.3,348|1282|2022|4313|4322|7076|81792,APOE|COL4A1|ENG|MMP2|MMP13|TIMP1|ADAMTS12,-1.5,0
1,-2.6,C0021655,M1,1,0,DisGeNET,35,Insulin Resistance,,-2.6,2.6,3.5,30293,162,871,12,1.4,0.39,1268|2308|3485|5054|5176|6319|6928|10082|57761|79949|169026|284207,CNR1|FOXO1|IGFBP2|SERPINE1|SERPINF1|SCD|HNF1B|GPC6|TRIB3|PLEKHS1|SLC30A8|METRNL,-1.5,0
1,-2.6,C1512981,M1,1,0,DisGeNET,35,Mammary Tumorigenesis,,-2.6,2.6,3.5,30293,162,871,12,1.4,0.39,1030|1490|1958|2066|2069|3675|4851|5054|6513|8600|9846|55366,CDKN2B|CCN2|EGR1|ERBB4|EREG|ITGA3|NOTCH1|SERPINE1|SLC2A1|TNFSF11|GAB2|LGR4,-1.5,0
1,-2.6,C0029443,M1,1,0,DisGeNET,35,Osteomyelitis,,-2.6,2.9,3.6,30293,121,871,10,1.1,0.36,2668|3673|4312|4322|5054|6578|7076|7852|8600|26002,GDNF|ITGA2|MMP1|MMP13|SERPINE1|SLCO2A1|TIMP1|CXCR4|TNFSF11|MOXD1,-1.5,0
1,-2.6,C0003615,M1,1,0,DisGeNET,35,Appendicitis,,-2.6,3.4,3.7,30293,83,871,8,0.92,0.32,133|1906|2317|4627|5054|5328|5806|23541,ADM|EDN1|FLNB|MYH9|SERPINE1|PLAU|PTX3|SEC14L2,-1.5,0
1,-2.6,C0031485,M1,1,0,DisGeNET,35,Phenylketonurias,,-2.6,3.4,3.7,30293,83,871,8,0.92,0.32,445|2670|4129|5066|6520|6899|8140|84570,ASS1|GFAP|MAOB|PAM|SLC3A2|TBX1|SLC7A5|COL25A1,-1.5,0
1,-2.6,C0033770,M1,1,0,DisGeNET,35,Prune Belly Syndrome,,-2.6,3.4,3.7,30293,83,871,8,0.92,0.32,59|290|710|3977|5054|6928|7040|7852,ACTA2|ANPEP|SERPING1|LIFR|SERPINE1|HNF1B|TGFB1|CXCR4,-1.5,0
1,-2.6,C0236018,M1,1,0,DisGeNET,35,Aura,,-2.6,3.4,3.7,30293,83,871,8,0.92,0.32,150|1759|2670|5243|6507|6529|7040|26047,ADRA2A|DNM1|GFAP|ABCB1|SLC1A3|SLC6A1|TGFB1|CNTNAP2,-1.5,0
1,-2.6,C0751111,M1,1,0,DisGeNET,35,Awakening Epilepsy,,-2.6,3.4,3.7,30293,83,871,8,0.92,0.32,150|1759|2670|5243|6507|6529|7040|26047,ADRA2A|DNM1|GFAP|ABCB1|SLC1A3|SLC6A1|TGFB1|CNTNAP2,-1.5,0
1,-2.6,C1853241,M1,1,0,DisGeNET,35,Flat face,,-2.6,3.4,3.7,30293,83,871,8,0.92,0.32,1281|2263|2317|4094|5077|7291|10082|79633,COL3A1|FGFR2|FLNB|MAF|PAX3|TWIST1|GPC6|FAT4,-1.5,0
1,-2.6,C1096063,M1,1,0,DisGeNET,35,Drug Resistant Epilepsy,,-2.6,2.5,3.4,30293,184,871,13,1.5,0.41,348|547|1266|2670|2697|3736|4036|4133|5243|6513|7040|8630|23263,APOE|KIF1A|CNN3|GFAP|GJA1|KCNA1|LRP2|MAP2|ABCB1|SLC2A1|TGFB1|HSD17B6|MCF2L,-1.5,0
1,-2.6,C0013312,M1,1,0,DisGeNET,35,Dupuytren Contracture,,-2.6,5.1,4.1,30293,34,871,5,0.57,0.26,1674|4921|6424|7040|11031,DES|DDR2|SFRP4|TGFB1|RAB31,-1.5,0
1,-2.6,C0013581,M1,1,0,DisGeNET,35,Ectopia Lentis,,-2.6,5.1,4.1,30293,34,871,5,0.57,0.26,875|2201|4053|7042|170691,CBS|FBN2|LTBP2|TGFB2|ADAMTS17,-1.5,0
1,-2.6,C0025323,M1,1,0,DisGeNET,35,Menorrhagia,,-2.6,5.1,4.1,30293,34,871,5,0.57,0.26,3624|4627|5054|5328|64072,INHBA|MYH9|SERPINE1|PLAU|CDH23,-1.5,0
1,-2.6,C0221365,M1,1,0,DisGeNET,35,Double ureter,,-2.6,5.1,4.1,30293,34,871,5,0.57,0.26,2138|2296|2627|2719|26585,EYA1|FOXC1|GATA6|GPC3|GREM1,-1.5,0
1,-2.6,C0235032,M1,1,0,DisGeNET,35,Neurotoxicity Syndromes,,-2.6,5.1,4.1,30293,34,871,5,0.57,0.26,2043|5243|5327|7078|83716,EPHA4|ABCB1|PLAT|TIMP3|CRISPLD2,-1.5,0
1,-2.6,C0339682,M1,1,0,DisGeNET,35,Regular astigmatism - corneal,,-2.6,5.1,4.1,30293,34,871,5,0.57,0.26,1392|4948|5156|7291|11095,CRH|OCA2|PDGFRA|TWIST1|ADAMTS8,-1.5,0
1,-2.6,C0014848,M1,1,0,DisGeNET,35,Esophageal Achalasia,,-2.6,4.3,3.9,30293,49,871,6,0.69,0.28,4313|5054|5055|6285|9244|57611,MMP2|SERPINE1|SERPINB2|S100B|CRLF1|ISLR2,-1.5,0
1,-2.6,C0080233,M1,1,0,DisGeNET,35,Tooth Loss,,-2.6,4.3,3.9,30293,49,871,6,0.69,0.28,348|652|4256|5083|7412|9518,APOE|BMP4|MGP|PAX9|VCAM1|GDF15,-1.5,0
1,-2.6,C0149793,M1,1,0,DisGeNET,35,Amaurosis Fugax,,-2.6,4.3,3.9,30293,49,871,6,0.69,0.28,1501|4312|4854|6696|7048|51816,CTNND2|MMP1|NOTCH3|SPP1|TGFBR2|ADA2,-1.5,0
1,-2.6,C0221775,M1,1,0,DisGeNET,35,Lumbar disc disease,,-2.6,4.3,3.9,30293,49,871,6,0.69,0.28,4312|4313|4322|7076|8483|54829,MMP1|MMP2|MMP13|TIMP1|CILP|ASPN,-1.5,0
1,-2.6,C0259785,M1,1,0,DisGeNET,35,Malignant Meningioma,,-2.6,4.3,3.9,30293,49,871,6,0.69,0.28,1191|3203|3371|4330|7431|7980,CLU|HOXA6|TNC|MN1|VIM|TFPI2,-1.5,0
1,-2.6,C0857175,M1,1,0,DisGeNET,35,Postinfarction,,-2.6,4.3,3.9,30293,49,871,6,0.69,0.28,953|1634|4879|5054|6285|9514,ENTPD1|DCN|NPPB|SERPINE1|S100B|GAL3ST1,-1.5,0
1,-2.6,C4049993,M1,1,0,DisGeNET,35,Aristolochic Acid Nephropathy,,-2.6,4.3,3.9,30293,49,871,6,0.69,0.28,5243|7040|7052|7057|7291|23336,ABCB1|TGFB1|TGM2|THBS1|TWIST1|SYNM,-1.5,0
1,-2.6,C4282128,M1,1,0,DisGeNET,35,PATENT DUCTUS ARTERIOSUS 1,,-2.6,2.3,3.3,30293,229,871,15,1.7,0.44,1293|1545|2048|2296|2621|2697|3371|4739|5292|6696|7052|7852|8829|64093|100133941,COL6A3|CYP1B1|EPHB2|FOXC1|GAS6|GJA1|TNC|NEDD9|PIM1|SPP1|TGM2|CXCR4|NRP1|SMOC1|CD24,-1.5,0
1,-2.6,C0018021,M1,1,0,DisGeNET,35,Goiter,,-2.6,2.7,3.5,30293,142,871,11,1.3,0.38,284|1734|2321|3488|4313|6513|6696|7076|27295|50507|64072,ANGPT1|DIO2|FLT1|IGFBP5|MMP2|SLC2A1|SPP1|TIMP1|PDLIM3|NOX4|CDH23,-1.5,0
1,-2.6,C0028841,M1,1,0,DisGeNET,35,Ocular Hypotension,,-2.6,6.6,4.4,30293,21,871,4,0.46,0.23,1906|3490|7042|7052,EDN1|IGFBP7|TGFB2|TGM2,-1.5,0
1,-2.6,C0206654,M1,1,0,DisGeNET,35,Leiomyomatosis,,-2.6,6.6,4.4,30293,21,871,4,0.46,0.23,1287|1674|4233|6000,COL4A5|DES|MET|RGS7,-1.5,0
1,-2.6,C0236788,M1,1,0,DisGeNET,35,Bipolar II disorder,,-2.6,6.6,4.4,30293,21,871,4,0.46,0.23,133|4036|10611|23263,ADM|LRP2|PDLIM5|MCF2L,-1.5,0
1,-2.6,C0265240,M1,1,0,DisGeNET,35,Goldenhar Syndrome,,-2.6,6.6,4.4,30293,21,871,4,0.46,0.23,6299|7547|22795|81029,SALL1|ZIC3|NID2|WNT5B,-1.5,0
1,-2.6,C0265287,M1,1,0,DisGeNET,35,Acromicric Dysplasia,,-2.6,6.6,4.4,30293,21,871,4,0.46,0.23,7040|7681|9510|9719,TGFB1|MKRN3|ADAMTS1|ADAMTSL2,-1.5,0
1,-2.6,C1737225,M1,1,0,DisGeNET,35,Mesangioproliferative glomerulonephritis,,-2.6,6.6,4.4,30293,21,871,4,0.46,0.23,1490|5155|5742|28984,CCN2|PDGFB|PTGS1|RGCC,-1.5,0
1,-2.6,C1843005,M1,1,0,DisGeNET,35,Absent eyelashes,,-2.6,6.6,4.4,30293,21,871,4,0.46,0.23,2706|26227|80144|117581,GJB2|PHGDH|FRAS1|TWIST2,-1.5,0
1,-2.6,C3495426,M1,1,0,DisGeNET,35,Homocysteinemia,,-2.6,6.6,4.4,30293,21,871,4,0.46,0.23,348|875|5054|5055,APOE|CBS|SERPINE1|SERPINB2,-1.5,0
1,-2.6,C4025218,M1,1,0,DisGeNET,35,Vasculitis of large artery,,-2.6,6.6,4.4,30293,21,871,4,0.46,0.23,284|2258|5806|7412,ANGPT1|FGF13|PTX3|VCAM1,-1.5,0
1,-2.5,C1142166,M1,1,0,DisGeNET,35,Brugada Syndrome (disorder),,-2.5,3.7,3.8,30293,66,871,7,0.8,0.3,805|1832|2697|5318|6319|8553|10371,CALM2|DSP|GJA1|PKP2|SCD|BHLHE40|SEMA3A,-1.5,0
1,-2.5,C2063866,M1,1,0,DisGeNET,35,"Depressive Disorder, Treatment-Resistant",,-2.5,3.7,3.8,30293,66,871,7,0.8,0.3,4036|5021|5999|6586|7364|10752|23263,LRP2|OXTR|RGS4|SLIT3|UGT2B7|CHL1|MCF2L,-1.5,0
1,-2.5,C3463897,M1,1,0,DisGeNET,35,"HYDATIDIFORM MOLE, RECURRENT, 1",,-2.5,3.7,3.8,30293,66,871,7,0.8,0.3,1028|2512|3090|4313|6657|6696|7078,CDKN1C|FTL|HIC1|MMP2|SOX2|SPP1|TIMP3,-1.5,0
1,-2.5,C0040128,M1,1,0,DisGeNET,35,Thyroid Diseases,,-2.5,2.3,3.3,30293,230,871,15,1.7,0.44,1734|2615|3399|3486|4036|5054|5243|6285|6387|6513|6926|7040|50507|55075|64094,DIO2|LRRC32|ID3|IGFBP3|LRP2|SERPINE1|ABCB1|S100B|CXCL12|SLC2A1|TBX3|TGFB1|NOX4|UACA|SMOC2,-1.5,0
1,-2.5,C0494475,M1,1,0,DisGeNET,35,Tonic - clonic seizures,,-2.5,2.1,3.3,30293,300,871,18,2.1,0.48,348|701|1191|1268|1392|1759|3736|5066|5155|5243|6513|6529|6546|6925|9758|23209|26227|150094,APOE|BUB1B|CLU|CNR1|CRH|DNM1|KCNA1|PAM|PDGFB|ABCB1|SLC2A1|SLC6A1|SLC8A1|TCF4|FRMPD4|MLC1|PHGDH|SIK1,-1.5,0
1,-2.5,C0020428,M1,1,0,DisGeNET,35,Hyperaldosteronism,,-2.5,3.3,3.7,30293,84,871,8,0.92,0.32,1392|1906|5054|6277|6423|7040|9746|51305,CRH|EDN1|SERPINE1|S100A6|SFRP2|TGFB1|CLSTN3|KCNK9,-1.5,0
1,-2.5,C4521256,M1,1,0,DisGeNET,35,Glomerulopathy Assessment,,-2.5,3.3,3.7,30293,84,871,8,0.92,0.32,348|1028|1285|1286|1287|6299|6928|7225,APOE|CDKN1C|COL4A3|COL4A4|COL4A5|SALL1|HNF1B|TRPC6,-1.5,0
1,-2.5,C0030499,M1,1,0,DisGeNET,35,Parasitic Diseases,,-2.5,2.5,3.4,30293,164,871,12,1.4,0.39,1311|1993|3673|5243|5742|6285|7040|7057|22943|23657|56005|126393,COMP|ELAVL2|ITGA2|ABCB1|PTGS1|S100B|TGFB1|THBS1|DKK1|SLC7A11|MYDGF|HSPB6,-1.5,0
1,-2.5,C0017205,M1,1,0,DisGeNET,35,Gaucher Disease,,-2.5,2.7,3.5,30293,143,871,11,1.3,0.38,284|1509|2149|2706|3315|3671|4121|6696|7852|9518|10763,ANGPT1|CTSD|F2R|GJB2|HSPB1|ISLR|MAN1A1|SPP1|CXCR4|GDF15|NES,-1.5,0
1,-2.5,C0024530,M1,1,0,DisGeNET,35,Malaria,,-2.5,1.7,3.1,30293,684,871,33,3.8,0.65,19|290|348|928|953|1191|1604|1827|1903|1906|1909|2201|2321|3075|3554|3755|4094|4133|4958|5243|5354|6513|6696|7040|7042|7852|8877|9745|10512|26227|27087|51816|57007,ABCA1|ANPEP|APOE|CD9|ENTPD1|CLU|CD55|RCAN1|S1PR3|EDN1|EDNRA|FBN2|FLT1|CFH|IL1R1|KCNG1|MAF|MAP2|OMD|ABCB1|PLP1|SLC2A1|SPP1|TGFB1|TGFB2|CXCR4|SPHK1|ZNF536|SEMA3C|PHGDH|B3GAT1|ADA2|ACKR3,-1.5,0
1,-2.5,C0020217,M1,1,0,DisGeNET,35,Hydatidiform Mole,,-2.5,2.8,3.5,30293,123,871,10,1.1,0.36,1028|1906|2512|3090|4313|6241|6657|6696|7078|55655,CDKN1C|EDN1|FTL|HIC1|MMP2|RRM2|SOX2|SPP1|TIMP3|NLRP2,-1.5,0
1,-2.5,C1836735,M1,1,0,DisGeNET,35,hypopigmented skin patch,,-2.5,2.8,3.5,30293,123,871,10,1.1,0.36,1294|1490|1910|2263|5077|6591|6899|6925|84570|117581,COL7A1|CCN2|EDNRB|FGFR2|PAX3|SNAI2|TBX1|TCF4|COL25A1|TWIST2,-1.5,0
1,-2.5,C4317123,M1,1,0,DisGeNET,35,Myoclonic Seizures,,-2.5,2.8,3.5,30293,123,871,10,1.1,0.36,348|1191|1268|1392|5066|5243|6513|6529|6546|6925,APOE|CLU|CNR1|CRH|PAM|ABCB1|SLC2A1|SLC6A1|SLC8A1|TCF4,-1.5,0
1,-2.5,C0017654,M1,1,0,DisGeNET,35,Glomerular Filtration Rate,,-2.5,1.9,3.2,30293,399,871,22,2.5,0.53,652|1282|1284|2066|2070|3084|3231|4036|6492|6546|9846|10580|10867|22998|26289|56911|57214|58528|64220|79192|116496|127707,BMP4|COL4A1|COL4A2|ERBB4|EYA4|NRG1|HOXD1|LRP2|SIM1|SLC8A1|GAB2|SORBS1|TSPAN9|LIMCH1|AK5|MAP3K7CL|CEMIP|RRAGD|STRA6|IRX1|NIBAN1|KLHDC7A,-1.5,0
1,-2.5,C0013592,M1,1,0,DisGeNET,35,Ectropion,,-2.5,4.2,3.9,30293,50,871,6,0.69,0.28,19|1294|1545|4312|117581|348938,ABCA1|COL7A1|CYP1B1|MMP1|TWIST2|NIPAL4,-1.5,0
1,-2.5,C0153398,M1,1,0,DisGeNET,35,Hypopharyngeal Cancer,,-2.5,4.2,3.9,30293,50,871,6,0.69,0.28,1827|2706|6657|7291|10630|55655,RCAN1|GJB2|SOX2|TWIST1|PDPN|NLRP2,-1.5,0
1,-2.5,C0027746,M1,1,0,DisGeNET,35,Nerve Degeneration,,-2.5,2.5,3.4,30293,165,871,12,1.4,0.39,348|928|1000|1268|1356|2043|2066|2512|2617|4908|5327|54541,APOE|CD9|CDH2|CNR1|CP|EPHA4|ERBB4|FTL|GARS1|NTF3|PLAT|DDIT4,-1.5,0
1,-2.5,C4025790,M1,1,0,DisGeNET,35,Specific learning disability,,-2.5,2.5,3.4,30293,165,871,12,1.4,0.39,182|1282|2334|2706|3736|6513|6657|6899|6925|7681|8425|27286,JAG1|COL4A1|AFF2|GJB2|KCNA1|SLC2A1|SOX2|TBX1|TCF4|MKRN3|LTBP4|SRPX2,-1.5,0
1,-2.5,C1257925,M1,1,0,DisGeNET,35,"Mammary Carcinoma, Animal",,-2.5,2.7,3.4,30293,144,871,11,1.3,0.38,214|1266|1674|2202|3399|3400|4256|5764|6277|6319|8848,ALCAM|CNN3|DES|EFEMP1|ID3|ID4|MGP|PTN|S100A6|SCD|TSC22D1,-1.5,0
1,-2.5,C0003838,M1,1,0,DisGeNET,35,Arterial Occlusive Diseases,,-2.5,5,4,30293,35,871,5,0.57,0.26,133|875|4837|5327|5328,ADM|CBS|NNMT|PLAT|PLAU,-1.5,0
1,-2.5,C0151480,M1,1,0,DisGeNET,35,Anti-nuclear factor positive,,-2.5,5,4,30293,35,871,5,0.57,0.26,715|2022|4313|6696|9966,C1R|ENG|MMP2|SPP1|TNFSF15,-1.5,0
1,-2.5,C0151945,M1,1,0,DisGeNET,35,Thrombosis of cerebral veins,,-2.5,5,4,30293,35,871,5,0.57,0.26,348|875|1282|5054|8630,APOE|CBS|COL4A1|SERPINE1|HSD17B6,-1.5,0
1,-2.5,C0238281,M1,1,0,DisGeNET,35,Middle Cerebral Artery Syndrome,,-2.5,5,4,30293,35,871,5,0.57,0.26,1906|3589|5327|5328|7130,EDN1|IL11|PLAT|PLAU|TNFAIP6,-1.5,0
1,-2.5,C0281784,M1,1,0,DisGeNET,35,Benign Meningioma,,-2.5,5,4,30293,35,871,5,0.57,0.26,2697|4288|4320|7076|7078,GJA1|MKI67|MMP11|TIMP1|TIMP3,-1.5,0
1,-2.5,C0344559,M1,1,0,DisGeNET,35,Irido-corneo-trabecular dysgenesis (disorder),,-2.5,5,4,30293,35,871,5,0.57,0.26,1000|1545|2296|5077|5080,CDH2|CYP1B1|FOXC1|PAX3|PAX6,-1.5,0
1,-2.5,C0555971,M1,1,0,DisGeNET,35,Oral infection,,-2.5,5,4,30293,35,871,5,0.57,0.26,570|1030|1839|8600|79971,BAAT|CDKN2B|HBEGF|TNFSF11|WLS,-1.5,0
1,-2.5,C0740376,M1,1,0,DisGeNET,35,Middle Cerebral Artery Thrombosis,,-2.5,5,4,30293,35,871,5,0.57,0.26,1906|3589|5327|5328|7130,EDN1|IL11|PLAT|PLAU|TNFAIP6,-1.5,0
1,-2.5,C0751845,M1,1,0,DisGeNET,35,Middle Cerebral Artery Embolus,,-2.5,5,4,30293,35,871,5,0.57,0.26,1906|3589|5327|5328|7130,EDN1|IL11|PLAT|PLAU|TNFAIP6,-1.5,0
1,-2.5,C0751846,M1,1,0,DisGeNET,35,Left Middle Cerebral Artery Infarction,,-2.5,5,4,30293,35,871,5,0.57,0.26,1906|3589|5327|5328|7130,EDN1|IL11|PLAT|PLAU|TNFAIP6,-1.5,0
1,-2.5,C0751847,M1,1,0,DisGeNET,35,"Embolic Infarction, Middle Cerebral Artery",,-2.5,5,4,30293,35,871,5,0.57,0.26,1906|3589|5327|5328|7130,EDN1|IL11|PLAT|PLAU|TNFAIP6,-1.5,0
1,-2.5,C0751848,M1,1,0,DisGeNET,35,"Thrombotic Infarction, Middle Cerebral Artery",,-2.5,5,4,30293,35,871,5,0.57,0.26,1906|3589|5327|5328|7130,EDN1|IL11|PLAT|PLAU|TNFAIP6,-1.5,0
1,-2.5,C0751849,M1,1,0,DisGeNET,35,Right Middle Cerebral Artery Infarction,,-2.5,5,4,30293,35,871,5,0.57,0.26,1906|3589|5327|5328|7130,EDN1|IL11|PLAT|PLAU|TNFAIP6,-1.5,0
1,-2.5,C1720164,M1,1,0,DisGeNET,35,Central corneal thickness,,-2.5,5,4,30293,35,871,5,0.57,0.26,1285|1902|4052|7042|11095,COL4A3|LPAR1|LTBP1|TGFB2|ADAMTS8,-1.5,0
1,-2.5,C3853041,M1,1,0,DisGeNET,35,Severe Congenital Microcephaly,,-2.5,5,4,30293,35,871,5,0.57,0.26,701|3800|6513|6925|26227,BUB1B|KIF5C|SLC2A1|TCF4|PHGDH,-1.5,0
1,-2.5,C0345958,M1,1,0,DisGeNET,35,Large cell carcinoma of lung,,-2.5,3.6,3.7,30293,67,871,7,0.8,0.3,2697|4313|4322|4921|7431|7852|10221,GJA1|MMP2|MMP13|DDR2|VIM|CXCR4|TRIB1,-1.5,0
1,-2.5,C0410207,M1,1,0,DisGeNET,35,Tubular Aggregate Myopathy,,-2.5,3.6,3.7,30293,67,871,7,0.8,0.3,58|348|2621|7040|7301|7431|10371,ACTA1|APOE|GAS6|TGFB1|TYRO3|VIM|SEMA3A,-1.5,0
1,-2.5,C0018939,M1,1,0,DisGeNET,35,Hematological Disease,,-2.5,2.2,3.3,30293,255,871,16,1.8,0.46,861|1030|1958|2624|3075|3491|5054|5156|5243|6281|6387|7040|7852|10468|27295|170692,RUNX1|CDKN2B|EGR1|GATA2|CFH|CCN1|SERPINE1|PDGFRA|ABCB1|S100A10|CXCL12|TGFB1|CXCR4|FST|PDLIM3|ADAMTS18,-1.5,0
1,-2.5,C0263361,M1,1,0,DisGeNET,35,Psoriasis vulgaris,,-2.5,2.2,3.3,30293,255,871,16,1.8,0.46,284|348|1906|2317|2706|3491|3899|4851|6387|6513|7040|9966|23541|29968|57761|84433,ANGPT1|APOE|EDN1|FLNB|GJB2|CCN1|AFF3|NOTCH1|CXCL12|SLC2A1|TGFB1|TNFSF15|SEC14L2|PSAT1|TRIB3|CARD11,-1.5,0
1,-2.5,C0004943,M1,1,0,DisGeNET,35,Behcet Syndrome,,-2.5,1.8,3.1,30293,502,871,26,3,0.58,348|861|1490|1717|2069|2308|2317|2621|3084|3554|3589|3673|4288|4313|4741|5054|5243|6696|7040|7046|7052|7412|9514|23541|25797|51816,APOE|RUNX1|CCN2|DHCR7|EREG|FOXO1|FLNB|GAS6|NRG1|IL1R1|IL11|ITGA2|MKI67|MMP2|NEFM|SERPINE1|ABCB1|SPP1|TGFB1|TGFBR1|TGM2|VCAM1|GAL3ST1|SEC14L2|QPCT|ADA2,-1.5,0
1,-2.5,C0021053,M1,1,0,DisGeNET,35,Immune System Diseases,,-2.5,1.9,3.1,30293,451,871,24,2.8,0.55,348|649|861|953|1827|2048|2069|2697|3075|3702|3899|4851|5021|6285|7040|7057|7852|9514|9966|26047|50507|57514|80332|92737,APOE|BMP1|RUNX1|ENTPD1|RCAN1|EPHB2|EREG|GJA1|CFH|ITK|AFF3|NOTCH1|OXTR|S100B|TGFB1|THBS1|CXCR4|GAL3ST1|TNFSF15|CNTNAP2|NOX4|ARHGAP31|ADAM33|DNER,-1.5,0
1,-2.5,C0031117,M1,1,0,DisGeNET,35,Peripheral Neuropathy,,-2.5,2,3.2,30293,351,871,20,2.3,0.51,348|547|655|1490|1674|1959|2617|2670|3315|4747|4851|5243|5354|5783|6285|6869|6925|7040|9516|55655,APOE|KIF1A|BMP7|CCN2|DES|EGR2|GARS1|GFAP|HSPB1|NEFL|NOTCH1|ABCB1|PLP1|PTPN13|S100B|TACR1|TCF4|TGFB1|LITAF|NLRP2,-1.5,0
1,-2.5,C0152421,M1,1,0,DisGeNET,35,Macrotia,,-2.5,2.4,3.3,30293,188,871,13,1.5,0.41,165|182|547|652|2138|2263|3675|4256|6299|6492|6513|26227|29968,AEBP1|JAG1|KIF1A|BMP4|EYA1|FGFR2|ITGA3|MGP|SALL1|SIM1|SLC2A1|PHGDH|PSAT1,-1.4,0
1,-2.5,C2347747,M1,1,0,DisGeNET,35,Adult Classical Hodgkin Lymphoma,,-2.5,2.2,3.3,30293,233,871,15,1.7,0.44,1490|2048|2308|2624|3122|3315|3702|4233|4821|4851|5243|5292|6493|7075|7078,CCN2|EPHB2|FOXO1|GATA2|HLA-DRA|HSPB1|ITK|MET|NKX2-2|NOTCH1|ABCB1|PIM1|SIM2|TIE1|TIMP3,-1.4,0
1,-2.5,C0003496,M1,1,0,DisGeNET,35,Aortic Rupture,,-2.5,6.3,4.3,30293,22,871,4,0.46,0.23,348|1490|1827|4313,APOE|CCN2|RCAN1|MMP2,-1.4,0
1,-2.5,C0020636,M1,1,0,DisGeNET,35,underdevelopment,,-2.5,6.3,4.3,30293,22,871,4,0.46,0.23,861|1030|5080|6926,RUNX1|CDKN2B|PAX6|TBX3,-1.4,0
1,-2.5,C0041182,M1,1,0,DisGeNET,35,Trophoblastic Neoplasms,,-2.5,6.3,4.3,30293,22,871,4,0.46,0.23,3315|6299|7431|22943,HSPB1|SALL1|VIM|DKK1,-1.4,0
1,-2.5,C0152424,M1,1,0,DisGeNET,35,Common ventricle,,-2.5,6.3,4.3,30293,22,871,4,0.46,0.23,348|1906|5992|64220,APOE|EDN1|RFX4|STRA6,-1.4,0
1,-2.5,C0268281,M1,1,0,DisGeNET,35,Infantile neuronal ceroid lipofuscinosis,,-2.5,6.3,4.3,30293,22,871,4,0.46,0.23,1808|2670|4610|7431,DPYSL2|GFAP|MYCL|VIM,-1.4,0
1,-2.5,C0342199,M1,1,0,DisGeNET,35,Iodine deficiency syndrome,,-2.5,6.3,4.3,30293,22,871,4,0.46,0.23,348|1734|2173|4851,APOE|DIO2|FABP7|NOTCH1,-1.4,0
1,-2.5,C0344529,M1,1,0,DisGeNET,35,Cornea plana,,-2.5,6.3,4.3,30293,22,871,4,0.46,0.23,1634|2296|4060|7042,DCN|FOXC1|LUM|TGFB2,-1.4,0
1,-2.5,C0684686,M1,1,0,DisGeNET,35,Secondary malignant neoplasm of soft tissues,,-2.5,6.3,4.3,30293,22,871,4,0.46,0.23,1674|2670|8600|23462,DES|GFAP|TNFSF11|HEY1,-1.4,0
1,-2.5,C1321905,M1,1,0,DisGeNET,35,Minimal Brain Dysfunction,,-2.5,6.3,4.3,30293,22,871,4,0.46,0.23,1268|2917|5789|6869,CNR1|GRM7|PTPRD|TACR1,-1.4,0
1,-2.5,C1848641,M1,1,0,DisGeNET,35,Profound sensorineural hearing loss,,-2.5,6.3,4.3,30293,22,871,4,0.46,0.23,2070|2706|7291|64072,EYA4|GJB2|TWIST1|CDH23,-1.4,0
1,-2.5,C2936739,M1,1,0,DisGeNET,35,"Hyper-Immunoglobulin E Syndrome, Autosomal Dominant",,-2.5,6.3,4.3,30293,22,871,4,0.46,0.23,1490|7040|7046|8600,CCN2|TGFB1|TGFBR1|TNFSF11,-1.4,0
1,-2.5,C3495488,M1,1,0,DisGeNET,35,Axenfeld-Rieger syndrome,,-2.5,6.3,4.3,30293,22,871,4,0.46,0.23,1282|2296|2697|5080,COL4A1|FOXC1|GJA1|PAX6,-1.4,0
1,-2.5,C4021998,M1,1,0,DisGeNET,35,Lack of skin elasticity,,-2.5,6.3,4.3,30293,22,871,4,0.46,0.23,9719|26227|29968|348938,ADAMTSL2|PHGDH|PSAT1|NIPAL4,-1.4,0
1,-2.5,C0010314,M1,1,0,DisGeNET,35,Cri-du-Chat Syndrome,,-2.5,9.5,4.8,30293,11,871,3,0.34,0.2,1501|1958|9037,CTNND2|EGR1|SEMA5A,-1.4,0
1,-2.5,C0154748,M1,1,0,DisGeNET,35,Lesion of Sciatic Nerve,,-2.5,9.5,4.8,30293,11,871,3,0.34,0.2,5999|11075|200424,RGS4|STMN2|TET3,-1.4,0
1,-2.5,C0265514,M1,1,0,DisGeNET,35,Dermatofibrosis lenticularis disseminata,,-2.5,9.5,4.8,30293,11,871,3,0.34,0.2,7040|9244|63976,TGFB1|CRLF1|PRDM16,-1.4,0
1,-2.5,C0272173,M1,1,0,DisGeNET,35,Myelokathexis,,-2.5,9.5,4.8,30293,11,871,3,0.34,0.2,2048|6387|7852,EPHB2|CXCL12|CXCR4,-1.4,0
1,-2.5,C0275904,M1,1,0,DisGeNET,35,"Tuberculosis, Central Nervous System",,-2.5,9.5,4.8,30293,11,871,3,0.34,0.2,4313|7076|9518,MMP2|TIMP1|GDF15,-1.4,0
1,-2.5,C0597854,M1,1,0,DisGeNET,35,renin induced hypertension,,-2.5,9.5,4.8,30293,11,871,3,0.34,0.2,1909|56670|57007,EDNRA|SUCNR1|ACKR3,-1.4,0
1,-2.5,C0600178,M1,1,0,DisGeNET,35,External Carotid Artery Diseases,,-2.5,9.5,4.8,30293,11,871,3,0.34,0.2,348|5328|22808,APOE|PLAU|MRAS,-1.4,0
1,-2.5,C0750986,M1,1,0,DisGeNET,35,Internal Carotid Artery Diseases,,-2.5,9.5,4.8,30293,11,871,3,0.34,0.2,348|5328|22808,APOE|PLAU|MRAS,-1.4,0
1,-2.5,C0750987,M1,1,0,DisGeNET,35,"Arterial Diseases, Common Carotid",,-2.5,9.5,4.8,30293,11,871,3,0.34,0.2,348|5328|22808,APOE|PLAU|MRAS,-1.4,0
1,-2.5,C1335392,M1,1,0,DisGeNET,35,Pericytic Neoplasm,,-2.5,9.5,4.8,30293,11,871,3,0.34,0.2,4313|6513|10763,MMP2|SLC2A1|NES,-1.4,0
1,-2.5,C3812396,M1,1,0,DisGeNET,35,Chronic idiopathic pulmonary fibrosis,,-2.5,9.5,4.8,30293,11,871,3,0.34,0.2,1287|3856|7040,COL4A5|KRT8|TGFB1,-1.4,0
1,-2.5,C4019167,M1,1,0,DisGeNET,35,Speech Sound Disorders,,-2.5,9.5,4.8,30293,11,871,3,0.34,0.2,348|1902|26047,APOE|LPAR1|CNTNAP2,-1.4,0
1,-2.5,C4020705,M1,1,0,DisGeNET,35,Glomerulocystic kidney disease,,-2.5,9.5,4.8,30293,11,871,3,0.34,0.2,1285|1286|6928,COL4A3|COL4A4|HNF1B,-1.4,0
1,-2.5,C4024742,M1,1,0,DisGeNET,35,Aplasia/Hypoplasia of the macula,,-2.5,9.5,4.8,30293,11,871,3,0.34,0.2,2296|5080|5961,FOXC1|PAX6|PRPH2,-1.4,0
1,-2.5,C4330050,M1,1,0,DisGeNET,35,WHO Grade II Glioma,,-2.5,9.5,4.8,30293,11,871,3,0.34,0.2,3486|3910|7026,IGFBP3|LAMA4|NR2F2,-1.4,0
1,-2.5,C4721845,M1,1,0,DisGeNET,35,"Marfan Syndrome, Type I",,-2.5,9.5,4.8,30293,11,871,3,0.34,0.2,4313|7046|7048,MMP2|TGFBR1|TGFBR2,-1.4,0
1,-2.5,C1142533,M1,1,0,DisGeNET,35,Smooth philtrum,,-2.5,3,3.5,30293,105,871,9,1,0.34,1281|4094|4281|4854|5077|5792|6899|9719|10265,COL3A1|MAF|MID1|NOTCH3|PAX3|PTPRF|TBX1|ADAMTSL2|IRX5,-1.4,0
1,-2.5,C1853246,M1,1,0,DisGeNET,35,Eversion of lower lip,,-2.5,3,3.5,30293,105,871,9,1,0.34,1909|2273|2296|5080|7021|26227|29968|84570|348938,EDNRA|FHL1|FOXC1|PAX6|TFAP2B|PHGDH|PSAT1|COL25A1|NIPAL4,-1.4,0
1,-2.5,C0025193,M1,1,0,DisGeNET,35,Melancholia,,-2.5,4.1,3.8,30293,51,871,6,0.69,0.28,1392|2495|2512|4886|6281|23705,CRH|FTH1|FTL|NPY1R|S100A10|CADM1,-1.4,0
1,-2.5,C0037052,M1,1,0,DisGeNET,35,Sick Sinus Syndrome,,-2.5,4.1,3.8,30293,51,871,6,0.69,0.28,805|1490|5318|7040|7057|7412,CALM2|CCN2|PKP2|TGFB1|THBS1|VCAM1,-1.4,0
1,-2.5,C0085576,M1,1,0,DisGeNET,35,Iron-Refractory Iron Deficiency Anemia,,-2.5,4.1,3.8,30293,51,871,6,0.69,0.28,90|649|1356|2022|10265|55240,ACVR1|BMP1|CP|ENG|IRX5|STEAP3,-1.4,0
1,-2.5,C0424139,M1,1,0,DisGeNET,35,Anxiety and fear,,-2.5,4.1,3.8,30293,51,871,6,0.69,0.28,284|348|1392|2149|6869|29968,ANGPT1|APOE|CRH|F2R|TACR1|PSAT1,-1.4,0
1,-2.5,C0741682,M1,1,0,DisGeNET,35,Premenopausal breast cancer,,-2.5,4.1,3.8,30293,51,871,6,0.69,0.28,1545|2263|3486|4233|4320|5243,CYP1B1|FGFR2|IGFBP3|MET|MMP11|ABCB1,-1.4,0
1,-2.5,C1611184,M1,1,0,DisGeNET,35,Calcification of coronary artery,,-2.5,4.1,3.8,30293,51,871,6,0.69,0.28,19|1030|1284|2567|2590|166336,ABCA1|CDKN2B|COL4A2|GABRG3|GALNT2|PRICKLE2,-1.4,0
1,-2.5,C3496337,M1,1,0,DisGeNET,35,Idiopathic Nephrotic Syndrome,,-2.5,4.1,3.8,30293,51,871,6,0.69,0.28,348|1906|1909|5243|7225|83715,APOE|EDN1|EDNRA|ABCB1|TRPC6|ESPN,-1.4,0
1,-2.5,C3896960,M1,1,0,DisGeNET,35,Childhood Pre-B Acute Lymphoblastic Leukemia,,-2.5,4.1,3.8,30293,51,871,6,0.69,0.28,290|861|1030|2022|7162|10611,ANPEP|RUNX1|CDKN2B|ENG|TPBG|PDLIM5,-1.4,0
1,-2.5,C0239676,M1,1,0,DisGeNET,35,High forehead,,-2.5,2.3,3.3,30293,211,871,14,1.6,0.43,652|701|894|1717|1759|2263|2697|3090|4094|6899|7291|9758|22808|253738,BMP4|BUB1B|CCND2|DHCR7|DNM1|FGFR2|GJA1|HIC1|MAF|TBX1|TWIST1|FRMPD4|MRAS|EBF3,-1.4,0
1,-2.5,C0879615,M1,1,0,DisGeNET,35,Stromal Neoplasm,,-2.5,3.2,3.6,30293,86,871,8,0.92,0.32,90|1490|5156|7040|7076|7291|9518|57124,ACVR1|CCN2|PDGFRA|TGFB1|TIMP1|TWIST1|GDF15|CD248,-1.4,0
1,-2.5,C0014145,M1,1,0,DisGeNET,35,Yolk Sac Tumor,,-2.5,3.6,3.7,30293,68,871,7,0.8,0.3,2627|2719|5783|6581|6657|7431|10763,GATA6|GPC3|PTPN13|SLC22A3|SOX2|VIM|NES,-1.4,0
1,-2.5,C0034150,M1,1,0,DisGeNET,35,Purpura,,-2.5,3.6,3.7,30293,68,871,7,0.8,0.3,1356|1906|3075|4233|6899|10878|51816,CP|EDN1|CFH|MET|TBX1|CFHR3|ADA2,-1.4,0
1,-2.5,C0947785,M1,1,0,DisGeNET,35,[D]Sleep disturbances (& [hypersomnia] or [insomnia]),,-2.5,3.6,3.7,30293,68,871,7,0.8,0.3,348|2030|4036|5080|5362|6513|23263,APOE|SLC29A1|LRP2|PAX6|PLXNA2|SLC2A1|MCF2L,-1.4,0
1,-2.5,C0022821,M1,1,0,DisGeNET,35,Kyphosis deformity of spine,,-2.5,2.1,3.2,30293,305,871,18,2.1,0.48,58|875|1293|1311|1604|1717|2048|2273|3490|4854|5327|7040|7057|7123|7681|9244|22943|63976,ACTA1|CBS|COL6A3|COMP|CD55|DHCR7|EPHB2|FHL1|IGFBP7|NOTCH3|PLAT|TGFB1|THBS1|CLEC3B|MKRN3|CRLF1|DKK1|PRDM16,-1.4,0
1,-2.5,C0011633,M1,1,0,DisGeNET,35,Dermatomyositis,,-2.5,2.2,3.2,30293,235,871,15,1.7,0.44,1287|1490|2617|3491|4312|4313|5742|6285|6696|7040|7052|7076|7852|8805|23336,COL4A5|CCN2|GARS1|CCN1|MMP1|MMP2|PTGS1|S100B|SPP1|TGFB1|TGM2|TIMP1|CXCR4|TRIM24|SYNM,-1.4,0
1,-2.5,C0030389,M1,1,0,DisGeNET,35,Parainfluenza,,-2.5,4.8,4,30293,36,871,5,0.57,0.26,1604|4948|7057|23541|56005,CD55|OCA2|THBS1|SEC14L2|MYDGF,-1.4,0
1,-2.5,C0271051,M1,1,0,DisGeNET,35,Macular retinal edema,,-2.5,4.8,4,30293,36,871,5,0.57,0.26,348|2321|5362|10371|51129,APOE|FLT1|PLXNA2|SEMA3A|ANGPTL4,-1.4,0
1,-2.5,C0877430,M1,1,0,DisGeNET,35,Asthma chronic,,-2.5,4.8,4,30293,36,871,5,0.57,0.26,1311|5054|6869|7042|8482,COMP|SERPINE1|TACR1|TGFB2|SEMA7A,-1.4,0
1,-2.5,C0023891,M1,1,0,DisGeNET,35,"Liver Cirrhosis, Alcoholic",,-2.5,2.8,3.4,30293,126,871,10,1.1,0.36,348|1281|2022|2719|4313|4322|5328|7040|7076|9518,APOE|COL3A1|ENG|GPC3|MMP2|MMP13|PLAU|TGFB1|TIMP1|GDF15,-1.4,0
1,-2.5,C1839259,M1,1,0,DisGeNET,35,"Bulbo-Spinal Atrophy, X-Linked",,-2.5,2.8,3.4,30293,126,871,10,1.1,0.36,182|2048|2668|2674|4313|4747|5054|7040|51059|100133941,JAG1|EPHB2|GDNF|GFRA1|MMP2|NEFL|SERPINE1|TGFB1|FAM135B|CD24,-1.4,0
1,-2.5,C0037268,M1,1,0,DisGeNET,35,Skin Abnormalities,,-2.5,3,3.5,30293,106,871,9,1,0.34,1293|1294|2263|2706|4313|4854|5054|7046|9590,COL6A3|COL7A1|FGFR2|GJB2|MMP2|NOTCH3|SERPINE1|TGFBR1|AKAP12,-1.4,0
1,-2.5,C0040997,M1,1,0,DisGeNET,35,Trigeminal Neuralgia,,-2.5,3,3.5,30293,106,871,9,1,0.34,182|805|2670|5054|5155|5292|7078|9244|100133941,JAG1|CALM2|GFAP|SERPINE1|PDGFB|PIM1|TIMP3|CRLF1|CD24,-1.4,0
1,-2.5,C1411966,M1,1,0,DisGeNET,35,Clostridium; difficile (disorder),,-2.5,3,3.5,30293,106,871,9,1,0.34,3976|6281|6657|6869|7040|8630|10580|23336|56005,LIF|S100A10|SOX2|TACR1|TGFB1|HSD17B6|SORBS1|SYNM|MYDGF,-1.4,0
1,-2.4,C0021843,M1,1,0,DisGeNET,35,Intestinal Obstruction,,-2.4,3.2,3.5,30293,87,871,8,0.92,0.32,652|1604|1910|2668|3624|4854|5156|10512,BMP4|CD55|EDNRB|GDNF|INHBA|NOTCH3|PDGFRA|SEMA3C,-1.4,0
1,-2.4,C0041755,M1,1,0,DisGeNET,35,Adverse reaction to drug,,-2.4,3.2,3.5,30293,87,871,8,0.92,0.32,445|1191|1356|2045|5243|6578|6696|126393,ASS1|CLU|CP|EPHA7|ABCB1|SLCO2A1|SPP1|HSPB6,-1.4,0
1,-2.4,C0238190,M1,1,0,DisGeNET,35,Inclusion Body Myositis (disorder),,-2.4,3.2,3.5,30293,87,871,8,0.92,0.32,348|1674|2048|4312|7040|7057|7076|23336,APOE|DES|EPHB2|MMP1|TGFB1|THBS1|TIMP1|SYNM,-1.4,0
1,-2.4,C2986658,M1,1,0,DisGeNET,35,Diffuse Intrinsic Pontine Glioma,,-2.4,3.2,3.5,30293,87,871,8,0.92,0.32,90|1191|2670|3371|5077|5156|5243|92737,ACVR1|CLU|GFAP|TNC|PAX3|PDGFRA|ABCB1|DNER,-1.4,0
1,-2.4,C0024667,M1,1,0,DisGeNET,35,Animal Mammary Neoplasms,,-2.4,2.6,3.4,30293,147,871,11,1.3,0.38,214|1266|1674|2202|3399|3400|4256|5764|6277|6319|8848,ALCAM|CNN3|DES|EFEMP1|ID3|ID4|MGP|PTN|S100A6|SCD|TSC22D1,-1.4,0
1,-2.4,C0007273,M1,1,0,DisGeNET,35,Carotid Artery Diseases,,-2.4,3.5,3.6,30293,69,871,7,0.8,0.3,348|1906|2244|4233|5328|7436|22808,APOE|EDN1|FGB|MET|PLAU|VLDLR|MRAS,-1.4,0
1,-2.4,C0020635,M1,1,0,DisGeNET,35,Hypopituitarism,,-2.4,3.5,3.6,30293,69,871,7,0.8,0.3,348|2619|2817|5080|6492|6657|55512,APOE|GAS1|GPC1|PAX6|SIM1|SOX2|SMPD3,-1.4,0
1,-2.4,C0271160,M1,1,0,DisGeNET,35,Cortical cataract,,-2.4,3.5,3.6,30293,69,871,7,0.8,0.3,1490|1501|5080|7040|7076|9518|29968,CCN2|CTNND2|PAX6|TGFB1|TIMP1|GDF15|PSAT1,-1.4,0
1,-2.4,C1842083,M1,1,0,DisGeNET,35,Abnormality of the ribs,,-2.4,3.5,3.6,30293,69,871,7,0.8,0.3,182|1717|2263|2317|2719|6299|8600,JAG1|DHCR7|FGFR2|FLNB|GPC3|SALL1|TNFSF11,-1.4,0
1,-2.4,C0265535,M1,1,0,DisGeNET,35,Trigonocephaly,,-2.4,4,3.7,30293,52,871,6,0.69,0.28,2263|4091|6536|7291|7545|158326,FGFR2|SMAD6|SLC6A9|TWIST1|ZIC1|FREM1,-1.4,0
1,-2.4,C0564567,M1,1,0,DisGeNET,35,Impulsive character (finding),,-2.4,4,3.7,30293,52,871,6,0.69,0.28,2048|2149|4129|5155|60598|130497,EPHB2|F2R|MAOB|PDGFB|KCNK15|OSR1,-1.4,0
1,-2.4,C1855496,M1,1,0,DisGeNET,35,Contiguous gene syndrome,,-2.4,4,3.7,30293,52,871,6,0.69,0.28,861|2022|4129|5080|6899|7291,RUNX1|ENG|MAOB|PAX6|TBX1|TWIST1,-1.4,0
1,-2.4,C2363142,M1,1,0,DisGeNET,35,T-Cell Prolymphocytic Leukemia,,-2.4,4,3.7,30293,52,871,6,0.69,0.28,570|4851|5243|6285|23213|55959,BAAT|NOTCH1|ABCB1|S100B|SULF1|SULF2,-1.4,0
1,-2.4,C4054727,M1,1,0,DisGeNET,35,Infant Acute Lymphoblastic Leukemia,,-2.4,4,3.7,30293,52,871,6,0.69,0.28,1030|1993|2030|3899|6285|7076,CDKN2B|ELAVL2|SLC29A1|AFF3|S100B|TIMP1,-1.4,0
1,-2.4,C0025289,M1,1,0,DisGeNET,35,Meningitis,,-2.4,2.4,3.3,30293,191,871,13,1.5,0.41,2668|3075|3485|4908|5054|7040|7057|7076|7431|7852|10468|23705|57124,GDNF|CFH|IGFBP2|NTF3|SERPINE1|TGFB1|THBS1|TIMP1|VIM|CXCR4|FST|CADM1|CD248,-1.4,0
1,-2.4,C2362324,M1,1,0,DisGeNET,35,Pediatric Obesity,,-2.4,2.4,3.3,30293,191,871,13,1.5,0.41,284|348|1268|1993|4232|4313|5021|5054|5122|6319|7040|9518|51129,ANGPT1|APOE|CNR1|ELAVL2|MEST|MMP2|OXTR|SERPINE1|PCSK1|SCD|TGFB1|GDF15|ANGPTL4,-1.4,0
1,-2.4,C0037315,M1,1,0,DisGeNET,35,Sleep Apnea Syndromes,,-2.4,2.6,3.3,30293,148,871,11,1.3,0.38,348|1281|1282|1674|2263|6285|6513|6925|7291|7681|27286,APOE|COL3A1|COL4A1|DES|FGFR2|S100B|SLC2A1|TCF4|TWIST1|MKRN3|SRPX2,-1.4,0
1,-2.4,C0002874,M1,1,0,DisGeNET,35,Aplastic Anemia,,-2.4,2.2,3.2,30293,237,871,15,1.7,0.44,652|654|861|970|1604|2321|2624|3400|3589|7040|7852|8877|10580|55655|56005,BMP4|BMP6|RUNX1|CD70|CD55|FLT1|GATA2|ID4|IL11|TGFB1|CXCR4|SPHK1|SORBS1|NLRP2|MYDGF,-1.4,0
1,-2.4,C0151786,M1,1,0,DisGeNET,35,Muscle Weakness,,-2.4,1.8,3,30293,536,871,27,3.1,0.59,58|715|1282|1293|1490|1674|2201|2273|2697|3315|4233|4747|4851|4908|5327|5354|6424|6444|6696|7040|10371|22808|50507|51816|54756|64759|79971,ACTA1|C1R|COL4A1|COL6A3|CCN2|DES|FBN2|FHL1|GJA1|HSPB1|MET|NEFL|NOTCH1|NTF3|PLAT|PLP1|SFRP4|SGCD|SPP1|TGFB1|SEMA3A|MRAS|NOX4|ADA2|IL17RD|TNS3|WLS,-1.4,0
1,-2.4,C0276289,M1,1,0,DisGeNET,35,Zika Virus Infection,,-2.4,2.4,3.2,30293,192,871,13,1.5,0.41,133|654|2048|2668|6657|7301|10625|26227|27087|54541|55512|117581|100133941,ADM|BMP6|EPHB2|GDNF|SOX2|TYRO3|IVNS1ABP|PHGDH|B3GAT1|DDIT4|SMPD3|TWIST2|CD24,-1.4,0
1,-2.4,C1512127,M1,1,0,DisGeNET,35,HER2 gene amplification,,-2.4,2.5,3.3,30293,170,871,12,1.4,0.39,1509|2066|2069|2263|3084|4233|4288|5156|7076|9846|10580|100133941,CTSD|ERBB4|EREG|FGFR2|NRG1|MET|MKI67|PDGFRA|TIMP1|GAB2|SORBS1|CD24,-1.4,0
1,-2.4,C0011757,M1,1,0,DisGeNET,35,Developmental Coordination Disorder,,-2.4,6,4.2,30293,23,871,4,0.46,0.23,2263|7048|9495|130497,FGFR2|TGFBR2|AKAP5|OSR1,-1.4,0
1,-2.4,C0019154,M1,1,0,DisGeNET,35,Hepatic Vein Thrombosis,,-2.4,6,4.2,30293,23,871,4,0.46,0.23,1604|5054|7057|11075,CD55|SERPINE1|THBS1|STMN2,-1.4,0
1,-2.4,C0029445,M1,1,0,DisGeNET,35,Bone necrosis,,-2.4,6,4.2,30293,23,871,4,0.46,0.23,654|4313|5054|5243,BMP6|MMP2|SERPINE1|ABCB1,-1.4,0
1,-2.4,C0241013,M1,1,0,DisGeNET,35,Increased serum ferritin,,-2.4,6,4.2,30293,23,871,4,0.46,0.23,1356|2495|2512|55240,CP|FTH1|FTL|STEAP3,-1.4,0
1,-2.4,C0265341,M1,1,0,DisGeNET,35,Rieger syndrome,,-2.4,6,4.2,30293,23,871,4,0.46,0.23,1282|1545|2296|5080,COL4A1|CYP1B1|FOXC1|PAX6,-1.4,0
1,-2.4,C0878681,M1,1,0,DisGeNET,35,Dent's disease,,-2.4,6,4.2,30293,23,871,4,0.46,0.23,1509|4036|5251|8029,CTSD|LRP2|PHEX|CUBN,-1.4,0
1,-2.4,C1266086,M1,1,0,DisGeNET,35,Polymorphous low grade adenocarcinoma,,-2.4,6,4.2,30293,23,871,4,0.46,0.23,4288|6285|7852|57007,MKI67|S100B|CXCR4|ACKR3,-1.4,0
1,-2.4,C1275684,M1,1,0,DisGeNET,35,Meibomian gland dysfunction,,-2.4,6,4.2,30293,23,871,4,0.46,0.23,348|5176|6319|7040,APOE|SERPINF1|SCD|TGFB1,-1.4,0
1,-2.4,C1568247,M1,1,0,DisGeNET,35,"Usher Syndrome, Type I",,-2.4,6,4.2,30293,23,871,4,0.46,0.23,5362|5961|64072|83715,PLXNA2|PRPH2|CDH23|ESPN,-1.4,0
1,-2.4,C1836193,M1,1,0,DisGeNET,35,Synostosis of carpal bones,,-2.4,6,4.2,30293,23,871,4,0.46,0.23,2263|5077|5307|64093,FGFR2|PAX3|PITX1|SMOC1,-1.4,0
1,-2.4,C2609253,M1,1,0,DisGeNET,35,Macrovascular disease,,-2.4,6,4.2,30293,23,871,4,0.46,0.23,348|2244|5054|9518,APOE|FGB|SERPINE1|GDF15,-1.4,0
1,-2.4,C2717759,M1,1,0,DisGeNET,35,Degenerative Intervertebral Discs,,-2.4,6,4.2,30293,23,871,4,0.46,0.23,290|655|7040|23213,ANPEP|BMP7|TGFB1|SULF1,-1.4,0
1,-2.4,C3874381,M1,1,0,DisGeNET,35,Childhood nephrotic syndrome,,-2.4,6,4.2,30293,23,871,4,0.46,0.23,348|928|5243|7040,APOE|CD9|ABCB1|TGFB1,-1.4,0
1,-2.4,C0002438,M1,1,0,DisGeNET,35,Amebiasis,,-2.4,4.7,3.9,30293,37,871,5,0.57,0.26,1281|4223|6696|7021|56005,COL3A1|MEOX2|SPP1|TFAP2B|MYDGF,-1.4,0
1,-2.4,C0153687,M1,1,0,DisGeNET,35,Secondary malignant neoplasm of skin,,-2.4,4.7,3.9,30293,37,871,5,0.57,0.26,1464|7040|7042|7043|7048,CSPG4|TGFB1|TGFB2|TGFB3|TGFBR2,-1.4,0
1,-2.4,C0262401,M1,1,0,DisGeNET,35,Carcinoma of ampulla of Vater,,-2.4,4.7,3.9,30293,37,871,5,0.57,0.26,2066|4288|5328|6657|6696,ERBB4|MKI67|PLAU|SOX2|SPP1,-1.4,0
1,-2.4,C0740903,M1,1,0,DisGeNET,35,allergic symptom,,-2.4,4.7,3.9,30293,37,871,5,0.57,0.26,182|710|4851|6696|10371,JAG1|SERPING1|NOTCH1|SPP1|SEMA3A,-1.4,0
1,-2.4,C4551854,M1,1,0,DisGeNET,35,HYPOPLASTIC LEFT HEART SYNDROME 1,,-2.4,4.7,3.9,30293,37,871,5,0.57,0.26,348|2066|2697|4851|6899,APOE|ERBB4|GJA1|NOTCH1|TBX1,-1.4,0
1,-2.4,C0034068,M1,1,0,DisGeNET,35,Pulmonary Eosinophilia,,-2.4,3.5,3.6,30293,70,871,7,0.8,0.3,3554|3589|5156|7040|7057|51200|56005,IL1R1|IL11|PDGFRA|TGFB1|THBS1|CPA4|MYDGF,-1.4,0
1,-2.4,C0234958,M1,1,0,DisGeNET,35,Muscle degeneration,,-2.4,3.5,3.6,30293,70,871,7,0.8,0.3,58|1191|1674|2273|4854|8553|81035,ACTA1|CLU|DES|FHL1|NOTCH3|BHLHE40|COLEC12,-1.4,0
1,-2.4,C0278484,M1,1,0,DisGeNET,35,Malignant neoplasm of colon stage IV,,-2.4,2.9,3.4,30293,108,871,9,1,0.34,214|2192|3490|4851|5054|7042|7431|8829|56937,ALCAM|FBLN1|IGFBP7|NOTCH1|SERPINE1|TGFB2|VIM|NRP1|PMEPA1,-1.4,0
1,-2.4,C0575802,M1,1,0,DisGeNET,35,Small hand,,-2.4,2.9,3.4,30293,108,871,9,1,0.34,182|1281|1501|2263|2697|6578|6925|7681|9037,JAG1|COL3A1|CTNND2|FGFR2|GJA1|SLCO2A1|TCF4|MKRN3|SEMA5A,-1.4,0
1,-2.4,C1854301,M1,1,0,DisGeNET,35,Motor delay,,-2.4,1.9,3.1,30293,384,871,21,2.4,0.52,58|1293|1674|1959|2201|2263|3708|3736|4322|4747|4854|6507|6925|7138|7681|8425|8492|23209|51816|55603|84504,ACTA1|COL6A3|DES|EGR2|FBN2|FGFR2|ITPR1|KCNA1|MMP13|NEFL|NOTCH3|SLC1A3|TCF4|TNNT1|MKRN3|LTBP4|PRSS12|MLC1|ADA2|TENT5A|NKX6-2,-1.4,0
1,-2.4,C0011573,M1,1,0,DisGeNET,35,Endogenous depression,,-2.4,3.9,3.7,30293,53,871,6,0.69,0.28,1392|2495|2512|4886|6281|23705,CRH|FTH1|FTL|NPY1R|S100A10|CADM1,-1.4,0
1,-2.4,C0206633,M1,1,0,DisGeNET,35,Angiomyolipoma,,-2.4,3.9,3.7,30293,53,871,6,0.69,0.28,1464|4851|5328|7431|10752|50507,CSPG4|NOTCH1|PLAU|VIM|CHL1|NOX4,-1.4,0
1,-2.4,C0221232,M1,1,0,DisGeNET,35,Welts,,-2.4,3.9,3.7,30293,53,871,6,0.69,0.28,710|928|1509|4133|64093|80332,SERPING1|CD9|CTSD|MAP2|SMOC1|ADAM33,-1.4,0
1,-2.4,C1853737,M1,1,0,DisGeNET,35,Prominent occiput,,-2.4,3.9,3.7,30293,53,871,6,0.69,0.28,1028|2317|7021|7291|26227|29968,CDKN1C|FLNB|TFAP2B|TWIST1|PHGDH|PSAT1,-1.4,0
1,-2.4,C0029458,M1,1,0,DisGeNET,35,"Osteoporosis, Postmenopausal",,-2.4,2.4,3.3,30293,171,871,12,1.4,0.39,652|1993|4502|4879|5054|6422|6586|6696|7040|8600|10371|84624,BMP4|ELAVL2|MT2A|NPPB|SERPINE1|SFRP1|SLIT3|SPP1|TGFB1|TNFSF11|SEMA3A|FNDC1,-1.4,0
1,-2.4,C0015923,M1,1,0,DisGeNET,35,Fetal Alcohol Syndrome,,-2.4,3.1,3.5,30293,89,871,8,0.92,0.32,288|1268|1612|5156|5783|7040|10752|84631,ANK3|CNR1|DAPK1|PDGFRA|PTPN13|TGFB1|CHL1|SLITRK2,-1.4,0
1,-2.4,C1839326,M1,1,0,DisGeNET,35,Abnormal form of the vertebral bodies,,-2.4,3.1,3.5,30293,89,871,8,0.92,0.32,1717|2263|2697|4313|4854|7291|64093|84570,DHCR7|FGFR2|GJA1|MMP2|NOTCH3|TWIST1|SMOC1|COL25A1,-1.4,0
1,-2.4,C0013362,M1,1,0,DisGeNET,35,Dysarthria,,-2.4,1.8,3,30293,487,871,25,2.9,0.57,953|1356|2512|2697|2895|3708|3736|4036|5155|5354|6507|6513|6529|7048|7436|8722|9627|10371|22808|23263|27286|51816|54756|84504|253738,ENTPD1|CP|FTL|GJA1|GRID2|ITPR1|KCNA1|LRP2|PDGFB|PLP1|SLC1A3|SLC2A1|SLC6A1|TGFBR2|VLDLR|CTSF|SNCAIP|SEMA3A|MRAS|MCF2L|SRPX2|ADA2|IL17RD|NKX6-2|EBF3,-1.4,0
1,-2.4,C0276138,M1,1,0,DisGeNET,35,Viral myocarditis,,-2.4,2.7,3.3,30293,129,871,10,1.1,0.36,2149|2697|4969|7040|7412|8482|9510|10252|10265|50507,F2R|GJA1|OGN|TGFB1|VCAM1|SEMA7A|ADAMTS1|SPRY1|IRX5|NOX4,-1.4,0
1,-2.4,C0020757,M1,1,0,DisGeNET,35,Ichthyoses,,-2.4,2.3,3.2,30293,194,871,13,1.5,0.41,21|1287|1294|1832|2273|2706|3315|8630|10371|26227|29968|54756|348938,ABCA3|COL4A5|COL7A1|DSP|FHL1|GJB2|HSPB1|HSD17B6|SEMA3A|PHGDH|PSAT1|IL17RD|NIPAL4,-1.3,0
1,-2.4,C0266362,M1,1,0,DisGeNET,35,Ambiguous Genitalia,,-2.4,2.9,3.4,30293,109,871,9,1,0.34,701|1717|2263|2619|5080|26227|29968|80144|117581,BUB1B|DHCR7|FGFR2|GAS1|PAX6|PHGDH|PSAT1|FRAS1|TWIST2,-1.3,0
1,-2.4,C1306710,M1,1,0,DisGeNET,35,Facial asymmetry,,-2.4,2.9,3.4,30293,109,871,9,1,0.34,1906|1909|2138|2263|6299|7291|7545|7547|84570,EDN1|EDNRA|EYA1|FGFR2|SALL1|TWIST1|ZIC1|ZIC3|COL25A1,-1.3,0
1,-2.4,C0278689,M1,1,0,DisGeNET,35,Recurrent ovarian cancer,,-2.4,3.4,3.5,30293,71,871,7,0.8,0.3,445|4233|5054|5243|6696|7052|7291,ASS1|MET|SERPINE1|ABCB1|SPP1|TGM2|TWIST1,-1.3,0
1,-2.4,C4050407,M1,1,0,DisGeNET,35,Pauci-immune Glomerulonephritis associated with Granulomatosis with Polyangiitis,,-2.4,3.4,3.5,30293,71,871,7,0.8,0.3,2317|4313|7040|7042|7076|7078|23541,FLNB|MMP2|TGFB1|TGFB2|TIMP1|TIMP3|SEC14L2,-1.3,0
1,-2.4,C0033893,M1,1,0,DisGeNET,35,Tension Headache,,-2.4,8.7,4.6,30293,12,871,3,0.34,0.2,348|4129|4854,APOE|MAOB|NOTCH3,-1.3,0
1,-2.4,C0038219,M1,1,0,DisGeNET,35,Status Dysraphicus,,-2.4,8.7,4.6,30293,12,871,3,0.34,0.2,2263|5077|5156,FGFR2|PAX3|PDGFRA,-1.3,0
1,-2.4,C0175703,M1,1,0,DisGeNET,35,Thrombocytopenia-Absent Radius Syndrome,,-2.4,8.7,4.6,30293,12,871,3,0.34,0.2,2022|7043|64093,ENG|TGFB3|SMOC1,-1.3,0
1,-2.4,C0221259,M1,1,0,DisGeNET,35,Trichiasis,,-2.4,8.7,4.6,30293,12,871,3,0.34,0.2,1490|2706|4312,CCN2|GJB2|MMP1,-1.3,0
1,-2.4,C0221290,M1,1,0,DisGeNET,35,Chondromyxoid fibroma,,-2.4,8.7,4.6,30293,12,871,3,0.34,0.2,214|1284|6285,ALCAM|COL4A2|S100B,-1.3,0
1,-2.4,C0231557,M1,1,0,DisGeNET,35,Abnormal bone formation,,-2.4,8.7,4.6,30293,12,871,3,0.34,0.2,3856|4851|57211,KRT8|NOTCH1|ADGRG6,-1.3,0
1,-2.4,C0241521,M1,1,0,DisGeNET,35,Ulnar deviation of hand,,-2.4,8.7,4.6,30293,12,871,3,0.34,0.2,1311|5077|57211,COMP|PAX3|ADGRG6,-1.3,0
1,-2.4,C0264766,M1,1,0,DisGeNET,35,Rheumatic mitral stenosis,,-2.4,8.7,4.6,30293,12,871,3,0.34,0.2,5054|6783|7076,SERPINE1|SULT1E1|TIMP1,-1.3,0
1,-2.4,C0265191,M1,1,0,DisGeNET,35,Chronic acquired lymphedema,,-2.4,8.7,4.6,30293,12,871,3,0.34,0.2,133|4233|10267,ADM|MET|RAMP1,-1.3,0
1,-2.4,C0265289,M1,1,0,DisGeNET,35,Metaphyseal chondrodysplasia Schmid type,,-2.4,8.7,4.6,30293,12,871,3,0.34,0.2,1300|4322|79971,COL10A1|MMP13|WLS,-1.3,0
1,-2.4,C0344312,M1,1,0,DisGeNET,35,White forelock,,-2.4,8.7,4.6,30293,12,871,3,0.34,0.2,1910|5077|6591,EDNRB|PAX3|SNAI2,-1.3,0
1,-2.4,C1527348,M1,1,0,DisGeNET,35,Brain Hypoxia,,-2.4,8.7,4.6,30293,12,871,3,0.34,0.2,3708|5066|6513,ITPR1|PAM|SLC2A1,-1.3,0
1,-2.4,C1557335,M1,1,0,DisGeNET,35,Ocular surface disease,,-2.4,8.7,4.6,30293,12,871,3,0.34,0.2,1191|5080|7057,CLU|PAX6|THBS1,-1.3,0
1,-2.4,C1701939,M1,1,0,DisGeNET,35,Familial pulmonary arterial hypertension,,-2.4,8.7,4.6,30293,12,871,3,0.34,0.2,2022|7040|7057,ENG|TGFB1|THBS1,-1.3,0
1,-2.4,C1848873,M1,1,0,DisGeNET,35,Abnormality of the diaphragm,,-2.4,8.7,4.6,30293,12,871,3,0.34,0.2,58|1634|7026,ACTA1|DCN|NR2F2,-1.3,0
1,-2.4,C1850534,M1,1,0,DisGeNET,35,"Edema, generalized",,-2.4,8.7,4.6,30293,12,871,3,0.34,0.2,1604|3075|26227,CD55|CFH|PHGDH,-1.3,0
1,-2.4,C1960458,M1,1,0,DisGeNET,35,Differentiation syndrome due to and following chemotherapy co-occurrent with acute promyelocytic leukemia,,-2.4,8.7,4.6,30293,12,871,3,0.34,0.2,290|1030|4313,ANPEP|CDKN2B|MMP2,-1.3,0
1,-2.4,C2609315,M1,1,0,DisGeNET,35,Retinal angiomatous proliferation,,-2.4,8.7,4.6,30293,12,871,3,0.34,0.2,3075|5362|7436,CFH|PLXNA2|VLDLR,-1.3,0
1,-2.4,C3840252,M1,1,0,DisGeNET,35,Pseudomyogenic (epithelioid sarcoma-like) hemangioendothelioma,,-2.4,8.7,4.6,30293,12,871,3,0.34,0.2,2321|5054|5156,FLT1|SERPINE1|PDGFRA,-1.3,0
1,-2.4,C4082769,M1,1,0,DisGeNET,35,Chronic Traumatic Encephalopathy,,-2.4,8.7,4.6,30293,12,871,3,0.34,0.2,348|4747|7057,APOE|NEFL|THBS1,-1.3,0
1,-2.4,C4554651,M1,1,0,DisGeNET,35,"Generalized Edema, CTCAE",,-2.4,8.7,4.6,30293,12,871,3,0.34,0.2,1604|3075|26227,CD55|CFH|PHGDH,-1.3,0
1,-2.4,C0202239,M1,1,0,DisGeNET,35,Uric acid measurement (procedure),,-2.4,2.1,3.1,30293,264,871,16,1.8,0.46,182|2066|2683|3084|4036|5792|7057|8029|23017|29128|54829|56896|84870|152330|220963|401541,JAG1|ERBB4|B4GALT1|NRG1|LRP2|PTPRF|THBS1|CUBN|FAIM2|UHRF1|ASPN|DPYSL5|RSPO3|CNTN4|SLC16A9|CENPP,-1.3,0
1,-2.4,C0242647,M1,1,0,DisGeNET,35,Mucosa-Associated Lymphoid Tissue Lymphoma,,-2.4,2.1,3.1,30293,264,871,16,1.8,0.46,1028|1266|1612|2066|2308|4288|5292|5742|5789|6387|7040|7412|7431|7852|55655|84433,CDKN1C|CNN3|DAPK1|ERBB4|FOXO1|MKI67|PIM1|PTGS1|PTPRD|CXCL12|TGFB1|VCAM1|VIM|CXCR4|NLRP2|CARD11,-1.3,0
1,-2.4,C0432474,M1,1,0,DisGeNET,35,Klinefelter's syndrome - male with more than two X chromosomes,,-2.4,3.1,3.4,30293,90,871,8,0.92,0.32,1356|2149|2697|3875|5054|8600|25797|29968,CP|F2R|GJA1|KRT18|SERPINE1|TNFSF11|QPCT|PSAT1,-1.3,0
1,-2.4,C0701807,M1,1,0,DisGeNET,35,Acute anterior uveitis,,-2.4,3.1,3.4,30293,90,871,8,0.92,0.32,710|2308|2317|3075|5362|7042|9966|23541,SERPING1|FOXO1|FLNB|CFH|PLXNA2|TGFB2|TNFSF15|SEC14L2,-1.3,0
1,-2.4,C0001342,M1,1,0,DisGeNET,35,Acute periodontitis,,-2.4,2.7,3.3,30293,130,871,10,1.1,0.36,1030|1191|1509|3315|3554|4312|4313|4851|55512|57211,CDKN2B|CLU|CTSD|HSPB1|IL1R1|MMP1|MMP2|NOTCH1|SMPD3|ADGRG6,-1.3,0
1,-2.4,C0018498,M1,1,0,DisGeNET,35,Hair Color,,-2.4,2.7,3.3,30293,130,871,10,1.1,0.36,2917|4948|5077|9590|9846|10752|22808|50863|55366|80144,GRM7|OCA2|PAX3|AKAP12|GAB2|CHL1|MRAS|NTM|LGR4|FRAS1,-1.3,0
1,-2.4,C0043119,M1,1,0,DisGeNET,35,Werner Syndrome,,-2.4,2.7,3.3,30293,130,871,10,1.1,0.36,1281|1634|2202|3203|3486|5054|6513|6876|7040|7076,COL3A1|DCN|EFEMP1|HOXA6|IGFBP3|SERPINE1|SLC2A1|TAGLN|TGFB1|TIMP1,-1.3,0
1,-2.4,C0677944,M1,1,0,DisGeNET,35,Sentinel node (disorder),,-2.4,2.7,3.3,30293,130,871,10,1.1,0.36,2066|2321|3875|5328|6285|6696|7057|7852|23705|29968,ERBB4|FLT1|KRT18|PLAU|S100B|SPP1|THBS1|CXCR4|CADM1|PSAT1,-1.3,0
1,-2.4,C4551993,M1,1,0,DisGeNET,35,"Amyotrophic Lateral Sclerosis, Familial",,-2.4,2.7,3.3,30293,130,871,10,1.1,0.36,794|1191|1509|2637|2668|2670|3976|5179|7078|7431,CALB2|CLU|CTSD|GBX2|GDNF|GFAP|LIF|PENK|TIMP3|VIM,-1.3,0
1,-2.4,C0263912,M1,1,0,DisGeNET,35,Rotator cuff syndrome,,-2.4,3.9,3.6,30293,54,871,6,0.69,0.28,3371|4312|5156|7040|7043|7046,TNC|MMP1|PDGFRA|TGFB1|TGFB3|TGFBR1,-1.3,0
1,-2.4,C1370889,M1,1,0,DisGeNET,35,"Liposarcoma, well differentiated",,-2.4,3.9,3.6,30293,54,871,6,0.69,0.28,1674|4288|4921|5156|7301|27295,DES|MKI67|DDR2|PDGFRA|TYRO3|PDLIM3,-1.3,0
1,-2.4,C3160889,M1,1,0,DisGeNET,35,Node-negative breast cancer,,-2.4,3.9,3.6,30293,54,871,6,0.69,0.28,182|1509|5054|6696|10628|80760,JAG1|CTSD|SERPINE1|SPP1|TXNIP|ITIH5,-1.3,0
1,-2.4,C4025886,M1,1,0,DisGeNET,35,Severe periodontitis,,-2.4,3.9,3.6,30293,54,871,6,0.69,0.28,715|4312|5806|7040|7852|8600,C1R|MMP1|PTX3|TGFB1|CXCR4|TNFSF11,-1.3,0
1,-2.4,C0026857,M1,1,0,DisGeNET,35,Musculoskeletal Diseases,,-2.4,4.6,3.8,30293,38,871,5,0.57,0.26,652|2317|9719|22943|51129,BMP4|FLNB|ADAMTSL2|DKK1|ANGPTL4,-1.3,0
1,-2.4,C0206660,M1,1,0,DisGeNET,35,Germinoma,,-2.4,4.6,3.8,30293,38,871,5,0.57,0.26,6591|7042|10630|10763|117581,SNAI2|TGFB2|PDPN|NES|TWIST2,-1.3,0
1,-2.4,C0266011,M1,1,0,DisGeNET,35,Accessory nipple,,-2.4,4.6,3.8,30293,38,871,5,0.57,0.26,2719|5648|6925|7021|57514,GPC3|MASP1|TCF4|TFAP2B|ARHGAP31,-1.3,0
1,-2.4,C0349604,M1,1,0,DisGeNET,35,Intracranial Meningioma,,-2.4,4.6,3.8,30293,38,871,5,0.57,0.26,214|2697|4313|5155|5243,ALCAM|GJA1|MMP2|PDGFB|ABCB1,-1.3,0
1,-2.4,C1846647,M1,1,0,DisGeNET,35,"DEAFNESS, AUTOSOMAL RECESSIVE (disorder)",,-2.4,4.6,3.8,30293,38,871,5,0.57,0.26,2697|2706|4233|64072|83715,GJA1|GJB2|MET|CDH23|ESPN,-1.3,0
1,-2.4,C2981142,M1,1,0,DisGeNET,35,"Refractory anemia, without ringed sideroblasts, without excess blasts",,-2.4,4.6,3.8,30293,38,871,5,0.57,0.26,861|1030|1604|2149|9518,RUNX1|CDKN2B|CD55|F2R|GDF15,-1.3,0
1,-2.4,C1861453,M1,1,0,DisGeNET,35,Pseudohyperkalemia Cardiff,,-2.4,2.2,3.1,30293,218,871,14,1.6,0.43,348|1240|1268|2719|6513|6696|7040|7412|8870|9037|9518|10512|79901|100133941,APOE|CMKLR1|CNR1|GPC3|SLC2A1|SPP1|TGFB1|VCAM1|IER3|SEMA5A|GDF15|SEMA3C|CYBRD1|CD24,-1.3,0
1,-2.3,C1843108,M1,1,0,DisGeNET,35,Short palm,,-2.3,2.8,3.3,30293,110,871,9,1,0.34,182|1311|2022|2263|2719|6492|7681|9244|9719,JAG1|COMP|ENG|FGFR2|GPC3|SIM1|MKRN3|CRLF1|ADAMTSL2,-1.3,0
1,-2.3,C0018188,M1,1,0,DisGeNET,35,Granuloma,,-2.3,5.8,4,30293,24,871,4,0.46,0.23,2321|3371|4312|6696,FLT1|TNC|MMP1|SPP1,-1.3,0
1,-2.3,C0022579,M1,1,0,DisGeNET,35,Keratoderma,,-2.3,5.8,4,30293,24,871,4,0.46,0.23,1832|2706|6925|348938,DSP|GJB2|TCF4|NIPAL4,-1.3,0
1,-2.3,C0024776,M1,1,0,DisGeNET,35,Maple Syrup Urine Disease,,-2.3,5.8,4,30293,24,871,4,0.46,0.23,1509|5054|7681|64759,CTSD|SERPINE1|MKRN3|TNS3,-1.3,0
1,-2.3,C0233849,M1,1,0,DisGeNET,35,Personality Traits,,-2.3,5.8,4,30293,24,871,4,0.46,0.23,2192|2917|3702|85449,FBLN1|GRM7|ITK|KIAA1755,-1.3,0
1,-2.3,C0338484,M1,1,0,DisGeNET,35,Familial Hemiplegic Migraine,,-2.3,5.8,4,30293,24,871,4,0.46,0.23,1282|1284|4854|6513,COL4A1|COL4A2|NOTCH3|SLC2A1,-1.3,0
1,-2.3,C0856761,M1,1,0,DisGeNET,35,Budd-Chiari Syndrome,,-2.3,5.8,4,30293,24,871,4,0.46,0.23,1604|5054|7057|11075,CD55|SERPINE1|THBS1|STMN2,-1.3,0
1,-2.3,C0936016,M1,1,0,DisGeNET,35,Testicular Feminization,,-2.3,5.8,4,30293,24,871,4,0.46,0.23,3485|3486|3488|7052,IGFBP2|IGFBP3|IGFBP5|TGM2,-1.3,0
1,-2.3,C1527352,M1,1,0,DisGeNET,35,Hepatic Form of Wilson Disease,,-2.3,5.8,4,30293,24,871,4,0.46,0.23,348|1356|4015|7076,APOE|CP|LOX|TIMP1,-1.3,0
1,-2.3,C1832117,M1,1,0,DisGeNET,35,Short humerus,,-2.3,5.8,4,30293,24,871,4,0.46,0.23,2317|6926|7547|10082,FLNB|TBX3|ZIC3|GPC6,-1.3,0
1,-2.3,C3826758,M1,1,0,DisGeNET,35,AIDS (Disease),,-2.3,5.8,4,30293,24,871,4,0.46,0.23,348|6285|6387|7852,APOE|S100B|CXCL12|CXCR4,-1.3,0
1,-2.3,C0034012,M1,1,0,DisGeNET,35,Delayed Puberty,,-2.3,2.3,3.2,30293,196,871,13,1.5,0.41,953|1294|1392|4312|5122|6299|6926|7040|7681|10371|51816|54756|64072,ENTPD1|COL7A1|CRH|MMP1|PCSK1|SALL1|TBX3|TGFB1|MKRN3|SEMA3A|ADA2|IL17RD|CDH23,-1.3,0
1,-2.3,C0036323,M1,1,0,DisGeNET,35,Schistosomiasis,,-2.3,2.5,3.2,30293,152,871,11,1.3,0.38,348|953|1030|1509|4313|5054|5328|6696|6869|7078|10628,APOE|ENTPD1|CDKN2B|CTSD|MMP2|SERPINE1|PLAU|SPP1|TACR1|TIMP3|TXNIP,-1.3,0
1,-2.3,C0011168,M1,1,0,DisGeNET,35,Deglutition Disorders,,-2.3,1.9,3,30293,389,871,21,2.4,0.52,58|348|710|1294|1490|1893|2512|3977|4281|4312|5083|5156|5354|6536|9627|22943|26047|51305|63976|150094|253738,ACTA1|APOE|SERPING1|COL7A1|CCN2|ECM1|FTL|LIFR|MID1|MMP1|PAX9|PDGFRA|PLP1|SLC6A9|SNCAIP|DKK1|CNTNAP2|KCNK9|PRDM16|SIK1|EBF3,-1.3,0
1,-2.3,C0018552,M1,1,0,DisGeNET,35,Hamartoma,,-2.3,3.1,3.4,30293,91,871,8,0.92,0.32,90|2069|3910|7076|7431|8549|22943|26585,ACVR1|EREG|LAMA4|TIMP1|VIM|LGR5|DKK1|GREM1,-1.3,0
1,-2.3,C0423112,M1,1,0,DisGeNET,35,Short palpebral fissure,,-2.3,3.1,3.4,30293,91,871,8,0.92,0.32,2697|2706|3977|6899|6913|64093|79633|84570,GJA1|GJB2|LIFR|TBX1|TBX15|SMOC1|FAT4|COL25A1,-1.3,0
1,-2.3,C0032463,M1,1,0,DisGeNET,35,Polycythemia Vera,,-2.3,2,3,30293,291,871,17,2,0.47,861|1978|2048|2321|3589|4233|4313|5054|5156|5806|6285|6696|6869|7048|9518|22943|23189,RUNX1|EIF4EBP1|EPHB2|FLT1|IL11|MET|MMP2|SERPINE1|PDGFRA|PTX3|S100B|SPP1|TACR1|TGFBR2|GDF15|DKK1|KANK1,-1.3,0
1,-2.3,C0853897,M1,1,0,DisGeNET,35,Diabetic Cardiomyopathies,,-2.3,2.2,3.1,30293,220,871,14,1.6,0.43,1634|1906|2048|2066|2308|2697|3084|5054|5292|6513|6546|6696|7040|10628,DCN|EDN1|EPHB2|ERBB4|FOXO1|GJA1|NRG1|SERPINE1|PIM1|SLC2A1|SLC8A1|SPP1|TGFB1|TXNIP,-1.3,0
1,-2.3,C0085786,M1,1,0,DisGeNET,35,Hamman-Rich syndrome,,-2.3,3.8,3.6,30293,55,871,6,0.69,0.28,21|1490|1634|1832|5054|7040,ABCA3|CCN2|DCN|DSP|SERPINE1|TGFB1,-1.3,0
1,-2.3,C0029882,M1,1,0,DisGeNET,35,Otitis Media,,-2.3,2.4,3.2,30293,175,871,12,1.4,0.39,182|2070|4313|5054|5083|5251|6285|6513|6899|7852|8600|79623,JAG1|EYA4|MMP2|SERPINE1|PAX9|PHEX|S100B|SLC2A1|TBX1|CXCR4|TNFSF11|GALNT14,-1.3,0
1,-2.3,C0030319,M1,1,0,DisGeNET,35,Panic Disorder,,-2.3,2.4,3.2,30293,175,871,12,1.4,0.39,150|348|1191|1392|2668|2823|3554|5021|5054|5142|6000|6869,ADRA2A|APOE|CLU|CRH|GDNF|GPM6A|IL1R1|OXTR|SERPINE1|PDE4B|RGS7|TACR1,-1.3,0
1,-2.3,C0023892,M1,1,0,DisGeNET,35,Biliary cirrhosis,,-2.3,2.6,3.2,30293,132,871,10,1.1,0.36,1490|1906|4015|4313|4322|7040|7048|9966|23225|64399,CCN2|EDN1|LOX|MMP2|MMP13|TGFB1|TGFBR2|TNFSF15|NUP210|HHIP,-1.3,0
1,-2.3,C0023508,M1,1,0,DisGeNET,35,White Blood Cell Count procedure,,-2.3,1.6,2.9,30293,681,871,32,3.7,0.64,182|861|976|1282|1284|2070|2317|3487|4921|5066|5798|6387|6513|7436|9256|9645|9732|10581|22998|25903|29951|50863|57636|57863|64072|64123|64759|79825|84251|84969|375033|401541,JAG1|RUNX1|ADGRE5|COL4A1|COL4A2|EYA4|FLNB|IGFBP4|DDR2|PAM|PTPRN|CXCL12|SLC2A1|VLDLR|TSPOAP1|MICAL2|DOCK4|IFITM2|LIMCH1|OLFML2B|PDZRN4|NTM|ARHGAP23|CADM3|CDH23|ADGRL4|TNS3|EFCC1|SGIP1|TOX2|PEAR1|CENPP,-1.3,0
1,-2.3,C0035235,M1,1,0,DisGeNET,35,Respiratory Syncytial Virus Infections,,-2.3,2.1,3.1,30293,244,871,15,1.7,0.44,182|1268|1490|2048|3976|4851|5054|5740|6513|6696|6869|7040|7057|7076|10625,JAG1|CNR1|CCN2|EPHB2|LIF|NOTCH1|SERPINE1|PTGIS|SLC2A1|SPP1|TACR1|TGFB1|THBS1|TIMP1|IVNS1ABP,-1.3,0
1,-2.3,C0018273,M1,1,0,DisGeNET,35,Growth Disorders,,-2.3,4.5,3.7,30293,39,871,5,0.57,0.26,701|1902|6913|9719|152330,BUB1B|LPAR1|TBX15|ADAMTSL2|CNTN4,-1.3,0
1,-2.3,C0524957,M1,1,0,DisGeNET,35,Corneal Topography,,-2.3,4.5,3.7,30293,39,871,5,0.57,0.26,1285|1902|5156|5789|92293,COL4A3|LPAR1|PDGFRA|PTPRD|TMEM132C,-1.3,0
1,-2.3,C1264039,M1,1,0,DisGeNET,35,"von Willebrand Disease, Type 1",,-2.3,4.5,3.7,30293,39,871,5,0.57,0.26,570|1909|3075|3673|57007,BAAT|EDNRA|CFH|ITGA2|ACKR3,-1.3,0
1,-2.3,C4021133,M1,1,0,DisGeNET,35,Left ventricular noncompaction cardiomyopathy,,-2.3,4.5,3.7,30293,39,871,5,0.57,0.26,70|1832|2697|4851|63976,ACTC1|DSP|GJA1|NOTCH1|PRDM16,-1.3,0
1,-2.3,C4479344,M1,1,0,DisGeNET,35,"SCLEROSING CHOLANGITIS, NEONATAL",,-2.3,4.5,3.7,30293,39,871,5,0.57,0.26,2670|4610|5080|6387|7431,GFAP|MYCL|PAX6|CXCL12|VIM,-1.3,0
1,-2.3,C0016522,M1,1,0,DisGeNET,35,"Foramen Ovale, Patent",,-2.3,3.3,3.4,30293,73,871,7,0.8,0.3,2627|3491|4851|4879|4908|8425|26227,GATA6|CCN1|NOTCH1|NPPB|NTF3|LTBP4|PHGDH,-1.3,0
1,-2.3,C0032617,M1,1,0,DisGeNET,35,Polyuria,,-2.3,3.3,3.4,30293,73,871,7,0.8,0.3,875|1906|5054|6513|6928|7040|54757,CBS|EDN1|SERPINE1|SLC2A1|HNF1B|TGFB1|FAM20A,-1.3,0
1,-2.3,C1334953,M1,1,0,DisGeNET,35,Neuroblastic tumors,,-2.3,3.3,3.4,30293,73,871,7,0.8,0.3,1028|2263|6696|7852|10630|11075|57007,CDKN1C|FGFR2|SPP1|CXCR4|PDPN|STMN2|ACKR3,-1.3,0
1,-2.3,C0699949,M1,1,0,DisGeNET,35,airway disease,,-2.3,2.3,3.1,30293,198,871,13,1.5,0.41,348|1490|2308|2697|3912|4312|6546|6696|7040|7852|56005|81792|92737,APOE|CCN2|FOXO1|GJA1|LAMB1|MMP1|SLC8A1|SPP1|TGFB1|CXCR4|MYDGF|ADAMTS12|DNER,-1.3,0
1,-2.3,C0751214,M1,1,0,DisGeNET,35,"Hyperalgesia, Thermal",,-2.3,2.5,3.2,30293,154,871,11,1.3,0.38,133|1268|1906|2668|2670|2697|3231|3673|4908|5742|6869,ADM|CNR1|EDN1|GDNF|GFAP|GJA1|HOXD1|ITGA2|NTF3|PTGS1|TACR1,-1.3,0
1,-2.3,C0035369,M1,1,0,DisGeNET,35,Retroviridae Infections,,-2.3,2.8,3.3,30293,112,871,9,1,0.34,928|1759|2697|3983|4320|5243|6423|6657|7040,CD9|DNM1|GJA1|ABLIM1|MMP11|ABCB1|SFRP2|SOX2|TGFB1,-1.3,0
1,-2.3,C0085129,M1,1,0,DisGeNET,35,Bronchial Hyperreactivity,,-2.3,2.8,3.3,30293,112,871,9,1,0.34,1839|4312|5054|5742|6869|55534|64399|80332|81792,HBEGF|MMP1|SERPINE1|PTGS1|TACR1|MAML3|HHIP|ADAM33|ADAMTS12,-1.3,0
1,-2.3,C0431478,M1,1,0,DisGeNET,35,Posteriorly rotated ear,,-2.3,2.4,3.1,30293,176,871,12,1.4,0.39,701|1282|1717|2273|2668|4036|4854|10082|22808|64093|170692|253738,BUB1B|COL4A1|DHCR7|FHL1|GDNF|LRP2|NOTCH3|GPC6|MRAS|SMOC1|ADAMTS18|EBF3,-1.3,0
1,-2.3,C0949664,M1,1,0,DisGeNET,35,Tauopathies,,-2.3,2.1,3.1,30293,245,871,15,1.7,0.44,348|1509|1827|2670|3315|4133|4281|4747|5354|9369|9891|26047|29968|51400|55638,APOE|CTSD|RCAN1|GFAP|HSPB1|MAP2|MID1|NEFL|PLP1|NRXN3|NUAK1|CNTNAP2|PSAT1|PPME1|SYBU,-1.3,0
1,-2.3,C0085298,M1,1,0,DisGeNET,35,Sudden Cardiac Death,,-2.3,2.6,3.2,30293,133,871,10,1.1,0.36,805|1674|1832|2070|2273|2890|5318|7043|9244|85461,CALM2|DES|DSP|EYA4|FHL1|GRIA1|PKP2|TGFB3|CRLF1|TANC1,-1.3,0
1,-2.3,C0038443,M1,1,0,DisGeNET,35,"Stress, Psychological",,-2.3,2.3,3.1,30293,199,871,13,1.5,0.41,150|288|348|805|1268|1392|1844|1906|4851|5021|5054|5327|5328,ADRA2A|ANK3|APOE|CALM2|CNR1|CRH|DUSP2|EDN1|NOTCH1|OXTR|SERPINE1|PLAT|PLAU,-1.3,0
1,-2.3,C0266464,M1,1,0,DisGeNET,35,Polymicrogyria,,-2.3,2.3,3.1,30293,199,871,13,1.5,0.41,894|1281|1282|2022|3800|4330|5080|8492|10319|26227|27286|29968|57514,CCND2|COL3A1|COL4A1|ENG|KIF5C|MN1|PAX6|PRSS12|LAMC3|PHGDH|SRPX2|PSAT1|ARHGAP31,-1.3,0
1,-2.3,C0019209,M1,1,0,DisGeNET,35,Hepatomegaly,,-2.3,1.7,2.9,30293,523,871,26,3,0.58,19|348|445|875|970|1028|1545|1604|2624|2719|2817|3702|4233|5155|5156|6513|6578|6925|7040|8600|9719|22808|23209|51816|55240|114805,ABCA1|APOE|ASS1|CBS|CD70|CDKN1C|CYP1B1|CD55|GATA2|GPC3|GPC1|ITK|MET|PDGFB|PDGFRA|SLC2A1|SLCO2A1|TCF4|TGFB1|TNFSF11|ADAMTSL2|MRAS|MLC1|ADA2|STEAP3|GALNT13,-1.3,0
1,-2.3,C0086209,M1,1,0,DisGeNET,35,Emotional Stress,,-2.3,5.6,3.9,30293,25,871,4,0.46,0.23,1392|1827|2308|3084,CRH|RCAN1|FOXO1|NRG1,-1.3,0
1,-2.3,C0262431,M1,1,0,DisGeNET,35,Compression fracture of vertebral column,,-2.3,5.6,3.9,30293,25,871,4,0.46,0.23,4313|5176|22943|55603,MMP2|SERPINF1|DKK1|TENT5A,-1.3,0
1,-2.3,C0282606,M1,1,0,DisGeNET,35,Myomatous neoplasm,,-2.3,5.6,3.9,30293,25,871,4,0.46,0.23,2308|4739|5077|6285,FOXO1|NEDD9|PAX3|S100B,-1.3,0
1,-2.3,C0431406,M1,1,0,DisGeNET,35,Asymmetric crying face association,,-2.3,5.6,3.9,30293,25,871,4,0.46,0.23,1674|2138|4313|6899,DES|EYA1|MMP2|TBX1,-1.3,0
1,-2.3,C1704417,M1,1,0,DisGeNET,35,Hyperlipoproteinemia Type IIb,,-2.3,5.6,3.9,30293,25,871,4,0.46,0.23,19|348|1978|3485,ABCA1|APOE|EIF4EBP1|IGFBP2,-1.3,0
1,-2.3,C1855900,M1,1,0,DisGeNET,35,"HYPERTRICHOSIS, CONGENITAL GENERALIZED",,-2.3,5.6,3.9,30293,25,871,4,0.46,0.23,2258|2668|6657|100133941,FGF13|GDNF|SOX2|CD24,-1.3,0
1,-2.3,C3532222,M1,1,0,DisGeNET,35,Inflammatory cardiomyopathy,,-2.3,5.6,3.9,30293,25,871,4,0.46,0.23,290|1906|3491|6387,ANPEP|EDN1|CCN1|CXCL12,-1.3,0
1,-2.3,C0265338,M1,1,0,DisGeNET,35,Coffin-Siris syndrome,,-2.3,3.7,3.5,30293,56,871,6,0.69,0.28,1906|4313|7040|7042|51384|56005,EDN1|MMP2|TGFB1|TGFB2|WNT16|MYDGF,-1.3,0
1,-2.3,C0338078,M1,1,0,DisGeNET,35,Non-Functioning Pituitary Gland Neoplasm,,-2.3,3.7,3.5,30293,56,871,6,0.69,0.28,133|1030|2263|3976|6751|7040,ADM|CDKN2B|FGFR2|LIF|SSTR1|TGFB1,-1.3,0
1,-2.3,C0340100,M1,1,0,DisGeNET,35,High altitude pulmonary edema,,-2.3,3.7,3.5,30293,56,871,6,0.69,0.28,1906|1909|2034|3554|5054|7078,EDN1|EDNRA|EPAS1|IL1R1|SERPINE1|TIMP3,-1.3,0
1,-2.3,C2931788,M1,1,0,DisGeNET,35,Atypical Hemolytic Uremic Syndrome,,-2.3,3.7,3.5,30293,56,871,6,0.69,0.28,570|2273|3075|5648|7057|10878,BAAT|FHL1|CFH|MASP1|THBS1|CFHR3,-1.3,0
1,-2.3,C0042900,M1,1,0,DisGeNET,35,Vitiligo,,-2.3,1.9,2.9,30293,394,871,21,2.4,0.52,348|1356|1392|1906|2263|2317|3084|3371|4129|6285|6387|7040|7048|7852|9518|22943|23541|25797|55638|64094|81567,APOE|CP|CRH|EDN1|FGFR2|FLNB|NRG1|TNC|MAOB|S100B|CXCL12|TGFB1|TGFBR2|CXCR4|GDF15|DKK1|SEC14L2|QPCT|SYBU|SMOC2|TXNDC5,-1.3,0
1,-2.3,C0162635,M1,1,0,DisGeNET,35,Angelman Syndrome,,-2.3,3,3.3,30293,93,871,8,0.92,0.32,2066|2567|4826|4948|6529|6925|7681|57194,ERBB4|GABRG3|NNAT|OCA2|SLC6A1|TCF4|MKRN3|ATP10A,-1.3,0
1,-2.3,C0349632,M1,1,0,DisGeNET,35,Splenic Marginal Zone B-Cell Lymphoma,,-2.3,3,3.3,30293,93,871,8,0.92,0.32,710|894|2048|4851|5327|7040|8553|27087,SERPING1|CCND2|EPHB2|NOTCH1|PLAT|TGFB1|BHLHE40|B3GAT1,-1.3,0
1,-2.3,C0566620,M1,1,0,DisGeNET,35,Nasal voice,,-2.3,3,3.3,30293,93,871,8,0.92,0.32,652|3977|4256|6899|7681|9244|9411|27286,BMP4|LIFR|MGP|TBX1|MKRN3|CRLF1|ARHGAP29|SRPX2,-1.3,0
1,-2.3,C0004779,M1,1,0,DisGeNET,35,Basal Cell Nevus Syndrome,,-2.3,3.3,3.4,30293,74,871,7,0.8,0.3,2619|2719|4288|6513|6869|7046|10630,GAS1|GPC3|MKI67|SLC2A1|TACR1|TGFBR1|PDPN,-1.3,0
1,-2.3,C0022572,M1,1,0,DisGeNET,35,keratoacanthoma,,-2.3,3.3,3.4,30293,74,871,7,0.8,0.3,4312|4313|4322|6513|7040|7057|27087,MMP1|MMP2|MMP13|SLC2A1|TGFB1|THBS1|B3GAT1,-1.3,0
1,-2.3,C2751492,M1,1,0,DisGeNET,35,"AMYLOIDOSIS, HEREDITARY, TRANSTHYRETIN-RELATED",,-2.3,3.3,3.4,30293,74,871,7,0.8,0.3,220|348|1191|4747|4851|4879|4908,ALDH1A3|APOE|CLU|NEFL|NOTCH1|NPPB|NTF3,-1.3,0
1,-2.3,C3179349,M1,1,0,DisGeNET,35,Gastrointestinal Stromal Sarcoma,,-2.3,3.3,3.4,30293,74,871,7,0.8,0.3,2294|5077|5156|7048|64399|84662|91653,FOXF1|PAX3|PDGFRA|TGFBR2|HHIP|GLIS2|BOC,-1.3,0
1,-2.3,C0001127,M1,1,0,DisGeNET,35,"Acidosis, Respiratory",,-2.3,8,4.4,30293,13,871,3,0.34,0.2,3675|3773|6285,ITGA3|KCNJ16|S100B,-1.3,0
1,-2.3,C0002066,M1,1,0,DisGeNET,35,Alkaptonuria,,-2.3,8,4.4,30293,13,871,3,0.34,0.2,1311|8600|22943,COMP|TNFSF11|DKK1,-1.3,0
1,-2.3,C0012619,M1,1,0,DisGeNET,35,disc disorder,,-2.3,8,4.4,30293,13,871,3,0.34,0.2,348|655|8483,APOE|BMP7|CILP,-1.3,0
1,-2.3,C0018522,M1,1,0,DisGeNET,35,Hallermann's Syndrome,,-2.3,8,4.4,30293,13,871,3,0.34,0.2,348|2048|2697,APOE|EPHB2|GJA1,-1.3,0
1,-2.3,C0019326,M1,1,0,DisGeNET,35,Ventral Hernia,,-2.3,8,4.4,30293,13,871,3,0.34,0.2,165|1281|117581,AEBP1|COL3A1|TWIST2,-1.3,0
1,-2.3,C0234362,M1,1,0,DisGeNET,35,Synkinesis,,-2.3,8,4.4,30293,13,871,3,0.34,0.2,6387|7852|57007,CXCL12|CXCR4|ACKR3,-1.3,0
1,-2.3,C0271738,M1,1,0,DisGeNET,35,Hypocortisolism secondary to another disorder,,-2.3,8,4.4,30293,13,871,3,0.34,0.2,1392|5054|5055,CRH|SERPINE1|SERPINB2,-1.3,0
1,-2.3,C0334192,M1,1,0,DisGeNET,35,Atrophic endometrium,,-2.3,8,4.4,30293,13,871,3,0.34,0.2,6513|7040|100133941,SLC2A1|TGFB1|CD24,-1.3,0
1,-2.3,C0856738,M1,1,0,DisGeNET,35,Triple vessel disease,,-2.3,8,4.4,30293,13,871,3,0.34,0.2,4313|4322|4879,MMP2|MMP13|NPPB,-1.3,0
1,-2.3,C0859886,M1,1,0,DisGeNET,35,Inherited hearing loss,,-2.3,8,4.4,30293,13,871,3,0.34,0.2,2697|2706|64072,GJA1|GJB2|CDH23,-1.3,0
1,-2.3,C0869523,M1,1,0,DisGeNET,35,Carditis,,-2.3,8,4.4,30293,13,871,3,0.34,0.2,1634|3589|6581,DCN|IL11|SLC22A3,-1.3,0
1,-2.3,C0876994,M1,1,0,DisGeNET,35,Cardiotoxicity,,-2.3,8,4.4,30293,13,871,3,0.34,0.2,1839|3084|4879,HBEGF|NRG1|NPPB,-1.3,0
1,-2.3,C0878486,M1,1,0,DisGeNET,35,Arteriolosclerosis,,-2.3,8,4.4,30293,13,871,3,0.34,0.2,348|2670|4133,APOE|GFAP|MAP2,-1.3,0
1,-2.3,C1112433,M1,1,0,DisGeNET,35,Thromboembolic stroke,,-2.3,8,4.4,30293,13,871,3,0.34,0.2,5176|5327|51816,SERPINF1|PLAT|ADA2,-1.3,0
1,-2.3,C1135194,M1,1,0,DisGeNET,35,Chronic systolic heart failure,,-2.3,8,4.4,30293,13,871,3,0.34,0.2,1906|3084|9518,EDN1|NRG1|GDF15,-1.3,0
1,-2.3,C1527424,M1,1,0,DisGeNET,35,Cervical Squamous Intraepithelial Neoplasia 1,,-2.3,8,4.4,30293,13,871,3,0.34,0.2,953|4312|4313,ENTPD1|MMP1|MMP2,-1.3,0
1,-2.3,C1707758,M1,1,0,DisGeNET,35,Direct Contact Transmission Infection,,-2.3,8,4.4,30293,13,871,3,0.34,0.2,4312|7057|27087,MMP1|THBS1|B3GAT1,-1.3,0
1,-2.3,C1856599,M1,1,0,DisGeNET,35,Beaking of vertebral bodies,,-2.3,8,4.4,30293,13,871,3,0.34,0.2,1311|2317|5176,COMP|FLNB|SERPINF1,-1.3,0
1,-2.3,C1861502,M1,1,0,DisGeNET,35,COLCHICINE RESISTANCE,,-2.3,8,4.4,30293,13,871,3,0.34,0.2,2296|5243|79971,FOXC1|ABCB1|WLS,-1.3,0
1,-2.3,C1868071,M1,1,0,DisGeNET,35,Adenomatous colonic polyposis,,-2.3,8,4.4,30293,13,871,3,0.34,0.2,2022|26585|54894,ENG|GREM1|RNF43,-1.3,0
1,-2.3,C2678439,M1,1,0,DisGeNET,35,CRANIOOSTEOARTHROPATHY,,-2.3,8,4.4,30293,13,871,3,0.34,0.2,6387|6578|7852,CXCL12|SLCO2A1|CXCR4,-1.3,0
1,-2.3,C3806301,M1,1,0,DisGeNET,35,Scarring alopecia of scalp,,-2.3,8,4.4,30293,13,871,3,0.34,0.2,1294|2706|4312,COL7A1|GJB2|MMP1,-1.3,0
1,-2.3,C4285959,M1,1,0,DisGeNET,35,Erosive arthritis,,-2.3,8,4.4,30293,13,871,3,0.34,0.2,1490|7057|7076,CCN2|THBS1|TIMP1,-1.3,0
1,-2.3,C4551680,M1,1,0,DisGeNET,35,Generalized osteoporosis,,-2.3,8,4.4,30293,13,871,3,0.34,0.2,875|4313|55603,CBS|MMP2|TENT5A,-1.3,0
1,-2.3,C0424503,M1,1,0,DisGeNET,35,Dysmorphic facies,,-2.3,2.1,3,30293,271,871,16,1.8,0.46,547|2263|2817|3899|4313|4627|5080|6913|7040|8492|26047|26227|51305|79633|84910|253738,KIF1A|FGFR2|GPC1|AFF3|MMP2|MYH9|PAX6|TBX15|TGFB1|PRSS12|CNTNAP2|PHGDH|KCNK9|FAT4|TMEM87B|EBF3,-1.3,0
1,-2.3,C0241165,M1,1,0,DisGeNET,35,Thick skin,,-2.3,4.3,3.6,30293,40,871,5,0.57,0.26,1893|4053|4313|5155|9719,ECM1|LTBP2|MMP2|PDGFB|ADAMTSL2,-1.3,0
1,-2.3,C0271790,M1,1,0,DisGeNET,35,Subclinical hypothyroidism,,-2.3,4.3,3.6,30293,40,871,5,0.57,0.26,290|652|3976|5054|9518,ANPEP|BMP4|LIF|SERPINE1|GDF15,-1.3,0
1,-2.3,C0428908,M1,1,0,DisGeNET,35,Sinus Node Dysfunction (disorder),,-2.3,4.3,3.6,30293,40,871,5,0.57,0.26,2697|5318|6546|6926|7040,GJA1|PKP2|SLC8A1|TBX3|TGFB1,-1.3,0
1,-2.3,C4021815,M1,1,0,DisGeNET,35,Abnormal palate morphology,,-2.3,4.3,3.6,30293,40,871,5,0.57,0.26,547|1293|1674|2263|6925,KIF1A|COL6A3|DES|FGFR2|TCF4,-1.3,0
1,-2.3,C3250443,M1,1,0,DisGeNET,35,MYOTONIC DYSTROPHY 1,,-2.3,2.3,3.1,30293,178,871,12,1.4,0.39,348|1509|3488|4313|4879|6513|7040|7052|7078|7852|8805|27295,APOE|CTSD|IGFBP5|MMP2|NPPB|SLC2A1|TGFB1|TGM2|TIMP3|CXCR4|TRIM24|PDLIM3,-1.2,0
1,-2.3,C0152025,M1,1,0,DisGeNET,35,Polyneuropathy,,-2.3,2.5,3.1,30293,156,871,11,1.3,0.38,1191|1604|1821|1910|4313|5251|5783|6285|6696|27087|56896,CLU|CD55|DRP2|EDNRB|MMP2|PHEX|PTPN13|S100B|SPP1|B3GAT1|DPYSL5,-1.2,0
1,-2.3,C0280803,M1,1,0,DisGeNET,35,Primary central nervous system lymphoma,,-2.3,2.5,3.1,30293,156,871,11,1.3,0.38,1612|1978|5243|5292|6281|6387|6513|6696|7301|7832|84433,DAPK1|EIF4EBP1|ABCB1|PIM1|S100A10|CXCL12|SLC2A1|SPP1|TYRO3|BTG2|CARD11,-1.2,0
1,-2.3,C0038002,M1,1,0,DisGeNET,35,Splenomegaly,,-2.3,1.9,2.9,30293,345,871,19,2.2,0.49,19|348|861|2624|2719|2817|3702|4851|5156|6513|6578|6899|6925|7040|8600|51816|55240|79633|84433,ABCA1|APOE|RUNX1|GATA2|GPC3|GPC1|ITK|NOTCH1|PDGFRA|SLC2A1|SLCO2A1|TBX1|TCF4|TGFB1|TNFSF11|ADA2|STEAP3|FAT4|CARD11,-1.2,0
1,-2.2,C0086437,M1,1,0,DisGeNET,35,Joint laxity,,-2.2,2.2,3,30293,224,871,14,1.6,0.43,58|715|1293|1311|2317|4854|5176|6536|7043|7046|7048|8425|55603|79633,ACTA1|C1R|COL6A3|COMP|FLNB|NOTCH3|SERPINF1|SLC6A9|TGFB3|TGFBR1|TGFBR2|LTBP4|TENT5A|FAT4,-1.2,0
1,-2.2,C0018621,M1,1,0,DisGeNET,35,Hay fever,,-2.2,2.7,3.2,30293,114,871,9,1,0.34,19|1490|1906|2615|4091|7145|10580|56005|80332,ABCA1|CCN2|EDN1|LRRC32|SMAD6|TNS1|SORBS1|MYDGF|ADAM33,-1.2,0
1,-2.2,C0020458,M1,1,0,DisGeNET,35,Hyperhidrosis disorder,,-2.2,2.7,3.2,30293,114,871,9,1,0.34,547|1293|2556|2668|3736|3977|6578|9244|64072,KIF1A|COL6A3|GABRA3|GDNF|KCNA1|LIFR|SLCO2A1|CRLF1|CDH23,-1.2,0
1,-2.2,C0206669,M1,1,0,DisGeNET,35,Hepatocellular Adenoma,,-2.2,2.7,3.2,30293,114,871,9,1,0.34,445|894|1545|2670|2719|4233|7040|7364|8549,ASS1|CCND2|CYP1B1|GFAP|GPC3|MET|TGFB1|UGT2B7|LGR5,-1.2,0
1,-2.2,C0398738,M1,1,0,DisGeNET,35,Leukocyte adhesion deficiency type 1,,-2.2,2.7,3.2,30293,114,871,9,1,0.34,1287|2048|4851|6422|7057|7291|7412|7431|81029,COL4A5|EPHB2|NOTCH1|SFRP1|THBS1|TWIST1|VCAM1|VIM|WNT5B,-1.2,0
1,-2.2,C0023015,M1,1,0,DisGeNET,35,Language Disorders,,-2.2,3,3.3,30293,94,871,8,0.92,0.32,715|2512|3975|6492|6696|6928|26047|27286,C1R|FTL|LHX1|SIM1|SPP1|HNF1B|CNTNAP2|SRPX2,-1.2,0
1,-2.2,C0332840,M1,1,0,DisGeNET,35,Amputated structure (morphologic abnormality),,-2.2,3,3.3,30293,94,871,8,0.92,0.32,1906|4312|4313|5806|6387|6696|9518|10468,EDN1|MMP1|MMP2|PTX3|CXCL12|SPP1|GDF15|FST,-1.2,0
1,-2.2,C0016842,M1,1,0,DisGeNET,35,Congenital pectus excavatum,,-2.2,2,3,30293,272,871,16,1.8,0.46,58|875|1281|2138|2273|2317|2719|4854|4921|7046|7048|8076|9719|22808|57211|80144,ACTA1|CBS|COL3A1|EYA1|FHL1|FLNB|GPC3|NOTCH3|DDR2|TGFBR1|TGFBR2|MFAP5|ADAMTSL2|MRAS|ADGRG6|FRAS1,-1.2,0
1,-2.2,C0006370,M1,1,0,DisGeNET,35,Bulimia,,-2.2,3.2,3.4,30293,75,871,7,0.8,0.3,1392|1909|4948|5077|6513|8029|57007,CRH|EDNRA|OCA2|PAX3|SLC2A1|CUBN|ACKR3,-1.2,0
1,-2.2,C0010051,M1,1,0,DisGeNET,35,Coronary Aneurysm,,-2.2,3.2,3.4,30293,75,871,7,0.8,0.3,1906|2697|4313|5054|6783|266727|375033,EDN1|GJA1|MMP2|SERPINE1|SULT1E1|MDGA1|PEAR1,-1.2,0
1,-2.2,C0037054,M1,1,0,DisGeNET,35,Sickle Cell Trait,,-2.2,3.2,3.4,30293,75,871,7,0.8,0.3,348|4627|4638|5054|6319|7412|54756,APOE|MYH9|MYLK|SERPINE1|SCD|VCAM1|IL17RD,-1.2,0
1,-2.2,C0281899,M1,1,0,DisGeNET,35,Prolapsed lumbar disc,,-2.2,3.2,3.4,30293,75,871,7,0.8,0.3,2201|2495|3554|3976|4312|8600|56243,FBN2|FTH1|IL1R1|LIF|MMP1|TNFSF11|KIAA1217,-1.2,0
1,-2.2,C2132198,M1,1,0,DisGeNET,35,Abnormal blistering of the skin,,-2.2,3.2,3.4,30293,75,871,7,0.8,0.3,1294|1893|2697|3675|4312|8600|63976,COL7A1|ECM1|GJA1|ITGA3|MMP1|TNFSF11|PRDM16,-1.2,0
1,-2.2,C0017662,M1,1,0,DisGeNET,35,"Glomerulonephritis, Membranoproliferative",,-2.2,3.7,3.5,30293,57,871,6,0.69,0.28,1490|1906|3075|6876|7048|10878,CCN2|EDN1|CFH|TAGLN|TGFBR2|CFHR3,-1.2,0
1,-2.2,C0429087,M1,1,0,DisGeNET,35,Electrocardiogram: P-R interval,,-2.2,3.7,3.5,30293,57,871,6,0.69,0.28,5066|6546|7481|9644|22808|23024,PAM|SLC8A1|WNT11|SH3PXD2A|MRAS|PDZRN3,-1.2,0
1,-2.2,C1302790,M1,1,0,DisGeNET,35,Congenital malformation syndrome,,-2.2,3.7,3.5,30293,57,871,6,0.69,0.28,90|1717|2294|2719|10371|23213,ACVR1|DHCR7|FOXF1|GPC3|SEMA3A|SULF1,-1.2,0
1,-2.2,C1519383,M1,1,0,DisGeNET,35,Smoking Behaviors,,-2.2,2.1,3,30293,249,871,15,1.7,0.44,861|2202|3708|4052|5789|5865|6913|7042|9037|9369|56243|57211|64084|64399|84870,RUNX1|EFEMP1|ITPR1|LTBP1|PTPRD|RAB3B|TBX15|TGFB2|SEMA5A|NRXN3|KIAA1217|ADGRG6|CLSTN2|HHIP|RSPO3,-1.2,0
1,-2.2,C0039263,M1,1,0,DisGeNET,35,Takayasu Arteritis,,-2.2,2.6,3.1,30293,136,871,10,1.1,0.36,284|1958|2258|4313|5054|5125|5806|7076|7412|51816,ANGPT1|EGR1|FGF13|MMP2|SERPINE1|PCSK5|PTX3|TIMP1|VCAM1|ADA2,-1.2,0
1,-2.2,C0233401,M1,1,0,DisGeNET,35,Psychiatric symptom,,-2.2,2.9,3.2,30293,95,871,8,0.92,0.32,348|683|2670|4854|5021|6899|8630|26047,APOE|BST1|GFAP|NOTCH3|OXTR|TBX1|HSD17B6|CNTNAP2,-1.2,0
1,-2.2,C0006114,M1,1,0,DisGeNET,35,Cerebral Edema,,-2.2,5.4,3.8,30293,26,871,4,0.46,0.23,445|4638|5328|6285,ASS1|MYLK|PLAU|S100B,-1.2,0
1,-2.2,C0018915,M1,1,0,DisGeNET,35,Hemangioendothelioma,,-2.2,5.4,3.8,30293,26,871,4,0.46,0.23,5054|5243|10630|50507,SERPINE1|ABCB1|PDPN|NOX4,-1.2,0
1,-2.2,C0151544,M1,1,0,DisGeNET,35,Gastrointestinal carcinoma,,-2.2,5.4,3.8,30293,26,871,4,0.46,0.23,2321|4233|4313|5243,FLT1|MET|MMP2|ABCB1,-1.2,0
1,-2.2,C0239815,M1,1,0,DisGeNET,35,Hand clenching,,-2.2,5.4,3.8,30293,26,871,4,0.46,0.23,2317|3736|6536|7048,FLNB|KCNA1|SLC6A9|TGFBR2,-1.2,0
1,-2.2,C0265224,M1,1,0,DisGeNET,35,Freeman-Sheldon syndrome,,-2.2,5.4,3.8,30293,26,871,4,0.46,0.23,2201|6387|7040|8600,FBN2|CXCL12|TGFB1|TNFSF11,-1.2,0
1,-2.2,C0426807,M1,1,0,DisGeNET,35,Short clavicle,,-2.2,5.4,3.8,30293,26,871,4,0.46,0.23,2263|6926|7291|79633,FGFR2|TBX3|TWIST1|FAT4,-1.2,0
1,-2.2,C0578575,M1,1,0,DisGeNET,35,Dissection of proximal aorta,,-2.2,5.4,3.8,30293,26,871,4,0.46,0.23,1281|4313|6696|7048,COL3A1|MMP2|SPP1|TGFBR2,-1.2,0
1,-2.2,C0750936,M1,1,0,DisGeNET,35,Intracranial Astrocytoma,,-2.2,5.4,3.8,30293,26,871,4,0.46,0.23,90|4233|4851|23462,ACVR1|MET|NOTCH1|HEY1,-1.2,0
1,-2.2,C1266005,M1,1,0,DisGeNET,35,Basaloid squamous cell carcinoma,,-2.2,5.4,3.8,30293,26,871,4,0.46,0.23,2697|6422|6423|6657,GJA1|SFRP1|SFRP2|SOX2,-1.2,0
1,-2.2,C2939186,M1,1,0,DisGeNET,35,Disturbance in mood,,-2.2,5.4,3.8,30293,26,871,4,0.46,0.23,1268|4036|5142|23263,CNR1|LRP2|PDE4B|MCF2L,-1.2,0
1,-2.2,C4316810,M1,1,0,DisGeNET,35,Writer's Cramp,,-2.2,5.4,3.8,30293,26,871,4,0.46,0.23,1293|2512|3736|6513,COL6A3|FTL|KCNA1|SLC2A1,-1.2,0
1,-2.2,C0026351,M1,1,0,DisGeNET,35,Moderate intellectual disability,,-2.2,2.1,3,30293,250,871,15,1.7,0.44,288|953|1759|2263|2334|3708|6513|6899|6925|7291|7545|8492|9758|64093|79633,ANK3|ENTPD1|DNM1|FGFR2|AFF2|ITPR1|SLC2A1|TBX1|TCF4|TWIST1|ZIC1|PRSS12|FRMPD4|SMOC1|FAT4,-1.2,0
1,-2.2,C0280630,M1,1,0,DisGeNET,35,Uterine Carcinosarcoma,,-2.2,4.2,3.6,30293,41,871,5,0.57,0.26,2263|6591|7040|7291|10763,FGFR2|SNAI2|TGFB1|TWIST1|NES,-1.2,0
1,-2.2,C0391976,M1,1,0,DisGeNET,35,Pain Disorder,,-2.2,4.2,3.6,30293,41,871,5,0.57,0.26,2668|4036|6869|7291|23263,GDNF|LRP2|TACR1|TWIST1|MCF2L,-1.2,0
1,-2.2,C0751633,M1,1,0,DisGeNET,35,Carotid Artery Plaque,,-2.2,4.2,3.6,30293,41,871,5,0.57,0.26,348|2201|4060|6696|7852,APOE|FBN2|LUM|SPP1|CXCR4,-1.2,0
1,-2.2,C1531608,M1,1,0,DisGeNET,35,Smoldering myeloma,,-2.2,4.2,3.6,30293,41,871,5,0.57,0.26,1030|1612|3491|7078|27087,CDKN2B|DAPK1|CCN1|TIMP3|B3GAT1,-1.2,0
1,-2.2,C0023860,M1,1,0,DisGeNET,35,Listeriosis,,-2.2,3.2,3.3,30293,76,871,7,0.8,0.3,58|2670|4233|4627|6285|6696|55203,ACTA1|GFAP|MET|MYH9|S100B|SPP1|LGI2,-1.2,0
1,-2.2,C0032227,M1,1,0,DisGeNET,35,Pleural effusion disorder,,-2.2,2.1,3,30293,227,871,14,1.6,0.43,683|715|2202|3075|3485|3624|4060|4233|4313|6696|6925|7076|10580|100133941,BST1|C1R|EFEMP1|CFH|IGFBP2|INHBA|LUM|MET|MMP2|SPP1|TCF4|TIMP1|SORBS1|CD24,-1.2,0
1,-2.2,C0041834,M1,1,0,DisGeNET,35,Erythema,,-2.2,2.1,3,30293,227,871,14,1.6,0.43,710|1030|1311|1832|2697|2706|3675|4312|5155|6541|7040|7052|23541|26002,SERPING1|CDKN2B|COMP|DSP|GJA1|GJB2|ITGA3|MMP1|PDGFB|SLC7A1|TGFB1|TGM2|SEC14L2|MOXD1,-1.2,0
1,-2.2,C0234245,M1,1,0,DisGeNET,35,Visceral Pain,,-2.2,3.6,3.4,30293,58,871,6,0.69,0.28,150|1392|2048|2890|5179|6869,ADRA2A|CRH|EPHB2|GRIA1|PENK|TACR1,-1.2,0
1,-2.2,C0015230,M1,1,0,DisGeNET,35,Exanthema,,-2.2,2.1,3,30293,251,871,15,1.7,0.44,710|1030|1978|2069|2697|3491|4313|5156|5243|6507|7040|8600|9510|54757|54829,SERPING1|CDKN2B|EIF4EBP1|EREG|GJA1|CCN1|MMP2|PDGFRA|ABCB1|SLC1A3|TGFB1|TNFSF11|ADAMTS1|FAM20A|ASPN,-1.2,0
1,-2.2,C0234133,M1,1,0,DisGeNET,35,Extrapyramidal sign,,-2.2,2.7,3.2,30293,116,871,9,1,0.34,348|1030|1356|4129|4741|4747|4854|5354|8722,APOE|CDKN2B|CP|MAOB|NEFM|NEFL|NOTCH3|PLP1|CTSF,-1.2,0
1,-2.2,C4021800,M1,1,0,DisGeNET,35,Abnormality of dental enamel,,-2.2,2.9,3.2,30293,96,871,8,0.92,0.32,1294|1717|1832|2697|3977|5251|6899|64072,COL7A1|DHCR7|DSP|GJA1|LIFR|PHEX|TBX1|CDH23,-1.2,0
1,-2.2,C0003811,M1,1,0,DisGeNET,35,Cardiac Arrhythmia,,-2.2,1.7,2.8,30293,559,871,27,3.1,0.59,133|805|1282|1287|1832|1906|2258|2273|2697|2719|3708|4312|5243|5318|6319|6546|6926|7040|7043|7076|7857|9518|10580|22808|27129|51816|140885,ADM|CALM2|COL4A1|COL4A5|DSP|EDN1|FGF13|FHL1|GJA1|GPC3|ITPR1|MMP1|ABCB1|PKP2|SCD|SLC8A1|TBX3|TGFB1|TGFB3|TIMP1|SCG2|GDF15|SORBS1|MRAS|HSPB7|ADA2|SIRPA,-1.2,0
1,-2.2,C0008350,M1,1,0,DisGeNET,35,Cholelithiasis,,-2.2,2.1,2.9,30293,252,871,15,1.7,0.44,348|2022|3371|3875|4036|4313|5243|6696|6783|6899|6925|7040|9369|23017|85461,APOE|ENG|TNC|KRT18|LRP2|MMP2|ABCB1|SPP1|SULT1E1|TBX1|TCF4|TGFB1|NRXN3|FAIM2|TANC1,-1.2,0
1,-2.2,C0265219,M1,1,0,DisGeNET,35,Miller Dieker syndrome,,-2.2,2.3,3,30293,182,871,12,1.4,0.39,861|1028|1030|1612|2321|2624|3090|4312|5243|6925|7057|63976,RUNX1|CDKN1C|CDKN2B|DAPK1|FLT1|GATA2|HIC1|MMP1|ABCB1|TCF4|THBS1|PRDM16,-1.2,0
1,-2.2,C1861324,M1,1,0,DisGeNET,35,Short philtrum,,-2.2,2.3,3,30293,182,871,12,1.4,0.39,182|1281|2022|2619|6899|6925|7021|7291|51305|79633|117581|158326,JAG1|COL3A1|ENG|GAS1|TBX1|TCF4|TFAP2B|TWIST1|KCNK9|FAT4|TWIST2|FREM1,-1.2,0
1,-2.2,C4551584,M1,1,0,DisGeNET,35,Brain atrophy,,-2.2,2.3,3,30293,182,871,12,1.4,0.39,288|348|1191|2192|2895|2917|3485|4747|5354|5362|6387|7040,ANK3|APOE|CLU|FBLN1|GRID2|GRM7|IGFBP2|NEFL|PLP1|PLXNA2|CXCL12|TGFB1,-1.2,0
1,-2.2,C0456132,M1,1,0,DisGeNET,35,Large fontanelle,,-2.2,3.2,3.3,30293,77,871,7,0.8,0.3,58|1028|2263|2697|3975|6928|79633,ACTA1|CDKN1C|FGFR2|GJA1|LHX1|HNF1B|FAT4,-1.2,0
1,-2.2,C0158731,M1,1,0,DisGeNET,35,Congenital pectus carinatum,,-2.2,2.5,3.1,30293,138,871,10,1.1,0.36,875|1993|2317|6926|7043|7046|7048|7138|8076|22808,CBS|ELAVL2|FLNB|TBX3|TGFB3|TGFBR1|TGFBR2|TNNT1|MFAP5|MRAS,-1.2,0
1,-2.2,C0454644,M1,1,0,DisGeNET,35,Delayed speech and language development,,-2.2,1.7,2.8,30293,560,871,27,3.1,0.59,288|652|1356|1759|1910|2334|2706|3708|3736|3899|4091|5354|5455|6492|6513|6899|7436|7681|8425|8492|9411|9758|27286|55603|90161|117581|253738,ANK3|BMP4|CP|DNM1|EDNRB|AFF2|GJB2|ITPR1|KCNA1|AFF3|SMAD6|PLP1|POU3F3|SIM1|SLC2A1|TBX1|VLDLR|MKRN3|LTBP4|PRSS12|ARHGAP29|FRMPD4|SRPX2|TENT5A|HS6ST2|TWIST2|EBF3,-1.2,0
1,-2.2,C0235946,M1,1,0,DisGeNET,35,Cerebral atrophy,,-2.2,1.8,2.8,30293,454,871,23,2.6,0.54,288|348|547|1191|1509|1759|2192|2895|3485|3975|4747|5354|5362|6387|6509|6513|6928|7040|8492|10351|23189|23336|84504,ANK3|APOE|KIF1A|CLU|CTSD|DNM1|FBLN1|GRID2|IGFBP2|LHX1|NEFL|PLP1|PLXNA2|CXCL12|SLC1A4|SLC2A1|HNF1B|TGFB1|PRSS12|ABCA8|KANK1|SYNM|NKX6-2,-1.2,0
1,-2.2,C0019100,M1,1,0,DisGeNET,35,Severe Dengue,,-2.2,2.7,3.1,30293,117,871,9,1,0.34,2048|2317|3075|5806|7040|7412|7852|10625|23541,EPHB2|FLNB|CFH|PTX3|TGFB1|VCAM1|CXCR4|IVNS1ABP|SEC14L2,-1.2,0
1,-2.2,C0576093,M1,1,0,DisGeNET,35,Knee joint valgus deformity,,-2.2,2.7,3.1,30293,117,871,9,1,0.34,58|875|1311|3977|4322|6424|7040|7681|8600,ACTA1|CBS|COMP|LIFR|MMP13|SFRP4|TGFB1|MKRN3|TNFSF11,-1.2,0
1,-2.2,C0017572,M1,1,0,DisGeNET,35,Gingival Recession,,-2.2,7.5,4.2,30293,14,871,3,0.34,0.2,715|1832|6423,C1R|DSP|SFRP2,-1.2,0
1,-2.2,C0025297,M1,1,0,DisGeNET,35,Viral meningitis,,-2.2,7.5,4.2,30293,14,871,3,0.34,0.2,4313|7040|7076,MMP2|TGFB1|TIMP1,-1.2,0
1,-2.2,C0029411,M1,1,0,DisGeNET,35,"Osteoarthropathy, Primary Hypertrophic",,-2.2,7.5,4.2,30293,14,871,3,0.34,0.2,5054|6578|22943,SERPINE1|SLCO2A1|DKK1,-1.2,0
1,-2.2,C0031190,M1,1,0,DisGeNET,35,Persistent Fetal Circulation Syndrome,,-2.2,7.5,4.2,30293,14,871,3,0.34,0.2,21|2294|140885,ABCA3|FOXF1|SIRPA,-1.2,0
1,-2.2,C0037952,M1,1,0,DisGeNET,35,Spinocerebellar Degeneration,,-2.2,7.5,4.2,30293,14,871,3,0.34,0.2,348|1392|7040,APOE|CRH|TGFB1,-1.2,0
1,-2.2,C0151491,M1,1,0,DisGeNET,35,Congenital musculoskeletal anomalies,,-2.2,7.5,4.2,30293,14,871,3,0.34,0.2,5077|7042|7048,PAX3|TGFB2|TGFBR2,-1.2,0
1,-2.2,C0154946,M1,1,0,DisGeNET,35,Acute angle-closure glaucoma,,-2.2,7.5,4.2,30293,14,871,3,0.34,0.2,3315|6422|7042,HSPB1|SFRP1|TGFB2,-1.2,0
1,-2.2,C0206675,M1,1,0,DisGeNET,35,Adenomatoid Tumor,,-2.2,7.5,4.2,30293,14,871,3,0.34,0.2,794|4288|10630,CALB2|MKI67|PDPN,-1.2,0
1,-2.2,C0231678,M1,1,0,DisGeNET,35,Ulnar deviation of the wrist,,-2.2,7.5,4.2,30293,14,871,3,0.34,0.2,1311|2317|5077,COMP|FLNB|PAX3,-1.2,0
1,-2.2,C0240341,M1,1,0,DisGeNET,35,Micrographia,,-2.2,7.5,4.2,30293,14,871,3,0.34,0.2,2512|5155|9627,FTL|PDGFB|SNCAIP,-1.2,0
1,-2.2,C0265234,M1,1,0,DisGeNET,35,Branchio-Oto-Renal Syndrome,,-2.2,7.5,4.2,30293,14,871,3,0.34,0.2,2070|2138|6299,EYA4|EYA1|SALL1,-1.2,0
1,-2.2,C0271066,M1,1,0,DisGeNET,35,Choroidal retinal neovascularization,,-2.2,7.5,4.2,30293,14,871,3,0.34,0.2,1490|5054|7436,CCN2|SERPINE1|VLDLR,-1.2,0
1,-2.2,C0271673,M1,1,0,DisGeNET,35,Symmetric Diabetic Proximal Motor Neuropathy,,-2.2,7.5,4.2,30293,14,871,3,0.34,0.2,4313|4908|7040,MMP2|NTF3|TGFB1,-1.2,0
1,-2.2,C0271674,M1,1,0,DisGeNET,35,Asymmetric Diabetic Proximal Motor Neuropathy,,-2.2,7.5,4.2,30293,14,871,3,0.34,0.2,4313|4908|7040,MMP2|NTF3|TGFB1,-1.2,0
1,-2.2,C0271678,M1,1,0,DisGeNET,35,Diabetic Mononeuropathy,,-2.2,7.5,4.2,30293,14,871,3,0.34,0.2,4313|4908|7040,MMP2|NTF3|TGFB1,-1.2,0
1,-2.2,C0271685,M1,1,0,DisGeNET,35,Diabetic Amyotrophy,,-2.2,7.5,4.2,30293,14,871,3,0.34,0.2,4313|4908|7040,MMP2|NTF3|TGFB1,-1.2,0
1,-2.2,C0271686,M1,1,0,DisGeNET,35,Diabetic Autonomic Neuropathy,,-2.2,7.5,4.2,30293,14,871,3,0.34,0.2,4313|4908|7040,MMP2|NTF3|TGFB1,-1.2,0
1,-2.2,C0333113,M1,1,0,DisGeNET,35,Sacculation,,-2.2,7.5,4.2,30293,14,871,3,0.34,0.2,2252|2263|7040,FGF7|FGFR2|TGFB1,-1.2,0
1,-2.2,C0344191,M1,1,0,DisGeNET,35,Cerebellar decompression injury,,-2.2,7.5,4.2,30293,14,871,3,0.34,0.2,7291|8630|23209,TWIST1|HSD17B6|MLC1,-1.2,0
1,-2.2,C0349702,M1,1,0,DisGeNET,35,Corneal Scar,,-2.2,7.5,4.2,30293,14,871,3,0.34,0.2,1294|2706|4312,COL7A1|GJB2|MMP1,-1.2,0
1,-2.2,C0375381,M1,1,0,DisGeNET,35,Urethral intrinsic sphincter deficiency,,-2.2,7.5,4.2,30293,14,871,3,0.34,0.2,4312|4313|117581,MMP1|MMP2|TWIST2,-1.2,0
1,-2.2,C0393835,M1,1,0,DisGeNET,35,Diabetic Asymmetric Polyneuropathy,,-2.2,7.5,4.2,30293,14,871,3,0.34,0.2,4313|4908|7040,MMP2|NTF3|TGFB1,-1.2,0
1,-2.2,C0521619,M1,1,0,DisGeNET,35,Obstruction of pelviureteric junction,,-2.2,7.5,4.2,30293,14,871,3,0.34,0.2,1717|2138|6928,DHCR7|EYA1|HNF1B,-1.2,0
1,-2.2,C0795878,M1,1,0,DisGeNET,35,Monosomy 22,,-2.2,7.5,4.2,30293,14,871,3,0.34,0.2,290|1604|5155,ANPEP|CD55|PDGFB,-1.2,0
1,-2.2,C1167912,M1,1,0,DisGeNET,35,Coagulation factor measurement,,-2.2,7.5,4.2,30293,14,871,3,0.34,0.2,3075|23263|81606,CFH|MCF2L|LBH,-1.2,0
1,-2.2,C1333116,M1,1,0,DisGeNET,35,Colorectal Traditional Serrated Adenoma,,-2.2,7.5,4.2,30293,14,871,3,0.34,0.2,2048|54894|84870,EPHB2|RNF43|RSPO3,-1.2,0
1,-2.2,C1691779,M1,1,0,DisGeNET,35,Sensory hearing loss,,-2.2,7.5,4.2,30293,14,871,3,0.34,0.2,2706|4036|10265,GJB2|LRP2|IRX5,-1.2,0
1,-2.2,C1840374,M1,1,0,DisGeNET,35,Elevated systolic blood pressure,,-2.2,7.5,4.2,30293,14,871,3,0.34,0.2,2321|5740|10699,FLT1|PTGIS|CORIN,-1.2,0
1,-2.2,C1840375,M1,1,0,DisGeNET,35,Elevated diastolic blood pressure,,-2.2,7.5,4.2,30293,14,871,3,0.34,0.2,2321|5740|10699,FLT1|PTGIS|CORIN,-1.2,0
1,-2.2,C1842090,M1,1,0,DisGeNET,35,Platelet Glycoprotein IV Deficiency,,-2.2,7.5,4.2,30293,14,871,3,0.34,0.2,19|1264|7040,ABCA1|CNN1|TGFB1,-1.2,0
1,-2.2,C4020848,M1,1,0,DisGeNET,35,Aneurysmal disease,,-2.2,7.5,4.2,30293,14,871,3,0.34,0.2,1030|4313|5054,CDKN2B|MMP2|SERPINE1,-1.2,0
1,-2.2,C4023383,M1,1,0,DisGeNET,35,Narrow internal auditory canal,,-2.2,7.5,4.2,30293,14,871,3,0.34,0.2,2263|7291|84570,FGFR2|TWIST1|COL25A1,-1.2,0
1,-2.2,C4025662,M1,1,0,DisGeNET,35,Abnormality of the ulna,,-2.2,7.5,4.2,30293,14,871,3,0.34,0.2,2317|5307|7040,FLNB|PITX1|TGFB1,-1.2,0
1,-2.2,C4703633,M1,1,0,DisGeNET,35,Increased level of L-fucose in urine,,-2.2,7.5,4.2,30293,14,871,3,0.34,0.2,2263|3856|3875,FGFR2|KRT8|KRT18,-1.2,0
1,-2.2,C0039445,M1,1,0,DisGeNET,35,Hereditary hemorrhagic telangiectasia,,-2.2,4.1,3.5,30293,42,871,5,0.57,0.26,2022|2321|5806|7040|7042,ENG|FLT1|PTX3|TGFB1|TGFB2,-1.2,0
1,-2.2,C0272242,M1,1,0,DisGeNET,35,Complement deficiency disease,,-2.2,4.1,3.5,30293,42,871,5,0.57,0.26,710|715|1604|3075|10878,SERPING1|C1R|CD55|CFH|CFHR3,-1.2,0
1,-2.2,C1531624,M1,1,0,DisGeNET,35,Cardioembolic stroke,,-2.2,4.1,3.5,30293,42,871,5,0.57,0.26,19|2244|5054|5327|6000,ABCA1|FGB|SERPINE1|PLAT|RGS7,-1.2,0
1,-2.2,C1853235,M1,1,0,DisGeNET,35,Sclerocornea,,-2.2,4.1,3.5,30293,42,871,5,0.57,0.26,652|1717|6657|6899|7837,BMP4|DHCR7|SOX2|TBX1|PXDN,-1.2,0
1,-2.2,C4721772,M1,1,0,DisGeNET,35,Postoperative delirium,,-2.2,4.1,3.5,30293,42,871,5,0.57,0.26,348|805|2670|4747|6285,APOE|CALM2|GFAP|NEFL|S100B,-1.2,0
1,-2.2,C0014850,M1,1,0,DisGeNET,35,Esophageal Atresia,,-2.2,3.5,3.4,30293,59,871,6,0.69,0.28,2138|2263|2294|5125|6657|6928,EYA1|FGFR2|FOXF1|PCSK5|SOX2|HNF1B,-1.2,0
1,-2.2,C0020488,M1,1,0,DisGeNET,35,Hypernatremia,,-2.2,3.5,3.4,30293,59,871,6,0.69,0.28,133|1392|1906|1909|4036|5328,ADM|CRH|EDN1|EDNRA|LRP2|PLAU,-1.2,0
1,-2.2,C0242184,M1,1,0,DisGeNET,35,Hypoxia,,-2.2,3.5,3.4,30293,59,871,6,0.69,0.28,445|1958|3708|5021|5176|5327,ASS1|EGR1|ITPR1|OXTR|SERPINF1|PLAT,-1.2,0
1,-2.2,C0270921,M1,1,0,DisGeNET,35,Axonal neuropathy,,-2.2,3.5,3.4,30293,59,871,6,0.69,0.28,547|2617|3315|4747|5354|27087,KIF1A|GARS1|HSPB1|NEFL|PLP1|B3GAT1,-1.2,0
1,-2.2,C0338502,M1,1,0,DisGeNET,35,Hypoplasia of the optic nerve,,-2.2,3.5,3.4,30293,59,871,6,0.69,0.28,220|1282|1284|1717|5080|6657,ALDH1A3|COL4A1|COL4A2|DHCR7|PAX6|SOX2,-1.2,0
1,-2.2,C0342788,M1,1,0,DisGeNET,35,Renal carnitine transport defect,,-2.2,3.5,3.4,30293,59,871,6,0.69,0.28,1268|1604|5054|6319|7040|64072,CNR1|CD55|SERPINE1|SCD|TGFB1|CDH23,-1.2,0
1,-2.2,C0520966,M1,1,0,DisGeNET,35,Abnormal coordination,,-2.2,3.5,3.4,30293,59,871,6,0.69,0.28,1356|2895|3736|6513|6657|6925,CP|GRID2|KCNA1|SLC2A1|SOX2|TCF4,-1.2,0
1,-2.2,C1563937,M1,1,0,DisGeNET,35,Atherogenesis,,-2.2,3.5,3.4,30293,59,871,6,0.69,0.28,19|348|4312|5054|5327|7412,ABCA1|APOE|MMP1|SERPINE1|PLAT|VCAM1,-1.2,0
1,-2.2,C1858991,M1,1,0,DisGeNET,35,Childhood Ataxia with Central Nervous System Hypomyelinization,,-2.2,3.5,3.4,30293,59,871,6,0.69,0.28,1282|4313|5307|6696|7076|50515,COL4A1|MMP2|PITX1|SPP1|TIMP1|CHST11,-1.2,0
1,-2.2,C0037822,M1,1,0,DisGeNET,35,Speech Disorders,,-2.2,2.3,3,30293,183,871,12,1.4,0.39,2138|2624|2719|2895|5155|6899|7040|7852|26047|27286|152330|253738,EYA1|GATA2|GPC3|GRID2|PDGFB|TBX1|TGFB1|CXCR4|CNTNAP2|SRPX2|CNTN4|EBF3,-1.2,0
1,-2.2,C0341106,M1,1,0,DisGeNET,35,Eosinophilic esophagitis,,-2.2,2.3,3,30293,183,871,12,1.4,0.39,794|1759|2615|2697|4015|4281|4313|6781|7040|7412|10468|51200,CALB2|DNM1|LRRC32|GJA1|LOX|MID1|MMP2|STC1|TGFB1|VCAM1|FST|CPA4,-1.2,0
1,-2.2,C4025814,M1,1,0,DisGeNET,35,Abnormality of the metaphysis,,-2.2,2.9,3.2,30293,97,871,8,0.92,0.32,1300|1311|2697|4322|4854|5251|8600|10082,COL10A1|COMP|GJA1|MMP13|NOTCH3|PHEX|TNFSF11|GPC6,-1.2,0
1,-2.2,C0239174,M1,1,0,DisGeNET,35,Late tooth eruption,,-2.2,2.5,3.1,30293,139,871,10,1.1,0.36,2263|2697|2706|4313|7040|8600|9758|54757|79633|117581,FGFR2|GJA1|GJB2|MMP2|TGFB1|TNFSF11|FRMPD4|FAM20A|FAT4|TWIST2,-1.2,0
1,-2.2,C0019322,M1,1,0,DisGeNET,35,Umbilical hernia,,-2.2,5.2,3.7,30293,27,871,4,0.46,0.23,165|3976|8425|80144,AEBP1|LIF|LTBP4|FRAS1,-1.2,0
1,-2.2,C0020630,M1,1,0,DisGeNET,35,Hypophosphatasia,,-2.2,5.2,3.7,30293,27,871,4,0.46,0.23,1356|5354|8600|27295,CP|PLP1|TNFSF11|PDLIM3,-1.2,0
1,-2.2,C0029121,M1,1,0,DisGeNET,35,Oppositional Defiant Disorder,,-2.2,5.2,3.7,30293,27,871,4,0.46,0.23,4129|5021|6285|130497,MAOB|OXTR|S100B|OSR1,-1.2,0
1,-2.2,C0036329,M1,1,0,DisGeNET,35,Schistosomiasis japonica,,-2.2,5.2,3.7,30293,27,871,4,0.46,0.23,1281|7040|7052|7057,COL3A1|TGFB1|TGM2|THBS1,-1.2,0
1,-2.2,C0036939,M1,1,0,DisGeNET,35,Shared Paranoid Disorder,,-2.2,5.2,3.7,30293,27,871,4,0.46,0.23,348|1808|1821|3084,APOE|DPYSL2|DRP2|NRG1,-1.2,0
1,-2.2,C0338430,M1,1,0,DisGeNET,35,Limbic Encephalitis,,-2.2,5.2,3.7,30293,27,871,4,0.46,0.23,9518|26047|26289|56896,GDF15|CNTNAP2|AK5|DPYSL5,-1.2,0
1,-2.2,C0349217,M1,1,0,DisGeNET,35,"Depressive episode, unspecified",,-2.2,5.2,3.7,30293,27,871,4,0.46,0.23,348|2670|6281|6869,APOE|GFAP|S100A10|TACR1,-1.2,0
1,-2.2,C0392476,M1,1,0,DisGeNET,35,Epiphyseal dysplasia,,-2.2,5.2,3.7,30293,27,871,4,0.46,0.23,1028|1311|2317|4921,CDKN1C|COMP|FLNB|DDR2,-1.2,0
1,-2.2,C0403814,M1,1,0,DisGeNET,35,Congenital bilateral aplasia of vas deferens,,-2.2,5.2,3.7,30293,27,871,4,0.46,0.23,1909|7040|8600|10149,EDNRA|TGFB1|TNFSF11|ADGRG2,-1.2,0
1,-2.2,C0410916,M1,1,0,DisGeNET,35,Neonatal Death,,-2.2,5.2,3.7,30293,27,871,4,0.46,0.23,1832|2201|2294|2317,DSP|FBN2|FOXF1|FLNB,-1.2,0
1,-2.2,C1698581,M1,1,0,DisGeNET,35,Rokitansky Kuster Hauser syndrome,,-2.2,5.2,3.7,30293,27,871,4,0.46,0.23,3975|5021|6928|80000,LHX1|OXTR|HNF1B|GREB1L,-1.2,0
1,-2.2,C2931826,M1,1,0,DisGeNET,35,Potassium aggravated myotonia,,-2.2,5.2,3.7,30293,27,871,4,0.46,0.23,445|5066|7852|9514,ASS1|PAM|CXCR4|GAL3ST1,-1.2,0
1,-2.2,C3551426,M1,1,0,DisGeNET,35,Dystrophic fingernails,,-2.2,5.2,3.7,30293,27,871,4,0.46,0.23,547|1294|2697|2706,KIF1A|COL7A1|GJA1|GJB2,-1.2,0
1,-2.2,C0027497,M1,1,0,DisGeNET,35,Nausea,,-2.2,2.4,3,30293,161,871,11,1.3,0.38,710|1268|1909|2697|3075|3624|3736|5066|5243|6507|7364,SERPING1|CNR1|EDNRA|GJA1|CFH|INHBA|KCNA1|PAM|ABCB1|SLC1A3|UGT2B7,-1.2,0
1,-2.1,C0027121,M1,1,0,DisGeNET,35,Myositis,,-2.1,2.1,2.9,30293,254,871,15,1.7,0.44,348|715|1266|1604|2149|2273|2617|5742|6696|7040|7052|7852|8805|27063|114907,APOE|C1R|CNN3|CD55|F2R|FHL1|GARS1|PTGS1|SPP1|TGFB1|TGM2|CXCR4|TRIM24|ANKRD1|FBXO32,-1.2,0
1,-2.1,C0015674,M1,1,0,DisGeNET,35,Chronic Fatigue Syndrome,,-2.1,2.7,3.1,30293,118,871,9,1,0.34,928|2668|3075|5328|6783|7040|9518|27087|100133941,CD9|GDNF|CFH|PLAU|SULT1E1|TGFB1|GDF15|B3GAT1|CD24,-1.2,0
1,-2.1,C0917805,M1,1,0,DisGeNET,35,Transient Cerebral Ischemia,,-2.1,2.8,3.1,30293,98,871,8,0.92,0.32,348|1906|4312|4502|4854|5122|6696|23705,APOE|EDN1|MMP1|MT2A|NOTCH3|PCSK1|SPP1|CADM1,-1.2,0
1,-2.1,C4721208,M1,1,0,DisGeNET,35,Metastatic castration-resistant prostate cancer,,-2.1,2.5,3,30293,140,871,10,1.1,0.36,570|1191|2048|6696|8805|8829|9518|27295|29968|92737,BAAT|CLU|EPHB2|SPP1|TRIM24|NRP1|GDF15|PDLIM3|PSAT1|DNER,-1.1,0
1,-2.1,C0340279,M1,1,0,DisGeNET,35,Ventricular hypertrophy,,-2.1,3.5,3.3,30293,60,871,6,0.69,0.28,1906|2273|6444|6696|56670|57761,EDN1|FHL1|SGCD|SPP1|SUCNR1|TRIB3,-1.1,0
1,-2.1,C1843300,M1,1,0,DisGeNET,35,Sparse eyelashes,,-2.1,3.5,3.3,30293,60,871,6,0.69,0.28,1832|1909|2201|2697|2706|3675,DSP|EDNRA|FBN2|GJA1|GJB2|ITGA3,-1.1,0
1,-2.1,C0007959,M1,1,0,DisGeNET,35,Charcot-Marie-Tooth Disease,,-2.1,2.2,2.9,30293,208,871,13,1.5,0.41,1674|1759|1821|1902|1959|2617|2706|3315|4747|4908|9516|113146|653689,DES|DNM1|DRP2|LPAR1|EGR2|GARS1|GJB2|HSPB1|NEFL|NTF3|LITAF|AHNAK2|GSTT2B,-1.1,0
1,-2.1,C0020224,M1,1,0,DisGeNET,35,Polyhydramnios,,-2.1,2.2,2.9,30293,208,871,13,1.5,0.41,58|701|1717|2294|2317|2719|3090|4629|4638|6899|26227|29968|57211,ACTA1|BUB1B|DHCR7|FOXF1|FLNB|GPC3|HIC1|MYH11|MYLK|TBX1|PHGDH|PSAT1|ADGRG6,-1.1,0
1,-2.1,C1336708,M1,1,0,DisGeNET,35,Testicular Germ Cell Tumor,,-2.1,2.2,2.9,30293,208,871,13,1.5,0.41,220|805|894|2048|2668|4313|5178|5307|6899|6928|7040|9846|57211,ALDH1A3|CALM2|CCND2|EPHB2|GDNF|MMP2|PEG3|PITX1|TBX1|HNF1B|TGFB1|GAB2|ADGRG6,-1.1,0
1,-2.1,C0005697,M1,1,0,DisGeNET,35,Neurogenic Urinary Bladder,,-2.1,4,3.4,30293,43,871,5,0.57,0.26,2697|4908|7040|7291|253738,GJA1|NTF3|TGFB1|TWIST1|EBF3,-1.1,0
1,-2.1,C0035851,M1,1,0,DisGeNET,35,Root Resorption,,-2.1,4,3.4,30293,43,871,5,0.57,0.26,5742|6696|8600|51816|54757,PTGS1|SPP1|TNFSF11|ADA2|FAM20A,-1.1,0
1,-2.1,C0205833,M1,1,0,DisGeNET,35,Medullomyoblastoma,,-2.1,4,3.4,30293,43,871,5,0.57,0.26,3090|4610|5156|6277|6281,HIC1|MYCL|PDGFRA|S100A6|S100A10,-1.1,0
1,-2.1,C0276548,M1,1,0,DisGeNET,35,HIV encephalitis,,-2.1,4,3.4,30293,43,871,5,0.57,0.26,348|928|1191|5155|6696,APOE|CD9|CLU|PDGFB|SPP1,-1.1,0
1,-2.1,C0398625,M1,1,0,DisGeNET,35,Protein C Deficiency,,-2.1,4,3.4,30293,43,871,5,0.57,0.26,649|5054|5055|6899|23705,BMP1|SERPINE1|SERPINB2|TBX1|CADM1,-1.1,0
1,-2.1,C0948216,M1,1,0,DisGeNET,35,Ovarian adenocarcinoma,,-2.1,4,3.4,30293,43,871,5,0.57,0.26,3624|4233|5243|7225|7431,INHBA|MET|ABCB1|TRPC6|VIM,-1.1,0
1,-2.1,C1275668,M1,1,0,DisGeNET,35,Melanotic medulloblastoma,,-2.1,4,3.4,30293,43,871,5,0.57,0.26,3090|4610|5156|6277|6281,HIC1|MYCL|PDGFRA|S100A6|S100A10,-1.1,0
1,-2.1,C3839507,M1,1,0,DisGeNET,35,Diminished ovarian reserve,,-2.1,4,3.4,30293,43,871,5,0.57,0.26,1490|2296|5176|6578|26585,CCN2|FOXC1|SERPINF1|SLCO2A1|GREM1,-1.1,0
1,-2.1,C4721666,M1,1,0,DisGeNET,35,Bladder cancer stage IV,,-2.1,4,3.4,30293,43,871,5,0.57,0.26,2048|2308|5243|6581|6876,EPHB2|FOXO1|ABCB1|SLC22A3|TAGLN,-1.1,0
1,-2.1,C0152244,M1,1,0,DisGeNET,35,"Bone Cysts, Aneurysmal",,-2.1,3.1,3.2,30293,79,871,7,0.8,0.3,2668|5243|5292|6657|8600|9098|10580,GDNF|ABCB1|PIM1|SOX2|TNFSF11|USP6|SORBS1,-1.1,0
1,-2.1,C0263641,M1,1,0,DisGeNET,35,Epithelial hyperplasia of skin,,-2.1,3.1,3.2,30293,79,871,7,0.8,0.3,1839|2263|4288|6424|6513|7040|7076,HBEGF|FGFR2|MKI67|SFRP4|SLC2A1|TGFB1|TIMP1,-1.1,0
1,-2.1,C2936904,M1,1,0,DisGeNET,35,"Opitz GBBB Syndrome, X-Linked",,-2.1,3.1,3.2,30293,79,871,7,0.8,0.3,2048|2719|3675|4281|5176|7852|29968,EPHB2|GPC3|ITGA3|MID1|SERPINF1|CXCR4|PSAT1,-1.1,0
1,-2.1,C0280099,M1,1,0,DisGeNET,35,Adult Solid Neoplasm,,-2.1,2.3,3,30293,163,871,11,1.3,0.38,3371|4015|4312|4313|5176|5243|5292|6387|10962|50507|57124,TNC|LOX|MMP1|MMP2|SERPINF1|ABCB1|PIM1|CXCL12|MLLT11|NOX4|CD248,-1.1,0
1,-2.1,C0553694,M1,1,0,DisGeNET,35,Oropharyngeal disorders,,-2.1,2.3,3,30293,163,871,11,1.3,0.38,1832|2297|3912|4312|4322|5243|6513|7040|27087|55638|84107,DSP|FOXD1|LAMB1|MMP1|MMP13|ABCB1|SLC2A1|TGFB1|B3GAT1|SYBU|ZIC4,-1.1,0
1,-2.1,C0410528,M1,1,0,DisGeNET,35,Skeletal dysplasia,,-2.1,2.2,2.9,30293,186,871,12,1.4,0.39,90|1281|1300|1311|2317|2697|3977|10371|10468|54756|79633|84910,ACVR1|COL3A1|COL10A1|COMP|FLNB|GJA1|LIFR|SEMA3A|FST|IL17RD|FAT4|TMEM87B,-1.1,0
1,-2.1,C0541794,M1,1,0,DisGeNET,35,Skeletal muscle atrophy,,-2.1,1.9,2.8,30293,306,871,17,2,0.47,58|547|649|953|1282|1293|1674|2043|2066|2273|5354|7040|7436|8425|26227|29968|84570,ACTA1|KIF1A|BMP1|ENTPD1|COL4A1|COL6A3|DES|EPHA4|ERBB4|FHL1|PLP1|TGFB1|VLDLR|LTBP4|PHGDH|PSAT1|COL25A1,-1.1,0
1,-2.1,C3875321,M1,1,0,DisGeNET,35,Inflammatory dermatosis,,-2.1,1.8,2.8,30293,382,871,20,2.3,0.51,348|1906|2034|2069|2252|2263|3491|3554|4313|4851|5327|7040|7052|7057|7412|8140|9966|27020|54756|56005,APOE|EDN1|EPAS1|EREG|FGF7|FGFR2|CCN1|IL1R1|MMP2|NOTCH1|PLAT|TGFB1|TGM2|THBS1|VCAM1|SLC7A5|TNFSF15|NPTN|IL17RD|MYDGF,-1.1,0
1,-2.1,C0028734,M1,1,0,DisGeNET,35,Nocturia,,-2.1,5,3.6,30293,28,871,4,0.46,0.23,2706|7040|7145|29968,GJB2|TGFB1|TNS1|PSAT1,-1.1,0
1,-2.1,C0151814,M1,1,0,DisGeNET,35,Coronary Occlusion,,-2.1,5,3.6,30293,28,871,4,0.46,0.23,5054|6387|7412|7852,SERPINE1|CXCL12|VCAM1|CXCR4,-1.1,0
1,-2.1,C0152276,M1,1,0,DisGeNET,35,Granulocytic Sarcoma,,-2.1,5,3.6,30293,28,871,4,0.46,0.23,290|805|861|4629,ANPEP|CALM2|RUNX1|MYH11,-1.1,0
1,-2.1,C0279627,M1,1,0,DisGeNET,35,Adult Acute Myelomonocytic Leukemia,,-2.1,5,3.6,30293,28,871,4,0.46,0.23,861|4629|10216|10962,RUNX1|MYH11|PRG4|MLLT11,-1.1,0
1,-2.1,C0279644,M1,1,0,DisGeNET,35,Childhood Acute Myelomonocytic Leukemia,,-2.1,5,3.6,30293,28,871,4,0.46,0.23,861|4629|10216|10962,RUNX1|MYH11|PRG4|MLLT11,-1.1,0
1,-2.1,C0334359,M1,1,0,DisGeNET,35,Papillary serous cystadenocarcinoma,,-2.1,5,3.6,30293,28,871,4,0.46,0.23,1191|5243|22943|54541,CLU|ABCB1|DKK1|DDIT4,-1.1,0
1,-2.1,C0338070,M1,1,0,DisGeNET,35,Childhood Cerebral Astrocytoma,,-2.1,5,3.6,30293,28,871,4,0.46,0.23,90|4233|4851|23462,ACVR1|MET|NOTCH1|HEY1,-1.1,0
1,-2.1,C0344232,M1,1,0,DisGeNET,35,Blurred vision,,-2.1,5,3.6,30293,28,871,4,0.46,0.23,19|1282|3736|5961,ABCA1|COL4A1|KCNA1|PRPH2,-1.1,0
1,-2.1,C0426799,M1,1,0,DisGeNET,35,Congenital hypoplasia of clavicle,,-2.1,5,3.6,30293,28,871,4,0.46,0.23,2263|6926|7291|79633,FGFR2|TBX3|TWIST1|FAT4,-1.1,0
1,-2.1,C1568363,M1,1,0,DisGeNET,35,Tendinosis,,-2.1,5,3.6,30293,28,871,4,0.46,0.23,1634|4313|6869|7078,DCN|MMP2|TACR1|TIMP3,-1.1,0
1,-2.1,C1834129,M1,1,0,DisGeNET,35,Abnormal vertebral morphology,,-2.1,5,3.6,30293,28,871,4,0.46,0.23,90|2294|6299|7547,ACVR1|FOXF1|SALL1|ZIC3,-1.1,0
1,-2.1,C4048305,M1,1,0,DisGeNET,35,Neuroepithelioma,,-2.1,5,3.6,30293,28,871,4,0.46,0.23,2308|3084|3976|5243,FOXO1|NRG1|LIF|ABCB1,-1.1,0
1,-2.1,C4543929,M1,1,0,DisGeNET,35,Primary osteosarcoma,,-2.1,5,3.6,30293,28,871,4,0.46,0.23,2034|2066|4313|11145,EPAS1|ERBB4|MMP2|PLAAT3,-1.1,0
1,-2.1,C0018536,M1,1,0,DisGeNET,35,Hallux Valgus,,-2.1,3.4,3.3,30293,61,871,6,0.69,0.28,90|165|2263|2273|7291|50515,ACVR1|AEBP1|FGFR2|FHL1|TWIST1|CHST11,-1.1,0
1,-2.1,C0155765,M1,1,0,DisGeNET,35,Disease of capillaries,,-2.1,3.4,3.3,30293,61,871,6,0.69,0.28,348|1282|1906|3075|4854|6513,APOE|COL4A1|EDN1|CFH|NOTCH3|SLC2A1,-1.1,0
1,-2.1,C4082937,M1,1,0,DisGeNET,35,Necrotizing enterocolitis in fetus OR newborn,,-2.1,2.2,2.9,30293,210,871,13,1.5,0.41,58|1839|2321|3589|5122|6387|6696|7040|7042|7076|8549|103910|196883,ACTA1|HBEGF|FLT1|IL11|PCSK1|CXCL12|SPP1|TGFB1|TGFB2|TIMP1|LGR5|MYL12B|ADCY4,-1.1,0
1,-2.1,C0238288,M1,1,0,DisGeNET,35,"Muscular Dystrophy, Facioscapulohumeral",,-2.1,2.4,3,30293,142,871,10,1.1,0.36,1281|1634|2273|4060|5077|5307|7078|10468|27295|28984,COL3A1|DCN|FHL1|LUM|PAX3|PITX1|TIMP3|FST|PDLIM3|RGCC,-1.1,0
1,-2.1,C0206726,M1,1,0,DisGeNET,35,gliosarcoma,,-2.1,3,3.1,30293,80,871,7,0.8,0.3,970|2670|2697|5156|5328|5742|6657,CD70|GFAP|GJA1|PDGFRA|PLAU|PTGS1|SOX2,-1.1,0
1,-2.1,C0750927,M1,1,0,DisGeNET,35,"Apraxia, Developmental Verbal",,-2.1,3,3.1,30293,80,871,7,0.8,0.3,348|1906|4313|4638|5362|26047|27087,APOE|EDN1|MMP2|MYLK|PLXNA2|CNTNAP2|B3GAT1,-1.1,0
1,-2.1,C0019337,M1,1,0,DisGeNET,35,Heroin Dependence,,-2.1,2.8,3.1,30293,100,871,8,0.92,0.32,1268|2149|2308|2668|4886|4908|5179|5243,CNR1|F2R|FOXO1|GDNF|NPY1R|NTF3|PENK|ABCB1,-1.1,0
1,-2.1,C0376480,M1,1,0,DisGeNET,35,Gingival Overgrowth,,-2.1,2.8,3.1,30293,100,871,8,0.92,0.32,547|715|1281|1717|2263|4313|54757|79633,KIF1A|C1R|COL3A1|DHCR7|FGFR2|MMP2|FAM20A|FAT4,-1.1,0
1,-2.1,C0010635,M1,1,0,DisGeNET,35,"Cystadenoma, Mucinous",,-2.1,7,4,30293,15,871,3,0.34,0.2,1191|4052|7040,CLU|LTBP1|TGFB1,-1.1,0
1,-2.1,C0018566,M1,1,0,DisGeNET,35,Congenital Hand Deformities,,-2.1,7,4,30293,15,871,3,0.34,0.2,5077|7021|9719,PAX3|TFAP2B|ADAMTSL2,-1.1,0
1,-2.1,C0020225,M1,1,0,DisGeNET,35,Hydranencephaly,,-2.1,7,4,30293,15,871,3,0.34,0.2,6913|7545|26227,TBX15|ZIC1|PHGDH,-1.1,0
1,-2.1,C0021290,M1,1,0,DisGeNET,35,Neonatal disorder,,-2.1,7,4,30293,15,871,3,0.34,0.2,5251|7040|23705,PHEX|TGFB1|CADM1,-1.1,0
1,-2.1,C0032226,M1,1,0,DisGeNET,35,Pleural Diseases,,-2.1,7,4,30293,15,871,3,0.34,0.2,3371|5054|7040,TNC|SERPINE1|TGFB1,-1.1,0
1,-2.1,C0039106,M1,1,0,DisGeNET,35,Pigmented villonodular synovitis,,-2.1,7,4,30293,15,871,3,0.34,0.2,4312|6696|8600,MMP1|SPP1|TNFSF11,-1.1,0
1,-2.1,C0079102,M1,1,0,DisGeNET,35,Cerebral Thrombosis,,-2.1,7,4,30293,15,871,3,0.34,0.2,348|5054|5327,APOE|SERPINE1|PLAT,-1.1,0
1,-2.1,C0202098,M1,1,0,DisGeNET,35,Insulin measurement,,-2.1,7,4,30293,15,871,3,0.34,0.2,5122|23189|169026,PCSK1|KANK1|SLC30A8,-1.1,0
1,-2.1,C0235618,M1,1,0,DisGeNET,35,Proliferative glomerulonephritis,,-2.1,7,4,30293,15,871,3,0.34,0.2,1490|2621|3075,CCN2|GAS6|CFH,-1.1,0
1,-2.1,C0266508,M1,1,0,DisGeNET,35,Rachischisis,,-2.1,7,4,30293,15,871,3,0.34,0.2,2263|5077|5156,FGFR2|PAX3|PDGFRA,-1.1,0
1,-2.1,C0344490,M1,1,0,DisGeNET,35,Sacral agenesis,,-2.1,7,4,30293,15,871,3,0.34,0.2,5125|6899|7547,PCSK5|TBX1|ZIC3,-1.1,0
1,-2.1,C0431863,M1,1,0,DisGeNET,35,Carpal synostosis,,-2.1,7,4,30293,15,871,3,0.34,0.2,2192|2317|5077,FBLN1|FLNB|PAX3,-1.1,0
1,-2.1,C0854776,M1,1,0,DisGeNET,35,Pancreatic carcinoma non-resectable,,-2.1,7,4,30293,15,871,3,0.34,0.2,2030|4854|6241,SLC29A1|NOTCH3|RRM2,-1.1,0
1,-2.1,C1257840,M1,1,0,DisGeNET,35,"Aganglionosis, Rectosigmoid Colon",,-2.1,7,4,30293,15,871,3,0.34,0.2,1910|2668|3084,EDNRB|GDNF|NRG1,-1.1,0
1,-2.1,C1334978,M1,1,0,DisGeNET,35,Non-Hereditary Clear Cell Renal Cell Carcinoma,,-2.1,7,4,30293,15,871,3,0.34,0.2,2034|8614|54541,EPAS1|STC2|DDIT4,-1.1,0
1,-2.1,C1735591,M1,1,0,DisGeNET,35,VACTERL Association,,-2.1,7,4,30293,15,871,3,0.34,0.2,2294|5125|7547,FOXF1|PCSK5|ZIC3,-1.1,0
1,-2.1,C1860405,M1,1,0,DisGeNET,35,Snowflake vitreoretinal degeneration,,-2.1,7,4,30293,15,871,3,0.34,0.2,3554|4747|7040,IL1R1|NEFL|TGFB1,-1.1,0
1,-2.1,C2112532,M1,1,0,DisGeNET,35,Postmenopausal endometrium,,-2.1,7,4,30293,15,871,3,0.34,0.2,1839|2066|7076,HBEGF|ERBB4|TIMP1,-1.1,0
1,-2.1,C2938912,M1,1,0,DisGeNET,35,Hyperintensity of cerebral white matter on MRI,,-2.1,7,4,30293,15,871,3,0.34,0.2,1282|1284|84504,COL4A1|COL4A2|NKX6-2,-1.1,0
1,-2.1,C3554224,M1,1,0,DisGeNET,35,LEPTIN DEFICIENCY OR DYSFUNCTION,,-2.1,7,4,30293,15,871,3,0.34,0.2,1240|5054|6899,CMKLR1|SERPINE1|TBX1,-1.1,0
1,-2.1,C4021822,M1,1,0,DisGeNET,35,Abnormality of female external genitalia,,-2.1,7,4,30293,15,871,3,0.34,0.2,7852|63976|117581,CXCR4|PRDM16|TWIST2,-1.1,0
1,-2.1,C4023722,M1,1,0,DisGeNET,35,Abnormality of hair texture,,-2.1,7,4,30293,15,871,3,0.34,0.2,1281|8600|26227,COL3A1|TNFSF11|PHGDH,-1.1,0
1,-2.1,C4284586,M1,1,0,DisGeNET,35,Perinatal depression in mother,,-2.1,7,4,30293,15,871,3,0.34,0.2,5021|5054|6319,OXTR|SERPINE1|SCD,-1.1,0
1,-2.1,C0023794,M1,1,0,DisGeNET,35,Lipoidosis,,-2.1,4,3.4,30293,44,871,5,0.57,0.26,19|6319|6876|7431|83729,ABCA1|SCD|TAGLN|VIM|INHBE,-1.1,0
1,-2.1,C0205768,M1,1,0,DisGeNET,35,Subependymal Giant Cell Astrocytoma,,-2.1,4,3.4,30293,44,871,5,0.57,0.26,90|1809|4233|4851|23462,ACVR1|DPYSL3|MET|NOTCH1|HEY1,-1.1,0
1,-2.1,C0240421,M1,1,0,DisGeNET,35,Progressive muscle weakness,,-2.1,4,3.4,30293,44,871,5,0.57,0.26,58|182|1674|7138|8425,ACTA1|JAG1|DES|TNNT1|LTBP4,-1.1,0
1,-2.1,C0266387,M1,1,0,DisGeNET,35,Bicornuate uterus,,-2.1,4,3.4,30293,44,871,5,0.57,0.26,1717|4036|6928|64220|80144,DHCR7|LRP2|HNF1B|STRA6|FRAS1,-1.1,0
1,-2.1,C0410189,M1,1,0,DisGeNET,35,"Muscular Dystrophy, Emery-Dreifuss",,-2.1,4,3.4,30293,44,871,5,0.57,0.26,2273|2317|7042|7076|7078,FHL1|FLNB|TGFB2|TIMP1|TIMP3,-1.1,0
1,-2.1,C3896961,M1,1,0,DisGeNET,35,Adult Pre-B Acute Lymphoblastic Leukemia,,-2.1,4,3.4,30293,44,871,5,0.57,0.26,290|861|1030|2022|10611,ANPEP|RUNX1|CDKN2B|ENG|PDLIM5,-1.1,0
1,-2.1,C4721413,M1,1,0,DisGeNET,35,Juvenile angiofibroma,,-2.1,4,3.4,30293,44,871,5,0.57,0.26,1281|1490|1634|2069|7076,COL3A1|CCN2|DCN|EREG|TIMP1,-1.1,0
1,-2.1,C0023443,M1,1,0,DisGeNET,35,Hairy Cell Leukemia,,-2.1,2.4,3,30293,143,871,10,1.1,0.36,1030|2048|2149|3702|5243|7040|8507|8871|27087|79971,CDKN2B|EPHB2|F2R|ITK|ABCB1|TGFB1|ENC1|SYNJ2|B3GAT1|WLS,-1.1,0
1,-2.1,C1848701,M1,1,0,DisGeNET,35,Elevated hepatic transaminase,,-2.1,2.1,2.8,30293,212,871,13,1.5,0.41,182|875|2321|2817|3075|3975|4627|6925|6928|10699|26047|51816|55240,JAG1|CBS|FLT1|GPC1|CFH|LHX1|MYH9|TCF4|HNF1B|CORIN|CNTNAP2|ADA2|STEAP3,-1.1,0
1,-2.1,C0042974,M1,1,0,DisGeNET,35,von Willebrand Disease,,-2.1,3.4,3.2,30293,62,871,6,0.69,0.28,3589|3673|5054|7057|80760|83716,IL11|ITGA2|SERPINE1|THBS1|ITIH5|CRISPLD2,-1.1,0
1,-2.1,C0340076,M1,1,0,DisGeNET,35,Asthmatic pulmonary eosinophilia,,-2.1,3.4,3.2,30293,62,871,6,0.69,0.28,3554|3589|5156|7057|51200|56005,IL1R1|IL11|PDGFRA|THBS1|CPA4|MYDGF,-1.1,0
1,-2.1,C1167791,M1,1,0,DisGeNET,35,Skin toxicity,,-2.1,3.4,3.2,30293,62,871,6,0.69,0.28,2069|3977|5243|6285|6319|7040,EREG|LIFR|ABCB1|S100B|SCD|TGFB1,-1.1,0
1,-2.1,C2717961,M1,1,0,DisGeNET,35,Thrombotic Microangiopathies,,-2.1,3.4,3.2,30293,62,871,6,0.69,0.28,1604|3075|5054|5806|10878|23677,CD55|CFH|SERPINE1|PTX3|CFHR3|SH3BP4,-1.1,0
1,-2.1,C4082304,M1,1,0,DisGeNET,35,Oligodontia,,-2.1,3.4,3.2,30293,62,871,6,0.69,0.28,652|1832|2048|5083|9464|64094,BMP4|DSP|EPHB2|PAX9|HAND2|SMOC2,-1.1,0
1,-2.1,C0221260,M1,1,0,DisGeNET,35,Dystrophia unguium,,-2.1,3,3.1,30293,81,871,7,0.8,0.3,19|1294|1832|2706|3675|3887|4312,ABCA1|COL7A1|DSP|GJB2|ITGA3|KRT81|MMP1,-1.1,0
1,-2.1,C0524662,M1,1,0,DisGeNET,35,Opiate Addiction,,-2.1,3,3.1,30293,81,871,7,0.8,0.3,1392|2890|2917|5179|5243|6925|9369,CRH|GRIA1|GRM7|PENK|ABCB1|TCF4|NRXN3,-1.1,0
1,-2.1,C0860659,M1,1,0,DisGeNET,35,Aloof,,-2.1,3,3.1,30293,81,871,7,0.8,0.3,2670|3371|5362|6387|7225|9518|54757,GFAP|TNC|PLXNA2|CXCL12|TRPC6|GDF15|FAM20A,-1.1,0
1,-2.1,C0085409,M1,1,0,DisGeNET,35,"Polyendocrinopathies, Autoimmune",,-2.1,2.3,2.9,30293,166,871,11,1.3,0.38,953|1906|2022|2149|3075|5054|5055|5742|6281|7412|7431,ENTPD1|EDN1|ENG|F2R|CFH|SERPINE1|SERPINB2|PTGS1|S100A10|VCAM1|VIM,-1.1,0
1,-2.1,C0235874,M1,1,0,DisGeNET,35,Disease Exacerbation,,-2.1,2.3,2.9,30293,166,871,11,1.3,0.38,348|1000|1294|1909|2321|2697|4288|4313|5243|5792|10628,APOE|CDH2|COL7A1|EDNRA|FLT1|GJA1|MKI67|MMP2|ABCB1|PTPRF|TXNIP,-1.1,0
1,-2.1,C0017181,M1,1,0,DisGeNET,35,Gastrointestinal Hemorrhage,,-2.1,2.6,3,30293,122,871,9,1,0.34,875|2022|2244|4851|5156|6578|6899|7048|57514,CBS|ENG|FGB|NOTCH1|PDGFRA|SLCO2A1|TBX1|TGFBR2|ARHGAP31,-1.1,0
1,-2.1,C1333064,M1,1,0,DisGeNET,35,Classical Hodgkin's Lymphoma,,-2.1,2,2.8,30293,285,871,16,1.8,0.46,1490|2048|2308|2624|2706|3122|3315|3702|4233|4821|4851|5243|5292|6493|7075|7078,CCN2|EPHB2|FOXO1|GATA2|GJB2|HLA-DRA|HSPB1|ITK|MET|NKX2-2|NOTCH1|ABCB1|PIM1|SIM2|TIE1|TIMP3,-1.1,0
1,-2,C0241910,M1,1,0,DisGeNET,35,Autoimmune Chronic Hepatitis,,-2,2.1,2.8,30293,213,871,13,1.5,0.41,58|2624|3856|3875|4312|4948|6285|6387|7040|50507|56005|64399|100133941,ACTA1|GATA2|KRT8|KRT18|MMP1|OCA2|S100B|CXCL12|TGFB1|NOX4|MYDGF|HHIP|CD24,-1.1,0
1,-2,C0085996,M1,1,0,DisGeNET,35,Child Development Deviations,,-2,4.8,3.5,30293,29,871,4,0.46,0.23,547|4036|6513|152330,KIF1A|LRP2|SLC2A1|CNTN4,-1.1,0
1,-2,C0149504,M1,1,0,DisGeNET,35,"Encephalopathy, Toxic",,-2,4.8,3.5,30293,29,871,4,0.46,0.23,5243|5327|7078|83716,ABCB1|PLAT|TIMP3|CRISPLD2,-1.1,0
1,-2,C0152438,M1,1,0,DisGeNET,35,Sprengel deformity,,-2,4.8,3.5,30293,29,871,4,0.46,0.23,1281|2273|5077|6926,COL3A1|FHL1|PAX3|TBX3,-1.1,0
1,-2,C0154659,M1,1,0,DisGeNET,35,Toxic Encephalitis,,-2,4.8,3.5,30293,29,871,4,0.46,0.23,5243|5327|7078|83716,ABCB1|PLAT|TIMP3|CRISPLD2,-1.1,0
1,-2,C0158945,M1,1,0,DisGeNET,35,Congenital cytomegalovirus infection,,-2,4.8,3.5,30293,29,871,4,0.46,0.23,2706|4036|7852|23263,GJB2|LRP2|CXCR4|MCF2L,-1.1,0
1,-2,C0280790,M1,1,0,DisGeNET,35,Adult Anaplastic Oligodendroglioma,,-2,4.8,3.5,30293,29,871,4,0.46,0.23,2670|3485|5155|5156,GFAP|IGFBP2|PDGFB|PDGFRA,-1.1,0
1,-2,C0302314,M1,1,0,DisGeNET,35,Xanthoma,,-2,4.8,3.5,30293,29,871,4,0.46,0.23,19|348|2817|5742,ABCA1|APOE|GPC1|PTGS1,-1.1,0
1,-2,C0334580,M1,1,0,DisGeNET,35,Protoplasmic astrocytoma,,-2,4.8,3.5,30293,29,871,4,0.46,0.23,90|4233|4851|23462,ACVR1|MET|NOTCH1|HEY1,-1.1,0
1,-2,C0342418,M1,1,0,DisGeNET,35,Hypothalamic hamartomas,,-2,4.8,3.5,30293,29,871,4,0.46,0.23,2697|4036|6657|23263,GJA1|LRP2|SOX2|MCF2L,-1.1,0
1,-2,C1332943,M1,1,0,DisGeNET,35,Childhood Anaplastic Oligodendroglioma,,-2,4.8,3.5,30293,29,871,4,0.46,0.23,2670|3485|5155|5156,GFAP|IGFBP2|PDGFB|PDGFRA,-1.1,0
1,-2,C1839798,M1,1,0,DisGeNET,35,Long nose,,-2,4.8,3.5,30293,29,871,4,0.46,0.23,182|2263|2697|7291,JAG1|FGFR2|GJA1|TWIST1,-1.1,0
1,-2,C4021801,M1,1,0,DisGeNET,35,Lacrimation abnormality,,-2,4.8,3.5,30293,29,871,4,0.46,0.23,2138|3977|5077|117581,EYA1|LIFR|PAX3|TWIST2,-1.1,0
1,-2,C0004045,M1,1,0,DisGeNET,35,Asphyxia Neonatorum,,-2,3.9,3.3,30293,45,871,5,0.57,0.26,133|2321|2670|4133|4747,ADM|FLT1|GFAP|MAP2|NEFL,-1.1,0
1,-2,C0206019,M1,1,0,DisGeNET,35,HIV Encephalopathy,,-2,3.9,3.3,30293,45,871,5,0.57,0.26,348|928|1191|6696|6869,APOE|CD9|CLU|SPP1|TACR1,-1.1,0
1,-2,C0206731,M1,1,0,DisGeNET,35,Angiofibroma,,-2,3.9,3.3,30293,45,871,5,0.57,0.26,1030|1490|1634|2069|7076,CDKN2B|CCN2|DCN|EREG|TIMP1,-1.1,0
1,-2,C1135161,M1,1,0,DisGeNET,35,Stage 4S neuroblastoma,,-2,3.9,3.3,30293,45,871,5,0.57,0.26,1902|6387|8128|8614|64129,LPAR1|CXCL12|ST8SIA2|STC2|TINAGL1,-1.1,0
1,-2,C0022650,M1,1,0,DisGeNET,35,Kidney Calculi,,-2,2.2,2.8,30293,190,871,12,1.4,0.39,1909|2308|4036|4256|5251|6696|7040|7431|27295|50507|54757|57007,EDNRA|FOXO1|LRP2|MGP|PHEX|SPP1|TGFB1|VIM|PDLIM3|NOX4|FAM20A|ACKR3,-1.1,0
1,-2,C0017639,M1,1,0,DisGeNET,35,Gliosis,,-2,2.7,3,30293,102,871,8,0.92,0.32,652|655|2670|3084|3672|3673|6285|7431,BMP4|BMP7|GFAP|NRG1|ITGA1|ITGA2|S100B|VIM,-1.1,0
1,-2,C0020651,M1,1,0,DisGeNET,35,"Hypotension, Orthostatic",,-2,3,3.1,30293,82,871,7,0.8,0.3,182|2149|4879|4883|5243|9966|22943,JAG1|F2R|NPPB|NPR3|ABCB1|TNFSF15|DKK1,-1.1,0
1,-2,C0342384,M1,1,0,DisGeNET,35,Idiopathic hypogonadotropic hypogonadism,,-2,3,3.1,30293,82,871,7,0.8,0.3,1909|3976|5122|8482|23263|54756|57007,EDNRA|LIF|PCSK1|SEMA7A|MCF2L|IL17RD|ACKR3,-1.1,0
1,-2,C0393819,M1,1,0,DisGeNET,35,"Polyradiculoneuropathy, Chronic Inflammatory Demyelinating",,-2,3,3.1,30293,82,871,7,0.8,0.3,1832|1906|2668|3976|4313|4747|10611,DSP|EDN1|GDNF|LIF|MMP2|NEFL|PDLIM5,-1.1,0
1,-2,C0009714,M1,1,0,DisGeNET,35,"Hepatic Fibrosis, Congenital",,-2,3.3,3.2,30293,63,871,6,0.69,0.28,1490|1674|4851|7040|7057|57514,CCN2|DES|NOTCH1|TGFB1|THBS1|ARHGAP31,-1.1,0
1,-2,C0014599,M1,1,0,DisGeNET,35,Epithelial hyperplasia,,-2,3.3,3.2,30293,63,871,6,0.69,0.28,2048|2252|3589|6696|8829|9464,EPHB2|FGF7|IL11|SPP1|NRP1|HAND2,-1.1,0
1,-2,C0018572,M1,1,0,DisGeNET,35,"Hand, Foot and Mouth Disease",,-2,3.3,3.2,30293,63,871,6,0.69,0.28,4851|5362|6285|6529|7040|51435,NOTCH1|PLXNA2|S100B|SLC6A1|TGFB1|SCARA3,-1.1,0
1,-2,C0034735,M1,1,0,DisGeNET,35,Raynaud Phenomenon,,-2,3.3,3.2,30293,63,871,6,0.69,0.28,715|1282|1906|5806|6696|51816,C1R|COL4A1|EDN1|PTX3|SPP1|ADA2,-1.1,0
1,-2,C0024312,M1,1,0,DisGeNET,35,Lymphopenia,,-2,2,2.8,30293,239,871,14,1.6,0.43,715|1509|1910|2252|2624|4638|6696|7852|8877|27087|53637|55655|79633|116372,C1R|CTSD|EDNRB|FGF7|GATA2|MYLK|SPP1|CXCR4|SPHK1|B3GAT1|S1PR5|NLRP2|FAT4|LYPD1,-1,0
1,-2,C0039590,M1,1,0,DisGeNET,35,Testicular Neoplasms,,-2,2.5,2.9,30293,124,871,9,1,0.34,794|1030|1191|2263|2321|2668|3315|5307|7046,CALB2|CDKN2B|CLU|FGFR2|FLT1|GDNF|HSPB1|PITX1|TGFBR1,-1,0
1,-2,C0012546,M1,1,0,DisGeNET,35,Diphtheria,,-2,2.4,2.9,30293,146,871,10,1.1,0.36,1839|2149|2297|2308|2670|4851|5077|5764|8549|9627,HBEGF|F2R|FOXD1|FOXO1|GFAP|NOTCH1|PAX3|PTN|LGR5|SNCAIP,-1,0
1,-2,C0000731,M1,1,0,DisGeNET,35,Abdomen distended,,-2,2.7,3,30293,103,871,8,0.92,0.32,715|3624|3856|3875|4629|4638|6696|9966,C1R|INHBA|KRT8|KRT18|MYH11|MYLK|SPP1|TNFSF15,-1,0
1,-2,C0040264,M1,1,0,DisGeNET,35,Tinnitus,,-2,2.7,3,30293,103,871,8,0.92,0.32,1268|2662|2668|2706|2917|5155|6546|22943,CNR1|GDF10|GDNF|GJB2|GRM7|PDGFB|SLC8A1|DKK1,-1,0
1,-2,C3544205,M1,1,0,DisGeNET,35,Ovarian clear cell carcinoma,,-2,2.7,3,30293,103,871,8,0.92,0.32,1993|2719|4233|5054|6696|6928|7431|8140,ELAVL2|GPC3|MET|SERPINE1|SPP1|HNF1B|VIM|SLC7A5,-1,0
1,-2,C0153382,M1,1,0,DisGeNET,35,Malignant neoplasm of oropharynx,,-2,2.9,3,30293,83,871,7,0.8,0.3,1832|4851|5178|7040|7076|22943|140885,DSP|NOTCH1|PEG3|TGFB1|TIMP1|DKK1|SIRPA,-1,0
1,-2,C3469186,M1,1,0,DisGeNET,35,"HEMOCHROMATOSIS, TYPE 1",,-2,2.9,3,30293,83,871,7,0.8,0.3,348|654|1356|2512|4312|56670|79901,APOE|BMP6|CP|FTL|MMP1|SUCNR1|CYBRD1,-1,0
1,-2,C4523846,M1,1,0,DisGeNET,35,MSI-high,,-2,2.9,3,30293,83,871,7,0.8,0.3,214|570|3486|4233|7048|54894|80760,ALCAM|BAAT|IGFBP3|MET|TGFBR2|RNF43|ITIH5,-1,0
1,-2,C0279068,M1,1,0,DisGeNET,35,Childhood Solid Neoplasm,,-2,2.3,2.8,30293,169,871,11,1.3,0.38,3371|4015|4312|4313|5176|5243|5292|6387|10962|50507|57124,TNC|LOX|MMP1|MMP2|SERPINF1|ABCB1|PIM1|CXCL12|MLLT11|NOX4|CD248,-1,0
