_MEMBER_down_common_genes,_MEMBER_down_epi_only,_MEMBER_down_mes_only,_MEMBER_down_mes_up_epi,_MEMBER_up_common_genes,_MEMBER_up_epi_only,_MEMBER_up_mes_down_epi,_MEMBER_up_mes_only,_LogP_down_common_genes,_LogP_down_epi_only,_LogP_down_mes_only,_LogP_down_mes_up_epi,_LogP_up_common_genes,_LogP_up_epi_only,_LogP_up_mes_down_epi,_LogP_up_mes_only,GO,_PATTERN_,_RANK_,GiniIndex,Category,CategoryID,Description,PARENT_GO,LogP,Enrichment,Z-score,#TotalGeneInLibrary,#GeneInGO,#GeneInHitList,#GeneInGOAndHitList,%InGO,STDV %InGO,GeneID,Hits,Log(q-value),EvidenceCutoff
1,1,0,0,0,0,1,0,-2.5,-49,0,0,0,0,-2.2,0,M40234,M11000010,3,0,Cell Type Signatures,7,DESCARTES FETAL LIVER HEPATOBLASTS,,-49,12,26,30286,500,323,64,20,2.2,13|173|174|183|197|213|216|335|350|622|729|1644|2065|2147|2155|2244|2705|2731|2939|3053|3158|3170|3249|4224|4329|5053|5174|5345|5624|5950|6819|7018|7104|7108|7276|7429|8431|9104|10247|10840|10991|28999|29974|51085|51156|51473|57462|64093|79589|81693|92840|113220|134548|149466|164656|197257|257407|257629|283375|284111|388323|388595|389434|100996492,AADAC|AFM|AFP|AGT|AHSG|ALB|ALDH1A1|APOA1|APOH|BDH1|C6|DDC|ERBB3|F2|F7|FGB|GJB1|GLDC|GSTA2|SERPIND1|HMGCS2|FOXA2|HPN|MEP1A|ALDH6A1|PAH|PDZK1|SERPINF2|PROC|RBP4|SULT1C2|TF|TM4SF4|TM7SF2|TTR|VIL1|NR0B2|RGN|RIDA|ALDH1L1|SLC38A3|KLF15|A1CF|MLXIPL|SERPINA10|DCDC2|MYORG|SMOC1|RNF128|AMN|REEP6|KIF12|SOWAHA|C1orf210|TMPRSS6|LDHD|C2orf72|ANKS4B|SLC39A5|SLC13A5|GLTPD2|TMEM82|IYD|CTXND1,-44,0
0,0,0,1,1,1,1,1,0,0,0,-2.1,-42,-8.3,-4.8,-4.9,M41700,M00011111,5,0,Cell Type Signatures,7,TRAVAGLINI LUNG OLR1 CLASSICAL MONOCYTE CELL,,-42,9.7,22,30286,726,266,62,23,2.6,329|637|1890|1982|2004|2120|2643|2907|2919|3383|3460|3576|3656|3685|4327|4627|4683|4790|4792|4794|4814|5216|5271|5329|5687|5743|5879|5971|6648|7127|7128|7185|8676|8767|8837|9050|9261|9308|10019|10092|10308|10318|10970|11177|11182|22809|22904|22919|25797|25932|30844|51088|51100|51582|59274|64778|80149|83937|84888|114294|170954|285381,BIRC2|BID|TYMP|EIF4G2|ELK3|ETV6|GCH1|GRINA|CXCL1|ICAM1|IFNGR2|CXCL8|IRAK2|ITGAV|MMP19|MYH9|NBN|NFKB1|NFKBIA|NFKBIE|NINJ1|PFN1|SERPINB8|PLAUR|PSMA6|PTGS2|RAC1|RELB|SOD2|TNFAIP2|TNFAIP3|TRAF1|STX11|RIPK2|CFLAR|PSTPIP2|MAPKAPK2|CD83|SH2B3|ARPC5|ZNF267|TNIP1|CKAP4|BAZ1A|SLC2A6|ATF5|SBNO2|MAPRE1|QPCT|CLIC4|EHD4|KLHL5|SH3GLB1|AZIN1|TLNRD1|FNDC3B|ZC3H12A|RASSF4|SPPL2A|LACTB|PPP1R18|DPH3,-38,0
1,1,0,0,0,1,1,0,-4.4,-32,0,0,0,-2.3,-3.3,0,M39115,M11000110,4,0,Cell Type Signatures,7,AIZARANI LIVER C11 HEPATOCYTES 1,,-32,13,21,30286,298,323,41,13,1.9,13|34|173|183|197|213|216|335|350|729|1557|1645|1666|2147|2244|2938|2939|3053|3158|3249|3417|4329|5005|5053|5345|5624|5950|7018|7276|9104|10247|10449|10840|10998|11001|28999|29974|51085|55365|84706|284111,AADAC|ACADM|AFM|AGT|AHSG|ALB|ALDH1A1|APOA1|APOH|C6|CYP2C19|AKR1C1|DECR1|F2|FGB|GSTA1|GSTA2|SERPIND1|HMGCS2|HPN|IDH1|ALDH6A1|ORM2|PAH|SERPINF2|PROC|RBP4|TF|TTR|RGN|RIDA|ACAA2|ALDH1L1|SLC27A5|SLC27A2|KLF15|A1CF|MLXIPL|TMEM176A|GPT2|SLC13A5,-28,0
0,1,0,0,0,0,1,0,0,-31,0,0,0,0,-3,0,M40276,M01000010,2,0,Cell Type Signatures,7,DESCARTES FETAL PLACENTA AFP ALB POSITIVE CELLS,,-31,18,23,30286,171,323,33,10,1.7,174|183|197|213|335|350|622|1644|2147|2244|2938|3053|3158|4224|4329|5053|5345|5950|7018|7104|7108|7276|10247|10991|29974|51085|51156|81693|92840|127845|164656|283375|284111,AFP|AGT|AHSG|ALB|APOA1|APOH|BDH1|DDC|F2|FGB|GSTA1|SERPIND1|HMGCS2|MEP1A|ALDH6A1|PAH|SERPINF2|RBP4|TF|TM4SF4|TM7SF2|TTR|RIDA|SLC38A3|A1CF|MLXIPL|SERPINA10|AMN|REEP6|GOLT1A|TMPRSS6|SLC39A5|SLC13A5,-27,0
1,1,0,0,0,0,1,0,-4.5,-28,0,0,0,0,-3.4,0,M40287,M11000010,3,0,Cell Type Signatures,7,DESCARTES FETAL SPLEEN AFP ALB POSITIVE CELLS,,-28,16,21,30286,188,323,32,9.9,1.7,174|183|197|213|335|350|1468|2147|2155|2244|2584|2705|2731|2938|3053|3158|3249|4329|5053|5345|5950|6819|7018|7104|7108|7276|10991|11001|29974|81693|283375|284111,AFP|AGT|AHSG|ALB|APOA1|APOH|SLC25A10|F2|F7|FGB|GALK1|GJB1|GLDC|GSTA1|SERPIND1|HMGCS2|HPN|ALDH6A1|PAH|SERPINF2|RBP4|SULT1C2|TF|TM4SF4|TM7SF2|TTR|SLC38A3|SLC27A2|A1CF|AMN|SLC39A5|SLC13A5,-25,0
0,0,0,1,1,1,1,0,0,0,0,-4.2,-23,-2.9,-2.1,0,M39135,M00011110,4,0,Cell Type Signatures,7,AIZARANI LIVER C39 EPCAM POS BILE DUCT CELLS 4,,-23,16,19,30286,184,266,26,9.8,1.8,1906|2919|3068|3460|3576|3624|3918|4627|4641|4790|4791|4792|6372|6648|7127|7168|8795|9235|10272|11177|57552|81788|85456|91107|117177|135112,EDN1|CXCL1|HDGF|IFNGR2|CXCL8|INHBA|LAMC2|MYH9|MYO1C|NFKB1|NFKB2|NFKBIA|CXCL6|SOD2|TNFAIP2|TPM1|TNFRSF10B|IL32|FSTL3|BAZ1A|NCEH1|NUAK2|TNKS1BP1|TRIM47|RAB3IP|NCOA7,-19,0
0,0,0,0,1,0,1,0,0,0,0,0,-23,0,-2.4,0,M41715,M00001010,2,0,Cell Type Signatures,7,FAN OVARY CL13 MONOCYTE MACROPHAGE,,-23,8.9,16,30286,458,266,36,14,2.1,637|1072|1890|2907|3105|3106|3107|3459|3460|3576|4790|4792|4814|5216|5329|5721|6648|6892|7170|8407|8676|8837|9144|9308|10010|10092|10318|11010|11047|11177|22809|23406|80774|84790|114294|170954,BID|CFL1|TYMP|GRINA|HLA-A|HLA-B|HLA-C|IFNGR1|IFNGR2|CXCL8|NFKB1|NFKBIA|NINJ1|PFN1|PLAUR|PSME2|SOD2|TAPBP|TPM3|TAGLN2|STX11|CFLAR|SYNGR2|CD83|TANK|ARPC5|TNIP1|GLIPR1|ADRM1|BAZ1A|ATF5|COTL1|LIMD2|TUBA1C|LACTB|PPP1R18,-19,0
1,1,0,0,0,0,0,0,-4.7,-22,0,0,0,0,0,0,M39118,M11000000,2,0,Cell Type Signatures,7,AIZARANI LIVER C14 HEPATOCYTES 2,,-22,12,17,30286,226,323,29,9,1.6,173|197|216|335|350|2147|2244|2705|2938|2939|3053|3158|3249|4329|5005|5345|5950|7018|7276|9104|10247|10449|10840|10998|29974|51085|55365|84706|92840,AFM|AHSG|ALDH1A1|APOA1|APOH|F2|FGB|GJB1|GSTA1|GSTA2|SERPIND1|HMGCS2|HPN|ALDH6A1|ORM2|SERPINF2|RBP4|TF|TTR|RGN|RIDA|ACAA2|ALDH1L1|SLC27A5|A1CF|MLXIPL|TMEM176A|GPT2|REEP6,-19,0
0,1,0,0,0,1,0,0,0,-22,0,0,0,-5.3,0,0,M40212,M01000100,2,0,Cell Type Signatures,7,DESCARTES FETAL INTESTINE INTESTINAL EPITHELIAL CELLS,,-22,11,17,30286,276,323,31,9.6,1.6,13|173|174|183|335|729|1557|2705|2938|2939|4224|5948|5950|6819|7433|9075|10840|27284|54810|79774|81693|92840|117247|140893|155465|196410|257407|284422|339456|388323|389434,AADAC|AFM|AFP|AGT|APOA1|C6|CYP2C19|GJB1|GSTA1|GSTA2|MEP1A|RBP2|RBP4|SULT1C2|VIPR1|CLDN2|ALDH1L1|SULT1B1|GIPC2|GRTP1|AMN|REEP6|SLC16A10|RBBP8NL|AGR3|TMT1B|C2orf72|SMIM24|TMEM52|GLTPD2|IYD,-18,0
0,0,0,0,1,1,1,1,0,0,0,0,-19,-3.3,-4,-2.8,M41697,M00001111,4,0,Cell Type Signatures,7,TRAVAGLINI LUNG EREG DENDRITIC CELL,,-19,7.1,14,30286,579,266,36,14,2.1,329|1318|1890|2004|2120|2280|2907|3383|3459|3460|3576|3685|4327|4790|4814|5271|5329|5879|6446|6648|7128|7170|7763|8767|9050|9308|10019|10092|11010|11177|23406|25797|59274|80149|84790|114294,BIRC2|SLC31A2|TYMP|ELK3|ETV6|FKBP1A|GRINA|ICAM1|IFNGR1|IFNGR2|CXCL8|ITGAV|MMP19|NFKB1|NINJ1|SERPINB8|PLAUR|RAC1|SGK1|SOD2|TNFAIP3|TPM3|ZFAND5|RIPK2|PSTPIP2|CD83|SH2B3|ARPC5|GLIPR1|BAZ1A|COTL1|QPCT|TLNRD1|ZC3H12A|TUBA1C|LACTB,-16,0
0,1,0,0,0,0,0,0,0,-18,0,0,0,0,0,0,M39148,M01000000,1,0,Cell Type Signatures,7,GAO SMALL INTESTINE 24W C4 ENTEROCYTE PROGENITOR SUBTYPE 2,,-18,18,18,30286,97,323,19,5.9,1.3,54|174|183|335|1644|1800|2705|4224|4640|5948|5950|8431|9104|27284|57462|79589|127845|196410|284422,ACP5|AFP|AGT|APOA1|DDC|DPEP1|GJB1|MEP1A|MYO1A|RBP2|RBP4|NR0B2|RGN|SULT1B1|MYORG|RNF128|GOLT1A|TMT1B|SMIM24,-15,0
0,1,0,0,0,0,1,0,0,-2.8,0,0,0,0,-18,0,M41710,M01000010,2,0,Cell Type Signatures,7,FAN OVARY CL8 MATURE CUMULUS GRANULOSA CELL 2,,-18,6.2,13,30286,646,279,37,13,2,506|581|708|1174|1622|1650|1832|2002|2182|2222|2232|2937|4191|4357|5162|5479|5832|6319|6566|6713|7384|7386|10130|10549|10935|10960|11222|29085|51060|54539|64116|65124|84196|84817|93974|222171|400916,ATP5F1B|BAX|C1QBP|AP1S1|DBI|DDOST|DSP|ELK1|ACSL4|FDFT1|FDXR|GSS|MDH2|MPST|PDHB|PPIB|ALDH18A1|SCD|SLC16A1|SQLE|UQCRC1|UQCRFS1|PDIA6|PRDX4|PRDX3|LMAN2|MRPL3|PHPT1|TXNDC12|NDUFB11|SLC39A8|SOWAHC|USP48|TXNDC17|ATP5IF1|PRR15|CHCHD10,-15,0
1,1,0,1,1,1,1,0,-5.5,-9.4,0,-3.5,-18,-7.6,-4.3,0,M39174,M11011110,6,0,Cell Type Signatures,7,MURARO PANCREAS ACINAR CELL,,-18,5.9,13,30286,731,266,38,14,2.1,1906|2120|2280|2627|2919|2950|3068|3106|3107|3459|3576|3685|4627|4641|4792|5420|6251|6446|6648|6892|7126|7128|7168|7763|8407|8795|9144|9235|9618|10611|11177|26353|30844|80149|84790|91107|135112|162394,EDN1|ETV6|FKBP1A|GATA6|CXCL1|GSTP1|HDGF|HLA-B|HLA-C|IFNGR1|CXCL8|ITGAV|MYH9|MYO1C|NFKBIA|PODXL|RSU1|SGK1|SOD2|TAPBP|TNFAIP1|TNFAIP3|TPM1|ZFAND5|TAGLN2|TNFRSF10B|SYNGR2|IL32|TRAF4|PDLIM5|BAZ1A|HSPB8|EHD4|ZC3H12A|TUBA1C|TRIM47|NCOA7|SLFN5,-15,0
0,0,0,0,1,0,1,1,0,0,0,0,-17,0,-4.4,-4.2,M41720,M00001011,3,0,Cell Type Signatures,7,FAN OVARY CL18 B LYMPHOCYTE,,-17,7.8,13,30286,422,266,29,11,1.9,637|1738|1890|3105|3106|3107|3459|4790|4791|4814|5216|5692|5701|5971|6892|7170|8407|8837|9144|9308|9618|10019|10213|10318|11010|11047|11177|22809|80774,BID|DLD|TYMP|HLA-A|HLA-B|HLA-C|IFNGR1|NFKB1|NFKB2|NINJ1|PFN1|PSMB4|PSMC2|RELB|TAPBP|TPM3|TAGLN2|CFLAR|SYNGR2|CD83|TRAF4|SH2B3|PSMD14|TNIP1|GLIPR1|ADRM1|BAZ1A|ATF5|LIMD2,-14,0
0,0,0,0,1,1,0,0,0,0,0,0,-17,-5.2,0,0,M39160,M00001100,2,0,Cell Type Signatures,7,GAO LARGE INTESTINE 24W C11 PANETH LIKE CELL,,-17,9.1,14,30286,325,266,26,9.8,1.8,3383|3459|3576|3624|4794|4814|5329|5743|6446|6648|7127|7128|7185|8676|8767|9308|10019|10148|10308|22809|23406|55248|79567|79627|79651|84888,ICAM1|IFNGR1|CXCL8|INHBA|NFKBIE|NINJ1|PLAUR|PTGS2|SGK1|SOD2|TNFAIP2|TNFAIP3|TRAF1|STX11|RIPK2|CD83|SH2B3|EBI3|ZNF267|ATF5|COTL1|PACC1|RIPOR1|OGFRL1|RHBDF2|SPPL2A,-14,0
1,1,0,0,0,0,0,0,-5.6,-17,0,0,0,0,0,0,M40028,M11000000,2,0,Cell Type Signatures,7,BUSSLINGER DUODENAL LATE IMMATURE ENTEROCYTES,,-17,12,15,30286,177,323,22,6.8,1.4,13|34|216|476|760|1543|3158|3960|4224|4640|5948|7104|9032|10424|10449|22977|57016|79154|81693|92840|283375|284422,AADAC|ACADM|ALDH1A1|ATP1A1|CA2|CYP1A1|HMGCS2|LGALS4|MEP1A|MYO1A|RBP2|TM4SF4|TM4SF5|PGRMC2|ACAA2|AKR7A3|AKR1B10|DHRS11|AMN|REEP6|SLC39A5|SMIM24,-13,0
0,0,0,1,1,1,1,1,0,0,0,-6.8,-16,-2.6,-8.3,-8.2,M39175,M00011111,5,0,Cell Type Signatures,7,MURARO PANCREAS MESENCHYMAL STROMAL CELL,,-16,5.7,12,30286,680,266,34,13,2,800|1072|2113|2335|3624|3685|3732|4017|4627|5216|5329|5743|6251|7168|7980|8560|9261|10019|10652|10970|10981|11177|22809|23012|23585|25932|60312|64778|84790|85456|91283|115908|122786|170954,CALD1|CFL1|ETS1|FN1|INHBA|ITGAV|CD82|LOXL2|MYH9|PFN1|PLAUR|PTGS2|RSU1|TPM1|TFPI2|DEGS1|MAPKAPK2|SH2B3|YKT6|CKAP4|RAB32|BAZ1A|ATF5|STK38L|TMEM50A|CLIC4|AFAP1|FNDC3B|TUBA1C|TNKS1BP1|MSANTD3|CTHRC1|FRMD6|PPP1R18,-12,0
0,1,0,0,1,0,0,0,0,-15,0,0,-2.4,0,0,0,M40013,M01001000,2,0,Cell Type Signatures,7,BUSSLINGER GASTRIC MATURE PIT CELLS,,-15,9.6,13,30286,224,323,23,7.1,1.4,489|760|1645|3170|3171|3960|6286|6819|7032|8537|10424|11199|23584|25928|51316|57016|79083|79589|165679|201501|340547|388743|768239,ATP2A3|CA2|AKR1C1|FOXA2|FOXA3|LGALS4|S100P|SULT1C2|TFF2|BCAS1|PGRMC2|ANXA10|VSIG2|SOSTDC1|PLAC8|AKR1B10|MLPH|RNF128|SPTSSB|ZBTB7C|VSIG1|CAPN8|PSAPL1,-12,0
0,1,0,0,0,0,0,0,0,-15,0,0,0,0,0,0,M39119,M01000000,1,0,Cell Type Signatures,7,AIZARANI LIVER C17 HEPATOCYTES 3,,-15,16,15,30286,102,323,17,5.3,1.2,173|197|335|350|1557|2147|2244|3053|3249|5005|5345|5950|7018|10998|51085|55365|84706,AFM|AHSG|APOA1|APOH|CYP2C19|F2|FGB|SERPIND1|HPN|ORM2|SERPINF2|RBP4|TF|SLC27A5|MLXIPL|TMEM176A|GPT2,-12,0
0,0,1,1,1,1,0,1,0,0,-15,-10,-2.1,-3,0,-2.8,M39209,M00111101,5,0,Cell Type Signatures,7,HAY BONE MARROW STROMAL,,-15,5.1,11,30286,765,282,36,13,2,862|1634|1909|2273|2297|2697|3725|4681|4811|5137|5764|5783|6495|7025|7291|7373|8321|10351|22871|23090|23266|23452|25903|27147|54510|55068|55504|57569|83468|83690|85449|116535|127435|219348|219654|338773,RUNX1T1|DCN|EDNRA|FHL1|FOXD1|GJA1|JUN|NBL1|NID1|PDE1C|PTN|PTPN13|SIX1|NR2F1|TWIST1|COL14A1|FZD1|ABCA8|NLGN1|ZNF423|ADGRL2|ANGPTL2|OLFML2B|DENND2A|PCDH18|ENOX1|TNFRSF19|ARHGAP20|GLT8D2|CRISPLD1|KIAA1755|MRGPRF|PODN|PLAC9|ZCCHC24|TMEM119,-12,0
0,1,0,0,1,0,1,1,0,-10,0,0,-6.1,0,-14,-6.2,M40010,M01001011,4,0,Cell Type Signatures,7,BUSSLINGER GASTRIC ISTHMUS CELLS,,-14,6.6,12,30286,458,279,28,10,1.8,1595|1622|1832|2194|3157|3280|3309|3329|3955|4008|4597|5874|6185|6319|6566|7184|7873|8714|9446|10130|10682|10960|11014|23753|26354|56889|60488|93974,CYP51A1|DBI|DSP|FASN|HMGCS1|HES1|HSPA5|HSPD1|LFNG|LMO7|MVD|RAB27B|RPN2|SCD|SLC16A1|HSP90B1|MANF|ABCC3|GSTO1|PDIA6|EBP|LMAN2|KDELR2|SDF2L1|GNL3|TM9SF3|MRPS35|ATP5IF1,-11,0
0,0,0,0,1,0,1,1,0,0,0,0,-7.1,0,-14,-6.8,M41717,M00001011,3,0,Cell Type Signatures,7,FAN OVARY CL15 SMALL ANTRAL FOLLICLE GRANULOSA CELL,,-14,5.4,11,30286,645,279,32,11,1.9,506|639|1622|1832|2181|2182|2222|2232|3098|3156|3157|3280|3329|3422|6319|6566|6713|7184|8079|9456|10935|29085|29950|51060|57003|64116|64651|65124|84196|84817|93974|162989,ATP5F1B|PRDM1|DBI|DSP|ACSL3|ACSL4|FDFT1|FDXR|HK1|HMGCR|HMGCS1|HES1|HSPD1|IDI1|SCD|SLC16A1|SQLE|HSP90B1|MLF2|HOMER1|PRDX3|PHPT1|SERTAD1|TXNDC12|CCDC47|SLC39A8|CSRNP1|SOWAHC|USP48|TXNDC17|ATP5IF1|DEDD2,-11,0
0,1,0,0,1,0,1,0,0,-14,0,0,-3.2,0,-2.4,0,M40012,M01001010,3,0,Cell Type Signatures,7,BUSSLINGER GASTRIC IMMATURE PIT CELLS,,-14,11,13,30286,165,323,19,5.9,1.3,760|1645|3170|3960|6286|6819|7032|8537|10551|11199|23584|25928|51316|57016|83998|165679|201501|340547|388743,CA2|AKR1C1|FOXA2|LGALS4|S100P|SULT1C2|TFF2|BCAS1|AGR2|ANXA10|VSIG2|SOSTDC1|PLAC8|AKR1B10|REG4|SPTSSB|ZBTB7C|VSIG1|CAPN8,-11,0
1,0,0,0,1,1,0,0,-5.8,0,0,0,-13,-2.3,0,0,M39051,M10001100,3,0,Cell Type Signatures,7,MANNO MIDBRAIN NEUROTYPES HMGL,,-13,5.7,11,30286,577,266,29,11,1.9,1890|3383|3459|3576|3656|3685|4792|4814|5329|5452|5743|6446|6648|6776|7128|8676|9144|9308|9466|9641|10019|10981|11010|50618|79627|79651|80149|83937|148022,TYMP|ICAM1|IFNGR1|CXCL8|IRAK2|ITGAV|NFKBIA|NINJ1|PLAUR|POU2F2|PTGS2|SGK1|SOD2|STAT5A|TNFAIP3|STX11|SYNGR2|CD83|IL27RA|IKBKE|SH2B3|RAB32|GLIPR1|ITSN2|OGFRL1|RHBDF2|ZC3H12A|RASSF4|TICAM1,-10,0
1,0,0,0,1,1,0,0,-4.7,0,0,0,-13,-3.9,0,0,M39266,M10001100,3,0,Cell Type Signatures,7,HU FETAL RETINA MICROGLIA,,-13,7.2,11,30286,382,266,24,9,1.8,1890|3105|3106|3107|3459|3576|4627|4792|4814|5216|5329|5879|6446|6892|9144|9308|10019|10092|11010|23406|50618|79627|79651|170954,TYMP|HLA-A|HLA-B|HLA-C|IFNGR1|CXCL8|MYH9|NFKBIA|NINJ1|PFN1|PLAUR|RAC1|SGK1|TAPBP|SYNGR2|CD83|SH2B3|ARPC5|GLIPR1|COTL1|ITSN2|OGFRL1|RHBDF2|PPP1R18,-10,0
0,1,0,0,0,0,1,0,0,-13,0,0,0,0,-2.6,0,M40011,M01000010,2,0,Cell Type Signatures,7,BUSSLINGER GASTRIC METALLOTHIONEIN CELLS,,-13,14,14,30286,100,323,15,4.6,1.2,13|213|216|760|6286|6819|7032|10551|11199|23584|25928|57016|79602|284422|340547,AADAC|ALB|ALDH1A1|CA2|S100P|SULT1C2|TFF2|AGR2|ANXA10|VSIG2|SOSTDC1|AKR1B10|ADIPOR2|SMIM24|VSIG1,-9.8,0
1,0,0,0,1,0,1,0,-2,0,0,0,-12,0,-5.3,0,M41690,M10001010,3,0,Cell Type Signatures,7,TRAVAGLINI LUNG BASOPHIL MAST 2 CELL,,-12,5.9,10,30286,502,266,26,9.8,1.8,310|1983|3383|3732|4790|4791|4792|4793|4814|5329|5743|5971|6446|7128|7168|8676|9308|9603|10010|10385|10611|10981|11332|22919|58515|140606,ANXA7|EIF5|ICAM1|CD82|NFKB1|NFKB2|NFKBIA|NFKBIB|NINJ1|PLAUR|PTGS2|RELB|SGK1|TNFAIP3|TPM1|STX11|CD83|NFE2L3|TANK|BTN2A2|PDLIM5|RAB32|ACOT7|MAPRE1|SELENOK|SELENOM,-9.4,0
0,1,0,1,1,1,0,0,0,-2.5,0,-2.6,-12,-2.7,0,0,M41659,M01011100,4,0,Cell Type Signatures,7,TRAVAGLINI LUNG ALVEOLAR EPITHELIAL TYPE 1 CELL,,-12,6.7,11,30286,391,266,23,8.6,1.7,1030|1906|2335|3107|3383|3918|4641|5743|6484|6692|6876|7126|8676|8767|8837|9144|9235|10092|10272|10626|10981|26353|27295,CDKN2B|EDN1|FN1|HLA-C|ICAM1|LAMC2|MYO1C|PTGS2|ST3GAL4|SPINT1|TAGLN|TNFAIP1|STX11|RIPK2|CFLAR|SYNGR2|IL32|ARPC5|FSTL3|TRIM16|RAB32|HSPB8|PDLIM3,-9.2,0
0,0,1,0,0,0,1,0,0,0,-2.2,0,0,0,-12,0,M39308,M00100010,2,0,Cell Type Signatures,7,CUI DEVELOPING HEART TRABECULAR ATRIAL CARDIOMYOCYTE,,-12,10,12,30286,179,279,17,6.1,1.4,1595|1832|2923|3309|4008|5033|6185|6307|6319|6566|6713|6836|7184|9131|9789|25849|51109,CYP51A1|DSP|PDIA3|HSPA5|LMO7|P4HA1|RPN2|MSMO1|SCD|SLC16A1|SQLE|SURF4|HSP90B1|AIFM1|SPCS2|PARM1|RDH11,-9.2,0
1,1,0,0,0,0,1,0,-4.4,-12,0,0,0,0,-2.4,0,M40027,M11000010,3,0,Cell Type Signatures,7,BUSSLINGER DUODENAL EARLY IMMATURE ENTEROCYTES,,-12,12,13,30286,113,323,15,4.6,1.2,13|216|476|760|1644|2938|2939|3158|3417|3960|5948|57016|79154|92840|284422,AADAC|ALDH1A1|ATP1A1|CA2|DDC|GSTA1|GSTA2|HMGCS2|IDH1|LGALS4|RBP2|AKR1B10|DHRS11|REEP6|SMIM24,-9.1,0
0,0,0,1,1,0,1,1,0,0,0,-2.8,-12,0,-2.2,-6.3,M41711,M00011011,4,0,Cell Type Signatures,7,FAN OVARY CL9 PUTATIVE APOPTOTIC ENDOTHELIAL CELL,,-12,6.9,11,30286,365,266,22,8.3,1.7,1072|2280|3105|3106|3107|3383|3459|4792|5721|5879|6648|6890|7170|7763|8407|8837|10611|11177|30844|84790|115908|135112,CFL1|FKBP1A|HLA-A|HLA-B|HLA-C|ICAM1|IFNGR1|NFKBIA|PSME2|RAC1|SOD2|TAP1|TPM3|ZFAND5|TAGLN2|CFLAR|PDLIM5|BAZ1A|EHD4|TUBA1C|CTHRC1|NCOA7,-9,0
1,0,1,1,0,1,0,0,-3,0,-12,-11,0,-2.8,0,0,M39167,M10110100,4,0,Cell Type Signatures,7,GAO LARGE INTESTINE ADULT CJ IMMUNE CELLS,,-12,5.5,10,30286,505,282,26,9.2,1.7,1305|1634|1909|2273|2697|4811|4883|5066|5137|5727|5764|5802|7373|8642|10351|23284|23452|25992|54510|80310|80332|83857|85449|219348|219654|338773,COL13A1|DCN|EDNRA|FHL1|GJA1|NID1|NPR3|PAM|PDE1C|PTCH1|PTN|PTPRS|COL14A1|DCHS1|ABCA8|ADGRL3|ANGPTL2|SNED1|PCDH18|PDGFD|ADAM33|TMTC1|KIAA1755|PLAC9|ZCCHC24|TMEM119,-8.9,0
1,0,0,1,1,0,0,0,-11,0,0,-4.8,-3.5,0,0,0,M41708,M10011000,3,0,Cell Type Signatures,7,FAN OVARY CL6 PUTATIVE EARLY ATRETIC FOLLICLE THECAL CELL 2,,-11,7.7,11,30286,300,250,19,7.6,1.7,223|1153|2217|2752|3488|3615|3646|4192|5037|5156|5176|5660|6767|8574|10628|23770|30061|57447|112483,ALDH9A1|CIRBP|FCGRT|GLUL|IGFBP5|IMPDH2|EIF3E|MDK|PEBP1|PDGFRA|SERPINF1|PSAP|ST13|AKR7A2|TXNIP|FKBP8|SLC40A1|NDRG2|SAT2,-8.3,0
0,1,0,0,0,0,0,0,0,-11,0,0,0,0,0,0,M40220,M01000000,1,0,Cell Type Signatures,7,DESCARTES FETAL KIDNEY URETERIC BUD CELLS,,-11,6.6,10,30286,300,323,21,6.5,1.4,216|2125|3158|6286|7348|8537|10331|23584|54097|54894|55040|79083|79589|84951|85477|90019|127845|140893|197257|100130933|100996492,ALDH1A1|EVPL|HMGCS2|S100P|UPK1B|BCAS1|B3GNT3|VSIG2|FAM3B|RNF43|EPN3|MLPH|RNF128|TNS4|SCIN|SYT8|GOLT1A|RBBP8NL|LDHD|SMIM6|CTXND1,-8.2,0
1,0,0,0,0,0,1,0,-11,0,0,0,0,0,-8.9,0,M41652,M10000010,2,0,Cell Type Signatures,7,TRAVAGLINI LUNG PROXIMAL BASAL CELL,,-11,5,9.3,30286,629,250,26,10,1.9,224|1075|1153|1937|1938|1975|2217|2261|2517|2593|2746|2752|3030|3615|3646|3691|4059|4192|5176|5589|10628|26060|26751|51386|57447|93100,ALDH3A2|CTSC|CIRBP|EEF1G|EEF2|EIF4B|FCGRT|FGFR3|FUCA1|GAMT|GLUD1|GLUL|HADHA|IMPDH2|EIF3E|ITGB4|BCAM|MDK|SERPINF1|PRKCSH|TXNIP|APPL1|SH3YL1|EIF3L|NDRG2|NAPRT,-8,0
0,0,0,1,1,0,1,1,0,0,0,-2.1,-5.8,0,-10,-3.6,M41679,M00011011,4,0,Cell Type Signatures,7,TRAVAGLINI LUNG MESOTHELIAL CELL,,-10,4.5,8.7,30286,649,279,27,9.7,1.8,382|581|1174|1832|1848|2182|2232|3329|4357|5584|6566|6574|7040|9588|10327|10935|22943|23423|23478|29085|51024|51303|54675|64116|79017|79763|84817,ARF6|BAX|AP1S1|DSP|DUSP6|ACSL4|FDXR|HSPD1|MPST|PRKCI|SLC16A1|SLC20A1|TGFB1|PRDX6|AKR1A1|PRDX3|DKK1|TMED3|SEC11A|PHPT1|FIS1|FKBP11|CRLS1|SLC39A8|GGCT|ISOC2|TXNDC17,-7.4,0
0,0,0,0,1,1,0,0,0,0,0,0,-9.8,-5,0,0,M41666,M00001100,2,0,Cell Type Signatures,7,TRAVAGLINI LUNG CAPILLARY INTERMEDIATE 1 CELL,,-9.8,10,11,30286,158,266,14,5.3,1.4,1030|1890|3106|3383|3459|3732|6446|8676|9144|9235|9308|10318|26353|81788,CDKN2B|TYMP|HLA-B|ICAM1|IFNGR1|CD82|SGK1|STX11|SYNGR2|IL32|CD83|TNIP1|HSPB8|NUAK2,-7.3,0
0,1,0,0,1,1,0,0,0,-9.8,0,0,-2.2,-4.3,0,0,M40175,M01001100,3,0,Cell Type Signatures,7,DESCARTES FETAL EYE CORNEAL AND CONJUNCTIVAL EPITHELIAL CELLS,,-9.8,6.9,9.7,30286,243,323,18,5.6,1.3,2125|4072|4680|6286|7033|7348|8537|10232|10331|10551|23584|51316|56649|64787|90019|94122|127733|155465,EVPL|EPCAM|CEACAM6|S100P|TFF3|UPK1B|BCAS1|MSLN|B3GNT3|AGR2|VSIG2|PLAC8|TMPRSS4|EPS8L2|SYT8|SYTL5|UBXN10|AGR3,-7.2,0
1,1,0,0,1,0,1,0,-3.8,-3.5,0,0,-9.7,0,-2.4,0,M41691,M11001010,4,0,Cell Type Signatures,7,TRAVAGLINI LUNG PLATELET MEGAKARYOCYTE CELL,,-9.7,4.7,8.7,30286,604,266,25,9.4,1.8,377|800|1982|2280|2950|3656|4627|5879|6251|7168|7170|7292|8407|8676|9050|10092|10204|10981|23286|23531|23585|25932|63933|84790|91283,ARF3|CALD1|EIF4G2|FKBP1A|GSTP1|IRAK2|MYH9|RAC1|RSU1|TPM1|TPM3|TNFSF4|TAGLN2|STX11|PSTPIP2|ARPC5|NUTF2|RAB32|WWC1|MMD|TMEM50A|CLIC4|MCUR1|TUBA1C|MSANTD3,-7.2,0
0,0,1,1,0,1,0,0,0,0,-9.5,-4.5,0,-3.7,0,0,M39068,M00110100,3,0,Cell Type Signatures,7,MANNO MIDBRAIN NEUROTYPES HDA1,,-9.5,4.6,8.5,30286,584,282,25,8.9,1.7,320|463|2044|2245|2596|4013|4232|5087|5137|6546|6642|6785|7275|7582|9315|9737|10493|23175|23671|54796|57657|79633|80204|91584|145407,APBA1|ZFHX3|EPHA5|FGD1|GAP43|VWA5A|MEST|PBX1|PDE1C|SLC8A1|SNX1|ELOVL4|TUB|ZNF33B|NREP|GPRASP1|VAT1|LPIN1|TMEFF2|BNC2|HCN3|FAT4|FBXO11|PLXNA4|ARMH4,-7,0
0,0,0,0,1,0,1,0,0,0,0,0,-9.5,0,-2.8,0,M41751,M00001010,2,0,Cell Type Signatures,7,RUBENSTEIN SKELETAL MUSCLE MYELOID CELLS,,-9.5,6.2,9.2,30286,347,266,19,7.1,1.6,637|1072|1318|1890|2950|3460|3576|4792|5216|5329|6648|7170|8676|9308|10092|11010|23406|80774|170954,BID|CFL1|SLC31A2|TYMP|GSTP1|IFNGR2|CXCL8|NFKBIA|PFN1|PLAUR|SOD2|TPM3|STX11|CD83|ARPC5|GLIPR1|COTL1|LIMD2|PPP1R18,-7,0
1,1,0,0,1,0,1,1,-4,-3.3,0,0,-9.5,0,-5.7,-4.3,M41698,M11001011,5,0,Cell Type Signatures,7,TRAVAGLINI LUNG TREM2 DENDRITIC CELL,,-9.5,4.8,8.6,30286,572,266,24,9,1.8,1318|1890|2335|2907|2950|3105|3459|5329|5687|5721|5879|6446|7127|7763|8407|9144|10981|11332|25797|55577|57552|83937|84790|114294,SLC31A2|TYMP|FN1|GRINA|GSTP1|HLA-A|IFNGR1|PLAUR|PSMA6|PSME2|RAC1|SGK1|TNFAIP2|ZFAND5|TAGLN2|SYNGR2|RAB32|ACOT7|QPCT|NAGK|NCEH1|RASSF4|TUBA1C|LACTB,-7,0
0,1,0,0,0,0,0,0,0,-9.4,0,0,0,0,0,0,M39158,M01000000,1,0,Cell Type Signatures,7,GAO LARGE INTESTINE 24W C8 GOBLET CELL,,-9.4,21,13,30286,41,323,9,2.8,0.92,4680|5799|8537|25803|79083|192134|377841|388743|654463,CEACAM6|PTPRN2|BCAS1|SPDEF|MLPH|B3GNT6|ENTPD8|CAPN8|FER1L6,-6.9,0
1,1,0,0,1,1,0,0,-2.1,-2,0,0,-9.4,-2.6,0,0,M39305,M11001100,4,0,Cell Type Signatures,7,CUI DEVELOPING HEART C8 MACROPHAGE,,-9.4,7,9.5,30286,275,266,17,6.4,1.5,3105|3106|3107|3576|4792|4814|5329|5452|6446|6648|7170|9308|10019|11010|11177|23406|170954,HLA-A|HLA-B|HLA-C|CXCL8|NFKBIA|NINJ1|PLAUR|POU2F2|SGK1|SOD2|TPM3|CD83|SH2B3|GLIPR1|BAZ1A|COTL1|PPP1R18,-6.9,0
0,0,0,0,0,0,1,0,0,0,0,0,0,0,-9.3,0,M39310,M00000010,1,0,Cell Type Signatures,7,CUI DEVELOPING HEART TRABECULAR VENTRICULAR CARDIOMYOCYTE,,-9.3,12,11,30286,110,279,12,4.3,1.2,1595|1717|1839|3156|3280|3309|3638|6307|6319|6713|10682|23753,CYP51A1|DHCR7|HBEGF|HMGCR|HES1|HSPA5|INSIG1|MSMO1|SCD|SQLE|EBP|SDF2L1,-6.9,0
0,0,0,0,1,1,1,0,0,0,0,0,-9.2,-3.5,-4,0,M41706,M00001110,3,0,Cell Type Signatures,7,FAN OVARY CL4 T LYMPHOCYTE NK CELL 1,,-9.2,7.4,9.5,30286,246,266,16,6,1.5,1072|3105|3106|3107|5216|5720|5721|6890|7170|7529|8407|9235|11047|23406|23585|80774,CFL1|HLA-A|HLA-B|HLA-C|PFN1|PSME1|PSME2|TAP1|TPM3|YWHAB|TAGLN2|IL32|ADRM1|COTL1|TMEM50A|LIMD2,-6.7,0
0,0,1,1,1,0,1,0,0,0,-5.2,-9,-2.3,0,-2.7,0,M39040,M00111010,4,0,Cell Type Signatures,7,FAN EMBRYONIC CTX BRAIN ENDOTHELIAL 2,,-9,7.2,9.4,30286,303,221,16,7.2,1.7,1004|6453|6558|6935|7035|7082|9590|10044|10186|10410|23224|27242|27303|81035|151887|169611,CDH6|ITSN1|SLC12A2|ZEB1|TFPI|TJP1|AKAP12|SH2D3C|LHFPL6|IFITM3|SYNE2|TNFRSF21|RBMS3|COLEC12|CCDC80|OLFML2A,-6.6,0
0,0,0,0,1,0,1,0,0,0,0,0,-2.1,0,-8.8,0,M39238,M00001010,2,0,Cell Type Signatures,7,LAKE ADULT KIDNEY C19 COLLECTING DUCT INTERCALATED CELLS TYPE A MEDULLA,,-8.8,6,8.7,30286,326,279,18,6.5,1.5,506|1832|2222|2923|3309|3313|3329|3418|3638|5230|6307|7184|7386|9588|10130|56889|64283|400916,ATP5F1B|DSP|FDFT1|PDIA3|HSPA5|HSPA9|HSPD1|IDH2|INSIG1|PGK1|MSMO1|HSP90B1|UQCRFS1|PRDX6|PDIA6|TM9SF3|ARHGEF28|CHCHD10,-6.4,0
0,0,0,0,1,1,0,0,0,0,0,0,-8.7,-2.6,0,0,M41714,M00001100,2,0,Cell Type Signatures,7,FAN OVARY CL12 T LYMPHOCYTE NK CELL 2,,-8.7,9.2,9.8,30286,161,266,13,4.9,1.3,3105|3106|3107|5216|7128|7170|7529|8407|9235|10010|11010|11177|23585,HLA-A|HLA-B|HLA-C|PFN1|TNFAIP3|TPM3|YWHAB|TAGLN2|IL32|TANK|GLIPR1|BAZ1A|TMEM50A,-6.3,0
0,1,0,0,0,0,1,0,0,-3.4,0,0,0,0,-8.7,0,M40014,M01000010,2,0,Cell Type Signatures,7,BUSSLINGER GASTRIC PARIETAL CELLS,,-8.7,6.8,9,30286,254,279,16,5.7,1.4,506|2805|3313|3418|3638|4191|4702|5162|5412|7384|7386|8050|9131|10935|84817|400916,ATP5F1B|GOT1|HSPA9|IDH2|INSIG1|MDH2|NDUFA8|PDHB|UBL3|UQCRC1|UQCRFS1|PDHX|AIFM1|PRDX3|TXNDC17|CHCHD10,-6.3,0
1,1,0,0,0,0,0,0,-4.2,-8.5,0,0,0,0,0,0,M40029,M11000000,2,0,Cell Type Signatures,7,BUSSLINGER DUODENAL MATURE ENTEROCYTES,,-8.5,6.2,8.6,30286,259,323,17,5.3,1.2,335|949|1543|4640|4648|4680|5002|7104|8431|9032|9625|64787|81693|92840|284422|388323|388581,APOA1|SCARB1|CYP1A1|MYO1A|MYO7B|CEACAM6|SLC22A18|TM4SF4|NR0B2|TM4SF5|AATK|EPS8L2|AMN|REEP6|SMIM24|GLTPD2|C1QTNF12,-6.1,0
1,1,0,0,1,0,0,0,-3.6,-2.2,0,0,-8.5,0,0,0,M41692,M11001000,3,0,Cell Type Signatures,7,TRAVAGLINI LUNG MACROPHAGE CELL,,-8.5,7.9,9.3,30286,201,266,14,5.3,1.4,637|1890|2335|2907|2919|3576|3624|4327|5329|5879|6648|7127|25932|84790,BID|TYMP|FN1|GRINA|CXCL1|CXCL8|INHBA|MMP19|PLAUR|RAC1|SOD2|TNFAIP2|CLIC4|TUBA1C,-6.1,0
1,1,0,1,0,0,0,1,-3.4,-8.5,0,-2.8,0,0,0,-2.5,M39129,M11010001,4,0,Cell Type Signatures,7,AIZARANI LIVER C30 HEPATOCYTES 4,,-8.5,4.6,8,30286,446,323,22,6.8,1.4,173|604|622|729|1557|2065|2155|3249|5053|5624|10840|11001|23051|29974|51085|63910|79774|79962|84706|284111|340547|389434,AFM|BCL6|BDH1|C6|CYP2C19|ERBB3|F7|HPN|PAH|PROC|ALDH1L1|SLC27A2|ZHX3|A1CF|MLXIPL|SLC17A9|GRTP1|DNAJC22|GPT2|SLC13A5|VSIG1|IYD,-6.1,0
1,1,0,0,0,0,1,0,-8.4,-4.8,0,0,0,0,-4.9,0,M39231,M11000010,3,0,Cell Type Signatures,7,LAKE ADULT KIDNEY C12 THICK ASCENDING LIMB,,-8.4,5.7,8.5,30286,381,250,18,7.2,1.6,32|847|1153|1938|2053|2261|2770|3030|3613|5037|5660|10144|23236|23363|25840|51280|55074|81618,ACACB|CAT|CIRBP|EEF2|EPHX2|FGFR3|GNAI1|HADHA|IMPA2|PEBP1|PSAP|FAM13A|PLCB1|OBSL1|TMT1A|GOLM1|OXR1|ITM2C,-6.1,0
1,0,0,0,0,0,1,0,-2.3,0,0,0,0,0,-8.4,0,M39020,M10000010,2,0,Cell Type Signatures,7,FAN EMBRYONIC CTX BIG GROUPS GLIAL,,-8.4,9.8,9.8,30286,133,279,12,4.3,1.2,308|1595|1622|1717|3422|4240|4942|6307|6319|10267|51060|51109,ANXA5|CYP51A1|DBI|DHCR7|IDI1|MFGE8|OAT|MSMO1|SCD|RAMP1|TXNDC12|RDH11,-6.1,0
0,0,0,1,1,0,1,1,0,0,0,-3.4,-3.8,0,-8.2,-2.5,M41713,M00011011,4,0,Cell Type Signatures,7,FAN OVARY CL11 MURAL GRANULOSA CELL,,-8.2,4.9,8,30286,443,279,20,7.2,1.5,639|1832|2002|2182|2222|2232|3098|3156|3157|3329|3837|6307|6319|6566|6713|9456|64116|65124|84196|388403,PRDM1|DSP|ELK1|ACSL4|FDFT1|FDXR|HK1|HMGCR|HMGCS1|HSPD1|KPNB1|MSMO1|SCD|SLC16A1|SQLE|HOMER1|SLC39A8|SOWAHC|USP48|YPEL2,-5.9,0
0,0,0,0,1,0,0,0,0,0,0,0,-8.1,0,0,0,M39286,M00001000,1,0,Cell Type Signatures,7,DURANTE ADULT OLFACTORY NEUROEPITHELIUM DENDRITIC CELLS,,-8.1,11,9.9,30286,117,266,11,4.1,1.2,1890|3576|4792|5329|5452|5743|6648|7127|7128|8676|23406,TYMP|CXCL8|NFKBIA|PLAUR|POU2F2|PTGS2|SOD2|TNFAIP2|TNFAIP3|STX11|COTL1,-5.9,0
0,1,0,0,0,1,0,0,0,-8.1,0,0,0,-2.8,0,0,M40301,M01000100,2,0,Cell Type Signatures,7,DESCARTES FETAL STOMACH MUC13 DMBT1 POSITIVE CELLS,,-8.1,11,9.9,30286,97,323,11,3.4,1,335|2984|3960|4224|4648|5948|7433|9075|81693|257629|389434,APOA1|GUCY2C|LGALS4|MEP1A|MYO7B|RBP2|VIPR1|CLDN2|AMN|ANKS4B|IYD,-5.9,0
0,0,0,0,1,1,0,0,0,0,0,0,-8.1,-4.3,0,0,M39021,M00001100,2,0,Cell Type Signatures,7,FAN EMBRYONIC CTX BIG GROUPS BRAIN IMMUNE,,-8.1,9.2,9.4,30286,148,266,12,4.5,1.3,2113|3105|3106|3107|4627|5216|5720|5721|6892|8407|9235|80774,ETS1|HLA-A|HLA-B|HLA-C|MYH9|PFN1|PSME1|PSME2|TAPBP|TAGLN2|IL32|LIMD2,-5.8,0
0,0,0,1,1,0,1,0,0,0,0,-7.9,-7.5,0,-4.4,0,M39018,M00011010,3,0,Cell Type Signatures,7,FAN EMBRYONIC CTX BIG GROUPS BRAIN ENDOTHELIAL,,-7.9,6,8.3,30286,365,221,16,7.2,1.7,94|824|1004|6558|6935|7035|7082|10044|10186|10410|10581|27303|56261|81035|94015|147495,ACVRL1|CAPN2|CDH6|SLC12A2|ZEB1|TFPI|TJP1|SH2D3C|LHFPL6|IFITM3|IFITM2|RBMS3|GPCPD1|COLEC12|TTYH2|APCDD1,-5.7,0
0,0,0,1,1,1,0,0,0,0,0,-3.5,-7.8,-4,0,0,M39131,M00011100,3,0,Cell Type Signatures,7,AIZARANI LIVER C32 MVECS 3,,-7.8,10,9.5,30286,125,266,11,4.1,1.2,2280|2919|3105|3106|6446|8837|9235|10272|26353|30844|135112,FKBP1A|CXCL1|HLA-A|HLA-B|SGK1|CFLAR|IL32|FSTL3|HSPB8|EHD4|NCOA7,-5.6,0
1,0,0,1,0,0,0,0,-7.8,0,0,-3.6,0,0,0,0,M40001,M10010000,2,0,Cell Type Signatures,7,BUSSLINGER ESOPHAGEAL QUIESCENT BASAL CELLS,,-7.8,14,11,30286,77,250,9,3.6,1.2,224|1191|1937|1938|1975|2752|3488|3691|10628,ALDH3A2|CLU|EEF1G|EEF2|EIF4B|GLUL|IGFBP5|ITGB4|TXNIP,-5.6,0
0,0,0,1,1,0,0,1,0,0,0,-6.8,-7.8,0,0,-2.1,M39039,M00011001,3,0,Cell Type Signatures,7,FAN EMBRYONIC CTX BRAIN ENDOTHELIAL 1,,-7.8,4.9,7.8,30286,440,266,19,7.1,1.6,1465|1906|2280|2335|3455|3732|5332|5420|8407|9235|10626|25797|25932|51088|58494|64386|64761|115908|145864,CSRP1|EDN1|FKBP1A|FN1|IFNAR2|CD82|PLCB4|PODXL|TAGLN2|IL32|TRIM16|QPCT|CLIC4|KLHL5|JAM2|MMP25|PARP12|CTHRC1|HAPLN3,-5.6,0
1,0,0,0,1,0,1,0,-2.5,0,0,0,-7.8,0,-2.3,0,M39201,M10001010,3,0,Cell Type Signatures,7,HAY BONE MARROW MONOCYTE,,-7.8,7,8.6,30286,227,266,14,5.3,1.4,637|1318|2280|2643|5452|5721|6648|9144|10092|10611|11182|23406|55577|221656,BID|SLC31A2|FKBP1A|GCH1|POU2F2|PSME2|SOD2|SYNGR2|ARPC5|PDLIM5|SLC2A6|COTL1|NAGK|KDM1B,-5.6,0
0,0,0,0,1,1,0,0,0,0,0,0,-4,-7.7,0,0,M39166,M00001100,2,0,Cell Type Signatures,7,GAO LARGE INTESTINE ADULT CI MESENCHYMAL CELLS,,-7.7,5.5,8,30286,361,261,17,6.5,1.5,101|1847|3936|7124|9214|9844|23433|27071|27074|27128|51561|57699|60489|80008|80326|83593|124602,ADAM8|DUSP5|LCP1|TNF|FCMR|ELMO1|RHOQ|DAPP1|LAMP3|CYTH4|IL23A|CPNE5|APOBEC3G|TMEM156|WNT10A|RASSF5|KIF19,-5.5,0
0,0,1,0,0,0,0,0,0,0,-7.7,0,0,0,0,0,M40304,M00100000,1,0,Cell Type Signatures,7,DESCARTES FETAL STOMACH STROMAL CELLS,,-7.7,17,11,30286,50,282,8,2.8,0.99,1634|5727|7291|54510|57124|126393|219348|338773,DCN|PTCH1|TWIST1|PCDH18|CD248|HSPB6|PLAC9|TMEM119,-5.5,0
1,1,0,0,0,0,1,0,-5.3,-7.7,0,0,0,0,-2.1,0,M39108,M11000010,3,0,Cell Type Signatures,7,AIZARANI LIVER C4 EPCAM POS BILE DUCT CELLS 1,,-7.7,6.9,8.5,30286,191,323,14,4.3,1.1,183|476|760|1645|2065|3960|4072|5053|7104|9071|9223|23242|51473|113220,AGT|ATP1A1|CA2|AKR1C1|ERBB3|LGALS4|EPCAM|PAH|TM4SF4|CLDN10|MAGI1|COBL|DCDC2|KIF12,-5.5,0
1,0,1,1,1,1,1,0,-3.9,0,-4.2,-7.6,-7.3,-2.8,-4.3,0,M39050,M10111110,6,0,Cell Type Signatures,7,MANNO MIDBRAIN NEUROTYPES HPERIC,,-7.6,4,7.3,30286,795,221,23,10,2.1,1004|4241|5793|6558|6935|7035|7082|9180|9590|10044|10186|10410|10581|23179|27242|27303|55711|55861|81035|84818|94015|148170|169611,CDH6|MELTF|PTPRG|SLC12A2|ZEB1|TFPI|TJP1|OSMR|AKAP12|SH2D3C|LHFPL6|IFITM3|IFITM2|RGL1|TNFRSF21|RBMS3|FAR2|DBNDD2|COLEC12|IL17RC|TTYH2|CDC42EP5|OLFML2A,-5.5,0
0,0,0,0,0,0,1,1,0,0,0,0,0,0,-7.4,-2.6,M39205,M00000011,2,0,Cell Type Signatures,7,HAY BONE MARROW PLASMA CELL,,-7.4,9.2,9,30286,130,279,11,3.9,1.2,7184|7494|7873|9789|10130|10549|10960|11014|23753|25849|51303,HSP90B1|XBP1|MANF|SPCS2|PDIA6|PRDX4|LMAN2|KDELR2|SDF2L1|PARM1|FKBP11,-5.3,0
1,1,1,1,1,0,0,0,-2.5,-2.3,-5.3,-7.4,-2.3,0,0,0,M41675,M11111000,5,0,Cell Type Signatures,7,TRAVAGLINI LUNG ADVENTITIAL FIBROBLAST CELL,,-7.4,6.5,8.1,30286,296,221,14,6.3,1.6,94|730|1382|3428|4147|6001|6387|6422|9201|9249|9590|80270|81035|151887,ACVRL1|C7|CRABP2|IFI16|MATN2|RGS10|CXCL12|SFRP1|DCLK1|DHRS3|AKAP12|HSD3B7|COLEC12|CCDC80,-5.3,0
0,1,0,1,1,0,1,0,0,-2.5,0,-5.3,-4.4,0,-7.3,0,M39017,M01011010,4,0,Cell Type Signatures,7,FAN EMBRYONIC CTX BIG GROUPS CAJAL RETZIUS,,-7.3,4.4,7.3,30286,499,279,20,7.2,1.5,506|537|1717|2182|2805|3098|3157|3638|4702|5218|6307|7277|10076|10682|51144|51523|58504|79763|93974|728215,ATP5F1B|ATP6AP1|DHCR7|ACSL4|GOT1|HK1|HMGCS1|INSIG1|NDUFA8|CDK14|MSMO1|TUBA4A|PTPRU|EBP|HSD17B12|CXXC5|ARHGAP22|ISOC2|ATP5IF1|NALF1,-5.2,0
0,0,1,1,0,1,0,0,0,0,-7.3,-3.7,0,-3.8,0,0,M39070,M00110100,3,0,Cell Type Signatures,7,MANNO MIDBRAIN NEUROTYPES HNBGABA,,-7.3,3.7,6.9,30286,703,282,24,8.5,1.7,463|862|2044|2596|6546|6642|6785|7582|9737|22871|23175|23671|51380|54796|54843|56776|57657|57687|85315|91584|130733|196500|219539|266727,ZFHX3|RUNX1T1|EPHA5|GAP43|SLC8A1|SNX1|ELOVL4|ZNF33B|GPRASP1|NLGN1|LPIN1|TMEFF2|CSAD|BNC2|SYTL2|FMN2|HCN3|VAT1L|PAQR8|PLXNA4|TMEM178A|PIANP|YPEL4|MDGA1,-5.2,0
0,0,0,1,1,1,1,0,0,0,0,-7.1,-6.8,-2.4,-2.7,0,M39176,M00011110,4,0,Cell Type Signatures,7,MURARO PANCREAS ENDOTHELIAL CELL,,-7.1,5.7,7.7,30286,362,221,15,6.8,1.7,94|3092|3428|6387|6935|9249|10044|10184|10186|10410|10581|11031|55205|85358|169611,ACVRL1|HIP1|IFI16|CXCL12|ZEB1|DHRS3|SH2D3C|LHFPL2|LHFPL6|IFITM3|IFITM2|RAB31|ZNF532|SHANK3|OLFML2A,-5,0
1,1,0,1,1,0,0,0,-3.3,-5.3,0,-4.4,-7.1,0,0,0,M39111,M11011000,4,0,Cell Type Signatures,7,AIZARANI LIVER C7 EPCAM POS BILE DUCT CELLS 2,,-7.1,6.8,8.1,30286,219,266,13,4.9,1.3,2950|3576|3918|4641|6372|6692|7168|10272|23286|81788|83937|85456|117177,GSTP1|CXCL8|LAMC2|MYO1C|CXCL6|SPINT1|TPM1|FSTL3|WWC1|NUAK2|RASSF4|TNKS1BP1|RAB3IP,-5,0
0,0,0,0,1,1,0,0,0,0,0,0,-7,-3.2,0,0,M39124,M00001100,2,0,Cell Type Signatures,7,AIZARANI LIVER C23 KUPFFER CELLS 3,,-7,6.7,8,30286,221,266,13,4.9,1.3,1890|2280|3460|3576|4792|5329|5452|5743|6648|7127|10970|23406|440400,TYMP|FKBP1A|IFNGR2|CXCL8|NFKBIA|PLAUR|POU2F2|PTGS2|SOD2|TNFAIP2|CKAP4|COTL1|RNASEK,-5,0
0,1,0,1,1,1,0,0,0,-7,0,-2.6,-4.4,-2.3,0,0,M39125,M01011100,4,0,Cell Type Signatures,7,AIZARANI LIVER C24 EPCAM POS BILE DUCT CELLS 3,,-7,6.6,7.9,30286,185,323,13,4,1.1,476|2065|3960|4072|4680|7033|7104|9071|10551|11261|51473|57016|79083,ATP1A1|ERBB3|LGALS4|EPCAM|CEACAM6|TFF3|TM4SF4|CLDN10|AGR2|CHP1|DCDC2|AKR1B10|MLPH,-4.9,0
0,0,0,0,0,0,1,0,0,0,0,0,0,0,-6.9,0,M41705,M00000010,1,0,Cell Type Signatures,7,FAN OVARY CL3 MATURE CUMULUS GRANULOSA CELL 1,,-6.9,6,7.7,30286,254,279,14,5,1.3,581|1622|1832|2002|2182|4357|6319|6566|10549|10935|29085|65124|93974|222171,BAX|DBI|DSP|ELK1|ACSL4|MPST|SCD|SLC16A1|PRDX4|PRDX3|PHPT1|SOWAHC|ATP5IF1|PRR15,-4.9,0
0,0,1,0,0,0,0,0,0,0,-6.9,0,0,0,0,0,M40222,M00100000,1,0,Cell Type Signatures,7,DESCARTES FETAL KIDNEY STROMAL CELLS,,-6.9,8.1,8.3,30286,146,282,11,3.9,1.2,1634|2596|7373|7482|10351|23452|25903|54507|57569|127435|219348,DCN|GAP43|COL14A1|WNT2B|ABCA8|ANGPTL2|OLFML2B|ADAMTSL4|ARHGAP20|PODN|PLAC9,-4.9,0
0,1,0,0,0,1,0,0,0,-6.9,0,0,0,-2.3,0,0,M40271,M01000100,2,0,Cell Type Signatures,7,DESCARTES FETAL PANCREAS DUCTAL CELLS,,-6.9,8.1,8.3,30286,128,323,11,3.4,1,476|729|2348|6519|7348|8416|9071|51473|57348|90019|155465,ATP1A1|C6|FOLR1|SLC3A1|UPK1B|ANXA9|CLDN10|DCDC2|TTYH1|SYT8|AGR3,-4.8,0
1,0,1,1,1,0,1,0,-4,0,-6.8,-5.2,-5,0,-3.6,0,M39264,M10111010,5,0,Cell Type Signatures,7,HU FETAL RETINA FIBROBLAST,,-6.8,4.7,7.2,30286,385,282,17,6,1.4,1634|1909|2050|3725|4232|4811|5727|5764|6495|7291|25992|54510|56265|57124|83468|219348|338773,DCN|EDNRA|EPHB4|JUN|MEST|NID1|PTCH1|PTN|SIX1|TWIST1|SNED1|PCDH18|CPXM1|CD248|GLT8D2|PLAC9|TMEM119,-4.8,0
0,0,1,0,0,0,0,0,0,0,-6.8,0,0,0,0,0,M39300,M00100000,1,0,Cell Type Signatures,7,CUI DEVELOPING HEART C3 FIBROBLAST LIKE CELL,,-6.8,9.2,8.6,30286,117,282,10,3.5,1.1,1634|4232|4811|5764|7373|10351|23452|54510|83468|219348,DCN|MEST|NID1|PTN|COL14A1|ABCA8|ANGPTL2|PCDH18|GLT8D2|PLAC9,-4.8,0
0,0,0,1,1,0,0,0,0,0,0,-3.2,-6.8,0,0,0,M39200,M00011000,2,0,Cell Type Signatures,7,HAY BONE MARROW IMMATURE NEUTROPHIL,,-6.8,7,7.9,30286,194,266,12,4.5,1.3,329|2907|3383|3460|4792|4814|5879|6446|7127|8767|10019|114294,BIRC2|GRINA|ICAM1|IFNGR2|NFKBIA|NINJ1|RAC1|SGK1|TNFAIP2|RIPK2|SH2B3|LACTB,-4.8,0
0,0,0,0,1,0,1,1,0,0,0,0,-2.7,0,-4.2,-6.7,M41703,M00001011,3,0,Cell Type Signatures,7,FAN OVARY CL1 GPRC5A TNFRS12A HIGH SELECTABLE FOLLICLE STROMAL CELL,,-6.7,4.4,7,30286,380,324,18,5.6,1.3,1647|1977|3181|3799|4830|5052|6628|7316|8669|10598|11171|23560|25879|54205|54865|79647|80176|387763,GADD45A|EIF4E|HNRNPA2B1|KIF5B|NME1|PRDX1|SNRPB|UBC|EIF3J|AHSA1|STRAP|GTPBP4|DCAF13|CYCS|GPATCH4|AKIRIN1|SPSB1|C11orf96,-4.8,0
0,0,0,1,1,1,1,1,0,0,0,-4.6,-2.2,-5.1,-6.7,-2.5,M39269,M00011111,5,0,Cell Type Signatures,7,HU FETAL RETINA RGC,,-6.7,4.4,7,30286,443,279,18,6.5,1.5,1622|2181|2182|2194|2222|3156|3157|3422|3638|4597|5230|5865|6307|6319|6713|10682|54869|84817,DBI|ACSL3|ACSL4|FASN|FDFT1|HMGCR|HMGCS1|IDI1|INSIG1|MVD|PGK1|RAB3B|MSMO1|SCD|SQLE|EBP|EPS8L1|TXNDC17,-4.7,0
1,0,0,0,1,0,1,0,-3.7,0,0,0,-3.5,0,-6.7,0,M39229,M10001010,3,0,Cell Type Signatures,7,LAKE ADULT KIDNEY C10 THIN ASCENDING LIMB,,-6.7,4.9,7.1,30286,353,279,16,5.7,1.4,308|506|1622|2182|2923|3313|3329|3418|5230|7184|7386|9588|10130|51523|54940|56889,ANXA5|ATP5F1B|DBI|ACSL4|PDIA3|HSPA9|HSPD1|IDH2|PGK1|HSP90B1|UQCRFS1|PRDX6|PDIA6|CXXC5|OCIAD1|TM9SF3,-4.7,0
1,0,1,1,0,0,0,0,-2,0,-3.2,-6.6,0,0,0,0,M39246,M10110000,3,0,Cell Type Signatures,7,LAKE ADULT KIDNEY C27 VASCULAR SMOOTH MUSCLE CELLS AND PERICYTES,,-6.6,8.8,8.4,30286,155,221,10,4.5,1.4,667|3092|3303|5793|6935|7082|9590|10186|10231|27303,DST|HIP1|HSPA1A|PTPRG|ZEB1|TJP1|AKAP12|LHFPL6|RCAN2|RBMS3,-4.7,0
1,1,0,0,0,0,1,0,-2,-2.2,0,0,0,0,-6.6,0,M41653,M11000010,3,0,Cell Type Signatures,7,TRAVAGLINI LUNG DIFFERENTIATING BASAL CELL,,-6.6,7.6,8,30286,157,279,11,3.9,1.2,4191|4702|4942|5162|6510|7384|8079|10327|23474|53947|222171,MDH2|NDUFA8|OAT|PDHB|SLC1A5|UQCRC1|MLF2|AKR1A1|ETHE1|A4GALT|PRR15,-4.6,0
0,0,0,0,1,0,0,0,0,0,0,0,-6.6,0,0,0,M39218,M00001000,1,0,Cell Type Signatures,7,ZHENG CORD BLOOD C9 GRANULOCYTE MACROPHAGE PROGENITOR,,-6.6,10,8.7,30286,100,266,9,3.4,1.1,1072|2950|3068|3105|3106|5216|7170|8407|10981,CFL1|GSTP1|HDGF|HLA-A|HLA-B|PFN1|TPM3|TAGLN2|RAB32,-4.6,0
0,1,0,0,0,0,0,0,0,-6.5,0,0,0,0,0,0,M40263,M01000000,1,0,Cell Type Signatures,7,DESCARTES FETAL PANCREAS ISLET ENDOCRINE CELLS,,-6.5,6.7,7.7,30286,168,323,12,3.7,1.1,1644|5624|5799|5950|7276|8938|51085|51156|81693|153571|164656|341019,DDC|PROC|PTPRN2|RBP4|TTR|BAIAP3|MLXIPL|SERPINA10|AMN|IRX2-DT|TMPRSS6|DCDC1,-4.6,0
0,0,0,0,1,0,1,1,0,0,0,0,-2.5,0,-5,-6.5,M41669,M00001011,3,0,Cell Type Signatures,7,TRAVAGLINI LUNG BRONCHIAL VESSEL 2 CELL,,-6.5,5.2,7.2,30286,272,324,15,4.6,1.2,1490|2959|3181|4071|4502|4837|5202|5552|7316|8669|11030|25879|51388|54205|387763,CCN2|GTF2B|HNRNPA2B1|TM4SF1|MT2A|NNMT|PFDN2|SRGN|UBC|EIF3J|RBPMS|DCAF13|NIP7|CYCS|C11orf96,-4.6,0
0,0,1,0,0,0,0,1,0,0,-6.5,0,0,0,0,-2.9,M40292,M00100001,2,0,Cell Type Signatures,7,DESCARTES FETAL SPLEEN MESOTHELIAL CELLS,,-6.5,6.6,7.6,30286,195,282,12,4.3,1.2,2697|7025|7482|9315|10457|23284|54507|54796|56776|57687|83468|170689,GJA1|NR2F1|WNT2B|NREP|GPNMB|ADGRL3|ADAMTSL4|BNC2|FMN2|VAT1L|GLT8D2|ADAMTS15,-4.6,0
0,0,1,1,0,0,0,0,0,0,-3.2,-6.5,0,0,0,0,M39170,M00110000,2,0,Cell Type Signatures,7,MURARO PANCREAS DELTA CELL,,-6.5,6.6,7.6,30286,250,221,12,5.4,1.5,3162|9590|9805|10687|23224|26040|27067|51673|56271|79870|130026|221981,HMOX1|AKAP12|SCRN1|PNMA2|SYNE2|SETBP1|STAU2|TPPP3|BEX4|BAALC|ICA1L|THSD7A,-4.5,0
0,1,0,0,0,0,1,0,0,-6.4,0,0,0,0,-2.4,0,M39255,M01000010,2,0,Cell Type Signatures,7,MENON FETAL KIDNEY 5 PROXIMAL TUBULE CELLS,,-6.4,8.4,8.1,30286,112,323,10,3.1,0.96,174|4329|5174|6519|10247|10449|11001|51361|51473|284422,AFP|ALDH6A1|PDZK1|SLC3A1|RIDA|ACAA2|SLC27A2|HOOK1|DCDC2|SMIM24,-4.5,0
1,1,1,1,0,0,0,0,-6.4,-4.8,-3,-4.6,0,0,0,0,M39056,M11110000,4,0,Cell Type Signatures,7,MANNO MIDBRAIN NEUROTYPES HRGL3,,-6.4,4,6.6,30286,574,250,19,7.6,1.7,214|223|1075|1191|1612|2261|3488|3667|4035|5660|7802|8100|8829|23363|55103|55893|81618|133686|200942,ALCAM|ALDH9A1|CTSC|CLU|DAPK1|FGFR3|IGFBP5|IRS1|LRP1|PSAP|DNALI1|IFT88|NRP1|OBSL1|RALGPS2|ZNF395|ITM2C|NADK2|KLHDC8B,-4.5,0
1,0,0,0,1,0,0,1,-2.9,0,0,0,-6.4,0,0,-2.2,M41709,M10001001,3,0,Cell Type Signatures,7,FAN OVARY CL7 ANGEIOGENIC ENDOTHELIAL CELL,,-6.4,5.9,7.3,30286,251,266,13,4.9,1.3,2004|2280|2335|3105|3106|3107|3459|5720|5721|7170|7529|8407|30844,ELK3|FKBP1A|FN1|HLA-A|HLA-B|HLA-C|IFNGR1|PSME1|PSME2|TPM3|YWHAB|TAGLN2|EHD4,-4.5,0
1,0,0,1,1,1,0,0,-6.1,0,0,-4,-6.4,-2.8,0,0,M39077,M10011100,4,0,Cell Type Signatures,7,ZHONG PFC MAJOR TYPES MICROGLIA,,-6.4,4.4,6.8,30286,438,266,17,6.4,1.5,3106|3107|3459|4627|4792|4814|5216|6446|6892|9144|9308|10019|10981|11010|79651|83937|170954,HLA-B|HLA-C|IFNGR1|MYH9|NFKBIA|NINJ1|PFN1|SGK1|TAPBP|SYNGR2|CD83|SH2B3|RAB32|GLIPR1|RHBDF2|RASSF4|PPP1R18,-4.5,0
1,1,1,0,1,0,1,0,-4,-4.9,-2.4,0,-3.2,0,-6.4,0,M39074,M11101010,5,0,Cell Type Signatures,7,ZHONG PFC MAJOR TYPES ASTROCYTES,,-6.4,5,7,30286,325,279,15,5.4,1.4,308|1595|1622|1717|3157|3280|3422|4240|4942|5033|5412|6307|6319|10267|51144,ANXA5|CYP51A1|DBI|DHCR7|HMGCS1|HES1|IDI1|MFGE8|OAT|P4HA1|UBL3|MSMO1|SCD|RAMP1|HSD17B12,-4.5,0
0,0,1,1,0,0,0,0,0,0,-6.4,-4,0,0,0,0,M39069,M00110000,2,0,Cell Type Signatures,7,MANNO MIDBRAIN NEUROTYPES HDA2,,-6.4,4,6.6,30286,513,282,19,6.7,1.5,320|463|2044|2596|4013|4232|5087|5463|6642|6785|7275|9315|9737|26050|54796|55068|84253|91584|196500,APBA1|ZFHX3|EPHA5|GAP43|VWA5A|MEST|PBX1|POU6F1|SNX1|ELOVL4|TUB|NREP|GPRASP1|SLITRK5|BNC2|ENOX1|GARNL3|PLXNA4|PIANP,-4.5,0
0,1,0,0,0,0,0,0,0,-6.4,0,0,0,0,0,0,M40267,M01000000,1,0,Cell Type Signatures,7,DESCARTES FETAL PANCREAS ACINAR CELLS,,-6.4,9.6,8.4,30286,88,323,9,2.8,0.92,213|1800|2813|2938|3816|4224|22977|83998|283375,ALB|DPEP1|GP2|GSTA1|KLK1|MEP1A|AKR7A3|REG4|SLC39A5,-4.5,0
1,0,1,0,0,0,1,1,-6.3,0,-4.3,0,0,0,-2,-2.1,M41707,M10100011,4,0,Cell Type Signatures,7,FAN OVARY CL5 HEALTHY SELECTABLE FOLLICLE THECAL CELL,,-6.3,5.3,7.1,30286,318,250,14,5.6,1.5,30|223|847|1075|1938|5156|5176|8829|9646|10801|55186|57509|81618|112483,ACAA1|ALDH9A1|CAT|CTSC|EEF2|PDGFRA|SERPINF1|NRP1|CTR9|SEPTIN9|SLC25A36|MTUS1|ITM2C|SAT2,-4.4,0
0,0,0,0,0,0,1,0,0,0,0,0,0,0,-6.3,0,M39123,M00000010,1,0,Cell Type Signatures,7,AIZARANI LIVER C22 RESIDENT B CELLS 2,,-6.3,20,10,30286,33,279,6,2.2,0.87,7184|7494|9789|10549|23753|51303,HSP90B1|XBP1|SPCS2|PRDX4|SDF2L1|FKBP11,-4.4,0
1,0,0,1,0,0,0,0,-6.2,0,0,-2.3,0,0,0,0,M39034,M10010000,2,0,Cell Type Signatures,7,FAN EMBRYONIC CTX ASTROCYTE 2,,-6.2,7.9,7.8,30286,153,250,10,4,1.2,214|828|1191|2261|2746|2752|11041|25840|57447|81618,ALCAM|CAPS|CLU|FGFR3|GLUD1|GLUL|B4GAT1|TMT1A|NDRG2|ITM2C,-4.3,0
1,0,1,0,0,0,0,0,-2.2,0,-6.2,0,0,0,0,0,M40313,M10100000,2,0,Cell Type Signatures,7,DESCARTES FETAL THYMUS STROMAL CELLS,,-6.2,7.8,7.8,30286,137,282,10,3.5,1.1,1634|4232|7373|23452|54507|57124|80332|126393|170689|219348,DCN|MEST|COL14A1|ANGPTL2|ADAMTSL4|CD248|ADAM33|HSPB6|ADAMTS15|PLAC9,-4.3,0
0,0,1,1,1,0,0,0,0,0,-3.3,-2.4,-6.1,0,0,0,M41677,M00111000,3,0,Cell Type Signatures,7,TRAVAGLINI LUNG LIPOFIBROBLAST CELL,,-6.1,7.8,7.8,30286,146,266,10,3.8,1.2,1890|2627|4327|5329|6446|7763|7980|9261|84790|135112,TYMP|GATA6|MMP19|PLAUR|SGK1|ZFAND5|TFPI2|MAPKAPK2|TUBA1C|NCOA7,-4.3,0
0,0,0,0,0,0,1,0,0,0,0,0,0,0,-6.1,0,M39112,M00000010,1,0,Cell Type Signatures,7,AIZARANI LIVER C8 RESIDENT B CELLS 1,,-6.1,19,10,30286,35,279,6,2.2,0.87,7184|7494|9789|10549|23231|51303,HSP90B1|XBP1|SPCS2|PRDX4|SEL1L3|FKBP11,-4.3,0
0,0,0,1,0,1,0,0,0,0,0,-6.1,0,-2.4,0,0,M39245,M00010100,2,0,Cell Type Signatures,7,LAKE ADULT KIDNEY C26 MESANGIAL CELLS,,-6.1,7.7,7.7,30286,177,221,10,4.5,1.4,667|730|3303|5793|6907|7082|9590|10186|27303|28996,DST|C7|HSPA1A|PTPRG|TBL1X|TJP1|AKAP12|LHFPL6|RBMS3|HIPK2,-4.3,0
1,0,0,1,1,1,0,0,-2.5,0,0,-2.2,-6,-2.4,0,0,M39110,M10011100,4,0,Cell Type Signatures,7,AIZARANI LIVER C6 KUPFFER CELLS 2,,-6,6,7.1,30286,228,266,12,4.5,1.3,1318|1890|2907|3460|5452|6446|7127|9308|23406|55577|79627|83937,SLC31A2|TYMP|GRINA|IFNGR2|POU2F2|SGK1|TNFAIP2|CD83|COTL1|NAGK|OGFRL1|RASSF4,-4.2,0
0,0,0,0,0,0,1,1,0,0,0,0,0,0,-6,-3,M41746,M00000011,2,0,Cell Type Signatures,7,RUBENSTEIN SKELETAL MUSCLE SMOOTH MUSCLE CELLS,,-6,4.1,6.4,30286,445,279,17,6.1,1.4,506|633|1622|3280|4240|4638|4702|5906|7384|7386|10935|25912|29085|51024|54539|93974|400916,ATP5F1B|BGN|DBI|HES1|MFGE8|MYLK|NDUFA8|RAP1A|UQCRC1|UQCRFS1|PRDX3|C1orf43|PHPT1|FIS1|NDUFB11|ATP5IF1|CHCHD10,-4.2,0
1,0,0,1,1,0,0,0,-2.1,0,0,-4.8,-6,0,0,0,M39243,M10011000,3,0,Cell Type Signatures,7,LAKE ADULT KIDNEY C24 ENDOTHELIAL CELLS AEA AND DVR,,-6,7.5,7.6,30286,152,266,10,3.8,1.2,800|3106|4627|4792|5332|5420|7170|7529|10611|25932,CALD1|HLA-B|MYH9|NFKBIA|PLCB4|PODXL|TPM3|YWHAB|PDLIM5|CLIC4,-4.2,0
1,1,0,0,0,0,0,0,-4.5,-6,0,0,0,0,0,0,M40019,M11000000,2,0,Cell Type Signatures,7,BUSSLINGER GASTRIC X CELLS,,-6,5.9,7,30286,191,323,12,3.7,1.1,216|335|3249|7104|7276|8938|10083|10232|26996|29974|51085|55365,ALDH1A1|APOA1|HPN|TM4SF4|TTR|BAIAP3|USH1C|MSLN|GPR160|A1CF|MLXIPL|TMEM176A,-4.1,0
0,0,0,0,1,1,0,0,0,0,0,0,-4.1,-5.9,0,0,M39105,M00001100,2,0,Cell Type Signatures,7,AIZARANI LIVER C1 NK NKT CELLS 1,,-5.9,7.4,7.5,30286,157,261,10,3.8,1.2,960|3561|3936|5880|6793|7133|9214|60489|83593|113791,CD44|IL2RG|LCP1|RAC2|STK10|TNFRSF1B|FCMR|APOBEC3G|RASSF5|PIK3IP1,-4.1,0
0,0,0,0,1,1,0,0,0,0,0,0,-5.9,-5.1,0,0,M39306,M00001100,2,0,Cell Type Signatures,7,CUI DEVELOPING HEART C9 B T CELL,,-5.9,7.3,7.5,30286,155,266,10,3.8,1.2,2113|3105|3106|3107|4792|6892|7128|9235|23406|80774,ETS1|HLA-A|HLA-B|HLA-C|NFKBIA|TAPBP|TNFAIP3|IL32|COTL1|LIMD2,-4.1,0
0,1,0,0,0,0,0,0,0,-5.9,0,0,0,0,0,0,M40140,M01000000,1,0,Cell Type Signatures,7,DESCARTES MAIN FETAL GOBLET CELLS,,-5.9,13,8.7,30286,52,323,7,2.2,0.81,4586|7032|10551|11199|25803|192134|340547,MUC5AC|TFF2|AGR2|ANXA10|SPDEF|B3GNT6|VSIG1,-4.1,0
1,0,1,1,0,0,0,0,-4.5,0,-4,-5.8,0,0,0,0,M41750,M10110000,3,0,Cell Type Signatures,7,RUBENSTEIN SKELETAL MUSCLE FBN1 FAP CELLS,,-5.8,5.7,6.9,30286,289,221,12,5.4,1.5,667|3303|7035|9586|9590|27303|51673|56271|80270|147495|151887|169611,DST|HSPA1A|TFPI|CREB5|AKAP12|RBMS3|TPPP3|BEX4|HSD3B7|APCDD1|CCDC80|OLFML2A,-4,0
0,1,0,0,0,0,1,0,0,-3.7,0,0,0,0,-5.7,0,M39257,M01000010,2,0,Cell Type Signatures,7,MENON FETAL KIDNEY 7 LOOPOF HENLE CELLS DISTAL,,-5.7,5.1,6.6,30286,276,279,13,4.7,1.3,506|537|2805|3313|3418|4702|5230|7384|7386|10935|10989|22837|400916,ATP5F1B|ATP6AP1|GOT1|HSPA9|IDH2|NDUFA8|PGK1|UQCRC1|UQCRFS1|PRDX3|IMMT|COBLL1|CHCHD10,-3.9,0
0,0,1,0,1,0,0,0,0,0,-5.7,0,-2.9,0,0,0,M40180,M00101000,2,0,Cell Type Signatures,7,DESCARTES FETAL EYE STROMAL CELLS,,-5.7,9.5,7.9,30286,90,282,8,2.8,0.99,1634|1909|7291|7373|54507|54510|80332|127435,DCN|EDNRA|TWIST1|COL14A1|ADAMTSL4|PCDH18|ADAM33|PODN,-3.9,0
1,1,1,1,0,0,0,0,-5.6,-3.2,-3.2,-3.6,0,0,0,0,M39224,M11110000,4,0,Cell Type Signatures,7,LAKE ADULT KIDNEY C5 PROXIMAL TUBULE EPITHELIAL CELLS STRESS INFLAM,,-5.6,4.4,6.3,30286,417,250,15,6,1.5,32|290|2053|2878|6920|8829|25840|51084|51390|55556|64798|80221|130589|134147|389432,ACACB|ANPEP|EPHX2|GPX3|TCEA3|NRP1|TMT1A|CRYL1|AIG1|ENOSF1|DEPTOR|ACSF2|GALM|CMBL|SAMD5,-3.9,0
1,1,1,1,0,0,1,0,-5.5,-4,-2.8,-4.4,0,0,-2.8,0,M39055,M11110010,5,0,Cell Type Signatures,7,MANNO MIDBRAIN NEUROTYPES HRGL2A,,-5.5,3.6,5.9,30286,600,250,18,7.2,1.6,223|1191|2040|2185|2261|2746|4035|4048|5578|5660|7802|23363|25840|51280|57447|81618|113026|133686,ALDH9A1|CLU|STOM|PTK2B|FGFR3|GLUD1|LRP1|LTA4H|PRKCA|PSAP|DNALI1|OBSL1|TMT1A|GOLM1|NDRG2|ITM2C|PLCD3|NADK2,-3.8,0
0,0,0,1,1,1,0,0,0,0,0,-2.1,-5.5,-2.4,0,0,M40314,M00011100,3,0,Cell Type Signatures,7,DESCARTES FETAL THYMUS ANTIGEN PRESENTING CELLS,,-5.5,6.6,7,30286,172,266,10,3.8,1.2,4794|5329|6692|7185|9308|10148|25797|64386|83937|84679,NFKBIE|PLAUR|SPINT1|TRAF1|CD83|EBI3|QPCT|MMP25|RASSF4|SLC9A7,-3.8,0
0,0,0,1,1,0,0,0,0,0,0,-5.5,-2.2,0,0,0,M39247,M00011000,2,0,Cell Type Signatures,7,LAKE ADULT KIDNEY C28 INTERSTITIUM,,-5.5,11,8.1,30286,86,221,7,3.2,1.2,667|730|6453|9590|10186|26040|27303,DST|C7|ITSN1|AKAP12|LHFPL6|SETBP1|RBMS3,-3.8,0
1,0,0,0,1,1,0,0,-2,0,0,0,-5.5,-3.2,0,0,M40005,M10001100,3,0,Cell Type Signatures,7,BUSSLINGER ESOPHAGEAL DENDRITIC CELLS,,-5.5,5.9,6.7,30286,214,266,11,4.1,1.2,1072|3106|5216|5329|5743|6446|7128|9144|9308|22919|23406,CFL1|HLA-B|PFN1|PLAUR|PTGS2|SGK1|TNFAIP3|SYNGR2|CD83|MAPRE1|COTL1,-3.7,0
0,1,0,0,0,0,0,0,0,-5.5,0,0,0,0,0,0,M39155,M01000000,1,0,Cell Type Signatures,7,GAO LARGE INTESTINE 24W C5 LGR5POS STEM CELL,,-5.5,11,8,30286,60,323,7,2.2,0.81,1644|2125|2705|9075|11001|27284|127845,DDC|EVPL|GJB1|CLDN2|SLC27A2|SULT1B1|GOLT1A,-3.7,0
0,0,0,1,0,1,0,0,0,0,0,-5.4,0,-2.8,0,0,M39161,M00010100,2,0,Cell Type Signatures,7,GAO LARGE INTESTINE ADULT CA ENTEROENDOCRINE CELLS,,-5.4,5.3,6.5,30286,312,221,12,5.4,1.5,421|730|7035|9479|9666|9805|9915|23255|23466|26040|54331|221981,ARVCF|C7|TFPI|MAPK8IP1|DZIP3|SCRN1|ARNT2|MTCL1|CBX6|SETBP1|GNG2|THSD7A,-3.7,0
1,0,0,0,1,1,0,0,-2.2,0,0,0,-5.3,-5.4,0,0,M39322,M10001100,3,0,Cell Type Signatures,7,CUI DEVELOPING HEART VALVAR ENDOTHELIAL CELL,,-5.4,7.4,7.1,30286,141,261,9,3.4,1.1,638|960|1847|5327|6652|9124|9638|10085|54361,BIK|CD44|DUSP5|PLAT|SORD|PDLIM1|FEZ1|EDIL3|WNT4,-3.7,0
0,0,0,0,1,0,0,0,0,0,0,0,-5.4,0,0,0,M39044,M00001000,1,0,Cell Type Signatures,7,FAN EMBRYONIC CTX BRAIN MYELOID,,-5.4,7.4,7.1,30286,139,266,9,3.4,1.1,1890|3105|3106|4792|5329|5452|5743|7127|23406,TYMP|HLA-A|HLA-B|NFKBIA|PLAUR|POU2F2|PTGS2|TNFAIP2|COTL1,-3.7,0
0,0,0,0,1,0,1,0,0,0,0,0,-5.4,0,-2.3,0,M39294,M00001010,2,0,Cell Type Signatures,7,DURANTE ADULT OLFACTORY NEUROEPITHELIUM MAST CELLS,,-5.4,11,7.9,30286,75,266,7,2.6,0.98,4792|5329|5743|6446|7128|9308|58515,NFKBIA|PLAUR|PTGS2|SGK1|TNFAIP3|CD83|SELENOK,-3.7,0
0,0,1,0,0,0,0,0,0,0,-5.3,0,0,0,0,0,M39139,M00100000,1,0,Cell Type Signatures,7,GAO ESOPHAGUS 25W C4 FGFR1HIGH EPITHELIAL CELLS,,-5.3,5.7,6.6,30286,208,282,11,3.9,1.2,8642|23284|25891|51380|54510|80332|83468|84253|92949|145407|196500,DCHS1|ADGRL3|PAMR1|CSAD|PCDH18|ADAM33|GLT8D2|GARNL3|ADAMTSL1|ARMH4|PIANP,-3.7,0
1,0,1,1,0,0,0,0,-5.3,0,-2.6,-4.9,0,0,0,0,M39122,M10110000,3,0,Cell Type Signatures,7,AIZARANI LIVER C21 STELLATE CELLS 1,,-5.3,6.2,6.7,30286,194,250,10,4,1.2,2752|2878|3488|4035|5156|5176|5627|6649|10217|81618,GLUL|GPX3|IGFBP5|LRP1|PDGFRA|SERPINF1|PROS1|SOD3|CTDSPL|ITM2C,-3.6,0
0,0,0,0,1,0,0,0,0,0,0,0,-5.3,0,0,0,M41688,M00001000,1,0,Cell Type Signatures,7,TRAVAGLINI LUNG NEUTROPHIL CELL,,-5.3,4.3,6.1,30286,368,266,14,5.3,1.4,3106|3576|5329|5452|5687|5743|6648|6892|7128|9261|10970|23295|58515|64386,HLA-B|CXCL8|PLAUR|POU2F2|PSMA6|PTGS2|SOD2|TAPBP|TNFAIP3|MAPKAPK2|CKAP4|MGRN1|SELENOK|MMP25,-3.6,0
1,0,0,0,0,0,1,0,-2.4,0,0,0,0,0,-5.2,0,M40025,M10000010,2,0,Cell Type Signatures,7,BUSSLINGER DUODENAL DIFFERENTIATING STEM CELLS,,-5.2,4.6,6.1,30286,305,279,13,4.7,1.3,506|708|1622|3329|3418|3837|4191|4522|7184|7386|10935|56889|93974,ATP5F1B|C1QBP|DBI|HSPD1|IDH2|KPNB1|MDH2|MTHFD1|HSP90B1|UQCRFS1|PRDX3|TM9SF3|ATP5IF1,-3.6,0
1,0,0,1,1,1,0,0,-4.8,0,0,-2.8,-5.2,-3.4,0,0,M39022,M10011100,4,0,Cell Type Signatures,7,FAN EMBRYONIC CTX BIG GROUPS MICROGLIA,,-5.2,4.3,6,30286,371,266,14,5.3,1.4,3106|3107|3459|4792|4814|5216|6892|8560|9144|9308|11010|23406|79651|170954,HLA-B|HLA-C|IFNGR1|NFKBIA|NINJ1|PFN1|TAPBP|DEGS1|SYNGR2|CD83|GLIPR1|COTL1|RHBDF2|PPP1R18,-3.6,0
0,0,1,1,1,1,0,0,0,0,-2.9,-5.2,-2.3,-3.1,0,0,M39223,M00111100,4,0,Cell Type Signatures,7,LAKE ADULT KIDNEY C4 PROXIMAL TUBULE EPITHELIAL CELLS S2,,-5.2,7,6.9,30286,176,221,9,4.1,1.3,1004|3696|5793|6453|9586|9590|23224|27303|375449,CDH6|ITGB8|PTPRG|ITSN1|CREB5|AKAP12|SYNE2|RBMS3|MAST4,-3.5,0
0,1,0,0,0,0,0,0,0,-5.2,0,0,0,0,0,0,M39258,M01000000,1,0,Cell Type Signatures,7,MENON FETAL KIDNEY 8 CONNECTING TUBULE CELLS,,-5.2,4.6,6.1,30286,267,323,13,4,1.1,120|476|760|1184|1278|1666|4072|5345|6819|51473|85477|113220|284422,ADD3|ATP1A1|CA2|CLCN5|COL1A2|DECR1|EPCAM|SERPINF2|SULT1C2|DCDC2|SCIN|KIF12|SMIM24,-3.5,0
1,0,0,0,1,0,1,1,-2.5,0,0,0,-5.2,0,-3.5,-4.4,M41719,M10001011,4,0,Cell Type Signatures,7,FAN OVARY CL17 PUTATIVE APOPTOTIC SMOOTH MUSCLE CELL,,-5.2,5.4,6.4,30286,231,266,11,4.1,1.2,1465|1983|6876|7168|8560|10611|25932|26353|58515|84790|140606,CSRP1|EIF5|TAGLN|TPM1|DEGS1|PDLIM5|CLIC4|HSPB8|SELENOK|TUBA1C|SELENOM,-3.5,0
1,0,0,0,1,0,0,0,-3.1,0,0,0,-5.1,0,0,0,M41718,M10001000,2,0,Cell Type Signatures,7,FAN OVARY CL16 LYMPHATIC ENDOTHELIAL CELL,,-5.1,5.4,6.3,30286,232,266,11,4.1,1.2,2004|2280|2335|3105|3106|3107|5216|7170|8560|23585|115908,ELK3|FKBP1A|FN1|HLA-A|HLA-B|HLA-C|PFN1|TPM3|DEGS1|TMEM50A|CTHRC1,-3.5,0
1,0,0,0,1,1,0,0,-5.1,0,0,0,-2,-2.1,0,0,M39202,M10001100,3,0,Cell Type Signatures,7,HAY BONE MARROW NAIVE T CELL,,-5.1,4.2,5.9,30286,403,250,14,5.6,1.5,274|322|1107|1975|2053|3646|5578|6304|6920|10801|26751|27436|57185|130589,BIN1|APBB1|CHD3|EIF4B|EPHX2|EIF3E|PRKCA|SATB1|TCEA3|SEPTIN9|SH3YL1|EML4|NIPAL3|GALM,-3.5,0
1,0,0,1,0,1,0,0,-2.2,0,0,-5.1,0,-3.7,0,0,M39241,M10010100,3,0,Cell Type Signatures,7,LAKE ADULT KIDNEY C22 ENDOTHELIAL CELLS GLOMERULAR CAPILLARIES,,-5.1,8,7,30286,137,221,8,3.6,1.3,3303|5793|6935|7082|9590|27303|28996|85358,HSPA1A|PTPRG|ZEB1|TJP1|AKAP12|RBMS3|HIPK2|SHANK3,-3.5,0
0,0,0,0,1,0,1,0,0,0,0,0,-3.8,0,-5.1,0,M39228,M00001010,2,0,Cell Type Signatures,7,LAKE ADULT KIDNEY C9 THIN ASCENDING LIMB,,-5.1,4.9,6.1,30286,268,279,12,4.3,1.2,308|506|2182|2923|3309|3329|5230|5479|7184|9588|10130|54940,ANXA5|ATP5F1B|ACSL4|PDIA3|HSPA5|HSPD1|PGK1|PPIB|HSP90B1|PRDX6|PDIA6|OCIAD1,-3.5,0
0,1,0,0,0,0,0,0,0,-5.1,0,0,0,0,0,0,M41657,M01000000,1,0,Cell Type Signatures,7,TRAVAGLINI LUNG SEROUS CELL,,-5.1,7.9,7,30286,95,323,8,2.5,0.86,489|760|6947|9071|10840|56935|57348|84706,ATP2A3|CA2|TCN1|CLDN10|ALDH1L1|SMCO4|TTYH1|GPT2,-3.4,0
0,0,1,1,0,0,0,0,0,0,-2.6,-5.1,0,0,0,0,M39152,M00110000,2,0,Cell Type Signatures,7,GAO LARGE INTESTINE 24W C1 DCLK1POS PROGENITOR,,-5.1,9.7,7.4,30286,99,221,7,3.2,1.2,730|4147|6422|81035|94015|144165|151887,C7|MATN2|SFRP1|COLEC12|TTYH2|PRICKLE1|CCDC80,-3.4,0
0,0,0,0,1,0,0,0,0,0,0,0,-5.1,0,0,0,M39260,M00001000,1,0,Cell Type Signatures,7,MENON FETAL KIDNEY 10 IMMUNE CELLS,,-5.1,9.6,7.4,30286,83,266,7,2.6,0.98,1072|3105|3106|3107|5216|7170|23406,CFL1|HLA-A|HLA-B|HLA-C|PFN1|TPM3|COTL1,-3.4,0
0,0,1,1,1,0,0,0,0,0,-2.6,-3.2,-5.1,0,0,0,M39321,M00111000,3,0,Cell Type Signatures,7,CUI DEVELOPING HEART VASCULAR ENDOTHELIAL CELL,,-5.1,5.9,6.4,30286,193,266,10,3.8,1.2,2919|3383|4627|4792|7128|9144|50618|85456|140606|145864,CXCL1|ICAM1|MYH9|NFKBIA|TNFAIP3|SYNGR2|ITSN2|TNKS1BP1|SELENOM|HAPLN3,-3.4,0
0,1,0,0,0,0,0,0,0,-5,0,0,0,0,0,0,M39149,M01000000,1,0,Cell Type Signatures,7,GAO SMALL INTESTINE 24W C6 GOBLET CELLS,,-5,12,7.9,30286,46,323,6,1.9,0.75,3816|6855|8537|25803|54097|83998,KLK1|SYP|BCAS1|SPDEF|FAM3B|REG4,-3.4,0
0,0,0,1,0,1,0,0,0,0,0,-2.4,0,-5,0,0,M39248,M00010100,2,0,Cell Type Signatures,7,LAKE ADULT KIDNEY C29 UNKNOWN NOVEL PT CFH POS SUBPOPULATION S2,,-5,9.4,7.3,30286,86,261,7,2.7,1,596|2131|6840|10085|26137|79683|91133,BCL2|EXT1|SVIL|EDIL3|ZBTB20|ZDHHC14|L3MBTL4,-3.4,0
0,1,0,0,1,0,0,0,0,-5,0,0,-2.1,0,0,0,M39278,M01001000,2,0,Cell Type Signatures,7,DURANTE ADULT OLFACTORY NEUROEPITHELIUM SUSTENTACULAR CELLS,,-5,12,7.8,30286,47,323,6,1.9,0.75,4586|6286|7033|9071|10551|23584,MUC5AC|S100P|TFF3|CLDN10|AGR2|VSIG2,-3.4,0
1,0,0,0,1,0,1,0,-2.8,0,0,0,-2.1,0,-5,0,M39237,M10001010,3,0,Cell Type Signatures,7,LAKE ADULT KIDNEY C18 COLLECTING DUCT PRINCIPAL CELLS MEDULLA,,-5,4.4,5.9,30286,322,279,13,4.7,1.3,506|1832|1848|2182|2923|3313|3329|5230|5479|7184|9588|10130|51523,ATP5F1B|DSP|DUSP6|ACSL4|PDIA3|HSPA9|HSPD1|PGK1|PPIB|HSP90B1|PRDX6|PDIA6|CXXC5,-3.4,0
0,0,0,0,1,1,0,0,0,0,0,0,-4.9,-2.6,0,0,M39047,M00001100,2,0,Cell Type Signatures,7,FAN EMBRYONIC CTX BRAIN NAIVE LIKE T CELL,,-4.9,6.5,6.5,30286,158,266,9,3.4,1.1,2113|3105|3106|3107|7128|8407|9235|9466|80774,ETS1|HLA-A|HLA-B|HLA-C|TNFAIP3|TAGLN2|IL32|IL27RA|LIMD2,-3.3,0
1,0,0,0,0,0,1,0,-4.9,0,0,0,0,0,-2.1,0,M41748,M10000010,2,0,Cell Type Signatures,7,RUBENSTEIN SKELETAL MUSCLE SATELLITE CELLS,,-4.9,4.7,6,30286,310,250,12,4.8,1.4,1153|1191|1938|2752|3030|3488|3615|3646|5037|6767|51386|57447,CIRBP|CLU|EEF2|GLUL|HADHA|IGFBP5|IMPDH2|EIF3E|PEBP1|ST13|EIF3L|NDRG2,-3.3,0
0,0,0,0,1,0,1,0,0,0,0,0,-4.4,0,-4.9,0,M39227,M00001010,2,0,Cell Type Signatures,7,LAKE ADULT KIDNEY C8 DECENDING THIN LIMB,,-4.9,4.7,6,30286,278,279,12,4.3,1.2,308|1832|1848|2182|2923|3309|3313|3329|5230|5479|7184|10130,ANXA5|DSP|DUSP6|ACSL4|PDIA3|HSPA5|HSPA9|HSPD1|PGK1|PPIB|HSP90B1|PDIA6,-3.3,0
0,1,0,0,0,0,0,0,0,-4.9,0,0,0,0,0,0,M39147,M01000000,1,0,Cell Type Signatures,7,GAO SMALL INTESTINE 24W C3 ENTEROCYTE PROGENITOR SUBTYPE 1,,-4.9,12,7.7,30286,48,323,6,1.9,0.75,13|2650|2938|2939|7276|79170,AADAC|GCNT1|GSTA1|GSTA2|TTR|PRR15L,-3.3,0
0,0,0,0,1,1,0,1,0,0,0,0,-4.9,-2.7,0,-2.9,M39203,M00001101,3,0,Cell Type Signatures,7,HAY BONE MARROW NEUTROPHIL,,-4.9,3.8,5.6,30286,449,266,15,5.6,1.4,1890|2950|3459|3576|4627|5329|5743|7763|8676|10970|11010|25797|64778|79627|83937,TYMP|GSTP1|IFNGR1|CXCL8|MYH9|PLAUR|PTGS2|ZFAND5|STX11|CKAP4|GLIPR1|QPCT|FNDC3B|OGFRL1|RASSF4,-3.3,0
0,0,0,0,1,0,0,0,0,0,0,0,-4.9,0,0,0,M39106,M00001000,1,0,Cell Type Signatures,7,AIZARANI LIVER C2 KUPFFER CELLS 1,,-4.9,5.7,6.3,30286,200,266,10,3.8,1.2,3459|3576|5329|5452|6446|9050|9308|10019|23406|79627,IFNGR1|CXCL8|PLAUR|POU2F2|SGK1|PSTPIP2|CD83|SH2B3|COTL1|OGFRL1,-3.3,0
0,0,0,1,1,0,0,0,0,0,0,-4.2,-4.9,0,0,0,M39121,M00011000,2,0,Cell Type Signatures,7,AIZARANI LIVER C20 LSECS 3,,-4.9,4.6,5.9,30286,295,266,12,4.5,1.3,2280|3383|4792|5329|6446|7980|8795|11177|22904|64778|79567|135112,FKBP1A|ICAM1|NFKBIA|PLAUR|SGK1|TFPI2|TNFRSF10B|BAZ1A|SBNO2|FNDC3B|RIPOR1|NCOA7,-3.3,0
0,1,0,1,0,0,1,0,0,-4.9,0,-4.1,0,0,-2.2,0,M39168,M01010010,3,0,Cell Type Signatures,7,MURARO PANCREAS ALPHA CELL,,-4.9,3.1,5.3,30286,568,323,19,5.9,1.3,183|216|350|2650|5174|5799|6855|7104|7276|9985|10083|23151|29974|51251|55365|64093|113220|165679|284422,AGT|ALDH1A1|APOH|GCNT1|PDZK1|PTPRN2|SYP|TM4SF4|TTR|REC8|USH1C|GRAMD4|A1CF|NT5C3A|TMEM176A|SMOC1|KIF12|SPTSSB|SMIM24,-3.3,0
1,0,0,0,1,1,0,0,-3.2,0,0,0,-4.8,-4.9,0,0,M41656,M10001100,3,0,Cell Type Signatures,7,TRAVAGLINI LUNG MUCOUS CELL,,-4.9,7.4,6.7,30286,125,261,8,3.1,1.1,1847|3627|3934|5284|6652|9536|11213|171177,DUSP5|CXCL10|LCN2|PIGR|SORD|PTGES|IRAK3|RHOV,-3.3,0
0,1,0,1,1,0,1,0,0,-2.5,0,-2.6,-4.8,0,-2.6,0,M40158,M01011010,4,0,Cell Type Signatures,7,DESCARTES FETAL CEREBELLUM VASCULAR ENDOTHELIAL CELLS,,-4.8,3.2,5.4,30286,632,266,18,6.8,1.5,800|1030|1465|1906|2113|2280|2335|3732|4641|5420|6876|7126|8407|9235|25797|64386|85456|162394,CALD1|CDKN2B|CSRP1|EDN1|ETS1|FKBP1A|FN1|CD82|MYO1C|PODXL|TAGLN|TNFAIP1|TAGLN2|IL32|QPCT|MMP25|TNKS1BP1|SLFN5,-3.3,0
0,1,0,0,0,0,1,0,0,-2.2,0,0,0,0,-4.8,0,M39304,M01000010,2,0,Cell Type Signatures,7,CUI DEVELOPING HEART C7 MAST CELL,,-4.8,6.3,6.4,30286,156,279,9,3.2,1.1,2182|3422|4860|7494|8459|29950|79143|85414|94056,ACSL4|IDI1|PNP|XBP1|TPST2|SERTAD1|MBOAT7|SLC45A3|SYAP1,-3.2,0
0,0,0,0,1,0,0,1,0,0,0,0,-4.8,0,0,-3.3,M41667,M00001001,2,0,Cell Type Signatures,7,TRAVAGLINI LUNG CAPILLARY INTERMEDIATE 2 CELL,,-4.8,3.9,5.6,30286,408,266,14,5.3,1.4,2280|4627|5687|5720|5721|6876|7168|7170|9235|9538|10318|22919|51088|58515,FKBP1A|MYH9|PSMA6|PSME1|PSME2|TAGLN|TPM1|TPM3|IL32|EI24|TNIP1|MAPRE1|KLHL5|SELENOK,-3.2,0
0,1,0,0,0,0,0,0,0,-4.7,0,0,0,0,0,0,M40037,M01000000,1,0,Cell Type Signatures,7,BUSSLINGER DUODENAL EC CELLS,,-4.7,15,8.2,30286,31,323,5,1.5,0.69,1644|5997|7033|7276|83998,DDC|RGS2|TFF3|TTR|REG4,-3.2,0
0,0,0,0,0,1,0,0,0,0,0,0,0,-4.7,0,0,M39046,M00000100,1,0,Cell Type Signatures,7,FAN EMBRYONIC CTX BRAIN EFFECTOR T CELL,,-4.7,7.1,6.5,30286,131,261,8,3.1,1.1,101|960|3561|3936|5880|6793|60489|83593,ADAM8|CD44|IL2RG|LCP1|RAC2|STK10|APOBEC3G|RASSF5,-3.2,0
1,0,0,1,1,0,1,0,-4.3,0,0,-2.1,-4.7,0,-2.1,0,M41716,M10011010,4,0,Cell Type Signatures,7,FAN OVARY CL14 MATURE SMOOTH MUSCLE CELL,,-4.7,4.5,5.7,30286,306,266,12,4.5,1.3,800|1465|2950|5216|5720|5879|6251|6876|7168|10092|25932|140606,CALD1|CSRP1|GSTP1|PFN1|PSME1|RAC1|RSU1|TAGLN|TPM1|ARPC5|CLIC4|SELENOM,-3.2,0
0,1,0,0,0,0,0,0,0,-4.7,0,0,0,0,0,0,M40031,M01000000,1,0,Cell Type Signatures,7,BUSSLINGER DUODENAL GOBLET CELLS,,-4.7,23,9.3,30286,16,323,4,1.2,0.62,7033|8537|10551|83998,TFF3|BCAS1|AGR2|REG4,-3.1,0
0,0,1,1,1,0,0,0,0,0,-2,-4.7,-4.6,0,0,0,M39128,M00111000,3,0,Cell Type Signatures,7,AIZARANI LIVER C29 MVECS 2,,-4.7,4.8,5.8,30286,313,221,11,5,1.5,730|4147|4772|5793|7035|9590|10410|10581|27303|57458|375449,C7|MATN2|NFATC1|PTPRG|TFPI|AKAP12|IFITM3|IFITM2|RBMS3|TMCC3|MAST4,-3.1,0
0,0,0,0,1,0,0,0,0,0,0,0,-4.6,0,0,0,M40127,M00001000,1,0,Cell Type Signatures,7,DESCARTES MAIN FETAL CCL19 CCL21 POSITIVE CELLS,,-4.6,4.8,5.8,30286,263,266,11,4.1,1.2,1890|2907|3383|4791|4792|4794|5971|7128|79140|91107|140606,TYMP|GRINA|ICAM1|NFKB2|NFKBIA|NFKBIE|RELB|TNFAIP3|CCDC28B|TRIM47|SELENOM,-3.1,0
1,0,1,1,1,0,0,0,-2.1,0,-2.5,-4.6,-4,0,0,0,M39302,M10111000,4,0,Cell Type Signatures,7,CUI DEVELOPING HEART C5 VALVAR CELL,,-4.6,5.9,6.1,30286,208,221,9,4.1,1.3,3303|4045|4147|4772|4784|7162|54331|147495|151887,HSPA1A|LSAMP|MATN2|NFATC1|NFIX|TPBG|GNG2|APCDD1|CCDC80,-3.1,0
1,0,1,1,0,0,0,0,-4.1,0,-4.6,-4.4,0,0,0,0,M39132,M10110000,3,0,Cell Type Signatures,7,AIZARANI LIVER C33 STELLATE CELLS 2,,-4.6,6.8,6.3,30286,126,282,8,2.8,0.99,463|1822|4811|5087|5764|8476|10766|55137,ZFHX3|ATN1|NID1|PBX1|PTN|CDC42BPA|TOB2|FIGN,-3.1,0
0,0,0,0,1,1,0,0,0,0,0,0,-4.6,-3.1,0,0,M39126,M00001100,2,0,Cell Type Signatures,7,AIZARANI LIVER C25 KUPFFER CELLS 4,,-4.6,5.9,6.1,30286,174,266,9,3.4,1.1,3576|5329|5452|6446|9050|9308|10019|23406|79627,CXCL8|PLAUR|POU2F2|SGK1|PSTPIP2|CD83|SH2B3|COTL1|OGFRL1,-3.1,0
0,0,0,0,1,0,0,0,0,0,0,0,-4.6,0,0,0,M41663,M00001000,1,0,Cell Type Signatures,7,TRAVAGLINI LUNG VEIN CELL,,-4.6,14,7.9,30286,40,266,5,1.9,0.83,3383|6648|7128|10272|135112,ICAM1|SOD2|TNFAIP3|FSTL3|NCOA7,-3.1,0
0,1,0,0,0,0,0,0,0,-4.6,0,0,0,0,0,0,M40208,M01000000,1,0,Cell Type Signatures,7,DESCARTES FETAL INTESTINE CHROMAFFIN CELLS,,-4.6,6.7,6.3,30286,112,323,8,2.5,0.86,3170|5624|8938|57586|83998|165679|201625|390874,FOXA2|PROC|BAIAP3|SYT13|REG4|SPTSSB|DNAH12|ONECUT3,-3,0
0,1,0,0,0,0,0,0,0,-4.5,0,0,0,0,0,0,M39159,M01000000,1,0,Cell Type Signatures,7,GAO LARGE INTESTINE 24W C10 ENTEROCYTE,,-4.5,10,7,30286,56,323,6,1.9,0.75,1800|2938|4640|10232|51085|284422,DPEP1|GSTA1|MYO1A|MSLN|MLXIPL|SMIM24,-3,0
0,0,0,0,1,1,0,0,0,0,0,0,-4.5,-2.8,0,0,M39045,M00001100,2,0,Cell Type Signatures,7,FAN EMBRYONIC CTX BRAIN B CELL,,-4.5,8,6.6,30286,100,266,7,2.6,0.98,3105|3106|3107|5720|5721|8407|80774,HLA-A|HLA-B|HLA-C|PSME1|PSME2|TAGLN2|LIMD2,-3,0
1,0,0,0,1,0,0,0,-3,0,0,0,-4.5,0,0,0,M41743,M10001000,2,0,Cell Type Signatures,7,RUBENSTEIN SKELETAL MUSCLE ENDOTHELIAL CELLS,,-4.5,6.6,6.2,30286,137,266,8,3,1,2113|2280|3105|3106|3107|4627|5420|9235,ETS1|FKBP1A|HLA-A|HLA-B|HLA-C|MYH9|PODXL|IL32,-3,0
0,0,0,1,1,0,0,0,0,0,0,-4.5,-3.8,0,0,0,M39114,M00011000,2,0,Cell Type Signatures,7,AIZARANI LIVER C10 MVECS 1,,-4.5,5.1,5.8,30286,269,221,10,4.5,1.4,94|730|5793|6387|10044|10410|27303|57458|85358|375449,ACVRL1|C7|PTPRG|CXCL12|SH2D3C|IFITM3|RBMS3|TMCC3|SHANK3|MAST4,-3,0
1,0,0,1,1,0,0,0,-2.4,0,0,-2.7,-4.5,0,0,0,M41701,M10011000,3,0,Cell Type Signatures,7,TRAVAGLINI LUNG NONCLASSICAL MONOCYTE CELL,,-4.5,5.7,5.9,30286,180,266,9,3.4,1.1,637|1318|1890|2643|2950|5452|6876|7763|23406,BID|SLC31A2|TYMP|GCH1|GSTP1|POU2F2|TAGLN|ZFAND5|COTL1,-3,0
0,0,0,0,1,0,0,0,0,0,0,0,-4.5,0,0,0,M41747,M00001000,1,0,Cell Type Signatures,7,RUBENSTEIN SKELETAL MUSCLE PCV ENDOTHELIAL CELLS,,-4.5,5.1,5.8,30286,225,266,10,3.8,1.2,2004|2280|3105|3106|4627|4792|5721|7170|9891|58494,ELK3|FKBP1A|HLA-A|HLA-B|MYH9|NFKBIA|PSME2|TPM3|NUAK1|JAM2,-3,0
0,0,0,0,1,0,0,0,0,0,0,0,-4.5,0,0,0,M39259,M00001000,1,0,Cell Type Signatures,7,MENON FETAL KIDNEY 9 ENDOTHELIAL CELLS,,-4.5,7.8,6.5,30286,102,266,7,2.6,0.98,2113|2280|2335|3105|3106|7170|23406,ETS1|FKBP1A|FN1|HLA-A|HLA-B|TPM3|COTL1,-3,0
0,0,0,0,1,0,1,0,0,0,0,0,-4.4,0,-3.6,0,M41689,M00001010,2,0,Cell Type Signatures,7,TRAVAGLINI LUNG BASOPHIL MAST 1 CELL,,-4.4,4.5,5.6,30286,276,266,11,4.1,1.2,310|1983|3732|4792|5707|5743|6484|9495|9603|10981|11332,ANXA7|EIF5|CD82|NFKBIA|PSMD1|PTGS2|ST3GAL4|AKAP5|NFE2L3|RAB32|ACOT7,-3,0
0,1,0,0,0,1,0,0,0,-2.9,0,0,0,-4.4,0,0,M40168,M01000100,2,0,Cell Type Signatures,7,DESCARTES FETAL CEREBRUM MICROGLIA,,-4.4,3.4,5.2,30286,505,261,15,5.7,1.4,3684|7098|7100|8792|9732|11149|26281|27128|58191|79690|80008|83938|84225|146857|150372,ITGAM|TLR3|TLR5|TNFRSF11A|DOCK4|BVES|FGF20|CYTH4|CXCL16|GAL3ST4|TMEM156|LRMDA|ZMYND15|SLFN13|NFAM1,-3,0
0,1,0,0,0,0,0,0,0,-4.4,0,0,0,0,0,0,M39136,M01000000,1,0,Cell Type Signatures,7,GAO ESOPHAGUS 25W C1 CILIATED EPITHELIAL CELLS,,-4.4,3.3,5.1,30286,457,323,16,5,1.2,216|5002|7033|8701|8938|11001|23456|51473|55366|79083|85478|93663|127733|143162|201625|341019,ALDH1A1|SLC22A18|TFF3|DNAH11|BAIAP3|SLC27A2|ABCB10|DCDC2|LGR4|MLPH|CCDC65|ARHGAP18|UBXN10|FRMPD2|DNAH12|DCDC1,-3,0
0,0,0,0,0,1,1,0,0,0,0,0,0,-2.2,-4.4,0,M41660,M00000110,2,0,Cell Type Signatures,7,TRAVAGLINI LUNG ALVEOLAR EPITHELIAL TYPE 2 CELL,,-4.4,6.4,6.1,30286,136,279,8,2.9,1,1622|1848|2182|2194|6307|6319|25849|81848,DBI|DUSP6|ACSL4|FASN|MSMO1|SCD|PARM1|SPRY4,-2.9,0
1,1,0,1,1,1,1,1,-3.7,-2.5,0,-4.4,-4.4,-2.6,-3.6,-2.1,M39037,M11011111,7,0,Cell Type Signatures,7,FAN EMBRYONIC CTX OLIG,,-4.4,3.1,5,30286,754,221,17,7.7,1.8,2581|6558|9479|9586|9706|23148|28996|57458|64121|64849|80270|84302|94015|144165|147495|160335|389337,GALC|SLC12A2|MAPK8IP1|CREB5|ULK2|NACAD|HIPK2|TMCC3|RRAGC|SLC13A3|HSD3B7|PGAP4|TTYH2|PRICKLE1|APCDD1|TMTC2|ARHGEF37,-2.9,0
1,0,1,1,0,0,0,0,-4.3,0,-2.4,-3.7,0,0,0,0,M41678,M10110000,3,0,Cell Type Signatures,7,TRAVAGLINI LUNG PERICYTE CELL,,-4.3,7.4,6.3,30286,114,250,7,2.8,1,2040|2878|3613|9828|10628|23236|81618,STOM|GPX3|IMPA2|ARHGEF17|TXNIP|PLCB1|ITM2C,-2.9,0
0,1,0,0,0,0,0,0,0,-4.3,0,0,0,0,0,0,M40240,M01000000,1,0,Cell Type Signatures,7,DESCARTES FETAL LUNG NEUROENDOCRINE CELLS,,-4.3,7.4,6.3,30286,89,323,7,2.2,0.81,430|1644|7276|8431|29974|57586|164656,ASCL2|DDC|TTR|NR0B2|A1CF|SYT13|TMPRSS6,-2.9,0
0,1,0,0,0,0,0,0,0,-4.3,0,0,0,0,0,0,M39285,M01000000,1,0,Cell Type Signatures,7,DURANTE ADULT OLFACTORY NEUROEPITHELIUM RESPIRATORY CILIATED CELLS,,-4.3,5.4,5.7,30286,156,323,9,2.8,0.92,216|2302|2938|2939|4586|7033|51316|128344|155465,ALDH1A1|FOXJ1|GSTA1|GSTA2|MUC5AC|TFF3|PLAC8|CIMAP3|AGR3,-2.9,0
1,0,0,0,0,0,1,0,-2.9,0,0,0,0,0,-4.2,0,M41702,M10000010,2,0,Cell Type Signatures,7,FAN OVARY CL0 XBP1 SELK HIGH STROMAL CELL,,-4.2,6.1,5.9,30286,143,279,8,2.9,1,3280|3309|3313|3329|3638|7184|7494|26354,HES1|HSPA5|HSPA9|HSPD1|INSIG1|HSP90B1|XBP1|GNL3,-2.8,0
1,0,0,0,0,0,0,0,-4.2,0,0,0,0,0,0,0,M39253,M10000000,1,0,Cell Type Signatures,7,MENON FETAL KIDNEY 3 STROMAL CELLS,,-4.2,9,6.6,30286,81,250,6,2.4,0.97,214|1075|1107|3481|3488|4192,ALCAM|CTSC|CHD3|IGF2|IGFBP5|MDK,-2.8,0
0,0,0,0,0,1,0,0,0,0,0,0,0,-4.2,0,0,M40312,M00000100,1,0,Cell Type Signatures,7,DESCARTES FETAL THYMUS THYMIC EPITHELIAL CELLS,,-4.2,4.7,5.5,30286,245,261,10,3.8,1.2,3664|6370|10090|10886|23120|79412|80731|90161|91133|91828,IRF6|CCL25|UST|NPFFR2|ATP10B|KREMEN2|THSD7B|HS6ST2|L3MBTL4|EXOC3L4,-2.8,0
0,1,0,1,0,1,1,0,0,-3.1,0,-4.2,0,-3.7,-2.2,0,M39225,M01010110,4,0,Cell Type Signatures,7,LAKE ADULT KIDNEY C6 PROXIMAL TUBULE EPITHELIAL CELLS FIBRINOGEN POS S3,,-4.2,6.1,5.9,30286,181,221,8,3.6,1.3,1004|3696|5920|7035|9590|23224|160335|375449,CDH6|ITGB8|PLAAT4|TFPI|AKAP12|SYNE2|TMTC2|MAST4,-2.8,0
0,0,0,0,0,1,0,0,0,0,0,0,0,-4.2,0,0,M40143,M00000100,1,0,Cell Type Signatures,7,DESCARTES MAIN FETAL ANTIGEN PRESENTING CELLS,,-4.2,6,5.8,30286,154,261,8,3.1,1.1,101|3627|9111|9873|23180|27074|51762|84225,ADAM8|CXCL10|NMI|FCHSD2|RFTN1|LAMP3|RAB8B|ZMYND15,-2.8,0
1,1,0,0,0,0,0,0,-4.2,-2.7,0,0,0,0,0,0,M40024,M11000000,2,0,Cell Type Signatures,7,BUSSLINGER DUODENAL STEM CELLS,,-4.2,4.3,5.3,30286,311,250,11,4.4,1.3,1191|1937|1938|1975|2217|3615|3646|10628|27436|51280|51386,CLU|EEF1G|EEF2|EIF4B|FCGRT|IMPDH2|EIF3E|TXNIP|EML4|GOLM1|EIF3L,-2.8,0
1,0,0,0,0,0,1,0,-4.2,0,0,0,0,0,-3.9,0,M39082,M10000010,2,0,Cell Type Signatures,7,ZHONG PFC C9 ORG OTHER,,-4.2,8.8,6.5,30286,83,250,6,2.4,0.97,1191|2040|2878|51084|57447|81618,CLU|STOM|GPX3|CRYL1|NDRG2|ITM2C,-2.8,0
0,1,0,0,0,0,0,0,0,-4.2,0,0,0,0,0,0,M40171,M01000000,1,0,Cell Type Signatures,7,DESCARTES FETAL CEREBRUM ASTROCYTES,,-4.2,4.6,5.4,30286,203,323,10,3.1,0.96,183|2302|9071|10083|54894|127733|128344|143162|201625|284111,AGT|FOXJ1|CLDN10|USH1C|RNF43|UBXN10|CIMAP3|FRMPD2|DNAH12|SLC13A5,-2.8,0
1,1,0,0,1,1,1,1,-2.1,-3,0,0,-2.7,-2.7,-4.1,-3,M41655,M11001111,6,0,Cell Type Signatures,7,TRAVAGLINI LUNG GOBLET CELL,,-4.1,5.9,5.7,30286,148,279,8,2.9,1,204|4942|7494|10267|11014|23753|51303|53947,AK2|OAT|XBP1|RAMP1|KDELR2|SDF2L1|FKBP11|A4GALT,-2.7,0
0,1,1,1,0,0,0,0,0,-3,-4.1,-2.3,0,0,0,0,M39054,M01110000,3,0,Cell Type Signatures,7,MANNO MIDBRAIN NEUROTYPES HRGL2B,,-4.1,3.4,5,30286,440,282,14,5,1.3,2273|2697|3725|4851|5137|5463|5727|5764|6934|8110|9013|9770|57556|57580,FHL1|GJA1|JUN|NOTCH1|PDE1C|POU6F1|PTCH1|PTN|TCF7L2|DPF3|TAF1C|RASSF2|SEMA6A|PREX1,-2.7,0
0,0,0,0,1,0,0,0,0,0,0,0,-4.1,0,0,0,M39282,M00001000,1,0,Cell Type Signatures,7,DURANTE ADULT OLFACTORY NEUROEPITHELIUM MACROPHAGES,,-4.1,8.4,6.3,30286,81,266,6,2.3,0.91,1890|5329|6446|9308|10981|23406,TYMP|PLAUR|SGK1|CD83|RAB32|COTL1,-2.7,0
0,0,0,0,0,0,1,0,0,0,0,0,0,0,-4.1,0,M40026,M00000010,1,0,Cell Type Signatures,7,BUSSLINGER DUODENAL TRANSIT AMPLIFYING CELLS,,-4.1,5,5.4,30286,194,279,9,3.2,1.1,506|1622|3329|3418|7184|7386|56889|93974|400916,ATP5F1B|DBI|HSPD1|IDH2|HSP90B1|UQCRFS1|TM9SF3|ATP5IF1|CHCHD10,-2.7,0
0,0,0,0,1,1,0,0,0,0,0,0,-2.5,-4.1,0,0,M39107,M00001100,2,0,Cell Type Signatures,7,AIZARANI LIVER C3 NK NKT CELLS 2,,-4.1,5.7,5.6,30286,162,261,8,3.1,1.1,596|960|3561|3936|4050|5880|23048|113791,BCL2|CD44|IL2RG|LCP1|LTB|RAC2|FNBP1|PIK3IP1,-2.7,0
1,0,0,0,0,0,1,0,-3.6,0,0,0,0,0,-4.1,0,M39303,M10000010,2,0,Cell Type Signatures,7,CUI DEVELOPING HEART C6 EPICARDIAL CELL,,-4.1,5,5.4,30286,195,279,9,3.2,1.1,4942|5584|6566|8045|22837|51303|54675|64116|222171,OAT|PRKCI|SLC16A1|RASSF7|COBLL1|FKBP11|CRLS1|SLC39A8|PRR15,-2.7,0
0,1,0,0,0,0,0,0,0,-4.1,0,0,0,0,0,0,M40018,M01000000,1,0,Cell Type Signatures,7,BUSSLINGER GASTRIC G CELLS,,-4.1,6.7,5.9,30286,98,323,7,2.2,0.81,1644|3417|7033|7104|9032|23456|51085,DDC|IDH1|TFF3|TM4SF4|TM4SF5|ABCB10|MLXIPL,-2.7,0
0,0,0,0,1,1,1,0,0,0,0,0,-3.3,-4,-2.1,0,M39204,M00001110,3,0,Cell Type Signatures,7,HAY BONE MARROW NK CELLS,,-4,3.8,5,30286,370,261,12,4.6,1.3,101|3561|3716|5880|6793|9246|9638|57674|60489|80830|83593|146857,ADAM8|IL2RG|JAK1|RAC2|STK10|UBE2L6|FEZ1|RNF213|APOBEC3G|APOL6|RASSF5|SLFN13,-2.6,0
0,0,1,0,0,0,0,0,0,0,-4,0,0,0,0,0,M40151,M00100000,1,0,Cell Type Signatures,7,DESCARTES FETAL ADRENAL STROMAL CELLS,,-4,5.6,5.5,30286,153,282,8,2.8,0.99,1634|1909|25891|54510|57124|127435|170689|338773,DCN|EDNRA|PAMR1|PCDH18|CD248|PODN|ADAMTS15|TMEM119,-2.6,0
1,0,1,1,0,0,0,0,-4,0,-2.3,-2.9,0,0,0,0,M39222,M10110000,3,0,Cell Type Signatures,7,LAKE ADULT KIDNEY C3 PROXIMAL TUBULE EPITHELIAL CELLS S1 S2,,-4,4.9,5.4,30286,221,250,9,3.6,1.2,395|2878|5071|8829|23301|51084|51390|55556|389432,ARHGAP6|GPX3|PRKN|NRP1|EHBP1|CRYL1|AIG1|ENOSF1|SAMD5,-2.6,0
0,0,0,0,1,1,0,0,0,0,0,0,-4,-2.2,0,0,M39287,M00001100,2,0,Cell Type Signatures,7,DURANTE ADULT OLFACTORY NEUROEPITHELIUM NK CELLS,,-4,8.1,6.2,30286,84,266,6,2.3,0.91,3105|3106|3107|5216|9235|80774,HLA-A|HLA-B|HLA-C|PFN1|IL32|LIMD2,-2.6,0
0,0,0,0,1,0,0,0,0,0,0,0,-4,0,0,0,M39120,M00001000,1,0,Cell Type Signatures,7,AIZARANI LIVER C18 NK NKT CELLS 5,,-4,6.6,5.8,30286,121,266,7,2.6,0.98,3576|5329|5452|6446|7127|9308|23406,CXCL8|PLAUR|POU2F2|SGK1|TNFAIP2|CD83|COTL1,-2.6,0
1,1,0,0,0,0,0,0,-2.2,-4,0,0,0,0,0,0,M39172,M11000000,2,0,Cell Type Signatures,7,MURARO PANCREAS EPSILON CELL,,-4,11,6.7,30286,44,323,5,1.5,0.69,183|7104|9032|51156|165679,AGT|TM4SF4|TM4SF5|SERPINA10|SPTSSB,-2.6,0
0,0,0,0,0,1,0,0,0,0,0,0,0,-3.9,0,0,M39109,M00000100,1,0,Cell Type Signatures,7,AIZARANI LIVER C5 NK NKT CELLS 3,,-3.9,6.4,5.7,30286,126,261,7,2.7,1,374|3561|3936|5880|9214|83593|113791,AREG|IL2RG|LCP1|RAC2|FCMR|RASSF5|PIK3IP1,-2.6,0
0,0,1,1,1,0,0,0,0,0,-3.9,-2.5,-3.1,0,0,0,M39274,M00111000,3,0,Cell Type Signatures,7,DURANTE ADULT OLFACTORY NEUROEPITHELIUM FIBROBLASTS STROMAL CELLS,,-3.9,7.9,6,30286,82,282,6,2.1,0.86,1634|2697|4681|5764|7291|10351,DCN|GJA1|NBL1|PTN|TWIST1|ABCA8,-2.6,0
0,0,0,0,0,0,1,0,0,0,0,0,0,0,-3.9,0,M39298,M00000010,1,0,Cell Type Signatures,7,CUI DEVELOPING HEART C1 5TH WEEK CARDIAC CELLS,,-3.9,7.8,6,30286,83,279,6,2.2,0.87,2222|3309|3418|6307|6713|84817,FDFT1|HSPA5|IDH2|MSMO1|SQLE|TXNDC17,-2.6,0
0,0,1,1,0,1,0,0,0,0,-3.5,-2.9,0,-3.8,0,0,M39067,M00110100,3,0,Cell Type Signatures,7,MANNO MIDBRAIN NEUROTYPES HDA,,-3.8,3.2,4.7,30286,506,261,14,5.4,1.4,3800|4131|6752|7846|9732|10085|23048|80731|80830|83593|126567|201191|283209|347733,KIF5C|MAP1B|SSTR2|TUBA1A|DOCK4|EDIL3|FNBP1|THSD7B|APOL6|RASSF5|C2CD4C|SAMD14|PGM2L1|TUBB2B,-2.5,0
0,0,0,0,0,1,0,0,0,0,0,0,0,-3.8,0,0,M39064,M00000100,1,0,Cell Type Signatures,7,MANNO MIDBRAIN NEUROTYPES HNBML1,,-3.8,3.9,4.9,30286,328,261,11,4.2,1.2,3797|3800|4131|7846|9732|10085|28969|56995|126567|283209|347733,KIF3C|KIF5C|MAP1B|TUBA1A|DOCK4|EDIL3|BZW2|TULP4|C2CD4C|PGM2L1|TUBB2B,-2.5,0
0,0,1,1,0,0,0,0,0,0,-3.1,-3.8,0,0,0,0,M41670,M00110000,2,0,Cell Type Signatures,7,TRAVAGLINI LUNG LYMPHATIC CELL,,-3.8,5.2,5.3,30286,209,221,8,3.6,1.3,5866|6422|9586|9590|9805|81035|84302|151887,RAB3IL1|SFRP1|CREB5|AKAP12|SCRN1|COLEC12|PGAP4|CCDC80,-2.5,0
1,0,0,0,0,0,0,0,-3.8,0,0,0,0,0,0,0,M41704,M10000000,1,0,Cell Type Signatures,7,FAN OVARY CL2 PUTATIVE EARLY ATRETIC FOLLICLE THECAL CELL 1,,-3.8,7.4,5.8,30286,98,250,6,2.4,0.97,1153|3488|4192|5037|5176|6767,CIRBP|IGFBP5|MDK|PEBP1|SERPINF1|ST13,-2.5,0
0,0,0,0,0,0,1,0,0,0,0,0,0,0,-3.8,0,M40079,M00000010,1,0,Cell Type Signatures,7,DESCARTES MAIN FETAL ADRENOCORTICAL CELLS,,-3.8,7.4,5.8,30286,88,279,6,2.2,0.87,1717|2232|3156|3329|6307|80777,DHCR7|FDXR|HMGCR|HSPD1|MSMO1|CYB5B,-2.5,0
0,1,0,0,0,0,0,0,0,-3.7,0,0,0,0,0,0,M40241,M01000000,1,0,Cell Type Signatures,7,DESCARTES FETAL LUNG CILIATED EPITHELIAL CELLS,,-3.7,2.9,4.5,30286,525,323,16,5,1.2,729|2302|2939|8701|11001|85478|89944|90019|127733|128344|143162|155465|201625|341019|388743|100130933,C6|FOXJ1|GSTA2|DNAH11|SLC27A2|CCDC65|GLB1L2|SYT8|UBXN10|CIMAP3|FRMPD2|AGR3|DNAH12|DCDC1|CAPN8|SMIM6,-2.4,0
0,0,0,0,1,0,1,0,0,0,0,0,-3.7,0,-2.9,0,M41749,M00001010,2,0,Cell Type Signatures,7,RUBENSTEIN SKELETAL MUSCLE NK CELLS,,-3.7,4.5,5,30286,226,266,9,3.4,1.1,1072|2113|5216|5720|5721|7170|10092|80774|170954,CFL1|ETS1|PFN1|PSME1|PSME2|TPM3|ARPC5|LIMD2|PPP1R18,-2.4,0
0,1,0,0,0,1,0,0,0,-2.4,0,0,0,-3.7,0,0,M40148,M01000100,2,0,Cell Type Signatures,7,DESCARTES FETAL ADRENAL MYELOID CELLS,,-3.7,5.1,5.2,30286,183,261,8,3.1,1.1,3627|5724|7100|8792|27128|64127|84225|150372,CXCL10|PTAFR|TLR5|TNFRSF11A|CYTH4|NOD2|ZMYND15|NFAM1,-2.4,0
0,0,1,1,0,0,0,0,0,0,-3.7,-3.6,0,0,0,0,M39104,M00110000,2,0,Cell Type Signatures,7,ZHONG PFC C3 MICROGLIA,,-3.7,3.1,4.5,30286,488,282,14,5,1.3,862|1979|2044|2596|5563|5783|8786|10297|10498|23671|54549|56776|91584|266727,RUNX1T1|EIF4EBP2|EPHA5|GAP43|PRKAA2|PTPN13|RGS11|APC2|CARM1|TMEFF2|SDK2|FMN2|PLXNA4|MDGA1,-2.4,0
1,0,0,0,0,1,0,0,-2,0,0,0,0,-3.7,0,0,M39127,M10000100,2,0,Cell Type Signatures,7,AIZARANI LIVER C28 NK NKT CELLS 6,,-3.7,7,5.6,30286,99,261,6,2.3,0.93,374|960|3561|3936|23048|83593,AREG|CD44|IL2RG|LCP1|FNBP1|RASSF5,-2.4,0
0,0,0,0,0,1,0,0,0,0,0,0,0,-3.6,0,0,M40092,M00000100,1,0,Cell Type Signatures,7,DESCARTES MAIN FETAL CORNEAL AND CONJUNCTIVAL EPITHELIAL CELLS,,-3.6,4,4.8,30286,290,261,10,3.8,1.2,1847|3934|5284|7100|8632|10568|54503|124056|151636|171177,DUSP5|LCN2|PIGR|TLR5|DNAH17|SLC34A2|ZDHHC13|NOXO1|DTX3L|RHOV,-2.4,0
1,0,1,1,0,1,0,0,-2.6,0,-2.3,-3.6,0,-3.1,0,0,M39117,M10110100,4,0,Cell Type Signatures,7,AIZARANI LIVER C13 LSECS 2,,-3.6,4.4,4.9,30286,283,221,9,4.1,1.3,4281|7035|9590|10044|10410|25759|28996|57458|85358,MID1|TFPI|AKAP12|SH2D3C|IFITM3|SHC2|HIPK2|TMCC3|SHANK3,-2.4,0
0,0,0,0,0,0,1,0,0,0,0,0,0,0,-3.6,0,M39195,M00000010,1,0,Cell Type Signatures,7,HAY BONE MARROW EARLY ERYTHROBLAST,,-3.6,6.9,5.5,30286,95,279,6,2.2,0.87,204|708|4191|26354|55726|79017,AK2|C1QBP|MDH2|GNL3|INTS13|GGCT,-2.4,0
1,1,0,1,0,0,0,0,-3.6,-2.7,0,-3.4,0,0,0,0,M39052,M11010000,3,0,Cell Type Signatures,7,MANNO MIDBRAIN NEUROTYPES HOPC,,-3.6,3.6,4.6,30286,366,250,11,4.4,1.3,2549|4035|5156|5578|11094|25840|51084|55536|57447|57636|81618,GAB1|LRP1|PDGFRA|PRKCA|CACFD1|TMT1A|CRYL1|CDCA7L|NDRG2|ARHGAP23|ITM2C,-2.4,0
1,0,1,0,0,0,1,0,-2.4,0,-3.5,0,0,0,-3.6,0,M41745,M10100010,3,0,Cell Type Signatures,7,RUBENSTEIN SKELETAL MUSCLE FAP CELLS,,-3.6,4.9,5,30286,179,279,8,2.9,1,1622|2923|3309|5479|7184|10549|11014|54499,DBI|PDIA3|HSPA5|PPIB|HSP90B1|PRDX4|KDELR2|TMCO1,-2.3,0
1,1,0,1,0,0,0,0,-3.6,-2.2,0,-2.3,0,0,0,0,M39239,M11010000,3,0,Cell Type Signatures,7,LAKE ADULT KIDNEY C20 COLLECTING DUCT INTERCALATED CELLS TYPE A CORTEX,,-3.6,5.6,5.2,30286,152,250,7,2.8,1,3488|5071|5578|6641|55074|55103|389432,IGFBP5|PRKN|PRKCA|SNTB1|OXR1|RALGPS2|SAMD5,-2.3,0
0,0,0,1,1,0,1,0,0,0,0,-2.4,-3.5,0,-2.7,0,M41744,M00011010,3,0,Cell Type Signatures,7,RUBENSTEIN SKELETAL MUSCLE PERICYTES,,-3.5,5.5,5.1,30286,144,266,7,2.6,0.98,800|4627|6876|7168|7529|23585|140606,CALD1|MYH9|TAGLN|TPM1|YWHAB|TMEM50A|SELENOM,-2.3,0
0,0,0,0,0,0,0,1,0,0,0,0,0,0,0,-3.5,M40073,M00000001,1,0,Cell Type Signatures,7,DESCARTES MAIN FETAL ERYTHROBLASTS,,-3.5,3.9,4.6,30286,242,324,10,3.1,0.96,996|3145|9562|9958|26268|55219|91687|92597|115201|493856,CDC27|HMBS|MINPP1|USP15|FBXO9|MACO1|CENPL|MOB1B|ATG4A|CISD2,-2.3,0
1,0,0,0,0,1,1,0,-3.5,0,0,0,0,-3.4,-3.3,0,M41661,M10000110,3,0,Cell Type Signatures,7,TRAVAGLINI LUNG SIGNALING ALVEOLAR EPITHELIAL TYPE 2 CELL,,-3.5,8.5,5.8,30286,71,250,5,2,0.89,5525|10628|57509|63941|401548,PPP2R5A|TXNIP|MTUS1|NECAB3|SNX30,-2.3,0
0,0,0,0,0,0,1,0,0,0,0,0,0,0,-3.5,0,M39263,M00000010,1,0,Cell Type Signatures,7,HU FETAL RETINA BLOOD,,-3.5,3.8,4.6,30286,282,279,10,3.6,1.1,633|2590|3098|6510|8804|9446|9588|23170|51024|64116,BGN|GALNT2|HK1|SLC1A5|CREG1|GSTO1|PRDX6|TTLL12|FIS1|SLC39A8,-2.3,0
0,0,1,0,0,1,0,0,0,0,-3.5,0,0,-3.2,0,0,M39073,M00100100,2,0,Cell Type Signatures,7,MANNO MIDBRAIN NEUROTYPES HOMTN,,-3.5,3.3,4.5,30286,389,282,12,4.3,1.2,463|2596|6642|6785|7582|10297|57657|57687|60677|84253|91584|196500,ZFHX3|GAP43|SNX1|ELOVL4|ZNF33B|APC2|HCN3|VAT1L|CELF6|GARNL3|PLXNA4|PIANP,-2.3,0
1,0,0,1,1,0,0,0,-3.5,0,0,-2.4,-2.6,0,0,0,M39254,M10011000,3,0,Cell Type Signatures,7,MENON FETAL KIDNEY 4 PODOCYTES,,-3.5,4.7,4.9,30286,206,250,8,3.2,1.1,214|1107|1153|4059|5660|7301|10099|10628,ALCAM|CHD3|CIRBP|BCAM|PSAP|TYRO3|TSPAN3|TXNIP,-2.3,0
0,0,1,1,1,0,0,0,0,0,-3.5,-2.7,-2.2,0,0,0,M39072,M00111000,3,0,Cell Type Signatures,7,MANNO MIDBRAIN NEUROTYPES HSERT,,-3.5,3.1,4.4,30286,450,282,13,4.6,1.2,320|463|2596|4232|6642|9737|54843|57687|60677|83468|84253|85315|147906,APBA1|ZFHX3|GAP43|MEST|SNX1|GPRASP1|SYTL2|VAT1L|CELF6|GLT8D2|GARNL3|PAQR8|DACT3,-2.3,0
0,1,0,0,0,0,0,0,0,-3.4,0,0,0,0,0,0,M40112,M01000000,1,0,Cell Type Signatures,7,DESCARTES MAIN FETAL INTESTINAL EPITHELIAL CELLS,,-3.4,6.3,5.2,30286,89,323,6,1.9,0.75,4640|5948|7429|92840|140893|388581,MYO1A|RBP2|VIL1|REEP6|RBBP8NL|C1QTNF12,-2.2,0
0,0,0,0,1,0,0,0,0,0,0,0,-3.4,0,0,0,M41683,M00001000,1,0,Cell Type Signatures,7,TRAVAGLINI LUNG CD4 MEMORY EFFECTOR T CELL,,-3.4,8,5.6,30286,71,266,5,1.9,0.83,2113|3105|9235|10125|162394,ETS1|HLA-A|IL32|RASGRP1|SLFN5,-2.2,0
1,0,0,0,0,1,0,0,-2.7,0,0,0,0,-3.4,0,0,M41680,M10000100,2,0,Cell Type Signatures,7,TRAVAGLINI LUNG B CELL,,-3.4,5.2,4.9,30286,155,261,7,2.7,1,9124|9214|26137|27071|56940|57118|80008,PDLIM1|FCMR|ZBTB20|DAPP1|DUSP22|CAMK1D|TMEM156,-2.2,0
1,0,0,1,0,0,1,0,-2.4,0,0,-2.1,0,0,-3.4,0,M39236,M10010010,3,0,Cell Type Signatures,7,LAKE ADULT KIDNEY C17 COLLECTING SYSTEM PCS STRESSED DISSOC SUBSET,,-3.4,4.1,4.6,30286,240,279,9,3.2,1.1,2182|3157|3309|3422|3638|6307|7184|8491|22837,ACSL4|HMGCS1|HSPA5|IDI1|INSIG1|MSMO1|HSP90B1|MAP4K3|COBLL1,-2.2,0
0,1,0,0,0,0,0,0,0,-3.3,0,0,0,0,0,0,M40007,M01000000,1,0,Cell Type Signatures,7,BUSSLINGER GASTRIC PREZYMOGENIC CELLS,,-3.3,7.8,5.5,30286,60,323,5,1.5,0.69,3158|7267|9223|25803|93663,HMGCS2|TTC3|MAGI1|SPDEF|ARHGAP18,-2.2,0
0,1,0,0,0,0,0,0,0,-3.3,0,0,0,0,0,0,M40132,M01000000,1,0,Cell Type Signatures,7,DESCARTES MAIN FETAL AFP ALB POSITIVE CELLS,,-3.3,5.1,4.9,30286,128,323,7,2.2,0.81,197|213|364|2155|2244|10247|10991,AHSG|ALB|AQP7|F7|FGB|RIDA|SLC38A3,-2.2,0
0,0,1,0,0,0,0,0,0,0,-3.3,0,0,0,0,0,M39066,M00100000,1,0,Cell Type Signatures,7,MANNO MIDBRAIN NEUROTYPES HNBML5,,-3.3,3,4.2,30286,465,282,13,4.6,1.2,463|862|9315|10297|23175|54843|56776|57657|91584|126068|147906|196500|266727,ZFHX3|RUNX1T1|NREP|APC2|LPIN1|SYTL2|FMN2|HCN3|PLXNA4|ZNF441|DACT3|PIANP|MDGA1,-2.2,0
0,1,0,0,0,0,0,0,0,-3.3,0,0,0,0,0,0,M40147,M01000000,1,0,Cell Type Signatures,7,DESCARTES FETAL ADRENAL SCHWANN CELLS,,-3.3,5.1,4.8,30286,129,323,7,2.2,0.81,216|2065|9514|55365|57348|132204|257407,ALDH1A1|ERBB3|GAL3ST1|TMEM176A|TTYH1|SYNPR|C2orf72,-2.2,0
0,1,0,0,0,0,0,0,0,-3.3,0,0,0,0,0,0,M40275,M01000000,1,0,Cell Type Signatures,7,DESCARTES FETAL PLACENTA PAEP MECOM POSITIVE CELLS,,-3.3,4.4,4.7,30286,169,323,8,2.5,0.86,2302|4072|5801|10551|51473|56649|84336|113220,FOXJ1|EPCAM|PTPRR|AGR2|DCDC2|TMPRSS4|TMEM101|KIF12,-2.2,0
0,0,1,1,0,0,0,0,0,0,-2.6,-3.3,0,0,0,0,M40228,M00110000,2,0,Cell Type Signatures,7,DESCARTES FETAL LIVER MESOTHELIAL CELLS,,-3.3,4,4.5,30286,310,221,9,4.1,1.3,576|3696|3911|4045|7162|10687|10893|27151|151887,ADGRB2|ITGB8|LAMA5|LSAMP|TPBG|PNMA2|MMP24|CPAMD8|CCDC80,-2.2,0
0,1,0,0,0,0,0,0,0,-3.3,0,0,0,0,0,0,M40129,M01000000,1,0,Cell Type Signatures,7,DESCARTES MAIN FETAL ACINAR CELLS,,-3.3,7.7,5.4,30286,61,323,5,1.5,0.69,1800|2813|3816|22977|286262,DPEP1|GP2|KLK1|AKR7A3|TPRN,-2.2,0
1,1,0,0,1,0,0,0,-3.3,-2,0,0,-2.4,0,0,0,M39130,M11001000,3,0,Cell Type Signatures,7,AIZARANI LIVER C31 KUPFFER CELLS 5,,-3.3,6.1,5.1,30286,120,250,6,2.4,0.97,2185|5660|7586|83752|389432|727910,PTK2B|PSAP|ZKSCAN1|LONP2|SAMD5|TLCD2,-2.1,0
0,0,0,0,0,1,0,0,0,0,0,0,0,-3.3,0,0,M40157,M00000100,1,0,Cell Type Signatures,7,DESCARTES FETAL CEREBELLUM MICROGLIA,,-3.3,2.7,4.1,30286,642,261,15,5.7,1.4,3684|3936|5724|5880|7100|7124|9732|27071|27128|58191|79690|80008|83938|84225|150372,ITGAM|LCP1|PTAFR|RAC2|TLR5|TNF|DOCK4|DAPP1|CYTH4|CXCL16|GAL3ST4|TMEM156|LRMDA|ZMYND15|NFAM1,-2.1,0
1,1,0,0,0,1,0,0,-3.3,-2,0,0,0,-2.4,0,0,M40009,M11000100,3,0,Cell Type Signatures,7,BUSSLINGER GASTRIC PPP1R1B POSITIVE CELLS,,-3.3,6,5,30286,121,250,6,2.4,0.97,1191|1937|1938|3613|3615|51280,CLU|EEF1G|EEF2|IMPA2|IMPDH2|GOLM1,-2.1,0
1,1,0,0,1,0,0,0,-3.1,-3.3,0,0,-2.2,0,0,0,M41662,M11001000,3,0,Cell Type Signatures,7,TRAVAGLINI LUNG ARTERY CELL,,-3.3,5,4.8,30286,131,323,7,2.2,0.81,476|5801|9071|10424|54810|94274|112942,ATP1A1|PTPRR|CLDN10|PGRMC2|GIPC2|PPP1R14A|CFAP36,-2.1,0
0,0,0,0,1,1,0,0,0,0,0,0,-3.3,-2.6,0,0,M40229,M00001100,2,0,Cell Type Signatures,7,DESCARTES FETAL LIVER MYELOID CELLS,,-3.3,4.4,4.6,30286,209,266,8,3,1,1318|1890|3459|3576|4794|7127|10148|83937,SLC31A2|TYMP|IFNGR1|CXCL8|NFKBIE|TNFAIP2|EBI3|RASSF4,-2.1,0
0,0,0,0,1,1,0,0,0,0,0,0,-3.2,-3.3,0,0,M40016,M00001100,2,0,Cell Type Signatures,7,BUSSLINGER GASTRIC REG3A POSITIVE CELLS,,-3.3,11,5.9,30286,44,261,4,1.5,0.76,3627|3934|5284|6373,CXCL10|LCN2|PIGR|CXCL11,-2.1,0
1,1,1,1,0,0,0,0,-2.5,-3.2,-2.6,-2.8,0,0,0,0,M39057,M11110000,4,0,Cell Type Signatures,7,MANNO MIDBRAIN NEUROTYPES HRGL1,,-3.2,3.1,4.2,30286,364,323,12,3.7,1.1,2302|3099|3170|7018|7033|10247|28999|57348|80975|128344|143162|341019,FOXJ1|HK2|FOXA2|TF|TFF3|RIDA|KLF15|TTYH1|TMPRSS5|CIMAP3|FRMPD2|DCDC1,-2.1,0
0,0,0,0,1,0,0,1,0,0,0,0,-3.2,0,0,-2.1,M40238,M00001001,2,0,Cell Type Signatures,7,DESCARTES FETAL LUNG CSH1 CSH2 POSITIVE CELLS,,-3.2,4.3,4.5,30286,212,266,8,3,1,666|5709|6484|7980|9097|10148|10652|26256,BOK|PSMD3|ST3GAL4|TFPI2|USP14|EBI3|YKT6|CABYR,-2.1,0
0,1,0,0,0,0,0,0,0,-3.2,0,0,0,0,0,0,M39189,M01000000,1,0,Cell Type Signatures,7,HAY BONE MARROW CD34 POS PRE B,,-3.2,5.7,4.9,30286,98,323,6,1.9,0.75,651|7108|54097|94274|113220|377841,BMP3|TM7SF2|FAM3B|PPP1R14A|KIF12|ENTPD8,-2.1,0
0,1,0,0,0,1,0,0,0,-2.8,0,0,0,-3.2,0,0,M39312,M01000100,2,0,Cell Type Signatures,7,CUI DEVELOPING HEART 5TH WEEK VENTRICULAR CARDIOMYOCYTE,,-3.2,7.2,5.2,30286,81,261,5,1.9,0.85,1847|6652|9638|11149|57699,DUSP5|SORD|FEZ1|BVES|CPNE5,-2,0
0,0,0,1,0,0,0,0,0,0,0,-3.2,0,0,0,0,M39053,M00010000,1,0,Cell Type Signatures,7,MANNO MIDBRAIN NEUROTYPES HRGL2C,,-3.2,3.8,4.3,30286,326,221,9,4.1,1.3,1837|3696|4214|4784|9201|9586|11031|79966|84532,DTNA|ITGB8|MAP3K1|NFIX|DCLK1|CREB5|RAB31|SCD5|ACSS1,-2,0
0,0,1,0,0,0,1,0,0,0,-2.3,0,0,0,-3.1,0,M40281,M00100010,2,0,Cell Type Signatures,7,DESCARTES FETAL PLACENTA IGFBP1 DKK1 POSITIVE CELLS,,-3.1,5.6,4.8,30286,116,279,6,2.2,0.87,4240|9244|10267|22943|25849|222171,MFGE8|CRLF1|RAMP1|DKK1|PARM1|PRR15,-2,0
1,1,0,0,1,0,0,0,-3.1,-2.9,0,0,-2.9,0,0,0,M39271,M11001000,3,0,Cell Type Signatures,7,HU FETAL RETINA RPE,,-3.1,3.7,4.3,30286,292,250,9,3.6,1.2,2261|3488|4054|5176|5660|8727|10144|23475|440498,FGFR3|IGFBP5|LTBP3|SERPINF1|PSAP|CTNNAL1|FAM13A|QPRT|HSBP1L1,-2,0
0,0,1,0,0,0,0,0,0,0,-3.1,0,0,0,0,0,M39233,M00100000,1,0,Cell Type Signatures,7,LAKE ADULT KIDNEY C14 DISTAL CONVOLUTED TUBULE,,-3.1,4.1,4.4,30286,208,282,8,2.8,0.99,1946|6546|6938|9819|9849|23266|80144|284058,EFNA5|SLC8A1|TCF12|TSC22D2|ZNF518A|ADGRL2|FRAS1|KANSL1,-2,0
0,0,0,1,0,1,0,0,0,0,0,-2.6,0,-3.1,0,0,M39242,M00010100,2,0,Cell Type Signatures,7,LAKE ADULT KIDNEY C23 ENDOTHELIAL CELLS AVR,,-3.1,5.5,4.7,30286,126,261,6,2.3,0.93,3572|3716|5327|7092|9732|50807,IL6ST|JAK1|PLAT|TLL1|DOCK4|ASAP1,-2,0
0,0,1,0,0,0,0,0,0,0,-3.1,0,0,0,0,0,M39315,M00100000,1,0,Cell Type Signatures,7,CUI DEVELOPING HEART LEFT ATRIAL CARDIOMYOCYTE,,-3.1,16,6.6,30286,20,282,3,1.1,0.61,2273|5066|7025,FHL1|PAM|NR2F1,-2,0
0,1,0,0,0,0,0,0,0,-3.1,0,0,0,0,0,0,M40130,M01000000,1,0,Cell Type Signatures,7,DESCARTES MAIN FETAL DUCTAL CELLS,,-3.1,6.8,5,30286,69,323,5,1.5,0.69,476|3110|8416|9071|113220,ATP1A1|MNX1|ANXA9|CLDN10|KIF12,-2,0
0,1,0,0,0,0,0,0,0,-3.1,0,0,0,0,0,0,M39157,M01000000,1,0,Cell Type Signatures,7,GAO LARGE INTESTINE 24W C7 GOBLET PROGENITOR,,-3.1,16,6.4,30286,18,323,3,0.93,0.53,3171|11227|83998,FOXA3|GALNT5|REG4,-2,0
0,0,0,0,0,1,0,0,0,0,0,0,0,-3.1,0,0,M41658,M00000100,1,0,Cell Type Signatures,7,TRAVAGLINI LUNG NEUROENDOCRINE CELL,,-3.1,5.4,4.7,30286,128,261,6,2.3,0.93,3800|4131|9844|55540|57415|347733,KIF5C|MAP1B|ELMO1|IL17RB|CEP15|TUBB2B,-2,0
0,0,1,0,0,0,0,0,0,0,-3,0,0,0,0,0,M41676,M00100000,1,0,Cell Type Signatures,7,TRAVAGLINI LUNG ALVEOLAR FIBROBLAST CELL,,-3,4.6,4.5,30286,164,282,7,2.5,0.93,1305|2273|4311|10351|57569|64397|338773,COL13A1|FHL1|MME|ABCA8|ARHGAP20|ZNF106|TMEM119,-2,0
0,0,0,0,0,0,1,0,0,0,0,0,0,0,-3,0,M39281,M00000010,1,0,Cell Type Signatures,7,DURANTE ADULT OLFACTORY NEUROEPITHELIUM PLASMA CELLS,,-3,16,6.4,30286,21,279,3,1.1,0.62,7184|10549|51303,HSP90B1|PRDX4|FKBP11,-2,0
0,0,0,0,1,0,0,0,0,0,0,0,-3,0,0,0,M40210,M00001000,1,0,Cell Type Signatures,7,DESCARTES FETAL INTESTINE MYELOID CELLS,,-3,4,4.3,30286,227,266,8,3,1,637|1318|1890|3576|8676|9308|10148|81788,BID|SLC31A2|TYMP|CXCL8|STX11|CD83|EBI3|NUAK2,-2,0
0,0,0,0,1,0,0,0,0,0,0,0,-3,0,0,0,M40133,M00001000,1,0,Cell Type Signatures,7,DESCARTES MAIN FETAL EXTRAVILLOUS TROPHOBLASTS,,-3,5.3,4.6,30286,128,266,6,2.3,0.91,3135|10148|10272|11010|60312|64778,HLA-G|EBI3|FSTL3|GLIPR1|AFAP1|FNDC3B,-2,0
1,0,0,0,0,0,0,0,-3,0,0,0,0,0,0,0,M41651,M10000000,1,0,Cell Type Signatures,7,TRAVAGLINI LUNG BASAL CELL,,-3,4.5,4.4,30286,188,250,7,2.8,1,224|1191|1975|3615|3691|5176|6649,ALDH3A2|CLU|EIF4B|IMPDH2|ITGB4|SERPINF1|SOD3,-1.9,0
0,1,0,0,0,0,0,0,0,-3,0,0,0,0,0,0,M40300,M01000000,1,0,Cell Type Signatures,7,DESCARTES FETAL STOMACH PARIETAL AND CHIEF CELLS,,-3,8.9,5.3,30286,42,323,4,1.2,0.62,213|2244|55040|84706,ALB|FGB|EPN3|GPT2,-1.9,0
0,0,0,0,0,0,1,0,0,0,0,0,0,0,-3,0,M41712,M00000010,1,0,Cell Type Signatures,7,FAN OVARY CL10 PUTATIVE EARLY ATRESIA GRANULOSA CELL,,-3,3.6,4.1,30286,274,279,9,3.2,1.1,506|1622|2232|4191|4357|10935|29085|54539|93974,ATP5F1B|DBI|FDXR|MDH2|MPST|PRDX3|PHPT1|NDUFB11|ATP5IF1,-1.9,0
0,0,0,0,0,0,1,0,0,0,0,0,0,0,-3,0,M40138,M00000010,1,0,Cell Type Signatures,7,DESCARTES MAIN FETAL PARIETAL AND CHIEF CELLS,,-3,5.2,4.5,30286,125,279,6,2.2,0.87,2181|9238|10809|55726|64283|84817,ACSL3|TBRG4|STARD10|INTS13|ARHGEF28|TXNDC17,-1.9,0
0,0,0,1,0,0,0,0,0,0,0,-3,0,0,0,0,M39089,M00010000,1,0,Cell Type Signatures,7,ZHONG PFC C2 SOX5 BCL11B POS EXCITATORY NEURON,,-3,15,6.2,30286,28,221,3,1.4,0.78,3303|4045|221981,HSPA1A|LSAMP|THSD7A,-1.9,0
0,1,0,0,0,0,0,0,0,-2.9,0,0,0,0,0,0,M40139,M01000000,1,0,Cell Type Signatures,7,DESCARTES MAIN FETAL MUC13 DMBT1 POSITIVE CELLS,,-2.9,5.2,4.5,30286,109,323,6,1.9,0.75,1557|4072|6519|57016|79170|654463,CYP2C19|EPCAM|SLC3A1|AKR1B10|PRR15L|FER1L6,-1.9,0
0,0,1,1,0,0,0,0,0,0,-2.9,-2.1,0,0,0,0,M39102,M00110000,2,0,Cell Type Signatures,7,ZHONG PFC C3 ASTROCYTE,,-2.9,3,3.9,30286,389,282,11,3.9,1.2,862|2596|5137|5463|5802|8786|57569|60677|91584|266727|414918,RUNX1T1|GAP43|PDE1C|POU6F1|PTPRS|RGS11|ARHGAP20|CELF6|PLXNA4|MDGA1|DENND6B,-1.9,0
0,0,1,0,0,0,0,0,0,0,-2.9,0,0,0,0,0,M39234,M00100000,1,0,Cell Type Signatures,7,LAKE ADULT KIDNEY C15 CONNECTING TUBULE,,-2.9,4.4,4.3,30286,171,282,7,2.5,0.93,1946|5783|6546|6938|23266|23514|80144,EFNA5|PTPN13|SLC8A1|TCF12|ADGRL2|SPIDR|FRAS1,-1.9,0
0,0,0,0,0,0,1,0,0,0,0,0,0,0,-2.9,0,M39134,M00000010,1,0,Cell Type Signatures,7,AIZARANI LIVER C38 RESIDENT B CELLS 3,,-2.9,14,6.1,30286,23,279,3,1.1,0.62,7184|7494|51303,HSP90B1|XBP1|FKBP11,-1.9,0
0,1,0,0,0,0,0,0,0,-2.9,0,0,0,0,0,0,M40169,M01000000,1,0,Cell Type Signatures,7,DESCARTES FETAL CEREBRUM OLIGODENDROCYTES,,-2.9,6.3,4.7,30286,75,323,5,1.5,0.69,2065|2705|8537|9514|115572,ERBB3|GJB1|BCAS1|GAL3ST1|TENT5B,-1.9,0
1,0,0,0,0,0,0,0,-2.9,0,0,0,0,0,0,0,M39314,M10000000,1,0,Cell Type Signatures,7,CUI DEVELOPING HEART RIGHT VENTRICULAR CARDIOMYOCYTE,,-2.9,14,6,30286,26,250,3,1.2,0.69,274|10628|200942,BIN1|TXNIP|KLHDC8B,-1.9,0
0,0,1,1,0,0,0,0,0,0,-2.9,-2.4,0,0,0,0,M40105,M00110000,2,0,Cell Type Signatures,7,DESCARTES MAIN FETAL LYMPHATIC ENDOTHELIAL CELLS,,-2.9,6.2,4.7,30286,86,282,5,1.8,0.79,1946|2697|57190|339665|728577,EFNA5|GJA1|SELENON|SLC35E4|CNTNAP3B,-1.9,0
0,0,1,1,0,1,0,0,0,0,-2.6,-2.7,0,-2.9,0,0,M39113,M00110100,3,0,Cell Type Signatures,7,AIZARANI LIVER C9 LSECS 1,,-2.9,3.4,4,30286,304,261,9,3.4,1.1,1847|3572|4131|9124|9873|50807|58191|115361|222658,DUSP5|IL6ST|MAP1B|PDLIM1|FCHSD2|ASAP1|CXCL16|GBP4|KCTD20,-1.8,0
0,0,0,0,1,0,0,0,0,0,0,0,-2.9,0,0,0,M39279,M00001000,1,0,Cell Type Signatures,7,DURANTE ADULT OLFACTORY NEUROEPITHELIUM VASCULAR SMOOTH MUSCLE CELLS,,-2.9,6.1,4.7,30286,93,266,5,1.9,0.83,800|1465|6876|7168|27295,CALD1|CSRP1|TAGLN|TPM1|PDLIM3,-1.8,0
0,1,0,0,0,0,0,0,0,-2.8,0,0,0,0,0,0,M41696,M01000000,1,0,Cell Type Signatures,7,TRAVAGLINI LUNG IGSF21 DENDRITIC CELL,,-2.8,8.2,5,30286,46,323,4,1.2,0.62,4481|5641|11309|93663,MSR1|LGMN|SLCO2B1|ARHGAP18,-1.8,0
0,1,0,0,0,0,0,0,0,-2.8,0,0,0,0,0,0,M39290,M01000000,1,0,Cell Type Signatures,7,DURANTE ADULT OLFACTORY NEUROEPITHELIUM OLFACTORY ENSHEATHING GLIA,,-2.8,4.9,4.3,30286,115,323,6,1.9,0.75,216|2065|9625|27122|55365|57348,ALDH1A1|ERBB3|AATK|DKK3|TMEM176A|TTYH1,-1.8,0
0,0,0,1,0,0,1,0,0,0,0,-2.3,0,0,-2.8,0,M39079,M00010010,2,0,Cell Type Signatures,7,ZHONG PFC MAJOR TYPES OPC,,-2.8,6,4.6,30286,91,279,5,1.8,0.79,308|1622|1848|10267|81848,ANXA5|DBI|DUSP6|RAMP1|SPRY4,-1.8,0
0,0,0,0,0,0,0,1,0,0,0,0,0,0,0,-2.8,M40003,M00000001,1,0,Cell Type Signatures,7,BUSSLINGER ESOPHAGEAL EARLY SUPRABASAL CELLS,,-2.8,5.9,4.5,30286,79,324,5,1.5,0.68,1854|3181|4502|4782|6434,DUT|HNRNPA2B1|MT2A|NFIC|TRA2B,-1.8,0
0,0,0,0,1,0,0,0,0,0,0,0,-2.8,0,0,0,M39217,M00001000,1,0,Cell Type Signatures,7,ZHENG CORD BLOOD C8 PUTATIVE LYMPHOID PRIMED MULTIPOTENT PROGENITOR 2,,-2.8,5.9,4.5,30286,97,266,5,1.9,0.83,2950|3105|3106|3107|5720,GSTP1|HLA-A|HLA-B|HLA-C|PSME1,-1.8,0
0,0,0,0,0,1,0,0,0,0,0,0,0,-2.8,0,0,M40285,M00000100,1,0,Cell Type Signatures,7,DESCARTES FETAL PLACENTA MYELOID CELLS,,-2.8,4.8,4.3,30286,146,261,6,2.3,0.93,2069|3627|6373|27074|58191|150372,EREG|CXCL10|CXCL11|LAMP3|CXCL16|NFAM1,-1.8,0
0,0,0,0,0,0,1,0,0,0,0,0,0,0,-2.8,0,M40250,M00000010,1,0,Cell Type Signatures,7,DESCARTES FETAL MUSCLE MEGAKARYOCYTES,,-2.8,3.6,4,30286,238,279,8,2.9,1,435|1839|5874|7277|54499|55974|64116|64924,ASL|HBEGF|RAB27B|TUBA4A|TMCO1|SLC50A1|SLC39A8|SLC30A5,-1.8,0
0,0,0,1,1,0,0,0,0,0,0,-2.4,-2.8,0,0,0,M41682,M00011000,2,0,Cell Type Signatures,7,TRAVAGLINI LUNG CD8 NAIVE T CELL,,-2.8,4.7,4.2,30286,144,266,6,2.3,0.91,2113|3105|3106|5216|9235|162394,ETS1|HLA-A|HLA-B|PFN1|IL32|SLFN5,-1.8,0
0,1,0,0,0,0,0,0,0,-2.7,0,0,0,0,0,0,M39163,M01000000,1,0,Cell Type Signatures,7,GAO LARGE INTESTINE ADULT CF GOBLET CELL SUBTYPE 1,,-2.7,12,5.6,30286,23,323,3,0.93,0.53,94122|192134|654463,SYTL5|B3GNT6|FER1L6,-1.8,0
1,0,0,0,0,0,0,0,-2.7,0,0,0,0,0,0,0,M39171,M10000000,1,0,Cell Type Signatures,7,MURARO PANCREAS PANCREATIC POLYPEPTIDE CELL,,-2.7,4.7,4.2,30286,155,250,6,2.4,0.97,4094|8912|30061|64798|81618|389432,MAF|CACNA1H|SLC40A1|DEPTOR|ITM2C|SAMD5,-1.8,0
0,0,0,0,0,0,0,1,0,0,0,0,0,0,0,-2.7,M39103,M00000001,1,0,Cell Type Signatures,7,ZHONG PFC C1 MICROGLIA,,-2.7,3.3,3.8,30286,257,324,9,2.8,0.91,1854|2959|6396|6628|8446|54205|54732|55830|84885,DUT|GTF2B|SEC13|SNRPB|DUSP11|CYCS|TMED9|GLT8D1|ZDHHC12,-1.7,0
0,0,0,0,0,0,1,0,0,0,0,0,0,0,-2.7,0,M39211,M00000010,1,0,Cell Type Signatures,7,ZHENG CORD BLOOD C2 PUTATIVE BASOPHIL EOSINOPHIL MAST CELL PROGENITOR,,-2.7,5.7,4.4,30286,96,279,5,1.8,0.79,2923|3157|3309|6533|23753,PDIA3|HMGCS1|HSPA5|SLC6A6|SDF2L1,-1.7,0
0,1,0,0,0,0,0,0,0,-2.7,0,0,0,0,0,0,M40120,M01000000,1,0,Cell Type Signatures,7,DESCARTES MAIN FETAL HEPATOBLASTS,,-2.7,4.6,4.1,30286,122,323,6,1.9,0.75,622|1645|5091|10840|353189|388595,BDH1|AKR1C1|PC|ALDH1L1|SLCO4C1|TMEM82,-1.7,0
0,0,0,0,0,0,1,0,0,0,0,0,0,0,-2.7,0,M39196,M00000010,1,0,Cell Type Signatures,7,HAY BONE MARROW EOSINOPHIL,,-2.7,7.5,4.8,30286,58,279,4,1.4,0.71,1622|3309|29085|54539,DBI|HSPA5|PHPT1|NDUFB11,-1.7,0
0,0,0,0,0,1,0,0,0,0,0,0,0,-2.7,0,0,M40187,M00000100,1,0,Cell Type Signatures,7,DESCARTES FETAL EYE MICROGLIA,,-2.7,4.6,4.1,30286,151,261,6,2.3,0.93,3684|3717|3936|5724|27128|79690,ITGAM|JAK2|LCP1|PTAFR|CYTH4|GAL3ST4,-1.7,0
0,0,0,0,1,0,0,0,0,0,0,0,-2.7,0,0,0,M41672,M00001000,1,0,Cell Type Signatures,7,TRAVAGLINI LUNG VASCULAR SMOOTH MUSCLE CELL,,-2.7,7.5,4.8,30286,61,266,4,1.5,0.75,800|4627|6876|7168,CALD1|MYH9|TAGLN|TPM1,-1.7,0
0,0,0,0,1,0,0,0,0,0,0,0,-2.7,0,0,0,M39280,M00001000,1,0,Cell Type Signatures,7,DURANTE ADULT OLFACTORY NEUROEPITHELIUM RESPIRATORY SECRETORY CELLS,,-2.7,12,5.5,30286,29,266,3,1.1,0.65,2919|3576|135112,CXCL1|CXCL8|NCOA7,-1.7,0
1,1,0,0,0,0,0,0,-2.6,-2.2,0,0,0,0,0,0,M40015,M11000000,2,0,Cell Type Signatures,7,BUSSLINGER GASTRIC LYZ POSITIVE CELLS,,-2.6,5.5,4.3,30286,111,250,5,2,0.89,1191|1937|1938|2752|51280,CLU|EEF1G|EEF2|GLUL|GOLM1,-1.7,0
0,0,0,0,1,0,0,0,0,0,0,0,-2.6,0,0,0,M39317,M00001000,1,0,Cell Type Signatures,7,CUI DEVELOPING HEART CARDIAC FIBROBLASTS,,-2.6,5.4,4.2,30286,106,266,5,1.9,0.83,1465|4017|7168|9235|10611,CSRP1|LOXL2|TPM1|IL32|PDLIM5,-1.7,0
0,0,0,0,1,0,0,0,0,0,0,0,-2.6,0,0,0,M39309,M00001000,1,0,Cell Type Signatures,7,CUI DEVELOPING HEART COMPACT VENTRICULAR CARDIOMYOCYTE,,-2.6,7,4.6,30286,65,266,4,1.5,0.75,2335|3106|3576|9235,FN1|HLA-B|CXCL8|IL32,-1.7,0
0,0,0,1,0,0,0,0,0,0,0,-2.6,0,0,0,0,M39182,M00010000,1,0,Cell Type Signatures,7,HAY BONE MARROW CD34 POS HSC,,-2.6,5.3,4.2,30286,129,221,5,2.3,1,3200|3204|25925|56271|79870,HOXA3|HOXA7|ZNF521|BEX4|BAALC,-1.7,0
0,0,0,0,0,1,0,0,0,0,0,0,0,-2.6,0,0,M39065,M00000100,1,0,Cell Type Signatures,7,MANNO MIDBRAIN NEUROTYPES HRN,,-2.6,3.1,3.6,30286,335,261,9,3.4,1.1,3797|3800|4131|10085|28969|145581|201191|283209|347733,KIF3C|KIF5C|MAP1B|EDIL3|BZW2|LRFN5|SAMD14|PGM2L1|TUBB2B,-1.6,0
0,0,0,1,0,0,0,0,0,0,0,-2.6,0,0,0,0,M40316,M00010000,1,0,Cell Type Signatures,7,DESCARTES FETAL THYMUS VASCULAR ENDOTHELIAL CELLS,,-2.6,5.2,4.2,30286,131,221,5,2.3,1,4772|7035|25925|85358|221981,NFATC1|TFPI|ZNF521|SHANK3|THSD7A,-1.6,0
0,1,0,0,0,0,0,0,0,-2.5,0,0,0,0,0,0,M39232,M01000000,1,0,Cell Type Signatures,7,LAKE ADULT KIDNEY C13 THICK ASCENDING LIMB,,-2.5,4.3,3.9,30286,131,323,6,1.9,0.75,476|1184|4745|6819|23051|55366,ATP1A1|CLCN5|NELL1|SULT1C2|ZHX3|LGR4,-1.6,0
0,0,0,0,0,1,0,0,0,0,0,0,0,-2.5,0,0,M40142,M00000100,1,0,Cell Type Signatures,7,DESCARTES MAIN FETAL THYMIC EPITHELIAL CELLS,,-2.5,3.4,3.7,30286,277,261,8,3.1,1.1,7318|10090|10886|23120|64225|79412|91828|93082,UBA7|UST|NPFFR2|ATP10B|ATL2|KREMEN2|EXOC3L4|NEURL3,-1.6,0
0,0,0,0,0,1,0,0,0,0,0,0,0,-2.5,0,0,M41648,M00000100,1,0,Cell Type Signatures,7,TRAVAGLINI LUNG CLUB CELL,,-2.5,5.1,4.1,30286,114,261,5,1.9,0.85,374|677|1510|3572|5284,AREG|ZFP36L1|CTSE|IL6ST|PIGR,-1.6,0
0,1,0,0,0,1,0,0,0,-2.2,0,0,0,-2.5,0,0,M40246,M01000100,2,0,Cell Type Signatures,7,DESCARTES FETAL LUNG BRONCHIOLAR AND ALVEOLAR EPITHELIAL CELLS,,-2.5,6.6,4.4,30286,70,261,4,1.5,0.76,3694|10568|26281|27074,ITGB6|SLC34A2|FGF20|LAMP3,-1.6,0
0,0,0,1,1,0,1,0,0,0,0,-2.4,-2.2,0,-2.5,0,M40167,M00011010,3,0,Cell Type Signatures,7,DESCARTES FETAL CEREBRUM VASCULAR ENDOTHELIAL CELLS,,-2.5,2.4,3.3,30286,585,279,13,4.7,1.3,382|633|1832|1848|2002|5351|6566|10395|22837|22943|53947|63875|64116,ARF6|BGN|DSP|DUSP6|ELK1|PLOD1|SLC16A1|DLC1|COBLL1|DKK1|A4GALT|MRPL17|SLC39A8,-1.6,0
0,0,0,0,0,1,0,0,0,0,0,0,0,-2.5,0,0,M39296,M00000100,1,0,Cell Type Signatures,7,DURANTE ADULT OLFACTORY NEUROEPITHELIUM GLOBOSE BASAL CELLS,,-2.5,9.9,4.9,30286,35,261,3,1.1,0.66,4131|7846|347733,MAP1B|TUBA1A|TUBB2B,-1.6,0
0,1,0,0,0,0,0,0,0,-2.5,0,0,0,0,0,0,M39256,M01000000,1,0,Cell Type Signatures,7,MENON FETAL KIDNEY 6 COLLECTING DUCT CELLS,,-2.5,5,4,30286,94,323,5,1.5,0.69,216|3065|4072|10551|85477,ALDH1A1|HDAC1|EPCAM|AGR2|SCIN,-1.6,0
1,0,0,0,0,0,0,0,-2.5,0,0,0,0,0,0,0,M40182,M10000000,1,0,Cell Type Signatures,7,DESCARTES FETAL EYE SMOOTH MUSCLE CELLS,,-2.5,6.5,4.3,30286,75,250,4,1.6,0.79,395|5525|51084|51108,ARHGAP6|PPP2R5A|CRYL1|METTL9,-1.6,0
0,0,1,0,0,0,0,0,0,0,-2.4,0,0,0,0,0,M40126,M00100000,1,0,Cell Type Signatures,7,DESCARTES MAIN FETAL SATELLITE CELLS,,-2.4,6.4,4.3,30286,67,282,4,1.4,0.7,994|4232|25903|83468,CDC25B|MEST|OLFML2B|GLT8D2,-1.6,0
0,0,0,0,1,0,0,0,0,0,0,0,-2.4,0,0,0,M39289,M00001000,1,0,Cell Type Signatures,7,DURANTE ADULT OLFACTORY NEUROEPITHELIUM B CELLS,,-2.4,9.8,4.9,30286,35,266,3,1.1,0.65,5452|9308|80774,POU2F2|CD83|LIMD2,-1.6,0
0,0,0,0,1,0,0,0,0,0,0,0,-2.4,0,0,0,M41668,M00001000,1,0,Cell Type Signatures,7,TRAVAGLINI LUNG BRONCHIAL VESSEL 1 CELL,,-2.4,3.6,3.6,30286,224,266,7,2.6,0.98,6876|7763|9891|23406|30844|135112|145864,TAGLN|ZFAND5|NUAK1|COTL1|EHD4|NCOA7|HAPLN3,-1.5,0
0,0,1,0,0,0,0,0,0,0,-2.4,0,0,0,0,0,M41694,M00100000,1,0,Cell Type Signatures,7,TRAVAGLINI LUNG PLASMACYTOID DENDRITIC CELL,,-2.4,4.8,3.9,30286,111,282,5,1.8,0.79,5802|10518|55819|90427|91584,PTPRS|CIB2|RNF130|BMF|PLXNA4,-1.5,0
0,0,0,0,0,1,0,0,0,0,0,0,0,-2.4,0,0,M40260,M00000100,1,0,Cell Type Signatures,7,DESCARTES FETAL MUSCLE LYMPHOID CELLS,,-2.4,4.8,3.9,30286,120,261,5,1.9,0.85,3561|4050|79998|92558|255252,IL2RG|LTB|ANKRD53|BICDL1|LRRC57,-1.5,0
0,0,0,1,0,0,0,0,0,0,0,-2.4,0,0,0,0,M39311,M00010000,1,0,Cell Type Signatures,7,CUI DEVELOPING HEART 5TH WEEK ATRIAL CARDIOMYOCYTE,,-2.4,9.3,4.7,30286,44,221,3,1.4,0.78,730|6387|112616,C7|CXCL12|CMTM7,-1.5,0
1,1,0,0,0,0,0,0,-2.4,-2.2,0,0,0,0,0,0,M39058,M11000000,2,0,Cell Type Signatures,7,MANNO MIDBRAIN NEUROTYPES HPROGM,,-2.4,3.2,3.5,30286,307,250,8,3.2,1.1,214|3667|4192|5176|8100|10144|55103|200942,ALCAM|IRS1|MDK|SERPINF1|IFT88|FAM13A|RALGPS2|KLHDC8B,-1.5,0
1,0,0,0,0,0,0,0,-2.4,0,0,0,0,0,0,0,M39277,M10000000,1,0,Cell Type Signatures,7,DURANTE ADULT OLFACTORY NEUROEPITHELIUM PERICYTES,,-2.4,6.1,4.2,30286,79,250,4,1.6,0.79,2|1191|7048|10628,A2M|CLU|TGFBR2|TXNIP,-1.5,0
0,0,0,1,0,1,0,0,0,0,0,-2.2,0,-2.4,0,0,M39063,M00010100,2,0,Cell Type Signatures,7,MANNO MIDBRAIN NEUROTYPES HNBM,,-2.4,3.1,3.5,30286,295,261,8,3.1,1.1,3800|4131|6752|7846|10085|28969|57415|347733,KIF5C|MAP1B|SSTR2|TUBA1A|EDIL3|BZW2|CEP15|TUBB2B,-1.5,0
0,1,0,0,0,1,0,0,0,-2,0,0,0,-2.4,0,0,M39137,M01000100,2,0,Cell Type Signatures,7,GAO ESOPHAGUS 25W C2 KRT6BPOS SECRETORY PROGENITOR CELLS,,-2.4,6,4.1,30286,77,261,4,1.5,0.76,1847|9734|23120|115361,DUSP5|HDAC9|ATP10B|GBP4,-1.5,0
0,1,0,0,0,0,0,0,0,-2.3,0,0,0,0,0,0,M39240,M01000000,1,0,Cell Type Signatures,7,LAKE ADULT KIDNEY C21 COLLECTING DUCT INTERCALATED CELLS TYPE B,,-2.3,4.6,3.7,30286,103,323,5,1.5,0.69,9223|55366|79642|85477|93663,MAGI1|LGR4|ARSJ|SCIN|ARHGAP18,-1.5,0
0,1,0,0,0,0,0,0,0,-2.3,0,0,0,0,0,0,M39099,M01000000,1,0,Cell Type Signatures,7,ZHONG PFC C4 PTGDS POS OPC,,-2.3,3.8,3.6,30286,147,323,6,1.9,0.75,949|2065|7018|8537|23189|64093,SCARB1|ERBB3|TF|BCAS1|KANK1|SMOC1,-1.5,0
0,1,0,0,0,0,0,0,0,-2.3,0,0,0,0,0,0,M39283,M01000000,1,0,Cell Type Signatures,7,DURANTE ADULT OLFACTORY NEUROEPITHELIUM BOWMANS GLAND,,-2.3,8.5,4.5,30286,33,323,3,0.93,0.53,2938|6947|9071,GSTA1|TCN1|CLDN10,-1.4,0
0,0,0,1,0,0,0,0,0,0,0,-2.3,0,0,0,0,M39318,M00010000,1,0,Cell Type Signatures,7,CUI DEVELOPING HEART SMOOTH MUSCLE CELL,,-2.3,8.6,4.5,30286,48,221,3,1.4,0.78,1382|81035|151887,CRABP2|COLEC12|CCDC80,-1.4,0
0,1,0,0,0,0,0,0,0,-2.3,0,0,0,0,0,0,M39194,M01000000,1,0,Cell Type Signatures,7,HAY BONE MARROW DENDRITIC CELL,,-2.3,3.3,3.4,30286,196,323,7,2.2,0.81,1312|5345|5624|5641|51316|54847|100130933,COMT|SERPINF2|PROC|LGMN|PLAC8|SIDT1|SMIM6,-1.4,0
0,0,1,0,0,0,0,0,0,0,-2.3,0,0,0,0,0,M39244,M00100000,1,0,Cell Type Signatures,7,LAKE ADULT KIDNEY C25 ENDOTHELIAL CELLS UNASSIGNED,,-2.3,8.5,4.5,30286,38,282,3,1.1,0.61,463|1946|6938,ZFHX3|EFNA5|TCF12,-1.4,0
1,0,0,0,1,0,0,0,-2.3,0,0,0,-2.2,0,0,0,M39226,M10001000,2,0,Cell Type Signatures,7,LAKE ADULT KIDNEY C7 PROXIMAL TUBULE EPITHELIAL CELLS S3,,-2.3,4.5,3.7,30286,135,250,5,2,0.89,290|1938|2878|5037|5660,ANPEP|EEF2|GPX3|PEBP1|PSAP,-1.4,0
0,0,0,0,0,1,0,0,0,0,0,0,0,-2.3,0,0,M39162,M00000100,1,0,Cell Type Signatures,7,GAO LARGE INTESTINE ADULT CE OLFM4HIGH STEM CELL,,-2.3,2.8,3.3,30286,374,261,9,3.4,1.1,3437|4050|10741|23492|51561|57493|126567|644150|728780,IFIT3|LTB|RBBP9|CBX7|IL23A|HEG1|C2CD4C|WIPF3|ANKDD1B,-1.4,0
0,0,0,0,1,0,0,0,0,0,0,0,-2.3,0,0,0,M41752,M00001000,1,0,Cell Type Signatures,7,RUBENSTEIN SKELETAL MUSCLE T CELLS,,-2.3,3.8,3.5,30286,181,266,6,2.3,0.91,2113|5216|9235|23406|80774|162394,ETS1|PFN1|IL32|COTL1|LIMD2|SLFN5,-1.4,0
1,0,0,1,0,0,0,0,-2.1,0,0,-2.2,0,0,0,0,M39219,M10010000,2,0,Cell Type Signatures,7,ZHENG CORD BLOOD C10 MULTILYMPHOID PROGENITOR,,-2.2,5.7,3.9,30286,97,221,4,1.8,0.9,10044|11031|26040|79870,SH2D3C|RAB31|SETBP1|BAALC,-1.4,0
0,0,0,0,0,1,0,0,0,0,0,0,0,-2.2,0,0,M40032,M00000100,1,0,Cell Type Signatures,7,BUSSLINGER DUODENAL BCHE CELLS,,-2.2,8.1,4.3,30286,43,261,3,1.1,0.66,1080|1358|1510,CFTR|CPA2|CTSE,-1.4,0
0,0,1,0,0,0,0,0,0,0,-2.2,0,0,0,0,0,M40135,M00100000,1,0,Cell Type Signatures,7,DESCARTES MAIN FETAL IGFBP1 DKK1 POSITIVE CELLS,,-2.2,3.6,3.4,30286,178,282,6,2.1,0.86,1634|56265|57124|126393|170689|221091,DCN|CPXM1|CD248|HSPB6|ADAMTS15|LRRN4CL,-1.4,0
0,0,0,0,1,0,0,0,0,0,0,0,-2.2,0,0,0,M39133,M00001000,1,0,Cell Type Signatures,7,AIZARANI LIVER C34 MHC II POS B CELLS,,-2.2,4.2,3.5,30286,134,266,5,1.9,0.83,3732|5452|9308|80774|84679,CD82|POU2F2|CD83|LIMD2|SLC9A7,-1.4,0
0,0,0,0,0,0,0,1,0,0,0,0,0,0,0,-2.2,M40002,M00000001,1,0,Cell Type Signatures,7,BUSSLINGER ESOPHAGEAL PROLIFERATING BASAL CELLS,,-2.2,5.3,3.8,30286,70,324,4,1.2,0.61,3181|4502|4782|6628,HNRNPA2B1|MT2A|NFIC|SNRPB,-1.4,0
0,0,0,0,0,1,0,0,0,0,0,0,0,-2.1,0,0,M39288,M00000100,1,0,Cell Type Signatures,7,DURANTE ADULT OLFACTORY NEUROEPITHELIUM IMMATURE NEURONS,,-2.1,4.2,3.5,30286,139,261,5,1.9,0.85,3800|4131|7846|23208|347733,KIF5C|MAP1B|TUBA1A|SYT11|TUBB2B,-1.4,0
0,0,0,1,0,0,0,0,0,0,0,-2.1,0,0,0,0,M40291,M00010000,1,0,Cell Type Signatures,7,DESCARTES FETAL SPLEEN STROMAL CELLS,,-2.1,7.6,4.2,30286,54,221,3,1.4,0.78,4045|27303|90293,LSAMP|RBMS3|KLHL13,-1.4,0
0,0,0,1,0,0,0,0,0,0,0,-2.1,0,0,0,0,M39143,M00010000,1,0,Cell Type Signatures,7,GAO STOMACH 24W C5 PUTATIVE PIT CELL PROGENITOR,,-2.1,7.5,4.1,30286,55,221,3,1.4,0.78,3911|4784|256933,LAMA5|NFIX|NPB,-1.3,0
0,0,0,0,0,0,1,0,0,0,0,0,0,0,-2.1,0,M41686,M00000010,1,0,Cell Type Signatures,7,TRAVAGLINI LUNG NATURAL KILLER CELL,,-2.1,4.1,3.5,30286,132,279,5,1.8,0.79,639|8459|10682|23345|51303,PRDM1|TPST2|EBP|SYNE1|FKBP11,-1.3,0
0,0,0,0,0,1,0,0,0,0,0,0,0,-2.1,0,0,M40230,M00000100,1,0,Cell Type Signatures,7,DESCARTES FETAL LIVER VASCULAR ENDOTHELIAL CELLS,,-2.1,4.1,3.4,30286,142,261,5,1.9,0.85,1847|9638|57699|124602|340527,DUSP5|FEZ1|CPNE5|KIF19|NHSL2,-1.3,0
0,0,0,1,0,0,0,0,0,0,0,-2.1,0,0,0,0,M39270,M00010000,1,0,Cell Type Signatures,7,HU FETAL RETINA RPC,,-2.1,5.1,3.7,30286,107,221,4,1.8,0.9,7855|10410|11031|27151,FZD5|IFITM3|RAB31|CPAMD8,-1.3,0
0,0,0,0,1,0,0,0,0,0,0,0,-2.1,0,0,0,M40004,M00001000,1,0,Cell Type Signatures,7,BUSSLINGER ESOPHAGEAL LATE SUPRABASAL CELLS,,-2.1,4.1,3.4,30286,140,266,5,1.9,0.83,1030|1824|6648|55577|84790,CDKN2B|DSC2|SOD2|NAGK|TUBA1C,-1.3,0
0,0,0,1,0,0,0,0,0,0,0,-2.1,0,0,0,0,M39230,M00010000,1,0,Cell Type Signatures,7,LAKE ADULT KIDNEY C11 THIN ASCENDING LIMB,,-2.1,4.1,3.4,30286,169,221,5,2.3,1,5793|6935|7035|160335|375449,PTPRG|ZEB1|TFPI|TMTC2|MAST4,-1.3,0
0,1,0,0,0,0,0,0,0,-2.1,0,0,0,0,0,0,M40221,M01000000,1,0,Cell Type Signatures,7,DESCARTES FETAL KIDNEY MYELOID CELLS,,-2.1,3.1,3.2,30286,213,323,7,2.2,0.81,4481|4647|5997|10232|11309|54504|196410,MSR1|MYO7A|RGS2|MSLN|SLCO2B1|CPVL|TMT1B,-1.3,0
0,0,0,0,0,1,0,0,0,0,0,0,0,-2.1,0,0,M39116,M00000100,1,0,Cell Type Signatures,7,AIZARANI LIVER C12 NK NKT CELLS 4,,-2.1,7.1,4,30286,49,261,3,1.1,0.66,3561|3936|5880,IL2RG|LCP1|RAC2,-1.3,0
1,0,0,0,0,0,0,0,-2,0,0,0,0,0,0,0,M39210,M10000000,1,0,Cell Type Signatures,7,ZHENG CORD BLOOD C1 PUTATIVE MEGAKARYOCYTE PROGENITOR,,-2,4.9,3.6,30286,98,250,4,1.6,0.79,395|1191|2040|5627,ARHGAP6|CLU|STOM|PROS1,-1.3,0
0,1,0,0,0,0,0,0,0,-2,0,0,0,0,0,0,M40145,M01000000,1,0,Cell Type Signatures,7,DESCARTES FETAL ADRENAL CSH1 CSH2 POSITIVE CELLS,,-2,3,3.1,30286,218,323,7,2.2,0.81,827|3814|6286|54097|84951|85477|127845,CAPN6|KISS1|S100P|FAM3B|TNS4|SCIN|GOLT1A,-1.3,0
0,0,0,0,1,0,0,0,0,0,0,0,-2,0,0,0,M39301,M00001000,1,0,Cell Type Signatures,7,CUI DEVELOPING HEART C4 ENDOTHELIAL CELL,,-2,3.9,3.3,30286,146,266,5,1.9,0.83,2004|2113|2280|5420|115908,ELK3|ETS1|FKBP1A|PODXL|CTHRC1,-1.3,0
0,0,0,0,1,0,0,0,0,0,0,0,-2,0,0,0,M39216,M00001000,1,0,Cell Type Signatures,7,ZHENG CORD BLOOD C7 PUTATIVE LYMPHOID PRIMED MULTIPOTENT PROGENITOR 1,,-2,4.8,3.5,30286,95,266,4,1.5,0.75,3459|5687|11010|81688,IFNGR1|PSMA6|GLIPR1|C6orf62,-1.3,0
0,0,0,0,0,1,0,0,0,0,0,0,0,-2,0,0,M39215,M00000100,1,0,Cell Type Signatures,7,ZHENG CORD BLOOD C6 HSC MULTIPOTENT PROGENITOR,,-2,4.8,3.5,30286,97,261,4,1.5,0.76,374|7133|11213|115361,AREG|TNFRSF1B|IRAK3|GBP4,-1.3,0
