_MEMBER_modules_epi_black_sorted_top300,_MEMBER_modules_epi_blue_sorted_top300,_MEMBER_modules_epi_pink_sorted_top300,_MEMBER_modules_epi_red_sorted_top300,_MEMBER_modules_epi_turquoise_sorted_top300,_MEMBER_modules_epi_yellow_sorted_top300,_LogP_modules_epi_black_sorted_top300,_LogP_modules_epi_blue_sorted_top300,_LogP_modules_epi_pink_sorted_top300,_LogP_modules_epi_red_sorted_top300,_LogP_modules_epi_turquoise_sorted_top300,_LogP_modules_epi_yellow_sorted_top300,GO,_PATTERN_,_RANK_,GiniIndex,Category,CategoryID,Description,PARENT_GO,LogP,Enrichment,Z-score,#TotalGeneInLibrary,#GeneInGO,#GeneInHitList,#GeneInGOAndHitList,%InGO,STDV %InGO,GeneID,Hits,Log(q-value),EvidenceCutoff
1,0,0,1,1,1,-3.8,0,0,-4.8,-45,-18,M39175,M100111,4,0,Cell Type Signatures,7,MURARO PANCREAS MESENCHYMAL STROMAL CELL,,-45,9.8,23,30293,680,300,66,22,2.4,87|390|649|800|1072|1903|2113|2316|3371|3491|3589|3624|3688|3840|3976|4017|4053|4318|4478|6251|6498|6624|7041|7045|7077|7171|7791|7980|8460|8682|8728|9253|9261|9448|9590|10096|10409|10487|10763|10979|11031|11177|23433|25960|26064|29940|29995|30850|51177|51339|55207|55454|55740|56937|57493|60626|80381|84617|84627|91010|91283|115908|122786|123920|170954|285590,ACTN1|RND3|BMP1|CALD1|CFL1|S1PR3|ETS1|FLNA|TNC|CCN1|IL11|INHBA|ITGB1|KPNA4|LIF|LOXL2|LTBP2|MMP9|MSN|RSU1|SKIL|FSCN1|TGFB1I1|TGFBI|TIMP2|TPM4|ZYX|TFPI2|TPST1|PEA15|ADAM19|NUMBL|MAPKAPK2|MAP4K4|AKAP12|ACTR3|BASP1|CAP1|NES|FERMT2|RAB31|BAZ1A|RHOQ|ADGRA2|RAI14|DSE|LMCD1|CDR2L|PLEKHO1|DACT1|ARL8B|CSGALNACT2|ENAH|PMEPA1|HEG1|RIC8A|CD276|TUBB6|ZNF469|FMNL3|MSANTD3|CTHRC1|FRMD6|CMTM3|PPP1R18|SH3PXD2B,-40,0
0,1,0,1,0,0,0,-26,0,-5.5,0,0,M40234,M010100,2,0,Cell Type Signatures,7,DESCARTES FETAL LIVER HEPATOBLASTS,,-26,8.5,17,30293,500,299,42,14,2,174|216|230|283|335|336|341|350|415|433|727|2065|2147|2264|2330|2705|3026|3170|3249|3698|4128|5176|5345|5950|6819|6920|7104|7108|7276|8309|8431|10110|27134|51085|55937|57715|81693|92840|134548|257629|283375|388323,AFP|ALDH1A1|ALDOC|ANG|APOA1|APOA2|APOC1|APOH|ARSL|ASGR2|C5|ERBB3|F2|FGFR4|FMO5|GJB1|HABP2|FOXA2|HPN|ITIH2|MAOA|SERPINF1|SERPINF2|RBP4|SULT1C2|TCEA3|TM4SF4|TM7SF2|TTR|ACOX2|NR0B2|SGK2|TJP3|MLXIPL|APOM|SEMA4G|AMN|REEP6|SOWAHA|ANKS4B|SLC39A5|GLTPD2,-22,0
1,1,1,1,1,1,-23,-26,-10,-5.3,-4.3,-19,M39174,M111111,6,0,Cell Type Signatures,7,MURARO PANCREAS ACINAR CELL,,-26,6.8,16,30293,731,299,49,16,2.1,48|210|292|727|900|1915|1933|1937|1938|2065|2705|2752|3249|3615|3646|4069|5176|5205|5236|5360|5874|6920|7108|7358|7494|8431|8801|8804|9071|10144|10397|10399|10549|10682|25840|26355|51082|51170|51280|51386|54097|54884|56922|57509|79170|93663|114569|120376|201895,ACO1|ALAD|SLC25A5|C5|CCNG1|EEF1A1|EEF1B2|EEF1G|EEF2|ERBB3|GJB1|GLUL|HPN|IMPDH2|EIF3E|LYZ|SERPINF1|ATP8B1|PGM1|PLTP|RAB27B|TCEA3|TM7SF2|UGDH|XBP1|NR0B2|SUCLG2|CREG1|CLDN10|FAM13A|NDRG1|RACK1|PRDX4|EBP|TMT1A|FAM162A|POLR1D|HSD17B11|GOLM1|EIF3L|FAM3B|RETSAT|MCCC1|MTUS1|PRR15L|ARHGAP18|MAL2|POU2AF3|SMIM14,-22,0
1,0,1,1,1,1,-18,0,-12,-2.2,-25,-24,M41700,M101111,5,0,Cell Type Signatures,7,TRAVAGLINI LUNG OLR1 CLASSICAL MONOCYTE CELL,,-25,6.7,15,30293,726,300,48,16,2.1,87|241|329|467|960|1843|2004|2316|2782|3097|3840|4478|4616|4688|6498|7045|7171|7185|7321|7791|8301|8303|8460|8676|8682|8728|9260|9261|9448|9693|10096|10409|10938|11031|11177|23710|29940|55207|56937|57142|57514|80301|81631|84002|84230|84419|127544|170954,ACTN1|ALOX5AP|BIRC2|ATF3|CD44|DUSP1|ELK3|FLNA|GNB1|HIVEP2|KPNA4|MSN|GADD45B|NCF2|SKIL|TGFBI|TPM4|TRAF1|UBE2D1|ZYX|PICALM|SNN|TPST1|STX11|PEA15|ADAM19|PDLIM7|MAPKAPK2|MAP4K4|RAPGEF2|ACTR3|BASP1|EHD1|RAB31|BAZ1A|GABARAPL1|DSE|ARL8B|PMEPA1|RTN4|ARHGAP31|PLEKHO2|MAP1LC3B|B3GNT5|LRRC8C|C15orf48|RNF19B|PPP1R18,-21,0
0,1,0,1,0,0,0,-24,0,-7.3,0,0,M40287,M010100,2,0,Cell Type Signatures,7,DESCARTES FETAL SPLEEN AFP ALB POSITIVE CELLS,,-24,15,19,30293,188,299,28,9.4,1.7,174|335|336|341|350|433|727|1191|1595|2147|2330|2584|2593|2705|3026|3249|3698|5345|5950|6819|7104|7108|7276|25840|54884|55937|81693|283375,AFP|APOA1|APOA2|APOC1|APOH|ASGR2|C5|CLU|CYP51A1|F2|FMO5|GALK1|GAMT|GJB1|HABP2|HPN|ITIH2|SERPINF2|RBP4|SULT1C2|TM4SF4|TM7SF2|TTR|TMT1A|RETSAT|APOM|AMN|SLC39A5,-20,0
1,1,1,1,1,1,-8.7,-2.2,-5.3,-11,-13,-22,M39050,M111111,6,0,Cell Type Signatures,7,MANNO MIDBRAIN NEUROTYPES HPERIC,,-22,6,14,30293,795,300,47,16,2.1,389|858|861|1026|1366|1827|1969|2050|2335|3716|4627|5796|5872|5937|6237|6548|6990|7094|7414|8407|9592|9948|10627|10916|11259|23597|27242|29950|30011|51285|51474|54843|54918|55861|55890|64651|64834|79180|84959|89848|92521|103910|162073|221035|221749|253461|254102,RHOC|CAV2|RUNX1|CDKN1A|CLDN7|RCAN1|EPHA2|EPHB4|FN1|JAK1|MYH9|PTPRK|RAB13|RBMS1|RRAS|SLC9A1|DYNLT3|TLN1|VCL|TAGLN2|IER2|WDR1|MYL12A|MAGED2|FILIP1L|ACOT9|TNFRSF21|SERTAD1|SH3KBP1|RASL12|LIMA1|SYTL2|CMTM6|DBNDD2|GPRC5C|CSRNP1|ELOVL1|EFHD2|UBASH3B|FCHSD1|SPECC1|MYL12B|ITPRIPL2|REEP3|PXDC1|ZBTB38|EHBP1L1,-19,0
1,0,1,1,1,1,-22,0,-7.4,-4,-9.3,-13,M39135,M101111,5,0,Cell Type Signatures,7,AIZARANI LIVER C39 EPCAM POS BILE DUCT CELLS 4,,-22,14,18,30293,184,300,26,8.7,1.6,12|330|650|2919|2921|3460|3576|3696|3898|4070|4134|4301|4641|4646|4792|6385|6648|7357|8502|9076|9124|10723|26137|80223|117177|135112,SERPINA3|BIRC3|BMP2|CXCL1|CXCL3|IFNGR2|CXCL8|ITGB8|LAD1|TACSTD2|MAP4|AFDN|MYO1C|MYO6|NFKBIA|SDC4|SOD2|UGCG|PKP4|CLDN1|PDLIM1|SLC12A7|ZBTB20|RAB11FIP1|RAB3IP|NCOA7,-18,0
0,1,0,1,0,0,0,-21,0,-5.1,0,0,M40276,M010100,2,0,Cell Type Signatures,7,DESCARTES FETAL PLACENTA AFP ALB POSITIVE CELLS,,-21,15,18,30293,171,299,25,8.4,1.6,174|335|336|350|433|727|2147|2264|2330|3698|5345|5950|7104|7108|7276|9936|51085|51170|55937|57715|81693|83715|92840|127845|283375,AFP|APOA1|APOA2|APOH|ASGR2|C5|F2|FGFR4|FMO5|ITIH2|SERPINF2|RBP4|TM4SF4|TM7SF2|TTR|CD302|MLXIPL|HSD17B11|APOM|SEMA4G|AMN|ESPN|REEP6|GOLT1A|SLC39A5,-18,0
0,1,0,1,0,1,0,-20,0,-3.2,0,-2.8,M41652,M010101,3,0,Cell Type Signatures,7,TRAVAGLINI LUNG PROXIMAL BASAL CELL,,-20,6.4,14,30293,629,299,40,13,2,216|292|678|1075|1650|1915|1933|1937|1938|1975|2217|2593|2752|3030|3065|3615|3646|4059|4061|5176|5589|5867|7103|9071|9368|10399|10551|23474|26355|26751|28987|50853|51082|51386|54097|60370|83939|84836|93100|359948,ALDH1A1|SLC25A5|ZFP36L2|CTSC|DDOST|EEF1A1|EEF1B2|EEF1G|EEF2|EIF4B|FCGRT|GAMT|GLUL|HADHA|HDAC1|IMPDH2|EIF3E|BCAM|LY6E|SERPINF1|PRKCSH|RAB4A|TSPAN8|CLDN10|NHERF1|RACK1|AGR2|ETHE1|FAM162A|SH3YL1|NOB1|VILL|POLR1D|EIF3L|FAM3B|AVPI1|EIF2A|ABHD14B|NAPRT|IRF2BP2,-17,0
1,0,0,1,1,1,-3.5,0,0,-5.4,-19,-8.3,M39176,M100111,4,0,Cell Type Signatures,7,MURARO PANCREAS ENDOTHELIAL CELL,,-19,8.6,15,30293,362,300,31,10,1.8,1072|1809|2004|2113|2887|4092|4478|4739|5155|6251|6624|7798|8682|8935|11031|25780|26064|30850|51177|56262|56892|56920|56937|56999|57493|57514|58476|84230|84617|91010|170954,CFL1|DPYSL3|ELK3|ETS1|GRB10|SMAD7|MSN|NEDD9|PDGFB|RSU1|FSCN1|LUZP1|PEA15|SKAP2|RAB31|RASGRP3|RAI14|CDR2L|PLEKHO1|LRRC8A|TCIM|SEMA3G|PMEPA1|ADAMTS9|HEG1|ARHGAP31|TP53INP2|LRRC8C|TUBB6|FMNL3|PPP1R18,-16,0
1,0,1,1,1,1,-14,0,-4.7,-3.6,-19,-11,M41697,M101111,5,0,Cell Type Signatures,7,TRAVAGLINI LUNG EREG DENDRITIC CELL,,-19,6.5,13,30293,579,300,37,12,1.9,87|329|388|467|960|1843|2004|2771|2782|3840|4616|4688|6498|7045|7171|7791|8301|8682|8728|8935|9260|9590|10409|11010|11031|11177|23433|23710|29940|57142|57514|81631|84002|84419|123920|127544|285590,ACTN1|BIRC2|RHOB|ATF3|CD44|DUSP1|ELK3|GNAI2|GNB1|KPNA4|GADD45B|NCF2|SKIL|TGFBI|TPM4|ZYX|PICALM|PEA15|ADAM19|SKAP2|PDLIM7|AKAP12|BASP1|GLIPR1|RAB31|BAZ1A|RHOQ|GABARAPL1|DSE|RTN4|ARHGAP31|MAP1LC3B|B3GNT5|C15orf48|CMTM3|RNF19B|SH3PXD2B,-15,0
0,1,0,1,0,0,0,-18,0,-4,0,0,M39118,M010100,2,0,Cell Type Signatures,7,AIZARANI LIVER C14 HEPATOCYTES 2,,-18,11,15,30293,226,299,25,8.4,1.6,216|283|335|336|341|350|433|1191|2109|2147|2593|2705|3249|3638|5176|5345|5950|6342|7276|51084|51085|55937|92840|134147|201895,ALDH1A1|ANG|APOA1|APOA2|APOC1|APOH|ASGR2|CLU|ETFB|F2|GAMT|GJB1|HPN|INSIG1|SERPINF1|SERPINF2|RBP4|SCP2|TTR|CRYL1|MLXIPL|APOM|REEP6|CMBL|SMIM14,-15,0
1,1,1,1,0,1,-8.5,-6.8,-6,-17,0,-8.5,M40175,M111101,5,0,Cell Type Signatures,7,DESCARTES FETAL EYE CORNEAL AND CONJUNCTIVAL EPITHELIAL CELLS,,-17,10,15,30293,243,300,25,8.3,1.6,360|1396|1832|2064|3856|3866|3875|3880|4680|5265|6286|6296|7348|9022|9518|10103|10232|23584|54869|79660|80139|80736|94122|147798|440335,AQP3|CRIP1|DSP|ERBB2|KRT8|KRT15|KRT18|KRT19|CEACAM6|SERPINA1|S100P|ACSM3|UPK1B|CLIC3|GDF15|TSPAN1|MSLN|VSIG2|EPS8L1|PPP1R3B|ZNF703|SLC44A4|SYTL5|TMC4|SMIM22,-14,0
1,0,1,1,1,1,-6.3,0,-2.7,-8.5,-17,-13,M41659,M101111,5,0,Cell Type Signatures,7,TRAVAGLINI LUNG ALVEOLAR EPITHELIAL TYPE 1 CELL,,-17,7.7,13,30293,391,300,30,10,1.7,467|1030|1843|1849|1906|2316|3491|4092|4133|4616|4739|5947|6876|7077|7126|7171|7476|8676|10938|10979|11031|11099|22979|26353|27295|51177|55700|57493|84617|91252,ATF3|CDKN2B|DUSP1|DUSP7|EDN1|FLNA|CCN1|SMAD7|MAP2|GADD45B|NEDD9|RBP1|TAGLN|TIMP2|TNFAIP1|TPM4|WNT7A|STX11|EHD1|FERMT2|RAB31|PTPN21|EFR3B|HSPB8|PDLIM3|PLEKHO1|MAP7D1|HEG1|TUBB6|SLC39A13,-14,0
1,1,0,1,0,1,-4.4,-16,0,-7,0,-7.9,M40012,M110101,4,0,Cell Type Signatures,7,BUSSLINGER GASTRIC IMMATURE PIT CELLS,,-16,12,15,30293,165,299,20,6.7,1.4,283|1728|3170|5874|6819|7103|7358|8537|10099|10551|11199|23446|50853|51316|83998|84418|114569|134147|201501|340547,ANG|NQO1|FOXA2|RAB27B|SULT1C2|TSPAN8|UGDH|BCAS1|TSPAN3|AGR2|ANXA10|SLC44A1|VILL|PLAC8|REG4|CYSTM1|MAL2|CMBL|ZBTB7C|VSIG1,-12,0
1,0,1,1,1,1,-2.8,0,-3.6,-2.4,-15,-3.6,M39209,M101111,5,0,Cell Type Signatures,7,HAY BONE MARROW STROMAL,,-15,5,11,30293,765,300,38,13,1.9,220|390|467|800|1809|1903|3371|3491|3694|4053|4616|5947|5998|6236|6876|8460|8463|9469|10085|10979|11099|23022|24145|26064|27289|29995|51655|55740|56920|56937|56999|65059|80381|84557|122786|259217|285590|389136,ALDH1A3|RND3|ATF3|CALD1|DPYSL3|S1PR3|TNC|CCN1|ITGB6|LTBP2|GADD45B|RBP1|RGS3|RRAD|TAGLN|TPST1|TEAD2|CHST3|EDIL3|FERMT2|PTPN21|PALLD|PANX1|RAI14|RND1|LMCD1|RASD1|ENAH|SEMA3G|PMEPA1|ADAMTS9|RAPH1|CD276|MAP1LC3A|FRMD6|HSPA12A|SH3PXD2B|VGLL3,-12,0
0,1,0,1,0,0,0,-15,0,-5.7,0,0,M39115,M010100,2,0,Cell Type Signatures,7,AIZARANI LIVER C11 HEPATOCYTES 1,,-15,8.5,13,30293,298,299,25,8.4,1.6,216|283|335|336|341|350|433|727|847|1191|2147|2330|3249|3638|3698|5176|5345|5950|6342|7276|25840|51085|55937|134147|201895,ALDH1A1|ANG|APOA1|APOA2|APOC1|APOH|ASGR2|C5|CAT|CLU|F2|FMO5|HPN|INSIG1|ITIH2|SERPINF1|SERPINF2|RBP4|SCP2|TTR|TMT1A|MLXIPL|APOM|CMBL|SMIM14,-12,0
0,0,0,1,1,0,0,0,0,-3.2,-15,0,M39167,M000110,2,0,Cell Type Signatures,7,GAO LARGE INTESTINE ADULT CJ IMMUNE CELLS,,-15,6.2,12,30293,505,300,31,10,1.8,220|800|1004|1809|1903|2113|2316|4053|4131|4478|5947|7045|7077|8642|8728|9260|10763|10979|22885|23129|25960|26064|27151|51339|57493|84547|84617|122786|170954|339761|439921,ALDH1A3|CALD1|CDH6|DPYSL3|S1PR3|ETS1|FLNA|LTBP2|MAP1B|MSN|RBP1|TGFBI|TIMP2|DCHS1|ADAM19|PDLIM7|NES|FERMT2|ABLIM3|PLXND1|ADGRA2|RAI14|CPAMD8|DACT1|HEG1|PGBD1|TUBB6|FRMD6|PPP1R18|CYP27C1|MXRA7,-12,0
1,1,1,1,1,1,-15,-6.2,-2.4,-2.8,-11,-8,M39037,M111111,6,0,Cell Type Signatures,7,FAN EMBRYONIC CTX OLIG,,-15,5,11,30293,754,300,37,12,1.9,1318|1540|2120|3267|3306|3572|5151|6810|7763|8502|8611|9367|9926|10435|10553|11221|11226|23048|23120|23247|23507|25829|51094|51228|55129|56951|57162|57698|64423|64759|80270|80854|85464|94015|135112|148362|219333,SLC31A2|CYLD|ETV6|AGFG1|HSPA2|IL6ST|PDE8A|STX4|ZFAND5|PKP4|PLPP1|RAB9A|LPGAT1|CDC42EP2|HTATIP2|DUSP10|GALNT6|FNBP1|ATP10B|KATNIP|LRRC8B|TMEM184B|ADIPOR1|GLTP|ANO10|C5orf15|PELI1|SHTN1|INF2|TNS3|HSD3B7|SETD7|SSH2|TTYH2|NCOA7|BROX|USP12,-12,0
1,1,1,1,1,1,-14,-7.1,-11,-4.1,-2.7,-7.7,M39051,M111111,6,0,Cell Type Signatures,7,MANNO MIDBRAIN NEUROTYPES HMGL,,-14,5.6,11,30293,577,300,32,11,1.8,162|330|1535|2920|3162|3383|3572|3576|3656|3659|4067|4772|4773|4792|4938|5328|5966|6446|6648|6776|6778|10019|23191|50618|55332|56829|57674|79651|83666|148022|148932|387882,AP1B1|BIRC3|CYBA|CXCL2|HMOX1|ICAM1|IL6ST|CXCL8|IRAK2|IRF1|LYN|NFATC1|NFATC2|NFKBIA|OAS1|PLAU|REL|SGK1|SOD2|STAT5A|STAT6|SH2B3|CYFIP1|ITSN2|DRAM1|ZC3HAV1|RNF213|RHBDF2|PARP9|TICAM1|MOB3C|C12orf75,-11,0
1,1,0,1,1,1,-14,-3.5,0,-6.5,-2.8,-8.2,M39111,M110111,5,0,Cell Type Signatures,7,AIZARANI LIVER C7 EPCAM POS BILE DUCT CELLS 2,,-14,9.7,13,30293,219,300,21,7,1.5,306|330|650|2950|3576|3696|3898|3911|4070|4301|4641|6385|6692|9076|10406|10723|23286|26137|64065|117177|387882,ANXA3|BIRC3|BMP2|GSTP1|CXCL8|ITGB8|LAD1|LAMA5|TACSTD2|AFDN|MYO1C|SDC4|SPINT1|CLDN1|WFDC2|SLC12A7|WWC1|ZBTB20|PERP|RAB3IP|C12orf75,-11,0
0,0,0,1,1,1,0,0,0,-4.9,-14,-6.3,M41716,M000111,3,0,Cell Type Signatures,7,FAN OVARY CL14 MATURE SMOOTH MUSCLE CELL,,-14,7.9,12,30293,306,300,24,8,1.6,87|388|467|800|960|1843|2316|3491|3611|3688|3726|4131|4616|6251|6876|7041|7171|7846|9260|10231|10487|10865|23022|51655,ACTN1|RHOB|ATF3|CALD1|CD44|DUSP1|FLNA|CCN1|ILK|ITGB1|JUNB|MAP1B|GADD45B|RSU1|TAGLN|TGFB1I1|TPM4|TUBA1A|PDLIM7|RCAN2|CAP1|ARID5A|PALLD|RASD1,-11,0
1,1,1,0,1,0,-6.3,-3.6,-14,0,-2.1,0,M41656,M111010,4,0,Cell Type Signatures,7,TRAVAGLINI LUNG MUCOUS CELL,,-14,14,14,30293,125,299,17,5.7,1.3,637|718|874|3486|3627|3934|5284|5918|6364|6376|7127|8743|8942|9536|9957|148170|171177,BID|C3|CBR3|IGFBP3|CXCL10|LCN2|PIGR|RARRES1|CCL20|CX3CL1|TNFAIP2|TNFSF10|KYNU|PTGES|HS3ST1|CDC42EP5|RHOV,-11,0
1,1,0,1,0,1,-4.1,-14,0,-11,0,-14,M40013,M110101,4,0,Cell Type Signatures,7,BUSSLINGER GASTRIC MATURE PIT CELLS,,-14,9.5,13,30293,224,299,21,7,1.5,230|283|1728|2217|3170|3171|6337|6819|7103|8537|8763|10099|11199|50853|51316|84418|114569|201501|201895|340547|768239,ALDOC|ANG|NQO1|FCGRT|FOXA2|FOXA3|SCNN1A|SULT1C2|TSPAN8|BCAS1|CD164|TSPAN3|ANXA10|VILL|PLAC8|CYSTM1|MAL2|ZBTB7C|SMIM14|VSIG1|PSAPL1,-11,0
1,1,1,1,1,1,-5.9,-14,-7.1,-9.1,-5.9,-9.1,M41698,M111111,6,0,Cell Type Signatures,7,TRAVAGLINI LUNG TREM2 DENDRITIC CELL,,-14,5.5,11,30293,572,299,31,10,1.8,48|54|216|292|341|537|1075|1312|1675|2217|2548|2720|2752|2990|3073|3074|4048|4069|5176|5641|5950|8804|10062|10549|11309|29952|54504|55647|60370|81622|93663,ACO1|ACP5|ALDH1A1|SLC25A5|APOC1|ATP6AP1|CTSC|COMT|CFD|FCGRT|GAA|GLB1|GLUL|GUSB|HEXA|HEXB|LTA4H|LYZ|SERPINF1|LGMN|RBP4|CREG1|NR1H3|PRDX4|SLCO2B1|DPP7|CPVL|RAB20|AVPI1|UNC93B1|ARHGAP18,-11,0
0,0,0,0,1,1,0,0,0,0,-13,-2.3,M39269,M000011,2,0,Cell Type Signatures,7,HU FETAL RETINA RGC,,-13,6.2,11,30293,443,300,27,9,1.7,43|390|1627|1783|1809|2664|3797|3831|4131|4133|7280|7321|7846|8609|10085|10121|10409|10540|10962|11031|22911|57142|65009|81631|83930|84280|259217,ACHE|RND3|DBN1|DYNC1LI2|DPYSL3|GDI1|KIF3C|KLC1|MAP1B|MAP2|TUBB2A|UBE2D1|TUBA1A|KLF7|EDIL3|ACTR1A|BASP1|DCTN2|MLLT11|RAB31|WDR47|RTN4|NDRG4|MAP1LC3B|STARD3NL|BTBD10|HSPA12A,-10,0
1,1,0,1,0,1,-3.1,-13,0,-8.1,0,-13,M40010,M110101,4,0,Cell Type Signatures,7,BUSSLINGER GASTRIC ISTHMUS CELLS,,-13,6,11,30293,458,299,27,9,1.7,476|1595|1728|2109|3170|5205|5874|6819|7103|7184|7358|8537|10099|10551|10682|11199|23446|50853|54884|56649|83998|114569|134147|155465|201501|201895|340547,ATP1A1|CYP51A1|NQO1|ETFB|FOXA2|ATP8B1|RAB27B|SULT1C2|TSPAN8|HSP90B1|UGDH|BCAS1|TSPAN3|AGR2|EBP|ANXA10|SLC44A1|VILL|RETSAT|TMPRSS4|REG4|MAL2|CMBL|AGR3|ZBTB7C|SMIM14|VSIG1,-10,0
0,0,0,0,1,0,0,0,0,0,-12,0,M39279,M000010,1,0,Cell Type Signatures,7,DURANTE ADULT OLFACTORY NEUROEPITHELIUM VASCULAR SMOOTH MUSCLE CELLS,,-12,15,14,30293,93,300,14,4.7,1.2,388|467|800|1264|2316|3726|4131|4616|6876|7041|10231|23022|27295|56892,RHOB|ATF3|CALD1|CNN1|FLNA|JUNB|MAP1B|GADD45B|TAGLN|TGFB1I1|RCAN2|PALLD|PDLIM3|TCIM,-9.7,0
1,1,0,1,0,1,-11,-7.4,0,-4,0,-12,M39125,M110101,4,0,Cell Type Signatures,7,AIZARANI LIVER C24 EPCAM POS BILE DUCT CELLS 3,,-12,9.8,12,30293,185,300,18,6,1.4,71|481|824|858|966|977|1364|1366|5792|6277|6282|7262|8407|11135|27111|27242|30851|103910,ACTG1|ATP1B1|CAPN2|CAV2|CD59|CD151|CLDN4|CLDN7|PTPRF|S100A6|S100A11|PHLDA2|TAGLN2|CDC42EP1|SDCBP2|TNFRSF21|TAX1BP3|MYL12B,-9.7,0
0,1,0,1,0,0,0,-12,0,-8.2,0,0,M39119,M010100,2,0,Cell Type Signatures,7,AIZARANI LIVER C17 HEPATOCYTES 3,,-12,14,13,30293,102,299,14,4.7,1.2,283|335|336|341|350|433|727|1191|2147|3249|5176|5345|5950|51085,ANG|APOA1|APOA2|APOC1|APOH|ASGR2|C5|CLU|F2|HPN|SERPINF1|SERPINF2|RBP4|MLXIPL,-9.1,0
1,1,1,0,1,0,-11,-2.3,-12,0,-2.3,0,M39160,M111010,4,0,Cell Type Signatures,7,GAO LARGE INTESTINE 24W C11 PANETH LIKE CELL,,-12,6.9,11,30293,325,299,22,7.4,1.5,972|2533|3459|3627|3684|4794|5724|5743|7097|7127|7128|7133|7805|8942|9308|10148|22809|58191|83593|150372|255488|259307,CD74|FYB1|IFNGR1|CXCL10|ITGAM|NFKBIE|PTAFR|PTGS2|TLR2|TNFAIP2|TNFAIP3|TNFRSF1B|LAPTM5|KYNU|CD83|EBI3|ATF5|CXCL16|RASSF5|NFAM1|RNF144B|IL4I1,-9.1,0
1,1,0,1,0,1,-2.9,-4.2,0,-12,0,-4.9,M40029,M110101,4,0,Cell Type Signatures,7,BUSSLINGER DUODENAL MATURE ENTEROCYTES,,-12,7.8,11,30293,259,300,20,6.7,1.4,1308|3691|4035|4253|4648|4680|5002|5265|5794|8714|10555|26010|30061|53841|55075|79574|83719|112483|201176|727910,COL17A1|ITGB4|LRP1|MIA2|MYO7B|CEACAM6|SLC22A18|SERPINA1|PTPRH|ABCC3|AGPAT2|SPATS2L|SLC40A1|CDHR5|UACA|EPS8L3|YPEL3|SAT2|ARHGAP27|TLCD2,-9.1,0
1,1,1,1,1,1,-4.4,-12,-7,-6.3,-4.4,-5,M39077,M111111,6,0,Cell Type Signatures,7,ZHONG PFC MAJOR TYPES MICROGLIA,,-12,5.8,10,30293,438,299,25,8.4,1.6,341|678|1075|2217|2548|2752|3073|3074|3635|4758|5176|5360|5641|7351|7494|8635|8763|8804|11309|25840|29116|29952|51162|54504|81618,APOC1|ZFP36L2|CTSC|FCGRT|GAA|GLUL|HEXA|HEXB|INPP5D|NEU1|SERPINF1|PLTP|LGMN|UCP2|XBP1|RNASET2|CD164|CREG1|SLCO2B1|TMT1A|MYLIP|DPP7|EGFL7|CPVL|ITM2C,-9,0
0,1,0,1,1,0,0,-7.2,0,-11,-7.2,0,M41708,M010110,3,0,Cell Type Signatures,7,FAN OVARY CL6 PUTATIVE EARLY ATRETIC FOLLICLE THECAL CELL 2,,-11,7.1,11,30293,300,300,21,7,1.5,348|351|633|1291|1958|2353|3880|6594|7076|7832|9528|9741|10150|10163|10577|10956|23646|28959|30061|50808|112483,APOE|APP|BGN|COL6A1|EGR1|FOS|KRT19|SMARCA1|TIMP1|BTG2|TMEM59|LAPTM4A|MBNL2|WASF2|NPC2|OS9|PLD3|TMEM176B|SLC40A1|AK3|SAT2,-8.9,0
1,1,1,0,1,1,-6.7,-2.2,-7.4,0,-10,-11,M41715,M111011,5,0,Cell Type Signatures,7,FAN OVARY CL13 MONOCYTE MACROPHAGE,,-11,5.5,9.7,30293,458,300,25,8.3,1.6,391|822|965|998|1026|4354|4814|6277|6282|7165|8407|8870|8878|9114|9516|10094|10109|10550|11214|23597|26286|54918|63940|79180|128866,RHOG|CAPG|CD58|CDC42|CDKN1A|MPP1|NINJ1|S100A6|S100A11|TPD52L2|TAGLN2|IER3|SQSTM1|ATP6V0D1|LITAF|ARPC3|ARPC2|ARL6IP5|AKAP13|ACOT9|ARFGAP3|CMTM6|GPSM3|EFHD2|CHMP4B,-8.6,0
1,0,0,1,1,1,-2.8,0,0,-7.2,-9.5,-11,M39264,M100111,4,0,Cell Type Signatures,7,HU FETAL RETINA FIBROBLAST,,-11,6,9.9,30293,385,300,23,7.7,1.5,389|1462|1948|2050|2317|2335|4627|5872|5937|6282|6284|7094|9540|9592|10627|10769|10916|11135|29950|51474|54741|54751|92689,RHOC|VCAN|EFNB2|EPHB4|FLNB|FN1|MYH9|RAB13|RBMS1|S100A11|S100A13|TLN1|TP53I3|IER2|MYL12A|PLK2|MAGED2|CDC42EP1|SERTAD1|LIMA1|LEPROT|FBLIM1|FAM114A1,-8.6,0
1,1,0,1,1,1,-3.9,-3.9,0,-11,-6.1,-11,M41691,M110111,5,0,Cell Type Signatures,7,TRAVAGLINI LUNG PLATELET MEGAKARYOCYTE CELL,,-11,4.7,9.1,30293,604,300,28,9.3,1.7,351|598|828|2039|2040|2057|3098|3241|3485|3856|3875|3880|5476|5627|6016|7040|7277|8714|8848|10103|23608|29956|30061|57121|80736|81628|201294|440335,APP|BCL2L1|CAPS|DMTN|STOM|EPOR|HK1|HPCAL1|IGFBP2|KRT8|KRT18|KRT19|CTSA|PROS1|RIT1|TGFB1|TUBA4A|ABCC3|TSC22D1|TSPAN1|MKRN1|CERS2|SLC40A1|LPAR5|SLC44A4|TSC22D4|UNC13D|SMIM22,-8.3,0
1,0,1,1,1,1,-11,0,-6.8,-2.4,-4.7,-7.5,M41711,M101111,5,0,Cell Type Signatures,7,FAN OVARY CL9 PUTATIVE APOPTOTIC ENDOTHELIAL CELL,,-11,6.1,9.8,30293,365,300,22,7.3,1.5,285|2280|3107|3162|3306|3383|3572|3659|4792|5879|6648|7035|7357|7763|8837|9124|9411|11067|23253|30844|84790|135112,ANGPT2|FKBP1A|HLA-C|HMOX1|HSPA2|ICAM1|IL6ST|IRF1|NFKBIA|RAC1|SOD2|TFPI|UGCG|ZFAND5|CFLAR|PDLIM1|ARHGAP29|DEPP1|ANKRD12|EHD4|TUBA1C|NCOA7,-8.2,0
1,1,0,1,0,0,-2.5,-11,0,-5.1,0,0,M40011,M110100,3,0,Cell Type Signatures,7,BUSSLINGER GASTRIC METALLOTHIONEIN CELLS,,-11,13,12,30293,100,299,13,4.3,1.2,216|1728|5874|6819|7103|10397|10551|11199|23474|25840|84418|114569|340547,ALDH1A1|NQO1|RAB27B|SULT1C2|TSPAN8|NDRG1|AGR2|ANXA10|ETHE1|TMT1A|CYSTM1|MAL2|VSIG1,-8.2,0
0,1,0,1,1,0,0,-4.7,0,-11,-5.3,0,M39056,M010110,3,0,Cell Type Signatures,7,MANNO MIDBRAIN NEUROTYPES HRGL3,,-11,4.7,9.1,30293,574,300,27,9,1.7,334|1291|1396|1949|1958|2153|2353|3485|4035|5066|6744|7009|7018|7040|10577|22933|23043|23646|27122|27345|55788|56204|57326|57537|81628|144402|341019,APLP2|COL6A1|CRIP1|EFNB3|EGR1|F5|FOS|IGFBP2|LRP1|PAM|ITPRID2|TMBIM6|TF|TGFB1|NPC2|SIRT2|TNIK|PLD3|DKK3|KCNMB4|LMBRD1|ATOSA|PBXIP1|SORCS2|TSC22D4|CPNE8|DCDC1,-8.1,0
1,1,1,1,1,1,-2.3,-2.9,-2.3,-2.9,-10,-6.7,M39302,M111111,6,0,Cell Type Signatures,7,CUI DEVELOPING HEART C5 VALVAR CELL,,-10,8.3,10,30293,208,300,17,5.7,1.3,87|467|1809|3726|4053|4616|4739|5744|5998|6876|7280|7846|10085|10865|27295|29995|55740,ACTN1|ATF3|DPYSL3|JUNB|LTBP2|GADD45B|NEDD9|PTHLH|RGS3|TAGLN|TUBB2A|TUBA1A|EDIL3|ARID5A|PDLIM3|LMCD1|ENAH,-8,0
0,1,0,1,0,0,0,-10,0,-3.9,0,0,M39231,M010100,2,0,Cell Type Signatures,7,LAKE ADULT KIDNEY C12 THICK ASCENDING LIMB,,-10,5.9,9.5,30293,381,299,22,7.4,1.5,216|292|476|847|1915|1938|3030|3249|6337|6342|6519|6819|7103|9071|10110|10144|10399|25840|51280|54504|79971|81618,ALDH1A1|SLC25A5|ATP1A1|CAT|EEF1A1|EEF2|HADHA|HPN|SCNN1A|SCP2|SLC3A1|SULT1C2|TSPAN8|CLDN10|SGK2|FAM13A|RACK1|TMT1A|GOLM1|CPVL|WLS|ITM2C,-7.9,0
0,1,0,1,0,1,0,-10,0,-5.5,0,-2.4,M40024,M010101,3,0,Cell Type Signatures,7,BUSSLINGER DUODENAL STEM CELLS,,-10,6.5,9.8,30293,311,299,20,6.7,1.4,678|1191|1915|1933|1937|1938|1975|2217|2650|3615|3646|4069|7103|10399|10551|51280|51386|51614|359948|401546,ZFP36L2|CLU|EEF1A1|EEF1B2|EEF1G|EEF2|EIF4B|FCGRT|GCNT1|IMPDH2|EIF3E|LYZ|TSPAN8|RACK1|AGR2|GOLM1|EIF3L|ERGIC3|IRF2BP2|C9orf152,-7.9,0
1,0,0,1,1,1,-2.9,0,0,-4.8,-10,-6.2,M39128,M100111,4,0,Cell Type Signatures,7,AIZARANI LIVER C29 MVECS 2,,-10,6.5,9.7,30293,313,300,20,6.7,1.4,87|1809|1906|2004|2771|3491|4739|5744|7077|7171|7798|7846|7980|8682|9590|56999|57493|57514|65009|84617,ACTN1|DPYSL3|EDN1|ELK3|GNAI2|CCN1|NEDD9|PTHLH|TIMP2|TPM4|LUZP1|TUBA1A|TFPI2|PEA15|AKAP12|ADAMTS9|HEG1|ARHGAP31|NDRG4|TUBB6,-7.8,0
1,1,1,1,1,1,-4.3,-5.1,-7.4,-5.1,-2.4,-10,M41709,M111111,6,0,Cell Type Signatures,7,FAN OVARY CL7 ANGEIOGENIC ENDOTHELIAL CELL,,-10,7.2,9.9,30293,251,300,18,6,1.4,389|754|858|966|977|1026|2335|5872|6277|6284|8407|9592|10550|10627|10769|51474|54741|140576,RHOC|PTTG1IP|CAV2|CD59|CD151|CDKN1A|FN1|RAB13|S100A6|S100A13|TAGLN2|IER2|ARL6IP5|MYL12A|PLK2|LIMA1|LEPROT|S100A16,-7.7,0
1,1,0,1,0,1,-4.6,-10,0,-7.2,0,-4.6,M39108,M110101,4,0,Cell Type Signatures,7,AIZARANI LIVER C4 EPCAM POS BILE DUCT CELLS 1,,-10,8.5,10,30293,191,299,16,5.4,1.3,476|1191|2065|2330|2752|3026|3698|4128|6649|7104|9071|10217|26751|51170|51280|359948,ATP1A1|CLU|ERBB3|FMO5|GLUL|HABP2|ITIH2|MAOA|SOD3|TM4SF4|CLDN10|CTDSPL|SH3YL1|HSD17B11|GOLM1|IRF2BP2,-7.6,0
0,1,0,1,1,0,0,-4.7,0,-10,-6.3,0,M40019,M010110,3,0,Cell Type Signatures,7,BUSSLINGER GASTRIC X CELLS,,-10,8.5,10,30293,191,300,16,5.3,1.3,1832|1958|2353|2878|5265|7448|7832|8938|10083|10232|23303|26010|28959|55365|57326|91947,DSP|EGR1|FOS|GPX3|SERPINA1|VTN|BTG2|BAIAP3|USH1C|MSLN|KIF13B|SPATS2L|TMEM176B|TMEM176A|PBXIP1|ARRDC4,-7.6,0
1,1,0,1,0,0,-3.1,-3.1,0,-9.9,0,0,M39303,M110100,3,0,Cell Type Signatures,7,CUI DEVELOPING HEART C6 EPICARDIAL CELL,,-9.9,8.3,10,30293,195,300,16,5.3,1.3,316|1396|3856|3875|3880|4485|5584|5627|7076|7348|7448|9022|10232|11145|28959|55365,AOX1|CRIP1|KRT8|KRT18|KRT19|MST1|PRKCI|PROS1|TIMP1|UPK1B|VTN|CLIC3|MSLN|PLAAT3|TMEM176B|TMEM176A,-7.5,0
0,0,0,0,1,0,0,0,0,0,-9.9,0,M39064,M000010,1,0,Cell Type Signatures,7,MANNO MIDBRAIN NEUROTYPES HNBML1,,-9.9,6.2,9.4,30293,328,300,20,6.7,1.4,1687|1809|2774|3797|3831|4131|4133|4644|7476|7846|8851|8905|10085|10409|10962|57060|64780|65009|90874|91283,GSDME|DPYSL3|GNAL|KIF3C|KLC1|MAP1B|MAP2|MYO5A|WNT7A|TUBA1A|CDK5R1|AP1S2|EDIL3|BASP1|MLLT11|PCBP4|MICAL1|NDRG4|ZNF697|MSANTD3,-7.5,0
1,1,1,1,1,1,-4,-9.8,-8.2,-4.6,-3.4,-3.4,M39022,M111111,6,0,Cell Type Signatures,7,FAN EMBRYONIC CTX BIG GROUPS MICROGLIA,,-9.8,5.7,9.2,30293,371,299,21,7,1.5,341|678|1075|2217|2548|2752|3073|3635|5176|5641|7048|7351|7494|8635|8763|8804|11309|25840|29952|51162|54504,APOC1|ZFP36L2|CTSC|FCGRT|GAA|GLUL|HEXA|INPP5D|SERPINF1|LGMN|TGFBR2|UCP2|XBP1|RNASET2|CD164|CREG1|SLCO2B1|TMT1A|DPP7|EGFL7|CPVL,-7.4,0
1,0,0,1,1,1,-2.5,0,0,-3.6,-9.6,-9.6,M39040,M100111,4,0,Cell Type Signatures,7,FAN EMBRYONIC CTX BRAIN ENDOTHELIAL 2,,-9.6,6.3,9.3,30293,303,300,19,6.3,1.4,87|649|800|1004|1903|2316|3611|3688|5947|6876|7041|7171|7791|9260|9590|10979|64943|84557|122786,ACTN1|BMP1|CALD1|CDH6|S1PR3|FLNA|ILK|ITGB1|RBP1|TAGLN|TGFB1I1|TPM4|ZYX|PDLIM7|AKAP12|FERMT2|NT5DC2|MAP1LC3A|FRMD6,-7.3,0
0,1,0,0,0,0,0,-9.6,0,0,0,0,M40025,M010000,1,0,Cell Type Signatures,7,BUSSLINGER DUODENAL DIFFERENTIATING STEM CELLS,,-9.6,6.3,9.3,30293,305,299,19,6.4,1.4,216|292|1191|1891|1915|1933|1937|1938|1975|3615|3646|4128|7103|7184|10399|10551|51280|51386|401546,ALDH1A1|SLC25A5|CLU|ECH1|EEF1A1|EEF1B2|EEF1G|EEF2|EIF4B|IMPDH2|EIF3E|MAOA|TSPAN8|HSP90B1|RACK1|AGR2|GOLM1|EIF3L|C9orf152,-7.3,0
1,0,0,0,1,1,-4.9,0,0,0,-9.6,-3.6,M39113,M100011,3,0,Cell Type Signatures,7,AIZARANI LIVER C9 LSECS 1,,-9.6,6.3,9.3,30293,304,300,19,6.3,1.4,87|1906|2887|3680|4131|5155|6624|7077|7171|7798|7980|8609|8682|9578|9590|56892|56999|84617|152137,ACTN1|EDN1|GRB10|ITGA9|MAP1B|PDGFB|FSCN1|TIMP2|TPM4|LUZP1|TFPI2|KLF7|PEA15|CDC42BPB|AKAP12|TCIM|ADAMTS9|TUBB6|CCDC50,-7.3,0
1,0,0,0,0,0,-9.6,0,0,0,0,0,M39137,M100000,1,0,Cell Type Signatures,7,GAO ESOPHAGUS 25W C2 KRT6BPOS SECRETORY PROGENITOR CELLS,,-9.6,14,12,30293,77,300,11,3.7,1.1,1847|4938|11221|11254|23120|50506|54704|56938|114990|346389|405753,DUSP5|OAS1|DUSP10|SLC6A14|ATP10B|DUOX2|PDP1|BMAL2|VASN|MACC1|DUOXA2,-7.2,0
0,1,0,0,0,0,0,-9.5,0,0,0,0,M40028,M010000,1,0,Cell Type Signatures,7,BUSSLINGER DUODENAL LATE IMMATURE ENTEROCYTES,,-9.5,8.6,10,30293,177,299,15,5,1.3,216|292|476|3030|4128|7104|8694|51084|51170|81693|84418|92840|130589|134147|283375,ALDH1A1|SLC25A5|ATP1A1|HADHA|MAOA|TM4SF4|DGAT1|CRYL1|HSD17B11|AMN|CYSTM1|REEP6|GALM|CMBL|SLC39A5,-7.2,0
1,1,1,1,1,1,-5.8,-5.2,-8,-2.8,-9.5,-8,M39266,M111111,6,0,Cell Type Signatures,7,HU FETAL RETINA MICROGLIA,,-9.5,5.6,9,30293,382,300,21,7,1.5,241|388|467|1843|2771|3726|4478|4616|4650|6793|7791|8935|10096|10487|11010|11031|23313|51177|84002|91010|170954,ALOX5AP|RHOB|ATF3|DUSP1|GNAI2|JUNB|MSN|GADD45B|MYO9B|STK10|ZYX|SKAP2|ACTR3|CAP1|GLIPR1|RAB31|KIAA0930|PLEKHO1|B3GNT5|FMNL3|PPP1R18,-7.2,0
0,0,1,0,1,1,0,0,-2.2,0,-9.5,-4.7,M41669,M001011,3,0,Cell Type Signatures,7,TRAVAGLINI LUNG BRONCHIAL VESSEL 2 CELL,,-9.5,6.7,9.4,30293,272,300,18,6,1.4,390|467|3491|3726|4616|4739|5128|7171|7791|7980|8301|10865|25780|29995|56882|56999|64207|84002,RND3|ATF3|CCN1|JUNB|GADD45B|NEDD9|CDK17|TPM4|ZYX|TFPI2|PICALM|ARID5A|RASGRP3|LMCD1|CDC42SE1|ADAMTS9|IRF2BPL|B3GNT5,-7.2,0
1,0,1,0,0,0,-4.1,0,-9.4,0,0,0,M40016,M101000,2,0,Cell Type Signatures,7,BUSSLINGER GASTRIC REG3A POSITIVE CELLS,,-9.4,21,13,30293,44,299,9,3,0.99,567|972|3105|3627|3934|5284|5721|6373|10410,B2M|CD74|HLA-A|CXCL10|LCN2|PIGR|PSME2|CXCL11|IFITM3,-7.1,0
0,0,0,0,1,1,0,0,0,0,-9.1,-5,M41746,M000011,2,0,Cell Type Signatures,7,RUBENSTEIN SKELETAL MUSCLE SMOOTH MUSCLE CELLS,,-9.1,5,8.5,30293,445,300,22,7.3,1.5,87|467|800|1004|1264|2316|3611|3688|3726|4131|4616|6251|6876|7041|7791|9260|10231|10487|10540|10865|23022|27295,ACTN1|ATF3|CALD1|CDH6|CNN1|FLNA|ILK|ITGB1|JUNB|MAP1B|GADD45B|RSU1|TAGLN|TGFB1I1|ZYX|PDLIM7|RCAN2|CAP1|DCTN2|ARID5A|PALLD|PDLIM3,-6.8,0
1,0,0,1,1,1,-6.5,0,0,-2.5,-8.1,-8.9,M39121,M100111,4,0,Cell Type Signatures,7,AIZARANI LIVER C20 LSECS 3,,-8.9,6.2,8.9,30293,295,300,18,6,1.4,966|1026|1948|2317|3566|5817|5937|7414|8793|9334|23673|51429|51474|55092|80271|85461|131583|140576,CD59|CDKN1A|EFNB2|FLNB|IL4R|PVR|RBMS1|VCL|TNFRSF10D|B4GALT5|STX12|SNX9|LIMA1|TMEM51|ITPKC|TANC1|FAM43A|S100A16,-6.7,0
0,0,0,0,1,0,0,0,0,0,-8.9,0,M39068,M000010,1,0,Cell Type Signatures,7,MANNO MIDBRAIN NEUROTYPES HDA1,,-8.9,4.3,8.1,30293,584,300,25,8.3,1.6,1687|1809|2774|3797|3831|4131|4133|6509|8851|8905|9846|10231|10409|10962|22885|22911|23413|23531|25822|65009|90874|127829|140685|201191|259217,GSDME|DPYSL3|GNAL|KIF3C|KLC1|MAP1B|MAP2|SLC1A4|CDK5R1|AP1S2|GAB2|RCAN2|BASP1|MLLT11|ABLIM3|WDR47|NCS1|MMD|DNAJB5|NDRG4|ZNF697|ARL8A|ZBTB46|SAMD14|HSPA12A,-6.7,0
1,1,1,1,0,1,-4,-7.1,-8.9,-2.7,0,-4,M39110,M111101,5,0,Cell Type Signatures,7,AIZARANI LIVER C6 KUPFFER CELLS 2,,-8.9,7.1,9.2,30293,228,299,16,5.4,1.3,1520|2533|2537|2907|3437|5724|7097|7127|7133|7412|7805|9308|23179|29108|58191|255488,CTSS|FYB1|IFI6|GRINA|IFIT3|PTAFR|TLR2|TNFAIP2|TNFRSF1B|VCAM1|LAPTM5|CD83|RGL1|PYCARD|CXCL16|RNF144B,-6.7,0
0,1,0,0,0,0,0,-8.9,0,0,0,0,M40027,M010000,1,0,Cell Type Signatures,7,BUSSLINGER DUODENAL EARLY IMMATURE ENTEROCYTES,,-8.9,11,10,30293,113,299,12,4,1.1,216|292|476|847|1937|3030|4128|7103|10397|51084|92840|134147,ALDH1A1|SLC25A5|ATP1A1|CAT|EEF1G|HADHA|MAOA|TSPAN8|NDRG1|CRYL1|REEP6|CMBL,-6.6,0
0,1,0,1,0,0,0,-3.1,0,-8.8,0,0,M40220,M010100,2,0,Cell Type Signatures,7,DESCARTES FETAL KIDNEY URETERIC BUD CELLS,,-8.8,6.1,8.8,30293,300,300,18,6,1.4,1308|3691|3856|3866|3875|3880|6286|6690|7348|10103|23584|54845|79589|84951|147798|401934|440335|100130933,COL17A1|ITGB4|KRT8|KRT15|KRT18|KRT19|S100P|SPINK1|UPK1B|TSPAN1|VSIG2|ESRP1|RNF128|TNS4|TMC4|RNF223|SMIM22|SMIM6,-6.6,0
0,0,0,1,1,1,0,0,0,-2.1,-8.8,-6.2,M41719,M000111,3,0,Cell Type Signatures,7,FAN OVARY CL17 PUTATIVE APOPTOTIC SMOOTH MUSCLE CELL,,-8.8,7,9.1,30293,231,300,16,5.3,1.3,87|467|960|1264|1407|4131|4478|4616|6876|8682|9590|10865|23710|26353|51177|84557,ACTN1|ATF3|CD44|CNN1|CRY1|MAP1B|MSN|GADD45B|TAGLN|PEA15|AKAP12|ARID5A|GABARAPL1|HSPB8|PLEKHO1|MAP1LC3A,-6.6,0
1,1,1,1,1,1,-8.7,-3.5,-6.6,-2,-2,-8,M41720,M111111,6,0,Cell Type Signatures,7,FAN OVARY CL18 B LYMPHOCYTE,,-8.7,5,8.3,30293,422,300,21,7,1.5,330|829|1327|1535|1738|2014|3107|5966|6747|7357|8837|10019|10318|23253|23466|29927|54436|55831|56829|121260|387882,BIRC3|CAPZA1|COX4I1|CYBA|DLD|EMP3|HLA-C|REL|SSR3|UGCG|CFLAR|SH2B3|TNIP1|ANKRD12|CBX6|SEC61A1|SH3TC1|EMC3|ZC3HAV1|SLC15A4|C12orf75,-6.5,0
0,0,0,0,1,1,0,0,0,0,-8.7,-2.3,M39114,M000011,2,0,Cell Type Signatures,7,AIZARANI LIVER C10 MVECS 1,,-8.7,6.4,8.9,30293,269,300,17,5.7,1.3,1809|1906|2004|2887|3726|4739|5155|7077|7171|7846|8609|8682|10763|56999|57493|57514|84617,DPYSL3|EDN1|ELK3|GRB10|JUNB|NEDD9|PDGFB|TIMP2|TPM4|TUBA1A|KLF7|PEA15|NES|ADAMTS9|HEG1|ARHGAP31|TUBB6,-6.5,0
0,0,1,0,0,0,0,0,-8.7,0,0,0,M40314,M001000,1,0,Cell Type Signatures,7,DESCARTES FETAL THYMUS ANTIGEN PRESENTING CELLS,,-8.7,8.2,9.5,30293,172,299,14,4.7,1.2,101|972|1520|3627|4794|5724|7097|8942|9308|10148|23308|57458|150372|259307,ADAM8|CD74|CTSS|CXCL10|NFKBIE|PTAFR|TLR2|KYNU|CD83|EBI3|ICOSLG|TMCC3|NFAM1|IL4I1,-6.5,0
0,0,0,0,1,0,0,0,0,0,-8.6,0,M39073,M000010,1,0,Cell Type Signatures,7,MANNO MIDBRAIN NEUROTYPES HOMTN,,-8.6,5.2,8.3,30293,389,300,20,6.7,1.4,1809|2774|3831|4131|4133|4644|6509|7280|7846|10085|10409|10656|10962|26047|57060|60468|65059|81603|84557|259217,DPYSL3|GNAL|KLC1|MAP1B|MAP2|MYO5A|SLC1A4|TUBB2A|TUBA1A|EDIL3|BASP1|KHDRBS3|MLLT11|CNTNAP2|PCBP4|BACH2|RAPH1|TRIM8|MAP1LC3A|HSPA12A,-6.4,0
1,0,1,1,0,1,-8.4,0,-2.7,-3.3,0,-2,M39225,M101101,4,0,Cell Type Signatures,7,LAKE ADULT KIDNEY C6 PROXIMAL TUBULE EPITHELIAL CELLS FIBRINOGEN POS S3,,-8.4,7.8,9.2,30293,181,300,14,4.7,1.2,3696|6648|6840|7035|7357|7763|8887|9926|26037|26137|51719|57674|81688|346389,ITGB8|SOD2|SVIL|TFPI|UGCG|ZFAND5|TAX1BP1|LPGAT1|SIPA1L1|ZBTB20|CAB39|RNF213|C6orf62|MACC1,-6.2,0
1,1,0,1,1,1,-3.3,-3.3,0,-2.8,-8.4,-5.6,M41713,M110111,5,0,Cell Type Signatures,7,FAN OVARY CL11 MURAL GRANULOSA CELL,,-8.4,4.8,8,30293,443,300,21,7,1.5,388|467|1000|1407|1809|3491|3688|5074|5366|5947|6624|7321|7846|9448|11031|11177|29940|55740|57142|84230|84557,RHOB|ATF3|CDH2|CRY1|DPYSL3|CCN1|ITGB1|PAWR|PMAIP1|RBP1|FSCN1|UBE2D1|TUBA1A|MAP4K4|RAB31|BAZ1A|DSE|ENAH|RTN4|LRRC8C|MAP1LC3A,-6.2,0
0,0,0,1,1,0,0,0,0,-3.6,-8.3,0,M39132,M000110,2,0,Cell Type Signatures,7,AIZARANI LIVER C33 STELLATE CELLS 2,,-8.3,9.6,9.7,30293,126,300,12,4,1.1,800|2316|3688|4131|7171|10231|23022|51655|55740|64943|80212|439921,CALD1|FLNA|ITGB1|MAP1B|TPM4|RCAN2|PALLD|RASD1|ENAH|NT5DC2|CCDC92|MXRA7,-6.1,0
1,0,1,1,1,1,-2.9,0,-2.4,-6.1,-8.3,-7.5,M39018,M101111,5,0,Cell Type Signatures,7,FAN EMBRYONIC CTX BIG GROUPS BRAIN ENDOTHELIAL,,-8.3,5.3,8.2,30293,365,300,19,6.3,1.4,87|800|1004|1903|2113|2316|3611|3688|5155|5998|6251|7041|7171|10979|23129|25780|56937|57493|84617,ACTN1|CALD1|CDH6|S1PR3|ETS1|FLNA|ILK|ITGB1|PDGFB|RGS3|RSU1|TGFB1I1|TPM4|FERMT2|PLXND1|RASGRP3|PMEPA1|HEG1|TUBB6,-6.1,0
1,1,1,1,1,1,-2.7,-2.3,-4.9,-5.5,-8.3,-3.8,M39203,M111111,6,0,Cell Type Signatures,7,HAY BONE MARROW NEUTROPHIL,,-8.3,4.7,7.9,30293,449,300,21,7,1.5,388|960|1843|2316|2771|3084|4478|4688|7077|7321|7791|8609|8676|8905|8935|10409|11010|11031|23129|55454|127829,RHOB|CD44|DUSP1|FLNA|GNAI2|NRG1|MSN|NCF2|TIMP2|UBE2D1|ZYX|KLF7|STX11|AP1S2|SKAP2|BASP1|GLIPR1|RAB31|PLXND1|CSGALNACT2|ARL8A,-6.1,0
0,0,0,1,1,1,0,0,0,-2.8,-5.2,-8.3,M40158,M000111,3,0,Cell Type Signatures,7,DESCARTES FETAL CEREBELLUM VASCULAR ENDOTHELIAL CELLS,,-8.3,4,7.6,30293,632,300,25,8.3,1.6,389|858|1893|1969|2150|2335|5872|6237|6548|8407|10544|10627|11135|23780|29950|29984|30851|51285|55890|65018|81532|103910|131583|140576|259173,RHOC|CAV2|ECM1|EPHA2|F2RL1|FN1|RAB13|RRAS|SLC9A1|TAGLN2|PROCR|MYL12A|CDC42EP1|APOL2|SERTAD1|RHOD|TAX1BP3|RASL12|GPRC5C|PINK1|MOB2|MYL12B|FAM43A|S100A16|ALS2CL,-6.1,0
1,1,0,0,0,0,-5.4,-8.2,0,0,0,0,M41653,M110000,2,0,Cell Type Signatures,7,TRAVAGLINI LUNG DIFFERENTIATING BASAL CELL,,-8.2,8.4,9.3,30293,157,299,13,4.3,1.2,216|1075|1915|2752|5176|7103|9071|9368|10551|23474|50853|54097|56649,ALDH1A1|CTSC|EEF1A1|GLUL|SERPINF1|TSPAN8|CLDN10|NHERF1|AGR2|ETHE1|VILL|FAM3B|TMPRSS4,-6.1,0
1,1,0,1,1,1,-8,-2.5,0,-3.1,-5.4,-5.4,M39200,M110111,5,0,Cell Type Signatures,7,HAY BONE MARROW IMMATURE NEUTROPHIL,,-8,7.3,8.8,30293,194,300,14,4.7,1.2,2014|3162|3383|3460|4792|5879|6446|8462|8767|10019|57162|57698|114294|219333,EMP3|HMOX1|ICAM1|IFNGR2|NFKBIA|RAC1|SGK1|KLF11|RIPK2|SH2B3|PELI1|SHTN1|LACTB|USP12,-5.9,0
0,0,0,1,0,1,0,0,0,-8,0,-3.1,M40292,M000101,2,0,Cell Type Signatures,7,DESCARTES FETAL SPLEEN MESOTHELIAL CELLS,,-8,7.2,8.8,30293,195,300,14,4.7,1.2,316|652|827|1396|1949|1958|2353|3856|3875|3880|7076|9022|10232|79660,AOX1|BMP4|CAPN6|CRIP1|EFNB3|EGR1|FOS|KRT8|KRT18|KRT19|TIMP1|CLIC3|MSLN|PPP1R3B,-5.9,0
0,1,0,1,0,0,0,-7.8,0,-2.3,0,0,M40015,M010100,2,0,Cell Type Signatures,7,BUSSLINGER GASTRIC LYZ POSITIVE CELLS,,-7.8,10,9.5,30293,111,299,11,3.7,1.1,1191|1915|1933|1937|1938|2752|4069|10399|10551|51280|54097,CLU|EEF1A1|EEF1B2|EEF1G|EEF2|GLUL|LYZ|RACK1|AGR2|GOLM1|FAM3B,-5.8,0
1,1,1,1,1,0,-5.2,-7.8,-6.1,-6.9,-4.5,0,M41692,M111110,5,0,Cell Type Signatures,7,TRAVAGLINI LUNG MACROPHAGE CELL,,-7.8,7.1,8.6,30293,201,299,14,4.7,1.2,54|341|537|1075|1312|2217|2752|3074|4048|4069|5950|11309|23474|60370,ACP5|APOC1|ATP6AP1|CTSC|COMT|FCGRT|GLUL|HEXB|LTA4H|LYZ|RBP4|SLCO2B1|ETHE1|AVPI1,-5.8,0
1,1,1,0,1,1,-4,-6.1,-5.4,0,-7.7,-4.7,M39305,M111011,5,0,Cell Type Signatures,7,CUI DEVELOPING HEART C8 MACROPHAGE,,-7.7,5.9,8.1,30293,275,300,16,5.3,1.3,241|388|1843|2771|3726|4616|4688|5366|8935|10409|10487|11010|11031|11177|84002|170954,ALOX5AP|RHOB|DUSP1|GNAI2|JUNB|GADD45B|NCF2|PMAIP1|SKAP2|BASP1|CAP1|GLIPR1|RAB31|BAZ1A|B3GNT5|PPP1R18,-5.7,0
0,1,1,0,0,0,0,-7.7,-2.2,0,0,0,M40212,M011000,2,0,Cell Type Signatures,7,DESCARTES FETAL INTESTINE INTESTINAL EPITHELIAL CELLS,,-7.7,5.9,8.1,30293,276,299,16,5.4,1.3,174|335|336|2705|5950|6819|7103|8694|27134|54810|57715|81693|92840|123099|155465|388323,AFP|APOA1|APOA2|GJB1|RBP4|SULT1C2|TSPAN8|DGAT1|TJP3|GIPC2|SEMA4G|AMN|REEP6|DEGS2|AGR3|GLTPD2,-5.7,0
1,0,1,0,1,1,-2.4,0,-7.5,0,-3.1,-3.9,M39021,M101011,4,0,Cell Type Signatures,7,FAN EMBRYONIC CTX BIG GROUPS BRAIN IMMUNE,,-7.5,8.2,8.8,30293,148,299,12,4,1.1,567|972|2533|3105|4050|5696|5698|5720|5721|6892|9235|10410,B2M|CD74|FYB1|HLA-A|LTB|PSMB8|PSMB9|PSME1|PSME2|TAPBP|IL32|IFITM3,-5.5,0
1,1,1,0,0,0,-3.9,-3.2,-7.5,0,0,0,M41655,M111000,3,0,Cell Type Signatures,7,TRAVAGLINI LUNG GOBLET CELL,,-7.5,8.2,8.8,30293,148,299,12,4,1.1,638|718|3486|3934|5284|5699|6558|8743|9536|9957|55620|171177,BIK|C3|IGFBP3|LCN2|PIGR|PSMB10|SLC12A2|TNFSF10|PTGES|HS3ST1|STAP2|RHOV,-5.5,0
0,0,1,1,1,1,0,0,-7.5,-3.5,-6.6,-3.5,M40005,M001111,4,0,Cell Type Signatures,7,BUSSLINGER ESOPHAGEAL DENDRITIC CELLS,,-7.5,6.6,8.2,30293,214,299,14,4.7,1.2,101|157|567|972|1520|4050|5743|7128|7805|9144|9308|51522|58191|83593,ADAM8|GRK3|B2M|CD74|CTSS|LTB|PTGS2|TNFAIP3|LAPTM5|SYNGR2|CD83|TMEM14C|CXCL16|RASSF5,-5.5,0
1,1,0,1,0,1,-3.4,-6,0,-2.3,0,-7.5,M39238,M110101,4,0,Cell Type Signatures,7,LAKE ADULT KIDNEY C19 COLLECTING DUCT INTERCALATED CELLS TYPE A MEDULLA,,-7.5,5.3,7.7,30293,326,300,17,5.7,1.3,71|394|481|754|824|966|3606|3716|6990|9289|9516|10550|10627|11059|23190|51474|103910,ACTG1|ARHGAP5|ATP1B1|PTTG1IP|CAPN2|CD59|IL18|JAK1|DYNLT3|ADGRG1|LITAF|ARL6IP5|MYL12A|WWP1|UBXN4|LIMA1|MYL12B,-5.5,0
0,1,0,0,0,0,0,-7.5,0,0,0,0,M40009,M010000,1,0,Cell Type Signatures,7,BUSSLINGER GASTRIC PPP1R1B POSITIVE CELLS,,-7.5,9.2,9,30293,121,299,11,3.7,1.1,1191|1915|1933|1937|1938|3615|4069|6819|7103|10399|51280,CLU|EEF1A1|EEF1B2|EEF1G|EEF2|IMPDH2|LYZ|SULT1C2|TSPAN8|RACK1|GOLM1,-5.4,0
1,1,0,1,1,1,-4,-4.5,0,-6.2,-3.5,-7.4,M41679,M110111,5,0,Cell Type Signatures,7,TRAVAGLINI LUNG MESOTHELIAL CELL,,-7.4,3.7,7,30293,649,300,24,8,1.6,822|1948|2017|2051|2150|2317|3606|5738|5792|5872|6277|7050|7262|9334|9540|10544|11282|23780|27242|51100|55858|58472|116984|140576,CAPG|EFNB2|CTTN|EPHB6|F2RL1|FLNB|IL18|PTGFRN|PTPRF|RAB13|S100A6|TGIF1|PHLDA2|B4GALT5|TP53I3|PROCR|MGAT4B|APOL2|TNFRSF21|SH3GLB1|TMEM165|SQOR|ARAP2|S100A16,-5.4,0
0,0,0,1,0,0,0,0,0,-7.4,0,0,M40145,M000100,1,0,Cell Type Signatures,7,DESCARTES FETAL ADRENAL CSH1 CSH2 POSITIVE CELLS,,-7.4,6.5,8.1,30293,218,300,14,4.7,1.2,827|2153|2878|3691|3856|3875|6286|9518|53405|54845|54869|84951|145501|168002,CAPN6|F5|GPX3|ITGB4|KRT8|KRT18|S100P|GDF15|CLIC5|ESRP1|EPS8L1|TNS4|ISM2|DACT2,-5.4,0
0,1,0,1,0,0,0,-4.3,0,-7.3,0,0,M39148,M010100,2,0,Cell Type Signatures,7,GAO SMALL INTESTINE 24W C4 ENTEROCYTE PROGENITOR SUBTYPE 2,,-7.3,10,9.3,30293,97,300,10,3.3,1,4485|5267|5476|5646|7448|9056|57462|79589|162417|388588,MST1|SERPINA4|CTSA|PRSS3|VTN|SLC7A7|MYORG|RNF128|NAGS|SMIM1,-5.4,0
0,0,0,0,1,0,0,0,0,0,-7.3,0,M39069,M000010,1,0,Cell Type Signatures,7,MANNO MIDBRAIN NEUROTYPES HDA2,,-7.3,4.1,7.2,30293,513,300,21,7,1.5,1809|2774|3831|4131|4133|4644|5293|6509|7280|7846|8851|10231|10409|10962|22885|23710|26047|27092|65009|84446|90874,DPYSL3|GNAL|KLC1|MAP1B|MAP2|MYO5A|PIK3CD|SLC1A4|TUBB2A|TUBA1A|CDK5R1|RCAN2|BASP1|MLLT11|ABLIM3|GABARAPL1|CNTNAP2|CACNG4|NDRG4|BRSK1|ZNF697,-5.3,0
0,0,1,0,0,0,0,0,-7.3,0,0,0,M39152,M001000,1,0,Cell Type Signatures,7,GAO LARGE INTESTINE 24W C1 DCLK1POS PROGENITOR,,-7.3,10,9.2,30293,99,299,10,3.3,1,716|718|1307|1435|2537|3437|4599|7412|81035|144165,C1S|C3|COL16A1|CSF1|IFI6|IFIT3|MX1|VCAM1|COLEC12|PRICKLE1,-5.3,0
1,1,0,1,1,1,-3.9,-4.6,0,-7.1,-4.6,-3.9,M39321,M110111,5,0,Cell Type Signatures,7,CUI DEVELOPING HEART VASCULAR ENDOTHELIAL CELL,,-7.1,6.8,8.1,30293,193,300,13,4.3,1.2,334|633|1471|2896|3485|3783|4054|4237|7832|8848|9022|10956|81621,APLP2|BGN|CST3|GRN|IGFBP2|KCNN4|LTBP3|MFAP2|BTG2|TSC22D1|CLIC3|OS9|KAZALD1,-5.2,0
0,1,0,0,0,0,0,-7.1,0,0,0,0,M40026,M010000,1,0,Cell Type Signatures,7,BUSSLINGER DUODENAL TRANSIT AMPLIFYING CELLS,,-7.1,6.8,8.1,30293,194,299,13,4.3,1.2,216|292|1891|1915|1933|1937|1938|4128|7184|10399|10551|51280|51386,ALDH1A1|SLC25A5|ECH1|EEF1A1|EEF1B2|EEF1G|EEF2|MAOA|HSP90B1|RACK1|AGR2|GOLM1|EIF3L,-5.2,0
0,0,0,1,1,1,0,0,0,-6.2,-7.1,-2.5,M39122,M000111,3,0,Cell Type Signatures,7,AIZARANI LIVER C21 STELLATE CELLS 1,,-7.1,6.8,8.1,30293,194,300,13,4.3,1.2,87|390|800|3491|3680|3688|3726|4131|5947|7077|7171|23022|439921,ACTN1|RND3|CALD1|CCN1|ITGA9|ITGB1|JUNB|MAP1B|RBP1|TIMP2|TPM4|PALLD|MXRA7,-5.1,0
1,1,0,1,0,1,-5.5,-7,0,-4.2,0,-7,M39229,M110101,4,0,Cell Type Signatures,7,LAKE ADULT KIDNEY C10 THIN ASCENDING LIMB,,-7,4.9,7.3,30293,353,299,17,5.7,1.3,292|476|678|1915|1938|2923|3030|4128|7184|8763|9071|10399|51280|57509|64798|81618|84418,SLC25A5|ATP1A1|ZFP36L2|EEF1A1|EEF2|PDIA3|HADHA|MAOA|HSP90B1|CD164|CLDN10|RACK1|GOLM1|MTUS1|DEPTOR|ITM2C|CYSTM1,-5.1,0
1,1,1,1,1,1,-5.6,-2.3,-2.8,-5,-7,-7,M39039,M111111,6,0,Cell Type Signatures,7,FAN EMBRYONIC CTX BRAIN ENDOTHELIAL 1,,-7,4.4,7.1,30293,440,300,19,6.3,1.4,1000|1004|1906|3491|5947|5998|6509|7171|10763|22885|22979|23129|25780|26064|29995|56920|57493|84617|115908,CDH2|CDH6|EDN1|CCN1|RBP1|RGS3|SLC1A4|TPM4|NES|ABLIM3|EFR3B|PLXND1|RASGRP3|RAI14|LMCD1|SEMA3G|HEG1|TUBB6|CTHRC1,-5.1,0
0,0,0,0,1,0,0,0,0,0,-6.9,0,M39253,M000010,1,0,Cell Type Signatures,7,MENON FETAL KIDNEY 3 STROMAL CELLS,,-6.9,11,9.2,30293,81,300,9,3,0.98,800|3371|3688|5947|7171|7846|9590|23022|26064,CALD1|TNC|ITGB1|RBP1|TPM4|TUBA1A|AKAP12|PALLD|RAI14,-5,0
0,0,1,1,1,0,0,0,-2.9,-6.9,-2.9,0,M40033,M001110,3,0,Cell Type Signatures,7,BUSSLINGER DUODENAL TUFT CELLS,,-6.9,11,9.2,30293,81,300,9,3,0.98,1396|3856|3875|5265|26085|28959|55365|57326|401145,CRIP1|KRT8|KRT18|SERPINA1|KLK13|TMEM176B|TMEM176A|PBXIP1|CCSER1,-5,0
1,0,1,0,0,0,-6.9,0,-3.4,0,0,0,M41660,M101000,2,0,Cell Type Signatures,7,TRAVAGLINI LUNG ALVEOLAR EPITHELIAL TYPE 2 CELL,,-6.9,8.2,8.4,30293,136,300,11,3.7,1.1,374|650|2920|2921|3162|4792|6648|7035|11254|55332|81615,AREG|BMP2|CXCL2|CXCL3|HMOX1|NFKBIA|SOD2|TFPI|SLC6A14|DRAM1|TMEM163,-5,0
1,0,0,1,1,1,-2.5,0,0,-6.8,-4.5,-3.2,M39236,M100111,4,0,Cell Type Signatures,7,LAKE ADULT KIDNEY C17 COLLECTING SYSTEM PCS STRESSED DISSOC SUBSET,,-6.8,5.9,7.6,30293,240,300,14,4.7,1.2,1958|2353|2878|3880|5071|5209|7832|8491|9518|23303|55075|57488|90550|401145,EGR1|FOS|GPX3|KRT19|PRKN|PFKFB3|BTG2|MAP4K3|GDF15|KIF13B|UACA|ESYT2|MCU|CCSER1,-4.9,0
0,0,0,0,1,0,0,0,0,0,-6.8,0,M39288,M000010,1,0,Cell Type Signatures,7,DURANTE ADULT OLFACTORY NEUROEPITHELIUM IMMATURE NEURONS,,-6.8,8,8.3,30293,139,300,11,3.7,1.1,547|1809|2664|2782|3831|4131|7280|7846|10409|22979|23208,KIF1A|DPYSL3|GDI1|GNB1|KLC1|MAP1B|TUBB2A|TUBA1A|BASP1|EFR3B|SYT11,-4.9,0
0,0,0,1,1,1,0,0,0,-2.5,-6.8,-2.5,M41672,M000111,3,0,Cell Type Signatures,7,TRAVAGLINI LUNG VASCULAR SMOOTH MUSCLE CELL,,-6.8,13,9.6,30293,61,300,8,2.7,0.93,87|800|1004|1264|6876|7171|9260|10231,ACTN1|CALD1|CDH6|CNN1|TAGLN|TPM4|PDLIM7|RCAN2,-4.9,0
1,0,1,1,1,1,-3.3,0,-2.5,-2.5,-6.8,-2.5,M39322,M101111,5,0,Cell Type Signatures,7,CUI DEVELOPING HEART VALVAR ENDOTHELIAL CELL,,-6.8,7.9,8.2,30293,141,300,11,3.7,1.1,467|960|5744|7280|7286|7980|10085|10865|23710|26353|27295,ATF3|CD44|PTHLH|TUBB2A|TUFT1|TFPI2|EDIL3|ARID5A|GABARAPL1|HSPB8|PDLIM3,-4.9,0
1,1,0,1,0,0,-2.3,-6.8,0,-4.8,0,0,M39255,M110100,3,0,Cell Type Signatures,7,MENON FETAL KIDNEY 5 PROXIMAL TUBULE CELLS,,-6.8,9,8.5,30293,112,299,10,3.3,1,174|1191|2109|3030|6414|6519|8763|9368|51390|55937,AFP|CLU|ETFB|HADHA|SELENOP|SLC3A1|CD164|NHERF1|AIG1|APOM,-4.9,0
0,1,1,1,0,1,0,-6.7,-2.3,-4.6,0,-4,M39074,M011101,4,0,Cell Type Signatures,7,ZHONG PFC MAJOR TYPES ASTROCYTES,,-6.7,5,7.2,30293,325,299,16,5.4,1.3,230|678|1191|1312|1595|2752|5033|5360|7108|9071|9368|10099|25840|51084|51144|81618,ALDOC|ZFP36L2|CLU|COMT|CYP51A1|GLUL|P4HA1|PLTP|TM7SF2|CLDN10|NHERF1|TSPAN3|TMT1A|CRYL1|HSD17B12|ITM2C,-4.9,0
0,0,0,1,1,1,0,0,0,-4.5,-2.1,-6.6,M41750,M000111,3,0,Cell Type Signatures,7,RUBENSTEIN SKELETAL MUSCLE FBN1 FAP CELLS,,-6.6,5.2,7.2,30293,289,300,15,5,1.3,71|1462|2335|3423|4323|5937|6277|6282|6284|10544|10550|23190|51474|55829|80762,ACTG1|VCAN|FN1|IDS|MMP14|RBMS1|S100A6|S100A11|S100A13|PROCR|ARL6IP5|UBXN4|LIMA1|SELENOS|NDFIP1,-4.8,0
0,1,0,1,1,1,0,-6.6,0,-5.7,-2,-2.7,M39308,M010111,4,0,Cell Type Signatures,7,CUI DEVELOPING HEART TRABECULAR ATRIAL CARDIOMYOCYTE,,-6.6,6.8,7.8,30293,179,299,12,4,1.1,476|682|1515|1595|2923|4758|5033|7184|8763|51109|54504|79971,ATP1A1|BSG|CTSV|CYP51A1|PDIA3|NEU1|P4HA1|HSP90B1|CD164|RDH11|CPVL|WLS,-4.7,0
0,1,0,1,0,0,0,-5.1,0,-6.6,0,0,M39271,M010100,2,0,Cell Type Signatures,7,HU FETAL RETINA RPE,,-6.6,5.2,7.2,30293,292,300,15,5,1.3,334|348|351|652|894|1471|3856|3875|4054|10276|10577|11145|51171|55075|57326,APLP2|APOE|APP|BMP4|CCND2|CST3|KRT8|KRT18|LTBP3|NET1|NPC2|PLAAT3|HSD17B14|UACA|PBXIP1,-4.7,0
0,0,0,0,1,0,0,0,0,0,-6.5,0,M39065,M000010,1,0,Cell Type Signatures,7,MANNO MIDBRAIN NEUROTYPES HRN,,-6.5,4.8,7,30293,335,300,16,5.3,1.3,390|1809|3797|3831|4131|4133|4644|7746|8851|8905|10085|10409|10656|10962|90874|201191,RND3|DPYSL3|KIF3C|KLC1|MAP1B|MAP2|MYO5A|ZSCAN9|CDK5R1|AP1S2|EDIL3|BASP1|KHDRBS3|MLLT11|ZNF697|SAMD14,-4.7,0
0,0,0,0,1,0,0,0,0,0,-6.5,0,M39063,M000010,1,0,Cell Type Signatures,7,MANNO MIDBRAIN NEUROTYPES HNBM,,-6.5,5.1,7.1,30293,295,300,15,5,1.3,390|1809|3831|4131|4133|7746|7846|10085|10745|10962|23710|25822|57060|64780|140685,RND3|DPYSL3|KLC1|MAP1B|MAP2|ZSCAN9|TUBA1A|EDIL3|PHTF1|MLLT11|GABARAPL1|DNAJB5|PCBP4|MICAL1|ZBTB46,-4.7,0
0,1,1,1,1,0,0,-5.1,-3.7,-4.4,-6.5,0,M41675,M011110,4,0,Cell Type Signatures,7,TRAVAGLINI LUNG ADVENTITIAL FIBROBLAST CELL,,-6.5,5.1,7.1,30293,296,300,15,5,1.3,220|960|1809|1843|3491|3726|5744|6498|7077|8460|9590|23710|26353|57142|84617,ALDH1A3|CD44|DPYSL3|DUSP1|CCN1|JUNB|PTHLH|SKIL|TIMP2|TPST1|AKAP12|GABARAPL1|HSPB8|RTN4|TUBB6,-4.7,0
1,0,1,0,1,1,-4.1,0,-6.5,0,-2.8,-5.6,M39124,M101011,4,0,Cell Type Signatures,7,AIZARANI LIVER C23 KUPFFER CELLS 3,,-6.5,6,7.4,30293,221,299,13,4.3,1.2,1520|2533|3684|5724|5743|7097|7127|7133|7805|10475|10970|150372|255488,CTSS|FYB1|ITGAM|PTAFR|PTGS2|TLR2|TNFAIP2|TNFRSF1B|LAPTM5|TRIM38|CKAP4|NFAM1|RNF144B,-4.6,0
1,0,0,0,0,0,-6.5,0,0,0,0,0,M39280,M100000,1,0,Cell Type Signatures,7,DURANTE ADULT OLFACTORY NEUROEPITHELIUM RESPIRATORY SECRETORY CELLS,,-6.5,21,11,30293,29,300,6,2,0.81,2919|2920|2921|3576|124220|135112,CXCL1|CXCL2|CXCL3|CXCL8|ZG16B|NCOA7,-4.6,0
0,1,0,0,0,0,0,-6.4,0,0,0,0,M40031,M010000,1,0,Cell Type Signatures,7,BUSSLINGER DUODENAL GOBLET CELLS,,-6.4,32,12,30293,16,299,5,1.7,0.74,4069|7033|8537|10551|83998,LYZ|TFF3|BCAS1|AGR2|REG4,-4.6,0
1,1,0,1,0,0,-2.9,-4,0,-6.4,0,0,M39278,M110100,3,0,Cell Type Signatures,7,DURANTE ADULT OLFACTORY NEUROEPITHELIUM SUSTENTACULAR CELLS,,-6.4,15,9.6,30293,47,300,7,2.3,0.87,3856|3875|3880|4586|6286|10103|23584,KRT8|KRT18|KRT19|MUC5AC|S100P|TSPAN1|VSIG2,-4.6,0
0,0,1,0,0,0,0,0,-6.4,0,0,0,M40143,M001000,1,0,Cell Type Signatures,7,DESCARTES MAIN FETAL ANTIGEN PRESENTING CELLS,,-6.4,7.2,7.7,30293,154,299,11,3.7,1.1,101|972|3604|3627|9111|9873|23180|27074|57458|83637|259307,ADAM8|CD74|TNFRSF9|CXCL10|NMI|FCHSD2|RFTN1|LAMP3|TMCC3|ZMIZ2|IL4I1,-4.6,0
0,0,1,0,0,0,0,0,-6.4,0,0,0,M40127,M001000,1,0,Cell Type Signatures,7,DESCARTES MAIN FETAL CCL19 CCL21 POSITIVE CELLS,,-6.4,5.4,7.1,30293,263,299,14,4.7,1.2,716|1435|2526|2907|4791|4794|5971|7128|7412|10741|57722|79139|79140|91107,C1S|CSF1|FUT4|GRINA|NFKB2|NFKBIE|RELB|TNFAIP3|VCAM1|RBBP9|IGDCC4|DERL1|CCDC28B|TRIM47,-4.6,0
1,1,0,0,1,0,-2.1,-6.4,0,0,-2.7,0,M41747,M110010,3,0,Cell Type Signatures,7,RUBENSTEIN SKELETAL MUSCLE PCV ENDOTHELIAL CELLS,,-6.4,5.9,7.3,30293,225,299,13,4.3,1.2,678|1075|1191|1915|1975|4059|4061|7048|9452|10397|51162|57509|84418,ZFP36L2|CTSC|CLU|EEF1A1|EIF4B|BCAM|LY6E|TGFBR2|ITM2A|NDRG1|EGFL7|MTUS1|CYSTM1,-4.5,0
1,1,0,1,0,0,-2.6,-3.2,0,-6.4,0,0,M41651,M110100,3,0,Cell Type Signatures,7,TRAVAGLINI LUNG BASAL CELL,,-6.4,6.4,7.5,30293,188,300,12,4,1.1,360|558|894|2034|3485|3691|3783|3866|7076|8848|27122|84951,AQP3|AXL|CCND2|EPAS1|IGFBP2|ITGB4|KCNN4|KRT15|TIMP1|TSC22D1|DKK3|TNS4,-4.5,0
0,0,0,1,1,0,0,0,0,-3,-6.3,0,M39246,M000110,2,0,Cell Type Signatures,7,LAKE ADULT KIDNEY C27 VASCULAR SMOOTH MUSCLE CELLS AND PERICYTES,,-6.3,7.2,7.7,30293,155,300,11,3.7,1.1,467|800|1843|2316|3726|5074|6876|9590|9693|10231|23022,ATF3|CALD1|DUSP1|FLNA|JUNB|PAWR|TAGLN|AKAP12|RAPGEF2|RCAN2|PALLD,-4.5,0
1,0,1,0,0,0,-5.3,0,-6.3,0,0,0,M39131,M101000,2,0,Cell Type Signatures,7,AIZARANI LIVER C32 MVECS 3,,-6.3,8.1,7.9,30293,125,299,10,3.3,1,567|684|3105|6373|7412|8542|8743|9235|10410|54625,B2M|BST2|HLA-A|CXCL11|VCAM1|APOL1|TNFSF10|IL32|IFITM3|PARP14,-4.5,0
1,0,1,0,1,0,-5.4,0,-6.3,0,-6.3,0,M41666,M101010,3,0,Cell Type Signatures,7,TRAVAGLINI LUNG CAPILLARY INTERMEDIATE 1 CELL,,-6.3,7.1,7.6,30293,158,299,11,3.7,1.1,94|972|1435|3384|3459|6376|9144|9235|9308|23555|79683,ACVRL1|CD74|CSF1|ICAM2|IFNGR1|CX3CL1|SYNGR2|IL32|CD83|TSPAN15|ZDHHC14,-4.5,0
0,1,0,1,1,0,0,-6.3,0,-2.4,-2.4,0,M41748,M010110,3,0,Cell Type Signatures,7,RUBENSTEIN SKELETAL MUSCLE SATELLITE CELLS,,-6.3,4.9,6.9,30293,310,299,15,5,1.3,216|341|1191|1312|1915|1933|1938|2752|3030|3615|3646|10399|26355|51386|83939,ALDH1A1|APOC1|CLU|COMT|EEF1A1|EEF1B2|EEF2|GLUL|HADHA|IMPDH2|EIF3E|RACK1|FAM162A|EIF3L|EIF2A,-4.5,0
1,1,0,1,1,1,-2.6,-3.9,0,-3.9,-5.4,-6.2,M41718,M110111,5,0,Cell Type Signatures,7,FAN OVARY CL16 LYMPHATIC ENDOTHELIAL CELL,,-6.2,5.7,7.1,30293,232,300,13,4.3,1.2,389|966|977|2335|5504|6277|9592|10544|10627|54741|103910|140576|221035,RHOC|CD59|CD151|FN1|PPP1R2|S100A6|IER2|PROCR|MYL12A|LEPROT|MYL12B|S100A16|REEP3,-4.4,0
1,0,1,0,0,1,-2.9,0,-2.3,0,0,-6.2,M41714,M101001,3,0,Cell Type Signatures,7,FAN OVARY CL12 T LYMPHOCYTE NK CELL 2,,-6.2,6.9,7.5,30293,161,300,11,3.7,1.1,391|998|3716|5504|6277|6282|8407|10109|11214|23471|51646,RHOG|CDC42|JAK1|PPP1R2|S100A6|S100A11|TAGLN2|ARPC2|AKAP13|TRAM1|YPEL5,-4.4,0
1,1,0,1,1,0,-2.1,-3.5,0,-6.1,-3.4,0,M39055,M110110,4,0,Cell Type Signatures,7,MANNO MIDBRAIN NEUROTYPES HRGL2A,,-6.1,3.5,6.3,30293,600,300,21,7,1.5,1182|1471|1958|2040|2353|3485|4035|4240|7018|7089|9138|10253|10577|27122|55824|57326|57462|57537|81628|284111|341019,CLCN3|CST3|EGR1|STOM|FOS|IGFBP2|LRP1|MFGE8|TF|TLE2|ARHGEF1|SPRY2|NPC2|DKK3|PAG1|PBXIP1|MYORG|SORCS2|TSC22D4|SLC13A5|DCDC1,-4.4,0
0,1,0,0,0,1,0,-6.1,0,0,0,-3.5,M41662,M010001,2,0,Cell Type Signatures,7,TRAVAGLINI LUNG ARTERY CELL,,-6.1,7.7,7.7,30293,131,299,10,3.3,1,476|1075|2752|5360|5801|9071|10217|29116|51144|54810,ATP1A1|CTSC|GLUL|PLTP|PTPRR|CLDN10|CTDSPL|MYLIP|HSD17B12|GIPC2,-4.3,0
1,0,1,0,1,0,-2.5,0,-3.6,0,-6.1,0,M39166,M101010,3,0,Cell Type Signatures,7,GAO LARGE INTESTINE ADULT CI MESENCHYMAL CELLS,,-6.1,4.5,6.6,30293,361,300,16,5.3,1.3,241|4478|4644|6509|8676|8728|10409|11010|23433|25780|51177|55454|84230|84446|122786|170954,ALOX5AP|MSN|MYO5A|SLC1A4|STX11|ADAM19|BASP1|GLIPR1|RHOQ|RASGRP3|PLEKHO1|CSGALNACT2|LRRC8C|BRSK1|FRMD6|PPP1R18,-4.3,0
1,1,0,1,0,1,-2.7,-4,0,-6.1,0,-6.1,M39227,M110101,4,0,Cell Type Signatures,7,LAKE ADULT KIDNEY C8 DECENDING THIN LIMB,,-6.1,5.1,6.8,30293,278,300,14,4.7,1.2,334|1832|1958|3856|3875|5209|5265|7009|7076|7178|8848|9518|9528|9741,APLP2|DSP|EGR1|KRT8|KRT18|PFKFB3|SERPINA1|TMBIM6|TIMP1|TPT1|TSC22D1|GDF15|TMEM59|LAPTM4A,-4.3,0
0,0,0,1,1,0,0,0,0,-2.3,-6.1,0,M39067,M000110,2,0,Cell Type Signatures,7,MANNO MIDBRAIN NEUROTYPES HDA,,-6.1,3.8,6.3,30293,506,300,19,6.3,1.4,1809|2774|4131|4133|4644|6509|7846|8609|8851|8905|9590|10085|10409|10962|51339|64207|90874|127829|201191,DPYSL3|GNAL|MAP1B|MAP2|MYO5A|SLC1A4|TUBA1A|KLF7|CDK5R1|AP1S2|AKAP12|EDIL3|BASP1|MLLT11|DACT1|IRF2BPL|ZNF697|ARL8A|SAMD14,-4.3,0
1,1,0,1,0,1,-3.4,-6.1,0,-5.3,0,-4.6,M39237,M110101,4,0,Cell Type Signatures,7,LAKE ADULT KIDNEY C18 COLLECTING DUCT PRINCIPAL CELLS MEDULLA,,-6.1,4.7,6.7,30293,322,299,15,5,1.3,1191|1915|1938|2923|3030|7184|8763|9121|10397|10399|23446|57509|81618|84418|114569,CLU|EEF1A1|EEF2|PDIA3|HADHA|HSP90B1|CD164|SLC16A5|NDRG1|RACK1|SLC44A1|MTUS1|ITM2C|CYSTM1|MAL2,-4.3,0
0,1,0,1,0,0,0,-6,0,-4.9,0,0,M40001,M010100,2,0,Cell Type Signatures,7,BUSSLINGER ESOPHAGEAL QUIESCENT BASAL CELLS,,-6,11,8.4,30293,77,299,8,2.7,0.93,678|1191|1915|1937|1938|1975|2752|10399,ZFP36L2|CLU|EEF1A1|EEF1G|EEF2|EIF4B|GLUL|RACK1,-4.3,0
1,0,0,1,0,1,-6,0,0,-2.2,0,-2.8,M39230,M100101,3,0,Cell Type Signatures,7,LAKE ADULT KIDNEY C11 THIN ASCENDING LIMB,,-6,6.6,7.3,30293,169,300,11,3.7,1.1,102|2120|2131|6648|6840|7035|23286|55757|64759|65983|135112,ADAM10|ETV6|EXT1|SOD2|SVIL|TFPI|WWC1|UGGT2|TNS3|GRAMD2B|NCOA7,-4.2,0
0,0,0,1,1,0,0,0,0,-2.6,-6,0,M39066,M000110,2,0,Cell Type Signatures,7,MANNO MIDBRAIN NEUROTYPES HNBML5,,-6,3.9,6.3,30293,465,300,18,6,1.4,1809|3831|4131|4133|6624|8609|8851|10336|10409|10962|22885|23413|26047|51339|64207|65009|90874|201191,DPYSL3|KLC1|MAP1B|MAP2|FSCN1|KLF7|CDK5R1|PCGF3|BASP1|MLLT11|ABLIM3|NCS1|CNTNAP2|DACT1|IRF2BPL|NDRG4|ZNF697|SAMD14,-4.2,0
0,1,1,1,0,0,0,-3.2,-2.8,-5.9,0,0,M39168,M011100,3,0,Cell Type Signatures,7,MURARO PANCREAS ALPHA CELL,,-5.9,3.6,6.1,30293,568,300,20,6.7,1.4,1471|2159|2878|4253|5066|5174|6594|7832|7991|9528|10083|25849|28959|51171|55365|78987|79660|91947|113220|144402,CST3|F10|GPX3|MIA2|PAM|PDZK1|SMARCA1|BTG2|TUSC3|TMEM59|USH1C|PARM1|TMEM176B|HSD17B14|TMEM176A|CRELD1|PPP1R3B|ARRDC4|KIF12|CPNE8,-4.2,0
0,0,0,0,1,0,0,0,0,0,-5.9,0,M41670,M000010,1,0,Cell Type Signatures,7,TRAVAGLINI LUNG LYMPHATIC CELL,,-5.9,5.8,7,30293,209,300,12,4,1.1,87|2004|2318|3976|4131|6624|7045|7077|9590|25780|56950|122786,ACTN1|ELK3|FLNC|LIF|MAP1B|FSCN1|TGFBI|TIMP2|AKAP12|RASGRP3|SMYD2|FRMD6,-4.1,0
0,1,0,0,1,1,0,-2.8,0,0,-5.8,-3.3,M41703,M010011,3,0,Cell Type Signatures,7,FAN OVARY CL1 GPRC5A TNFRS12A HIGH SELECTABLE FOLLICLE STROMAL CELL,,-5.8,4.3,6.4,30293,380,300,16,5.3,1.3,800|1407|4131|5074|5516|7321|7798|7846|8682|9590|23022|27295|29940|57142|81631|84617,CALD1|CRY1|MAP1B|PAWR|PPP2CB|UBE2D1|LUZP1|TUBA1A|PEA15|AKAP12|PALLD|PDLIM3|DSE|RTN4|MAP1LC3B|TUBB6,-4.1,0
0,0,0,0,1,0,0,0,0,0,-5.8,0,M39274,M000010,1,0,Cell Type Signatures,7,DURANTE ADULT OLFACTORY NEUROEPITHELIUM FIBROBLASTS STROMAL CELLS,,-5.8,9.9,8,30293,82,300,8,2.7,0.93,800|3491|6876|7045|7077|9590|11010|56892,CALD1|CCN1|TAGLN|TGFBI|TIMP2|AKAP12|GLIPR1|TCIM,-4.1,0
1,0,0,1,0,1,-5.8,0,0,-2.7,0,-2.1,M39223,M100101,3,0,Cell Type Signatures,7,LAKE ADULT KIDNEY C4 PROXIMAL TUBULE EPITHELIAL CELLS S2,,-5.8,6.3,7.1,30293,176,300,11,3.7,1.1,2131|3696|5151|6840|23286|26037|26137|57674|85464|346389|388630,EXT1|ITGB8|PDE8A|SVIL|WWC1|SIPA1L1|ZBTB20|RNF213|SSH2|MACC1|TRABD2B,-4.1,0
0,1,0,1,0,1,0,-5.8,0,-3,0,-3,M40014,M010101,3,0,Cell Type Signatures,7,BUSSLINGER GASTRIC PARIETAL CELLS,,-5.8,5.2,6.7,30293,254,299,13,4.3,1.2,210|216|292|2752|3638|5867|7108|8801|9368|26355|63941|84418|85014,ALAD|ALDH1A1|SLC25A5|GLUL|INSIG1|RAB4A|TM7SF2|SUCLG2|NHERF1|FAM162A|NECAB3|CYSTM1|TMEM141,-4.1,0
0,1,0,1,0,1,0,-3.4,0,-4.1,0,-5.7,M41745,M010101,3,0,Cell Type Signatures,7,RUBENSTEIN SKELETAL MUSCLE FAP CELLS,,-5.7,6.2,7,30293,179,300,11,3.7,1.1,1462|2335|5862|6277|6282|6284|10550|23471|51474|55829|80762,VCAN|FN1|RAB2A|S100A6|S100A11|S100A13|ARL6IP5|TRAM1|LIMA1|SELENOS|NDFIP1,-4,0
0,1,1,0,0,0,0,-2.5,-5.7,0,0,0,M40285,M011000,2,0,Cell Type Signatures,7,DESCARTES FETAL PLACENTA MYELOID CELLS,,-5.7,6.9,7.2,30293,146,299,10,3.3,1,972|3627|6373|7097|9308|27074|51284|58191|150372|259307,CD74|CXCL10|CXCL11|TLR2|CD83|LAMP3|TLR7|CXCL16|NFAM1|IL4I1,-4,0
0,0,0,0,1,1,0,0,0,0,-2.5,-5.7,M39301,M000011,2,0,Cell Type Signatures,7,CUI DEVELOPING HEART C4 ENDOTHELIAL CELL,,-5.7,6.9,7.2,30293,146,300,10,3.3,1,389|858|1948|2050|5445|5899|10544|10769|54741|140576,RHOC|CAV2|EFNB2|EPHB4|PON2|RALB|PROCR|PLK2|LEPROT|S100A16,-4,0
0,1,0,1,1,1,0,-3.6,0,-3.6,-3.6,-5.6,M41717,M010111,4,0,Cell Type Signatures,7,FAN OVARY CL15 SMALL ANTRAL FOLLICLE GRANULOSA CELL,,-5.6,3.3,5.9,30293,645,300,21,7,1.5,71|481|861|966|1499|1948|5862|5899|5937|7057|8507|9592|10109|10627|10678|10916|11259|29950|64651|80762|103910,ACTG1|ATP1B1|RUNX1|CD59|CTNNB1|EFNB2|RAB2A|RALB|RBMS1|THBS1|ENC1|IER2|ARPC2|MYL12A|B3GNT2|MAGED2|FILIP1L|SERTAD1|CSRNP1|NDFIP1|MYL12B,-4,0
0,1,0,1,0,0,0,-3.8,0,-5.6,0,0,M39290,M010100,2,0,Cell Type Signatures,7,DURANTE ADULT OLFACTORY NEUROEPITHELIUM OLFACTORY ENSHEATHING GLIA,,-5.6,7.9,7.4,30293,115,300,9,3,0.98,348|351|1471|4240|27122|27345|28959|55365|81628,APOE|APP|CST3|MFGE8|DKK3|KCNMB4|TMEM176B|TMEM176A|TSC22D4,-4,0
0,1,1,0,1,1,0,-2.7,-2.1,0,-5.5,-3.3,M41749,M011011,4,0,Cell Type Signatures,7,RUBENSTEIN SKELETAL MUSCLE NK CELLS,,-5.5,5.4,6.6,30293,226,300,12,4,1.1,241|1072|2113|2316|3726|4478|4616|7171|10096|10487|56882|170954,ALOX5AP|CFL1|ETS1|FLNA|JUNB|MSN|GADD45B|TPM4|ACTR3|CAP1|CDC42SE1|PPP1R18,-3.9,0
0,0,0,1,0,0,0,0,0,-5.5,0,0,M39158,M000100,1,0,Cell Type Signatures,7,GAO LARGE INTESTINE 24W C8 GOBLET CELL,,-5.5,15,8.8,30293,41,300,6,2,0.81,4680|5333|10103|22874|25803|377841,CEACAM6|PLCD1|TSPAN1|PLEKHA6|SPDEF|ENTPD8,-3.9,0
1,1,0,1,0,1,-5.5,-5.5,0,-4.8,0,-4.8,M39228,M110101,4,0,Cell Type Signatures,7,LAKE ADULT KIDNEY C9 THIN ASCENDING LIMB,,-5.5,4.9,6.4,30293,268,299,13,4.3,1.2,1191|1915|1938|2923|4128|7184|9071|9121|10399|51280|79956|84418|114569,CLU|EEF1A1|EEF2|PDIA3|MAOA|HSP90B1|CLDN10|SLC16A5|RACK1|GOLM1|ERMP1|CYSTM1|MAL2,-3.9,0
1,0,1,1,0,1,-2.7,0,-4.8,-2.1,0,-5.5,M39201,M101101,4,0,Cell Type Signatures,7,HAY BONE MARROW MONOCYTE,,-5.5,5.3,6.6,30293,227,300,12,4,1.1,389|391|1436|2634|4615|5899|6237|6282|10094|23529|54918|55313,RHOC|RHOG|CSF1R|GBP2|MYD88|RALB|RRAS|S100A11|ARPC3|CLCF1|CMTM6|CPPED1,-3.8,0
1,1,1,1,1,1,-4.9,-2.8,-4.9,-3.3,-2.8,-5.5,M41690,M111111,6,0,Cell Type Signatures,7,TRAVAGLINI LUNG BASOPHIL MAST 2 CELL,,-5.5,3.6,5.9,30293,502,300,18,6,1.4,822|1026|1499|3423|3566|4814|5899|6990|7050|8878|9334|10544|10916|29950|30011|54843|64651|92521,CAPG|CDKN1A|CTNNB1|IDS|IL4R|NINJ1|RALB|DYNLT3|TGIF1|SQSTM1|B4GALT5|PROCR|MAGED2|SERTAD1|SH3KBP1|SYTL2|CSRNP1|SPECC1,-3.8,0
0,0,1,0,0,0,0,0,-5.5,0,0,0,M41664,M001000,1,0,Cell Type Signatures,7,TRAVAGLINI LUNG CAPILLARY AEROCYTE CELL,,-5.5,14,8.7,30293,42,299,6,2,0.81,567|972|3384|6558|9235|9308,B2M|CD74|ICAM2|SLC12A2|IL32|CD83,-3.8,0
0,0,1,0,0,0,0,0,-5.4,0,0,0,M40274,M001000,1,0,Cell Type Signatures,7,DESCARTES FETAL PANCREAS LYMPHATIC ENDOTHELIAL CELLS,,-5.4,11,8,30293,65,299,7,2.3,0.87,3604|5743|6364|6374|7092|9413|338440,TNFRSF9|PTGS2|CCL20|CXCL5|TLL1|ENTREP1|ANO9,-3.8,0
0,1,0,1,0,0,0,-3.8,0,-5.4,0,0,M39285,M010100,2,0,Cell Type Signatures,7,DURANTE ADULT OLFACTORY NEUROEPITHELIUM RESPIRATORY CILIATED CELLS,,-5.4,6.5,6.9,30293,156,300,10,3.3,1,828|1396|3485|4586|9518|10103|51506|80736|144406|440335,CAPS|CRIP1|IGFBP2|MUC5AC|GDF15|TSPAN1|UFC1|SLC44A4|CFAP251|SMIM22,-3.8,0
0,1,0,1,1,1,0,-5.4,0,-3.4,-3.4,-4.1,M41707,M010111,4,0,Cell Type Signatures,7,FAN OVARY CL5 HEALTHY SELECTABLE FOLLICLE THECAL CELL,,-5.4,4.5,6.2,30293,318,299,14,4.7,1.2,216|292|341|847|1075|1891|1938|5176|5360|57509|60681|79971|81618|84263,ALDH1A1|SLC25A5|APOC1|CAT|CTSC|ECH1|EEF2|SERPINF1|PLTP|MTUS1|FKBP10|WLS|ITM2C|HSDL2,-3.8,0
0,1,0,1,0,0,0,-5.4,0,-2.2,0,0,M39257,M010100,2,0,Cell Type Signatures,7,MENON FETAL KIDNEY 7 LOOPOF HENLE CELLS DISTAL,,-5.4,4.8,6.3,30293,276,299,13,4.3,1.2,174|216|292|476|537|2109|6819|9071|10217|26355|51084|81618|84418,AFP|ALDH1A1|SLC25A5|ATP1A1|ATP6AP1|ETFB|SULT1C2|CLDN10|CTDSPL|FAM162A|CRYL1|ITM2C|CYSTM1,-3.8,0
1,1,0,1,0,1,-4.4,-2.6,0,-5.3,0,-5.3,M39256,M110101,4,0,Cell Type Signatures,7,MENON FETAL KIDNEY 6 COLLECTING DUCT CELLS,,-5.3,8.6,7.4,30293,94,300,8,2.7,0.93,1958|2353|3856|3875|3880|7832|8848|26010,EGR1|FOS|KRT8|KRT18|KRT19|BTG2|TSC22D1|SPATS2L,-3.7,0
0,0,1,1,1,0,0,0,-2.9,-3.5,-5.3,0,M41688,M001110,3,0,Cell Type Signatures,7,TRAVAGLINI LUNG NEUTROPHIL CELL,,-5.3,4.1,6,30293,368,300,15,5,1.3,87|241|1843|2771|3726|4318|4688|8408|9260|9261|10409|25777|56882|57591|58476,ACTN1|ALOX5AP|DUSP1|GNAI2|JUNB|MMP9|NCF2|ULK1|PDLIM7|MAPKAPK2|BASP1|SUN2|CDC42SE1|MRTFA|TP53INP2,-3.7,0
0,1,0,1,0,0,0,-5.3,0,-2,0,0,M40271,M010100,2,0,Cell Type Signatures,7,DESCARTES FETAL PANCREAS DUCTAL CELLS,,-5.3,7.1,6.9,30293,128,299,9,3,0.99,476|2348|3026|6337|6519|8416|9071|123099|155465,ATP1A1|FOLR1|HABP2|SCNN1A|SLC3A1|ANXA9|CLDN10|DEGS2|AGR3,-3.7,0
0,0,0,0,1,1,0,0,0,0,-5.2,-2.7,M39117,M000011,2,0,Cell Type Signatures,7,AIZARANI LIVER C13 LSECS 2,,-5.2,4.6,6.2,30293,283,300,13,4.3,1.2,87|1906|2004|4739|6624|7077|7171|7980|8609|9590|23129|56892|57493,ACTN1|EDN1|ELK3|NEDD9|FSCN1|TIMP2|TPM4|TFPI2|KLF7|AKAP12|PLXND1|TCIM|HEG1,-3.6,0
0,0,1,0,0,0,0,0,-5.2,0,0,0,M40259,M001000,1,0,Cell Type Signatures,7,DESCARTES FETAL MUSCLE MYELOID CELLS,,-5.2,7,6.9,30293,130,299,9,3,0.99,972|1520|3684|7096|7097|8942|9308|23179|150372,CD74|CTSS|ITGAM|TLR1|TLR2|KYNU|CD83|RGL1|NFAM1,-3.6,0
1,0,1,0,1,1,-2.5,0,-4.4,0,-3.1,-5.1,M41706,M101011,4,0,Cell Type Signatures,7,FAN OVARY CL4 T LYMPHOCYTE NK CELL 1,,-5.1,4.9,6.2,30293,246,300,12,4,1.1,998|3716|6277|6282|8407|9516|10094|10109|10550|11214|23471|51646,CDC42|JAK1|S100A6|S100A11|TAGLN2|LITAF|ARPC3|ARPC2|ARL6IP5|AKAP13|TRAM1|YPEL5,-3.6,0
1,1,1,1,0,0,-4.1,-3.6,-5.1,-2.7,0,0,M40157,M111100,4,0,Cell Type Signatures,7,DESCARTES FETAL CEREBELLUM MICROGLIA,,-5.1,3.2,5.5,30293,642,299,20,6.7,1.4,718|972|1435|1520|2533|3140|3459|3684|5724|7096|7097|7805|9308|10148|51284|58191|79705|83938|150372|259307,C3|CD74|CSF1|CTSS|FYB1|MR1|IFNGR1|ITGAM|PTAFR|TLR1|TLR2|LAPTM5|CD83|EBI3|TLR7|CXCL16|LRRK1|LRMDA|NFAM1|IL4I1,-3.6,0
0,0,0,1,0,0,0,0,0,-5.1,0,0,M39284,M000100,1,0,Cell Type Signatures,7,DURANTE ADULT OLFACTORY NEUROEPITHELIUM RESPIRATORY COLUMNAR CELLS,,-5.1,18,9,30293,28,300,5,1.7,0.74,360|2034|3856|3875|3880,AQP3|EPAS1|KRT8|KRT18|KRT19,-3.6,0
0,0,1,0,0,0,0,0,-5.1,0,0,0,M40229,M001000,1,0,Cell Type Signatures,7,DESCARTES FETAL LIVER MYELOID CELLS,,-5.1,5.3,6.3,30293,209,299,11,3.7,1.1,1520|3437|3459|3627|4794|7127|7412|10148|64127|150372|259307,CTSS|IFIT3|IFNGR1|CXCL10|NFKBIE|TNFAIP2|VCAM1|EBI3|NOD2|NFAM1|IL4I1,-3.5,0
0,0,0,0,1,1,0,0,0,0,-5.1,-5.1,M39259,M000011,2,0,Cell Type Signatures,7,MENON FETAL KIDNEY 9 ENDOTHELIAL CELLS,,-5.1,7.9,7,30293,102,300,8,2.7,0.93,2113|2771|3688|4478|7171|9448|10763|56892,ETS1|GNAI2|ITGB1|MSN|TPM4|MAP4K4|NES|TCIM,-3.5,0
1,1,0,1,1,1,-3.7,-5,0,-2.6,-3.1,-4.3,M41751,M110111,5,0,Cell Type Signatures,7,RUBENSTEIN SKELETAL MUSCLE MYELOID CELLS,,-5,4.1,5.8,30293,347,299,14,4.7,1.2,292|1915|1933|2217|3646|4048|4069|7351|8635|8804|51170|51316|51386|54504,SLC25A5|EEF1A1|EEF1B2|FCGRT|EIF3E|LTA4H|LYZ|UCP2|RNASET2|CREG1|HSD17B11|PLAC8|EIF3L|CPVL,-3.4,0
0,1,1,1,1,1,0,-4.9,-2.4,-3.3,-3.3,-3.8,M39017,M011111,5,0,Cell Type Signatures,7,FAN EMBRYONIC CTX BIG GROUPS CAJAL RETZIUS,,-4.9,3.5,5.5,30293,499,299,17,5.7,1.3,292|537|1191|1728|3638|4061|4128|7108|10099|10682|26355|51144|57185|81618|84418|123099|326624,SLC25A5|ATP6AP1|CLU|NQO1|INSIG1|LY6E|MAOA|TM7SF2|TSPAN3|EBP|FAM162A|HSD17B12|NIPAL3|ITM2C|CYSTM1|DEGS2|RAB37,-3.4,0
0,1,0,1,0,1,0,-2.6,0,-4.9,0,-3.3,M40004,M010101,3,0,Cell Type Signatures,7,BUSSLINGER ESOPHAGEAL LATE SUPRABASAL CELLS,,-4.9,6.5,6.5,30293,140,300,9,3,0.98,360|1471|1832|1958|2878|2896|4680|9022|26085,AQP3|CST3|DSP|EGR1|GPX3|GRN|CEACAM6|CLIC3|KLK13,-3.4,0
1,1,1,0,0,0,-2.3,-2.3,-4.9,0,0,0,M40168,M111000,3,0,Cell Type Signatures,7,DESCARTES FETAL CEREBRUM MICROGLIA,,-4.9,3.4,5.5,30293,505,299,17,5.7,1.3,972|1435|1520|3140|3684|7096|7097|7098|8741|9308|10148|51284|58191|79705|83938|146857|150372,CD74|CSF1|CTSS|MR1|ITGAM|TLR1|TLR2|TLR3|TNFSF13|CD83|EBI3|TLR7|CXCL16|LRRK1|LRMDA|SLFN13|NFAM1,-3.4,0
1,1,1,1,1,1,-2.7,-3.4,-4.9,-3.3,-2.7,-4.9,M41701,M111111,6,0,Cell Type Signatures,7,TRAVAGLINI LUNG NONCLASSICAL MONOCYTE CELL,,-4.9,5.6,6.2,30293,180,299,10,3.3,1,637|1520|4214|7133|8743|8942|10410|58191|150372|255488,BID|CTSS|MAP3K1|TNFRSF1B|TNFSF10|KYNU|IFITM3|CXCL16|NFAM1|RNF144B,-3.4,0
0,0,0,1,0,0,0,0,0,-4.8,0,0,M40228,M000100,1,0,Cell Type Signatures,7,DESCARTES FETAL LIVER MESOTHELIAL CELLS,,-4.8,4.2,5.7,30293,310,300,13,4.3,1.2,316|1396|1958|3691|3875|3880|9022|10076|10232|25849|53405|54869|85415,AOX1|CRIP1|EGR1|ITGB4|KRT18|KRT19|CLIC3|PTPRU|MSLN|PARM1|CLIC5|EPS8L1|RHPN2,-3.3,0
1,0,0,0,0,0,-4.8,0,0,0,0,0,M40303,M100000,1,0,Cell Type Signatures,7,DESCARTES FETAL STOMACH GOBLET CELLS,,-4.8,25,9.7,30293,16,300,4,1.3,0.66,2919|8549|26281|27189,CXCL1|LGR5|FGF20|IL17C,-3.3,0
0,0,0,1,0,0,0,0,0,-4.8,0,0,M39312,M000100,1,0,Cell Type Signatures,7,CUI DEVELOPING HEART 5TH WEEK VENTRICULAR CARDIOMYOCYTE,,-4.8,8.7,7,30293,81,300,7,2.3,0.87,2353|2878|5066|27122|53405|56935|64764,FOS|GPX3|PAM|DKK3|CLIC5|SMCO4|CREB3L2,-3.3,0
0,0,1,1,1,1,0,0,-4.8,-3.4,-3.4,-2.2,M41699,M001111,4,0,Cell Type Signatures,7,TRAVAGLINI LUNG CLASSICAL MONOCYTE CELL,,-4.8,4.5,5.8,30293,270,299,12,4,1.1,1520|3459|3684|4214|7097|7127|7133|8743|8942|29108|150372|255488,CTSS|IFNGR1|ITGAM|MAP3K1|TLR2|TNFAIP2|TNFRSF1B|TNFSF10|KYNU|PYCARD|NFAM1|RNF144B,-3.3,0
0,1,0,1,1,1,0,-2,0,-4.7,-3.7,-2.8,M39082,M010111,4,0,Cell Type Signatures,7,ZHONG PFC C9 ORG OTHER,,-4.7,8.5,6.9,30293,83,300,7,2.3,0.87,558|1471|2040|2878|4240|27122|57462,AXL|CST3|STOM|GPX3|MFGE8|DKK3|MYORG,-3.2,0
0,0,1,0,0,1,0,0,-4.7,0,0,-4.7,M39204,M001001,2,0,Cell Type Signatures,7,HAY BONE MARROW NK CELLS,,-4.7,3.8,5.5,30293,370,299,14,4.7,1.2,101|567|3105|5698|5699|5720|6890|6892|54331|60489|80830|83593|92922|146857,ADAM8|B2M|HLA-A|PSMB9|PSMB10|PSME1|TAP1|TAPBP|GNG2|APOBEC3G|APOL6|RASSF5|CCDC102A|SLFN13,-3.2,0
1,0,1,0,1,0,-3.8,0,-4.7,0,-2.2,0,M39286,M101010,3,0,Cell Type Signatures,7,DURANTE ADULT OLFACTORY NEUROEPITHELIUM DENDRITIC CELLS,,-4.7,6.9,6.4,30293,117,299,8,2.7,0.93,1520|2533|5743|7127|7128|7133|7805|29108,CTSS|FYB1|PTGS2|TNFAIP2|TNFAIP3|TNFRSF1B|LAPTM5|PYCARD,-3.2,0
0,0,1,0,0,0,0,0,-4.6,0,0,0,M39306,M001000,1,0,Cell Type Signatures,7,CUI DEVELOPING HEART C9 B T CELL,,-4.6,5.9,6.1,30293,155,299,9,3,0.99,2533|3105|4050|5698|6892|7128|7805|9235|54331,FYB1|HLA-A|LTB|PSMB9|TAPBP|TNFAIP3|LAPTM5|IL32|GNG2,-3.1,0
0,0,0,1,1,0,0,0,0,-4.6,-2.3,0,M39171,M000110,2,0,Cell Type Signatures,7,MURARO PANCREAS PANCREATIC POLYPEPTIDE CELL,,-4.6,5.9,6.1,30293,155,300,9,3,0.98,360|1958|2353|5066|5265|7832|8912|30061|388403,AQP3|EGR1|FOS|PAM|SERPINA1|BTG2|CACNA1H|SLC40A1|YPEL2,-3.1,0
0,0,1,0,1,1,0,0,-3.6,0,-4.6,-2.7,M39070,M001011,3,0,Cell Type Signatures,7,MANNO MIDBRAIN NEUROTYPES HNBGABA,,-4.6,2.9,5,30293,703,300,20,6.7,1.4,1809|2774|3831|4131|4133|5293|8851|10085|10336|10409|22885|26047|27092|51339|60468|65009|84230|84446|84557|140685,DPYSL3|GNAL|KLC1|MAP1B|MAP2|PIK3CD|CDK5R1|EDIL3|PCGF3|BASP1|ABLIM3|CNTNAP2|CACNG4|DACT1|BACH2|NDRG4|LRRC8C|BRSK1|MAP1LC3A|ZBTB46,-3.1,0
0,0,1,0,1,0,0,0,-4.6,0,-2.3,0,M39105,M001010,2,0,Cell Type Signatures,7,AIZARANI LIVER C1 NK NKT CELLS 1,,-4.6,5.8,6,30293,157,299,9,3,0.99,567|2533|3105|7133|9235|55196|60489|83593|162394,B2M|FYB1|HLA-A|TNFRSF1B|IL32|RESF1|APOBEC3G|RASSF5|SLFN5,-3.1,0
0,0,1,0,0,0,0,0,-4.5,0,0,0,M39106,M001000,1,0,Cell Type Signatures,7,AIZARANI LIVER C2 KUPFFER CELLS 1,,-4.5,5.1,5.8,30293,200,299,10,3.3,1,1520|3459|5724|7097|7133|7805|9050|9308|58191|255488,CTSS|IFNGR1|PTAFR|TLR2|TNFRSF1B|LAPTM5|PSTPIP2|CD83|CXCL16|RNF144B,-3.1,0
0,0,0,0,1,0,0,0,0,0,-4.5,0,M39104,M000010,1,0,Cell Type Signatures,7,ZHONG PFC C3 MICROGLIA,,-4.5,3.3,5.1,30293,488,300,16,5.3,1.3,547|1000|1809|2774|3797|4131|7280|7846|22911|23413|29967|57060|65009|81706|127829|339761,KIF1A|CDH2|DPYSL3|GNAL|KIF3C|MAP1B|TUBB2A|TUBA1A|WDR47|NCS1|LRP12|PCBP4|NDRG4|PPP1R14C|ARL8A|CYP27C1,-3,0
1,0,1,0,0,0,-4.4,0,-4.5,0,0,0,M40092,M101000,2,0,Cell Type Signatures,7,DESCARTES MAIN FETAL CORNEAL AND CONJUNCTIVAL EPITHELIAL CELLS,,-4.5,4.2,5.5,30293,290,299,12,4,1.1,2706|3934|5284|5721|5918|6376|6558|9144|124056|151636|171177|200316,GJB2|LCN2|PIGR|PSME2|RARRES1|CX3CL1|SLC12A2|SYNGR2|NOXO1|DTX3L|RHOV|APOBEC3F,-3,0
0,1,1,0,0,1,0,-2.1,-2.8,0,0,-4.4,M39242,M011001,3,0,Cell Type Signatures,7,LAKE ADULT KIDNEY C23 ENDOTHELIAL CELLS AVR,,-4.4,6.4,6.1,30293,126,300,8,2.7,0.93,71|754|966|2335|3716|5937|10627|103910,ACTG1|PTTG1IP|CD59|FN1|JAK1|RBMS1|MYL12A|MYL12B,-3,0
0,1,0,0,0,0,0,-4.4,0,0,0,0,M39043,M010000,1,0,Cell Type Signatures,7,FAN EMBRYONIC CTX MICROGLIA 3,,-4.4,20,8.6,30293,20,299,4,1.3,0.66,1075|5641|8804|11309,CTSC|LGMN|CREG1|SLCO2B1,-3,0
0,1,0,0,0,1,0,-3,0,0,0,-4.4,M39254,M010001,2,0,Cell Type Signatures,7,MENON FETAL KIDNEY 4 PODOCYTES,,-4.4,4.9,5.6,30293,206,300,10,3.3,1,966|977|1948|4627|5445|5862|5937|6277|54741|103910,CD59|CD151|EFNB2|MYH9|PON2|RAB2A|RBMS1|S100A6|LEPROT|MYL12B,-3,0
0,0,0,0,1,0,0,0,0,0,-4.3,0,M41673,M000010,1,0,Cell Type Signatures,7,TRAVAGLINI LUNG MYOFIBROBLAST CELL,,-4.3,9.3,6.7,30293,65,300,6,2,0.81,3371|4053|4739|7045|27295|115908,TNC|LTBP2|NEDD9|TGFBI|PDLIM3|CTHRC1,-2.9,0
1,0,0,0,0,0,-4.3,0,0,0,0,0,M39215,M100000,1,0,Cell Type Signatures,7,ZHENG CORD BLOOD C6 HSC MULTIPOTENT PROGENITOR,,-4.3,7.3,6.2,30293,97,300,7,2.3,0.87,374|2625|3659|4792|7035|8767|57162,AREG|GATA3|IRF1|NFKBIA|TFPI|RIPK2|PELI1,-2.9,0
0,0,0,1,0,0,0,0,0,-4.3,0,0,M40018,M000100,1,0,Cell Type Signatures,7,BUSSLINGER GASTRIC G CELLS,,-4.3,7.2,6.2,30293,98,300,7,2.3,0.87,1832|1958|5066|7076|7832|28959|30061,DSP|EGR1|PAM|TIMP1|BTG2|TMEM176B|SLC40A1,-2.9,0
1,0,1,0,1,1,-2.7,0,-4.2,0,-3.4,-4.2,M39126,M101011,4,0,Cell Type Signatures,7,AIZARANI LIVER C25 KUPFFER CELLS 4,,-4.2,5.2,5.6,30293,174,299,9,3,0.99,1520|7097|7133|7805|9050|9308|23308|58191|255488,CTSS|TLR2|TNFRSF1B|LAPTM5|PSTPIP2|CD83|ICOSLG|CXCL16|RNF144B,-2.8,0
1,0,1,0,0,0,-2.5,0,-4.2,0,0,0,M39045,M101000,2,0,Cell Type Signatures,7,FAN EMBRYONIC CTX BRAIN B CELL,,-4.2,7.1,6.1,30293,100,299,7,2.3,0.87,972|3105|4050|5698|5720|5721|6689,CD74|HLA-A|LTB|PSMB9|PSME1|PSME2|SPIB,-2.8,0
0,0,1,0,0,0,0,0,-4.2,0,0,0,M40244,M001000,1,0,Cell Type Signatures,7,DESCARTES FETAL LUNG MYELOID CELLS,,-4.2,5.2,5.6,30293,176,299,9,3,0.99,972|3627|5743|7096|8942|9308|64127|79705|150372,CD74|CXCL10|PTGS2|TLR1|KYNU|CD83|NOD2|LRRK1|NFAM1,-2.8,0
1,0,1,0,0,1,-2.6,0,-4.2,0,0,-3.3,M41743,M101001,3,0,Cell Type Signatures,7,RUBENSTEIN SKELETAL MUSCLE ENDOTHELIAL CELLS,,-4.2,5.9,5.8,30293,137,299,8,2.7,0.93,567|684|972|3105|3384|8743|9235|10410,B2M|BST2|CD74|HLA-A|ICAM2|TNFSF10|IL32|IFITM3,-2.8,0
0,0,0,0,1,1,0,0,0,0,-4.1,-3.5,M39057,M000011,2,0,Cell Type Signatures,7,MANNO MIDBRAIN NEUROTYPES HRGL1,,-4.1,3.6,5,30293,364,300,13,4.3,1.2,960|2318|3491|7477|8682|9469|10446|10763|26064|27295|29995|84002|145173,CD44|FLNC|CCN1|WNT7B|PEA15|CHST3|LRRN2|NES|RAI14|PDLIM3|LMCD1|B3GNT5|B3GLCT,-2.8,0
1,0,0,1,1,1,-2.2,0,0,-4.1,-3.6,-4.1,M40167,M100111,4,0,Cell Type Signatures,7,DESCARTES FETAL CEREBRUM VASCULAR ENDOTHELIAL CELLS,,-4.1,2.9,4.7,30293,585,300,17,5.7,1.3,633|1396|1832|2034|2852|3481|6286|28959|30061|53405|55075|57572|80139|147798|162461|168002|256364,BGN|CRIP1|DSP|EPAS1|GPER1|IGF2|S100P|TMEM176B|SLC40A1|CLIC5|UACA|DOCK6|ZNF703|TMC4|TMEM92|DACT2|EML3,-2.7,0
0,1,0,0,0,0,0,-4,0,0,0,0,M41696,M010000,1,0,Cell Type Signatures,7,TRAVAGLINI LUNG IGSF21 DENDRITIC CELL,,-4,11,6.8,30293,46,299,5,1.7,0.74,5360|5641|11309|79971|93663,PLTP|LGMN|SLCO2B1|WLS|ARHGAP18,-2.7,0
0,0,0,1,1,1,0,0,0,-2.2,-4,-3.4,M39206,M000111,3,0,Cell Type Signatures,7,HAY BONE MARROW PLATELET,,-4,4.1,5.1,30293,271,300,11,3.7,1.1,1264|3611|6251|7171|9260|22885|23531|51177|54498|90853|201191,CNN1|ILK|RSU1|TPM4|PDLIM7|ABLIM3|MMD|PLEKHO1|SMOX|SPOCD1|SAMD14,-2.7,0
0,0,1,0,0,0,0,0,-4,0,0,0,M40210,M001000,1,0,Cell Type Signatures,7,DESCARTES FETAL INTESTINE MYELOID CELLS,,-4,4.5,5.2,30293,227,299,10,3.3,1,637|972|1520|3627|5724|7096|8942|9308|10148|51284,BID|CD74|CTSS|CXCL10|PTAFR|TLR1|KYNU|CD83|EBI3|TLR7,-2.7,0
1,0,1,0,0,0,-4,0,-2.2,0,0,0,M39294,M101000,2,0,Cell Type Signatures,7,DURANTE ADULT OLFACTORY NEUROEPITHELIUM MAST CELLS,,-4,8.1,6.1,30293,75,300,6,2,0.81,330|374|2014|4792|5880|6446,BIRC3|AREG|EMP3|NFKBIA|RAC2|SGK1,-2.7,0
0,0,0,0,0,1,0,0,0,0,0,-4,M40182,M000001,1,0,Cell Type Signatures,7,DESCARTES FETAL EYE SMOOTH MUSCLE CELLS,,-4,8.1,6.1,30293,75,300,6,2,0.81,5872|6560|9191|9907|79794|132864,RAB13|SLC12A4|DEDD|AP5Z1|SPRING1|CPEB2,-2.7,0
1,1,0,1,0,1,-2.7,-4,0,-4,0,-4,M41689,M110101,4,0,Cell Type Signatures,7,TRAVAGLINI LUNG BASOPHIL MAST 1 CELL,,-4,4,5.1,30293,276,299,11,3.7,1.1,216|1191|2752|5874|23446|51144|51162|81618|84418|93663|326624,ALDH1A1|CLU|GLUL|RAB27B|SLC44A1|HSD17B12|EGFL7|ITM2C|CYSTM1|ARHGAP18|RAB37,-2.7,0
0,0,1,1,0,0,0,0,-3.9,-2.3,0,0,M40192,M001100,2,0,Cell Type Signatures,7,DESCARTES FETAL HEART EPICARDIAL FAT CELLS,,-3.9,6.4,5.7,30293,110,299,7,2.3,0.87,718|1080|4868|5918|79412|164312|285016,C3|CFTR|NPHS1|RARRES1|KREMEN2|LRRN4|ALKAL2,-2.7,0
0,1,0,1,0,1,0,-2.7,0,-3.3,0,-3.9,M39263,M010101,3,0,Cell Type Signatures,7,HU FETAL RETINA BLOOD,,-3.9,3.9,5,30293,282,300,11,3.7,1.1,391|4354|4627|6277|9540|10133|11135|11235|55568|92521|116151,RHOG|MPP1|MYH9|S100A6|TP53I3|OPTN|CDC42EP1|PDCD10|GALNT10|SPECC1|FAM210B,-2.6,0
0,0,1,0,0,0,0,0,-3.9,0,0,0,M40187,M001000,1,0,Cell Type Signatures,7,DESCARTES FETAL EYE MICROGLIA,,-3.9,5.4,5.4,30293,151,299,8,2.7,0.93,972|2533|3684|5724|7097|7805|9308|79705,CD74|FYB1|ITGAM|PTAFR|TLR2|LAPTM5|CD83|LRRK1,-2.6,0
0,0,0,1,0,1,0,0,0,-2,0,-3.8,M40250,M000101,2,0,Cell Type Signatures,7,DESCARTES FETAL MUSCLE MEGAKARYOCYTES,,-3.8,4.2,5,30293,238,300,10,3.3,1,2017|5912|6548|7057|7094|7414|9948|11282|54918|80219,CTTN|RAP2B|SLC9A1|THBS1|TLN1|VCL|WDR1|MGAT4B|CMTM6|COQ10B,-2.6,0
0,0,0,1,0,0,0,0,0,-3.8,0,0,M41678,M000100,1,0,Cell Type Signatures,7,TRAVAGLINI LUNG PERICYTE CELL,,-3.8,6.2,5.6,30293,114,300,7,2.3,0.87,348|639|2040|2878|3485|55824|81848,APOE|PRDM1|STOM|GPX3|IGFBP2|PAG1|SPRY4,-2.6,0
0,1,0,1,0,0,0,-3.1,0,-3.8,0,0,M39034,M010100,2,0,Cell Type Signatures,7,FAN EMBRYONIC CTX ASTROCYTE 2,,-3.8,5.3,5.3,30293,153,300,8,2.7,0.93,348|828|1291|4240|9741|10577|26010|57326,APOE|CAPS|COL6A1|MFGE8|LAPTM4A|NPC2|SPATS2L|PBXIP1,-2.6,0
0,0,1,1,0,0,0,0,-3.8,-2.9,0,0,M39282,M001100,2,0,Cell Type Signatures,7,DURANTE ADULT OLFACTORY NEUROEPITHELIUM MACROPHAGES,,-3.8,7.5,5.9,30293,81,299,6,2,0.81,718|972|1520|7805|9308|58191,C3|CD74|CTSS|LAPTM5|CD83|CXCL16,-2.6,0
0,0,1,1,0,1,0,0,-3.8,-2.3,0,-3.8,M39304,M001101,3,0,Cell Type Signatures,7,CUI DEVELOPING HEART C7 MAST CELL,,-3.8,5.2,5.2,30293,156,299,8,2.7,0.93,101|684|3684|7128|7805|8743|9308|9957,ADAM8|BST2|ITGAM|TNFAIP3|LAPTM5|TNFSF10|CD83|HS3ST1,-2.5,0
0,0,0,1,1,0,0,0,0,-2.3,-3.7,0,M39072,M000110,2,0,Cell Type Signatures,7,MANNO MIDBRAIN NEUROTYPES HSERT,,-3.7,3.1,4.6,30293,450,300,14,4.7,1.2,1809|2774|3831|4131|4644|7280|8851|10409|10962|65009|84557|115908|201191|259217,DPYSL3|GNAL|KLC1|MAP1B|MYO5A|TUBB2A|CDK5R1|BASP1|MLLT11|NDRG4|MAP1LC3A|CTHRC1|SAMD14|HSPA12A,-2.5,0
0,0,1,0,0,0,0,0,-3.7,0,0,0,M39047,M001000,1,0,Cell Type Signatures,7,FAN EMBRYONIC CTX BRAIN NAIVE LIKE T CELL,,-3.7,5.1,5.2,30293,158,299,8,2.7,0.93,1117|3105|4050|5696|5698|7128|9235|9466,CHI3L2|HLA-A|LTB|PSMB8|PSMB9|TNFAIP3|IL32|IL27RA,-2.5,0
0,0,1,0,1,0,0,0,-3.7,0,-2.1,0,M39120,M001010,2,0,Cell Type Signatures,7,AIZARANI LIVER C18 NK NKT CELLS 5,,-3.7,5.9,5.3,30293,121,299,7,2.3,0.87,1520|7097|7127|7133|7805|9308|255488,CTSS|TLR2|TNFAIP2|TNFRSF1B|LAPTM5|CD83|RNF144B,-2.5,0
0,0,1,0,0,0,0,0,-3.7,0,0,0,M39276,M001000,1,0,Cell Type Signatures,7,DURANTE ADULT OLFACTORY NEUROEPITHELIUM CD4 T CELLS,,-3.7,14,6.8,30293,30,299,4,1.3,0.66,2533|4050|7128|9235,FYB1|LTB|TNFAIP3|IL32,-2.5,0
0,0,1,0,0,0,0,0,-3.7,0,0,0,M39107,M001000,1,0,Cell Type Signatures,7,AIZARANI LIVER C3 NK NKT CELLS 2,,-3.7,5,5.1,30293,162,299,8,2.7,0.93,567|2533|4050|7128|7805|9235|55196|162394,B2M|FYB1|LTB|TNFAIP3|LAPTM5|IL32|RESF1|SLFN5,-2.4,0
1,0,0,1,0,0,-3.6,0,0,-3.6,0,0,M40237,M100100,2,0,Cell Type Signatures,7,DESCARTES FETAL LUNG SQUAMOUS EPITHELIAL CELLS,,-3.6,4.4,4.9,30293,206,300,9,3,0.98,2524|4070|9367|23120|51228|57146|63898|64065|80223,FUT2|TACSTD2|RAB9A|ATP10B|GLTP|LDAF1|SH2D4A|PERP|RAB11FIP1,-2.4,0
0,1,0,1,0,0,0,-3.6,0,-2.6,0,0,M40006,M010100,2,0,Cell Type Signatures,7,BUSSLINGER GASTRIC CHIEF CELLS,,-3.6,9,6,30293,56,299,5,1.7,0.74,1938|2752|7494|10549|25840,EEF2|GLUL|XBP1|PRDX4|TMT1A,-2.4,0
0,0,0,0,1,0,0,0,0,0,-3.6,0,M40270,M000010,1,0,Cell Type Signatures,7,DESCARTES FETAL PANCREAS ENS NEURONS,,-3.6,5,5.1,30293,163,300,8,2.7,0.93,1809|3084|4131|7280|7846|10962|26047|51083,DPYSL3|NRG1|MAP1B|TUBB2A|TUBA1A|MLLT11|CNTNAP2|GAL,-2.4,0
0,0,1,1,0,0,0,0,-2.6,-3.6,0,0,M39159,M001100,2,0,Cell Type Signatures,7,GAO LARGE INTESTINE 24W C10 ENTEROCYTE,,-3.6,9,6,30293,56,300,5,1.7,0.74,5646|10232|53841|57121|79574,PRSS3|MSLN|CDHR5|LPAR5|EPS8L3,-2.4,0
0,1,0,1,1,1,0,-3.6,0,-3,-3.6,-3,M41705,M010111,4,0,Cell Type Signatures,7,FAN OVARY CL3 MATURE CUMULUS GRANULOSA CELL 1,,-3.6,4,4.8,30293,254,299,10,3.3,1,335|678|4061|6414|6920|7108|10549|29952|60370|81579,APOA1|ZFP36L2|LY6E|SELENOP|TCEA3|TM7SF2|PRDX4|DPP7|AVPI1|PLA2G12A,-2.4,0
0,0,0,0,0,1,0,0,0,0,0,-3.6,M40069,M000001,1,0,Cell Type Signatures,7,DESCARTES MAIN FETAL MEGAKARYOCYTES,,-3.6,4.4,4.9,30293,207,300,9,3,0.98,1729|2017|4627|5912|7057|7094|7414|8821|10681,DIAPH1|CTTN|MYH9|RAP2B|THBS1|TLN1|VCL|INPP4B|GNB5,-2.4,0
0,0,1,0,0,1,0,0,-2.1,0,0,-3.6,M41667,M001001,2,0,Cell Type Signatures,7,TRAVAGLINI LUNG CAPILLARY INTERMEDIATE 2 CELL,,-3.6,3.2,4.5,30293,408,300,13,4.3,1.2,824|4627|5872|6277|6284|6990|10109|10133|10627|10749|26112|54874|65018,CAPN2|MYH9|RAB13|S100A6|S100A13|DYNLT3|ARPC2|OPTN|MYL12A|KIF1C|CCDC69|FNBP1L|PINK1,-2.4,0
0,1,0,0,0,0,0,-3.6,0,0,0,0,M40138,M010000,1,0,Cell Type Signatures,7,DESCARTES MAIN FETAL PARIETAL AND CHIEF CELLS,,-3.6,5.7,5.2,30293,125,299,7,2.3,0.87,2181|8431|10110|26355|55040|115019|401546,ACSL3|NR0B2|SGK2|FAM162A|EPN3|SLC26A9|C9orf152,-2.4,0
0,0,0,0,1,1,0,0,0,0,-3.6,-2.2,M41671,M000011,2,0,Cell Type Signatures,7,TRAVAGLINI LUNG AIRWAY SMOOTH MUSCLE CELL,,-3.6,4.9,5,30293,166,300,8,2.7,0.93,87|1264|2316|4131|6876|7041|10231|64780,ACTN1|CNN1|FLNA|MAP1B|TAGLN|TGFB1I1|RCAN2|MICAL1,-2.4,0
0,1,0,1,0,0,0,-3.6,0,-2.3,0,0,M41710,M010100,2,0,Cell Type Signatures,7,FAN OVARY CL8 MATURE CUMULUS GRANULOSA CELL 2,,-3.6,2.7,4.3,30293,646,299,17,5.7,1.3,292|335|1312|1515|1650|1891|1937|4061|5236|6920|7108|10549|60370|81579|84263|85014|92840,SLC25A5|APOA1|COMT|CTSV|DDOST|ECH1|EEF1G|LY6E|PGM1|TCEA3|TM7SF2|PRDX4|AVPI1|PLA2G12A|HSDL2|TMEM141|REEP6,-2.4,0
0,0,0,1,1,0,0,0,0,-2.9,-3.5,0,M39221,M000110,2,0,Cell Type Signatures,7,LAKE ADULT KIDNEY C2 PODOCYTES,,-3.5,4.3,4.8,30293,212,300,9,3,0.98,800|3097|5074|8301|8609|10763|23022|26064|56999,CALD1|HIVEP2|PAWR|PICALM|KLF7|NES|PALLD|RAI14|ADAMTS9,-2.4,0
0,0,1,0,0,0,0,0,-3.5,0,0,0,M40221,M001000,1,0,Cell Type Signatures,7,DESCARTES FETAL KIDNEY MYELOID CELLS,,-3.5,4.3,4.8,30293,213,299,9,3,0.99,5724|5743|7096|8876|8942|51284|64127|79705|150372,PTAFR|PTGS2|TLR1|VNN1|KYNU|TLR7|NOD2|LRRK1|NFAM1,-2.4,0
0,0,0,1,1,1,0,0,0,-3.5,-2.8,-2,M40133,M000111,3,0,Cell Type Signatures,7,DESCARTES MAIN FETAL EXTRAVILLOUS TROPHOBLASTS,,-3.5,5.5,5.1,30293,128,300,7,2.3,0.87,3856|3875|4324|10150|22887|64175|145501,KRT8|KRT18|MMP15|MBNL2|FOXJ3|P3H1|ISM2,-2.3,0
0,1,0,1,0,0,0,-2.5,0,-3.5,0,0,M39224,M010100,2,0,Cell Type Signatures,7,LAKE ADULT KIDNEY C5 PROXIMAL TUBULE EPITHELIAL CELLS STRESS INFLAM,,-3.5,3.1,4.4,30293,417,300,13,4.3,1.2,1958|2353|2878|4324|4745|9056|10083|22874|54858|57139|64743|80221|113220,EGR1|FOS|GPX3|MMP15|NELL1|SLC7A7|USH1C|PLEKHA6|PGPEP1|RGL3|WDR13|ACSF2|KIF12,-2.3,0
0,1,0,0,0,0,0,-3.5,0,0,0,0,M39123,M010000,1,0,Cell Type Signatures,7,AIZARANI LIVER C22 RESIDENT B CELLS 2,,-3.5,12,6.5,30293,33,299,4,1.3,0.66,7184|7494|10549|81618,HSP90B1|XBP1|PRDX4|ITM2C,-2.3,0
0,0,0,1,0,1,0,0,0,-3.5,0,-3.5,M39273,M000101,2,0,Cell Type Signatures,7,DURANTE ADULT OLFACTORY NEUROEPITHELIUM RESPIRATORY HORIZONTAL BASAL CELLS,,-3.5,12,6.5,30293,33,300,4,1.3,0.66,360|3856|3875|3880,AQP3|KRT8|KRT18|KRT19,-2.3,0
0,1,0,0,0,0,0,-3.5,0,0,0,0,M39155,M010000,1,0,Cell Type Signatures,7,GAO LARGE INTESTINE 24W C5 LGR5POS STEM CELL,,-3.5,8.4,5.8,30293,60,299,5,1.7,0.74,415|2705|7103|80724|127845,ARSL|GJB1|TSPAN8|ACAD10|GOLT1A,-2.3,0
1,1,0,1,0,0,-2.3,-2.8,0,-3.4,0,0,M39258,M110100,3,0,Cell Type Signatures,7,MENON FETAL KIDNEY 8 CONNECTING TUBULE CELLS,,-3.4,3.8,4.6,30293,267,300,10,3.3,1,334|1291|2064|3856|3880|7009|9528|10577|57139|113220,APLP2|COL6A1|ERBB2|KRT8|KRT19|TMBIM6|TMEM59|NPC2|RGL3|KIF12,-2.3,0
0,1,0,1,0,1,0,-3.4,0,-2.7,0,-3.4,M39020,M010101,3,0,Cell Type Signatures,7,FAN EMBRYONIC CTX BIG GROUPS GLIAL,,-3.4,5.3,5,30293,133,299,7,2.3,0.87,230|1191|1595|7108|10099|51109|81618,ALDOC|CLU|CYP51A1|TM7SF2|TSPAN3|RDH11|ITM2C,-2.3,0
0,1,0,0,0,0,0,-3.4,0,0,0,0,M39112,M010000,1,0,Cell Type Signatures,7,AIZARANI LIVER C8 RESIDENT B CELLS 1,,-3.4,12,6.3,30293,35,299,4,1.3,0.66,7184|7494|10549|81618,HSP90B1|XBP1|PRDX4|ITM2C,-2.3,0
0,0,1,0,0,0,0,0,-3.4,0,0,0,M39289,M001000,1,0,Cell Type Signatures,7,DURANTE ADULT OLFACTORY NEUROEPITHELIUM B CELLS,,-3.4,12,6.3,30293,35,299,4,1.3,0.66,972|4050|7805|9308,CD74|LTB|LAPTM5|CD83,-2.3,0
0,0,1,0,0,0,0,0,-3.4,0,0,0,M40196,M001000,1,0,Cell Type Signatures,7,DESCARTES FETAL HEART MYELOID CELLS,,-3.4,5.3,5,30293,134,299,7,2.3,0.87,972|7097|10148|51284|64127|79705|150372,CD74|TLR2|EBI3|TLR7|NOD2|LRRK1|NFAM1,-2.3,0
0,0,0,0,1,0,0,0,0,0,-3.4,0,M39296,M000010,1,0,Cell Type Signatures,7,DURANTE ADULT OLFACTORY NEUROEPITHELIUM GLOBOSE BASAL CELLS,,-3.4,12,6.2,30293,35,300,4,1.3,0.66,4131|5947|7846|57060,MAP1B|RBP1|TUBA1A|PCBP4,-2.3,0
1,0,0,1,1,0,-3.4,0,0,-3.4,-2.7,0,M39245,M100110,3,0,Cell Type Signatures,7,LAKE ADULT KIDNEY C26 MESANGIAL CELLS,,-3.4,4.6,4.8,30293,177,300,8,2.7,0.93,2131|2625|3572|4792|8611|8809|23253|64759,EXT1|GATA3|IL6ST|NFKBIA|PLPP1|IL18R1|ANKRD12|TNS3,-2.3,0
1,1,0,0,0,1,-2.1,-3.4,0,0,0,-2.7,M41668,M110001,3,0,Cell Type Signatures,7,TRAVAGLINI LUNG BRONCHIAL VESSEL 1 CELL,,-3.4,4.1,4.6,30293,224,299,9,3,0.99,292|678|1938|1975|3615|3646|10205|10397|10549,SLC25A5|ZFP36L2|EEF2|EIF4B|IMPDH2|EIF3E|MPZL2|NDRG1|PRDX4,-2.3,0
0,0,0,0,1,0,0,0,0,0,-3.4,0,M39261,M000010,1,0,Cell Type Signatures,7,HU FETAL RETINA AMACRINE,,-3.4,7.9,5.5,30293,64,300,5,1.7,0.74,390|1072|4133|7280|10962,RND3|CFL1|MAP2|TUBB2A|MLLT11,-2.2,0
0,0,0,0,0,1,0,0,0,0,0,-3.4,M39210,M000001,1,0,Cell Type Signatures,7,ZHENG CORD BLOOD C1 PUTATIVE MEGAKARYOCYTE PROGENITOR,,-3.4,6.2,5.1,30293,98,300,6,2,0.81,1948|2017|5154|7057|7414|10627,EFNB2|CTTN|PDGFA|THBS1|VCL|MYL12A,-2.2,0
0,0,0,1,0,0,0,0,0,-3.3,0,0,M39241,M000100,1,0,Cell Type Signatures,7,LAKE ADULT KIDNEY C22 ENDOTHELIAL CELLS GLOMERULAR CAPILLARIES,,-3.3,5.2,4.9,30293,137,300,7,2.3,0.87,351|2034|2353|2878|23143|55075|81846,APP|EPAS1|FOS|GPX3|LRCH1|UACA|SBF2,-2.2,0
0,1,0,0,0,0,0,-3.3,0,0,0,0,M41752,M010000,1,0,Cell Type Signatures,7,RUBENSTEIN SKELETAL MUSCLE T CELLS,,-3.3,4.5,4.7,30293,181,299,8,2.7,0.93,678|1915|1933|3646|10399|10961|51316|51386,ZFP36L2|EEF1A1|EEF1B2|EIF3E|RACK1|ERP29|PLAC8|EIF3L,-2.2,0
0,0,1,0,0,0,0,0,-3.3,0,0,0,M39044,M001000,1,0,Cell Type Signatures,7,FAN EMBRYONIC CTX BRAIN MYELOID,,-3.3,5.1,4.8,30293,139,299,7,2.3,0.87,972|1520|3105|5698|5743|7127|10410,CD74|CTSS|HLA-A|PSMB9|PTGS2|TNFAIP2|IFITM3,-2.2,0
0,1,1,0,0,0,0,-3.3,-2.6,0,0,0,M40148,M011000,2,0,Cell Type Signatures,7,DESCARTES FETAL ADRENAL MYELOID CELLS,,-3.3,4.4,4.6,30293,183,299,8,2.7,0.93,1675|4069|5641|8635|10551|11309|54504|81622,CFD|LYZ|LGMN|RNASET2|AGR2|SLCO2B1|CPVL|UNC93B1,-2.2,0
1,0,0,0,0,0,-3.3,0,0,0,0,0,M39235,M100000,1,0,Cell Type Signatures,7,LAKE ADULT KIDNEY C16 COLLECTING SYSTEM PRINCIPAL CELLS CORTEX,,-3.3,5,4.8,30293,141,300,7,2.3,0.87,2625|5151|9991|23235|64778|85464|346389,GATA3|PDE8A|PTBP3|SIK2|FNDC3B|SSH2|MACC1,-2.2,0
0,0,0,1,0,0,0,0,0,-3.3,0,0,M40299,M000100,1,0,Cell Type Signatures,7,DESCARTES FETAL STOMACH SQUAMOUS EPITHELIAL CELLS,,-3.3,7.5,5.4,30293,67,300,5,1.7,0.74,360|1308|3866|6947|84951,AQP3|COL17A1|KRT15|TCN1|TNS4,-2.2,0
0,1,0,0,0,0,0,-3.2,0,0,0,0,M41702,M010000,1,0,Cell Type Signatures,7,FAN OVARY CL0 XBP1 SELK HIGH STROMAL CELL,,-3.2,5,4.7,30293,143,299,7,2.3,0.87,476|900|3638|3646|7184|7494|10399,ATP1A1|CCNG1|INSIG1|EIF3E|HSP90B1|XBP1|RACK1,-2.1,0
0,0,0,0,1,0,0,0,0,0,-3.2,0,M41744,M000010,1,0,Cell Type Signatures,7,RUBENSTEIN SKELETAL MUSCLE PERICYTES,,-3.2,4.9,4.7,30293,144,300,7,2.3,0.87,388|800|960|2316|3688|6876|7846,RHOB|CALD1|CD44|FLNA|ITGB1|TAGLN|TUBA1A,-2.1,0
1,0,1,0,1,0,-2.5,0,-3.2,0,-3.2,0,M41677,M101010,3,0,Cell Type Signatures,7,TRAVAGLINI LUNG LIPOFIBROBLAST CELL,,-3.2,4.9,4.7,30293,146,299,7,2.3,0.87,716|718|972|4327|5359|5918|6774,C1S|C3|CD74|MMP19|PLSCR1|RARRES1|STAT3,-2.1,0
0,0,0,0,1,0,0,0,0,0,-3.2,0,M39265,M000010,1,0,Cell Type Signatures,7,HU FETAL RETINA HORIZONTAL,,-3.2,10,5.8,30293,40,300,4,1.3,0.66,7846|10962|26047|65009,TUBA1A|MLLT11|CNTNAP2|NDRG4,-2.1,0
1,0,1,0,0,0,-3.2,0,-2.1,0,0,0,M41663,M101000,2,0,Cell Type Signatures,7,TRAVAGLINI LUNG VEIN CELL,,-3.2,10,5.8,30293,40,300,4,1.3,0.66,2920|3383|6648|135112,CXCL2|ICAM1|SOD2|NCOA7,-2.1,0
0,1,0,1,0,0,0,-2.5,0,-3.2,0,0,M39099,M010100,2,0,Cell Type Signatures,7,ZHONG PFC C4 PTGDS POS OPC,,-3.2,4.8,4.6,30293,147,300,7,2.3,0.87,598|950|7018|9528|22933|79932|81628,BCL2L1|SCARB2|TF|TMEM59|SIRT2|KIAA0319L|TSC22D4,-2.1,0
0,1,0,0,0,0,0,-3.2,0,0,0,0,M39157,M010000,1,0,Cell Type Signatures,7,GAO LARGE INTESTINE 24W C7 GOBLET PROGENITOR,,-3.2,17,6.7,30293,18,299,3,1,0.58,3171|11227|83998,FOXA3|GALNT5|REG4,-2.1,0
0,0,0,1,0,0,0,0,0,-3.2,0,0,M39035,M000100,1,0,Cell Type Signatures,7,FAN EMBRYONIC CTX NSC 1,,-3.2,17,6.7,30293,18,300,3,1,0.57,894|2353|2571,CCND2|FOS|GAD1,-2.1,0
0,1,1,1,0,0,0,-3.1,-2.1,-2.1,0,0,M39202,M011100,3,0,Cell Type Signatures,7,HAY BONE MARROW NAIVE T CELL,,-3.1,3,4.1,30293,403,299,12,4,1.1,678|1915|1933|1975|3646|6920|9452|26751|57185|83998|130589|340547,ZFP36L2|EEF1A1|EEF1B2|EIF4B|EIF3E|TCEA3|ITM2A|SH3YL1|NIPAL3|REG4|GALM|VSIG1,-2.1,0
0,0,1,0,0,0,0,0,-3.1,0,0,0,M40312,M001000,1,0,Cell Type Signatures,7,DESCARTES FETAL THYMUS THYMIC EPITHELIAL CELLS,,-3.1,3.7,4.3,30293,245,299,9,3,0.99,4868|79412|80731|89932|91133|91828|130367|133121|338440,NPHS1|KREMEN2|THSD7B|PAPLN|L3MBTL4|EXOC3L4|SGPP2|ENPP6|ANO9,-2.1,0
1,1,0,0,0,0,-3.1,-2.5,0,0,0,0,M39194,M110000,2,0,Cell Type Signatures,7,HAY BONE MARROW DENDRITIC CELL,,-3.1,4.1,4.4,30293,196,300,8,2.7,0.93,860|1847|7357|23466|64420|84679|121260|387882,RUNX2|DUSP5|UGCG|CBX6|SUSD1|SLC9A7|SLC15A4|C12orf75,-2,0
0,1,0,0,1,1,0,-2.3,0,0,-3.1,-2.3,M39310,M010011,3,0,Cell Type Signatures,7,CUI DEVELOPING HEART TRABECULAR VENTRICULAR CARDIOMYOCYTE,,-3.1,5.5,4.7,30293,110,300,6,2,0.81,3491|5998|6498|10962|26353|51655,CCN1|RGS3|SKIL|MLLT11|HSPB8|RASD1,-2,0
0,0,0,1,0,0,0,0,0,-3.1,0,0,M39272,M000100,1,0,Cell Type Signatures,7,DURANTE ADULT OLFACTORY NEUROEPITHELIUM OLFACTORY HORIZONTAL BASAL CELLS,,-3.1,16,6.5,30293,19,300,3,1,0.57,360|3866|8848,AQP3|KRT15|TSC22D1,-2,0
0,0,0,1,1,0,0,0,0,-3.1,-3.1,0,M41695,M000110,2,0,Cell Type Signatures,7,TRAVAGLINI LUNG MYELOID DENDRITIC TYPE 1 CELL,,-3.1,16,6.5,30293,19,300,3,1,0.57,558|1471|1522,AXL|CST3|CTSZ,-2,0
0,0,1,1,0,1,0,0,-2.4,-2.4,0,-3.1,M39243,M001101,3,0,Cell Type Signatures,7,LAKE ADULT KIDNEY C24 ENDOTHELIAL CELLS AEA AND DVR,,-3.1,4.7,4.5,30293,152,300,7,2.3,0.87,71|754|966|4627|10627|11214|103910,ACTG1|PTTG1IP|CD59|MYH9|MYL12A|AKAP13|MYL12B,-2,0
0,0,1,0,0,0,0,0,-3.1,0,0,0,M40191,M001000,1,0,Cell Type Signatures,7,DESCARTES FETAL HEART MEGAKARYOCYTES,,-3.1,5.5,4.7,30293,111,299,6,2,0.81,2811|3934|6374|7292|9050|54020,GP1BA|LCN2|CXCL5|TNFSF4|PSTPIP2|SLC37A1,-2,0
1,1,1,0,0,0,-2.1,-3.1,-2.1,0,0,0,M40032,M111000,3,0,Cell Type Signatures,7,BUSSLINGER DUODENAL BCHE CELLS,,-3.1,9.4,5.5,30293,43,299,4,1.3,0.66,4069|7103|10144|51316,LYZ|TSPAN8|FAM13A|PLAC8,-2,0
0,0,0,1,0,0,0,0,0,-3,0,0,M40208,M000100,1,0,Cell Type Signatures,7,DESCARTES FETAL INTESTINE CHROMAFFIN CELLS,,-3,5.4,4.7,30293,112,300,6,2,0.81,2696|3623|5066|8938|57139|57586,GIPR|INHA|PAM|BAIAP3|RGL3|SYT13,-2,0
0,0,0,1,0,0,0,0,0,-3,0,0,M39172,M000100,1,0,Cell Type Signatures,7,MURARO PANCREAS EPSILON CELL,,-3,9.2,5.4,30293,44,300,4,1.3,0.66,432|5265|6690|7448,ASGR1|SERPINA1|SPINK1|VTN,-2,0
0,0,1,0,0,0,0,0,-3,0,0,0,M40302,M001000,1,0,Cell Type Signatures,7,DESCARTES FETAL STOMACH MYELOID CELLS,,-3,6.7,4.9,30293,76,299,5,1.7,0.74,972|5724|7133|9308|150372,CD74|PTAFR|TNFRSF1B|CD83|NFAM1,-2,0
0,0,0,1,0,0,0,0,0,-3,0,0,M39315,M000100,1,0,Cell Type Signatures,7,CUI DEVELOPING HEART LEFT ATRIAL CARDIOMYOCYTE,,-3,15,6.3,30293,20,300,3,1,0.57,2878|5066|53405,GPX3|PAM|CLIC5,-2,0
0,1,0,0,1,0,0,-3,0,0,-2.4,0,M39058,M010010,2,0,Cell Type Signatures,7,MANNO MIDBRAIN NEUROTYPES HPROGM,,-3,3.3,4,30293,307,299,10,3.3,1,335|678|3170|5033|5176|5360|7033|7276|7351|10144,APOA1|ZFP36L2|FOXA2|P4HA1|SERPINF1|PLTP|TFF3|TTR|UCP2|FAM13A,-2,0
0,1,0,0,0,0,0,-3,0,0,0,0,M39149,M010000,1,0,Cell Type Signatures,7,GAO SMALL INTESTINE 24W C6 GOBLET CELLS,,-3,8.8,5.3,30293,46,299,4,1.3,0.66,8537|54097|55902|83998,BCAS1|FAM3B|ACSS2|REG4,-1.9,0
0,1,0,0,0,0,0,-3,0,0,0,0,M39281,M010000,1,0,Cell Type Signatures,7,DURANTE ADULT OLFACTORY NEUROEPITHELIUM PLASMA CELLS,,-3,14,6.2,30293,21,299,3,1,0.58,7184|10549|81618,HSP90B1|PRDX4|ITM2C,-1.9,0
0,0,0,1,0,0,0,0,0,-2.9,0,0,M40273,M000100,1,0,Cell Type Signatures,7,DESCARTES FETAL PANCREAS MESOTHELIAL CELLS,,-2.9,6.4,4.8,30293,79,300,5,1.7,0.74,316|7448|8399|10232|53405,AOX1|VTN|PLA2G10|MSLN|CLIC5,-1.9,0
0,0,0,0,1,0,0,0,0,0,-2.9,0,M40106,M000010,1,0,Cell Type Signatures,7,DESCARTES MAIN FETAL ENDOCARDIAL CELLS,,-2.9,6.3,4.8,30293,80,300,5,1.7,0.74,4092|5744|7126|57493|115908,SMAD7|PTHLH|TNFAIP1|HEG1|CTHRC1,-1.9,0
0,1,0,0,0,0,0,-2.9,0,0,0,0,M39147,M010000,1,0,Cell Type Signatures,7,GAO SMALL INTESTINE 24W C3 ENTEROCYTE PROGENITOR SUBTYPE 1,,-2.9,8.4,5.2,30293,48,299,4,1.3,0.66,2650|7103|7276|79170,GCNT1|TSPAN8|TTR|PRR15L,-1.9,0
0,0,1,0,1,0,0,0,-2.9,0,-2.9,0,M39162,M001010,2,0,Cell Type Signatures,7,GAO LARGE INTESTINE ADULT CE OLFM4HIGH STEM CELL,,-2.9,3,3.8,30293,374,299,11,3.7,1.1,3437|4050|6374|6376|7096|9899|10741|23492|85453|259307|644150,IFIT3|LTB|CXCL5|CX3CL1|TLR1|SV2B|RBBP9|CBX7|TSPYL5|IL4I1|WIPF3,-1.9,0
0,0,1,0,0,1,0,0,-2.9,0,0,-2,M39260,M001001,2,0,Cell Type Signatures,7,MENON FETAL KIDNEY 10 IMMUNE CELLS,,-2.9,6.1,4.6,30293,83,299,5,1.7,0.74,567|972|2533|3105|7805,B2M|CD74|FYB1|HLA-A|LAPTM5,-1.9,0
0,1,0,1,1,0,0,-2.9,0,-2,-2,0,M39298,M010110,3,0,Cell Type Signatures,7,CUI DEVELOPING HEART C1 5TH WEEK CARDIAC CELLS,,-2.9,6.1,4.6,30293,83,299,5,1.7,0.74,1515|7108|9368|9985|85014,CTSV|TM7SF2|NHERF1|REC8|TMEM141,-1.9,0
0,1,0,0,0,0,0,-2.8,0,0,0,0,M39134,M010000,1,0,Cell Type Signatures,7,AIZARANI LIVER C38 RESIDENT B CELLS 3,,-2.8,13,5.9,30293,23,299,3,1,0.58,7184|7494|81618,HSP90B1|XBP1|ITM2C,-1.9,0
1,0,1,0,0,0,-2,0,-2.8,0,0,0,M39287,M101000,2,0,Cell Type Signatures,7,DURANTE ADULT OLFACTORY NEUROEPITHELIUM NK CELLS,,-2.8,6,4.6,30293,84,299,5,1.7,0.74,567|3105|5698|9235|60489,B2M|HLA-A|PSMB9|IL32|APOBEC3G,-1.9,0
0,1,0,1,0,0,0,-2.8,0,-2.2,0,0,M40275,M010100,2,0,Cell Type Signatures,7,DESCARTES FETAL PLACENTA PAEP MECOM POSITIVE CELLS,,-2.8,4.2,4.2,30293,169,299,7,2.3,0.87,5801|6337|10551|53832|56649|64798|84336,PTPRR|SCNN1A|AGR2|IL20RA|TMPRSS4|DEPTOR|TMEM101,-1.8,0
0,0,0,0,1,0,0,0,0,0,-2.8,0,M40209,M000010,1,0,Cell Type Signatures,7,DESCARTES FETAL INTESTINE SMOOTH MUSCLE CELLS,,-2.8,8.1,5,30293,50,300,4,1.3,0.66,1264|2316|6876|9260,CNN1|FLNA|TAGLN|PDLIM7,-1.8,0
0,0,0,1,0,0,0,0,0,-2.8,0,0,M40021,M000100,1,0,Cell Type Signatures,7,BUSSLINGER GASTRIC OXYNTIC ENTEROCHROMAFFIN LIKE CELLS,,-2.8,5.9,4.6,30293,85,300,5,1.7,0.74,2878|5066|5265|5644|91947,GPX3|PAM|SERPINA1|PRSS1|ARRDC4,-1.8,0
0,0,0,1,0,0,0,0,0,-2.8,0,0,M39054,M000100,1,0,Cell Type Signatures,7,MANNO MIDBRAIN NEUROTYPES HRGL2B,,-2.8,2.8,3.7,30293,440,300,12,4,1.1,604|1471|1958|2353|3485|4035|4240|7018|10253|57326|57462|81628,BCL6|CST3|EGR1|FOS|IGFBP2|LRP1|MFGE8|TF|SPRY2|PBXIP1|MYORG|TSC22D4,-1.8,0
0,0,0,0,1,0,0,0,0,0,-2.8,0,M39247,M000010,1,0,Cell Type Signatures,7,LAKE ADULT KIDNEY C28 INTERSTITIUM,,-2.8,5.9,4.5,30293,86,300,5,1.7,0.74,800|3371|3491|9590|23022,CALD1|TNC|CCN1|AKAP12|PALLD,-1.8,0
1,0,0,0,0,0,-2.8,0,0,0,0,0,M39248,M100000,1,0,Cell Type Signatures,7,LAKE ADULT KIDNEY C29 UNKNOWN NOVEL PT CFH POS SUBPOPULATION S2,,-2.8,5.9,4.5,30293,86,300,5,1.7,0.74,2131|3696|6840|9411|26137,EXT1|ITGB8|SVIL|ARHGAP29|ZBTB20,-1.8,0
0,1,0,0,0,0,0,-2.8,0,0,0,0,M40140,M010000,1,0,Cell Type Signatures,7,DESCARTES MAIN FETAL GOBLET CELLS,,-2.8,7.8,4.9,30293,52,299,4,1.3,0.66,4069|10551|11199|340547,LYZ|AGR2|ANXA10|VSIG1,-1.8,0
0,0,0,0,1,0,0,0,0,0,-2.8,0,M40247,M000010,1,0,Cell Type Signatures,7,DESCARTES FETAL LUNG VASCULAR ENDOTHELIAL CELLS,,-2.8,7.8,4.9,30293,52,300,4,1.3,0.66,1906|6274|54492|56892,EDN1|S100A3|NEURL1B|TCIM,-1.8,0
0,0,0,1,1,0,0,0,0,-2.7,-2.2,0,M39102,M000110,2,0,Cell Type Signatures,7,ZHONG PFC C3 ASTROCYTE,,-2.7,2.9,3.7,30293,389,300,11,3.7,1.1,1917|2036|9644|9747|10076|23030|23608|54932|57586|114790|442213,EEF1A2|EPB41L1|SH3PXD2A|TCAF1|PTPRU|KDM4B|MKRN1|EXD3|SYT13|STK11IP|PTCHD4,-1.8,0
0,0,0,1,0,0,0,0,0,-2.7,0,0,M39295,M000100,1,0,Cell Type Signatures,7,DURANTE ADULT OLFACTORY NEUROEPITHELIUM OLFACTORY MICROVILLAR CELLS,,-2.7,7.6,4.8,30293,53,300,4,1.3,0.66,334|3856|3875|57326,APLP2|KRT8|KRT18|PBXIP1,-1.8,0
0,0,0,0,1,0,0,0,0,0,-2.7,0,M40189,M000010,1,0,Cell Type Signatures,7,DESCARTES FETAL EYE VASCULAR ENDOTHELIAL CELLS,,-2.7,5.6,4.4,30293,90,300,5,1.7,0.74,2004|4092|23129|56892|56920,ELK3|SMAD7|PLXND1|TCIM|SEMA3G,-1.8,0
0,0,0,1,0,0,0,0,0,-2.7,0,0,M39079,M000100,1,0,Cell Type Signatures,7,ZHONG PFC MAJOR TYPES OPC,,-2.7,5.5,4.3,30293,91,300,5,1.7,0.74,1471|22905|22933|81628|81848,CST3|EPN2|SIRT2|TSC22D4|SPRY4,-1.7,0
0,0,0,0,1,0,0,0,0,0,-2.7,0,M39143,M000010,1,0,Cell Type Signatures,7,GAO STOMACH 24W C5 PUTATIVE PIT CELL PROGENITOR,,-2.7,7.3,4.7,30293,55,300,4,1.3,0.66,1264|6722|26353|85377,CNN1|SRF|HSPB8|MICALL1,-1.7,0
0,1,0,0,0,0,0,-2.7,0,0,0,0,M39133,M010000,1,0,Cell Type Signatures,7,AIZARANI LIVER C34 MHC II POS B CELLS,,-2.7,4.5,4.1,30293,134,299,6,2,0.81,1933|1938|7351|8635|51316|81618,EEF1B2|EEF2|UCP2|RNASET2|PLAC8|ITM2C,-1.7,0
0,0,0,1,0,0,0,0,0,-2.6,0,0,M39181,M000100,1,0,Cell Type Signatures,7,HAY BONE MARROW CD34 POS GRAN,,-2.6,11,5.3,30293,27,300,3,1,0.57,4680|79729|283869,CEACAM6|SH3D21|NPW,-1.7,0
0,0,0,1,0,0,0,0,0,-2.6,0,0,M40313,M000100,1,0,Cell Type Signatures,7,DESCARTES FETAL THYMUS STROMAL CELLS,,-2.6,4.4,4,30293,137,300,6,2,0.81,633|1291|3481|4035|4240|7076,BGN|COL6A1|IGF2|LRP1|MFGE8|TIMP1,-1.7,0
0,1,0,0,0,0,0,-2.6,0,0,0,0,M41657,M010000,1,0,Cell Type Signatures,7,TRAVAGLINI LUNG SEROUS CELL,,-2.6,5.3,4.2,30293,95,299,5,1.7,0.74,4069|5360|7494|9071|64798,LYZ|PLTP|XBP1|CLDN10|DEPTOR,-1.7,0
0,0,0,0,1,0,0,0,0,0,-2.6,0,M39196,M000010,1,0,Cell Type Signatures,7,HAY BONE MARROW EOSINOPHIL,,-2.6,7,4.5,30293,58,300,4,1.3,0.66,2782|23313|64943|115825,GNB1|KIAA0930|NT5DC2|WDFY2,-1.7,0
0,1,1,0,0,0,0,-2.6,-2.6,0,0,0,M39217,M011000,2,0,Cell Type Signatures,7,ZHENG CORD BLOOD C8 PUTATIVE LYMPHOID PRIMED MULTIPOTENT PROGENITOR 2,,-2.6,5.2,4.2,30293,97,299,5,1.7,0.74,1933|8635|10399|51162|81618,EEF1B2|RNASET2|RACK1|EGFL7|ITM2C,-1.7,0
0,0,0,1,0,0,0,0,0,-2.5,0,0,M39213,M000100,1,0,Cell Type Signatures,7,ZHENG CORD BLOOD C4 PUTATIVE EARLY ERYTHROID COMMITMENT,,-2.5,5.2,4.1,30293,97,300,5,1.7,0.74,894|6744|9741|23043|30061,CCND2|ITPRID2|LAPTM4A|TNIK|SLC40A1,-1.7,0
0,1,0,0,0,0,0,-2.5,0,0,0,0,M39189,M010000,1,0,Cell Type Signatures,7,HAY BONE MARROW CD34 POS PRE B,,-2.5,5.2,4.1,30293,98,299,5,1.7,0.74,7108|10961|54097|57214|79041,TM7SF2|ERP29|FAM3B|CEMIP|TMEM38A,-1.6,0
0,1,0,1,0,0,0,-2.5,0,-2.5,0,0,M40007,M010100,2,0,Cell Type Signatures,7,BUSSLINGER GASTRIC PREZYMOGENIC CELLS,,-2.5,6.8,4.5,30293,60,299,4,1.3,0.66,6920|25840|55893|93663,TCEA3|TMT1A|ZNF395|ARHGAP18,-1.6,0
0,0,0,1,0,0,0,0,0,-2.5,0,0,M41704,M000100,1,0,Cell Type Signatures,7,FAN OVARY CL2 PUTATIVE EARLY ATRETIC FOLLICLE THECAL CELL 1,,-2.5,5.2,4.1,30293,98,300,5,1.7,0.74,348|1291|1958|2353|9741,APOE|COL6A1|EGR1|FOS|LAPTM4A,-1.6,0
0,0,1,0,0,0,0,0,-2.5,0,0,0,M41682,M001000,1,0,Cell Type Signatures,7,TRAVAGLINI LUNG CD8 NAIVE T CELL,,-2.5,4.2,3.9,30293,144,299,6,2,0.81,567|3105|9235|54331|60489|162394,B2M|HLA-A|IL32|GNG2|APOBEC3G|SLFN5,-1.6,0
0,1,0,0,0,0,0,-2.5,0,0,0,0,M40037,M010000,1,0,Cell Type Signatures,7,BUSSLINGER DUODENAL EC CELLS,,-2.5,9.8,4.9,30293,31,299,3,1,0.58,7033|7276|83998,TFF3|TTR|REG4,-1.6,0
0,0,1,0,0,0,0,0,-2.5,0,0,0,M40166,M001000,1,0,Cell Type Signatures,7,DESCARTES FETAL CEREBRUM MEGAKARYOCYTES,,-2.5,2.6,3.4,30293,424,299,11,3.7,1.1,2516|2811|5021|6374|6890|7292|9050|9466|53905|91828|387680,NR5A1|GP1BA|OXTR|CXCL5|TAP1|TNFSF4|PSTPIP2|IL27RA|DUOX1|EXOC3L4|WASHC2A,-1.6,0
0,0,0,1,0,0,0,0,0,-2.4,0,0,M39170,M000100,1,0,Cell Type Signatures,7,MURARO PANCREAS DELTA CELL,,-2.4,3.2,3.5,30293,250,300,8,2.7,0.93,360|1958|2153|2353|5066|7089|7832|10150,AQP3|EGR1|F5|FOS|PAM|TLE2|BTG2|MBNL2,-1.6,0
0,0,0,1,0,0,0,0,0,-2.4,0,0,M39052,M000100,1,0,Cell Type Signatures,7,MANNO MIDBRAIN NEUROTYPES HOPC,,-2.4,2.8,3.4,30293,366,300,10,3.3,1,894|1958|3485|4035|4745|7018|22905|22933|57636|81848,CCND2|EGR1|IGFBP2|LRP1|NELL1|TF|EPN2|SIRT2|ARHGAP23|SPRY4,-1.6,0
0,0,0,0,0,1,0,0,0,0,0,-2.4,M39239,M000001,1,0,Cell Type Signatures,7,LAKE ADULT KIDNEY C20 COLLECTING DUCT INTERCALATED CELLS TYPE A CORTEX,,-2.4,4,3.7,30293,152,300,6,2,0.81,2308|3606|5795|11059|26031|54874,FOXO1|IL18|PTPRJ|WWP1|OSBPL3|FNBP1L,-1.5,0
0,1,0,0,0,0,0,-2.4,0,0,0,0,M39283,M010000,1,0,Cell Type Signatures,7,DURANTE ADULT OLFACTORY NEUROEPITHELIUM BOWMANS GLAND,,-2.4,9.2,4.7,30293,33,299,3,1,0.58,4069|7494|9071,LYZ|XBP1|CLDN10,-1.5,0
1,0,0,0,1,0,-2.3,0,0,0,-2.3,0,M41680,M100010,2,0,Cell Type Signatures,7,TRAVAGLINI LUNG B CELL,,-2.3,3.9,3.6,30293,155,300,6,2,0.81,330|3431|9124|26137|50618|51088,BIRC3|SP110|PDLIM1|ZBTB20|ITSN2|KLHL5,-1.5,0
0,1,0,0,0,0,0,-2.3,0,0,0,0,M40130,M010000,1,0,Cell Type Signatures,7,DESCARTES MAIN FETAL DUCTAL CELLS,,-2.3,5.9,4,30293,69,299,4,1.3,0.66,476|8416|9071|85014,ATP1A1|ANXA9|CLDN10|TMEM141,-1.5,0
0,0,0,1,0,0,0,0,0,-2.3,0,0,M39233,M000100,1,0,Cell Type Signatures,7,LAKE ADULT KIDNEY C14 DISTAL CONVOLUTED TUBULE,,-2.3,3.4,3.5,30293,208,300,7,2.3,0.87,868|8491|23143|50808|60412|81846|401145,CBLB|MAP4K3|LRCH1|AK3|EXOC4|SBF2|CCSER1,-1.5,0
1,1,0,0,0,0,-2.3,-2.3,0,0,0,0,M41694,M110000,2,0,Cell Type Signatures,7,TRAVAGLINI LUNG PLASMACYTOID DENDRITIC CELL,,-2.3,4.6,3.8,30293,111,299,5,1.7,0.74,5176|5641|8635|81618|81622,SERPINF1|LGMN|RNASET2|ITM2C|UNC93B1,-1.5,0
0,1,0,1,0,0,0,-2.3,0,-2.3,0,0,M39129,M010100,2,0,Cell Type Signatures,7,AIZARANI LIVER C30 HEPATOCYTES 4,,-2.3,2.5,3.2,30293,446,299,11,3.7,1.1,727|2065|2330|3249|3638|5256|51085|51390|115290|126282|340547,C5|ERBB3|FMO5|HPN|INSIG1|PHKA2|MLXIPL|AIG1|FBXO17|TNFAIP8L1|VSIG1,-1.5,0
0,1,0,0,0,0,0,-2.3,0,0,0,0,M40002,M010000,1,0,Cell Type Signatures,7,BUSSLINGER ESOPHAGEAL PROLIFERATING BASAL CELLS,,-2.3,5.8,4,30293,70,299,4,1.3,0.66,1915|1933|1938|1975,EEF1A1|EEF1B2|EEF2|EIF4B,-1.5,0
0,0,0,0,1,0,0,0,0,0,-2.3,0,M39060,M000010,1,0,Cell Type Signatures,7,MANNO MIDBRAIN NEUROTYPES HPROGFPL,,-2.3,2.8,3.3,30293,323,300,9,3,0.98,1000|1824|3491|5366|6722|7476|10763|26064|84002,CDH2|DSC2|CCN1|PMAIP1|SRF|WNT7A|NES|RAI14|B3GNT5,-1.5,0
0,0,0,0,1,0,0,0,0,0,-2.3,0,M40214,M000010,1,0,Cell Type Signatures,7,DESCARTES FETAL INTESTINE ENS NEURONS,,-2.3,3.8,3.5,30293,160,300,6,2,0.81,4131|7280|10962|26047|51083|65009,MAP1B|TUBB2A|MLLT11|CNTNAP2|GAL|NDRG4,-1.5,0
0,1,1,1,0,0,0,-2.3,-2.3,-2.3,0,0,M40008,M011100,3,0,Cell Type Signatures,7,BUSSLINGER GASTRIC NECK CELLS,,-2.3,8.4,4.5,30293,36,299,3,1,0.58,1191|4069|51280,CLU|LYZ|GOLM1,-1.5,0
0,0,1,0,0,0,0,0,-2.3,0,0,0,M39193,M001000,1,0,Cell Type Signatures,7,HAY BONE MARROW CD8 T CELL,,-2.3,5.7,4,30293,71,299,4,1.3,0.66,1117|3604|9235|25897,CHI3L2|TNFRSF9|IL32|RNF19A,-1.5,0
0,0,1,0,0,0,0,0,-2.3,0,0,0,M41661,M001000,1,0,Cell Type Signatures,7,TRAVAGLINI LUNG SIGNALING ALVEOLAR EPITHELIAL TYPE 2 CELL,,-2.3,5.7,4,30293,71,299,4,1.3,0.66,972|23180|27074|53905,CD74|RFTN1|LAMP3|DUOX1,-1.5,0
0,0,0,0,0,1,0,0,0,0,0,-2.3,M40238,M000001,1,0,Cell Type Signatures,7,DESCARTES FETAL LUNG CSH1 CSH2 POSITIVE CELLS,,-2.3,3.3,3.4,30293,212,300,7,2.3,0.87,666|5025|7262|9122|10256|55293|124739,BOK|P2RX4|PHLDA2|SLC16A4|CNKSR1|UEVLD|USP43,-1.5,0
0,0,0,0,1,0,0,0,0,0,-2.3,0,M40249,M000010,1,0,Cell Type Signatures,7,DESCARTES FETAL LUNG VISCERAL NEURONS,,-2.3,3.3,3.4,30293,212,300,7,2.3,0.87,43|1004|4131|7280|8851|10962|51083,ACHE|CDH6|MAP1B|TUBB2A|CDK5R1|MLLT11|GAL,-1.5,0
0,0,0,0,0,1,0,0,0,0,0,-2.3,M39053,M000001,1,0,Cell Type Signatures,7,MANNO MIDBRAIN NEUROTYPES HRGL2C,,-2.3,2.8,3.2,30293,326,300,9,3,0.98,481|5445|5872|8407|9289|9516|51474|79180|116984,ATP1B1|PON2|RAB13|TAGLN2|ADGRG1|LITAF|LIMA1|EFHD2|ARAP2,-1.5,0
0,0,0,1,0,0,0,0,0,-2.2,0,0,M41648,M000100,1,0,Cell Type Signatures,7,TRAVAGLINI LUNG CLUB CELL,,-2.2,4.4,3.7,30293,114,300,5,1.7,0.74,1471|4680|7076|7178|9518,CST3|CEACAM6|TIMP1|TPT1|GDF15,-1.4,0
0,0,1,0,0,0,0,0,-2.2,0,0,0,M40154,M001000,1,0,Cell Type Signatures,7,DESCARTES FETAL ADRENAL LYMPHOID CELLS,,-2.2,3.7,3.5,30293,163,299,6,2,0.81,101|4050|6689|9235|53347|162394,ADAM8|LTB|SPIB|IL32|UBASH3A|SLFN5,-1.4,0
0,0,1,0,0,0,0,0,-2.2,0,0,0,M40211,M001000,1,0,Cell Type Signatures,7,DESCARTES FETAL INTESTINE LYMPHOID CELLS,,-2.2,3.7,3.5,30293,164,299,6,2,0.81,1117|4050|53347|146857|201181|259307,CHI3L2|LTB|UBASH3A|SLFN13|ZNF385C|IL4I1,-1.4,0
0,0,1,0,1,0,0,0,-2.2,0,-2.2,0,M41676,M001010,2,0,Cell Type Signatures,7,TRAVAGLINI LUNG ALVEOLAR FIBROBLAST CELL,,-2.2,3.7,3.5,30293,164,299,6,2,0.81,4045|4327|9294|66000|79683|81035,LSAMP|MMP19|S1PR2|TMEM108|ZDHHC14|COLEC12,-1.4,0
0,0,1,0,0,0,0,0,-2.2,0,0,0,M39275,M001000,1,0,Cell Type Signatures,7,DURANTE ADULT OLFACTORY NEUROEPITHELIUM CD8 T CELLS,,-2.2,5.6,3.9,30293,73,299,4,1.3,0.66,2533|7128|7805|9235,FYB1|TNFAIP3|LAPTM5|IL32,-1.4,0
0,0,0,1,0,0,0,0,0,-2.2,0,0,M40281,M000100,1,0,Cell Type Signatures,7,DESCARTES FETAL PLACENTA IGFBP1 DKK1 POSITIVE CELLS,,-2.2,4.4,3.6,30293,116,300,5,1.7,0.74,316|3485|4240|7076|25849,AOX1|IGFBP2|MFGE8|TIMP1|PARM1,-1.4,0
0,1,0,0,0,0,0,-2.2,0,0,0,0,M41712,M010000,1,0,Cell Type Signatures,7,FAN OVARY CL10 PUTATIVE EARLY ATRESIA GRANULOSA CELL,,-2.2,3,3.3,30293,274,299,8,2.7,0.93,292|335|1891|1937|4061|6920|51386|81579,SLC25A5|APOA1|ECH1|EEF1G|LY6E|TCEA3|EIF3L|PLA2G12A,-1.4,0
0,1,0,0,0,0,0,-2.2,0,0,0,0,M40219,M010000,1,0,Cell Type Signatures,7,DESCARTES FETAL KIDNEY ERYTHROBLASTS,,-2.2,3.7,3.4,30293,166,299,6,2,0.81,210|682|847|8501|11227|83715,ALAD|BSG|CAT|SLC43A1|GALNT5|ESPN,-1.4,0
0,0,0,1,0,0,0,0,0,-2.2,0,0,M39300,M000100,1,0,Cell Type Signatures,7,CUI DEVELOPING HEART C3 FIBROBLAST LIKE CELL,,-2.2,4.3,3.6,30293,117,300,5,1.7,0.74,1291|4035|4237|7076|64175,COL6A1|LRP1|MFAP2|TIMP1|P3H1,-1.4,0
0,0,0,1,0,0,0,0,0,-2.2,0,0,M39026,M000100,1,0,Cell Type Signatures,7,FAN EMBRYONIC CTX EX 4 EXCITATORY NEURON,,-2.2,3.6,3.4,30293,166,300,6,2,0.81,4485|5909|22874|54932|55075|442213,MST1|RAP1GAP|PLEKHA6|EXD3|UACA|PTCHD4,-1.4,0
0,0,1,0,0,0,0,0,-2.2,0,0,0,M40142,M001000,1,0,Cell Type Signatures,7,DESCARTES MAIN FETAL THYMIC EPITHELIAL CELLS,,-2.2,2.9,3.2,30293,277,299,8,2.7,0.93,4790|7297|7318|64225|79412|91828|93082|338440,NFKB1|TYK2|UBA7|ATL2|KREMEN2|EXOC3L4|NEURL3|ANO9,-1.4,0
0,1,0,0,0,0,0,-2.2,0,0,0,0,M40169,M010000,1,0,Cell Type Signatures,7,DESCARTES FETAL CEREBRUM OLIGODENDROCYTES,,-2.2,5.4,3.8,30293,75,299,4,1.3,0.66,2065|2705|8537|9514,ERBB3|GJB1|BCAS1|GAL3ST1,-1.4,0
1,0,0,0,0,0,-2.2,0,0,0,0,0,M39222,M100000,1,0,Cell Type Signatures,7,LAKE ADULT KIDNEY C3 PROXIMAL TUBULE EPITHELIAL CELLS S1 S2,,-2.2,3.2,3.3,30293,221,300,7,2.3,0.87,4301|4646|5151|23235|26037|26137|388630,AFDN|MYO6|PDE8A|SIK2|SIPA1L1|ZBTB20|TRABD2B,-1.4,0
0,0,0,0,1,0,0,0,0,0,-2.2,0,M40153,M000010,1,0,Cell Type Signatures,7,DESCARTES FETAL ADRENAL CHROMAFFIN CELLS,,-2.2,4.2,3.5,30293,119,300,5,1.7,0.74,4131|7280|10409|10962|51083,MAP1B|TUBB2A|BASP1|MLLT11|GAL,-1.4,0
0,0,0,0,1,0,0,0,0,0,-2.1,0,M40258,M000010,1,0,Cell Type Signatures,7,DESCARTES FETAL MUSCLE SMOOTH MUSCLE CELLS,,-2.1,5.2,3.7,30293,78,300,4,1.3,0.66,5074|6236|6876|10231,PAWR|RRAD|TAGLN|RCAN2,-1.4,0
0,0,0,0,1,1,0,0,0,0,-2.1,-2.1,M39316,M000011,2,0,Cell Type Signatures,7,CUI DEVELOPING HEART RIGHT ATRIAL CARDIOMYOCYTE,,-2.1,7.4,4.1,30293,41,300,3,1,0.57,2774|10763|66036,GNAL|NES|MTMR9,-1.3,0
0,1,0,0,0,0,0,-2.1,0,0,0,0,M39277,M010000,1,0,Cell Type Signatures,7,DURANTE ADULT OLFACTORY NEUROEPITHELIUM PERICYTES,,-2.1,5.1,3.7,30293,79,299,4,1.3,0.66,1191|7048|9452|51162,CLU|TGFBR2|ITM2A|EGFL7,-1.3,0
0,0,0,0,1,0,0,0,0,0,-2.1,0,M39062,M000010,1,0,Cell Type Signatures,7,MANNO MIDBRAIN NEUROTYPES HNPROG,,-2.1,3.1,3.2,30293,229,300,7,2.3,0.87,3491|5366|7476|8463|10763|10962|57060,CCN1|PMAIP1|WNT7A|TEAD2|NES|MLLT11|PCBP4,-1.3,0
0,0,0,0,1,0,0,0,0,0,-2.1,0,M39267,M000010,1,0,Cell Type Signatures,7,HU FETAL RETINA MULLER,,-2.1,7.2,4,30293,42,300,3,1,0.57,8682|56937|57142,PEA15|PMEPA1|RTN4,-1.3,0
0,0,0,0,1,0,0,0,0,0,-2.1,0,M40239,M000010,1,0,Cell Type Signatures,7,DESCARTES FETAL LUNG MEGAKARYOCYTES,,-2.1,3.4,3.2,30293,176,300,6,2,0.81,2316|3611|7791|9260|29967|54498,FLNA|ILK|ZYX|PDLIM7|LRP12|SMOX,-1.3,0
0,1,0,0,0,0,0,-2.1,0,0,0,0,M41753,M010000,1,0,Cell Type Signatures,7,RUBENSTEIN SKELETAL MUSCLE B CELLS,,-2.1,3.4,3.2,30293,177,299,6,2,0.81,1915|1933|8635|10399|10961|51316,EEF1A1|EEF1B2|RNASET2|RACK1|ERP29|PLAC8,-1.3,0
0,0,1,0,0,0,0,0,-2.1,0,0,0,M40135,M001000,1,0,Cell Type Signatures,7,DESCARTES MAIN FETAL IGFBP1 DKK1 POSITIVE CELLS,,-2.1,3.4,3.2,30293,178,299,6,2,0.81,567|1117|4327|5021|5167|8542,B2M|CHI3L2|MMP19|OXTR|ENPP1|APOL1,-1.3,0
0,0,0,0,1,0,0,0,0,0,-2.1,0,M40080,M000010,1,0,Cell Type Signatures,7,DESCARTES MAIN FETAL MICROGLIA,,-2.1,3.4,3.2,30293,178,300,6,2,0.81,241|9448|24145|84002|84230|91010,ALOX5AP|MAP4K4|PANX1|B3GNT5|LRRC8C|FMNL3,-1.3,0
0,0,0,0,1,0,0,0,0,0,-2,0,M41658,M000010,1,0,Cell Type Signatures,7,TRAVAGLINI LUNG NEUROENDOCRINE CELL,,-2,3.9,3.3,30293,128,300,5,1.7,0.74,547|800|1809|4131|51655,KIF1A|CALD1|DPYSL3|MAP1B|RASD1,-1.3,0
0,1,0,0,0,0,0,-2,0,0,0,0,M39182,M010000,1,0,Cell Type Signatures,7,HAY BONE MARROW CD34 POS HSC,,-2,3.9,3.3,30293,129,299,5,1.7,0.74,1938|8763|10399|51162|51386,EEF2|CD164|RACK1|EGFL7|EIF3L,-1.3,0
0,0,1,0,0,0,0,0,-2,0,0,0,M39046,M001000,1,0,Cell Type Signatures,7,FAN EMBRYONIC CTX BRAIN EFFECTOR T CELL,,-2,3.9,3.3,30293,131,299,5,1.7,0.74,101|3105|5698|60489|83593,ADAM8|HLA-A|PSMB9|APOBEC3G|RASSF5,-1.3,0
