_MEMBER_modules_epi_black_sorted_top300,_MEMBER_modules_epi_blue_sorted_top300,_MEMBER_modules_epi_pink_sorted_top300,_MEMBER_modules_epi_red_sorted_top300,_MEMBER_modules_epi_turquoise_sorted_top300,_MEMBER_modules_epi_yellow_sorted_top300,_LogP_modules_epi_black_sorted_top300,_LogP_modules_epi_blue_sorted_top300,_LogP_modules_epi_pink_sorted_top300,_LogP_modules_epi_red_sorted_top300,_LogP_modules_epi_turquoise_sorted_top300,_LogP_modules_epi_yellow_sorted_top300,GO,_PATTERN_,_RANK_,GiniIndex,Category,CategoryID,Description,PARENT_GO,LogP,Enrichment,Z-score,#TotalGeneInLibrary,#GeneInGO,#GeneInHitList,#GeneInGOAndHitList,%InGO,STDV %InGO,GeneID,Hits,Log(q-value),EvidenceCutoff
1,0,1,0,0,0,-8,0,-20,0,0,0,C0375023,M101000,2,0,DisGeNET,35,Respiratory syncytial virus (RSV) infection in conditions classified elsewhere and of unspecified site,,-20,7.6,14,30293,467,299,35,12,1.9,567|684|1080|2638|3105|3627|3684|3934|4045|4327|4790|5696|5698|5743|6364|6374|6376|6646|6774|6890|7096|7098|7157|7292|7412|8741|9641|10970|25897|26298|27074|51284|64127|64135|130367,B2M|BST2|CFTR|GC|HLA-A|CXCL10|ITGAM|LCN2|LSAMP|MMP19|NFKB1|PSMB8|PSMB9|PTGS2|CCL20|CXCL5|CX3CL1|SOAT1|STAT3|TAP1|TLR1|TLR3|TP53|TNFSF4|VCAM1|TNFSF13|IKBKE|CKAP4|RNF19A|EHF|LAMP3|TLR7|NOD2|IFIH1|SGPP2,-17,0
1,0,1,0,0,0,-4.8,0,-18,0,0,0,C0011311,M101000,2,0,DisGeNET,35,Dengue Fever,,-18,8.4,14,30293,360,299,30,10,1.7,103|637|684|2537|2638|2811|3105|3627|4045|4790|4940|5743|6373|6646|6774|6890|6891|7096|7097|7098|7157|7412|8542|8743|9294|9641|10410|27074|64135|115004,ADAR|BID|BST2|IFI6|GC|GP1BA|HLA-A|CXCL10|LSAMP|NFKB1|OAS3|PTGS2|CXCL11|SOAT1|STAT3|TAP1|TAP2|TLR1|TLR2|TLR3|TP53|VCAM1|APOL1|TNFSF10|S1PR2|IKBKE|IFITM3|LAMP3|IFIH1|CGAS,-15,0
1,0,1,0,1,0,-9.2,0,-17,0,-2.3,0,C0038013,M101010,3,0,DisGeNET,35,Ankylosing spondylitis,,-17,5.6,12,30293,710,299,39,13,1.9,718|972|1435|1605|2638|3105|3437|3486|3684|4790|5167|5696|5698|5743|6374|6621|6646|6774|6890|6891|6892|7096|7097|7098|7128|7133|7297|8743|9235|10148|11074|25897|51284|51752|53347|64127|64135|64167|84876,C3|CD74|CSF1|DAG1|GC|HLA-A|IFIT3|IGFBP3|ITGAM|NFKB1|ENPP1|PSMB8|PSMB9|PTGS2|CXCL5|SNAPC4|SOAT1|STAT3|TAP1|TAP2|TAPBP|TLR1|TLR2|TLR3|TNFAIP3|TNFRSF1B|TYK2|TNFSF10|IL32|EBI3|TRIM31|RNF19A|TLR7|ERAP1|UBASH3A|NOD2|IFIH1|ERAP2|ORAI1,-14,0
1,0,1,0,1,1,-2.5,0,-17,0,-2.1,-3.6,C0036202,M101011,4,0,DisGeNET,35,Sarcoidosis,,-17,7.4,13,30293,413,299,30,10,1.7,567|1080|1435|2638|3105|3627|3684|3934|5696|5698|5743|6364|6373|6374|6376|6646|6774|6890|6891|7096|7097|7098|7133|7297|8741|23308|51284|58191|64127|259307,B2M|CFTR|CSF1|GC|HLA-A|CXCL10|ITGAM|LCN2|PSMB8|PSMB9|PTGS2|CCL20|CXCL11|CXCL5|CX3CL1|SOAT1|STAT3|TAP1|TAP2|TLR1|TLR2|TLR3|TNFRSF1B|TYK2|TNFSF13|ICOSLG|TLR7|CXCL16|NOD2|IL4I1,-14,0
1,0,1,0,0,1,-9.9,0,-17,0,0,-3.7,C0011615,M101001,3,0,DisGeNET,35,"Dermatitis, Atopic",,-17,5.3,12,30293,751,299,39,13,1.9,718|1435|3459|3627|3684|3934|4050|4790|5144|5743|5971|6364|6376|6646|6774|6890|6891|7096|7097|7098|7128|7133|7157|7297|7412|8741|8876|8942|9235|10148|10970|23308|25897|51752|53347|64127|64135|64167|84876,C3|CSF1|IFNGR1|CXCL10|ITGAM|LCN2|LTB|NFKB1|PDE4D|PTGS2|RELB|CCL20|CX3CL1|SOAT1|STAT3|TAP1|TAP2|TLR1|TLR2|TLR3|TNFAIP3|TNFRSF1B|TP53|TYK2|VCAM1|TNFSF13|VNN1|KYNU|IL32|EBI3|CKAP4|ICOSLG|RNF19A|ERAP1|UBASH3A|NOD2|IFIH1|ERAP2|ORAI1,-13,0
1,0,1,0,1,1,-5.5,0,-16,0,-2.3,-2.8,C0024143,M101011,4,0,DisGeNET,35,Lupus Nephritis,,-16,6.4,12,30293,503,299,32,11,1.8,567|716|718|972|1435|1520|2638|3627|3684|3934|4599|4790|5696|5698|5743|6376|6774|7097|7098|7128|7292|7412|7805|8542|8741|9235|23308|25897|51284|55717|58191|64135,B2M|C1S|C3|CD74|CSF1|CTSS|GC|CXCL10|ITGAM|LCN2|MX1|NFKB1|PSMB8|PSMB9|PTGS2|CX3CL1|STAT3|TLR2|TLR3|TNFAIP3|TNFSF4|VCAM1|LAPTM5|APOL1|TNFSF13|IL32|ICOSLG|RNF19A|TLR7|WDR11|CXCL16|IFIH1,-13,0
1,0,1,0,0,0,-4.8,0,-15,0,0,0,C0151449,M101000,2,0,DisGeNET,35,Primary Sjögren's syndrome,,-15,8.1,13,30293,312,299,25,8.4,1.6,567|684|1520|3105|3627|3934|4050|4790|5698|5743|6373|6646|6774|6891|7096|7097|7098|7128|7157|7292|9641|10148|10970|51284|64135,B2M|BST2|CTSS|HLA-A|CXCL10|LCN2|LTB|NFKB1|PSMB9|PTGS2|CXCL11|SOAT1|STAT3|TAP2|TLR1|TLR2|TLR3|TNFAIP3|TP53|TNFSF4|IKBKE|EBI3|CKAP4|TLR7|IFIH1,-12,0
1,0,1,1,0,1,-15,0,-15,-2.4,0,-6.3,C3714514,M101101,4,0,DisGeNET,35,Infection,,-15,6.2,12,30293,491,299,30,10,1.7,103|1080|3105|3459|3627|4599|4790|5696|5743|6364|6374|6732|6774|6890|6891|7096|7097|7098|7133|7157|7412|8743|9308|9641|22809|51284|60489|64135|150372|200316,ADAR|CFTR|HLA-A|IFNGR1|CXCL10|MX1|NFKB1|PSMB8|PTGS2|CCL20|CXCL5|SRPK1|STAT3|TAP1|TAP2|TLR1|TLR2|TLR3|TNFRSF1B|TP53|VCAM1|TNFSF10|CD83|IKBKE|ATF5|TLR7|APOBEC3G|IFIH1|NFAM1|APOBEC3F,-12,0
1,0,1,0,0,0,-7.7,0,-14,0,0,0,C1527336,M101000,2,0,DisGeNET,35,Sjogren's Syndrome,,-14,6.1,11,30293,481,299,29,9.7,1.7,718|1080|1520|3105|3604|3627|4790|5021|5696|5698|6373|6376|6646|6774|6890|6891|7128|7157|7412|7805|8741|9582|9641|10148|10475|10970|29108|51284|55540,C3|CFTR|CTSS|HLA-A|TNFRSF9|CXCL10|NFKB1|OXTR|PSMB8|PSMB9|CXCL11|CX3CL1|SOAT1|STAT3|TAP1|TAP2|TNFAIP3|TP53|VCAM1|LAPTM5|TNFSF13|APOBEC3B|IKBKE|EBI3|TRIM38|CKAP4|PYCARD|TLR7|IL17RB,-11,0
1,0,1,1,0,1,-2.4,0,-14,-2.1,0,-2.4,C0024530,M101101,4,0,DisGeNET,35,Malaria,,-14,5,11,30293,684,299,34,11,1.8,718|1435|2235|2533|3105|3416|3459|3627|3684|3934|4045|4050|4791|5698|5743|6373|6374|6890|7096|7097|7098|7133|7157|8506|8876|9582|9734|10148|25897|27074|51284|51752|64135|115004,C3|CSF1|FECH|FYB1|HLA-A|IDE|IFNGR1|CXCL10|ITGAM|LCN2|LSAMP|LTB|NFKB2|PSMB9|PTGS2|CXCL11|CXCL5|TAP1|TLR1|TLR2|TLR3|TNFRSF1B|TP53|CNTNAP1|VNN1|APOBEC3B|HDAC9|EBI3|RNF19A|LAMP3|TLR7|ERAP1|IFIH1|CGAS,-11,0
1,1,1,0,0,1,-3.5,-3,-14,0,0,-3.5,C0019158,M111001,4,0,DisGeNET,35,Hepatitis,,-14,5.1,11,30293,656,299,33,11,1.8,103|567|716|843|1302|2530|3105|3604|3627|3684|3934|4045|4790|5284|5743|6364|6373|6689|6774|7097|7098|7157|7412|8743|9235|9536|25897|27074|51284|60489|64127|64135|84818,ADAR|B2M|C1S|CASP10|COL11A2|FUT8|HLA-A|TNFRSF9|CXCL10|ITGAM|LCN2|LSAMP|NFKB1|PIGR|PTGS2|CCL20|CXCL11|SPIB|STAT3|TLR2|TLR3|TP53|VCAM1|TNFSF10|IL32|PTGES|RNF19A|LAMP3|TLR7|APOBEC3G|NOD2|IFIH1|IL17RC,-11,0
1,0,1,0,0,1,-4.4,0,-14,0,0,-3.8,C1290884,M101001,3,0,DisGeNET,35,Inflammatory disorder,,-14,6.7,11,30293,391,299,26,8.7,1.6,103|567|1080|1435|3105|3627|3934|4790|5144|5696|5698|5699|5743|6364|6774|7097|7098|7128|7412|8743|9050|9235|9536|25897|51752|64127,ADAR|B2M|CFTR|CSF1|HLA-A|CXCL10|LCN2|NFKB1|PDE4D|PSMB8|PSMB9|PSMB10|PTGS2|CCL20|STAT3|TLR2|TLR3|TNFAIP3|VCAM1|TNFSF10|PSTPIP2|IL32|PTGES|RNF19A|ERAP1|NOD2,-11,0
1,0,1,0,1,1,-6.8,0,-14,0,-2.3,-2.8,C0004943,M101011,4,0,DisGeNET,35,Behcet Syndrome,,-14,5.9,11,30293,502,299,29,9.7,1.7,1435|3105|3627|3684|4790|5696|6364|6374|6376|6646|6774|6890|6891|7096|7097|7128|7133|7157|7292|7297|7412|8741|9235|9308|29108|51284|51752|64127|64167,CSF1|HLA-A|CXCL10|ITGAM|NFKB1|PSMB8|CCL20|CXCL5|CX3CL1|SOAT1|STAT3|TAP1|TAP2|TLR1|TLR2|TNFAIP3|TNFRSF1B|TP53|TNFSF4|TYK2|VCAM1|TNFSF13|IL32|CD83|PYCARD|TLR7|ERAP1|NOD2|ERAP2,-11,0
1,1,1,1,1,1,-7.3,-3.6,-13,-4.1,-2.6,-3.1,C0021368,M111111,6,0,DisGeNET,35,Inflammation,,-13,6.1,11,30293,467,299,28,9.4,1.7,103|718|1080|1435|3604|3627|3934|4790|5743|6364|6373|6376|6774|7097|7098|7128|7157|7412|8741|8743|8942|9235|9308|9536|26298|51284|58191|64127,ADAR|C3|CFTR|CSF1|TNFRSF9|CXCL10|LCN2|NFKB1|PTGS2|CCL20|CXCL11|CX3CL1|STAT3|TLR2|TLR3|TNFAIP3|TP53|VCAM1|TNFSF13|TNFSF10|KYNU|IL32|CD83|PTGES|EHF|TLR7|CXCL16|NOD2,-11,0
1,0,1,0,0,0,-6.3,0,-13,0,0,0,C0018213,M101000,2,0,DisGeNET,35,Graves Disease,,-13,5.4,11,30293,585,299,31,10,1.8,637|2638|3105|3627|3684|4050|4790|4791|5696|5698|6364|6373|6752|6774|6890|6891|7096|7097|7128|7133|7157|7412|9308|10148|23308|51284|53347|53905|55717|64135|144165,BID|GC|HLA-A|CXCL10|ITGAM|LTB|NFKB1|NFKB2|PSMB8|PSMB9|CCL20|CXCL11|SSTR2|STAT3|TAP1|TAP2|TLR1|TLR2|TNFAIP3|TNFRSF1B|TP53|VCAM1|CD83|EBI3|ICOSLG|TLR7|UBASH3A|DUOX1|WDR11|IFIH1|PRICKLE1,-11,0
1,0,1,1,0,1,-8.7,0,-13,-4.1,0,-2.8,C3714636,M101101,4,0,DisGeNET,35,Pneumonitis,,-13,4.8,10,30293,696,299,33,11,1.8,101|972|1080|1435|1520|3627|4790|4791|4940|5724|5743|6364|6374|6376|6558|6774|7097|7098|7128|7133|7157|7292|7412|8190|8835|9294|9466|9536|23308|25897|54361|64127|64135,ADAM8|CD74|CFTR|CSF1|CTSS|CXCL10|NFKB1|NFKB2|OAS3|PTAFR|PTGS2|CCL20|CXCL5|CX3CL1|SLC12A2|STAT3|TLR2|TLR3|TNFAIP3|TNFRSF1B|TP53|TNFSF4|VCAM1|MIA|SOCS2|S1PR2|IL27RA|PTGES|ICOSLG|RNF19A|WNT4|NOD2|IFIH1,-10,0
1,1,1,1,0,1,-13,-2.5,-9.2,-2.9,0,-3.8,C0004623,M111101,5,0,DisGeNET,35,Bacterial Infections,,-13,5.1,10,30293,616,300,31,10,1.8,12|102|374|650|1540|2643|2919|2920|3162|3383|3576|3656|4792|4938|5371|5879|5880|5970|6385|7035|7100|8740|8767|8809|8837|8887|10019|10254|25833|29887|83666,SERPINA3|ADAM10|AREG|BMP2|CYLD|GCH1|CXCL1|CXCL2|HMOX1|ICAM1|CXCL8|IRAK2|NFKBIA|OAS1|PML|RAC1|RAC2|RELA|SDC4|TFPI|TLR5|TNFSF14|RIPK2|IL18R1|CFLAR|TAX1BP1|SH2B3|STAM2|POU2F3|SNX10|PARP9,-10,0
1,1,1,1,1,0,-4.1,-6.3,-13,-5.1,-3.1,0,C0162871,M111110,5,0,DisGeNET,35,"Aortic Aneurysm, Abdominal",,-13,5.2,10,30293,585,299,30,10,1.7,101|718|1435|1520|3105|3384|3684|3934|4050|4856|5696|5743|6364|6376|6524|6774|7097|7098|7157|7412|8942|9536|10148|25897|26298|29108|53905|54331|58191|64135,ADAM8|C3|CSF1|CTSS|HLA-A|ICAM2|ITGAM|LCN2|LTB|CCN3|PSMB8|PTGS2|CCL20|CX3CL1|SLC5A2|STAT3|TLR2|TLR3|TP53|VCAM1|KYNU|PTGES|EBI3|RNF19A|EHF|PYCARD|DUOX1|GNG2|CXCL16|IFIH1,-10,0
1,0,1,0,1,1,-2.9,0,-13,0,-2,-2.4,C0024138,M101011,4,0,DisGeNET,35,"Lupus Erythematosus, Discoid",,-13,5.3,10,30293,552,299,29,9.7,1.7,684|718|1435|2537|3604|3627|3684|3934|4790|5743|5971|6376|6774|7097|7128|7133|7157|7292|7297|7412|8542|8741|9734|10475|25897|51284|53905|64135|115004,BST2|C3|CSF1|IFI6|TNFRSF9|CXCL10|ITGAM|LCN2|NFKB1|PTGS2|RELB|CX3CL1|STAT3|TLR2|TNFAIP3|TNFRSF1B|TP53|TNFSF4|TYK2|VCAM1|APOL1|TNFSF13|HDAC9|TRIM38|RNF19A|TLR7|DUOX1|IFIH1|CGAS,-9.8,0
1,0,1,0,1,1,-2.2,0,-12,0,-2.2,-2.6,C0024131,M101011,4,0,DisGeNET,35,Lupus Vulgaris,,-12,5.4,10,30293,526,299,28,9.4,1.7,684|718|1435|2537|3604|3627|3684|3934|4790|5743|5971|6376|6774|7097|7128|7133|7292|7297|7412|8542|8741|9734|10475|25897|51284|53905|64135|115004,BST2|C3|CSF1|IFI6|TNFRSF9|CXCL10|ITGAM|LCN2|NFKB1|PTGS2|RELB|CX3CL1|STAT3|TLR2|TNFAIP3|TNFRSF1B|TNFSF4|TYK2|VCAM1|APOL1|TNFSF13|HDAC9|TRIM38|RNF19A|TLR7|DUOX1|IFIH1|CGAS,-9.6,0
1,0,1,1,0,1,-2.8,0,-12,-2,0,-4.6,C2363741,M101101,4,0,DisGeNET,35,HIV-1 infection,,-12,4.7,9.8,30293,695,299,32,11,1.8,103|567|684|972|1435|2638|3105|3459|3627|5021|5359|5743|6373|6646|6774|6890|6891|7097|7098|7133|7157|8542|8743|9235|9582|10410|51284|51752|60489|64167|200316|440275,ADAR|B2M|BST2|CD74|CSF1|GC|HLA-A|IFNGR1|CXCL10|OXTR|PLSCR1|PTGS2|CXCL11|SOAT1|STAT3|TAP1|TAP2|TLR2|TLR3|TNFRSF1B|TP53|APOL1|TNFSF10|IL32|APOBEC3B|IFITM3|TLR7|ERAP1|APOBEC3G|ERAP2|APOBEC3F|EIF2AK4,-9.6,0
1,0,1,0,1,1,-3.3,0,-12,0,-2.8,-2.8,C0409974,M101011,4,0,DisGeNET,35,Lupus Erythematosus,,-12,5.1,9.7,30293,558,299,28,9.4,1.7,684|718|1435|2537|3604|3627|3684|3934|4790|5743|5971|6376|6774|7097|7128|7133|7292|7297|7412|8542|8741|9734|10475|25897|51284|53905|64135|115004,BST2|C3|CSF1|IFI6|TNFRSF9|CXCL10|ITGAM|LCN2|NFKB1|PTGS2|RELB|CX3CL1|STAT3|TLR2|TNFAIP3|TNFRSF1B|TNFSF4|TYK2|VCAM1|APOL1|TNFSF13|HDAC9|TRIM38|RNF19A|TLR7|DUOX1|IFIH1|CGAS,-9,0
1,0,1,0,0,1,-7.7,0,-11,0,0,-2.2,C0007570,M101001,3,0,DisGeNET,35,Celiac Disease,,-11,5.2,9.7,30293,527,299,27,9,1.7,1080|1605|2526|2907|3105|3604|3627|3934|4045|4790|6373|6376|6689|6774|6890|6891|7097|7098|7128|8741|8876|23308|27074|51284|53347|64135|64167,CFTR|DAG1|FUT4|GRINA|HLA-A|TNFRSF9|CXCL10|LCN2|LSAMP|NFKB1|CXCL11|CX3CL1|SPIB|STAT3|TAP1|TAP2|TLR2|TLR3|TNFAIP3|TNFSF13|VNN1|ICOSLG|LAMP3|TLR7|UBASH3A|IFIH1|ERAP2,-8.8,0
1,0,1,0,0,0,-2.3,0,-11,0,0,0,C0949690,M101000,2,0,DisGeNET,35,Spondylarthritis,,-11,10,12,30293,158,299,16,5.4,1.3,567|972|3105|3486|3627|4790|5698|6364|6646|6774|7097|7128|7133|51752|64127|64167,B2M|CD74|HLA-A|IGFBP3|CXCL10|NFKB1|PSMB9|CCL20|SOAT1|STAT3|TLR2|TNFAIP3|TNFRSF1B|ERAP1|NOD2|ERAP2,-8.7,0
1,0,1,0,0,0,-6.8,0,-11,0,0,0,C0035235,M101000,2,0,DisGeNET,35,Respiratory Syncytial Virus Infections,,-11,7.9,11,30293,244,299,19,6.4,1.4,567|1080|3627|4045|4327|5743|6364|6774|6890|7097|7098|7157|7292|10148|27074|29108|51284|64127|64135,B2M|CFTR|CXCL10|LSAMP|MMP19|PTGS2|CCL20|STAT3|TAP1|TLR2|TLR3|TP53|TNFSF4|EBI3|LAMP3|PYCARD|TLR7|NOD2|IFIH1,-8.7,0
1,0,1,0,0,0,-2.4,0,-11,0,0,0,C0343641,M101000,2,0,DisGeNET,35,Human papilloma virus infection,,-11,5.7,9.7,30293,428,299,24,8,1.6,1080|3105|3486|3627|3934|4790|5696|5698|5743|6364|6774|6890|6891|7097|7098|7133|7157|9308|9582|10970|23761|29108|51284|60489,CFTR|HLA-A|IGFBP3|CXCL10|LCN2|NFKB1|PSMB8|PSMB9|PTGS2|CCL20|STAT3|TAP1|TAP2|TLR2|TLR3|TNFRSF1B|TP53|CD83|APOBEC3B|CKAP4|PISD|PYCARD|TLR7|APOBEC3G,-8.5,0
1,1,1,1,0,1,-11,-2.2,-6.3,-4.5,0,-3.5,C0374997,M111101,5,0,DisGeNET,35,Helicobacter pylori (H. pylori) infection in conditions classified elsewhere and of unspecified site,,-11,4.8,9.3,30293,593,300,28,9.3,1.7,330|355|374|1535|1540|2280|2524|2625|2919|3162|3306|3383|3482|3576|3717|4312|4893|5328|5879|5970|6446|6648|7100|8549|23286|28956|50506|85441,BIRC3|FAS|AREG|CYBA|CYLD|FKBP1A|FUT2|GATA3|CXCL1|HMOX1|HSPA2|ICAM1|IGF2R|CXCL8|JAK2|MMP1|NRAS|PLAU|RAC1|RELA|SGK1|SOD2|TLR5|LGR5|WWC1|LAMTOR2|DUOX2|HELZ2,-8.4,0
1,0,1,0,0,1,-4.9,0,-11,0,0,-3.2,C0220597,M101001,3,0,DisGeNET,35,Adult Hodgkin Lymphoma,,-11,5.8,9.7,30293,399,299,23,7.7,1.5,1435|2526|3105|3604|3627|4790|4791|4794|5698|5743|5971|6646|6689|6774|7128|7133|7157|7292|8741|9308|9641|9734|58191,CSF1|FUT4|HLA-A|TNFRSF9|CXCL10|NFKB1|NFKB2|NFKBIE|PSMB9|PTGS2|RELB|SOAT1|SPIB|STAT3|TNFAIP3|TNFRSF1B|TP53|TNFSF4|TNFSF13|CD83|IKBKE|HDAC9|CXCL16,-8.3,0
1,0,1,0,1,1,-4.9,0,-11,0,-2.2,-3.2,C0220644,M101011,4,0,DisGeNET,35,Childhood Hodgkin Lymphoma,,-11,5.8,9.7,30293,399,299,23,7.7,1.5,1435|2526|3105|3604|3627|4790|4791|4794|5698|5743|5971|6646|6689|6774|7128|7133|7157|7292|8741|9308|9641|9734|58191,CSF1|FUT4|HLA-A|TNFRSF9|CXCL10|NFKB1|NFKB2|NFKBIE|PSMB9|PTGS2|RELB|SOAT1|SPIB|STAT3|TNFAIP3|TNFRSF1B|TP53|TNFSF4|TNFSF13|CD83|IKBKE|HDAC9|CXCL16,-8.3,0
1,0,1,0,0,1,-4.6,0,-11,0,0,-2.5,C0008312,M101001,3,0,DisGeNET,35,Primary biliary cirrhosis,,-11,5.3,9.5,30293,478,299,25,8.4,1.6,972|1080|1605|3105|3627|4790|4967|5743|6364|6646|6689|6774|7097|7098|7157|7292|7297|7412|8743|9734|10148|23308|55717|91828|144165,CD74|CFTR|DAG1|HLA-A|CXCL10|NFKB1|OGDH|PTGS2|CCL20|SOAT1|SPIB|STAT3|TLR2|TLR3|TP53|TNFSF4|TYK2|VCAM1|TNFSF10|HDAC9|EBI3|ICOSLG|WDR11|EXOC3L4|PRICKLE1,-8.3,0
1,0,1,0,0,0,-5.5,0,-11,0,0,0,C0151517,M101000,2,0,DisGeNET,35,Complete atrioventricular block,,-11,5.8,9.6,30293,403,299,23,7.7,1.5,103|718|3105|3459|3627|3934|5698|6774|6890|6891|6892|7096|7097|7098|7133|8743|9235|9734|10148|51284|55275|60489|64135,ADAR|C3|HLA-A|IFNGR1|CXCL10|LCN2|PSMB9|STAT3|TAP1|TAP2|TAPBP|TLR1|TLR2|TLR3|TNFRSF1B|TNFSF10|IL32|HDAC9|EBI3|TLR7|VPS53|APOBEC3G|IFIH1,-8.2,0
1,0,1,0,0,1,-11,0,-9.7,0,0,-3,C0276447,M101001,3,0,DisGeNET,35,Rhinovirus infection,,-11,8.5,11,30293,202,300,17,5.7,1.3,374|2919|3107|3383|3454|3576|3656|4938|5970|6648|8740|11221|22926|27189|57162|140691|148022,AREG|CXCL1|HLA-C|ICAM1|IFNAR1|CXCL8|IRAK2|OAS1|RELA|SOD2|TNFSF14|DUSP10|ATF6|IL17C|PELI1|TRIM69|TICAM1,-8.2,0
1,0,1,1,1,1,-11,0,-7.9,-3.3,-2.9,-3.8,C0037274,M101111,5,0,DisGeNET,35,Dermatologic disorders,,-11,4.6,9,30293,615,300,28,9.3,1.7,355|374|1540|2280|2625|2919|2920|2921|3107|3162|3576|3660|3717|3898|4792|5879|5966|5970|6385|6648|6778|7405|8740|9180|10308|10318|57162|79651,FAS|AREG|CYLD|FKBP1A|GATA3|CXCL1|CXCL2|CXCL3|HLA-C|HMOX1|CXCL8|IRF2|JAK2|LAD1|NFKBIA|RAC1|REL|RELA|SDC4|SOD2|STAT6|UVRAG|TNFSF14|OSMR|ZNF267|TNIP1|PELI1|RHBDF2,-8.1,0
0,0,1,0,0,0,0,0,-11,0,0,0,C0026896,M001000,1,0,DisGeNET,35,Myasthenia Gravis,,-11,6.3,9.8,30293,336,299,21,7,1.5,1435|1520|3105|3459|3627|5971|6774|6890|6891|7098|7128|7292|8743|9308|10148|11074|11136|23308|25897|51284|64135,CSF1|CTSS|HLA-A|IFNGR1|CXCL10|RELB|STAT3|TAP1|TAP2|TLR3|TNFAIP3|TNFSF4|TNFSF10|CD83|EBI3|TRIM31|SLC7A9|ICOSLG|RNF19A|TLR7|IFIH1,-8.1,0
1,0,1,0,0,0,-3.7,0,-11,0,0,0,C0003872,M101000,2,0,DisGeNET,35,"Arthritis, Psoriatic",,-11,5.4,9.4,30293,450,299,24,8,1.6,718|1080|2706|3105|3604|3627|3934|4790|5696|5698|5743|6376|6774|7128|7133|7157|7297|9308|10148|51752|58191|64127|64135|64167,C3|CFTR|GJB2|HLA-A|TNFRSF9|CXCL10|LCN2|NFKB1|PSMB8|PSMB9|PTGS2|CX3CL1|STAT3|TNFAIP3|TNFRSF1B|TP53|TYK2|CD83|EBI3|ERAP1|CXCL16|NOD2|IFIH1|ERAP2,-8.1,0
1,0,1,1,1,1,-8.2,0,-11,-2.3,-2.7,-2.7,C3495559,M101111,5,0,DisGeNET,35,Juvenile arthritis,,-11,5.4,9.4,30293,450,299,24,8,1.6,1605|3105|3627|5698|6364|6373|6774|6890|6891|7097|7098|7128|7133|7157|7297|7412|9235|9308|9734|9873|51284|51752|58191|64167,DAG1|HLA-A|CXCL10|PSMB9|CCL20|CXCL11|STAT3|TAP1|TAP2|TLR2|TLR3|TNFAIP3|TNFRSF1B|TP53|TYK2|VCAM1|IL32|CD83|HDAC9|FCHSD2|TLR7|ERAP1|CXCL16|ERAP2,-8.1,0
0,0,1,0,0,0,0,0,-10,0,0,0,C0149745,M001000,1,0,DisGeNET,35,Oral Ulcer,,-10,13,12,30293,104,299,13,4.3,1.2,3105|3459|3684|4790|5144|5698|6890|6891|7128|11074|51752|64127|64135,HLA-A|IFNGR1|ITGAM|NFKB1|PDE4D|PSMB9|TAP1|TAP2|TNFAIP3|TRIM31|ERAP1|NOD2|IFIH1,-8,0
1,0,1,0,0,0,-4.8,0,-10,0,0,0,C0026918,M101000,2,0,DisGeNET,35,Mycobacterium Infections,,-10,8.9,11,30293,183,299,16,5.4,1.3,3459|3684|5743|6373|6646|6774|6891|7096|7097|7133|7297|9235|10148|25897|29108|64127,IFNGR1|ITGAM|PTGS2|CXCL11|SOAT1|STAT3|TAP2|TLR1|TLR2|TNFRSF1B|TYK2|IL32|EBI3|RNF19A|PYCARD|NOD2,-7.9,0
1,0,1,1,0,0,-5.1,0,-10,-2.9,0,0,C0524910,M101100,3,0,DisGeNET,35,"Hepatitis C, Chronic",,-10,5.4,9.2,30293,430,299,23,7.7,1.5,718|2638|3105|3459|3604|3627|4599|4790|5696|5743|6373|6774|6890|6891|7092|7097|7098|7157|7292|25897|25984|51284|64135,C3|GC|HLA-A|IFNGR1|TNFRSF9|CXCL10|MX1|NFKB1|PSMB8|PTGS2|CXCL11|STAT3|TAP1|TAP2|TLL1|TLR2|TLR3|TP53|TNFSF4|RNF19A|KRT23|TLR7|IFIH1,-7.7,0
1,0,1,0,0,0,-10,0,-6.4,0,0,0,C0008313,M101000,2,0,DisGeNET,35,"Cholangitis, Sclerosing",,-10,8.6,10,30293,188,300,16,5.3,1.3,2524|3383|3431|3460|4772|5328|5993|8771|8809|9180|10019|10318|22904|23235|23315|221895,FUT2|ICAM1|SP110|IFNGR2|NFATC1|PLAU|RFX5|TNFRSF6B|IL18R1|OSMR|SH2B3|TNIP1|SBNO2|SIK2|SLC9A8|JAZF1,-7.7,0
0,0,1,0,0,0,0,0,-10,0,0,0,C0015230,M001000,1,0,DisGeNET,35,Exanthema,,-10,7.3,10,30293,251,299,18,6,1.4,567|684|1080|3105|3627|4868|5167|5692|5696|5698|5743|6774|7133|7157|53347|64127|64135|84818,B2M|BST2|CFTR|HLA-A|CXCL10|NPHS1|ENPP1|PSMB4|PSMB8|PSMB9|PTGS2|STAT3|TNFRSF1B|TP53|UBASH3A|NOD2|IFIH1|IL17RC,-7.7,0
0,0,1,0,0,0,0,0,-10,0,0,0,C0750046,M001000,1,0,DisGeNET,35,Granulomatous uveitis,,-10,44,17,30293,16,299,7,2.3,0.87,3627|6364|6376|8741|10148|58191|64127,CXCL10|CCL20|CX3CL1|TNFSF13|EBI3|CXCL16|NOD2,-7.6,0
1,1,1,0,0,1,-5.7,-2,-9.9,0,0,-2.5,C0027430,M111001,4,0,DisGeNET,35,Nasal Polyps,,-9.9,5,8.9,30293,484,299,24,8,1.6,1080|3105|3604|3934|5144|5743|6364|6774|6890|6891|6892|7096|7097|7098|7133|7157|7292|7412|8741|9308|10970|25897|55540|84876,CFTR|HLA-A|TNFRSF9|LCN2|PDE4D|PTGS2|CCL20|STAT3|TAP1|TAP2|TAPBP|TLR1|TLR2|TLR3|TNFRSF1B|TP53|TNFSF4|VCAM1|TNFSF13|CD83|CKAP4|RNF19A|IL17RB|ORAI1,-7.5,0
0,0,1,0,0,0,0,0,-9.9,0,0,0,C0032300,M001000,1,0,DisGeNET,35,Lobar Pneumonia,,-9.9,10,11,30293,140,299,14,4.7,1.2,3627|3684|3934|5724|5743|6364|6374|6376|7097|7098|7133|9294|25897|29108,CXCL10|ITGAM|LCN2|PTAFR|PTGS2|CCL20|CXCL5|CX3CL1|TLR2|TLR3|TNFRSF1B|S1PR2|RNF19A|PYCARD,-7.5,0
1,1,1,0,0,0,-2.9,-9.8,-2.4,0,0,0,C0020443,M111000,3,0,DisGeNET,35,Hypercholesterolemia,,-9.8,5,8.8,30293,489,299,24,8,1.6,22|174|335|336|847|949|1191|1312|1595|2264|4041|4351|5256|5836|6342|6721|8431|8694|10062|11309|28987|29116|55902|55937,ABCB7|AFP|APOA1|APOA2|CAT|SCARB1|CLU|COMT|CYP51A1|FGFR4|LRP5|MPI|PHKA2|PYGL|SCP2|SREBF2|NR0B2|DGAT1|NR1H3|SLCO2B1|NOB1|MYLIP|ACSS2|APOM,-7.4,0
1,0,1,1,1,1,-8.9,0,-9.7,-2.8,-3.8,-3.3,C0011603,M101111,5,0,DisGeNET,35,Dermatitis,,-9.7,4.9,8.7,30293,496,299,24,8,1.6,972|3684|4050|5743|6364|6373|6376|6774|6890|7097|7098|7128|7157|7297|7412|8743|9235|9294|25897|51284|54625|64127|64135|84876,CD74|ITGAM|LTB|PTGS2|CCL20|CXCL11|CX3CL1|STAT3|TAP1|TLR2|TLR3|TNFAIP3|TP53|TYK2|VCAM1|TNFSF10|IL32|S1PR2|RNF19A|TLR7|PARP14|NOD2|IFIH1|ORAI1,-7.3,0
1,0,1,0,0,0,-5.2,0,-9.6,0,0,0,C4048329,M101000,2,0,DisGeNET,35,Immunosuppression,,-9.6,4.3,8.4,30293,632,299,27,9,1.7,1302|1435|2526|3627|3684|3934|5724|5743|6374|6646|6774|6890|6892|7097|7098|7157|7412|8741|8743|9308|9536|10148|25897|51752|64135|259307|440275,COL11A2|CSF1|FUT4|CXCL10|ITGAM|LCN2|PTAFR|PTGS2|CXCL5|SOAT1|STAT3|TAP1|TAPBP|TLR2|TLR3|TP53|VCAM1|TNFSF13|TNFSF10|CD83|PTGES|EBI3|RNF19A|ERAP1|IFIH1|IL4I1|EIF2AK4,-7.3,0
1,1,1,1,1,1,-6,-4.9,-3.5,-9.6,-3.4,-4.9,C0555198,M111111,6,0,DisGeNET,35,Malignant Glioma,,-9.6,4,8.3,30293,724,300,29,9.7,1.7,604|652|894|976|1182|1522|1958|2034|2057|2064|2353|2590|3098|3485|5002|5071|5265|7040|7076|7448|8714|9518|10232|22933|27122|64764|81621|85415|92745,BCL6|BMP4|CCND2|ADGRE5|CLCN3|CTSZ|EGR1|EPAS1|EPOR|ERBB2|FOS|GALNT2|HK1|IGFBP2|SLC22A18|PRKN|SERPINA1|TGFB1|TIMP1|VTN|ABCC3|GDF15|MSLN|SIRT2|DKK3|CREB3L2|KAZALD1|RHPN2|SLC38A5,-7.3,0
1,1,1,1,1,1,-7.6,-2.5,-9.6,-2.9,-4.8,-4.3,C0031099,M111111,6,0,DisGeNET,35,Periodontitis,,-9.6,4.2,8.4,30293,680,299,28,9.4,1.7,716|718|972|1080|1435|1520|2638|3459|3684|4790|5743|6374|6689|6752|7092|7096|7097|7098|7157|7412|8741|9235|9536|10148|11136|25897|51284|64127,C1S|C3|CD74|CFTR|CSF1|CTSS|GC|IFNGR1|ITGAM|NFKB1|PTGS2|CXCL5|SPIB|SSTR2|TLL1|TLR1|TLR2|TLR3|TP53|VCAM1|TNFSF13|IL32|PTGES|EBI3|SLC7A9|RNF19A|TLR7|NOD2,-7.3,0
1,0,1,1,1,1,-9.5,0,-8,-2.8,-4.5,-3.3,C3875321,M101111,5,0,DisGeNET,35,Inflammatory dermatosis,,-9.5,5.6,9,30293,382,300,21,7,1.5,330|2625|2643|2919|3162|3383|3455|3576|3660|3717|4296|5880|5970|6648|6776|6778|8740|8837|9663|27189|50506,BIRC3|GATA3|GCH1|CXCL1|HMOX1|ICAM1|IFNAR2|CXCL8|IRF2|JAK2|MAP3K11|RAC2|RELA|SOD2|STAT5A|STAT6|TNFSF14|CFLAR|LPIN2|IL17C|DUOX2,-7.2,0
1,0,1,1,1,0,-2.8,0,-9.5,-2.3,-2.3,0,C0149678,M101110,4,0,DisGeNET,35,Epstein-Barr Virus Infections,,-9.5,5.5,8.9,30293,384,299,21,7,1.5,972|3105|3604|3627|4790|5698|5743|5918|6364|6646|6774|6890|7128|7157|7412|9308|10148|10970|22809|25897|51284,CD74|HLA-A|TNFRSF9|CXCL10|NFKB1|PSMB9|PTGS2|RARRES1|CCL20|SOAT1|STAT3|TAP1|TNFAIP3|TP53|VCAM1|CD83|EBI3|CKAP4|ATF5|RNF19A|TLR7,-7.2,0
1,0,1,1,0,1,-6.8,0,-9.4,-2.7,0,-2.7,C0019348,M101101,4,0,DisGeNET,35,Herpes Simplex Infections,,-9.4,4.2,8.3,30293,645,299,27,9,1.7,718|1435|3105|3459|3627|3684|4599|4734|4790|5167|5696|5743|6373|6646|6732|6774|6890|7097|7098|7157|8741|9734|9957|25897|51284|115004|171177,C3|CSF1|HLA-A|IFNGR1|CXCL10|ITGAM|MX1|NEDD4|NFKB1|ENPP1|PSMB8|PTGS2|CXCL11|SOAT1|SRPK1|STAT3|TAP1|TLR2|TLR3|TP53|TNFSF13|HDAC9|HS3ST1|RNF19A|TLR7|CGAS|RHOV,-7.1,0
1,0,1,1,1,1,-4.5,0,-9.4,-4,-5.1,-2.3,C0153690,M101111,5,0,DisGeNET,35,Secondary malignant neoplasm of bone,,-9.4,4.2,8.3,30293,647,299,27,9,1.7,567|684|1435|1605|3068|3437|3486|3604|3627|4856|5167|5698|5743|6364|6374|6774|7113|7128|7157|7412|8506|8743|8835|9536|25897|58191|84876,B2M|BST2|CSF1|DAG1|HDGF|IFIT3|IGFBP3|TNFRSF9|CXCL10|CCN3|ENPP1|PSMB9|PTGS2|CCL20|CXCL5|STAT3|TMPRSS2|TNFAIP3|TP53|VCAM1|CNTNAP1|TNFSF10|SOCS2|PTGES|RNF19A|CXCL16|ORAI1,-7.1,0
1,0,1,0,0,0,-3.1,0,-9.4,0,0,0,C0001175,M101000,2,0,DisGeNET,35,Acquired Immunodeficiency Syndrome,,-9.4,7.1,9.5,30293,243,299,17,5.7,1.3,567|684|718|2638|3105|3627|4045|4790|6373|6774|6891|7157|8743|25897|27074|51284|60489,B2M|BST2|C3|GC|HLA-A|CXCL10|LSAMP|NFKB1|CXCL11|STAT3|TAP2|TP53|TNFSF10|RNF19A|LAMP3|TLR7|APOBEC3G,-7.1,0
1,0,1,0,0,1,-7.2,0,-9.3,0,0,-2.4,C2062441,M101001,3,0,DisGeNET,35,Influenza A,,-9.3,4.5,8.4,30293,562,299,25,8.4,1.6,103|684|1605|3105|3627|4045|4050|4599|5359|5743|6364|6646|7098|7113|7157|8876|9235|10148|10410|25897|27074|29108|51284|64127|64135,ADAR|BST2|DAG1|HLA-A|CXCL10|LSAMP|LTB|MX1|PLSCR1|PTGS2|CCL20|SOAT1|TLR3|TMPRSS2|TP53|VNN1|IL32|EBI3|IFITM3|RNF19A|LAMP3|PYCARD|TLR7|NOD2|IFIH1,-7,0
1,1,1,1,1,1,-9.3,-2.4,-4.6,-2.3,-3.2,-3.2,C0024115,M111111,6,0,DisGeNET,35,Lung diseases,,-9.3,4,8.1,30293,700,300,28,9.3,1.7,12|330|374|1535|1540|1738|2919|2920|2950|3162|3383|3454|3455|3460|3482|3576|3659|3663|4312|4792|6648|7100|7405|8740|9575|11254|57162|83666,SERPINA3|BIRC3|AREG|CYBA|CYLD|DLD|CXCL1|CXCL2|GSTP1|HMOX1|ICAM1|IFNAR1|IFNAR2|IFNGR2|IGF2R|CXCL8|IRF1|IRF5|MMP1|NFKBIA|SOD2|TLR5|UVRAG|TNFSF14|CLOCK|SLC6A14|PELI1|PARP9,-7,0
1,0,1,0,1,1,-5.9,0,-9.2,0,-2.1,-2.6,C1333064,M101011,4,0,DisGeNET,35,Classical Hodgkin's Lymphoma,,-9.2,6.4,9.1,30293,285,299,18,6,1.4,567|2526|2706|3105|4790|5698|5743|5971|6646|6774|7128|7157|9294|9308|10970|22809|51752|55717,B2M|FUT4|GJB2|HLA-A|NFKB1|PSMB9|PTGS2|RELB|SOAT1|STAT3|TNFAIP3|TP53|S1PR2|CD83|CKAP4|ATF5|ERAP1|WDR11,-6.9,0
0,0,1,0,1,1,0,0,-2.8,0,-9.2,-2.8,C0042133,M001011,3,0,DisGeNET,35,Uterine Fibroids,,-9.2,4.4,8.3,30293,569,300,25,8.3,1.6,467|800|960|1906|3084|3371|3491|3624|3688|4053|4092|4133|5293|5744|5947|6722|7077|7476|9469|10085|10763|10979|57142|57591|60626,ATF3|CALD1|CD44|EDN1|NRG1|TNC|CCN1|INHBA|ITGB1|LTBP2|SMAD7|MAP2|PIK3CD|PTHLH|RBP1|SRF|TIMP2|WNT7A|CHST3|EDIL3|NES|FERMT2|RTN4|MRTFA|RIC8A,-6.9,0
0,0,1,0,0,0,0,0,-9.1,0,0,0,C0027121,M001000,1,0,DisGeNET,35,Myositis,,-9.1,6.8,9.2,30293,254,299,17,5.7,1.3,103|718|972|1520|1605|3105|5692|5698|5743|7098|7297|8741|8743|9308|51284|51752|64135,ADAR|C3|CD74|CTSS|DAG1|HLA-A|PSMB4|PSMB9|PTGS2|TLR3|TYK2|TNFSF13|TNFSF10|CD83|TLR7|ERAP1|IFIH1,-6.8,0
1,0,1,0,0,0,-6.2,0,-9.1,0,0,0,C2607914,M101000,2,0,DisGeNET,35,Allergic rhinitis (disorder),,-9.1,5,8.5,30293,446,299,22,7.4,1.5,101|2706|4790|5743|6364|6646|6774|6890|6891|7096|7097|7098|7128|7133|7292|9235|10148|51284|53905|55540|84876|148170,ADAM8|GJB2|NFKB1|PTGS2|CCL20|SOAT1|STAT3|TAP1|TAP2|TLR1|TLR2|TLR3|TNFAIP3|TNFRSF1B|TNFSF4|IL32|EBI3|TLR7|DUOX1|IL17RB|ORAI1|CDC42EP5,-6.8,0
0,0,1,0,0,0,0,0,-9.1,0,0,0,C0920350,M001000,1,0,DisGeNET,35,Autoimmune thyroiditis,,-9.1,8.8,9.9,30293,161,299,14,4.7,1.2,718|1605|2706|3105|3627|5743|6373|6646|6891|7292|8743|11074|55717|64167,C3|DAG1|GJB2|HLA-A|CXCL10|PTGS2|CXCL11|SOAT1|TAP2|TNFSF4|TNFSF10|TRIM31|WDR11|ERAP2,-6.8,0
1,0,1,0,0,0,-6.9,0,-9.1,0,0,0,C0018133,M101000,2,0,DisGeNET,35,Graft-vs-Host Disease,,-9.1,5,8.5,30293,447,299,22,7.4,1.5,718|2706|3105|3604|3684|3934|5724|5743|6374|6646|6774|7097|7133|7157|7292|7412|8743|9536|10148|10970|64127|84876,C3|GJB2|HLA-A|TNFRSF9|ITGAM|LCN2|PTAFR|PTGS2|CXCL5|SOAT1|STAT3|TLR2|TNFRSF1B|TP53|TNFSF4|VCAM1|TNFSF10|PTGES|EBI3|CKAP4|NOD2|ORAI1,-6.8,0
1,0,1,0,0,0,-5.3,0,-9,0,0,0,C0079773,M101000,2,0,DisGeNET,35,"Lymphoma, T-Cell, Cutaneous",,-9,5.5,8.7,30293,367,299,20,6.7,1.4,3604|3627|3684|4790|4791|4940|5743|5971|6364|6646|6774|7128|7133|7157|7292|8743|9235|9734|10970|29108,TNFRSF9|CXCL10|ITGAM|NFKB1|NFKB2|OAS3|PTGS2|RELB|CCL20|SOAT1|STAT3|TNFAIP3|TNFRSF1B|TP53|TNFSF4|TNFSF10|IL32|HDAC9|CKAP4|PYCARD,-6.8,0
0,0,1,0,0,0,0,0,-9,0,0,0,C1955906,M001000,1,0,DisGeNET,35,"Lymphoma, Extranodal NK-T-Cell",,-9,25,14,30293,33,299,8,2.7,0.93,2526|3684|5698|6646|6774|7128|7157|160418,FUT4|ITGAM|PSMB9|SOAT1|STAT3|TNFAIP3|TP53|TMTC3,-6.8,0
1,0,1,0,0,0,-4.6,0,-9,0,0,0,C0276289,M101000,2,0,DisGeNET,35,Zika Virus Infection,,-9,7.9,9.6,30293,192,299,15,5,1.3,103|1302|3459|3627|3934|4940|6373|6646|6774|7098|7157|10410|64135|64761|93082,ADAR|COL11A2|IFNGR1|CXCL10|LCN2|OAS3|CXCL11|SOAT1|STAT3|TLR3|TP53|IFITM3|IFIH1|PARP12|NEURL3,-6.8,0
1,1,1,0,0,1,-5.5,-2.7,-9,0,0,-2.2,C0019159,M111001,4,0,DisGeNET,35,Hepatitis A,,-9,4.9,8.4,30293,451,299,22,7.4,1.5,567|1302|2530|3105|3604|3627|4045|5284|5743|6373|6774|7097|7098|7157|8743|9536|25897|25984|27074|51284|64127|64135,B2M|COL11A2|FUT8|HLA-A|TNFRSF9|CXCL10|LSAMP|PIGR|PTGS2|CXCL11|STAT3|TLR2|TLR3|TP53|TNFSF10|PTGES|RNF19A|KRT23|LAMP3|TLR7|NOD2|IFIH1,-6.8,0
1,0,1,0,1,1,-3.7,0,-9,0,-3.7,-2.7,C0021053,M101011,4,0,DisGeNET,35,Immune System Diseases,,-9,4.9,8.4,30293,451,299,22,7.4,1.5,972|3627|5021|5743|6376|6646|6774|6890|6891|7097|7128|7157|7297|8741|9235|22809|23308|51284|53347|64135|84876|440275,CD74|CXCL10|OXTR|PTGS2|CX3CL1|SOAT1|STAT3|TAP1|TAP2|TLR2|TNFAIP3|TP53|TYK2|TNFSF13|IL32|ATF5|ICOSLG|TLR7|UBASH3A|IFIH1|ORAI1|EIF2AK4,-6.8,0
1,0,1,0,0,0,-5.1,0,-9,0,0,0,C0042384,M101000,2,0,DisGeNET,35,Vasculitis,,-9,6.2,9,30293,294,299,18,6,1.4,843|3437|3627|4045|4790|4791|7097|7133|7297|7412|9308|25897|27074|29108|51284|51752|55717|64135,CASP10|IFIT3|CXCL10|LSAMP|NFKB1|NFKB2|TLR2|TNFRSF1B|TYK2|VCAM1|CD83|RNF19A|LAMP3|PYCARD|TLR7|ERAP1|WDR11|IFIH1,-6.8,0
1,0,1,0,0,0,-4.4,0,-9,0,0,0,C0856825,M101000,2,0,DisGeNET,35,Acute GVH disease,,-9,6.2,9,30293,294,299,18,6,1.4,718|2706|3105|3627|4790|5724|6774|6892|7096|7133|7157|7412|9235|9308|9466|51284|64127|84818,C3|GJB2|HLA-A|CXCL10|NFKB1|PTAFR|STAT3|TAPBP|TLR1|TNFRSF1B|TP53|VCAM1|IL32|CD83|IL27RA|TLR7|NOD2|IL17RC,-6.8,0
0,0,1,1,1,0,0,0,-9,-2.3,-2.3,0,C0039483,M001110,3,0,DisGeNET,35,Giant Cell Arteritis,,-9,6.6,9.1,30293,260,299,17,5.7,1.3,3459|3627|3684|4050|4599|4734|4790|5743|6373|6376|7128|7157|7412|8741|9235|9308|83593,IFNGR1|CXCL10|ITGAM|LTB|MX1|NEDD4|NFKB1|PTGS2|CXCL11|CX3CL1|TNFAIP3|TP53|VCAM1|TNFSF13|IL32|CD83|RASSF5,-6.7,0
1,0,1,1,1,0,-8.9,0,-3.5,-7.7,-3.1,0,C3203102,M101110,4,0,DisGeNET,35,Idiopathic pulmonary arterial hypertension,,-8.9,3.8,7.8,30293,776,300,29,9.7,1.7,12|285|355|650|860|2919|3107|3162|3383|3454|3576|3663|3717|4312|4773|5970|6446|6648|6776|6778|8809|9076|22904|22926|29887|50506|57674|64065|285203,SERPINA3|ANGPT2|FAS|BMP2|RUNX2|CXCL1|HLA-C|HMOX1|ICAM1|IFNAR1|CXCL8|IRF5|JAK2|MMP1|NFATC2|RELA|SGK1|SOD2|STAT5A|STAT6|IL18R1|CLDN1|SBNO2|ATF6|SNX10|DUOX2|RNF213|PERP|EOGT,-6.7,0
1,0,1,0,0,0,-2.7,0,-8.9,0,0,0,C0677607,M101000,2,0,DisGeNET,35,Hashimoto Disease,,-8.9,5.7,8.7,30293,335,299,19,6.4,1.4,716|718|1520|3105|3627|4790|5698|5743|6373|6646|6774|7097|7157|7292|8743|9308|10483|55717|64135,C1S|C3|CTSS|HLA-A|CXCL10|NFKB1|PSMB9|PTGS2|CXCL11|SOAT1|STAT3|TLR2|TP53|TNFSF4|TNFSF10|CD83|SEC23B|WDR11|IFIH1,-6.7,0
1,0,1,1,1,1,-4.2,0,-8.9,-2.2,-2.2,-2.2,C0017661,M101111,5,0,DisGeNET,35,IGA Glomerulonephritis,,-8.9,4.9,8.4,30293,456,299,22,7.4,1.5,637|718|3105|3684|3934|4599|5284|5696|6364|7096|7097|7098|7133|7157|7412|7805|8542|8741|25897|27074|54331|64135,BID|C3|HLA-A|ITGAM|LCN2|MX1|PIGR|PSMB8|CCL20|TLR1|TLR2|TLR3|TNFRSF1B|TP53|VCAM1|LAPTM5|APOL1|TNFSF13|RNF19A|LAMP3|GNG2|IFIH1,-6.7,0
0,0,1,0,0,0,0,0,-8.8,0,0,0,C1384600,M001000,1,0,DisGeNET,35,Systemic onset juvenile chronic arthritis,,-8.8,12,11,30293,90,299,11,3.7,1.1,843|972|3486|3627|6373|6646|6774|6892|7297|9734|64127,CASP10|CD74|IGFBP3|CXCL10|CXCL11|SOAT1|STAT3|TAPBP|TYK2|HDAC9|NOD2,-6.6,0
0,0,1,0,0,0,0,0,-8.6,0,0,0,C4024795,M001000,1,0,DisGeNET,35,Nongranulomatous uveitis,,-8.6,43,16,30293,14,299,6,2,0.81,3627|6364|6376|8741|58191|64127,CXCL10|CCL20|CX3CL1|TNFSF13|CXCL16|NOD2,-6.4,0
1,1,1,0,1,1,-4.3,-3.3,-8.6,0,-2.4,-3.8,C0037284,M111011,5,0,DisGeNET,35,Skin lesion,,-8.6,4.3,7.9,30293,563,299,24,8,1.6,103|567|972|2706|3105|3627|3684|3934|4599|5167|5743|6364|6646|6774|6890|6891|7097|7157|7292|7412|8741|8942|51284|53905,ADAR|B2M|CD74|GJB2|HLA-A|CXCL10|ITGAM|LCN2|MX1|ENPP1|PTGS2|CCL20|SOAT1|STAT3|TAP1|TAP2|TLR2|TP53|TNFSF4|VCAM1|TNFSF13|KYNU|TLR7|DUOX1,-6.4,0
1,0,1,0,0,0,-3.6,0,-8.6,0,0,0,C0009447,M101000,2,0,DisGeNET,35,Common Variable Immunodeficiency,,-8.6,7.3,9.1,30293,207,299,15,5,1.3,1605|3105|3684|4790|4791|6774|7097|7133|7157|8741|10148|23308|51284|64127|64167,DAG1|HLA-A|ITGAM|NFKB1|NFKB2|STAT3|TLR2|TNFRSF1B|TP53|TNFSF13|EBI3|ICOSLG|TLR7|NOD2|ERAP2,-6.4,0
1,0,1,1,1,1,-3.8,0,-8.6,-2.2,-3.2,-3.8,C0017658,M101111,5,0,DisGeNET,35,Glomerulonephritis,,-8.6,5.2,8.3,30293,391,299,20,6.7,1.4,718|843|972|3105|3627|3684|4856|4868|5724|6376|6524|6774|7096|7098|7133|7412|8542|8741|51284|171177,C3|CASP10|CD74|HLA-A|CXCL10|ITGAM|CCN3|NPHS1|PTAFR|CX3CL1|SLC5A2|STAT3|TLR1|TLR3|TNFRSF1B|VCAM1|APOL1|TNFSF13|TLR7|RHOV,-6.4,0
1,1,1,0,0,0,-3.8,-3.2,-8.5,0,0,0,C0042900,M111000,3,0,DisGeNET,35,Vitiligo,,-8.5,5.1,8.3,30293,394,299,20,6.7,1.4,3105|3627|4856|5696|5698|5699|5743|6364|6373|6646|6890|7097|7098|7157|11074|25897|53347|58191|64135|64761,HLA-A|CXCL10|CCN3|PSMB8|PSMB9|PSMB10|PTGS2|CCL20|CXCL11|SOAT1|TAP1|TLR2|TLR3|TP53|TRIM31|RNF19A|UBASH3A|CXCL16|IFIH1|PARP12,-6.3,0
1,0,1,0,0,0,-4,0,-8.5,0,0,0,C0030246,M101000,2,0,DisGeNET,35,Pustulosis of Palms and Soles,,-8.5,14,11,30293,74,299,10,3.3,1,2706|3105|3934|6774|7128|7157|7297|8876|51752|64135,GJB2|HLA-A|LCN2|STAT3|TNFAIP3|TP53|TYK2|VNN1|ERAP1|IFIH1,-6.3,0
1,1,1,1,0,1,-6,-2.2,-8.5,-3.9,0,-2.2,C2316810,M111101,5,0,DisGeNET,35,Chronic kidney disease stage 5,,-8.5,4,7.7,30293,666,299,26,8.7,1.6,567|718|1302|2319|3105|3486|3934|4050|4790|4868|5167|5743|6524|6891|7097|7098|7133|8542|8835|9536|9734|54361|55717|58191|64127|171177,B2M|C3|COL11A2|FLOT2|HLA-A|IGFBP3|LCN2|LTB|NFKB1|NPHS1|ENPP1|PTGS2|SLC5A2|TAP2|TLR2|TLR3|TNFRSF1B|APOL1|SOCS2|PTGES|HDAC9|WNT4|WDR11|CXCL16|NOD2|RHOV,-6.3,0
1,1,1,1,1,1,-4.4,-2.7,-8.5,-4,-2.6,-3.1,C0856169,M111111,6,0,DisGeNET,35,Endothelial dysfunction,,-8.5,3.8,7.6,30293,716,299,27,9,1.7,94|1520|2811|3486|3627|3684|3934|4790|4856|5167|5743|6524|6646|7097|7157|7412|8743|9294|9536|11182|23308|25897|53905|55620|58191|81035|84876,ACVRL1|CTSS|GP1BA|IGFBP3|CXCL10|ITGAM|LCN2|NFKB1|CCN3|ENPP1|PTGS2|SLC5A2|SOAT1|TLR2|TP53|VCAM1|TNFSF10|S1PR2|PTGES|SLC2A6|ICOSLG|RNF19A|DUOX1|STAP2|CXCL16|COLEC12|ORAI1,-6.3,0
1,1,1,1,1,1,-7.8,-2.4,-5.1,-8.5,-7.8,-7.2,C0030297,M111111,6,0,DisGeNET,35,Pancreatic Neoplasm,,-8.5,3.7,7.6,30293,764,300,28,9.3,1.7,334|348|558|598|652|2034|2064|2159|2852|3485|3856|4586|4680|5209|5644|5909|6286|6690|7040|7076|7448|8714|9518|10232|10765|22933|27122|54845,APLP2|APOE|AXL|BCL2L1|BMP4|EPAS1|ERBB2|F10|GPER1|IGFBP2|KRT8|MUC5AC|CEACAM6|PFKFB3|PRSS1|RAP1GAP|S100P|SPINK1|TGFB1|TIMP1|VTN|ABCC3|GDF15|MSLN|KDM5B|SIRT2|DKK3|ESRP1,-6.3,0
0,0,1,1,1,1,0,0,-2.9,-2.9,-4.3,-8.4,C1153706,M001111,4,0,DisGeNET,35,Endometrial adenocarcinoma,,-8.4,7.1,9,30293,212,300,15,5,1.3,389|1026|1029|1364|1366|1436|1827|1948|2050|2308|4323|6548|7251|9122|54843,RHOC|CDKN1A|CDKN2A|CLDN4|CLDN7|CSF1R|RCAN1|EFNB2|EPHB4|FOXO1|MMP14|SLC9A1|TSG101|SLC16A4|SYTL2,-6.3,0
0,0,1,0,0,0,0,0,-8.3,0,0,0,C1609538,M001000,1,0,DisGeNET,35,Latent Tuberculosis,,-8.3,7.8,9.1,30293,183,299,14,4.7,1.2,2638|3105|3604|3627|3934|5696|5698|6373|6774|7096|7097|8741|8835|9235,GC|HLA-A|TNFRSF9|CXCL10|LCN2|PSMB8|PSMB9|CXCL11|STAT3|TLR1|TLR2|TNFSF13|SOCS2|IL32,-6.2,0
0,0,1,0,0,0,0,0,-8.3,0,0,0,C0155862,M001000,1,0,DisGeNET,35,Streptococcal pneumonia,,-8.3,11,10,30293,100,299,11,3.7,1.1,718|3627|3684|3934|5724|5743|7097|7098|9294|25897|29108,C3|CXCL10|ITGAM|LCN2|PTAFR|PTGS2|TLR2|TLR3|S1PR2|RNF19A|PYCARD,-6.2,0
1,0,1,0,0,0,-2.6,0,-8.3,0,0,0,C0031106,M101000,2,0,DisGeNET,35,Aggressive Periodontitis,,-8.3,7.7,9.1,30293,184,299,14,4.7,1.2,1435|2638|3105|3627|3684|3934|5743|7097|7133|7157|7297|7412|25984|64127,CSF1|GC|HLA-A|CXCL10|ITGAM|LCN2|PTGS2|TLR2|TNFRSF1B|TP53|TYK2|VCAM1|KRT23|NOD2,-6.2,0
0,0,1,0,1,0,0,0,-8.3,0,-2.4,0,C0026948,M001010,2,0,DisGeNET,35,Mycosis Fungoides,,-8.3,6.5,8.7,30293,251,299,16,5.4,1.3,94|567|2526|3105|3684|5743|6364|6373|6774|7097|7133|7157|9235|10970|25897|51284,ACVRL1|B2M|FUT4|HLA-A|ITGAM|PTGS2|CCL20|CXCL11|STAT3|TLR2|TNFRSF1B|TP53|IL32|CKAP4|RNF19A|TLR7,-6.2,0
0,0,1,0,0,0,0,0,-8.3,0,0,0,C0221056,M001000,1,0,DisGeNET,35,Adult type dermatomyositis,,-8.3,7,8.8,30293,218,299,15,5,1.3,1605|2537|3105|3627|4599|5743|6373|6646|6774|7098|7133|7157|7297|51284|64135,DAG1|IFI6|HLA-A|CXCL10|MX1|PTGS2|CXCL11|SOAT1|STAT3|TLR3|TNFRSF1B|TP53|TYK2|TLR7|IFIH1,-6.1,0
1,0,1,1,0,1,-8.2,0,-2.1,-5,0,-2.1,C1319315,M101101,4,0,DisGeNET,35,Adenocarcinoma of large intestine,,-8.2,4.3,7.7,30293,543,300,23,7.7,1.5,285|860|1738|2120|2625|2919|3162|3576|3911|4893|4935|6047|6692|7405|8549|10019|26137|51094|64759|84517|84790|162427|346389,ANGPT2|RUNX2|DLD|ETV6|GATA3|CXCL1|HMOX1|CXCL8|LAMA5|NRAS|GPR143|RNF4|SPINT1|UVRAG|LGR5|SH2B3|ZBTB20|ADIPOR1|TNS3|ACTRT3|TUBA1C|RETREG3|MACC1,-6.1,0
0,0,1,1,0,0,0,0,-2.3,-8.2,0,0,C0238339,M001100,2,0,DisGeNET,35,Hereditary pancreatitis,,-8.2,8.3,9.2,30293,158,300,13,4.3,1.2,351|633|2064|3880|4586|5265|5627|5644|5645|5646|6690|7040|54858,APP|BGN|ERBB2|KRT19|MUC5AC|SERPINA1|PROS1|PRSS1|PRSS2|PRSS3|SPINK1|TGFB1|PGPEP1,-6,0
0,0,0,0,1,1,0,0,0,0,-8.1,-3,C0023267,M000011,2,0,DisGeNET,35,Fibroid Tumor,,-8.1,4.9,8,30293,413,300,20,6.7,1.4,467|800|960|1906|2113|3371|3491|3624|3688|4053|4092|4133|5293|5744|5947|7077|7476|9469|10763|10979,ATF3|CALD1|CD44|EDN1|ETS1|TNC|CCN1|INHBA|ITGB1|LTBP2|SMAD7|MAP2|PIK3CD|PTHLH|RBP1|TIMP2|WNT7A|CHST3|NES|FERMT2,-6,0
1,0,1,0,0,0,-3.5,0,-8.1,0,0,0,C0524909,M101000,2,0,DisGeNET,35,"Hepatitis B, Chronic",,-8.1,4.9,8,30293,415,299,20,6.7,1.4,103|3105|3459|3604|3627|3934|5743|6774|6890|7096|7097|7098|7157|8743|9111|9235|9582|10148|51284|60489,ADAR|HLA-A|IFNGR1|TNFRSF9|CXCL10|LCN2|PTGS2|STAT3|TAP1|TLR1|TLR2|TLR3|TP53|TNFSF10|NMI|IL32|APOBEC3B|EBI3|TLR7|APOBEC3G,-6,0
1,0,1,0,1,1,-5.5,0,-8.1,0,-3.3,-3.8,C0278883,M101011,4,0,DisGeNET,35,Metastatic melanoma,,-8.1,4.4,7.7,30293,504,299,22,7.4,1.5,103|567|972|1435|2530|3105|3486|3604|3627|4599|4790|5144|5743|6732|6774|6890|7157|7292|8190|29108|151636|259307,ADAR|B2M|CD74|CSF1|FUT8|HLA-A|IGFBP3|TNFRSF9|CXCL10|MX1|NFKB1|PDE4D|PTGS2|SRPK1|STAT3|TAP1|TP53|TNFSF4|MIA|PYCARD|DTX3L|IL4I1,-6,0
0,0,1,0,0,0,0,0,-8.1,0,0,0,C0025289,M001000,1,0,DisGeNET,35,Meningitis,,-8.1,7.4,8.9,30293,191,299,14,4.7,1.2,2638|3105|3627|4045|4940|6373|6774|7097|7098|8506|8743|27074|51752|64127,GC|HLA-A|CXCL10|LSAMP|OAS3|CXCL11|STAT3|TLR2|TLR3|CNTNAP1|TNFSF10|LAMP3|ERAP1|NOD2,-6,0
0,0,1,0,1,0,0,0,-8,0,-2.2,0,C0398650,M001010,2,0,DisGeNET,35,Immune thrombocytopenic purpura,,-8,5.4,8.1,30293,338,299,18,6,1.4,637|843|2581|2811|3105|3627|4790|4791|5743|6774|7128|7157|7292|8741|8876|9308|29108|58191,BID|CASP10|GALC|GP1BA|HLA-A|CXCL10|NFKB1|NFKB2|PTGS2|STAT3|TNFAIP3|TP53|TNFSF4|TNFSF13|VNN1|CD83|PYCARD|CXCL16,-5.9,0
0,0,1,0,0,0,0,0,-8,0,0,0,C0263666,M001000,1,0,DisGeNET,35,"Dermatomyositis, Childhood Type",,-8,15,11,30293,62,299,9,3,0.99,3105|3437|3627|4599|7098|7412|9308|51284|64135,HLA-A|IFIT3|CXCL10|MX1|TLR3|VCAM1|CD83|TLR7|IFIH1,-5.9,0
0,0,1,0,0,1,0,0,-8,0,0,-2.1,C0040128,M001001,2,0,DisGeNET,35,Thyroid Diseases,,-8,6.6,8.5,30293,230,299,15,5,1.3,3105|3486|3627|5144|5743|6567|6752|6774|7133|7157|7292|8743|9308|23308|53905,HLA-A|IGFBP3|CXCL10|PDE4D|PTGS2|SLC16A2|SSTR2|STAT3|TNFRSF1B|TP53|TNFSF4|TNFSF10|CD83|ICOSLG|DUOX1,-5.9,0
1,1,1,1,1,1,-7.9,-5.7,-5.1,-4.1,-3.2,-4.1,C0151744,M111111,6,0,DisGeNET,35,Myocardial Ischemia,,-7.9,3.6,7.3,30293,756,300,27,9,1.7,285|374|650|1327|1535|2643|2730|2920|2950|3162|3306|3383|3482|3572|3659|3717|4792|5970|6648|6776|6778|7035|7357|9197|9367|22926|221895,ANGPT2|AREG|BMP2|COX4I1|CYBA|GCH1|GCLM|CXCL2|GSTP1|HMOX1|HSPA2|ICAM1|IGF2R|IL6ST|IRF1|JAK2|NFKBIA|RELA|SOD2|STAT5A|STAT6|TFPI|UGCG|SLC33A1|RAB9A|ATF6|JAZF1,-5.8,0
1,1,1,1,1,1,-7.9,-4.6,-5.1,-3.7,-2.4,-2.8,C0153381,M111111,6,0,DisGeNET,35,Malignant neoplasm of mouth,,-7.9,3.6,7.3,30293,756,300,27,9,1.7,355|1535|2120|2523|2524|2919|2950|3162|3383|3482|3576|3732|4070|4312|4773|4792|5328|5970|6648|6776|7405|8771|8887|9575|27113|51586|55601,FAS|CYBA|ETV6|FUT1|FUT2|CXCL1|GSTP1|HMOX1|ICAM1|IGF2R|CXCL8|CD82|TACSTD2|MMP1|NFATC2|NFKBIA|PLAU|RELA|SOD2|STAT5A|UVRAG|TNFRSF6B|TAX1BP1|CLOCK|BBC3|MED15|DDX60,-5.8,0
1,0,1,0,0,0,-7.9,0,-3.6,0,0,0,C0264408,M101000,2,0,DisGeNET,35,Childhood asthma,,-7.9,5.7,8.2,30293,303,300,17,5.7,1.3,330|374|1603|2950|3383|3576|3659|3696|4792|6778|8740|8809|10584|22904|51088|92714|221895,BIRC3|AREG|DAD1|GSTP1|ICAM1|CXCL8|IRF1|ITGB8|NFKBIA|STAT6|TNFSF14|IL18R1|COLEC10|SBNO2|KLHL5|ARRDC1|JAZF1,-5.8,0
1,1,0,1,1,0,-5.4,-2.7,0,-7.9,-2.7,0,C0282612,M110110,4,0,DisGeNET,35,Prostatic Intraepithelial Neoplasias,,-7.9,6.6,8.5,30293,230,300,15,5,1.3,634|1471|1522|2057|2064|2896|3481|3485|3856|3880|5104|5627|7076|9518|112483,CEACAM1|CST3|CTSZ|EPOR|ERBB2|GRN|IGF2|IGFBP2|KRT8|KRT19|SERPINA5|PROS1|TIMP1|GDF15|SAT2,-5.8,0
0,0,1,0,0,0,0,0,-7.9,0,0,0,C0035435,M001000,1,0,DisGeNET,35,Rheumatism,,-7.9,7.2,8.7,30293,197,299,14,4.7,1.2,718|3627|3934|5698|5743|6376|6646|7128|7297|7412|8741|9235|25897|51752,C3|CXCL10|LCN2|PSMB9|PTGS2|CX3CL1|SOAT1|TNFAIP3|TYK2|VCAM1|TNFSF13|IL32|RNF19A|ERAP1,-5.8,0
0,1,1,0,0,0,0,-7.9,-4.1,0,0,0,C0242339,M011000,2,0,DisGeNET,35,Dyslipidemias,,-7.9,4.5,7.7,30293,471,299,21,7,1.5,196|335|336|949|2147|3030|3170|4041|5360|5950|6342|7048|7494|8694|8701|10062|29116|51085|55937|201501|359948,AHR|APOA1|APOA2|SCARB1|F2|HADHA|FOXA2|LRP5|PLTP|RBP4|SCP2|TGFBR2|XBP1|DGAT1|DNAH11|NR1H3|MYLIP|MLXIPL|APOM|ZBTB7C|IRF2BP2,-5.8,0
1,0,1,0,1,1,-7.9,0,-2.1,0,-2.1,-2.1,C0200638,M101011,4,0,DisGeNET,35,Eosinophil count procedure,,-7.9,4,7.4,30293,610,300,24,8,1.6,860|2625|3455|3656|3717|4296|4773|5970|6778|8809|10019|10318|10723|22904|23094|23235|30844|51131|51582|56829|64759|79651|121665|146206,RUNX2|GATA3|IFNAR2|IRAK2|JAK2|MAP3K11|NFATC2|RELA|STAT6|IL18R1|SH2B3|TNIP1|SLC12A7|SBNO2|SIPA1L3|SIK2|EHD4|PHF11|AZIN1|ZC3HAV1|TNS3|RHBDF2|SPPL3|CARMIL2,-5.8,0
1,0,1,1,1,1,-5.8,0,-4.5,-2.3,-7.9,-2.3,C0008479,M101111,5,0,DisGeNET,35,Chondrosarcoma,,-7.9,5,7.9,30293,385,300,19,6.3,1.4,960|1030|1906|3371|3589|3624|3726|4133|4318|5293|5744|6236|6932|7042|7077|10085|10979|80381|81631,CD44|CDKN2B|EDN1|TNC|IL11|INHBA|JUNB|MAP2|MMP9|PIK3CD|PTHLH|RRAD|TCF7|TGFB2|TIMP2|EDIL3|FERMT2|CD276|MAP1LC3B,-5.8,0
0,1,1,1,1,1,0,-3.7,-5.3,-7.9,-2.2,-3.6,C0281361,M011111,5,0,DisGeNET,35,Adenocarcinoma of pancreas,,-7.9,4.3,7.6,30293,518,300,22,7.3,1.5,351|598|634|894|2064|3485|3691|3880|4253|4485|4680|5265|5644|6690|7040|7448|9518|10076|10232|10253|10555|81846,APP|BCL2L1|CEACAM1|CCND2|ERBB2|IGFBP2|ITGB4|KRT19|MIA2|MST1|CEACAM6|SERPINA1|PRSS1|SPINK1|TGFB1|VTN|GDF15|PTPRU|MSLN|SPRY2|AGPAT2|SBF2,-5.8,0
0,0,0,1,0,0,0,0,0,-7.8,0,0,C0584960,M000100,1,0,DisGeNET,35,Factor V Leiden mutation,,-7.8,12,10,30293,86,300,10,3.3,1,348|2153|2159|5002|5071|5104|5627|7448|54858|79660,APOE|F5|F10|SLC22A18|PRKN|SERPINA5|PROS1|VTN|PGPEP1|PPP1R3B,-5.8,0
0,0,1,0,0,0,0,0,-7.8,0,0,0,C0011633,M001000,1,0,DisGeNET,35,Dermatomyositis,,-7.8,6.5,8.4,30293,235,299,15,5,1.3,1605|2537|3105|3627|4599|5743|6373|6646|7098|7133|7157|7297|9308|51284|64135,DAG1|IFI6|HLA-A|CXCL10|MX1|PTGS2|CXCL11|SOAT1|TLR3|TNFRSF1B|TP53|TYK2|CD83|TLR7|IFIH1,-5.8,0
1,1,1,1,1,1,-7.8,-2.8,-5.6,-2.7,-3.2,-2,C0155626,M111111,6,0,DisGeNET,35,Acute myocardial infarction,,-7.8,3.6,7.2,30293,766,300,27,9,1.7,12|306|355|1535|2625|2919|2920|2950|3162|3383|3460|3576|3717|4312|5328|5970|6385|6648|7035|7403|9197|25833|27113|28956|51094|55332|135112,SERPINA3|ANXA3|FAS|CYBA|GATA3|CXCL1|CXCL2|GSTP1|HMOX1|ICAM1|IFNGR2|CXCL8|JAK2|MMP1|PLAU|RELA|SDC4|SOD2|TFPI|KDM6A|SLC33A1|POU2F3|BBC3|LAMTOR2|ADIPOR1|DRAM1|NCOA7,-5.8,0
1,0,1,0,0,0,-2.2,0,-7.8,0,0,0,C0014060,M101000,2,0,DisGeNET,35,"Encephalitis, St. Louis",,-7.8,6,8.2,30293,272,299,16,5.4,1.3,567|718|3627|3684|6646|6774|6891|7097|7128|7133|7292|7297|8741|9641|64127|64135,B2M|C3|CXCL10|ITGAM|SOAT1|STAT3|TAP2|TLR2|TNFAIP3|TNFRSF1B|TNFSF4|TYK2|TNFSF13|IKBKE|NOD2|IFIH1,-5.8,0
1,1,0,0,0,0,-2.8,-7.8,0,0,0,0,C3241937,M110000,2,0,DisGeNET,35,Nonalcoholic Steatohepatitis,,-7.8,4.7,7.7,30293,434,299,20,6.7,1.4,48|174|196|216|847|949|1191|1728|2147|3171|5176|5950|6414|6721|7033|7351|7494|8431|10549|53832,ACO1|AFP|AHR|ALDH1A1|CAT|SCARB1|CLU|NQO1|F2|FOXA3|SERPINF1|RBP4|SELENOP|SREBF2|TFF3|UCP2|XBP1|NR0B2|PRDX4|IL20RA,-5.8,0
1,0,0,1,1,0,-6,0,0,-7.8,-4,0,C0014772,M100110,3,0,DisGeNET,35,Red Blood Cell Count measurement,,-7.8,3.7,7.2,30293,717,300,26,8.7,1.6,348|351|558|1384|2034|3098|3783|5639|6296|7018|10232|10806|22874|26010|27244|28959|30061|50484|55328|55365|57326|81846|147798|164656|341019|388588,APOE|APP|AXL|CRAT|EPAS1|HK1|KCNN4|PRRG2|ACSM3|TF|MSLN|SDCCAG8|PLEKHA6|SPATS2L|SESN1|TMEM176B|SLC40A1|RRM2B|RNLS|TMEM176A|PBXIP1|SBF2|TMC4|TMPRSS6|DCDC1|SMIM1,-5.7,0
1,1,1,1,1,1,-2.3,-3.2,-5.3,-3.2,-7.8,-2.7,C0151650,M111111,6,0,DisGeNET,35,Renal fibrosis,,-7.8,4.1,7.4,30293,570,300,23,7.7,1.5,1843|1906|2054|3371|3589|3611|3726|3976|4017|4092|4318|4478|4688|5293|5744|6498|6722|7042|7045|8482|10979|51177|57591,DUSP1|EDN1|STX2|TNC|IL11|ILK|JUNB|LIF|LOXL2|SMAD7|MMP9|MSN|NCF2|PIK3CD|PTHLH|SKIL|SRF|TGFB2|TGFBI|SEMA7A|FERMT2|PLEKHO1|MRTFA,-5.7,0
1,0,1,0,0,1,-3,0,-7.8,0,0,-2.3,C0025007,M101001,3,0,DisGeNET,35,Measles,,-7.8,9.9,9.4,30293,113,299,11,3.7,1.1,103|3105|4045|4599|6364|7097|7098|10148|27074|60489|64135,ADAR|HLA-A|LSAMP|MX1|CCL20|TLR2|TLR3|EBI3|LAMP3|APOBEC3G|IFIH1,-5.7,0
1,0,1,0,0,0,-2.2,0,-7.7,0,0,0,C0497156,M101000,2,0,DisGeNET,35,Lymphadenopathy,,-7.7,5.9,8.1,30293,277,299,16,5.4,1.3,567|718|843|3459|4790|4791|5692|5696|5698|6774|7133|7157|8741|51752|55620|64127,B2M|C3|CASP10|IFNGR1|NFKB1|NFKB2|PSMB4|PSMB8|PSMB9|STAT3|TNFRSF1B|TP53|TNFSF13|ERAP1|STAP2|NOD2,-5.7,0
1,0,1,0,1,0,-3.4,0,-7.7,0,-2,0,C0010278,M101010,3,0,DisGeNET,35,Craniosynostosis,,-7.7,4.4,7.5,30293,488,299,21,7,1.5,1080|2706|3604|3627|3934|5167|5743|6374|6774|6890|6891|6892|7097|7098|7412|10970|25897|51284|53905|64127|64135,CFTR|GJB2|TNFRSF9|CXCL10|LCN2|ENPP1|PTGS2|CXCL5|STAT3|TAP1|TAP2|TAPBP|TLR2|TLR3|VCAM1|CKAP4|RNF19A|TLR7|DUOX1|NOD2|IFIH1,-5.6,0
1,0,1,0,0,0,-3.6,0,-7.7,0,0,0,C0041327,M101000,2,0,DisGeNET,35,"Tuberculosis, Pulmonary",,-7.7,5.1,7.8,30293,358,299,18,6,1.4,3105|3459|3627|4045|4790|5696|6364|6646|6774|6890|6891|7096|7097|8741|10148|25897|27074|64127,HLA-A|IFNGR1|CXCL10|LSAMP|NFKB1|PSMB8|CCL20|SOAT1|STAT3|TAP1|TAP2|TLR1|TLR2|TNFSF13|EBI3|RNF19A|LAMP3|NOD2,-5.6,0
1,1,1,0,1,1,-3.6,-2,-7.6,0,-3.6,-3,C0041956,M111011,5,0,DisGeNET,35,Ureteral obstruction,,-7.6,5.1,7.8,30293,359,299,18,6,1.4,1080|1435|3934|4790|4856|5743|6364|6373|6646|6774|7157|7412|8542|8876|9536|25897|29108|64127,CFTR|CSF1|LCN2|NFKB1|CCN3|PTGS2|CCL20|CXCL11|SOAT1|STAT3|TP53|VCAM1|APOL1|VNN1|PTGES|RNF19A|PYCARD|NOD2,-5.6,0
0,0,1,0,0,0,0,0,-7.6,0,0,0,C0949691,M001000,1,0,DisGeNET,35,Spondylarthropathies,,-7.6,11,9.6,30293,92,299,10,3.3,1,567|3105|3684|5167|5698|5743|6364|9466|51752|64127,B2M|HLA-A|ITGAM|ENPP1|PSMB9|PTGS2|CCL20|IL27RA|ERAP1|NOD2,-5.5,0
1,0,1,0,0,1,-3.9,0,-7.6,0,0,-4.8,C0024266,M101001,3,0,DisGeNET,35,Lymphocytic Choriomeningitis,,-7.6,8.3,8.8,30293,147,299,12,4,1.1,103|1605|3105|3459|3604|3627|5696|5699|7097|9466|51643|79798,ADAR|DAG1|HLA-A|IFNGR1|TNFRSF9|CXCL10|PSMB8|PSMB10|TLR2|IL27RA|TMBIM4|ARMC5,-5.5,0
1,1,1,1,1,0,-5.8,-7.5,-5.8,-3.3,-2.9,0,C4529962,M111110,5,0,DisGeNET,35,Fatty Liver Disease,,-7.5,3.6,7,30293,741,299,26,8.7,1.6,48|174|196|216|335|847|1191|1728|2147|3170|4069|4128|5176|5950|6414|6721|7033|7108|7351|7494|8431|8694|10549|11309|51085|55902,ACO1|AFP|AHR|ALDH1A1|APOA1|CAT|CLU|NQO1|F2|FOXA2|LYZ|MAOA|SERPINF1|RBP4|SELENOP|SREBF2|TFF3|TM7SF2|UCP2|XBP1|NR0B2|DGAT1|PRDX4|SLCO2B1|MLXIPL|ACSS2,-5.5,0
1,0,1,0,1,0,-4.5,0,-7.5,0,-2.6,0,C0027059,M101010,3,0,DisGeNET,35,Myocarditis,,-7.5,5.7,7.9,30293,285,299,16,5.4,1.3,1435|2526|3459|3604|3627|3684|3934|5743|6376|6774|7098|7128|10148|25897|51284|64127,CSF1|FUT4|IFNGR1|TNFRSF9|CXCL10|ITGAM|LCN2|PTGS2|CX3CL1|STAT3|TLR3|TNFAIP3|EBI3|RNF19A|TLR7|NOD2,-5.5,0
1,0,1,0,0,0,-7.5,0,-2.7,0,0,0,C0349639,M101000,2,0,DisGeNET,35,Juvenile Myelomonocytic Leukemia,,-7.5,7.3,8.5,30293,179,300,13,4.3,1.2,2120|2523|3659|3660|3717|4893|5880|5966|6776|7403|8809|10019|22882,ETV6|FUT1|IRF1|IRF2|JAK2|NRAS|RAC2|REL|STAT5A|KDM6A|IL18R1|SH2B3|ZHX2,-5.5,0
1,0,1,0,0,0,-7.5,0,-5.3,0,0,0,C0014457,M101000,2,0,DisGeNET,35,Eosinophilia,,-7.5,5.3,7.8,30293,325,300,17,5.7,1.3,355|1535|2120|2625|3383|3572|3576|3717|4312|4773|6776|6778|8740|8809|10019|10670|83666,FAS|CYBA|ETV6|GATA3|ICAM1|IL6ST|CXCL8|JAK2|MMP1|NFATC2|STAT5A|STAT6|TNFSF14|IL18R1|SH2B3|RRAGA|PARP9,-5.5,0
1,1,1,1,1,0,-5.2,-7.5,-7.5,-5.2,-4.5,0,C0003130,M111110,5,0,DisGeNET,35,Anoxia,,-7.5,5.6,7.9,30293,287,299,16,5.4,1.3,48|174|196|283|335|2705|3065|5033|5176|6649|7048|7184|7351|10397|23081|54681,ACO1|AFP|AHR|ANG|APOA1|GJB1|HDAC1|P4HA1|SERPINF1|SOD3|TGFBR2|HSP90B1|UCP2|NDRG1|KDM4C|P4HTM,-5.5,0
1,0,1,0,0,0,-7.4,0,-5.9,0,0,0,C1306759,M101000,2,0,DisGeNET,35,Eosinophilic disorder,,-7.4,5.6,7.9,30293,288,300,16,5.3,1.3,355|2120|2625|3383|3576|3717|4312|4773|6776|6778|8740|8809|10019|10670|25819|83666,FAS|ETV6|GATA3|ICAM1|CXCL8|JAK2|MMP1|NFATC2|STAT5A|STAT6|TNFSF14|IL18R1|SH2B3|RRAGA|NOCT|PARP9,-5.4,0
1,0,0,0,0,0,-7.4,0,0,0,0,0,C1334968,M100000,1,0,DisGeNET,35,Nodular Lymphocyte Predominant Hodgkin Lymphoma,,-7.4,16,11,30293,51,300,8,2.7,0.93,2625|2950|3383|3717|4792|5966|6446|8837,GATA3|GSTP1|ICAM1|JAK2|NFKBIA|REL|SGK1|CFLAR,-5.4,0
0,1,1,1,1,0,0,-2.4,-7.4,-2.9,-3.4,0,C0279671,M011110,4,0,DisGeNET,35,Cervical Squamous Cell Carcinoma,,-7.4,4.9,7.6,30293,371,299,18,6,1.4,103|3105|4790|5696|5698|6774|6890|7096|7097|7098|7157|8190|10148|10970|25897|51284|51752|53905,ADAR|HLA-A|NFKB1|PSMB8|PSMB9|STAT3|TAP1|TLR1|TLR2|TLR3|TP53|MIA|EBI3|CKAP4|RNF19A|TLR7|ERAP1|DUOX1,-5.4,0
1,0,1,1,1,1,-4.7,0,-4.2,-7.4,-6.7,-4.1,C0016057,M101111,5,0,DisGeNET,35,Fibrosarcoma,,-7.4,4.6,7.5,30293,413,300,19,6.3,1.4,598|633|639|976|1471|1958|2064|2353|3098|3481|5066|7040|7076|7178|7448|10253|54858|57121|64764,BCL2L1|BGN|PRDM1|ADGRE5|CST3|EGR1|ERBB2|FOS|HK1|IGF2|PAM|TGFB1|TIMP1|TPT1|VTN|SPRY2|PGPEP1|LPAR5|CREB3L2,-5.4,0
1,0,1,0,0,0,-5.6,0,-7.4,0,0,0,C3714757,M101000,2,0,DisGeNET,35,Juvenile rheumatoid arthritis,,-7.4,7.2,8.4,30293,183,299,13,4.3,1.2,3105|3627|5696|5698|6364|6890|6892|7133|7157|9235|9734|51752|58191,HLA-A|CXCL10|PSMB8|PSMB9|CCL20|TAP1|TAPBP|TNFRSF1B|TP53|IL32|HDAC9|ERAP1|CXCL16,-5.4,0
1,0,1,0,1,0,-5.1,0,-7.4,0,-2.6,0,C0017152,M101010,3,0,DisGeNET,35,Gastritis,,-7.4,5.6,7.8,30293,292,299,16,5.4,1.3,843|2526|3068|3627|4790|4791|5743|6364|6774|7097|7157|9235|10148|53905|64127|124056,CASP10|FUT4|HDGF|CXCL10|NFKB1|NFKB2|PTGS2|CCL20|STAT3|TLR2|TP53|IL32|EBI3|DUOX1|NOD2|NOXO1,-5.4,0
1,0,1,0,0,0,-2.6,0,-7.4,0,0,0,C0005411,M101000,2,0,DisGeNET,35,Biliary Atresia,,-7.4,7.2,8.4,30293,184,299,13,4.3,1.2,3105|3486|3627|4599|6364|6376|6774|7097|7098|8743|9235|51284|171177,HLA-A|IGFBP3|CXCL10|MX1|CCL20|CX3CL1|STAT3|TLR2|TLR3|TNFSF10|IL32|TLR7|RHOV,-5.4,0
0,1,1,1,0,0,0,-2.8,-7.4,-3.5,0,0,C1861453,M011100,3,0,DisGeNET,35,Pseudohyperkalemia Cardiff,,-7.4,6.5,8.1,30293,218,299,14,4.7,1.2,3105|3604|3627|4599|6373|6892|7092|7097|7098|7157|7292|7412|51284|64135,HLA-A|TNFRSF9|CXCL10|MX1|CXCL11|TAPBP|TLL1|TLR2|TLR3|TP53|TNFSF4|VCAM1|TLR7|IFIH1,-5.4,0
0,0,1,0,0,0,0,0,-7.4,0,0,0,C3853962,M001000,1,0,DisGeNET,35,Enterovirus 71 infection,,-7.4,29,13,30293,21,299,6,2,0.81,3627|4599|4940|7098|51284|64135,CXCL10|MX1|OAS3|TLR3|TLR7|IFIH1,-5.4,0
0,0,1,0,0,0,0,0,-7.4,0,0,0,C0010823,M001000,1,0,DisGeNET,35,Cytomegalovirus Infections,,-7.4,4.4,7.3,30293,462,299,20,6.7,1.4,103|567|2706|3105|3627|3684|4790|4791|5743|6376|6774|7097|7098|7157|7412|9308|10148|25897|51284|60489,ADAR|B2M|GJB2|HLA-A|CXCL10|ITGAM|NFKB1|NFKB2|PTGS2|CX3CL1|STAT3|TLR2|TLR3|TP53|VCAM1|CD83|EBI3|RNF19A|TLR7|APOBEC3G,-5.4,0
1,0,1,0,0,1,-2.5,0,-7.3,0,0,-2,C0027697,M101001,3,0,DisGeNET,35,Nephritis,,-7.3,5.5,7.7,30293,296,299,16,5.4,1.3,567|718|843|3105|3627|3684|3934|4790|4856|5743|7098|7133|7412|8743|11136|51284,B2M|C3|CASP10|HLA-A|CXCL10|ITGAM|LCN2|NFKB1|CCN3|PTGS2|TLR3|TNFRSF1B|VCAM1|TNFSF10|SLC7A9|TLR7,-5.3,0
0,0,1,0,0,0,0,0,-7.3,0,0,0,C0035243,M001000,1,0,DisGeNET,35,Respiratory Tract Infections,,-7.3,7,8.3,30293,187,299,13,4.3,1.2,1080|2706|3105|3934|4045|5724|6524|6752|6774|7098|7157|10410|27074,CFTR|GJB2|HLA-A|LCN2|LSAMP|PTAFR|SLC5A2|SSTR2|STAT3|TLR3|TP53|IFITM3|LAMP3,-5.3,0
1,0,1,1,0,1,-7.3,0,-7.3,-5.8,0,-2.2,C0850666,M101101,4,0,DisGeNET,35,Infection caused by Helicobacter pylori,,-7.3,5.1,7.6,30293,337,299,17,5.7,1.3,3068|3459|4790|5743|6364|6646|6774|7096|7097|7157|9235|9582|23308|55540|64127|64135|92610,HDGF|IFNGR1|NFKB1|PTGS2|CCL20|SOAT1|STAT3|TLR1|TLR2|TP53|IL32|APOBEC3B|ICOSLG|IL17RB|NOD2|IFIH1|TIFA,-5.3,0
1,0,1,1,1,1,-7.2,0,-5,-6.6,-4,-4,C0278996,M101111,5,0,DisGeNET,35,Malignant Head and Neck Neoplasm,,-7.2,3.4,6.8,30293,767,300,26,8.7,1.6,330|374|860|1540|2919|2950|3107|3482|3576|3732|4070|4312|4772|5328|5879|5966|6528|6648|6776|6778|7357|7405|8887|9575|27113|58508,BIRC3|AREG|RUNX2|CYLD|CXCL1|GSTP1|HLA-C|IGF2R|CXCL8|CD82|TACSTD2|MMP1|NFATC1|PLAU|RAC1|REL|SLC5A5|SOD2|STAT5A|STAT6|UGCG|UVRAG|TAX1BP1|CLOCK|BBC3|KMT2C,-5.2,0
1,0,1,1,0,0,-2.3,0,-7.2,-2.3,0,0,C0677932,M101100,3,0,DisGeNET,35,Progressive Neoplastic Disease,,-7.2,4.8,7.4,30293,383,299,18,6,1.4,567|637|972|3105|3459|3627|3934|4790|5743|5971|6752|6774|7096|7157|8190|9235|64127|644150,B2M|BID|CD74|HLA-A|IFNGR1|CXCL10|LCN2|NFKB1|PTGS2|RELB|SSTR2|STAT3|TLR1|TP53|MIA|IL32|NOD2|WIPF3,-5.2,0
1,0,1,1,0,0,-2.3,0,-7.2,-2.3,0,0,C3539781,M101100,3,0,DisGeNET,35,Progressive cGVHD,,-7.2,4.8,7.4,30293,383,299,18,6,1.4,567|637|972|3105|3459|3627|3934|4790|5743|5971|6752|6774|7096|7157|8190|9235|64127|644150,B2M|BID|CD74|HLA-A|IFNGR1|CXCL10|LCN2|NFKB1|PTGS2|RELB|SSTR2|STAT3|TLR1|TP53|MIA|IL32|NOD2|WIPF3,-5.2,0
1,1,1,0,0,0,-3.6,-2.5,-7.2,0,0,0,C1847835,M111000,3,0,DisGeNET,35,VITILIGO-ASSOCIATED MULTIPLE AUTOIMMUNE DISEASE SUSCEPTIBILITY 1 (finding),,-7.2,5.4,7.6,30293,301,299,16,5.4,1.3,3105|3627|4856|5696|5698|5699|5743|6364|6373|6646|6890|7097|7098|7157|25897|58191,HLA-A|CXCL10|CCN3|PSMB8|PSMB9|PSMB10|PTGS2|CCL20|CXCL11|SOAT1|TAP1|TLR2|TLR3|TP53|RNF19A|CXCL16,-5.2,0
1,1,1,1,1,1,-7.2,-2.1,-4.1,-3,-3,-3.5,C0853879,M111111,6,0,DisGeNET,35,Invasive carcinoma of breast,,-7.2,4.3,7.2,30293,472,300,20,6.7,1.4,355|374|860|2120|2280|2625|2950|3482|3576|3659|3663|4296|4312|5328|5879|5966|7405|8549|9076|27113,FAS|AREG|RUNX2|ETV6|FKBP1A|GATA3|GSTP1|IGF2R|CXCL8|IRF1|IRF5|MAP3K11|MMP1|PLAU|RAC1|REL|UVRAG|LGR5|CLDN1|BBC3,-5.2,0
1,0,1,0,0,0,-2.7,0,-7.2,0,0,0,C4284413,M101000,2,0,DisGeNET,35,Severe Fever with Thrombocytopenia Syndrome,,-7.2,15,10,30293,55,299,8,2.7,0.93,3105|3627|4045|6646|7098|9144|9641|27074,HLA-A|CXCL10|LSAMP|SOAT1|TLR3|SYNGR2|IKBKE|LAMP3,-5.2,0
0,0,1,0,0,0,0,0,-7.2,0,0,0,C0030326,M001000,1,0,DisGeNET,35,Panniculitis,,-7.2,19,11,30293,37,299,7,2.3,0.87,103|843|1302|5692|5696|5698|64135,ADAR|CASP10|COL11A2|PSMB4|PSMB8|PSMB9|IFIH1,-5.2,0
1,1,1,1,1,0,-2.2,-7.2,-4.7,-4.1,-4.1,0,C0011853,M111110,5,0,DisGeNET,35,"Diabetes Mellitus, Experimental",,-7.2,4.1,7.1,30293,522,299,21,7,1.5,54|210|335|847|1075|1191|1312|1675|1728|1938|2181|2650|3065|3170|3171|5176|5213|6342|6753|7351|65985,ACP5|ALAD|APOA1|CAT|CTSC|CLU|COMT|CFD|NQO1|EEF2|ACSL3|GCNT1|HDAC1|FOXA2|FOXA3|SERPINF1|PFKM|SCP2|SSTR3|UCP2|AACS,-5.2,0
0,0,0,0,1,0,0,0,0,0,-7.2,0,C0266483,M000010,1,0,DisGeNET,35,Pachygyria,,-7.2,8.6,8.7,30293,129,300,11,3.7,1.1,5048|7280|7846|8642|22931|23141|26047|29954|55262|57514|81603,PAFAH1B1|TUBB2A|TUBA1A|DCHS1|RAB18|ANKLE2|CNTNAP2|POMT2|TRAPPC14|ARHGAP31|TRIM8,-5.2,0
1,0,1,1,1,1,-5.9,0,-2.7,-4.2,-7.1,-3.7,C0278488,M101111,5,0,DisGeNET,35,Carcinoma breast stage IV,,-7.1,3.9,7,30293,573,300,22,7.3,1.5,220|388|467|960|1906|2004|2113|3371|3491|3589|3611|3688|3726|4017|4318|5293|5744|6251|6624|10487|10763|24145,ALDH1A3|RHOB|ATF3|CD44|EDN1|ELK3|ETS1|TNC|CCN1|IL11|ILK|ITGB1|JUNB|LOXL2|MMP9|PIK3CD|PTHLH|RSU1|FSCN1|CAP1|NES|PANX1,-5.2,0
0,0,1,1,0,0,0,0,-7.1,-2.2,0,0,C0032584,M001100,2,0,DisGeNET,35,polyps,,-7.1,4.7,7.3,30293,390,299,18,6,1.4,94|718|3486|3934|4790|5743|6774|7097|7098|7157|7412|8190|8741|8835|29108|51284|64127|84818,ACVRL1|C3|IGFBP3|LCN2|NFKB1|PTGS2|STAT3|TLR2|TLR3|TP53|VCAM1|MIA|TNFSF13|SOCS2|PYCARD|TLR7|NOD2|IL17RC,-5.1,0
1,0,1,1,1,1,-4.2,0,-3.3,-7.1,-2.8,-2.8,C0007138,M101111,5,0,DisGeNET,35,"Carcinoma, Transitional Cell",,-7.1,3.7,6.9,30293,623,300,23,7.7,1.5,360|538|598|604|633|894|1471|2064|2896|3481|3875|3880|4485|6016|7040|7076|7348|9518|10232|27352|50484|51573|55824,AQP3|ATP7A|BCL2L1|BCL6|BGN|CCND2|CST3|ERBB2|GRN|IGF2|KRT18|KRT19|MST1|RIT1|TGFB1|TIMP1|UPK1B|GDF15|MSLN|SGSM3|RRM2B|GDE1|PAG1,-5.1,0
0,1,0,1,0,1,0,-7,0,-4.2,0,-5.2,C0011991,M010101,3,0,DisGeNET,35,Diarrhea,,-7,3.7,6.8,30293,631,299,23,7.7,1.5,210|364|727|1312|2065|2264|2720|2990|4041|4069|4351|5205|6337|7033|7108|7276|7351|7358|8694|9368|23474|25870|51084,ALAD|AQP7|C5|COMT|ERBB3|FGFR4|GLB1|GUSB|LRP5|LYZ|MPI|ATP8B1|SCNN1A|TFF3|TM7SF2|TTR|UCP2|UGDH|DGAT1|NHERF1|ETHE1|SUMF2|CRYL1,-5.1,0
1,0,1,0,0,0,-4.5,0,-7,0,0,0,C0699949,M101000,2,0,DisGeNET,35,airway disease,,-7,6.7,8,30293,198,299,13,4.3,1.2,718|1080|3627|3684|4050|5724|5743|6774|9734|10148|26298|54625|55540,C3|CFTR|CXCL10|ITGAM|LTB|PTAFR|PTGS2|STAT3|HDAC9|EBI3|EHF|PARP14|IL17RB,-5.1,0
1,0,1,1,1,1,-7,0,-4.4,-6.4,-3.9,-4.4,C3887461,M101111,5,0,DisGeNET,35,Head and Neck Carcinoma,,-7,3.3,6.6,30293,786,300,26,8.7,1.6,330|374|860|1540|2919|2950|3107|3482|3576|3732|4070|4312|4772|5328|5879|5966|6528|6648|6776|7035|7357|7405|8887|9575|27113|58508,BIRC3|AREG|RUNX2|CYLD|CXCL1|GSTP1|HLA-C|IGF2R|CXCL8|CD82|TACSTD2|MMP1|NFATC1|PLAU|RAC1|REL|SLC5A5|SOD2|STAT5A|TFPI|UGCG|UVRAG|TAX1BP1|CLOCK|BBC3|KMT2C,-5.1,0
1,1,1,1,1,1,-7,-3.8,-6.4,-3.4,-2.9,-3.4,C0220641,M111111,6,0,DisGeNET,35,Lip and Oral Cavity Carcinoma,,-7,3.4,6.7,30293,734,300,25,8.3,1.6,355|1535|2120|2523|2524|2919|2950|3162|3383|3482|3576|3732|4070|4312|4773|4792|5328|5970|6648|6776|7405|9575|27113|51586|55601,FAS|CYBA|ETV6|FUT1|FUT2|CXCL1|GSTP1|HMOX1|ICAM1|IGF2R|CXCL8|CD82|TACSTD2|MMP1|NFATC2|NFKBIA|PLAU|RELA|SOD2|STAT5A|UVRAG|CLOCK|BBC3|MED15|DDX60,-5.1,0
1,1,1,1,1,1,-3.7,-2.5,-2.9,-7,-4.2,-2.4,C1328504,M111111,6,0,DisGeNET,35,Hormone refractory prostate cancer,,-7,3.5,6.7,30293,683,300,24,8,1.6,538|1291|1958|2057|2064|2852|2896|3485|3875|4485|5071|5337|5562|5627|6690|7040|7076|7178|7832|8399|9518|23030|55359|55824,ATP7A|COL6A1|EGR1|EPOR|ERBB2|GPER1|GRN|IGFBP2|KRT18|MST1|PRKN|PLD1|PRKAA1|PROS1|SPINK1|TGFB1|TIMP1|TPT1|BTG2|PLA2G10|GDF15|KDM4B|STYK1|PAG1,-5.1,0
1,0,1,0,0,0,-2.9,0,-7,0,0,0,C0032914,M101000,2,0,DisGeNET,35,Pre-Eclampsia,,-7,7.3,8.2,30293,166,299,12,4,1.1,718|1435|3627|4856|4868|5167|6890|6891|7097|7098|7412|64127,C3|CSF1|CXCL10|CCN3|NPHS1|ENPP1|TAP1|TAP2|TLR2|TLR3|VCAM1|NOD2,-5,0
0,0,1,1,0,1,0,0,-7,-3.7,0,-2.7,C0206708,M001101,3,0,DisGeNET,35,Cervical Intraepithelial Neoplasia,,-7,4.6,7.2,30293,398,299,18,6,1.4,103|3105|3934|5696|5698|5743|6091|6774|6890|7097|7098|7133|7157|9538|29108|51284|51752|60489,ADAR|HLA-A|LCN2|PSMB8|PSMB9|PTGS2|ROBO1|STAT3|TAP1|TLR2|TLR3|TNFRSF1B|TP53|EI24|PYCARD|TLR7|ERAP1|APOBEC3G,-5,0
0,0,1,0,0,0,0,0,-7,0,0,0,C0036205,M001000,1,0,DisGeNET,35,"Sarcoidosis, Pulmonary",,-7,11,9.2,30293,81,299,9,3,0.99,2638|3627|5743|6374|7097|7098|7297|23308|64127,GC|CXCL10|PTGS2|CXCL5|TLR2|TLR3|TYK2|ICOSLG|NOD2,-5,0
0,0,1,0,0,1,0,0,-7,0,0,-2.9,C3267073,M001001,2,0,DisGeNET,35,Autoinflammatory disease,,-7,11,9.2,30293,81,299,9,3,0.99,4790|5696|7128|9050|29108|51752|64127|64135|115004,NFKB1|PSMB8|TNFAIP3|PSTPIP2|PYCARD|ERAP1|NOD2|IFIH1|CGAS,-5,0
1,0,1,1,1,0,-4.1,0,-2.3,-4.1,-7,0,C0025286,M101110,4,0,DisGeNET,35,Meningioma,,-7,3.7,6.8,30293,634,300,23,7.7,1.5,220|960|1030|1072|1906|2113|3371|3688|4053|4318|4478|5155|5293|5744|6624|7077|7321|7980|9590|10763|65009|80381|81631,ALDH1A3|CD44|CDKN2B|CFL1|EDN1|ETS1|TNC|ITGB1|LTBP2|MMP9|MSN|PDGFB|PIK3CD|PTHLH|FSCN1|TIMP2|UBE2D1|TFPI2|AKAP12|NES|NDRG4|CD276|MAP1LC3B,-5,0
1,0,0,0,0,0,-7,0,0,0,0,0,C0152267,M100000,1,0,DisGeNET,35,"Hodgkin lymphoma, lymphocyte depletion",,-7,39,14,30293,13,300,5,1.7,0.74,2625|2950|4792|5966|8837,GATA3|GSTP1|NFKBIA|REL|CFLAR,-5,0
1,1,1,1,1,1,-7,-2,-3.9,-3.4,-2.4,-3.4,C0036220,M111111,6,0,DisGeNET,35,Kaposi Sarcoma,,-7,4.1,7,30293,488,300,20,6.7,1.4,285|2919|3107|3162|3383|3482|3572|3576|3659|3660|3663|4773|5879|5966|6778|7403|7461|8837|10318|55337,ANGPT2|CXCL1|HLA-C|HMOX1|ICAM1|IGF2R|IL6ST|CXCL8|IRF1|IRF2|IRF5|NFATC2|RAC1|REL|STAT6|KDM6A|CLIP2|CFLAR|TNIP1|SHFL,-5,0
1,0,1,1,0,0,-3.1,0,-6.9,-2.6,0,0,C0376618,M101100,3,0,DisGeNET,35,Endotoxemia,,-6.9,4.5,7.1,30293,401,299,18,6,1.4,3486|3627|3684|3934|5724|5743|6373|6376|6774|7097|7412|9235|9294|9536|9734|23308|25897|64127,IGFBP3|CXCL10|ITGAM|LCN2|PTAFR|PTGS2|CXCL11|CX3CL1|STAT3|TLR2|VCAM1|IL32|S1PR2|PTGES|HDAC9|ICOSLG|RNF19A|NOD2,-5,0
1,0,1,0,1,1,-3.5,0,-6.9,0,-2.9,-4.1,C0005940,M101011,4,0,DisGeNET,35,Bone Diseases,,-6.9,5.1,7.4,30293,317,299,16,5.4,1.3,567|638|1080|1435|4791|4940|5167|6364|6376|6646|6774|8743|9235|25897|54361|79705,B2M|BIK|CFTR|CSF1|NFKB2|OAS3|ENPP1|CCL20|CX3CL1|SOAT1|STAT3|TNFSF10|IL32|RNF19A|WNT4|LRRK1,-5,0
1,1,1,1,1,0,-6.9,-3,-6.2,-3,-2,0,C0007786,M111110,5,0,DisGeNET,35,Brain Ischemia,,-6.9,4.8,7.2,30293,358,300,17,5.7,1.3,285|355|3162|3383|3572|4296|4792|5328|5880|5970|6446|6648|6776|9197|27113|140691|148022,ANGPT2|FAS|HMOX1|ICAM1|IL6ST|MAP3K11|NFKBIA|PLAU|RAC2|RELA|SGK1|SOD2|STAT5A|SLC33A1|BBC3|TRIM69|TICAM1,-5,0
1,0,1,1,0,0,-3.8,0,-6.9,-2.5,0,0,C0023524,M101100,3,0,DisGeNET,35,"Leukoencephalopathy, Progressive Multifocal",,-6.9,5.9,7.6,30293,240,299,14,4.7,1.2,1302|2533|3105|3627|5696|6374|6646|6689|6774|7157|7318|8743|9734|25897,COL11A2|FYB1|HLA-A|CXCL10|PSMB8|CXCL5|SOAT1|SPIB|STAT3|TP53|UBA7|TNFSF10|HDAC9|RNF19A,-5,0
0,0,1,0,0,0,0,0,-6.8,0,0,0,C0867389,M001000,1,0,DisGeNET,35,Chronic graft-versus-host disease,,-6.8,5.9,7.6,30293,241,299,14,4.7,1.2,1435|3105|3437|3627|3684|3934|4050|6774|7097|7157|8743|9235|51284|64127,CSF1|HLA-A|IFIT3|CXCL10|ITGAM|LCN2|LTB|STAT3|TLR2|TP53|TNFSF10|IL32|TLR7|NOD2,-4.9,0
0,1,1,1,0,0,0,-6.8,-2.3,-3.7,0,0,C0206624,M011100,3,0,DisGeNET,35,Hepatoblastoma,,-6.8,4.3,7,30293,452,299,19,6.4,1.4,174|196|230|335|847|1728|2147|2720|2752|3065|5176|5205|6721|7048|7276|7351|8309|51280|55937,AFP|AHR|ALDOC|APOA1|CAT|NQO1|F2|GLB1|GLUL|HDAC1|SERPINF1|ATP8B1|SREBF2|TGFBR2|TTR|UCP2|ACOX2|GOLM1|APOM,-4.9,0
1,0,1,1,0,0,-2.8,0,-6.8,-2.1,0,0,C4520983,M101100,3,0,DisGeNET,35,Congenital atresia of extrahepatic bile duct,,-6.8,7.1,8,30293,172,299,12,4,1.1,3105|3486|3627|6364|6376|6774|7097|7098|8743|9235|51284|171177,HLA-A|IGFBP3|CXCL10|CCL20|CX3CL1|STAT3|TLR2|TLR3|TNFSF10|IL32|TLR7|RHOV,-4.9,0
0,0,1,1,0,1,0,0,-6.8,-2.1,0,-2.7,C0162557,M001101,3,0,DisGeNET,35,"Liver Failure, Acute",,-6.8,5.4,7.4,30293,282,299,15,5,1.3,637|684|972|2638|3684|5724|5743|6558|6646|6774|7097|7098|7128|7157|58191,BID|BST2|CD74|GC|ITGAM|PTAFR|PTGS2|SLC12A2|SOAT1|STAT3|TLR2|TLR3|TNFAIP3|TP53|CXCL16,-4.9,0
0,0,0,1,1,0,0,0,0,-3.1,-6.8,0,C0026267,M000110,2,0,DisGeNET,35,Mitral Valve Prolapse Syndrome,,-6.8,9.1,8.5,30293,111,300,10,3.3,1,2316|2318|3984|7042|8642|9469|29940|29995|84627|285590,FLNA|FLNC|LIMK1|TGFB2|DCHS1|CHST3|DSE|LMCD1|ZNF469|SH3PXD2B,-4.9,0
1,0,1,0,1,0,-3.4,0,-6.8,0,-2.3,0,C0014038,M101010,3,0,DisGeNET,35,Encephalitis,,-6.8,5,7.2,30293,324,299,16,5.4,1.3,567|3627|3684|3934|5167|5743|6373|6376|6774|7097|7098|7157|7412|8741|29108|51752,B2M|CXCL10|ITGAM|LCN2|ENPP1|PTGS2|CXCL11|CX3CL1|STAT3|TLR2|TLR3|TP53|VCAM1|TNFSF13|PYCARD|ERAP1,-4.9,0
1,0,0,0,0,0,-6.7,0,0,0,0,0,C0085129,M100000,1,0,DisGeNET,35,Bronchial Hyperreactivity,,-6.7,9,8.5,30293,112,300,10,3.3,1,374|2625|2919|2950|3383|3576|3659|4312|6648|51131,AREG|GATA3|CXCL1|GSTP1|ICAM1|CXCL8|IRF1|MMP1|SOD2|PHF11,-4.9,0
0,0,0,0,1,1,0,0,0,0,-6.7,-5.9,C3642347,M000011,2,0,DisGeNET,35,Basal-Like Breast Carcinoma,,-6.7,5.8,7.5,30293,245,300,14,4.7,1.2,87|960|1843|2113|3371|4017|4318|5293|6624|9448|10656|10763|55765|57118,ACTN1|CD44|DUSP1|ETS1|TNC|LOXL2|MMP9|PIK3CD|FSCN1|MAP4K4|KHDRBS3|NES|INAVA|CAMK1D,-4.9,0
1,1,1,0,0,1,-4,-2.3,-6.7,0,0,-2.3,C0031090,M111001,4,0,DisGeNET,35,Periodontal Diseases,,-6.7,5,7.2,30293,326,299,16,5.4,1.3,1080|1435|1520|3486|3627|4790|5743|6364|6774|7097|7133|7412|10148|11136|58191|64127,CFTR|CSF1|CTSS|IGFBP3|CXCL10|NFKB1|PTGS2|CCL20|STAT3|TLR2|TNFRSF1B|VCAM1|EBI3|SLC7A9|CXCL16|NOD2,-4.8,0
0,0,1,0,0,0,0,0,-6.7,0,0,0,C3160909,M001000,1,0,DisGeNET,35,Autoimmune arthritis,,-6.7,9,8.5,30293,113,299,10,3.3,1,3684|6646|6774|7097|7133|7412|9235|25897|53347|64127,ITGAM|SOAT1|STAT3|TLR2|TNFRSF1B|VCAM1|IL32|RNF19A|UBASH3A|NOD2,-4.8,0
1,0,1,0,0,0,-4.4,0,-6.7,0,0,0,C0042164,M101000,2,0,DisGeNET,35,Uveitis,,-6.7,5.7,7.5,30293,247,299,14,4.7,1.2,843|2638|3105|3627|3934|5698|6364|6376|7097|25897|51752|58191|64127|64167,CASP10|GC|HLA-A|CXCL10|LCN2|PSMB9|CCL20|CX3CL1|TLR2|RNF19A|ERAP1|CXCL16|NOD2|ERAP2,-4.8,0
1,0,1,1,1,0,-3.6,0,-3,-6.7,-3,0,C2973725,M101110,4,0,DisGeNET,35,Pulmonary arterial hypertension,,-6.7,4.4,7,30293,413,300,18,6,1.4,634|950|1958|2034|2353|3856|3875|4035|5209|5562|7040|7076|7178|9518|10555|57572|79932|90550,CEACAM1|SCARB2|EGR1|EPAS1|FOS|KRT8|KRT18|LRP1|PFKFB3|PRKAA1|TGFB1|TIMP1|TPT1|GDF15|AGPAT2|DOCK6|KIAA0319L|MCU,-4.8,0
1,0,1,0,0,0,-5.3,0,-6.7,0,0,0,C0155877,M101000,2,0,DisGeNET,35,Allergic asthma,,-6.7,4.6,7,30293,371,299,17,5.7,1.3,718|1080|3459|3604|4790|5724|6774|6890|7097|8605|9235|9294|9734|25897|51284|53905|64127,C3|CFTR|IFNGR1|TNFRSF9|NFKB1|PTAFR|STAT3|TAP1|TLR2|PLA2G4C|IL32|S1PR2|HDAC9|RNF19A|TLR7|DUOX1|NOD2,-4.8,0
1,0,1,1,1,1,-4.5,0,-6.7,-2,-3.2,-2.4,C0027796,M101111,5,0,DisGeNET,35,Neuralgia,,-6.7,3.3,6.5,30293,766,299,25,8.4,1.6,103|972|1435|1520|3105|3627|3684|5582|5743|6373|6376|6646|6752|6774|6891|7097|7098|7133|7157|9294|9641|10148|25897|29108|64127,ADAR|CD74|CSF1|CTSS|HLA-A|CXCL10|ITGAM|PRKCG|PTGS2|CXCL11|CX3CL1|SOAT1|SSTR2|STAT3|TAP2|TLR2|TLR3|TNFRSF1B|TP53|S1PR2|IKBKE|EBI3|RNF19A|PYCARD|NOD2,-4.8,0
1,0,1,0,0,0,-2.2,0,-6.6,0,0,0,C0030809,M101000,2,0,DisGeNET,35,Pemphigus Vulgaris,,-6.6,8.8,8.4,30293,115,299,10,3.3,1,718|3105|3604|4790|6774|6890|6891|7157|25897|64127,C3|HLA-A|TNFRSF9|NFKB1|STAT3|TAP1|TAP2|TP53|RNF19A|NOD2,-4.8,0
0,0,1,0,0,1,0,0,-6.6,0,0,-2.7,C0008149,M001001,2,0,DisGeNET,35,Chlamydia Infections,,-6.6,10,8.8,30293,88,299,9,3,0.99,718|3105|5284|5743|7097|7098|29108|64127|115004,C3|HLA-A|PIGR|PTGS2|TLR2|TLR3|PYCARD|NOD2|CGAS,-4.8,0
1,1,1,1,0,0,-5.1,-2.1,-6.6,-3.2,0,0,C0032463,M111100,4,0,DisGeNET,35,Polycythemia Vera,,-6.6,5.2,7.2,30293,291,299,15,5,1.3,3105|3934|4790|5167|6646|6774|7097|7098|7157|7297|8743|8835|10148|64135|79139,HLA-A|LCN2|NFKB1|ENPP1|SOAT1|STAT3|TLR2|TLR3|TP53|TYK2|TNFSF10|SOCS2|EBI3|IFIH1|DERL1,-4.7,0
0,0,1,0,0,0,0,0,-6.6,0,0,0,C0162830,M001000,1,0,DisGeNET,35,"Dermatitis, Phototoxic",,-6.6,10,8.7,30293,89,299,9,3,0.99,1302|2235|2706|3934|5743|6524|6646|7157|8190,COL11A2|FECH|GJB2|LCN2|PTGS2|SLC5A2|SOAT1|TP53|MIA,-4.7,0
1,0,0,0,0,0,-6.6,0,0,0,0,0,C1266194,M100000,1,0,DisGeNET,35,Lymphocyte Rich Classical Hodgkin Lymphoma,,-6.6,34,13,30293,15,300,5,1.7,0.74,2625|2950|4792|5966|8837,GATA3|GSTP1|NFKBIA|REL|CFLAR,-4.7,0
1,0,1,1,1,1,-4.3,0,-3.8,-4.8,-6.6,-2.9,C4086152,M101111,5,0,DisGeNET,35,Childhood Astrocytoma,,-6.6,3.6,6.5,30293,615,300,22,7.3,1.5,87|960|1030|1906|2113|3371|3611|3726|3976|4318|5293|5998|6932|7045|7077|8682|8851|9590|10763|11010|51655|81631,ACTN1|CD44|CDKN2B|EDN1|ETS1|TNC|ILK|JUNB|LIF|MMP9|PIK3CD|RGS3|TCF7|TGFBI|TIMP2|PEA15|CDK5R1|AKAP12|NES|GLIPR1|RASD1|MAP1LC3B,-4.7,0
1,0,1,1,1,1,-3.6,0,-4.8,-6.6,-2.2,-3.1,C0220611,M101111,5,0,DisGeNET,35,Childhood Rhabdomyosarcoma,,-6.6,3.9,6.7,30293,517,300,20,6.7,1.4,160|351|598|652|894|1958|2057|2064|3481|3485|4745|5002|5066|5584|6594|7040|8714|10253|22933|81848,AP2A1|APP|BCL2L1|BMP4|CCND2|EGR1|EPOR|ERBB2|IGF2|IGFBP2|NELL1|SLC22A18|PAM|PRKCI|SMARCA1|TGFB1|ABCC3|SPRY2|SIRT2|SPRY4,-4.7,0
1,0,1,0,0,0,-3.3,0,-6.5,0,0,0,C1292754,M101000,2,0,DisGeNET,35,Mediastinal (Thymic) Large B-Cell Lymphoma,,-6.5,12,9.2,30293,66,299,8,2.7,0.93,2526|4790|4794|6646|7128|9308|10970|259307,FUT4|NFKB1|NFKBIE|SOAT1|TNFAIP3|CD83|CKAP4|IL4I1,-4.7,0
0,1,1,0,0,0,0,-6.5,-2.6,0,0,0,C0020473,M011000,2,0,DisGeNET,35,Hyperlipidemia,,-6.5,4.1,6.7,30293,472,299,19,6.4,1.4,196|335|336|341|364|847|2147|2181|2720|4041|4069|5345|5836|6721|8694|10062|10144|51085|55937,AHR|APOA1|APOA2|APOC1|AQP7|CAT|F2|ACSL3|GLB1|LRP5|LYZ|SERPINF2|PYGL|SREBF2|DGAT1|NR1H3|FAM13A|MLXIPL|APOM,-4.7,0
1,0,0,1,1,1,-6.5,0,0,-3,-2.6,-2.1,C0032927,M100111,4,0,DisGeNET,35,Precancerous Conditions,,-6.5,4.1,6.7,30293,471,300,19,6.3,1.4,355|2120|2523|2919|2950|3306|3482|3576|4312|4792|4893|5328|6648|6776|7405|9076|10406|26137|114990,FAS|ETV6|FUT1|CXCL1|GSTP1|HSPA2|IGF2R|CXCL8|MMP1|NFKBIA|NRAS|PLAU|SOD2|STAT5A|UVRAG|CLDN1|WFDC2|ZBTB20|VASN,-4.7,0
1,0,1,0,0,0,-6.5,0,-2.4,0,0,0,C0018939,M101000,2,0,DisGeNET,35,Hematological Disease,,-6.5,5.5,7.3,30293,255,300,14,4.7,1.2,355|2120|2523|2625|3162|3383|3659|3717|4792|4893|5880|8809|10019|10318,FAS|ETV6|FUT1|GATA3|HMOX1|ICAM1|IRF1|JAK2|NFKBIA|NRAS|RAC2|IL18R1|SH2B3|TNIP1,-4.7,0
0,0,1,0,0,0,0,0,-6.5,0,0,0,C0014057,M001000,1,0,DisGeNET,35,Japanese Encephalitis,,-6.5,8.5,8.2,30293,119,299,10,3.3,1,684|3627|3684|4045|4734|6373|7098|27074|51284|64135,BST2|CXCL10|ITGAM|LSAMP|NEDD4|CXCL11|TLR3|LAMP3|TLR7|IFIH1,-4.7,0
1,1,0,1,0,0,-5.2,-6.5,0,-5.8,0,0,C0019209,M110100,3,0,DisGeNET,35,Hepatomegaly,,-6.5,3.9,6.6,30293,523,299,20,6.7,1.4,196|335|537|2065|2109|2548|2720|2990|3030|3073|4041|4069|4351|4758|5190|5205|5256|5589|5836|7351,AHR|APOA1|ATP6AP1|ERBB3|ETFB|GAA|GLB1|GUSB|HADHA|HEXA|LRP5|LYZ|MPI|NEU1|PEX6|ATP8B1|PHKA2|PRKCSH|PYGL|UCP2,-4.7,0
1,0,1,0,0,0,-3.1,0,-6.5,0,0,0,C0334463,M101000,2,0,DisGeNET,35,Malignant Fibrous Histiocytoma,,-6.5,7.4,7.9,30293,150,299,11,3.7,1.1,94|685|972|1435|3105|5743|6774|7157|25897|53347|57599,ACVRL1|BTC|CD74|CSF1|HLA-A|PTGS2|STAT3|TP53|RNF19A|UBASH3A|WDR48,-4.6,0
0,0,1,1,0,0,0,0,-2.4,-6.5,0,0,C0022735,M001100,2,0,DisGeNET,35,Klinefelter Syndrome,,-6.5,7.4,7.9,30293,150,300,11,3.7,1.1,558|2153|2852|3623|3875|5071|5265|5267|5627|7448|199720,AXL|F5|GPER1|INHA|KRT18|PRKN|SERPINA1|SERPINA4|PROS1|VTN|GGN,-4.6,0
0,1,1,1,0,0,0,-6.5,-4.4,-3.8,0,0,C0020557,M011100,3,0,DisGeNET,35,Hypertriglyceridemia,,-6.5,4.8,7,30293,340,299,16,5.4,1.3,335|336|341|847|3030|3638|4041|5256|5360|5836|5950|6721|7276|8431|10062|51085,APOA1|APOA2|APOC1|CAT|HADHA|INSIG1|LRP5|PHKA2|PLTP|PYGL|RBP4|SREBF2|TTR|NR0B2|NR1H3|MLXIPL,-4.6,0
0,0,1,1,0,0,0,0,-6.5,-3.7,0,0,C0039101,M001100,2,0,DisGeNET,35,synovial sarcoma,,-6.5,5.1,7.1,30293,299,299,15,5,1.3,638|1520|3105|4734|4790|5743|6376|6774|6890|7098|7157|7412|8741|9734|25897,BIK|CTSS|HLA-A|NEDD4|NFKB1|PTGS2|CX3CL1|STAT3|TAP1|TLR3|TP53|VCAM1|TNFSF13|HDAC9|RNF19A,-4.6,0
1,0,1,0,0,0,-6.5,0,-3.7,0,0,0,C0917798,M101000,2,0,DisGeNET,35,Cerebral Ischemia,,-6.5,8.4,8.1,30293,120,300,10,3.3,1,355|3383|3717|4792|5328|5970|6648|7461|10019|27113,FAS|ICAM1|JAK2|NFKBIA|PLAU|RELA|SOD2|CLIP2|SH2B3|BBC3,-4.6,0
1,1,1,0,0,1,-6.4,-4.3,-5.7,0,0,-3.1,C0035126,M111001,4,0,DisGeNET,35,Reperfusion Injury,,-6.4,5,7,30293,300,300,15,5,1.3,355|1535|2919|2920|3162|3383|3572|3576|3659|5328|5970|6648|6776|6778|148022,FAS|CYBA|CXCL1|CXCL2|HMOX1|ICAM1|IL6ST|CXCL8|IRF1|PLAU|RELA|SOD2|STAT5A|STAT6|TICAM1,-4.6,0
1,0,0,1,1,1,-6.4,0,0,-3.1,-4.1,-2.2,C1257931,M100111,4,0,DisGeNET,35,"Mammary Neoplasms, Human",,-6.4,3.8,6.6,30293,527,300,20,6.7,1.4,102|374|650|2920|2921|2950|3162|3576|4312|4792|5970|6528|6648|6776|9076|10010|10318|11067|50618|400224,ADAM10|AREG|BMP2|CXCL2|CXCL3|GSTP1|HMOX1|CXCL8|MMP1|NFKBIA|RELA|SLC5A5|SOD2|STAT5A|CLDN1|TANK|TNIP1|DEPP1|ITSN2|PLEKHD1,-4.6,0
1,0,1,0,0,0,-6.4,0,-4.8,0,0,0,C1840264,M101000,2,0,DisGeNET,35,IMMUNE SUPPRESSION,,-6.4,5.9,7.3,30293,222,300,13,4.3,1.2,12|374|2919|3107|3162|3383|3576|3660|3717|6692|6776|7035|8771,SERPINA3|AREG|CXCL1|HLA-C|HMOX1|ICAM1|CXCL8|IRF2|JAK2|SPINT1|STAT5A|TFPI|TNFRSF6B,-4.6,0
1,1,1,0,1,0,-3.7,-3.8,-6.4,0,-2.6,0,C0007787,M111010,4,0,DisGeNET,35,Transient Ischemic Attack,,-6.4,4.7,6.9,30293,344,299,16,5.4,1.3,94|718|972|2811|2907|3486|4790|5144|5724|5743|6364|6376|6558|6774|7133|7157,ACVRL1|C3|CD74|GP1BA|GRINA|IGFBP3|NFKB1|PDE4D|PTAFR|PTGS2|CCL20|CX3CL1|SLC12A2|STAT3|TNFRSF1B|TP53,-4.6,0
0,0,1,0,0,0,0,0,-6.4,0,0,0,C0042870,M001000,1,0,DisGeNET,35,Vitamin D Deficiency,,-6.4,7.3,7.8,30293,153,299,11,3.7,1.1,2581|2638|3105|3486|3627|5743|7097|8542|8743|9294|64127,GALC|GC|HLA-A|IGFBP3|CXCL10|PTGS2|TLR2|APOL1|TNFSF10|S1PR2|NOD2,-4.6,0
1,0,1,1,1,1,-4.4,0,-3.9,-6.4,-6.4,-4.4,C0278595,M101111,5,0,DisGeNET,35,Adult Fibrosarcoma,,-6.4,4.4,6.8,30293,387,300,17,5.7,1.3,633|639|976|1471|1958|2064|2353|3098|3481|5066|7040|7076|7178|7448|10253|54858|57121,BGN|PRDM1|ADGRE5|CST3|EGR1|ERBB2|FOS|HK1|IGF2|PAM|TGFB1|TIMP1|TPT1|VTN|SPRY2|PGPEP1|LPAR5,-4.6,0
1,1,1,1,0,0,-2.8,-3.9,-6.4,-3.9,0,0,C0035222,M111100,4,0,DisGeNET,35,"Respiratory Distress Syndrome, Adult",,-6.4,4.2,6.7,30293,434,299,18,6,1.4,1080|3486|3627|3684|3934|4214|4790|4940|5743|6374|6558|6774|6892|7098|10148|25897|64208|84818,CFTR|IGFBP3|CXCL10|ITGAM|LCN2|MAP3K1|NFKB1|OAS3|PTGS2|CXCL5|SLC12A2|STAT3|TAPBP|TLR3|EBI3|RNF19A|POPDC3|IL17RC,-4.6,0
0,0,1,1,0,0,0,0,-6.4,-4.8,0,0,C0019189,M001100,2,0,DisGeNET,35,"Hepatitis, Chronic",,-6.4,5.9,7.3,30293,224,299,13,4.3,1.2,567|3604|3627|4790|5743|6646|6774|6891|7097|7157|7412|8743|60489,B2M|TNFRSF9|CXCL10|NFKB1|PTGS2|SOAT1|STAT3|TAP2|TLR2|TP53|VCAM1|TNFSF10|APOBEC3G,-4.6,0
1,0,1,1,0,0,-6.4,0,-3.4,-3.9,0,0,C0001339,M101100,3,0,DisGeNET,35,Acute pancreatitis,,-6.4,4.2,6.7,30293,435,300,18,6,1.4,285|306|355|1540|2524|2919|2920|2950|3162|3306|3383|3576|3717|4792|5879|5970|8767|148022,ANGPT2|ANXA3|FAS|CYLD|FUT2|CXCL1|CXCL2|GSTP1|HMOX1|HSPA2|ICAM1|CXCL8|JAK2|NFKBIA|RAC1|RELA|RIPK2|TICAM1,-4.6,0
1,1,1,1,1,1,-5.8,-6.4,-6.4,-6.3,-2,-2.8,C0042373,M111111,6,0,DisGeNET,35,Vascular Diseases,,-6.4,3.4,6.3,30293,688,299,23,7.7,1.5,54|196|283|335|350|738|847|1191|1515|1650|2147|3646|4128|5950|7048|7108|7276|7351|8804|10062|29116|51162|55937,ACP5|AHR|ANG|APOA1|APOH|VPS51|CAT|CLU|CTSV|DDOST|F2|EIF3E|MAOA|RBP4|TGFBR2|TM7SF2|TTR|UCP2|CREG1|NR1H3|MYLIP|EGFL7|APOM,-4.5,0
0,0,1,0,0,0,0,0,-6.4,0,0,0,C3714772,M001000,1,0,DisGeNET,35,Recurrent fevers,,-6.4,15,9.5,30293,48,299,7,2.3,0.87,2581|5692|5696|5698|7128|64127|84876,GALC|PSMB4|PSMB8|PSMB9|TNFAIP3|NOD2|ORAI1,-4.5,0
1,1,1,0,0,0,-3.6,-2.1,-6.3,0,0,0,C0018671,M111000,3,0,DisGeNET,35,Head and Neck Neoplasms,,-6.3,8.2,8,30293,124,299,10,3.3,1,567|2706|3486|5743|6091|6774|7157|9582|51284|89845,B2M|GJB2|IGFBP3|PTGS2|ROBO1|STAT3|TP53|APOBEC3B|TLR7|ABCC10,-4.5,0
1,0,1,1,1,0,-3.2,0,-5,-3.8,-6.3,0,C0220650,M101110,4,0,DisGeNET,35,Metastatic malignant neoplasm to brain,,-6.3,4.4,6.7,30293,392,300,17,5.7,1.3,960|1000|1824|1903|3084|3831|4318|4478|5293|5744|6236|10487|10763|10962|23129|51343|81631,CD44|CDH2|DSC2|S1PR3|NRG1|KLC1|MMP9|MSN|PIK3CD|PTHLH|RRAD|CAP1|NES|MLLT11|PLXND1|FZR1|MAP1LC3B,-4.5,0
1,0,1,0,0,0,-3.3,0,-6.3,0,0,0,C0041834,M101000,2,0,DisGeNET,35,Erythema,,-6.3,5.8,7.3,30293,227,299,13,4.3,1.2,2235|2706|4790|5696|5743|6774|7097|7133|7157|64127|64135|80326|84818,FECH|GJB2|NFKB1|PSMB8|PTGS2|STAT3|TLR2|TNFRSF1B|TP53|NOD2|IFIH1|WNT10A|IL17RC,-4.5,0
1,0,1,1,1,1,-5.1,0,-6.3,-2.2,-4,-3.5,C0040034,M101111,5,0,DisGeNET,35,Thrombocytopenia,,-6.3,3.6,6.4,30293,592,299,21,7,1.5,567|718|843|2533|2811|3105|3627|5692|5696|5698|5743|6646|6774|7097|7157|9734|51284|53905|64135|79139|259307,B2M|C3|CASP10|FYB1|GP1BA|HLA-A|CXCL10|PSMB4|PSMB8|PSMB9|PTGS2|SOAT1|STAT3|TLR2|TP53|HDAC9|TLR7|DUOX1|IFIH1|DERL1|IL4I1,-4.5,0
0,0,1,0,0,0,0,0,-6.2,0,0,0,C4275242,M001000,1,0,DisGeNET,35,Sudden sensorineural hearing loss,,-6.2,11,8.7,30293,72,299,8,2.7,0.93,718|2706|3105|4791|5144|7097|7133|7412,C3|GJB2|HLA-A|NFKB2|PDE4D|TLR2|TNFRSF1B|VCAM1,-4.4,0
0,0,1,0,0,0,0,0,-6.2,0,0,0,C1858266,M001000,1,0,DisGeNET,35,"Bare Lymphocyte Syndrome, Type I",,-6.2,51,14,30293,8,299,4,1.3,0.66,567|6890|6891|6892,B2M|TAP1|TAP2|TAPBP,-4.4,0
1,1,0,1,1,1,-6.2,-2.1,0,-3.9,-5,-2.1,C4704874,M110111,5,0,DisGeNET,35,"Mammary Carcinoma, Human",,-6.2,3.7,6.4,30293,545,300,20,6.7,1.4,102|374|650|2920|2921|2950|3162|3576|4312|4792|5970|6528|6648|6776|9076|10010|10318|11067|50618|400224,ADAM10|AREG|BMP2|CXCL2|CXCL3|GSTP1|HMOX1|CXCL8|MMP1|NFKBIA|RELA|SLC5A5|SOD2|STAT5A|CLDN1|TANK|TNIP1|DEPP1|ITSN2|PLEKHD1,-4.4,0
1,0,1,0,1,1,-5.4,0,-6.2,0,-2.6,-3.3,C2347747,M101011,4,0,DisGeNET,35,Adult Classical Hodgkin Lymphoma,,-6.2,5.7,7.1,30293,233,299,13,4.3,1.2,567|2526|3105|4790|5698|5971|6646|6774|7128|7157|9294|22809|51752,B2M|FUT4|HLA-A|NFKB1|PSMB9|RELB|SOAT1|STAT3|TNFAIP3|TP53|S1PR2|ATF5|ERAP1,-4.4,0
0,1,1,0,0,0,0,-2.1,-6.2,0,0,0,C0238790,M011000,2,0,DisGeNET,35,bone destruction,,-6.2,5.6,7.1,30293,234,299,13,4.3,1.2,101|567|1435|3627|4791|4940|6774|7097|7098|9734|23308|25897|51284,ADAM8|B2M|CSF1|CXCL10|NFKB2|OAS3|STAT3|TLR2|TLR3|HDAC9|ICOSLG|RNF19A|TLR7,-4.4,0
0,0,0,1,0,0,0,0,0,-6.2,0,0,C1527349,M000100,1,0,DisGeNET,35,Ductal Breast Carcinoma,,-6.2,6.2,7.3,30293,196,300,12,4,1.1,2064|4240|5476|5530|5562|6690|7009|7178|10232|10765|27122|57326,ERBB2|MFGE8|CTSA|PPP3CA|PRKAA1|SPINK1|TMBIM6|TPT1|MSLN|KDM5B|DKK3|PBXIP1,-4.4,0
1,0,1,1,1,0,-6.2,0,-3.3,-4.4,-2.4,0,C0235782,M101110,4,0,DisGeNET,35,Gallbladder Carcinoma,,-6.2,3.9,6.4,30293,498,300,19,6.3,1.4,330|355|2014|2950|3107|3717|4070|4893|5371|5879|8771|8837|9019|9076|10553|11067|27113|121665|346389,BIRC3|FAS|EMP3|GSTP1|HLA-C|JAK2|TACSTD2|NRAS|PML|RAC1|TNFRSF6B|CFLAR|MPZL1|CLDN1|HTATIP2|DEPP1|BBC3|SPPL3|MACC1,-4.4,0
0,0,1,0,0,0,0,0,-6.2,0,0,0,C0024419,M001000,1,0,DisGeNET,35,Waldenstrom Macroglobulinemia,,-6.2,6.9,7.5,30293,162,299,11,3.7,1.1,3684|6646|6689|7128|7157|7805|8741|8743|9734|25897|51284,ITGAM|SOAT1|SPIB|TNFAIP3|TP53|LAPTM5|TNFSF13|TNFSF10|HDAC9|RNF19A|TLR7,-4.4,0
0,0,0,1,0,0,0,0,0,-6.1,0,0,C0262417,M000100,1,0,DisGeNET,35,Acute on chronic pancreatitis,,-6.1,28,11,30293,18,300,5,1.7,0.74,2064|3856|5644|5645|6690,ERBB2|KRT8|PRSS1|PRSS2|SPINK1,-4.4,0
0,1,0,0,1,1,0,-2.7,0,0,-6.1,-2,C0024796,M010011,3,0,DisGeNET,35,Marfan Syndrome,,-6.1,7.8,7.7,30293,130,300,10,3.3,1,960|1264|3491|4053|4318|6876|7042|7045|7077|80198,CD44|CNN1|CCN1|LTBP2|MMP9|TAGLN|TGFB2|TGFBI|TIMP2|MUS81,-4.4,0
1,0,0,1,1,1,-6.1,0,0,-4.8,-2.6,-4.2,C0338106,M100111,4,0,DisGeNET,35,Adenocarcinoma of colon,,-6.1,4.2,6.5,30293,406,300,17,5.7,1.3,330|1738|2524|2921|3576|4893|5328|5371|5879|5970|6778|8549|8837|9076|11226|29927|346389,BIRC3|DLD|FUT2|CXCL3|CXCL8|NRAS|PLAU|PML|RAC1|RELA|STAT6|LGR5|CFLAR|CLDN1|GALNT6|SEC61A1|MACC1,-4.3,0
1,0,0,1,1,1,-3.2,0,0,-6.1,-2.7,-2.7,C0278701,M100111,4,0,DisGeNET,35,Gastric Adenocarcinoma,,-6.1,4,6.5,30293,453,300,18,6,1.4,360|558|2034|2040|2064|2571|2590|3481|4485|4680|5584|7040|10103|10232|10253|10276|84951|168002,AQP3|AXL|EPAS1|STOM|ERBB2|GAD1|GALNT2|IGF2|MST1|CEACAM6|PRKCI|TGFB1|TSPAN1|MSLN|SPRY2|NET1|TNS4|DACT2,-4.3,0
0,0,0,1,0,0,0,0,0,-6.1,0,0,C0149519,M000100,1,0,DisGeNET,35,Chronic Persistent Hepatitis,,-6.1,18,10,30293,33,300,6,2,0.81,538|2153|3481|3880|7018|7040,ATP7A|F5|IGF2|KRT19|TF|TGFB1,-4.3,0
1,0,0,1,0,0,-6.1,0,0,-2.2,0,0,C2677123,M100100,2,0,DisGeNET,35,"COLORECTAL CANCER, SUSCEPTIBILITY TO, 3",,-6.1,6.7,7.4,30293,165,300,11,3.7,1.1,2120|2625|3911|4935|6047|10019|26137|64759|84517|84790|162427,ETV6|GATA3|LAMA5|GPR143|RNF4|SH2B3|ZBTB20|TNS3|ACTRT3|TUBA1C|RETREG3,-4.3,0
1,0,1,0,1,1,-6.1,0,-4.7,0,-2.9,-2.4,C0027022,M101011,4,0,DisGeNET,35,Myeloproliferative disease,,-6.1,4.4,6.6,30293,365,300,16,5.3,1.3,2120|2523|2625|2950|3107|3576|3656|3717|4067|4792|4893|5371|5966|6776|8809|10019,ETV6|FUT1|GATA3|GSTP1|HLA-C|CXCL8|IRAK2|JAK2|LYN|NFKBIA|NRAS|PML|REL|STAT5A|IL18R1|SH2B3,-4.3,0
0,0,1,0,0,0,0,0,-6.1,0,0,0,C3694279,M001000,1,0,DisGeNET,35,Middle East Respiratory Syndrome,,-6.1,13,9,30293,53,299,7,2.3,0.87,3627|6774|7113|10410|29108|51284|64135,CXCL10|STAT3|TMPRSS2|IFITM3|PYCARD|TLR7|IFIH1,-4.3,0
0,0,1,1,0,1,0,0,-2.7,-6,0,-2.7,C0205645,M001101,3,0,DisGeNET,35,"Adenocarcinoma, Tubular",,-6,7.6,7.6,30293,133,300,10,3.3,1,348|634|2064|2878|2886|3856|5265|6690|7040|10232,APOE|CEACAM1|ERBB2|GPX3|GRB7|KRT8|SERPINA1|SPINK1|TGFB1|MSLN,-4.3,0
1,0,0,0,0,0,-6,0,0,0,0,0,C1827849,M100000,1,0,DisGeNET,35,IgE-mediated allergic asthma,,-6,7.6,7.6,30293,133,300,10,3.3,1,1603|2625|2950|3460|3659|4792|6778|8767|8809|83666,DAD1|GATA3|GSTP1|IFNGR2|IRF1|NFKBIA|STAT6|RIPK2|IL18R1|PARP9,-4.3,0
1,0,0,1,0,0,-6,0,0,-2.2,0,0,C1837315,M100100,2,0,DisGeNET,35,"COLORECTAL CANCER, SUSCEPTIBILITY TO, 1",,-6,6.7,7.4,30293,166,300,11,3.7,1.1,2120|2625|3911|4935|6047|10019|26137|64759|84517|84790|162427,ETV6|GATA3|LAMA5|GPR143|RNF4|SH2B3|ZBTB20|TNS3|ACTRT3|TUBA1C|RETREG3,-4.3,0
1,0,0,1,0,0,-6,0,0,-2.2,0,0,C2675481,M100100,2,0,DisGeNET,35,"COLORECTAL CANCER, SUSCEPTIBILITY TO, 10",,-6,6.7,7.4,30293,166,300,11,3.7,1.1,2120|2625|3911|4935|6047|10019|26137|64759|84517|84790|162427,ETV6|GATA3|LAMA5|GPR143|RNF4|SH2B3|ZBTB20|TNS3|ACTRT3|TUBA1C|RETREG3,-4.3,0
1,0,0,1,0,0,-6,0,0,-2.2,0,0,C3554460,M100100,2,0,DisGeNET,35,"COLORECTAL CANCER, SUSCEPTIBILITY TO, 12",,-6,6.7,7.4,30293,166,300,11,3.7,1.1,2120|2625|3911|4935|6047|10019|26137|64759|84517|84790|162427,ETV6|GATA3|LAMA5|GPR143|RNF4|SH2B3|ZBTB20|TNS3|ACTRT3|TUBA1C|RETREG3,-4.3,0
1,1,1,1,1,0,-6,-3.4,-2.9,-5.5,-2.5,0,C0032580,M111110,5,0,DisGeNET,35,Adenomatous Polyposis Coli,,-6,3.5,6.2,30293,609,300,21,7,1.5,860|1510|1540|1738|2950|3107|3572|3576|3659|3732|4312|4893|5879|5970|6446|6528|6648|6778|8549|28956|51586,RUNX2|CTSE|CYLD|DLD|GSTP1|HLA-C|IL6ST|CXCL8|IRF1|CD82|MMP1|NRAS|RAC1|RELA|SGK1|SLC5A5|SOD2|STAT6|LGR5|LAMTOR2|MED15,-4.3,0
1,1,0,0,1,1,-6,-2.7,0,0,-2.3,-3.5,C1449563,M110011,4,0,DisGeNET,35,"Cardiomyopathy, Familial Idiopathic",,-6,3.1,6,30293,772,300,24,8,1.6,102|285|355|650|1327|1847|2643|2730|2950|3107|3162|3576|3659|3663|4070|4312|5879|6385|6648|8771|8809|22926|50506|58508,ADAM10|ANGPT2|FAS|BMP2|COX4I1|DUSP5|GCH1|GCLM|GSTP1|HLA-C|HMOX1|CXCL8|IRF1|IRF5|TACSTD2|MMP1|RAC1|SDC4|SOD2|TNFRSF6B|IL18R1|ATF6|DUOX2|KMT2C,-4.3,0
1,1,0,1,1,1,-4.7,-6,0,-4.1,-2.5,-6,C1134719,M110111,5,0,DisGeNET,35,Invasive Ductal Breast Carcinoma,,-6,4.2,6.5,30293,414,299,17,5.7,1.3,196|216|335|341|2065|2264|4128|4758|5176|7067|7301|9368|9514|28987|51144|51162|155465,AHR|ALDH1A1|APOA1|APOC1|ERBB3|FGFR4|MAOA|NEU1|SERPINF1|THRA|TYRO3|NHERF1|GAL3ST1|NOB1|HSD17B12|EGFL7|AGR3,-4.3,0
1,0,1,1,1,1,-3.7,0,-4.8,-6,-2.3,-3.2,C0279550,M101111,5,0,DisGeNET,35,Adult Rhabdomyosarcoma,,-6,3.8,6.3,30293,509,300,19,6.3,1.4,160|351|598|652|894|1958|2057|2064|3481|3485|4745|5002|5066|5584|6594|7040|10253|22933|81848,AP2A1|APP|BCL2L1|BMP4|CCND2|EGR1|EPOR|ERBB2|IGF2|IGFBP2|NELL1|SLC22A18|PAM|PRKCI|SMARCA1|TGFB1|SPRY2|SIRT2|SPRY4,-4.3,0
1,0,0,0,0,0,-6,0,0,0,0,0,C0152266,M100000,1,0,DisGeNET,35,Mixed Cellularity Hodgkin Lymphoma,,-6,27,11,30293,19,300,5,1.7,0.74,2625|2950|4792|5966|8837,GATA3|GSTP1|NFKBIA|REL|CFLAR,-4.3,0
1,0,1,1,0,1,-6,0,-3.8,-2.8,0,-4.3,C0025500,M101101,4,0,DisGeNET,35,Mesothelioma,,-6,3.6,6.2,30293,560,300,20,6.7,1.4,102|285|330|650|1738|2625|2730|3162|3383|3576|4067|5328|5970|6528|6648|7035|7405|8837|28956|80854,ADAM10|ANGPT2|BIRC3|BMP2|DLD|GATA3|GCLM|HMOX1|ICAM1|CXCL8|LYN|PLAU|RELA|SLC5A5|SOD2|TFPI|UVRAG|CFLAR|LAMTOR2|SETD7,-4.3,0
1,1,0,1,0,0,-5.2,-3.8,0,-6,0,0,C0022346,M110100,3,0,DisGeNET,35,Icterus,,-6,5.4,6.9,30293,241,300,13,4.3,1.2,538|1522|2153|3098|3783|3856|3875|4485|5265|5644|5645|6690|7076,ATP7A|CTSZ|F5|HK1|KCNN4|KRT8|KRT18|MST1|SERPINA1|PRSS1|PRSS2|SPINK1|TIMP1,-4.3,0
1,0,1,0,0,1,-3.1,0,-6,0,0,-3.1,C0333307,M101001,3,0,DisGeNET,35,Superficial ulcer,,-6,5.4,6.9,30293,242,299,13,4.3,1.2,101|1435|3459|3627|4791|4940|5743|6774|7097|7157|7412|9235|64127,ADAM8|CSF1|IFNGR1|CXCL10|NFKB2|OAS3|PTGS2|STAT3|TLR2|TP53|VCAM1|IL32|NOD2,-4.3,0
1,1,0,1,0,1,-6,-2.6,0,-3,0,-3,C1378703,M110101,4,0,DisGeNET,35,Renal carcinoma,,-6,3.3,6.1,30293,665,300,22,7.3,1.5,102|860|1408|1738|2280|2625|3107|3162|3383|3576|4312|5328|5970|6446|6648|6776|7403|8837|9575|51094|64866|94015,ADAM10|RUNX2|CRY2|DLD|FKBP1A|GATA3|HLA-C|HMOX1|ICAM1|CXCL8|MMP1|PLAU|RELA|SGK1|SOD2|STAT5A|KDM6A|CFLAR|CLOCK|ADIPOR1|CDCP1|TTYH2,-4.2,0
1,0,1,1,0,0,-6,0,-2.2,-2.2,0,0,C0023518,M101100,3,0,DisGeNET,35,Leukocytosis,,-6,6.6,7.3,30293,168,300,11,3.7,1.1,1738|2120|2950|3162|3576|3717|3898|4893|5371|5880|9663,DLD|ETV6|GSTP1|HMOX1|CXCL8|JAK2|LAD1|NRAS|PML|RAC2|LPIN2,-4.2,0
1,0,1,0,1,1,-4,0,-2.8,0,-2.3,-6,C1368683,M101011,4,0,DisGeNET,35,Epithelioma,,-6,4.6,6.6,30293,326,300,15,5,1.3,861|998|1026|1029|1436|1499|2000|2050|2335|4323|5154|5795|5912|8737|23158,RUNX1|CDC42|CDKN1A|CDKN2A|CSF1R|CTNNB1|ELF4|EPHB4|FN1|MMP14|PDGFA|PTPRJ|RAP2B|RIPK1|TBC1D9,-4.2,0
0,0,1,1,1,1,0,0,-6,-2.1,-3.6,-3.1,C4721414,M001111,4,0,DisGeNET,35,Mantle cell lymphoma,,-6,3.9,6.3,30293,466,299,18,6,1.4,567|638|972|1302|1435|3105|3604|4050|4790|5359|5698|5743|6689|6774|7157|8506|8743|9582,B2M|BIK|CD74|COL11A2|CSF1|HLA-A|TNFRSF9|LTB|NFKB1|PLSCR1|PSMB9|PTGS2|SPIB|STAT3|TP53|CNTNAP1|TNFSF10|APOBEC3B,-4.2,0
0,0,1,0,0,0,0,0,-6,0,0,0,C0751356,M001000,1,0,DisGeNET,35,Idiopathic Inflammatory Myopathies,,-6,8.6,7.8,30293,106,299,9,3,0.99,3105|3627|5743|7098|7128|8741|51284|55717|64135,HLA-A|CXCL10|PTGS2|TLR3|TNFAIP3|TNFSF13|TLR7|WDR11|IFIH1,-4.2,0
0,1,0,0,0,0,0,-5.9,0,0,0,0,C2216370,M010000,1,0,DisGeNET,35,Cherry red spot of the macula,,-5.9,45,13,30293,9,299,4,1.3,0.66,2720|3073|3074|4758,GLB1|HEXA|HEXB|NEU1,-4.2,0
1,0,0,0,1,0,-4.6,0,0,0,-5.9,0,C0238281,M100010,2,0,DisGeNET,35,Middle Cerebral Artery Syndrome,,-5.9,17,9.7,30293,35,300,6,2,0.81,467|1906|3589|3726|4318|54498,ATF3|EDN1|IL11|JUNB|MMP9|SMOX,-4.2,0
1,0,0,0,1,0,-4.6,0,0,0,-5.9,0,C0740376,M100010,2,0,DisGeNET,35,Middle Cerebral Artery Thrombosis,,-5.9,17,9.7,30293,35,300,6,2,0.81,467|1906|3589|3726|4318|54498,ATF3|EDN1|IL11|JUNB|MMP9|SMOX,-4.2,0
1,0,0,0,1,0,-4.6,0,0,0,-5.9,0,C0751845,M100010,2,0,DisGeNET,35,Middle Cerebral Artery Embolus,,-5.9,17,9.7,30293,35,300,6,2,0.81,467|1906|3589|3726|4318|54498,ATF3|EDN1|IL11|JUNB|MMP9|SMOX,-4.2,0
1,0,0,0,1,0,-4.6,0,0,0,-5.9,0,C0751846,M100010,2,0,DisGeNET,35,Left Middle Cerebral Artery Infarction,,-5.9,17,9.7,30293,35,300,6,2,0.81,467|1906|3589|3726|4318|54498,ATF3|EDN1|IL11|JUNB|MMP9|SMOX,-4.2,0
1,0,0,0,1,0,-4.6,0,0,0,-5.9,0,C0751847,M100010,2,0,DisGeNET,35,"Embolic Infarction, Middle Cerebral Artery",,-5.9,17,9.7,30293,35,300,6,2,0.81,467|1906|3589|3726|4318|54498,ATF3|EDN1|IL11|JUNB|MMP9|SMOX,-4.2,0
1,0,0,0,1,0,-4.6,0,0,0,-5.9,0,C0751848,M100010,2,0,DisGeNET,35,"Thrombotic Infarction, Middle Cerebral Artery",,-5.9,17,9.7,30293,35,300,6,2,0.81,467|1906|3589|3726|4318|54498,ATF3|EDN1|IL11|JUNB|MMP9|SMOX,-4.2,0
1,0,0,0,1,0,-4.6,0,0,0,-5.9,0,C0751849,M100010,2,0,DisGeNET,35,Right Middle Cerebral Artery Infarction,,-5.9,17,9.7,30293,35,300,6,2,0.81,467|1906|3589|3726|4318|54498,ATF3|EDN1|IL11|JUNB|MMP9|SMOX,-4.2,0
1,0,1,1,1,1,-4.6,0,-5.9,-2,-3.5,-4.6,C0345967,M101111,5,0,DisGeNET,35,Malignant mesothelioma,,-5.9,4.1,6.4,30293,420,299,17,5.7,1.3,718|1302|1435|3384|3486|3627|5743|6774|7098|7133|7157|7412|9235|9582|10970|26298|29108,C3|COL11A2|CSF1|ICAM2|IGFBP3|CXCL10|PTGS2|STAT3|TLR3|TNFRSF1B|TP53|VCAM1|IL32|APOBEC3B|CKAP4|EHF|PYCARD,-4.2,0
0,0,1,0,0,0,0,0,-5.9,0,0,0,C0008055,M001000,1,0,DisGeNET,35,Chikungunya Fever,,-5.9,7.4,7.5,30293,137,299,10,3.3,1,684|972|3105|3604|4045|4940|6646|7098|25897|27074,BST2|CD74|HLA-A|TNFRSF9|LSAMP|OAS3|SOAT1|TLR3|RNF19A|LAMP3,-4.2,0
0,0,0,0,1,0,0,0,0,0,-5.9,0,C1334699,M000010,1,0,DisGeNET,35,Mesenchymal Cell Neoplasm,,-5.9,13,8.8,30293,55,300,7,2.3,0.87,390|5155|5293|7042|7321|10763|23022,RND3|PDGFB|PIK3CD|TGFB2|UBE2D1|NES|PALLD,-4.2,0
1,0,1,1,0,1,-2.6,0,-5.9,-3.2,0,-2.6,C0266929,M101101,4,0,DisGeNET,35,Chronic Periodontitis,,-5.9,4.9,6.7,30293,287,299,14,4.7,1.2,101|1435|2638|3105|5743|7097|7133|7412|9235|10148|25984|29108|64127|64135,ADAM8|CSF1|GC|HLA-A|PTGS2|TLR2|TNFRSF1B|VCAM1|IL32|EBI3|KRT23|PYCARD|NOD2|IFIH1,-4.2,0
1,0,1,0,1,1,-3.8,0,-3.2,0,-5.9,-2.1,C1827293,M101011,4,0,DisGeNET,35,"Carcinoma of urinary bladder, invasive",,-5.9,4.9,6.7,30293,287,300,14,4.7,1.2,220|388|800|960|1906|3611|4092|4318|4739|5293|7477|11010|80381|81631,ALDH1A3|RHOB|CALD1|CD44|EDN1|ILK|SMAD7|MMP9|NEDD9|PIK3CD|WNT7B|GLIPR1|CD276|MAP1LC3B,-4.2,0
1,0,0,0,1,1,-4.1,0,0,0,-2.6,-5.9,C0026998,M100011,3,0,DisGeNET,35,"Acute Myeloid Leukemia, M1",,-5.9,7.3,7.4,30293,138,300,10,3.3,1,481|822|824|840|861|1436|2308|5817|8821|23158,ATP1B1|CAPG|CAPN2|CASP7|RUNX1|CSF1R|FOXO1|PVR|INPP4B|TBC1D9,-4.2,0
1,0,1,0,0,0,-3.1,0,-5.9,0,0,0,C0003862,M101000,2,0,DisGeNET,35,Arthralgia,,-5.9,5.3,6.8,30293,248,299,13,4.3,1.2,1302|4790|4791|5167|5692|5696|5698|5743|6524|7097|9235|51752|64127,COL11A2|NFKB1|NFKB2|ENPP1|PSMB4|PSMB8|PSMB9|PTGS2|SLC5A2|TLR2|IL32|ERAP1|NOD2,-4.2,0
1,0,1,0,1,0,-2.5,0,-5.9,0,-3.4,0,C0024305,M101010,3,0,DisGeNET,35,"Lymphoma, Non-Hodgkin",,-5.9,3.2,6,30293,733,299,23,7.7,1.5,567|843|3105|3604|4050|4790|5698|5743|6646|6774|6891|7096|7097|7128|7133|7157|7412|8741|8743|9294|9734|25897|58191,B2M|CASP10|HLA-A|TNFRSF9|LTB|NFKB1|PSMB9|PTGS2|SOAT1|STAT3|TAP2|TLR1|TLR2|TNFAIP3|TNFRSF1B|TP53|VCAM1|TNFSF13|TNFSF10|S1PR2|HDAC9|RNF19A|CXCL16,-4.2,0
1,0,0,1,0,0,-5.9,0,0,-2.8,0,0,C0346629,M100100,2,0,DisGeNET,35,Malignant neoplasm of large intestine,,-5.9,6.4,7.2,30293,173,300,11,3.7,1.1,2120|2625|3911|4935|6047|10019|26137|64759|84517|84790|162427,ETV6|GATA3|LAMA5|GPR143|RNF4|SH2B3|ZBTB20|TNS3|ACTRT3|TUBA1C|RETREG3,-4.1,0
1,1,1,1,1,1,-4.5,-5.9,-3.4,-5.2,-2.3,-2.8,C0149521,M111111,6,0,DisGeNET,35,"Pancreatitis, Chronic",,-5.9,4.3,6.4,30293,379,299,16,5.4,1.3,196|283|847|1191|1312|3065|5205|5950|7033|7184|7276|7494|10551|11199|58190|83998,AHR|ANG|CAT|CLU|COMT|HDAC1|ATP8B1|RBP4|TFF3|HSP90B1|TTR|XBP1|AGR2|ANXA10|CTDSP1|REG4,-4.1,0
1,0,1,0,1,0,-3.8,0,-5.9,0,-3.2,0,C0040100,M101010,3,0,DisGeNET,35,Thymoma,,-5.9,4.9,6.6,30293,291,299,14,4.7,1.2,972|1302|3105|5743|6774|7098|7128|7157|7292|8743|25897|54361|55717|64135,CD74|COL11A2|HLA-A|PTGS2|STAT3|TLR3|TNFAIP3|TP53|TNFSF4|TNFSF10|RNF19A|WNT4|WDR11|IFIH1,-4.1,0
1,0,1,1,1,0,-5.9,0,-3.7,-5.9,-5.3,0,C0740391,M101110,4,0,DisGeNET,35,Middle Cerebral Artery Occlusion,,-5.9,3.4,6,30293,626,300,21,7,1.5,285|374|1540|2643|2919|2920|3162|3383|3572|3717|5328|5879|5970|6446|6648|6776|8462|8837|9076|22926|55332,ANGPT2|AREG|CYLD|GCH1|CXCL1|CXCL2|HMOX1|ICAM1|IL6ST|JAK2|PLAU|RAC1|RELA|SGK1|SOD2|STAT5A|KLF11|CFLAR|CLDN1|ATF6|DRAM1,-4.1,0
1,0,1,0,0,0,-2.9,0,-5.8,0,0,0,C1720830,M101000,2,0,DisGeNET,35,Painful Bladder Syndrome,,-5.8,10,8.1,30293,81,299,8,2.7,0.93,1080|1302|3627|3684|5743|6373|7133|9466,CFTR|COL11A2|CXCL10|ITGAM|PTGS2|CXCL11|TNFRSF1B|IL27RA,-4.1,0
0,0,1,0,1,0,0,0,-5.8,0,-2.9,0,C0339143,M001010,2,0,DisGeNET,35,Thyroid associated opthalmopathies,,-5.8,5.8,6.9,30293,211,299,12,4,1.1,3105|3627|4790|5743|6373|6646|6752|7412|8741|10148|51284|64135,HLA-A|CXCL10|NFKB1|PTGS2|CXCL11|SOAT1|SSTR2|VCAM1|TNFSF13|EBI3|TLR7|IFIH1,-4.1,0
0,1,1,1,1,0,0,-2.3,-3.1,-5.8,-4.9,0,C0000822,M011110,4,0,DisGeNET,35,"Abortion, Tubal",,-5.8,8.3,7.7,30293,109,300,9,3,0.98,348|634|1291|3481|3623|3691|4324|4680|7040,APOE|CEACAM1|COL6A1|IGF2|INHA|ITGB4|MMP15|CEACAM6|TGFB1,-4.1,0
0,1,1,1,1,0,0,-2.3,-3.1,-5.8,-4.9,0,C3830362,M011110,4,0,DisGeNET,35,Early Pregnancy Loss,,-5.8,8.3,7.7,30293,109,300,9,3,0.98,348|634|1291|3481|3623|3691|4324|4680|7040,APOE|CEACAM1|COL6A1|IGF2|INHA|ITGB4|MMP15|CEACAM6|TGFB1,-4.1,0
0,0,1,0,0,0,0,0,-5.8,0,0,0,C0019104,M001000,1,0,DisGeNET,35,"Hemorrhagic Fevers, Viral",,-5.8,12,8.6,30293,57,299,7,2.3,0.87,1605|4045|7098|25897|27074|51643|64135,DAG1|LSAMP|TLR3|RNF19A|LAMP3|TMBIM4|IFIH1,-4.1,0
1,1,1,1,0,1,-3.3,-5.3,-5.8,-2.8,0,-3.7,C0242383,M111101,5,0,DisGeNET,35,Age related macular degeneration,,-5.8,3.3,6,30293,685,299,22,7.4,1.5,94|718|2235|3105|3627|3684|3934|6091|6373|6374|6376|6774|7096|7097|7098|7157|9466|9734|25897|51284|64761|84818,ACVRL1|C3|FECH|HLA-A|CXCL10|ITGAM|LCN2|ROBO1|CXCL11|CXCL5|CX3CL1|STAT3|TLR1|TLR2|TLR3|TP53|IL27RA|HDAC9|RNF19A|TLR7|PARP12|IL17RC,-4.1,0
1,0,1,1,0,1,-2.2,0,-5.8,-3.8,0,-4.4,C1519680,M101101,4,0,DisGeNET,35,Tumor Immunity,,-5.8,4.5,6.5,30293,337,299,15,5,1.3,567|684|1302|1435|3604|3627|3684|4599|4734|5743|6774|7096|7157|23308|51284,B2M|BST2|COL11A2|CSF1|TNFRSF9|CXCL10|ITGAM|MX1|NEDD4|PTGS2|STAT3|TLR1|TP53|ICOSLG|TLR7,-4.1,0
1,0,0,0,0,0,-5.8,0,0,0,0,0,C0041948,M100000,1,0,DisGeNET,35,Uremia,,-5.8,8.3,7.6,30293,110,300,9,3,0.98,285|355|650|860|3162|3383|6446|6776|51094,ANGPT2|FAS|BMP2|RUNX2|HMOX1|ICAM1|SGK1|STAT5A|ADIPOR1,-4.1,0
1,1,1,1,1,1,-2.8,-4.7,-5.8,-3.3,-4.2,-4.2,C0007785,M111111,6,0,DisGeNET,35,Cerebral Infarction,,-5.8,3.2,5.9,30293,687,299,22,7.4,1.5,1080|1302|1520|3604|3627|3684|3934|4790|5144|5359|5743|6376|6558|6774|7097|7133|7157|7292|9294|25897|53905|64127,CFTR|COL11A2|CTSS|TNFRSF9|CXCL10|ITGAM|LCN2|NFKB1|PDE4D|PLSCR1|PTGS2|CX3CL1|SLC12A2|STAT3|TLR2|TNFRSF1B|TP53|TNFSF4|S1PR2|RNF19A|DUOX1|NOD2,-4.1,0
0,1,1,1,0,0,0,-2.4,-4.3,-5.8,0,0,C0008350,M011100,3,0,DisGeNET,35,Cholelithiasis,,-5.8,5.2,6.7,30293,252,300,13,4.3,1.2,348|2852|2878|3098|3875|4485|4586|5265|6690|7040|8399|8714|53841,APOE|GPER1|GPX3|HK1|KRT18|MST1|MUC5AC|SERPINA1|SPINK1|TGFB1|PLA2G10|ABCC3|CDHR5,-4.1,0
0,0,1,0,0,0,0,0,-5.8,0,0,0,C0026916,M001000,1,0,DisGeNET,35,Mycobacterium avium-intracellulare Infection,,-5.8,12,8.5,30293,58,299,7,2.3,0.87,1080|3604|3627|7097|7292|9235|29108,CFTR|TNFRSF9|CXCL10|TLR2|TNFSF4|IL32|PYCARD,-4.1,0
1,1,1,0,0,0,-5.8,-5,-2.4,0,0,0,C4703473,M111000,3,0,DisGeNET,35,Atherosclerotic lesion,,-5.8,5.2,6.7,30293,253,300,13,4.3,1.2,285|1738|3162|3383|3898|4312|5970|6692|7100|8740|9197|22926|27189,ANGPT2|DLD|HMOX1|ICAM1|LAD1|MMP1|RELA|SPINT1|TLR5|TNFSF14|SLC33A1|ATF6|IL17C,-4.1,0
1,1,1,1,0,0,-5.8,-2.3,-3.9,-2.8,0,0,C0027726,M111100,4,0,DisGeNET,35,Nephrotic Syndrome,,-5.8,4.2,6.3,30293,384,300,16,5.3,1.3,285|2131|2625|2950|3576|3911|4312|5879|5970|6648|6776|7035|8879|9076|50618|64423,ANGPT2|EXT1|GATA3|GSTP1|CXCL8|LAMA5|MMP1|RAC1|RELA|SOD2|STAT5A|TFPI|SGPL1|CLDN1|ITSN2|INF2,-4.1,0
0,0,1,0,0,0,0,0,-5.8,0,0,0,C0024198,M001000,1,0,DisGeNET,35,Lyme Disease,,-5.8,6.3,7,30293,178,299,11,3.7,1.1,1605|3105|3437|4790|5743|6373|7096|7097|7412|51284|54933,DAG1|HLA-A|IFIT3|NFKB1|PTGS2|CXCL11|TLR1|TLR2|VCAM1|TLR7|RHBDL2,-4.1,0
0,0,1,0,0,0,0,0,-5.8,0,0,0,C0263361,M001000,1,0,DisGeNET,35,Psoriasis vulgaris,,-5.8,5.2,6.7,30293,255,299,13,4.3,1.2,2706|3105|3627|3934|4790|6890|7097|7128|7297|8743|51752|64127|64167,GJB2|HLA-A|CXCL10|LCN2|NFKB1|TAP1|TLR2|TNFAIP3|TYK2|TNFSF10|ERAP1|NOD2|ERAP2,-4,0
0,0,1,0,1,0,0,0,-5.7,0,-2.5,0,C0340288,M001010,2,0,DisGeNET,35,Stable angina,,-5.7,7,7.2,30293,144,299,10,3.3,1,1520|2811|3627|3684|3934|4790|6376|7097|7292|9235,CTSS|GP1BA|CXCL10|ITGAM|LCN2|NFKB1|CX3CL1|TLR2|TNFSF4|IL32,-4,0
1,0,1,0,0,0,-2.8,0,-5.7,0,0,0,C0035869,M101000,2,0,DisGeNET,35,Rotavirus Infections,,-5.7,9.6,7.9,30293,84,299,8,2.7,0.93,5743|7097|7098|7157|9308|25897|51284|64135,PTGS2|TLR2|TLR3|TP53|CD83|RNF19A|TLR7|IFIH1,-4,0
0,1,1,0,0,0,0,-5.7,-2.8,0,0,0,C0497552,M011000,2,0,DisGeNET,35,Congenital neurologic anomalies,,-5.7,9.6,7.9,30293,84,299,8,2.7,0.93,174|2705|2720|5589|6519|7276|79944|81693,AFP|GJB1|GLB1|PRKCSH|SLC3A1|TTR|L2HGDH|AMN,-4,0
1,0,1,0,1,0,-5.7,0,-3.5,0,-2.6,0,C0242380,M101010,3,0,DisGeNET,35,Libman-Sacks Disease,,-5.7,12,8.4,30293,59,300,7,2.3,0.87,306|3663|7100|10019|10318|121260|221895,ANXA3|IRF5|TLR5|SH2B3|TNIP1|SLC15A4|JAZF1,-4,0
1,0,1,0,0,1,-2.4,0,-5.7,0,0,-2.9,C0206139,M101001,3,0,DisGeNET,35,"Lichen Planus, Oral",,-5.7,5.1,6.6,30293,257,299,13,4.3,1.2,94|2516|3627|3684|5743|6774|7097|7098|7133|7157|7412|10148|10970,ACVRL1|NR5A1|CXCL10|ITGAM|PTGS2|STAT3|TLR2|TLR3|TNFRSF1B|TP53|VCAM1|EBI3|CKAP4,-4,0
1,0,1,1,0,0,-3.3,0,-5.7,-2,0,0,C1535939,M101100,3,0,DisGeNET,35,Pneumocystis jiroveci pneumonia,,-5.7,6.2,7,30293,180,299,11,3.7,1.1,718|3627|4790|5167|6373|6774|7157|29108|54361|144165|200316,C3|CXCL10|NFKB1|ENPP1|CXCL11|STAT3|TP53|PYCARD|WNT4|PRICKLE1|APOBEC3F,-4,0
1,1,1,0,0,0,-2.1,-5.7,-2.1,0,0,0,C0860207,M111000,3,0,DisGeNET,35,Drug-Induced Liver Disease,,-5.7,3.6,6,30293,537,299,19,6.4,1.4,196|216|335|350|847|1191|1728|3030|5205|5236|5836|6649|7048|7276|8431|10062|11309|56922|81622,AHR|ALDH1A1|APOA1|APOH|CAT|CLU|NQO1|HADHA|ATP8B1|PGM1|PYGL|SOD3|TGFBR2|TTR|NR0B2|NR1H3|SLCO2B1|MCCC1|UNC93B1,-4,0
1,0,0,0,1,0,-2.5,0,0,0,-5.7,0,C0238301,M100010,2,0,DisGeNET,35,Cancer of Nasopharynx,,-5.7,7,7.2,30293,145,300,10,3.3,1,960|2113|2316|4318|5293|5947|7980|9260|22931|56999,CD44|ETS1|FLNA|MMP9|PIK3CD|RBP1|TFPI2|PDLIM7|RAB18|ADAMTS9,-4,0
0,0,1,1,1,0,0,0,-5.2,-2.7,-5.7,0,C0041696,M001110,3,0,DisGeNET,35,Unipolar Depression,,-5.7,3.3,5.9,30293,641,300,21,7,1.5,649|1407|1843|2004|2782|3084|3371|3589|3839|3981|4133|5074|8682|9260|9578|11177|23413|26047|51083|65059|259217,BMP1|CRY1|DUSP1|ELK3|GNB1|NRG1|TNC|IL11|KPNA3|LIG4|MAP2|PAWR|PEA15|PDLIM7|CDC42BPB|BAZ1A|NCS1|CNTNAP2|GAL|RAPH1|HSPA12A,-4,0
0,0,1,0,0,0,0,0,-5.7,0,0,0,C0032269,M001000,1,0,DisGeNET,35,Pneumococcal Infections,,-5.7,9.5,7.9,30293,85,299,8,2.7,0.93,3627|3934|5724|6374|7097|7412|29108|51284,CXCL10|LCN2|PTAFR|CXCL5|TLR2|VCAM1|PYCARD|TLR7,-4,0
0,0,1,0,0,0,0,0,-5.7,0,0,0,C3860213,M001000,1,0,DisGeNET,35,Autoinflammatory disorder,,-5.7,12,8.4,30293,60,299,7,2.3,0.87,103|5696|7128|51752|64127|64135|115004,ADAR|PSMB8|TNFAIP3|ERAP1|NOD2|IFIH1|CGAS,-4,0
1,1,1,1,1,1,-3,-3.5,-3.5,-4,-5.7,-2.1,C0002793,M111111,6,0,DisGeNET,35,Anaplasia,,-5.7,3.6,6,30293,538,300,19,6.3,1.4,220|800|960|1264|1843|1906|2113|3084|3371|4092|4318|5744|6722|6876|6932|7042|7321|10763|81631,ALDH1A3|CALD1|CD44|CNN1|DUSP1|EDN1|ETS1|NRG1|TNC|SMAD7|MMP9|PTHLH|SRF|TAGLN|TCF7|TGFB2|UBE2D1|NES|MAP1LC3B,-4,0
0,0,1,0,1,1,0,0,-5.7,0,-5.1,-3,C0023493,M001011,3,0,DisGeNET,35,Adult T-Cell Lymphoma/Leukemia,,-5.7,3.6,6,30293,540,299,19,6.4,1.4,567|2526|3105|3934|4790|4791|4940|6364|6646|6732|6774|6887|7133|7157|7412|8743|25897|60489|64225,B2M|FUT4|HLA-A|LCN2|NFKB1|NFKB2|OAS3|CCL20|SOAT1|SRPK1|STAT3|TAL2|TNFRSF1B|TP53|VCAM1|TNFSF10|RNF19A|APOBEC3G|ATL2,-4,0
1,1,1,0,0,0,-2.5,-2.5,-5.7,0,0,0,C0748355,M111000,3,0,DisGeNET,35,Acute respiratory distress,,-5.7,6.9,7.1,30293,147,299,10,3.3,1,1080|3486|3627|4214|4790|5743|6374|6558|6774|7098,CFTR|IGFBP3|CXCL10|MAP3K1|NFKB1|PTGS2|CXCL5|SLC12A2|STAT3|TLR3,-4,0
1,1,1,1,0,0,-5.7,-3.3,-3.3,-2.3,0,0,C0948089,M111100,4,0,DisGeNET,35,Acute Coronary Syndrome,,-5.7,3.9,6.1,30293,439,300,17,5.7,1.3,102|285|355|1535|2950|3162|3383|3576|3663|3717|4312|6648|6776|7035|9197|25833|84790,ADAM10|ANGPT2|FAS|CYBA|GSTP1|HMOX1|ICAM1|CXCL8|IRF5|JAK2|MMP1|SOD2|STAT5A|TFPI|SLC33A1|POU2F3|TUBA1C,-4,0
0,0,0,1,1,0,0,0,0,-5.7,-2.2,0,C0265004,M000110,2,0,DisGeNET,35,Dilatation of aorta,,-5.7,16,9.1,30293,39,300,6,2,0.81,348|1832|2353|4035|7040|7076,APOE|DSP|FOS|LRP1|TGFB1|TIMP1,-4,0
1,0,1,1,1,0,-3.7,0,-3.1,-5.7,-2.1,0,C1318485,M101110,4,0,DisGeNET,35,Liver regeneration disorder,,-5.7,4.4,6.3,30293,346,300,15,5,1.3,351|598|634|1958|2064|2878|3481|3856|3875|4485|5562|6690|7040|7178|29956,APP|BCL2L1|CEACAM1|EGR1|ERBB2|GPX3|IGF2|KRT8|KRT18|MST1|PRKAA1|SPINK1|TGFB1|TPT1|CERS2,-4,0
0,0,1,0,0,0,0,0,-5.7,0,0,0,C0013221,M001000,1,0,DisGeNET,35,Drug toxicity,,-5.7,9.4,7.8,30293,86,299,8,2.7,0.93,567|718|2638|3934|5743|7096|7097|7157,B2M|C3|GC|LCN2|PTGS2|TLR1|TLR2|TP53,-4,0
0,0,1,0,0,0,0,0,-5.6,0,0,0,C0085655,M001000,1,0,DisGeNET,35,Polymyositis,,-5.6,6.1,6.9,30293,183,299,11,3.7,1.1,1605|3627|4790|5743|7098|7128|7133|7157|7297|51284|64135,DAG1|CXCL10|NFKB1|PTGS2|TLR3|TNFAIP3|TNFRSF1B|TP53|TYK2|TLR7|IFIH1,-4,0
0,0,1,0,0,0,0,0,-5.6,0,0,0,C0030524,M001000,1,0,DisGeNET,35,Paratuberculosis,,-5.6,12,8.3,30293,61,299,7,2.3,0.87,718|1605|4045|5743|7097|27074|64127,C3|DAG1|LSAMP|PTGS2|TLR2|LAMP3|NOD2,-3.9,0
1,0,0,0,0,1,-3.9,0,0,0,0,-5.6,C0206754,M100001,2,0,DisGeNET,35,Neuroendocrine Tumors,,-5.6,3.7,6,30293,491,300,18,6,1.4,71|331|1029|1364|1462|1499|2308|2314|4982|5792|6737|7414|8737|8878|23471|23612|55654|65264,ACTG1|XIAP|CDKN2A|CLDN4|VCAN|CTNNB1|FOXO1|FLII|TNFRSF11B|PTPRF|TRIM21|VCL|RIPK1|SQSTM1|TRAM1|PHLDA3|TMEM127|UBE2Z,-3.9,0
1,0,0,0,1,0,-3.1,0,0,0,-5.6,0,C0035305,M100010,2,0,DisGeNET,35,Retinal Detachment,,-5.6,6.8,7.1,30293,148,300,10,3.3,1,241|1906|4053|7042|10763|27151|29954|81631|84557|84627,ALOX5AP|EDN1|LTBP2|TGFB2|NES|CPAMD8|POMT2|MAP1LC3B|MAP1LC3A|ZNF469,-3.9,0
0,0,0,1,0,0,0,0,0,-5.6,0,0,C0376670,M000100,1,0,DisGeNET,35,"Pancreatitis, Alcoholic",,-5.6,12,8.3,30293,61,300,7,2.3,0.87,3856|5265|5644|5645|5646|6690|79589,KRT8|SERPINA1|PRSS1|PRSS2|PRSS3|SPINK1|RNF128,-3.9,0
1,1,1,1,1,0,-2.4,-5.6,-4.9,-5.6,-4.2,0,C0947751,M111110,5,0,DisGeNET,35,Vascular inflammations,,-5.6,4.7,6.4,30293,305,299,14,4.7,1.2,196|335|350|738|1515|2705|3026|4069|5950|6342|8431|9368|11309|57509,AHR|APOA1|APOH|VPS51|CTSV|GJB1|HABP2|LYZ|RBP4|SCP2|NR0B2|NHERF1|SLCO2B1|MTUS1,-3.9,0
0,0,1,0,0,0,0,0,-5.6,0,0,0,C0041755,M001000,1,0,DisGeNET,35,Adverse reaction to drug,,-5.6,9.3,7.8,30293,87,299,8,2.7,0.93,567|718|2638|3934|5743|7096|7097|7157,B2M|C3|GC|LCN2|PTGS2|TLR1|TLR2|TP53,-3.9,0
1,0,1,1,0,1,-2.2,0,-3,-5.6,0,-2.2,C0205644,M101101,4,0,DisGeNET,35,"Carcinoma, Granular Cell",,-5.6,7.8,7.4,30293,116,300,9,3,0.98,348|634|2064|2878|2886|3856|5265|7040|10232,APOE|CEACAM1|ERBB2|GPX3|GRB7|KRT8|SERPINA1|TGFB1|MSLN,-3.9,0
1,0,1,0,0,0,-5.6,0,-4,0,0,0,C0016059,M101000,2,0,DisGeNET,35,Fibrosis,,-5.6,6,6.9,30293,184,300,11,3.7,1.1,355|374|2950|3162|3383|3572|3576|5879|6446|6648|7100,FAS|AREG|GSTP1|HMOX1|ICAM1|IL6ST|CXCL8|RAC1|SGK1|SOD2|TLR5,-3.9,0
1,0,1,0,0,0,-3,0,-5.6,0,0,0,C0858004,M101000,2,0,DisGeNET,35,Influenza A virus infection,,-5.6,7.8,7.4,30293,117,299,9,3,0.99,4599|7098|7157|9235|9641|10410|25897|51284|64135,MX1|TLR3|TP53|IL32|IKBKE|IFITM3|RNF19A|TLR7|IFIH1,-3.9,0
0,0,1,0,0,0,0,0,-5.6,0,0,0,C1175175,M001000,1,0,DisGeNET,35,Severe Acute Respiratory Syndrome,,-5.6,7.8,7.4,30293,117,299,9,3,0.99,567|684|3105|3627|4599|7113|10148|25897|64135,B2M|BST2|HLA-A|CXCL10|MX1|TMPRSS2|EBI3|RNF19A|IFIH1,-3.9,0
1,0,1,0,0,0,-5.6,0,-5.6,0,0,0,C0566602,M101000,2,0,DisGeNET,35,Primary sclerosing cholangitis,,-5.6,5,6.5,30293,264,299,13,4.3,1.2,718|1080|3105|5743|6364|7157|8743|9536|25897|29108|53347|55717|64127,C3|CFTR|HLA-A|PTGS2|CCL20|TP53|TNFSF10|PTGES|RNF19A|PYCARD|UBASH3A|WDR11|NOD2,-3.9,0
1,1,1,0,0,1,-5.6,-3.1,-3.5,0,0,-4.5,C0023487,M111001,4,0,DisGeNET,35,Acute Promyelocytic Leukemia,,-5.6,3.3,5.8,30293,651,300,21,7,1.5,306|355|650|860|1837|2120|2523|2950|3383|3576|3659|4893|5371|5970|6047|6776|7403|7405|8809|28956|64778,ANXA3|FAS|BMP2|RUNX2|DTNA|ETV6|FUT1|GSTP1|ICAM1|CXCL8|IRF1|NRAS|PML|RELA|RNF4|STAT5A|KDM6A|UVRAG|IL18R1|LAMTOR2|FNDC3B,-3.9,0
1,0,1,1,0,1,-3,0,-3,-5.6,0,-2.2,C0205643,M101101,4,0,DisGeNET,35,"Carcinoma, Cribriform",,-5.6,7.8,7.3,30293,117,300,9,3,0.98,348|634|2064|2878|2886|3856|5265|7040|10232,APOE|CEACAM1|ERBB2|GPX3|GRB7|KRT8|SERPINA1|TGFB1|MSLN,-3.9,0
1,0,0,0,0,0,-5.6,0,0,0,0,0,C1167791,M100000,1,0,DisGeNET,35,Skin toxicity,,-5.6,11,8.2,30293,62,300,7,2.3,0.87,374|2950|3576|3717|6648|9076|221895,AREG|GSTP1|CXCL8|JAK2|SOD2|CLDN1|JAZF1,-3.9,0
1,0,1,0,0,0,-2.2,0,-5.6,0,0,0,C0006271,M101000,2,0,DisGeNET,35,Bronchiolitis,,-5.6,7.7,7.3,30293,118,299,9,3,0.99,2638|6376|6890|6891|6892|7096|7097|7098|51284,GC|CX3CL1|TAP1|TAP2|TAPBP|TLR1|TLR2|TLR3|TLR7,-3.9,0
1,0,1,0,1,0,-2.4,0,-5.6,0,-2.4,0,C0037299,M101010,3,0,DisGeNET,35,Skin Ulcer,,-5.6,6.7,7,30293,151,299,10,3.3,1,2706|6774|6890|6891|6892|7133|64127|64135|80326|84818,GJB2|STAT3|TAP1|TAP2|TAPBP|TNFRSF1B|NOD2|IFIH1|WNT10A|IL17RC,-3.9,0
0,0,0,0,1,0,0,0,0,0,-5.6,0,C0240635,M000010,1,0,DisGeNET,35,Byzanthine arch palate,,-5.6,3.7,6,30293,497,300,18,6,1.4,2316|2782|3981|5048|5922|7476|8642|8905|9469|9853|10046|22931|23129|29940|29967|56262|91252|285590,FLNA|GNB1|LIG4|PAFAH1B1|RASA2|WNT7A|DCHS1|AP1S2|CHST3|RUSC2|MAMLD1|RAB18|PLXND1|DSE|LRP12|LRRC8A|SLC39A13|SH3PXD2B,-3.9,0
0,0,0,0,1,0,0,0,0,0,-5.5,0,C0431380,M000010,1,0,DisGeNET,35,Cortical Dysplasia,,-5.5,7.7,7.3,30293,118,300,9,3,0.98,4131|4133|5048|5293|6249|7280|10763|26047|57514,MAP1B|MAP2|PAFAH1B1|PIK3CD|CLIP1|TUBB2A|NES|CNTNAP2|ARHGAP31,-3.9,0
1,1,1,1,1,0,-4.1,-2.9,-3.5,-5.5,-2.8,0,C0334037,M111110,5,0,DisGeNET,35,Intestinal metaplasia,,-5.5,4.9,6.4,30293,266,300,13,4.3,1.2,633|652|2064|2886|4586|5562|7076|7178|7429|8399|9518|54858|112483,BGN|BMP4|ERBB2|GRB7|MUC5AC|PRKAA1|TIMP1|TPT1|VIL1|PLA2G10|GDF15|PGPEP1|SAT2,-3.9,0
0,1,0,0,0,0,0,-5.5,0,0,0,0,C0017919,M010000,1,0,DisGeNET,35,Glycogen Storage Disease,,-5.5,11,8.1,30293,63,299,7,2.3,0.87,949|2548|3030|5213|5236|5256|5836,SCARB1|GAA|HADHA|PFKM|PGM1|PHKA2|PYGL,-3.9,0
0,0,1,0,0,1,0,0,-5.5,0,0,-4,C0035309,M001001,2,0,DisGeNET,35,Retinal Diseases,,-5.5,3.1,5.7,30293,714,299,22,7.4,1.5,94|718|972|1302|3105|3486|4050|4790|4856|5167|5699|5743|6376|6524|6774|7157|7412|9734|25897|29108|51752|64127,ACVRL1|C3|CD74|COL11A2|HLA-A|IGFBP3|LTB|NFKB1|CCN3|ENPP1|PSMB10|PTGS2|CX3CL1|SLC5A2|STAT3|TP53|VCAM1|HDAC9|RNF19A|PYCARD|ERAP1|NOD2,-3.9,0
1,0,1,0,0,1,-5.5,0,-2.1,0,0,-3.3,C0027055,M101001,3,0,DisGeNET,35,Myocardial Reperfusion Injury,,-5.5,5.4,6.6,30293,226,300,12,4,1.1,285|355|2919|2920|3162|3383|3717|4312|4792|5970|8837|10019,ANGPT2|FAS|CXCL1|CXCL2|HMOX1|ICAM1|JAK2|MMP1|NFKBIA|RELA|CFLAR|SH2B3,-3.9,0
0,0,1,1,1,0,0,0,-5.5,-2.2,-4.3,0,C0020429,M001110,3,0,DisGeNET,35,Hyperalgesia,,-5.5,3.8,6,30293,451,299,17,5.7,1.3,718|1520|3684|4790|5582|5724|5743|6373|6376|6558|6774|7097|7098|7133|8190|9536|25897,C3|CTSS|ITGAM|NFKB1|PRKCG|PTAFR|PTGS2|CXCL11|CX3CL1|SLC12A2|STAT3|TLR2|TLR3|TNFRSF1B|MIA|PTGES|RNF19A,-3.9,0
1,0,1,1,0,1,-3.3,0,-5.5,-4.9,0,-2.3,C0030305,M101101,4,0,DisGeNET,35,Pancreatitis,,-5.5,3.6,5.9,30293,502,299,18,6,1.4,718|1080|1358|3684|3934|4790|5743|6558|6774|7097|7098|7157|8743|10410|25897|51752|58191|64127,C3|CFTR|CPA2|ITGAM|LCN2|NFKB1|PTGS2|SLC12A2|STAT3|TLR2|TLR3|TP53|TNFSF10|IFITM3|RNF19A|ERAP1|CXCL16|NOD2,-3.9,0
1,1,1,1,1,1,-2.3,-2.4,-3.6,-5.5,-3.1,-2.7,C1704272,M111111,6,0,DisGeNET,35,Benign Prostatic Hyperplasia,,-5.5,3,5.7,30293,770,300,23,7.7,1.5,1384|1471|1958|2057|2064|2852|3481|3485|3623|3866|4485|5066|5337|5627|6690|7009|7040|7076|9518|10103|10253|27122|51573,CRAT|CST3|EGR1|EPOR|ERBB2|GPER1|IGF2|IGFBP2|INHA|KRT15|MST1|PAM|PLD1|PROS1|SPINK1|TMBIM6|TGFB1|TIMP1|GDF15|TSPAN1|SPRY2|DKK3|GDE1,-3.8,0
1,0,1,1,1,0,-5.5,0,-3.8,-4.3,-3.3,0,C0038525,M101110,4,0,DisGeNET,35,Subarachnoid Hemorrhage,,-5.5,3.6,5.9,30293,501,300,18,6,1.4,12|310|1408|2919|2921|3162|3383|3576|3717|4312|5970|6648|7035|7357|9575|22926|54704|57162,SERPINA3|ANXA7|CRY2|CXCL1|CXCL3|HMOX1|ICAM1|CXCL8|JAK2|MMP1|RELA|SOD2|TFPI|UGCG|CLOCK|ATF6|PDP1|PELI1,-3.8,0
1,1,1,1,0,0,-4.8,-2.9,-5.5,-2.4,0,0,C1708349,M111100,4,0,DisGeNET,35,Hereditary Diffuse Gastric Cancer,,-5.5,4.5,6.3,30293,312,299,14,4.7,1.2,637|843|3384|3486|3604|4599|5743|5918|6774|7157|8190|9235|10148|29108,BID|CASP10|ICAM2|IGFBP3|TNFRSF9|MX1|PTGS2|RARRES1|STAT3|TP53|MIA|IL32|EBI3|PYCARD,-3.8,0
1,1,1,1,1,1,-5.5,-2,-3.6,-3.6,-2.5,-2,C4733092,M111111,6,0,DisGeNET,35,estrogen receptor-negative breast cancer,,-5.5,4.3,6.2,30293,356,300,15,5,1.3,285|374|1408|2625|2919|2950|3267|3482|3576|3732|4296|6528|6776|23286|55742,ANGPT2|AREG|CRY2|GATA3|CXCL1|GSTP1|AGFG1|IGF2R|CXCL8|CD82|MAP3K11|SLC5A5|STAT5A|WWC1|PARVA,-3.8,0
0,0,0,1,1,0,0,0,0,-3.8,-5.5,0,C0149630,M000110,2,0,DisGeNET,35,Bicuspid aortic valve,,-5.5,6.6,6.9,30293,153,300,10,3.3,1,2316|2318|3371|3726|3984|4092|4318|7042|9469|57514,FLNA|FLNC|TNC|JUNB|LIMK1|SMAD7|MMP9|TGFB2|CHST3|ARHGAP31,-3.8,0
1,1,0,1,0,0,-2.7,-2.3,0,-5.5,0,0,C1302401,M110100,3,0,DisGeNET,35,Adenoma of large intestine,,-5.5,3.8,6,30293,452,300,17,5.7,1.3,348|598|634|652|894|1643|3481|4035|4586|5209|6690|7040|7076|10801|27122|50484|85415,APOE|BCL2L1|CEACAM1|BMP4|CCND2|DDB2|IGF2|LRP1|MUC5AC|PFKFB3|SPINK1|TGFB1|TIMP1|SEPTIN9|DKK3|RRM2B|RHPN2,-3.8,0
1,0,1,0,0,0,-4.8,0,-5.5,0,0,0,C0742343,M101000,2,0,DisGeNET,35,Acute Chest Syndrome,,-5.5,4,6.1,30293,405,299,16,5.4,1.3,2811|3105|3604|3934|4790|5332|5743|6376|6524|6774|7097|7157|7292|7412|9734|58191,GP1BA|HLA-A|TNFRSF9|LCN2|NFKB1|PLCB4|PTGS2|CX3CL1|SLC5A2|STAT3|TLR2|TP53|TNFSF4|VCAM1|HDAC9|CXCL16,-3.8,0
1,0,1,0,0,1,-4.3,0,-5.5,0,0,-2.8,C1332201,M101001,3,0,DisGeNET,35,Adult Diffuse Large B-Cell Lymphoma,,-5.5,3.6,5.9,30293,504,299,18,6,1.4,567|3627|4790|5698|5743|6689|6774|6891|7128|7133|7157|8743|9294|9734|10148|10970|54625|151636,B2M|CXCL10|NFKB1|PSMB9|PTGS2|SPIB|STAT3|TAP2|TNFAIP3|TNFRSF1B|TP53|TNFSF10|S1PR2|HDAC9|EBI3|CKAP4|PARP14|DTX3L,-3.8,0
1,0,1,1,1,0,-3.7,0,-2.1,-2.1,-5.5,0,C1762616,M101110,4,0,DisGeNET,35,"Meningioma, benign, no ICD-O subtype",,-5.5,4,6.1,30293,404,300,16,5.3,1.3,220|960|1030|1072|1906|3371|4318|5155|5293|6624|7077|7321|9590|10763|65009|80381,ALDH1A3|CD44|CDKN2B|CFL1|EDN1|TNC|MMP9|PDGFB|PIK3CD|FSCN1|TIMP2|UBE2D1|AKAP12|NES|NDRG4|CD276,-3.8,0
0,0,1,0,0,0,0,0,-5.5,0,0,0,C0015403,M001000,1,0,DisGeNET,35,Eye Infection,,-5.5,21,9.8,30293,24,299,5,1.7,0.74,1080|3105|3627|4045|27074,CFTR|HLA-A|CXCL10|LSAMP|LAMP3,-3.8,0
1,0,1,1,1,0,-3.6,0,-2.1,-2.1,-5.5,0,C0278877,M101110,4,0,DisGeNET,35,Adult Meningioma,,-5.5,4,6.1,30293,405,300,16,5.3,1.3,220|960|1030|1072|1906|3371|4318|5155|5293|6624|7077|7321|9590|10763|65009|80381,ALDH1A3|CD44|CDKN2B|CFL1|EDN1|TNC|MMP9|PDGFB|PIK3CD|FSCN1|TIMP2|UBE2D1|AKAP12|NES|NDRG4|CD276,-3.8,0
0,0,1,1,1,0,0,0,-3.9,-3.2,-5.5,0,C1654637,M001110,3,0,DisGeNET,35,androgen independent prostate cancer,,-5.5,5.8,6.7,30293,190,300,11,3.7,1.1,329|1843|1906|3491|3726|4017|4318|5074|5293|7980|56937,BIRC2|DUSP1|EDN1|CCN1|JUNB|LOXL2|MMP9|PAWR|PIK3CD|TFPI2|PMEPA1,-3.8,0
0,0,0,0,1,1,0,0,0,0,-5.5,-3.8,C0280324,M000011,2,0,DisGeNET,35,Laryngeal Squamous Cell Carcinoma,,-5.5,3.6,5.9,30293,504,300,18,6,1.4,43|467|960|1030|2113|2316|3611|4318|4319|4478|4644|5293|6624|7077|7980|26047|123920|157922,ACHE|ATF3|CD44|CDKN2B|ETS1|FLNA|ILK|MMP9|MMP10|MSN|MYO5A|PIK3CD|FSCN1|TIMP2|TFPI2|CNTNAP2|CMTM3|CAMSAP1,-3.8,0
1,1,0,1,1,0,-2.6,-2.3,0,-5.5,-2.6,0,C0011265,M110110,4,0,DisGeNET,35,Presenile dementia,,-5.5,3.1,5.7,30293,718,300,22,7.3,1.5,348|351|538|1471|1917|2896|3481|3485|4240|5071|5104|5265|5337|5530|6594|7018|7040|7076|9518|10163|10577|22933,APOE|APP|ATP7A|CST3|EEF1A2|GRN|IGF2|IGFBP2|MFGE8|PRKN|SERPINA5|SERPINA1|PLD1|PPP3CA|SMARCA1|TF|TGFB1|TIMP1|GDF15|WASF2|NPC2|SIRT2,-3.8,0
1,0,1,1,1,0,-4.9,0,-3.8,-2.8,-5.5,0,C4721806,M101110,4,0,DisGeNET,35,"Carcinoma, Basal Cell",,-5.5,3.4,5.8,30293,557,300,19,6.3,1.4,960|1030|1903|1906|3491|3611|3688|4092|4318|4319|5293|6722|7042|7077|9590|10125|10487|57591|80198,CD44|CDKN2B|S1PR3|EDN1|CCN1|ILK|ITGB1|SMAD7|MMP9|MMP10|PIK3CD|SRF|TGFB2|TIMP2|AKAP12|RASGRP1|CAP1|MRTFA|MUS81,-3.8,0
1,0,1,0,1,0,-3.1,0,-5.4,0,-2.6,0,C2936719,M101010,3,0,DisGeNET,35,Mechanical Allodynia,,-5.4,4,6,30293,408,299,16,5.4,1.3,1520|3684|5582|5743|6376|6558|6646|6752|6774|6891|7113|7133|9641|25897|55620|84876,CTSS|ITGAM|PRKCG|PTGS2|CX3CL1|SLC12A2|SOAT1|SSTR2|STAT3|TAP2|TMPRSS2|TNFRSF1B|IKBKE|RNF19A|STAP2|ORAI1,-3.8,0
0,0,0,1,0,1,0,0,0,-3,0,-5.4,C0153349,M000101,2,0,DisGeNET,35,Malignant neoplasm of tongue,,-5.4,6.5,6.9,30293,155,300,10,3.3,1,331|1029|1499|2017|2308|2314|2335|8870|54101|54751,XIAP|CDKN2A|CTNNB1|CTTN|FOXO1|FLII|FN1|IER3|RIPK4|FBLIM1,-3.8,0
1,0,0,0,0,0,-5.4,0,0,0,0,0,C0200641,M100000,1,0,DisGeNET,35,Blood basophil count (lab test),,-5.4,4.8,6.3,30293,272,300,13,4.3,1.2,2131|3656|3717|4296|4773|6778|8809|10019|10318|10723|30844|51582|64759,EXT1|IRAK2|JAK2|MAP3K11|NFATC2|STAT6|IL18R1|SH2B3|TNIP1|SLC12A7|EHD4|AZIN1|TNS3,-3.8,0
0,0,1,0,0,0,0,0,-5.4,0,0,0,C0022568,M001000,1,0,DisGeNET,35,Keratitis,,-5.4,6.5,6.9,30293,156,299,10,3.3,1,1080|2706|3684|4790|7096|7097|8743|25897|64127|84818,CFTR|GJB2|ITGAM|NFKB1|TLR1|TLR2|TNFSF10|RNF19A|NOD2|IL17RC,-3.8,0
0,0,0,1,0,0,0,0,0,-5.4,0,0,C0520463,M000100,1,0,DisGeNET,35,Chronic active hepatitis,,-5.4,7.4,7.1,30293,122,300,9,3,0.98,538|2064|2886|3481|3856|3875|3880|5265|7040,ATP7A|ERBB2|GRB7|IGF2|KRT8|KRT18|KRT19|SERPINA1|TGFB1,-3.8,0
0,0,0,1,0,0,0,0,0,-5.4,0,0,C0520574,M000100,1,0,DisGeNET,35,Cerebrovascular amyloidosis,,-5.4,76,15,30293,4,300,3,1,0.57,348|351|7040,APOE|APP|TGFB1,-3.8,0
0,0,0,1,0,0,0,0,0,-5.4,0,0,C0947622,M000100,1,0,DisGeNET,35,Cholecystolithiasis,,-5.4,6.5,6.9,30293,156,300,10,3.3,1,348|2852|2878|3875|4586|5265|6690|7040|8399|8714,APOE|GPER1|GPX3|KRT18|MUC5AC|SERPINA1|SPINK1|TGFB1|PLA2G10|ABCC3,-3.8,0
1,1,1,1,0,1,-2.9,-3.4,-4.4,-5.4,0,-3.9,C4521042,M111101,5,0,DisGeNET,35,Complete Trisomy 21 Syndrome,,-5.4,3.2,5.7,30293,668,300,21,7,1.5,348|351|598|604|633|1291|1471|1917|2034|2064|2571|2878|3623|5265|7040|9518|27352|54858|78987|164656|284111,APOE|APP|BCL2L1|BCL6|BGN|COL6A1|CST3|EEF1A2|EPAS1|ERBB2|GAD1|GPX3|INHA|SERPINA1|TGFB1|GDF15|SGSM3|PGPEP1|CRELD1|TMPRSS6|SLC13A5,-3.8,0
1,0,1,0,0,0,-2.1,0,-5.4,0,0,0,C0034494,M101000,2,0,DisGeNET,35,Rabies (disorder),,-5.4,7.4,7.1,30293,123,299,9,3,0.99,3627|4045|4734|6646|6774|7098|7318|8741|27074,CXCL10|LSAMP|NEDD4|SOAT1|STAT3|TLR3|UBA7|TNFSF13|LAMP3,-3.8,0
1,1,1,0,0,0,-2.1,-2.1,-5.4,0,0,0,C1456246,M111000,3,0,DisGeNET,35,Bacteroides fragilis infection in conditions classified elsewhere and of unspecified site,,-5.4,14,8.6,30293,43,299,6,2,0.81,3627|3934|4790|7096|7097|64127,CXCL10|LCN2|NFKB1|TLR1|TLR2|NOD2,-3.8,0
1,0,1,1,0,1,-2.1,0,-2.8,-5.4,0,-2.1,C0205641,M101101,4,0,DisGeNET,35,"Adenocarcinoma, Basal Cell",,-5.4,7.4,7.1,30293,123,300,9,3,0.98,348|634|2064|2878|2886|3856|5265|7040|10232,APOE|CEACAM1|ERBB2|GPX3|GRB7|KRT8|SERPINA1|TGFB1|MSLN,-3.8,0
1,0,1,0,1,1,-3.5,0,-4.8,0,-5.4,-4.7,C0037286,M101011,4,0,DisGeNET,35,Skin Neoplasms,,-5.4,4.2,6.1,30293,363,300,15,5,1.3,960|1030|1824|1843|3371|3491|3976|4092|4318|4319|5155|7077|7185|8682|10763,CD44|CDKN2B|DSC2|DUSP1|TNC|CCN1|LIF|SMAD7|MMP9|MMP10|PDGFB|TIMP2|TRAF1|PEA15|NES,-3.8,0
1,1,1,0,0,0,-2.5,-5.4,-2.5,0,0,0,C0017921,M111000,3,0,DisGeNET,35,Glycogen storage disease type II,,-5.4,5.7,6.6,30293,194,299,11,3.7,1.1,196|283|335|1728|2147|2548|4041|5176|7276|55937|80724,AHR|ANG|APOA1|NQO1|F2|GAA|LRP5|SERPINF1|TTR|APOM|ACAD10,-3.8,0
1,1,1,1,1,0,-5.4,-3.2,-2.3,-3.7,-2.7,0,C2938924,M111110,5,0,DisGeNET,35,Oestrogen receptor positive breast cancer,,-5.4,3.6,5.8,30293,510,300,18,6,1.4,285|374|1408|2625|2950|3267|3482|3576|3732|4067|4296|4312|6528|6776|9575|11254|23286|58508,ANGPT2|AREG|CRY2|GATA3|GSTP1|AGFG1|IGF2R|CXCL8|CD82|LYN|MAP3K11|MMP1|SLC5A5|STAT5A|CLOCK|SLC6A14|WWC1|KMT2C,-3.8,0
0,0,1,0,0,0,0,0,-5.4,0,0,0,C3463897,M001000,1,0,DisGeNET,35,"HYDATIDIFORM MOLE, RECURRENT, 1",,-5.4,11,7.9,30293,66,299,7,2.3,0.87,843|1435|3105|4214|5698|6774|7157,CASP10|CSF1|HLA-A|MAP3K1|PSMB9|STAT3|TP53,-3.8,0
1,0,0,1,0,1,-2.3,0,0,-4.5,0,-5.4,C0558353,M100101,3,0,DisGeNET,35,Tongue Carcinoma,,-5.4,6.4,6.8,30293,157,300,10,3.3,1,331|1029|1499|2017|2308|2335|8793|8870|54101|54751,XIAP|CDKN2A|CTNNB1|CTTN|FOXO1|FN1|TNFRSF10D|IER3|RIPK4|FBLIM1,-3.8,0
1,0,1,1,0,0,-2.6,0,-2.6,-5.4,0,0,C0018995,M101100,3,0,DisGeNET,35,Hemochromatosis,,-5.4,8.7,7.4,30293,93,300,8,2.7,0.93,348|2153|5265|7018|7076|9518|30061|164656,APOE|F5|SERPINA1|TF|TIMP1|GDF15|SLC40A1|TMPRSS6,-3.8,0
0,1,1,1,0,0,0,-5.4,-3.8,-2.4,0,0,C0020459,M011100,3,0,DisGeNET,35,Hyperinsulinism,,-5.4,3.3,5.7,30293,620,299,20,6.7,1.4,196|336|341|364|2720|3170|4041|4351|5360|5950|6337|7108|7351|7358|7494|8431|51084|51085|80724|92840,AHR|APOA2|APOC1|AQP7|GLB1|FOXA2|LRP5|MPI|PLTP|RBP4|SCNN1A|TM7SF2|UCP2|UGDH|XBP1|NR0B2|CRYL1|MLXIPL|ACAD10|REEP6,-3.7,0
1,0,1,1,1,1,-3.7,0,-4.8,-5.4,-2.3,-2.8,C0035412,M101111,5,0,DisGeNET,35,Rhabdomyosarcoma,,-5.4,3.4,5.7,30293,565,300,19,6.3,1.4,160|351|598|652|894|1958|2057|2064|3481|3485|4745|5002|5066|5584|6594|7040|10253|22933|81848,AP2A1|APP|BCL2L1|BMP4|CCND2|EGR1|EPOR|ERBB2|IGF2|IGFBP2|NELL1|SLC22A18|PAM|PRKCI|SMARCA1|TGFB1|SPRY2|SIRT2|SPRY4,-3.7,0
0,0,1,0,0,0,0,0,-5.4,0,0,0,C0001144,M001000,1,0,DisGeNET,35,Acne Vulgaris,,-5.4,8.6,7.4,30293,94,299,8,2.7,0.93,3934|5743|7097|7133|9308|9734|64127|80326,LCN2|PTGS2|TLR2|TNFRSF1B|CD83|HDAC9|NOD2|WNT10A,-3.7,0
0,1,0,0,0,0,0,-5.4,0,0,0,0,C0015696,M010000,1,0,DisGeNET,35,"Fatty Liver, Alcoholic",,-5.4,8.6,7.4,30293,94,299,8,2.7,0.93,174|847|1728|3638|5176|7351|8431|54681,AFP|CAT|NQO1|INSIG1|SERPINF1|UCP2|NR0B2|P4HTM,-3.7,0
0,0,0,1,0,0,0,0,0,-5.4,0,0,C0400979,M000100,1,0,DisGeNET,35,Obstruction of biliary tree,,-5.4,34,11,30293,12,300,4,1.3,0.66,950|3880|5644|6690,SCARB2|KRT19|PRSS1|SPINK1,-3.7,0
0,0,1,0,1,1,0,0,-5.3,0,-3.1,-3.1,C0039103,M001011,3,0,DisGeNET,35,Synovitis,,-5.3,5.7,6.5,30293,197,299,11,3.7,1.1,101|1435|3627|6646|6774|7097|7128|7157|7412|8741|64127,ADAM8|CSF1|CXCL10|SOAT1|STAT3|TLR2|TNFAIP3|TP53|VCAM1|TNFSF13|NOD2,-3.7,0
0,1,1,0,0,0,0,-2,-5.3,0,0,0,C0014378,M011000,2,0,DisGeNET,35,Enterovirus Infections,,-5.3,5.1,6.4,30293,237,299,12,4,1.1,567|1080|2526|3105|3627|4940|5743|6774|7098|25897|60489|64135,B2M|CFTR|FUT4|HLA-A|CXCL10|OAS3|PTGS2|STAT3|TLR3|RNF19A|APOBEC3G|IFIH1,-3.7,0
0,1,0,0,0,0,0,-5.3,0,0,0,0,C0154251,M010000,1,0,DisGeNET,35,Lipid Metabolism Disorders,,-5.3,8.5,7.3,30293,95,299,8,2.7,0.93,335|336|847|1595|3065|5176|6721|201501,APOA1|APOA2|CAT|CYP51A1|HDAC1|SERPINF1|SREBF2|ZBTB7C,-3.7,0
1,0,1,0,0,0,-4.7,0,-5.3,0,0,0,C0026691,M101000,2,0,DisGeNET,35,Mucocutaneous Lymph Node Syndrome,,-5.3,4.1,6,30293,370,299,15,5,1.3,1302|3105|5332|5743|7096|7097|7128|7157|7292|7297|7412|8190|8741|29108|84876,COL11A2|HLA-A|PLCB4|PTGS2|TLR1|TLR2|TNFAIP3|TP53|TNFSF4|TYK2|VCAM1|MIA|TNFSF13|PYCARD|ORAI1,-3.7,0
1,0,0,1,1,1,-3.4,0,0,-5.3,-3.4,-2.3,C0220620,M100111,4,0,DisGeNET,35,Gastrointestinal Carcinoid Tumor,,-5.3,4.4,6.1,30293,323,300,14,4.7,1.2,639|894|2064|2353|2852|3481|3623|3856|6515|6744|7040|27122|51573|81848,PRDM1|CCND2|ERBB2|FOS|GPER1|IGF2|INHA|KRT8|SLC2A3|ITPRID2|TGFB1|DKK3|GDE1|SPRY4,-3.7,0
1,0,1,1,1,0,-3.9,0,-5.3,-4.6,-3.3,0,C0085413,M101110,4,0,DisGeNET,35,"Polycystic Kidney, Autosomal Dominant",,-5.3,4.7,6.2,30293,280,299,13,4.3,1.2,567|1080|1435|3105|3627|3934|5284|5743|6558|6646|6774|7157|53905,B2M|CFTR|CSF1|HLA-A|CXCL10|LCN2|PIGR|PTGS2|SLC12A2|SOAT1|STAT3|TP53|DUOX1,-3.7,0
1,1,1,1,1,1,-5.3,-2.5,-3,-4.8,-4.8,-4.8,C0521158,M111111,6,0,DisGeNET,35,Recurrent tumor,,-5.3,3,5.6,30293,735,300,22,7.3,1.5,12|285|306|650|2131|2625|2950|3162|3482|3576|3717|3732|4312|5970|7035|7100|7405|9076|9180|79651|153090|346389,SERPINA3|ANGPT2|ANXA3|BMP2|EXT1|GATA3|GSTP1|HMOX1|IGF2R|CXCL8|JAK2|CD82|MMP1|RELA|TFPI|TLR5|UVRAG|CLDN1|OSMR|RHBDF2|DAB2IP|MACC1,-3.7,0
1,0,1,1,0,0,-3.5,0,-5.3,-2.1,0,0,C0030805,M101100,3,0,DisGeNET,35,Bullous pemphigoid,,-5.3,7.2,7,30293,127,299,9,3,0.99,718|3627|3684|6374|6524|6646|7412|55540|84818,C3|CXCL10|ITGAM|CXCL5|SLC5A2|SOAT1|VCAM1|IL17RB|IL17RC,-3.7,0
0,0,1,0,0,0,0,0,-5.3,0,0,0,C1857941,M001000,1,0,DisGeNET,35,Brooke-Spiegler syndrome,,-5.3,14,8.4,30293,45,299,6,2,0.81,718|2811|6892|7157|25897|64127,C3|GP1BA|TAPBP|TP53|RNF19A|NOD2,-3.7,0
0,0,1,0,0,1,0,0,-3.6,0,0,-5.3,C2919945,M001001,2,0,DisGeNET,35,Cavernous Hemangioma of Brain,,-5.3,7.2,7,30293,127,300,9,3,0.98,965|998|1499|2017|2050|6282|7057|11235|27342,CD58|CDC42|CTNNB1|CTTN|EPHB4|S100A11|THBS1|PDCD10|RABGEF1,-3.7,0
1,1,0,1,1,1,-3.4,-2.9,0,-4,-5.3,-5.3,C0086692,M110111,5,0,DisGeNET,35,Benign Neoplasm,,-5.3,4.1,6,30293,371,300,15,5,1.3,547|960|1030|1906|2113|3371|3611|4053|4318|6722|6760|6932|7077|7980|9260,KIF1A|CD44|CDKN2B|EDN1|ETS1|TNC|ILK|LTBP2|MMP9|SRF|SS18|TCF7|TIMP2|TFPI2|PDLIM7,-3.7,0
1,0,1,0,1,1,-5.3,0,-2.5,0,-2.9,-2.1,C0023508,M101011,4,0,DisGeNET,35,White Blood Cell Count procedure,,-5.3,3.1,5.6,30293,681,300,21,7,1.5,860|2920|3107|3717|4067|4641|4792|5371|6764|8943|10019|10723|22904|22926|30844|50618|51088|55757|56829|64759|85464,RUNX2|CXCL2|HLA-C|JAK2|LYN|MYO1C|NFKBIA|PML|DENND2B|AP3D1|SH2B3|SLC12A7|SBNO2|ATF6|EHD4|ITSN2|KLHL5|UGGT2|ZC3HAV1|TNS3|SSH2,-3.7,0
0,0,0,0,1,0,0,0,0,0,-5.3,0,C1868720,M000010,1,0,DisGeNET,35,Periventricular Nodular Heterotopia,,-5.3,13,8.4,30293,45,300,6,2,0.81,2316|2771|4131|5048|8642|10763,FLNA|GNAI2|MAP1B|PAFAH1B1|DCHS1|NES,-3.7,0
1,1,1,1,1,1,-2.1,-2.6,-2.1,-5.3,-4.7,-2.1,C0345905,M111111,6,0,DisGeNET,35,Intrahepatic Cholangiocarcinoma,,-5.3,3.7,5.8,30293,470,300,17,5.7,1.3,633|868|976|1917|2064|3481|3880|4586|4680|5644|6690|7040|7076|8714|10232|10253|55359,BGN|CBLB|ADGRE5|EEF1A2|ERBB2|IGF2|KRT19|MUC5AC|CEACAM6|PRSS1|SPINK1|TGFB1|TIMP1|ABCC3|MSLN|SPRY2|STYK1,-3.7,0
0,0,1,0,0,0,0,0,-5.3,0,0,0,C0013990,M001000,1,0,DisGeNET,35,Pathological accumulation of air in tissues,,-5.3,10,7.7,30293,69,299,7,2.3,0.87,1080|4790|4791|6890|6891|6892|7157,CFTR|NFKB1|NFKB2|TAP1|TAP2|TAPBP|TP53,-3.7,0
1,0,1,1,1,0,-3.5,0,-5.3,-2.5,-2.1,0,C0007113,M101110,4,0,DisGeNET,35,Rectal Carcinoma,,-5.3,3.6,5.8,30293,472,299,17,5.7,1.3,843|1302|3459|3934|4790|5696|5743|6364|6774|7097|7098|7133|7157|7297|25897|58191|64127,CASP10|COL11A2|IFNGR1|LCN2|NFKB1|PSMB8|PTGS2|CCL20|STAT3|TLR2|TLR3|TNFRSF1B|TP53|TYK2|RNF19A|CXCL16|NOD2,-3.7,0
1,0,1,0,1,1,-2.8,0,-3.5,0,-5.3,-2,C1332182,M101011,4,0,DisGeNET,35,Adult Anaplastic Large Cell Lymphoma,,-5.3,7.1,6.9,30293,128,300,9,3,0.98,329|1030|2113|3726|4478|6249|7185|9260|56940,BIRC2|CDKN2B|ETS1|JUNB|MSN|CLIP1|TRAF1|PDLIM7|DUSP22,-3.7,0
0,0,1,0,0,0,0,0,-5.2,0,0,0,C0220633,M001000,1,0,DisGeNET,35,Uveal melanoma,,-5.2,4.1,5.9,30293,375,299,15,5,1.3,567|1302|3105|3627|4790|4791|5332|5971|6752|6774|7157|8190|8743|9734|10970,B2M|COL11A2|HLA-A|CXCL10|NFKB1|NFKB2|PLCB4|RELB|SSTR2|STAT3|TP53|MIA|TNFSF10|HDAC9|CKAP4,-3.6,0
1,0,1,0,0,0,-5.2,0,-4.3,0,0,0,C0919747,M101000,2,0,DisGeNET,35,Cytokine storm,,-5.2,8.3,7.2,30293,97,300,8,2.7,0.93,3572|3663|3717|4312|6528|121260|140691|148022,IL6ST|IRF5|JAK2|MMP1|SLC5A5|SLC15A4|TRIM69|TICAM1,-3.6,0
1,0,0,1,1,1,-3.9,0,0,-4.5,-3.2,-5.2,C0205698,M100111,4,0,DisGeNET,35,Undifferentiated carcinoma,,-5.2,4.6,6.2,30293,283,300,13,4.3,1.2,71|998|1026|1029|1364|1499|2335|3606|5154|6237|6277|9540|10769,ACTG1|CDC42|CDKN1A|CDKN2A|CLDN4|CTNNB1|FN1|IL18|PDGFA|RRAS|S100A6|TP53I3|PLK2,-3.6,0
0,0,1,0,0,0,0,0,-5.2,0,0,0,C0282687,M001000,1,0,DisGeNET,35,"Hemorrhagic Fever, Ebola",,-5.2,6.2,6.6,30293,164,299,10,3.3,1,684|1605|3105|4045|4734|7098|7113|10410|27074|51284,BST2|DAG1|HLA-A|LSAMP|NEDD4|TLR3|TMPRSS2|IFITM3|LAMP3|TLR7,-3.6,0
0,0,0,1,1,0,0,0,0,-2.1,-5.2,0,C0020255,M000110,2,0,DisGeNET,35,Hydrocephalus,,-5.2,3.6,5.8,30293,473,300,17,5.7,1.3,43|118|390|547|2316|3688|3981|5048|5155|5293|8905|9469|10763|29954|56999|57514|145173,ACHE|ADD1|RND3|KIF1A|FLNA|ITGB1|LIG4|PAFAH1B1|PDGFB|PIK3CD|AP1S2|CHST3|NES|POMT2|ADAMTS9|ARHGAP31|B3GLCT,-3.6,0
0,0,1,0,0,1,0,0,-5.2,0,0,-2.4,C0041234,M001001,2,0,DisGeNET,35,Chagas Disease,,-5.2,5.5,6.4,30293,202,299,11,3.7,1.1,718|3105|5332|5743|6376|7097|7133|7157|7297|10148|29108,C3|HLA-A|PLCB4|PTGS2|CX3CL1|TLR2|TNFRSF1B|TP53|TYK2|EBI3|PYCARD,-3.6,0
0,0,1,0,0,1,0,0,-5.2,0,0,-4,C0278764,M001001,2,0,DisGeNET,35,Adult Burkitt Lymphoma,,-5.2,3.6,5.8,30293,475,299,17,5.7,1.3,567|3105|3934|4790|4791|5696|5743|6364|6646|6774|6890|6891|7157|7297|8743|9734|10148,B2M|HLA-A|LCN2|NFKB1|NFKB2|PSMB8|PTGS2|CCL20|SOAT1|STAT3|TAP1|TAP2|TP53|TYK2|TNFSF10|HDAC9|EBI3,-3.6,0
1,0,1,0,0,0,-3.5,0,-5.2,0,0,0,C0001342,M101000,2,0,DisGeNET,35,Acute periodontitis,,-5.2,7,6.9,30293,130,299,9,3,0.99,1435|3105|3627|5743|7097|7133|7297|25984|64127,CSF1|HLA-A|CXCL10|PTGS2|TLR2|TNFRSF1B|TYK2|KRT23|NOD2,-3.6,0
1,1,0,1,0,1,-2,-5.2,0,-2.7,0,-2.7,C0085078,M110101,4,0,DisGeNET,35,Lysosomal Storage Diseases,,-5.2,7,6.9,30293,130,299,9,3,0.99,54|174|738|2548|2720|2990|3073|3074|4758,ACP5|AFP|VPS51|GAA|GLB1|GUSB|HEXA|HEXB|NEU1,-3.6,0
1,1,1,1,1,0,-2.4,-4,-5.2,-4,-3.4,0,C4552766,M111110,5,0,DisGeNET,35,Miscarriage,,-5.2,3.8,5.8,30293,426,299,16,5.4,1.3,1080|2537|2706|2811|3486|3627|4327|4790|6091|6364|6374|6774|7157|7412|8741|8743,CFTR|IFI6|GJB2|GP1BA|IGFBP3|CXCL10|MMP19|NFKB1|ROBO1|CCL20|CXCL5|STAT3|TP53|VCAM1|TNFSF13|TNFSF10,-3.6,0
0,0,1,0,0,1,0,0,-5.2,0,0,-4,C0278879,M001001,2,0,DisGeNET,35,Childhood Burkitt Lymphoma,,-5.2,3.6,5.7,30293,477,299,17,5.7,1.3,567|3105|3934|4790|4791|5696|5743|6364|6646|6774|6890|6891|7157|7297|8743|9734|10148,B2M|HLA-A|LCN2|NFKB1|NFKB2|PSMB8|PTGS2|CCL20|SOAT1|STAT3|TAP1|TAP2|TP53|TYK2|TNFSF10|HDAC9|EBI3,-3.6,0
1,0,1,0,1,1,-2.7,0,-3.5,0,-5.2,-2.7,C1332942,M101011,4,0,DisGeNET,35,Childhood Anaplastic Large Cell Lymphoma,,-5.2,7,6.8,30293,130,300,9,3,0.98,329|1030|2113|3726|4478|6249|7185|9260|56940,BIRC2|CDKN2B|ETS1|JUNB|MSN|CLIP1|TRAF1|PDLIM7|DUSP22,-3.6,0
0,0,0,0,1,1,0,0,0,0,-5.2,-2.2,C0022548,M000011,2,0,DisGeNET,35,Keloid,,-5.2,6.1,6.6,30293,165,300,10,3.3,1,649|1906|2316|3084|3371|4092|5293|6876|7045|115908,BMP1|EDN1|FLNA|NRG1|TNC|SMAD7|PIK3CD|TAGLN|TGFBI|CTHRC1,-3.6,0
1,0,1,0,0,0,-3.5,0,-5.2,0,0,0,C1292769,M101000,2,0,DisGeNET,35,Precursor B-cell lymphoblastic leukemia,,-5.2,3.6,5.7,30293,478,299,17,5.7,1.3,637|684|718|1080|2526|3105|3627|3684|3934|6646|7157|7805|8506|9734|10148|10970|51513,BID|BST2|C3|CFTR|FUT4|HLA-A|CXCL10|ITGAM|LCN2|SOAT1|TP53|LAPTM5|CNTNAP1|HDAC9|EBI3|CKAP4|ETV7,-3.6,0
1,1,1,1,1,1,-5.2,-3.7,-5.2,-4.1,-4.1,-3.2,C0002726,M111111,6,0,DisGeNET,35,Amyloidosis,,-5.2,3.1,5.5,30293,694,299,21,7,1.5,567|718|972|1302|2516|2638|3416|3627|3684|3934|4050|4790|5743|6646|7097|7157|7412|9734|25897|29108|53905,B2M|C3|CD74|COL11A2|NR5A1|GC|IDE|CXCL10|ITGAM|LCN2|LTB|NFKB1|PTGS2|SOAT1|TLR2|TP53|VCAM1|HDAC9|RNF19A|PYCARD|DUOX1,-3.6,0
0,0,1,0,0,0,0,0,-5.2,0,0,0,C0019099,M001000,1,0,DisGeNET,35,"Hemorrhagic Fever, Crimean",,-5.2,13,8.2,30293,47,299,6,2,0.81,3105|4045|4790|7098|27074|51284,HLA-A|LSAMP|NFKB1|TLR3|LAMP3|TLR7,-3.6,0
0,0,1,0,0,1,0,0,-5.2,0,0,-2.2,C0702166,M001001,2,0,DisGeNET,35,Acne,,-5.2,6.1,6.6,30293,167,299,10,3.3,1,3934|5167|5743|7097|7133|9308|9734|51752|54361|64127,LCN2|ENPP1|PTGS2|TLR2|TNFRSF1B|CD83|HDAC9|ERAP1|WNT4|NOD2,-3.6,0
0,0,0,0,1,0,0,0,0,0,-5.2,0,C0010034,M000010,1,0,DisGeNET,35,Corneal Diseases,,-5.2,13,8.2,30293,47,300,6,2,0.81,1072|3694|4092|7045|84627|439921,CFL1|ITGB6|SMAD7|TGFBI|ZNF469|MXRA7,-3.6,0
0,0,0,0,0,1,0,0,0,0,0,-5.2,C0026884,M000001,1,0,DisGeNET,35,Mutism,,-5.2,13,8.2,30293,47,300,6,2,0.81,71|1436|5339|5663|8878|253461,ACTG1|CSF1R|PLEC|PSEN1|SQSTM1|ZBTB38,-3.6,0
1,0,1,0,0,0,-3.4,0,-5.2,0,0,0,C0008495,M101000,2,0,DisGeNET,35,Chorioamnionitis,,-5.2,6.9,6.8,30293,132,299,9,3,0.99,3627|4790|5743|6373|7096|7097|7098|29108|64127,CXCL10|NFKB1|PTGS2|CXCL11|TLR1|TLR2|TLR3|PYCARD|NOD2,-3.6,0
1,0,1,0,0,0,-4.3,0,-5.2,0,0,0,C0086981,M101000,2,0,DisGeNET,35,Sicca Syndrome,,-5.2,6.9,6.8,30293,132,299,9,3,0.99,567|1520|6376|6774|7098|7128|7157|7412|8741,B2M|CTSS|CX3CL1|STAT3|TLR3|TNFAIP3|TP53|VCAM1|TNFSF13,-3.6,0
0,0,1,0,1,0,0,0,-2.7,0,-5.2,0,C0424605,M001010,2,0,DisGeNET,35,Developmental delay (disorder),,-5.2,3.3,5.6,30293,584,300,19,6.3,1.4,215|220|547|960|2137|2782|3084|3097|3981|5048|5293|6509|7280|7846|8609|8851|10085|23433|23531,ABCD1|ALDH1A3|KIF1A|CD44|EXTL3|GNB1|NRG1|HIVEP2|LIG4|PAFAH1B1|PIK3CD|SLC1A4|TUBB2A|TUBA1A|KLF7|CDK5R1|EDIL3|RHOQ|MMD,-3.6,0
1,1,0,0,0,0,-4.2,-5.2,0,0,0,0,C0019151,M110000,2,0,DisGeNET,35,Hepatic Encephalopathy,,-5.2,8.1,7.1,30293,100,299,8,2.7,0.93,174|2147|2752|4128|6576|7048|7276|7351,AFP|F2|GLUL|MAOA|SLC25A1|TGFBR2|TTR|UCP2,-3.6,0
0,0,1,0,0,0,0,0,-5.1,0,0,0,C0751967,M001000,1,0,DisGeNET,35,"Multiple Sclerosis, Relapsing-Remitting",,-5.1,5.4,6.3,30293,206,299,11,3.7,1.1,3105|3486|3627|5696|6376|6891|7133|7412|8743|51284|53905,HLA-A|IGFBP3|CXCL10|PSMB8|CX3CL1|TAP2|TNFRSF1B|VCAM1|TNFSF10|TLR7|DUOX1,-3.6,0
1,0,0,0,0,0,-5.1,0,0,0,0,0,C0043144,M100000,1,0,DisGeNET,35,Wheezing,,-5.1,6.9,6.8,30293,132,300,9,3,0.98,2950|3576|4792|6778|8837|51131|83666|140691|148022,GSTP1|CXCL8|NFKBIA|STAT6|CFLAR|PHF11|PARP9|TRIM69|TICAM1,-3.6,0
1,0,0,0,0,1,-5.1,0,0,0,0,-3.5,C0598935,M100001,2,0,DisGeNET,35,Tumor Initiation,,-5.1,3.4,5.6,30293,533,300,18,6,1.4,306|650|2625|3162|3717|4312|4792|5879|6648|6776|7403|8323|8549|22926|64866|140691|148022|346389,ANXA3|BMP2|GATA3|HMOX1|JAK2|MMP1|NFKBIA|RAC1|SOD2|STAT5A|KDM6A|FZD6|LGR5|ATF6|CDCP1|TRIM69|TICAM1|MACC1,-3.6,0
0,0,1,0,0,1,0,0,-5.1,0,0,-2.7,C0031069,M001001,2,0,DisGeNET,35,Familial Mediterranean Fever,,-5.1,6.9,6.8,30293,133,299,9,3,0.99,2706|7097|7128|7133|10475|10483|25897|29108|64127,GJB2|TLR2|TNFAIP3|TNFRSF1B|TRIM38|SEC23B|RNF19A|PYCARD|NOD2,-3.6,0
1,0,1,0,0,1,-3.4,0,-5.1,0,0,-5.1,C0153014,M101001,3,0,DisGeNET,35,Non-arthropod borne lymphocytic choriomeningitis,,-5.1,6.9,6.8,30293,133,299,9,3,0.99,103|3105|3604|3627|5696|5699|7097|9466|51643,ADAR|HLA-A|TNFRSF9|CXCL10|PSMB8|PSMB10|TLR2|IL27RA|TMBIM4,-3.6,0
0,1,0,0,0,0,0,-5.1,0,0,0,0,C1859126,M010000,1,0,DisGeNET,35,Stippled epiphyses,,-5.1,18,9,30293,28,299,5,1.7,0.74,415|2990|4758|5190|10682,ARSL|GUSB|NEU1|PEX6|EBP,-3.6,0
1,0,1,1,1,1,-4.5,0,-4.5,-5.1,-5.1,-2.9,C0008497,M101111,5,0,DisGeNET,35,Choriocarcinoma,,-5.1,3.7,5.7,30293,431,300,16,5.3,1.3,634|894|2034|2064|2852|3481|3623|3856|3875|3880|4035|6515|7040|7076|9820|27352,CEACAM1|CCND2|EPAS1|ERBB2|GPER1|IGF2|INHA|KRT8|KRT18|KRT19|LRP1|SLC2A3|TGFB1|TIMP1|CUL7|SGSM3,-3.6,0
0,0,0,1,0,0,0,0,0,-5.1,0,0,C0039585,M000100,1,0,DisGeNET,35,Androgen-Insensitivity Syndrome,,-5.1,4.9,6.2,30293,247,300,12,4,1.1,348|652|1471|2153|2571|2852|2878|7040|7076|9518|81848|164656,APOE|BMP4|CST3|F5|GAD1|GPER1|GPX3|TGFB1|TIMP1|GDF15|SPRY4|TMPRSS6,-3.6,0
0,0,1,0,0,0,0,0,-5.1,0,0,0,C0035021,M001000,1,0,DisGeNET,35,Relapsing Fever,,-5.1,13,8.1,30293,48,299,6,2,0.81,2581|5692|5696|5698|64127|84876,GALC|PSMB4|PSMB8|PSMB9|NOD2|ORAI1,-3.5,0
1,0,0,1,1,1,-5.1,0,0,-3.2,-4.1,-4.6,C4551686,M100111,4,0,DisGeNET,35,Malignant neoplasm of soft tissue,,-5.1,3,5.4,30293,699,300,21,7,1.5,355|2120|3717|4772|4773|4792|4893|5328|5879|5970|6776|6778|7035|7405|8549|9575|22882|22926|51131|83666|221895,FAS|ETV6|JAK2|NFATC1|NFATC2|NFKBIA|NRAS|PLAU|RAC1|RELA|STAT5A|STAT6|TFPI|UVRAG|LGR5|CLOCK|ZHX2|ATF6|PHF11|PARP9|JAZF1,-3.5,0
1,1,1,0,0,1,-5.1,-2.2,-2.2,0,0,-2.2,C1292753,M111001,4,0,DisGeNET,35,Primary Effusion Lymphoma,,-5.1,6,6.5,30293,169,300,10,3.3,1,3107|3383|3482|3572|3663|6778|7461|8809|8837|27113,HLA-C|ICAM1|IGF2R|IL6ST|IRF5|STAT6|CLIP2|IL18R1|CFLAR|BBC3,-3.5,0
1,0,1,0,0,0,-2.2,0,-5.1,0,0,0,C3272841,M101000,2,0,DisGeNET,35,MUTYH-Associate Polyposis,,-5.1,9.7,7.4,30293,73,299,7,2.3,0.87,1605|4045|7096|7097|8741|27074|64127,DAG1|LSAMP|TLR1|TLR2|TNFSF13|LAMP3|NOD2,-3.5,0
1,1,0,1,0,1,-5.1,-2.6,0,-3.1,0,-3.1,C0206682,M110101,4,0,DisGeNET,35,Follicular thyroid carcinoma,,-5.1,4.5,6,30293,293,300,13,4.3,1.2,1408|1847|2120|3383|3576|4312|4893|6528|6648|6692|9076|50506|148022,CRY2|DUSP5|ETV6|ICAM1|CXCL8|MMP1|NRAS|SLC5A5|SOD2|SPINT1|CLDN1|DUOX2|TICAM1,-3.5,0
0,1,0,0,0,0,0,-5.1,0,0,0,0,C0007282,M010000,1,0,DisGeNET,35,Carotid Stenosis,,-5.1,6.8,6.7,30293,135,299,9,3,0.99,738|1191|2147|3026|5641|6649|7108|10205|10551,VPS51|CLU|F2|HABP2|LGMN|SOD3|TM7SF2|MPZL2|AGR2,-3.5,0
1,0,1,1,0,0,-5.1,0,-5.1,-2.6,0,0,C0008373,M101100,3,0,DisGeNET,35,Cholesteatoma,,-5.1,6.8,6.7,30293,135,299,9,3,0.99,2706|3934|5743|6774|7097|7157|25897|29108|64127,GJB2|LCN2|PTGS2|STAT3|TLR2|TP53|RNF19A|PYCARD|NOD2,-3.5,0
1,0,1,1,1,1,-5.1,0,-3.4,-2.4,-4.5,-2,C0007124,M101111,5,0,DisGeNET,35,Noninfiltrating Intraductal Carcinoma,,-5.1,3.5,5.6,30293,486,300,17,5.7,1.3,650|2120|2625|2950|3383|3659|3663|3732|4312|5328|5879|6776|7357|7405|9076|11226|51094,BMP2|ETV6|GATA3|GSTP1|ICAM1|IRF1|IRF5|CD82|MMP1|PLAU|RAC1|STAT5A|UGCG|UVRAG|CLDN1|GALNT6|ADIPOR1,-3.5,0
0,1,1,1,0,0,0,-3.1,-5.1,-2.6,0,0,C0085207,M011100,3,0,DisGeNET,35,Gestational Diabetes,,-5.1,3.1,5.5,30293,649,299,20,6.7,1.4,567|637|2319|2638|3105|3486|3627|3934|5167|5743|6646|6774|7097|7412|9603|9826|10148|11182|58191|130574,B2M|BID|FLOT2|GC|HLA-A|IGFBP3|CXCL10|LCN2|ENPP1|PTGS2|SOAT1|STAT3|TLR2|VCAM1|NFE2L3|ARHGEF11|EBI3|SLC2A6|CXCL16|LYPD6,-3.5,0
1,0,1,1,0,0,-2.6,0,-2.6,-5.1,0,0,C0205642,M101100,3,0,DisGeNET,35,"Adenocarcinoma, Oxyphilic",,-5.1,6.7,6.7,30293,135,300,9,3,0.98,348|634|2064|2878|2886|3856|5265|7040|10232,APOE|CEACAM1|ERBB2|GPX3|GRB7|KRT8|SERPINA1|TGFB1|MSLN,-3.5,0
0,0,0,1,0,1,0,0,0,-5.1,0,-2.1,C2945695,M000101,2,0,DisGeNET,35,Limb ischemia,,-5.1,5.9,6.4,30293,171,300,10,3.3,1,348|633|1182|2034|2153|5267|7076|9518|51573|54858,APOE|BGN|CLCN3|EPAS1|F5|SERPINA4|TIMP1|GDF15|GDE1|PGPEP1,-3.5,0
1,0,1,0,1,0,-2.8,0,-2.8,0,-5.1,0,C0278876,M101010,3,0,DisGeNET,35,Adult Medulloblastoma,,-5.1,2.9,5.4,30293,762,300,22,7.3,1.5,43|329|1000|1030|3688|3976|3981|4133|4318|5048|5074|5293|7042|9448|9590|10656|10763|25777|25780|51343|80381|81631,ACHE|BIRC2|CDH2|CDKN2B|ITGB1|LIF|LIG4|MAP2|MMP9|PAFAH1B1|PAWR|PIK3CD|TGFB2|MAP4K4|AKAP12|KHDRBS3|NES|SUN2|RASGRP3|FZR1|CD276|MAP1LC3B,-3.5,0
1,0,1,0,1,1,-4.4,0,-3.2,0,-3.8,-5.1,C0002893,M101011,4,0,DisGeNET,35,Refractory anemias,,-5.1,4.2,5.9,30293,340,300,14,4.7,1.2,861|966|998|1029|1366|1436|3606|5663|6469|6737|7050|11135|23158|51285,RUNX1|CD59|CDC42|CDKN2A|CLDN7|CSF1R|IL18|PSEN1|SHH|TRIM21|TGIF1|CDC42EP1|TBC1D9|RASL12,-3.5,0
1,0,0,0,0,0,-5.1,0,0,0,0,0,C0263662,M100000,1,0,DisGeNET,35,Disseminated eosinophilic collagen disease,,-5.1,29,10,30293,14,300,4,1.3,0.66,2120|3717|4773|10670,ETV6|JAK2|NFATC2|RRAGA,-3.5,0
0,0,0,1,0,0,0,0,0,-5.1,0,0,C0338445,M000100,1,0,DisGeNET,35,Familial Alzheimer's disease of early onset,,-5.1,29,10,30293,14,300,4,1.3,0.66,348|351|1471|2353,APOE|APP|CST3|FOS,-3.5,0
0,0,0,1,0,0,0,0,0,-5.1,0,0,C0795687,M000100,1,0,DisGeNET,35,Cerebral arterial thrombosis,,-5.1,29,10,30293,14,300,4,1.3,0.66,334|348|2153|5627,APLP2|APOE|F5|PROS1,-3.5,0
1,1,1,1,1,0,-4.3,-3,-5.1,-2.4,-2.4,0,C0275524,M111110,5,0,DisGeNET,35,Coinfection,,-5.1,4.8,6.1,30293,252,299,12,4,1.1,3627|4790|5696|6373|6646|6890|7097|7098|7157|8743|9235|9582,CXCL10|NFKB1|PSMB8|CXCL11|SOAT1|TAP1|TLR2|TLR3|TP53|TNFSF10|IL32|APOBEC3B,-3.5,0
1,1,1,1,0,0,-4.5,-4.5,-5.1,-3.5,0,0,C0271650,M111100,4,0,DisGeNET,35,Impaired glucose tolerance,,-5.1,3.2,5.5,30293,596,299,19,6.4,1.4,685|718|1080|2516|3416|3486|3934|5167|6524|6558|6774|7097|7133|7157|7412|8743|9826|25897|80168,BTC|C3|CFTR|NR5A1|IDE|IGFBP3|LCN2|ENPP1|SLC5A2|SLC12A2|STAT3|TLR2|TNFRSF1B|TP53|VCAM1|TNFSF10|ARHGEF11|RNF19A|MOGAT2,-3.5,0
0,0,1,0,0,0,0,0,-5.1,0,0,0,C0741796,M001000,1,0,DisGeNET,35,Recurrent bronchitis,,-5.1,17,8.9,30293,29,299,5,1.7,0.74,4790|4791|6890|6891|6892,NFKB1|NFKB2|TAP1|TAP2|TAPBP,-3.5,0
0,0,0,1,0,0,0,0,0,-5.1,0,0,C0541764,M000100,1,0,DisGeNET,35,Delayed bone age,,-5.1,4.4,6,30293,295,300,13,4.3,1.2,950|1643|2353|3481|4054|6016|9056|9820|10555|27245|50484|81848|89953,SCARB2|DDB2|FOS|IGF2|LTBP3|RIT1|SLC7A7|CUL7|AGPAT2|AHDC1|RRM2B|SPRY4|KLC4,-3.5,0
1,0,0,0,1,0,-2.6,0,0,0,-5,0,C0153392,M100010,2,0,DisGeNET,35,Malignant neoplasm of nasopharynx,,-5,6.7,6.6,30293,136,300,9,3,0.98,960|2113|2316|4318|5293|7980|9260|22931|56999,CD44|ETS1|FLNA|MMP9|PIK3CD|TFPI2|PDLIM7|RAB18|ADAMTS9,-3.5,0
1,0,1,0,0,0,-5,0,-3.3,0,0,0,C0027947,M101000,2,0,DisGeNET,35,Neutropenia,,-5,3.9,5.7,30293,389,300,15,5,1.3,2919|2920|2950|3162|3383|3454|3717|4893|5371|5993|8943|9663|28956|29927|83666,CXCL1|CXCL2|GSTP1|HMOX1|ICAM1|IFNAR1|JAK2|NRAS|PML|RFX5|AP3D1|LPIN2|LAMTOR2|SEC61A1|PARP9,-3.5,0
1,1,1,1,0,1,-2.8,-4.1,-4.1,-5,0,-3.2,C0013080,M111101,5,0,DisGeNET,35,Down Syndrome,,-5,2.9,5.3,30293,765,300,22,7.3,1.5,348|351|598|604|633|1291|1471|1917|2034|2064|2571|2878|3623|3856|5265|7040|9518|27352|54858|78987|164656|284111,APOE|APP|BCL2L1|BCL6|BGN|COL6A1|CST3|EEF1A2|EPAS1|ERBB2|GAD1|GPX3|INHA|KRT8|SERPINA1|TGFB1|GDF15|SGSM3|PGPEP1|CRELD1|TMPRSS6|SLC13A5,-3.5,0
0,0,1,0,0,0,0,0,-5,0,0,0,C0239598,M001000,1,0,DisGeNET,35,Swelling of finger,,-5,61,13,30293,5,299,3,1,0.58,5692|5696|5698,PSMB4|PSMB8|PSMB9,-3.5,0
0,0,0,0,1,0,0,0,0,0,-5,0,C0340014,M000010,1,0,DisGeNET,35,"Chylothorax, congenital",,-5,61,13,30293,5,300,3,1,0.57,2004|3680|3688,ELK3|ITGA9|ITGB1,-3.5,0
1,0,1,0,1,1,-5,0,-3.9,0,-2.4,-3.4,C0002170,M101011,4,0,DisGeNET,35,Alopecia,,-5,3.5,5.6,30293,491,300,17,5.7,1.3,285|355|650|2625|2919|2920|3107|3383|3663|4312|4893|9076|26281|64065|80169|80854|285203,ANGPT2|FAS|BMP2|GATA3|CXCL1|CXCL2|HLA-C|ICAM1|IRF5|MMP1|NRAS|CLDN1|FGF20|PERP|CTC1|SETD7|EOGT,-3.5,0
1,0,0,1,0,0,-2.8,0,0,-5,0,0,C0242706,M100100,2,0,DisGeNET,35,Hyperoxia,,-5,12,7.9,30293,50,300,6,2,0.81,598|652|3485|5333|7040|7076,BCL2L1|BMP4|IGFBP2|PLCD1|TGFB1|TIMP1,-3.5,0
1,1,1,1,0,0,-4.3,-3.7,-5,-5,0,0,C0038002,M111100,4,0,DisGeNET,35,Splenomegaly,,-5,4.1,5.8,30293,345,299,14,4.7,1.2,567|843|2811|3459|4790|4791|5692|5696|5698|7133|7157|10483|51752|64127,B2M|CASP10|GP1BA|IFNGR1|NFKB1|NFKB2|PSMB4|PSMB8|PSMB9|TNFRSF1B|TP53|SEC23B|ERAP1|NOD2,-3.5,0
1,0,0,1,0,1,-2.2,0,0,-5,0,-3.2,C0282160,M100101,3,0,DisGeNET,35,Aplasia Cutis Congenita,,-5,3.9,5.7,30293,392,300,15,5,1.3,360|1308|1486|1832|2064|2353|3481|3623|3691|3866|5562|6594|27122|30061|57572,AQP3|COL17A1|CTBS|DSP|ERBB2|FOS|IGF2|INHA|ITGB4|KRT15|PRKAA1|SMARCA1|DKK3|SLC40A1|DOCK6,-3.5,0
0,0,0,1,0,0,0,0,0,-5,0,0,C0019562,M000100,1,0,DisGeNET,35,Von Hippel-Lindau Syndrome,,-5,5.8,6.4,30293,174,300,10,3.3,1,2034|2057|2159|2896|4485|5071|5265|6515|7040|7991,EPAS1|EPOR|F10|GRN|MST1|PRKN|SERPINA1|SLC2A3|TGFB1|TUSC3,-3.5,0
1,0,0,1,0,0,-2.4,0,0,-5,0,0,C0752347,M100100,2,0,DisGeNET,35,Lewy Body Disease,,-5,4.8,6,30293,255,300,12,4,1.1,348|351|598|950|1471|2896|3481|5071|5265|5645|7018|9518,APOE|APP|BCL2L1|SCARB2|CST3|GRN|IGF2|PRKN|SERPINA1|PRSS2|TF|GDF15,-3.4,0
1,0,1,1,1,1,-4.3,0,-5,-3.7,-3.7,-4.3,C0206180,M101111,5,0,DisGeNET,35,Ki-1+ Anaplastic Large Cell Lymphoma,,-5,4.4,5.9,30293,300,299,13,4.3,1.2,94|2526|4790|4791|6646|6774|7133|7157|7297|10148|10970|57599|171177,ACVRL1|FUT4|NFKB1|NFKB2|SOAT1|STAT3|TNFRSF1B|TP53|TYK2|EBI3|CKAP4|WDR48|RHOV,-3.4,0
0,0,1,0,0,0,0,0,-5,0,0,0,C0086438,M001000,1,0,DisGeNET,35,Hypogammaglobulinemia,,-5,9.3,7.3,30293,76,299,7,2.3,0.87,3105|4790|4791|6774|7157|8741|23308,HLA-A|NFKB1|NFKB2|STAT3|TP53|TNFSF13|ICOSLG,-3.4,0
1,0,1,0,1,0,-3.6,0,-2.7,0,-5,0,C0278510,M101010,3,0,DisGeNET,35,Childhood Medulloblastoma,,-5,2.9,5.3,30293,771,300,22,7.3,1.5,43|329|1000|1030|3688|3976|3981|4133|4318|5048|5074|5293|7042|9448|9590|10656|10763|25777|25780|51343|80381|81631,ACHE|BIRC2|CDH2|CDKN2B|ITGB1|LIF|LIG4|MAP2|MMP9|PAFAH1B1|PAWR|PIK3CD|TGFB2|MAP4K4|AKAP12|KHDRBS3|NES|SUN2|RASGRP3|FZR1|CD276|MAP1LC3B,-3.4,0
1,0,0,0,1,0,-5,0,0,0,-2.1,0,C1963165,M100010,2,0,DisGeNET,35,"Malabsorption, CTCAE",,-5,5.8,6.3,30293,175,300,10,3.3,1,355|1535|3663|3717|5993|7403|7461|9663|80169|80270,FAS|CYBA|IRF5|JAK2|RFX5|KDM6A|CLIP2|LPIN2|CTC1|HSD3B7,-3.4,0
1,0,0,0,1,0,-5,0,0,0,-2.1,0,C3714745,M100010,2,0,DisGeNET,35,Malabsorption,,-5,5.8,6.3,30293,175,300,10,3.3,1,355|1535|3663|3717|5993|7403|7461|9663|80169|80270,FAS|CYBA|IRF5|JAK2|RFX5|KDM6A|CLIP2|LPIN2|CTC1|HSD3B7,-3.4,0
0,0,1,0,0,0,0,0,-5,0,0,0,C0023646,M001000,1,0,DisGeNET,35,Lichen Planus,,-5,7.6,6.8,30293,106,299,8,2.7,0.93,3105|3934|5743|7157|7412|9582|10970|53905,HLA-A|LCN2|PTGS2|TP53|VCAM1|APOBEC3B|CKAP4|DUOX1,-3.4,0
0,0,0,1,1,1,0,0,0,-2.5,-5,-2.5,C3809250,M000111,3,0,DisGeNET,35,ESTROGEN RESISTANCE,,-5,17,8.7,30293,30,300,5,1.7,0.74,3491|4739|5293|8412|57142,CCN1|NEDD9|PIK3CD|BCAR3|RTN4,-3.4,0
1,0,1,0,0,0,-5,0,-2.6,0,0,0,C0151825,M101000,2,0,DisGeNET,35,Bone pain,,-5,6.5,6.5,30293,139,300,9,3,0.98,650|2131|3576|3717|5328|5371|9663|29887|80854,BMP2|EXT1|CXCL8|JAK2|PLAU|PML|LPIN2|SNX10|SETD7,-3.4,0
1,0,0,1,0,0,-5,0,0,-5,0,0,C0029172,M100100,2,0,DisGeNET,35,Oral Submucous Fibrosis,,-5,7.6,6.8,30293,106,300,8,2.7,0.93,355|2919|3162|3576|4312|4792|51586|135112,FAS|CXCL1|HMOX1|CXCL8|MMP1|NFKBIA|MED15|NCOA7,-3.4,0
0,0,0,0,1,0,0,0,0,0,-5,0,C1956257,M000010,1,0,DisGeNET,35,Pulmonary Stenosis,,-5,7.6,6.8,30293,106,300,8,2.7,0.93,3984|4053|8642|9469|26047|57514|84627|145173,LIMK1|LTBP2|DCHS1|CHST3|CNTNAP2|ARHGAP31|ZNF469|B3GLCT,-3.4,0
0,0,1,0,0,0,0,0,-5,0,0,0,C0007873,M001000,1,0,DisGeNET,35,Uterine Cervical Neoplasm,,-5,6.5,6.5,30293,140,299,9,3,0.99,1435|3627|5743|6774|7157|9582|10970|27074|51284,CSF1|CXCL10|PTGS2|STAT3|TP53|APOBEC3B|CKAP4|LAMP3|TLR7,-3.4,0
1,0,1,1,1,1,-4.9,0,-4.9,-4.3,-4.3,-2.7,C1739135,M101111,5,0,DisGeNET,35,Progression of prostate cancer,,-4.9,3.8,5.7,30293,398,299,15,5,1.3,1605|3068|3934|5743|5918|6774|7113|7157|7318|8743|8835|9536|29108|57599|84818,DAG1|HDGF|LCN2|PTGS2|RARRES1|STAT3|TMPRSS2|TP53|UBA7|TNFSF10|SOCS2|PTGES|PYCARD|WDR48|IL17RC,-3.4,0
0,0,0,1,0,0,0,0,0,-4.9,0,0,C0021670,M000100,1,0,DisGeNET,35,insulinoma,,-4.9,4.7,6,30293,258,300,12,4,1.1,1958|2064|2571|2896|3098|3481|3485|3856|3880|5265|5644|7040,EGR1|ERBB2|GAD1|GRN|HK1|IGF2|IGFBP2|KRT8|KRT19|SERPINA1|PRSS1|TGFB1,-3.4,0
1,0,1,0,1,1,-4.9,0,-4.9,0,-2.6,-3.7,C0333516,M101011,4,0,DisGeNET,35,Tumor necrosis,,-4.9,4.1,5.7,30293,350,299,14,4.7,1.2,685|3627|4050|4790|5743|6373|6558|6646|6774|7133|7157|8741|8743|10148,BTC|CXCL10|LTB|NFKB1|PTGS2|CXCL11|SLC12A2|SOAT1|STAT3|TNFRSF1B|TP53|TNFSF13|TNFSF10|EBI3,-3.4,0
0,0,1,0,0,0,0,0,-4.9,0,0,0,C1857231,M001000,1,0,DisGeNET,35,LACTASE PERSISTENCE,,-4.9,27,10,30293,15,299,4,1.3,0.66,1080|4045|8542|27074,CFTR|LSAMP|APOL1|LAMP3,-3.4,0
0,0,0,1,0,0,0,0,0,-4.9,0,0,C0012715,M000100,1,0,DisGeNET,35,Iron Metabolism Disorders,,-4.9,27,10,30293,15,300,4,1.3,0.66,351|7018|30061|164656,APP|TF|SLC40A1|TMPRSS6,-3.4,0
0,0,0,1,0,0,0,0,0,-4.9,0,0,C0079102,M000100,1,0,DisGeNET,35,Cerebral Thrombosis,,-4.9,27,10,30293,15,300,4,1.3,0.66,334|348|2153|5627,APLP2|APOE|F5|PROS1,-3.4,0
0,0,1,0,0,0,0,0,-4.9,0,0,0,C1527358,M001000,1,0,DisGeNET,35,Phototoxicity,,-4.9,12,7.7,30293,52,299,6,2,0.81,1302|2706|3934|6646|7157|8190,COL11A2|GJB2|LCN2|SOAT1|TP53|MIA,-3.4,0
0,1,0,0,0,0,0,-4.9,0,0,0,0,C1864903,M010000,1,0,DisGeNET,35,Hyperinsulinemic hypoglycemia,,-4.9,12,7.7,30293,52,299,6,2,0.81,3170|4351|5236|7351|7358|51084,FOXA2|MPI|PGM1|UCP2|UGDH|CRYL1,-3.4,0
1,1,1,1,0,1,-4.4,-2.6,-3,-4.9,0,-2.6,C0740457,M111101,5,0,DisGeNET,35,Malignant neoplasm of kidney,,-4.9,3,5.3,30293,664,300,20,6.7,1.4,558|894|1958|2034|2064|2896|5071|5265|5603|5627|5909|6594|6690|7040|7178|7832|10076|10083|27122|51573,AXL|CCND2|EGR1|EPAS1|ERBB2|GRN|PRKN|SERPINA1|MAPK13|PROS1|RAP1GAP|SMARCA1|SPINK1|TGFB1|TPT1|BTG2|PTPRU|USH1C|DKK3|GDE1,-3.4,0
0,0,1,0,0,1,0,0,-4.9,0,0,-2.1,C1522378,M001001,2,0,DisGeNET,35,"Leukemia, Large Granular Lymphocytic",,-4.9,9.1,7.1,30293,78,299,7,2.3,0.87,3627|6646|6774|7128|7133|7157|8743,CXCL10|SOAT1|STAT3|TNFAIP3|TNFRSF1B|TP53|TNFSF10,-3.4,0
1,0,1,0,0,1,-3.8,0,-4.9,0,0,-3.8,C0006413,M101001,3,0,DisGeNET,35,Burkitt Lymphoma,,-4.9,3.3,5.4,30293,556,299,18,6,1.4,567|843|3105|3934|4790|4791|5696|5743|6364|6646|6774|6890|6891|7157|7297|8743|9734|10148,B2M|CASP10|HLA-A|LCN2|NFKB1|NFKB2|PSMB8|PTGS2|CCL20|SOAT1|STAT3|TAP1|TAP2|TP53|TYK2|TNFSF10|HDAC9|EBI3,-3.4,0
1,1,1,1,1,1,-3.6,-3.1,-4.9,-2.1,-4.3,-2.5,C0034067,M111111,6,0,DisGeNET,35,Pulmonary Emphysema,,-4.9,4,5.7,30293,352,299,14,4.7,1.2,718|972|1080|1520|2530|3486|3684|4790|6376|6646|6774|7097|7157|8743,C3|CD74|CFTR|CTSS|FUT8|IGFBP3|ITGAM|NFKB1|CX3CL1|SOAT1|STAT3|TLR2|TP53|TNFSF10,-3.4,0
0,0,1,0,0,0,0,0,-4.9,0,0,0,C2986665,M001000,1,0,DisGeNET,35,Early-Stage Breast Carcinoma,,-4.9,6.4,6.5,30293,142,299,9,3,0.99,2706|3486|4790|5743|6774|6890|6891|7157|55540,GJB2|IGFBP3|NFKB1|PTGS2|STAT3|TAP1|TAP2|TP53|IL17RB,-3.4,0
0,0,1,0,0,1,0,0,-2.1,0,0,-4.9,C0851887,M001001,2,0,DisGeNET,35,Adenoviral infections,,-4.9,9.1,7.1,30293,78,300,7,2.3,0.87,331|1026|1029|1827|3606|6277|8797,XIAP|CDKN1A|CDKN2A|RCAN1|IL18|S100A6|TNFRSF10A,-3.4,0
1,0,1,1,0,0,-3.4,0,-4.9,-2.8,0,0,C0577631,M101100,3,0,DisGeNET,35,Carotid Atherosclerosis,,-4.9,5.1,6.1,30293,219,299,11,3.7,1.1,103|1520|3934|5144|5167|6376|7097|7157|9734|53905|58191,ADAR|CTSS|LCN2|PDE4D|ENPP1|CX3CL1|TLR2|TP53|HDAC9|DUOX1|CXCL16,-3.4,0
0,0,1,1,1,0,0,0,-4.1,-2.5,-4.9,0,C0242852,M001110,3,0,DisGeNET,35,Proliferative vitreoretinopathy,,-4.9,6.4,6.5,30293,142,300,9,3,0.98,960|1906|2113|3611|4092|4131|5293|7042|51083,CD44|EDN1|ETS1|ILK|SMAD7|MAP1B|PIK3CD|TGFB2|GAL,-3.4,0
1,1,1,0,1,1,-2.9,-2.3,-4.2,0,-4.9,-2.9,C0014170,M111011,5,0,DisGeNET,35,Endometrial Neoplasms,,-4.9,4.6,5.9,30293,261,300,12,4,1.1,329|960|1030|2113|3491|3624|3688|4092|4318|5074|7476|55743,BIRC2|CD44|CDKN2B|ETS1|CCN1|INHBA|ITGB1|SMAD7|MMP9|PAWR|WNT7A|CHFR,-3.4,0
0,0,1,0,0,1,0,0,-4.9,0,0,-4,C0017205,M001001,2,0,DisGeNET,35,Gaucher Disease,,-4.9,6.4,6.4,30293,143,299,9,3,0.99,1080|1520|2581|2638|2706|4045|9734|25897|27074,CFTR|CTSS|GALC|GC|GJB2|LSAMP|HDAC9|RNF19A|LAMP3,-3.4,0
0,0,0,1,0,1,0,0,0,-4.9,0,-2.5,C0007621,M000101,2,0,DisGeNET,35,Neoplastic Cell Transformation,,-4.9,6.4,6.4,30293,143,300,9,3,0.98,894|2034|2353|3476|3866|3880|7040|8848|30061,CCND2|EPAS1|FOS|IGBP1|KRT15|KRT19|TGFB1|TSC22D1|SLC40A1,-3.4,0
1,0,0,0,1,1,-3.2,0,0,0,-2.5,-4.9,C1879321,M100011,3,0,DisGeNET,35,Acute Myeloid Leukemia (AML-M2),,-4.9,6.4,6.4,30293,143,300,9,3,0.98,481|822|824|840|861|1436|2308|5817|8821,ATP1B1|CAPG|CAPN2|CASP7|RUNX1|CSF1R|FOXO1|PVR|INPP4B,-3.4,0
0,1,0,0,0,1,0,-2.2,0,0,0,-4.8,C0010709,M010001,2,0,DisGeNET,35,Cyst,,-4.8,5,6,30293,221,300,11,3.7,1.1,998|1364|1366|1499|3909|4645|4982|6548|9289|9948|10015,CDC42|CLDN4|CLDN7|CTNNB1|LAMA3|MYO5B|TNFRSF11B|SLC9A1|ADGRG1|WDR1|PDCD6IP,-3.3,0
0,0,0,1,1,0,0,0,0,-4.8,-3.8,0,C0033975,M000110,2,0,DisGeNET,35,Psychotic Disorders,,-4.8,3.2,5.4,30293,560,300,18,6,1.4,35|348|1917|1958|2571|2896|3481|3485|4485|5104|5645|6594|7040|9518|10577|27352|54858|55788,ACADS|APOE|EEF1A2|EGR1|GAD1|GRN|IGF2|IGFBP2|MST1|SERPINA5|PRSS2|SMARCA1|TGFB1|GDF15|NPC2|SGSM3|PGPEP1|LMBRD1,-3.3,0
1,1,1,1,0,1,-2.1,-2.5,-4.3,-4.8,0,-2.4,C1565489,M111101,5,0,DisGeNET,35,Renal Insufficiency,,-4.8,3.1,5.3,30293,615,300,19,6.3,1.4,348|950|1471|2034|2353|2896|3481|4485|5104|5562|6690|7040|7076|9518|10232|10555|10806|27122|53405,APOE|SCARB2|CST3|EPAS1|FOS|GRN|IGF2|MST1|SERPINA5|PRKAA1|SPINK1|TGFB1|TIMP1|GDF15|MSLN|AGPAT2|SDCCAG8|DKK3|CLIC5,-3.3,0
0,1,0,1,0,0,0,-4.8,0,-2.9,0,0,C0745744,M010100,2,0,DisGeNET,35,End Stage Liver Disease,,-4.8,8.9,7,30293,80,299,7,2.3,0.87,174|1728|2147|3026|4128|4351|6576,AFP|NQO1|F2|HABP2|MAOA|MPI|SLC25A1,-3.3,0
0,0,1,0,0,0,0,0,-4.8,0,0,0,C2937365,M001000,1,0,DisGeNET,35,Recurrent aphthous ulcer,,-4.8,8.9,7,30293,80,299,7,2.3,0.87,843|7097|7412|51752|64127|84818|84876,CASP10|TLR2|VCAM1|ERAP1|NOD2|IL17RC|ORAI1,-3.3,0
0,0,1,0,0,0,0,0,-4.8,0,0,0,C3146252,M001000,1,0,DisGeNET,35,Stage II Colorectal Cancer AJCC v7,,-4.8,16,8.4,30293,32,299,5,1.7,0.74,843|3486|7098|7157|8605,CASP10|IGFBP3|TLR3|TP53|PLA2G4C,-3.3,0
0,1,0,0,0,0,0,-4.8,0,0,0,0,C1306837,M010000,1,0,DisGeNET,35,Papillary Renal Cell Carcinoma,,-4.8,5,6,30293,223,299,11,3.7,1.1,210|216|682|949|1938|2705|3026|10397|23042|23081|326624,ALAD|ALDH1A1|BSG|SCARB1|EEF2|GJB1|HABP2|NDRG1|PDXDC1|KDM4C|RAB37,-3.3,0
0,0,0,0,0,1,0,0,0,0,0,-4.8,C0037579,M000001,1,0,DisGeNET,35,Soft Tissue Neoplasms,,-4.8,6.3,6.4,30293,145,300,9,3,0.98,1026|1029|1364|1499|2308|2314|3716|9074|23158,CDKN1A|CDKN2A|CLDN4|CTNNB1|FOXO1|FLII|JAK1|CLDN6|TBC1D9,-3.3,0
1,1,1,0,0,1,-3.3,-2,-4.8,0,0,-3.3,C0278601,M111001,4,0,DisGeNET,35,Inflammatory Breast Carcinoma,,-4.8,5.5,6.1,30293,183,299,10,3.3,1,1435|4790|4791|5743|5918|6774|7157|8743|9582|10970,CSF1|NFKB1|NFKB2|PTGS2|RARRES1|STAT3|TP53|TNFSF10|APOBEC3B|CKAP4,-3.3,0
0,0,1,0,0,0,0,0,-4.8,0,0,0,C1141957,M001000,1,0,DisGeNET,35,HIV disease progression,,-4.8,11,7.5,30293,54,299,6,2,0.81,684|3627|6373|51284|60489|200316,BST2|CXCL10|CXCL11|TLR7|APOBEC3G|APOBEC3F,-3.3,0
0,0,0,1,0,0,0,0,0,-4.8,0,0,C0151514,M000100,1,0,DisGeNET,35,Atrophic condition of skin,,-4.8,7.3,6.6,30293,111,300,8,2.7,0.93,348|633|652|1308|1643|7040|7832|54858,APOE|BGN|BMP4|COL17A1|DDB2|TGFB1|BTG2|PGPEP1,-3.3,0
0,1,0,1,1,0,0,-3.9,0,-4.8,-3.1,0,C1402315,M010110,3,0,DisGeNET,35,Vascular lesions,,-4.8,7.3,6.6,30293,111,300,8,2.7,0.93,348|351|633|1471|2034|2159|3481|7040,APOE|APP|BGN|CST3|EPAS1|F10|IGF2|TGFB1,-3.3,0
1,0,1,1,0,1,-3.4,0,-4.8,-2.7,0,-4.8,C3887524,M101101,4,0,DisGeNET,35,Skin Erosion,,-4.8,5,5.9,30293,225,299,11,3.7,1.1,1435|3627|4791|4940|6774|7097|7157|7412|9235|10970|64127,CSF1|CXCL10|NFKB2|OAS3|STAT3|TLR2|TP53|VCAM1|IL32|CKAP4|NOD2,-3.3,0
0,1,0,0,1,0,0,-4.8,0,0,-2.2,0,C4277682,M010010,2,0,DisGeNET,35,Chemical and Drug Induced Liver Injury,,-4.8,3.5,5.4,30293,461,299,16,5.4,1.3,196|335|350|847|1191|1312|1728|3030|5236|5836|6649|7276|8431|10062|56922|81622,AHR|APOA1|APOH|CAT|CLU|COMT|NQO1|HADHA|PGM1|PYGL|SOD3|TTR|NR0B2|NR1H3|MCCC1|UNC93B1,-3.3,0
1,0,1,0,0,0,-4.8,0,-4.8,0,0,0,C0876973,M101000,2,0,DisGeNET,35,Infectious Lung Disorder,,-4.8,5.5,6.1,30293,185,299,10,3.3,1,718|1080|3459|3684|3934|4790|6774|7097|7412|64127,C3|CFTR|IFNGR1|ITGAM|LCN2|NFKB1|STAT3|TLR2|VCAM1|NOD2,-3.3,0
0,1,1,0,0,0,0,-2.6,-4.8,0,0,0,C2609414,M011000,2,0,DisGeNET,35,Acute kidney injury,,-4.8,5.5,6.1,30293,185,299,10,3.3,1,567|718|2638|3934|4790|5724|5743|7097|7157|54361,B2M|C3|GC|LCN2|NFKB1|PTAFR|PTGS2|TLR2|TP53|WNT4,-3.3,0
0,0,1,0,0,0,0,0,-4.8,0,0,0,C0677948,M001000,1,0,DisGeNET,35,Stage II Colorectal Cancer,,-4.8,15,8.2,30293,33,299,5,1.7,0.74,843|3486|7098|7157|8605,CASP10|IGFBP3|TLR3|TP53|PLA2G4C,-3.3,0
0,0,1,0,1,0,0,0,-3.3,0,-4.8,0,C0162810,M001010,2,0,DisGeNET,35,"Cicatrix, Hypertrophic",,-4.8,5.5,6.1,30293,185,300,10,3.3,1,1906|3688|4053|4092|4318|5293|7041|7045|7077|84557,EDN1|ITGB1|LTBP2|SMAD7|MMP9|PIK3CD|TGFB1I1|TGFBI|TIMP2|MAP1LC3A,-3.3,0
1,0,0,0,0,0,-4.8,0,0,0,0,0,C0175697,M100000,1,0,DisGeNET,35,Van der Woude syndrome,,-4.8,7.1,6.5,30293,113,300,8,2.7,0.93,2120|2920|3576|3660|4772|5970|140691|148022,ETV6|CXCL2|CXCL8|IRF2|NFATC1|RELA|TRIM69|TICAM1,-3.3,0
1,1,1,0,0,1,-2.6,-2.6,-2.6,0,0,-4.7,C0205699,M111001,4,0,DisGeNET,35,Carcinomatosis,,-4.7,5.4,6.1,30293,186,300,10,3.3,1,71|998|1499|2335|3675|5154|6277|9540|10769|11259,ACTG1|CDC42|CTNNB1|FN1|ITGA3|PDGFA|S100A6|TP53I3|PLK2|FILIP1L,-3.3,0
1,0,1,1,0,0,-2.6,0,-2.6,-4.7,0,0,C1301034,M101100,3,0,DisGeNET,35,Pancreatic intraepithelial neoplasia,,-4.7,5.4,6.1,30293,186,300,10,3.3,1,634|2034|2064|3783|3880|4485|4586|4680|5644|6690,CEACAM1|EPAS1|ERBB2|KCNN4|KRT19|MST1|MUC5AC|CEACAM6|PRSS1|SPINK1,-3.3,0
0,0,1,1,0,1,0,0,-3.3,-4.7,0,-2.1,C0032227,M001101,3,0,DisGeNET,35,Pleural effusion disorder,,-4.7,4.9,5.9,30293,227,300,11,3.7,1.1,604|2064|3485|4485|5644|5645|6016|6690|7076|10232|10801,BCL6|ERBB2|IGFBP2|MST1|PRSS1|PRSS2|RIT1|SPINK1|TIMP1|MSLN|SEPTIN9,-3.2,0
1,0,1,0,0,0,-3,0,-4.7,0,0,0,C0019340,M101000,2,0,DisGeNET,35,Herpes NOS,,-4.7,7.1,6.5,30293,114,299,8,2.7,0.93,3105|3627|4050|5743|6646|7157|9235|64127,HLA-A|CXCL10|LTB|PTGS2|SOAT1|TP53|IL32|NOD2,-3.2,0
0,0,1,0,0,1,0,0,-4.7,0,0,-3.1,C0314719,M001001,2,0,DisGeNET,35,Dryness of eye,,-4.7,6.1,6.3,30293,149,299,9,3,0.99,1080|1520|3486|3684|5743|6646|6774|64127|160418,CFTR|CTSS|IGFBP3|ITGAM|PTGS2|SOAT1|STAT3|NOD2|TMTC3,-3.2,0
0,0,0,1,0,0,0,0,0,-4.7,0,0,C0013384,M000100,1,0,DisGeNET,35,Dyskinetic syndrome,,-4.7,4.2,5.6,30293,316,300,13,4.3,1.2,348|1471|1917|2571|5071|5104|5530|5645|7991|10765|23043|57462|284111,APOE|CST3|EEF1A2|GAD1|PRKN|SERPINA5|PPP3CA|PRSS2|TUSC3|KDM5B|TNIK|MYORG|SLC13A5,-3.2,0
0,1,0,0,0,0,0,-4.7,0,0,0,0,C0017083,M010000,1,0,DisGeNET,35,Gangliosidoses,,-4.7,51,12,30293,6,299,3,1,0.58,2720|3073|3074,GLB1|HEXA|HEXB,-3.2,0
0,0,1,0,0,0,0,0,-4.7,0,0,0,C0231791,M001000,1,0,DisGeNET,35,Toeing-in,,-4.7,51,12,30293,6,299,3,1,0.58,5696|5698|10148,PSMB8|PSMB9|EBI3,-3.2,0
0,0,0,1,0,0,0,0,0,-4.7,0,0,C0338582,M000100,1,0,DisGeNET,35,Sporadic Cerebral Amyloid Angiopathy,,-4.7,50,12,30293,6,300,3,1,0.57,348|351|1471,APOE|APP|CST3,-3.2,0
1,0,0,0,0,0,-4.7,0,0,0,0,0,C1848805,M100000,1,0,DisGeNET,35,Thyroid Dyshormonogenesis 1,,-4.7,50,12,30293,6,300,3,1,0.57,6528|50506|405753,SLC5A5|DUOX2|DUOXA2,-3.2,0
0,0,0,1,0,0,0,0,0,-4.7,0,0,C4080064,M000100,1,0,DisGeNET,35,Autosomal Dominant Hereditary Pancreatitis,,-4.7,50,12,30293,6,300,3,1,0.57,5644|5645|6690,PRSS1|PRSS2|SPINK1,-3.2,0
1,0,1,1,0,0,-4.1,0,-4.7,-3.5,0,0,C1292778,M101100,3,0,DisGeNET,35,Chronic myeloproliferative disorder,,-4.7,3.9,5.5,30293,366,299,14,4.7,1.2,1302|2235|2526|3627|6646|6774|7157|7297|8506|8835|9466|9734|10148|25897,COL11A2|FECH|FUT4|CXCL10|SOAT1|STAT3|TP53|TYK2|CNTNAP1|SOCS2|IL27RA|HDAC9|EBI3|RNF19A,-3.2,0
0,1,0,1,0,0,0,-2.6,0,-4.7,0,0,C0014867,M010100,2,0,DisGeNET,35,Esophageal Varices,,-4.7,11,7.4,30293,56,300,6,2,0.81,2153|3856|3875|5265|7040|57572,F5|KRT8|KRT18|SERPINA1|TGFB1|DOCK6,-3.2,0
1,0,1,1,0,0,-2.8,0,-4.7,-3.4,0,0,C0006625,M101100,3,0,DisGeNET,35,Cachexia,,-4.7,4.5,5.7,30293,273,299,12,4,1.1,1080|1302|3934|5144|5743|6774|7098|7157|8506|9734|51284|58191,CFTR|COL11A2|LCN2|PDE4D|PTGS2|STAT3|TLR3|TP53|CNTNAP1|HDAC9|TLR7|CXCL16,-3.2,0
1,0,1,1,1,1,-3.6,0,-4.7,-2.1,-4.1,-2.6,C0279628,M101111,5,0,DisGeNET,35,Adenocarcinoma Of Esophagus,,-4.7,3.5,5.4,30293,468,299,16,5.4,1.3,718|1080|3105|3486|4790|5021|5743|6373|6774|7097|7098|7157|8743|9294|9536|11074,C3|CFTR|HLA-A|IGFBP3|NFKB1|OXTR|PTGS2|CXCL11|STAT3|TLR2|TLR3|TP53|TNFSF10|S1PR2|PTGES|TRIM31,-3.2,0
1,0,1,0,0,0,-4.7,0,-3.1,0,0,0,C3665444,M101000,2,0,DisGeNET,35,Neutrophilia (disorder),,-4.7,6.1,6.2,30293,150,300,9,3,0.98,330|355|2919|2920|3576|3717|5880|83666|200186,BIRC3|FAS|CXCL1|CXCL2|CXCL8|JAK2|RAC2|PARP9|CRTC2,-3.2,0
0,0,1,0,0,1,0,0,-4.7,0,0,-2.3,C0178238,M001001,2,0,DisGeNET,35,Intestinal infectious disease (disorder),,-4.7,15,8.1,30293,34,299,5,1.7,0.74,3934|4790|6774|10148|64127,LCN2|NFKB1|STAT3|EBI3|NOD2,-3.2,0
1,0,1,1,0,0,-4,0,-4.7,-2.1,0,0,C0268398,M101100,3,0,DisGeNET,35,Familial lichen amyloidosis,,-4.7,4.8,5.8,30293,230,299,11,3.7,1.1,1302|4790|5743|5918|6364|6774|7097|7113|7133|7157|10148,COL11A2|NFKB1|PTGS2|RARRES1|CCL20|STAT3|TLR2|TMPRSS2|TNFRSF1B|TP53|EBI3,-3.2,0
0,0,1,0,0,0,0,0,-4.7,0,0,0,C4528210,M001000,1,0,DisGeNET,35,Breast implant-associated anaplastic large cell lymphoma,,-4.7,24,9.4,30293,17,299,4,1.3,0.66,3105|6646|6774|7157,HLA-A|SOAT1|STAT3|TP53,-3.2,0
0,0,1,0,0,0,0,0,-4.7,0,0,0,C0162820,M001000,1,0,DisGeNET,35,"Dermatitis, Allergic Contact",,-4.7,6,6.2,30293,151,299,9,3,0.99,2533|3627|3684|6373|6774|8835|9235|25897|51284,FYB1|CXCL10|ITGAM|CXCL11|STAT3|SOCS2|IL32|RNF19A|TLR7,-3.2,0
1,0,1,1,0,0,-4.7,0,-3.3,-2.7,0,0,C0149871,M101100,3,0,DisGeNET,35,Deep Vein Thrombosis,,-4.7,4.8,5.8,30293,230,300,11,3.7,1.1,12|3576|3717|4312|5328|7035|7357|23315|25833|84679|84790,SERPINA3|CXCL8|JAK2|MMP1|PLAU|TFPI|UGCG|SLC9A8|POU2F3|SLC9A7|TUBA1C,-3.2,0
0,0,1,0,0,0,0,0,-4.7,0,0,0,C1096155,M001000,1,0,DisGeNET,35,Macrophage Activation Syndrome,,-4.7,11,7.3,30293,57,299,6,2,0.81,3627|6373|6646|7133|10148|51284,CXCL10|CXCL11|SOAT1|TNFRSF1B|EBI3|TLR7,-3.2,0
1,0,1,0,0,0,-2.5,0,-4.7,0,0,0,C0006267,M101000,2,0,DisGeNET,35,Bronchiectasis,,-4.7,5.3,6,30293,190,299,10,3.3,1,567|1080|4790|4791|6364|6774|6890|6891|6892|7097,B2M|CFTR|NFKB1|NFKB2|CCL20|STAT3|TAP1|TAP2|TAPBP|TLR2,-3.2,0
1,0,1,0,0,0,-2.5,0,-4.7,0,0,0,C0023343,M101000,2,0,DisGeNET,35,Leprosy,,-4.7,5.3,6,30293,190,299,10,3.3,1,3105|3627|4050|6774|6890|7096|7097|9235|11136|64127,HLA-A|CXCL10|LTB|STAT3|TAP1|TLR1|TLR2|IL32|SLC7A9|NOD2,-3.2,0
0,0,1,0,1,0,0,0,-4.7,0,-3.2,0,C0079774,M001010,2,0,DisGeNET,35,Peripheral T-Cell Lymphoma,,-4.7,5.3,6,30293,190,299,10,3.3,1,94|567|4790|6646|6774|6891|7157|8743|9734|171177,ACVRL1|B2M|NFKB1|SOAT1|STAT3|TAP2|TP53|TNFSF10|HDAC9|RHOV,-3.2,0
1,1,1,1,0,0,-2.5,-4.7,-2,-4.1,0,0,C0008370,M111100,4,0,DisGeNET,35,Cholestasis,,-4.7,3.6,5.4,30293,420,299,15,5,1.3,174|216|335|847|1191|1728|3030|3170|4069|5205|5256|8431|10062|10549|51280,AFP|ALDH1A1|APOA1|CAT|CLU|NQO1|HADHA|FOXA2|LYZ|ATP8B1|PHKA2|NR0B2|NR1H3|PRDX4|GOLM1,-3.2,0
0,0,0,0,1,0,0,0,0,0,-4.7,0,C4722099,M000010,1,0,DisGeNET,35,High grade glioma,,-4.7,5.3,6,30293,190,300,10,3.3,1,220|390|3371|5293|7042|7045|7980|8682|10763|80381,ALDH1A3|RND3|TNC|PIK3CD|TGFB2|TGFBI|TFPI2|PEA15|NES|CD276,-3.2,0
1,0,1,0,0,1,-3,0,-4.7,0,0,-2.2,C0019100,M101001,3,0,DisGeNET,35,Severe Dengue,,-4.7,6.9,6.4,30293,117,299,8,2.7,0.93,3105|3627|6890|6891|7097|7098|7412|64135,HLA-A|CXCL10|TAP1|TAP2|TLR2|TLR3|VCAM1|IFIH1,-3.2,0
0,1,0,1,0,0,0,-4.7,0,-2.2,0,0,C4732730,M010100,2,0,DisGeNET,35,Blood spots,,-4.7,6.9,6.4,30293,117,299,8,2.7,0.93,210|738|1675|2548|2720|2990|3030|7276,ALAD|VPS51|CFD|GAA|GLB1|GUSB|HADHA|TTR,-3.2,0
0,0,0,0,1,0,0,0,0,0,-4.7,0,C1855285,M000010,1,0,DisGeNET,35,Protruding ear,,-4.7,6,6.2,30293,152,300,9,3,0.98,2316|3981|3984|7476|8905|29940|29954|145173|285590,FLNA|LIG4|LIMK1|WNT7A|AP1S2|DSE|POMT2|B3GLCT|SH3PXD2B,-3.2,0
1,0,0,0,1,0,-3.7,0,0,0,-4.7,0,C0014335,M100010,2,0,DisGeNET,35,Enteritis,,-4.7,8.3,6.8,30293,85,300,7,2.3,0.87,1843|3371|3589|3726|4318|7042|7791,DUSP1|TNC|IL11|JUNB|MMP9|TGFB2|ZYX,-3.2,0
0,0,0,0,1,0,0,0,0,0,-4.6,0,C1511789,M000010,1,0,DisGeNET,35,Desmoplastic,,-4.6,6.9,6.4,30293,117,300,8,2.7,0.93,960|3589|3624|4017|4318|7077|7476|23022,CD44|IL11|INHBA|LOXL2|MMP9|TIMP2|WNT7A|PALLD,-3.2,0
0,1,1,1,1,1,0,-3.3,-4.6,-2.2,-3.3,-2.2,C0003486,M011111,5,0,DisGeNET,35,Aortic Aneurysm,,-4.6,4.4,5.6,30293,278,299,12,4,1.1,94|103|1520|4790|5743|6364|6774|7157|29108|64127|64135|160418,ACVRL1|ADAR|CTSS|NFKB1|PTGS2|CCL20|STAT3|TP53|PYCARD|NOD2|IFIH1|TMTC3,-3.2,0
1,1,1,1,0,0,-2.5,-4.6,-3,-3.5,0,0,C0685938,M111100,4,0,DisGeNET,35,Malignant neoplasm of gastrointestinal tract,,-4.6,3.6,5.4,30293,423,299,15,5,1.3,174|196|1728|2065|2147|3065|4303|6414|7033|7048|7276|10551|57732|79971|83998,AFP|AHR|NQO1|ERBB3|F2|HDAC1|FOXO4|SELENOP|TFF3|TGFBR2|TTR|AGR2|ZFYVE28|WLS|REG4,-3.2,0
0,0,0,1,0,0,0,0,0,-4.6,0,0,C0151945,M000100,1,0,DisGeNET,35,Thrombosis of cerebral veins,,-4.6,14,7.9,30293,35,300,5,1.7,0.74,334|348|2153|2878|5627,APLP2|APOE|F5|GPX3|PROS1,-3.2,0
1,0,0,1,0,0,-4.6,0,0,-2.3,0,0,C1527303,M100100,2,0,DisGeNET,35,Chronic Airflow Obstruction,,-4.6,14,7.9,30293,35,300,5,1.7,0.74,2919|2920|3162|3576|4312,CXCL1|CXCL2|HMOX1|CXCL8|MMP1,-3.2,0
1,0,0,0,0,0,-4.6,0,0,0,0,0,C0494261,M100000,1,0,DisGeNET,35,Combined immunodeficiency,,-4.6,8.2,6.7,30293,86,300,7,2.3,0.87,3107|3431|4792|5880|5993|6776|146206,HLA-C|SP110|NFKBIA|RAC2|RFX5|STAT5A|CARMIL2,-3.2,0
0,0,0,0,1,0,0,0,0,0,-4.6,0,C0878659,M000010,1,0,DisGeNET,35,Disproportionate short stature,,-4.6,8.2,6.7,30293,86,300,7,2.3,0.87,2137|2316|4318|7476|9469|91252|285590,EXTL3|FLNA|MMP9|WNT7A|CHST3|SLC39A13|SH3PXD2B,-3.2,0
0,0,0,0,1,0,0,0,0,0,-4.6,0,C0686353,M000010,1,0,DisGeNET,35,"Muscular Dystrophies, Limb-Girdle",,-4.6,6.8,6.4,30293,118,300,8,2.7,0.93,800|2318|3611|4318|7042|10487|23531|29954,CALD1|FLNC|ILK|MMP9|TGFB2|CAP1|MMD|POMT2,-3.2,0
1,1,0,1,0,0,-2.7,-2.2,0,-4.6,0,0,C0028259,M110100,3,0,DisGeNET,35,Nodule,,-4.6,4.4,5.6,30293,278,300,12,4,1.1,558|604|633|3880|4054|5627|6690|7040|7076|11145|27122|54858,AXL|BCL6|BGN|KRT19|LTBP3|PROS1|SPINK1|TGFB1|TIMP1|PLAAT3|DKK3|PGPEP1,-3.2,0
1,1,1,0,1,0,-4.6,-2.5,-3,0,-4,0,C0006287,M111010,4,0,DisGeNET,35,Bronchopulmonary Dysplasia,,-4.6,3.6,5.3,30293,423,300,15,5,1.3,12|1847|2643|2847|2919|2950|3162|3572|4792|6648|7100|8809|9575|28956|51094,SERPINA3|DUSP5|GCH1|MCHR1|CXCL1|GSTP1|HMOX1|IL6ST|NFKBIA|SOD2|TLR5|IL18R1|CLOCK|LAMTOR2|ADIPOR1,-3.2,0
0,0,0,1,1,1,0,0,0,-2.5,-3.1,-4.6,C0027626,M000111,3,0,DisGeNET,35,Neoplasm Invasiveness,,-4.6,5.2,5.9,30293,193,300,10,3.3,1,1029|1499|2335|4323|4615|4627|6282|7050|7094|9564,CDKN2A|CTNNB1|FN1|MMP14|MYD88|MYH9|S100A11|TGIF1|TLN1|BCAR1,-3.2,0
0,0,1,0,0,1,0,0,-4.6,0,0,-2.2,C0027708,M001001,2,0,DisGeNET,35,Nephroblastoma,,-4.6,3.1,5.2,30293,586,299,18,6,1.4,103|1302|2516|2526|3105|4045|4214|4856|4868|5743|6732|6774|7157|8190|9294|10970|27074|54361,ADAR|COL11A2|NR5A1|FUT4|HLA-A|LSAMP|MAP3K1|CCN3|NPHS1|PTGS2|SRPK1|STAT3|TP53|MIA|S1PR2|CKAP4|LAMP3|WNT4,-3.1,0
1,0,1,1,1,0,-3.5,0,-4.6,-4,-2.5,0,C0004763,M101110,4,0,DisGeNET,35,Barrett Esophagus,,-4.6,3.4,5.3,30293,478,299,16,5.4,1.3,1080|2526|3384|3486|3627|4790|5021|5743|6646|6774|7097|7157|7412|9536|10970|11074,CFTR|FUT4|ICAM2|IGFBP3|CXCL10|NFKB1|OXTR|PTGS2|SOAT1|STAT3|TLR2|TP53|VCAM1|PTGES|CKAP4|TRIM31,-3.1,0
0,1,0,0,0,0,0,-4.6,0,0,0,0,C1867743,M010000,1,0,DisGeNET,35,Premature coronary artery atherosclerosis,,-4.6,8.2,6.7,30293,87,299,7,2.3,0.87,335|336|949|1191|2147|6519|7351,APOA1|APOA2|SCARB1|CLU|F2|SLC3A1|UCP2,-3.1,0
0,0,1,0,0,0,0,0,-4.6,0,0,0,C0041326,M001000,1,0,DisGeNET,35,Pleural Tuberculosis,,-4.6,10,7.1,30293,59,299,6,2,0.81,3627|4045|7097|7157|9308|27074,CXCL10|LSAMP|TLR2|TP53|CD83|LAMP3,-3.1,0
1,1,1,0,0,0,-3.1,-3.1,-4.6,0,0,0,C0011884,M111000,3,0,DisGeNET,35,Diabetic Retinopathy,,-4.6,3,5.1,30293,644,299,19,6.4,1.4,718|972|1302|3105|3416|3486|3627|4790|5743|6376|6524|6774|7097|7412|9734|25897|51284|55620|81035,C3|CD74|COL11A2|HLA-A|IDE|IGFBP3|CXCL10|NFKB1|PTGS2|CX3CL1|SLC5A2|STAT3|TLR2|VCAM1|HDAC9|RNF19A|TLR7|STAP2|COLEC12,-3.1,0
0,0,0,1,0,0,0,0,0,-4.6,0,0,C0238190,M000100,1,0,DisGeNET,35,Inclusion Body Myositis (disorder),,-4.6,8.1,6.7,30293,87,300,7,2.3,0.87,348|351|1471|3098|7040|7076|50484,APOE|APP|CST3|HK1|TGFB1|TIMP1|RRM2B,-3.1,0
0,0,1,0,0,1,0,0,-4.6,0,0,-3,C0013238,M001001,2,0,DisGeNET,35,Dry Eye Syndromes,,-4.6,5.8,6.1,30293,156,299,9,3,0.99,1080|1520|3486|3684|5743|6646|6774|64127|160418,CFTR|CTSS|IGFBP3|ITGAM|PTGS2|SOAT1|STAT3|NOD2|TMTC3,-3.1,0
0,0,1,0,0,0,0,0,-4.6,0,0,0,C0280803,M001000,1,0,DisGeNET,35,Primary central nervous system lymphoma,,-4.6,5.8,6.1,30293,156,299,9,3,0.99,567|3068|4790|4794|5743|6774|7128|7157|8741,B2M|HDGF|NFKB1|NFKBIE|PTGS2|STAT3|TNFAIP3|TP53|TNFSF13,-3.1,0
0,1,0,0,0,0,0,-4.6,0,0,0,0,C0086795,M010000,1,0,DisGeNET,35,Pfaundler-Hurler Syndrome,,-4.6,14,7.8,30293,36,299,5,1.7,0.74,174|847|2720|2990|4758,AFP|CAT|GLB1|GUSB|NEU1,-3.1,0
0,0,1,0,0,0,0,0,-4.6,0,0,0,C4324374,M001000,1,0,DisGeNET,35,Renal tubular injury,,-4.6,14,7.8,30293,36,299,5,1.7,0.74,3934|6524|8876|29108|54361,LCN2|SLC5A2|VNN1|PYCARD|WNT4,-3.1,0
1,0,1,1,1,1,-4.6,0,-2.7,-2.1,-3.3,-3.3,C0017668,M101111,5,0,DisGeNET,35,Focal glomerulosclerosis,,-4.6,4.3,5.6,30293,281,300,12,4,1.1,12|285|2919|3162|3911|5328|5879|7403|8879|9124|29927|64423,SERPINA3|ANGPT2|CXCL1|HMOX1|LAMA5|PLAU|RAC1|KDM6A|SGPL1|PDLIM1|SEC61A1|INF2,-3.1,0
1,1,1,1,1,0,-4.6,-2.3,-2.3,-3,-2.3,0,C0020542,M111110,5,0,DisGeNET,35,Pulmonary Hypertension,,-4.6,5.8,6,30293,156,300,9,3,0.98,285|650|1535|3162|3576|4312|4773|5970|6648,ANGPT2|BMP2|CYBA|HMOX1|CXCL8|MMP1|NFATC2|RELA|SOD2,-3.1,0
1,1,1,1,1,0,-2.8,-4,-4.6,-4.5,-2.3,0,C0035078,M111110,5,0,DisGeNET,35,Kidney Failure,,-4.6,3.8,5.4,30293,378,299,14,4.7,1.2,567|718|2235|3934|4868|5167|5743|6364|6524|7097|7157|8542|11182|64127,B2M|C3|FECH|LCN2|NPHS1|ENPP1|PTGS2|CCL20|SLC5A2|TLR2|TP53|APOL1|SLC2A6|NOD2,-3.1,0
1,0,0,1,1,0,-2.3,0,0,-3.4,-4.6,0,C0003504,M100110,3,0,DisGeNET,35,Aortic Valve Insufficiency,,-4.6,3.7,5.4,30293,377,300,14,4.7,1.2,1906|2316|3726|4131|4688|5293|6932|7042|7980|8851|9469|56937|56940|81631,EDN1|FLNA|JUNB|MAP1B|NCF2|PIK3CD|TCF7|TGFB2|TFPI2|CDK5R1|CHST3|PMEPA1|DUSP22|MAP1LC3B,-3.1,0
1,0,1,0,0,0,-3.8,0,-4.6,0,0,0,C0036920,M101000,2,0,DisGeNET,35,Sezary Syndrome,,-4.6,5.2,5.8,30293,196,299,10,3.3,1,3627|4790|6646|6774|7128|7133|7157|8743|9235|10148,CXCL10|NFKB1|SOAT1|STAT3|TNFAIP3|TNFRSF1B|TP53|TNFSF10|IL32|EBI3,-3.1,0
1,0,1,0,1,0,-4.6,0,-3.5,0,-2.5,0,C0520679,M101010,3,0,DisGeNET,35,"Sleep Apnea, Obstructive",,-4.6,3.4,5.2,30293,480,300,16,5.3,1.3,285|330|355|650|1408|1535|2643|3162|3383|3576|3659|4312|5970|8809|9197|9575,ANGPT2|BIRC3|FAS|BMP2|CRY2|CYBA|GCH1|HMOX1|ICAM1|CXCL8|IRF1|MMP1|RELA|IL18R1|SLC33A1|CLOCK,-3.1,0
0,0,0,1,0,1,0,0,0,-4.5,0,-2.5,C0346402,M000101,2,0,DisGeNET,35,Malignant neoplasm of adrenal cortex,,-4.5,10,7.1,30293,60,300,6,2,0.81,2696|3481|3485|3623|8912|51573,GIPR|IGF2|IGFBP2|INHA|CACNA1H|GDE1,-3.1,0
1,0,1,0,0,0,-3.1,0,-4.5,0,0,0,C0023290,M101000,2,0,DisGeNET,35,"Leishmaniasis, Visceral",,-4.5,5.1,5.8,30293,197,299,10,3.3,1,3459|3627|6774|7097|7157|7292|9235|58191|64127|64208,IFNGR1|CXCL10|STAT3|TLR2|TP53|TNFSF4|IL32|CXCL16|NOD2|POPDC3,-3.1,0
0,0,1,0,0,0,0,0,-4.5,0,0,0,C0023480,M001000,1,0,DisGeNET,35,"Leukemia, Myelomonocytic, Chronic",,-4.5,5.8,6,30293,158,299,9,3,0.99,1302|1435|2526|2811|3684|6646|7157|8506|9235,COL11A2|CSF1|FUT4|GP1BA|ITGAM|SOAT1|TP53|CNTNAP1|IL32,-3.1,0
1,1,0,0,0,0,-4.5,-3.2,0,0,0,0,C0024523,M110000,2,0,DisGeNET,35,Malabsorption Syndrome,,-4.5,4.6,5.7,30293,239,300,11,3.7,1.1,355|1535|3663|3717|5993|7403|7461|9663|54704|80169|80270,FAS|CYBA|IRF5|JAK2|RFX5|KDM6A|CLIP2|LPIN2|PDP1|CTC1|HSD3B7,-3.1,0
1,0,1,0,0,1,-4.5,0,-3.2,0,0,-3.2,C0085110,M101001,3,0,DisGeNET,35,Severe Combined Immunodeficiency,,-4.5,4.3,5.5,30293,284,300,12,4,1.1,2523|3107|3431|3455|3717|3732|4312|5328|5880|6776|8549|8809,FUT1|HLA-C|SP110|IFNAR2|JAK2|CD82|MMP1|PLAU|RAC2|STAT5A|LGR5|IL18R1,-3.1,0
1,0,1,1,0,1,-4.5,0,-4.5,-2.1,0,-2.1,C2937358,M101101,4,0,DisGeNET,35,Cerebral Hemorrhage,,-4.5,6.6,6.2,30293,122,299,8,2.7,0.93,94|718|1605|3486|4790|4791|5743|5971,ACVRL1|C3|DAG1|IGFBP3|NFKB1|NFKB2|PTGS2|RELB,-3.1,0
1,1,1,0,0,0,-4.5,-4,-2.5,0,0,0,C0018799,M111000,3,0,DisGeNET,35,Heart Diseases,,-4.5,3.2,5.1,30293,537,300,17,5.7,1.3,285|374|1535|2919|3107|3383|3482|3659|3717|4070|4646|4772|5880|6648|8462|9367|22926,ANGPT2|AREG|CYBA|CXCL1|HLA-C|ICAM1|IGF2R|IRF1|JAK2|TACSTD2|MYO6|NFATC1|RAC2|SOD2|KLF11|RAB9A|ATF6,-3.1,0
1,1,1,1,0,0,-3.1,-4.5,-4.5,-3.8,0,0,C0003962,M111100,4,0,DisGeNET,35,Ascites,,-4.5,5.1,5.8,30293,198,299,10,3.3,1,196|2147|2990|4069|4758|5589|5874|7048|7276|10397,AHR|F2|GUSB|LYZ|NEU1|PRKCSH|RAB27B|TGFBR2|TTR|NDRG1,-3.1,0
0,0,1,0,0,0,0,0,-4.5,0,0,0,C0010403,M001000,1,0,DisGeNET,35,Cryoglobulinemia,,-4.5,14,7.7,30293,37,299,5,1.7,0.74,3105|3627|3684|7097|7412,HLA-A|CXCL10|ITGAM|TLR2|VCAM1,-3.1,0
0,0,1,0,1,0,0,0,-3,0,-4.5,0,C0238198,M001010,2,0,DisGeNET,35,Gastrointestinal Stromal Tumors,,-4.5,3.2,5.1,30293,538,300,17,5.7,1.3,649|800|960|1000|1030|2004|2113|3371|4318|4739|5293|6624|6722|9261|10763|51339|115908,BMP1|CALD1|CD44|CDH2|CDKN2B|ELK3|ETS1|TNC|MMP9|NEDD9|PIK3CD|FSCN1|SRF|MAPKAPK2|NES|DACT1|CTHRC1,-3.1,0
0,0,1,1,0,0,0,0,-4.5,-4.5,0,0,C0282193,M001100,2,0,DisGeNET,35,Iron Overload,,-4.5,4.6,5.6,30293,241,299,11,3.7,1.1,567|1302|3105|3627|3934|6774|7097|7157|10483|25897|64127,B2M|COL11A2|HLA-A|CXCL10|LCN2|STAT3|TLR2|TP53|SEC23B|RNF19A|NOD2,-3.1,0
1,0,1,0,0,0,-2.3,0,-4.5,0,0,0,C1848296,M101000,2,0,DisGeNET,35,DOSAGE-SENSITIVE SEX REVERSAL,,-4.5,5.7,6,30293,159,299,9,3,0.99,718|2516|3105|5332|5743|6774|6890|6891|7097,C3|NR5A1|HLA-A|PLCB4|PTGS2|STAT3|TAP1|TAP2|TLR2,-3.1,0
0,0,1,1,1,1,0,0,-4.5,-3.3,-3.3,-2.8,C0339573,M001111,4,0,DisGeNET,35,"Glaucoma, Primary Open Angle",,-4.5,3.7,5.3,30293,383,299,14,4.7,1.2,718|2581|3105|4214|4790|4791|4940|5743|6374|6646|6890|7097|7157|160335,C3|GALC|HLA-A|MAP3K1|NFKB1|NFKB2|OAS3|PTGS2|CXCL5|SOAT1|TAP1|TLR2|TP53|TMTC2,-3.1,0
1,0,1,0,0,0,-2.7,0,-4.5,0,0,0,C0701807,M101000,2,0,DisGeNET,35,Acute anterior uveitis,,-4.5,7.9,6.5,30293,90,299,7,2.3,0.87,3105|4790|5698|6646|7097|51752|64167,HLA-A|NFKB1|PSMB9|SOAT1|TLR2|ERAP1|ERAP2,-3.1,0
0,0,0,1,0,1,0,0,0,-2.3,0,-4.5,C0023051,M000101,2,0,DisGeNET,35,Laryngeal Diseases,,-4.5,5.7,6,30293,159,300,9,3,0.98,977|1026|1029|1462|1499|2017|4323|5795|54751,CD151|CDKN1A|CDKN2A|VCAN|CTNNB1|CTTN|MMP14|PTPRJ|FBLIM1,-3.1,0
0,0,1,0,1,1,0,0,-3.6,0,-4.5,-2.7,C0017601,M001011,3,0,DisGeNET,35,Glaucoma,,-4.5,2.8,4.9,30293,769,300,21,7,1.5,43|1030|1627|1906|2004|2113|3984|4053|4318|5293|7042|23141|26047|27151|29954|56262|81631|84557|84627|145173|285590,ACHE|CDKN2B|DBN1|EDN1|ELK3|ETS1|LIMK1|LTBP2|MMP9|PIK3CD|TGFB2|ANKLE2|CNTNAP2|CPAMD8|POMT2|LRRC8A|MAP1LC3B|MAP1LC3A|ZNF469|B3GLCT|SH3PXD2B,-3.1,0
0,0,1,0,0,0,0,0,-4.5,0,0,0,C0020217,M001000,1,0,DisGeNET,35,Hydatidiform Mole,,-4.5,6.6,6.2,30293,123,299,8,2.7,0.93,843|1435|3105|4214|5698|6774|7157|10970,CASP10|CSF1|HLA-A|MAP3K1|PSMB9|STAT3|TP53|CKAP4,-3.1,0
1,1,1,1,0,0,-4.5,-3.4,-2.9,-3.4,0,0,C0002895,M111100,4,0,DisGeNET,35,"Anemia, Sickle Cell",,-4.5,3.5,5.2,30293,433,300,15,5,1.3,285|330|355|860|2523|2643|2919|2950|3162|3383|3576|6648|7035|8740|8771,ANGPT2|BIRC3|FAS|RUNX2|FUT1|GCH1|CXCL1|GSTP1|HMOX1|ICAM1|CXCL8|SOD2|TFPI|TNFSF14|TNFRSF6B,-3.1,0
0,1,0,0,0,0,0,-4.5,0,0,0,0,C0026697,M010000,1,0,DisGeNET,35,Mucolipidoses,,-4.5,21,8.9,30293,19,299,4,1.3,0.66,2519|2720|4758|51162,FUCA2|GLB1|NEU1|EGFL7,-3.1,0
0,1,0,0,0,0,0,-4.5,0,0,0,0,C0740340,M010000,1,0,DisGeNET,35,"Amyloidosis, Familial",,-4.5,21,8.9,30293,19,299,4,1.3,0.66,335|336|4069|7276,APOA1|APOA2|LYZ|TTR,-3.1,0
0,0,1,0,0,0,0,0,-4.5,0,0,0,C1336548,M001000,1,0,DisGeNET,35,Systemic Anaplastic Large Cell Lymphoma,,-4.5,21,8.9,30293,19,299,4,1.3,0.66,94|6646|7157|171177,ACVRL1|SOAT1|TP53|RHOV,-3.1,0
0,0,1,0,0,0,0,0,-4.5,0,0,0,C2314882,M001000,1,0,DisGeNET,35,Reproductive tract infection,,-4.5,21,8.9,30293,19,299,4,1.3,0.66,567|6524|7097|7098,B2M|SLC5A2|TLR2|TLR3,-3.1,0
0,0,1,0,0,0,0,0,-4.5,0,0,0,C2677092,M001000,1,0,DisGeNET,35,MYD88 Deficiency,,-4.5,21,8.9,30293,19,299,4,1.3,0.66,5743|6774|7097|7098,PTGS2|STAT3|TLR2|TLR3,-3.1,0
0,0,0,1,0,0,0,0,0,-4.5,0,0,C0432474,M000100,1,0,DisGeNET,35,Klinefelter's syndrome - male with more than two X chromosomes,,-4.5,7.9,6.5,30293,90,300,7,2.3,0.87,2153|2852|3623|3875|5265|5627|7448,F5|GPER1|INHA|KRT18|SERPINA1|PROS1|VTN,-3.1,0
0,0,0,1,0,0,0,0,0,-4.5,0,0,C2936349,M000100,1,0,DisGeNET,35,"Plaque, Amyloid",,-4.5,6.6,6.2,30293,123,300,8,2.7,0.93,348|351|1471|1522|2896|3481|28959|164656,APOE|APP|CST3|CTSZ|GRN|IGF2|TMEM176B|TMPRSS6,-3.1,0
1,0,0,0,0,0,-4.5,0,0,0,0,0,C1540912,M100000,1,0,DisGeNET,35,Hypereosinophilic syndrome,,-4.5,21,8.8,30293,19,300,4,1.3,0.66,2120|3717|4773|10670,ETV6|JAK2|NFATC2|RRAGA,-3.1,0
0,0,0,1,0,0,0,0,0,-4.5,0,0,C0007135,M000100,1,0,DisGeNET,35,"Adenocarcinoma, Scirrhous",,-4.5,43,11,30293,7,300,3,1,0.57,2064|4324|7040,ERBB2|MMP15|TGFB1,-3.1,0
0,0,0,0,1,0,0,0,0,0,-4.5,0,C0543982,M000010,1,0,DisGeNET,35,"Glaucoma, primary",,-4.5,43,11,30293,7,300,3,1,0.57,1627|4053|4318,DBN1|LTBP2|MMP9,-3.1,0
0,0,0,1,0,0,0,0,0,-4.5,0,0,C1842406,M000100,1,0,DisGeNET,35,Pancreatic calcification,,-4.5,43,11,30293,7,300,3,1,0.57,5644|5645|6690,PRSS1|PRSS2|SPINK1,-3.1,0
1,0,1,0,1,1,-3.9,0,-4.5,0,-3.9,-2.3,C0023470,M101011,4,0,DisGeNET,35,Myeloid Leukemia,,-4.5,3.7,5.3,30293,385,299,14,4.7,1.2,2235|3105|3684|4790|5359|5743|6774|7133|7157|9734|10148|25897|55540|79139,FECH|HLA-A|ITGAM|NFKB1|PLSCR1|PTGS2|STAT3|TNFRSF1B|TP53|HDAC9|EBI3|RNF19A|IL17RB|DERL1,-3.1,0
1,0,1,0,1,0,-3,0,-2.4,0,-4.5,0,C1658953,M101010,3,0,DisGeNET,35,tumor vasculature,,-4.5,5,5.7,30293,200,300,10,3.3,1,800|3371|3491|4318|7045|7077|10763|23129|25960|80381,CALD1|TNC|CCN1|MMP9|TGFBI|TIMP2|NES|PLXND1|ADGRA2|CD276,-3.1,0
1,1,0,1,1,0,-3.9,-2.8,0,-4.5,-2.3,0,C0494463,M110110,4,0,DisGeNET,35,"Alzheimer Disease, Late Onset",,-4.5,3.7,5.3,30293,385,300,14,4.7,1.2,348|351|1471|1958|2896|3481|4035|7018|7040|9528|9644|22933|23268|23646,APOE|APP|CST3|EGR1|GRN|IGF2|LRP1|TF|TGFB1|TMEM59|SH3PXD2A|SIRT2|DNMBP|PLD3,-3,0
1,0,1,0,0,0,-4.5,0,-2.5,0,0,0,C0262985,M101000,2,0,DisGeNET,35,Psoriasiform eczema,,-4.5,9.8,6.9,30293,62,300,6,2,0.81,2625|3107|3383|3576|27189|121260,GATA3|HLA-C|ICAM1|CXCL8|IL17C|SLC15A4,-3,0
1,0,0,0,0,0,-4.5,0,0,0,0,0,C0267941,M100000,1,0,DisGeNET,35,"Pancreatitis, Acute Necrotizing",,-4.5,9.8,6.9,30293,62,300,6,2,0.81,2919|2920|3162|3383|4792|5970,CXCL1|CXCL2|HMOX1|ICAM1|NFKBIA|RELA,-3,0
0,0,0,1,0,0,0,0,0,-4.5,0,0,C0220636,M000100,1,0,DisGeNET,35,Malignant neoplasm of salivary gland,,-4.5,7.8,6.5,30293,91,300,7,2.3,0.87,2064|3485|3691|3866|5174|8848|10232,ERBB2|IGFBP2|ITGB4|KRT15|PDZK1|TSC22D1|MSLN,-3,0
1,0,1,0,0,0,-3.3,0,-4.5,0,0,0,C0376620,M101000,2,0,DisGeNET,35,Pouchitis,,-4.5,13,7.6,30293,38,299,5,1.7,0.74,4050|5743|7097|7098|64127,LTB|PTGS2|TLR2|TLR3|NOD2,-3,0
1,1,0,0,0,1,-2.4,-3.7,0,0,0,-4.5,C0745103,M110001,3,0,DisGeNET,35,Hyperlipoproteinemia Type IIa,,-4.5,5,5.7,30293,201,300,10,3.3,1,861|966|3566|3606|4982|5445|10221|10627|23158|103910,RUNX1|CD59|IL4R|IL18|TNFRSF11B|PON2|TRIB1|MYL12A|TBC1D9|MYL12B,-3,0
1,0,1,1,1,0,-4.5,0,-3.9,-2.3,-2.3,0,C3811653,M101110,4,0,DisGeNET,35,Experimental Organism Basal Cell Carcinoma,,-4.5,3.5,5.2,30293,437,300,15,5,1.3,355|650|860|1540|2625|2950|3107|3383|3576|6648|6776|6778|7405|8372|8549,FAS|BMP2|RUNX2|CYLD|GATA3|GSTP1|HLA-C|ICAM1|CXCL8|SOD2|STAT5A|STAT6|UVRAG|HYAL3|LGR5,-3,0
1,1,0,0,1,0,-2.4,-4.4,0,0,-3.7,0,C0035344,M110010,3,0,DisGeNET,35,Retinopathy of Prematurity,,-4.4,5,5.7,30293,202,299,10,3.3,1,283|847|2147|4041|5176|6649|7108|7351|7802|54414,ANG|CAT|F2|LRP5|SERPINF1|SOD3|TM7SF2|UCP2|DNALI1|SIAE,-3,0
0,0,1,0,0,0,0,0,-4.4,0,0,0,C0006309,M001000,1,0,DisGeNET,35,Brucellosis,,-4.4,7.7,6.4,30293,92,299,7,2.3,0.87,3934|4045|4734|6646|7128|10148|27074,LCN2|LSAMP|NEDD4|SOAT1|TNFAIP3|EBI3|LAMP3,-3,0
0,1,0,0,0,1,0,-4.4,0,0,0,-3.7,C0020445,M010001,2,0,DisGeNET,35,"Hypercholesterolemia, Familial",,-4.4,5,5.7,30293,203,299,10,3.3,1,335|336|350|2720|4041|5589|6337|6721|29116|55902,APOA1|APOA2|APOH|GLB1|LRP5|PRKCSH|SCNN1A|SREBF2|MYLIP|ACSS2,-3,0
1,1,0,1,0,0,-3.1,-4.4,0,-3.7,0,0,C0598608,M110100,3,0,DisGeNET,35,Hyperhomocysteinemia,,-4.4,4.5,5.6,30293,246,299,11,3.7,1.1,335|350|476|847|1515|2147|2348|7351|7494|10062|55937,APOA1|APOH|ATP1A1|CAT|CTSV|F2|FOLR1|UCP2|XBP1|NR1H3|APOM,-3,0
0,0,1,0,0,0,0,0,-4.4,0,0,0,C0085435,M001000,1,0,DisGeNET,35,"Arthritis, Reactive",,-4.4,9.6,6.9,30293,63,299,6,2,0.81,5743|6374|6890|6891|7097|7157,PTGS2|CXCL5|TAP1|TAP2|TLR2|TP53,-3,0
0,0,1,0,0,0,0,0,-4.4,0,0,0,C1608389,M001000,1,0,DisGeNET,35,Autoimmune myocarditis,,-4.4,9.6,6.9,30293,63,299,6,2,0.81,1435|3684|3934|6774|23308|29108,CSF1|ITGAM|LCN2|STAT3|ICOSLG|PYCARD,-3,0
0,0,1,0,0,0,0,0,-4.4,0,0,0,C0018378,M001000,1,0,DisGeNET,35,Guillain-Barre Syndrome,,-4.4,5.6,5.9,30293,163,299,9,3,0.99,3627|3684|5743|6774|7097|7133|8506|25897|64127,CXCL10|ITGAM|PTGS2|STAT3|TLR2|TNFRSF1B|CNTNAP1|RNF19A|NOD2,-3,0
1,0,1,0,0,0,-2.2,0,-4.4,0,0,0,C0271441,M101000,2,0,DisGeNET,35,Chronic otitis media,,-4.4,5.6,5.9,30293,163,299,9,3,0.99,3934|4790|4791|6774|6890|6891|6892|7097|29108,LCN2|NFKB1|NFKB2|STAT3|TAP1|TAP2|TAPBP|TLR2|PYCARD,-3,0
1,0,1,0,0,1,-2.2,0,-2.9,0,0,-4.4,C0026987,M101001,3,0,DisGeNET,35,Myelofibrosis,,-4.4,5.6,5.9,30293,163,300,9,3,0.98,331|861|1029|1499|2335|3716|4982|7057|23158,XIAP|RUNX1|CDKN2A|CTNNB1|FN1|JAK1|TNFRSF11B|THBS1|TBC1D9,-3,0
0,1,0,0,0,0,0,-4.4,0,0,0,0,C1112256,M010000,1,0,DisGeNET,35,Sensorimotor neuropathy,,-4.4,7.6,6.4,30293,93,299,7,2.3,0.87,174|476|2705|3030|4061|5190|7276,AFP|ATP1A1|GJB1|HADHA|LY6E|PEX6|TTR,-3,0
0,0,1,1,0,0,0,0,-3.7,-4.4,0,0,C0333983,M001100,2,0,DisGeNET,35,Hyperplastic Polyp,,-4.4,4.9,5.7,30293,204,300,10,3.3,1,633|652|4586|4680|5265|7040|9518|10103|10801|54858,BGN|BMP4|MUC5AC|CEACAM6|SERPINA1|TGFB1|GDF15|TSPAN1|SEPTIN9|PGPEP1,-3,0
1,0,1,0,0,0,-2.1,0,-4.4,0,0,0,C0040021,M101000,2,0,DisGeNET,35,Thromboangiitis Obliterans,,-4.4,6.4,6.1,30293,127,299,8,2.7,0.93,1435|2516|3105|3627|5743|6774|7412|84818,CSF1|NR5A1|HLA-A|CXCL10|PTGS2|STAT3|VCAM1|IL17RC,-3,0
0,0,0,0,1,1,0,0,0,0,-2.6,-4.4,C0016781,M000011,2,0,DisGeNET,35,Fuchs Endothelial Dystrophy,,-4.4,7.6,6.4,30293,93,300,7,2.3,0.87,481|1026|1029|2335|11214|65018|83959,ATP1B1|CDKN1A|CDKN2A|FN1|AKAP13|PINK1|SLC4A11,-3,0
0,0,1,0,0,0,0,0,-4.4,0,0,0,C0149516,M001000,1,0,DisGeNET,35,Chronic sinusitis,,-4.4,4.9,5.7,30293,205,299,10,3.3,1,718|1080|2706|5743|6890|6891|6892|7097|10148|53905,C3|CFTR|GJB2|PTGS2|TAP1|TAP2|TAPBP|TLR2|EBI3|DUOX1,-3,0
1,1,1,1,0,0,-4.4,-2.6,-2,-2,0,0,C0085605,M111100,4,0,DisGeNET,35,Liver Failure,,-4.4,4.1,5.4,30293,293,300,12,4,1.1,355|1738|2950|3454|3576|3663|5328|10010|56938|80169|80270|83666,FAS|DLD|GSTP1|IFNAR1|CXCL8|IRF5|PLAU|TANK|BMAL2|CTC1|HSD3B7|PARP9,-3,0
0,0,0,1,0,1,0,0,0,-2.2,0,-4.4,C0013528,M000101,2,0,DisGeNET,35,Echolalia,,-4.4,13,7.5,30293,39,300,5,1.7,0.74,71|5339|5663|8878|138050,ACTG1|PLEC|PSEN1|SQSTM1|HGSNAT,-3,0
0,1,0,1,0,0,0,-3,0,-4.4,0,0,C2931672,M010100,2,0,DisGeNET,35,"Cerebral hemorrhage with amyloidosis, hereditary, Dutch type",,-4.4,20,8.6,30293,20,300,4,1.3,0.66,348|351|1471|7040,APOE|APP|CST3|TGFB1,-3,0
0,0,0,0,1,1,0,0,0,0,-4.4,-2.1,C0027832,M000011,2,0,DisGeNET,35,Neurofibromatosis 2,,-4.4,6.4,6.1,30293,127,300,8,2.7,0.93,960|3491|3976|3984|4478|5293|8463|9146,CD44|CCN1|LIF|LIMK1|MSN|PIK3CD|TEAD2|HGS,-3,0
0,1,0,0,0,0,0,-4.4,0,0,0,0,C0456909,M010000,1,0,DisGeNET,35,Blindness,,-4.4,3.6,5.2,30293,393,299,14,4.7,1.2,196|216|682|1191|3073|3074|4041|4351|5176|5190|5360|5950|7276|92840,AHR|ALDH1A1|BSG|CLU|HEXA|HEXB|LRP5|MPI|SERPINF1|PEX6|PLTP|RBP4|TTR|REEP6,-3,0
1,0,0,0,1,1,-4.4,0,0,0,-4.4,-2.7,C0238461,M100011,3,0,DisGeNET,35,Anaplastic thyroid carcinoma,,-4.4,3.6,5.2,30293,392,300,14,4.7,1.2,355|3383|3576|3717|3732|4070|4772|4893|5328|5879|6528|6648|8809|22882,FAS|ICAM1|CXCL8|JAK2|CD82|TACSTD2|NFATC1|NRAS|PLAU|RAC1|SLC5A5|SOD2|IL18R1|ZHX2,-3,0
0,0,0,1,0,0,0,0,0,-4.4,0,0,C0333463,M000100,1,0,DisGeNET,35,Senile Plaques,,-4.4,4.5,5.5,30293,249,300,11,3.7,1.1,348|351|633|1471|1522|2896|3481|4035|7040|28959|55824,APOE|APP|BGN|CST3|CTSZ|GRN|IGF2|LRP1|TGFB1|TMEM176B|PAG1,-3,0
0,0,0,0,1,0,0,0,0,0,-4.4,0,C0026266,M000010,1,0,DisGeNET,35,Mitral Valve Insufficiency,,-4.4,7.5,6.3,30293,94,300,7,2.3,0.87,2316|3984|4053|8642|9469|29940|29995,FLNA|LIMK1|LTBP2|DCHS1|CHST3|DSE|LMCD1,-3,0
0,0,1,1,1,1,0,0,-4.4,-2,-2.5,-2,C0334634,M001111,4,0,DisGeNET,35,"Malignant lymphoma, lymphocytic, intermediate differentiation, diffuse",,-4.4,4.1,5.4,30293,296,299,12,4,1.1,638|972|3604|4050|5359|6774|7157|8506|8743|9308|9582|80326,BIK|CD74|TNFRSF9|LTB|PLSCR1|STAT3|TP53|CNTNAP1|TNFSF10|CD83|APOBEC3B|WNT10A,-3,0
1,0,1,0,0,0,-2.2,0,-4.4,0,0,0,C0085409,M101000,2,0,DisGeNET,35,"Polyendocrinopathies, Autoimmune",,-4.4,5.5,5.8,30293,166,299,9,3,0.99,2811|3105|3684|5359|7097|7412|51284|60489|64127,GP1BA|HLA-A|ITGAM|PLSCR1|TLR2|VCAM1|TLR7|APOBEC3G|NOD2,-3,0
1,0,1,0,0,0,-2.7,0,-4.4,0,0,0,C0002965,M101000,2,0,DisGeNET,35,"Angina, Unstable",,-4.4,6.3,6,30293,129,299,8,2.7,0.93,2811|3934|4790|5743|7097|7292|10148|58191,GP1BA|LCN2|NFKB1|PTGS2|TLR2|TNFSF4|EBI3|CXCL16,-3,0
1,1,1,1,1,1,-2.1,-3.8,-4.4,-3.8,-2.9,-2.1,C0020676,M111111,6,0,DisGeNET,35,Hypothyroidism,,-4.4,3,4.9,30293,613,299,18,6,1.4,103|157|3486|3627|4790|4868|5167|5743|6091|6567|6774|7133|7292|7297|8942|53347|55717|64135,ADAR|GRK3|IGFBP3|CXCL10|NFKB1|NPHS1|ENPP1|PTGS2|ROBO1|SLC16A2|STAT3|TNFRSF1B|TNFSF4|TYK2|KYNU|UBASH3A|WDR11|IFIH1,-3,0
0,0,1,0,0,0,0,0,-4.4,0,0,0,C1832588,M001000,1,0,DisGeNET,35,Chromosome 11p11.2 Deletion Syndrome,,-4.4,9.4,6.7,30293,65,299,6,2,0.81,684|3105|3627|6774|7097|7098,BST2|HLA-A|CXCL10|STAT3|TLR2|TLR3,-3,0
0,0,0,0,1,0,0,0,0,0,-4.4,0,C0008925,M000010,1,0,DisGeNET,35,Cleft Palate,,-4.4,3,4.9,30293,611,300,18,6,1.4,1906|2054|2113|2316|2782|3084|4092|7042|7077|7476|9469|23129|29954|56999|57514|81603|84627|145173,EDN1|STX2|ETS1|FLNA|GNB1|NRG1|SMAD7|TGFB2|TIMP2|WNT7A|CHST3|PLXND1|POMT2|ADAMTS9|ARHGAP31|TRIM8|ZNF469|B3GLCT,-3,0
0,0,1,0,0,0,0,0,-4.3,0,0,0,C0149939,M001000,1,0,DisGeNET,35,Obstructive nephropathy,,-4.3,7.5,6.3,30293,95,299,7,2.3,0.87,567|3934|4856|6774|8876|25897|64127,B2M|LCN2|CCN3|STAT3|VNN1|RNF19A|NOD2,-3,0
0,0,0,1,0,0,0,0,0,-4.3,0,0,C0751587,M000100,1,0,DisGeNET,35,CADASIL Syndrome,,-4.3,13,7.4,30293,40,300,5,1.7,0.74,348|351|633|5476|7040,APOE|APP|BGN|CTSA|TGFB1,-2.9,0
0,0,1,0,1,0,0,0,-3.7,0,-4.3,0,C1397307,M001010,2,0,DisGeNET,35,Cardiac fibrosis,,-4.3,4.1,5.3,30293,297,300,12,4,1.1,467|960|1843|1906|2113|2316|3491|4017|4092|4318|7077|57591,ATF3|CD44|DUSP1|EDN1|ETS1|FLNA|CCN1|LOXL2|SMAD7|MMP9|TIMP2|MRTFA,-2.9,0
1,0,0,1,0,0,-3.6,0,0,-4.3,0,0,C0020541,M100100,2,0,DisGeNET,35,Portal Hypertension,,-4.3,5.4,5.8,30293,167,300,9,3,0.98,1471|2153|4485|5265|7040|7076|9138|57572|388588,CST3|F5|MST1|SERPINA1|TGFB1|TIMP1|ARHGEF1|DOCK6|SMIM1,-2.9,0
1,0,0,0,1,1,-2.9,0,0,0,-3.6,-4.3,C1845050,M100011,3,0,DisGeNET,35,"PIGMENTARY DISORDER, RETICULATE, WITH SYSTEMIC MANIFESTATIONS",,-4.3,4.9,5.6,30293,208,300,10,3.3,1,861|1499|2335|3606|4323|4982|5445|7057|11329|221468,RUNX1|CTNNB1|FN1|IL18|MMP14|TNFRSF11B|PON2|THBS1|STK38|TMEM217,-2.9,0
0,1,1,0,0,0,0,-4.3,-4.3,0,0,0,C0021831,M011000,2,0,DisGeNET,35,Intestinal Diseases,,-4.3,4.8,5.6,30293,209,299,10,3.3,1,196|847|1728|2990|4069|6414|7033|7184|8694|83998,AHR|CAT|NQO1|GUSB|LYZ|SELENOP|TFF3|HSP90B1|DGAT1|REG4,-2.9,0
0,0,0,0,1,1,0,0,0,0,-3.5,-4.3,C1569637,M000011,2,0,DisGeNET,35,"Adenocarcinoma, Endometrioid",,-4.3,6.2,6,30293,130,300,8,2.7,0.93,861|1029|1364|1499|2050|6277|8507|9564,RUNX1|CDKN2A|CLDN4|CTNNB1|EPHB4|S100A6|ENC1|BCAR1,-2.9,0
0,0,0,1,1,1,0,0,0,-2.4,-4.3,-2.1,C0175754,M000111,3,0,DisGeNET,35,Agenesis of corpus callosum,,-4.3,3,4.9,30293,615,300,18,6,1.4,215|329|960|1000|3726|4318|5293|5366|6624|7846|8642|23141|29954|51339|55262|57514|65009|145173,ABCD1|BIRC2|CD44|CDH2|JUNB|MMP9|PIK3CD|PMAIP1|FSCN1|TUBA1A|DCHS1|ANKLE2|POMT2|DACT1|TRAPPC14|ARHGAP31|NDRG4|B3GLCT,-2.9,0
0,1,0,1,1,0,0,-2.3,0,-2.3,-4.3,0,C0270824,M010110,3,0,DisGeNET,35,Visual seizure,,-4.3,4.8,5.6,30293,209,300,10,3.3,1,43|1843|3084|4131|4688|5048|5074|5155|26047|57142,ACHE|DUSP1|NRG1|MAP1B|NCF2|PAFAH1B1|PAWR|PDGFB|CNTNAP2|RTN4,-2.9,0
1,0,1,1,0,1,-2.3,0,-2.3,-4.3,0,-2.9,C3714948,M101101,4,0,DisGeNET,35,PACHYONYCHIA CONGENITA 3,,-4.3,4.8,5.6,30293,209,300,10,3.3,1,2064|3481|5265|5562|5627|7040|7832|10232|27122|50484,ERBB2|IGF2|SERPINA1|PRKAA1|PROS1|TGFB1|BTG2|MSLN|DKK3|RRM2B,-2.9,0
0,0,1,0,0,0,0,0,-4.3,0,0,0,C0026780,M001000,1,0,DisGeNET,35,Mumps,,-4.3,19,8.4,30293,21,299,4,1.3,0.66,3627|6646|7097|10148,CXCL10|SOAT1|TLR2|EBI3,-2.9,0
0,1,0,0,0,0,0,-4.3,0,0,0,0,C0268380,M010000,1,0,DisGeNET,35,Systemic amyloidosis,,-4.3,19,8.4,30293,21,299,4,1.3,0.66,335|336|4069|7276,APOA1|APOA2|LYZ|TTR,-2.9,0
0,0,1,0,0,0,0,0,-4.3,0,0,0,C0347129,M001000,1,0,DisGeNET,35,Dysplasia of anus,,-4.3,19,8.4,30293,21,299,4,1.3,0.66,5743|7157|29108|80326,PTGS2|TP53|PYCARD|WNT10A,-2.9,0
1,0,0,0,0,0,-4.3,0,0,0,0,0,C0005699,M100000,1,0,DisGeNET,35,Blast Phase,,-4.3,4.1,5.3,30293,299,300,12,4,1.1,355|2120|2523|3162|3383|3717|4893|5879|6776|10019|22882|64866,FAS|ETV6|FUT1|HMOX1|ICAM1|JAK2|NRAS|RAC1|STAT5A|SH2B3|ZHX2|CDCP1,-2.9,0
1,0,1,0,1,0,-2.5,0,-4.3,0,-3.1,0,C0024314,M101010,3,0,DisGeNET,35,Lymphoproliferative Disorders,,-4.3,4.1,5.3,30293,300,299,12,4,1.1,3105|4790|6646|6774|7128|7157|7297|8743|9734|10148|57599|84876,HLA-A|NFKB1|SOAT1|STAT3|TNFAIP3|TP53|TYK2|TNFSF10|HDAC9|EBI3|WDR48|ORAI1,-2.9,0
1,1,0,1,0,1,-2.4,-2.4,0,-4.3,0,-3.8,C0220668,M110101,4,0,DisGeNET,35,Congenital contractural arachnodactyly,,-4.3,3.1,4.9,30293,559,300,17,5.7,1.3,894|2064|2896|3481|3691|3880|4586|5530|7018|7040|7178|8714|10103|10232|22933|51573|80139,CCND2|ERBB2|GRN|IGF2|ITGB4|KRT19|MUC5AC|PPP3CA|TF|TGFB1|TPT1|ABCC3|TSPAN1|MSLN|SIRT2|GDE1|ZNF703,-2.9,0
0,0,0,1,0,0,0,0,0,-4.3,0,0,C0085400,M000100,1,0,DisGeNET,35,Neurofibrillary degeneration (morphologic abnormality),,-4.3,19,8.4,30293,21,300,4,1.3,0.66,348|351|2896|10577,APOE|APP|GRN|NPC2,-2.9,0
0,0,0,0,1,0,0,0,0,0,-4.3,0,C0149893,M000010,1,0,DisGeNET,35,Secondary glaucoma,,-4.3,19,8.4,30293,21,300,4,1.3,0.66,4053|4318|7042|84627,LTBP2|MMP9|TGFB2|ZNF469,-2.9,0
0,0,0,0,0,1,0,0,0,0,0,-4.3,C0206692,M000001,1,0,DisGeNET,35,"Carcinoma, Lobular",,-4.3,9.2,6.7,30293,66,300,6,2,0.81,1029|1364|1499|4627|11059|23158,CDKN2A|CLDN4|CTNNB1|MYH9|WWP1|TBC1D9,-2.9,0
0,0,0,1,0,0,0,0,0,-4.3,0,0,C0234533,M000100,1,0,DisGeNET,35,Generalized seizures,,-4.3,4.8,5.5,30293,210,300,10,3.3,1,348|538|950|2353|5066|5530|7040|7991|10765|23043,APOE|ATP7A|SCARB2|FOS|PAM|PPP3CA|TGFB1|TUSC3|KDM5B|TNIK,-2.9,0
0,0,1,1,0,0,0,0,-3.5,-4.3,0,0,C0920646,M001100,2,0,DisGeNET,35,Ischemia of kidney,,-4.3,6.2,5.9,30293,131,300,8,2.7,0.93,1471|1958|2034|2896|5071|7040|7429|22933,CST3|EGR1|EPAS1|GRN|PRKN|TGFB1|VIL1|SIRT2,-2.9,0
0,1,0,0,0,0,0,-4.3,0,0,0,0,C0202236,M010000,1,0,DisGeNET,35,Triglycerides measurement,,-4.3,3.1,4.9,30293,563,299,17,5.7,1.3,335|341|350|949|1728|2217|2720|3249|5360|6920|7048|8701|10062|10144|23042|51085|81579,APOA1|APOC1|APOH|SCARB1|NQO1|FCGRT|GLB1|HPN|PLTP|TCEA3|TGFBR2|DNAH11|NR1H3|FAM13A|PDXDC1|MLXIPL|PLA2G12A,-2.9,0
1,0,0,0,0,0,-4.3,0,0,0,0,0,C0036982,M100000,1,0,DisGeNET,35,"Shock, Hemorrhagic",,-4.3,12,7.3,30293,41,300,5,1.7,0.74,2919|2920|3162|3383|5970,CXCL1|CXCL2|HMOX1|ICAM1|RELA,-2.9,0
0,0,0,0,1,0,0,0,0,0,-4.3,0,C0278493,M000010,1,0,DisGeNET,35,Breast cancer recurrent,,-4.3,12,7.3,30293,41,300,5,1.7,0.74,800|960|1906|5074|10085,CALD1|CD44|EDN1|PAWR|EDIL3,-2.9,0
1,0,0,0,0,0,-4.3,0,0,0,0,0,C0155127,M100000,1,0,DisGeNET,35,"Familial Amyloid Polyneuropathy, Type V",,-4.3,38,10,30293,8,300,3,1,0.57,1540|4070|9180,CYLD|TACSTD2|OSMR,-2.9,0
0,0,0,0,0,1,0,0,0,0,0,-4.3,C1300347,M000001,1,0,DisGeNET,35,Atypical polypoid adenomyoma,,-4.3,38,10,30293,8,300,3,1,0.57,1026|1029|1499,CDKN1A|CDKN2A|CTNNB1,-2.9,0
1,1,1,1,0,1,-4.3,-2.8,-4.3,-2.7,0,-2.7,C0234985,M111101,5,0,DisGeNET,35,Mental deterioration,,-4.3,3.2,5,30293,508,299,16,5.4,1.3,103|567|718|3416|3627|3684|3934|4599|5582|5743|6646|7097|8743|9536|9734|25897,ADAR|B2M|C3|IDE|CXCL10|ITGAM|LCN2|MX1|PRKCG|PTGS2|SOAT1|TLR2|TNFSF10|PTGES|HDAC9|RNF19A,-2.9,0
1,0,1,0,0,0,-2.7,0,-4.3,0,0,0,C0023892,M101000,2,0,DisGeNET,35,Biliary cirrhosis,,-4.3,6.1,5.9,30293,132,299,8,2.7,0.93,1080|1605|3627|4790|6689|6774|7297|8743,CFTR|DAG1|CXCL10|NFKB1|SPIB|STAT3|TYK2|TNFSF10,-2.9,0
0,0,0,0,1,0,0,0,0,0,-4.3,0,C0302142,M000010,1,0,DisGeNET,35,Deformity,,-4.3,3.8,5.2,30293,350,300,13,4.3,1.2,43|467|1030|2316|4092|5048|5293|5744|7280|7476|9590|10085|27295,ACHE|ATF3|CDKN2B|FLNA|SMAD7|PAFAH1B1|PIK3CD|PTHLH|TUBB2A|WNT7A|AKAP12|EDIL3|PDLIM3,-2.9,0
0,1,0,1,0,0,0,-4.3,0,-2.4,0,0,C0236663,M010100,2,0,DisGeNET,35,Alcohol withdrawal syndrome,,-4.3,9.1,6.6,30293,67,299,6,2,0.81,847|1312|1728|2752|4128|23081,CAT|COMT|NQO1|GLUL|MAOA|KDM4C,-2.9,0
1,0,1,0,0,0,-2.4,0,-4.3,0,0,0,C1849193,M101000,2,0,DisGeNET,35,PEELING SKIN SYNDROME,,-4.3,9.1,6.6,30293,67,299,6,2,0.81,684|3105|3627|6774|7097|7098,BST2|HLA-A|CXCL10|STAT3|TLR2|TLR3,-2.9,0
1,0,1,0,1,0,-4.3,0,-3.2,0,-2.3,0,C0151779,M101010,3,0,DisGeNET,35,Cutaneous Melanoma,,-4.3,3.2,5,30293,507,300,16,5.3,1.3,12|355|2950|3107|3383|3482|3576|4312|4893|5879|6648|6692|9575|10019|22882|57162,SERPINA3|FAS|GSTP1|HLA-C|ICAM1|IGF2R|CXCL8|MMP1|NRAS|RAC1|SOD2|SPINT1|CLOCK|SH2B3|ZHX2|PELI1,-2.9,0
0,0,1,1,1,0,0,0,-2.8,-4.3,-2.8,0,C4087504,M001110,3,0,DisGeNET,35,Peritoneal dissemination,,-4.3,5.3,5.7,30293,170,300,9,3,0.98,634|2034|2064|3481|7040|7076|10232|27122|84951,CEACAM1|EPAS1|ERBB2|IGF2|TGFB1|TIMP1|MSLN|DKK3|TNS4,-2.9,0
1,0,0,0,0,0,-4.3,0,0,0,0,0,C0024790,M100000,1,0,DisGeNET,35,Paroxysmal nocturnal hemoglobinuria,,-4.3,6.1,5.9,30293,132,300,8,2.7,0.93,355|2523|3107|3717|4893|5328|7035|80169,FAS|FUT1|HLA-C|JAK2|NRAS|PLAU|TFPI|CTC1,-2.9,0
0,0,1,0,1,0,0,0,-2.7,0,-4.3,0,C1853926,M001010,2,0,DisGeNET,35,NONAKA MYOPATHY,,-4.3,6.1,5.9,30293,132,300,8,2.7,0.93,960|1906|3976|4318|5048|5744|9469|54498,CD44|EDN1|LIF|MMP9|PAFAH1B1|PTHLH|CHST3|SMOX,-2.9,0
0,0,1,0,1,1,0,0,-2.5,0,-3.6,-4.3,C0023440,M001011,3,0,DisGeNET,35,Acute Erythroblastic Leukemia,,-4.3,4,5.3,30293,302,300,12,4,1.1,861|1026|1436|1499|2000|2314|3716|5862|11059|11329|23158|84959,RUNX1|CDKN1A|CSF1R|CTNNB1|ELF4|FLII|JAK1|RAB2A|WWP1|STK38|TBC1D9|UBASH3B,-2.9,0
0,0,0,0,1,0,0,0,0,0,-4.3,0,C0266491,M000010,1,0,DisGeNET,35,Neuronal heterotopia,,-4.3,9,6.6,30293,67,300,6,2,0.81,2316|7846|8642|23141|29954|55262,FLNA|TUBA1A|DCHS1|ANKLE2|POMT2|TRAPPC14,-2.9,0
0,0,1,0,1,0,0,0,-3,0,-4.3,0,C0242350,M001010,2,0,DisGeNET,35,Erectile dysfunction,,-4.3,4.3,5.4,30293,256,300,11,3.7,1.1,43|215|1072|1906|2004|2316|3611|3984|5155|5293|8682,ACHE|ABCD1|CFL1|EDN1|ELK3|FLNA|ILK|LIMK1|PDGFB|PIK3CD|PEA15,-2.9,0
0,0,1,1,0,0,0,0,-4.3,-2.4,0,0,C0342649,M001100,2,0,DisGeNET,35,Vascular calcification,,-4.3,4.3,5.4,30293,257,299,11,3.7,1.1,3604|4734|5167|5743|7097|7128|7157|8743|9536|9734|25897,TNFRSF9|NEDD4|ENPP1|PTGS2|TLR2|TNFAIP3|TP53|TNFSF10|PTGES|HDAC9|RNF19A,-2.9,0
0,1,0,0,1,0,0,-3.4,0,0,-4.3,0,C1384666,M010010,2,0,DisGeNET,35,hearing impairment,,-4.3,2.7,4.8,30293,739,300,20,6.7,1.4,215|1687|1906|2113|2316|2318|3371|3694|3981|8905|9469|10938|23129|26047|26277|51339|84627|145173|152137|285590,ABCD1|GSDME|EDN1|ETS1|FLNA|FLNC|TNC|ITGB6|LIG4|AP1S2|CHST3|EHD1|PLXND1|CNTNAP2|TINF2|DACT1|ZNF469|B3GLCT|CCDC50|SH3PXD2B,-2.9,0
1,0,1,0,0,0,-2.7,0,-4.3,0,0,0,C0019187,M101000,2,0,DisGeNET,35,"Hepatitis, Alcoholic",,-4.3,6.1,5.9,30293,133,299,8,2.7,0.93,972|2638|6373|7097|7098|7157|10148|51284,CD74|GC|CXCL11|TLR2|TLR3|TP53|EBI3|TLR7,-2.9,0
1,0,1,0,1,1,-3.2,0,-4.2,0,-3.2,-2.7,C0023492,M101011,4,0,DisGeNET,35,"Leukemia, T-Cell",,-4.2,3.3,5,30293,457,299,15,5,1.3,2526|3105|3934|4790|4791|4940|6646|6774|7133|7157|7412|8743|9235|25897|64225,FUT4|HLA-A|LCN2|NFKB1|NFKB2|OAS3|SOAT1|STAT3|TNFRSF1B|TP53|VCAM1|TNFSF10|IL32|RNF19A|ATL2,-2.9,0
0,0,1,0,1,0,0,0,-3.7,0,-4.2,0,C0013274,M001010,2,0,DisGeNET,35,Patent ductus arteriosus,,-4.2,3.2,4.9,30293,510,300,16,5.3,1.3,960|1407|1906|2316|3371|3984|4131|4739|5293|7042|7185|8408|23022|51083|51339|145173,CD44|CRY1|EDN1|FLNA|TNC|LIMK1|MAP1B|NEDD9|PIK3CD|TGFB2|TRAF1|ULK1|PALLD|GAL|DACT1|B3GLCT,-2.9,0
0,0,1,0,0,0,0,0,-4.2,0,0,0,C0037023,M001000,1,0,DisGeNET,35,Sialadenitis,,-4.2,12,7.2,30293,42,299,5,1.7,0.74,3604|3934|4050|8741|51284,TNFRSF9|LCN2|LTB|TNFSF13|TLR7,-2.9,0
1,1,0,0,0,0,-2.1,-4.2,0,0,0,0,C1390474,M110000,2,0,DisGeNET,35,Increased susceptibility to fractures,,-4.2,12,7.2,30293,42,299,5,1.7,0.74,4041|5176|5190|9368|60681,LRP5|SERPINF1|PEX6|NHERF1|FKBP10,-2.9,0
1,0,0,0,0,0,-4.2,0,0,0,0,0,C0346421,M100000,1,0,DisGeNET,35,Chronic eosinophilic leukemia,,-4.2,12,7.1,30293,42,300,5,1.7,0.74,2120|3717|6776|8809|10670,ETV6|JAK2|STAT5A|IL18R1|RRAGA,-2.9,0
1,0,1,0,0,0,-4.2,0,-2.3,0,0,0,C0027720,M101000,2,0,DisGeNET,35,Nephrosis,,-4.2,8.9,6.5,30293,68,300,6,2,0.81,285|2625|3383|6776|8879|9076,ANGPT2|GATA3|ICAM1|STAT5A|SGPL1|CLDN1,-2.9,0
0,0,0,0,0,1,0,0,0,0,0,-4.2,C0156149,M000001,1,0,DisGeNET,35,Gastrointestinal tract vascular insufficiency,,-4.2,8.9,6.5,30293,68,300,6,2,0.81,331|966|1499|4615|8737|8878,XIAP|CD59|CTNNB1|MYD88|RIPK1|SQSTM1,-2.9,0
0,0,0,0,0,1,0,0,0,0,0,-4.2,C2004435,M000001,1,0,DisGeNET,35,Vascular insufficiency of intestine,,-4.2,8.9,6.5,30293,68,300,6,2,0.81,331|966|1499|4615|8737|8878,XIAP|CD59|CTNNB1|MYD88|RIPK1|SQSTM1,-2.9,0
0,0,1,0,0,0,0,0,-4.2,0,0,0,C0023092,M001000,1,0,DisGeNET,35,Lassa Fever,,-4.2,18,8.2,30293,22,299,4,1.3,0.66,1605|4045|27074|51643,DAG1|LSAMP|LAMP3|TMBIM4,-2.9,0
0,0,1,0,0,0,0,0,-4.2,0,0,0,C0238694,M001000,1,0,DisGeNET,35,Peripheral arthritis,,-4.2,18,8.2,30293,22,299,4,1.3,0.66,2638|3105|5698|6774,GC|HLA-A|PSMB9|STAT3,-2.9,0
0,1,0,0,0,0,0,-4.2,0,0,0,0,C0342883,M010000,1,0,DisGeNET,35,Cholesteryl Ester Transfer Protein Deficiency,,-4.2,18,8.2,30293,22,299,4,1.3,0.66,335|336|949|5360,APOA1|APOA2|SCARB1|PLTP,-2.9,0
0,0,1,1,1,0,0,0,-2.5,-2,-4.2,0,C0014556,M001110,3,0,DisGeNET,35,"Epilepsy, Temporal Lobe",,-4.2,3.7,5.1,30293,354,300,13,4.3,1.2,118|1627|3084|4133|4318|6722|8482|9846|24145|26047|51083|57142|64780,ADD1|DBN1|NRG1|MAP2|MMP9|SRF|SEMA7A|GAB2|PANX1|CNTNAP2|GAL|RTN4|MICAL1,-2.9,0
1,0,0,0,0,1,-2.7,0,0,0,0,-4.2,C0020097,M100001,2,0,DisGeNET,35,HTLV-I Infections,,-4.2,6,5.8,30293,134,300,8,2.7,0.93,824|1029|1499|3606|4982|7057|11214|23158,CAPN2|CDKN2A|CTNNB1|IL18|TNFRSF11B|THBS1|AKAP13|TBC1D9,-2.9,0
0,0,0,0,1,0,0,0,0,0,-4.2,0,C1306068,M000010,1,0,DisGeNET,35,After-cataract,,-4.2,18,8.1,30293,22,300,4,1.3,0.66,3371|4318|7042|7045,TNC|MMP9|TGFB2|TGFBI,-2.9,0
0,0,1,0,1,0,0,0,-4.2,0,-3.3,0,C0001857,M001010,2,0,DisGeNET,35,AIDS related complex,,-4.2,7.1,6.1,30293,100,299,7,2.3,0.87,718|1302|2638|3105|4790|7157|25897,C3|COL11A2|GC|HLA-A|NFKB1|TP53|RNF19A,-2.8,0
0,0,0,1,0,0,0,0,0,-4.2,0,0,C0346976,M000100,1,0,DisGeNET,35,Secondary malignant neoplasm of pancreas,,-4.2,8.8,6.5,30293,69,300,6,2,0.81,2064|2886|4586|5265|7040|10232,ERBB2|GRB7|MUC5AC|SERPINA1|TGFB1|MSLN,-2.8,0
0,0,1,0,1,1,0,0,-2.1,0,-4.2,-4.2,C0002448,M001011,3,0,DisGeNET,35,Ameloblastoma,,-4.2,5.2,5.6,30293,174,300,9,3,0.98,960|3371|3688|4318|5744|6760|7042|7077|7286,CD44|TNC|ITGB1|MMP9|PTHLH|SS18|TGFB2|TIMP2|TUFT1,-2.8,0
0,0,1,0,0,0,0,0,-4.2,0,0,0,C0039263,M001000,1,0,DisGeNET,35,Takayasu Arteritis,,-4.2,6,5.8,30293,136,299,8,2.7,0.93,3105|3627|6774|7133|7412|8741|9734|64127,HLA-A|CXCL10|STAT3|TNFRSF1B|VCAM1|TNFSF13|HDAC9|NOD2,-2.8,0
1,0,1,0,0,0,-3.4,0,-4.2,0,0,0,C0699893,M101000,2,0,DisGeNET,35,Skin carcinoma,,-4.2,6,5.8,30293,136,299,8,2.7,0.93,637|5724|5743|6774|7133|7157|51284|54331,BID|PTAFR|PTGS2|STAT3|TNFRSF1B|TP53|TLR7|GNG2,-2.8,0
1,0,1,0,0,1,-2.1,0,-4.2,0,0,-2.7,C4290046,M101001,3,0,DisGeNET,35,trachomatis,,-4.2,5.2,5.6,30293,175,299,9,3,0.99,567|718|3105|5743|7096|7097|7157|8743|25897,B2M|C3|HLA-A|PTGS2|TLR1|TLR2|TP53|TNFSF10|RNF19A,-2.8,0
0,1,1,1,0,0,0,-2.3,-2.3,-4.2,0,0,C0018081,M011100,3,0,DisGeNET,35,Gonorrhea,,-4.2,4.3,5.3,30293,261,300,11,3.7,1.1,604|634|639|894|1958|2039|2064|2896|3481|5265|7040,BCL6|CEACAM1|PRDM1|CCND2|EGR1|DMTN|ERBB2|GRN|IGF2|SERPINA1|TGFB1,-2.8,0
0,0,1,1,1,0,0,0,-2.9,-2.3,-4.2,0,C0751690,M001110,3,0,DisGeNET,35,Malignant Peripheral Nerve Sheath Tumor,,-4.2,4.3,5.3,30293,261,300,11,3.7,1.1,960|1030|1843|3084|3371|3984|5293|6760|6876|10763|51083,CD44|CDKN2B|DUSP1|NRG1|TNC|LIMK1|PIK3CD|SS18|TAGLN|NES|GAL,-2.8,0
1,0,0,0,0,0,-4.2,0,0,0,0,0,C0206141,M100000,1,0,DisGeNET,35,Idiopathic Hypereosinophilic Syndrome,,-4.2,12,7,30293,43,300,5,1.7,0.74,2120|3717|4773|10670|25819,ETV6|JAK2|NFATC2|RRAGA|NOCT,-2.8,0
0,0,0,1,0,0,0,0,0,-4.2,0,0,C0398625,M000100,1,0,DisGeNET,35,Protein C Deficiency,,-4.2,12,7,30293,43,300,5,1.7,0.74,2153|2159|5265|5627|54858,F5|F10|SERPINA1|PROS1|PGPEP1,-2.8,0
0,0,0,1,0,0,0,0,0,-4.2,0,0,C0039730,M000100,1,0,DisGeNET,35,Thalassemia,,-4.2,5.9,5.8,30293,136,300,8,2.7,0.93,348|1471|5265|5627|9518|10801|30061|164656,APOE|CST3|SERPINA1|PROS1|GDF15|SEPTIN9|SLC40A1|TMPRSS6,-2.8,0
0,0,1,0,1,1,0,0,-2.2,0,-4.2,-3.6,C0553580,M001011,3,0,DisGeNET,35,Ewings sarcoma,,-4.2,3.1,4.9,30293,517,300,16,5.3,1.3,1000|1030|2113|2887|3084|3371|3611|3726|3976|4318|5048|5293|5366|7791|10763|80381,CDH2|CDKN2B|ETS1|GRB10|NRG1|TNC|ILK|JUNB|LIF|MMP9|PAFAH1B1|PIK3CD|PMAIP1|ZYX|NES|CD276,-2.8,0
1,0,0,1,0,1,-2.6,0,0,-2.2,0,-4.2,C0024232,M100101,3,0,DisGeNET,35,Lymphatic Metastasis,,-4.2,3.3,4.9,30293,463,300,15,5,1.3,331|998|1029|1364|1366|1893|1969|2335|3716|4323|4615|8737|9564|54843|55591,XIAP|CDC42|CDKN2A|CLDN4|CLDN7|ECM1|EPHA2|FN1|JAK1|MMP14|MYD88|RIPK1|BCAR1|SYTL2|VEZT,-2.8,0
0,1,0,0,1,0,0,-4.2,0,0,-2.1,0,C0019193,M010010,2,0,DisGeNET,35,"Hepatitis, Toxic",,-4.2,3.4,5,30293,412,299,14,4.7,1.2,196|335|350|847|1191|3030|5236|5836|6649|7276|8431|10062|56922|81622,AHR|APOA1|APOH|CAT|CLU|HADHA|PGM1|PYGL|SOD3|TTR|NR0B2|NR1H3|MCCC1|UNC93B1,-2.8,0
0,1,0,0,1,0,0,-4.2,0,0,-2.1,0,C4279912,M010010,2,0,DisGeNET,35,Chemically-Induced Liver Toxicity,,-4.2,3.4,5,30293,412,299,14,4.7,1.2,196|335|350|847|1191|3030|5236|5836|6649|7276|8431|10062|56922|81622,AHR|APOA1|APOH|CAT|CLU|HADHA|PGM1|PYGL|SOD3|TTR|NR0B2|NR1H3|MCCC1|UNC93B1,-2.8,0
0,0,1,0,1,0,0,0,-4.2,0,-4.1,0,C0007766,M001010,2,0,DisGeNET,35,Intracranial Aneurysm,,-4.2,3.9,5.1,30293,311,299,12,4,1.1,1520|3105|4790|5743|6732|6774|7097|7412|8743|9734|9826|57599,CTSS|HLA-A|NFKB1|PTGS2|SRPK1|STAT3|TLR2|VCAM1|TNFSF10|HDAC9|ARHGEF11|WDR48,-2.8,0
0,0,0,1,0,0,0,0,0,-4.2,0,0,C0021167,M000100,1,0,DisGeNET,35,Incontinence,,-4.2,8.7,6.4,30293,70,300,6,2,0.81,633|2064|2571|5627|10163|54858,BGN|ERBB2|GAD1|PROS1|WASF2|PGPEP1,-2.8,0
1,0,1,0,0,0,-4.2,0,-3.2,0,0,0,C0023364,M101000,2,0,DisGeNET,35,Leptospirosis,,-4.2,8.7,6.4,30293,70,300,6,2,0.81,12|2919|2920|3383|3576|9805,SERPINA3|CXCL1|CXCL2|ICAM1|CXCL8|SCRN1,-2.8,0
1,0,0,0,0,0,-4.2,0,0,0,0,0,C0917799,M100000,1,0,DisGeNET,35,Hypersomnia,,-4.2,8.7,6.4,30293,70,300,6,2,0.81,330|2847|6528|9575|50506|405753,BIRC3|MCHR1|SLC5A5|CLOCK|DUOX2|DUOXA2,-2.8,0
1,1,0,0,0,1,-3.5,-2.2,0,0,0,-4.2,C0024668,M110001,3,0,DisGeNET,35,"Mammary Neoplasms, Experimental",,-4.2,4.6,5.4,30293,218,300,10,3.3,1,71|331|840|998|1029|2335|5154|6277|7057|10769,ACTG1|XIAP|CASP7|CDC42|CDKN2A|FN1|PDGFA|S100A6|THBS1|PLK2,-2.8,0
1,0,1,1,0,0,-2.3,0,-4.2,-2.9,0,0,C2826323,M101100,3,0,DisGeNET,35,Refractory Cytopenia of Childhood,,-4.2,4.2,5.2,30293,264,299,11,3.7,1.1,94|567|1302|3105|4856|5743|6774|7157|8741|29108|64167,ACVRL1|B2M|COL11A2|HLA-A|CCN3|PTGS2|STAT3|TP53|TNFSF13|PYCARD|ERAP2,-2.8,0
1,0,1,0,1,1,-4.2,0,-3.7,0,-2.3,-2.8,C0023465,M101011,4,0,DisGeNET,35,Acute monocytic leukemia,,-4.2,2.9,4.8,30293,633,300,18,6,1.4,355|2120|3162|3572|3576|3717|4301|4772|4893|5371|5970|6776|10010|22882|23094|51094|80169|83666,FAS|ETV6|HMOX1|IL6ST|CXCL8|JAK2|AFDN|NFATC1|NRAS|PML|RELA|STAT5A|TANK|ZHX2|SIPA1L3|ADIPOR1|CTC1|PARP9,-2.8,0
0,0,1,0,0,0,0,0,-4.2,0,0,0,C0042029,M001000,1,0,DisGeNET,35,Urinary tract infection,,-4.2,4.6,5.4,30293,219,299,10,3.3,1,3627|3684|3934|4868|5743|6364|6524|6774|7097|25897,CXCL10|ITGAM|LCN2|NPHS1|PTGS2|CCL20|SLC5A2|STAT3|TLR2|RNF19A,-2.8,0
0,0,1,0,0,0,0,0,-4.2,0,0,0,C0013295,M001000,1,0,DisGeNET,35,Duodenal Ulcer,,-4.2,7,6,30293,102,299,7,2.3,0.87,1080|3105|5743|6774|7097|7157|25897,CFTR|HLA-A|PTGS2|STAT3|TLR2|TP53|RNF19A,-2.8,0
0,0,1,0,0,0,0,0,-4.2,0,0,0,C0023283,M001000,1,0,DisGeNET,35,"Leishmaniasis, Cutaneous",,-4.2,7,6,30293,102,299,7,2.3,0.87,637|3627|4045|6374|7097|7157|27074,BID|CXCL10|LSAMP|CXCL5|TLR2|TP53|LAMP3,-2.8,0
0,0,1,0,0,0,0,0,-4.2,0,0,0,C0035439,M001000,1,0,DisGeNET,35,Rheumatic Heart Disease,,-4.2,7,6,30293,102,299,7,2.3,0.87,3105|3486|6646|6774|7097|7128|55717,HLA-A|IGFBP3|SOAT1|STAT3|TLR2|TNFAIP3|WDR11,-2.8,0
0,1,0,0,1,0,0,-4.2,0,0,-2.1,0,C3658290,M010010,2,0,DisGeNET,35,Drug-Induced Acute Liver Injury,,-4.2,3.4,5,30293,413,299,14,4.7,1.2,196|335|350|847|1191|3030|5236|5836|6649|7276|8431|10062|56922|81622,AHR|APOA1|APOH|CAT|CLU|HADHA|PGM1|PYGL|SOD3|TTR|NR0B2|NR1H3|MCCC1|UNC93B1,-2.8,0
0,0,1,0,0,0,0,0,-4.1,0,0,0,C0279748,M001000,1,0,DisGeNET,35,Undifferentiated carcinoma of nasopharynx,,-4.1,18,8,30293,23,299,4,1.3,0.66,567|4214|5698|7157,B2M|MAP3K1|PSMB9|TP53,-2.8,0
0,0,1,0,0,0,0,0,-4.1,0,0,0,C2348101,M001000,1,0,DisGeNET,35,Destructive Arthritis,,-4.1,18,8,30293,23,299,4,1.3,0.66,7097|9235|25897|64127,TLR2|IL32|RNF19A|NOD2,-2.8,0
0,0,0,1,0,0,0,0,0,-4.1,0,0,C0268070,M000100,1,0,DisGeNET,35,Hypocupremia,,-4.1,18,7.9,30293,23,300,4,1.3,0.66,538|2064|5066|7018,ATP7A|ERBB2|PAM|TF,-2.8,0
0,0,0,0,1,0,0,0,0,0,-4.1,0,C0686377,M000010,1,0,DisGeNET,35,CNS metastases,,-4.1,6.9,6,30293,102,300,7,2.3,0.87,960|2316|4318|5293|7077|26047|80381,CD44|FLNA|MMP9|PIK3CD|TIMP2|CNTNAP2|CD276,-2.8,0
1,0,1,1,0,0,-3.4,0,-4.1,-4.1,0,0,C0040028,M101100,3,0,DisGeNET,35,"Thrombocythemia, Essential",,-4.1,4.6,5.4,30293,220,299,10,3.3,1,637|3684|3934|6646|6774|7157|8506|8835|9734|79139,BID|ITGAM|LCN2|SOAT1|STAT3|TP53|CNTNAP1|SOCS2|HDAC9|DERL1,-2.8,0
1,0,1,0,0,1,-4.1,0,-3.4,0,0,-2.1,C0035455,M101001,3,0,DisGeNET,35,Rhinitis,,-4.1,5.1,5.5,30293,177,300,9,3,0.98,2625|2950|3107|3162|3383|3576|5993|6674|6778,GATA3|GSTP1|HLA-C|HMOX1|ICAM1|CXCL8|RFX5|SPAG1|STAT6,-2.8,0
1,0,0,0,0,0,-4.1,0,0,0,0,0,C0040517,M100000,1,0,DisGeNET,35,Gilles de la Tourette syndrome,,-4.1,5.1,5.5,30293,177,300,9,3,0.98,1812|2643|2950|3576|3717|6692|23286|83666|255239,DRD1|GCH1|GSTP1|CXCL8|JAK2|SPINT1|WWC1|PARP9|ANKK1,-2.8,0
0,0,0,0,1,0,0,0,0,0,-4.1,0,C0410189,M000010,1,0,DisGeNET,35,"Muscular Dystrophy, Emery-Dreifuss",,-4.1,11,7,30293,44,300,5,1.7,0.74,2316|2318|7042|7077|25777,FLNA|FLNC|TGFB2|TIMP2|SUN2,-2.8,0
1,0,0,0,0,0,-4.1,0,0,0,0,0,C3828416,M100000,1,0,DisGeNET,35,Radiation Damage,,-4.1,11,7,30293,44,300,5,1.7,0.74,860|1540|5879|6648|7100,RUNX2|CYLD|RAC1|SOD2|TLR5,-2.8,0
1,0,1,0,0,0,-2.3,0,-4.1,0,0,0,C0013575,M101000,2,0,DisGeNET,35,Ectodermal Dysplasia,,-4.1,8.6,6.4,30293,71,299,6,2,0.81,2706|4790|4791|10970|80326|84876,GJB2|NFKB1|NFKB2|CKAP4|WNT10A|ORAI1,-2.8,0
0,0,1,0,0,0,0,0,-4.1,0,0,0,C0162565,M001000,1,0,DisGeNET,35,Acute intermittent porphyria,,-4.1,6.9,6,30293,103,299,7,2.3,0.87,567|1080|2235|2638|3105|7097|7157,B2M|CFTR|FECH|GC|HLA-A|TLR2|TP53,-2.8,0
0,0,1,0,0,0,0,0,-4.1,0,0,0,C0520459,M001000,1,0,DisGeNET,35,Necrotizing Enterocolitis,,-4.1,6.9,6,30293,103,299,7,2.3,0.87,5724|5743|7096|7097|7098|51284|64127,PTAFR|PTGS2|TLR1|TLR2|TLR3|TLR7|NOD2,-2.8,0
0,0,1,0,1,1,0,0,-4.1,0,-3.4,-2.8,C0178664,M001011,3,0,DisGeNET,35,Glomerulosclerosis (disorder),,-4.1,4.6,5.3,30293,221,299,10,3.3,1,718|3934|4856|4868|5743|6524|8542|8876|9734|25897,C3|LCN2|CCN3|NPHS1|PTGS2|SLC5A2|APOL1|VNN1|HDAC9|RNF19A,-2.8,0
0,0,1,0,0,0,0,0,-4.1,0,0,0,C0006846,M001000,1,0,DisGeNET,35,Cutaneous Candidiasis,,-4.1,34,9.8,30293,9,299,3,1,0.58,3627|7097|7098,CXCL10|TLR2|TLR3,-2.8,0
0,1,0,0,0,0,0,-4.1,0,0,0,0,C0034960,M010000,1,0,DisGeNET,35,Refsum Disease,,-4.1,34,9.8,30293,9,299,3,1,0.58,847|6342|7276,CAT|SCP2|TTR,-2.8,0
0,1,0,0,0,0,0,-4.1,0,0,0,0,C3149462,M010000,1,0,DisGeNET,35,HYPERALPHALIPOPROTEINEMIA 1,,-4.1,34,9.8,30293,9,299,3,1,0.58,335|336|5360,APOA1|APOA2|PLTP,-2.8,0
0,0,0,0,1,1,0,0,0,0,-4.1,-4.1,C0206743,M000011,2,0,DisGeNET,35,Rhabdoid Tumor,,-4.1,6.9,6,30293,103,300,7,2.3,0.87,329|1030|1264|5293|5366|6876|26047,BIRC2|CDKN2B|CNN1|PIK3CD|PMAIP1|TAGLN|CNTNAP2,-2.8,0
1,0,0,0,1,0,-2.4,0,0,0,-4.1,0,C3665593,M100010,2,0,DisGeNET,35,Melanocytic nevus of skin,,-4.1,6.9,6,30293,103,300,7,2.3,0.87,960|1030|1906|4133|4318|9846|57060,CD44|CDKN2B|EDN1|MAP2|MMP9|GAB2|PCBP4,-2.8,0
0,1,0,1,0,0,0,-3.1,0,-4.1,0,0,C0525045,M010100,2,0,DisGeNET,35,Mood Disorders,,-4.1,3,4.8,30293,580,300,17,5.7,1.3,348|1643|1741|2039|2353|2571|2852|3485|4054|4485|5209|5265|7040|7448|9518|22933|30061,APOE|DDB2|DLG3|DMTN|FOS|GAD1|GPER1|IGFBP2|LTBP3|MST1|PFKFB3|SERPINA1|TGFB1|VTN|GDF15|SIRT2|SLC40A1,-2.8,0
0,0,0,1,0,0,0,0,0,-4.1,0,0,C2931784,M000100,1,0,DisGeNET,35,Amyloid angiopathy,,-4.1,34,9.8,30293,9,300,3,1,0.57,348|351|1471,APOE|APP|CST3,-2.8,0
1,0,0,0,0,0,-4.1,0,0,0,0,0,C0002962,M100000,1,0,DisGeNET,35,Angina Pectoris,,-4.1,5.8,5.7,30293,139,300,8,2.7,0.93,102|1738|3383|3482|3576|3717|3898|5328,ADAM10|DLD|ICAM1|IGF2R|CXCL8|JAK2|LAD1|PLAU,-2.8,0
1,0,1,1,0,0,-2.2,0,-2.2,-4.1,0,0,C0268731,M101100,3,0,DisGeNET,35,Renal glomerular disease,,-4.1,4.6,5.3,30293,221,300,10,3.3,1,348|633|950|1471|2034|2353|4586|7040|7448|10555,APOE|BGN|SCARB2|CST3|EPAS1|FOS|MUC5AC|TGFB1|VTN|AGPAT2,-2.8,0
0,1,0,0,0,1,0,-4.1,0,0,0,-2.2,C0013404,M010001,2,0,DisGeNET,35,Dyspnea,,-4.1,4.6,5.3,30293,222,299,10,3.3,1,283|847|2147|2548|5589|6337|6576|7276|8431|8701,ANG|CAT|F2|GAA|PRKCSH|SCNN1A|SLC25A1|TTR|NR0B2|DNAH11,-2.8,0
1,0,1,1,1,0,-3.6,0,-3.6,-3.6,-4.1,0,C0085669,M101110,4,0,DisGeNET,35,Acute leukemia,,-4.1,2.8,4.7,30293,639,300,18,6,1.4,1030|1072|1849|2113|3589|3981|5293|6624|7077|8301|9590|10121|10487|10962|26277|51343|57060|80381,CDKN2B|CFL1|DUSP7|ETS1|IL11|LIG4|PIK3CD|FSCN1|TIMP2|PICALM|AKAP12|ACTR1A|CAP1|MLLT11|TINF2|FZR1|PCBP4|CD276,-2.8,0
1,1,1,1,0,1,-3.2,-3.2,-3.2,-4.1,0,-3.2,C0015672,M111101,5,0,DisGeNET,35,Fatigue,,-4.1,2.7,4.6,30293,759,300,20,6.7,1.4,348|538|604|634|1643|1917|2057|2064|2571|2852|4054|4485|5066|5562|6296|9518|30061|50484|79660|162417,APOE|ATP7A|BCL6|CEACAM1|DDB2|EEF1A2|EPOR|ERBB2|GAD1|GPER1|LTBP3|MST1|PAM|PRKAA1|ACSM3|GDF15|SLC40A1|RRM2B|PPP1R3B|NAGS,-2.8,0
0,1,0,1,1,0,0,-4.1,0,-2.2,-2.2,0,C0004997,M010110,3,0,DisGeNET,35,Benign Ovarian Neoplasm,,-4.1,8.4,6.3,30293,72,299,6,2,0.81,216|1728|2348|4758|5641|51162,ALDH1A1|NQO1|FOLR1|NEU1|LGMN|EGFL7,-2.8,0
1,0,0,1,0,0,-4.1,0,0,-4.1,0,0,C0005779,M100100,2,0,DisGeNET,35,Blood Coagulation Disorders,,-4.1,4.2,5.2,30293,267,300,11,3.7,1.1,12|285|2120|3162|3576|3717|5328|5371|7035|10019|80270,SERPINA3|ANGPT2|ETV6|HMOX1|CXCL8|JAK2|PLAU|PML|TFPI|SH2B3|HSD3B7,-2.8,0
0,0,0,1,1,0,0,0,0,-3.4,-4.1,0,C0152021,M000110,2,0,DisGeNET,35,Congenital heart disease,,-4.1,4.2,5.2,30293,267,300,11,3.7,1.1,1906|2113|2316|3491|3589|4092|6876|7042|7077|9590|80381,EDN1|ETS1|FLNA|CCN1|IL11|SMAD7|TAGLN|TGFB2|TIMP2|AKAP12|CD276,-2.8,0
0,0,1,0,0,0,0,0,-4.1,0,0,0,C0085077,M001000,1,0,DisGeNET,35,Sweet Syndrome,,-4.1,6.8,5.9,30293,104,299,7,2.3,0.87,1520|6376|6774|7098|7157|7412|8741,CTSS|CX3CL1|STAT3|TLR3|TP53|VCAM1|TNFSF13,-2.8,0
1,0,1,0,0,0,-2.4,0,-4.1,0,0,0,C0521607,M101000,2,0,DisGeNET,35,Peritoneal Fibrosis,,-4.1,6.8,5.9,30293,104,299,7,2.3,0.87,6376|6646|6774|7097|25897|29108|54361,CX3CL1|SOAT1|STAT3|TLR2|RNF19A|PYCARD|WNT4,-2.8,0
0,1,1,0,0,0,0,-3.2,-4.1,0,0,0,C1565662,M011000,2,0,DisGeNET,35,Acute Kidney Insufficiency,,-4.1,6.8,5.9,30293,104,299,7,2.3,0.87,567|718|2638|3934|4790|7097|7157,B2M|C3|GC|LCN2|NFKB1|TLR2|TP53,-2.8,0
0,0,1,0,0,0,0,0,-4.1,0,0,0,C0162359,M001000,1,0,DisGeNET,35,Christ-Siemens-Touraine syndrome,,-4.1,11,6.9,30293,45,299,5,1.7,0.74,3459|4050|5743|80326|84876,IFNGR1|LTB|PTGS2|WNT10A|ORAI1,-2.8,0
0,1,0,0,1,0,0,-4.1,0,0,-2,0,C1262760,M010010,2,0,DisGeNET,35,"Hepatitis, Drug-Induced",,-4.1,3.4,4.9,30293,418,299,14,4.7,1.2,196|335|350|847|1191|3030|5236|5836|6649|7276|8431|10062|56922|81622,AHR|APOA1|APOH|CAT|CLU|HADHA|PGM1|PYGL|SOD3|TTR|NR0B2|NR1H3|MCCC1|UNC93B1,-2.8,0
1,0,1,0,1,0,-2.3,0,-2.4,0,-4.1,0,C0011644,M101010,3,0,DisGeNET,35,Scleroderma,,-4.1,3.8,5.1,30293,316,300,12,4,1.1,241|960|1906|2113|3371|3491|4017|4092|5293|6722|7045|57591,ALOX5AP|CD44|EDN1|ETS1|TNC|CCN1|LOXL2|SMAD7|PIK3CD|SRF|TGFBI|MRTFA,-2.8,0
1,0,0,0,1,1,-4.1,0,0,0,-4.1,-2.7,C0206687,M100011,3,0,DisGeNET,35,"Carcinoma, Endometrioid",,-4.1,4.5,5.3,30293,223,300,10,3.3,1,2625|3162|3659|4070|4301|11226|28956|51094|64866|121665,GATA3|HMOX1|IRF1|TACSTD2|AFDN|GALNT6|LAMTOR2|ADIPOR1|CDCP1|SPPL3,-2.8,0
0,1,1,1,0,0,0,-4.1,-3.5,-4.1,0,0,C0020615,M011100,3,0,DisGeNET,35,Hypoglycemia,,-4.1,3.4,4.9,30293,420,299,14,4.7,1.2,196|364|2109|3030|3170|4351|5236|5256|5836|6519|7351|7358|51084|56922,AHR|AQP7|ETFB|HADHA|FOXA2|MPI|PGM1|PHKA2|PYGL|SLC3A1|UCP2|UGDH|CRYL1|MCCC1,-2.7,0
0,1,0,0,0,0,0,-4.1,0,0,0,0,C0017920,M010000,1,0,DisGeNET,35,Glycogen Storage Disease Type I,,-4.1,17,7.8,30293,24,299,4,1.3,0.66,5256|5836|10062|51085,PHKA2|PYGL|NR1H3|MLXIPL,-2.7,0
0,0,1,1,1,1,0,0,-3.6,-2.8,-4.1,-2.4,C0233794,M001111,4,0,DisGeNET,35,Memory impairment,,-4.1,2.6,4.6,30293,763,300,20,6.7,1.4,43|649|960|1906|2054|2664|3084|3097|3611|4133|5155|5293|5947|8301|8851|10763|24145|51083|57060|91252,ACHE|BMP1|CD44|EDN1|STX2|GDI1|NRG1|HIVEP2|ILK|MAP2|PDGFB|PIK3CD|RBP1|PICALM|CDK5R1|NES|PANX1|GAL|PCBP4|SLC39A13,-2.7,0
1,0,1,0,1,0,-4.1,0,-2.4,0,-2.9,0,C4525297,M101010,3,0,DisGeNET,35,Stage 0 Gallbladder Cancer AJCC v8,,-4.1,3.6,5,30293,367,300,13,4.3,1.2,330|355|2014|2950|3107|3717|4070|5371|8837|9076|10553|27113|346389,BIRC3|FAS|EMP3|GSTP1|HLA-C|JAK2|TACSTD2|PML|CFLAR|CLDN1|HTATIP2|BBC3|MACC1,-2.7,0
1,0,1,0,1,0,-4.1,0,-2.4,0,-2.9,0,C4525300,M101010,3,0,DisGeNET,35,Stage IIA Gallbladder Cancer AJCC v8,,-4.1,3.6,5,30293,367,300,13,4.3,1.2,330|355|2014|2950|3107|3717|4070|5371|8837|9076|10553|27113|346389,BIRC3|FAS|EMP3|GSTP1|HLA-C|JAK2|TACSTD2|PML|CFLAR|CLDN1|HTATIP2|BBC3|MACC1,-2.7,0
1,0,1,0,1,0,-4.1,0,-2.4,0,-2.9,0,C4525301,M101010,3,0,DisGeNET,35,Stage IIB Gallbladder Cancer AJCC v8,,-4.1,3.6,5,30293,367,300,13,4.3,1.2,330|355|2014|2950|3107|3717|4070|5371|8837|9076|10553|27113|346389,BIRC3|FAS|EMP3|GSTP1|HLA-C|JAK2|TACSTD2|PML|CFLAR|CLDN1|HTATIP2|BBC3|MACC1,-2.7,0
1,0,1,0,1,0,-4.1,0,-2.4,0,-2.9,0,C4525302,M101010,3,0,DisGeNET,35,Stage III Gallbladder Cancer AJCC v8,,-4.1,3.6,5,30293,367,300,13,4.3,1.2,330|355|2014|2950|3107|3717|4070|5371|8837|9076|10553|27113|346389,BIRC3|FAS|EMP3|GSTP1|HLA-C|JAK2|TACSTD2|PML|CFLAR|CLDN1|HTATIP2|BBC3|MACC1,-2.7,0
1,0,1,0,1,0,-4.1,0,-2.4,0,-2.9,0,C4525305,M101010,3,0,DisGeNET,35,Stage IV Gallbladder Cancer AJCC v8,,-4.1,3.6,5,30293,367,300,13,4.3,1.2,330|355|2014|2950|3107|3717|4070|5371|8837|9076|10553|27113|346389,BIRC3|FAS|EMP3|GSTP1|HLA-C|JAK2|TACSTD2|PML|CFLAR|CLDN1|HTATIP2|BBC3|MACC1,-2.7,0
0,0,0,1,0,0,0,0,0,-4.1,0,0,C0236848,M000100,1,0,DisGeNET,35,Age-related cognitive decline,,-4.1,17,7.8,30293,24,300,4,1.3,0.66,348|351|5627|22933,APOE|APP|PROS1|SIRT2,-2.7,0
0,1,0,0,1,0,0,-2.1,0,0,-4.1,0,C0086437,M010010,2,0,DisGeNET,35,Joint laxity,,-4.1,4.5,5.3,30293,224,300,10,3.3,1,2316|3984|4131|8642|9469|10046|64207|84627|91252|145173,FLNA|LIMK1|MAP1B|DCHS1|CHST3|MAMLD1|IRF2BPL|ZNF469|SLC39A13|B3GLCT,-2.7,0
0,0,0,0,1,1,0,0,0,0,-2.2,-4.1,C0029459,M000011,2,0,DisGeNET,35,"Osteoporosis, Senile",,-4.1,8.3,6.2,30293,73,300,6,2,0.81,71|4982|5663|7094|7414|9948,ACTG1|TNFRSF11B|PSEN1|TLN1|VCL|WDR1,-2.7,0
1,0,1,0,1,0,-2.3,0,-4.1,0,-2.3,0,C0206062,M101010,3,0,DisGeNET,35,"Lung Diseases, Interstitial",,-4.1,3.8,5,30293,319,299,12,4,1.1,3384|3627|3684|6376|6752|6774|7133|7157|7412|58191|64127|64135,ICAM2|CXCL10|ITGAM|CX3CL1|SSTR2|STAT3|TNFRSF1B|TP53|VCAM1|CXCL16|NOD2|IFIH1,-2.7,0
1,0,1,0,0,0,-4.1,0,-2.3,0,0,0,C3806482,M101000,2,0,DisGeNET,35,Recurrent respiratory infections,,-4.1,3.8,5,30293,318,300,12,4,1.1,330|860|1535|3431|4792|5993|6674|7461|8943|29887|80169|146206,BIRC3|RUNX2|CYBA|SP110|NFKBIA|RFX5|SPAG1|CLIP2|AP3D1|SNX10|CTC1|CARMIL2,-2.7,0
1,0,0,1,1,0,-2.5,0,0,-4,-2.5,0,C0086132,M100110,3,0,DisGeNET,35,Depressive Symptoms,,-4,3.4,4.9,30293,421,300,14,4.7,1.2,348|351|828|1471|2353|2571|2896|4054|5066|5104|7040|7076|10163|27352,APOE|APP|CAPS|CST3|FOS|GAD1|GRN|LTBP3|PAM|SERPINA5|TGFB1|TIMP1|WASF2|SGSM3,-2.7,0
1,0,0,0,1,1,-2,0,0,0,-2.6,-4,C0206695,M100011,3,0,DisGeNET,35,"Carcinoma, Neuroendocrine",,-4,5,5.4,30293,182,300,9,3,0.98,1026|1029|1364|1499|2314|2335|6469|23471|55654,CDKN1A|CDKN2A|CLDN4|CTNNB1|FLII|FN1|SHH|TRAM1|TMEM127,-2.7,0
0,0,0,0,1,0,0,0,0,0,-4,0,C0034888,M000010,1,0,DisGeNET,35,Rectal Prolapse,,-4,11,6.8,30293,46,300,5,1.7,0.74,3981|3984|9846|57591|65059,LIG4|LIMK1|GAB2|MRTFA|RAPH1,-2.7,0
0,0,0,0,1,0,0,0,0,0,-4,0,C0344530,M000010,1,0,DisGeNET,35,Congenital keratoglobus,,-4,11,6.8,30293,46,300,5,1.7,0.74,3984|4053|26277|29954|84627,LIMK1|LTBP2|TINF2|POMT2|ZNF469,-2.7,0
1,0,1,0,0,0,-2.1,0,-4,0,0,0,C0024301,M101000,2,0,DisGeNET,35,"Lymphoma, Follicular",,-4,3.2,4.8,30293,477,299,15,5,1.3,94|567|638|3105|4794|6774|6891|7097|7128|7157|8741|8743|8835|10970|23492,ACVRL1|B2M|BIK|HLA-A|NFKBIE|STAT3|TAP2|TLR2|TNFAIP3|TP53|TNFSF13|TNFSF10|SOCS2|CKAP4|CBX7,-2.7,0
0,0,1,0,0,0,0,0,-4,0,0,0,C0341106,M001000,1,0,DisGeNET,35,Eosinophilic esophagitis,,-4,5,5.4,30293,183,299,9,3,0.99,637|3684|5743|6646|7098|7297|7412|8743|9235,BID|ITGAM|PTGS2|SOAT1|TLR3|TYK2|VCAM1|TNFSF10|IL32,-2.7,0
0,0,1,0,0,0,0,0,-4,0,0,0,C1519353,M001000,1,0,DisGeNET,35,Skin Papule,,-4,8.2,6.2,30293,74,299,6,2,0.81,2706|6774|10483|51752|64127|84818,GJB2|STAT3|SEC23B|ERAP1|NOD2|IL17RC,-2.7,0
0,0,0,1,0,1,0,0,0,-4,0,-2.8,C0026837,M000101,2,0,DisGeNET,35,Muscle Rigidity,,-4,3.8,5,30293,320,300,12,4,1.1,348|351|1917|2064|3880|5071|5530|5645|7040|9644|79932|284111,APOE|APP|EEF1A2|ERBB2|KRT19|PRKN|PPP3CA|PRSS2|TGFB1|SH3PXD2A|KIAA0319L|SLC13A5,-2.7,0
1,1,1,0,0,1,-2.2,-4,-2.8,0,0,-2.2,C0030354,M111001,4,0,DisGeNET,35,Papilloma,,-4,4.1,5.1,30293,273,299,11,3.7,1.1,216|847|1191|1728|2065|2217|2720|7108|7276|10682|54504,ALDH1A1|CAT|CLU|NQO1|ERBB3|FCGRT|GLB1|TM7SF2|TTR|EBP|CPVL,-2.7,0
1,0,0,0,0,0,-4,0,0,0,0,0,C0011882,M100000,1,0,DisGeNET,35,Diabetic Neuropathies,,-4,5.6,5.6,30293,143,300,8,2.7,0.93,2950|3162|3267|5970|6446|6648|7100|50506,GSTP1|HMOX1|AGFG1|RELA|SGK1|SOD2|TLR5|DUOX2,-2.7,0
0,0,0,1,0,0,0,0,0,-4,0,0,C0019069,M000100,1,0,DisGeNET,35,Hemophilia A,,-4,5.6,5.6,30293,143,300,8,2.7,0.93,2153|2159|4035|5104|5627|7040|7178|50808,F5|F10|LRP1|SERPINA5|PROS1|TGFB1|TPT1|AK3,-2.7,0
1,0,0,1,1,0,-4,0,0,-3.4,-3.4,0,C1176475,M100110,3,0,DisGeNET,35,Ductal Carcinoma,,-4,4.1,5.1,30293,273,300,11,3.7,1.1,285|374|2120|2950|3576|3663|3732|6648|6776|7405|9076,ANGPT2|AREG|ETV6|GSTP1|CXCL8|IRF5|CD82|SOD2|STAT5A|UVRAG|CLDN1,-2.7,0
1,0,1,0,0,0,-4,0,-3.2,0,0,0,C0033774,M101000,2,0,DisGeNET,35,Pruritus,,-4,6.6,5.8,30293,107,300,7,2.3,0.87,3663|3717|4312|4893|9180|10019|80270,IRF5|JAK2|MMP1|NRAS|OSMR|SH2B3|HSD3B7,-2.7,0
0,0,1,0,0,0,0,0,-4,0,0,0,C0004030,M001000,1,0,DisGeNET,35,Aspergillosis,,-4,11,6.7,30293,47,299,5,1.7,0.74,1080|6774|7096|7098|64127,CFTR|STAT3|TLR1|TLR3|NOD2,-2.7,0
0,0,1,0,0,0,0,0,-4,0,0,0,C0018129,M001000,1,0,DisGeNET,35,Graft Rejection,,-4,11,6.7,30293,47,299,5,1.7,0.74,1435|5698|5971|7097|7133,CSF1|PSMB9|RELB|TLR2|TNFRSF1B,-2.7,0
0,0,1,0,0,0,0,0,-4,0,0,0,C0024793,M001000,1,0,DisGeNET,35,Marek Disease,,-4,11,6.7,30293,47,299,5,1.7,0.74,5743|6774|7098|7157|115004,PTGS2|STAT3|TLR3|TP53|CGAS,-2.7,0
1,0,1,0,0,1,-4,0,-3.4,0,0,-2.3,C0376544,M101001,3,0,DisGeNET,35,Hematopoietic Neoplasms,,-4,3.8,5,30293,322,300,12,4,1.1,355|2120|3162|3659|3663|3717|5371|5879|5966|6776|10318|27113,FAS|ETV6|HMOX1|IRF1|IRF5|JAK2|PML|RAC1|REL|STAT5A|TNIP1|BBC3,-2.7,0
1,0,0,1,1,1,-4,0,0,-2.9,-4,-2.4,C0153452,M100111,4,0,DisGeNET,35,Malignant neoplasm of gallbladder,,-4,3.3,4.8,30293,425,300,14,4.7,1.2,330|355|2014|2950|3107|3267|3717|4070|5371|8837|9076|10553|27113|346389,BIRC3|FAS|EMP3|GSTP1|HLA-C|AGFG1|JAK2|TACSTD2|PML|CFLAR|CLDN1|HTATIP2|BBC3|MACC1,-2.7,0
0,0,1,0,0,0,0,0,-4,0,0,0,C0036974,M001000,1,0,DisGeNET,35,Shock,,-4,16,7.6,30293,25,299,4,1.3,0.66,3684|6890|7097|7412,ITGAM|TAP1|TLR2|VCAM1,-2.7,0
0,0,0,1,1,1,0,0,0,-4,-3.4,-2.2,C4284013,M000111,3,0,DisGeNET,35,Primary cholangiocarcinoma of intrahepatic biliary tract,,-4,4.1,5.1,30293,274,300,11,3.7,1.1,868|976|1917|2064|3880|4586|4680|6690|7040|7076|55359,CBLB|ADGRE5|EEF1A2|ERBB2|KRT19|MUC5AC|CEACAM6|SPINK1|TGFB1|TIMP1|STYK1,-2.7,0
0,0,0,1,0,1,0,0,0,-2.9,0,-4,C0014527,M000101,2,0,DisGeNET,35,Epidermolysis Bullosa,,-4,11,6.7,30293,47,300,5,1.7,0.74,2314|3675|3909|5339|55612,FLII|ITGA3|LAMA3|PLEC|FERMT1,-2.7,0
0,0,0,0,1,0,0,0,0,0,-4,0,C0745130,M000010,1,0,DisGeNET,35,Resistant hypertensive disorder,,-4,11,6.7,30293,47,300,5,1.7,0.74,1906|2004|4318|7077|24145,EDN1|ELK3|MMP9|TIMP2|PANX1,-2.7,0
1,0,0,0,1,0,-2.7,0,0,0,-4,0,C1306557,M100010,2,0,DisGeNET,35,Chronic venous insufficiency,,-4,16,7.6,30293,25,300,4,1.3,0.66,4318|5293|7077|8935,MMP9|PIK3CD|TIMP2|SKAP2,-2.7,0
0,0,0,1,0,0,0,0,0,-4,0,0,C1279420,M000100,1,0,DisGeNET,35,Anxiety neurosis (finding),,-4,8.1,6.1,30293,75,300,6,2,0.81,348|351|2353|5066|5265|51573,APOE|APP|FOS|PAM|SERPINA1|GDE1,-2.7,0
1,0,0,0,0,1,-2.2,0,0,0,0,-4,C2132198,M100001,2,0,DisGeNET,35,Abnormal blistering of the skin,,-4,8.1,6.1,30293,75,300,6,2,0.81,1893|2707|3675|3909|5339|55612,ECM1|GJB3|ITGA3|LAMA3|PLEC|FERMT1,-2.7,0
1,0,0,1,0,0,-2.3,0,0,-4,0,0,C0002986,M100100,2,0,DisGeNET,35,Fabry Disease,,-4,6.5,5.8,30293,108,300,7,2.3,0.87,348|950|2153|2159|2353|5476|7040,APOE|SCARB2|F5|F10|FOS|CTSA|TGFB1,-2.7,0
1,0,0,1,0,0,-4,0,0,-2.3,0,0,C0007117,M100100,2,0,DisGeNET,35,Basal cell carcinoma,,-4,6.5,5.8,30293,108,300,7,2.3,0.87,650|3576|5879|8549|8837|10584|64759,BMP2|CXCL8|RAC1|LGR5|CFLAR|COLEC10|TNS3,-2.7,0
0,0,0,0,0,1,0,0,0,0,0,-4,C3665419,M000001,1,0,DisGeNET,35,intracranial glioma,,-4,6.5,5.8,30293,108,300,7,2.3,0.87,822|977|1026|2308|3606|4323|8797,CAPG|CD151|CDKN1A|FOXO1|IL18|MMP14|TNFRSF10A,-2.7,0
1,0,0,1,1,0,-4,0,0,-2.5,-4,0,C0740392,M100110,3,0,DisGeNET,35,"Infarction, Middle Cerebral Artery",,-4,5.6,5.5,30293,145,300,8,2.7,0.93,2920|3162|3383|3572|4312|4792|5328|6648,CXCL2|HMOX1|ICAM1|IL6ST|MMP1|NFKBIA|PLAU|SOD2,-2.7,0
0,1,1,1,0,1,0,-4,-2.4,-2.4,0,-2.4,C0022104,M011101,4,0,DisGeNET,35,Irritable Bowel Syndrome,,-4,3.3,4.8,30293,429,299,14,4.7,1.2,847|1312|2147|2264|2720|2752|2923|4041|7033|7048|7494|9368|25870|51085,CAT|COMT|F2|FGFR4|GLB1|GLUL|PDIA3|LRP5|TFF3|TGFBR2|XBP1|NHERF1|SUMF2|MLXIPL,-2.7,0
1,0,0,1,0,0,-4,0,0,-4,0,0,C0878500,M100100,2,0,DisGeNET,35,Intraepithelial Neoplasia,,-4,4.9,5.3,30293,186,300,9,3,0.98,374|2625|2950|4312|5328|5970|6776|8767|9076,AREG|GATA3|GSTP1|MMP1|PLAU|RELA|STAT5A|RIPK2|CLDN1,-2.7,0
1,0,1,0,0,0,-2.2,0,-4,0,0,0,C0023860,M101000,2,0,DisGeNET,35,Listeriosis,,-4,8,6.1,30293,76,299,6,2,0.81,3437|3684|4734|7157|8835|64127,IFIT3|ITGAM|NEDD4|TP53|SOCS2|NOD2,-2.7,0
0,0,1,0,0,0,0,0,-4,0,0,0,C0332563,M001000,1,0,DisGeNET,35,Papule,,-4,8,6.1,30293,76,299,6,2,0.81,2706|6774|10483|51752|64127|84818,GJB2|STAT3|SEC23B|ERAP1|NOD2|IL17RC,-2.7,0
0,0,0,0,1,0,0,0,0,0,-4,0,C0221357,M000010,1,0,DisGeNET,35,Brachydactyly,,-4,3.7,4.9,30293,325,300,12,4,1.1,2137|2316|3694|3981|4053|5744|5922|9469|23129|57514|145173|285590,EXTL3|FLNA|ITGB6|LIG4|LTBP2|PTHLH|RASA2|CHST3|PLXND1|ARHGAP31|B3GLCT|SH3PXD2B,-2.7,0
0,1,0,1,1,1,0,-3.5,0,-2.5,-4,-4,C0029925,M010111,4,0,DisGeNET,35,Ovarian Carcinoma,,-4,3,4.7,30293,539,300,16,5.3,1.3,960|1030|1843|1906|2113|3491|3611|3984|4739|5293|7077|9846|23022|51083|80381|115825,CD44|CDKN2B|DUSP1|EDN1|ETS1|CCN1|ILK|LIMK1|NEDD9|PIK3CD|TIMP2|GAB2|PALLD|GAL|CD276|WDFY2,-2.7,0
0,1,0,0,0,0,0,-4,0,0,0,0,C0268226,M010000,1,0,DisGeNET,35,Type I Mucolipidosis,,-4,30,9.3,30293,10,299,3,1,0.58,2720|4758|51162,GLB1|NEU1|EGFL7,-2.7,0
0,1,0,0,0,0,0,-4,0,0,0,0,C0409495,M010000,1,0,DisGeNET,35,Protrusio acetabuli,,-4,30,9.3,30293,10,299,3,1,0.58,5176|7048|60681,SERPINF1|TGFBR2|FKBP10,-2.7,0
0,0,1,0,0,0,0,0,-4,0,0,0,C1704430,M001000,1,0,DisGeNET,35,Urinary Schistosomiasis,,-4,30,9.3,30293,10,299,3,1,0.58,4045|7157|27074,LSAMP|TP53|LAMP3,-2.7,0
0,1,0,0,0,0,0,-4,0,0,0,0,C4081731,M010000,1,0,DisGeNET,35,Hereditary systemic amyloidosis,,-4,30,9.3,30293,10,299,3,1,0.58,335|4069|7276,APOA1|LYZ|TTR,-2.7,0
0,0,0,1,0,0,0,0,0,-4,0,0,C0349204,M000100,1,0,DisGeNET,35,Nonorganic psychosis,,-4,3.5,4.9,30293,376,300,13,4.3,1.2,348|1917|2353|2571|2896|3481|4485|5104|5645|7040|9518|27352|54858,APOE|EEF1A2|FOS|GAD1|GRN|IGF2|MST1|SERPINA5|PRSS2|TGFB1|GDF15|SGSM3|PGPEP1,-2.7,0
1,0,1,0,0,1,-3.9,0,-4,0,0,-2.5,C0079772,M101001,3,0,DisGeNET,35,T-Cell Lymphoma,,-4,3.1,4.7,30293,485,299,15,5,1.3,94|567|843|2526|3627|4790|4791|5698|6646|6689|6774|7098|7157|10970|51284,ACVRL1|B2M|CASP10|FUT4|CXCL10|NFKB1|NFKB2|PSMB9|SOAT1|SPIB|STAT3|TLR3|TP53|CKAP4|TLR7,-2.7,0
0,1,0,0,0,0,0,-4,0,0,0,0,C0242216,M010000,1,0,DisGeNET,35,Biliary calculi,,-4,11,6.6,30293,48,299,5,1.7,0.74,335|341|949|5205|7104,APOA1|APOC1|SCARB1|ATP8B1|TM4SF4,-2.7,0
0,0,1,0,0,0,0,0,-4,0,0,0,C0343752,M001000,1,0,DisGeNET,35,Acute HIV infection,,-4,11,6.6,30293,48,299,5,1.7,0.74,3627|4045|6646|8743|27074,CXCL10|LSAMP|SOAT1|TNFSF10|LAMP3,-2.7,0
1,0,0,0,1,1,-2.3,0,0,0,-2.3,-4,C0015302,M100011,3,0,DisGeNET,35,External exotoses,,-4,6.5,5.7,30293,109,300,7,2.3,0.87,822|966|1499|2150|4982|7057|387521,CAPG|CD59|CTNNB1|F2RL1|TNFRSF11B|THBS1|PEDS1,-2.7,0
0,0,1,1,0,0,0,0,-2.3,-4,0,0,C1332922,M001100,2,0,DisGeNET,35,Cervical Squamous Intraepithelial Neoplasia,,-4,6.5,5.7,30293,109,300,7,2.3,0.87,1471|2064|3481|5104|7040|9518|23030,CST3|ERBB2|IGF2|SERPINA5|TGFB1|GDF15|KDM4B,-2.7,0
0,0,0,1,0,0,0,0,0,-4,0,0,C0020514,M000100,1,0,DisGeNET,35,Hyperprolactinemia,,-4,11,6.6,30293,48,300,5,1.7,0.74,950|2064|2571|7040|8714,SCARB2|ERBB2|GAD1|TGFB1|ABCC3,-2.7,0
0,0,0,0,0,1,0,0,0,0,0,-4,C0042834,M000001,1,0,DisGeNET,35,Vital capacity,,-4,3.3,4.8,30293,430,300,14,4.7,1.2,71|666|1366|2335|5937|7057|9451|10079|11259|23034|26112|54842|54897|253461,ACTG1|BOK|CLDN7|FN1|RBMS1|THBS1|EIF2AK3|ATP9A|FILIP1L|SAMD4A|CCDC69|MFSD6|CASZ1|ZBTB38,-2.7,0
0,0,1,0,0,0,0,0,-3.9,0,0,0,C0243038,M001000,1,0,DisGeNET,35,"Carcinoma, Lewis Lung",,-3.9,4.9,5.3,30293,188,299,9,3,0.99,1302|3604|5743|6364|6646|6774|25897|51284|64127,COL11A2|TNFRSF9|PTGS2|CCL20|SOAT1|STAT3|RNF19A|TLR7|NOD2,-2.7,0
0,0,1,0,0,0,0,0,-3.9,0,0,0,C1391732,M001000,1,0,DisGeNET,35,Cancer cachexia,,-3.9,6.4,5.7,30293,110,299,7,2.3,0.87,3486|3627|3934|5743|6774|25897|51284,IGFBP3|CXCL10|LCN2|PTGS2|STAT3|RNF19A|TLR7,-2.7,0
1,1,0,1,0,0,-3.9,-3.3,0,-2.7,0,0,C0020550,M110100,3,0,DisGeNET,35,Hyperthyroidism,,-3.9,4,5,30293,278,300,11,3.7,1.1,3107|3162|3576|5970|6528|6648|6776|6778|9575|51719|57674,HLA-C|HMOX1|CXCL8|RELA|SLC5A5|SOD2|STAT5A|STAT6|CLOCK|CAB39|RNF213,-2.7,0
0,0,0,1,1,0,0,0,0,-3.9,-3.2,0,C0000786,M000110,2,0,DisGeNET,35,Spontaneous abortion,,-3.9,4.8,5.3,30293,188,300,9,3,0.98,348|634|1291|3481|3623|3691|4324|4680|7040,APOE|CEACAM1|COL6A1|IGF2|INHA|ITGB4|MMP15|CEACAM6|TGFB1,-2.7,0
1,1,0,1,0,1,-2.4,-2.5,0,-3.9,0,-3.4,C1445957,M110101,4,0,DisGeNET,35,Serum total cholesterol measurement,,-3.9,3.1,4.7,30293,486,300,15,5,1.3,35|348|351|432|2039|2153|2159|4035|5265|8714|10577|10806|57572|64764|80736,ACADS|APOE|APP|ASGR1|DMTN|F5|F10|LRP1|SERPINA1|ABCC3|NPC2|SDCCAG8|DOCK6|CREB3L2|SLC44A4,-2.7,0
0,0,1,0,0,0,0,0,-3.9,0,0,0,C0349459,M001000,1,0,DisGeNET,35,Cervical intraepithelial neoplasia grade 2,,-3.9,7.9,6,30293,77,299,6,2,0.81,3105|7097|7157|29108|51284|64208,HLA-A|TLR2|TP53|PYCARD|TLR7|POPDC3,-2.7,0
1,1,1,0,1,1,-3.9,-2.6,-2.1,0,-3.3,-3.3,C0205696,M111011,5,0,DisGeNET,35,Anaplastic carcinoma,,-3.9,4.4,5.1,30293,232,300,10,3.3,1,2625|2950|3572|4312|6446|6528|6648|6776|7405|9019,GATA3|GSTP1|IL6ST|MMP1|SGK1|SLC5A5|SOD2|STAT5A|UVRAG|MPZL1,-2.7,0
0,1,0,0,0,0,0,-3.9,0,0,0,0,C0039373,M010000,1,0,DisGeNET,35,Tay-Sachs Disease,,-3.9,16,7.4,30293,26,299,4,1.3,0.66,2217|2720|3073|3074,FCGRT|GLB1|HEXA|HEXB,-2.6,0
0,0,1,0,0,0,0,0,-3.9,0,0,0,C0085750,M001000,1,0,DisGeNET,35,Adenosis of Breast,,-3.9,16,7.4,30293,26,299,4,1.3,0.66,5743|7113|7157|10970,PTGS2|TMPRSS2|TP53|CKAP4,-2.6,0
0,0,0,0,0,1,0,0,0,0,0,-3.9,C0241181,M000001,1,0,DisGeNET,35,Fragile skin,,-3.9,16,7.4,30293,26,300,4,1.3,0.66,3675|3728|5339|55612,ITGA3|JUP|PLEC|FERMT1,-2.6,0
0,0,0,1,0,0,0,0,0,-3.9,0,0,C1277709,M000100,1,0,DisGeNET,35,Transferrin saturation measurement,,-3.9,16,7.4,30293,26,300,4,1.3,0.66,7018|10801|57537|164656,TF|SEPTIN9|SORCS2|TMPRSS6,-2.6,0
0,0,0,1,0,0,0,0,0,-3.9,0,0,C3854388,M000100,1,0,DisGeNET,35,Hyperferritinaemia,,-3.9,16,7.4,30293,26,300,4,1.3,0.66,5265|9518|30061|164656,SERPINA1|GDF15|SLC40A1|TMPRSS6,-2.6,0
1,0,1,0,1,0,-2.3,0,-3.9,0,-2.3,0,C1168327,M101010,3,0,DisGeNET,35,High-Grade Prostatic Intraepithelial Neoplasia,,-3.9,6.4,5.7,30293,111,299,7,2.3,0.87,3486|5743|6774|7113|7133|7157|29108,IGFBP3|PTGS2|STAT3|TMPRSS2|TNFRSF1B|TP53|PYCARD,-2.6,0
0,0,1,0,0,0,0,0,-3.9,0,0,0,C2216702,M001000,1,0,DisGeNET,35,malignant neoplasm of breast staging,,-3.9,10,6.5,30293,49,299,5,1.7,0.74,5743|6774|7157|7412|9111,PTGS2|STAT3|TP53|VCAM1|NMI,-2.6,0
1,1,0,1,0,1,-3.9,-3.4,0,-2.9,0,-2.9,C0392885,M110101,4,0,DisGeNET,35,High density lipoprotein measurement,,-3.9,3,4.6,30293,545,300,16,5.3,1.3,2643|3162|3383|3572|3717|4067|6778|7405|7763|9575|10019|25833|26037|29887|91748|146206,GCH1|HMOX1|ICAM1|IL6ST|JAK2|LYN|STAT6|UVRAG|ZFAND5|CLOCK|SH2B3|POU2F3|SIPA1L1|SNX10|MIDEAS|CARMIL2,-2.6,0
1,0,1,0,0,0,-3.9,0,-2.9,0,0,0,C0549297,M101000,2,0,DisGeNET,35,Auricular swelling,,-3.9,10,6.5,30293,49,300,5,1.7,0.74,2919|2920|3383|3576|6778,CXCL1|CXCL2|ICAM1|CXCL8|STAT6,-2.6,0
1,0,0,0,0,1,-3.9,0,0,0,0,-2.9,C1332153,M100001,2,0,DisGeNET,35,acute myeloid leukemia with multilineage dysplasia following myelodysplastic syndrome,,-3.9,10,6.5,30293,49,300,5,1.7,0.74,2120|3107|3576|3659|4893,ETV6|HLA-C|CXCL8|IRF1|NRAS,-2.6,0
0,1,0,1,1,0,0,-2.6,0,-2.6,-3.9,0,C0003507,M010110,3,0,DisGeNET,35,Aortic Valve Stenosis,,-3.9,4.3,5.1,30293,234,300,10,3.3,1,1906|2318|3371|3726|4053|4318|5293|9469|9590|57514,EDN1|FLNC|TNC|JUNB|LTBP2|MMP9|PIK3CD|CHST3|AKAP12|ARHGAP31,-2.6,0
1,0,0,1,0,0,-3.9,0,0,-2,0,0,C0206161,M100100,2,0,DisGeNET,35,Reticulocyte count (procedure),,-3.9,4.3,5.1,30293,234,300,10,3.3,1,162|3107|6764|10019|22904|64759|64778|91748|121665|135112,AP1B1|HLA-C|DENND2B|SH2B3|SBNO2|TNS3|FNDC3B|MIDEAS|SPPL3|NCOA7,-2.6,0
1,0,1,0,1,1,-2.7,0,-3.9,0,-2.7,-3.9,C0001815,M101011,4,0,DisGeNET,35,Primary Myelofibrosis,,-3.9,4,5,30293,282,299,11,3.7,1.1,637|6646|6774|7133|7157|7297|8506|9734|10148|29108|79139,BID|SOAT1|STAT3|TNFRSF1B|TP53|TYK2|CNTNAP1|HDAC9|EBI3|PYCARD|DERL1,-2.6,0
0,1,1,1,1,0,0,-2.5,-3.9,-2.5,-2.5,0,C0009241,M011110,4,0,DisGeNET,35,Cognition Disorders,,-3.9,2.8,4.6,30293,606,299,17,5.7,1.3,2706|3684|3934|4790|4828|5021|5144|5743|6376|6646|6774|7097|7133|7412|9536|9734|25897,GJB2|ITGAM|LCN2|NFKB1|NMB|OXTR|PDE4D|PTGS2|CX3CL1|SOAT1|STAT3|TLR2|TNFRSF1B|VCAM1|PTGES|HDAC9|RNF19A,-2.6,0
0,0,0,0,1,0,0,0,0,0,-3.9,0,C0027092,M000010,1,0,DisGeNET,35,Myopia,,-3.9,3.1,4.7,30293,490,300,15,5,1.3,241|3726|3981|3984|4053|4318|4644|7042|7077|7477|29954|64207|81603|84627|145173,ALOX5AP|JUNB|LIG4|LIMK1|LTBP2|MMP9|MYO5A|TGFB2|TIMP2|WNT7B|POMT2|IRF2BPL|TRIM8|ZNF469|B3GLCT,-2.6,0
1,0,0,0,0,0,-3.9,0,0,0,0,0,C0020545,M100000,1,0,DisGeNET,35,"Hypertension, Renovascular",,-3.9,7.8,6,30293,78,300,6,2,0.81,285|3162|3717|5970|7461|9197,ANGPT2|HMOX1|JAK2|RELA|CLIP2|SLC33A1,-2.6,0
0,0,1,0,0,1,0,0,-3.9,0,0,-2.3,C0035369,M001001,2,0,DisGeNET,35,Retroviridae Infections,,-3.9,6.3,5.6,30293,112,299,7,2.3,0.87,684|3627|7157|9582|60489|115004|200558,BST2|CXCL10|TP53|APOBEC3B|APOBEC3G|CGAS|APLF,-2.6,0
1,0,1,1,0,0,-3.1,0,-3.9,-3.1,0,0,C0085096,M101100,3,0,DisGeNET,35,Peripheral Vascular Diseases,,-3.9,5.4,5.4,30293,150,299,8,2.7,0.93,567|1080|4790|5167|6524|6774|7133|7412,B2M|CFTR|NFKB1|ENPP1|SLC5A2|STAT3|TNFRSF1B|VCAM1,-2.6,0
1,1,1,1,0,0,-3.2,-2,-2.6,-3.9,0,0,C0018965,M111100,4,0,DisGeNET,35,Hematuria,,-3.9,4.3,5.1,30293,235,300,10,3.3,1,652|950|1291|2159|2353|3691|5627|7040|9518|10253,BMP4|SCARB2|COL6A1|F10|FOS|ITGB4|PROS1|TGFB1|GDF15|SPRY2,-2.6,0
0,0,1,0,0,0,0,0,-3.9,0,0,0,C3658302,M001000,1,0,DisGeNET,35,Stevens-Johnson Syndrome Toxic Epidermal Necrolysis Spectrum,,-3.9,10,6.5,30293,50,299,5,1.7,0.74,3105|4734|5743|25897|79139,HLA-A|NEDD4|PTGS2|RNF19A|DERL1,-2.6,0
1,0,1,0,0,0,-2.1,0,-3.9,0,0,0,C0043124,M101000,2,0,DisGeNET,35,West Nile Fever,,-3.9,7.7,5.9,30293,79,299,6,2,0.81,3105|4045|6890|7098|27074|64135,HLA-A|LSAMP|TAP1|TLR3|LAMP3|IFIH1,-2.6,0
0,0,1,0,1,0,0,0,-3.9,0,-2.9,0,C0152244,M001010,2,0,DisGeNET,35,"Bone Cysts, Aneurysmal",,-3.9,7.7,5.9,30293,79,299,6,2,0.81,637|1080|1302|7128|7157|10970,BID|CFTR|COL11A2|TNFAIP3|TP53|CKAP4,-2.6,0
0,0,0,1,0,0,0,0,0,-3.9,0,0,C0038273,M000100,1,0,DisGeNET,35,Stereotypic Movement Disorder,,-3.9,4.7,5.2,30293,192,300,9,3,0.98,2571|2896|5530|7991|10577|10765|23043|55773|162417,GAD1|GRN|PPP3CA|TUSC3|NPC2|KDM5B|TNIK|TBC1D23|NAGS,-2.6,0
0,0,0,1,0,0,0,0,0,-3.9,0,0,C1392786,M000100,1,0,DisGeNET,35,Cognitive changes,,-3.9,10,6.4,30293,50,300,5,1.7,0.74,348|351|2896|3481|3485,APOE|APP|GRN|IGF2|IGFBP2,-2.6,0
0,0,0,1,0,0,0,0,0,-3.9,0,0,C3160815,M000100,1,0,DisGeNET,35,Intraductal papillary mucinous neoplasm,,-3.9,10,6.4,30293,50,300,5,1.7,0.74,2064|4586|6690|9518|10232,ERBB2|MUC5AC|SPINK1|GDF15|MSLN,-2.6,0
0,0,0,1,1,0,0,0,0,-3.9,-2.9,0,C0042025,M000110,2,0,DisGeNET,35,Urinary Stress Incontinence,,-3.9,7.7,5.9,30293,79,300,6,2,0.81,633|4054|5104|7040|7076|54858,BGN|LTBP3|SERPINA5|TGFB1|TIMP1|PGPEP1,-2.6,0
0,0,1,0,0,0,0,0,-3.9,0,0,0,C0008340,M001000,1,0,DisGeNET,35,Choledochal Cyst,,-3.9,15,7.3,30293,27,299,4,1.3,0.66,1080|4599|7098|7157,CFTR|MX1|TLR3|TP53,-2.6,0
0,1,0,0,0,0,0,-3.9,0,0,0,0,C0281479,M010000,1,0,DisGeNET,35,Primary Systemic Amyloidosis,,-3.9,15,7.3,30293,27,299,4,1.3,0.66,335|336|4069|7276,APOA1|APOA2|LYZ|TTR,-2.6,0
0,0,1,0,0,0,0,0,-3.9,0,0,0,C2931418,M001000,1,0,DisGeNET,35,Bare lymphocyte syndrome 2,,-3.9,15,7.3,30293,27,299,4,1.3,0.66,567|3105|6890|6891,B2M|HLA-A|TAP1|TAP2,-2.6,0
1,0,1,0,0,0,-2.8,0,-3.9,0,0,0,C0023530,M101000,2,0,DisGeNET,35,Leukopenia,,-3.9,3.2,4.7,30293,440,299,14,4.7,1.2,157|718|1435|3437|3684|5743|6774|7097|7157|8743|53347|64127|89845|160418,GRK3|C3|CSF1|IFIT3|ITGAM|PTGS2|STAT3|TLR2|TP53|TNFSF10|UBASH3A|NOD2|ABCC10|TMTC3,-2.6,0
0,1,0,0,1,1,0,-3,0,0,-3.9,-3,C0010038,M010011,3,0,DisGeNET,35,Corneal Opacity,,-3.9,6.3,5.6,30293,113,300,7,2.3,0.87,3984|4053|5155|7045|23129|29954|145173,LIMK1|LTBP2|PDGFB|TGFBI|PLXND1|POMT2|B3GLCT,-2.6,0
0,0,1,1,0,0,0,0,-2.6,-3.9,0,0,C0151669,M001100,2,0,DisGeNET,35,Increased antibody level in blood,,-3.9,15,7.3,30293,27,300,4,1.3,0.66,950|3856|3875|9056,SCARB2|KRT8|KRT18|SLC7A7,-2.6,0
0,0,0,1,0,0,0,0,0,-3.9,0,0,C0751202,M000100,1,0,DisGeNET,35,Cystathionine beta-Synthase Deficiency Disease,,-3.9,15,7.3,30293,27,300,4,1.3,0.66,348|1471|2057|2153,APOE|CST3|EPOR|F5,-2.6,0
0,0,1,1,1,0,0,0,-2.5,-2.5,-3.9,0,C0027809,M001110,3,0,DisGeNET,35,Neurilemmoma,,-3.9,4.7,5.2,30293,193,300,9,3,0.98,960|1030|2113|3084|3371|4478|5293|9146|10763,CD44|CDKN2B|ETS1|NRG1|TNC|MSN|PIK3CD|HGS|NES,-2.6,0
1,0,1,0,0,0,-3,0,-3.8,0,0,0,C0002171,M101000,2,0,DisGeNET,35,Alopecia Areata,,-3.8,6.2,5.6,30293,114,299,7,2.3,0.87,3627|4599|6646|6890|7096|23308|51284,CXCL10|MX1|SOAT1|TAP1|TLR1|ICOSLG|TLR7,-2.6,0
0,0,1,1,1,0,0,0,-3.8,-2.5,-3.8,0,C1519346,M001110,3,0,DisGeNET,35,Skin Carcinogenesis,,-3.8,4.7,5.2,30293,194,299,9,3,0.99,2638|4790|5743|6774|7157|9235|9538|10626|10970,GC|NFKB1|PTGS2|STAT3|TP53|IL32|EI24|TRIM16|CKAP4,-2.6,0
1,0,1,1,0,1,-2.1,0,-3.8,-2.1,0,-3.8,C0008311,M101101,4,0,DisGeNET,35,Cholangitis,,-3.8,7.6,5.9,30293,80,299,6,2,0.81,1080|7097|7098|7157|8743|9235,CFTR|TLR2|TLR3|TP53|TNFSF10|IL32,-2.6,0
1,1,1,0,0,0,-2.1,-3.8,-2.1,0,0,0,C0034155,M111000,3,0,DisGeNET,35,"Purpura, Thrombotic Thrombocytopenic",,-3.8,7.6,5.9,30293,80,299,6,2,0.81,335|350|2147|5176|5345|55902,APOA1|APOH|F2|SERPINF1|SERPINF2|ACSS2,-2.6,0
1,0,1,0,0,0,-3.2,0,-3.8,0,0,0,C2004493,M101000,2,0,DisGeNET,35,"Leukemia, B-Cell",,-3.8,4.2,5,30293,239,299,10,3.3,1,637|3604|4790|5743|7133|7157|8741|9734|10970|22809,BID|TNFRSF9|NFKB1|PTGS2|TNFRSF1B|TP53|TNFSF13|HDAC9|CKAP4|ATF5,-2.6,0
0,1,0,0,0,0,0,-3.8,0,0,0,0,C0042842,M010000,1,0,DisGeNET,35,Vitamin A Deficiency,,-3.8,9.9,6.4,30293,51,299,5,1.7,0.74,4069|4303|5950|8694|51109,LYZ|FOXO4|RBP4|DGAT1|RDH11,-2.6,0
1,1,0,0,0,0,-3.8,-2,0,0,0,0,C0033687,M110000,2,0,DisGeNET,35,Proteinuria,,-3.8,4.2,5,30293,239,300,10,3.3,1,355|2625|3162|3383|7035|7461|8879|9663|64423|81615,FAS|GATA3|HMOX1|ICAM1|TFPI|CLIP2|SGPL1|LPIN2|INF2|TMEM163,-2.6,0
0,1,1,0,1,1,0,-3.8,-3.2,0,-2.5,-2.5,C0342257,M011011,4,0,DisGeNET,35,Complications of Diabetes Mellitus,,-3.8,4.2,5,30293,240,299,10,3.3,1,682|847|1650|3030|5176|5589|7108|7351|7494|8431,BSG|CAT|DDOST|HADHA|SERPINF1|PRKCSH|TM7SF2|UCP2|XBP1|NR0B2,-2.6,0
0,0,0,1,0,0,0,0,0,-3.8,0,0,C0027877,M000100,1,0,DisGeNET,35,Neuronal Ceroid-Lipofuscinoses,,-3.8,9.9,6.4,30293,51,300,5,1.7,0.74,351|1182|2571|2896|5603,APP|CLCN3|GAD1|GRN|MAPK13,-2.6,0
0,0,0,0,1,0,0,0,0,0,-3.8,0,C0079474,M000010,1,0,DisGeNET,35,Hallopeau-Siemens Disease,,-3.8,9.9,6.4,30293,51,300,5,1.7,0.74,649|960|3688|5293|6876,BMP1|CD44|ITGB1|PIK3CD|TAGLN,-2.6,0
0,0,0,1,1,0,0,0,0,-2.8,-3.8,0,C0278512,M000110,2,0,DisGeNET,35,Metastatic osteosarcoma,,-3.8,9.9,6.4,30293,51,300,5,1.7,0.74,800|960|1906|3491|4318,CALD1|CD44|EDN1|CCN1|MMP9,-2.6,0
0,0,1,0,0,1,0,0,-2.8,0,0,-3.8,C1535510,M001001,2,0,DisGeNET,35,ADENOMAS AND ADENOCARCINOMAS,,-3.8,9.9,6.4,30293,51,300,5,1.7,0.74,965|1029|1499|5817|23158,CD58|CDKN2A|CTNNB1|PVR|TBC1D9,-2.6,0
0,0,0,0,0,1,0,0,0,0,0,-3.8,C0023075,M000001,1,0,DisGeNET,35,Laryngostenosis,,-3.8,28,8.8,30293,11,300,3,1,0.57,2317|3909|55612,FLNB|LAMA3|FERMT1,-2.6,0
0,0,0,1,0,0,0,0,0,-3.8,0,0,C0030299,M000100,1,0,DisGeNET,35,Pancreatic Pseudocyst,,-3.8,28,8.8,30293,11,300,3,1,0.57,5644|5645|6690,PRSS1|PRSS2|SPINK1,-2.6,0
0,0,0,1,0,0,0,0,0,-3.8,0,0,C0262376,M000100,1,0,DisGeNET,35,anxiety generalized,,-3.8,28,8.8,30293,11,300,3,1,0.57,351|2571|10163,APP|GAD1|WASF2,-2.6,0
1,0,0,0,0,0,-3.8,0,0,0,0,0,C0342191,M100000,1,0,DisGeNET,35,Familial dyshormonogenetic goiter,,-3.8,28,8.8,30293,11,300,3,1,0.57,6528|50506|405753,SLC5A5|DUOX2|DUOXA2,-2.6,0
1,0,0,0,0,0,-3.8,0,0,0,0,0,C0600178,M100000,1,0,DisGeNET,35,External Carotid Artery Diseases,,-3.8,28,8.8,30293,11,300,3,1,0.57,2950|3162|5328,GSTP1|HMOX1|PLAU,-2.6,0
1,0,0,0,0,0,-3.8,0,0,0,0,0,C0750986,M100000,1,0,DisGeNET,35,Internal Carotid Artery Diseases,,-3.8,28,8.8,30293,11,300,3,1,0.57,2950|3162|5328,GSTP1|HMOX1|PLAU,-2.6,0
1,0,0,0,0,0,-3.8,0,0,0,0,0,C0750987,M100000,1,0,DisGeNET,35,"Arterial Diseases, Common Carotid",,-3.8,28,8.8,30293,11,300,3,1,0.57,2950|3162|5328,GSTP1|HMOX1|PLAU,-2.6,0
0,0,0,1,0,0,0,0,0,-3.8,0,0,C0857002,M000100,1,0,DisGeNET,35,Scirrhous gastric carcinoma,,-3.8,28,8.8,30293,11,300,3,1,0.57,7040|7076|27122,TGFB1|TIMP1|DKK3,-2.6,0
1,0,0,0,0,0,-3.8,0,0,0,0,0,C1264610,M100000,1,0,DisGeNET,35,Infectious peritonitis,,-3.8,28,8.8,30293,11,300,3,1,0.57,3267|3455|3659,AGFG1|IFNAR2|IRF1,-2.6,0
0,0,0,0,1,0,0,0,0,0,-3.8,0,C1335392,M000010,1,0,DisGeNET,35,Pericytic Neoplasm,,-3.8,28,8.8,30293,11,300,3,1,0.57,960|4318|10763,CD44|MMP9|NES,-2.6,0
0,0,0,1,0,0,0,0,0,-3.8,0,0,C1848862,M000100,1,0,DisGeNET,35,Miller-McKusick-Malvaux-Syndrome (3M Syndrome),,-3.8,28,8.8,30293,11,300,3,1,0.57,3485|9820|89953,IGFBP2|CUL7|KLC4,-2.6,0
0,0,0,1,0,1,0,0,0,-3.8,0,-2.5,C0751072,M000101,2,0,DisGeNET,35,Frontotemporal Lobar Degeneration,,-3.8,4.7,5.1,30293,195,300,9,3,0.98,348|351|1308|1471|2896|4240|5909|7040|10577,APOE|APP|COL17A1|CST3|GRN|MFGE8|RAP1GAP|TGFB1|NPC2,-2.6,0
0,1,1,1,0,0,0,-2.2,-2.2,-3.8,0,0,C1963943,M011100,3,0,DisGeNET,35,Atherothrombosis,,-3.8,6.1,5.5,30293,115,300,7,2.3,0.87,348|633|2153|2159|5562|9518|54858,APOE|BGN|F5|F10|PRKAA1|GDF15|PGPEP1,-2.6,0
1,1,1,1,0,0,-3.1,-3.8,-2.5,-3.1,0,0,C0341439,M111100,4,0,DisGeNET,35,Chronic liver disease,,-3.8,4.7,5.1,30293,196,299,9,3,0.99,174|2147|2264|3026|5950|7276|8431|8574|51280,AFP|F2|FGFR4|HABP2|RBP4|TTR|NR0B2|AKR7A2|GOLM1,-2.6,0
1,0,1,1,1,0,-3.8,0,-2.6,-3.8,-2.1,0,C1960398,M101110,4,0,DisGeNET,35,HER2-positive carcinoma of breast,,-3.8,3.9,4.9,30293,288,300,11,3.7,1.1,102|355|374|2919|5879|7357|9019|56938|58508|64866|346389,ADAM10|FAS|AREG|CXCL1|RAC1|UGCG|MPZL1|BMAL2|KMT2C|CDCP1|MACC1,-2.6,0
0,0,0,0,0,1,0,0,0,0,0,-3.8,C0221260,M000001,1,0,DisGeNET,35,Dystrophia unguium,,-3.8,7.5,5.8,30293,81,300,6,2,0.81,977|3675|3728|3909|5339|57217,CD151|ITGA3|JUP|LAMA3|PLEC|TTC7A,-2.6,0
0,0,0,0,0,1,0,0,0,0,0,-3.8,C0376154,M000001,1,0,DisGeNET,35,Skin callus,,-3.8,5.2,5.3,30293,154,300,8,2.7,0.93,822|861|1029|1499|2308|4982|8878|11059,CAPG|RUNX1|CDKN2A|CTNNB1|FOXO1|TNFRSF11B|SQSTM1|WWP1,-2.5,0
0,0,1,0,1,0,0,0,-2.5,0,-3.8,0,C0013170,M001010,2,0,DisGeNET,35,Drug habituation,,-3.8,4.6,5.1,30293,196,300,9,3,0.98,2004|3084|3371|5366|8408|8412|26230|84902|259217,ELK3|NRG1|TNC|PMAIP1|ULK1|BCAR3|TIAM2|CEP89|HSPA12A,-2.5,0
0,1,0,0,0,0,0,-3.8,0,0,0,0,C0267971,M010000,1,0,DisGeNET,35,Storage disease,,-3.8,14,7.1,30293,28,299,4,1.3,0.66,2990|3074|4758|7276,GUSB|HEXB|NEU1|TTR,-2.5,0
0,0,1,0,0,0,0,0,-3.8,0,0,0,C0393591,M001000,1,0,DisGeNET,35,AICARDI-GOUTIERES SYNDROME,,-3.8,6.1,5.5,30293,116,299,7,2.3,0.87,103|5743|7157|8190|25897|64135|115004,ADAR|PTGS2|TP53|MIA|RNF19A|IFIH1|CGAS,-2.5,0
0,0,0,0,1,0,0,0,0,0,-3.8,0,C0037369,M000010,1,0,DisGeNET,35,Smoking,,-3.8,3.4,4.7,30293,391,300,13,4.3,1.2,4650|5922|6793|7042|8609|26064|57118|64780|64943|80212|81603|84557|85377,MYO9B|RASA2|STK10|TGFB2|KLF7|RAI14|CAMK1D|MICAL1|NT5DC2|CCDC92|TRIM8|MAP1LC3A|MICALL1,-2.5,0
0,0,1,0,0,0,0,0,-3.8,0,0,0,C0040580,M001000,1,0,DisGeNET,35,Tracheal Diseases,,-3.8,5.2,5.3,30293,155,299,8,2.7,0.93,1080|5743|6774|7098|7113|7412|10970|64135,CFTR|PTGS2|STAT3|TLR3|TMPRSS2|VCAM1|CKAP4|IFIH1,-2.5,0
1,0,1,0,0,0,-3.2,0,-3.8,0,0,0,C0015625,M101000,2,0,DisGeNET,35,Fanconi Anemia,,-3.8,3.4,4.7,30293,393,299,13,4.3,1.2,638|1302|4599|6646|6891|7157|7412|8743|9734|25897|51284|55540|57599,BIK|COL11A2|MX1|SOAT1|TAP2|TP53|VCAM1|TNFSF10|HDAC9|RNF19A|TLR7|IL17RB|WDR48,-2.5,0
0,0,0,1,0,0,0,0,0,-3.8,0,0,C0008928,M000100,1,0,DisGeNET,35,Cleidocranial Dysplasia,,-3.8,9.7,6.3,30293,52,300,5,1.7,0.74,3485|4745|5071|5562|55824,IGFBP2|NELL1|PRKN|PRKAA1|PAG1,-2.5,0
0,0,0,0,0,1,0,0,0,0,0,-3.8,C0025568,M000001,1,0,DisGeNET,35,Metaplasia,,-3.8,9.7,6.3,30293,52,300,5,1.7,0.74,1029|1364|1366|1499|6469,CDKN2A|CLDN4|CLDN7|CTNNB1|SHH,-2.5,0
0,0,0,0,1,0,0,0,0,0,-3.8,0,C0565599,M000010,1,0,DisGeNET,35,Maternal hypertension,,-3.8,9.7,6.3,30293,52,300,5,1.7,0.74,467|4318|5744|9469|81603,ATF3|MMP9|PTHLH|CHST3|TRIM8,-2.5,0
0,0,0,1,0,0,0,0,0,-3.8,0,0,C1332271,M000100,1,0,DisGeNET,35,Perianal Squamous Intraepithelial Neoplasia,,-3.8,9.7,6.3,30293,52,300,5,1.7,0.74,348|360|1308|3691|3880,APOE|AQP3|COL17A1|ITGB4|KRT19,-2.5,0
0,0,1,0,0,1,0,0,-3.8,0,0,-2,C3495798,M001001,2,0,DisGeNET,35,Periodontal inflammation,,-3.8,7.4,5.8,30293,82,299,6,2,0.81,1435|1520|6646|7097|7412|53905,CSF1|CTSS|SOAT1|TLR2|VCAM1|DUOX1,-2.5,0
1,0,0,1,0,0,-3.8,0,0,-2.3,0,0,C0751956,M100100,2,0,DisGeNET,35,Acute Cerebrovascular Accidents,,-3.8,5.2,5.3,30293,155,300,8,2.7,0.93,3383|3659|5328|7035|8837|9197|10019|22882,ICAM1|IRF1|PLAU|TFPI|CFLAR|SLC33A1|SH2B3|ZHX2,-2.5,0
1,0,1,0,0,0,-3.1,0,-3.8,0,0,0,C0034152,M101000,2,0,DisGeNET,35,Henoch-Schoenlein Purpura,,-3.8,4.6,5.1,30293,198,299,9,3,0.99,718|1080|3105|3627|6374|6376|7097|7157|58191,C3|CFTR|HLA-A|CXCL10|CXCL5|CX3CL1|TLR2|TP53|CXCL16,-2.5,0
0,0,1,0,1,1,0,0,-3.8,0,-2.4,-2.4,C0275518,M001011,3,0,DisGeNET,35,Acute infectious disease,,-3.8,4.6,5.1,30293,198,299,9,3,0.99,567|972|6890|6891|7097|7157|51284|60489|64135,B2M|CD74|TAP1|TAP2|TLR2|TP53|TLR7|APOBEC3G|IFIH1,-2.5,0
0,0,1,1,0,0,0,0,-3.8,-2.4,0,0,C0278660,M001100,2,0,DisGeNET,35,Adult Synovial Sarcoma,,-3.8,4.6,5.1,30293,198,299,9,3,0.99,638|3105|4734|5743|6774|6890|7157|9734|25897,BIK|HLA-A|NEDD4|PTGS2|STAT3|TAP1|TP53|HDAC9|RNF19A,-2.5,0
0,0,1,1,0,0,0,0,-3.8,-2.4,0,0,C0279982,M001100,2,0,DisGeNET,35,Childhood Synovial Sarcoma,,-3.8,4.6,5.1,30293,198,299,9,3,0.99,638|3105|4734|5743|6774|6890|7157|9734|25897,BIK|HLA-A|NEDD4|PTGS2|STAT3|TAP1|TP53|HDAC9|RNF19A,-2.5,0
0,0,1,0,0,0,0,0,-3.8,0,0,0,C1851710,M001000,1,0,DisGeNET,35,LATERAL MENINGOCELE SYNDROME,,-3.8,6.1,5.5,30293,117,299,7,2.3,0.87,1435|5698|5720|6774|7157|9734|10970,CSF1|PSMB9|PSME1|STAT3|TP53|HDAC9|CKAP4,-2.5,0
0,0,0,0,1,0,0,0,0,0,-3.8,0,C1384514,M000010,1,0,DisGeNET,35,Conn Syndrome,,-3.8,7.4,5.8,30293,82,300,6,2,0.81,118|467|960|1407|1906|9469,ADD1|ATF3|CD44|CRY1|EDN1|CHST3,-2.5,0
0,1,0,0,0,0,0,-3.8,0,0,0,0,C0152025,M010000,1,0,DisGeNET,35,Polyneuropathy,,-3.8,5.2,5.2,30293,156,299,8,2.7,0.93,210|335|847|1191|1312|2705|6342|7276,ALAD|APOA1|CAT|CLU|COMT|GJB1|SCP2|TTR,-2.5,0
1,0,1,1,1,0,-2.3,0,-3.8,-3.8,-2.3,0,C2145472,M101110,4,0,DisGeNET,35,Urothelial Carcinoma,,-3.8,3.2,4.6,30293,449,299,14,4.7,1.2,684|972|3105|4790|5743|6774|7097|7127|7157|9582|9734|10970|23492|51284,BST2|CD74|HLA-A|NFKB1|PTGS2|STAT3|TLR2|TNFAIP2|TP53|APOBEC3B|HDAC9|CKAP4|CBX7|TLR7,-2.5,0
0,0,0,1,0,0,0,0,0,-3.8,0,0,C0026654,M000100,1,0,DisGeNET,35,Moyamoya Disease,,-3.8,6,5.5,30293,117,300,7,2.3,0.87,348|538|4035|5265|7040|7076|81846,APOE|ATP7A|LRP1|SERPINA1|TGFB1|TIMP1|SBF2,-2.5,0
0,1,1,1,0,0,0,-2.1,-3.2,-3.8,0,0,C0007112,M011100,3,0,DisGeNET,35,Adenocarcinoma of prostate,,-3.8,3.5,4.7,30293,342,300,12,4,1.1,1958|2039|2064|2571|3485|3875|5071|5627|6690|7040|9518|112483,EGR1|DMTN|ERBB2|GAD1|IGFBP2|KRT18|PRKN|PROS1|SPINK1|TGFB1|GDF15|SAT2,-2.5,0
1,0,1,1,0,1,-2.1,0,-2.6,-3.8,0,-3.2,C0158266,M101101,4,0,DisGeNET,35,Intervertebral Disc Degeneration,,-3.8,3.5,4.7,30293,342,300,12,4,1.1,348|360|538|633|2034|2353|2896|3856|5071|7040|7076|22933,APOE|AQP3|ATP7A|BGN|EPAS1|FOS|GRN|KRT8|PRKN|TGFB1|TIMP1|SIRT2,-2.5,0
1,1,1,1,1,1,-3.8,-3.2,-2.6,-2.1,-3.2,-3.2,C1282496,M111111,6,0,DisGeNET,35,Metastasis from malignant tumor of prostate,,-3.8,3.5,4.7,30293,342,300,12,4,1.1,860|3383|3576|3659|3732|4312|4641|5328|6778|8809|83666|153090,RUNX2|ICAM1|CXCL8|IRF1|CD82|MMP1|MYO1C|PLAU|STAT6|IL18R1|PARP9|DAB2IP,-2.5,0
1,0,0,0,0,0,-3.8,0,0,0,0,0,C0456070,M100000,1,0,DisGeNET,35,Growth delay,,-3.8,4.1,4.9,30293,244,300,10,3.3,1,3162|4125|4312|4893|6528|9663|10584|29887|58508|405753,HMOX1|MAN2B1|MMP1|NRAS|SLC5A5|LPIN2|COLEC10|SNX10|KMT2C|DUOXA2,-2.5,0
1,0,1,0,0,0,-2.8,0,-3.8,0,0,0,C0033770,M101000,2,0,DisGeNET,35,Prune Belly Syndrome,,-3.8,7.3,5.8,30293,83,299,6,2,0.81,1080|1302|3684|5743|7133|9466,CFTR|COL11A2|ITGAM|PTGS2|TNFRSF1B|IL27RA,-2.5,0
1,0,1,1,0,0,-2.8,0,-3.8,-3.7,0,0,C3469186,M101100,3,0,DisGeNET,35,"HEMOCHROMATOSIS, TYPE 1",,-3.8,7.3,5.8,30293,83,299,6,2,0.81,567|1080|2638|3105|7157|11074,B2M|CFTR|GC|HLA-A|TP53|TRIM31,-2.5,0
0,0,1,0,0,0,0,0,-3.8,0,0,0,C0042165,M001000,1,0,DisGeNET,35,Anterior uveitis,,-3.8,9.6,6.2,30293,53,299,5,1.7,0.74,718|3105|7097|7133|51752,C3|HLA-A|TLR2|TNFRSF1B|ERAP1,-2.5,0
0,0,1,0,0,0,0,0,-3.8,0,0,0,C0392788,M001000,1,0,DisGeNET,35,Nasal Type Extranodal NK/T-Cell Lymphoma,,-3.8,9.6,6.2,30293,53,299,5,1.7,0.74,6646|6774|7128|7157|160418,SOAT1|STAT3|TNFAIP3|TP53|TMTC3,-2.5,0
0,0,0,0,1,0,0,0,0,0,-3.8,0,C0266464,M000010,1,0,DisGeNET,35,Polymicrogyria,,-3.8,4.6,5,30293,199,300,9,3,0.98,2316|2782|4131|5293|6249|7846|22931|29954|57514,FLNA|GNB1|MAP1B|PIK3CD|CLIP1|TUBA1A|RAB18|POMT2|ARHGAP31,-2.5,0
0,0,0,1,0,0,0,0,0,-3.7,0,0,C0949664,M000100,1,0,DisGeNET,35,Tauopathies,,-3.7,4.1,4.9,30293,245,300,10,3.3,1,348|351|1471|2896|4240|5071|5562|5627|6594|27352,APOE|APP|CST3|GRN|MFGE8|PRKN|PRKAA1|PROS1|SMARCA1|SGSM3,-2.5,0
1,0,0,0,0,1,-3.7,0,0,0,0,-2.5,C1337013,M100001,2,0,DisGeNET,35,Differentiated Thyroid Gland Carcinoma,,-3.7,4.1,4.9,30293,245,300,10,3.3,1,3107|3576|4893|5328|5970|6528|6692|9575|28956|80024,HLA-C|CXCL8|NRAS|PLAU|RELA|SLC5A5|SPINT1|CLOCK|LAMTOR2|SLC8B1,-2.5,0
0,0,1,0,0,0,0,0,-3.7,0,0,0,C0868908,M001000,1,0,DisGeNET,35,Pancolitis,,-3.7,14,7,30293,29,299,4,1.3,0.66,3684|7096|7097|7157,ITGAM|TLR1|TLR2|TP53,-2.5,0
1,0,1,0,0,0,-3.7,0,-3.7,0,0,0,C0024535,M101000,2,0,DisGeNET,35,"Malaria, Falciparum",,-3.7,5.1,5.2,30293,158,299,8,2.7,0.93,2533|3105|3459|5743|6376|7096|8506|9582,FYB1|HLA-A|IFNGR1|PTGS2|CX3CL1|TLR1|CNTNAP1|APOBEC3B,-2.5,0
0,0,0,1,0,0,0,0,0,-3.7,0,0,C0234213,M000100,1,0,DisGeNET,35,Sensory denervation disorder,,-3.7,14,7,30293,29,300,4,1.3,0.66,348|351|2571|7040,APOE|APP|GAD1|TGFB1,-2.5,0
1,1,1,1,0,0,-3.7,-2.2,-2.7,-3.2,0,0,C4721579,M111100,4,0,DisGeNET,35,Secondary malignant neoplasm of colon and/or rectum,,-3.7,3.3,4.6,30293,397,300,13,4.3,1.2,12|285|374|2919|2950|3576|3663|4312|4893|6692|9076|22882|145864,SERPINA3|ANGPT2|AREG|CXCL1|GSTP1|CXCL8|IRF5|MMP1|NRAS|SPINT1|CLDN1|ZHX2|HAPLN3,-2.5,0
0,0,1,0,0,0,0,0,-3.7,0,0,0,C1863753,M001000,1,0,DisGeNET,35,LIMB-MAMMARY SYNDROME,,-3.7,6,5.4,30293,119,299,7,2.3,0.87,1435|5698|5720|6774|7157|9734|10970,CSF1|PSMB9|PSME1|STAT3|TP53|HDAC9|CKAP4,-2.5,0
1,0,1,0,0,1,-3.7,0,-3.2,0,0,-3.7,C0007114,M101001,3,0,DisGeNET,35,Malignant neoplasm of skin,,-3.7,3,4.5,30293,508,300,15,5,1.3,355|374|1540|2643|2950|3383|4312|4646|4893|5879|5970|6648|7405|22882|28956,FAS|AREG|CYLD|GCH1|GSTP1|ICAM1|MMP1|MYO6|NRAS|RAC1|RELA|SOD2|UVRAG|ZHX2|LAMTOR2,-2.5,0
1,0,0,1,1,1,-2.1,0,0,-3.7,-2.1,-2.1,C0006111,M100111,4,0,DisGeNET,35,Brain Diseases,,-3.7,3.5,4.7,30293,345,300,12,4,1.1,348|351|1958|2057|2852|2896|5071|5104|6515|7040|23030|27352,APOE|APP|EGR1|EPOR|GPER1|GRN|PRKN|SERPINA5|SLC2A3|TGFB1|KDM4B|SGSM3,-2.5,0
0,0,0,1,0,0,0,0,0,-3.7,0,0,C3810365,M000100,1,0,DisGeNET,35,Central visual impairment,,-3.7,5.1,5.2,30293,158,300,8,2.7,0.93,7040|7076|7991|10765|23043|27245|27352|50484,TGFB1|TIMP1|TUSC3|KDM5B|TNIK|AHDC1|SGSM3|RRM2B,-2.5,0
0,0,0,1,1,1,0,0,0,-2.2,-3.7,-2.9,C0877015,M000111,3,0,DisGeNET,35,Pelvic Organ Prolapse,,-3.7,5.9,5.4,30293,119,300,7,2.3,0.87,467|649|800|3688|4318|4319|27067,ATF3|BMP1|CALD1|ITGB1|MMP9|MMP10|STAU2,-2.5,0
1,0,0,0,0,0,-3.7,0,0,0,0,0,C3160718,M100000,1,0,DisGeNET,35,"PARKINSON DISEASE, LATE-ONSET",,-3.7,4.1,4.9,30293,247,300,10,3.3,1,285|1812|2643|3162|3306|4312|9076|23286|50618|80854,ANGPT2|DRD1|GCH1|HMOX1|HSPA2|MMP1|CLDN1|WWC1|ITSN2|SETD7,-2.5,0
0,1,0,0,0,0,0,-3.7,0,0,0,0,C0015393,M010000,1,0,DisGeNET,35,Eye Abnormalities,,-3.7,9.4,6.2,30293,54,299,5,1.7,0.74,4041|4758|5950|7048|54681,LRP5|NEU1|RBP4|TGFBR2|P4HTM,-2.5,0
0,1,0,0,0,0,0,-3.7,0,0,0,0,C0003907,M010000,1,0,DisGeNET,35,Arthus Reaction,,-3.7,25,8.4,30293,12,299,3,1,0.58,196|727|1675,AHR|C5|CFD,-2.5,0
0,0,1,0,0,0,0,0,-3.7,0,0,0,C0010474,M001000,1,0,DisGeNET,35,Curling Ulcer,,-3.7,25,8.4,30293,12,299,3,1,0.58,1080|5743|6774,CFTR|PTGS2|STAT3,-2.5,0
0,1,0,0,0,0,0,-3.7,0,0,0,0,C0268363,M010000,1,0,DisGeNET,35,Osteogenesis imperfecta type IV (disorder),,-3.7,25,8.4,30293,12,299,3,1,0.58,4041|5176|60681,LRP5|SERPINF1|FKBP10,-2.5,0
0,0,1,0,0,0,0,0,-3.7,0,0,0,C0948264,M001000,1,0,DisGeNET,35,Neuroborreliosis,,-3.7,25,8.4,30293,12,299,3,1,0.58,3627|6373|7097,CXCL10|CXCL11|TLR2,-2.5,0
0,0,1,0,0,0,0,0,-3.7,0,0,0,C1332216,M001000,1,0,DisGeNET,35,Adult Systemic Anaplastic Large Cell Lymphoma,,-3.7,25,8.4,30293,12,299,3,1,0.58,6646|7157|171177,SOAT1|TP53|RHOV,-2.5,0
0,0,0,1,0,0,0,0,0,-3.7,0,0,C0235946,M000100,1,0,DisGeNET,35,Cerebral atrophy,,-3.7,3.1,4.5,30293,454,300,14,4.7,1.2,348|351|634|1917|2896|3485|5530|5646|7040|7991|10765|23043|57511|284111,APOE|APP|CEACAM1|EEF1A2|GRN|IGFBP2|PPP3CA|PRSS3|TGFB1|TUSC3|KDM5B|TNIK|COG6|SLC13A5,-2.5,0
1,0,1,1,1,0,-2.4,0,-3,-3.7,-2.4,0,C0151468,M101110,4,0,DisGeNET,35,Thyroid Gland Follicular Adenoma,,-3.7,4.5,5,30293,202,300,9,3,0.98,2057|2064|2852|3880|5909|7040|7076|7178|55824,EPOR|ERBB2|GPER1|KRT19|RAP1GAP|TGFB1|TIMP1|TPT1|PAG1,-2.5,0
0,0,0,1,1,0,0,0,0,-3.7,-3,0,C0334579,M000110,2,0,DisGeNET,35,Anaplastic astrocytoma,,-3.7,4.5,5,30293,202,300,9,3,0.98,604|894|976|1741|2064|3485|7448|8848|92745,BCL6|CCND2|ADGRE5|DLG3|ERBB2|IGFBP2|VTN|TSC22D1|SLC38A5,-2.5,0
1,0,0,0,0,0,-3.7,0,0,0,0,0,C0375359,M100000,1,0,DisGeNET,35,Chronic left-sided ulcerative colitis,,-3.7,25,8.4,30293,12,300,3,1,0.57,355|3383|4312,FAS|ICAM1|MMP1,-2.5,0
0,0,0,1,0,1,0,0,0,-3.7,0,-3.7,C0853945,M000101,2,0,DisGeNET,35,Oral mucosal blisters,,-3.7,25,8.4,30293,12,300,3,1,0.57,1308|1832|3691,COL17A1|DSP|ITGB4,-2.5,0
0,0,0,0,1,0,0,0,0,0,-3.7,0,C1513269,M000010,1,0,DisGeNET,35,Microcysts,,-3.7,25,8.4,30293,12,300,3,1,0.57,3371|6760|23531,TNC|SS18|MMD,-2.5,0
0,0,0,1,0,0,0,0,0,-3.7,0,0,C3160886,M000100,1,0,DisGeNET,35,Non ST segment elevation acute coronary syndrome,,-3.7,25,8.4,30293,12,300,3,1,0.57,1471|5104|9518,CST3|SERPINA5|GDF15,-2.5,0
0,0,0,1,1,1,0,0,0,-2.7,-3.7,-3.7,C0007193,M000111,3,0,DisGeNET,35,"Cardiomyopathy, Dilated",,-3.7,3,4.5,30293,511,300,15,5,1.3,390|1000|1264|1906|2318|3611|3688|4053|4318|5293|6722|7077|27295|29954|57142,RND3|CDH2|CNN1|EDN1|FLNC|ILK|ITGB1|LTBP2|MMP9|PIK3CD|SRF|TIMP2|PDLIM3|POMT2|RTN4,-2.5,0
0,0,0,1,0,1,0,0,0,-3.7,0,-2.2,C0206677,M000101,2,0,DisGeNET,35,Adenomatous Polyps,,-3.7,5.9,5.4,30293,120,300,7,2.3,0.87,598|2064|3481|4586|7040|7076|9518,BCL2L1|ERBB2|IGF2|MUC5AC|TGFB1|TIMP1|GDF15,-2.5,0
1,0,0,1,0,1,-3.7,0,0,-2.2,0,-2.9,C1378511,M100101,3,0,DisGeNET,35,Undifferentiated leukemia,,-3.7,5.9,5.4,30293,120,300,7,2.3,0.87,3576|3717|4893|5371|5970|6776|10584,CXCL8|JAK2|NRAS|PML|RELA|STAT5A|COLEC10,-2.5,0
1,0,1,0,0,0,-2.8,0,-3.7,0,0,0,C0014869,M101000,2,0,DisGeNET,35,Peptic Esophagitis,,-3.7,7.2,5.7,30293,85,299,6,2,0.81,3486|5698|5743|7097|9536|25897,IGFBP3|PSMB9|PTGS2|TLR2|PTGES|RNF19A,-2.5,0
0,0,1,0,0,0,0,0,-3.7,0,0,0,C1997217,M001000,1,0,DisGeNET,35,Low grade glioma,,-3.7,7.2,5.7,30293,85,299,6,2,0.81,2526|4790|5743|6774|7097|7157,FUT4|NFKB1|PTGS2|STAT3|TLR2|TP53,-2.5,0
0,0,1,1,1,0,0,0,-3.7,-2.4,-2.4,0,C0017154,M001110,3,0,DisGeNET,35,"Gastritis, Atrophic",,-3.7,4.5,5,30293,203,299,9,3,0.99,3459|5720|5743|6774|7096|7097|7157|23492|162394,IFNGR1|PSME1|PTGS2|STAT3|TLR1|TLR2|TP53|CBX7|SLFN5,-2.5,0
0,0,1,0,0,0,0,0,-3.7,0,0,0,C0028756,M001000,1,0,DisGeNET,35,"Obesity, Morbid",,-3.7,4.5,5,30293,203,299,9,3,0.99,3486|3934|4790|5167|6774|7097|7133|7157|80168,IGFBP3|LCN2|NFKB1|ENPP1|STAT3|TLR2|TNFRSF1B|TP53|MOGAT2,-2.5,0
1,1,1,1,1,1,-2,-3.1,-2,-2,-3.7,-3.7,C0027962,M111111,6,0,DisGeNET,35,Melanocytic nevus,,-3.7,3.7,4.7,30293,297,300,11,3.7,1.1,960|1030|1906|2113|4133|4318|5922|9846|10763|23129|57060,CD44|CDKN2B|EDN1|ETS1|MAP2|MMP9|RASA2|GAB2|NES|PLXND1|PCBP4,-2.5,0
0,0,0,1,0,0,0,0,0,-3.7,0,0,C0023380,M000100,1,0,DisGeNET,35,Lethargy,,-3.7,5,5.1,30293,160,300,8,2.7,0.93,35|3856|3875|7040|9056|50484|55788|162417,ACADS|KRT8|KRT18|TGFB1|SLC7A7|RRM2B|LMBRD1|NAGS,-2.5,0
0,0,1,1,0,1,0,0,-2.3,-3,0,-3.7,C3898127,M001101,3,0,DisGeNET,35,Non-Metastatic Childhood Soft Tissue Sarcoma,,-3.7,5,5.1,30293,160,300,8,2.7,0.93,331|1029|1499|2050|2308|5817|7251|23158,XIAP|CDKN2A|CTNNB1|EPHB4|FOXO1|PVR|TSG101|TBC1D9,-2.5,0
1,0,0,0,1,1,-2.2,0,0,0,-3.2,-3.7,C0595989,M100011,3,0,DisGeNET,35,Carcinoma of larynx,,-3.7,3.1,4.5,30293,456,300,14,4.7,1.2,331|1026|1029|1366|1462|1499|1893|2017|4323|8821|8878|10769|63027|65264,XIAP|CDKN1A|CDKN2A|CLDN7|VCAN|CTNNB1|ECM1|CTTN|MMP14|INPP4B|SQSTM1|PLK2|SLC22A23|UBE2Z,-2.5,0
1,0,1,0,0,0,-2.9,0,-3.7,0,0,0,C0029443,M101000,2,0,DisGeNET,35,Osteomyelitis,,-3.7,5.9,5.3,30293,121,299,7,2.3,0.87,3459|5743|6774|7097|9050|10148|79139,IFNGR1|PTGS2|STAT3|TLR2|PSTPIP2|EBI3|DERL1,-2.5,0
0,0,1,0,0,0,0,0,-3.7,0,0,0,C0582415,M001000,1,0,DisGeNET,35,Acute asthma,,-3.7,14,6.8,30293,30,299,4,1.3,0.66,3627|7097|7098|9235,CXCL10|TLR2|TLR3|IL32,-2.5,0
0,0,0,0,1,1,0,0,0,0,-3.7,-2.6,C0007107,M000011,2,0,DisGeNET,35,Malignant neoplasm of larynx,,-3.7,3.5,4.6,30293,349,300,12,4,1.1,467|960|3611|3688|4318|5293|5947|7042|7077|7791|9260|9448,ATF3|CD44|ILK|ITGB1|MMP9|PIK3CD|RBP1|TGFB2|TIMP2|ZYX|PDLIM7|MAP4K4,-2.5,0
0,0,0,1,0,0,0,0,0,-3.7,0,0,C0151872,M000100,1,0,DisGeNET,35,Prothrombin time increased,,-3.7,13,6.8,30293,30,300,4,1.3,0.66,2153|2159|2677|4485,F5|F10|GGCX|MST1,-2.5,0
0,0,0,1,0,1,0,0,0,-2.5,0,-3.7,C0265998,M000101,2,0,DisGeNET,35,ANONYCHIA,,-3.7,13,6.8,30293,30,300,4,1.3,0.66,3728|3909|5339|54101,JUP|LAMA3|PLEC|RIPK4,-2.5,0
1,0,1,0,0,0,-3.7,0,-2.5,0,0,0,C0343378,M101000,2,0,DisGeNET,35,Helicobacter-associated gastritis,,-3.7,13,6.8,30293,30,300,4,1.3,0.66,374|3576|3663|27189,AREG|CXCL8|IRF5|IL17C,-2.5,0
1,0,0,0,0,0,-3.7,0,0,0,0,0,C1527311,M100000,1,0,DisGeNET,35,Brain Edema,,-3.7,13,6.8,30293,30,300,4,1.3,0.66,2920|3162|3383|5328,CXCL2|HMOX1|ICAM1|PLAU,-2.5,0
0,0,0,0,1,0,0,0,0,0,-3.7,0,C1848201,M000010,1,0,DisGeNET,35,Subcortical Band Heterotopia,,-3.7,13,6.8,30293,30,300,4,1.3,0.66,5048|8642|9693|27295,PAFAH1B1|DCHS1|RAPGEF2|PDLIM3,-2.5,0
0,0,0,0,1,0,0,0,0,0,-3.7,0,C3714731,M000010,1,0,DisGeNET,35,Early childhood caries,,-3.7,13,6.8,30293,30,300,4,1.3,0.66,2004|4318|7077|7286,ELK3|MMP9|TIMP2|TUFT1,-2.5,0
0,0,1,0,0,0,0,0,-3.7,0,0,0,C2717865,M001000,1,0,DisGeNET,35,Anti-Neutrophil Cytoplasmic Antibody-Associated Vasculitis,,-3.7,7.1,5.6,30293,86,299,6,2,0.81,3684|4599|6364|7097|7133|64127,ITGAM|MX1|CCL20|TLR2|TNFRSF1B|NOD2,-2.5,0
0,0,0,1,0,0,0,0,0,-3.7,0,0,C0152171,M000100,1,0,DisGeNET,35,Idiopathic pulmonary hypertension,,-3.7,5,5.1,30293,161,300,8,2.7,0.93,2034|2159|4035|5265|7040|7076|7448|9518,EPAS1|F10|LRP1|SERPINA1|TGFB1|TIMP1|VTN|GDF15,-2.5,0
1,1,0,1,0,0,-2.9,-2.3,0,-3.7,0,0,C0398623,M110100,3,0,DisGeNET,35,Thrombophilia,,-3.7,5,5.1,30293,161,300,8,2.7,0.93,348|2153|2159|4240|5627|7040|50808|79660,APOE|F5|F10|MFGE8|PROS1|TGFB1|AK3|PPP1R3B,-2.5,0
0,0,0,0,1,1,0,0,0,0,-3.7,-3.2,C0026848,M000011,2,0,DisGeNET,35,Myopathy,,-3.7,2.7,4.4,30293,633,300,17,5.7,1.3,43|87|329|800|2316|2318|3976|3984|4318|5708|8905|25777|26353|29954|29995|64207|81706,ACHE|ACTN1|BIRC2|CALD1|FLNA|FLNC|LIF|LIMK1|MMP9|PSMD2|AP1S2|SUN2|HSPB8|POMT2|LMCD1|IRF2BPL|PPP1R14C,-2.4,0
0,0,0,1,1,0,0,0,0,-2.1,-3.7,0,C0334299,M000110,2,0,DisGeNET,35,Carcinoid tumor no ICD-O subtype,,-3.7,5.8,5.3,30293,122,300,7,2.3,0.87,960|2004|2113|3726|5293|5744|7042,CD44|ELK3|ETS1|JUNB|PIK3CD|PTHLH|TGFB2,-2.4,0
0,0,1,1,0,1,0,0,-2.3,-2.9,0,-3.7,C0220613,M001101,3,0,DisGeNET,35,Adult Soft Tissue Sarcoma,,-3.7,5,5.1,30293,162,300,8,2.7,0.93,331|1029|1499|2050|2308|5817|7251|23158,XIAP|CDKN2A|CTNNB1|EPHB4|FOXO1|PVR|TSG101|TBC1D9,-2.4,0
0,1,0,0,0,0,0,-3.6,0,0,0,0,C0001973,M010000,1,0,DisGeNET,35,"Alcoholic Intoxication, Chronic",,-3.6,2.8,4.4,30293,577,299,16,5.4,1.3,216|847|1312|2147|2348|2752|2990|4069|4128|7033|7067|10399|10966|26355|55902|359948,ALDH1A1|CAT|COMT|F2|FOLR1|GLUL|GUSB|LYZ|MAOA|TFF3|THRA|RACK1|RAB40B|FAM162A|ACSS2|IRF2BP2,-2.4,0
0,0,0,1,0,0,0,0,0,-3.6,0,0,C0020295,M000100,1,0,DisGeNET,35,Hydronephrosis,,-3.6,4,4.8,30293,252,300,10,3.3,1,538|652|1471|1958|3691|5337|5530|7040|7348|9518,ATP7A|BMP4|CST3|EGR1|ITGB4|PLD1|PPP3CA|TGFB1|UPK1B|GDF15,-2.4,0
0,0,1,0,1,0,0,0,-3.6,0,-3.6,0,C4721532,M001010,2,0,DisGeNET,35,"Lymphoma, Non-Hodgkin, Familial",,-3.6,3.1,4.5,30293,462,299,14,4.7,1.2,567|843|4790|5698|6774|7096|7097|7128|7133|7157|8743|9734|25897|58191,B2M|CASP10|NFKB1|PSMB9|STAT3|TLR1|TLR2|TNFAIP3|TNFRSF1B|TP53|TNFSF10|HDAC9|RNF19A|CXCL16,-2.4,0
0,0,1,0,0,0,0,0,-3.6,0,0,0,C0150055,M001000,1,0,DisGeNET,35,Chronic pain,,-3.6,4.4,4.9,30293,207,299,9,3,0.99,1435|3627|5021|5743|6376|6774|9466|9536|25897,CSF1|CXCL10|OXTR|PTGS2|CX3CL1|STAT3|IL27RA|PTGES|RNF19A,-2.4,0
0,1,0,0,1,0,0,-2.9,0,0,-3.6,0,C0553694,M010010,2,0,DisGeNET,35,Oropharyngeal disorders,,-3.6,5,5.1,30293,163,300,8,2.7,0.93,960|2316|3726|4318|5293|9260|9261|81631,CD44|FLNA|JUNB|MMP9|PIK3CD|PDLIM7|MAPKAPK2|MAP1LC3B,-2.4,0
1,0,0,0,0,0,-3.6,0,0,0,0,0,C1701940,M100000,1,0,DisGeNET,35,"Pneumonia, Ventilator-Associated",,-3.6,9,6,30293,56,300,5,1.7,0.74,285|3383|3576|56829|83666,ANGPT2|ICAM1|CXCL8|ZC3HAV1|PARP9,-2.4,0
1,0,1,0,1,1,-3.6,0,-2.2,0,-3.1,-2.6,C0349566,M101011,4,0,DisGeNET,35,Squamous cell carcinoma of tongue,,-3.6,3.1,4.5,30293,462,300,14,4.7,1.2,102|3576|4312|4646|5328|5970|6648|7100|7405|9076|9575|55601|64778|346389,ADAM10|CXCL8|MMP1|MYO6|PLAU|RELA|SOD2|TLR5|UVRAG|CLDN1|CLOCK|DDX60|FNDC3B|MACC1,-2.4,0
1,0,1,0,1,0,-2.2,0,-3.6,0,-2.2,0,C0029410,M101010,3,0,DisGeNET,35,Osteoarthritis of hip,,-3.6,4.9,5.1,30293,164,299,8,2.7,0.93,637|1302|2907|3486|7157|7412|9734|80326,BID|COL11A2|GRINA|IGFBP3|TP53|VCAM1|HDAC9|WNT10A,-2.4,0
1,0,1,0,0,0,-2.9,0,-3.6,0,0,0,C1096184,M101000,2,0,DisGeNET,35,West Nile viral infection,,-3.6,4.9,5.1,30293,164,299,8,2.7,0.93,3105|3684|4045|4599|7098|10410|27074|64135,HLA-A|ITGAM|LSAMP|MX1|TLR3|IFITM3|LAMP3|IFIH1,-2.4,0
0,0,0,1,0,0,0,0,0,-3.6,0,0,C0039292,M000100,1,0,DisGeNET,35,Tangier Disease,,-3.6,13,6.7,30293,31,300,4,1.3,0.66,348|5265|8399|10577,APOE|SERPINA1|PLA2G10|NPC2,-2.4,0
0,0,0,1,0,0,0,0,0,-3.6,0,0,C0392514,M000100,1,0,DisGeNET,35,Hereditary hemochromatosis,,-3.6,4,4.8,30293,254,300,10,3.3,1,348|652|2886|5265|5584|7018|7040|7991|30061|164656,APOE|BMP4|GRB7|SERPINA1|PRKCI|TF|TGFB1|TUSC3|SLC40A1|TMPRSS6,-2.4,0
0,0,1,0,0,0,0,0,-3.6,0,0,0,C0025295,M001000,1,0,DisGeNET,35,"Meningitis, Pneumococcal",,-3.6,6.9,5.5,30293,88,299,6,2,0.81,4794|5284|7097|8942|25897|29108,NFKBIE|PIGR|TLR2|KYNU|RNF19A|PYCARD,-2.4,0
0,0,1,0,0,0,0,0,-3.6,0,0,0,C0948379,M001000,1,0,DisGeNET,35,Impaired insulin secretion,,-3.6,6.9,5.5,30293,88,299,6,2,0.81,685|1080|3416|5167|6524|8835,BTC|CFTR|IDE|ENPP1|SLC5A2|SOCS2,-2.4,0
0,0,1,0,0,0,0,0,-3.6,0,0,0,C1279945,M001000,1,0,DisGeNET,35,Acute interstitial pneumonia,,-3.6,6.9,5.5,30293,88,299,6,2,0.81,567|1080|2235|3105|7097|7157,B2M|CFTR|FECH|HLA-A|TLR2|TP53,-2.4,0
0,0,0,1,0,0,0,0,0,-3.6,0,0,C0018206,M000100,1,0,DisGeNET,35,granulosa cell tumor,,-3.6,6.9,5.5,30293,88,300,6,2,0.81,894|2064|2852|3623|7040|27122,CCND2|ERBB2|GPER1|INHA|TGFB1|DKK3,-2.4,0
0,0,0,1,0,1,0,0,0,-3.6,0,-3.6,C0027746,M000101,2,0,DisGeNET,35,Nerve Degeneration,,-3.6,4.9,5,30293,165,300,8,2.7,0.93,334|348|351|1917|2057|2896|3481|5071,APLP2|APOE|APP|EEF1A2|EPOR|GRN|IGF2|PRKN,-2.4,0
0,0,1,0,0,1,0,0,-2.2,0,0,-3.6,C4551675,M001001,2,0,DisGeNET,35,"Keratoderma, Palmoplantar",,-3.6,4.9,5,30293,165,300,8,2.7,0.93,2707|3728|3909|5663|7414|54101|55612|644815,GJB3|JUP|LAMA3|PSEN1|VCL|RIPK4|FERMT1|FAM83G,-2.4,0
0,0,0,0,1,0,0,0,0,0,-3.6,0,C1531647,M000010,1,0,DisGeNET,35,Cerebral ventriculomegaly,,-3.6,3.2,4.5,30293,410,300,13,4.3,1.2,547|5048|5155|7846|8642|8905|22931|23141|26277|29954|55262|57514|145173,KIF1A|PAFAH1B1|PDGFB|TUBA1A|DCHS1|AP1S2|RAB18|ANKLE2|TINF2|POMT2|TRAPPC14|ARHGAP31|B3GLCT,-2.4,0
0,0,1,0,0,0,0,0,-3.6,0,0,0,C0015773,M001000,1,0,DisGeNET,35,Felty Syndrome,,-3.6,23,8.1,30293,13,299,3,1,0.58,3105|6774|6891,HLA-A|STAT3|TAP2,-2.4,0
0,1,0,0,0,0,0,-3.6,0,0,0,0,C1412000,M010000,1,0,DisGeNET,35,Mesenteric vascular insufficiency,,-3.6,23,8.1,30293,13,299,3,1,0.58,847|2147|3249,CAT|F2|HPN,-2.4,0
0,0,0,0,1,0,0,0,0,0,-3.6,0,C0424166,M000010,1,0,DisGeNET,35,Social Anxiety,,-3.6,8.9,5.9,30293,57,300,5,1.7,0.74,2004|2054|3084|4133|4616,ELK3|STX2|NRG1|MAP2|GADD45B,-2.4,0
0,0,0,0,1,0,0,0,0,0,-3.6,0,C1332225,M000010,1,0,DisGeNET,35,Aggressive Non-Hodgkin Lymphoma,,-3.6,8.9,5.9,30293,57,300,5,1.7,0.74,960|3981|9260|65059|201191,CD44|LIG4|PDLIM7|RAPH1|SAMD14,-2.4,0
0,0,0,1,0,0,0,0,0,-3.6,0,0,C0029810,M000100,1,0,DisGeNET,35,Other specified iron deficiency anemias,,-3.6,23,8,30293,13,300,3,1,0.57,351|538|1471,APP|ATP7A|CST3,-2.4,0
1,0,0,0,0,0,-3.6,0,0,0,0,0,C0340170,M100000,1,0,DisGeNET,35,Complicated pneumoconiosis,,-3.6,23,8,30293,13,300,3,1,0.57,2950|3383|5328,GSTP1|ICAM1|PLAU,-2.4,0
0,0,0,1,0,0,0,0,0,-3.6,0,0,C0810032,M000100,1,0,DisGeNET,35,Pancreatic disorders (not diabetes),,-3.6,23,8,30293,13,300,3,1,0.57,3856|5645|6690,KRT8|PRSS2|SPINK1,-2.4,0
1,0,0,0,0,0,-3.6,0,0,0,0,0,C0876994,M100000,1,0,DisGeNET,35,Cardiotoxicity,,-3.6,23,8,30293,13,300,3,1,0.57,650|3576|5879,BMP2|CXCL8|RAC1,-2.4,0
1,0,0,0,0,0,-3.6,0,0,0,0,0,C1318518,M100000,1,0,DisGeNET,35,Infantile malignant osteopetrosis,,-3.6,23,8,30293,13,300,3,1,0.57,5879|5880|29887,RAC1|RAC2|SNX10,-2.4,0
0,0,0,1,0,0,0,0,0,-3.6,0,0,C4022922,M000100,1,0,DisGeNET,35,Abnormal enzyme/coenzyme activity,,-3.6,23,8,30293,13,300,3,1,0.57,5644|5645|6690,PRSS1|PRSS2|SPINK1,-2.4,0
0,0,0,1,0,0,0,0,0,-3.6,0,0,C4025731,M000100,1,0,DisGeNET,35,Abnormal thrombosis,,-3.6,23,8,30293,13,300,3,1,0.57,5644|5645|6690,PRSS1|PRSS2|SPINK1,-2.4,0
0,0,0,1,0,0,0,0,0,-3.6,0,0,C4528561,M000100,1,0,DisGeNET,35,Anatomic Stage IV Breast Cancer AJCC v8,,-3.6,23,8,30293,13,300,3,1,0.57,2064|3880|5209,ERBB2|KRT19|PFKFB3,-2.4,0
0,0,0,1,0,0,0,0,0,-3.6,0,0,C4528592,M000100,1,0,DisGeNET,35,Prognostic Stage IV Breast Cancer AJCC v8,,-3.6,23,8,30293,13,300,3,1,0.57,2064|3880|5209,ERBB2|KRT19|PFKFB3,-2.4,0
0,0,1,0,0,0,0,0,-3.6,0,0,0,C0015923,M001000,1,0,DisGeNET,35,Fetal Alcohol Syndrome,,-3.6,6.8,5.5,30293,89,299,6,2,0.81,1302|3627|6558|6774|7157|25897,COL11A2|CXCL10|SLC12A2|STAT3|TP53|RNF19A,-2.4,0
1,0,1,0,0,0,-2.9,0,-3.6,0,0,0,C2747816,M101000,2,0,DisGeNET,35,Complicated malaria,,-3.6,4.9,5,30293,166,299,8,2.7,0.93,3105|3459|3627|5698|6890|7096|7097|7412,HLA-A|IFNGR1|CXCL10|PSMB9|TAP1|TLR1|TLR2|VCAM1,-2.4,0
0,0,0,0,0,1,0,0,0,0,0,-3.6,C0001787,M000001,1,0,DisGeNET,35,"Osteoporosis, Age-Related",,-3.6,6.8,5.5,30293,89,300,6,2,0.81,71|4982|5663|7094|7414|9948,ACTG1|TNFRSF11B|PSEN1|TLN1|VCL|WDR1,-2.4,0
0,1,0,1,0,0,0,-2.7,0,-3.6,0,0,C0264714,M010100,2,0,DisGeNET,35,Acute heart failure,,-3.6,6.8,5.5,30293,89,300,6,2,0.81,1471|2064|4054|5104|7076|9518,CST3|ERBB2|LTBP3|SERPINA5|TIMP1|GDF15,-2.4,0
0,0,0,1,1,0,0,0,0,-3.6,-3.6,0,C0272138,M000110,2,0,DisGeNET,35,Erythroblastosis,,-3.6,6.8,5.5,30293,89,300,6,2,0.81,633|2064|2353|2886|5627|6690,BGN|ERBB2|FOS|GRB7|PROS1|SPINK1,-2.4,0
0,0,1,1,0,1,0,0,-2.2,-3.6,0,-3.6,C0220645,M001101,3,0,DisGeNET,35,Childhood Soft Tissue Sarcoma,,-3.6,4.9,5,30293,166,300,8,2.7,0.93,2034|2064|3481|4485|5104|7040|22933|64764,EPAS1|ERBB2|IGF2|MST1|SERPINA5|TGFB1|SIRT2|CREB3L2,-2.4,0
0,0,0,0,0,1,0,0,0,0,0,-3.6,C0521707,M000001,1,0,DisGeNET,35,Bilateral cataracts (disorder),,-3.6,4.9,5,30293,166,300,8,2.7,0.93,824|1029|1969|2335|3909|4627|5663|128866,CAPN2|CDKN2A|EPHA2|FN1|LAMA3|MYH9|PSEN1|CHMP4B,-2.4,0
0,0,1,0,0,0,0,0,-3.6,0,0,0,C4554344,M001000,1,0,DisGeNET,35,IgE-mediated food allergy,,-3.6,5.6,5.2,30293,126,299,7,2.3,0.87,2638|7097|7098|7133|25897|26298|51284,GC|TLR2|TLR3|TNFRSF1B|RNF19A|EHF|TLR7,-2.4,0
1,0,1,0,0,1,-3.6,0,-2.3,0,0,-3.6,C4082937,M101001,3,0,DisGeNET,35,Necrotizing enterocolitis in fetus OR newborn,,-3.6,4.3,4.8,30293,210,300,9,3,0.98,2919|2950|3162|3383|3576|3663|4792|6648|8549,CXCL1|GSTP1|HMOX1|ICAM1|CXCL8|IRF5|NFKBIA|SOD2|LGR5,-2.4,0
1,0,1,0,1,1,-3.6,0,-3.1,0,-3.6,-2.3,C1961099,M101011,4,0,DisGeNET,35,Precursor T-Cell Lymphoblastic Leukemia-Lymphoma,,-3.6,2.7,4.3,30293,644,300,17,5.7,1.3,355|860|1540|2120|2523|2625|3576|3717|3732|4301|4312|4893|5879|6776|7403|8809|27113,FAS|RUNX2|CYLD|ETV6|FUT1|GATA3|CXCL8|JAK2|CD82|AFDN|MMP1|NRAS|RAC1|STAT5A|KDM6A|IL18R1|BBC3,-2.4,0
0,0,1,0,0,0,0,0,-3.6,0,0,0,C1290807,M001000,1,0,DisGeNET,35,Diarrheal disorder,,-3.6,13,6.6,30293,32,299,4,1.3,0.66,4045|6892|25897|27074,LSAMP|TAPBP|RNF19A|LAMP3,-2.4,0
0,0,1,0,0,0,0,0,-3.6,0,0,0,C2938905,M001000,1,0,DisGeNET,35,Central Nervous System Sensitization,,-3.6,13,6.6,30293,32,299,4,1.3,0.66,1435|5582|6774|84876,CSF1|PRKCG|STAT3|ORAI1,-2.4,0
1,0,1,1,0,0,-3.6,0,-2.1,-2.1,0,0,C0023891,M101100,3,0,DisGeNET,35,"Liver Cirrhosis, Alcoholic",,-3.6,5.6,5.2,30293,126,300,7,2.3,0.87,355|2919|2950|3576|5328|5970|6648,FAS|CXCL1|GSTP1|CXCL8|PLAU|RELA|SOD2,-2.4,0
1,0,1,0,0,0,-3.6,0,-2.5,0,0,0,C3469521,M101000,2,0,DisGeNET,35,"FANCONI ANEMIA, COMPLEMENTATION GROUP A (disorder)",,-3.6,3.4,4.5,30293,359,300,12,4,1.1,310|1327|2523|2625|3383|3717|5879|5970|6047|6648|6776|10019,ANXA7|COX4I1|FUT1|GATA3|ICAM1|JAK2|RAC1|RELA|RNF4|SOD2|STAT5A|SH2B3,-2.4,0
0,0,0,0,1,0,0,0,0,0,-3.6,0,C0280302,M000010,1,0,DisGeNET,35,Squamous cell carcinoma of lip,,-3.6,13,6.6,30293,32,300,4,1.3,0.66,960|4478|10763|81631,CD44|MSN|NES|MAP1LC3B,-2.4,0
1,0,0,0,0,0,-3.6,0,0,0,0,0,C1279296,M100000,1,0,DisGeNET,35,Chronic leukemia (category),,-3.6,13,6.6,30293,32,300,4,1.3,0.66,2120|3663|3717|5970,ETV6|IRF5|JAK2|RELA,-2.4,0
1,0,1,1,0,1,-2.4,0,-2.4,-3.6,0,-3.6,C4551687,M101101,4,0,DisGeNET,35,Sarcoma of soft tissue,,-3.6,3.9,4.7,30293,258,300,10,3.3,1,2034|2040|2064|3481|4485|5104|7040|8714|9518|64764,EPAS1|STOM|ERBB2|IGF2|MST1|SERPINA5|TGFB1|ABCC3|GDF15|CREB3L2,-2.4,0
0,0,1,0,0,0,0,0,-3.6,0,0,0,C0020517,M001000,1,0,DisGeNET,35,Hypersensitivity,,-3.6,6.8,5.5,30293,90,299,6,2,0.81,6364|6374|6376|7097|7133|79140,CCL20|CXCL5|CX3CL1|TLR2|TNFRSF1B|CCDC28B,-2.4,0
0,0,1,0,0,0,0,0,-3.6,0,0,0,C0022575,M001000,1,0,DisGeNET,35,Keratoconjunctivitis Sicca,,-3.6,6.8,5.5,30293,90,299,6,2,0.81,567|2706|7097|10970|51752|64127,B2M|GJB2|TLR2|CKAP4|ERAP1|NOD2,-2.4,0
0,0,0,1,0,0,0,0,0,-3.6,0,0,C0346989,M000100,1,0,DisGeNET,35,Secondary malignant neoplasm of peritoneum,,-3.6,8.7,5.9,30293,58,300,5,1.7,0.74,2064|4680|7040|7076|10232,ERBB2|CEACAM6|TGFB1|TIMP1|MSLN,-2.4,0
0,0,0,1,0,0,0,0,0,-3.6,0,0,C1260926,M000100,1,0,DisGeNET,35,Abnormal pigmentation,,-3.6,8.7,5.9,30293,58,300,5,1.7,0.74,1308|2353|3691|5627|10555,COL17A1|FOS|ITGB4|PROS1|AGPAT2,-2.4,0
0,1,1,1,0,0,0,-2.9,-3.6,-3.5,0,0,C1848701,M011100,3,0,DisGeNET,35,Elevated hepatic transaminase,,-3.6,4.3,4.8,30293,212,299,9,3,0.99,103|1080|4790|4791|5692|5696|5698|7157|64135,ADAR|CFTR|NFKB1|NFKB2|PSMB4|PSMB8|PSMB9|TP53|IFIH1,-2.4,0
0,0,0,1,0,1,0,0,0,-3.6,0,-2.7,C1266025,M000101,2,0,DisGeNET,35,Traditional Serrated Adenoma,,-3.6,6.7,5.4,30293,90,300,6,2,0.81,2064|4586|7040|9518|10801|55824,ERBB2|MUC5AC|TGFB1|GDF15|SEPTIN9|PAG1,-2.4,0
1,0,1,0,0,0,-3.5,0,-3.6,0,0,0,C4524092,M101000,2,0,DisGeNET,35,Chronic rhinosinusitis with nasal polyps,,-3.6,4.8,5,30293,168,299,8,2.7,0.93,5743|6774|7098|7157|7292|9235|55540|84876,PTGS2|STAT3|TLR3|TP53|TNFSF4|IL32|IL17RB|ORAI1,-2.4,0
0,0,1,1,0,0,0,0,-2.1,-3.5,0,0,C0019214,M001100,2,0,DisGeNET,35,Hepatosplenomegaly,,-3.5,5.6,5.2,30293,127,300,7,2.3,0.87,2040|4485|7040|7076|9056|10577|201294,STOM|MST1|TGFB1|TIMP1|SLC7A7|NPC2|UNC13D,-2.4,0
1,1,1,0,1,1,-3.5,-3.5,-2.5,0,-3.5,-3,C0936223,M111011,5,0,DisGeNET,35,Metastatic Prostate Carcinoma,,-3.5,3.4,4.5,30293,362,299,12,4,1.1,196|682|1191|1915|3249|5176|7048|7276|10397|10551|51109|83998,AHR|BSG|CLU|EEF1A1|HPN|SERPINF1|TGFBR2|TTR|NDRG1|AGR2|RDH11|REG4,-2.4,0
0,0,1,0,1,0,0,0,-3.5,0,-2.9,0,C0023269,M001010,2,0,DisGeNET,35,leiomyosarcoma,,-3.5,4.3,4.8,30293,213,299,9,3,0.99,94|1435|5743|6774|7157|9734|23180|53347|57599,ACVRL1|CSF1|PTGS2|STAT3|TP53|HDAC9|RFTN1|UBASH3A|WDR48,-2.4,0
0,0,1,0,1,0,0,0,-3.5,0,-2.3,0,C1843013,M001010,2,0,DisGeNET,35,"Alzheimer disease, familial, type 3",,-3.5,4.3,4.8,30293,213,299,9,3,0.99,1302|3416|5743|6364|6376|6891|7097|7157|7412,COL11A2|IDE|PTGS2|CCL20|CX3CL1|TAP2|TLR2|TP53|VCAM1,-2.4,0
0,0,0,1,0,0,0,0,0,-3.5,0,0,C2931852,M000100,1,0,DisGeNET,35,Clear-cell metastatic renal cell carcinoma,,-3.5,3.9,4.7,30293,260,300,10,3.3,1,334|634|2034|2064|3880|5071|6594|7040|7076|10076,APLP2|CEACAM1|EPAS1|ERBB2|KRT19|PRKN|SMARCA1|TGFB1|TIMP1|PTPRU,-2.4,0
0,1,0,1,1,0,0,-2.5,0,-3.5,-3,0,C4551683,M010110,3,0,DisGeNET,35,Adrenal Gland Pheochromocytoma,,-3.5,3.2,4.4,30293,416,300,13,4.3,1.2,351|2034|2057|2064|2896|3481|3485|5562|7040|9138|10076|10103|51573,APP|EPAS1|EPOR|ERBB2|GRN|IGF2|IGFBP2|PRKAA1|TGFB1|ARHGEF1|PTPRU|TSPAN1|GDE1,-2.4,0
1,0,0,0,0,1,-3.5,0,0,0,0,-2.9,C0026499,M100001,2,0,DisGeNET,35,Monosomy,,-3.5,4.3,4.8,30293,213,300,9,3,0.98,310|2120|2523|4893|5371|6776|7035|7403|64065,ANXA7|ETV6|FUT1|NRAS|PML|STAT5A|TFPI|KDM6A|PERP,-2.4,0
1,0,1,0,0,0,-3.5,0,-2.9,0,0,0,C0241910,M101000,2,0,DisGeNET,35,Autoimmune Chronic Hepatitis,,-3.5,4.3,4.8,30293,213,300,9,3,0.98,355|2625|2919|3107|3576|4312|10019|10318|27189,FAS|GATA3|CXCL1|HLA-C|CXCL8|MMP1|SH2B3|TNIP1|IL17C,-2.4,0
0,0,1,0,0,0,0,0,-3.5,0,0,0,C0238013,M001000,1,0,DisGeNET,35,Invasive aspergillosis,,-3.5,8.6,5.8,30293,59,299,5,1.7,0.74,3627|7096|7097|51284|64127,CXCL10|TLR1|TLR2|TLR7|NOD2,-2.4,0
0,0,0,0,0,1,0,0,0,0,0,-3.5,C1956089,M000001,1,0,DisGeNET,35,Osteophyte,,-3.5,6.7,5.4,30293,91,300,6,2,0.81,822|1499|2150|4982|7057|387521,CAPG|CTNNB1|F2RL1|TNFRSF11B|THBS1|PEDS1,-2.3,0
0,0,0,0,0,1,0,0,0,0,0,-3.5,C4083212,M000001,1,0,DisGeNET,35,"Alopecia, Male Pattern",,-3.5,6.7,5.4,30293,91,300,6,2,0.81,331|861|1029|1462|1499|8797,XIAP|RUNX1|CDKN2A|VCAN|CTNNB1|TNFRSF10A,-2.3,0
1,0,0,0,1,0,-3.5,0,0,0,-2.7,0,C4721507,M100010,2,0,DisGeNET,35,"Alveolitis, Fibrosing",,-3.5,6.7,5.4,30293,91,300,6,2,0.81,374|2920|3162|3576|3663|6778,AREG|CXCL2|HMOX1|CXCL8|IRF5|STAT6,-2.3,0
0,0,1,0,1,1,0,0,-2.2,0,-2.2,-3.5,C1867441,M001011,3,0,DisGeNET,35,Pterygium Of Conjunctiva And Cornea,,-3.5,4.8,4.9,30293,169,300,8,2.7,0.93,1029|1364|1499|2335|3664|6277|6282|54101,CDKN2A|CLDN4|CTNNB1|FN1|IRF6|S100A6|S100A11|RIPK4,-2.3,0
0,0,1,0,1,1,0,0,-2.2,0,-2.2,-3.5,C4520843,M001011,3,0,DisGeNET,35,Pterygium of eye,,-3.5,4.8,4.9,30293,169,300,8,2.7,0.93,1029|1364|1499|2335|3664|6277|6282|54101,CDKN2A|CLDN4|CTNNB1|FN1|IRF6|S100A6|S100A11|RIPK4,-2.3,0
1,1,0,1,0,0,-2,-2,0,-3.5,0,0,C0038436,M110100,3,0,DisGeNET,35,Post-Traumatic Stress Disorder,,-3.5,3.1,4.4,30293,417,300,13,4.3,1.2,348|828|2571|3485|4035|4054|4240|5071|6296|7089|10163|55824|79660,APOE|CAPS|GAD1|IGFBP2|LRP1|LTBP3|MFGE8|PRKN|ACSM3|TLE2|WASF2|PAG1|PPP1R3B,-2.3,0
1,0,1,1,0,1,-2.5,0,-3,-3.5,0,-2,C0162429,M101101,4,0,DisGeNET,35,Malnutrition,,-3.5,3.1,4.4,30293,417,300,13,4.3,1.2,348|652|1643|2159|2878|2896|3481|5265|5627|6594|7040|7076|9056,APOE|BMP4|DDB2|F10|GPX3|GRN|IGF2|SERPINA1|PROS1|SMARCA1|TGFB1|TIMP1|SLC7A7,-2.3,0
1,0,0,0,0,0,-3.5,0,0,0,0,0,C0036631,M100000,1,0,DisGeNET,35,Seminoma,,-3.5,3.6,4.6,30293,311,300,11,3.7,1.1,355|650|1812|3306|3460|4893|5328|5371|6528|7405|8809,FAS|BMP2|DRD1|HSPA2|IFNGR2|NRAS|PLAU|PML|SLC5A5|UVRAG|IL18R1,-2.3,0
1,0,1,1,0,0,-2.1,0,-3.5,-2.1,0,0,C0026269,M101100,3,0,DisGeNET,35,Mitral Valve Stenosis,,-3.5,4.8,4.9,30293,170,299,8,2.7,0.93,567|718|1302|4599|4790|4868|6364|6891,B2M|C3|COL11A2|MX1|NFKB1|NPHS1|CCL20|TAP2,-2.3,0
0,1,0,0,0,0,0,-3.5,0,0,0,0,C0268407,M010000,1,0,DisGeNET,35,Senile cardiac amyloidosis,,-3.5,12,6.5,30293,33,299,4,1.3,0.66,335|1191|5950|7276,APOA1|CLU|RBP4|TTR,-2.3,0
0,0,1,0,0,0,0,0,-3.5,0,0,0,C0752335,M001000,1,0,DisGeNET,35,Neuropsychiatric Systemic Lupus Erythematosus,,-3.5,12,6.5,30293,33,299,4,1.3,0.66,718|3684|3934|7128,C3|ITGAM|LCN2|TNFAIP3,-2.3,0
0,1,0,0,0,0,0,-3.5,0,0,0,0,C3281200,M010000,1,0,DisGeNET,35,"LEUKOENCEPHALOPATHY, BRAIN CALCIFICATIONS, AND CYSTS",,-3.5,12,6.5,30293,33,299,4,1.3,0.66,949|5176|7048|150696,SCARB1|SERPINF1|TGFBR2|PROM2,-2.3,0
0,0,1,0,0,0,0,0,-3.5,0,0,0,C4505456,M001000,1,0,DisGeNET,35,HIV Coinfection,,-3.5,5.5,5.1,30293,129,299,7,2.3,0.87,3068|3627|5692|5699|5720|5721|7098,HDGF|CXCL10|PSMB4|PSMB10|PSME1|PSME2|TLR3,-2.3,0
0,0,0,1,0,0,0,0,0,-3.5,0,0,C0521991,M000100,1,0,DisGeNET,35,Symptoms of stress,,-3.5,12,6.5,30293,33,300,4,1.3,0.66,348|828|4054|79660,APOE|CAPS|LTBP3|PPP1R3B,-2.3,0
0,0,1,0,1,0,0,0,-2.2,0,-3.5,0,C1519689,M001010,2,0,DisGeNET,35,Tumor Promotion,,-3.5,4.8,4.9,30293,170,300,8,2.7,0.93,960|3589|3726|4318|5293|8682|10962|80381,CD44|IL11|JUNB|MMP9|PIK3CD|PEA15|MLLT11|CD276,-2.3,0
0,0,0,1,0,0,0,0,0,-3.5,0,0,C0751783,M000100,1,0,DisGeNET,35,Lafora Disease,,-3.5,6.6,5.4,30293,92,300,6,2,0.81,348|1471|1832|2896|5071|79660,APOE|CST3|DSP|GRN|PRKN|PPP1R3B,-2.3,0
0,0,0,1,0,0,0,0,0,-3.5,0,0,C2931384,M000100,1,0,DisGeNET,35,Moyamoya disease 1,,-3.5,6.6,5.4,30293,92,300,6,2,0.81,348|4035|5265|7040|7076|81846,APOE|LRP1|SERPINA1|TGFB1|TIMP1|SBF2,-2.3,0
1,0,0,1,0,0,-3.5,0,0,-2.6,0,0,C0427460,M100100,2,0,DisGeNET,35,Red cell distribution width determination,,-3.5,2.7,4.2,30293,593,300,16,5.3,1.3,3732|4067|4301|5879|6764|7357|8879|9663|10723|11226|23191|64420|64778|84079|85441|91748,CD82|LYN|AFDN|RAC1|DENND2B|UGCG|SGPL1|LPIN2|SLC12A7|GALNT6|CYFIP1|SUSD1|FNDC3B|ANKRD27|HELZ2|MIDEAS,-2.3,0
1,0,0,1,0,0,-3.5,0,0,-2.6,0,0,C1304746,M100100,2,0,DisGeNET,35,RDW - Red blood cell distribution width result,,-3.5,2.7,4.2,30293,593,300,16,5.3,1.3,3732|4067|4301|5879|6764|7357|8879|9663|10723|11226|23191|64420|64778|84079|85441|91748,CD82|LYN|AFDN|RAC1|DENND2B|UGCG|SGPL1|LPIN2|SLC12A7|GALNT6|CYFIP1|SUSD1|FNDC3B|ANKRD27|HELZ2|MIDEAS,-2.3,0
1,1,0,0,0,0,-2.5,-3.5,0,0,0,0,C0027540,M110000,2,0,DisGeNET,35,Necrosis,,-3.5,8.4,5.8,30293,60,299,5,1.7,0.74,196|847|5950|6649|29952,AHR|CAT|RBP4|SOD3|DPP7,-2.3,0
1,0,1,1,0,0,-2.7,0,-3.5,-2,0,0,C0677944,M101100,3,0,DisGeNET,35,Sentinel node (disorder),,-3.5,5.5,5.1,30293,130,299,7,2.3,0.87,5284|5743|7098|7157|8190|10970|83878,PIGR|PTGS2|TLR3|TP53|MIA|CKAP4|USHBP1,-2.3,0
0,0,1,0,0,0,0,0,-3.5,0,0,0,C0035012,M001000,1,0,DisGeNET,35,Reiter Syndrome,,-3.5,22,7.7,30293,14,299,3,1,0.58,5743|6890|6891,PTGS2|TAP1|TAP2,-2.3,0
0,1,0,0,0,0,0,-3.5,0,0,0,0,C0085131,M010000,1,0,DisGeNET,35,Gangliosidosis GM1,,-3.5,22,7.7,30293,14,299,3,1,0.58,22|2720|4758,ABCB7|GLB1|NEU1,-2.3,0
0,0,1,0,0,0,0,0,-3.5,0,0,0,C0085574,M001000,1,0,DisGeNET,35,Palindromic rheumatism,,-3.5,22,7.7,30293,14,299,3,1,0.58,3105|7133|29108,HLA-A|TNFRSF1B|PYCARD,-2.3,0
0,0,1,0,0,0,0,0,-3.5,0,0,0,C0267792,M001000,1,0,DisGeNET,35,Hepatobiliary disease,,-3.5,22,7.7,30293,14,299,3,1,0.58,1080|2235|7157,CFTR|FECH|TP53,-2.3,0
0,0,1,0,0,0,0,0,-3.5,0,0,0,C4022995,M001000,1,0,DisGeNET,35,Sex reversal,,-3.5,22,7.7,30293,14,299,3,1,0.58,2516|4214|54361,NR5A1|MAP3K1|WNT4,-2.3,0
1,0,1,1,1,1,-3.5,0,-2.8,-2.8,-2.8,-2.8,C0087031,M101111,5,0,DisGeNET,35,Juvenile-Onset Still Disease,,-3.5,4.7,4.9,30293,171,300,8,2.7,0.93,355|374|2120|2919|7035|26037|83699|221895,FAS|AREG|ETV6|CXCL1|TFPI|SIPA1L1|SH3BGRL2|JAZF1,-2.3,0
0,0,0,0,1,0,0,0,0,0,-3.5,0,C0848558,M000010,1,0,DisGeNET,35,Hypospadias,,-3.5,3.3,4.4,30293,366,300,12,4,1.1,467|960|2316|3726|3981|5293|7476|8642|10046|10085|51339|145173,ATF3|CD44|FLNA|JUNB|LIG4|PIK3CD|WNT7A|DCHS1|MAMLD1|EDIL3|DACT1|B3GLCT,-2.3,0
0,0,0,1,0,0,0,0,0,-3.5,0,0,C0006079,M000100,1,0,DisGeNET,35,Bowen's Disease,,-3.5,8.4,5.7,30293,60,300,5,1.7,0.74,348|360|1308|3691|3880,APOE|AQP3|COL17A1|ITGB4|KRT19,-2.3,0
0,0,1,0,1,0,0,0,-2.5,0,-3.5,0,C0020302,M001010,2,0,DisGeNET,35,Hydrophthalmos,,-3.5,8.4,5.7,30293,60,300,5,1.7,0.74,2316|4053|9469|29954|285590,FLNA|LTBP2|CHST3|POMT2|SH3PXD2B,-2.3,0
0,0,0,0,1,0,0,0,0,0,-3.5,0,C1955869,M000010,1,0,DisGeNET,35,Malformations of Cortical Development,,-3.5,8.4,5.7,30293,60,300,5,1.7,0.74,5048|5293|7280|7846|26047,PAFAH1B1|PIK3CD|TUBB2A|TUBA1A|CNTNAP2,-2.3,0
1,0,0,0,0,0,-3.5,0,0,0,0,0,C0272187,M100000,1,0,DisGeNET,35,Congenital leukocyte adherence deficiency,,-3.5,22,7.7,30293,14,300,3,1,0.57,1738|3898|5880,DLD|LAD1|RAC2,-2.3,0
0,0,0,1,0,0,0,0,0,-3.5,0,0,C0333113,M000100,1,0,DisGeNET,35,Sacculation,,-3.5,22,7.7,30293,14,300,3,1,0.57,4485|6690|7040,MST1|SPINK1|TGFB1,-2.3,0
0,0,0,0,1,0,0,0,0,0,-3.5,0,C1848199,M000010,1,0,DisGeNET,35,X-Linked Lissencephaly,,-3.5,22,7.7,30293,14,300,3,1,0.57,2316|5048|8851,FLNA|PAFAH1B1|CDK5R1,-2.3,0
0,0,0,0,1,0,0,0,0,0,-3.5,0,C4329988,M000010,1,0,DisGeNET,35,Feline Mammary Carcinoma,,-3.5,22,7.7,30293,14,300,3,1,0.57,4318|7077|51343,MMP9|TIMP2|FZR1,-2.3,0
0,0,0,1,0,0,0,0,0,-3.5,0,0,C4551632,M000100,1,0,DisGeNET,35,Recurrent pancreatitis,,-3.5,22,7.7,30293,14,300,3,1,0.57,5644|5645|6690,PRSS1|PRSS2|SPINK1,-2.3,0
0,0,0,1,0,0,0,0,0,-3.5,0,0,C4703633,M000100,1,0,DisGeNET,35,Increased level of L-fucose in urine,,-3.5,22,7.7,30293,14,300,3,1,0.57,2064|3856|3875,ERBB2|KRT8|KRT18,-2.3,0
0,0,0,1,1,1,0,0,0,-2.2,-2.8,-3.5,C0033999,M000111,3,0,DisGeNET,35,Pterygium,,-3.5,4.2,4.7,30293,216,300,9,3,0.98,1029|1364|1499|2335|3664|4323|6277|6282|54101,CDKN2A|CLDN4|CTNNB1|FN1|IRF6|MMP14|S100A6|S100A11|RIPK4,-2.3,0
0,1,0,0,0,0,0,-3.5,0,0,0,0,C0035229,M010000,1,0,DisGeNET,35,Respiratory Insufficiency,,-3.5,3.5,4.5,30293,315,299,11,3.7,1.1,210|2548|2752|3030|4041|5190|5589|6576|51082|56922|60681,ALAD|GAA|GLUL|HADHA|LRP5|PEX6|PRKCSH|SLC25A1|POLR1D|MCCC1|FKBP10,-2.3,0
1,0,1,1,1,1,-2,0,-2,-3.5,-2,-3.5,C0812413,M101111,5,0,DisGeNET,35,Malignant Pleural Mesothelioma,,-3.5,3.1,4.4,30293,421,300,13,4.3,1.2,1643|2064|3880|4485|5071|5209|5562|5603|9022|10232|51573|81621|164656,DDB2|ERBB2|KRT19|MST1|PRKN|PFKFB3|PRKAA1|MAPK13|CLIC3|MSLN|GDE1|KAZALD1|TMPRSS6,-2.3,0
0,0,1,0,0,0,0,0,-3.5,0,0,0,C0349632,M001000,1,0,DisGeNET,35,Splenic Marginal Zone B-Cell Lymphoma,,-3.5,6.5,5.3,30293,93,299,6,2,0.81,2526|4050|4791|7128|7157|51284,FUT4|LTB|NFKB2|TNFAIP3|TP53|TLR7,-2.3,0
1,0,1,0,1,0,-3.5,0,-3.5,0,-3.5,0,C0398686,M101010,3,0,DisGeNET,35,Primary immune deficiency disorder,,-3.5,6.5,5.3,30293,93,299,6,2,0.81,3459|4791|6646|6774|7297|10148,IFNGR1|NFKB2|SOAT1|STAT3|TYK2|EBI3,-2.3,0
1,0,0,1,0,0,-2.2,0,0,-3.5,0,0,C0410702,M100100,2,0,DisGeNET,35,Adolescent idiopathic scoliosis,,-3.5,2.6,4.2,30293,656,300,17,5.7,1.3,652|2036|4745|5071|6296|7040|8848|10106|23043|23143|23268|25849|26010|57537|81846|81848|114884,BMP4|EPB41L1|NELL1|PRKN|ACSM3|TGFB1|TSC22D1|CTDSP2|TNIK|LRCH1|DNMBP|PARM1|SPATS2L|SORCS2|SBF2|SPRY4|OSBPL10,-2.3,0
0,0,1,0,0,1,0,0,-3.5,0,0,-2.7,C0020507,M001001,2,0,DisGeNET,35,Hyperplasia,,-3.5,5.4,5.1,30293,131,299,7,2.3,0.87,3486|5021|5743|7128|7157|8743|64127,IGFBP3|OXTR|PTGS2|TNFAIP3|TP53|TNFSF10|NOD2,-2.3,0
0,0,0,0,0,1,0,0,0,0,0,-3.5,C0018784,M000001,1,0,DisGeNET,35,Sensorineural Hearing Loss (disorder),,-3.5,2.5,4.1,30293,783,300,19,6.3,1.4,71|481|977|998|1029|1729|1969|2317|2707|4627|4982|5663|6102|6237|6548|7414|8737|83959|138050,ACTG1|ATP1B1|CD151|CDC42|CDKN2A|DIAPH1|EPHA2|FLNB|GJB3|MYH9|TNFRSF11B|PSEN1|RP2|RRAS|SLC9A1|VCL|RIPK1|SLC4A11|HGSNAT,-2.3,0
1,0,1,0,0,1,-3.5,0,-2.4,0,0,-2.4,C0409959,M101001,3,0,DisGeNET,35,"Osteoarthritis, Knee",,-3.5,3.3,4.4,30293,368,300,12,4,1.1,285|355|860|1535|2919|3576|4312|5328|5970|6385|8809|51094,ANGPT2|FAS|RUNX2|CYBA|CXCL1|CXCL8|MMP1|PLAU|RELA|SDC4|IL18R1|ADIPOR1,-2.3,0
0,0,1,0,0,0,0,0,-3.5,0,0,0,C0234251,M001000,1,0,DisGeNET,35,Inflammatory pain,,-3.5,3.8,4.6,30293,266,299,10,3.3,1,1435|1520|3627|5144|5743|6376|7097|7133|9536|25897,CSF1|CTSS|CXCL10|PDE4D|PTGS2|CX3CL1|TLR2|TNFRSF1B|PTGES|RNF19A,-2.3,0
1,0,0,1,0,0,-2,0,0,-3.5,0,0,C0518015,M100100,2,0,DisGeNET,35,Hemoglobin measurement,,-3.5,5.4,5,30293,131,300,7,2.3,0.87,2034|3098|3783|81846|84283|164656|341019,EPAS1|HK1|KCNN4|SBF2|TMEM79|TMPRSS6|DCDC1,-2.3,0
1,0,0,1,1,1,-2.7,0,0,-2,-3.5,-2,C4552091,M100111,4,0,DisGeNET,35,"Polyarthritis, Juvenile, Rheumatoid Factor Negative",,-3.5,5.4,5,30293,131,300,7,2.3,0.87,800|1843|3084|4133|4478|7280|157922,CALD1|DUSP1|NRG1|MAP2|MSN|TUBB2A|CAMSAP1,-2.3,0
1,0,0,1,1,1,-2.7,0,0,-2,-3.5,-2,C4704862,M100111,4,0,DisGeNET,35,"Polyarthritis, Juvenile, Rheumatoid Factor Positive",,-3.5,5.4,5,30293,131,300,7,2.3,0.87,800|1843|3084|4133|4478|7280|157922,CALD1|DUSP1|NRG1|MAP2|MSN|TUBB2A|CAMSAP1,-2.3,0
1,0,1,0,0,0,-3.5,0,-3.5,0,0,0,C1562585,M101000,2,0,DisGeNET,35,"Leprosy, Multibacillary",,-3.5,12,6.4,30293,34,299,4,1.3,0.66,3105|3627|4050|7412,HLA-A|CXCL10|LTB|VCAM1,-2.3,0
0,0,1,0,0,0,0,0,-3.5,0,0,0,C0035436,M001000,1,0,DisGeNET,35,Rheumatic Fever,,-3.5,6.5,5.3,30293,94,299,6,2,0.81,2638|3105|3627|7097|7157|23492,GC|HLA-A|CXCL10|TLR2|TP53|CBX7,-2.3,0
1,0,0,0,0,0,-3.5,0,0,0,0,0,C0338437,M100000,1,0,DisGeNET,35,Neurocysticercosis,,-3.5,12,6.3,30293,34,300,4,1.3,0.66,355|2950|3383|4070,FAS|GSTP1|ICAM1|TACSTD2,-2.3,0
0,0,0,0,1,1,0,0,0,0,-2.3,-3.5,C2751260,M000011,2,0,DisGeNET,35,Macrothrombocytopenia,,-3.5,12,6.3,30293,34,300,4,1.3,0.66,998|1729|4627|9948,CDC42|DIAPH1|MYH9|WDR1,-2.3,0
1,0,0,0,0,0,-3.5,0,0,0,0,0,C2939094,M100000,1,0,DisGeNET,35,Skin sensitisation,,-3.5,12,6.3,30293,34,300,4,1.3,0.66,2730|3162|3383|3576,GCLM|HMOX1|ICAM1|CXCL8,-2.3,0
1,0,0,1,0,0,-2.8,0,0,-3.5,0,0,C0020608,M100100,2,0,DisGeNET,35,Hypodontia,,-3.5,4.2,4.7,30293,218,300,9,3,0.98,652|1308|1832|1917|3691|4054|5530|7040|284111,BMP4|COL17A1|DSP|EEF1A2|ITGB4|LTBP3|PPP3CA|TGFB1|SLC13A5,-2.3,0
1,1,0,0,0,1,-3.5,-2.2,0,0,0,-3.5,C0205697,M110001,3,0,DisGeNET,35,"Carcinoma, Spindle-Cell",,-3.5,4.2,4.7,30293,218,300,9,3,0.98,1540|2625|2950|3572|6446|6648|6776|7405|9019,CYLD|GATA3|GSTP1|IL6ST|SGK1|SOD2|STAT5A|UVRAG|MPZL1,-2.3,0
0,0,0,1,0,0,0,0,0,-3.5,0,0,C0002452,M000100,1,0,DisGeNET,35,Amelogenesis Imperfecta,,-3.5,8.3,5.7,30293,61,300,5,1.7,0.74,652|1308|3691|4054|284111,BMP4|COL17A1|ITGB4|LTBP3|SLC13A5,-2.3,0
0,0,0,0,0,1,0,0,0,0,0,-3.5,C0751406,M000001,1,0,DisGeNET,35,Post-Traumatic Osteoporosis,,-3.5,8.3,5.7,30293,61,300,5,1.7,0.74,71|4982|7094|7414|9948,ACTG1|TNFRSF11B|TLN1|VCL|WDR1,-2.3,0
1,0,1,0,0,0,-2.7,0,-3.5,0,0,0,C0027533,M101000,2,0,DisGeNET,35,Neck Neoplasms,,-3.5,5.4,5,30293,132,299,7,2.3,0.87,638|4790|6774|7096|7157|9582|10970,BIK|NFKB1|STAT3|TLR1|TP53|APOBEC3B|CKAP4,-2.3,0
1,0,0,0,0,0,-3.5,0,0,0,0,0,C0010308,M100000,1,0,DisGeNET,35,Congenital Hypothyroidism,,-3.5,6.4,5.3,30293,94,300,6,2,0.81,860|6528|7403|26137|50506|405753,RUNX2|SLC5A5|KDM6A|ZBTB20|DUOX2|DUOXA2,-2.3,0
1,0,1,1,1,0,-2.9,0,-2.3,-3.5,-3.5,0,C1275122,M101110,4,0,DisGeNET,35,Familial multiple trichoepitheliomata,,-3.5,3.5,4.5,30293,317,300,11,3.7,1.1,558|652|2064|3481|3485|4745|5002|5909|7076|79574|79589,AXL|BMP4|ERBB2|IGF2|IGFBP2|NELL1|SLC22A18|RAP1GAP|TIMP1|EPS8L3|RNF128,-2.3,0
0,0,0,0,1,1,0,0,0,0,-3.4,-2.3,C0007095,M000011,2,0,DisGeNET,35,Carcinoid Tumor,,-3.4,3.8,4.6,30293,267,300,10,3.3,1,960|1030|2004|2113|3726|4133|5293|5744|7042|57142,CD44|CDKN2B|ELK3|ETS1|JUNB|MAP2|PIK3CD|PTHLH|TGFB2|RTN4,-2.3,0
0,0,0,0,1,0,0,0,0,0,-3.4,0,C0917801,M000010,1,0,DisGeNET,35,Sleeplessness,,-3.4,4.6,4.8,30293,174,300,8,2.7,0.93,43|1407|2004|2316|3984|4294|8851|51083,ACHE|CRY1|ELK3|FLNA|LIMK1|MAP3K10|CDK5R1|GAL,-2.3,0
0,0,1,1,0,0,0,0,-3.4,-2.3,0,0,C0007682,M001100,2,0,DisGeNET,35,CNS disorder,,-3.4,3.5,4.5,30293,319,299,11,3.7,1.1,101|1435|1520|2638|3627|4940|5144|5724|7097|7133|84876,ADAM8|CSF1|CTSS|GC|CXCL10|OAS3|PDE4D|PTAFR|TLR2|TNFRSF1B|ORAI1,-2.3,0
0,0,1,1,1,0,0,0,-3.4,-2.8,-2.2,0,C0853897,M001110,3,0,DisGeNET,35,Diabetic Cardiomyopathies,,-3.4,4.1,4.7,30293,220,299,9,3,0.99,3627|6524|6774|7097|7098|7157|25897|29108|64127,CXCL10|SLC5A2|STAT3|TLR2|TLR3|TP53|RNF19A|PYCARD|NOD2,-2.3,0
0,1,0,1,0,0,0,-2,0,-3.4,0,0,C0202117,M010100,2,0,DisGeNET,35,Low density lipoprotein cholesterol measurement,,-3.4,2.9,4.3,30293,483,300,14,4.7,1.2,348|351|432|2039|4035|5265|7018|7448|8714|10806|57572|64764|80736|164656,APOE|APP|ASGR1|DMTN|LRP1|SERPINA1|TF|VTN|ABCC3|SDCCAG8|DOCK6|CREB3L2|SLC44A4|TMPRSS6,-2.3,0
0,0,0,0,1,0,0,0,0,0,-3.4,0,C0442874,M000010,1,0,DisGeNET,35,Neuropathy,,-3.4,2.9,4.3,30293,483,300,14,4.7,1.2,43|467|547|1906|3084|4318|5293|7042|7280|22931|23531|24145|26353|51083,ACHE|ATF3|KIF1A|EDN1|NRG1|MMP9|PIK3CD|TGFB2|TUBB2A|RAB18|MMD|PANX1|HSPB8|GAL,-2.3,0
0,0,1,0,0,0,0,0,-3.4,0,0,0,C3840565,M001000,1,0,DisGeNET,35,Autoimmune thyroid disease (AITD),,-3.4,5.3,5,30293,133,299,7,2.3,0.87,3105|6774|7128|7133|8743|51752|53347,HLA-A|STAT3|TNFAIP3|TNFRSF1B|TNFSF10|ERAP1|UBASH3A,-2.3,0
1,1,0,0,0,0,-2.4,-3.4,0,0,0,0,C0242422,M110000,2,0,DisGeNET,35,Parkinsonian Disorders,,-3.4,3.3,4.4,30293,373,299,12,4,1.1,216|283|350|1075|1312|1728|2720|2752|3170|4061|4128|7184,ALDH1A1|ANG|APOH|CTSC|COMT|NQO1|GLB1|GLUL|FOXA2|LY6E|MAOA|HSP90B1,-2.3,0
0,0,1,0,0,0,0,0,-3.4,0,0,0,C0694550,M001000,1,0,DisGeNET,35,Recurrent pneumonia,,-3.4,8.2,5.6,30293,62,299,5,1.7,0.74,1080|1302|4791|6774|8506,CFTR|COL11A2|NFKB2|STAT3|CNTNAP1,-2.3,0
0,1,0,0,0,0,0,-3.4,0,0,0,0,C0920563,M010000,1,0,DisGeNET,35,Insulin Sensitivity,,-3.4,8.2,5.6,30293,62,299,5,1.7,0.74,196|5360|6414|6721|7494,AHR|PLTP|SELENOP|SREBF2|XBP1,-2.3,0
0,0,0,0,1,0,0,0,0,0,-3.4,0,C3278923,M000010,1,0,DisGeNET,35,Dilated ventricles (finding),,-3.4,3.1,4.3,30293,427,300,13,4.3,1.2,547|5048|5155|7846|8642|8905|22931|23141|26277|29954|55262|57514|145173,KIF1A|PAFAH1B1|PDGFB|TUBA1A|DCHS1|AP1S2|RAB18|ANKLE2|TINF2|POMT2|TRAPPC14|ARHGAP31|B3GLCT,-2.3,0
1,0,0,0,1,0,-2.7,0,0,0,-3.4,0,C0085612,M100010,2,0,DisGeNET,35,Ventricular arrhythmia,,-3.4,4.6,4.8,30293,175,300,8,2.7,0.93,1824|1906|2316|2318|3084|4318|5048|5293,DSC2|EDN1|FLNA|FLNC|NRG1|MMP9|PAFAH1B1|PIK3CD,-2.3,0
1,0,0,1,1,0,-2.7,0,0,-3.4,-2.1,0,C0162534,M100110,3,0,DisGeNET,35,Prion Diseases,,-3.4,4.6,4.8,30293,175,300,8,2.7,0.93,348|351|2064|4240|5071|5562|51573|144402,APOE|APP|ERBB2|MFGE8|PRKN|PRKAA1|GDE1|CPNE8,-2.3,0
0,0,0,1,0,0,0,0,0,-3.4,0,0,C0025261,M000100,1,0,DisGeNET,35,Memory Disorders,,-3.4,8.1,5.6,30293,62,300,5,1.7,0.74,348|351|1958|3481|5071,APOE|APP|EGR1|IGF2|PRKN,-2.3,0
0,0,0,1,0,0,0,0,0,-3.4,0,0,C0028880,M000100,1,0,DisGeNET,35,Odontogenic Tumors,,-3.4,8.1,5.6,30293,62,300,5,1.7,0.74,633|652|3875|3880|6515,BGN|BMP4|KRT18|KRT19|SLC2A3,-2.3,0
0,0,0,0,1,0,0,0,0,0,-3.4,0,C0040411,M000010,1,0,DisGeNET,35,Tongue Neoplasms,,-3.4,8.1,5.6,30293,62,300,5,1.7,0.74,1030|3726|4319|5155|10125,CDKN2B|JUNB|MMP10|PDGFB|RASGRP1,-2.3,0
1,0,0,0,0,0,-3.4,0,0,0,0,0,C0274861,M100000,1,0,DisGeNET,35,"Arsenic Poisoning, Inorganic",,-3.4,8.1,5.6,30293,62,300,5,1.7,0.74,2920|2921|6648|10308|57162,CXCL2|CXCL3|SOD2|ZNF267|PELI1,-2.3,0
1,0,0,0,0,0,-3.4,0,0,0,0,0,C0274862,M100000,1,0,DisGeNET,35,"Nervous System, Organic Arsenic Poisoning",,-3.4,8.1,5.6,30293,62,300,5,1.7,0.74,2920|2921|6648|10308|57162,CXCL2|CXCL3|SOD2|ZNF267|PELI1,-2.3,0
1,0,0,0,0,0,-3.4,0,0,0,0,0,C0751851,M100000,1,0,DisGeNET,35,Arsenic Encephalopathy,,-3.4,8.1,5.6,30293,62,300,5,1.7,0.74,2920|2921|6648|10308|57162,CXCL2|CXCL3|SOD2|ZNF267|PELI1,-2.3,0
1,0,0,0,0,0,-3.4,0,0,0,0,0,C0751852,M100000,1,0,DisGeNET,35,Arsenic Induced Polyneuropathy,,-3.4,8.1,5.6,30293,62,300,5,1.7,0.74,2920|2921|6648|10308|57162,CXCL2|CXCL3|SOD2|ZNF267|PELI1,-2.3,0
0,0,0,1,0,0,0,0,0,-3.4,0,0,C2733158,M000100,1,0,DisGeNET,35,Cerebral Small Vessel Diseases,,-3.4,8.1,5.6,30293,62,300,5,1.7,0.74,348|1471|2896|5476|7040,APOE|CST3|GRN|CTSA|TGFB1,-2.3,0
0,0,0,0,0,1,0,0,0,0,0,-3.4,C0428474,M000001,1,0,DisGeNET,35,Serum LDL cholesterol measurement,,-3.4,3.8,4.5,30293,269,300,10,3.3,1,1029|3716|4323|5339|7414|8737|9564|51291|54741|54918,CDKN2A|JAK1|MMP14|PLEC|VCL|RIPK1|BCAR1|GMIP|LEPROT|CMTM6,-2.3,0
1,1,1,0,0,0,-2.7,-2.7,-3.4,0,0,0,C0011195,M111000,3,0,DisGeNET,35,Dejerine-Sottas Disease (disorder),,-3.4,4.6,4.8,30293,176,299,8,2.7,0.93,718|3105|5332|5743|6774|6890|6891|7097,C3|HLA-A|PLCB4|PTGS2|STAT3|TAP1|TAP2|TLR2,-2.3,0
1,0,1,0,0,0,-3.4,0,-3.4,0,0,0,C0003838,M101000,2,0,DisGeNET,35,Arterial Occlusive Diseases,,-3.4,12,6.3,30293,35,299,4,1.3,0.66,7097|7133|7157|64127,TLR2|TNFRSF1B|TP53|NOD2,-2.3,0
0,0,1,0,0,1,0,0,-3.4,0,0,-3.4,C0023351,M001001,2,0,DisGeNET,35,Tuberculoid leprosy,,-3.4,12,6.3,30293,35,299,4,1.3,0.66,3384|6890|6891|7412,ICAM2|TAP1|TAP2|VCAM1,-2.3,0
0,0,1,0,0,0,0,0,-3.4,0,0,0,C3887645,M001000,1,0,DisGeNET,35,Job Syndrome,,-3.4,12,6.3,30293,35,299,4,1.3,0.66,6646|6774|7097|7297,SOAT1|STAT3|TLR2|TYK2,-2.3,0
0,1,0,0,0,0,0,-3.4,0,0,0,0,C1266043,M010000,1,0,DisGeNET,35,Sarcomatoid Renal Cell Carcinoma,,-3.4,5.3,5,30293,134,299,7,2.3,0.87,210|216|949|1938|2705|10397|23042,ALAD|ALDH1A1|SCARB1|EEF2|GJB1|NDRG1|PDXDC1,-2.3,0
0,0,1,0,0,0,0,0,-3.4,0,0,0,C0036117,M001000,1,0,DisGeNET,35,Salmonella infections,,-3.4,6.3,5.2,30293,96,299,6,2,0.81,103|3684|5743|6774|10410|64127,ADAR|ITGAM|PTGS2|STAT3|IFITM3|NOD2,-2.3,0
0,0,1,0,0,0,0,0,-3.4,0,0,0,C0156147,M001000,1,0,DisGeNET,35,Crohn's disease of large bowel,,-3.4,6.3,5.2,30293,96,299,6,2,0.81,5743|6774|7133|7297|64127|64167,PTGS2|STAT3|TNFRSF1B|TYK2|NOD2|ERAP2,-2.3,0
0,0,0,0,1,0,0,0,0,0,-3.4,0,C0011436,M000010,1,0,DisGeNET,35,Dentinogenesis Imperfecta,,-3.4,12,6.2,30293,35,300,4,1.3,0.66,649|3371|4318|84627,BMP1|TNC|MMP9|ZNF469,-2.3,0
0,0,0,1,0,0,0,0,0,-3.4,0,0,C0267187,M000100,1,0,DisGeNET,35,Intestinal metaplasia of gastric mucosa,,-3.4,12,6.2,30293,35,300,4,1.3,0.66,360|7076|7178|7429,AQP3|TIMP1|TPT1|VIL1,-2.3,0
0,0,0,0,1,0,0,0,0,0,-3.4,0,C0344559,M000010,1,0,DisGeNET,35,Irido-corneo-trabecular dysgenesis (disorder),,-3.4,12,6.2,30293,35,300,4,1.3,0.66,1000|2316|29954|145173,CDH2|FLNA|POMT2|B3GLCT,-2.3,0
0,0,0,0,1,0,0,0,0,0,-3.4,0,C0742132,M000010,1,0,DisGeNET,35,cervical cancer metastasis,,-3.4,12,6.2,30293,35,300,4,1.3,0.66,649|4017|4478|115908,BMP1|LOXL2|MSN|CTHRC1,-2.3,0
0,0,0,0,0,1,0,0,0,0,0,-3.4,C0917804,M000001,1,0,DisGeNET,35,"Arteriovenous Malformations, Cerebral",,-3.4,12,6.2,30293,35,300,4,1.3,0.66,1029|2050|7057|11235,CDKN2A|EPHB4|THBS1|PDCD10,-2.3,0
0,0,0,1,0,0,0,0,0,-3.4,0,0,C4011788,M000100,1,0,DisGeNET,35,Behavioral variant of frontotemporal dementia,,-3.4,12,6.2,30293,35,300,4,1.3,0.66,348|351|2896|5909,APOE|APP|GRN|RAP1GAP,-2.3,0
0,0,0,1,0,0,0,0,0,-3.4,0,0,C0038868,M000100,1,0,DisGeNET,35,Progressive supranuclear palsy,,-3.4,4.6,4.8,30293,176,300,8,2.7,0.93,348|351|1471|2896|5071|5627|7040|10577,APOE|APP|CST3|GRN|PRKN|PROS1|TGFB1|NPC2,-2.3,0
1,0,0,0,1,0,-3.4,0,0,0,-2.6,0,C0000833,M100010,2,0,DisGeNET,35,Abscess,,-3.4,6.3,5.2,30293,96,300,6,2,0.81,2280|2920|3383|3576|5970|10254,FKBP1A|CXCL2|ICAM1|CXCL8|RELA|STAM2,-2.3,0
0,0,0,1,0,1,0,0,0,-2.6,0,-3.4,C1510885,M000101,2,0,DisGeNET,35,Angiogenic Switch,,-3.4,6.3,5.2,30293,96,300,6,2,0.81,1029|2150|4615|6284|7057|8737,CDKN2A|F2RL1|MYD88|S100A13|THBS1|RIPK1,-2.3,0
0,1,0,0,0,0,0,-3.4,0,0,0,0,C0206245,M010000,1,0,DisGeNET,35,"Amyloid Neuropathies, Familial",,-3.4,20,7.5,30293,15,299,3,1,0.58,335|5950|7276,APOA1|RBP4|TTR,-2.3,0
0,0,1,0,0,0,0,0,-3.4,0,0,0,C1853959,M001000,1,0,DisGeNET,35,Birdshot chorioretinopathy,,-3.4,20,7.5,30293,15,299,3,1,0.58,3105|51752|64167,HLA-A|ERAP1|ERAP2,-2.3,0
0,0,1,0,0,0,0,0,-3.4,0,0,0,C3843756,M001000,1,0,DisGeNET,35,Ulcerative colitis or Crohn's,,-3.4,20,7.5,30293,15,299,3,1,0.58,7157|10148|64127,TP53|EBI3|NOD2,-2.3,0
0,0,0,1,1,0,0,0,0,-3.4,-2.4,0,C1270972,M000110,2,0,DisGeNET,35,Mild cognitive disorder,,-3.4,3.1,4.3,30293,430,300,13,4.3,1.2,348|351|1471|2896|3485|4035|4240|5066|5646|6594|9518|10163|23646,APOE|APP|CST3|GRN|IGFBP2|LRP1|MFGE8|PAM|PRSS3|SMARCA1|GDF15|WASF2|PLD3,-2.3,0
0,0,1,0,0,0,0,0,-3.4,0,0,0,C0149725,M001000,1,0,DisGeNET,35,Lower respiratory tract infection,,-3.4,8,5.6,30293,63,299,5,1.7,0.74,567|1080|3627|3934|7097,B2M|CFTR|CXCL10|LCN2|TLR2,-2.3,0
0,1,0,0,0,0,0,-3.4,0,0,0,0,C2750440,M010000,1,0,DisGeNET,35,"FATTY LIVER DISEASE, NONALCOHOLIC, SUSCEPTIBILITY TO, 1",,-3.4,8,5.6,30293,63,299,5,1.7,0.74,48|1728|3030|7351|10062,ACO1|NQO1|HADHA|UCP2|NR1H3,-2.3,0
0,1,0,0,0,0,0,-3.4,0,0,0,0,C2750441,M010000,1,0,DisGeNET,35,"LIVER DISEASE, ALCOHOLIC, SUSCEPTIBILITY TO, 1",,-3.4,8,5.6,30293,63,299,5,1.7,0.74,48|1728|3030|7351|10062,ACO1|NQO1|HADHA|UCP2|NR1H3,-2.3,0
0,1,0,0,0,0,0,-3.4,0,0,0,0,C3150651,M010000,1,0,DisGeNET,35,"FATTY LIVER DISEASE, NONALCOHOLIC, SUSCEPTIBILITY TO, 2",,-3.4,8,5.6,30293,63,299,5,1.7,0.74,48|1728|3030|7351|10062,ACO1|NQO1|HADHA|UCP2|NR1H3,-2.3,0
1,0,0,0,0,0,-3.4,0,0,0,0,0,C0031154,M100000,1,0,DisGeNET,35,Peritonitis,,-3.4,20,7.4,30293,15,300,3,1,0.57,355|3717|8767,FAS|JAK2|RIPK2,-2.3,0
0,0,0,0,0,1,0,0,0,0,0,-3.4,C0085661,M000001,1,0,DisGeNET,35,Onycholysis,,-3.4,20,7.4,30293,15,300,3,1,0.57,3675|3728|3909,ITGA3|JUP|LAMA3,-2.3,0
1,0,0,0,0,0,-3.4,0,0,0,0,0,C0152517,M100000,1,0,DisGeNET,35,Viral gastroenteritis,,-3.4,20,7.4,30293,15,300,3,1,0.57,2524|3162|4938,FUT2|HMOX1|OAS1,-2.3,0
0,0,0,1,0,0,0,0,0,-3.4,0,0,C0267809,M000100,1,0,DisGeNET,35,"Cirrhosis, Cryptogenic",,-3.4,20,7.4,30293,15,300,3,1,0.57,3856|3875|5265,KRT8|KRT18|SERPINA1,-2.3,0
0,0,0,0,0,1,0,0,0,0,0,-3.4,C0340569,M000001,1,0,DisGeNET,35,Internal Carotid Artery Stenosis,,-3.4,20,7.4,30293,15,300,3,1,0.57,1029|3606|4982,CDKN2A|IL18|TNFRSF11B,-2.3,0
0,0,0,0,0,1,0,0,0,0,0,-3.4,C1864997,M000001,1,0,DisGeNET,35,Majeed syndrome,,-3.4,20,7.4,30293,15,300,3,1,0.57,6452|54751|144811,SH3BP2|FBLIM1|LACC1,-2.3,0
0,0,0,1,0,0,0,0,0,-3.4,0,0,C4022560,M000100,1,0,DisGeNET,35,Splanchnic vein thrombosis,,-3.4,20,7.4,30293,15,300,3,1,0.57,5644|5645|6690,PRSS1|PRSS2|SPINK1,-2.3,0
0,0,0,1,0,0,0,0,0,-3.4,0,0,C4520898,M000100,1,0,DisGeNET,35,Stage IV Breast Cancer AJCC v6 and v7,,-3.4,20,7.4,30293,15,300,3,1,0.57,2064|3880|5209,ERBB2|KRT19|PFKFB3,-2.3,0
0,0,0,1,1,0,0,0,0,-2.8,-3.4,0,C4551583,M000110,2,0,DisGeNET,35,Cerebral cortical atrophy,,-3.4,3.7,4.5,30293,271,300,10,3.3,1,547|3984|5048|5744|8905|22931|26047|26277|29954|145173,KIF1A|LIMK1|PAFAH1B1|PTHLH|AP1S2|RAB18|CNTNAP2|TINF2|POMT2|B3GLCT,-2.3,0
0,0,0,1,0,0,0,0,0,-3.4,0,0,C0038271,M000100,1,0,DisGeNET,35,Stereotyped Behavior,,-3.4,5.2,4.9,30293,135,300,7,2.3,0.87,2896|7991|10577|10765|23043|55773|162417,GRN|TUSC3|NPC2|KDM5B|TNIK|TBC1D23|NAGS,-2.3,0
0,0,0,0,0,1,0,0,0,0,0,-3.4,C0162678,M000001,1,0,DisGeNET,35,Neurofibromatoses,,-3.4,5.2,4.9,30293,135,300,7,2.3,0.87,861|998|1029|1499|2335|4982|5154,RUNX1|CDC42|CDKN2A|CTNNB1|FN1|TNFRSF11B|PDGFA,-2.3,0
0,1,0,0,0,0,0,-3.4,0,0,0,0,C0523465,M010000,1,0,DisGeNET,35,Serum albumin measurement,,-3.4,3,4.3,30293,433,299,13,4.3,1.2,335|341|2217|3249|4048|5345|5360|8537|23042|23423|51085|54414|132204,APOA1|APOC1|FCGRT|HPN|LTA4H|SERPINF2|PLTP|BCAS1|PDXDC1|TMED3|MLXIPL|SIAE|SYNPR,-2.3,0
1,0,0,0,0,0,-3.4,0,0,0,0,0,C0037199,M100000,1,0,DisGeNET,35,Sinusitis,,-3.4,6.2,5.2,30293,97,300,6,2,0.81,860|1535|3576|5970|5993|6528,RUNX2|CYBA|CXCL8|RELA|RFX5|SLC5A5,-2.2,0
1,0,0,1,1,0,-2.9,0,0,-3.4,-3.4,0,C0149782,M100110,3,0,DisGeNET,35,Squamous cell carcinoma of lung,,-3.4,2.6,4.1,30293,670,300,17,5.7,1.3,652|1308|2034|2064|2896|3691|3856|3880|4253|5265|5584|7040|7076|8491|10163|27352|57586,BMP4|COL17A1|EPAS1|ERBB2|GRN|ITGB4|KRT8|KRT19|MIA2|SERPINA1|PRKCI|TGFB1|TIMP1|MAP4K3|WASF2|SGSM3|SYT13,-2.2,0
0,0,1,0,0,0,0,0,-3.4,0,0,0,C0022602,M001000,1,0,DisGeNET,35,Actinic keratosis,,-3.4,5.2,4.9,30293,136,299,7,2.3,0.87,5743|6752|6774|7157|8743|25897|51284,PTGS2|SSTR2|STAT3|TP53|TNFSF10|RNF19A|TLR7,-2.2,0
0,0,1,0,1,0,0,0,-3.4,0,-2.6,0,C0038358,M001010,2,0,DisGeNET,35,Gastric ulcer,,-3.4,5.2,4.9,30293,136,299,7,2.3,0.87,1080|2526|5021|5743|7096|7097|7412,CFTR|FUT4|OXTR|PTGS2|TLR1|TLR2|VCAM1,-2.2,0
1,0,0,1,1,1,-2.5,0,0,-2.5,-2,-3.4,C4721453,M100111,4,0,DisGeNET,35,Peripheral Nervous System Diseases,,-3.4,2.8,4.2,30293,549,300,15,5,1.3,71|822|966|1029|1436|1499|2017|2150|2707|4615|8797|9516|9907|10749|65018,ACTG1|CAPG|CD59|CDKN2A|CSF1R|CTNNB1|CTTN|F2RL1|GJB3|MYD88|TNFRSF10A|LITAF|AP5Z1|KIF1C|PINK1,-2.2,0
0,0,1,0,0,0,0,0,-3.4,0,0,0,C0151632,M001000,1,0,DisGeNET,35,ESR raised,,-3.4,11,6.1,30293,36,299,4,1.3,0.66,3459|5692|5696|5698,IFNGR1|PSMB4|PSMB8|PSMB9,-2.2,0
0,0,0,1,0,0,0,0,0,-3.4,0,0,C0007120,M000100,1,0,DisGeNET,35,Bronchioloalveolar Adenocarcinoma,,-3.4,5.2,4.9,30293,136,300,7,2.3,0.87,2064|2878|4586|5002|5071|7009|8714,ERBB2|GPX3|MUC5AC|SLC22A18|PRKN|TMBIM6|ABCC3,-2.2,0
1,0,1,0,0,0,-3.4,0,-2.3,0,0,0,C0030389,M101000,2,0,DisGeNET,35,Parainfluenza,,-3.4,11,6.1,30293,36,300,4,1.3,0.66,3267|3383|3576|9076,AGFG1|ICAM1|CXCL8|CLDN1,-2.2,0
0,0,1,1,0,0,0,0,-2.3,-3.4,0,0,C0085106,M001100,2,0,DisGeNET,35,Familial benign pemphigus,,-3.4,11,6.1,30293,36,300,4,1.3,0.66,1832|2064|4035|51573,DSP|ERBB2|LRP1|GDE1,-2.2,0
0,0,0,0,1,0,0,0,0,0,-3.4,0,C0206658,M000010,1,0,DisGeNET,35,Smooth Muscle Tumor,,-3.4,11,6.1,30293,36,300,4,1.3,0.66,800|960|3981|5947,CALD1|CD44|LIG4|RBP1,-2.2,0
0,1,1,0,0,0,0,-2.5,-3.4,0,0,0,C0917805,M011000,2,0,DisGeNET,35,Transient Cerebral Ischemia,,-3.4,6.2,5.2,30293,98,299,6,2,0.81,718|972|2907|6774|7133|7157,C3|CD74|GRINA|STAT3|TNFRSF1B|TP53,-2.2,0
1,0,0,0,0,0,-3.4,0,0,0,0,0,C0311375,M100000,1,0,DisGeNET,35,Arsenic Poisoning,,-3.4,7.9,5.5,30293,64,300,5,1.7,0.74,2920|2921|6648|10308|57162,CXCL2|CXCL3|SOD2|ZNF267|PELI1,-2.2,0
1,0,1,1,0,0,-3.4,0,-2.1,-2.7,0,0,C0007133,M101100,3,0,DisGeNET,35,"Carcinoma, Papillary",,-3.4,4,4.6,30293,225,300,9,3,0.98,355|860|2950|3732|4070|4312|4893|6528|7405,FAS|RUNX2|GSTP1|CD82|TACSTD2|MMP1|NRAS|SLC5A5|UVRAG,-2.2,0
0,0,0,1,1,0,0,0,0,-2.1,-3.4,0,C0019294,M000110,2,0,DisGeNET,35,"Hernia, Inguinal",,-3.4,4,4.6,30293,225,300,9,3,0.98,2316|3984|5048|7042|7077|8905|29940|145173|285590,FLNA|LIMK1|PAFAH1B1|TGFB2|TIMP2|AP1S2|DSE|B3GLCT|SH3PXD2B,-2.2,0
0,0,1,0,0,0,0,0,-3.4,0,0,0,C0002792,M001000,1,0,DisGeNET,35,anaphylaxis,,-3.4,4.5,4.7,30293,180,299,8,2.7,0.93,4790|5359|5724|5743|6774|7412|8743|55717,NFKB1|PLSCR1|PTAFR|PTGS2|STAT3|VCAM1|TNFSF10|WDR11,-2.2,0
1,1,0,0,1,0,-2.7,-2.7,0,0,-3.3,0,C0154830,M110010,3,0,DisGeNET,35,Proliferative diabetic retinopathy,,-3.3,4.5,4.7,30293,180,300,8,2.7,0.93,960|1906|2113|3371|3491|3589|4318|7042,CD44|EDN1|ETS1|TNC|CCN1|IL11|MMP9|TGFB2,-2.2,0
1,0,1,0,0,1,-3.3,0,-2.8,0,0,-2.8,C1969372,M101001,3,0,DisGeNET,35,Tubulointerstitial fibrosis,,-3.3,3.4,4.4,30293,327,300,11,3.7,1.1,285|650|2730|3383|3576|4641|5879|6385|6446|9197|22926,ANGPT2|BMP2|GCLM|ICAM1|CXCL8|MYO1C|RAC1|SDC4|SGK1|SLC33A1|ATF6,-2.2,0
0,1,0,0,0,0,0,-3.3,0,0,0,0,C0158731,M010000,1,0,DisGeNET,35,Congenital pectus carinatum,,-3.3,5.1,4.9,30293,138,299,7,2.3,0.87,2990|4758|6342|6576|7048|60681|64374,GUSB|NEU1|SCP2|SLC25A1|TGFBR2|FKBP10|SIL1,-2.2,0
0,0,1,0,0,0,0,0,-3.3,0,0,0,C0002390,M001000,1,0,DisGeNET,35,Extrinsic allergic alveolitis,,-3.3,7.8,5.5,30293,65,299,5,1.7,0.74,3684|5696|5698|6374|6890,ITGAM|PSMB8|PSMB9|CXCL5|TAP1,-2.2,0
0,0,1,0,0,0,0,0,-3.3,0,0,0,C0025229,M001000,1,0,DisGeNET,35,Melioidosis,,-3.3,7.8,5.5,30293,65,299,5,1.7,0.74,7096|7097|7292|29108|64127,TLR1|TLR2|TNFSF4|PYCARD|NOD2,-2.2,0
0,0,1,0,0,1,0,0,-3.3,0,0,-2.4,C0346109,M001001,2,0,DisGeNET,35,Malignant Mesothelioma of Peritoneum,,-3.3,7.8,5.5,30293,65,299,5,1.7,0.74,2526|5743|7098|7157|10970,FUT4|PTGS2|TLR3|TP53|CKAP4,-2.2,0
0,0,1,1,0,0,0,0,-3.3,-2.4,0,0,C0431128,M001100,2,0,DisGeNET,35,Papillary craniopharyngioma,,-3.3,7.8,5.5,30293,65,299,5,1.7,0.74,6774|7157|10970|54361|144165,STAT3|TP53|CKAP4|WNT4|PRICKLE1,-2.2,0
0,0,1,0,1,0,0,0,-3.3,0,-2.4,0,C1328840,M001010,2,0,DisGeNET,35,Autoimmune Lymphoproliferative Syndrome,,-3.3,7.8,5.5,30293,65,299,5,1.7,0.74,843|3105|6774|6890|7128,CASP10|HLA-A|STAT3|TAP1|TNFAIP3,-2.2,0
0,0,0,1,0,0,0,0,0,-3.3,0,0,C0021125,M000100,1,0,DisGeNET,35,Impulsive Behavior,,-3.3,3.7,4.4,30293,276,300,10,3.3,1,1917|2571|4054|5071|5530|6947|7991|10765|23043|284111,EEF1A2|GAD1|LTBP3|PRKN|PPP3CA|TCN1|TUSC3|KDM5B|TNIK|SLC13A5,-2.2,0
0,0,1,0,0,1,0,0,-2.5,0,0,-3.3,C0085278,M001001,2,0,DisGeNET,35,Antiphospholipid Syndrome,,-3.3,6.1,5.1,30293,99,300,6,2,0.81,2150|3423|4615|4982|6737|10544,F2RL1|IDS|MYD88|TNFRSF11B|TRIM21|PROCR,-2.2,0
1,0,1,0,0,0,-3.3,0,-2.1,0,0,0,C0026470,M101000,2,0,DisGeNET,35,Monoclonal Gammopathy of Undetermined Significance,,-3.3,4,4.5,30293,227,300,9,3,0.98,860|1540|2950|3321|3572|3576|3717|4893|10584,RUNX2|CYLD|GSTP1|IGSF3|IL6ST|CXCL8|JAK2|NRAS|COLEC10,-2.2,0
0,0,1,0,0,1,0,0,-2.6,0,0,-3.3,C0235989,M001001,2,0,DisGeNET,35,Renal interstitial fibrosis,,-3.3,5.1,4.9,30293,138,300,7,2.3,0.87,1026|1499|2335|3606|4615|5154|7057,CDKN1A|CTNNB1|FN1|IL18|MYD88|PDGFA|THBS1,-2.2,0
1,0,0,0,1,0,-2.6,0,0,0,-3.3,0,C3714758,M100010,2,0,DisGeNET,35,Juvenile psoriatic arthritis,,-3.3,5.1,4.9,30293,138,300,7,2.3,0.87,800|1843|3084|4133|4478|7280|157922,CALD1|DUSP1|NRG1|MAP2|MSN|TUBB2A|CAMSAP1,-2.2,0
0,0,0,0,1,0,0,0,0,0,-3.3,0,C4024896,M000010,1,0,DisGeNET,35,Motor neuron atrophy,,-3.3,5.1,4.9,30293,138,300,7,2.3,0.87,547|3831|5074|5293|9448|10487|10763,KIF1A|KLC1|PAWR|PIK3CD|MAP4K4|CAP1|NES,-2.2,0
1,0,0,0,0,0,-3.3,0,0,0,0,0,C0003165,M100000,1,0,DisGeNET,35,Anthracosis,,-3.3,7.8,5.5,30293,65,300,5,1.7,0.74,1535|3306|4312|6648|8809,CYBA|HSPA2|MMP1|SOD2|IL18R1,-2.2,0
1,0,0,0,0,0,-3.3,0,0,0,0,0,C0948201,M100000,1,0,DisGeNET,35,Alloimmunisation,,-3.3,7.8,5.5,30293,65,300,5,1.7,0.74,3107|3454|3576|10010|25833,HLA-C|IFNAR1|CXCL8|TANK|POU2F3,-2.2,0
0,0,0,0,1,0,0,0,0,0,-3.3,0,C3544347,M000010,1,0,DisGeNET,35,Intestinal fibrosis,,-3.3,7.8,5.5,30293,65,300,5,1.7,0.74,4092|4318|5744|6722|7041,SMAD7|MMP9|PTHLH|SRF|TGFB1I1,-2.2,0
0,0,1,1,1,0,0,0,-2,-3.3,-2,0,C2717836,M001110,3,0,DisGeNET,35,Steroid Sulfatase Deficiency Disease,,-3.3,4.5,4.7,30293,181,300,8,2.7,0.93,2034|2040|2064|2353|3481|5104|7040|7076,EPAS1|STOM|ERBB2|FOS|IGF2|SERPINA5|TGFB1|TIMP1,-2.2,0
0,0,1,0,0,1,0,0,-3.3,0,0,-2.2,C0038160,M001001,2,0,DisGeNET,35,Staphylococcal Infections,,-3.3,11,6,30293,37,299,4,1.3,0.66,6646|6774|7097|84876,SOAT1|STAT3|TLR2|ORAI1,-2.2,0
0,0,1,0,0,0,0,0,-3.3,0,0,0,C0740903,M001000,1,0,DisGeNET,35,allergic symptom,,-3.3,11,6,30293,37,299,4,1.3,0.66,3627|7097|7292|64127,CXCL10|TLR2|TNFSF4|NOD2,-2.2,0
0,0,1,0,0,0,0,0,-3.3,0,0,0,C0860040,M001000,1,0,DisGeNET,35,BCG infection,,-3.3,11,6,30293,37,299,4,1.3,0.66,3459|4790|7097|64127,IFNGR1|NFKB1|TLR2|NOD2,-2.2,0
0,0,1,0,0,0,0,0,-3.3,0,0,0,C1168198,M001000,1,0,DisGeNET,35,Recurrent respiratory papillomatosis,,-3.3,11,6,30293,37,299,4,1.3,0.66,6364|6890|7097|7157,CCL20|TAP1|TLR2|TP53,-2.2,0
0,0,0,1,0,0,0,0,0,-3.3,0,0,C0038238,M000100,1,0,DisGeNET,35,Steatorrhea,,-3.3,11,6,30293,37,300,4,1.3,0.66,5644|5645|6690|9056,PRSS1|PRSS2|SPINK1|SLC7A7,-2.2,0
1,0,0,1,0,0,-2.2,0,0,-3.3,0,0,C0272322,M100100,2,0,DisGeNET,35,Severe hereditary factor VIII deficiency disease,,-3.3,11,6,30293,37,300,4,1.3,0.66,2153|2159|7040|50808,F5|F10|TGFB1|AK3,-2.2,0
0,0,0,0,1,0,0,0,0,0,-3.3,0,C0457334,M000010,1,0,DisGeNET,35,Acute monoblastic leukemia,,-3.3,11,6,30293,37,300,4,1.3,0.66,43|960|8851|57060,ACHE|CD44|CDK5R1|PCBP4,-2.2,0
0,0,0,0,1,0,0,0,0,0,-3.3,0,C1859726,M000010,1,0,DisGeNET,35,ARTERIAL TORTUOSITY SYNDROME,,-3.3,11,6,30293,37,300,4,1.3,0.66,1030|1072|7042|80198,CDKN2B|CFL1|TGFB2|MUS81,-2.2,0
0,0,1,0,0,0,0,0,-3.3,0,0,0,C0002873,M001000,1,0,DisGeNET,35,Anemia of chronic disease,,-3.3,6.1,5.1,30293,100,299,6,2,0.81,3627|6373|6774|7133|7157|25897,CXCL10|CXCL11|STAT3|TNFRSF1B|TP53|RNF19A,-2.2,0
0,0,1,0,0,0,0,0,-3.3,0,0,0,C0006274,M001000,1,0,DisGeNET,35,"Bronchiolitis, Viral",,-3.3,19,7.2,30293,16,299,3,1,0.58,3627|4790|51284,CXCL10|NFKB1|TLR7,-2.2,0
0,0,1,0,0,0,0,0,-3.3,0,0,0,C0019655,M001000,1,0,DisGeNET,35,Histoplasmosis,,-3.3,19,7.2,30293,16,299,3,1,0.58,2811|4050|6774,GP1BA|LTB|STAT3,-2.2,0
0,0,1,0,0,0,0,0,-3.3,0,0,0,C1704273,M001000,1,0,DisGeNET,35,Endometrial Polyp,,-3.3,19,7.2,30293,16,299,3,1,0.58,3486|5743|7157,IGFBP3|PTGS2|TP53,-2.2,0
0,1,0,0,0,0,0,-3.3,0,0,0,0,C1837899,M010000,1,0,DisGeNET,35,Type I transferrin isoform profile,,-3.3,19,7.2,30293,16,299,3,1,0.58,1650|4351|5236,DDOST|MPI|PGM1,-2.2,0
0,0,1,1,1,0,0,0,-3.3,-2.7,-2.7,0,C4282128,M001110,3,0,DisGeNET,35,PATENT DUCTUS ARTERIOSUS 1,,-3.3,4,4.5,30293,229,299,9,3,0.99,1080|1302|3684|5743|6374|6774|7157|8190|8743,CFTR|COL11A2|ITGAM|PTGS2|CXCL5|STAT3|TP53|MIA|TNFSF10,-2.2,0
0,0,0,1,0,0,0,0,0,-3.3,0,0,C0038449,M000100,1,0,DisGeNET,35,Stricture of artery,,-3.3,19,7.2,30293,16,300,3,1,0.57,538|2353|10555,ATP7A|FOS|AGPAT2,-2.2,0
1,0,0,0,0,0,-3.3,0,0,0,0,0,C0079301,M100000,1,0,DisGeNET,35,Junctional Epidermolysis Bullosa,,-3.3,19,7.2,30293,16,300,3,1,0.57,3576|3898|3911,CXCL8|LAD1|LAMA5,-2.2,0
0,0,0,1,0,0,0,0,0,-3.3,0,0,C0151950,M000100,1,0,DisGeNET,35,Deep thrombophlebitis,,-3.3,19,7.2,30293,16,300,3,1,0.57,2153|5627|80221,F5|PROS1|ACSF2,-2.2,0
0,0,0,1,0,0,0,0,0,-3.3,0,0,C0205874,M000100,1,0,DisGeNET,35,"Papilloma, Squamous Cell",,-3.3,19,7.2,30293,16,300,3,1,0.57,2064|3866|7040,ERBB2|KRT15|TGFB1,-2.2,0
0,0,0,0,1,0,0,0,0,0,-3.3,0,C0278502,M000010,1,0,DisGeNET,35,recurrent gastric cancer,,-3.3,19,7.2,30293,16,300,3,1,0.57,960|9260|55743,CD44|PDLIM7|CHFR,-2.2,0
0,0,0,0,1,0,0,0,0,0,-3.3,0,C0917990,M000010,1,0,DisGeNET,35,Acro-Osteolysis,,-3.3,19,7.2,30293,16,300,3,1,0.57,547|2316|5744,KIF1A|FLNA|PTHLH,-2.2,0
0,0,0,1,0,0,0,0,0,-3.3,0,0,C1863051,M000100,1,0,DisGeNET,35,ALZHEIMER DISEASE 2,,-3.3,19,7.2,30293,16,300,3,1,0.57,348|652|4035,APOE|BMP4|LRP1,-2.2,0
0,0,0,0,0,1,0,0,0,0,0,-3.3,C2825856,M000001,1,0,DisGeNET,35,Factor VII measurement,,-3.3,19,7.2,30293,16,300,3,1,0.57,10544|26133|221035,PROCR|TRPC4AP|REEP3,-2.2,0
0,0,0,0,1,1,0,0,0,0,-3.3,-3.3,C0010701,M000011,2,0,DisGeNET,35,Phyllodes Tumor,,-3.3,6.1,5.1,30293,100,300,6,2,0.81,2316|3611|4318|5293|10231|80381,FLNA|ILK|MMP9|PIK3CD|RCAN2|CD276,-2.2,0
0,0,0,1,1,0,0,0,0,-2.2,-3.3,0,C0205851,M000110,2,0,DisGeNET,35,Germ cell tumor,,-3.3,3.6,4.4,30293,278,300,10,3.3,1,960|1030|3976|5293|5744|7042|7980|9846|10763|27295,CD44|CDKN2B|LIF|PIK3CD|PTHLH|TGFB2|TFPI2|GAB2|NES|PDLIM3,-2.2,0
1,1,0,1,1,0,-3.3,-3.3,0,-2.7,-3.3,0,C0269102,M110110,4,0,DisGeNET,35,Endometrioma,,-3.3,3.6,4.4,30293,279,299,10,3.3,1,216|1675|3065|4128|6414|7067|8801|25840|29116|54414,ALDH1A1|CFD|HDAC1|MAOA|SELENOP|THRA|SUCLG2|TMT1A|MYLIP|SIAE,-2.2,0
1,0,0,0,1,0,-3.3,0,0,0,-2.3,0,C0004135,M100010,2,0,DisGeNET,35,Ataxia Telangiectasia,,-3.3,3.2,4.3,30293,384,300,12,4,1.1,285|330|355|2120|2950|3576|4772|4792|5371|6528|7405|387882,ANGPT2|BIRC3|FAS|ETV6|GSTP1|CXCL8|NFATC1|NFKBIA|PML|SLC5A5|UVRAG|C12orf75,-2.2,0
0,0,0,0,1,0,0,0,0,0,-3.3,0,C0238462,M000010,1,0,DisGeNET,35,Medullary carcinoma of thyroid,,-3.3,3.4,4.3,30293,330,300,11,3.7,1.1,1030|1072|3371|3726|3976|4478|5293|5922|8851|81631|84557,CDKN2B|CFL1|TNC|JUNB|LIF|MSN|PIK3CD|RASA2|CDK5R1|MAP1LC3B|MAP1LC3A,-2.2,0
0,0,1,0,0,0,0,0,-3.3,0,0,0,C0003175,M001000,1,0,DisGeNET,35,Anthrax disease,,-3.3,7.7,5.4,30293,66,299,5,1.7,0.74,1302|2516|3934|8506|64127,COL11A2|NR5A1|LCN2|CNTNAP1|NOD2,-2.2,0
0,0,1,0,0,0,0,0,-3.3,0,0,0,C0004626,M001000,1,0,DisGeNET,35,"Pneumonia, Bacterial",,-3.3,7.7,5.4,30293,66,299,5,1.7,0.74,3934|6774|7097|7098|7297,LCN2|STAT3|TLR2|TLR3|TYK2,-2.2,0
0,1,0,0,0,0,0,-3.3,0,0,0,0,C0221271,M010000,1,0,DisGeNET,35,Elastosis perforans serpiginosa,,-3.3,7.7,5.4,30293,66,299,5,1.7,0.74,682|1312|4061|4069|5950,BSG|COMT|LY6E|LYZ|RBP4,-2.2,0
0,1,0,0,0,0,0,-3.3,0,0,0,0,C0242723,M010000,1,0,DisGeNET,35,Parasitemia,,-3.3,5.1,4.8,30293,140,299,7,2.3,0.87,196|682|1075|1191|4061|7108|11309,AHR|BSG|CTSC|CLU|LY6E|TM7SF2|SLCO2B1,-2.2,0
0,0,1,0,1,0,0,0,-3.3,0,-2.6,0,C0279986,M001010,2,0,DisGeNET,35,Childhood Leiomyosarcoma,,-3.3,5.1,4.8,30293,140,299,7,2.3,0.87,94|1435|6774|7157|9734|53347|57599,ACVRL1|CSF1|STAT3|TP53|HDAC9|UBASH3A|WDR48,-2.2,0
0,0,0,0,0,1,0,0,0,0,0,-3.3,C0004277,M000001,1,0,DisGeNET,35,Tooth Attrition,,-3.3,7.6,5.4,30293,66,300,5,1.7,0.74,754|1029|1462|1827|5663,PTTG1IP|CDKN2A|VCAN|RCAN1|PSEN1,-2.2,0
0,0,0,0,1,0,0,0,0,0,-3.3,0,C1837084,M000010,1,0,DisGeNET,35,Short metacarpal,,-3.3,7.6,5.4,30293,66,300,5,1.7,0.74,2316|5744|9469|91252|145173,FLNA|PTHLH|CHST3|SLC39A13|B3GLCT,-2.2,0
0,0,0,0,0,1,0,0,0,0,0,-3.3,C2004489,M000001,1,0,DisGeNET,35,Regurgitation,,-3.3,7.6,5.4,30293,66,300,5,1.7,0.74,1366|1499|4982|5817|6737,CLDN7|CTNNB1|TNFRSF11B|PVR|TRIM21,-2.2,0
0,1,0,1,0,1,0,-2.6,0,-2.6,0,-3.3,C0205647,M010101,3,0,DisGeNET,35,Follicular adenoma,,-3.3,4.4,4.6,30293,183,300,8,2.7,0.93,1026|1029|1366|1499|1893|2335|4323|54843,CDKN1A|CDKN2A|CLDN7|CTNNB1|ECM1|FN1|MMP14|SYTL2,-2.2,0
0,0,0,0,1,0,0,0,0,0,-3.3,0,C0344482,M000010,1,0,DisGeNET,35,Hypoplasia of corpus callosum,,-3.3,3.1,4.2,30293,385,300,12,4,1.1,547|5048|6249|6509|7280|7846|8642|22931|29954|55262|57514|81603,KIF1A|PAFAH1B1|CLIP1|SLC1A4|TUBB2A|TUBA1A|DCHS1|RAB18|POMT2|TRAPPC14|ARHGAP31|TRIM8,-2.2,0
1,0,0,0,1,0,-3.3,0,0,0,-2.6,0,C0026640,M100010,2,0,DisGeNET,35,Mouth Neoplasms,,-3.3,5,4.8,30293,140,300,7,2.3,0.87,2950|3162|3383|3576|4893|5328|6648,GSTP1|HMOX1|ICAM1|CXCL8|NRAS|PLAU|SOD2,-2.2,0
0,0,0,0,1,0,0,0,0,0,-3.3,0,C0026850,M000010,1,0,DisGeNET,35,Muscular Dystrophy,,-3.3,3.6,4.4,30293,280,300,10,3.3,1,43|2318|3976|4318|4319|4478|7476|23531|26353|29954,ACHE|FLNC|LIF|MMP9|MMP10|MSN|WNT7A|MMD|HSPB8|POMT2,-2.2,0
0,0,0,1,0,0,0,0,0,-3.3,0,0,C0454644,M000100,1,0,DisGeNET,35,Delayed speech and language development,,-3.3,2.7,4.1,30293,560,300,15,5,1.3,35|652|1291|1384|1741|1917|5530|6016|7991|10765|23043|27245|55773|57511|284111,ACADS|BMP4|COL6A1|CRAT|DLG3|EEF1A2|PPP3CA|RIT1|TUSC3|KDM5B|TNIK|AHDC1|TBC1D23|COG6|SLC13A5,-2.2,0
0,0,1,0,0,1,0,0,-3.3,0,0,-3.3,C0206664,M001001,2,0,DisGeNET,35,Teratocarcinoma,,-3.3,5,4.8,30293,141,299,7,2.3,0.87,103|567|2526|3105|5743|7157|80326,ADAR|B2M|FUT4|HLA-A|PTGS2|TP53|WNT10A,-2.2,0
0,0,1,0,1,0,0,0,-3.3,0,-2.5,0,C0278607,M001010,2,0,DisGeNET,35,Adult Leiomyosarcoma,,-3.3,5,4.8,30293,141,299,7,2.3,0.87,94|1435|6774|7157|9734|53347|57599,ACVRL1|CSF1|STAT3|TP53|HDAC9|UBASH3A|WDR48,-2.2,0
0,0,0,0,1,1,0,0,0,0,-3.3,-2.6,C0206663,M000011,2,0,DisGeNET,35,"Neuroectodermal Tumor, Primitive",,-3.3,4.4,4.6,30293,184,300,8,2.7,0.93,1000|2004|3084|3976|4133|5074|5293|80381,CDH2|ELK3|NRG1|LIF|MAP2|PAWR|PIK3CD|CD276,-2.2,0
0,0,1,0,0,0,0,0,-3.3,0,0,0,C0272302,M001000,1,0,DisGeNET,35,Gray Platelet Syndrome,,-3.3,11,6,30293,38,299,4,1.3,0.66,2516|3684|3934|7412,NR5A1|ITGAM|LCN2|VCAM1,-2.2,0
0,0,1,0,0,0,0,0,-3.3,0,0,0,C0030807,M001000,1,0,DisGeNET,35,Pemphigus,,-3.3,7.6,5.4,30293,67,299,5,1.7,0.74,718|3105|6891|25897|55717,C3|HLA-A|TAP2|RNF19A|WDR11,-2.2,0
0,0,1,0,0,0,0,0,-3.3,0,0,0,C3203547,M001000,1,0,DisGeNET,35,Axial spondyloarthritis,,-3.3,7.6,5.4,30293,67,299,5,1.7,0.74,972|4790|5743|7097|7128,CD74|NFKB1|PTGS2|TLR2|TNFAIP3,-2.2,0
1,0,1,0,0,0,-2.4,0,-3.3,0,0,0,C3854173,M101000,2,0,DisGeNET,35,Pre-renal acute kidney injury,,-3.3,7.6,5.4,30293,67,299,5,1.7,0.74,567|718|3934|6524|11182,B2M|C3|LCN2|SLC5A2|SLC2A6,-2.2,0
0,1,0,0,0,0,0,-3.3,0,0,0,0,C0085580,M010000,1,0,DisGeNET,35,Essential Hypertension,,-3.3,3,4.2,30293,445,299,13,4.3,1.2,196|335|476|738|847|1191|6337|6519|6649|7048|9514|10682|79041,AHR|APOA1|ATP1A1|VPS51|CAT|CLU|SCNN1A|SLC3A1|SOD3|TGFBR2|GAL3ST1|EBP|TMEM38A,-2.2,0
1,0,1,0,0,0,-3.3,0,-2.7,0,0,0,C0279680,M101000,2,0,DisGeNET,35,Transitional cell carcinoma of bladder,,-3.3,3.3,4.3,30293,333,300,11,3.7,1.1,650|2625|2950|3162|3306|4312|4893|5328|7405|10553|346389,BMP2|GATA3|GSTP1|HMOX1|HSPA2|MMP1|NRAS|PLAU|UVRAG|HTATIP2|MACC1,-2.2,0
0,0,0,1,0,0,0,0,0,-3.3,0,0,C0014742,M000100,1,0,DisGeNET,35,Erythema Multiforme,,-3.3,11,5.9,30293,38,300,4,1.3,0.66,35|1832|5104|7040,ACADS|DSP|SERPINA5|TGFB1,-2.2,0
1,0,0,0,0,0,-3.3,0,0,0,0,0,C0014836,M100000,1,0,DisGeNET,35,Escherichia coli Infections,,-3.3,11,5.9,30293,38,300,4,1.3,0.66,1535|3162|3576|6648,CYBA|HMOX1|CXCL8|SOD2,-2.2,0
0,0,0,0,1,0,0,0,0,0,-3.3,0,C0042344,M000010,1,0,DisGeNET,35,Varicose Ulcer,,-3.3,11,5.9,30293,38,300,4,1.3,0.66,467|960|4092|4616,ATF3|CD44|SMAD7|GADD45B,-2.2,0
1,0,0,0,0,1,-2.2,0,0,0,0,-3.3,C0558356,M100001,2,0,DisGeNET,35,Malignant melanoma of eye,,-3.3,11,5.9,30293,38,300,4,1.3,0.66,1029|9948|10015|23158,CDKN2A|WDR1|PDCD6IP|TBC1D9,-2.2,0
0,0,0,1,0,0,0,0,0,-3.3,0,0,C2718001,M000100,1,0,DisGeNET,35,Protein Misfolding Disorders,,-3.3,11,5.9,30293,38,300,4,1.3,0.66,348|634|5265|5562,APOE|CEACAM1|SERPINA1|PRKAA1,-2.2,0
1,0,1,1,0,1,-2.7,0,-2.1,-2.1,0,-3.3,C0206686,M101101,4,0,DisGeNET,35,Adrenocortical carcinoma,,-3.3,3.6,4.4,30293,281,300,10,3.3,1,71|331|1026|1029|1499|2335|3566|7057|23158|30011,ACTG1|XIAP|CDKN1A|CDKN2A|CTNNB1|FN1|IL4R|THBS1|TBC1D9|SH3KBP1,-2.2,0
1,0,1,0,0,0,-2.5,0,-3.3,0,0,0,C0042170,M101000,2,0,DisGeNET,35,Uveomeningoencephalitic Syndrome,,-3.3,6,5,30293,102,299,6,2,0.81,3105|6774|7097|7098|7128|64127,HLA-A|STAT3|TLR2|TLR3|TNFAIP3|NOD2,-2.2,0
0,0,0,0,1,0,0,0,0,0,-3.3,0,C0242966,M000010,1,0,DisGeNET,35,Systemic Inflammatory Response Syndrome,,-3.3,4.4,4.6,30293,185,300,8,2.7,0.93,329|1906|3688|5293|9146|10085|27295|57142,BIRC2|EDN1|ITGB1|PIK3CD|HGS|EDIL3|PDLIM3|RTN4,-2.2,0
0,1,0,0,0,0,0,-3.3,0,0,0,0,C0025363,M010000,1,0,DisGeNET,35,"Mental Retardation, Psychosocial",,-3.3,5,4.8,30293,142,299,7,2.3,0.87,1933|2348|2593|3073|5190|65084|79944,EEF1B2|FOLR1|GAMT|HEXA|PEX6|TMEM135|L2HGDH,-2.2,0
0,0,0,0,0,1,0,0,0,0,0,-3.3,C0279592,M000001,1,0,DisGeNET,35,Adult T Acute Lymphoblastic Leukemia,,-3.3,5.9,5,30293,102,300,6,2,0.81,861|966|1029|1499|3716|7057,RUNX1|CD59|CDKN2A|CTNNB1|JAK1|THBS1,-2.2,0
1,1,0,1,0,0,-2.7,-3.3,0,-2.1,0,0,C0428472,M110100,3,0,DisGeNET,35,Serum HDL cholesterol measurement,,-3.3,3.6,4.4,30293,283,299,10,3.3,1,341|949|1312|2147|5360|10062|10144|51085|83939|284439,APOC1|SCARB1|COMT|F2|PLTP|NR1H3|FAM13A|MLXIPL|EIF2A|SLC25A42,-2.2,0
1,0,0,0,0,0,-3.3,0,0,0,0,0,C0017168,M100000,1,0,DisGeNET,35,Gastroesophageal reflux disease,,-3.3,2.9,4.1,30293,446,300,13,4.3,1.2,1540|3576|3663|4312|7461|8809|9076|9575|55129|56829|57162|64065|79651,CYLD|CXCL8|IRF5|MMP1|CLIP2|IL18R1|CLDN1|CLOCK|ANO10|ZC3HAV1|PELI1|PERP|RHBDF2,-2.2,0
1,0,1,1,0,0,-3.3,0,-2.1,-3.3,0,0,C0007820,M101100,3,0,DisGeNET,35,Cerebrovascular Disorders,,-3.3,3.9,4.4,30293,233,300,9,3,0.98,12|285|1535|3162|3383|4312|5328|57674|124220,SERPINA3|ANGPT2|CYBA|HMOX1|ICAM1|MMP1|PLAU|RNF213|ZG16B,-2.2,0
0,0,1,0,0,1,0,0,-3.2,0,0,-2.4,C0022116,M001001,2,0,DisGeNET,35,Ischemia,,-3.2,5.9,5,30293,103,299,6,2,0.81,2706|5743|6376|6774|7157|9536,GJB2|PTGS2|CX3CL1|STAT3|TP53|PTGES,-2.2,0
0,0,1,0,0,0,0,0,-3.2,0,0,0,C0014518,M001000,1,0,DisGeNET,35,Toxic Epidermal Necrolysis,,-3.2,5,4.7,30293,143,299,7,2.3,0.87,3105|4734|7097|7098|7133|7157|79139,HLA-A|NEDD4|TLR2|TLR3|TNFRSF1B|TP53|DERL1,-2.1,0
0,1,1,0,0,0,0,-2.3,-3.2,0,0,0,C0034150,M011000,2,0,DisGeNET,35,Purpura,,-3.2,7.4,5.3,30293,68,299,5,1.7,0.74,2811|3105|4790|4791|84876,GP1BA|HLA-A|NFKB1|NFKB2|ORAI1,-2.1,0
0,0,1,0,0,0,0,0,-3.2,0,0,0,C0022408,M001000,1,0,DisGeNET,35,Arthropathy,,-3.2,4.3,4.6,30293,187,299,8,2.7,0.93,567|1117|3105|4327|5698|5743|25897|64127,B2M|CHI3L2|HLA-A|MMP19|PSMB9|PTGS2|RNF19A|NOD2,-2.1,0
0,0,0,0,0,1,0,0,0,0,0,-3.2,C0266449,M000001,1,0,DisGeNET,35,Congenital anomaly of brain,,-3.2,5.9,5,30293,103,300,6,2,0.81,71|998|1436|6469|7050|9289,ACTG1|CDC42|CSF1R|SHH|TGIF1|ADGRG1,-2.1,0
1,0,0,1,0,0,-3.2,0,0,-2.3,0,0,C0474808,M100100,2,0,DisGeNET,35,Follicular neoplasm,,-3.2,7.4,5.3,30293,68,300,5,1.7,0.74,2625|2950|4070|4893|5970,GATA3|GSTP1|TACSTD2|NRAS|RELA,-2.1,0
0,0,0,0,0,1,0,0,0,0,0,-3.2,C0522224,M000001,1,0,DisGeNET,35,Paralysed,,-3.2,7.4,5.3,30293,68,300,5,1.7,0.74,966|5445|8878|10133|11235,CD59|PON2|SQSTM1|OPTN|PDCD10,-2.1,0
0,0,1,0,0,1,0,0,-2.3,0,0,-3.2,C2986682,M001001,2,0,DisGeNET,35,Locally Recurrent Malignant Neoplasm,,-3.2,7.4,5.3,30293,68,300,5,1.7,0.74,840|1029|4323|6277|84959,CASP7|CDKN2A|MMP14|S100A6|UBASH3B,-2.1,0
0,0,1,0,0,1,0,0,-3.2,0,0,-2.2,C0037354,M001001,2,0,DisGeNET,35,Smallpox,,-3.2,10,5.9,30293,39,299,4,1.3,0.66,567|3105|6774|10148,B2M|HLA-A|STAT3|EBI3,-2.1,0
0,0,1,0,0,0,0,0,-3.2,0,0,0,C0275551,M001000,1,0,DisGeNET,35,Primary bacterial peritonitis,,-3.2,10,5.9,30293,39,299,4,1.3,0.66,3627|3934|7097|64127,CXCL10|LCN2|TLR2|NOD2,-2.1,0
0,0,1,0,0,0,0,0,-3.2,0,0,0,C0333997,M001000,1,0,DisGeNET,35,Lymphoid hyperplasia,,-3.2,10,5.9,30293,39,299,4,1.3,0.66,3627|7157|9466|23308,CXCL10|TP53|IL27RA|ICOSLG,-2.1,0
0,1,0,0,0,0,0,-3.2,0,0,0,0,C0700636,M010000,1,0,DisGeNET,35,Focal nodular hyperplasia of liver,,-3.2,10,5.9,30293,39,299,4,1.3,0.66,174|738|2752|7108,AFP|VPS51|GLUL|TM7SF2,-2.1,0
1,0,1,0,0,0,-2.2,0,-3.2,0,0,0,C0854193,M101000,2,0,DisGeNET,35,Cognitive deterioration,,-3.2,10,5.9,30293,39,299,4,1.3,0.66,3416|4599|7412|10148,IDE|MX1|VCAM1|EBI3,-2.1,0
0,0,1,0,0,0,0,0,-3.2,0,0,0,C1333296,M001000,1,0,DisGeNET,35,Activated B-cell type diffuse large B-cell lymphoma,,-3.2,10,5.9,30293,39,299,4,1.3,0.66,4790|6689|6774|7157,NFKB1|SPIB|STAT3|TP53,-2.1,0
0,0,1,0,0,0,0,0,-3.2,0,0,0,C0007971,M001000,1,0,DisGeNET,35,Cheilitis,,-3.2,18,7,30293,17,299,3,1,0.58,6774|7157|84818,STAT3|TP53|IL17RC,-2.1,0
0,0,1,0,0,0,0,0,-3.2,0,0,0,C0025294,M001000,1,0,DisGeNET,35,Meningococcal meningitis,,-3.2,18,7,30293,17,299,3,1,0.58,7097|51284|64127,TLR2|TLR7|NOD2,-2.1,0
0,0,1,0,0,0,0,0,-3.2,0,0,0,C0043407,M001000,1,0,DisGeNET,35,Yersinia infections,,-3.2,18,7,30293,17,299,3,1,0.58,2533|7097|64127,FYB1|TLR2|NOD2,-2.1,0
0,0,1,0,0,0,0,0,-3.2,0,0,0,C0264511,M001000,1,0,DisGeNET,35,Lymphoid interstitial pneumonia,,-3.2,18,7,30293,17,299,3,1,0.58,3627|7157|54361,CXCL10|TP53|WNT4,-2.1,0
0,1,0,0,0,0,0,-3.2,0,0,0,0,C0741494,M010000,1,0,DisGeNET,35,Elevated total bilirubin,,-3.2,18,7,30293,17,299,3,1,0.58,4041|5213|5589,LRP5|PFKM|PRKCSH,-2.1,0
0,0,1,0,0,0,0,0,-3.2,0,0,0,C1274648,M001000,1,0,DisGeNET,35,Segmental vitiligo,,-3.2,18,7,30293,17,299,3,1,0.58,3627|5743|10148,CXCL10|PTGS2|EBI3,-2.1,0
0,0,1,0,0,0,0,0,-3.2,0,0,0,C1299433,M001000,1,0,DisGeNET,35,Left main coronary artery disease,,-3.2,18,7,30293,17,299,3,1,0.58,4045|5743|7157,LSAMP|PTGS2|TP53,-2.1,0
0,0,1,0,0,0,0,0,-3.2,0,0,0,C1512709,M001000,1,0,DisGeNET,35,Chronic Lymphoproliferative Disorder of NK-Cells,,-3.2,18,7,30293,17,299,3,1,0.58,6646|6774|7128,SOAT1|STAT3|TNFAIP3,-2.1,0
0,0,0,0,0,1,0,0,0,0,0,-3.2,C0005426,M000001,1,0,DisGeNET,35,Biliary Tract Neoplasm,,-3.2,18,6.9,30293,17,300,3,1,0.57,1029|1364|5774,CDKN2A|CLDN4|PTPN3,-2.1,0
0,0,0,0,0,1,0,0,0,0,0,-3.2,C0026706,M000001,1,0,DisGeNET,35,Mucopolysaccharidosis III,,-3.2,18,6.9,30293,17,300,3,1,0.57,3423|8878|138050,IDS|SQSTM1|HGSNAT,-2.1,0
0,0,0,1,0,0,0,0,0,-3.2,0,0,C0037198,M000100,1,0,DisGeNET,35,"Sinus Thrombosis, Intracranial",,-3.2,18,6.9,30293,17,300,3,1,0.57,351|2153|7076,APP|F5|TIMP1,-2.1,0
0,0,0,0,0,1,0,0,0,0,0,-3.2,C0238062,M000001,1,0,DisGeNET,35,Chronic intestinal pseudo-obstruction,,-3.2,18,6.9,30293,17,300,3,1,0.57,861|1364|57217,RUNX1|CLDN4|TTC7A,-2.1,0
0,0,0,0,0,1,0,0,0,0,0,-3.2,C0521720,M000001,1,0,DisGeNET,35,Corneal fibrosis,,-3.2,18,6.9,30293,17,300,3,1,0.57,1026|4323|23471,CDKN1A|MMP14|TRAM1,-2.1,0
0,0,0,1,0,0,0,0,0,-3.2,0,0,C1318312,M000100,1,0,DisGeNET,35,Serum iron measurement,,-3.2,18,6.9,30293,17,300,3,1,0.57,7018|10801|164656,TF|SEPTIN9|TMPRSS6,-2.1,0
1,0,0,0,0,0,-3.2,0,0,0,0,0,C1332210,M100000,1,0,DisGeNET,35,Adult Nodular Lymphocyte Predominant Hodgkin Lymphoma,,-3.2,18,6.9,30293,17,300,3,1,0.57,2625|6446|8837,GATA3|SGK1|CFLAR,-2.1,0
1,0,0,0,0,0,-3.2,0,0,0,0,0,C1332985,M100000,1,0,DisGeNET,35,Childhood Nodular Lymphocyte Predominant Hodgkin Lymphoma,,-3.2,18,6.9,30293,17,300,3,1,0.57,2625|6446|8837,GATA3|SGK1|CFLAR,-2.1,0
1,0,0,0,0,0,-3.2,0,0,0,0,0,C3150773,M100000,1,0,DisGeNET,35,CHROMOSOME 8p11 MYELOPROLIFERATIVE SYNDROME,,-3.2,18,6.9,30293,17,300,3,1,0.57,3717|5879|6776,JAK2|RAC1|STAT5A,-2.1,0
1,0,0,0,0,0,-3.2,0,0,0,0,0,C4042906,M100000,1,0,DisGeNET,35,Mammary Analogue Secretory Carcinoma,,-3.2,18,6.9,30293,17,300,3,1,0.57,2120|6776|7405,ETV6|STAT5A|UVRAG,-2.1,0
0,0,0,1,1,0,0,0,0,-2.2,-3.2,0,C0018273,M000110,2,0,DisGeNET,35,Growth Disorders,,-3.2,10,5.8,30293,39,300,4,1.3,0.66,43|5744|26277|285590,ACHE|PTHLH|TINF2|SH3PXD2B,-2.1,0
0,0,1,0,0,0,0,0,-3.2,0,0,0,C0221505,M001000,1,0,DisGeNET,35,Lesion of brain,,-3.2,4.3,4.5,30293,188,299,8,2.7,0.93,718|4599|5743|6567|6774|7097|7157|8741,C3|MX1|PTGS2|SLC16A2|STAT3|TLR2|TP53|TNFSF13,-2.1,0
0,1,0,0,0,0,0,-3.2,0,0,0,0,C0017178,M010000,1,0,DisGeNET,35,Gastrointestinal Diseases,,-3.2,4.9,4.7,30293,144,299,7,2.3,0.87,174|335|847|4069|7048|7103|51085,AFP|APOA1|CAT|LYZ|TGFBR2|TSPAN8|MLXIPL,-2.1,0
0,1,0,0,0,1,0,-3.2,0,0,0,-3.2,C1257925,M010001,2,0,DisGeNET,35,"Mammary Carcinoma, Animal",,-3.2,4.9,4.7,30293,144,299,7,2.3,0.87,949|1312|1915|3638|5950|6414|7351,SCARB1|COMT|EEF1A1|INSIG1|RBP4|SELENOP|UCP2,-2.1,0
0,0,1,0,1,1,0,0,-3.2,0,-3.2,-2.4,C0019621,M001011,3,0,DisGeNET,35,"Histiocytosis, Langerhans-Cell",,-3.2,5.8,4.9,30293,104,299,6,2,0.81,1435|3105|3459|4214|7157|9308,CSF1|HLA-A|IFNGR1|MAP3K1|TP53|CD83,-2.1,0
0,0,0,0,1,0,0,0,0,0,-3.2,0,C0009081,M000010,1,0,DisGeNET,35,Congenital clubfoot,,-3.2,3.5,4.3,30293,285,300,10,3.3,1,2316|7045|7476|8642|9469|9853|23129|29940|57514|285590,FLNA|TGFBI|WNT7A|DCHS1|CHST3|RUSC2|PLXND1|DSE|ARHGAP31|SH3PXD2B,-2.1,0
1,0,0,0,0,0,-3.2,0,0,0,0,0,C0023264,M100000,1,0,DisGeNET,35,Leigh Disease,,-3.2,4.9,4.7,30293,144,300,7,2.3,0.87,1327|1738|6648|7035|27010|54704|55831,COX4I1|DLD|SOD2|TFPI|TPK1|PDP1|EMC3,-2.1,0
1,0,0,0,1,0,-3.2,0,0,0,-2.5,0,C0023532,M100010,2,0,DisGeNET,35,"Leukoplakia, Oral",,-3.2,4.9,4.7,30293,144,300,7,2.3,0.87,355|2950|3576|4792|8767|79651|80169,FAS|GSTP1|CXCL8|NFKBIA|RIPK2|RHBDF2|CTC1,-2.1,0
0,0,0,0,1,0,0,0,0,0,-3.2,0,C0278874,M000010,1,0,DisGeNET,35,Adult Ependymoma,,-3.2,4.9,4.7,30293,144,300,7,2.3,0.87,960|1030|3371|4133|5293|10046|10763,CD44|CDKN2B|TNC|MAP2|PIK3CD|MAMLD1|NES,-2.1,0
0,0,0,0,1,0,0,0,0,0,-3.2,0,C0796611,M000010,1,0,DisGeNET,35,Newly Diagnosed Childhood Ependymoma,,-3.2,4.9,4.7,30293,144,300,7,2.3,0.87,960|1030|3371|4133|5293|10046|10763,CD44|CDKN2B|TNC|MAP2|PIK3CD|MAMLD1|NES,-2.1,0
1,0,0,0,0,0,-3.2,0,0,0,0,0,C0205748,M100000,1,0,DisGeNET,35,Dysplastic Nevus,,-3.2,5.8,4.9,30293,104,300,6,2,0.81,1845|2919|3732|4312|4893|27113,DUSP3|CXCL1|CD82|MMP1|NRAS|BBC3,-2.1,0
1,0,1,0,0,0,-3.2,0,-3.2,0,0,0,C0007273,M101000,2,0,DisGeNET,35,Carotid Artery Diseases,,-3.2,7.3,5.3,30293,69,299,5,1.7,0.74,4790|5743|7157|7292|9536,NFKB1|PTGS2|TP53|TNFSF4|PTGES,-2.1,0
0,0,1,0,0,0,0,0,-3.2,0,0,0,C0025303,M001000,1,0,DisGeNET,35,Meningococcal Infections,,-3.2,7.3,5.3,30293,69,299,5,1.7,0.74,3627|4828|6373|7097|259307,CXCL10|NMB|CXCL11|TLR2|IL4I1,-2.1,0
1,0,1,0,1,1,-2,0,-2.6,0,-2.6,-3.2,C2347748,M101011,4,0,DisGeNET,35,Adult Erythroleukemia,,-3.2,3.9,4.4,30293,236,300,9,3,0.98,861|1026|1499|2000|2314|5862|11329|23158|84959,RUNX1|CDKN1A|CTNNB1|ELF4|FLII|RAB2A|STK38|TBC1D9|UBASH3B,-2.1,0
0,0,0,1,0,0,0,0,0,-3.2,0,0,C0271160,M000100,1,0,DisGeNET,35,Cortical cataract,,-3.2,7.3,5.3,30293,69,300,5,1.7,0.74,351|5627|7040|7076|9518,APP|PROS1|TGFB1|TIMP1|GDF15,-2.1,0
0,0,0,0,1,0,0,0,0,0,-3.2,0,C0426848,M000010,1,0,DisGeNET,35,Sacral dimple,,-3.2,7.3,5.3,30293,69,300,5,1.7,0.74,3981|3984|5048|8642|145173,LIG4|LIMK1|PAFAH1B1|DCHS1|B3GLCT,-2.1,0
0,0,1,0,1,0,0,0,-3.2,0,-3.2,0,C0023479,M001010,2,0,DisGeNET,35,Acute myelomonocytic leukemia,,-3.2,5.8,4.9,30293,105,299,6,2,0.81,1435|2526|3684|5359|7157|79139,CSF1|FUT4|ITGAM|PLSCR1|TP53|DERL1,-2.1,0
1,0,1,0,0,0,-2.6,0,-3.2,0,0,0,C0023448,M101000,2,0,DisGeNET,35,Lymphoid leukemia,,-3.2,3.5,4.3,30293,288,299,10,3.3,1,718|843|3684|5743|6774|7157|7297|8506|8741|79139,C3|CASP10|ITGAM|PTGS2|STAT3|TP53|TYK2|CNTNAP1|TNFSF13|DERL1,-2.1,0
1,0,1,0,1,1,-2,0,-2.6,0,-2.6,-3.2,C4520840,M101011,4,0,DisGeNET,35,Erythroleukemia (Erythroid/Myeloid),,-3.2,3.8,4.4,30293,237,300,9,3,0.98,861|1026|1499|2000|2314|5862|11329|23158|84959,RUNX1|CDKN1A|CTNNB1|ELF4|FLII|RAB2A|STK38|TBC1D9|UBASH3B,-2.1,0
0,1,0,0,0,0,0,-3.2,0,0,0,0,C0149896,M010000,1,0,DisGeNET,35,Primary gout,,-3.2,10,5.8,30293,40,299,4,1.3,0.66,283|335|3065|3635,ANG|APOA1|HDAC1|INPP5D,-2.1,0
0,1,0,0,0,0,0,-3.2,0,0,0,0,C0271790,M010000,1,0,DisGeNET,35,Subclinical hypothyroidism,,-3.2,10,5.8,30293,40,299,4,1.3,0.66,335|5205|5950|7494,APOA1|ATP8B1|RBP4|XBP1,-2.1,0
0,0,1,0,0,0,0,0,-3.2,0,0,0,C3899655,M001000,1,0,DisGeNET,35,Childhood Langerhans Cell Histiocytosis,,-3.2,10,5.8,30293,40,299,4,1.3,0.66,3105|3459|4214|9308,HLA-A|IFNGR1|MAP3K1|CD83,-2.1,0
0,0,1,0,0,0,0,0,-3.2,0,0,0,C3900100,M001000,1,0,DisGeNET,35,Adult Langerhans Cell Histiocytosis,,-3.2,10,5.8,30293,40,299,4,1.3,0.66,3105|3459|4214|9308,HLA-A|IFNGR1|MAP3K1|CD83,-2.1,0
0,0,0,0,1,0,0,0,0,0,-3.2,0,C2981150,M000010,1,0,DisGeNET,35,Uranostaphyloschisis,,-3.2,4.3,4.5,30293,190,300,8,2.7,0.93,1906|2054|2113|2782|4092|7077|7846|56999,EDN1|STX2|ETS1|GNB1|SMAD7|TIMP2|TUBA1A|ADAMTS9,-2.1,0
0,0,1,1,0,0,0,0,-3.2,-2.1,0,0,C0041341,M001100,2,0,DisGeNET,35,Tuberous Sclerosis,,-3.2,3.5,4.3,30293,289,299,10,3.3,1,2638|4790|5743|6558|6774|7157|11074|25897|51284|84876,GC|NFKB1|PTGS2|SLC12A2|STAT3|TP53|TRIM31|RNF19A|TLR7|ORAI1,-2.1,0
0,0,1,0,0,0,0,0,-3.2,0,0,0,C0279646,M001000,1,0,DisGeNET,35,Childhood Acute Monocytic Leukemia,,-3.2,7.2,5.2,30293,70,299,5,1.7,0.74,3105|3684|6376|7412|23092,HLA-A|ITGAM|CX3CL1|VCAM1|ARHGAP26,-2.1,0
0,0,1,0,0,0,0,0,-3.2,0,0,0,C0280634,M001000,1,0,DisGeNET,35,Adult Acute Monocytic Leukemia,,-3.2,7.2,5.2,30293,70,299,5,1.7,0.74,3105|3684|6376|7412|23092,HLA-A|ITGAM|CX3CL1|VCAM1|ARHGAP26,-2.1,0
1,0,1,1,0,0,-2.3,0,-3.2,-2.3,0,0,C3887551,M101100,3,0,DisGeNET,35,Memory dysfunction,,-3.2,7.2,5.2,30293,70,299,5,1.7,0.74,1302|6774|7097|29108|440275,COL11A2|STAT3|TLR2|PYCARD|EIF2AK4,-2.1,0
0,0,0,1,1,0,0,0,0,-3.2,-2.3,0,C0149931,M000110,2,0,DisGeNET,35,Migraine Disorders,,-3.2,2.8,4,30293,512,300,14,4.7,1.2,348|351|633|2153|2353|2571|4035|5627|7040|50484|50808|54858|55824|57462,APOE|APP|BGN|F5|FOS|GAD1|LRP1|PROS1|TGFB1|RRM2B|AK3|PGPEP1|PAG1|MYORG,-2.1,0
1,0,0,0,0,0,-3.2,0,0,0,0,0,C0023223,M100000,1,0,DisGeNET,35,Leg Ulcer,,-3.2,10,5.8,30293,40,300,4,1.3,0.66,3383|5328|6385|9076,ICAM1|PLAU|SDC4|CLDN1,-2.1,0
0,0,0,1,0,0,0,0,0,-3.2,0,0,C0151699,M000100,1,0,DisGeNET,35,Intracranial Hemorrhage,,-3.2,10,5.8,30293,40,300,4,1.3,0.66,538|1471|2159|7018,ATP7A|CST3|F10|TF,-2.1,0
0,0,0,0,1,0,0,0,0,0,-3.2,0,C0241165,M000010,1,0,DisGeNET,35,Thick skin,,-3.2,10,5.8,30293,40,300,4,1.3,0.66,3981|4053|5155|285590,LIG4|LTBP2|PDGFB|SH3PXD2B,-2.1,0
0,0,0,1,1,0,0,0,0,-2.1,-3.2,0,C1695782,M000110,2,0,DisGeNET,35,Cerebral hypoperfusion,,-3.2,10,5.8,30293,40,300,4,1.3,0.66,1906|3084|5293|26047,EDN1|NRG1|PIK3CD|CNTNAP2,-2.1,0
0,1,0,0,0,0,0,-3.2,0,0,0,0,C2362324,M010000,1,0,DisGeNET,35,Pediatric Obesity,,-3.2,4.2,4.5,30293,191,299,8,2.7,0.93,335|364|847|3615|5950|7351|8431|10682,APOA1|AQP7|CAT|IMPDH2|RBP4|UCP2|NR0B2|EBP,-2.1,0
1,0,1,0,0,0,-3.2,0,-3.2,0,0,0,C0024312,M101000,2,0,DisGeNET,35,Lymphopenia,,-3.2,3.8,4.4,30293,239,299,9,3,0.99,718|4790|4791|5692|5698|6364|6774|7133|7297,C3|NFKB1|NFKB2|PSMB4|PSMB9|CCL20|STAT3|TNFRSF1B|TYK2,-2.1,0
0,0,0,1,0,0,0,0,0,-3.2,0,0,C0010495,M000100,1,0,DisGeNET,35,Cutis Laxa,,-3.2,7.2,5.2,30293,70,300,5,1.7,0.74,538|2353|2677|5265|9056,ATP7A|FOS|GGCX|SERPINA1|SLC7A7,-2.1,0
1,1,0,0,0,1,-2.5,-3.2,0,0,0,-3.2,C0024667,M110001,3,0,DisGeNET,35,Animal Mammary Neoplasms,,-3.2,4.8,4.6,30293,147,299,7,2.3,0.87,949|1312|1915|3638|5950|6414|7351,SCARB1|COMT|EEF1A1|INSIG1|RBP4|SELENOP|UCP2,-2.1,0
0,0,0,0,1,0,0,0,0,0,-3.2,0,C1851584,M000010,1,0,DisGeNET,35,Childhood Ependymoma,,-3.2,4.8,4.6,30293,147,300,7,2.3,0.87,960|1030|3371|4133|5293|10046|10763,CD44|CDKN2B|TNC|MAP2|PIK3CD|MAMLD1|NES,-2.1,0
0,1,1,0,0,0,0,-3.2,-2.4,0,0,0,C0239981,M011000,2,0,DisGeNET,35,Hypoalbuminemia,,-3.2,5.7,4.8,30293,107,299,6,2,0.81,174|1312|4351|7276|8694|55902,AFP|COMT|MPI|TTR|DGAT1|ACSS2,-2.1,0
0,0,1,0,0,0,0,0,-3.2,0,0,0,C0280217,M001000,1,0,DisGeNET,35,"stage, non-small cell lung cancer",,-3.2,5.7,4.8,30293,107,299,6,2,0.81,2526|3684|6374|6774|7098|7157,FUT4|ITGAM|CXCL5|STAT3|TLR3|TP53,-2.1,0
1,0,1,0,0,0,-3.2,0,-3.2,0,0,0,C0034186,M101000,2,0,DisGeNET,35,Pyelonephritis,,-3.2,7.1,5.2,30293,71,299,5,1.7,0.74,567|3934|6524|7096|10148,B2M|LCN2|SLC5A2|TLR1|EBI3,-2.1,0
0,0,1,0,0,0,0,0,-3.2,0,0,0,C0266463,M001000,1,0,DisGeNET,35,Lissencephaly,,-3.2,7.1,5.2,30293,71,299,5,1.7,0.74,1605|5724|7157|9856|160418,DAG1|PTAFR|TP53|KIAA0319|TMTC3,-2.1,0
0,0,1,0,0,0,0,0,-3.2,0,0,0,C0751075,M001000,1,0,DisGeNET,35,Cancer of Digestive System,,-3.2,7.1,5.2,30293,71,299,5,1.7,0.74,3934|5743|6774|7097|7157,LCN2|PTGS2|STAT3|TLR2|TP53,-2.1,0
0,1,0,0,0,0,0,-3.2,0,0,0,0,C0917816,M010000,1,0,DisGeNET,35,Mental deficiency,,-3.2,4.8,4.6,30293,148,299,7,2.3,0.87,1933|2348|2593|3073|5190|65084|79944,EEF1B2|FOLR1|GAMT|HEXA|PEX6|TMEM135|L2HGDH,-2.1,0
0,0,1,0,0,0,0,0,-3.2,0,0,0,C0022876,M001000,1,0,DisGeNET,35,Premature Obstetric Labor,,-3.2,17,6.7,30293,18,299,3,1,0.58,2706|7412|9536,GJB2|VCAM1|PTGES,-2.1,0
0,0,1,0,0,0,0,0,-3.2,0,0,0,C0152081,M001000,1,0,DisGeNET,35,Pustular psoriasis,,-3.2,17,6.7,30293,18,299,3,1,0.58,7098|7128|64127,TLR3|TNFAIP3|NOD2,-2.1,0
0,0,1,0,0,0,0,0,-3.2,0,0,0,C0205875,M001000,1,0,DisGeNET,35,Papillomatosis,,-3.2,17,6.7,30293,18,299,3,1,0.58,5743|7157|9536,PTGS2|TP53|PTGES,-2.1,0
0,0,1,0,0,0,0,0,-3.2,0,0,0,C0221376,M001000,1,0,DisGeNET,35,Hydrosalpinx (disease),,-3.2,17,6.7,30293,18,299,3,1,0.58,1080|6890|7098,CFTR|TAP1|TLR3,-2.1,0
0,1,0,0,0,0,0,-3.2,0,0,0,0,C0268274,M010000,1,0,DisGeNET,35,"Gangliosidoses, GM2",,-3.2,17,6.7,30293,18,299,3,1,0.58,2720|3073|3074,GLB1|HEXA|HEXB,-2.1,0
0,1,0,0,0,0,0,-3.2,0,0,0,0,C0268490,M010000,1,0,DisGeNET,35,"Tyrosinemia, Type I",,-3.2,17,6.7,30293,18,299,3,1,0.58,174|210|7276,AFP|ALAD|TTR,-2.1,0
0,1,0,0,0,0,0,-3.2,0,0,0,0,C1536221,M010000,1,0,DisGeNET,35,Non ST segment elevation myocardial infarction,,-3.2,17,6.7,30293,18,299,3,1,0.58,196|335|738,AHR|APOA1|VPS51,-2.1,0
0,0,0,0,1,0,0,0,0,0,-3.2,0,C0012736,M000010,1,0,DisGeNET,35,Dissecting aortic aneurysm,,-3.2,17,6.7,30293,18,300,3,1,0.57,3371|4318|7042,TNC|MMP9|TGFB2,-2.1,0
1,0,0,0,0,0,-3.2,0,0,0,0,0,C0026393,M100000,1,0,DisGeNET,35,Molluscum Contagiosum,,-3.2,17,6.7,30293,18,300,3,1,0.57,3107|8837|146206,HLA-C|CFLAR|CARMIL2,-2.1,0
0,0,0,1,0,0,0,0,0,-3.2,0,0,C0240671,M000100,1,0,DisGeNET,35,Partial thromboplastin time increased (finding),,-3.2,17,6.7,30293,18,300,3,1,0.57,2153|2159|2677,F5|F10|GGCX,-2.1,0
0,0,0,1,0,0,0,0,0,-3.2,0,0,C0267937,M000100,1,0,DisGeNET,35,Acute recurrent pancreatitis,,-3.2,17,6.7,30293,18,300,3,1,0.57,2064|5644|6690,ERBB2|PRSS1|SPINK1,-2.1,0
0,0,0,1,0,0,0,0,0,-3.2,0,0,C0268393,M000100,1,0,DisGeNET,35,Familial Cerebral Amyloid Angiopathy,,-3.2,17,6.7,30293,18,300,3,1,0.57,348|351|1471,APOE|APP|CST3,-2.1,0
0,0,0,1,0,0,0,0,0,-3.2,0,0,C0751071,M000100,1,0,DisGeNET,35,Familial Dementia,,-3.2,17,6.7,30293,18,300,3,1,0.57,351|2896|5265,APP|GRN|SERPINA1,-2.1,0
0,0,0,0,0,1,0,0,0,0,0,-3.2,C0003635,M000001,1,0,DisGeNET,35,Apraxias,,-3.2,7.1,5.2,30293,71,300,5,1.7,0.74,1436|1499|5663|7262|8878,CSF1R|CTNNB1|PSEN1|PHLDA2|SQSTM1,-2.1,0
1,0,0,0,0,0,-3.2,0,0,0,0,0,C0014116,M100000,1,0,DisGeNET,35,Endocardial Cushion Defects,,-3.2,7.1,5.2,30293,71,300,5,1.7,0.74,650|860|4772|4893|22882,BMP2|RUNX2|NFATC1|NRAS|ZHX2,-2.1,0
1,0,0,0,0,0,-3.2,0,0,0,0,0,C0276275,M100000,1,0,DisGeNET,35,Disease due to Parvoviridae,,-3.2,7.1,5.2,30293,71,300,5,1.7,0.74,355|3454|5371|5970|124220,FAS|IFNAR1|PML|RELA|ZG16B,-2.1,0
0,0,0,1,1,1,0,0,0,-3.2,-2.3,-3.2,C0598894,M000111,3,0,DisGeNET,35,Monocytic leukemia,,-3.2,7.1,5.2,30293,71,300,5,1.7,0.74,598|1958|2353|7040|55824,BCL2L1|EGR1|FOS|TGFB1|PAG1,-2.1,0
1,0,1,0,1,0,-3.2,0,-2.3,0,-2.3,0,C0677659,M101010,3,0,DisGeNET,35,Gastro-esophageal reflux disease with esophagitis,,-3.2,7.1,5.2,30293,71,300,5,1.7,0.74,1540|2950|3162|3576|9575,CYLD|GSTP1|HMOX1|CXCL8|CLOCK,-2.1,0
0,0,0,1,0,1,0,0,0,-3.2,0,-2.3,C1402294,M000101,2,0,DisGeNET,35,Primary Lesion,,-3.2,7.1,5.2,30293,71,300,5,1.7,0.74,634|2064|3880|5627|8714,CEACAM1|ERBB2|KRT19|PROS1|ABCC3,-2.1,0
0,0,0,0,1,0,0,0,0,0,-3.2,0,C1866134,M000010,1,0,DisGeNET,35,Wide anterior fontanel,,-3.2,7.1,5.2,30293,71,300,5,1.7,0.74,2316|3981|8642|145173|285590,FLNA|LIG4|DCHS1|B3GLCT|SH3PXD2B,-2.1,0
0,1,0,0,0,0,0,-3.2,0,0,0,0,C0268238,M010000,1,0,DisGeNET,35,Triglyceride storage disease with ichthyosis,,-3.2,9.9,5.7,30293,41,299,4,1.3,0.66,335|2109|7276|8694,APOA1|ETFB|TTR|DGAT1,-2.1,0
1,0,1,0,0,0,-3.1,0,-2.4,0,0,0,C0024534,M101000,2,0,DisGeNET,35,"Malaria, Cerebral",,-3.1,4.8,4.6,30293,148,300,7,2.3,0.87,285|3162|3383|3454|3455|3576|4312,ANGPT2|HMOX1|ICAM1|IFNAR1|IFNAR2|CXCL8|MMP1,-2.1,0
0,0,0,0,1,0,0,0,0,0,-3.1,0,C0007789,M000010,1,0,DisGeNET,35,Cerebral Palsy,,-3.1,3.8,4.3,30293,241,300,9,3,0.98,43|3084|5293|7042|7846|27295|51083|56940|64207,ACHE|NRG1|PIK3CD|TGFB2|TUBA1A|PDLIM3|GAL|DUSP22|IRF2BPL,-2.1,0
1,0,1,1,0,0,-2.5,0,-2.5,-3.1,0,0,C0013537,M101100,3,0,DisGeNET,35,Eclampsia,,-3.1,3.8,4.3,30293,241,300,9,3,0.98,348|2153|2159|2353|3481|5627|7040|9022|10163,APOE|F5|F10|FOS|IGF2|PROS1|TGFB1|CLIC3|WASF2,-2.1,0
0,0,0,0,1,0,0,0,0,0,-3.1,0,C0041974,M000010,1,0,DisGeNET,35,Urethral Stenosis,,-3.1,9.9,5.7,30293,41,300,4,1.3,0.66,2316|3984|6722|26277,FLNA|LIMK1|SRF|TINF2,-2.1,0
0,0,0,0,0,1,0,0,0,0,0,-3.1,C0152451,M000001,1,0,DisGeNET,35,Chronic glomerulonephritis,,-3.1,9.9,5.7,30293,41,300,4,1.3,0.66,861|3606|4627|5445,RUNX1|IL18|MYH9|PON2,-2.1,0
0,0,0,0,1,0,0,0,0,0,-3.1,0,C0270834,M000010,1,0,DisGeNET,35,Complex partial seizure with impairment of consciousness,,-3.1,9.9,5.7,30293,41,300,4,1.3,0.66,2782|51083|64780|81603,GNB1|GAL|MICAL1|TRIM8,-2.1,0
0,0,1,0,1,0,0,0,-2.1,0,-3.1,0,C1704356,M001010,2,0,DisGeNET,35,Enchondroma,,-3.1,9.9,5.7,30293,41,300,4,1.3,0.66,3726|4318|5293|5744,JUNB|MMP9|PIK3CD|PTHLH,-2.1,0
0,0,0,0,1,0,0,0,0,0,-3.1,0,C4021741,M000010,1,0,DisGeNET,35,Abnormal cortical bone morphology,,-3.1,9.9,5.7,30293,41,300,4,1.3,0.66,547|2316|23141|55262,KIF1A|FLNA|ANKLE2|TRAPPC14,-2.1,0
0,0,0,0,1,0,0,0,0,0,-3.1,0,C4082169,M000010,1,0,DisGeNET,35,Metatarsus Varus,,-3.1,9.9,5.7,30293,41,300,4,1.3,0.66,547|3981|9469|285590,KIF1A|LIG4|CHST3|SH3PXD2B,-2.1,0
0,0,0,1,0,0,0,0,0,-3.1,0,0,C4688007,M000100,1,0,DisGeNET,35,Platinum-Resistant Ovarian Carcinoma,,-3.1,9.9,5.7,30293,41,300,4,1.3,0.66,5209|7040|9518|55824,PFKFB3|TGFB1|GDF15|PAG1,-2.1,0
0,0,1,1,1,1,0,0,-2.2,-3.1,-3.1,-2.7,C0553723,M001111,4,0,DisGeNET,35,Squamous cell carcinoma of skin,,-3.1,2.9,4,30293,458,300,13,4.3,1.2,360|1308|1643|2064|2852|2896|3856|4485|5071|7040|10103|10276|55824,AQP3|COL17A1|DDB2|ERBB2|GPER1|GRN|KRT8|MST1|PRKN|TGFB1|TSPAN1|NET1|PAG1,-2.1,0
0,0,1,0,0,0,0,0,-3.1,0,0,0,C0003123,M001000,1,0,DisGeNET,35,Anorexia,,-3.1,3.8,4.3,30293,242,299,9,3,0.99,1080|3459|5021|5743|6524|6774|7157|9536|51752,CFTR|IFNGR1|OXTR|PTGS2|SLC5A2|STAT3|TP53|PTGES|ERAP1,-2.1,0
0,0,1,0,0,0,0,0,-3.1,0,0,0,C0392525,M001000,1,0,DisGeNET,35,Nephrolithiasis,,-3.1,3.8,4.3,30293,242,299,9,3,0.99,94|3934|6524|7098|11136|11182|64127|79798|84876,ACVRL1|LCN2|SLC5A2|TLR3|SLC7A9|SLC2A6|NOD2|ARMC5|ORAI1,-2.1,0
0,0,0,1,0,0,0,0,0,-3.1,0,0,C4528257,M000100,1,0,DisGeNET,35,Corpuscular Hemoglobin Concentration Mean,,-3.1,3,4.1,30293,401,300,12,4,1.1,35|598|3098|3783|7018|27244|30061|81846|84283|164656|201176|388588,ACADS|BCL2L1|HK1|KCNN4|TF|SESN1|SLC40A1|SBF2|TMEM79|TMPRSS6|ARHGAP27|SMIM1,-2.1,0
0,0,1,0,0,0,0,0,-3.1,0,0,0,C0010692,M001000,1,0,DisGeNET,35,Cystitis,,-3.1,4.8,4.6,30293,149,299,7,2.3,0.87,3437|3627|5743|5971|6376|7157|51284,IFIT3|CXCL10|PTGS2|RELB|CX3CL1|TP53|TLR7,-2.1,0
0,1,1,1,1,0,0,-2.1,-3.1,-2.6,-2.1,0,C0149721,M011110,4,0,DisGeNET,35,Left Ventricular Hypertrophy,,-3.1,3,4.1,30293,403,299,12,4,1.1,1302|3934|5167|5743|6524|7097|7128|7412|8542|9283|51752|79140,COL11A2|LCN2|ENPP1|PTGS2|SLC5A2|TLR2|TNFAIP3|VCAM1|APOL1|GPR37L1|ERAP1|CCDC28B,-2.1,0
0,0,0,0,1,0,0,0,0,0,-3.1,0,C0278484,M000010,1,0,DisGeNET,35,Malignant neoplasm of colon stage IV,,-3.1,5.6,4.8,30293,108,300,6,2,0.81,960|5293|7042|7045|56892|56937,CD44|PIK3CD|TGFB2|TGFBI|TCIM|PMEPA1,-2.1,0
0,1,0,0,0,0,0,-3.1,0,0,0,0,C0162309,M010000,1,0,DisGeNET,35,Adrenoleukodystrophy,,-3.1,3.4,4.2,30293,294,299,10,3.3,1,727|2705|2720|2752|5190|7276|7351|7494|64798|81693,C5|GJB1|GLB1|GLUL|PEX6|TTR|UCP2|XBP1|DEPTOR|AMN,-2.1,0
0,0,0,0,1,0,0,0,0,0,-3.1,0,C0037769,M000010,1,0,DisGeNET,35,West Syndrome,,-3.1,4.7,4.6,30293,149,300,7,2.3,0.87,547|1072|2316|2782|5048|6509|81603,KIF1A|CFL1|FLNA|GNB1|PAFAH1B1|SLC1A4|TRIM8,-2.1,0
1,0,1,0,0,0,-2.2,0,-3.1,0,0,0,C0023474,M101000,2,0,DisGeNET,35,"Leukemia, Myeloid, Chronic-Phase",,-3.1,7,5.1,30293,72,299,5,1.7,0.74,637|2526|3105|7157|8506,BID|FUT4|HLA-A|TP53|CNTNAP1,-2.1,0
0,0,1,0,0,0,0,0,-3.1,0,0,0,C0085293,M001000,1,0,DisGeNET,35,Hepatitis E,,-3.1,7,5.1,30293,72,299,5,1.7,0.74,684|6774|7098|9308|64135,BST2|STAT3|TLR3|CD83|IFIH1,-2.1,0
0,0,0,0,1,0,0,0,0,0,-3.1,0,C0016667,M000010,1,0,DisGeNET,35,Fragile X Syndrome,,-3.1,4.2,4.4,30293,194,300,8,2.7,0.93,960|3084|3984|4318|5293|7476|23413|60626,CD44|NRG1|LIMK1|MMP9|PIK3CD|WNT7A|NCS1|RIC8A,-2.1,0
1,1,0,0,0,0,-2.5,-3.1,0,0,0,0,C0023896,M110000,2,0,DisGeNET,35,Alcoholic Liver Diseases,,-3.1,4.2,4.4,30293,195,299,8,2.7,0.93,174|216|335|5950|7351|7494|51280|64798,AFP|ALDH1A1|APOA1|RBP4|UCP2|XBP1|GOLM1|DEPTOR,-2.1,0
1,1,1,1,0,0,-2.2,-2.2,-2.2,-3.1,0,0,C0033575,M111100,4,0,DisGeNET,35,Prostatic Diseases,,-3.1,7,5.1,30293,72,300,5,1.7,0.74,2353|5104|5627|7040|9518,FOS|SERPINA5|PROS1|TGFB1|GDF15,-2.1,0
0,0,0,1,1,1,0,0,0,-3.1,-2.2,-3.1,C0948163,M000111,3,0,DisGeNET,35,Leukoaraiosis,,-3.1,7,5.1,30293,72,300,5,1.7,0.74,35|348|2896|50484|284111,ACADS|APOE|GRN|RRM2B|SLC13A5,-2.1,0
0,1,0,0,0,0,0,-3.1,0,0,0,0,C0011175,M010000,1,0,DisGeNET,35,Dehydration,,-3.1,3.4,4.2,30293,295,299,10,3.3,1,847|2147|2720|2752|2923|4069|4303|6337|6576|55902,CAT|F2|GLB1|GLUL|PDIA3|LYZ|FOXO4|SCNN1A|SLC25A1|ACSS2,-2.1,0
0,0,1,1,0,0,0,0,-3.1,-2,0,0,C0022665,M001100,2,0,DisGeNET,35,Kidney Neoplasm,,-3.1,3.4,4.2,30293,295,299,10,3.3,1,972|1435|3140|3604|5743|7157|7412|8743|9235|83593,CD74|CSF1|MR1|TNFRSF9|PTGS2|TP53|VCAM1|TNFSF10|IL32|RASSF5,-2.1,0
1,0,0,0,0,0,-3.1,0,0,0,0,0,C0040137,M100000,1,0,DisGeNET,35,Thyroid Nodule,,-3.1,4.7,4.6,30293,150,300,7,2.3,0.87,285|2120|2625|2950|4893|6528|7035,ANGPT2|ETV6|GATA3|GSTP1|NRAS|SLC5A5|TFPI,-2.1,0
0,0,0,0,0,1,0,0,0,0,0,-3.1,C0085631,M000001,1,0,DisGeNET,35,Agitation,,-3.1,5.6,4.8,30293,109,300,6,2,0.81,1499|5445|5663|8878|10133|65018,CTNNB1|PON2|PSEN1|SQSTM1|OPTN|PINK1,-2.1,0
1,1,0,0,0,0,-3.1,-3.1,0,0,0,0,C0740394,M110000,2,0,DisGeNET,35,Hyperuricemia,,-3.1,4.1,4.4,30293,196,299,8,2.7,0.93,174|335|847|4128|5213|5256|7351|8537,AFP|APOA1|CAT|MAOA|PFKM|PHKA2|UCP2|BCAS1,-2.1,0
0,0,1,0,0,0,0,0,-3.1,0,0,0,C0016977,M001000,1,0,DisGeNET,35,Gall Bladder Diseases,,-3.1,9.6,5.6,30293,42,299,4,1.3,0.66,3627|6373|7157|64127,CXCL10|CXCL11|TP53|NOD2,-2.1,0
0,0,1,0,0,0,0,0,-3.1,0,0,0,C0023601,M001000,1,0,DisGeNET,35,Leydig Cell Tumor,,-3.1,9.6,5.6,30293,42,299,4,1.3,0.66,2516|5743|7157|9536,NR5A1|PTGS2|TP53|PTGES,-2.1,0
0,0,1,0,0,0,0,0,-3.1,0,0,0,C0238065,M001000,1,0,DisGeNET,35,Secondary Biliary Cholangitis,,-3.1,9.6,5.6,30293,42,299,4,1.3,0.66,3627|4790|6689|7297,CXCL10|NFKB1|SPIB|TYK2,-2.1,0
0,1,0,0,0,0,0,-3.1,0,0,0,0,C0270911,M010000,1,0,DisGeNET,35,"Charcot-Marie-Tooth Disease, Type Ia (disorder)",,-3.1,9.6,5.6,30293,42,299,4,1.3,0.66,2065|2705|10397|29116,ERBB3|GJB1|NDRG1|MYLIP,-2.1,0
0,0,1,0,0,0,0,0,-3.1,0,0,0,C0276226,M001000,1,0,DisGeNET,35,Herpes encephalitis,,-3.1,9.6,5.6,30293,42,299,4,1.3,0.66,6373|7097|7098|7297,CXCL11|TLR2|TLR3|TYK2,-2.1,0
0,0,1,0,0,0,0,0,-3.1,0,0,0,C3495919,M001000,1,0,DisGeNET,35,Enthesitis-Related Arthritis,,-3.1,9.6,5.6,30293,42,299,4,1.3,0.66,7096|7097|7098|51752,TLR1|TLR2|TLR3|ERAP1,-2.1,0
0,0,1,0,0,0,0,0,-3.1,0,0,0,C4551595,M001000,1,0,DisGeNET,35,"Biliary Cirrhosis, Primary, 1",,-3.1,9.6,5.6,30293,42,299,4,1.3,0.66,3627|4790|6689|7297,CXCL10|NFKB1|SPIB|TYK2,-2.1,0
1,0,0,1,1,1,-2,0,0,-2,-3.1,-2,C1837218,M100111,4,0,DisGeNET,35,"Cleft palate, isolated",,-3.1,3.4,4.2,30293,295,300,10,3.3,1,1906|2054|2113|4092|7042|7077|27295|51083|56940|56999,EDN1|STX2|ETS1|SMAD7|TGFB2|TIMP2|PDLIM3|GAL|DUSP22|ADAMTS9,-2.1,0
0,0,0,1,0,0,0,0,0,-3.1,0,0,C0426818,M000100,1,0,DisGeNET,35,Thin rib,,-3.1,9.6,5.6,30293,42,300,4,1.3,0.66,5530|9820|64175|89953,PPP3CA|CUL7|P3H1|KLC4,-2.1,0
0,0,1,0,1,0,0,0,-2.1,0,-3.1,0,C0521174,M001010,2,0,DisGeNET,35,Microcalcification,,-3.1,9.6,5.6,30293,42,300,4,1.3,0.66,3688|4318|5155|7077,ITGB1|MMP9|PDGFB|TIMP2,-2.1,0
1,0,0,0,0,1,-2.1,0,0,0,0,-3.1,C1332965,M100001,2,0,DisGeNET,35,Congenital Mesoblastic Nephroma,,-3.1,9.6,5.6,30293,42,300,4,1.3,0.66,1026|1499|7057|23158,CDKN1A|CTNNB1|THBS1|TBC1D9,-2.1,0
1,0,0,0,0,0,-3.1,0,0,0,0,0,C1844376,M100000,1,0,DisGeNET,35,"Granulomatous Disease, Chronic, X-Linked",,-3.1,9.6,5.6,30293,42,300,4,1.3,0.66,1535|3576|50506|83666,CYBA|CXCL8|DUOX2|PARP9,-2.1,0
1,0,0,0,0,0,-3.1,0,0,0,0,0,C4744564,M100000,1,0,DisGeNET,35,Metastatic Colorectal Carcinoma,,-3.1,9.6,5.6,30293,42,300,4,1.3,0.66,285|2950|4893|22882,ANGPT2|GSTP1|NRAS|ZHX2,-2.1,0
0,1,0,0,0,1,0,-3.1,0,0,0,-2.2,C0009663,M010001,2,0,DisGeNET,35,Condylomata Acuminata,,-3.1,6.9,5.1,30293,73,299,5,1.7,0.74,2217|2720|5176|8431|10397,FCGRT|GLB1|SERPINF1|NR0B2|NDRG1,-2.1,0
0,1,0,0,1,0,0,-3.1,0,0,-2.2,0,C0086565,M010010,2,0,DisGeNET,35,Liver Dysfunction,,-3.1,6.9,5.1,30293,73,299,5,1.7,0.74,174|196|210|1728|7104,AFP|AHR|ALAD|NQO1|TM4SF4,-2.1,0
0,0,1,0,0,0,0,0,-3.1,0,0,0,C0333873,M001000,1,0,DisGeNET,35,Squamous intraepithelial lesion,,-3.1,6.9,5.1,30293,73,299,5,1.7,0.74,3486|4790|6364|7157|29108,IGFBP3|NFKB1|CCL20|TP53|PYCARD,-2.1,0
0,1,1,0,0,0,0,-3.1,-2.3,0,0,0,C0019061,M011000,2,0,DisGeNET,35,Hemolytic-Uremic Syndrome,,-3.1,5.5,4.7,30293,110,299,6,2,0.81,738|847|1191|1728|7108|25870,VPS51|CAT|CLU|NQO1|TM7SF2|SUMF2,-2,0
1,0,0,0,1,0,-3.1,0,0,0,-2.4,0,C0005967,M100010,2,0,DisGeNET,35,Bone neoplasms,,-3.1,4.7,4.5,30293,151,300,7,2.3,0.87,306|650|860|2131|3383|4773|5328,ANXA3|BMP2|RUNX2|EXT1|ICAM1|NFATC2|PLAU,-2,0
0,0,1,0,1,0,0,0,-2.4,0,-3.1,0,C0206650,M001010,2,0,DisGeNET,35,Fibroadenoma,,-3.1,4.7,4.5,30293,151,300,7,2.3,0.87,2113|2316|3624|4318|4478|7477|10085,ETS1|FLNA|INHBA|MMP9|MSN|WNT7B|EDIL3,-2,0
1,0,0,0,0,0,-3.1,0,0,0,0,0,C0037090,M100000,1,0,DisGeNET,35,"Signs and Symptoms, Respiratory",,-3.1,6.9,5.1,30293,73,300,5,1.7,0.74,12|1738|2950|3162|3576,SERPINA3|DLD|GSTP1|HMOX1|CXCL8,-2,0
0,0,0,0,1,0,0,0,0,0,-3.1,0,C1334953,M000010,1,0,DisGeNET,35,Neuroblastic tumors,,-3.1,6.9,5.1,30293,73,300,5,1.7,0.74,960|3688|5744|8682|51083,CD44|ITGB1|PTHLH|PEA15|GAL,-2,0
0,0,1,0,0,0,0,0,-3.1,0,0,0,C0017665,M001000,1,0,DisGeNET,35,Membranous glomerulonephritis,,-3.1,4.1,4.4,30293,197,299,8,2.7,0.93,718|3105|3627|4868|5696|6890|8542|8741,C3|HLA-A|CXCL10|NPHS1|PSMB8|TAP1|APOL1|TNFSF13,-2,0
0,1,0,1,0,0,0,-2.3,0,-3.1,0,0,C1842937,M010100,2,0,DisGeNET,35,"AURAL ATRESIA, CONGENITAL",,-3.1,5.5,4.7,30293,110,300,6,2,0.81,348|351|1471|2353|4035|7040,APOE|APP|CST3|FOS|LRP1|TGFB1,-2,0
0,0,1,1,1,0,0,0,-3.1,-2.4,-2.4,0,C0017574,M001110,3,0,DisGeNET,35,Gingivitis,,-3.1,4.7,4.5,30293,152,299,7,2.3,0.87,101|1435|3684|5743|6689|6774|7097,ADAM8|CSF1|ITGAM|PTGS2|SPIB|STAT3|TLR2,-2,0
1,0,1,0,0,1,-3.1,0,-2.4,0,0,-2.4,C1527304,M101001,3,0,DisGeNET,35,Allergic Reaction,,-3.1,4.1,4.4,30293,197,300,8,2.7,0.93,2919|3572|3696|3717|4773|6778|8809|221895,CXCL1|IL6ST|ITGB8|JAK2|NFATC2|STAT6|IL18R1|JAZF1,-2,0
0,0,1,0,0,0,0,0,-3.1,0,0,0,C0027927,M001000,1,0,DisGeNET,35,Neurosyphilis,,-3.1,16,6.5,30293,19,299,3,1,0.58,3627|7096|7097,CXCL10|TLR1|TLR2,-2,0
0,1,0,0,0,0,0,-3.1,0,0,0,0,C0042880,M010000,1,0,DisGeNET,35,Vitamin K Deficiency,,-3.1,16,6.5,30293,19,299,3,1,0.58,174|415|2147,AFP|ARSL|F2,-2,0
0,0,1,0,0,0,0,0,-3.1,0,0,0,C0206752,M001000,1,0,DisGeNET,35,Alphavirus Infections,,-3.1,16,6.5,30293,19,299,3,1,0.58,972|3604|4940,CD74|TNFRSF9|OAS3,-2,0
0,0,1,0,0,0,0,0,-3.1,0,0,0,C0277527,M001000,1,0,DisGeNET,35,Epidemic diarrhea,,-3.1,16,6.5,30293,19,299,3,1,0.58,6774|7157|7412,STAT3|TP53|VCAM1,-2,0
0,1,0,0,0,0,0,-3.1,0,0,0,0,C0342895,M010000,1,0,DisGeNET,35,Fish-Eye Disease,,-3.1,16,6.5,30293,19,299,3,1,0.58,335|336|1191,APOA1|APOA2|CLU,-2,0
0,1,0,1,1,1,0,-3.1,0,-2.4,-2.4,-3.1,C4049446,M010111,4,0,DisGeNET,35,Neointimal hyperplasia,,-3.1,4.1,4.4,30293,198,299,8,2.7,0.93,682|1191|5176|7351|7494|8804|10062|55902,BSG|CLU|SERPINF1|UCP2|XBP1|CREG1|NR1H3|ACSS2,-2,0
0,0,0,0,0,1,0,0,0,0,0,-3.1,C0010232,M000001,1,0,DisGeNET,35,Cowpox,,-3.1,16,6.5,30293,19,300,3,1,0.57,331|2317|3606,XIAP|FLNB|IL18,-2,0
0,0,0,0,1,0,0,0,0,0,-3.1,0,C0162869,M000010,1,0,DisGeNET,35,"Aneurysm, Ruptured",,-3.1,16,6.5,30293,19,300,3,1,0.57,1906|4318|7077,EDN1|MMP9|TIMP2,-2,0
0,0,0,0,0,1,0,0,0,0,0,-3.1,C0334565,M000001,1,0,DisGeNET,35,Adenoameloblastoma,,-3.1,16,6.5,30293,19,300,3,1,0.57,1026|1029|1499,CDKN1A|CDKN2A|CTNNB1,-2,0
0,0,0,1,0,0,0,0,0,-3.1,0,0,C1261287,M000100,1,0,DisGeNET,35,Stenosis,,-3.1,16,6.5,30293,19,300,3,1,0.57,348|1471|7040,APOE|CST3|TGFB1,-2,0
0,0,0,1,0,0,0,0,0,-3.1,0,0,C1510489,M000100,1,0,DisGeNET,35,"Cerebral Amyloid Angiopathy, Hereditary",,-3.1,16,6.5,30293,19,300,3,1,0.57,348|351|1471,APOE|APP|CST3,-2,0
1,0,0,0,0,0,-3.1,0,0,0,0,0,C3495436,M100000,1,0,DisGeNET,35,American cutaneous leishmaniasis,,-3.1,16,6.5,30293,19,300,3,1,0.57,3107|3576|4312,HLA-C|CXCL8|MMP1,-2,0
1,0,0,1,0,0,-2.4,0,0,-3.1,0,0,C0023904,M100100,2,0,DisGeNET,35,"Liver Neoplasms, Experimental",,-3.1,4.7,4.5,30293,152,300,7,2.3,0.87,538|598|3481|4240|5265|7040|8848,ATP7A|BCL2L1|IGF2|MFGE8|SERPINA1|TGFB1|TSC22D1,-2,0
0,0,0,1,0,0,0,0,0,-3.1,0,0,C0684276,M000100,1,0,DisGeNET,35,Hypsarrhythmia,,-3.1,4.7,4.5,30293,152,300,7,2.3,0.87,1917|5530|7040|7991|10765|23043|284111,EEF1A2|PPP3CA|TGFB1|TUSC3|KDM5B|TNIK|SLC13A5,-2,0
0,0,1,0,0,1,0,0,-3.1,0,0,-2.2,C0029454,M001001,2,0,DisGeNET,35,Osteopetrosis,,-3.1,6.8,5,30293,74,299,5,1.7,0.74,1435|3105|4790|4791|79705,CSF1|HLA-A|NFKB1|NFKB2|LRRK1,-2,0
1,0,1,0,0,0,-2.2,0,-3.1,0,0,0,C0037278,M101000,2,0,DisGeNET,35,"Skin Diseases, Infectious",,-3.1,6.8,5,30293,74,299,5,1.7,0.74,3416|6774|7097|25897|51284,IDE|STAT3|TLR2|RNF19A|TLR7,-2,0
0,0,1,0,0,0,0,0,-3.1,0,0,0,C1290886,M001000,1,0,DisGeNET,35,Chronic inflammatory disorder,,-3.1,6.8,5,30293,74,299,5,1.7,0.74,6376|6774|7157|9235|64127,CX3CL1|STAT3|TP53|IL32|NOD2,-2,0
0,1,1,0,0,0,0,-3.1,-2.2,0,0,0,C2751492,M011000,2,0,DisGeNET,35,"AMYLOIDOSIS, HEREDITARY, TRANSTHYRETIN-RELATED",,-3.1,6.8,5,30293,74,299,5,1.7,0.74,335|1191|2720|5950|7276,APOA1|CLU|GLB1|RBP4|TTR,-2,0
1,0,0,0,0,0,-3.1,0,0,0,0,0,C0035242,M100000,1,0,DisGeNET,35,Respiratory Tract Diseases,,-3.1,4.1,4.3,30293,198,300,8,2.7,0.93,860|2625|3576|4312|6778|8809|167691|221895,RUNX2|GATA3|CXCL8|MMP1|STAT6|IL18R1|LCA5|JAZF1,-2,0
0,1,0,0,1,0,0,-3.1,0,0,-3.1,0,C0003493,M010010,2,0,DisGeNET,35,Aortic Diseases,,-3.1,9.4,5.5,30293,43,299,4,1.3,0.66,847|1675|6414|7048,CAT|CFD|SELENOP|TGFBR2,-2,0
0,0,1,0,0,0,0,0,-3.1,0,0,0,C3839507,M001000,1,0,DisGeNET,35,Diminished ovarian reserve,,-3.1,9.4,5.5,30293,43,299,4,1.3,0.66,2516|5743|7157|8835,NR5A1|PTGS2|TP53|SOCS2,-2,0
0,0,1,0,0,0,0,0,-3.1,0,0,0,C4303092,M001000,1,0,DisGeNET,35,Cystic echinococcosis,,-3.1,9.4,5.5,30293,43,299,4,1.3,0.66,6890|6891|7097|55717,TAP1|TAP2|TLR2|WDR11,-2,0
1,0,0,0,0,1,-3.1,0,0,0,0,-3.1,C0022572,M100001,2,0,DisGeNET,35,keratoacanthoma,,-3.1,6.8,5,30293,74,300,5,1.7,0.74,355|374|4296|4312|22882,FAS|AREG|MAP3K11|MMP1|ZHX2,-2,0
0,0,0,0,1,0,0,0,0,0,-3.1,0,C0265101,M000010,1,0,DisGeNET,35,Carotid artery occlusion,,-3.1,6.8,5,30293,74,300,5,1.7,0.74,3084|5074|5293|6236|10763,NRG1|PAWR|PIK3CD|RRAD|NES,-2,0
1,0,0,0,0,0,-3.1,0,0,0,0,0,C0011608,M100000,1,0,DisGeNET,35,Dermatitis Herpetiformis,,-3.1,9.4,5.5,30293,43,300,4,1.3,0.66,3383|3576|4312|5328,ICAM1|CXCL8|MMP1|PLAU,-2,0
1,0,1,0,0,0,-3.1,0,-2.1,0,0,0,C0235896,M101000,2,0,DisGeNET,35,Pulmonary Infiltrate,,-3.1,9.4,5.5,30293,43,300,4,1.3,0.66,330|355|3663|9663,BIRC3|FAS|IRF5|LPIN2,-2,0
0,0,0,0,0,1,0,0,0,0,0,-3.1,C0281508,M000001,1,0,DisGeNET,35,Desmoplastic Small Round Cell Tumor,,-3.1,9.4,5.5,30293,43,300,4,1.3,0.66,2308|2314|5154|8797,FOXO1|FLII|PDGFA|TNFRSF10A,-2,0
1,0,0,0,0,0,-3.1,0,0,0,0,0,C0343055,M100000,1,0,DisGeNET,35,Generalized pustular psoriasis,,-3.1,9.4,5.5,30293,43,300,4,1.3,0.66,2919|3107|3576|10318,CXCL1|HLA-C|CXCL8|TNIP1,-2,0
0,0,1,1,0,0,0,0,-2.4,-3.1,0,0,C0079588,M001100,2,0,DisGeNET,35,"Ichthyosis, X-Linked",,-3.1,4.1,4.3,30293,199,300,8,2.7,0.93,2034|2040|2064|2353|3481|5104|7040|7076,EPAS1|STOM|ERBB2|FOS|IGF2|SERPINA5|TGFB1|TIMP1,-2,0
1,0,0,0,1,0,-3.1,0,0,0,-3.1,0,C1510472,M100010,2,0,DisGeNET,35,Drug Dependence,,-3.1,3.7,4.2,30293,248,300,9,3,0.98,1812|2120|2950|4646|6446|9575|55742|64866|255239,DRD1|ETV6|GSTP1|MYO6|SGK1|CLOCK|PARVA|CDCP1|ANKK1,-2,0
0,0,1,0,1,0,0,0,-3.1,0,-3,0,C4048270,M001010,2,0,DisGeNET,35,Decreased antibody level in blood,,-3.1,6.8,5,30293,75,299,5,1.7,0.74,1080|4790|4791|6774|7157,CFTR|NFKB1|NFKB2|STAT3|TP53,-2,0
1,0,1,1,0,0,-3,0,-2.3,-2.3,0,0,C0002152,M101100,3,0,DisGeNET,35,Alloxan Diabetes,,-3,5.4,4.7,30293,112,300,6,2,0.81,355|1535|3162|3383|5970|6648,FAS|CYBA|HMOX1|ICAM1|RELA|SOD2,-2,0
1,0,1,1,0,0,-3,0,-2.3,-2.3,0,0,C0038433,M101100,3,0,DisGeNET,35,Streptozotocin Diabetes,,-3,5.4,4.7,30293,112,300,6,2,0.81,355|1535|3162|3383|5970|6648,FAS|CYBA|HMOX1|ICAM1|RELA|SOD2,-2,0
1,0,1,0,0,0,-3,0,-2.3,0,0,0,C0040558,M101000,2,0,DisGeNET,35,Toxoplasmosis,,-3,5.4,4.7,30293,112,300,6,2,0.81,2524|3107|3383|3576|7100|8809,FUT2|HLA-C|ICAM1|CXCL8|TLR5|IL18R1,-2,0
0,0,1,0,0,1,0,0,-2.3,0,0,-3,C0162311,M001001,2,0,DisGeNET,35,Androgenetic Alopecia,,-3,5.4,4.7,30293,112,300,6,2,0.81,331|861|1029|1499|8797|23158,XIAP|RUNX1|CDKN2A|CTNNB1|TNFRSF10A|TBC1D9,-2,0
1,1,0,0,0,0,-3,-2.4,0,0,0,0,C0235527,M110000,2,0,DisGeNET,35,"Heart Failure, Right-Sided",,-3,4.6,4.5,30293,154,300,7,2.3,0.87,2920|3162|3576|4134|5879|6648|9197,CXCL2|HMOX1|CXCL8|MAP4|RAC1|SOD2|SLC33A1,-2,0
0,0,0,0,1,1,0,0,0,0,-2.4,-3,C0341858,M000011,2,0,DisGeNET,35,Endometriosis of uterus,,-3,4.6,4.5,30293,154,300,7,2.3,0.87,1029|1499|1948|2050|2308|4814|92359,CDKN2A|CTNNB1|EFNB2|EPHB4|FOXO1|NINJ1|CRB3,-2,0
1,0,0,0,0,0,-3,0,0,0,0,0,C0694549,M100000,1,0,DisGeNET,35,Community acquired pneumonia,,-3,6.7,5,30293,75,300,5,1.7,0.74,285|3306|3576|3663|6385,ANGPT2|HSPA2|CXCL8|IRF5|SDC4,-2,0
0,0,0,1,0,0,0,0,0,-3,0,0,C1333177,M000100,1,0,DisGeNET,35,Lymphoproliferative Disorder of the Skin,,-3,6.7,5,30293,75,300,5,1.7,0.74,3481|3875|5265|7040|51573,IGF2|KRT18|SERPINA1|TGFB1|GDE1,-2,0
0,1,1,0,0,0,0,-2.3,-3,0,0,0,C0332853,M011000,2,0,DisGeNET,35,Anastomosis,,-3,4.6,4.5,30293,155,299,7,2.3,0.87,1080|3627|5743|6892|7157|29108|64127,CFTR|CXCL10|PTGS2|TAPBP|TP53|PYCARD|NOD2,-2,0
0,0,1,0,0,0,0,0,-3,0,0,0,C0007684,M001000,1,0,DisGeNET,35,Central Nervous System Infection,,-3,9.2,5.4,30293,44,299,4,1.3,0.66,567|3627|3684|6373,B2M|CXCL10|ITGAM|CXCL11,-2,0
0,0,1,0,0,0,0,0,-3,0,0,0,C0020877,M001000,1,0,DisGeNET,35,Ileitis,,-3,9.2,5.4,30293,44,299,4,1.3,0.66,3684|3934|7097|64127,ITGAM|LCN2|TLR2|NOD2,-2,0
0,0,1,0,0,0,0,0,-3,0,0,0,C0238421,M001000,1,0,DisGeNET,35,Selenium deficiency,,-3,9.2,5.4,30293,44,299,4,1.3,0.66,5743|6774|7097|7133,PTGS2|STAT3|TLR2|TNFRSF1B,-2,0
0,0,1,1,1,0,0,0,-3,-3,-3,0,C0038220,M001110,3,0,DisGeNET,35,Status Epilepticus,,-3,2.7,3.9,30293,533,299,14,4.7,1.2,2581|3684|3934|4967|5743|6376|6558|6752|6774|7098|7157|9536|22809|25897,GALC|ITGAM|LCN2|OGDH|PTGS2|CX3CL1|SLC12A2|SSTR2|STAT3|TLR3|TP53|PTGES|ATF5|RNF19A,-2,0
0,1,0,0,0,0,0,-3,0,0,0,0,C0042963,M010000,1,0,DisGeNET,35,Vomiting,,-3,3.3,4.1,30293,303,299,10,3.3,1,174|210|847|1312|2109|4351|6337|7351|8694|56922,AFP|ALAD|CAT|COMT|ETFB|MPI|SCNN1A|UCP2|DGAT1|MCCC1,-2,0
0,0,1,1,0,0,0,0,-2.5,-3,0,0,C0000737,M001100,2,0,DisGeNET,35,Abdominal Pain,,-3,3.3,4.1,30293,302,300,10,3.3,1,950|2057|2064|2153|4485|5644|5645|6690|30061|50484,SCARB2|EPOR|ERBB2|F5|MST1|PRSS1|PRSS2|SPINK1|SLC40A1|RRM2B,-2,0
0,0,0,1,1,0,0,0,0,-3,-2.4,0,C0220756,M000110,2,0,DisGeNET,35,"Niemann-Pick Disease, Type C",,-3,4,4.3,30293,201,300,8,2.7,0.93,348|351|1958|2353|10577|27122|51573|57121,APOE|APP|EGR1|FOS|NPC2|DKK3|GDE1|LPAR5,-2,0
0,0,0,1,0,0,0,0,0,-3,0,0,C0376280,M000100,1,0,DisGeNET,35,"Anxiety States, Neurotic",,-3,9.2,5.4,30293,44,300,4,1.3,0.66,351|2353|5066|5265,APP|FOS|PAM|SERPINA1,-2,0
1,0,0,0,0,0,-3,0,0,0,0,0,C0520575,M100000,1,0,DisGeNET,35,Acute pyelonephritis,,-3,9.2,5.4,30293,44,300,4,1.3,0.66,2919|2920|3383|3576,CXCL1|CXCL2|ICAM1|CXCL8,-2,0
1,0,0,0,0,0,-3,0,0,0,0,0,C0751951,M100000,1,0,DisGeNET,35,Central Core Myopathy (disorder),,-3,9.2,5.4,30293,44,300,4,1.3,0.66,860|2280|4772|9215,RUNX2|FKBP1A|NFATC1|LARGE1,-2,0
0,0,0,0,1,0,0,0,0,0,-3,0,C1536999,M000010,1,0,DisGeNET,35,cancer angiogenesis,,-3,9.2,5.4,30293,44,300,4,1.3,0.66,4318|4478|5293|10938,MMP9|MSN|PIK3CD|EHD1,-2,0
0,0,0,0,0,1,0,0,0,0,0,-3,C2718017,M000001,1,0,DisGeNET,35,TDP-43 Proteinopathies,,-3,9.2,5.4,30293,44,300,4,1.3,0.66,7057|8507|8878|65018,THBS1|ENC1|SQSTM1|PINK1,-2,0
0,0,1,0,0,0,0,0,-3,0,0,0,C0001925,M001000,1,0,DisGeNET,35,Albuminuria,,-3,6.7,4.9,30293,76,299,5,1.7,0.74,1435|4868|5743|29108|83938,CSF1|NPHS1|PTGS2|PYCARD|LRMDA,-2,0
1,0,1,0,0,0,-2.2,0,-3,0,0,0,C0085253,M101000,2,0,DisGeNET,35,Adult-Onset Still Disease,,-3,6.7,4.9,30293,76,299,5,1.7,0.74,3627|3684|6774|7157|64127,CXCL10|ITGAM|STAT3|TP53|NOD2,-2,0
0,1,1,0,0,0,0,-3,-2.2,0,0,0,C1333977,M011000,2,0,DisGeNET,35,Hepatitis B Virus-Related Hepatocellular Carcinoma,,-3,6.7,4.9,30293,76,299,5,1.7,0.74,174|2065|2147|2752|2923,AFP|ERBB3|F2|GLUL|PDIA3,-2,0
0,1,0,0,0,0,0,-3,0,0,0,0,C0034880,M010000,1,0,DisGeNET,35,Hyperacusis,,-3,15,6.3,30293,20,299,3,1,0.58,2720|3073|51085,GLB1|HEXA|MLXIPL,-2,0
0,0,1,0,0,0,0,0,-3,0,0,0,C0151450,M001000,1,0,DisGeNET,35,Secondary Sjögren's syndrome,,-3,15,6.3,30293,20,299,3,1,0.58,3105|3627|7412,HLA-A|CXCL10|VCAM1,-2,0
0,1,0,0,0,0,0,-3,0,0,0,0,C0268382,M010000,1,0,DisGeNET,35,Amyloid nephropathy,,-3,15,6.3,30293,20,299,3,1,0.58,335|2217|4069,APOA1|FCGRT|LYZ,-2,0
0,1,0,0,0,0,0,-3,0,0,0,0,C0473527,M010000,1,0,DisGeNET,35,Hypoalphalipoproteinemias,,-3,15,6.3,30293,20,299,3,1,0.58,196|335|5360,AHR|APOA1|PLTP,-2,0
0,1,0,0,0,0,0,-3,0,0,0,0,C3273019,M010000,1,0,DisGeNET,35,Early Hepatocellular Carcinoma,,-3,15,6.3,30293,20,299,3,1,0.58,174|682|2147,AFP|BSG|F2,-2,0
1,0,0,0,0,0,-3,0,0,0,0,0,C1334177,M100000,1,0,DisGeNET,35,Infiltrating Cervical Carcinoma,,-3,6.6,4.9,30293,76,300,5,1.7,0.74,2950|3107|3732|4312|8837,GSTP1|HLA-C|CD82|MMP1|CFLAR,-2,0
1,0,0,0,1,0,-2.3,0,0,0,-3,0,C0038580,M100010,2,0,DisGeNET,35,Substance Dependence,,-3,4.5,4.4,30293,156,300,7,2.3,0.87,43|3084|5366|8412|9260|26230|259217,ACHE|NRG1|PMAIP1|BCAR3|PDLIM7|TIAM2|HSPA12A,-2,0
0,0,0,0,1,0,0,0,0,0,-3,0,C0029607,M000010,1,0,DisGeNET,35,Other emphysema,,-3,15,6.3,30293,20,300,3,1,0.57,3694|4318|80198,ITGB6|MMP9|MUS81,-2,0
1,0,0,0,0,0,-3,0,0,0,0,0,C0031736,M100000,1,0,DisGeNET,35,Polymorphous light eruption,,-3,15,6.3,30293,20,300,3,1,0.57,2950|3107|3383,GSTP1|HLA-C|ICAM1,-2,0
0,0,0,0,0,1,0,0,0,0,0,-3,C0334307,M000001,1,0,DisGeNET,35,Tubulovillous adenoma,,-3,15,6.3,30293,20,300,3,1,0.57,1499|4323|6737,CTNNB1|MMP14|TRIM21,-2,0
0,0,0,0,0,1,0,0,0,0,0,-3,C0338455,M000001,1,0,DisGeNET,35,Dementia of frontal lobe type,,-3,15,6.3,30293,20,300,3,1,0.57,1436|5663|65018,CSF1R|PSEN1|PINK1,-2,0
0,0,0,1,0,0,0,0,0,-3,0,0,C0338462,M000100,1,0,DisGeNET,35,Semantic Dementia,,-3,15,6.3,30293,20,300,3,1,0.57,348|351|2896,APOE|APP|GRN,-2,0
0,0,0,0,0,1,0,0,0,0,0,-3,C0345996,M000001,1,0,DisGeNET,35,Milium Cyst,,-3,15,6.3,30293,20,300,3,1,0.57,3909|5339|55612,LAMA3|PLEC|FERMT1,-2,0
0,0,0,0,0,1,0,0,0,0,0,-3,C0750887,M000001,1,0,DisGeNET,35,Adrenal Cancer,,-3,15,6.3,30293,20,300,3,1,0.57,998|1029|1499,CDC42|CDKN2A|CTNNB1,-2,0
0,0,0,0,1,0,0,0,0,0,-3,0,C1879312,M000010,1,0,DisGeNET,35,Agyria,,-3,15,6.3,30293,20,300,3,1,0.57,5048|7846|29954,PAFAH1B1|TUBA1A|POMT2,-2,0
0,0,1,0,0,0,0,0,-3,0,0,0,C0856742,M001000,1,0,DisGeNET,35,Post MI,,-3,4,4.3,30293,203,299,8,2.7,0.93,567|3934|5743|6774|7157|9536|25897|51284,B2M|LCN2|PTGS2|STAT3|TP53|PTGES|RNF19A|TLR7,-2,0
0,0,0,0,1,0,0,0,0,0,-3,0,C1535926,M000010,1,0,DisGeNET,35,Neurodevelopmental Disorders,,-3,2.6,3.8,30293,534,300,14,4.7,1.2,1000|2664|2771|2782|3084|3984|5048|5293|6509|8905|9578|26047|51343|57060,CDH2|GDI1|GNAI2|GNB1|NRG1|LIMK1|PAFAH1B1|PIK3CD|SLC1A4|AP1S2|CDC42BPB|CNTNAP2|FZR1|PCBP4,-2,0
0,1,0,0,0,0,0,-3,0,0,0,0,C0151786,M010000,1,0,DisGeNET,35,Muscle Weakness,,-3,2.6,3.8,30293,536,299,14,4.7,1.2,847|2109|2548|2705|3073|3074|4758|5213|5236|6337|7276|10397|79971|359948,CAT|ETFB|GAA|GJB1|HEXA|HEXB|NEU1|PFKM|PGM1|SCNN1A|TTR|NDRG1|WLS|IRF2BP2,-2,0
0,0,1,0,1,0,0,0,-2.3,0,-3,0,C0018621,M001010,2,0,DisGeNET,35,Hay fever,,-3,5.3,4.6,30293,114,300,6,2,0.81,1843|1906|2316|4092|4318|10487,DUSP1|EDN1|FLNA|SMAD7|MMP9|CAP1,-2,0
0,0,0,1,0,1,0,0,0,-2.4,0,-3,C0022821,M000101,2,0,DisGeNET,35,Kyphosis deformity of spine,,-3,3.3,4.1,30293,305,300,10,3.3,1,822|1436|1969|2335|3423|4982|6737|7057|9451|23529,CAPG|CSF1R|EPHA2|FN1|IDS|TNFRSF11B|TRIM21|THBS1|EIF2AK3|CLCF1,-2,0
0,0,1,0,1,0,0,0,-3,0,-2.1,0,C2347126,M001010,2,0,DisGeNET,35,Microscopic Polyarteritis,,-3,6.6,4.9,30293,77,299,5,1.7,0.74,1080|3934|7097|7098|58191,CFTR|LCN2|TLR2|TLR3|CXCL16,-2,0
0,0,0,0,1,1,0,0,0,0,-3,-2.3,C0020437,M000011,2,0,DisGeNET,35,Hypercalcemia,,-3,4.5,4.4,30293,157,300,7,2.3,0.87,1030|1906|3976|3984|5744|27295|84617,CDKN2B|EDN1|LIF|LIMK1|PTHLH|PDLIM3|TUBB6,-2,0
0,0,1,0,0,0,0,0,-3,0,0,0,C0563625,M001000,1,0,DisGeNET,35,Agnosia for Pain,,-3,4,4.3,30293,204,299,8,2.7,0.93,637|1520|5021|5332|5743|7097|8190|25897,BID|CTSS|OXTR|PLCB4|PTGS2|TLR2|MIA|RNF19A,-2,0
0,0,1,0,0,1,0,0,-3,0,0,-2.2,C0278504,M001001,2,0,DisGeNET,35,Non-small cell lung cancer stage I,,-3,5.3,4.6,30293,115,299,6,2,0.81,3486|7098|7157|9641|10970|29108,IGFBP3|TLR3|TP53|IKBKE|CKAP4|PYCARD,-2,0
0,0,1,0,0,0,0,0,-3,0,0,0,C0078911,M001000,1,0,DisGeNET,35,AIDS-Associated Nephropathy,,-3,9,5.4,30293,45,299,4,1.3,0.66,3459|3934|6774|8542,IFNGR1|LCN2|STAT3|APOL1,-2,0
0,0,1,0,0,0,0,0,-3,0,0,0,C0751324,M001000,1,0,DisGeNET,35,"Multiple Sclerosis, Acute Fulminating",,-3,9,5.4,30293,45,299,4,1.3,0.66,2638|7128|7297|7412,GC|TNFAIP3|TYK2|VCAM1,-2,0
0,0,1,0,0,0,0,0,-3,0,0,0,C4049006,M001000,1,0,DisGeNET,35,Selective immunoglobulin A deficiency,,-3,9,5.4,30293,45,299,4,1.3,0.66,718|6774|8741|64135,C3|STAT3|TNFSF13|IFIH1,-2,0
0,0,1,0,1,0,0,0,-2,0,-3,0,C0263628,M001010,2,0,DisGeNET,35,Tumoral calcinosis,,-3,9,5.4,30293,45,300,4,1.3,0.66,3688|4318|5155|7077,ITGB1|MMP9|PDGFB|TIMP2,-2,0
1,0,0,0,0,0,-3,0,0,0,0,0,C0024421,M100000,1,0,DisGeNET,35,Macroglossia,,-3,5.3,4.6,30293,115,300,6,2,0.81,4125|6528|7461|9215|50506|405753,MAN2B1|SLC5A5|CLIP2|LARGE1|DUOX2|DUOXA2,-2,0
0,0,1,0,0,0,0,0,-3,0,0,0,C0362046,M001000,1,0,DisGeNET,35,Prediabetes syndrome,,-3,4,4.2,30293,205,299,8,2.7,0.93,2516|3416|3627|5971|6524|6646|7097|55620,NR5A1|IDE|CXCL10|RELB|SLC5A2|SOAT1|TLR2|STAP2,-2,0
1,0,0,0,0,0,-3,0,0,0,0,0,C0004509,M100000,1,0,DisGeNET,35,Azoospermia,,-3,3.6,4.1,30293,254,300,9,3,0.98,355|650|2523|2950|3162|3306|22853|23424|84225,FAS|BMP2|FUT1|GSTP1|HMOX1|HSPA2|LMTK2|TDRD7|ZMYND15,-2,0
1,0,0,0,0,0,-3,0,0,0,0,0,C0271084,M100000,1,0,DisGeNET,35,Exudative age-related macular degeneration,,-3,4.5,4.4,30293,158,300,7,2.3,0.87,285|2950|3576|4312|5879|6648|55785,ANGPT2|GSTP1|CXCL8|MMP1|RAC1|SOD2|FGD6,-2,0
0,0,1,0,0,0,0,0,-3,0,0,0,C0027404,M001000,1,0,DisGeNET,35,Narcolepsy,,-3,3.3,4,30293,308,299,10,3.3,1,3105|5698|6890|6891|7133|7292|8835|9734|57599|66000,HLA-A|PSMB9|TAP1|TAP2|TNFRSF1B|TNFSF4|SOCS2|HDAC9|WDR48|TMEM108,-2,0
0,0,1,0,0,0,0,0,-3,0,0,0,C0151908,M001000,1,0,DisGeNET,35,Dry skin,,-3,4.5,4.4,30293,159,299,7,2.3,0.87,103|6774|7133|8942|64127|64135|80326,ADAR|STAT3|TNFRSF1B|KYNU|NOD2|IFIH1|WNT10A,-2,0
0,1,0,0,0,0,0,-3,0,0,0,0,C1868684,M010000,1,0,DisGeNET,35,"EAR, PATELLA, SHORT STATURE SYNDROME",,-3,6.5,4.9,30293,78,299,5,1.7,0.74,682|1312|4061|4069|5950,BSG|COMT|LY6E|LYZ|RBP4,-2,0
1,0,0,0,0,1,-2.4,0,0,0,0,-3,C2745900,M100001,2,0,DisGeNET,35,Promyelocytic leukemia,,-3,3.6,4.1,30293,255,300,9,3,0.98,861|1026|1029|2308|3606|7057|9564|23677|63940,RUNX1|CDKN1A|CDKN2A|FOXO1|IL18|THBS1|BCAR1|SH3BP4|GPSM3,-2,0
0,0,0,1,0,0,0,0,0,-3,0,0,C0036095,M000100,1,0,DisGeNET,35,Salivary Gland Neoplasms,,-3,5.2,4.6,30293,116,300,6,2,0.81,2064|3485|3691|3866|4586|5174,ERBB2|IGFBP2|ITGB4|KRT15|MUC5AC|PDZK1,-2,0
1,0,0,1,0,0,-2.1,0,0,-3,0,0,C0019284,M100100,2,0,DisGeNET,35,Diaphragmatic Hernia,,-3,6.5,4.8,30293,78,300,5,1.7,0.74,538|652|3481|4035|7040,ATP7A|BMP4|IGF2|LRP1|TGFB1,-1.9,0
0,0,0,0,0,1,0,0,0,0,0,-3,C1843156,M000001,1,0,DisGeNET,35,Progressive sensorineural hearing impairment,,-3,6.5,4.8,30293,78,300,5,1.7,0.74,71|1729|2707|4627|163702,ACTG1|DIAPH1|GJB3|MYH9|IFNLR1,-1.9,0
0,0,1,0,0,0,0,0,-3,0,0,0,C0014179,M001000,1,0,DisGeNET,35,Endometritis,,-3,8.8,5.3,30293,46,299,4,1.3,0.66,5743|7097|7098|9734,PTGS2|TLR2|TLR3|HDAC9,-1.9,0
0,1,0,0,0,0,0,-3,0,0,0,0,C0020796,M010000,1,0,DisGeNET,35,Profound Mental Retardation,,-3,4.4,4.3,30293,160,299,7,2.3,0.87,1933|2348|2593|3073|5190|65084|79944,EEF1B2|FOLR1|GAMT|HEXA|PEX6|TMEM135|L2HGDH,-1.9,0
1,0,1,0,0,0,-2.3,0,-3,0,0,0,C4733095,M101000,2,0,DisGeNET,35,HER2-negative breast cancer,,-3,4.4,4.3,30293,160,299,7,2.3,0.87,637|1302|6774|7157|8743|9734|440275,BID|COL11A2|STAT3|TP53|TNFSF10|HDAC9|EIF2AK4,-1.9,0
0,1,0,0,1,0,0,-3,0,0,-2.9,0,C0029422,M010010,2,0,DisGeNET,35,Osteochondrodysplasias,,-3,3.9,4.2,30293,207,299,8,2.7,0.93,54|2720|4758|5190|7067|10682|23443|51082,ACP5|GLB1|NEU1|PEX6|THRA|EBP|SLC35A3|POLR1D,-1.9,0
0,0,0,1,0,0,0,0,0,-3,0,0,C0342637,M000100,1,0,DisGeNET,35,"Hypocalciuric hypercalcemia, familial, type 1",,-3,8.8,5.3,30293,46,300,4,1.3,0.66,634|5265|6690|7040,CEACAM1|SERPINA1|SPINK1|TGFB1,-1.9,0
0,0,0,1,0,0,0,0,0,-3,0,0,C3845502,M000100,1,0,DisGeNET,35,"Myocardial infarction, stroke",,-3,8.8,5.3,30293,46,300,4,1.3,0.66,348|2153|5104|9518,APOE|F5|SERPINA5|GDF15,-1.9,0
0,0,1,0,0,0,0,0,-3,0,0,0,C0023241,M001000,1,0,DisGeNET,35,Legionnaires' Disease,,-3,14,6.2,30293,21,299,3,1,0.58,7096|7097|7133,TLR1|TLR2|TNFRSF1B,-1.9,0
0,1,0,0,0,0,0,-3,0,0,0,0,C0027613,M010000,1,0,DisGeNET,35,Neonatal hepatitis,,-3,14,6.2,30293,21,299,3,1,0.58,174|5205|51280,AFP|ATP8B1|GOLM1,-1.9,0
0,1,0,0,0,0,0,-3,0,0,0,0,C0036161,M010000,1,0,DisGeNET,35,Sandhoff Disease,,-3,14,6.2,30293,21,299,3,1,0.58,2720|3073|3074,GLB1|HEXA|HEXB,-1.9,0
0,0,1,0,0,0,0,0,-3,0,0,0,C0085399,M001000,1,0,DisGeNET,35,Ehrlichiosis,,-3,14,6.2,30293,21,299,3,1,0.58,2638|7097|64127,GC|TLR2|NOD2,-1.9,0
0,0,1,0,0,0,0,0,-3,0,0,0,C0339985,M001000,1,0,DisGeNET,35,Idiopathic bronchiectasis,,-3,14,6.2,30293,21,299,3,1,0.58,1080|6890|6891,CFTR|TAP1|TAP2,-1.9,0
0,0,1,0,0,0,0,0,-3,0,0,0,C1319466,M001000,1,0,DisGeNET,35,Barber Say syndrome,,-3,14,6.2,30293,21,299,3,1,0.58,718|2811|25897,C3|GP1BA|RNF19A,-1.9,0
0,0,1,0,0,0,0,0,-3,0,0,0,C4025218,M001000,1,0,DisGeNET,35,Vasculitis of large artery,,-3,14,6.2,30293,21,299,3,1,0.58,6646|7412|64127,SOAT1|VCAM1|NOD2,-1.9,0
1,0,0,0,0,1,-2,0,0,0,0,-3,C1857276,M100001,2,0,DisGeNET,35,Trichohepatoenteric Syndrome,,-3,2.9,3.9,30293,422,300,12,4,1.1,966|998|1499|3423|4627|4645|4982|6737|9451|55612|57217|83481,CD59|CDC42|CTNNB1|IDS|MYH9|MYO5B|TNFRSF11B|TRIM21|EIF2AK3|FERMT1|TTC7A|EPPK1,-1.9,0
0,0,0,0,1,1,0,0,0,0,-3,-2.2,C0684337,M000011,2,0,DisGeNET,35,Ewings sarcoma-primitive neuroectodermal tumor (PNET),,-3,5.2,4.5,30293,117,300,6,2,0.81,1000|3084|3976|5074|5293|6760,CDH2|NRG1|LIF|PAWR|PIK3CD|SS18,-1.9,0
0,0,0,1,0,0,0,0,0,-3,0,0,C0333980,M000100,1,0,DisGeNET,35,Focal Nodular Hyperplasia,,-3,14,6.2,30293,21,300,3,1,0.57,894|3880|6690,CCND2|KRT19|SPINK1,-1.9,0
0,0,0,1,0,0,0,0,0,-3,0,0,C0342783,M000100,1,0,DisGeNET,35,Deficiency of butyryl-CoA dehydrogenase,,-3,14,6.2,30293,21,300,3,1,0.57,35|5104|7040,ACADS|SERPINA5|TGFB1,-1.9,0
0,0,0,0,0,1,0,0,0,0,0,-3,C0406557,M000001,1,0,DisGeNET,35,Poikiloderma of Kindler,,-3,14,6.2,30293,21,300,3,1,0.57,1029|54751|55612,CDKN2A|FBLIM1|FERMT1,-1.9,0
0,0,0,1,0,0,0,0,0,-3,0,0,C0751706,M000100,1,0,DisGeNET,35,Primary Progressive Nonfluent Aphasia,,-3,14,6.2,30293,21,300,3,1,0.57,348|2896|5265,APOE|GRN|SERPINA1,-1.9,0
1,0,0,0,0,0,-3,0,0,0,0,0,C1332213,M100000,1,0,DisGeNET,35,Adult T Lymphoblastic Lymphoma,,-3,14,6.2,30293,21,300,3,1,0.57,3383|3717|4893,ICAM1|JAK2|NRAS,-1.9,0
1,0,0,0,0,0,-3,0,0,0,0,0,C1332998,M100000,1,0,DisGeNET,35,Childhood T Lymphoblastic Lymphoma,,-3,14,6.2,30293,21,300,3,1,0.57,3383|3717|4893,ICAM1|JAK2|NRAS,-1.9,0
1,0,1,0,0,1,-2.9,0,-2.9,0,0,-2.1,C0042721,M101001,3,0,DisGeNET,35,Viral hepatitis,,-2.9,6.4,4.8,30293,79,299,5,1.7,0.74,3105|3627|7157|8743|64135,HLA-A|CXCL10|TP53|TNFSF10|IFIH1,-1.9,0
0,0,1,0,0,0,0,0,-2.9,0,0,0,C1336708,M001000,1,0,DisGeNET,35,Testicular Germ Cell Tumor,,-2.9,3.9,4.2,30293,208,299,8,2.7,0.93,377|1435|4790|7157|9582|9734|10970|55196,ARF3|CSF1|NFKB1|TP53|APOBEC3B|HDAC9|CKAP4|RESF1,-1.9,0
0,0,1,0,0,0,0,0,-2.9,0,0,0,C0000846,M001000,1,0,DisGeNET,35,Agenesis,,-2.9,4.4,4.3,30293,161,299,7,2.3,0.87,1080|2516|5021|7480|10970|54361|80326,CFTR|NR5A1|OXTR|WNT10B|CKAP4|WNT4|WNT10A,-1.9,0
0,0,1,1,0,1,0,0,-2.1,-2.1,0,-2.9,C0018824,M001101,3,0,DisGeNET,35,Heart valve disease,,-2.9,6.4,4.8,30293,79,300,5,1.7,0.74,824|2335|3423|3606|6737,CAPN2|FN1|IDS|IL18|TRIM21,-1.9,0
0,0,0,0,1,0,0,0,0,0,-2.9,0,C0027831,M000010,1,0,DisGeNET,35,Neurofibromatosis 1,,-2.9,3.2,4,30293,311,300,10,3.3,1,1843|2004|3371|3491|3976|5293|5922|8301|85462|399664,DUSP1|ELK3|TNC|CCN1|LIF|PIK3CD|RASA2|PICALM|FHDC1|MEX3D,-1.9,0
1,0,0,0,0,0,-2.9,0,0,0,0,0,C0008677,M100000,1,0,DisGeNET,35,"Bronchitis, Chronic",,-2.9,5.1,4.5,30293,118,300,6,2,0.81,2950|3383|3576|6674|22926|146206,GSTP1|ICAM1|CXCL8|SPAG1|ATF6|CARMIL2,-1.9,0
0,0,0,0,1,0,0,0,0,0,-2.9,0,C1860834,M000010,1,0,DisGeNET,35,Infantile muscular hypotonia,,-2.9,5.1,4.5,30293,118,300,6,2,0.81,547|2782|8642|26047|29954|81603,KIF1A|GNB1|DCHS1|CNTNAP2|POMT2|TRIM8,-1.9,0
0,1,0,1,0,0,0,-2.9,0,-2.2,0,0,C0021655,M010100,2,0,DisGeNET,35,Insulin Resistance,,-2.9,4.4,4.3,30293,162,299,7,2.3,0.87,196|5176|5360|6414|6721|7494|51316,AHR|SERPINF1|PLTP|SELENOP|SREBF2|XBP1|PLAC8,-1.9,0
0,1,0,1,0,1,0,-2.9,0,-2.2,0,-2.9,C1266044,M010101,3,0,DisGeNET,35,Collecting Duct Carcinoma of the Kidney,,-2.9,4.4,4.3,30293,162,299,7,2.3,0.87,210|216|949|1938|2705|10397|23042,ALAD|ALDH1A1|SCARB1|EEF2|GJB1|NDRG1|PDXDC1,-1.9,0
1,0,1,0,1,1,-2.9,0,-2.9,0,-2.2,-2.9,C1512981,M101011,4,0,DisGeNET,35,Mammary Tumorigenesis,,-2.9,4.4,4.3,30293,162,299,7,2.3,0.87,1435|2319|5743|6774|7157|9536|10970,CSF1|FLOT2|PTGS2|STAT3|TP53|PTGES|CKAP4,-1.9,0
0,1,0,0,0,0,0,-2.9,0,0,0,0,C3711374,M010000,1,0,DisGeNET,35,Nonsyndromic Deafness,,-2.9,4.4,4.3,30293,162,299,7,2.3,0.87,2705|4041|7802|8763|10205|57214|83715,GJB1|LRP5|DNALI1|CD164|MPZL2|CEMIP|ESPN,-1.9,0
0,0,1,0,0,0,0,0,-2.9,0,0,0,C0034103,M001000,1,0,DisGeNET,35,Pulpitis,,-2.9,8.6,5.2,30293,47,299,4,1.3,0.66,3627|7097|10148|54361,CXCL10|TLR2|EBI3|WNT4,-1.9,0
0,0,1,0,0,0,0,0,-2.9,0,0,0,C0085652,M001000,1,0,DisGeNET,35,Pyoderma Gangrenosum,,-2.9,8.6,5.2,30293,47,299,4,1.3,0.66,6646|7297|64127|79139,SOAT1|TYK2|NOD2|DERL1,-1.9,0
0,0,1,0,0,1,0,0,-2.9,0,0,-2.1,C0151811,M001001,2,0,DisGeNET,35,Subcutaneous nodule,,-2.9,6.3,4.8,30293,80,299,5,1.7,0.74,2706|5167|5696|10483|51752,GJB2|ENPP1|PSMB8|SEC23B|ERAP1,-1.9,0
1,0,0,0,0,0,-2.9,0,0,0,0,0,C0003949,M100000,1,0,DisGeNET,35,Asbestosis,,-2.9,8.6,5.2,30293,47,300,4,1.3,0.66,2950|5879|6648|22926,GSTP1|RAC1|SOD2|ATF6,-1.9,0
0,0,0,0,1,0,0,0,0,0,-2.9,0,C0016052,M000010,1,0,DisGeNET,35,Fibromuscular Dysplasia,,-2.9,8.6,5.2,30293,47,300,4,1.3,0.66,1906|2316|3694|57142,EDN1|FLNA|ITGB6|RTN4,-1.9,0
0,0,0,1,0,0,0,0,0,-2.9,0,0,C0019080,M000100,1,0,DisGeNET,35,Hemorrhage,,-2.9,8.6,5.2,30293,47,300,4,1.3,0.66,348|2353|5265|7076,APOE|FOS|SERPINA1|TIMP1,-1.9,0
0,0,0,0,0,1,0,0,0,0,0,-2.9,C0029400,M000001,1,0,DisGeNET,35,Osteitis,,-2.9,8.6,5.2,30293,47,300,4,1.3,0.66,4323|4982|9564|54751,MMP14|TNFRSF11B|BCAR1|FBLIM1,-1.9,0
0,0,0,0,0,1,0,0,0,0,0,-2.9,C0393639,M000001,1,0,DisGeNET,35,Hashimoto's encephalitis,,-2.9,8.6,5.2,30293,47,300,4,1.3,0.66,5025|6277|6282|6737,P2RX4|S100A6|S100A11|TRIM21,-1.9,0
0,0,0,1,0,0,0,0,0,-2.9,0,0,C1096903,M000100,1,0,DisGeNET,35,"Sialic Acid Storage Disease, Finnish Type (disorder)",,-2.9,8.6,5.2,30293,47,300,4,1.3,0.66,351|538|2064|7040,APP|ATP7A|ERBB2|TGFB1,-1.9,0
0,1,0,0,0,0,0,-2.9,0,0,0,0,C0001948,M010000,1,0,DisGeNET,35,Alcohol consumption,,-2.9,3.9,4.2,30293,210,299,8,2.7,0.93,350|949|1312|5236|8701|29116|51085|80724,APOH|SCARB1|COMT|PGM1|DNAH11|MYLIP|MLXIPL|ACAD10,-1.9,0
1,0,0,0,0,0,-2.9,0,0,0,0,0,C0020758,M100000,1,0,DisGeNET,35,Congenital ichthyosis,,-2.9,6.3,4.8,30293,80,300,5,1.7,0.74,162|2625|8879|9076|9663,AP1B1|GATA3|SGPL1|CLDN1|LPIN2,-1.9,0
0,0,1,0,1,0,0,0,-2.9,0,-2.9,0,C0220605,M001010,2,0,DisGeNET,35,Adult Non-Hodgkin Lymphoma,,-2.9,3,3.9,30293,370,299,11,3.7,1.1,567|843|4790|5698|6774|7128|7133|7157|8743|9734|58191,B2M|CASP10|NFKB1|PSMB9|STAT3|TNFAIP3|TNFRSF1B|TP53|TNFSF10|HDAC9|CXCL16,-1.9,0
1,0,0,1,0,0,-2.9,0,0,-2.2,0,0,C0080032,M100100,2,0,DisGeNET,35,"Pleural Effusion, Malignant",,-2.9,5.1,4.5,30293,119,300,6,2,0.81,374|3576|4312|5328|5879|10406,AREG|CXCL8|MMP1|PLAU|RAC1|WFDC2,-1.9,0
1,0,0,1,0,1,-2.9,0,0,-2.2,0,-2.2,C0280141,M100101,3,0,DisGeNET,35,Acute Undifferentiated Leukemia,,-2.9,5.1,4.5,30293,119,300,6,2,0.81,3576|4893|5371|5970|6776|10584,CXCL8|NRAS|PML|RELA|STAT5A|COLEC10,-1.9,0
1,0,1,0,0,0,-2.9,0,-2.2,0,0,0,C1851585,M101000,2,0,DisGeNET,35,"MYELOPROLIFERATIVE DISORDER, CHRONIC, WITH EOSINOPHILIA",,-2.9,5.1,4.5,30293,119,300,6,2,0.81,285|2919|3383|3576|4296|4312,ANGPT2|CXCL1|ICAM1|CXCL8|MAP3K11|MMP1,-1.9,0
1,0,0,0,0,0,-2.9,0,0,0,0,0,C3805278,M100000,1,0,DisGeNET,35,Extrahepatic Cholangiocarcinoma,,-2.9,5.1,4.5,30293,119,300,6,2,0.81,2950|3383|6528|11067|51586|58508,GSTP1|ICAM1|SLC5A5|DEPP1|MED15|KMT2C,-1.9,0
0,0,1,0,0,1,0,0,-2.9,0,0,-2.3,C1861305,M001001,2,0,DisGeNET,35,TARSAL-CARPAL COALITION SYNDROME,,-2.9,3.5,4,30293,261,299,9,3,0.99,3105|3486|5743|6373|7157|7297|10970|23492|25897,HLA-A|IGFBP3|PTGS2|CXCL11|TP53|TYK2|CKAP4|CBX7|RNF19A,-1.9,0
0,0,1,0,0,0,0,0,-2.9,0,0,0,C0730328,M001000,1,0,DisGeNET,35,Central Serous Chorioretinopathy,,-2.9,3.8,4.1,30293,211,299,8,2.7,0.93,5743|6774|7098|7157|23492|25897|57599|84876,PTGS2|STAT3|TLR3|TP53|CBX7|RNF19A|WDR48|ORAI1,-1.9,0
0,0,0,0,1,0,0,0,0,0,-2.9,0,C0003857,M000010,1,0,DisGeNET,35,Congenital arteriovenous malformation,,-2.9,4.3,4.3,30293,163,300,7,2.3,0.87,1906|2113|4318|5293|7042|10763|57514,EDN1|ETS1|MMP9|PIK3CD|TGFB2|NES|ARHGAP31,-1.9,0
0,0,0,0,0,1,0,0,0,0,0,-2.9,C0346429,M000001,1,0,DisGeNET,35,Multiple malignancy,,-2.9,4.3,4.3,30293,163,300,7,2.3,0.87,977|1029|1499|1969|5154|7057|9564,CD151|CDKN2A|CTNNB1|EPHA2|PDGFA|THBS1|BCAR1,-1.9,0
0,0,1,0,1,0,0,0,-2.9,0,-2.9,0,C0220612,M001010,2,0,DisGeNET,35,Childhood Non-Hodgkin Lymphoma,,-2.9,3,3.9,30293,371,299,11,3.7,1.1,567|843|4790|5698|6774|7128|7133|7157|8743|9734|58191,B2M|CASP10|NFKB1|PSMB9|STAT3|TNFAIP3|TNFRSF1B|TP53|TNFSF10|HDAC9|CXCL16,-1.9,0
0,0,1,0,0,0,0,0,-2.9,0,0,0,C0085437,M001000,1,0,DisGeNET,35,"Meningitis, Bacterial",,-2.9,6.3,4.7,30293,81,299,5,1.7,0.74,6374|7097|7098|8743|8942,CXCL5|TLR2|TLR3|TNFSF10|KYNU,-1.9,0
0,0,0,1,0,0,0,0,0,-2.9,0,0,C0239676,M000100,1,0,DisGeNET,35,High forehead,,-2.9,3.8,4.1,30293,211,300,8,2.7,0.93,538|652|894|1917|3476|5530|6016|284111,ATP7A|BMP4|CCND2|EEF1A2|IGBP1|PPP3CA|RIT1|SLC13A5,-1.9,0
1,0,1,0,0,0,-2.9,0,-2.9,0,0,0,C0008441,M101000,2,0,DisGeNET,35,Chondroblastoma,,-2.9,14,6,30293,22,299,3,1,0.58,5743|7157|10970,PTGS2|TP53|CKAP4,-1.9,0
0,1,0,0,0,0,0,-2.9,0,0,0,0,C0023885,M010000,1,0,DisGeNET,35,Liver Abscess,,-2.9,14,6,30293,22,299,3,1,0.58,1075|10682|25870,CTSC|EBP|SUMF2,-1.9,0
0,1,0,0,0,0,0,-2.9,0,0,0,0,C0028797,M010000,1,0,DisGeNET,35,Occupational Diseases,,-2.9,14,6,30293,22,299,3,1,0.58,738|1728|7108,VPS51|NQO1|TM7SF2,-1.9,0
0,0,1,0,0,0,0,0,-2.9,0,0,0,C0238286,M001000,1,0,DisGeNET,35,Mucolipidosis Type IV,,-2.9,14,6,30293,22,299,3,1,0.58,2706|4045|27074,GJB2|LSAMP|LAMP3,-1.9,0
0,0,1,0,0,0,0,0,-2.9,0,0,0,C0376407,M001000,1,0,DisGeNET,35,Granulomatous Slack Skin,,-2.9,14,6,30293,22,299,3,1,0.58,4791|7128|7157,NFKB2|TNFAIP3|TP53,-1.9,0
0,0,1,0,0,0,0,0,-2.9,0,0,0,C1443892,M001000,1,0,DisGeNET,35,Chronic Q Fever,,-2.9,14,6,30293,22,299,3,1,0.58,7096|7097|64127,TLR1|TLR2|NOD2,-1.9,0
0,0,1,0,0,0,0,0,-2.9,0,0,0,C1516061,M001000,1,0,DisGeNET,35,Astler-Coller B1 Rectal Carcinoma,,-2.9,14,6,30293,22,299,3,1,0.58,3486|6774|7157,IGFBP3|STAT3|TP53,-1.9,0
1,0,0,0,1,0,-2.9,0,0,0,-2.9,0,C0752308,M100010,2,0,DisGeNET,35,"Hypoxia-Ischemia, Brain",,-2.9,6.2,4.7,30293,81,300,5,1.7,0.74,355|3162|5328|9575|57538,FAS|HMOX1|PLAU|CLOCK|ALPK3,-1.9,0
1,1,0,0,1,1,-2.1,-2.1,0,0,-2.9,-2.1,C0860659,M110011,4,0,DisGeNET,35,Aloof,,-2.9,6.2,4.7,30293,81,300,5,1.7,0.74,2004|3371|7045|9261|10085,ELK3|TNC|TGFBI|MAPKAPK2|EDIL3,-1.9,0
0,0,0,0,1,0,0,0,0,0,-2.9,0,C0036857,M000010,1,0,DisGeNET,35,Severe intellectual disability,,-2.9,2.8,3.8,30293,429,300,12,4,1.1,547|2664|6249|6509|7846|8642|8905|22931|23141|26047|29954|55262,KIF1A|GDI1|CLIP1|SLC1A4|TUBA1A|DCHS1|AP1S2|RAB18|ANKLE2|CNTNAP2|POMT2|TRAPPC14,-1.9,0
0,0,0,1,0,0,0,0,0,-2.9,0,0,C0542476,M000100,1,0,DisGeNET,35,Forgetful,,-2.9,2.8,3.8,30293,429,300,12,4,1.1,348|351|1958|2571|2896|5066|5562|5627|6947|7277|54858|57462,APOE|APP|EGR1|GAD1|GRN|PAM|PRKAA1|PROS1|TCN1|TUBA4A|PGPEP1|MYORG,-1.9,0
0,0,1,0,0,0,0,0,-2.9,0,0,0,C0035288,M001000,1,0,DisGeNET,35,"Reticuloendotheliosis, X-linked",,-2.9,8.4,5.2,30293,48,299,4,1.3,0.66,4790|5971|7133|7157,NFKB1|RELB|TNFRSF1B|TP53,-1.9,0
0,0,1,0,0,0,0,0,-2.9,0,0,0,C0345893,M001000,1,0,DisGeNET,35,Juvenile polyposis syndrome,,-2.9,8.4,5.2,30293,48,299,4,1.3,0.66,94|5743|7097|7157,ACVRL1|PTGS2|TLR2|TP53,-1.9,0
1,0,0,0,0,0,-2.9,0,0,0,0,0,C0014236,M100000,1,0,DisGeNET,35,Endophthalmitis,,-2.9,14,6,30293,22,300,3,1,0.57,355|140691|148022,FAS|TRIM69|TICAM1,-1.9,0
1,0,0,0,0,0,-2.9,0,0,0,0,0,C0272183,M100000,1,0,DisGeNET,35,Qualitative abnormality of granulocyte,,-2.9,14,6,30293,22,300,3,1,0.57,3162|5880|6648,HMOX1|RAC2|SOD2,-1.9,0
0,0,0,1,0,0,0,0,0,-2.9,0,0,C0524611,M000100,1,0,DisGeNET,35,Cryptogenic Chronic Hepatitis,,-2.9,14,6,30293,22,300,3,1,0.57,538|3880|7040,ATP7A|KRT19|TGFB1,-1.9,0
0,0,0,0,1,0,0,0,0,0,-2.9,0,C0745133,M000010,1,0,DisGeNET,35,Isolated systolic hypertension,,-2.9,14,6,30293,22,300,3,1,0.57,118|4017|4318,ADD1|LOXL2|MMP9,-1.9,0
0,0,0,1,0,0,0,0,0,-2.9,0,0,C0872084,M000100,1,0,DisGeNET,35,Sarcopenia,,-2.9,4.3,4.3,30293,164,300,7,2.3,0.87,1471|3880|4240|5209|5562|7040|27122,CST3|KRT19|MFGE8|PFKFB3|PRKAA1|TGFB1|DKK3,-1.9,0
0,0,0,0,0,1,0,0,0,0,0,-2.9,C0023066,M000001,1,0,DisGeNET,35,Laryngospasm,,-2.9,8.4,5.1,30293,48,300,4,1.3,0.66,3909|5445|8878|10133,LAMA3|PON2|SQSTM1|OPTN,-1.9,0
1,0,0,0,0,0,-2.9,0,0,0,0,0,C0271385,M100000,1,0,DisGeNET,35,Horizontal Nystagmus,,-2.9,8.4,5.1,30293,48,300,4,1.3,0.66,2643|4935|9215|55129,GCH1|GPR143|LARGE1|ANO10,-1.9,0
1,0,0,0,0,0,-2.9,0,0,0,0,0,C0431129,M100000,1,0,DisGeNET,35,Adamantinous Craniopharyngioma,,-2.9,8.4,5.1,30293,48,300,4,1.3,0.66,12|355|650|2919,SERPINA3|FAS|BMP2|CXCL1,-1.9,0
0,0,0,1,0,0,0,0,0,-2.9,0,0,C0699753,M000100,1,0,DisGeNET,35,Cancer Relapse,,-2.9,8.4,5.1,30293,48,300,4,1.3,0.66,2064|9518|25803|50484,ERBB2|GDF15|SPDEF|RRM2B,-1.9,0
1,0,0,0,0,0,-2.9,0,0,0,0,0,C2674218,M100000,1,0,DisGeNET,35,"SPHEROCYTOSIS, TYPE 1 (disorder)",,-2.9,8.4,5.1,30293,48,300,4,1.3,0.66,3162|6648|7100|27113,HMOX1|SOD2|TLR5|BBC3,-1.9,0
0,0,0,1,0,0,0,0,0,-2.9,0,0,C3665339,M000100,1,0,DisGeNET,35,Bacterial sepsis of newborn,,-2.9,8.4,5.1,30293,48,300,4,1.3,0.66,4240|5562|5644|51573,MFGE8|PRKAA1|PRSS1|GDE1,-1.9,0
0,1,0,0,0,0,0,-2.9,0,0,0,0,C0030554,M010000,1,0,DisGeNET,35,Paresthesia,,-2.9,5,4.4,30293,121,299,6,2,0.81,210|476|2705|7048|7276|81693,ALAD|ATP1A1|GJB1|TGFBR2|TTR|AMN,-1.9,0
0,0,1,0,1,0,0,0,-2.3,0,-2.9,0,C0011269,M001010,2,0,DisGeNET,35,"Dementia, Vascular",,-2.9,3.8,4.1,30293,212,300,8,2.7,0.93,43|467|1906|4318|5293|10763|25960|26047,ACHE|ATF3|EDN1|MMP9|PIK3CD|NES|ADGRA2|CNTNAP2,-1.9,0
0,0,1,0,0,0,0,0,-2.9,0,0,0,C0030421,M001000,1,0,DisGeNET,35,Paraganglioma,,-2.9,4.3,4.2,30293,165,299,7,2.3,0.87,1302|5743|6376|6752|7157|7412|83593,COL11A2|PTGS2|CX3CL1|SSTR2|TP53|VCAM1|RASSF5,-1.9,0
1,0,1,0,0,0,-2.9,0,-2.9,0,0,0,C0206659,M101000,2,0,DisGeNET,35,Embryonal Carcinoma,,-2.9,4.3,4.2,30293,165,299,7,2.3,0.87,2516|2526|3105|3934|7157|10970|23492,NR5A1|FUT4|HLA-A|LCN2|TP53|CKAP4|CBX7,-1.9,0
1,0,1,0,0,0,-2.3,0,-2.9,0,0,0,C0242647,M101000,2,0,DisGeNET,35,Mucosa-Associated Lymphoid Tissue Lymphoma,,-2.9,3.5,4,30293,264,299,9,3,0.99,843|4790|5743|7128|7133|7157|7412|8743|64127,CASP10|NFKB1|PTGS2|TNFAIP3|TNFRSF1B|TP53|VCAM1|TNFSF10|NOD2,-1.9,0
0,1,0,0,0,0,0,-2.9,0,0,0,0,C0005941,M010000,1,0,DisGeNET,35,"Bone Diseases, Developmental",,-2.9,6.2,4.7,30293,82,299,5,1.7,0.74,2720|4041|5033|7067|79971,GLB1|LRP5|P4HA1|THRA|WLS,-1.9,0
0,0,1,0,0,0,0,0,-2.9,0,0,0,C0009763,M001000,1,0,DisGeNET,35,Conjunctivitis,,-2.9,6.2,4.7,30293,82,299,5,1.7,0.74,3459|5692|5696|5698|5724,IFNGR1|PSMB4|PSMB8|PSMB9|PTAFR,-1.9,0
0,0,1,0,0,0,0,0,-2.9,0,0,0,C0032231,M001000,1,0,DisGeNET,35,Pleurisy,,-2.9,6.2,4.7,30293,82,299,5,1.7,0.74,6774|7133|7157|51752|64127,STAT3|TNFRSF1B|TP53|ERAP1|NOD2,-1.9,0
0,0,1,0,0,0,0,0,-2.9,0,0,0,C0162836,M001000,1,0,DisGeNET,35,Hidradenitis Suppurativa,,-2.9,6.2,4.7,30293,82,299,5,1.7,0.74,2706|3105|3934|9235|64127,GJB2|HLA-A|LCN2|IL32|NOD2,-1.9,0
0,0,1,0,0,0,0,0,-2.9,0,0,0,C0205969,M001000,1,0,DisGeNET,35,Thymic Carcinoma,,-2.9,6.2,4.7,30293,82,299,5,1.7,0.74,972|5743|7157|9536|9734,CD74|PTGS2|TP53|PTGES|HDAC9,-1.9,0
1,0,1,0,0,0,-2,0,-2.9,0,0,0,C4014795,M101000,2,0,DisGeNET,35,"AUTOIMMUNE DISEASE, MULTISYSTEM, INFANTILE-ONSET, 1",,-2.9,6.2,4.7,30293,82,299,5,1.7,0.74,1605|6774|7297|53347|64167,DAG1|STAT3|TYK2|UBASH3A|ERAP2,-1.9,0
1,0,0,0,0,0,-2.9,0,0,0,0,0,C0037116,M100000,1,0,DisGeNET,35,Silicosis,,-2.9,5,4.4,30293,121,300,6,2,0.81,355|2950|3576|4312|8771|27113,FAS|GSTP1|CXCL8|MMP1|TNFRSF6B|BBC3,-1.9,0
1,0,0,0,1,0,-2.9,0,0,0,-2,0,C0029464,M100010,2,0,DisGeNET,35,Osteosclerosis,,-2.9,6.2,4.7,30293,82,300,5,1.7,0.74,650|860|3717|7461|9663,BMP2|RUNX2|JAK2|CLIP2|LPIN2,-1.9,0
0,0,0,1,0,0,0,0,0,-2.9,0,0,C0267963,M000100,1,0,DisGeNET,35,Exocrine pancreatic insufficiency,,-2.9,6.2,4.7,30293,82,300,5,1.7,0.74,3856|5644|5645|6690|7040,KRT8|PRSS1|PRSS2|SPINK1|TGFB1,-1.9,0
0,0,1,1,0,0,0,0,-2.1,-2.9,0,0,C0279672,M001100,2,0,DisGeNET,35,Cervical Adenocarcinoma,,-2.9,6.2,4.7,30293,82,300,5,1.7,0.74,2064|2852|3623|7429|27122,ERBB2|GPER1|INHA|VIL1|DKK3,-1.9,0
0,0,0,1,0,0,0,0,0,-2.9,0,0,C0684275,M000100,1,0,DisGeNET,35,"Hemophilia, NOS",,-2.9,6.2,4.7,30293,82,300,5,1.7,0.74,2153|2159|5104|5627|50808,F5|F10|SERPINA5|PROS1|AK3,-1.9,0
0,0,0,1,0,1,0,0,0,-2.9,0,-2,C1707444,M000101,2,0,DisGeNET,35,Columnar Cell Change of the Breast,,-2.9,6.2,4.7,30293,82,300,5,1.7,0.74,316|558|2064|3481|7040,AOX1|AXL|ERBB2|IGF2|TGFB1,-1.9,0
1,0,1,1,0,0,-2.9,0,-2.9,-2.9,0,0,C1704436,M101100,3,0,DisGeNET,35,Peripheral Arterial Diseases,,-2.9,3.2,3.9,30293,319,299,10,3.3,1,567|5167|5743|6524|6774|7097|7133|7157|7412|9734,B2M|ENPP1|PTGS2|SLC5A2|STAT3|TLR2|TNFRSF1B|TP53|VCAM1|HDAC9,-1.9,0
0,0,1,0,0,0,0,0,-2.9,0,0,0,C0282488,M001000,1,0,DisGeNET,35,Interstitial Cystitis,,-2.9,5,4.4,30293,122,299,6,2,0.81,3627|5743|6373|7157|9235|51284,CXCL10|PTGS2|CXCL11|TP53|IL32|TLR7,-1.9,0
0,0,1,1,0,0,0,0,-2.9,-2.9,0,0,C1318544,M001100,2,0,DisGeNET,35,M5b Acute differentiated monocytic leukemia,,-2.9,5,4.4,30293,122,299,6,2,0.81,1435|3105|3684|6376|7412|23092,CSF1|HLA-A|ITGAM|CX3CL1|VCAM1|ARHGAP26,-1.9,0
0,0,0,0,0,1,0,0,0,0,0,-2.9,C1456781,M000001,1,0,DisGeNET,35,Benign melanocytic nevus,,-2.9,5,4.4,30293,122,300,6,2,0.81,1026|1029|1499|3606|3664|9564,CDKN1A|CDKN2A|CTNNB1|IL18|IRF6|BCAR1,-1.9,0
0,0,0,1,1,0,0,0,0,-2.9,-2.3,0,C0032181,M000110,2,0,DisGeNET,35,Platelet Count measurement,,-2.9,3.4,4,30293,265,300,9,3,0.98,348|598|2590|3338|5265|5794|23186|81628|144406,APOE|BCL2L1|GALNT2|DNAJC4|SERPINA1|PTPRH|RCOR1|TSC22D4|CFAP251,-1.9,0
0,0,1,1,0,0,0,0,-2.9,-2.9,0,0,C0080233,M001100,2,0,DisGeNET,35,Tooth Loss,,-2.9,8.3,5.1,30293,49,299,4,1.3,0.66,567|7412|64135|80326,B2M|VCAM1|IFIH1|WNT10A,-1.9,0
0,0,1,0,0,0,0,0,-2.9,0,0,0,C0375071,M001000,1,0,DisGeNET,35,Malignant neoplasm of vulva,,-2.9,8.3,5.1,30293,49,299,4,1.3,0.66,5743|7157|9308|10970,PTGS2|TP53|CD83|CKAP4,-1.9,0
0,0,1,1,0,1,0,0,-2.4,-2.4,0,-2.9,C0013264,M001101,3,0,DisGeNET,35,"Muscular Dystrophy, Duchenne",,-2.9,3,3.8,30293,375,300,11,3.7,1.1,71|824|1462|2335|3300|4615|4982|5025|6990|7057|7414,ACTG1|CAPN2|VCAN|FN1|DNAJB2|MYD88|TNFRSF11B|P2RX4|DYNLT3|THBS1|VCL,-1.9,0
0,0,1,0,0,0,0,0,-2.9,0,0,0,C0016382,M001000,1,0,DisGeNET,35,Flushing,,-2.9,6.1,4.6,30293,83,299,5,1.7,0.74,3627|5743|7098|8605|9536,CXCL10|PTGS2|TLR3|PLA2G4C|PTGES,-1.9,0
0,1,0,0,0,0,0,-2.9,0,0,0,0,C0031485,M010000,1,0,DisGeNET,35,Phenylketonurias,,-2.9,6.1,4.6,30293,83,299,5,1.7,0.74,847|1728|5236|7276|27044,CAT|NQO1|PGM1|TTR|SND1,-1.9,0
1,0,1,0,0,0,-2,0,-2.9,0,0,0,C2118460,M101000,2,0,DisGeNET,35,Acute colitis,,-2.9,6.1,4.6,30293,83,299,5,1.7,0.74,4327|4790|6774|7097|29108,MMP19|NFKB1|STAT3|TLR2|PYCARD,-1.9,0
0,0,1,0,0,0,0,0,-2.9,0,0,0,C3899278,M001000,1,0,DisGeNET,35,Early Rheumatoid Arthritis,,-2.9,6.1,4.6,30293,83,299,5,1.7,0.74,3627|6774|7097|7098|7412,CXCL10|STAT3|TLR2|TLR3|VCAM1,-1.9,0
0,0,0,1,0,0,0,0,0,-2.9,0,0,C0259785,M000100,1,0,DisGeNET,35,Malignant Meningioma,,-2.9,8.2,5.1,30293,49,300,4,1.3,0.66,1471|2064|5584|27352,CST3|ERBB2|PRKCI|SGSM3,-1.9,0
1,0,0,0,0,1,-2.9,0,0,0,0,-2.9,C0854135,M100001,2,0,DisGeNET,35,Pseudomonas aeruginosa infection,,-2.9,8.2,5.1,30293,49,300,4,1.3,0.66,2919|3576|7100|27189,CXCL1|CXCL8|TLR5|IL17C,-1.9,0
0,0,1,0,0,0,0,0,-2.8,0,0,0,C0585362,M001000,1,0,DisGeNET,35,Squamous cell carcinoma of mouth,,-2.8,4.9,4.4,30293,123,299,6,2,0.81,684|7157|8741|8743|10970|64167,BST2|TP53|TNFSF13|TNFSF10|CKAP4|ERAP2,-1.9,0
1,0,0,0,1,0,-2,0,0,0,-2.8,0,C0029227,M100010,2,0,DisGeNET,35,"Delirium, Dementia, Amnestic, Cognitive Disorders",,-2.8,6.1,4.6,30293,83,300,5,1.7,0.74,43|1627|4318|7077|54498,ACHE|DBN1|MMP9|TIMP2|SMOX,-1.9,0
0,0,0,0,0,1,0,0,0,0,0,-2.8,C0085632,M000001,1,0,DisGeNET,35,Apathy,,-2.8,6.1,4.6,30293,83,300,5,1.7,0.74,1436|5663|8878|65018|138050,CSF1R|PSEN1|SQSTM1|PINK1|HGSNAT,-1.9,0
0,0,0,0,0,1,0,0,0,0,0,-2.8,C0340427,M000001,1,0,DisGeNET,35,Familial dilated cardiomyopathy,,-2.8,6.1,4.6,30293,83,300,5,1.7,0.74,5663|7414|10627|54897|103910,PSEN1|VCL|MYL12A|CASZ1|MYL12B,-1.9,0
0,0,0,0,0,1,0,0,0,0,0,-2.8,C4020732,M000001,1,0,DisGeNET,35,Mitochondrial abnormalities,,-2.8,6.1,4.6,30293,83,300,5,1.7,0.74,2000|5339|5663|8878|65018,ELF4|PLEC|PSEN1|SQSTM1|PINK1,-1.9,0
1,0,0,0,0,0,-2.8,0,0,0,0,0,C4722172,M100000,1,0,DisGeNET,35,Primary differentiated carcinoma of thyroid gland,,-2.8,4.2,4.2,30293,167,300,7,2.3,0.87,3576|4893|5328|5970|6528|6692|80024,CXCL8|NRAS|PLAU|RELA|SLC5A5|SPINT1|SLC8B1,-1.9,0
0,0,0,1,0,0,0,0,0,-2.8,0,0,C0240543,M000100,1,0,DisGeNET,35,Bulbous nose,,-2.8,4.9,4.4,30293,123,300,6,2,0.81,4054|9820|10765|55773|57572|89953,LTBP3|CUL7|KDM5B|TBC1D23|DOCK6|KLC4,-1.9,0
1,0,0,1,0,0,-2.1,0,0,-2.8,0,0,C3805574,M100100,2,0,DisGeNET,35,Increased fracture rate,,-2.8,4.9,4.4,30293,123,300,6,2,0.81,538|2353|9056|10555|64175|81848,ATP7A|FOS|SLC7A7|AGPAT2|P3H1|SPRY4,-1.9,0
0,0,0,1,0,0,0,0,0,-2.8,0,0,C4317123,M000100,1,0,DisGeNET,35,Myoclonic Seizures,,-2.8,4.9,4.4,30293,123,300,6,2,0.81,348|538|950|1917|2353|5066,APOE|ATP7A|SCARB2|EEF1A2|FOS|PAM,-1.9,0
0,1,0,0,0,0,0,-2.8,0,0,0,0,C0032371,M010000,1,0,DisGeNET,35,Poliomyelitis,,-2.8,13,5.9,30293,23,299,3,1,0.58,174|10399|54504,AFP|RACK1|CPVL,-1.9,0
0,0,1,0,0,0,0,0,-2.8,0,0,0,C0155552,M001000,1,0,DisGeNET,35,"Hearing Loss, Mixed Conductive-Sensorineural",,-2.8,13,5.9,30293,23,299,3,1,0.58,1302|2706|5167,COL11A2|GJB2|ENPP1,-1.9,0
0,0,1,0,0,0,0,0,-2.8,0,0,0,C3272802,M001000,1,0,DisGeNET,35,Hamartomatous polyposis,,-2.8,13,5.9,30293,23,299,3,1,0.58,5743|7157|10483,PTGS2|TP53|SEC23B,-1.9,0
1,0,0,0,1,0,-2.3,0,0,0,-2.8,0,C0018800,M100010,2,0,DisGeNET,35,Cardiomegaly,,-2.8,3.4,3.9,30293,267,300,9,3,0.98,960|1906|3976|3984|4318|6236|7042|9469|84557,CD44|EDN1|LIF|LIMK1|MMP9|RRAD|TGFB2|CHST3|MAP1LC3A,-1.9,0
1,0,0,0,0,0,-2.8,0,0,0,0,0,C0033937,M100000,1,0,DisGeNET,35,"Psychoses, Drug",,-2.8,13,5.8,30293,23,300,3,1,0.57,2730|2950|6648,GCLM|GSTP1|SOD2,-1.9,0
0,0,0,1,0,0,0,0,0,-2.8,0,0,C0037061,M000100,1,0,DisGeNET,35,Siderosis,,-2.8,13,5.8,30293,23,300,3,1,0.57,348|2571|30061,APOE|GAD1|SLC40A1,-1.9,0
1,0,0,0,0,0,-2.8,0,0,0,0,0,C0242006,M100000,1,0,DisGeNET,35,Myelofibrosis due to another disorder,,-2.8,13,5.8,30293,23,300,3,1,0.57,3717|6776|22993,JAK2|STAT5A|HMGXB3,-1.9,0
0,0,0,1,0,0,0,0,0,-2.8,0,0,C0271710,M000100,1,0,DisGeNET,35,Reactive hypoglycemia,,-2.8,13,5.8,30293,23,300,3,1,0.57,1396|3481|5265,CRIP1|IGF2|SERPINA1,-1.9,0
0,0,0,1,0,0,0,0,0,-2.8,0,0,C0334279,M000100,1,0,DisGeNET,35,"Adenocarcinoma, intestinal type",,-2.8,13,5.8,30293,23,300,3,1,0.57,2064|4586|7076,ERBB2|MUC5AC|TIMP1,-1.9,0
0,0,0,1,0,0,0,0,0,-2.8,0,0,C1142339,M000100,1,0,DisGeNET,35,Intestinal adenoma,,-2.8,13,5.8,30293,23,300,3,1,0.57,5071|6594|9518,PRKN|SMARCA1|GDF15,-1.9,0
0,0,0,0,0,1,0,0,0,0,0,-2.8,C1846439,M000001,1,0,DisGeNET,35,Hypoplasia of the odontoid process,,-2.8,13,5.8,30293,23,300,3,1,0.57,2317|2335|9451,FLNB|FN1|EIF2AK3,-1.9,0
0,0,0,0,0,1,0,0,0,0,0,-2.8,C1859717,M000001,1,0,DisGeNET,35,Depressed nasal tip,,-2.8,13,5.8,30293,23,300,3,1,0.57,71|6469|7050,ACTG1|SHH|TGIF1,-1.9,0
0,0,0,1,0,0,0,0,0,-2.8,0,0,C3899649,M000100,1,0,DisGeNET,35,Childhood Oligoastrocytoma,,-2.8,13,5.8,30293,23,300,3,1,0.57,3485|7076|81621,IGFBP2|TIMP1|KAZALD1,-1.9,0
0,0,1,0,0,0,0,0,-2.8,0,0,0,C4554601,M001000,1,0,DisGeNET,35,Amyloidosis cutis dyschromia,,-2.8,6,4.6,30293,84,299,5,1.7,0.74,3627|6373|6774|7157|25897,CXCL10|CXCL11|STAT3|TP53|RNF19A,-1.9,0
1,0,0,0,0,0,-2.8,0,0,0,0,0,C0042109,M100000,1,0,DisGeNET,35,Urticaria,,-2.8,4.2,4.2,30293,168,300,7,2.3,0.87,355|3162|3383|3572|3576|3659|6648,FAS|HMOX1|ICAM1|IL6ST|CXCL8|IRF1|SOD2,-1.9,0
1,0,1,0,0,0,-2.1,0,-2.8,0,0,0,C1367654,M101000,2,0,DisGeNET,35,Marginal Zone B-Cell Lymphoma,,-2.8,4.9,4.3,30293,124,299,6,2,0.81,843|7096|7097|7128|7157|7412,CASP10|TLR1|TLR2|TNFAIP3|TP53|VCAM1,-1.9,0
0,0,0,1,0,1,0,0,0,-2.3,0,-2.8,C1861172,M000101,2,0,DisGeNET,35,Venous Thromboembolism,,-2.8,2.9,3.8,30293,378,300,11,3.7,1.1,481|966|2335|3566|5795|6737|8548|9592|10544|26133|83737,ATP1B1|CD59|FN1|IL4R|PTPRJ|TRIM21|BLZF1|IER2|PROCR|TRPC4AP|ITCH,-1.9,0
1,0,0,0,1,0,-2.8,0,0,0,-2.4,0,C0003811,M100010,2,0,DisGeNET,35,Cardiac Arrhythmia,,-2.8,2.5,3.6,30293,559,300,14,4.7,1.2,12|285|650|2950|4312|4893|5371|6446|6648|7357|9197|25833|30844|50506,SERPINA3|ANGPT2|BMP2|GSTP1|MMP1|NRAS|PML|SGK1|SOD2|UGCG|SLC33A1|POU2F3|EHD4|DUOX2,-1.8,0
1,0,0,0,0,0,-2.8,0,0,0,0,0,C0007194,M100000,1,0,DisGeNET,35,Hypertrophic Cardiomyopathy,,-2.8,2.5,3.6,30293,559,300,14,4.7,1.2,1738|3107|3162|3306|3383|4296|4893|7035|7461|9197|10553|51719|57162|57538,DLD|HLA-C|HMOX1|HSPA2|ICAM1|MAP3K11|NRAS|TFPI|CLIP2|SLC33A1|HTATIP2|CAB39|PELI1|ALPK3,-1.8,0
0,1,0,0,0,1,0,-2.8,0,0,0,-2.8,C3163918,M010001,2,0,DisGeNET,35,Tumor thrombus,,-2.8,8.1,5,30293,50,299,4,1.3,0.66,174|3170|4758|23423,AFP|FOXA2|NEU1|TMED3,-1.8,0
0,0,1,0,0,0,0,0,-2.8,0,0,0,C4551538,M001000,1,0,DisGeNET,35,refractory multiple myeloma,,-2.8,8.1,5,30293,50,299,4,1.3,0.66,637|7157|8741|8743,BID|TP53|TNFSF13|TNFSF10,-1.8,0
0,0,0,1,1,0,0,0,0,-2.8,-2,0,C0039494,M000110,2,0,DisGeNET,35,Temporomandibular Joint Disorders,,-2.8,6,4.6,30293,84,300,5,1.7,0.74,1958|4054|7040|7076|8491,EGR1|LTBP3|TGFB1|TIMP1|MAP4K3,-1.8,0
0,0,0,1,0,1,0,0,0,-2,0,-2.8,C0751713,M000101,2,0,DisGeNET,35,"Inclusion Body Myopathy, Sporadic",,-2.8,6,4.6,30293,84,300,5,1.7,0.74,71|5663|7057|8878|10133,ACTG1|PSEN1|THBS1|SQSTM1|OPTN,-1.8,0
0,0,0,0,1,0,0,0,0,0,-2.8,0,C1266184,M000010,1,0,DisGeNET,35,Atypical Teratoid Rhabdoid Tumor,,-2.8,6,4.6,30293,84,300,5,1.7,0.74,1264|5293|6876|25777|81631,CNN1|PIK3CD|TAGLN|SUN2|MAP1LC3B,-1.8,0
0,0,0,0,1,1,0,0,0,0,-2,-2.8,C1519666,M000011,2,0,DisGeNET,35,Tumor-Associated Vasculature,,-2.8,6,4.6,30293,84,300,5,1.7,0.74,1948|2050|2335|7057|8737,EFNB2|EPHB4|FN1|THBS1|RIPK1,-1.8,0
0,0,0,0,1,0,0,0,0,0,-2.8,0,C0201976,M000010,1,0,DisGeNET,35,"Creatinine measurement, serum (procedure)",,-2.8,4.9,4.3,30293,124,300,6,2,0.81,4092|6498|7476|9846|57591|84902,SMAD7|SKIL|WNT7A|GAB2|MRTFA|CEP89,-1.8,0
0,0,0,0,1,0,0,0,0,0,-2.8,0,C0020492,M000010,1,0,DisGeNET,35,Hyperostosis,,-2.8,8.1,5,30293,50,300,4,1.3,0.66,2316|5293|7042|7045,FLNA|PIK3CD|TGFB2|TGFBI,-1.8,0
0,0,0,0,0,1,0,0,0,0,0,-2.8,C0027721,M000001,1,0,DisGeNET,35,Lipoid nephrosis,,-2.8,8.1,5,30293,50,300,4,1.3,0.66,1026|3566|3606|4323,CDKN1A|IL4R|IL18|MMP14,-1.8,0
1,0,0,0,0,0,-2.8,0,0,0,0,0,C0920028,M100000,1,0,DisGeNET,35,Leukaemia recurrent,,-2.8,8.1,5,30293,50,300,4,1.3,0.66,2120|2523|3107|4893,ETV6|FUT1|HLA-C|NRAS,-1.8,0
1,0,0,0,0,0,-2.8,0,0,0,0,0,C1709246,M100000,1,0,DisGeNET,35,Non-Neoplastic Disorder,,-2.8,8.1,5,30293,50,300,4,1.3,0.66,355|2950|3482|51586,FAS|GSTP1|IGF2R|MED15,-1.8,0
1,0,1,0,1,0,-2.4,0,-2.8,0,-2.8,0,C0008626,M101010,3,0,DisGeNET,35,Congenital chromosomal disease,,-2.8,2.3,3.5,30293,757,299,17,5.7,1.3,94|567|1080|1302|2516|2526|3684|4045|4790|5359|5743|6646|7113|7157|57599|79139|83938,ACVRL1|B2M|CFTR|COL11A2|NR5A1|FUT4|ITGAM|LSAMP|NFKB1|PLSCR1|PTGS2|SOAT1|TMPRSS2|TP53|WDR48|DERL1|LRMDA,-1.8,0
0,0,1,0,1,0,0,0,-2.2,0,-2.8,0,C0279068,M001010,2,0,DisGeNET,35,Childhood Solid Neoplasm,,-2.8,4.2,4.1,30293,169,300,7,2.3,0.87,960|1849|3371|4318|5293|6624|10962,CD44|DUSP7|TNC|MMP9|PIK3CD|FSCN1|MLLT11,-1.8,0
1,1,1,1,1,1,-2.8,-2.3,-2.8,-2.2,-2.8,-2.2,C0940937,M111111,6,0,DisGeNET,35,precancerous lesions,,-2.8,3.4,3.9,30293,270,299,9,3,0.99,1435|1605|3459|4940|5743|6774|7157|25897|115004,CSF1|DAG1|IFNGR1|OAS3|PTGS2|STAT3|TP53|RNF19A|CGAS,-1.8,0
0,1,0,0,0,0,0,-2.8,0,0,0,0,C0032000,M010000,1,0,DisGeNET,35,Pituitary Adenoma,,-2.8,4.2,4.1,30293,170,299,7,2.3,0.87,196|2264|2348|6342|7048|10551|51162,AHR|FGFR4|FOLR1|SCP2|TGFBR2|AGR2|EGFL7,-1.8,0
0,0,1,0,0,0,0,0,-2.8,0,0,0,C0853662,M001000,1,0,DisGeNET,35,Oestrogen deficiency,,-2.8,6,4.6,30293,85,299,5,1.7,0.74,972|1435|5743|9294|64127,CD74|CSF1|PTGS2|S1PR2|NOD2,-1.8,0
0,0,1,0,0,0,0,0,-2.8,0,0,0,C4255010,M001000,1,0,DisGeNET,35,Non-ST Elevated Myocardial Infarction,,-2.8,6,4.6,30293,85,299,5,1.7,0.74,2811|3627|3684|3934|9734,GP1BA|CXCL10|ITGAM|LCN2|HDAC9,-1.8,0
1,0,1,1,0,0,-2.2,0,-2.2,-2.8,0,0,C0001956,M101100,3,0,DisGeNET,35,Alcohol Use Disorder,,-2.8,3.7,4,30293,218,300,8,2.7,0.93,828|2039|4054|5584|6947|7018|10163|57537,CAPS|DMTN|LTBP3|PRKCI|TCN1|TF|WASF2|SORCS2,-1.8,0
0,0,0,0,0,1,0,0,0,0,0,-2.8,C0027960,M000001,1,0,DisGeNET,35,Nevus,,-2.8,4.8,4.3,30293,125,300,6,2,0.81,998|1026|1029|1499|3606|9564,CDC42|CDKN1A|CDKN2A|CTNNB1|IL18|BCAR1,-1.8,0
1,0,0,0,0,0,-2.8,0,0,0,0,0,C3887499,M100000,1,0,DisGeNET,35,Renal cyst,,-2.8,4.2,4.1,30293,170,300,7,2.3,0.87,2280|2919|3576|3911|7357|8462|29927,FKBP1A|CXCL1|CXCL8|LAMA5|UGCG|KLF11|SEC61A1,-1.8,0
0,1,0,0,1,0,0,-2.3,0,0,-2.8,0,C0007758,M010010,2,0,DisGeNET,35,Cerebellar Ataxia,,-2.8,2.8,3.7,30293,440,300,12,4,1.1,43|215|547|2774|4319|5293|7280|25777|26047|26277|58476|64207,ACHE|ABCD1|KIF1A|GNAL|MMP10|PIK3CD|TUBB2A|SUN2|CNTNAP2|TINF2|TP53INP2|IRF2BPL,-1.8,0
0,1,0,1,0,0,0,-2.3,0,-2.8,0,0,C0010606,M010100,2,0,DisGeNET,35,Adenoid Cystic Carcinoma,,-2.8,3.1,3.8,30293,325,300,10,3.3,1,360|2064|3485|3691|3866|4324|5174|6594|7040|144406,AQP3|ERBB2|IGFBP2|ITGB4|KRT15|MMP15|PDZK1|SMARCA1|TGFB1|CFAP251,-1.8,0
0,1,1,0,0,1,0,-2.2,-2.2,0,0,-2.8,C0858252,M011001,3,0,DisGeNET,35,Breast adenocarcinoma,,-2.8,3.7,4,30293,219,300,8,2.7,0.93,331|1026|1969|2051|4323|8821|23158|54874,XIAP|CDKN1A|EPHA2|EPHB6|MMP14|INPP4B|TBC1D9|FNBP1L,-1.8,0
1,1,1,1,0,0,-2.1,-2.8,-2.1,-2.1,0,0,C0013604,M111100,4,0,DisGeNET,35,Edema,,-2.8,4.8,4.3,30293,126,299,6,2,0.81,335|847|2065|4069|10682|81693,APOA1|CAT|ERBB3|LYZ|EBP|AMN,-1.8,0
0,0,1,0,0,0,0,0,-2.8,0,0,0,C3495801,M001000,1,0,DisGeNET,35,Granulomatosis with polyangiitis,,-2.8,4.8,4.3,30293,126,299,6,2,0.81,3105|7128|7157|7412|8741|64127,HLA-A|TNFAIP3|TP53|VCAM1|TNFSF13|NOD2,-1.8,0
0,0,1,0,0,0,0,0,-2.8,0,0,0,C0019101,M001000,1,0,DisGeNET,35,Hemorrhagic Fever with Renal Syndrome,,-2.8,7.9,5,30293,51,299,4,1.3,0.66,3105|3384|7412|10410,HLA-A|ICAM2|VCAM1|IFITM3,-1.8,0
0,0,1,0,0,0,0,0,-2.8,0,0,0,C0032533,M001000,1,0,DisGeNET,35,Polymyalgia Rheumatica,,-2.8,7.9,5,30293,51,299,4,1.3,0.66,3105|4599|4790|9235,HLA-A|MX1|NFKB1|IL32,-1.8,0
0,1,0,0,0,0,0,-2.8,0,0,0,0,C0856727,M010000,1,0,DisGeNET,35,Cholesterol gallstones,,-2.8,7.9,5,30293,51,299,4,1.3,0.66,335|2990|5950|6342,APOA1|GUSB|RBP4|SCP2,-1.8,0
0,0,1,0,0,0,0,0,-2.8,0,0,0,C3898105,M001000,1,0,DisGeNET,35,Oligoarticular Juvenile Idiopathic Arthritis,,-2.8,7.9,5,30293,51,299,4,1.3,0.66,7128|7297|55275|58191,TNFAIP3|TYK2|VPS53|CXCL16,-1.8,0
0,0,0,0,0,1,0,0,0,0,0,-2.8,C0014743,M000001,1,0,DisGeNET,35,Erythema Nodosum,,-2.8,7.9,4.9,30293,51,300,4,1.3,0.66,331|1029|2317|23158,XIAP|CDKN2A|FLNB|TBC1D9,-1.8,0
0,0,0,1,0,0,0,0,0,-2.8,0,0,C0016978,M000100,1,0,DisGeNET,35,gallbladder neoplasm,,-2.8,7.9,4.9,30293,51,300,4,1.3,0.66,558|2064|4485|7040,AXL|ERBB2|MST1|TGFB1,-1.8,0
0,0,0,1,0,0,0,0,0,-2.8,0,0,C0035258,M000100,1,0,DisGeNET,35,Restless Legs Syndrome,,-2.8,4.8,4.3,30293,126,300,6,2,0.81,1917|5071|5265|7018|26010|164656,EEF1A2|PRKN|SERPINA1|TF|SPATS2L|TMPRSS6,-1.8,0
1,0,0,0,0,0,-2.8,0,0,0,0,0,C0162835,M100000,1,0,DisGeNET,35,Hypopigmentation disorder,,-2.8,4.8,4.3,30293,126,300,6,2,0.81,2643|4893|4935|7405|8740|28956,GCH1|NRAS|GPR143|UVRAG|TNFSF14|LAMTOR2,-1.8,0
0,0,0,0,1,0,0,0,0,0,-2.8,0,C0027868,M000010,1,0,DisGeNET,35,Neuromuscular Diseases,,-2.8,4.1,4.1,30293,171,300,7,2.3,0.87,43|2318|4318|5293|7077|26353|60626,ACHE|FLNC|MMP9|PIK3CD|TIMP2|HSPB8|RIC8A,-1.8,0
1,0,0,0,0,0,-2.8,0,0,0,0,0,C0029458,M100000,1,0,DisGeNET,35,"Osteoporosis, Postmenopausal",,-2.8,4.1,4.1,30293,171,300,7,2.3,0.87,650|860|3383|5879|5880|5966|6648,BMP2|RUNX2|ICAM1|RAC1|RAC2|REL|SOD2,-1.8,0
0,0,1,0,0,0,0,0,-2.8,0,0,0,C0220656,M001000,1,0,DisGeNET,35,Malignant ascites,,-2.8,5.9,4.5,30293,86,299,5,1.7,0.74,3627|5743|7133|7157|8743,CXCL10|PTGS2|TNFRSF1B|TP53|TNFSF10,-1.8,0
0,1,0,0,0,0,0,-2.8,0,0,0,0,C0750937,M010000,1,0,DisGeNET,35,"Ataxia, Appendicular",,-2.8,5.9,4.5,30293,86,299,5,1.7,0.74,22|1938|2705|64374|79944,ABCB7|EEF2|GJB1|SIL1|L2HGDH,-1.8,0
0,0,1,0,0,0,0,0,-2.8,0,0,0,C0879615,M001000,1,0,DisGeNET,35,Stromal Neoplasm,,-2.8,5.9,4.5,30293,86,299,5,1.7,0.74,1435|3604|5743|7157|9582,CSF1|TNFRSF9|PTGS2|TP53|APOBEC3B,-1.8,0
0,0,1,0,0,0,0,0,-2.8,0,0,0,C0042167,M001000,1,0,DisGeNET,35,"Uveitis, Posterior",,-2.8,13,5.7,30293,24,299,3,1,0.58,3105|6774|64127,HLA-A|STAT3|NOD2,-1.8,0
0,1,0,0,0,0,0,-2.8,0,0,0,0,C0235063,M010000,1,0,DisGeNET,35,Respiratory Depression,,-2.8,13,5.7,30293,24,299,3,1,0.58,2990|6337|8701,GUSB|SCNN1A|DNAH11,-1.8,0
0,0,1,0,0,0,0,0,-2.8,0,0,0,C0239211,M001000,1,0,DisGeNET,35,Oedema auricular,,-2.8,13,5.7,30293,24,299,3,1,0.58,4050|5743|7097,LTB|PTGS2|TLR2,-1.8,0
0,0,1,0,0,0,0,0,-2.8,0,0,0,C0242583,M001000,1,0,DisGeNET,35,Bare Lymphocyte Syndrome,,-2.8,13,5.7,30293,24,299,3,1,0.58,567|3105|6890,B2M|HLA-A|TAP1,-1.8,0
0,0,1,0,0,0,0,0,-2.8,0,0,0,C0278882,M001000,1,0,DisGeNET,35,Stage III Cutaneous Melanoma AJCC v6,,-2.8,13,5.7,30293,24,299,3,1,0.58,972|5743|9536,CD74|PTGS2|PTGES,-1.8,0
0,1,0,0,0,0,0,-2.8,0,0,0,0,C0432272,M010000,1,0,DisGeNET,35,Van Buchem disease,,-2.8,13,5.7,30293,24,299,3,1,0.58,2720|4041|7067,GLB1|LRP5|THRA,-1.8,0
0,1,0,0,0,0,0,-2.8,0,0,0,0,C0598784,M010000,1,0,DisGeNET,35,Dyslipoproteinemias,,-2.8,13,5.7,30293,24,299,3,1,0.58,196|5360|8701,AHR|PLTP|DNAH11,-1.8,0
0,1,0,0,0,0,0,-2.8,0,0,0,0,C0948242,M010000,1,0,DisGeNET,35,"Nuchal bleb, familial",,-2.8,13,5.7,30293,24,299,3,1,0.58,335|336|201501,APOA1|APOA2|ZBTB7C,-1.8,0
0,0,1,0,0,0,0,0,-2.8,0,0,0,C0948343,M001000,1,0,DisGeNET,35,Transfusion-Related Acute Lung Injury,,-2.8,13,5.7,30293,24,299,3,1,0.58,5582|23555|53905,PRKCG|TSPAN15|DUOX1,-1.8,0
0,0,1,0,0,0,0,0,-2.8,0,0,0,C3826758,M001000,1,0,DisGeNET,35,AIDS (Disease),,-2.8,13,5.7,30293,24,299,3,1,0.58,6890|60489|200316,TAP1|APOBEC3G|APOBEC3F,-1.8,0
0,1,0,0,0,0,0,-2.8,0,0,0,0,C4021789,M010000,1,0,DisGeNET,35,Abnormality of the vertebral column,,-2.8,13,5.7,30293,24,299,3,1,0.58,415|4041|51082,ARSL|LRP5|POLR1D,-1.8,0
0,0,1,0,0,0,0,0,-2.8,0,0,0,C4324298,M001000,1,0,DisGeNET,35,Tumour inflammation,,-2.8,13,5.7,30293,24,299,3,1,0.58,103|6774|64135,ADAR|STAT3|IFIH1,-1.8,0
0,0,0,0,1,0,0,0,0,0,-2.8,0,C0205682,M000010,1,0,DisGeNET,35,Waist-Hip Ratio,,-2.8,2.5,3.6,30293,565,300,14,4.7,1.2,2887|3680|4053|4650|7077|22885|22979|23129|56999|80212|81603|285590|389136|445815,GRB10|ITGA9|LTBP2|MYO9B|TIMP2|ABLIM3|EFR3B|PLXND1|ADAMTS9|CCDC92|TRIM8|SH3PXD2B|VGLL3|PALM2AKAP2,-1.8,0
1,0,1,0,0,0,-2.8,0,-2.8,0,0,0,C0205734,M101000,2,0,DisGeNET,35,"Diabetes, Autoimmune",,-2.8,4.1,4.1,30293,172,299,7,2.3,0.87,567|3105|3604|6364|6774|7097|7297,B2M|HLA-A|TNFRSF9|CCL20|STAT3|TLR2|TYK2,-1.8,0
0,1,0,0,0,0,0,-2.8,0,0,0,0,C1845977,M010000,1,0,DisGeNET,35,X- linked recessive,,-2.8,4.1,4.1,30293,172,299,7,2.3,0.87,22|415|537|2705|4128|5256|10682,ABCB7|ARSL|ATP6AP1|GJB1|MAOA|PHKA2|EBP,-1.8,0
0,0,0,1,0,0,0,0,0,-2.8,0,0,C0003537,M000100,1,0,DisGeNET,35,Aphasia,,-2.8,5.9,4.5,30293,86,300,5,1.7,0.74,348|351|2896|10232|27352,APOE|APP|GRN|MSLN|SGSM3,-1.8,0
0,0,0,0,0,1,0,0,0,0,0,-2.8,C0399440,M000001,1,0,DisGeNET,35,Hereditary gingival fibromatosis,,-2.8,5.9,4.5,30293,86,300,5,1.7,0.74,331|1029|1499|2335|6469,XIAP|CDKN2A|CTNNB1|FN1|SHH,-1.8,0
0,0,0,0,1,0,0,0,0,0,-2.8,0,C0426970,M000010,1,0,DisGeNET,35,Spastic Quadriplegia,,-2.8,5.9,4.5,30293,86,300,5,1.7,0.74,6509|7846|22931|23141|64207,SLC1A4|TUBA1A|RAB18|ANKLE2|IRF2BPL,-1.8,0
0,0,0,1,0,0,0,0,0,-2.8,0,0,C0028961,M000100,1,0,DisGeNET,35,Oliguria,,-2.8,13,5.7,30293,24,300,3,1,0.57,1471|5644|6690,CST3|PRSS1|SPINK1,-1.8,0
1,0,0,0,0,0,-2.8,0,0,0,0,0,C0032768,M100000,1,0,DisGeNET,35,Postherpetic neuralgia,,-2.8,13,5.7,30293,24,300,3,1,0.57,285|2643|3576,ANGPT2|GCH1|CXCL8,-1.8,0
1,0,0,0,0,0,-2.8,0,0,0,0,0,C0162568,M100000,1,0,DisGeNET,35,Erythropoietic Protoporphyria,,-2.8,13,5.7,30293,24,300,3,1,0.57,374|3162|8740,AREG|HMOX1|TNFSF14,-1.8,0
1,0,0,0,0,0,-2.8,0,0,0,0,0,C0349532,M100000,1,0,DisGeNET,35,Gastric lymphoma,,-2.8,13,5.7,30293,24,300,3,1,0.57,330|355|3717,BIRC3|FAS|JAK2,-1.8,0
1,0,0,0,0,0,-2.8,0,0,0,0,0,C0580174,M100000,1,0,DisGeNET,35,Portal hypertensive gastropathy,,-2.8,13,5.7,30293,24,300,3,1,0.57,355|5970|27113,FAS|RELA|BBC3,-1.8,0
0,0,0,0,0,1,0,0,0,0,0,-2.8,C0742038,M000001,1,0,DisGeNET,35,Cerebellar signs,,-2.8,13,5.7,30293,24,300,3,1,0.57,822|5663|10749,CAPG|PSEN1|KIF1C,-1.8,0
0,0,0,1,0,0,0,0,0,-2.8,0,0,C1333763,M000100,1,0,DisGeNET,35,Gastric Cardia Carcinoma,,-2.8,13,5.7,30293,24,300,3,1,0.57,3880|5562|7178,KRT19|PRKAA1|TPT1,-1.8,0
0,0,0,1,0,0,0,0,0,-2.8,0,0,C1527352,M000100,1,0,DisGeNET,35,Hepatic Form of Wilson Disease,,-2.8,13,5.7,30293,24,300,3,1,0.57,348|5530|7076,APOE|PPP3CA|TIMP1,-1.8,0
0,0,0,1,0,0,0,0,0,-2.8,0,0,C1842402,M000100,1,0,DisGeNET,35,TROPICAL CALCIFIC PANCREATITIS,,-2.8,13,5.7,30293,24,300,3,1,0.57,5644|5645|6690,PRSS1|PRSS2|SPINK1,-1.8,0
0,0,0,1,0,0,0,0,0,-2.8,0,0,C2939175,M000100,1,0,DisGeNET,35,Meconium ileus,,-2.8,13,5.7,30293,24,300,3,1,0.57,4586|5644|7040,MUC5AC|PRSS1|TGFB1,-1.8,0
0,0,0,0,1,0,0,0,0,0,-2.8,0,C3665629,M000010,1,0,DisGeNET,35,Dental fluorosis,,-2.8,13,5.7,30293,24,300,3,1,0.57,4318|7077|7286,MMP9|TIMP2|TUFT1,-1.8,0
0,0,0,0,1,0,0,0,0,0,-2.8,0,C0025362,M000010,1,0,DisGeNET,35,Mental Retardation,,-2.8,2.6,3.6,30293,504,300,13,4.3,1.2,547|1627|2316|2664|3097|5048|7846|8851|8905|10085|26047|29954|57060,KIF1A|DBN1|FLNA|GDI1|HIVEP2|PAFAH1B1|TUBA1A|CDK5R1|AP1S2|EDIL3|CNTNAP2|POMT2|PCBP4,-1.8,0
0,0,0,0,1,0,0,0,0,0,-2.8,0,C0026034,M000010,1,0,DisGeNET,35,Microstomia,,-2.8,4.1,4.1,30293,172,300,7,2.3,0.87,1906|2316|3097|5048|8642|9469|29940,EDN1|FLNA|HIVEP2|PAFAH1B1|DCHS1|CHST3|DSE,-1.8,0
0,0,0,0,1,0,0,0,0,0,-2.8,0,C1691215,M000010,1,0,DisGeNET,35,Penile hypospadias,,-2.8,4.8,4.3,30293,127,300,6,2,0.81,467|960|3726|5293|10046|10085,ATF3|CD44|JUNB|PIK3CD|MAMLD1|EDIL3,-1.8,0
0,1,1,0,0,0,0,-2.8,-2.2,0,0,0,C0343401,M011000,2,0,DisGeNET,35,MRSA - Methicillin resistant Staphylococcus aureus infection,,-2.8,3.7,4,30293,222,299,8,2.7,0.93,847|1075|2720|4069|5345|10551|25870|155465,CAT|CTSC|GLB1|LYZ|SERPINF2|AGR2|SUMF2|AGR3,-1.8,0
0,0,1,0,0,0,0,0,-2.8,0,0,0,C0021843,M001000,1,0,DisGeNET,35,Intestinal Obstruction,,-2.8,5.8,4.5,30293,87,299,5,1.7,0.74,1080|5743|9536|55717|64127,CFTR|PTGS2|PTGES|WDR11|NOD2,-1.8,0
0,1,0,0,0,0,0,-2.8,0,0,0,0,C2830004,M010000,1,0,DisGeNET,35,Somnolence,,-2.8,5.8,4.5,30293,87,299,5,1.7,0.74,1312|2147|4128|7067|7351,COMT|F2|MAOA|THRA|UCP2,-1.8,0
0,0,1,0,0,0,0,0,-2.8,0,0,0,C0346163,M001000,1,0,DisGeNET,35,Endometrioid carcinoma ovary,,-2.8,7.8,4.9,30293,52,299,4,1.3,0.66,3486|5743|7157|83878,IGFBP3|PTGS2|TP53|USHBP1,-1.8,0
1,1,0,0,0,1,-2.8,-2.1,0,0,0,-2.1,C1334274,M110001,3,0,DisGeNET,35,Invasive Carcinoma,,-2.8,4.1,4.1,30293,173,300,7,2.3,0.87,2919|3732|5328|5371|6776|8549|346389,CXCL1|CD82|PLAU|PML|STAT5A|LGR5|MACC1,-1.8,0
0,0,0,1,1,0,0,0,0,-2.8,-2.8,0,C0005398,M000110,2,0,DisGeNET,35,"Cholestasis, Extrahepatic",,-2.8,5.8,4.5,30293,87,300,5,1.7,0.74,2353|4586|7040|7076|8714,FOS|MUC5AC|TGFB1|TIMP1|ABCC3,-1.8,0
0,0,0,0,1,0,0,0,0,0,-2.8,0,C0007286,M000010,1,0,DisGeNET,35,Carpal Tunnel Syndrome,,-2.8,5.8,4.5,30293,87,300,5,1.7,0.74,215|2004|3371|4318|4319,ABCD1|ELK3|TNC|MMP9|MMP10,-1.8,0
0,0,0,0,1,0,0,0,0,0,-2.8,0,C0017606,M000010,1,0,DisGeNET,35,Primary angle-closure glaucoma,,-2.8,5.8,4.5,30293,87,300,5,1.7,0.74,1627|4017|4318|7042|10979,DBN1|LOXL2|MMP9|TGFB2|FERMT2,-1.8,0
0,0,0,0,0,1,0,0,0,0,0,-2.8,C1963060,M000001,1,0,DisGeNET,35,"Agitation, CTCAE 3.0",,-2.8,5.8,4.5,30293,87,300,5,1.7,0.74,5445|5663|8878|10133|65018,PON2|PSEN1|SQSTM1|OPTN|PINK1,-1.8,0
0,0,0,0,0,1,0,0,0,0,0,-2.8,C4552855,M000001,1,0,DisGeNET,35,"Agitation, CTCAE 5.0",,-2.8,5.8,4.5,30293,87,300,5,1.7,0.74,5445|5663|8878|10133|65018,PON2|PSEN1|SQSTM1|OPTN|PINK1,-1.8,0
0,0,0,0,1,0,0,0,0,0,-2.8,0,C0006663,M000010,1,0,DisGeNET,35,Calcinosis,,-2.8,7.8,4.9,30293,52,300,4,1.3,0.66,3688|4318|5155|7077,ITGB1|MMP9|PDGFB|TIMP2,-1.8,0
0,0,0,0,1,0,0,0,0,0,-2.8,0,C0029866,M000010,1,0,DisGeNET,35,Other ureteric obstruction,,-2.8,7.8,4.9,30293,52,300,4,1.3,0.66,1072|1906|5155|6498,CFL1|EDN1|PDGFB|SKIL,-1.8,0
1,0,0,0,0,0,-2.8,0,0,0,0,0,C1258085,M100000,1,0,DisGeNET,35,Barrett Epithelium,,-2.8,7.8,4.9,30293,52,300,4,1.3,0.66,2950|3576|5970|51094,GSTP1|CXCL8|RELA|ADIPOR1,-1.8,0
1,0,0,0,0,0,-2.8,0,0,0,0,0,C2613439,M100000,1,0,DisGeNET,35,Extramedullary Hematopoiesis (disorder),,-2.8,7.8,4.9,30293,52,300,4,1.3,0.66,860|3454|3717|7403,RUNX2|IFNAR1|JAK2|KDM6A,-1.8,0
0,0,0,1,0,0,0,0,0,-2.8,0,0,C4021219,M000100,1,0,DisGeNET,35,Multifocal epileptiform discharges,,-2.8,7.8,4.9,30293,52,300,4,1.3,0.66,5530|7991|10765|23043,PPP3CA|TUSC3|KDM5B|TNIK,-1.8,0
1,0,0,0,1,0,-2,0,0,0,-2.8,0,C0024636,M100010,2,0,DisGeNET,35,Malocclusion,,-2.8,4.7,4.2,30293,128,300,6,2,0.81,1906|2316|3984|8642|91252|285590,EDN1|FLNA|LIMK1|DCHS1|SLC39A13|SH3PXD2B,-1.8,0
1,0,0,0,1,0,-2.7,0,0,0,-2.7,0,C0011334,M100010,2,0,DisGeNET,35,Dental caries,,-2.7,3.1,3.8,30293,330,300,10,3.3,1,650|860|1540|3576|3663|4312|7461|25819|64065|80169,BMP2|RUNX2|CYLD|CXCL8|IRF5|MMP1|CLIP2|NOCT|PERP|CTC1,-1.8,0
0,0,0,0,0,1,0,0,0,0,0,-2.7,C0200665,M000001,1,0,DisGeNET,35,Platelet mean volume determination (procedure),,-2.7,3.6,3.9,30293,223,300,8,2.7,0.93,977|1729|5817|5899|8407|10109|23052|63027,CD151|DIAPH1|PVR|RALB|TAGLN2|ARPC2|ENDOD1|SLC22A23,-1.8,0
1,1,0,1,0,0,-2.1,-2.1,0,-2.7,0,0,C0750901,M110100,3,0,DisGeNET,35,"Alzheimer Disease, Early Onset",,-2.7,4.1,4.1,30293,174,300,7,2.3,0.87,348|351|1471|2353|3481|7018|23646,APOE|APP|CST3|FOS|IGF2|TF|PLD3,-1.8,0
0,0,0,1,1,0,0,0,0,-2.1,-2.7,0,C1333990,M000110,2,0,DisGeNET,35,Hereditary Nonpolyposis Colorectal Cancer,,-2.7,4.1,4.1,30293,174,300,7,2.3,0.87,960|2004|2113|3680|4092|5293|7077,CD44|ELK3|ETS1|ITGA9|SMAD7|PIK3CD|TIMP2,-1.8,0
0,1,0,0,0,0,0,-2.7,0,0,0,0,C0005893,M010000,1,0,DisGeNET,35,Body mass index procedure,,-2.7,5.8,4.5,30293,88,299,5,1.7,0.74,1312|6721|8701|10144|54814,COMT|SREBF2|DNAH11|FAM13A|QPCTL,-1.8,0
0,1,0,0,0,0,0,-2.7,0,0,0,0,C0578022,M010000,1,0,DisGeNET,35,Finding of body mass index,,-2.7,5.8,4.5,30293,88,299,5,1.7,0.74,1312|6721|8701|10144|54814,COMT|SREBF2|DNAH11|FAM13A|QPCTL,-1.8,0
1,0,1,0,1,1,-2.2,0,-2.7,0,-2.7,-2.2,C3900098,M101011,4,0,DisGeNET,35,Adult Myelodysplastic Syndrome,,-2.7,3.1,3.8,30293,332,299,10,3.3,1,2235|3105|6774|7157|8506|8743|9734|23092|25897|79139,FECH|HLA-A|STAT3|TP53|CNTNAP1|TNFSF10|HDAC9|ARHGAP26|RNF19A|DERL1,-1.8,0
0,0,0,0,1,0,0,0,0,0,-2.7,0,C0265660,M000010,1,0,DisGeNET,35,Syndactyly of the toes,,-2.7,4.7,4.2,30293,129,300,6,2,0.81,2316|3981|7476|51339|57514|145173,FLNA|LIG4|WNT7A|DACT1|ARHGAP31|B3GLCT,-1.8,0
1,0,0,0,0,0,-2.7,0,0,0,0,0,C0024031,M100000,1,0,DisGeNET,35,Low Back Pain,,-2.7,5.7,4.5,30293,88,300,5,1.7,0.74,355|3572|3576|4312|6778,FAS|IL6ST|CXCL8|MMP1|STAT6,-1.8,0
1,0,0,0,0,0,-2.7,0,0,0,0,0,C0030481,M100000,1,0,DisGeNET,35,Tropical Spastic Paraparesis,,-2.7,5.7,4.5,30293,88,300,5,1.7,0.74,2625|3107|4792|5970|8837,GATA3|HLA-C|NFKBIA|RELA|CFLAR,-1.8,0
0,0,0,1,0,0,0,0,0,-2.7,0,0,C0011168,M000100,1,0,DisGeNET,35,Deglutition Disorders,,-2.7,2.9,3.7,30293,389,300,11,3.7,1.1,348|351|538|950|1486|3691|10577|50484|55773|57462|79932,APOE|APP|ATP7A|SCARB2|CTBS|ITGB4|NPC2|RRM2B|TBC1D23|MYORG|KIAA0319L,-1.8,0
0,0,1,0,0,0,0,0,-2.7,0,0,0,C0017677,M001000,1,0,DisGeNET,35,"Glossitis, Benign Migratory",,-2.7,7.6,4.8,30293,53,299,4,1.3,0.66,3105|3627|6373|7096,HLA-A|CXCL10|CXCL11|TLR1,-1.8,0
1,0,1,0,0,0,-2.7,0,-2.7,0,0,0,C0279651,M101000,2,0,DisGeNET,35,Gallbladder adenocarcinoma,,-2.7,7.6,4.8,30293,53,299,4,1.3,0.66,6646|7157|7297|10970,SOAT1|TP53|TYK2|CKAP4,-1.8,0
0,0,1,0,0,0,0,0,-2.7,0,0,0,C0392164,M001000,1,0,DisGeNET,35,Pulmonary Cystic Fibrosis,,-2.7,7.6,4.8,30293,53,299,4,1.3,0.66,1080|6374|7096|7097,CFTR|CXCL5|TLR1|TLR2,-1.8,0
0,0,1,0,1,0,0,0,-2.7,0,-2.7,0,C0019212,M001010,2,0,DisGeNET,35,Hepatorenal Syndrome,,-2.7,12,5.6,30293,25,299,3,1,0.58,3627|3934|7412,CXCL10|LCN2|VCAM1,-1.8,0
0,0,1,0,0,1,0,0,-2.7,0,0,-2.7,C0022783,M001001,2,0,DisGeNET,35,Vulvar Lichen Sclerosus,,-2.7,12,5.6,30293,25,299,3,1,0.58,3105|7157|10970,HLA-A|TP53|CKAP4,-1.8,0
0,0,1,0,0,0,0,0,-2.7,0,0,0,C0266258,M001000,1,0,DisGeNET,35,Congenital absence of liver,,-2.7,12,5.6,30293,25,299,3,1,0.58,3604|6774|7157,TNFRSF9|STAT3|TP53,-1.8,0
0,1,0,0,0,0,0,-2.7,0,0,0,0,C2316787,M010000,1,0,DisGeNET,35,Chronic kidney disease stage 3,,-2.7,12,5.6,30293,25,299,3,1,0.58,196|1191|55937,AHR|CLU|APOM,-1.8,0
0,0,1,0,0,0,0,0,-2.7,0,0,0,C3276036,M001000,1,0,DisGeNET,35,High anterior hairline,,-2.7,12,5.6,30293,25,299,3,1,0.58,8506|54361|64135,CNTNAP1|WNT4|IFIH1,-1.8,0
0,0,1,0,0,0,0,0,-2.7,0,0,0,C3890737,M001000,1,0,DisGeNET,35,Autoinflammatory Syndrome,,-2.7,12,5.6,30293,25,299,3,1,0.58,6774|7128|64127,STAT3|TNFAIP3|NOD2,-1.8,0
1,0,0,0,1,0,-2.1,0,0,0,-2.7,0,C0029882,M100010,2,0,DisGeNET,35,Otitis Media,,-2.7,4,4,30293,175,300,7,2.3,0.87,960|1843|3984|4318|4688|5293|285590,CD44|DUSP1|LIMK1|MMP9|NCF2|PIK3CD|SH3PXD2B,-1.8,0
0,0,0,0,1,0,0,0,0,0,-2.7,0,C0085281,M000010,1,0,DisGeNET,35,Addictive Behavior,,-2.7,3,3.7,30293,332,300,10,3.3,1,43|1843|3589|3984|4318|5293|8682|9260|51083|57060,ACHE|DUSP1|IL11|LIMK1|MMP9|PIK3CD|PEA15|PDLIM7|GAL|PCBP4,-1.8,0
0,0,0,1,0,0,0,0,0,-2.7,0,0,C0028064,M000100,1,0,DisGeNET,35,Niemann-Pick Diseases,,-2.7,12,5.6,30293,25,300,3,1,0.57,348|10577|10924,APOE|NPC2|SMPDL3A,-1.8,0
0,0,0,0,1,0,0,0,0,0,-2.7,0,C0038505,M000010,1,0,DisGeNET,35,Sturge-Weber Syndrome,,-2.7,12,5.6,30293,25,300,3,1,0.57,43|1906|5293,ACHE|EDN1|PIK3CD,-1.8,0
0,0,0,1,0,0,0,0,0,-2.7,0,0,C0040038,M000100,1,0,DisGeNET,35,Thromboembolism,,-2.7,12,5.6,30293,25,300,3,1,0.57,2057|2153|5627,EPOR|F5|PROS1,-1.8,0
0,0,0,1,0,0,0,0,0,-2.7,0,0,C0271901,M000100,1,0,DisGeNET,35,Microcytic hypochromic anemia (disorder),,-2.7,12,5.6,30293,25,300,3,1,0.57,2034|7018|164656,EPAS1|TF|TMPRSS6,-1.8,0
0,0,0,0,0,1,0,0,0,0,0,-2.7,C0282606,M000001,1,0,DisGeNET,35,Myomatous neoplasm,,-2.7,12,5.6,30293,25,300,3,1,0.57,998|1029|2308,CDC42|CDKN2A|FOXO1,-1.8,0
1,0,0,0,0,1,-2.7,0,0,0,0,-2.7,C0410005,M100001,2,0,DisGeNET,35,Nodular fasciitis,,-2.7,12,5.6,30293,25,300,3,1,0.57,330|4067|4938,BIRC3|LYN|OAS1,-1.8,0
0,0,0,1,0,0,0,0,0,-2.7,0,0,C1318533,M000100,1,0,DisGeNET,35,Secondary polycythemia,,-2.7,12,5.6,30293,25,300,3,1,0.57,2034|2057|2153,EPAS1|EPOR|F5,-1.8,0
0,0,0,1,0,0,0,0,0,-2.7,0,0,C1704231,M000100,1,0,DisGeNET,35,Metastatic Malignant Neoplasm to the Leptomeninges,,-2.7,12,5.6,30293,25,300,3,1,0.57,1471|2064|3880,CST3|ERBB2|KRT19,-1.8,0
1,0,0,0,0,0,-2.7,0,0,0,0,0,C1708565,M100000,1,0,DisGeNET,35,Invasive Cutaneous Melanoma,,-2.7,12,5.6,30293,25,300,3,1,0.57,3732|4312|4893,CD82|MMP1|NRAS,-1.8,0
0,0,0,1,0,0,0,0,0,-2.7,0,0,C1849508,M000100,1,0,DisGeNET,35,"EPILEPSY, PYRIDOXINE-DEPENDENT",,-2.7,12,5.6,30293,25,300,3,1,0.57,2064|2571|284111,ERBB2|GAD1|SLC13A5,-1.8,0
0,0,0,1,0,0,0,0,0,-2.7,0,0,C0456103,M000100,1,0,DisGeNET,35,Sepsis of the newborn,,-2.7,7.6,4.8,30293,53,300,4,1.3,0.66,4240|5562|5644|51573,MFGE8|PRKAA1|PRSS1|GDE1,-1.8,0
0,0,1,0,0,0,0,0,-2.7,0,0,0,C2936664,M001000,1,0,DisGeNET,35,Acquired Hypogammaglobulinemia,,-2.7,5.7,4.4,30293,89,299,5,1.7,0.74,4790|4791|7157|8741|64127,NFKB1|NFKB2|TP53|TNFSF13|NOD2,-1.8,0
0,0,1,0,0,1,0,0,-2.7,0,0,-2.1,C0007129,M001001,2,0,DisGeNET,35,Merkel cell carcinoma,,-2.7,3.6,3.9,30293,226,299,8,2.7,0.93,1302|3105|5743|6774|7096|7097|7157|10970,COL11A2|HLA-A|PTGS2|STAT3|TLR1|TLR2|TP53|CKAP4,-1.8,0
0,1,0,1,0,0,0,-2,0,-2.7,0,0,C4551993,M010100,2,0,DisGeNET,35,"Amyotrophic Lateral Sclerosis, Familial",,-2.7,4.7,4.2,30293,130,300,6,2,0.81,351|598|1471|2353|4485|7277,APP|BCL2L1|CST3|FOS|MST1|TUBA4A,-1.8,0
1,0,1,1,0,0,-2.7,0,-2.1,-2.1,0,0,C0870082,M101100,3,0,DisGeNET,35,Hyperkeratosis,,-2.7,4,4,30293,176,300,7,2.3,0.87,102|355|374|4893|5271|7405|79651,ADAM10|FAS|AREG|NRAS|SERPINB8|UVRAG|RHBDF2,-1.8,0
0,0,0,1,0,0,0,0,0,-2.7,0,0,C0423110,M000100,1,0,DisGeNET,35,Downward slant of palpebral fissure,,-2.7,2.8,3.7,30293,391,300,11,3.7,1.1,538|633|1741|1917|3476|5530|6016|10765|10806|27245|284111,ATP7A|BGN|DLG3|EEF1A2|IGBP1|PPP3CA|RIT1|KDM5B|SDCCAG8|AHDC1|SLC13A5,-1.8,0
0,0,0,1,0,0,0,0,0,-2.7,0,0,C0025312,M000100,1,0,DisGeNET,35,Meningomyelocele,,-2.7,5.7,4.4,30293,89,300,5,1.7,0.74,652|1471|3481|6515|10150,BMP4|CST3|IGF2|SLC2A3|MBNL2,-1.8,0
1,0,1,0,1,1,-2.2,0,-2.7,0,-2.7,-2.2,C2347761,M101011,4,0,DisGeNET,35,Childhood Myelodysplastic Syndrome,,-2.7,3,3.7,30293,335,299,10,3.3,1,2235|3105|6774|7157|8506|8743|9734|23092|25897|79139,FECH|HLA-A|STAT3|TP53|CNTNAP1|TNFSF10|HDAC9|ARHGAP26|RNF19A|DERL1,-1.8,0
0,0,1,0,0,0,0,0,-2.7,0,0,0,C0278838,M001000,1,0,DisGeNET,35,Prostate cancer recurrent,,-2.7,7.5,4.8,30293,54,299,4,1.3,0.66,2235|5743|7157|9734,FECH|PTGS2|TP53|HDAC9,-1.8,0
0,1,0,0,0,0,0,-2.7,0,0,0,0,C0862506,M010000,1,0,DisGeNET,35,Borderline ovarian tumour,,-2.7,7.5,4.8,30293,54,299,4,1.3,0.66,1191|2065|5641|155465,CLU|ERBB3|LGMN|AGR3,-1.8,0
0,0,1,0,0,0,0,0,-2.7,0,0,0,C0887898,M001000,1,0,DisGeNET,35,Experimental Lung Inflammation,,-2.7,7.5,4.8,30293,54,299,4,1.3,0.66,6364|6374|6376|7133,CCL20|CXCL5|CX3CL1|TNFRSF1B,-1.8,0
1,0,1,0,0,0,-2.7,0,-2.7,0,0,0,C1266050,M101000,2,0,DisGeNET,35,Poorly Differentiated Thyroid Carcinoma,,-2.7,7.5,4.8,30293,54,299,4,1.3,0.66,4856|5743|6774|7157,CCN3|PTGS2|STAT3|TP53,-1.8,0
0,0,1,0,0,1,0,0,-2.7,0,0,-2.7,C0206704,M001001,2,0,DisGeNET,35,"Carcinoma, Large Cell",,-2.7,5.6,4.4,30293,90,299,5,1.7,0.74,6774|7157|9235|10970|29108,STAT3|TP53|IL32|CKAP4|PYCARD,-1.8,0
0,0,1,0,0,0,0,0,-2.7,0,0,0,C1275126,M001000,1,0,DisGeNET,35,TNF receptor-associated periodic fever syndrome (TRAPS),,-2.7,5.6,4.4,30293,90,299,5,1.7,0.74,7097|7133|10148|25897|64127,TLR2|TNFRSF1B|EBI3|RNF19A|NOD2,-1.8,0
0,0,0,0,1,0,0,0,0,0,-2.7,0,C0151611,M000010,1,0,DisGeNET,35,Electroencephalogram abnormal,,-2.7,3.6,3.9,30293,227,300,8,2.7,0.93,2782|3694|5048|8905|26047|29954|57514|64207,GNB1|ITGB6|PAFAH1B1|AP1S2|CNTNAP2|POMT2|ARHGAP31|IRF2BPL,-1.8,0
0,0,0,1,0,0,0,0,0,-2.7,0,0,C0008372,M000100,1,0,DisGeNET,35,Intrahepatic Cholestasis,,-2.7,7.5,4.8,30293,54,300,4,1.3,0.66,1958|5174|5265|164656,EGR1|PDZK1|SERPINA1|TMPRSS6,-1.8,0
0,0,0,0,0,1,0,0,0,0,0,-2.7,C0265673,M000001,1,0,DisGeNET,35,Congenital kyphosis,,-2.7,7.5,4.8,30293,54,300,4,1.3,0.66,822|1969|6737|7057,CAPG|EPHA2|TRIM21|THBS1,-1.8,0
0,0,0,1,0,0,0,0,0,-2.7,0,0,C0699743,M000100,1,0,DisGeNET,35,Congenital muscular dystrophy (disorder),,-2.7,7.5,4.8,30293,54,300,4,1.3,0.66,633|1291|7040|7076,BGN|COL6A1|TGFB1|TIMP1,-1.8,0
0,1,0,0,0,0,0,-2.7,0,0,0,0,C0240066,M010000,1,0,DisGeNET,35,Iron deficiency,,-2.7,4,4,30293,178,299,7,2.3,0.87,48|54|682|847|7276|7802|283375,ACO1|ACP5|BSG|CAT|TTR|DNALI1|SLC39A5,-1.8,0
1,0,0,1,0,0,-2.3,0,0,-2.7,0,0,C1837461,M100100,2,0,DisGeNET,35,"SCOLIOSIS, ISOLATED, SUSCEPTIBILITY TO, 3",,-2.7,2.4,3.5,30293,578,300,14,4.7,1.2,2036|4745|5071|6296|8848|10106|23043|23143|23268|25849|26010|57537|81846|114884,EPB41L1|NELL1|PRKN|ACSM3|TSC22D1|CTDSP2|TNIK|LRCH1|DNMBP|PARM1|SPATS2L|SORCS2|SBF2|OSBPL10,-1.8,0
0,0,0,1,0,0,0,0,0,-2.7,0,0,C0280483,M000100,1,0,DisGeNET,35,Adult Anaplastic Astrocytoma,,-2.7,5.6,4.4,30293,90,300,5,1.7,0.74,604|894|3485|8848|92745,BCL6|CCND2|IGFBP2|TSC22D1|SLC38A5,-1.8,0
0,0,0,1,0,0,0,0,0,-2.7,0,0,C4551548,M000100,1,0,DisGeNET,35,Grade III Childhood Astrocytoma,,-2.7,5.6,4.4,30293,90,300,5,1.7,0.74,604|894|3485|8848|92745,BCL6|CCND2|IGFBP2|TSC22D1|SLC38A5,-1.8,0
0,0,0,0,1,0,0,0,0,0,-2.7,0,C0026010,M000010,1,0,DisGeNET,35,Microphthalmos,,-2.7,3,3.7,30293,336,300,10,3.3,1,220|4318|7477|7846|10125|22931|27067|29954|51339|57514,ALDH1A3|MMP9|WNT7B|TUBA1A|RASGRP1|RAB18|STAU2|POMT2|DACT1|ARHGAP31,-1.8,0
0,0,0,1,0,1,0,0,0,-2.1,0,-2.7,C0018524,M000101,2,0,DisGeNET,35,Hallucinations,,-2.7,4,4,30293,178,300,7,2.3,0.87,1893|2317|5663|8878|23158|23780|65018,ECM1|FLNB|PSEN1|SQSTM1|TBC1D9|APOL2|PINK1,-1.8,0
0,0,0,1,0,0,0,0,0,-2.7,0,0,C0271623,M000100,1,0,DisGeNET,35,Hypogonadotropic hypogonadism,,-2.7,4,4,30293,178,300,7,2.3,0.87,558|5071|5267|6016|50484|81848|199720,AXL|PRKN|SERPINA4|RIT1|RRM2B|SPRY4|GGN,-1.8,0
1,0,0,0,0,0,-2.7,0,0,0,0,0,C0021364,M100000,1,0,DisGeNET,35,Male infertility,,-2.7,2.5,3.5,30293,516,300,13,4.3,1.2,355|2950|3162|3267|3306|5328|6047|6648|9575|23315|23424|51582|64065,FAS|GSTP1|HMOX1|AGFG1|HSPA2|PLAU|RNF4|SOD2|CLOCK|SLC9A8|TDRD7|AZIN1|PERP,-1.7,0
0,0,1,0,0,0,0,0,-2.7,0,0,0,C0024897,M001000,1,0,DisGeNET,35,Mastocytoma,,-2.7,12,5.4,30293,26,299,3,1,0.58,7098|7157|9466,TLR3|TP53|IL27RA,-1.7,0
0,1,0,0,0,0,0,-2.7,0,0,0,0,C0030662,M010000,1,0,DisGeNET,35,"Gambling, Pathological",,-2.7,12,5.4,30293,26,299,3,1,0.58,1312|4128|5360,COMT|MAOA|PLTP,-1.7,0
0,0,1,0,0,0,0,0,-2.7,0,0,0,C0034362,M001000,1,0,DisGeNET,35,Q Fever,,-2.7,12,5.4,30293,26,299,3,1,0.58,3627|6774|7133,CXCL10|STAT3|TNFRSF1B,-1.7,0
1,1,0,0,0,0,-2.7,-2.7,0,0,0,0,C0238506,M110000,2,0,DisGeNET,35,Congenital posterior urethral valves,,-2.7,12,5.4,30293,26,299,3,1,0.58,738|6519|7108,VPS51|SLC3A1|TM7SF2,-1.7,0
0,0,1,0,0,0,0,0,-2.7,0,0,0,C2242987,M001000,1,0,DisGeNET,35,Benign Mastocytoma,,-2.7,12,5.4,30293,26,299,3,1,0.58,7098|7157|9466,TLR3|TP53|IL27RA,-1.7,0
0,0,1,0,0,0,0,0,-2.7,0,0,0,C3267003,M001000,1,0,DisGeNET,35,Vascular endothelial growth factor overexpression,,-2.7,12,5.4,30293,26,299,3,1,0.58,5743|6774|7157,PTGS2|STAT3|TP53,-1.7,0
0,0,1,0,0,0,0,0,-2.7,0,0,0,C3839753,M001000,1,0,DisGeNET,35,Abnormality of nail of toe,,-2.7,12,5.4,30293,26,299,3,1,0.58,2706|80326|84818,GJB2|WNT10A|IL17RC,-1.7,0
0,1,0,0,0,0,0,-2.7,0,0,0,0,C0020474,M010000,1,0,DisGeNET,35,"Hyperlipidemia, Familial Combined",,-2.7,5.6,4.4,30293,91,299,5,1.7,0.74,335|336|738|51085|201501,APOA1|APOA2|VPS51|MLXIPL|ZBTB7C,-1.7,0
0,1,0,0,1,0,0,-2.7,0,0,-2.7,0,C1862389,M010010,2,0,DisGeNET,35,ATRIAL SEPTAL DEFECT 1,,-2.7,5.6,4.4,30293,91,299,5,1.7,0.74,847|1312|23081|51316|64374,CAT|COMT|KDM4C|PLAC8|SIL1,-1.7,0
0,0,0,0,0,1,0,0,0,0,0,-2.7,C0149826,M000001,1,0,DisGeNET,35,Gastric adenoma,,-2.7,12,5.4,30293,26,300,3,1,0.57,1029|1499|7057,CDKN2A|CTNNB1|THBS1,-1.7,0
1,0,0,0,0,0,-2.7,0,0,0,0,0,C0406709,M100000,1,0,DisGeNET,35,Hay-Wells syndrome,,-2.7,12,5.4,30293,26,300,3,1,0.57,3576|7405|9076,CXCL8|UVRAG|CLDN1,-1.7,0
1,0,0,0,0,0,-2.7,0,0,0,0,0,C1860320,M100000,1,0,DisGeNET,35,Bone marrow hypercellularity,,-2.7,12,5.4,30293,26,300,3,1,0.57,355|3717|5371,FAS|JAK2|PML,-1.7,0
0,0,0,0,0,1,0,0,0,0,0,-2.7,C3887612,M000001,1,0,DisGeNET,35,Psychomotor Agitation,,-2.7,12,5.4,30293,26,300,3,1,0.57,2055|5663|8878,CLN8|PSEN1|SQSTM1,-1.7,0
0,1,0,1,0,0,0,-2.7,0,-2.7,0,0,C0085584,M010100,2,0,DisGeNET,35,Encephalopathies,,-2.7,2.7,3.6,30293,457,299,12,4,1.1,174|738|1915|2147|2348|2752|6576|7108|7276|8635|9071|23474,AFP|VPS51|EEF1A1|F2|FOLR1|GLUL|SLC25A1|TM7SF2|TTR|RNASET2|CLDN10|ETHE1,-1.7,0
1,0,1,1,0,0,-2.7,0,-2.7,-2.7,0,0,C0423798,M101100,3,0,DisGeNET,35,Increased tendency to bruise,,-2.7,4.6,4.1,30293,133,299,6,2,0.81,716|843|2811|5167|6774|79798,C1S|CASP10|GP1BA|ENPP1|STAT3|ARMC5,-1.7,0
0,0,0,0,1,0,0,0,0,0,-2.7,0,C0028945,M000010,1,0,DisGeNET,35,oligodendroglioma,,-2.7,3.2,3.8,30293,282,300,9,3,0.98,960|1030|1072|3371|5293|10085|10763|26047|57142,CD44|CDKN2B|CFL1|TNC|PIK3CD|EDIL3|NES|CNTNAP2|RTN4,-1.7,0
1,0,0,1,0,0,-2.7,0,0,-2.7,0,0,C4511452,M100100,2,0,DisGeNET,35,Sporadic Parkinson disease,,-2.7,3.9,4,30293,179,300,7,2.3,0.87,12|1812|2950|6648|26281|64778|81615,SERPINA3|DRD1|GSTP1|SOD2|FGF20|FNDC3B|TMEM163,-1.7,0
0,1,1,1,0,0,0,-2.2,-2.2,-2.7,0,0,C0018681,M011100,3,0,DisGeNET,35,Headache,,-2.7,3,3.7,30293,338,300,10,3.3,1,348|351|2057|2064|2571|4035|6296|7040|50808|162417,APOE|APP|EPOR|ERBB2|GAD1|LRP1|ACSM3|TGFB1|AK3|NAGS,-1.7,0
0,0,1,0,0,1,0,0,-2.2,0,0,-2.7,C1333015,M001001,2,0,DisGeNET,35,Childhood Kidney Wilms Tumor,,-2.7,3,3.7,30293,338,300,10,3.3,1,861|977|1029|1499|2314|5154|7057|7251|7262|23158,RUNX1|CD151|CDKN2A|CTNNB1|FLII|PDGFA|THBS1|TSG101|PHLDA2|TBC1D9,-1.7,0
0,0,1,0,0,0,0,0,-2.7,0,0,0,C0041228,M001000,1,0,DisGeNET,35,African Trypanosomiasis,,-2.7,7.4,4.7,30293,55,299,4,1.3,0.66,3627|4045|8542|27074,CXCL10|LSAMP|APOL1|LAMP3,-1.7,0
0,0,1,0,0,0,0,0,-2.7,0,0,0,C0848548,M001000,1,0,DisGeNET,35,hypertensive nephropathy,,-2.7,7.4,4.7,30293,55,299,4,1.3,0.66,567|718|6524|8542,B2M|C3|SLC5A2|APOL1,-1.7,0
0,0,1,0,0,0,0,0,-2.7,0,0,0,C1320214,M001000,1,0,DisGeNET,35,Invasive Streptococcus pneumoniae disease,,-2.7,7.4,4.7,30293,55,299,4,1.3,0.66,4794|5724|7097|7098,NFKBIE|PTAFR|TLR2|TLR3,-1.7,0
0,0,0,0,0,1,0,0,0,0,0,-2.7,C0280449,M000001,1,0,DisGeNET,35,secondary acute myeloid leukemia,,-2.7,5.5,4.3,30293,91,300,5,1.7,0.74,861|1499|4323|23158|283638,RUNX1|CTNNB1|MMP14|TBC1D9|CEP170B,-1.7,0
0,0,0,0,0,1,0,0,0,0,0,-2.7,C0262587,M000001,1,0,DisGeNET,35,Parathyroid Adenoma,,-2.7,4.6,4.1,30293,133,300,6,2,0.81,1026|1029|1499|9564|23158|23677,CDKN1A|CDKN2A|CTNNB1|BCAR1|TBC1D9|SH3BP4,-1.7,0
0,0,0,1,0,0,0,0,0,-2.7,0,0,C0746102,M000100,1,0,DisGeNET,35,Chronic lung disease,,-2.7,4.6,4.1,30293,133,300,6,2,0.81,3481|3875|4680|5265|7040|51573,IGF2|KRT18|CEACAM6|SERPINA1|TGFB1|GDE1,-1.7,0
1,0,0,0,0,0,-2.7,0,0,0,0,0,C1849089,M100000,1,0,DisGeNET,35,Broad forehead,,-2.7,4.6,4.1,30293,133,300,6,2,0.81,650|860|4125|4893|7461|26137,BMP2|RUNX2|MAN2B1|NRAS|CLIP2|ZBTB20,-1.7,0
1,0,0,0,0,0,-2.7,0,0,0,0,0,C0018023,M100000,1,0,DisGeNET,35,Nodular Goiter,,-2.7,7.3,4.7,30293,55,300,4,1.3,0.66,355|4893|6528|221895,FAS|NRAS|SLC5A5|JAZF1,-1.7,0
1,0,0,0,0,0,-2.7,0,0,0,0,0,C0869220,M100000,1,0,DisGeNET,35,"Adverse effects, not elsewhere classified",,-2.7,7.3,4.7,30293,55,300,4,1.3,0.66,3660|9215|30844|56894,IRF2|LARGE1|EHD4|AGPAT3,-1.7,0
0,0,0,0,1,1,0,0,0,0,-2,-2.7,C0085136,M000011,2,0,DisGeNET,35,Central Nervous System Neoplasms,,-2.7,3.9,3.9,30293,180,300,7,2.3,0.87,822|1026|1029|1499|1969|2802|64285,CAPG|CDKN1A|CDKN2A|CTNNB1|EPHA2|GOLGA3|RHBDF1,-1.7,0
0,0,0,0,1,0,0,0,0,0,-2.7,0,C1837249,M000010,1,0,DisGeNET,35,"Malformations of Cortical Development, Group II",,-2.7,3.9,3.9,30293,180,300,7,2.3,0.87,1000|2316|3688|5048|5155|7846|56882,CDH2|FLNA|ITGB1|PAFAH1B1|PDGFB|TUBA1A|CDC42SE1,-1.7,0
1,1,1,0,1,0,-2.6,-2,-2.7,0,-2,0,C1719672,M111010,4,0,DisGeNET,35,Severe Sepsis,,-2.7,3.9,3.9,30293,181,299,7,2.3,0.87,637|3604|3934|4790|7096|7097|7133,BID|TNFRSF9|LCN2|NFKB1|TLR1|TLR2|TNFRSF1B,-1.7,0
0,0,0,0,1,0,0,0,0,0,-2.7,0,C1850049,M000010,1,0,DisGeNET,35,Clinodactyly of the 5th finger,,-2.7,3.2,3.7,30293,284,300,9,3,0.98,3981|3984|5048|5922|22931|23129|51339|145173|285590,LIG4|LIMK1|PAFAH1B1|RASA2|RAB18|PLXND1|DACT1|B3GLCT|SH3PXD2B,-1.7,0
1,0,1,0,0,0,-2.6,0,-2.6,0,0,0,C0004610,M101000,2,0,DisGeNET,35,Bacteremia,,-2.6,3.5,3.8,30293,232,299,8,2.7,0.93,567|718|3627|3684|4794|5743|7097|64127,B2M|C3|CXCL10|ITGAM|NFKBIE|PTGS2|TLR2|NOD2,-1.7,0
0,0,0,0,1,0,0,0,0,0,-2.6,0,C3553764,M000010,1,0,DisGeNET,35,Joint hyperflexibility,,-2.6,3.9,3.9,30293,181,300,7,2.3,0.87,2316|3981|3984|5744|5922|7042|84627,FLNA|LIG4|LIMK1|PTHLH|RASA2|TGFB2|ZNF469,-1.7,0
0,0,0,0,1,0,0,0,0,0,-2.6,0,C0017654,M000010,1,0,DisGeNET,35,Glomerular Filtration Rate,,-2.6,2.8,3.6,30293,399,300,11,3.7,1.1,2887|3084|4092|6498|7476|8412|9846|22885|57591|84902|121274,GRB10|NRG1|SMAD7|SKIL|WNT7A|BCAR3|GAB2|ABLIM3|MRTFA|CEP89|ZNF641,-1.7,0
0,0,0,0,1,0,0,0,0,0,-2.6,0,C0016202,M000010,1,0,DisGeNET,35,Flatfoot,,-2.6,3.2,3.7,30293,285,300,9,3,0.98,2316|2664|3984|7042|9469|51339|81603|84627|91252,FLNA|GDI1|LIMK1|TGFB2|CHST3|DACT1|TRIM8|ZNF469|SLC39A13,-1.7,0
1,0,1,0,0,0,-2,0,-2.6,0,0,0,C0021841,M101000,2,0,DisGeNET,35,Intestinal Neoplasms,,-2.6,3.9,3.9,30293,182,299,7,2.3,0.87,637|3627|3684|4214|5743|6091|7157,BID|CXCL10|ITGAM|MAP3K1|PTGS2|ROBO1|TP53,-1.7,0
0,0,0,0,1,0,0,0,0,0,-2.6,0,C0025990,M000010,1,0,DisGeNET,35,Micrognathism,,-2.6,2.4,3.5,30293,586,300,14,4.7,1.2,1906|2316|3981|3984|5922|7476|8642|22931|23129|23141|64207|81603|145173|285590,EDN1|FLNA|LIG4|LIMK1|RASA2|WNT7A|DCHS1|RAB18|PLXND1|ANKLE2|IRF2BPL|TRIM8|B3GLCT|SH3PXD2B,-1.7,0
0,0,0,0,1,0,0,0,0,0,-2.6,0,C0338078,M000010,1,0,DisGeNET,35,Non-Functioning Pituitary Gland Neoplasm,,-2.6,7.2,4.7,30293,56,300,4,1.3,0.66,1030|2771|3976|5293,CDKN2B|GNAI2|LIF|PIK3CD,-1.7,0
1,0,0,0,0,0,-2.6,0,0,0,0,0,C0340100,M100000,1,0,DisGeNET,35,High altitude pulmonary edema,,-2.6,7.2,4.7,30293,56,300,4,1.3,0.66,650|1535|2950|3162,BMP2|CYBA|GSTP1|HMOX1,-1.7,0
0,0,0,1,0,0,0,0,0,-2.6,0,0,C0424296,M000100,1,0,DisGeNET,35,Social disinhibition,,-2.6,7.2,4.7,30293,56,300,4,1.3,0.66,351|2896|4035|7040,APP|GRN|LRP1|TGFB1,-1.7,0
0,0,0,1,0,0,0,0,0,-2.6,0,0,C4316812,M000100,1,0,DisGeNET,35,Fibrinogen Deficiency,,-2.6,7.2,4.7,30293,56,300,4,1.3,0.66,1958|2159|9056|201294,EGR1|F10|SLC7A7|UNC13D,-1.7,0
0,1,0,0,0,0,0,-2.6,0,0,0,0,C0235031,M010000,1,0,DisGeNET,35,Neurologic Symptoms,,-2.6,3.5,3.8,30293,233,299,8,2.7,0.93,54|847|1191|2348|2705|2720|3030|5236,ACP5|CAT|CLU|FOLR1|GJB1|GLB1|HADHA|PGM1,-1.7,0
0,0,1,0,0,0,0,0,-2.6,0,0,0,C0034065,M001000,1,0,DisGeNET,35,Pulmonary Embolism,,-2.6,5.4,4.3,30293,93,299,5,1.7,0.74,94|6376|7412|23555|51752,ACVRL1|CX3CL1|VCAM1|TSPAN15|ERAP1,-1.7,0
0,1,0,0,0,0,0,-2.6,0,0,0,0,C1844704,M010000,1,0,DisGeNET,35,Platyspondyly,,-2.6,5.4,4.3,30293,93,299,5,1.7,0.74,54|2720|2990|4041|60681,ACP5|GLB1|GUSB|LRP5|FKBP10,-1.7,0
0,0,0,0,1,0,0,0,0,0,-2.6,0,C0015469,M000010,1,0,DisGeNET,35,Facial paralysis,,-2.6,3.9,3.9,30293,182,300,7,2.3,0.87,2004|2664|5155|23129|29954|29967|84617,ELK3|GDI1|PDGFB|PLXND1|POMT2|LRP12|TUBB6,-1.7,0
1,0,0,0,0,1,-2.6,0,0,0,0,-2,C0265219,M100001,2,0,DisGeNET,35,Miller Dieker syndrome,,-2.6,3.9,3.9,30293,182,300,7,2.3,0.87,3576|3659|3717|4312|4893|5970|80169,CXCL8|IRF1|JAK2|MMP1|NRAS|RELA|CTC1,-1.7,0
0,0,0,1,0,0,0,0,0,-2.6,0,0,C4551584,M000100,1,0,DisGeNET,35,Brain atrophy,,-2.6,3.9,3.9,30293,182,300,7,2.3,0.87,348|351|634|2896|3485|5646|7040,APOE|APP|CEACAM1|GRN|IGFBP2|PRSS3|TGFB1,-1.7,0
0,0,1,0,0,0,0,0,-2.6,0,0,0,C0279546,M001000,1,0,DisGeNET,35,Adult Undifferentiated Pleomorphic Sarcoma,,-2.6,11,5.3,30293,27,299,3,1,0.58,6774|7157|53347,STAT3|TP53|UBASH3A,-1.7,0
0,0,1,0,0,0,0,0,-2.6,0,0,0,C0346053,M001000,1,0,DisGeNET,35,Atypical fibroxanthoma of skin,,-2.6,11,5.3,30293,27,299,3,1,0.58,94|972|7157,ACVRL1|CD74|TP53,-1.7,0
0,1,0,0,0,0,0,-2.6,0,0,0,0,C0523744,M010000,1,0,DisGeNET,35,Lipids measurement,,-2.6,11,5.3,30293,27,299,3,1,0.58,5360|23042|51085,PLTP|PDXDC1|MLXIPL,-1.7,0
0,0,1,0,0,0,0,0,-2.6,0,0,0,C1272321,M001000,1,0,DisGeNET,35,Autoantibody measurement,,-2.6,11,5.3,30293,27,299,3,1,0.58,7297|53347|64135,TYK2|UBASH3A|IFIH1,-1.7,0
0,0,1,0,0,0,0,0,-2.6,0,0,0,C3551426,M001000,1,0,DisGeNET,35,Dystrophic fingernails,,-2.6,11,5.3,30293,27,299,3,1,0.58,2706|6774|80326,GJB2|STAT3|WNT10A,-1.7,0
0,1,0,0,0,0,0,-2.6,0,0,0,0,C3887896,M010000,1,0,DisGeNET,35,Primary Adrenal Insufficiency,,-2.6,11,5.3,30293,27,299,3,1,0.58,738|2752|7108,VPS51|GLUL|TM7SF2,-1.7,0
0,0,1,0,0,0,0,0,-2.6,0,0,0,C3899638,M001000,1,0,DisGeNET,35,Childhood Undifferentiated Pleomorphic Sarcoma,,-2.6,11,5.3,30293,27,299,3,1,0.58,6774|7157|53347,STAT3|TP53|UBASH3A,-1.7,0
1,0,0,0,0,0,-2.6,0,0,0,0,0,C0003855,M100000,1,0,DisGeNET,35,Arteriovenous fistula,,-2.6,5.4,4.3,30293,93,300,5,1.7,0.74,285|3162|3572|4312|9197,ANGPT2|HMOX1|IL6ST|MMP1|SLC33A1,-1.7,0
1,0,0,0,1,0,-2.6,0,0,0,-2.6,0,C0242488,M100010,2,0,DisGeNET,35,Acute Lung Injury,,-2.6,5.4,4.3,30293,93,300,5,1.7,0.74,355|2920|3162|3383|5328,FAS|CXCL2|HMOX1|ICAM1|PLAU,-1.7,0
0,0,0,0,1,0,0,0,0,0,-2.6,0,C3887898,M000010,1,0,DisGeNET,35,Infantile Spasm,,-2.6,5.4,4.3,30293,93,300,5,1.7,0.74,547|2782|5048|6509|64207,KIF1A|GNB1|PAFAH1B1|SLC1A4|IRF2BPL,-1.7,0
0,0,0,1,0,0,0,0,0,-2.6,0,0,C0023522,M000100,1,0,DisGeNET,35,"Leukodystrophy, Metachromatic",,-2.6,11,5.3,30293,27,300,3,1,0.57,348|4035|5794,APOE|LRP1|PTPRH,-1.7,0
1,0,0,0,0,0,-2.6,0,0,0,0,0,C0036939,M100000,1,0,DisGeNET,35,Shared Paranoid Disorder,,-2.6,11,5.3,30293,27,300,3,1,0.57,1812|2730|2950,DRD1|GCLM|GSTP1,-1.7,0
0,0,0,0,0,1,0,0,0,0,0,-2.6,C0392476,M000001,1,0,DisGeNET,35,Epiphyseal dysplasia,,-2.6,11,5.3,30293,27,300,3,1,0.57,2317|9451|55858,FLNB|EIF2AK3|TMEM165,-1.7,0
1,0,0,0,0,0,-2.6,0,0,0,0,0,C2931826,M100000,1,0,DisGeNET,35,Potassium aggravated myotonia,,-2.6,11,5.3,30293,27,300,3,1,0.57,3659|8809|54704,IRF1|IL18R1|PDP1,-1.7,0
0,0,0,1,0,0,0,0,0,-2.6,0,0,C3899403,M000100,1,0,DisGeNET,35,Decreased Concentration,,-2.6,11,5.3,30293,27,300,3,1,0.57,351|634|1471,APP|CEACAM1|CST3,-1.7,0
1,0,1,0,0,0,-2.6,0,-2.6,0,0,0,C0033036,M101000,2,0,DisGeNET,35,Atrial Premature Complexes,,-2.6,3.9,3.9,30293,183,299,7,2.3,0.87,157|972|3604|5743|6646|7157|8190,GRK3|CD74|TNFRSF9|PTGS2|SOAT1|TP53|MIA,-1.7,0
0,1,1,0,0,0,0,-2,-2.6,0,0,0,C0346153,M011000,2,0,DisGeNET,35,"Breast Cancer, Familial",,-2.6,3.9,3.9,30293,183,299,7,2.3,0.87,843|1302|3486|3627|4790|6646|7157,CASP10|COL11A2|IGFBP3|CXCL10|NFKB1|SOAT1|TP53,-1.7,0
1,1,0,0,0,0,-2.6,-2.6,0,0,0,0,C0013146,M110000,2,0,DisGeNET,35,Drug abuse,,-2.6,2.8,3.6,30293,404,299,11,3.7,1.1,196|1312|1728|4128|5345|7276|9514|10397|51082|54414|55902,AHR|COMT|NQO1|MAOA|SERPINF2|TTR|GAL3ST1|NDRG1|POLR1D|SIAE|ACSS2,-1.7,0
0,0,0,0,0,1,0,0,0,0,0,-2.6,C0376634,M000001,1,0,DisGeNET,35,Craniofacial Abnormalities,,-2.6,3.5,3.8,30293,234,300,8,2.7,0.93,71|1499|1827|3664|6469|55858|80146|84910,ACTG1|CTNNB1|RCAN1|IRF6|SHH|TMEM165|UXS1|TMEM87B,-1.7,0
1,0,1,0,0,0,-2.6,0,-2.6,0,0,0,C0017160,M101000,2,0,DisGeNET,35,Gastroenteritis,,-2.6,5.4,4.3,30293,94,299,5,1.7,0.74,4045|4856|6524|25897|27074,LSAMP|CCN3|SLC5A2|RNF19A|LAMP3,-1.7,0
0,0,1,0,0,0,0,0,-2.6,0,0,0,C0023348,M001000,1,0,DisGeNET,35,"Leprosy, Lepromatous",,-2.6,5.4,4.3,30293,94,299,5,1.7,0.74,972|3384|3459|7097|7412,CD74|ICAM2|IFNGR1|TLR2|VCAM1,-1.7,0
0,0,1,0,0,0,0,0,-2.6,0,0,0,C3853540,M001000,1,0,DisGeNET,35,Aspirin exacerbated respiratory disease,,-2.6,5.4,4.3,30293,94,299,5,1.7,0.74,5743|6890|6891|6892|9536,PTGS2|TAP1|TAP2|TAPBP|PTGES,-1.7,0
0,0,0,1,1,0,0,0,0,-2.6,-2.6,0,C0004936,M000110,2,0,DisGeNET,35,Mental disorders,,-2.6,2.2,3.3,30293,789,300,17,5.7,1.3,348|828|1917|1958|2064|2353|2571|3481|4035|4054|5267|5297|5627|10076|54858|55824|114783,APOE|CAPS|EEF1A2|EGR1|ERBB2|FOS|GAD1|IGF2|LRP1|LTBP3|SERPINA4|PI4KA|PROS1|PTPRU|PGPEP1|PAG1|LMTK3,-1.7,0
0,1,1,0,0,0,0,-2.6,-2.6,0,0,0,C0677936,M011000,2,0,DisGeNET,35,Refractory cancer,,-2.6,3.9,3.9,30293,184,299,7,2.3,0.87,292|847|1191|2065|2264|10966|25875,SLC25A5|CAT|CLU|ERBB3|FGFR4|RAB40B|LETMD1,-1.7,0
0,1,0,0,0,0,0,-2.6,0,0,0,0,C1260959,M010000,1,0,DisGeNET,35,Drusen,,-2.6,7.1,4.6,30293,57,299,4,1.3,0.66,283|727|1191|80724,ANG|C5|CLU|ACAD10,-1.7,0
0,0,1,0,0,0,0,0,-2.6,0,0,0,C1963094,M001000,1,0,DisGeNET,35,"Dry Skin, CTCAE",,-2.6,4.4,4,30293,137,299,6,2,0.81,103|7133|8942|64127|64135|80326,ADAR|TNFRSF1B|KYNU|NOD2|IFIH1|WNT10A,-1.7,0
0,0,0,0,1,0,0,0,0,0,-2.6,0,C0017662,M000010,1,0,DisGeNET,35,"Glomerulonephritis, Membranoproliferative",,-2.6,7.1,4.6,30293,57,300,4,1.3,0.66,1906|4318|5293|6876,EDN1|MMP9|PIK3CD|TAGLN,-1.7,0
1,0,0,0,0,0,-2.6,0,0,0,0,0,C0302809,M100000,1,0,DisGeNET,35,Fulminant hepatitis,,-2.6,7.1,4.6,30293,57,300,4,1.3,0.66,355|2131|3162|27113,FAS|EXT1|HMOX1|BBC3,-1.7,0
0,0,0,1,0,0,0,0,0,-2.6,0,0,C0429087,M000100,1,0,DisGeNET,35,Electrocardiogram: P-R interval,,-2.6,7.1,4.6,30293,57,300,4,1.3,0.66,5066|9644|23143|23303,PAM|SH3PXD2A|LRCH1|KIF13B,-1.7,0
0,0,0,0,1,0,0,0,0,0,-2.6,0,C1836150,M000010,1,0,DisGeNET,35,Gait imbalance,,-2.6,7.1,4.6,30293,57,300,4,1.3,0.66,2318|3984|26353|84617,FLNC|LIMK1|HSPB8|TUBB6,-1.7,0
0,0,0,0,1,0,0,0,0,0,-2.6,0,C1866730,M000010,1,0,DisGeNET,35,Rhizomelia,,-2.6,7.1,4.6,30293,57,300,4,1.3,0.66,2137|5744|9469|145173,EXTL3|PTHLH|CHST3|B3GLCT,-1.7,0
0,0,0,0,1,0,0,0,0,0,-2.6,0,C0017605,M000010,1,0,DisGeNET,35,Angle Closure Glaucoma,,-2.6,5.4,4.2,30293,94,300,5,1.7,0.74,1627|4017|4318|7042|10979,DBN1|LOXL2|MMP9|TGFB2|FERMT2,-1.7,0
0,0,0,0,0,1,0,0,0,0,0,-2.6,C0023015,M000001,1,0,DisGeNET,35,Language Disorders,,-2.6,5.4,4.2,30293,94,300,5,1.7,0.74,5663|6469|8878|9289|25759,PSEN1|SHH|SQSTM1|ADGRG1|SHC2,-1.7,0
1,0,0,0,0,0,-2.6,0,0,0,0,0,C0026946,M100000,1,0,DisGeNET,35,Mycoses,,-2.6,5.4,4.2,30293,94,300,5,1.7,0.74,1540|3383|3482|6778|50506,CYLD|ICAM1|IGF2R|STAT6|DUOX2,-1.7,0
1,0,0,0,0,0,-2.6,0,0,0,0,0,C0206368,M100000,1,0,DisGeNET,35,Exfoliation Syndrome,,-2.6,5.4,4.2,30293,94,300,5,1.7,0.74,2950|3576|4312|5371|6648,GSTP1|CXCL8|MMP1|PML|SOD2,-1.7,0
0,0,0,0,0,1,0,0,0,0,0,-2.6,C0398791,M000001,1,0,DisGeNET,35,Nijmegen Breakage Syndrome,,-2.6,5.4,4.2,30293,94,300,5,1.7,0.74,1026|1029|3606|4982|84959,CDKN1A|CDKN2A|IL18|TNFRSF11B|UBASH3B,-1.7,0
0,1,0,0,0,0,0,-2.6,0,0,0,0,C1266042,M010000,1,0,DisGeNET,35,Chromophobe Renal Cell Carcinoma,,-2.6,3.8,3.9,30293,185,299,7,2.3,0.87,210|216|949|1938|2705|10397|23042,ALAD|ALDH1A1|SCARB1|EEF2|GJB1|NDRG1|PDXDC1,-1.7,0
0,0,0,1,1,0,0,0,0,-2.6,-2.2,0,C0040822,M000110,2,0,DisGeNET,35,Tremor,,-2.6,2.5,3.4,30293,528,300,13,4.3,1.2,316|348|538|1384|1917|2064|2571|5071|5530|5627|7178|81848|284111,AOX1|APOE|ATP7A|CRAT|EEF1A2|ERBB2|GAD1|PRKN|PPP3CA|PROS1|TPT1|SPRY4|SLC13A5,-1.7,0
0,1,0,0,0,0,0,-2.6,0,0,0,0,C0027659,M010000,1,0,DisGeNET,35,"Neoplasms, Experimental",,-2.6,5.3,4.2,30293,95,299,5,1.7,0.74,174|196|682|1728|51614,AFP|AHR|BSG|NQO1|ERGIC3,-1.7,0
0,1,0,0,0,0,0,-2.6,0,0,0,0,C0233401,M010000,1,0,DisGeNET,35,Psychiatric symptom,,-2.6,5.3,4.2,30293,95,299,5,1.7,0.74,210|1312|4128|6576|54414,ALAD|COMT|MAOA|SLC25A1|SIAE,-1.7,0
0,1,0,0,0,0,0,-2.6,0,0,0,0,C0234376,M010000,1,0,DisGeNET,35,Action Tremor,,-2.6,5.3,4.2,30293,95,299,5,1.7,0.74,22|2705|4061|4128|6342,ABCB7|GJB1|LY6E|MAOA|SCP2,-1.7,0
0,0,1,1,0,0,0,0,-2.6,-2.6,0,0,C0270922,M001100,2,0,DisGeNET,35,Peripheral demyelinating neuropathy,,-2.6,5.3,4.2,30293,95,299,5,1.7,0.74,103|3627|5743|8506|64135,ADAR|CXCL10|PTGS2|CNTNAP1|IFIH1,-1.7,0
0,0,0,1,0,0,0,0,0,-2.6,0,0,C1839839,M000100,1,0,DisGeNET,35,MAJOR AFFECTIVE DISORDER 2,,-2.6,3.8,3.8,30293,185,300,7,2.3,0.87,348|2571|3485|3628|8399|27352|50484,APOE|GAD1|IGFBP2|INPP1|PLA2G10|SGSM3|RRM2B,-1.7,0
0,0,0,0,1,0,0,0,0,0,-2.6,0,C0010417,M000010,1,0,DisGeNET,35,Cryptorchidism,,-2.6,2.2,3.3,30293,725,300,16,5.3,1.3,960|2316|3981|3984|5922|7476|7846|8905|10046|22931|23141|26047|26277|29954|51339|145173,CD44|FLNA|LIG4|LIMK1|RASA2|WNT7A|TUBA1A|AP1S2|MAMLD1|RAB18|ANKLE2|CNTNAP2|TINF2|POMT2|DACT1|B3GLCT,-1.7,0
1,0,1,0,1,0,-2.6,0,-2.6,0,-2,0,C0002874,M101010,3,0,DisGeNET,35,Aplastic Anemia,,-2.6,3.4,3.7,30293,237,299,8,2.7,0.93,567|3105|3627|6364|6774|7157|8743|200558,B2M|HLA-A|CXCL10|CCL20|STAT3|TP53|TNFSF10|APLF,-1.7,0
1,0,0,0,0,0,-2.6,0,0,0,0,0,C0043194,M100000,1,0,DisGeNET,35,Wiskott-Aldrich Syndrome,,-2.6,5.3,4.2,30293,95,300,5,1.7,0.74,355|2523|4772|4773|5880,FAS|FUT1|NFATC1|NFATC2|RAC2,-1.7,0
0,1,0,0,0,0,0,-2.6,0,0,0,0,C0410528,M010000,1,0,DisGeNET,35,Skeletal dysplasia,,-2.6,3.8,3.8,30293,186,299,7,2.3,0.87,54|4758|5190|7067|10682|23443|51082,ACP5|NEU1|PEX6|THRA|EBP|SLC35A3|POLR1D,-1.7,0
0,0,0,0,0,1,0,0,0,0,0,-2.6,C0001206,M000001,1,0,DisGeNET,35,Acromegaly,,-2.6,4.4,4,30293,138,300,6,2,0.81,1029|4982|5774|5792|6737|55890,CDKN2A|TNFRSF11B|PTPN3|PTPRF|TRIM21|GPRC5C,-1.7,0
0,0,1,0,0,0,0,0,-2.6,0,0,0,C0016037,M001000,1,0,DisGeNET,35,Fibrodysplasia Ossificans Progressiva,,-2.6,7,4.6,30293,58,299,4,1.3,0.66,718|4790|7098|25897,C3|NFKB1|TLR3|RNF19A,-1.7,0
0,0,1,0,0,0,0,0,-2.6,0,0,0,C0036472,M001000,1,0,DisGeNET,35,Scrub Typhus,,-2.6,7,4.6,30293,58,299,4,1.3,0.66,3105|3934|7097|25897,HLA-A|LCN2|TLR2|RNF19A,-1.7,0
0,0,1,0,0,0,0,0,-2.6,0,0,0,C0679362,M001000,1,0,DisGeNET,35,"Tuberculosis, extrapulmonary",,-2.6,7,4.6,30293,58,299,4,1.3,0.66,3459|3627|6376|7097,IFNGR1|CXCL10|CX3CL1|TLR2,-1.7,0
0,1,0,0,0,0,0,-2.6,0,0,0,0,C1857640,M010000,1,0,DisGeNET,35,Decreased nerve conduction velocity,,-2.6,7,4.6,30293,58,299,4,1.3,0.66,2705|4758|5190|10397,GJB1|NEU1|PEX6|NDRG1,-1.7,0
0,1,0,0,0,0,0,-2.6,0,0,0,0,C0020479,M010000,1,0,DisGeNET,35,Hyperlipoproteinemia Type III,,-2.6,11,5.2,30293,28,299,3,1,0.58,335|336|341,APOA1|APOA2|APOC1,-1.7,0
1,0,0,0,0,0,-2.6,0,0,0,0,0,C0001122,M100000,1,0,DisGeNET,35,Acidosis,,-2.6,11,5.2,30293,28,300,3,1,0.57,10723|11254|54704,SLC12A7|SLC6A14|PDP1,-1.7,0
0,0,0,1,0,0,0,0,0,-2.6,0,0,C0028734,M000100,1,0,DisGeNET,35,Nocturia,,-2.6,11,5.2,30293,28,300,3,1,0.57,5627|7040|50484,PROS1|TGFB1|RRM2B,-1.7,0
1,0,0,0,0,0,-2.6,0,0,0,0,0,C0038016,M100000,1,0,DisGeNET,35,Spondylolisthesis,,-2.6,11,5.2,30293,28,300,3,1,0.57,650|860|4125,BMP2|RUNX2|MAN2B1,-1.7,0
0,0,0,0,0,1,0,0,0,0,0,-2.6,C0043207,M000001,1,0,DisGeNET,35,Wolfram Syndrome,,-2.6,11,5.2,30293,28,300,3,1,0.57,824|1729|3566,CAPN2|DIAPH1|IL4R,-1.7,0
1,0,0,0,0,0,-2.6,0,0,0,0,0,C0043395,M100000,1,0,DisGeNET,35,Yellow Fever,,-2.6,11,5.2,30293,28,300,3,1,0.57,3454|7035|55831,IFNAR1|TFPI|EMC3,-1.7,0
0,0,0,0,0,1,0,0,0,0,0,-2.6,C0086432,M000001,1,0,DisGeNET,35,"Hyalinosis, Segmental Glomerular",,-2.6,11,5.2,30293,28,300,3,1,0.57,2335|4627|4643,FN1|MYH9|MYO1E,-1.7,0
0,0,0,0,1,0,0,0,0,0,-2.6,0,C0221060,M000010,1,0,DisGeNET,35,Mobius Syndrome,,-2.6,11,5.2,30293,28,300,3,1,0.57,10409|22931|23129,BASP1|RAB18|PLXND1,-1.7,0
0,0,0,0,1,0,0,0,0,0,-2.6,0,C0279627,M000010,1,0,DisGeNET,35,Adult Acute Myelomonocytic Leukemia,,-2.6,11,5.2,30293,28,300,3,1,0.57,2113|2316|10962,ETS1|FLNA|MLLT11,-1.7,0
0,0,0,0,1,0,0,0,0,0,-2.6,0,C0279644,M000010,1,0,DisGeNET,35,Childhood Acute Myelomonocytic Leukemia,,-2.6,11,5.2,30293,28,300,3,1,0.57,2113|2316|10962,ETS1|FLNA|MLLT11,-1.7,0
0,0,0,0,0,1,0,0,0,0,0,-2.6,C0280788,M000001,1,0,DisGeNET,35,Anaplastic Ependymoma,,-2.6,11,5.2,30293,28,300,3,1,0.57,977|1029|5154,CD151|CDKN2A|PDGFA,-1.7,0
0,0,0,1,0,0,0,0,0,-2.6,0,0,C0280793,M000100,1,0,DisGeNET,35,Mixed Oligodendroglioma-Astrocytoma,,-2.6,11,5.2,30293,28,300,3,1,0.57,3485|7076|81621,IGFBP2|TIMP1|KAZALD1,-1.7,0
0,0,0,1,0,0,0,0,0,-2.6,0,0,C1836156,M000100,1,0,DisGeNET,35,Progressive proximal muscle weakness,,-2.6,11,5.2,30293,28,300,3,1,0.57,1291|2353|10555,COL6A1|FOS|AGPAT2,-1.7,0
0,0,0,0,0,1,0,0,0,0,0,-2.6,C1861537,M000001,1,0,DisGeNET,35,OROFACIAL CLEFT 1,,-2.6,11,5.2,30293,28,300,3,1,0.57,3664|4627|5817,IRF6|MYH9|PVR,-1.7,0
0,0,0,1,0,0,0,0,0,-2.6,0,0,C4023452,M000100,1,0,DisGeNET,35,Elevated C-reactive protein level,,-2.6,11,5.2,30293,28,300,3,1,0.57,5644|5645|6690,PRSS1|PRSS2|SPINK1,-1.7,0
1,0,0,0,0,0,-2.6,0,0,0,0,0,C4082172,M100000,1,0,DisGeNET,35,Porencephalic cyst,,-2.6,11,5.2,30293,28,300,3,1,0.57,4893|55129|285203,NRAS|ANO10|EOGT,-1.7,0
0,0,0,0,1,0,0,0,0,0,-2.6,0,C4281559,M000010,1,0,DisGeNET,35,FRONTOMETAPHYSEAL DYSPLASIA 1,,-2.6,11,5.2,30293,28,300,3,1,0.57,2316|3694|57142,FLNA|ITGB6|RTN4,-1.7,0
0,0,0,1,0,0,0,0,0,-2.6,0,0,C4543929,M000100,1,0,DisGeNET,35,Primary osteosarcoma,,-2.6,11,5.2,30293,28,300,3,1,0.57,2034|2064|11145,EPAS1|ERBB2|PLAAT3,-1.7,0
1,0,1,0,0,0,-2.6,0,-2,0,0,0,C0262655,M101000,2,0,DisGeNET,35,Recurrent urinary tract infection,,-2.6,3.4,3.7,30293,237,300,8,2.7,0.93,1540|2131|3383|3576|4312|5993|7100|7461,CYLD|EXT1|ICAM1|CXCL8|MMP1|RFX5|TLR5|CLIP2,-1.7,0
1,0,0,0,0,0,-2.6,0,0,0,0,0,C0575157,M100000,1,0,DisGeNET,35,Deformity of spine,,-2.6,7,4.5,30293,58,300,4,1.3,0.66,650|2643|8740|9215,BMP2|GCH1|TNFSF14|LARGE1,-1.7,0
0,0,0,1,0,0,0,0,0,-2.6,0,0,C0860204,M000100,1,0,DisGeNET,35,Cholestatic liver disease,,-2.6,7,4.5,30293,58,300,4,1.3,0.66,348|7040|10232|148229,APOE|TGFB1|MSLN|ATP8B3,-1.7,0
0,0,0,1,0,0,0,0,0,-2.6,0,0,C1266119,M000100,1,0,DisGeNET,35,Solitary fibrous tumor,,-2.6,7,4.5,30293,58,300,4,1.3,0.66,604|1958|3481|6594,BCL6|EGR1|IGF2|SMARCA1,-1.7,0
1,0,0,1,0,0,-2.6,0,0,-2.6,0,0,C0852036,M100100,2,0,DisGeNET,35,Pregnancy associated hypertension,,-2.6,3.8,3.8,30293,186,300,7,2.3,0.87,12|2950|3162|3383|3576|4312|7035,SERPINA3|GSTP1|HMOX1|ICAM1|CXCL8|MMP1|TFPI,-1.7,0
0,0,1,0,0,0,0,0,-2.6,0,0,0,C0751674,M001000,1,0,DisGeNET,35,Lymphangioleiomyomatosis,,-2.6,5.3,4.2,30293,96,299,5,1.7,0.74,2638|5743|6374|6774|25897,GC|PTGS2|CXCL5|STAT3|RNF19A,-1.7,0
1,0,1,0,1,0,-2.6,0,-2.6,0,-2.1,0,C1868683,M101010,3,0,DisGeNET,35,"B-CELL MALIGNANCY, LOW-GRADE",,-2.6,2.9,3.6,30293,350,299,10,3.3,1,972|4790|4791|7097|7133|7157|8741|25897|51284|84876,CD74|NFKB1|NFKB2|TLR2|TNFRSF1B|TP53|TNFSF13|RNF19A|TLR7|ORAI1,-1.7,0
0,0,0,0,1,0,0,0,0,0,-2.6,0,C0239174,M000010,1,0,DisGeNET,35,Late tooth eruption,,-2.6,4.4,4,30293,139,300,6,2,0.81,2316|2664|3981|9469|91252|285590,FLNA|GDI1|LIG4|CHST3|SLC39A13|SH3PXD2B,-1.7,0
0,0,0,0,1,0,0,0,0,0,-2.6,0,C0240379,M000010,1,0,DisGeNET,35,Open mouth (finding),,-2.6,5.3,4.2,30293,96,300,5,1.7,0.74,547|8905|23129|23141|29954,KIF1A|AP1S2|PLXND1|ANKLE2|POMT2,-1.7,0
0,0,0,0,1,0,0,0,0,0,-2.6,0,C0033375,M000010,1,0,DisGeNET,35,Prolactinoma,,-2.6,3.8,3.8,30293,187,300,7,2.3,0.87,1030|2316|3084|3976|4092|4318|5293,CDKN2B|FLNA|NRG1|LIF|SMAD7|MMP9|PIK3CD,-1.7,0
0,0,1,0,0,0,0,0,-2.6,0,0,0,C4552810,M001000,1,0,DisGeNET,35,"Irritability, CTCAE",,-2.6,4.3,4,30293,140,299,6,2,0.81,103|6567|7157|51752|55275|64135,ADAR|SLC16A2|TP53|ERAP1|VPS53|IFIH1,-1.7,0
0,0,1,0,0,0,0,0,-2.6,0,0,0,C4721208,M001000,1,0,DisGeNET,35,Metastatic castration-resistant prostate cancer,,-2.6,4.3,4,30293,140,299,6,2,0.81,637|1302|6558|7113|7157|9734,BID|COL11A2|SLC12A2|TMPRSS2|TP53|HDAC9,-1.7,0
0,0,1,0,0,0,0,0,-2.6,0,0,0,C0009782,M001000,1,0,DisGeNET,35,Connective Tissue Diseases,,-2.6,3.8,3.8,30293,188,299,7,2.3,0.87,94|1302|3105|6376|6774|7157|64135,ACVRL1|COL11A2|HLA-A|CX3CL1|STAT3|TP53|IFIH1,-1.7,0
0,0,1,0,0,1,0,0,-2.6,0,0,-2.6,C0026936,M001001,2,0,DisGeNET,35,Mycoplasma Infections,,-2.6,3.8,3.8,30293,188,299,7,2.3,0.87,94|567|4790|7096|7097|7133|7157,ACVRL1|B2M|NFKB1|TLR1|TLR2|TNFRSF1B|TP53,-1.7,0
1,0,1,0,0,0,-2.6,0,-2.6,0,0,0,C0014061,M101000,2,0,DisGeNET,35,Tick-Borne Encephalitis,,-2.6,6.9,4.5,30293,59,299,4,1.3,0.66,2638|6364|7097|7098,GC|CCL20|TLR2|TLR3,-1.7,0
1,0,1,0,0,0,-2.6,0,-2.6,0,0,0,C0206138,M101000,2,0,DisGeNET,35,CREST Syndrome,,-2.6,6.9,4.5,30293,59,299,4,1.3,0.66,94|3627|6890|6891,ACVRL1|CXCL10|TAP1|TAP2,-1.7,0
0,0,1,0,0,0,0,0,-2.6,0,0,0,C0276623,M001000,1,0,DisGeNET,35,Chronic viral hepatitis,,-2.6,6.9,4.5,30293,59,299,4,1.3,0.66,3105|3627|7157|51284,HLA-A|CXCL10|TP53|TLR7,-1.7,0
0,0,0,0,1,0,0,0,0,0,-2.6,0,C0235833,M000010,1,0,DisGeNET,35,Congenital diaphragmatic hernia,,-2.6,3.4,3.7,30293,239,300,8,2.7,0.93,960|1906|2316|3084|7042|7077|10085|51339,CD44|EDN1|FLNA|NRG1|TGFB2|TIMP2|EDIL3|DACT1,-1.7,0
1,0,0,0,0,0,-2.6,0,0,0,0,0,C0038644,M100000,1,0,DisGeNET,35,Sudden infant death syndrome,,-2.6,4.3,3.9,30293,140,300,6,2,0.81,355|2524|3162|3576|6528|6648,FAS|FUT2|HMOX1|CXCL8|SLC5A5|SOD2,-1.7,0
0,0,1,0,0,0,0,0,-2.6,0,0,0,C0014072,M001000,1,0,DisGeNET,35,Experimental Autoimmune Encephalomyelitis,,-2.6,5.2,4.2,30293,97,299,5,1.7,0.74,718|5743|6376|7097|7412,C3|PTGS2|CX3CL1|TLR2|VCAM1,-1.7,0
0,1,0,0,0,0,0,-2.6,0,0,0,0,C1867873,M010000,1,0,DisGeNET,35,Failure to thrive in infancy,,-2.6,5.2,4.2,30293,97,299,5,1.7,0.74,3030|5190|5836|51085|56922,HADHA|PEX6|PYGL|MLXIPL|MCCC1,-1.7,0
1,0,0,0,0,0,-2.6,0,0,0,0,0,C0020488,M100000,1,0,DisGeNET,35,Hypernatremia,,-2.6,6.8,4.5,30293,59,300,4,1.3,0.66,1812|5328|6446|9197,DRD1|PLAU|SGK1|SLC33A1,-1.7,0
0,0,0,0,0,1,0,0,0,0,0,-2.6,C0155773,M000001,1,0,DisGeNET,35,Portal Vein Thrombosis,,-2.6,6.8,4.5,30293,59,300,4,1.3,0.66,1029|1499|4627|5817,CDKN2A|CTNNB1|MYH9|PVR,-1.7,0
1,0,0,0,0,0,-2.6,0,0,0,0,0,C1563937,M100000,1,0,DisGeNET,35,Atherogenesis,,-2.6,6.8,4.5,30293,59,300,4,1.3,0.66,1535|3383|4312|6648,CYBA|ICAM1|MMP1|SOD2,-1.7,0
1,0,0,0,0,0,-2.6,0,0,0,0,0,C1708604,M100000,1,0,DisGeNET,35,Keratocystic Odontogenic Tumor,,-2.6,6.8,4.5,30293,59,300,4,1.3,0.66,860|4312|4772|7405,RUNX2|MMP1|NFATC1|UVRAG,-1.7,0
0,0,0,0,1,1,0,0,0,0,-2.6,-2.6,C4082974,M000011,2,0,DisGeNET,35,Dupuytren's Disease,,-2.6,6.8,4.5,30293,59,300,4,1.3,0.66,3371|4318|7042|7077,TNC|MMP9|TGFB2|TIMP2,-1.7,0
0,0,0,0,1,0,0,0,0,0,-2.6,0,C0042345,M000010,1,0,DisGeNET,35,Varicosity,,-2.6,3.8,3.8,30293,188,300,7,2.3,0.87,43|3371|3726|3976|4318|7077|9469,ACHE|TNC|JUNB|LIF|MMP9|TIMP2|CHST3,-1.7,0
0,0,0,0,0,1,0,0,0,0,0,-2.6,C0031117,M000001,1,0,DisGeNET,35,Peripheral Neuropathy,,-2.6,2.9,3.5,30293,351,300,10,3.3,1,71|822|966|1436|1499|2017|2150|2707|4615|9516,ACTG1|CAPG|CD59|CSF1R|CTNNB1|CTTN|F2RL1|GJB3|MYD88|LITAF,-1.7,0
0,0,0,0,0,1,0,0,0,0,0,-2.5,C3888194,M000001,1,0,DisGeNET,35,MIXED LINEAGE LEUKEMIA,,-2.5,3.4,3.7,30293,240,300,8,2.7,0.93,861|1029|1436|1499|5912|6277|7050|27342,RUNX1|CDKN2A|CSF1R|CTNNB1|RAP2B|S100A6|TGIF1|RABGEF1,-1.7,0
0,1,0,0,1,0,0,-2.5,0,0,-2.5,0,C0016952,M010010,2,0,DisGeNET,35,Galactosemias,,-2.5,10,5.1,30293,29,299,3,1,0.58,1595|2584|130589,CYP51A1|GALK1|GALM,-1.6,0
0,0,1,0,0,0,0,0,-2.5,0,0,0,C0018054,M001000,1,0,DisGeNET,35,"Gonadal Dysgenesis, 46,XY",,-2.5,10,5.1,30293,29,299,3,1,0.58,2516|4214|9413,NR5A1|MAP3K1|ENTREP1,-1.6,0
0,0,1,0,0,0,0,0,-2.5,0,0,0,C0275544,M001000,1,0,DisGeNET,35,Congenital infectious disease,,-2.5,10,5.1,30293,29,299,3,1,0.58,2706|5167|7097,GJB2|ENPP1|TLR2,-1.6,0
0,1,0,0,0,0,0,-2.5,0,0,0,0,C1334815,M010000,1,0,DisGeNET,35,Multi-centric Castleman's Disease,,-2.5,10,5.1,30293,29,299,3,1,0.58,7048|7494|10682,TGFBR2|XBP1|EBP,-1.6,0
0,0,1,0,0,0,0,0,-2.5,0,0,0,C1706004,M001000,1,0,DisGeNET,35,Anhydrotic Ectodermal Dysplasias,,-2.5,10,5.1,30293,29,299,3,1,0.58,3459|80326|84876,IFNGR1|WNT10A|ORAI1,-1.6,0
0,0,1,0,0,0,0,0,-2.5,0,0,0,C3853779,M001000,1,0,DisGeNET,35,Neonatal Alloimmune Thrombocytopenia,,-2.5,10,5.1,30293,29,299,3,1,0.58,103|2811|64135,ADAR|GP1BA|IFIH1,-1.6,0
0,0,0,0,1,0,0,0,0,0,-2.5,0,C0042847,M000010,1,0,DisGeNET,35,Vitamin B 12 Deficiency,,-2.5,10,5.1,30293,29,300,3,1,0.57,1072|23531|56892,CFL1|MMD|TCIM,-1.6,0
1,0,0,0,0,0,-2.5,0,0,0,0,0,C0155490,M100000,1,0,DisGeNET,35,Middle Ear Cholesteatoma,,-2.5,10,5.1,30293,29,300,3,1,0.57,650|3576|7405,BMP2|CXCL8|UVRAG,-1.6,0
0,0,0,0,0,1,0,0,0,0,0,-2.5,C0497550,M000001,1,0,DisGeNET,35,Benign neurologic neoplasms,,-2.5,10,5.1,30293,29,300,3,1,0.57,1029|1499|9564,CDKN2A|CTNNB1|BCAR1,-1.6,0
1,0,0,0,0,0,-2.5,0,0,0,0,0,C0860564,M100000,1,0,DisGeNET,35,Retinoic acid syndrome,,-2.5,10,5.1,30293,29,300,3,1,0.57,2920|3383|3576,CXCL2|ICAM1|CXCL8,-1.6,0
0,0,0,1,0,0,0,0,0,-2.5,0,0,C1275808,M000100,1,0,DisGeNET,35,Congenital central hypoventilation,,-2.5,10,5.1,30293,29,300,3,1,0.57,3241|5071|55824,HPCAL1|PRKN|PAG1,-1.6,0
1,0,0,0,0,0,-2.5,0,0,0,0,0,C1704375,M100000,1,0,DisGeNET,35,Hypophosphatemic Rickets,,-2.5,10,5.1,30293,29,300,3,1,0.57,4893|6778|26281,NRAS|STAT6|FGF20,-1.6,0
1,0,0,0,0,0,-2.5,0,0,0,0,0,C4551637,M100000,1,0,DisGeNET,35,"Erythrocytosis familial, 1",,-2.5,10,5.1,30293,29,300,3,1,0.57,3717|6776|10019,JAK2|STAT5A|SH2B3,-1.6,0
0,0,0,1,0,0,0,0,0,-2.5,0,0,C4277690,M000100,1,0,DisGeNET,35,Ciliopathies,,-2.5,3.4,3.7,30293,241,300,8,2.7,0.93,4647|5066|7040|10083|10806|23186|27352|78987,MYO7A|PAM|TGFB1|USH1C|SDCCAG8|RCOR1|SGSM3|CRELD1,-1.6,0
0,0,1,0,0,0,0,0,-2.5,0,0,0,C0023520,M001000,1,0,DisGeNET,35,Leukodystrophy,,-2.5,3.7,3.8,30293,190,299,7,2.3,0.87,103|1435|1605|2581|6567|64135|440275,ADAR|CSF1|DAG1|GALC|SLC16A2|IFIH1|EIF2AK4,-1.6,0
1,0,1,0,0,0,-2.5,0,-2.5,0,0,0,C4721555,M101000,2,0,DisGeNET,35,Autoimmune hepatitis,,-2.5,3.7,3.8,30293,190,299,7,2.3,0.87,972|3105|3627|7097|7098|7128|55717,CD74|HLA-A|CXCL10|TLR2|TLR3|TNFAIP3|WDR11,-1.6,0
0,0,1,0,0,0,0,0,-2.5,0,0,0,C0022107,M001000,1,0,DisGeNET,35,Irritable Mood,,-2.5,4.3,3.9,30293,142,299,6,2,0.81,103|6567|7157|51752|55275|64135,ADAR|SLC16A2|TP53|ERAP1|VPS53|IFIH1,-1.6,0
1,0,0,0,0,0,-2.5,0,0,0,0,0,C0040053,M100000,1,0,DisGeNET,35,Thrombosis,,-2.5,5.2,4.1,30293,98,300,5,1.7,0.74,3162|3717|5328|7035|8740,HMOX1|JAK2|PLAU|TFPI|TNFSF14,-1.6,0
0,0,0,0,1,0,0,0,0,0,-2.5,0,C0015732,M000010,1,0,DisGeNET,35,Fecal Incontinence,,-2.5,6.7,4.4,30293,60,300,4,1.3,0.66,43|215|51339|64207,ACHE|ABCD1|DACT1|IRF2BPL,-1.6,0
0,0,0,1,0,1,0,0,0,-2.5,0,-2.5,C0024620,M000101,2,0,DisGeNET,35,Primary Malignant Liver Neoplasm,,-2.5,6.7,4.4,30293,60,300,4,1.3,0.66,3481|5071|7040|9518,IGF2|PRKN|TGFB1|GDF15,-1.6,0
0,0,0,0,1,0,0,0,0,0,-2.5,0,C0340279,M000010,1,0,DisGeNET,35,Ventricular hypertrophy,,-2.5,6.7,4.4,30293,60,300,4,1.3,0.66,467|1906|5293|9469,ATF3|EDN1|PIK3CD|CHST3,-1.6,0
0,0,0,1,0,0,0,0,0,-2.5,0,0,C0553681,M000100,1,0,DisGeNET,35,Hypofibrinogenemia,,-2.5,6.7,4.4,30293,60,300,4,1.3,0.66,2159|7448|9056|201294,F10|VTN|SLC7A7|UNC13D,-1.6,0
0,0,0,0,1,0,0,0,0,0,-2.5,0,C0238288,M000010,1,0,DisGeNET,35,"Muscular Dystrophy, Facioscapulohumeral",,-2.5,4.3,3.9,30293,142,300,6,2,0.81,960|2316|3694|27295|57060|57142,CD44|FLNA|ITGB6|PDLIM3|PCBP4|RTN4,-1.6,0
0,0,0,1,0,0,0,0,0,-2.5,0,0,C4553743,M000100,1,0,DisGeNET,35,"Spasticity, CTCAE",,-2.5,2.5,3.4,30293,477,300,12,4,1.1,538|1643|1917|5071|5530|6515|7991|10577|10765|23043|51506|284111,ATP7A|DDB2|EEF1A2|PRKN|PPP3CA|SLC2A3|TUSC3|NPC2|KDM5B|TNIK|UFC1|SLC13A5,-1.6,0
0,0,0,1,0,0,0,0,0,-2.5,0,0,C0243050,M000100,1,0,DisGeNET,35,Cardiovascular Abnormalities,,-2.5,5.1,4.1,30293,99,300,5,1.7,0.74,634|1291|1832|3481|7018,CEACAM1|COL6A1|DSP|IGF2|TF,-1.6,0
1,0,0,1,0,0,-2.5,0,0,-2.5,0,0,C0546126,M100100,2,0,DisGeNET,35,Acute Confusional Senile Dementia,,-2.5,5.1,4.1,30293,99,300,5,1.7,0.74,102|3162|3482|5328|6648,ADAM10|HMOX1|IGF2R|PLAU|SOD2,-1.6,0
1,0,0,1,0,0,-2.5,0,0,-2.5,0,0,C0750900,M100100,2,0,DisGeNET,35,"Alzheimer's Disease, Focal Onset",,-2.5,5.1,4.1,30293,99,300,5,1.7,0.74,102|3162|3482|5328|6648,ADAM10|HMOX1|IGF2R|PLAU|SOD2,-1.6,0
0,0,0,0,0,1,0,0,0,0,0,-2.5,C0023443,M000001,1,0,DisGeNET,35,Hairy Cell Leukemia,,-2.5,4.2,3.9,30293,143,300,6,2,0.81,1029|2017|4615|8507|8871|23158,CDKN2A|CTTN|MYD88|ENC1|SYNJ2|TBC1D9,-1.6,0
0,0,0,1,0,0,0,0,0,-2.5,0,0,C0231686,M000100,1,0,DisGeNET,35,"Gait, Unsteady",,-2.5,4.2,3.9,30293,143,300,6,2,0.81,538|1384|1917|5530|10765|284111,ATP7A|CRAT|EEF1A2|PPP3CA|KDM5B|SLC13A5,-1.6,0
0,1,0,0,0,0,0,-2.5,0,0,0,0,C0020621,M010000,1,0,DisGeNET,35,Hypokalemia,,-2.5,6.6,4.4,30293,61,299,4,1.3,0.66,476|6337|6640|9071,ATP1A1|SCNN1A|SNTA1|CLDN10,-1.6,0
0,0,1,0,0,0,0,0,-2.5,0,0,0,C0600327,M001000,1,0,DisGeNET,35,Toxic Shock Syndrome,,-2.5,6.6,4.4,30293,61,299,4,1.3,0.66,2638|3105|6364|7097,GC|HLA-A|CCL20|TLR2,-1.6,0
0,0,0,0,1,0,0,0,0,0,-2.5,0,C0014474,M000010,1,0,DisGeNET,35,Ependymoma,,-2.5,3.3,3.6,30293,244,300,8,2.7,0.93,960|1030|1903|3371|4133|5293|10046|10763,CD44|CDKN2B|S1PR3|TNC|MAP2|PIK3CD|MAMLD1|NES,-1.6,0
0,0,1,0,0,0,0,0,-2.5,0,0,0,C4721698,M001000,1,0,DisGeNET,35,Metastatic Renal Cell Carcinoma,,-2.5,4.2,3.9,30293,144,299,6,2,0.81,94|5743|6558|6774|7157|7412,ACVRL1|PTGS2|SLC12A2|STAT3|TP53|VCAM1,-1.6,0
0,0,0,0,1,0,0,0,0,0,-2.5,0,C0206657,M000010,1,0,DisGeNET,35,Alveolar Soft Part Sarcoma,,-2.5,6.6,4.4,30293,61,300,4,1.3,0.66,800|3688|7077|10763,CALD1|ITGB1|TIMP2|NES,-1.6,0
0,0,0,0,1,0,0,0,0,0,-2.5,0,C3178782,M000010,1,0,DisGeNET,35,Aortic Stiffness,,-2.5,6.6,4.4,30293,61,300,4,1.3,0.66,1906|4318|6722|7042,EDN1|MMP9|SRF|TGFB2,-1.6,0
0,0,0,0,1,0,0,0,0,0,-2.5,0,C0678230,M000010,1,0,DisGeNET,35,Congenital Epicanthus,,-2.5,2.7,3.4,30293,417,300,11,3.7,1.1,547|2316|2318|3981|3984|5048|7476|8642|23129|56262|84627,KIF1A|FLNA|FLNC|LIG4|LIMK1|PAFAH1B1|WNT7A|DCHS1|PLXND1|LRRC8A|ZNF469,-1.6,0
0,0,1,0,0,0,0,0,-2.5,0,0,0,C0009812,M001000,1,0,DisGeNET,35,Constitutional Symptom,,-2.5,10,5,30293,30,299,3,1,0.58,567|3627|6646,B2M|CXCL10|SOAT1,-1.6,0
0,0,1,0,0,0,0,0,-2.5,0,0,0,C0011428,M001000,1,0,DisGeNET,35,Dentigerous Cyst,,-2.5,10,5,30293,30,299,3,1,0.58,5743|7157|10970,PTGS2|TP53|CKAP4,-1.6,0
0,1,0,0,0,0,0,-2.5,0,0,0,0,C0019087,M010000,1,0,DisGeNET,35,Hemorrhagic Disorders,,-2.5,10,5,30293,30,299,3,1,0.58,2147|5176|5345,F2|SERPINF1|SERPINF2,-1.6,0
0,0,1,0,0,0,0,0,-2.5,0,0,0,C1292777,M001000,1,0,DisGeNET,35,Aggressive natural killer-cell leukemia,,-2.5,10,5,30293,30,299,3,1,0.58,6646|6774|7157,SOAT1|STAT3|TP53,-1.6,0
0,0,1,0,1,0,0,0,-2.5,0,-2.5,0,C2981140,M001010,2,0,DisGeNET,35,Glaucoma of childhood,,-2.5,10,5,30293,30,299,3,1,0.58,103|2530|64135,ADAR|FUT8|IFIH1,-1.6,0
0,0,1,0,0,0,0,0,-2.5,0,0,0,C3658301,M001000,1,0,DisGeNET,35,Mycoplasma-Induced Stevens-Johnson Syndrome,,-2.5,10,5,30293,30,299,3,1,0.58,3105|4734|79139,HLA-A|NEDD4|DERL1,-1.6,0
0,0,0,1,0,0,0,0,0,-2.5,0,0,C0002875,M000100,1,0,DisGeNET,35,Cooley's anemia,,-2.5,4.2,3.9,30293,144,300,6,2,0.81,348|828|2153|5627|7040|8912,APOE|CAPS|F5|PROS1|TGFB1|CACNA1H,-1.6,0
0,0,0,1,0,0,0,0,0,-2.5,0,0,C0009171,M000100,1,0,DisGeNET,35,Cocaine Abuse,,-2.5,4.2,3.9,30293,144,300,6,2,0.81,1958|2353|2571|5562|57586|401145,EGR1|FOS|GAD1|PRKAA1|SYT13|CCSER1,-1.6,0
0,0,0,1,0,0,0,0,0,-2.5,0,0,C0494475,M000100,1,0,DisGeNET,35,Tonic - clonic seizures,,-2.5,3,3.5,30293,300,300,9,3,0.98,348|538|1741|2353|2896|3623|5066|5530|8912,APOE|ATP7A|DLG3|FOS|GRN|INHA|PAM|PPP3CA|CACNA1H,-1.6,0
0,0,0,1,0,0,0,0,0,-2.5,0,0,C0149781,M000100,1,0,DisGeNET,35,Spontaneous pneumothorax,,-2.5,10,5,30293,30,300,3,1,0.57,2064|5265|7040,ERBB2|SERPINA1|TGFB1,-1.6,0
0,0,0,1,0,0,0,0,0,-2.5,0,0,C0162566,M000100,1,0,DisGeNET,35,Porphyria Cutanea Tarda,,-2.5,10,5,30293,30,300,3,1,0.57,1917|5265|30061,EEF1A2|SERPINA1|SLC40A1,-1.6,0
0,0,0,1,0,0,0,0,0,-2.5,0,0,C0263383,M000100,1,0,DisGeNET,35,Keratosis pilaris,,-2.5,10,5,30293,30,300,3,1,0.57,1291|4035|27352,COL6A1|LRP1|SGSM3,-1.6,0
1,0,0,0,0,0,-2.5,0,0,0,0,0,C0273115,M100000,1,0,DisGeNET,35,Lung Injury,,-2.5,10,5,30293,30,300,3,1,0.57,3162|4792|5328,HMOX1|NFKBIA|PLAU,-1.6,0
1,0,0,0,0,0,-2.5,0,0,0,0,0,C0276501,M100000,1,0,DisGeNET,35,Human immunodeficiency virus II infection,,-2.5,10,5,30293,30,300,3,1,0.57,2524|3162|8837,FUT2|HMOX1|CFLAR,-1.6,0
0,0,0,0,0,1,0,0,0,0,0,-2.5,C0345964,M000001,1,0,DisGeNET,35,Adenoma of lung,,-2.5,10,5,30293,30,300,3,1,0.57,1029|2150|9540,CDKN2A|F2RL1|TP53I3,-1.6,0
0,0,0,0,0,1,0,0,0,0,0,-2.5,C0393554,M000001,1,0,DisGeNET,35,Amyotrophic Lateral Sclerosis With Dementia,,-2.5,10,5,30293,30,300,3,1,0.57,8878|10133|27242,SQSTM1|OPTN|TNFRSF21,-1.6,0
0,0,0,1,0,1,0,0,0,-2.5,0,-2.5,C0398368,M000101,2,0,DisGeNET,35,Lymphatic Abnormalities,,-2.5,10,5,30293,30,300,3,1,0.57,1308|5562|6016,COL17A1|PRKAA1|RIT1,-1.6,0
1,0,0,0,0,0,-2.5,0,0,0,0,0,C0574083,M100000,1,0,DisGeNET,35,3-Methylglutaconic aciduria type 2,,-2.5,10,5,30293,30,300,3,1,0.57,1837|2280|9076,DTNA|FKBP1A|CLDN1,-1.6,0
1,0,0,0,0,0,-2.5,0,0,0,0,0,C0750151,M100000,1,0,DisGeNET,35,Vaso-Occlusive Crisis,,-2.5,10,5,30293,30,300,3,1,0.57,2919|3162|6648,CXCL1|HMOX1|SOD2,-1.6,0
1,0,0,0,0,0,-2.5,0,0,0,0,0,C0854094,M100000,1,0,DisGeNET,35,HIV-2 infection,,-2.5,10,5,30293,30,300,3,1,0.57,2524|3162|8837,FUT2|HMOX1|CFLAR,-1.6,0
1,0,0,0,0,0,-2.5,0,0,0,0,0,C1112157,M100000,1,0,DisGeNET,35,Intrauterine infection,,-2.5,10,5,30293,30,300,3,1,0.57,3107|3383|3576,HLA-C|ICAM1|CXCL8,-1.6,0
1,0,0,0,0,0,-2.5,0,0,0,0,0,C1292758,M100000,1,0,DisGeNET,35,Precursor T-cell lymphoblastic lymphoma,,-2.5,10,5,30293,30,300,3,1,0.57,3383|3717|4893,ICAM1|JAK2|NRAS,-1.6,0
1,0,0,0,0,0,-2.5,0,0,0,0,0,C4054188,M100000,1,0,DisGeNET,35,Ph-Like Acute Lymphoblastic Leukemia,,-2.5,10,5,30293,30,300,3,1,0.57,2625|3717|8809,GATA3|JAK2|IL18R1,-1.6,0
0,0,0,1,0,0,0,0,0,-2.5,0,0,C4302185,M000100,1,0,DisGeNET,35,Atypical Parkinsonism,,-2.5,10,5,30293,30,300,3,1,0.57,348|2896|5071,APOE|GRN|PRKN,-1.6,0
1,0,0,0,0,0,-2.5,0,0,0,0,0,C0019337,M100000,1,0,DisGeNET,35,Heroin Dependence,,-2.5,5,4.1,30293,100,300,5,1.7,0.74,12|355|1812|9575|255239,SERPINA3|FAS|DRD1|CLOCK|ANKK1,-1.6,0
0,0,0,1,1,1,0,0,0,-2.5,-2.5,-2.5,C0340629,M000111,3,0,DisGeNET,35,Aortic aneurysm without mention of rupture NOS,,-2.5,5,4.1,30293,100,300,5,1.7,0.74,348|1958|2159|5476|7040,APOE|EGR1|F10|CTSA|TGFB1,-1.6,0
1,0,0,0,0,0,-2.5,0,0,0,0,0,C0857490,M100000,1,0,DisGeNET,35,Granulocyte count,,-2.5,5,4.1,30293,100,300,5,1.7,0.74,10019|10723|30844|51582|64759,SH2B3|SLC12A7|EHD4|AZIN1|TNS3,-1.6,0
1,0,1,0,0,0,-2.5,0,-2.5,0,0,0,C0001486,M101000,2,0,DisGeNET,35,Adenovirus Infections,,-2.5,4.2,3.8,30293,145,299,6,2,0.81,1080|5743|7097|7157|8743|29108,CFTR|PTGS2|TLR2|TP53|TNFSF10|PYCARD,-1.6,0
0,0,1,0,0,0,0,0,-2.5,0,0,0,C0278678,M001000,1,0,DisGeNET,35,Metastatic Renal Cell Cancer,,-2.5,4.2,3.8,30293,145,299,6,2,0.81,94|5743|6558|6774|7157|7412,ACVRL1|PTGS2|SLC12A2|STAT3|TP53|VCAM1,-1.6,0
0,0,0,0,1,0,0,0,0,0,-2.5,0,C0236734,M000010,1,0,DisGeNET,35,Caffeine related disorders,,-2.5,2.8,3.5,30293,359,300,10,3.3,1,43|1906|2004|4133|5048|5293|6876|7042|8851|9469,ACHE|EDN1|ELK3|MAP2|PAFAH1B1|PIK3CD|TAGLN|TGFB2|CDK5R1|CHST3,-1.6,0
0,0,0,1,0,0,0,0,0,-2.5,0,0,C0851578,M000100,1,0,DisGeNET,35,Sleep Disorders,,-2.5,2.8,3.5,30293,359,300,10,3.3,1,348|1471|2571|2896|6296|7991|10765|10801|23043|164656,APOE|CST3|GAD1|GRN|ACSM3|TUSC3|KDM5B|SEPTIN9|TNIK|TMPRSS6,-1.6,0
1,0,0,0,0,0,-2.5,0,0,0,0,0,C0200633,M100000,1,0,DisGeNET,35,Neutrophil count (procedure),,-2.5,4.2,3.8,30293,145,300,6,2,0.81,10019|10723|30844|51582|64759|84888,SH2B3|SLC12A7|EHD4|AZIN1|TNS3|SPPL2A,-1.6,0
0,0,0,1,0,0,0,0,0,-2.5,0,0,C0338908,M000100,1,0,DisGeNET,35,Mixed anxiety and depressive disorder,,-2.5,4.2,3.8,30293,145,300,6,2,0.81,348|828|2039|2571|4054|10163,APOE|CAPS|DMTN|GAD1|LTBP3|WASF2,-1.6,0
0,0,1,0,0,0,0,0,-2.5,0,0,0,C0019372,M001000,1,0,DisGeNET,35,Herpesviridae Infections,,-2.5,6.5,4.4,30293,62,299,4,1.3,0.66,3105|3627|7097|7098,HLA-A|CXCL10|TLR2|TLR3,-1.6,0
0,0,1,0,0,0,0,0,-2.5,0,0,0,C0278622,M001000,1,0,DisGeNET,35,Adult Malignant Peripheral Nerve Sheath Tumor,,-2.5,6.5,4.4,30293,62,299,4,1.3,0.66,94|7157|7297|57599,ACVRL1|TP53|TYK2|WDR48,-1.6,0
0,0,1,0,0,0,0,0,-2.5,0,0,0,C0279987,M001000,1,0,DisGeNET,35,Childhood Malignant Peripheral Nerve Sheath Tumor,,-2.5,6.5,4.4,30293,62,299,4,1.3,0.66,94|7157|7297|57599,ACVRL1|TP53|TYK2|WDR48,-1.6,0
0,1,0,0,0,0,0,-2.5,0,0,0,0,C3888018,M010000,1,0,DisGeNET,35,Congenital Hyperinsulinism,,-2.5,6.5,4.4,30293,62,299,4,1.3,0.66,3170|4351|5236|7351,FOXA2|MPI|PGM1|UCP2,-1.6,0
0,0,1,0,0,0,0,0,-2.5,0,0,0,C0002382,M001000,1,0,DisGeNET,35,Alveolar Bone Loss,,-2.5,5,4,30293,101,299,5,1.7,0.74,5743|7097|8741|8743|25897,PTGS2|TLR2|TNFSF13|TNFSF10|RNF19A,-1.6,0
1,0,0,0,0,0,-2.5,0,0,0,0,0,C0020757,M100000,1,0,DisGeNET,35,Ichthyoses,,-2.5,3.6,3.7,30293,194,300,7,2.3,0.87,162|2625|4893|8879|9076|9663|146206,AP1B1|GATA3|NRAS|SGPL1|CLDN1|LPIN2|CARMIL2,-1.6,0
1,0,0,0,0,0,-2.5,0,0,0,0,0,C0023529,M100000,1,0,DisGeNET,35,"Leukomalacia, Periventricular",,-2.5,6.5,4.3,30293,62,300,4,1.3,0.66,3576|6648|7035|285203,CXCL8|SOD2|TFPI|EOGT,-1.6,0
1,0,0,0,0,0,-2.5,0,0,0,0,0,C0026618,M100000,1,0,DisGeNET,35,"Dental Fluorosis, Acquired",,-2.5,6.5,4.3,30293,62,300,4,1.3,0.66,860|2950|4772|6648,RUNX2|GSTP1|NFATC1|SOD2,-1.6,0
1,0,0,0,0,0,-2.5,0,0,0,0,0,C0042974,M100000,1,0,DisGeNET,35,von Willebrand Disease,,-2.5,6.5,4.3,30293,62,300,4,1.3,0.66,285|7100|25833|134957,ANGPT2|TLR5|POU2F3|STXBP5,-1.6,0
0,0,0,1,0,0,0,0,0,-2.5,0,0,C0232462,M000100,1,0,DisGeNET,35,Decrease in appetite,,-2.5,6.5,4.3,30293,62,300,4,1.3,0.66,351|7040|50484|162417,APP|TGFB1|RRM2B|NAGS,-1.6,0
1,0,0,0,0,0,-2.5,0,0,0,0,0,C0340076,M100000,1,0,DisGeNET,35,Asthmatic pulmonary eosinophilia,,-2.5,6.5,4.3,30293,62,300,4,1.3,0.66,2919|3162|3576|83666,CXCL1|HMOX1|CXCL8|PARP9,-1.6,0
0,0,0,0,1,0,0,0,0,0,-2.5,0,C0854917,M000010,1,0,DisGeNET,35,Rhabdoid Tumor of the Kidney,,-2.5,6.5,4.3,30293,62,300,4,1.3,0.66,960|1030|5293|9846,CD44|CDKN2B|PIK3CD|GAB2,-1.6,0
0,0,0,1,0,1,0,0,0,-2.5,0,-2.5,C0919677,M000101,2,0,DisGeNET,35,Protein C measurement,,-2.5,6.5,4.3,30293,62,300,4,1.3,0.66,2036|2153|4648|101410538,EPB41L1|F5|MYO7B|MMP24OS,-1.6,0
0,0,0,1,0,1,0,0,0,-2.5,0,-2.5,C1168438,M000101,2,0,DisGeNET,35,Protein C antigen measurement,,-2.5,6.5,4.3,30293,62,300,4,1.3,0.66,2036|2153|4648|101410538,EPB41L1|F5|MYO7B|MMP24OS,-1.6,0
0,0,0,0,1,0,0,0,0,0,-2.5,0,C3888088,M000010,1,0,DisGeNET,35,SMITH-MCCORT DYSPLASIA 1,,-2.5,6.5,4.3,30293,62,300,4,1.3,0.66,800|6722|6876|56999,CALD1|SRF|TAGLN|ADAMTS9,-1.6,0
1,0,0,0,0,0,-2.5,0,0,0,0,0,C4721411,M100000,1,0,DisGeNET,35,Osteolysis,,-2.5,6.5,4.3,30293,62,300,4,1.3,0.66,2131|3663|26137|64065,EXT1|IRF5|ZBTB20|PERP,-1.6,0
0,0,0,1,0,0,0,0,0,-2.5,0,0,C0206623,M000100,1,0,DisGeNET,35,Adenosquamous carcinoma,,-2.5,5,4,30293,101,300,5,1.7,0.74,1832|2064|3875|3880|4485,DSP|ERBB2|KRT18|KRT19|MST1,-1.6,0
0,0,0,1,0,0,0,0,0,-2.5,0,0,C0852949,M000100,1,0,DisGeNET,35,Arteriopathic disease,,-2.5,5,4,30293,101,300,5,1.7,0.74,348|2153|2159|2878|6296,APOE|F5|F10|GPX3|ACSM3,-1.6,0
0,1,0,0,0,0,0,-2.5,0,0,0,0,C0279606,M010000,1,0,DisGeNET,35,Childhood Hepatocellular Carcinoma,,-2.5,4.2,3.8,30293,146,299,6,2,0.81,174|216|2147|2264|9368|51280,AFP|ALDH1A1|F2|FGFR4|NHERF1|GOLM1,-1.6,0
0,0,0,0,1,0,0,0,0,0,-2.5,0,C0595921,M000010,1,0,DisGeNET,35,Intraocular pressure disorder,,-2.5,3,3.5,30293,303,300,9,3,0.98,1030|1906|3371|3984|4053|4318|5293|7041|7042,CDKN2B|EDN1|TNC|LIMK1|LTBP2|MMP9|PIK3CD|TGFB1I1|TGFB2,-1.6,0
0,0,0,0,1,0,0,0,0,0,-2.5,0,C2827407,M000010,1,0,DisGeNET,35,Infectious Otitis Media,,-2.5,4.1,3.8,30293,146,300,6,2,0.81,960|1843|3984|4318|5293|285590,CD44|DUSP1|LIMK1|MMP9|PIK3CD|SH3PXD2B,-1.6,0
0,0,1,0,0,0,0,0,-2.5,0,0,0,C0023531,M001000,1,0,DisGeNET,35,Leukoplakia,,-2.5,5,4,30293,102,299,5,1.7,0.74,843|3934|5743|7157|10970,CASP10|LCN2|PTGS2|TP53|CKAP4,-1.6,0
0,1,0,1,0,0,0,-2.5,0,-2.5,0,0,C0282577,M010100,2,0,DisGeNET,35,Congenital Disorders of Glycosylation,,-2.5,5,4,30293,102,299,5,1.7,0.74,537|1650|4351|5236|23443,ATP6AP1|DDOST|MPI|PGM1|SLC35A3,-1.6,0
0,0,1,0,1,0,0,0,-2.5,0,-2.5,0,C0339543,M001010,2,0,DisGeNET,35,Epiretinal Membrane,,-2.5,5,4,30293,102,299,5,1.7,0.74,3105|3486|4790|7133|8743,HLA-A|IGFBP3|NFKB1|TNFRSF1B|TNFSF10,-1.6,0
0,0,1,0,0,0,0,0,-2.5,0,0,0,C1836231,M001000,1,0,DisGeNET,35,"HIV-1, RESISTANCE TO",,-2.5,4.1,3.8,30293,147,299,6,2,0.81,3105|4050|5021|6891|11074|83938,HLA-A|LTB|OXTR|TAP2|TRIM31|LRMDA,-1.6,0
0,0,1,0,0,0,0,0,-2.5,0,0,0,C1836232,M001000,1,0,DisGeNET,35,"ACQUIRED IMMUNODEFICIENCY SYNDROME, PROGRESSION TO",,-2.5,4.1,3.8,30293,147,299,6,2,0.81,3105|4050|5021|6891|11074|83938,HLA-A|LTB|OXTR|TAP2|TRIM31|LRMDA,-1.6,0
0,0,1,0,0,0,0,0,-2.5,0,0,0,C1836233,M001000,1,0,DisGeNET,35,"AIDS, PROGRESSION TO",,-2.5,4.1,3.8,30293,147,299,6,2,0.81,3105|4050|5021|6891|11074|83938,HLA-A|LTB|OXTR|TAP2|TRIM31|LRMDA,-1.6,0
0,0,1,0,0,0,0,0,-2.5,0,0,0,C2700617,M001000,1,0,DisGeNET,35,Irritation - emotion,,-2.5,4.1,3.8,30293,147,299,6,2,0.81,103|6567|7157|51752|55275|64135,ADAR|SLC16A2|TP53|ERAP1|VPS53|IFIH1,-1.6,0
1,0,1,0,0,0,-2.5,0,-2.5,0,0,0,C0006845,M101000,2,0,DisGeNET,35,"Candidiasis, Chronic Mucocutaneous",,-2.5,9.8,4.9,30293,31,299,3,1,0.58,6774|9734|84818,STAT3|HDAC9|IL17RC,-1.6,0
0,1,0,0,0,0,0,-2.5,0,0,0,0,C0265706,M010000,1,0,DisGeNET,35,Gastroschisis,,-2.5,9.8,4.9,30293,31,299,3,1,0.58,174|2147|55902,AFP|F2|ACSS2,-1.6,0
0,0,1,0,0,0,0,0,-2.5,0,0,0,C0332573,M001000,1,0,DisGeNET,35,Macule,,-2.5,9.8,4.9,30293,31,299,3,1,0.58,103|2706|10483,ADAR|GJB2|SEC23B,-1.6,0
0,0,1,0,0,0,0,0,-2.5,0,0,0,C1274933,M001000,1,0,DisGeNET,35,Drug-Induced Stevens Johnson Syndrome,,-2.5,9.8,4.9,30293,31,299,3,1,0.58,3105|4734|79139,HLA-A|NEDD4|DERL1,-1.6,0
0,0,1,0,0,0,0,0,-2.5,0,0,0,C1377610,M001000,1,0,DisGeNET,35,Peritoneal Mesothelioma,,-2.5,9.8,4.9,30293,31,299,3,1,0.58,2526|7098|10970,FUT4|TLR3|CKAP4,-1.6,0
1,0,0,0,0,0,-2.5,0,0,0,0,0,C0027794,M100000,1,0,DisGeNET,35,Neural Tube Defects,,-2.5,3,3.5,30293,304,300,9,3,0.98,2524|2643|3107|3162|5970|7357|7403|8323|10318,FUT2|GCH1|HLA-C|HMOX1|RELA|UGCG|KDM6A|FZD6|TNIP1,-1.6,0
0,0,0,0,1,0,0,0,0,0,-2.5,0,C0003706,M000010,1,0,DisGeNET,35,Arachnodactyly,,-2.5,4.9,4,30293,102,300,5,1.7,0.74,2316|7042|29940|81603|84627,FLNA|TGFB2|DSE|TRIM8|ZNF469,-1.6,0
0,0,0,0,1,0,0,0,0,0,-2.5,0,C0206727,M000010,1,0,DisGeNET,35,Nerve Sheath Tumors,,-2.5,9.8,4.9,30293,31,300,3,1,0.57,43|1030|10763,ACHE|CDKN2B|NES,-1.6,0
0,0,0,0,1,0,0,0,0,0,-2.5,0,C0231679,M000010,1,0,DisGeNET,35,Ulnar deviation of the fingers,,-2.5,9.8,4.9,30293,31,300,3,1,0.57,2316|7476|51339,FLNA|WNT7A|DACT1,-1.6,0
0,0,0,0,0,1,0,0,0,0,0,-2.5,C0334488,M000001,1,0,DisGeNET,35,Clear cell sarcoma of kidney,,-2.5,9.8,4.9,30293,31,300,3,1,0.57,1026|7057|23158,CDKN1A|THBS1|TBC1D9,-1.6,0
0,0,0,1,0,0,0,0,0,-2.5,0,0,C1332460,M000100,1,0,DisGeNET,35,Barrett's Adenocarcinoma,,-2.5,9.8,4.9,30293,31,300,3,1,0.57,2064|2886|5002,ERBB2|GRB7|SLC22A18,-1.6,0
1,0,0,0,0,0,-2.5,0,0,0,0,0,C1562908,M100000,1,0,DisGeNET,35,"Leprosy, Paucibacillary",,-2.5,9.8,4.9,30293,31,300,3,1,0.57,3383|8767|23191,ICAM1|RIPK2|CYFIP1,-1.6,0
0,0,0,0,1,0,0,0,0,0,-2.5,0,C1836184,M000010,1,0,DisGeNET,35,Short femoral neck,,-2.5,9.8,4.9,30293,31,300,3,1,0.57,4318|9469|91252,MMP9|CHST3|SLC39A13,-1.6,0
1,0,0,0,0,0,-2.5,0,0,0,0,0,C2748361,M100000,1,0,DisGeNET,35,H5N1 influenza,,-2.5,9.8,4.9,30293,31,300,3,1,0.57,6692|140691|148022,SPINT1|TRIM69|TICAM1,-1.6,0
1,0,0,0,0,0,-2.5,0,0,0,0,0,C3501848,M100000,1,0,DisGeNET,35,"Nephrosis, congenital",,-2.5,9.8,4.9,30293,31,300,3,1,0.57,5879|8879|64423,RAC1|SGPL1|INF2,-1.6,0
0,0,0,1,0,0,0,0,0,-2.5,0,0,C4283978,M000100,1,0,DisGeNET,35,Primary adenocarcinoma of lower third of esophagus due to Barrett esophagus,,-2.5,9.8,4.9,30293,31,300,3,1,0.57,2064|2886|5002,ERBB2|GRB7|SLC22A18,-1.6,0
0,0,0,0,1,0,0,0,0,0,-2.5,0,C4551649,M000010,1,0,DisGeNET,35,Congenital Dysplasia Of The Hip,,-2.5,4.1,3.8,30293,147,300,6,2,0.81,2316|4318|5048|7077|7476|84627,FLNA|MMP9|PAFAH1B1|TIMP2|WNT7A|ZNF469,-1.6,0
1,0,0,0,0,0,-2.5,0,0,0,0,0,C0489786,M100000,1,0,DisGeNET,35,Height,,-2.5,3.2,3.6,30293,249,300,8,2.7,0.93,2120|5151|5371|9575|26137|55332|64778|221895,ETV6|PDE8A|PML|CLOCK|ZBTB20|DRAM1|FNDC3B|JAZF1,-1.6,0
0,0,0,1,0,0,0,0,0,-2.4,0,0,C0009714,M000100,1,0,DisGeNET,35,"Hepatic Fibrosis, Congenital",,-2.4,6.4,4.3,30293,63,300,4,1.3,0.66,7040|10806|30061|57572,TGFB1|SDCCAG8|SLC40A1|DOCK6,-1.6,0
1,0,0,0,0,0,-2.4,0,0,0,0,0,C0018572,M100000,1,0,DisGeNET,35,"Hand, Foot and Mouth Disease",,-2.4,6.4,4.3,30293,63,300,4,1.3,0.66,3454|3455|3576|4938,IFNAR1|IFNAR2|CXCL8|OAS1,-1.6,0
1,0,0,0,0,0,-2.4,0,0,0,0,0,C0241868,M100000,1,0,DisGeNET,35,acute aortic dissection,,-2.4,6.4,4.3,30293,63,300,4,1.3,0.66,2919|3717|4312|10019,CXCL1|JAK2|MMP1|SH2B3,-1.6,0
1,0,0,0,0,0,-2.4,0,0,0,0,0,C0549493,M100000,1,0,DisGeNET,35,Alveolitis,,-2.4,6.4,4.3,30293,63,300,4,1.3,0.66,3383|3576|6648|83666,ICAM1|CXCL8|SOD2|PARP9,-1.6,0
0,0,0,0,0,1,0,0,0,0,0,-2.4,C0854924,M000001,1,0,DisGeNET,35,Papillary serous endometrial carcinoma,,-2.4,6.4,4.3,30293,63,300,4,1.3,0.66,966|1026|1029|1364,CD59|CDKN1A|CDKN2A|CLDN4,-1.6,0
0,0,0,0,0,1,0,0,0,0,0,-2.4,C0973461,M000001,1,0,DisGeNET,35,Dysphasia,,-2.4,6.4,4.3,30293,63,300,4,1.3,0.66,71|5339|5663|8878,ACTG1|PLEC|PSEN1|SQSTM1,-1.6,0
1,0,0,0,0,0,-2.4,0,0,0,0,0,C1298180,M100000,1,0,DisGeNET,35,Single tumor,,-2.4,6.4,4.3,30293,63,300,4,1.3,0.66,1540|3660|4893|22882,CYLD|IRF2|NRAS|ZHX2,-1.6,0
0,0,0,0,0,1,0,0,0,0,0,-2.4,C3887654,M000001,1,0,DisGeNET,35,"POLYARTERITIS NODOSA, CHILDHOOD-ONSET",,-2.4,6.4,4.3,30293,63,300,4,1.3,0.66,1499|3716|8821|9289,CTNNB1|JAK1|INPP4B|ADGRG1,-1.6,0
0,1,0,0,0,0,0,-2.4,0,0,0,0,C0013363,M010000,1,0,DisGeNET,35,Dysautonomia,,-2.4,4.1,3.8,30293,148,299,6,2,0.81,738|1312|6640|7108|7276|54681,VPS51|COMT|SNTA1|TM7SF2|TTR|P4HTM,-1.6,0
0,0,1,0,0,0,0,0,-2.4,0,0,0,C0270685,M001000,1,0,DisGeNET,35,Cerebral calcification,,-2.4,4.9,4,30293,103,299,5,1.7,0.74,103|1605|5167|6567|64135,ADAR|DAG1|ENPP1|SLC16A2|IFIH1,-1.6,0
0,0,1,0,0,0,0,0,-2.4,0,0,0,C0280321,M001000,1,0,DisGeNET,35,Squamous cell carcinoma of the hypopharynx,,-2.4,4.9,4,30293,103,299,5,1.7,0.74,5743|6774|7133|7157|25897,PTGS2|STAT3|TNFRSF1B|TP53|RNF19A,-1.6,0
0,0,1,0,0,0,0,0,-2.4,0,0,0,C3544205,M001000,1,0,DisGeNET,35,Ovarian clear cell carcinoma,,-2.4,4.9,4,30293,103,299,5,1.7,0.74,1302|4790|5743|6774|7157,COL11A2|NFKB1|PTGS2|STAT3|TP53,-1.6,0
0,0,1,0,0,0,0,0,-2.4,0,0,0,C3642346,M001000,1,0,DisGeNET,35,Luminal B Breast Carcinoma,,-2.4,4.9,4,30293,103,299,5,1.7,0.74,4214|4790|7157|10148|23492,MAP3K1|NFKB1|TP53|EBI3|CBX7,-1.6,0
0,1,1,0,0,0,0,-2.4,-2.4,0,0,0,C0023281,M011000,2,0,DisGeNET,35,Leishmaniasis,,-2.4,3.6,3.6,30293,198,299,7,2.3,0.87,196|216|1595|1933|1938|8431|55902,AHR|ALDH1A1|CYP51A1|EEF1B2|EEF2|NR0B2|ACSS2,-1.6,0
0,0,0,0,1,0,0,0,0,0,-2.4,0,C0024433,M000010,1,0,DisGeNET,35,Macrostomia,,-2.4,4.1,3.8,30293,148,300,6,2,0.81,3981|3984|8905|51339|145173|285590,LIG4|LIMK1|AP1S2|DACT1|B3GLCT|SH3PXD2B,-1.6,0
1,0,0,0,0,0,-2.4,0,0,0,0,0,C0024894,M100000,1,0,DisGeNET,35,Mastitis,,-2.4,4.9,4,30293,103,300,5,1.7,0.74,3162|3383|3576|3656|3717,HMOX1|ICAM1|CXCL8|IRAK2|JAK2,-1.6,0
1,0,0,0,0,1,-2.4,0,0,0,0,-2.4,C0152136,M100001,2,0,DisGeNET,35,Low Tension Glaucoma,,-2.4,4.9,4,30293,103,300,5,1.7,0.74,1535|3576|6648|10010|64778,CYBA|CXCL8|SOD2|TANK|FNDC3B,-1.6,0
0,0,0,1,0,0,0,0,0,-2.4,0,0,C0270549,M000100,1,0,DisGeNET,35,Generalized Anxiety Disorder,,-2.4,4.9,4,30293,103,300,5,1.7,0.74,2064|2571|4054|5066|10163,ERBB2|GAD1|LTBP3|PAM|WASF2,-1.6,0
0,0,0,0,0,1,0,0,0,0,0,-2.4,C1368404,M000001,1,0,DisGeNET,35,Hypopharyngeal Carcinoma,,-2.4,4.9,4,30293,103,300,5,1.7,0.74,1029|1499|1827|2017|8878,CDKN2A|CTNNB1|RCAN1|CTTN|SQSTM1,-1.6,0
0,0,0,0,1,0,0,0,0,0,-2.4,0,C1562113,M000010,1,0,DisGeNET,35,Fleck corneal dystrophy,,-2.4,4.9,4,30293,103,300,5,1.7,0.74,329|5293|7045|8851|24145,BIRC2|PIK3CD|TGFBI|CDK5R1|PANX1,-1.6,0
0,0,0,0,1,0,0,0,0,0,-2.4,0,C1866231,M000010,1,0,DisGeNET,35,Full cheeks,,-2.4,4.9,4,30293,103,300,5,1.7,0.74,547|1906|2137|2316|285590,KIF1A|EDN1|EXTL3|FLNA|SH3PXD2B,-1.6,0
0,0,0,0,1,0,0,0,0,0,-2.4,0,C4552100,M000010,1,0,DisGeNET,35,Lynch Syndrome,,-2.4,4.9,4,30293,103,300,5,1.7,0.74,960|2004|3680|4092|7077,CD44|ELK3|ITGA9|SMAD7|TIMP2,-1.6,0
0,0,1,0,0,0,0,0,-2.4,0,0,0,C0011606,M001000,1,0,DisGeNET,35,Exfoliative dermatitis,,-2.4,6.3,4.3,30293,64,299,4,1.3,0.66,2706|7133|7157|10970,GJB2|TNFRSF1B|TP53|CKAP4,-1.6,0
0,0,1,0,0,1,0,0,-2.4,0,0,-2.4,C0014522,M001001,2,0,DisGeNET,35,Epidermodysplasia Verruciformis,,-2.4,6.3,4.3,30293,64,299,4,1.3,0.66,5743|7157|10970|29108,PTGS2|TP53|CKAP4|PYCARD,-1.6,0
0,1,0,0,0,0,0,-2.4,0,0,0,0,C0235025,M010000,1,0,DisGeNET,35,Peripheral motor neuropathy,,-2.4,6.3,4.3,30293,64,299,4,1.3,0.66,174|4061|6342|7276,AFP|LY6E|SCP2|TTR,-1.6,0
0,0,1,0,0,0,0,0,-2.4,0,0,0,C0271907,M001000,1,0,DisGeNET,35,Acquired aplastic anemia,,-2.4,6.3,4.3,30293,64,299,4,1.3,0.66,3105|3627|7157|7412,HLA-A|CXCL10|TP53|VCAM1,-1.6,0
0,1,0,0,0,0,0,-2.4,0,0,0,0,C0403592,M010000,1,0,DisGeNET,35,Chronic rejection of renal transplant,,-2.4,6.3,4.3,30293,64,299,4,1.3,0.66,48|738|847|1191,ACO1|VPS51|CAT|CLU,-1.6,0
0,0,1,0,0,0,0,0,-2.4,0,0,0,C0741899,M001000,1,0,DisGeNET,35,Poorly differentiated carcinoma,,-2.4,6.3,4.3,30293,64,299,4,1.3,0.66,4790|5743|6774|7157,NFKB1|PTGS2|STAT3|TP53,-1.6,0
0,0,0,0,1,0,0,0,0,0,-2.4,0,C0018818,M000010,1,0,DisGeNET,35,Ventricular Septal Defects,,-2.4,2.6,3.3,30293,426,300,11,3.7,1.1,2113|3984|4053|4092|8408|9469|26047|57142|57514|81603|145173,ETS1|LIMK1|LTBP2|SMAD7|ULK1|CHST3|CNTNAP2|RTN4|ARHGAP31|TRIM8|B3GLCT,-1.6,0
0,0,1,0,0,0,0,0,-2.4,0,0,0,C0152459,M001000,1,0,DisGeNET,35,Linear atrophy,,-2.4,4.1,3.8,30293,149,299,6,2,0.81,1435|2706|5021|5167|7157|7412,CSF1|GJB2|OXTR|ENPP1|TP53|VCAM1,-1.6,0
0,1,0,0,0,0,0,-2.4,0,0,0,0,C0600033,M010000,1,0,DisGeNET,35,Acquired Kyphoscoliosis,,-2.4,4.1,3.8,30293,149,299,6,2,0.81,54|2990|4041|6576|51085|60681,ACP5|GUSB|LRP5|SLC25A1|MLXIPL|FKBP10,-1.6,0
0,0,1,0,0,0,0,0,-2.4,0,0,0,C1836230,M001000,1,0,DisGeNET,35,"HUMAN IMMUNODEFICIENCY VIRUS TYPE 1, SUSCEPTIBILITY TO",,-2.4,4.1,3.8,30293,149,299,6,2,0.81,3105|4050|5021|6891|11074|83938,HLA-A|LTB|OXTR|TAP2|TRIM31|LRMDA,-1.6,0
0,0,1,0,0,0,0,0,-2.4,0,0,0,C0038443,M001000,1,0,DisGeNET,35,"Stress, Psychological",,-2.4,3.6,3.6,30293,199,299,7,2.3,0.87,4790|5021|7097|7098|8743|9734|25897,NFKB1|OXTR|TLR2|TLR3|TNFSF10|HDAC9|RNF19A,-1.6,0
0,0,0,0,0,1,0,0,0,0,0,-2.4,C0023652,M000001,1,0,DisGeNET,35,Lichen Sclerosus et Atrophicus,,-2.4,6.3,4.3,30293,64,300,4,1.3,0.66,1029|1893|3664|7057,CDKN2A|ECM1|IRF6|THBS1,-1.6,0
0,0,0,1,1,0,0,0,0,-2.4,-2.4,0,C0085083,M000110,2,0,DisGeNET,35,Ovarian Hyperstimulation Syndrome,,-2.4,6.3,4.3,30293,64,300,4,1.3,0.66,1958|2064|2153|3481,EGR1|ERBB2|F5|IGF2,-1.6,0
1,0,0,0,0,0,-2.4,0,0,0,0,0,C0849640,M100000,1,0,DisGeNET,35,skin damage,,-2.4,6.3,4.3,30293,64,300,4,1.3,0.66,860|2643|3162|7357,RUNX2|GCH1|HMOX1|UGCG,-1.6,0
0,0,0,1,0,0,0,0,0,-2.4,0,0,C3160712,M000100,1,0,DisGeNET,35,"Palpitations, CTCAE",,-2.4,6.3,4.3,30293,64,300,4,1.3,0.66,2353|10555|50484|78987,FOS|AGPAT2|RRM2B|CRELD1,-1.6,0
0,0,1,0,1,0,0,0,-2.4,0,-2.4,0,C0040147,M001010,2,0,DisGeNET,35,Thyroiditis,,-2.4,4.9,3.9,30293,104,299,5,1.7,0.74,843|3627|6774|7097|7157,CASP10|CXCL10|STAT3|TLR2|TP53,-1.6,0
1,1,0,0,0,0,-2.4,-2.4,0,0,0,0,C0013386,M110000,2,0,DisGeNET,35,"Dyskinesia, Drug-Induced",,-2.4,9.5,4.8,30293,32,299,3,1,0.58,847|1312|2752,CAT|COMT|GLUL,-1.6,0
0,0,1,0,0,0,0,0,-2.4,0,0,0,C0019618,M001000,1,0,DisGeNET,35,Histiocytosis,,-2.4,9.5,4.8,30293,32,299,3,1,0.58,3459|7157|51284,IFNGR1|TP53|TLR7,-1.6,0
0,0,1,0,0,0,0,0,-2.4,0,0,0,C0027814,M001000,1,0,DisGeNET,35,"Neuritis, Autoimmune, Experimental",,-2.4,9.5,4.8,30293,32,299,3,1,0.58,5743|6376|7097,PTGS2|CX3CL1|TLR2,-1.6,0
0,0,1,0,0,0,0,0,-2.4,0,0,0,C0221292,M001000,1,0,DisGeNET,35,Basophilic leukemia,,-2.4,9.5,4.8,30293,32,299,3,1,0.58,567|5696|6891,B2M|PSMB8|TAP2,-1.6,0
0,1,0,0,1,0,0,-2.4,0,0,-2.4,0,C0268151,M010010,2,0,DisGeNET,35,Classical galactosemia,,-2.4,9.5,4.8,30293,32,299,3,1,0.58,1595|2584|130589,CYP51A1|GALK1|GALM,-1.6,0
0,1,0,0,0,0,0,-2.4,0,0,0,0,C0271683,M010000,1,0,DisGeNET,35,"Polyneuropathy, Motor",,-2.4,9.5,4.8,30293,32,299,3,1,0.58,6342|6576|7276,SCP2|SLC25A1|TTR,-1.6,0
0,0,1,0,0,0,0,0,-2.4,0,0,0,C0347950,M001000,1,0,DisGeNET,35,Asthma attack,,-2.4,9.5,4.8,30293,32,299,3,1,0.58,3627|4790|7097,CXCL10|NFKB1|TLR2,-1.6,0
0,0,1,0,0,0,0,0,-2.4,0,0,0,C0432475,M001000,1,0,DisGeNET,35,XX males,,-2.4,9.5,4.8,30293,32,299,3,1,0.58,2516|2706|130574,NR5A1|GJB2|LYPD6,-1.6,0
0,0,1,0,0,0,0,0,-2.4,0,0,0,C1704327,M001000,1,0,DisGeNET,35,Bone Sarcoma,,-2.4,9.5,4.8,30293,32,299,3,1,0.58,6774|7157|8743,STAT3|TP53|TNFSF10,-1.6,0
0,1,0,0,0,0,0,-2.4,0,0,0,0,C4025616,M010000,1,0,DisGeNET,35,CNS hypomyelination,,-2.4,9.5,4.8,30293,32,299,3,1,0.58,1650|2752|5859,DDOST|GLUL|QARS1,-1.6,0
0,1,0,0,0,0,0,-2.4,0,0,0,0,C0279607,M010000,1,0,DisGeNET,35,Adult Hepatocellular Carcinoma,,-2.4,4.1,3.7,30293,150,299,6,2,0.81,174|216|2147|2264|9368|51280,AFP|ALDH1A1|F2|FGFR4|NHERF1|GOLM1,-1.6,0
1,0,0,0,0,0,-2.4,0,0,0,0,0,C0027813,M100000,1,0,DisGeNET,35,Neuritis,,-2.4,9.5,4.8,30293,32,300,3,1,0.57,3576|140691|148022,CXCL8|TRIM69|TICAM1,-1.6,0
0,0,0,1,0,0,0,0,0,-2.4,0,0,C0032027,M000100,1,0,DisGeNET,35,Pityriasis Rubra Pilaris,,-2.4,9.5,4.8,30293,32,300,3,1,0.57,351|2571|7040,APP|GAD1|TGFB1,-1.6,0
0,0,0,0,0,1,0,0,0,0,0,-2.4,C0079293,M000001,1,0,DisGeNET,35,Epidermolysis Bullosa Acquisita,,-2.4,9.5,4.8,30293,32,300,3,1,0.57,2314|2335|4323,FLII|FN1|MMP14,-1.6,0
0,0,0,1,0,0,0,0,0,-2.4,0,0,C0156181,M000100,1,0,DisGeNET,35,Peritoneal adhesion,,-2.4,9.5,4.8,30293,32,300,3,1,0.57,1958|7040|10232,EGR1|TGFB1|MSLN,-1.6,0
0,0,0,0,1,0,0,0,0,0,-2.4,0,C0238651,M000010,1,0,DisGeNET,35,Ankle clonus,,-2.4,9.5,4.8,30293,32,300,3,1,0.57,215|547|22931,ABCD1|KIF1A|RAB18,-1.6,0
0,0,0,0,0,1,0,0,0,0,0,-2.4,C0746731,M000001,1,0,DisGeNET,35,Acute myocardial ischemia,,-2.4,9.5,4.8,30293,32,300,3,1,0.57,2335|4323|6277,FN1|MMP14|S100A6,-1.6,0
0,0,0,1,0,0,0,0,0,-2.4,0,0,C0861727,M000100,1,0,DisGeNET,35,Pancreatic adenocarcinoma metastatic,,-2.4,9.5,4.8,30293,32,300,3,1,0.57,6690|10232|27122,SPINK1|MSLN|DKK3,-1.6,0
0,0,0,0,0,1,0,0,0,0,0,-2.4,C0862312,M000001,1,0,DisGeNET,35,"Epithelioid mesothelioma, malignant",,-2.4,9.5,4.8,30293,32,300,3,1,0.57,1029|1364|1462,CDKN2A|CLDN4|VCAN,-1.6,0
0,0,0,1,0,0,0,0,0,-2.4,0,0,C1332166,M000100,1,0,DisGeNET,35,Adenocarcinoma of the gastroesophageal junction,,-2.4,9.5,4.8,30293,32,300,3,1,0.57,2064|57504|84951,ERBB2|MTA3|TNS4,-1.6,0
0,0,0,0,0,1,0,0,0,0,0,-2.4,C2931133,M000001,1,0,DisGeNET,35,Pediatric Crohn's disease,,-2.4,9.5,4.8,30293,32,300,3,1,0.57,998|4982|65264,CDC42|TNFRSF11B|UBE2Z,-1.6,0
1,0,0,0,0,0,-2.4,0,0,0,0,0,C4552513,M100000,1,0,DisGeNET,35,Temporomandibular joint osteoarthritis,,-2.4,9.5,4.8,30293,32,300,3,1,0.57,650|860|4312,BMP2|RUNX2|MMP1,-1.6,0
1,0,0,0,0,1,-2.4,0,0,0,0,-2.4,C0030312,M100001,2,0,DisGeNET,35,Pancytopenia,,-2.4,3.2,3.5,30293,253,300,8,2.7,0.93,2120|2523|3431|3717|4893|5371|5993|80169,ETV6|FUT1|SP110|JAK2|NRAS|PML|RFX5|CTC1,-1.6,0
0,1,0,0,0,0,0,-2.4,0,0,0,0,C0687720,M010000,1,0,DisGeNET,35,Central Diabetes Insipidus,,-2.4,4.8,3.9,30293,105,299,5,1.7,0.74,196|7358|25870|51084|55902,AHR|UGDH|SUMF2|CRYL1|ACSS2,-1.6,0
0,0,1,0,0,0,0,0,-2.4,0,0,0,C1378050,M001000,1,0,DisGeNET,35,Oncocytic Neoplasm,,-2.4,4.8,3.9,30293,105,299,5,1.7,0.74,3486|5743|7157|7412|79139,IGFBP3|PTGS2|TP53|VCAM1|DERL1,-1.6,0
0,1,0,1,1,0,0,-2.4,0,-2.4,-2.4,0,C0085220,M010110,3,0,DisGeNET,35,Cerebral Amyloid Angiopathy,,-2.4,6.2,4.2,30293,65,299,4,1.3,0.66,335|1191|2147|7276,APOA1|CLU|F2|TTR,-1.6,0
0,0,1,0,0,0,0,0,-2.4,0,0,0,C0162323,M001000,1,0,DisGeNET,35,Polyarthritis,,-2.4,6.2,4.2,30293,65,299,4,1.3,0.66,3105|5167|7133|64127,HLA-A|ENPP1|TNFRSF1B|NOD2,-1.6,0
0,0,1,0,0,0,0,0,-2.4,0,0,0,C0280220,M001000,1,0,DisGeNET,35,"stage, ovarian epithelial cancer",,-2.4,6.2,4.2,30293,65,299,4,1.3,0.66,1302|3486|7133|7157,COL11A2|IGFBP3|TNFRSF1B|TP53,-1.6,0
0,0,1,0,0,0,0,0,-2.4,0,0,0,C1333762,M001000,1,0,DisGeNET,35,Gastric Cardia Adenocarcinoma,,-2.4,6.2,4.2,30293,65,299,4,1.3,0.66,4734|5743|7157|83593,NEDD4|PTGS2|TP53|RASSF5,-1.6,0
0,0,0,1,0,0,0,0,0,-2.4,0,0,C0037317,M000100,1,0,DisGeNET,35,Sleep disturbances,,-2.4,2.9,3.4,30293,310,300,9,3,0.98,348|1471|1917|2571|4054|7991|10765|10801|23043,APOE|CST3|EEF1A2|GAD1|LTBP3|TUSC3|KDM5B|SEPTIN9|TNIK,-1.6,0
0,1,0,0,0,0,0,-2.4,0,0,0,0,C0234146,M010000,1,0,DisGeNET,35,Absent reflex,,-2.4,3.5,3.6,30293,201,299,7,2.3,0.87,476|2548|2705|3030|6576|10397|64374,ATP1A1|GAA|GJB1|HADHA|SLC25A1|NDRG1|SIL1,-1.6,0
0,1,0,0,0,0,0,-2.4,0,0,0,0,C0345392,M010000,1,0,DisGeNET,35,Congenital kyphoscoliosis,,-2.4,4,3.7,30293,151,299,6,2,0.81,54|2990|4041|6576|51085|60681,ACP5|GUSB|LRP5|SLC25A1|MLXIPL|FKBP10,-1.6,0
0,0,0,1,0,0,0,0,0,-2.4,0,0,C0206685,M000100,1,0,DisGeNET,35,Acinar Cell Carcinoma,,-2.4,6.2,4.2,30293,65,300,4,1.3,0.66,2064|5265|5627|6690,ERBB2|SERPINA1|PROS1|SPINK1,-1.6,0
0,0,0,1,0,0,0,0,0,-2.4,0,0,C0917996,M000100,1,0,DisGeNET,35,Cerebral Aneurysm,,-2.4,6.2,4.2,30293,65,300,4,1.3,0.66,348|2852|6296|7076,APOE|GPER1|ACSM3|TIMP1,-1.6,0
1,0,0,0,0,0,-2.4,0,0,0,0,0,C0018203,M100000,1,0,DisGeNET,35,Chronic granulomatous disease,,-2.4,4.8,3.9,30293,105,300,5,1.7,0.74,1535|2730|3576|7100|50506,CYBA|GCLM|CXCL8|TLR5|DUOX2,-1.6,0
0,0,0,1,0,0,0,0,0,-2.4,0,0,C1834582,M000100,1,0,DisGeNET,35,"MYELOPROLIFERATIVE SYNDROME, TRANSIENT",,-2.4,4.8,3.9,30293,105,300,5,1.7,0.74,348|351|558|2852|7040,APOE|APP|AXL|GPER1|TGFB1,-1.6,0
1,0,0,0,0,0,-2.4,0,0,0,0,0,C0544886,M100000,1,0,DisGeNET,35,Somatic mutation,,-2.4,4,3.7,30293,151,300,6,2,0.81,2120|3482|3659|3717|4893|10019,ETV6|IGF2R|IRF1|JAK2|NRAS|SH2B3,-1.5,0
1,0,0,1,0,0,-2.4,0,0,-2.4,0,0,C3495917,M100100,2,0,DisGeNET,35,Advanced breast cancer,,-2.4,4,3.7,30293,151,300,6,2,0.81,2625|2950|3576|4773|6648|8767,GATA3|GSTP1|CXCL8|NFATC2|SOD2|RIPK2,-1.5,0
0,0,1,0,0,0,0,0,-2.4,0,0,0,C0040997,M001000,1,0,DisGeNET,35,Trigeminal Neuralgia,,-2.4,4.8,3.9,30293,106,299,5,1.7,0.74,5582|6774|7157|8743|25897,PRKCG|STAT3|TP53|TNFSF10|RNF19A,-1.5,0
0,0,1,0,0,0,0,0,-2.4,0,0,0,C0600041,M001000,1,0,DisGeNET,35,Infective cystitis,,-2.4,4.8,3.9,30293,106,299,5,1.7,0.74,3437|5743|5971|7157|51284,IFIT3|PTGS2|RELB|TP53|TLR7,-1.5,0
0,1,0,0,0,0,0,-2.4,0,0,0,0,C1411966,M010000,1,0,DisGeNET,35,Clostridium; difficile (disorder),,-2.4,4.8,3.9,30293,106,299,5,1.7,0.74,4069|6721|7358|25870|51084,LYZ|SREBF2|UGDH|SUMF2|CRYL1,-1.5,0
0,0,1,0,0,0,0,0,-2.4,0,0,0,C2676033,M001000,1,0,DisGeNET,35,Hepatoblastoma Caused By Somatic Mutation,,-2.4,4.8,3.9,30293,106,299,5,1.7,0.74,718|2638|2706|5743|7157,C3|GC|GJB2|PTGS2|TP53,-1.5,0
0,0,0,0,0,1,0,0,0,0,0,-2.4,C0008924,M000001,1,0,DisGeNET,35,Cleft upper lip,,-2.4,3.2,3.5,30293,255,300,8,2.7,0.93,2314|2317|3664|3728|6469|11259|23677|54101,FLII|FLNB|IRF6|JUP|SHH|FILIP1L|SH3BP4|RIPK4,-1.5,0
0,0,1,0,0,0,0,0,-2.4,0,0,0,C0036323,M001000,1,0,DisGeNET,35,Schistosomiasis,,-2.4,4,3.7,30293,152,299,6,2,0.81,3105|4045|6774|7157|27074|259307,HLA-A|LSAMP|STAT3|TP53|LAMP3|IL4I1,-1.5,0
1,0,1,1,0,1,-2.4,0,-2.4,-2.4,0,-2.4,C0018916,M101101,4,0,DisGeNET,35,Hemangioma,,-2.4,3.2,3.5,30293,256,299,8,2.7,0.93,103|3486|6774|7157|8506|10148|10483|89932,ADAR|IGFBP3|STAT3|TP53|CNTNAP1|EBI3|SEC23B|PAPLN,-1.5,0
0,0,0,0,1,0,0,0,0,0,-2.4,0,C0005744,M000010,1,0,DisGeNET,35,Blepharophimosis,,-2.4,4.8,3.9,30293,106,300,5,1.7,0.74,3981|3984|8642|22931|51339,LIG4|LIMK1|DCHS1|RAB18|DACT1,-1.5,0
1,0,0,0,0,1,-2.4,0,0,0,0,-2.4,C0011875,M100001,2,0,DisGeNET,35,Diabetic Angiopathies,,-2.4,4.8,3.9,30293,106,300,5,1.7,0.74,3162|3383|5970|6446|6648,HMOX1|ICAM1|RELA|SGK1|SOD2,-1.5,0
0,0,0,0,1,0,0,0,0,0,-2.4,0,C0333519,M000010,1,0,DisGeNET,35,Caries (morphologic abnormality),,-2.4,4.8,3.9,30293,106,300,5,1.7,0.74,3624|3840|4318|4478|7077,INHBA|KPNA4|MMP9|MSN|TIMP2,-1.5,0
0,0,1,0,0,0,0,0,-2.4,0,0,0,C0011649,M001000,1,0,DisGeNET,35,Dermoid Cyst,,-2.4,9.2,4.7,30293,33,299,3,1,0.58,718|7157|160418,C3|TP53|TMTC3,-1.5,0
0,0,1,0,0,0,0,0,-2.4,0,0,0,C0032273,M001000,1,0,DisGeNET,35,Pneumoconiosis,,-2.4,9.2,4.7,30293,33,299,3,1,0.58,3105|5743|9466,HLA-A|PTGS2|IL27RA,-1.5,0
0,0,1,0,0,0,0,0,-2.4,0,0,0,C0036685,M001000,1,0,DisGeNET,35,"Septicaemia due to gram-negative organism, unspecified",,-2.4,9.2,4.7,30293,33,299,3,1,0.58,6646|7097|9294,SOAT1|TLR2|S1PR2,-1.5,0
0,0,1,0,0,0,0,0,-2.4,0,0,0,C0334664,M001000,1,0,DisGeNET,35,Mast Cell Neoplasm,,-2.4,9.2,4.7,30293,33,299,3,1,0.58,7098|7157|9466,TLR3|TP53|IL27RA,-1.5,0
0,0,1,0,0,0,0,0,-2.4,0,0,0,C0574960,M001000,1,0,DisGeNET,35,Sacroiliitis,,-2.4,9.2,4.7,30293,33,299,3,1,0.58,972|3105|64127,CD74|HLA-A|NOD2,-1.5,0
0,0,1,1,0,0,0,0,-2.4,-2.4,0,0,C1704376,M001100,2,0,DisGeNET,35,Uterine Corpus Carcinosarcoma,,-2.4,9.2,4.7,30293,33,299,3,1,0.58,2319|6774|7157,FLOT2|STAT3|TP53,-1.5,0
0,0,1,0,0,0,0,0,-2.4,0,0,0,C1861303,M001000,1,0,DisGeNET,35,"SYNOVITIS, GRANULOMATOUS, WITH UVEITIS AND CRANIAL NEUROPATHIES (disorder)",,-2.4,9.2,4.7,30293,33,299,3,1,0.58,3459|25897|64127,IFNGR1|RNF19A|NOD2,-1.5,0
1,0,0,0,0,0,-2.4,0,0,0,0,0,C0152268,M100000,1,0,DisGeNET,35,Nodular Sclerosis Classical Hodgkin Lymphoma,,-2.4,6.1,4.2,30293,66,300,4,1.3,0.66,2625|3717|4646|5966,GATA3|JAK2|MYO6|REL,-1.5,0
0,0,0,0,1,1,0,0,0,0,-2.4,-2.4,C0155094,M000011,2,0,DisGeNET,35,Corneal pannus,,-2.4,6.1,4.2,30293,66,300,4,1.3,0.66,4318|5744|7077|115908,MMP9|PTHLH|TIMP2|CTHRC1,-1.5,0
0,0,0,1,0,0,0,0,0,-2.4,0,0,C0311370,M000100,1,0,DisGeNET,35,Lupus anticoagulant disorder,,-2.4,6.1,4.2,30293,66,300,4,1.3,0.66,2153|2159|5627|7448,F5|F10|PROS1|VTN,-1.5,0
0,0,0,0,1,0,0,0,0,0,-2.4,0,C0334590,M000010,1,0,DisGeNET,35,Anaplastic Oligodendroglioma,,-2.4,6.1,4.2,30293,66,300,4,1.3,0.66,1030|3981|5155|11010,CDKN2B|LIG4|PDGFB|GLIPR1,-1.5,0
1,0,0,0,0,0,-2.4,0,0,0,0,0,C0740404,M100000,1,0,DisGeNET,35,Limb defects,,-2.4,6.1,4.2,30293,66,300,4,1.3,0.66,860|5879|7405|28956,RUNX2|RAC1|UVRAG|LAMTOR2,-1.5,0
0,0,0,0,0,1,0,0,0,0,0,-2.4,C1336527,M000001,1,0,DisGeNET,35,"Carcinoma of urinary bladder, superficial",,-2.4,6.1,4.2,30293,66,300,4,1.3,0.66,331|1026|1029|6282,XIAP|CDKN1A|CDKN2A|S100A11,-1.5,0
0,0,0,0,0,1,0,0,0,0,0,-2.4,C1853118,M000001,1,0,DisGeNET,35,Severe congenital neutropenia,,-2.4,6.1,4.2,30293,66,300,4,1.3,0.66,861|1029|1436|1499,RUNX1|CDKN2A|CSF1R|CTNNB1,-1.5,0
0,0,0,0,1,0,0,0,0,0,-2.4,0,C0002949,M000010,1,0,DisGeNET,35,"Aneurysm, Dissecting",,-2.4,9.2,4.7,30293,33,300,3,1,0.57,1030|4318|8682,CDKN2B|MMP9|PEA15,-1.5,0
0,0,0,0,0,1,0,0,0,0,0,-2.4,C0027583,M000001,1,0,DisGeNET,35,Nematode infections,,-2.4,9.2,4.7,30293,33,300,3,1,0.57,3566|3606|9948,IL4R|IL18|WDR1,-1.5,0
1,0,0,0,0,0,-2.4,0,0,0,0,0,C0151942,M100000,1,0,DisGeNET,35,Arterial thrombosis,,-2.4,9.2,4.7,30293,33,300,3,1,0.57,355|3717|10019,FAS|JAK2|SH2B3,-1.5,0
0,0,0,1,0,0,0,0,0,-2.4,0,0,C0154084,M000100,1,0,DisGeNET,35,Stage 0 Breast Carcinoma,,-2.4,9.2,4.7,30293,33,300,3,1,0.57,2064|4485|7040,ERBB2|MST1|TGFB1,-1.5,0
0,0,0,1,0,0,0,0,0,-2.4,0,0,C0268630,M000100,1,0,DisGeNET,35,Hyper-beta-alaninemia,,-2.4,9.2,4.7,30293,33,300,3,1,0.57,9056|50484|162417,SLC7A7|RRM2B|NAGS,-1.5,0
0,0,0,1,0,0,0,0,0,-2.4,0,0,C0270952,M000100,1,0,DisGeNET,35,"Muscular Dystrophy, Oculopharyngeal",,-2.4,9.2,4.7,30293,33,300,3,1,0.57,4054|5562|22933,LTBP3|PRKAA1|SIRT2,-1.5,0
1,0,0,0,0,0,-2.4,0,0,0,0,0,C0729531,M100000,1,0,DisGeNET,35,Viral respiratory infection,,-2.4,9.2,4.7,30293,33,300,3,1,0.57,3659|11221|50506,IRF1|DUSP10|DUOX2,-1.5,0
1,0,0,0,0,0,-2.4,0,0,0,0,0,C2748208,M100000,1,0,DisGeNET,35,Executive dysfunction,,-2.4,9.2,4.7,30293,33,300,3,1,0.57,3383|3576|255239,ICAM1|CXCL8|ANKK1,-1.5,0
1,0,0,0,0,0,-2.4,0,0,0,0,0,C3275069,M100000,1,0,DisGeNET,35,Chronic Total Occlusion Vessel,,-2.4,9.2,4.7,30293,33,300,3,1,0.57,285|1738|3898,ANGPT2|DLD|LAD1,-1.5,0
0,0,0,0,1,0,0,0,0,0,-2.4,0,C3711387,M000010,1,0,DisGeNET,35,Autosomal Recessive Primary Microcephaly,,-2.4,9.2,4.7,30293,33,300,3,1,0.57,7846|23141|55262,TUBA1A|ANKLE2|TRAPPC14,-1.5,0
0,0,0,0,0,1,0,0,0,0,0,-2.4,C3714753,M000001,1,0,DisGeNET,35,"RETINOSCHISIS 1, X-LINKED, JUVENILE",,-2.4,9.2,4.7,30293,33,300,3,1,0.57,1026|7057|8878,CDKN1A|THBS1|SQSTM1,-1.5,0
0,0,1,0,0,0,0,0,-2.4,0,0,0,C0002878,M001000,1,0,DisGeNET,35,"Anemia, Hemolytic",,-2.4,4,3.7,30293,153,299,6,2,0.81,718|2235|2811|4790|4791|5743,C3|FECH|GP1BA|NFKB1|NFKB2|PTGS2,-1.5,0
0,0,1,0,0,0,0,0,-2.4,0,0,0,C0206694,M001000,1,0,DisGeNET,35,Mucoepidermoid Carcinoma,,-2.4,4,3.7,30293,153,299,6,2,0.81,1080|5743|6774|7157|9734|10970,CFTR|PTGS2|STAT3|TP53|HDAC9|CKAP4,-1.5,0
0,0,1,0,0,0,0,0,-2.4,0,0,0,C4552000,M001000,1,0,DisGeNET,35,Episodic Kinesigenic Dyskinesia 1,,-2.4,4,3.7,30293,153,299,6,2,0.81,1080|3934|6558|6774|9856|25897,CFTR|LCN2|SLC12A2|STAT3|KIAA0319|RNF19A,-1.5,0
0,0,1,0,0,0,0,0,-2.4,0,0,0,C0178468,M001000,1,0,DisGeNET,35,Autoimmune thyroid disease,,-2.4,4.7,3.9,30293,107,299,5,1.7,0.74,3627|6774|10148|53347|64135,CXCL10|STAT3|EBI3|UBASH3A|IFIH1,-1.5,0
0,0,0,0,0,1,0,0,0,0,0,-2.4,C1333001,M000001,1,0,DisGeNET,35,Childhood Renal Cell Carcinoma,,-2.4,4.7,3.9,30293,107,300,5,1.7,0.74,998|1029|1462|1499|2335,CDC42|CDKN2A|VCAN|CTNNB1|FN1,-1.5,0
0,0,1,0,0,0,0,0,-2.4,0,0,0,C0019079,M001000,1,0,DisGeNET,35,Hemoptysis,,-2.4,6,4.1,30293,67,299,4,1.3,0.66,94|1080|51752|84818,ACVRL1|CFTR|ERAP1|IL17RC,-1.5,0
0,0,1,0,0,0,0,0,-2.4,0,0,0,C0022283,M001000,1,0,DisGeNET,35,Incontinentia Pigmenti Achromians,,-2.4,6,4.1,30293,67,299,4,1.3,0.66,6774|7097|7133|25897,STAT3|TLR2|TNFRSF1B|RNF19A,-1.5,0
0,0,1,0,0,0,0,0,-2.4,0,0,0,C0038325,M001000,1,0,DisGeNET,35,Stevens-Johnson Syndrome,,-2.4,6,4.1,30293,67,299,4,1.3,0.66,3105|4734|7098|79139,HLA-A|NEDD4|TLR3|DERL1,-1.5,0
0,0,1,0,0,0,0,0,-2.4,0,0,0,C0521170,M001000,1,0,DisGeNET,35,Osteoporotic Fractures,,-2.4,4.7,3.8,30293,108,299,5,1.7,0.74,3934|5743|7133|7480|8743,LCN2|PTGS2|TNFRSF1B|WNT10B|TNFSF10,-1.5,0
1,0,0,0,0,0,-2.4,0,0,0,0,0,C0021122,M100000,1,0,DisGeNET,35,"Disruptive, Impulse Control, and Conduct Disorders",,-2.4,6,4.1,30293,67,300,4,1.3,0.66,1812|2920|6648|255239,DRD1|CXCL2|SOD2|ANKK1,-1.5,0
0,0,0,1,0,0,0,0,0,-2.4,0,0,C0279612,M000100,1,0,DisGeNET,35,Childhood Embryonal Rhabdomyosarcoma,,-2.4,6,4.1,30293,67,300,4,1.3,0.66,2064|3481|4745|7040,ERBB2|IGF2|NELL1|TGFB1,-1.5,0
0,0,0,1,0,0,0,0,0,-2.4,0,0,C0410207,M000100,1,0,DisGeNET,35,Tubular Aggregate Myopathy,,-2.4,6,4.1,30293,67,300,4,1.3,0.66,348|558|2852|7040,APOE|AXL|GPER1|TGFB1,-1.5,0
0,0,0,0,0,1,0,0,0,0,0,-2.4,C0858617,M000001,1,0,DisGeNET,35,Posterior subcapsular cataract,,-2.4,6,4.1,30293,67,300,4,1.3,0.66,1969|3909|4323|128866,EPHA2|LAMA3|MMP14|CHMP4B,-1.5,0
1,0,0,0,0,0,-2.4,0,0,0,0,0,C1963077,M100000,1,0,DisGeNET,35,"Bone Pain, CTCAE 3.0",,-2.4,6,4.1,30293,67,300,4,1.3,0.66,2131|5371|9663|29887,EXT1|PML|LPIN2|SNX10,-1.5,0
1,0,0,0,0,0,-2.4,0,0,0,0,0,C4554063,M100000,1,0,DisGeNET,35,"Bone Pain, CTCAE 5.0",,-2.4,6,4.1,30293,67,300,4,1.3,0.66,2131|5371|9663|29887,EXT1|PML|LPIN2|SNX10,-1.5,0
0,0,0,1,1,0,0,0,0,-2.3,-2.3,0,C0237123,M000110,2,0,DisGeNET,35,Alcohol or Other Drugs use,,-2.3,4.7,3.8,30293,108,300,5,1.7,0.74,348|652|2571|10163|85415,APOE|BMP4|GAD1|WASF2|RHPN2,-1.5,0
0,0,0,0,1,0,0,0,0,0,-2.3,0,C0242994,M000010,1,0,DisGeNET,35,Hantavirus Infections,,-2.3,4.7,3.8,30293,108,300,5,1.7,0.74,1906|3589|4318|5074|9260,EDN1|IL11|MMP9|PAWR|PDLIM7,-1.5,0
0,0,0,0,0,1,0,0,0,0,0,-2.3,C4553765,M000001,1,0,DisGeNET,35,"Memory Impairment, CTCAE 5.0",,-2.3,4.7,3.8,30293,108,300,5,1.7,0.74,1436|1893|4615|5663|8878,CSF1R|ECM1|MYD88|PSEN1|SQSTM1,-1.5,0
0,1,0,0,0,0,0,-2.3,0,0,0,0,C0575158,M010000,1,0,DisGeNET,35,Kyphoscoliosis deformity of spine,,-2.3,3.9,3.6,30293,155,299,6,2,0.81,54|2990|4041|6576|51085|60681,ACP5|GUSB|LRP5|SLC25A1|MLXIPL|FKBP10,-1.5,0
0,0,1,0,1,0,0,0,-2.3,0,-2.3,0,C0013581,M001010,2,0,DisGeNET,35,Ectopia Lentis,,-2.3,8.9,4.6,30293,34,299,3,1,0.58,6890|6891|6892,TAP1|TAP2|TAPBP,-1.5,0
0,1,0,1,0,0,0,-2.3,0,-2.3,0,0,C0027658,M010100,2,0,DisGeNET,35,"Neoplasms, Germ Cell and Embryonal",,-2.3,8.9,4.6,30293,34,299,3,1,0.58,174|957|6337,AFP|ENTPD5|SCNN1A,-1.5,0
0,0,1,0,0,0,0,0,-2.3,0,0,0,C0268390,M001000,1,0,DisGeNET,35,Muckle-Wells Syndrome,,-2.3,8.9,4.6,30293,34,299,3,1,0.58,10148|25897|64127,EBI3|RNF19A|NOD2,-1.5,0
1,1,0,0,0,0,-2.3,-2.3,0,0,0,0,C3539168,M110000,2,0,DisGeNET,35,"PEROXISOME BIOGENESIS DISORDER, COMPLEMENTATION GROUP A",,-2.3,8.9,4.6,30293,34,299,3,1,0.58,847|2548|56922,CAT|GAA|MCCC1,-1.5,0
1,0,0,0,0,0,-2.3,0,0,0,0,0,C0280313,M100000,1,0,DisGeNET,35,Squamous cell carcinoma of oropharynx,,-2.3,3.9,3.6,30293,155,300,6,2,0.81,355|2950|3576|4312|7100|28956,FAS|GSTP1|CXCL8|MMP1|TLR5|LAMTOR2,-1.5,0
0,0,0,0,0,1,0,0,0,0,0,-2.3,C0013312,M000001,1,0,DisGeNET,35,Dupuytren Contracture,,-2.3,8.9,4.6,30293,34,300,3,1,0.57,1499|2335|4323,CTNNB1|FN1|MMP14,-1.5,0
1,0,0,0,1,0,-2.3,0,0,0,-2.3,0,C0151860,M100010,2,0,DisGeNET,35,Acquired porencephaly,,-2.3,8.9,4.6,30293,34,300,3,1,0.57,4893|55129|285203,NRAS|ANO10|EOGT,-1.5,0
1,0,0,0,0,0,-2.3,0,0,0,0,0,C0280253,M100000,1,0,DisGeNET,35,"stage, gastric cancer",,-2.3,8.9,4.6,30293,34,300,3,1,0.57,310|51094|346389,ANXA7|ADIPOR1|MACC1,-1.5,0
0,0,0,0,1,0,0,0,0,0,-2.3,0,C0454651,M000010,1,0,DisGeNET,35,Specific language impairment,,-2.3,8.9,4.6,30293,34,300,3,1,0.57,649|2004|26047,BMP1|ELK3|CNTNAP2,-1.5,0
1,0,0,0,0,0,-2.3,0,0,0,0,0,C0948441,M100000,1,0,DisGeNET,35,Venoocclusive disease,,-2.3,8.9,4.6,30293,34,300,3,1,0.57,2950|3383|3431,GSTP1|ICAM1|SP110,-1.5,0
0,0,0,1,0,0,0,0,0,-2.3,0,0,C1266158,M000100,1,0,DisGeNET,35,Nongerminomatous Germ Cell Tumor,,-2.3,8.9,4.6,30293,34,300,3,1,0.57,2064|6744|27122,ERBB2|ITPRID2|DKK3,-1.5,0
0,0,0,0,0,1,0,0,0,0,0,-2.3,C1314694,M000001,1,0,DisGeNET,35,"Astrocytoma, low grade",,-2.3,8.9,4.6,30293,34,300,3,1,0.57,1026|1462|2335,CDKN1A|VCAN|FN1,-1.5,0
0,0,0,0,1,0,0,0,0,0,-2.3,0,C1838705,M000010,1,0,DisGeNET,35,Anteriorly placed anus,,-2.3,8.9,4.6,30293,34,300,3,1,0.57,8642|51339|145173,DCHS1|DACT1|B3GLCT,-1.5,0
0,0,0,0,1,0,0,0,0,0,-2.3,0,C1849020,M000010,1,0,DisGeNET,35,Short metatarsal,,-2.3,8.9,4.6,30293,34,300,3,1,0.57,2316|5744|145173,FLNA|PTHLH|B3GLCT,-1.5,0
0,0,0,1,0,0,0,0,0,-2.3,0,0,C4744444,M000100,1,0,DisGeNET,35,Metastatic Lung Adenocarcinoma,,-2.3,8.9,4.6,30293,34,300,3,1,0.57,2064|3880|26085,ERBB2|KRT19|KLK13,-1.5,0
0,0,0,1,0,0,0,0,0,-2.3,0,0,C0276496,M000100,1,0,DisGeNET,35,Familial Alzheimer Disease (FAD),,-2.3,3.1,3.4,30293,260,300,8,2.7,0.93,348|351|1471|2353|3481|7018|7040|7178,APOE|APP|CST3|FOS|IGF2|TF|TGFB1|TPT1,-1.5,0
0,0,1,0,0,0,0,0,-2.3,0,0,0,C0014145,M001000,1,0,DisGeNET,35,Yolk Sac Tumor,,-2.3,6,4.1,30293,68,299,4,1.3,0.66,567|2516|7157|10970,B2M|NR5A1|TP53|CKAP4,-1.5,0
0,0,1,0,0,0,0,0,-2.3,0,0,0,C0221026,M001000,1,0,DisGeNET,35,X-linked agammaglobulinemia,,-2.3,6,4.1,30293,68,299,4,1.3,0.66,7097|8741|9308|51284,TLR2|TNFSF13|CD83|TLR7,-1.5,0
0,0,1,0,0,0,0,0,-2.3,0,0,0,C1304508,M001000,1,0,DisGeNET,35,Spindle cell hemangioma,,-2.3,6,4.1,30293,68,299,4,1.3,0.66,3105|5743|6774|7157,HLA-A|PTGS2|STAT3|TP53,-1.5,0
0,0,0,0,0,1,0,0,0,0,0,-2.3,C0266362,M000001,1,0,DisGeNET,35,Ambiguous Genitalia,,-2.3,4.6,3.8,30293,109,300,5,1.7,0.74,1948|3664|6469|7050|54101,EFNB2|IRF6|SHH|TGIF1|RIPK4,-1.5,0
0,0,0,0,0,1,0,0,0,0,0,-2.3,C1963167,M000001,1,0,DisGeNET,35,"Memory Impairment, CTCAE 3.0",,-2.3,4.6,3.8,30293,109,300,5,1.7,0.74,1436|1893|4615|5663|8878,CSF1R|ECM1|MYD88|PSEN1|SQSTM1,-1.5,0
0,0,0,1,0,0,0,0,0,-2.3,0,0,C0239137,M000100,1,0,DisGeNET,35,Coxa valga,,-2.3,5.9,4.1,30293,68,300,4,1.3,0.66,538|633|7040|27245,ATP7A|BGN|TGFB1|AHDC1,-1.5,0
0,0,0,0,0,1,0,0,0,0,0,-2.3,C0340970,M000001,1,0,DisGeNET,35,Congenital neutropenia,,-2.3,5.9,4.1,30293,68,300,4,1.3,0.66,861|1029|1436|1499,RUNX1|CDKN2A|CSF1R|CTNNB1,-1.5,0
0,0,0,0,1,0,0,0,0,0,-2.3,0,C0562350,M000010,1,0,DisGeNET,35,Hip circumference,,-2.3,5.9,4.1,30293,68,300,4,1.3,0.66,6249|23129|80212|91252,CLIP1|PLXND1|CCDC92|SLC39A13,-1.5,0
0,0,0,1,0,0,0,0,0,-2.3,0,0,C1865866,M000100,1,0,DisGeNET,35,Congenital sensorineural hearing loss,,-2.3,5.9,4.1,30293,68,300,4,1.3,0.66,4647|10083|54845|81848,MYO7A|USH1C|ESRP1|SPRY4,-1.5,0
0,1,0,0,0,0,0,-2.3,0,0,0,0,C1145670,M010000,1,0,DisGeNET,35,Respiratory Failure,,-2.3,2.9,3.3,30293,319,299,9,3,0.99,283|415|2065|2548|3030|5190|7108|7276|55902,ANG|ARSL|ERBB3|GAA|HADHA|PEX6|TM7SF2|TTR|ACSS2,-1.5,0
0,1,0,0,0,0,0,-2.3,0,0,0,0,C1861403,M010000,1,0,DisGeNET,35,Variable expressivity,,-2.3,2.9,3.3,30293,319,299,9,3,0.99,537|1675|2147|5213|6337|6519|8763|10682|10845,ATP6AP1|CFD|F2|PFKM|SCNN1A|SLC3A1|CD164|EBP|CLPX,-1.5,0
0,0,0,0,0,1,0,0,0,0,0,-2.3,C0206667,M000001,1,0,DisGeNET,35,Adrenal Cortical Adenoma,,-2.3,3.9,3.6,30293,156,300,6,2,0.81,1026|1499|2308|2335|8507|23158,CDKN1A|CTNNB1|FOXO1|FN1|ENC1|TBC1D9,-1.5,0
1,0,1,0,0,0,-2.3,0,-2.3,0,0,0,C0001883,M101000,2,0,DisGeNET,35,Airway Obstruction,,-2.3,4.6,3.8,30293,110,299,5,1.7,0.74,843|1080|3627|3934|6376,CASP10|CFTR|CXCL10|LCN2|CX3CL1,-1.5,0
0,0,1,0,0,0,0,0,-2.3,0,0,0,C0029883,M001000,1,0,DisGeNET,35,Otitis Media with Effusion,,-2.3,4.6,3.8,30293,110,299,5,1.7,0.74,1080|7096|7097|29108|51284,CFTR|TLR1|TLR2|PYCARD|TLR7,-1.5,0
0,1,0,0,0,0,0,-2.3,0,0,0,0,C0860603,M010000,1,0,DisGeNET,35,Anxiety symptoms,,-2.3,4.6,3.8,30293,110,299,5,1.7,0.74,847|1312|4128|4351|54414,CAT|COMT|MAOA|MPI|SIAE,-1.5,0
0,1,0,1,0,0,0,-2.3,0,-2.3,0,0,C0007959,M010100,2,0,DisGeNET,35,Charcot-Marie-Tooth Disease,,-2.3,3.4,3.5,30293,208,299,7,2.3,0.87,336|476|1915|2065|2705|5236|10397,APOA2|ATP1A1|EEF1A1|ERBB3|GJB1|PGM1|NDRG1,-1.5,0
0,0,1,1,0,1,0,0,-2.3,-2.3,0,-2.3,C0004565,M001101,3,0,DisGeNET,35,"Melanoma, B16",,-2.3,3.9,3.6,30293,157,299,6,2,0.81,3604|3684|6774|7157|25897|84818,TNFRSF9|ITGAM|STAT3|TP53|RNF19A|IL17RC,-1.5,0
0,0,1,0,0,0,0,0,-2.3,0,0,0,C4722419,M001000,1,0,DisGeNET,35,Extrapulmonary Small Cell Carcinoma,,-2.3,3.9,3.6,30293,157,299,6,2,0.81,5743|6732|6890|7133|7157|10410,PTGS2|SRPK1|TAP1|TNFRSF1B|TP53|IFITM3,-1.5,0
1,0,0,0,0,0,-2.3,0,0,0,0,0,C0011206,M100000,1,0,DisGeNET,35,Delirium,,-2.3,4.6,3.8,30293,110,300,5,1.7,0.74,3576|7357|8740|10670|57162,CXCL8|UGCG|TNFSF14|RRAGA|PELI1,-1.5,0
0,0,0,1,0,0,0,0,0,-2.3,0,0,C0338451,M000100,1,0,DisGeNET,35,Frontotemporal dementia,,-2.3,2.8,3.3,30293,320,300,9,3,0.98,348|351|2896|4680|6594|7076|7277|23043|27352,APOE|APP|GRN|CEACAM6|SMARCA1|TIMP1|TUBA4A|TNIK|SGSM3,-1.5,0
1,0,0,1,0,0,-2.3,0,0,-2.3,0,0,C1527390,M100100,2,0,DisGeNET,35,"Neoplasms, Intracranial",,-2.3,3.9,3.6,30293,157,300,6,2,0.81,2950|3576|4938|5970|6648|7035,GSTP1|CXCL8|OAS1|RELA|SOD2|TFPI,-1.5,0
1,0,0,0,0,0,-2.3,0,0,0,0,0,C0085682,M100000,1,0,DisGeNET,35,Hypophosphatemia,,-2.3,5.9,4,30293,69,300,4,1.3,0.66,3576|4893|9575|29887,CXCL8|NRAS|CLOCK|SNX10,-1.5,0
0,1,0,0,0,0,0,-2.3,0,0,0,0,C1536220,M010000,1,0,DisGeNET,35,ST segment elevation myocardial infarction,,-2.3,3.1,3.4,30293,264,299,8,2.7,0.93,196|335|738|847|2147|4351|7033|55902,AHR|APOA1|VPS51|CAT|F2|MPI|TFF3|ACSS2,-1.5,0
0,1,0,0,0,1,0,-2.3,0,0,0,-2.3,C0018780,M010001,2,0,DisGeNET,35,"Hearing Loss, High-Frequency",,-2.3,8.7,4.5,30293,35,299,3,1,0.58,476|847|7494,ATP1A1|CAT|XBP1,-1.5,0
0,1,0,0,0,0,0,-2.3,0,0,0,0,C0023521,M010000,1,0,DisGeNET,35,Globoid cell leukodystrophy,,-2.3,8.7,4.5,30293,35,299,3,1,0.58,738|2720|10682,VPS51|GLB1|EBP,-1.5,0
0,0,1,0,0,0,0,0,-2.3,0,0,0,C1332221,M001000,1,0,DisGeNET,35,Adult Yolk Sac Tumor,,-2.3,8.7,4.5,30293,35,299,3,1,0.58,2516|7157|10970,NR5A1|TP53|CKAP4,-1.5,0
0,0,1,0,0,0,0,0,-2.3,0,0,0,C1955861,M001000,1,0,DisGeNET,35,T-Cell Large Granular Lymphocyte Leukemia,,-2.3,8.7,4.5,30293,35,299,3,1,0.58,6646|6774|7128,SOAT1|STAT3|TNFAIP3,-1.5,0
0,0,1,0,0,0,0,0,-2.3,0,0,0,C3887641,M001000,1,0,DisGeNET,35,Recurrent hepatitis,,-2.3,8.7,4.5,30293,35,299,3,1,0.58,3459|3684|7098,IFNGR1|ITGAM|TLR3,-1.5,0
0,1,1,0,0,0,0,-2.3,-2.3,0,0,0,C0242231,M011000,2,0,DisGeNET,35,Coronary Stenosis,,-2.3,4.6,3.8,30293,111,299,5,1.7,0.74,738|6576|6721|7276|51085,VPS51|SLC25A1|SREBF2|TTR|MLXIPL,-1.5,0
0,0,1,0,0,0,0,0,-2.3,0,0,0,C0272286,M001000,1,0,DisGeNET,35,Thrombocytopenia due to platelet alloimmunization,,-2.3,4.6,3.8,30293,111,299,5,1.7,0.74,2811|3627|7128|7292|8741,GP1BA|CXCL10|TNFAIP3|TNFSF4|TNFSF13,-1.5,0
1,0,0,0,0,0,-2.3,0,0,0,0,0,C0001306,M100000,1,0,DisGeNET,35,Acute alcoholic liver disease,,-2.3,8.7,4.5,30293,35,300,3,1,0.57,355|3162|4792,FAS|HMOX1|NFKBIA,-1.5,0
0,0,0,0,0,1,0,0,0,0,0,-2.3,C0030353,M000001,1,0,DisGeNET,35,Papilledema,,-2.3,8.7,4.5,30293,35,300,3,1,0.57,1499|3423|4323,CTNNB1|IDS|MMP14,-1.5,0
0,0,0,1,0,0,0,0,0,-2.3,0,0,C0281784,M000100,1,0,DisGeNET,35,Benign Meningioma,,-2.3,8.7,4.5,30293,35,300,3,1,0.57,1471|3481|7076,CST3|IGF2|TIMP1,-1.5,0
1,0,0,0,0,0,-2.3,0,0,0,0,0,C1306889,M100000,1,0,DisGeNET,35,Peripheral arterial occlusive disease,,-2.3,8.7,4.5,30293,35,300,3,1,0.57,355|1535|3383,FAS|CYBA|ICAM1,-1.5,0
0,0,0,0,1,0,0,0,0,0,-2.3,0,C1720164,M000010,1,0,DisGeNET,35,Central corneal thickness,,-2.3,8.7,4.5,30293,35,300,3,1,0.57,4017|7042|7477,LOXL2|TGFB2|WNT7B,-1.5,0
0,0,0,1,0,0,0,0,0,-2.3,0,0,C1833144,M000100,1,0,DisGeNET,35,Slender long bone,,-2.3,8.7,4.5,30293,35,300,3,1,0.57,9820|64175|89953,CUL7|P3H1|KLC4,-1.5,0
0,0,0,1,1,0,0,0,0,-2.3,-2.3,0,C0008354,M000110,2,0,DisGeNET,35,Cholera,,-2.3,3.4,3.5,30293,209,300,7,2.3,0.87,348|1486|2064|5644|6690|7018|10163,APOE|CTBS|ERBB2|PRSS1|SPINK1|TF|WASF2,-1.5,0
0,0,0,0,1,0,0,0,0,0,-2.3,0,C0023462,M000010,1,0,DisGeNET,35,Acute Megakaryocytic Leukemias,,-2.3,3.8,3.6,30293,158,300,6,2,0.81,3371|3589|5155|6722|8301|57591,TNC|IL11|PDGFB|SRF|PICALM|MRTFA,-1.5,0
0,0,1,0,1,0,0,0,-2.3,0,-2.3,0,C0333068,M001010,2,0,DisGeNET,35,Flexion contracture,,-2.3,3.4,3.5,30293,210,299,7,2.3,0.87,1302|2530|5692|5698|6567|55275|84876,COL11A2|FUT8|PSMB4|PSMB9|SLC16A2|VPS53|ORAI1,-1.5,0
0,0,0,1,0,0,0,0,0,-2.3,0,0,C1835884,M000100,1,0,DisGeNET,35,Triangular face,,-2.3,4.5,3.7,30293,111,300,5,1.7,0.74,3481|6016|9820|10555|89953,IGF2|RIT1|CUL7|AGPAT2|KLC4,-1.5,0
0,0,1,0,0,0,0,0,-2.3,0,0,0,C0206696,M001000,1,0,DisGeNET,35,"Carcinoma, Signet Ring Cell",,-2.3,5.8,4,30293,70,299,4,1.3,0.66,843|7157|23092|124056,CASP10|TP53|ARHGAP26|NOXO1,-1.5,0
0,1,0,0,0,0,0,-2.3,0,0,0,0,C0455829,M010000,1,0,DisGeNET,35,Waist Circumference,,-2.3,5.8,4,30293,70,299,4,1.3,0.66,23042|51144|54810|54814,PDXDC1|HSD17B12|GIPC2|QPCTL,-1.5,0
0,0,0,1,0,0,0,0,0,-2.3,0,0,C0751495,M000100,1,0,DisGeNET,35,"Seizures, Focal",,-2.3,3.4,3.4,30293,210,300,7,2.3,0.87,348|538|2353|5066|7991|10765|23043,APOE|ATP7A|FOS|PAM|TUSC3|KDM5B|TNIK,-1.5,0
0,0,0,0,1,0,0,0,0,0,-2.3,0,C1854114,M000010,1,0,DisGeNET,35,Short nose,,-2.3,3,3.3,30293,265,300,8,2.7,0.93,547|2316|3984|5048|7476|22931|29940|145173,KIF1A|FLNA|LIMK1|PAFAH1B1|WNT7A|RAB18|DSE|B3GLCT,-1.5,0
0,1,0,0,0,1,0,-2.3,0,0,0,-2.3,C0206733,M010001,2,0,DisGeNET,35,Strawberry nevus of skin,,-2.3,4.5,3.7,30293,112,299,5,1.7,0.74,174|283|738|5176|10397,AFP|ANG|VPS51|SERPINF1|NDRG1,-1.5,0
0,0,1,0,0,0,0,0,-2.3,0,0,0,C0375206,M001000,1,0,DisGeNET,35,Hemiplegia/hemiparesis,,-2.3,4.5,3.7,30293,112,299,5,1.7,0.74,103|2706|5167|7157|64135,ADAR|GJB2|ENPP1|TP53|IFIH1,-1.5,0
0,0,0,1,0,0,0,0,0,-2.3,0,0,C0030252,M000100,1,0,DisGeNET,35,Palpitations,,-2.3,5.8,4,30293,70,300,4,1.3,0.66,2353|10555|50484|78987,FOS|AGPAT2|RRM2B|CRELD1,-1.5,0
0,0,0,0,0,1,0,0,0,0,0,-2.3,C0031036,M000001,1,0,DisGeNET,35,Polyarteritis Nodosa,,-2.3,5.8,4,30293,70,300,4,1.3,0.66,1499|3716|8821|9289,CTNNB1|JAK1|INPP4B|ADGRG1,-1.5,0
1,0,0,0,0,0,-2.3,0,0,0,0,0,C0034068,M100000,1,0,DisGeNET,35,Pulmonary Eosinophilia,,-2.3,5.8,4,30293,70,300,4,1.3,0.66,2919|3162|3576|83666,CXCL1|HMOX1|CXCL8|PARP9,-1.5,0
0,0,0,0,1,0,0,0,0,0,-2.3,0,C0426415,M000010,1,0,DisGeNET,35,Large nose,,-2.3,5.8,4,30293,70,300,4,1.3,0.66,2137|3981|8905|9853,EXTL3|LIG4|AP1S2|RUSC2,-1.5,0
0,0,0,1,1,0,0,0,0,-2.3,-2.3,0,C2937421,M000110,2,0,DisGeNET,35,Prostatic Hyperplasia,,-2.3,4.5,3.7,30293,112,300,5,1.7,0.74,1958|2064|3481|5627|7040,EGR1|ERBB2|IGF2|PROS1|TGFB1,-1.5,0
0,0,0,0,1,0,0,0,0,0,-2.3,0,C3161330,M000010,1,0,DisGeNET,35,Profound intellectual disabilities,,-2.3,4.5,3.7,30293,112,300,5,1.7,0.74,547|2664|8905|22931|29954,KIF1A|GDI1|AP1S2|RAB18|POMT2,-1.5,0
1,0,0,0,0,0,-2.3,0,0,0,0,0,C3495676,M100000,1,0,DisGeNET,35,Anorectal Malformations,,-2.3,4.5,3.7,30293,112,300,5,1.7,0.74,3717|7405|23048|80169|167691,JAK2|UVRAG|FNBP1|CTC1|LCA5,-1.5,0
0,0,0,0,0,1,0,0,0,0,0,-2.3,C3811918,M000001,1,0,DisGeNET,35,GRN-related frontotemporal dementia,,-2.3,4.5,3.7,30293,112,300,5,1.7,0.74,998|5663|8878|10133|387521,CDC42|PSEN1|SQSTM1|OPTN|PEDS1,-1.5,0
0,0,0,1,0,0,0,0,0,-2.3,0,0,C0024003,M000100,1,0,DisGeNET,35,Lordosis,,-2.3,3.8,3.5,30293,160,300,6,2,0.81,2353|2852|7040|9820|10555|89953,FOS|GPER1|TGFB1|CUL7|AGPAT2|KLC4,-1.5,0
1,0,0,0,0,0,-2.3,0,0,0,0,0,C0220615,M100000,1,0,DisGeNET,35,Adult Acute Myeloblastic Leukemia,,-2.3,3.8,3.5,30293,160,300,6,2,0.81,310|2120|2950|4893|5371|8837,ANXA7|ETV6|GSTP1|NRAS|PML|CFLAR,-1.5,0
0,0,1,0,0,0,0,0,-2.3,0,0,0,C0018920,M001000,1,0,DisGeNET,35,"Hemangioma, Cavernous",,-2.3,8.4,4.5,30293,36,299,3,1,0.58,94|7157|10483,ACVRL1|TP53|SEC23B,-1.5,0
0,0,1,0,0,1,0,0,-2.3,0,0,-2.3,C0020455,M001001,2,0,DisGeNET,35,Hypergammaglobulinemia,,-2.3,8.4,4.5,30293,36,299,3,1,0.58,567|3459|6774,B2M|IFNGR1|STAT3,-1.5,0
0,1,0,0,0,0,0,-2.3,0,0,0,0,C0043459,M010000,1,0,DisGeNET,35,Zellweger Syndrome,,-2.3,8.4,4.5,30293,36,299,3,1,0.58,847|5190|8309,CAT|PEX6|ACOX2,-1.5,0
0,1,0,0,0,0,0,-2.3,0,0,0,0,C0205649,M010000,1,0,DisGeNET,35,"Adenoma, Monomorphic",,-2.3,8.4,4.5,30293,36,299,3,1,0.58,476|2705|6414,ATP1A1|GJB1|SELENOP,-1.5,0
0,0,1,0,0,0,0,0,-2.3,0,0,0,C0265554,M001000,1,0,DisGeNET,35,Ectrodactyly,,-2.3,8.4,4.5,30293,36,299,3,1,0.58,7157|7480|10970,TP53|WNT10B|CKAP4,-1.5,0
0,0,1,0,0,0,0,0,-2.3,0,0,0,C0403396,M001000,1,0,DisGeNET,35,Steroid-sensitive nephrotic syndrome,,-2.3,8.4,4.5,30293,36,299,3,1,0.58,3105|4790|8542,HLA-A|NFKB1|APOL1,-1.5,0
0,1,0,1,0,0,0,-2.3,0,-2.3,0,0,C1264195,M010100,2,0,DisGeNET,35,Refractory anemia with ringed sideroblasts,,-2.3,8.4,4.5,30293,36,299,3,1,0.58,22|210|2065,ABCB7|ALAD|ERBB3,-1.5,0
1,0,1,0,0,0,-2.3,0,-2.3,0,0,0,C1268935,M101000,2,0,DisGeNET,35,Congenital Thrombotic Thrombocytopenic Purpura,,-2.3,8.4,4.5,30293,36,299,3,1,0.58,5743|6774|8743,PTGS2|STAT3|TNFSF10,-1.5,0
0,0,1,0,0,0,0,0,-2.3,0,0,0,C1276146,M001000,1,0,DisGeNET,35,Cutaneous lymphoma,,-2.3,8.4,4.5,30293,36,299,3,1,0.58,94|4791|7157,ACVRL1|NFKB2|TP53,-1.5,0
0,0,1,0,0,0,0,0,-2.3,0,0,0,C2959467,M001000,1,0,DisGeNET,35,Tuberculous pleural effusion,,-2.3,8.4,4.5,30293,36,299,3,1,0.58,6364|6373|7097,CCL20|CXCL11|TLR2,-1.5,0
1,1,0,0,0,0,-2.3,-2.3,0,0,0,0,C1961112,M110000,2,0,DisGeNET,35,Heart Decompensation,,-2.3,4.5,3.7,30293,113,299,5,1.7,0.74,341|847|1675|5950|6649,APOC1|CAT|CFD|RBP4|SOD3,-1.5,0
0,1,0,0,1,0,0,-2.3,0,0,-2.3,0,C0162351,M010010,2,0,DisGeNET,35,Contact hypersensitivity,,-2.3,5.7,4,30293,71,299,4,1.3,0.66,196|1728|2720|6649,AHR|NQO1|GLB1|SOD3,-1.5,0
1,1,1,0,0,0,-2.3,-2.3,-2.3,0,0,0,C0596321,M111000,3,0,DisGeNET,35,Chemical Carcinogenesis,,-2.3,5.7,4,30293,71,299,4,1.3,0.66,196|1728|2065|27044,AHR|NQO1|ERBB3|SND1,-1.5,0
0,0,1,0,0,0,0,0,-2.3,0,0,0,C0740380,M001000,1,0,DisGeNET,35,Varicella zoster,,-2.3,5.7,4,30293,71,299,4,1.3,0.66,3105|3416|4734|7098,HLA-A|IDE|NEDD4|TLR3,-1.5,0
0,0,1,0,1,0,0,0,-2.3,0,-2.3,0,C3888391,M001010,2,0,DisGeNET,35,Nonnuclear polymorphic congenital cataract,,-2.3,5.7,4,30293,71,299,4,1.3,0.66,3068|3627|6774|7157,HDGF|CXCL10|STAT3|TP53,-1.5,0
0,0,1,1,0,0,0,0,-2.3,-2.3,0,0,C4050407,M001100,2,0,DisGeNET,35,Pauci-immune Glomerulonephritis associated with Granulomatosis with Polyangiitis,,-2.3,5.7,4,30293,71,299,4,1.3,0.66,3105|7128|7157|64127,HLA-A|TNFAIP3|TP53|NOD2,-1.5,0
1,0,0,0,0,0,-2.3,0,0,0,0,0,C0020544,M100000,1,0,DisGeNET,35,Renal hypertension,,-2.3,8.4,4.5,30293,36,300,3,1,0.57,285|3162|3383,ANGPT2|HMOX1|ICAM1,-1.5,0
0,0,0,0,1,0,0,0,0,0,-2.3,0,C0027070,M000010,1,0,DisGeNET,35,Myoepithelioma,,-2.3,8.4,4.5,30293,36,300,3,1,0.57,4318|6722|6760,MMP9|SRF|SS18,-1.5,0
1,0,0,0,0,0,-2.3,0,0,0,0,0,C0160390,M100000,1,0,DisGeNET,35,Injury of liver,,-2.3,8.4,4.5,30293,36,300,3,1,0.57,2730|3383|3717,GCLM|ICAM1|JAK2,-1.5,0
0,0,0,0,0,1,0,0,0,0,0,-2.3,C0543859,M000001,1,0,DisGeNET,35,"Amyotrophic Lateral Sclerosis, Guam Form",,-2.3,8.4,4.5,30293,36,300,3,1,0.57,8878|10133|27242,SQSTM1|OPTN|TNFRSF21,-1.5,0
0,0,0,0,1,0,0,0,0,0,-2.3,0,C0877430,M000010,1,0,DisGeNET,35,Asthma chronic,,-2.3,8.4,4.5,30293,36,300,3,1,0.57,4318|7042|8482,MMP9|TGFB2|SEMA7A,-1.5,0
0,0,0,0,0,1,0,0,0,0,0,-2.3,C1848934,M000001,1,0,DisGeNET,35,SPONDYLOCARPOTARSAL SYNOSTOSIS SYNDROME,,-2.3,8.4,4.5,30293,36,300,3,1,0.57,966|1499|2317,CD59|CTNNB1|FLNB,-1.5,0
0,0,0,1,0,0,0,0,0,-2.3,0,0,C4524040,M000100,1,0,DisGeNET,35,Atherogenic dyslipidaemia,,-2.3,8.4,4.5,30293,36,300,3,1,0.57,348|2590|4035,APOE|GALNT2|LRP1,-1.5,0
0,0,0,0,0,1,0,0,0,0,0,-2.3,C0206638,M000001,1,0,DisGeNET,35,Giant Cell Tumor of Bone,,-2.3,4.5,3.7,30293,113,300,5,1.7,0.74,1499|4982|7057|8797|10133,CTNNB1|TNFRSF11B|THBS1|TNFRSF10A|OPTN,-1.5,0
1,0,0,0,0,0,-2.3,0,0,0,0,0,C0240310,M100000,1,0,DisGeNET,35,Hypoplasia of the maxilla,,-2.3,4.5,3.7,30293,113,300,5,1.7,0.74,650|860|9411|26137|80169,BMP2|RUNX2|ARHGAP29|ZBTB20|CTC1,-1.5,0
0,0,0,0,0,1,0,0,0,0,0,-2.3,C0013390,M000001,1,0,DisGeNET,35,Dysmenorrhea,,-2.3,5.7,4,30293,71,300,4,1.3,0.66,1499|4323|10627|103910,CTNNB1|MMP14|MYL12A|MYL12B,-1.5,0
0,0,0,1,0,0,0,0,0,-2.3,0,0,C0031269,M000100,1,0,DisGeNET,35,Peutz-Jeghers Syndrome,,-2.3,5.7,4,30293,71,300,4,1.3,0.66,3623|5562|5794|114790,INHA|PRKAA1|PTPRH|STK11IP,-1.5,0
0,0,0,1,0,0,0,0,0,-2.3,0,0,C1458140,M000100,1,0,DisGeNET,35,Bleeding tendency,,-2.3,5.7,4,30293,71,300,4,1.3,0.66,2677|6016|9056|57511,GGCX|RIT1|SLC7A7|COG6,-1.5,0
1,0,0,0,0,0,-2.3,0,0,0,0,0,C2931019,M100000,1,0,DisGeNET,35,Split hand foot deformity 1,,-2.3,5.7,4,30293,71,300,4,1.3,0.66,4893|7405|22853|22882,NRAS|UVRAG|LMTK2|ZHX2,-1.5,0
0,0,0,1,0,0,0,0,0,-2.3,0,0,C3495949,M000100,1,0,DisGeNET,35,Locally advanced breast cancer,,-2.3,5.7,4,30293,71,300,4,1.3,0.66,2064|3880|4035|8714,ERBB2|KRT19|LRP1|ABCC3,-1.5,0
0,0,1,0,0,1,0,0,-2.3,0,0,-2.2,C0085695,M001001,2,0,DisGeNET,35,Chronic gastritis,,-2.3,4.4,3.7,30293,114,299,5,1.7,0.74,3459|5743|7097|7157|11074,IFNGR1|PTGS2|TLR2|TP53|TRIM31,-1.5,0
0,0,1,0,0,0,0,0,-2.3,0,0,0,C1510502,M001000,1,0,DisGeNET,35,Oxyphilic Adenoma,,-2.3,4.4,3.7,30293,114,299,5,1.7,0.74,3486|5743|7157|7412|79139,IGFBP3|PTGS2|TP53|VCAM1|DERL1,-1.5,0
0,0,1,0,0,0,0,0,-2.3,0,0,0,C0041408,M001000,1,0,DisGeNET,35,Turner Syndrome,,-2.3,3.8,3.5,30293,162,299,6,2,0.81,2516|3105|3486|4214|7157|8835,NR5A1|HLA-A|IGFBP3|MAP3K1|TP53|SOCS2,-1.4,0
0,0,0,0,1,0,0,0,0,0,-2.3,0,C0022578,M000010,1,0,DisGeNET,35,Keratoconus,,-2.3,3,3.3,30293,269,300,8,2.7,0.93,4092|4318|5293|7042|7045|7077|51083|84627,SMAD7|MMP9|PIK3CD|TGFB2|TGFBI|TIMP2|GAL|ZNF469,-1.4,0
0,0,1,1,1,0,0,0,-2.3,-2.2,-2.2,0,C0018553,M001110,3,0,DisGeNET,35,"Hamartoma Syndrome, Multiple",,-2.3,3,3.3,30293,270,299,8,2.7,0.93,3934|6364|6774|7097|7157|10483|25897|64127,LCN2|CCL20|STAT3|TLR2|TP53|SEC23B|RNF19A|NOD2,-1.4,0
1,0,0,0,0,0,-2.2,0,0,0,0,0,C0206669,M100000,1,0,DisGeNET,35,Hepatocellular Adenoma,,-2.2,4.4,3.7,30293,114,300,5,1.7,0.74,3482|3572|8462|8549|10254,IGF2R|IL6ST|KLF11|LGR5|STAM2,-1.4,0
1,0,0,0,0,0,-2.2,0,0,0,0,0,C0751955,M100000,1,0,DisGeNET,35,Brain Infarction,,-2.2,4.4,3.7,30293,114,300,5,1.7,0.74,1535|1738|5970|6778|8462,CYBA|DLD|RELA|STAT6|KLF11,-1.4,0
0,0,1,0,0,0,0,0,-2.2,0,0,0,C0011226,M001000,1,0,DisGeNET,35,Hepatitis D Infection,,-2.2,5.6,3.9,30293,72,299,4,1.3,0.66,103|6373|6646|64135,ADAR|CXCL11|SOAT1|IFIH1,-1.4,0
0,0,1,0,0,0,0,0,-2.2,0,0,0,C0162538,M001000,1,0,DisGeNET,35,Immunoglobulin A deficiency (disorder),,-2.2,5.6,3.9,30293,72,299,4,1.3,0.66,3105|8741|23308|64135,HLA-A|TNFSF13|ICOSLG|IFIH1,-1.4,0
0,0,1,0,0,1,0,0,-2.2,0,0,-2.2,C0677055,M001001,2,0,DisGeNET,35,CARCINOMA OF VULVA,,-2.2,5.6,3.9,30293,72,299,4,1.3,0.66,5743|7157|9308|10970,PTGS2|TP53|CD83|CKAP4,-1.4,0
0,0,1,0,0,0,0,0,-2.2,0,0,0,C0679427,M001000,1,0,DisGeNET,35,myeloblastosis,,-2.2,5.6,3.9,30293,72,299,4,1.3,0.66,5144|6091|7157|9536,PDE4D|ROBO1|TP53|PTGES,-1.4,0
0,0,0,0,0,1,0,0,0,0,0,-2.2,C0018923,M000001,1,0,DisGeNET,35,Hemangiosarcoma,,-2.2,3.7,3.5,30293,162,300,6,2,0.81,1029|1364|1499|2314|7057|84959,CDKN2A|CLDN4|CTNNB1|FLII|THBS1|UBASH3B,-1.4,0
0,0,1,1,0,0,0,0,-2.2,-2.2,0,0,C0242596,M001100,2,0,DisGeNET,35,"Neoplasm, Residual",,-2.2,2.8,3.2,30293,329,299,9,3,0.99,567|2526|3684|7157|8506|8741|8743|9734|10148,B2M|FUT4|ITGAM|TP53|CNTNAP1|TNFSF13|TNFSF10|HDAC9|EBI3,-1.4,0
1,0,1,0,0,0,-2.2,0,-2.2,0,0,0,C0220621,M101000,2,0,DisGeNET,35,Childhood Acute Myeloid Leukemia,,-2.2,3.3,3.4,30293,215,299,7,2.3,0.87,5332|6774|7097|7157|8835|79139|89845,PLCB4|STAT3|TLR2|TP53|SOCS2|DERL1|ABCC10,-1.4,0
1,0,0,1,0,0,-2.2,0,0,-2.2,0,0,C0011351,M100100,2,0,DisGeNET,35,Dental Enamel Hypoplasia,,-2.2,5.6,3.9,30293,72,300,4,1.3,0.66,650|860|4312|9076,BMP2|RUNX2|MMP1|CLDN1,-1.4,0
0,0,0,0,1,0,0,0,0,0,-2.2,0,C0234119,M000010,1,0,DisGeNET,35,Neuromuscular inhibition,,-2.2,5.6,3.9,30293,72,300,4,1.3,0.66,43|1906|27295|51083,ACHE|EDN1|PDLIM3|GAL,-1.4,0
0,0,1,0,1,0,0,0,-2.2,0,-2.2,0,C0280099,M001010,2,0,DisGeNET,35,Adult Solid Neoplasm,,-2.2,3.7,3.5,30293,163,299,6,2,0.81,1435|3604|5743|6774|7096|7157,CSF1|TNFRSF9|PTGS2|STAT3|TLR1|TP53,-1.4,0
1,0,1,0,0,0,-2.2,0,-2.2,0,0,0,C0410158,M101000,2,0,DisGeNET,35,Muscle damage,,-2.2,3.7,3.5,30293,163,299,6,2,0.81,3105|3627|7097|8743|25897|64135,HLA-A|CXCL10|TLR2|TNFSF10|RNF19A|IFIH1,-1.4,0
0,0,1,0,0,0,0,0,-2.2,0,0,0,C0221002,M001000,1,0,DisGeNET,35,"Hyperparathyroidism, Primary",,-2.2,4.4,3.7,30293,115,299,5,1.7,0.74,1080|2638|3486|7480|8743,CFTR|GC|IGFBP3|WNT10B|TNFSF10,-1.4,0
0,0,1,0,0,0,0,0,-2.2,0,0,0,C0242584,M001000,1,0,DisGeNET,35,Autoimmune thrombocytopenia,,-2.2,4.4,3.7,30293,115,299,5,1.7,0.74,2811|3627|7128|7292|8741,GP1BA|CXCL10|TNFAIP3|TNFSF4|TNFSF13,-1.4,0
0,0,1,0,0,0,0,0,-2.2,0,0,0,C1275685,M001000,1,0,DisGeNET,35,Avellino corneal dystrophy,,-2.2,4.4,3.7,30293,115,299,5,1.7,0.74,3627|6373|6774|7157|25897,CXCL10|CXCL11|STAT3|TP53|RNF19A,-1.4,0
0,0,1,0,0,0,0,0,-2.2,0,0,0,C0007930,M001000,1,0,DisGeNET,35,Chagas Cardiomyopathy,,-2.2,8.2,4.4,30293,37,299,3,1,0.58,3627|7297|11136,CXCL10|TYK2|SLC7A9,-1.4,0
0,0,1,0,0,0,0,0,-2.2,0,0,0,C0036983,M001000,1,0,DisGeNET,35,Septic Shock,,-2.2,8.2,4.4,30293,37,299,3,1,0.58,2638|7133|29108,GC|TNFRSF1B|PYCARD,-1.4,0
0,0,1,0,0,0,0,0,-2.2,0,0,0,C0152069,M001000,1,0,DisGeNET,35,Echinococcus multilocularis infection,,-2.2,8.2,4.4,30293,37,299,3,1,0.58,6890|6891|7097,TAP1|TAP2|TLR2,-1.4,0
0,1,0,0,0,0,0,-2.2,0,0,0,0,C0205651,M010000,1,0,DisGeNET,35,"Adenoma, Trabecular",,-2.2,8.2,4.4,30293,37,299,3,1,0.58,476|2705|6414,ATP1A1|GJB1|SELENOP,-1.4,0
0,0,1,0,0,0,0,0,-2.2,0,0,0,C0221238,M001000,1,0,DisGeNET,35,Mesangial proliferative glomerulonephritis,,-2.2,8.2,4.4,30293,37,299,3,1,0.58,718|2889|3627,C3|RAPGEF1|CXCL10,-1.4,0
0,0,0,0,1,0,0,0,0,0,-2.2,0,C0002453,M000010,1,0,DisGeNET,35,Amenorrhea,,-2.2,8.2,4.4,30293,37,300,3,1,0.57,3981|5155|7476,LIG4|PDGFB|WNT7A,-1.4,0
1,0,0,0,0,0,-2.2,0,0,0,0,0,C0019156,M100000,1,0,DisGeNET,35,Hepatic Veno-Occlusive Disease,,-2.2,8.2,4.4,30293,37,300,3,1,0.57,3162|3431|5371,HMOX1|SP110|PML,-1.4,0
1,0,0,0,0,0,-2.2,0,0,0,0,0,C0022972,M100000,1,0,DisGeNET,35,Lambert-Eaton Myasthenic Syndrome,,-2.2,8.2,4.4,30293,37,300,3,1,0.57,3383|3576|5970,ICAM1|CXCL8|RELA,-1.4,0
0,0,0,0,0,1,0,0,0,0,0,-2.2,C0542223,M000001,1,0,DisGeNET,35,Loss of speech,,-2.2,8.2,4.4,30293,37,300,3,1,0.57,5663|8878|138050,PSEN1|SQSTM1|HGSNAT,-1.4,0
0,0,0,0,0,1,0,0,0,0,0,-2.2,C0751964,M000001,1,0,DisGeNET,35,"Multiple Sclerosis, Primary Progressive",,-2.2,8.2,4.4,30293,37,300,3,1,0.57,1436|1499|7057,CSF1R|CTNNB1|THBS1,-1.4,0
1,0,0,0,0,0,-2.2,0,0,0,0,0,C1328252,M100000,1,0,DisGeNET,35,Mucocutaneous leishmaniasis,,-2.2,8.2,4.4,30293,37,300,3,1,0.57,3107|3576|4312,HLA-C|CXCL8|MMP1,-1.4,0
0,0,0,1,0,0,0,0,0,-2.2,0,0,C1849097,M000100,1,0,DisGeNET,35,Loss of ability to walk,,-2.2,8.2,4.4,30293,37,300,3,1,0.57,1291|1384|50484,COL6A1|CRAT|RRM2B,-1.4,0
0,0,0,1,0,0,0,0,0,-2.2,0,0,C1850830,M000100,1,0,DisGeNET,35,Exercise-induced myalgia,,-2.2,8.2,4.4,30293,37,300,3,1,0.57,2353|10555|50484,FOS|AGPAT2|RRM2B,-1.4,0
0,0,0,0,0,1,0,0,0,0,0,-2.2,C2826025,M000001,1,0,DisGeNET,35,Mixed phenotype acute leukemia,,-2.2,8.2,4.4,30293,37,300,3,1,0.57,861|1029|3716,RUNX1|CDKN2A|JAK1,-1.4,0
0,0,0,1,0,0,0,0,0,-2.2,0,0,C2900450,M000100,1,0,DisGeNET,35,Other Creutzfeldt-Jakob disease,,-2.2,8.2,4.4,30293,37,300,3,1,0.57,348|652|5071,APOE|BMP4|PRKN,-1.4,0
0,0,0,0,0,1,0,0,0,0,0,-2.2,C3887640,M000001,1,0,DisGeNET,35,Astrocytosis,,-2.2,8.2,4.4,30293,37,300,3,1,0.57,5663|8878|27242,PSEN1|SQSTM1|TNFRSF21,-1.4,0
0,0,0,0,0,1,0,0,0,0,0,-2.2,C3900097,M000001,1,0,DisGeNET,35,Adult Penile Carcinoma,,-2.2,8.2,4.4,30293,37,300,3,1,0.57,1029|7057|56971,CDKN2A|THBS1|CEACAM19,-1.4,0
1,0,0,0,0,0,-2.2,0,0,0,0,0,C4543807,M100000,1,0,DisGeNET,35,Clinical malaria,,-2.2,8.2,4.4,30293,37,300,3,1,0.57,285|2950|3383,ANGPT2|GSTP1|ICAM1,-1.4,0
1,0,0,0,1,0,-2.2,0,0,0,-2.2,0,C0149940,M100010,2,0,DisGeNET,35,Sciatic Neuropathy,,-2.2,4.4,3.6,30293,115,300,5,1.7,0.74,355|3162|3383|4792|5328,FAS|HMOX1|ICAM1|NFKBIA|PLAU,-1.4,0
0,0,0,0,1,0,0,0,0,0,-2.2,0,C0162298,M000010,1,0,DisGeNET,35,Joint stiffness,,-2.2,3.7,3.5,30293,163,300,6,2,0.81,2316|3984|4053|4318|22931|285590,FLNA|LIMK1|LTBP2|MMP9|RAB18|SH3PXD2B,-1.4,0
0,0,0,1,0,0,0,0,0,-2.2,0,0,C0334583,M000100,1,0,DisGeNET,35,Pilocytic Astrocytoma,,-2.2,3.7,3.5,30293,163,300,6,2,0.81,2064|4035|7076|8714|27352|168002,ERBB2|LRP1|TIMP1|ABCC3|SGSM3|DACT2,-1.4,0
0,0,0,1,0,0,0,0,0,-2.2,0,0,C0751295,M000100,1,0,DisGeNET,35,Memory Loss,,-2.2,3.7,3.5,30293,163,300,6,2,0.81,348|351|2571|3481|5071|5562,APOE|APP|GAD1|IGF2|PRKN|PRKAA1,-1.4,0
0,1,0,0,0,0,0,-2.2,0,0,0,0,C0030552,M010000,1,0,DisGeNET,35,Paresis,,-2.2,3.3,3.4,30293,216,299,7,2.3,0.87,847|2548|2705|3073|7276|10397|79971,CAT|GAA|GJB1|HEXA|TTR|NDRG1|WLS,-1.4,0
0,1,0,0,0,0,0,-2.2,0,0,0,0,C1862939,M010000,1,0,DisGeNET,35,AMYOTROPHIC LATERAL SCLEROSIS 1,,-2.2,3.7,3.5,30293,164,299,6,2,0.81,283|682|847|1191|3065|60681,ANG|BSG|CAT|CLU|HDAC1|FKBP10,-1.4,0
0,0,1,0,0,0,0,0,-2.2,0,0,0,C0032617,M001000,1,0,DisGeNET,35,Polyuria,,-2.2,5.6,3.9,30293,73,299,4,1.3,0.66,567|6524|9283|9536,B2M|SLC5A2|GPR37L1|PTGES,-1.4,0
0,1,0,0,0,0,0,-2.2,0,0,0,0,C1145628,M010000,1,0,DisGeNET,35,Autonomic nervous system disorders,,-2.2,5.6,3.9,30293,73,299,4,1.3,0.66,738|1312|7108|7276,VPS51|COMT|TM7SF2|TTR,-1.4,0
0,0,0,0,0,1,0,0,0,0,0,-2.2,C1261502,M000001,1,0,DisGeNET,35,Finding of Mean Corpuscular Hemoglobin,,-2.2,2.2,3,30293,653,300,14,4.7,1.2,754|861|2050|2308|4627|5937|11214|22890|58986|63027|80762|92521|253461|254102,PTTG1IP|RUNX1|EPHB4|FOXO1|MYH9|RBMS1|AKAP13|ZBTB1|PGAP6|SLC22A23|NDFIP1|SPECC1|ZBTB38|EHBP1L1,-1.4,0
0,1,0,0,0,0,0,-2.2,0,0,0,0,C0234133,M010000,1,0,DisGeNET,35,Extrapyramidal sign,,-2.2,4.4,3.6,30293,116,299,5,1.7,0.74,1312|4061|4128|23474|79944,COMT|LY6E|MAOA|ETHE1|L2HGDH,-1.4,0
0,0,1,0,0,0,0,0,-2.2,0,0,0,C1387005,M001000,1,0,DisGeNET,35,Penis agenesis,,-2.2,3.3,3.3,30293,217,299,7,2.3,0.87,103|2516|4214|55717|64135|79140|79751,ADAR|NR5A1|MAP3K1|WDR11|IFIH1|CCDC28B|SLC25A22,-1.4,0
0,0,0,0,1,0,0,0,0,0,-2.2,0,C0016522,M000010,1,0,DisGeNET,35,"Foramen Ovale, Patent",,-2.2,5.5,3.9,30293,73,300,4,1.3,0.66,2318|3491|9469|29940,FLNC|CCN1|CHST3|DSE,-1.4,0
1,0,0,1,1,0,-2.2,0,0,-2.2,-2.2,0,C0027543,M100110,3,0,DisGeNET,35,Avascular necrosis of bone,,-2.2,5.5,3.9,30293,73,300,4,1.3,0.66,355|650|2131|80169,FAS|BMP2|EXT1|CTC1,-1.4,0
0,0,0,0,1,0,0,0,0,0,-2.2,0,C0409338,M000010,1,0,DisGeNET,35,Flexion contracture - elbow,,-2.2,5.5,3.9,30293,73,300,4,1.3,0.66,2316|7476|9469|64207,FLNA|WNT7A|CHST3|IRF2BPL,-1.4,0
1,0,0,0,0,0,-2.2,0,0,0,0,0,C1849340,M100000,1,0,DisGeNET,35,Long palpebral fissure,,-2.2,5.5,3.9,30293,73,300,4,1.3,0.66,5879|7403|58508|84679,RAC1|KDM6A|KMT2C|SLC9A7,-1.4,0
0,0,0,1,0,0,0,0,0,-2.2,0,0,C0030499,M000100,1,0,DisGeNET,35,Parasitic Diseases,,-2.2,3.7,3.5,30293,164,300,6,2,0.81,351|4485|5265|5562|7040|22933,APP|MST1|SERPINA1|PRKAA1|TGFB1|SIRT2,-1.4,0
1,0,0,1,1,0,-2.2,0,0,-2.2,-2.2,0,C0747845,M100110,3,0,DisGeNET,35,early pregnancy,,-2.2,3,3.3,30293,273,300,8,2.7,0.93,285|650|1510|3460|5371|6385|6446|51094,ANGPT2|BMP2|CTSE|IFNGR2|PML|SDC4|SGK1|ADIPOR1,-1.4,0
1,1,0,1,0,0,-2.2,-2.2,0,-2.2,0,0,C0012739,M110100,3,0,DisGeNET,35,Disseminated Intravascular Coagulation,,-2.2,4.3,3.6,30293,117,299,5,1.7,0.74,350|738|2147|9071|359948,APOH|VPS51|F2|CLDN10|IRF2BP2,-1.4,0
0,0,1,0,0,0,0,0,-2.2,0,0,0,C0851140,M001000,1,0,DisGeNET,35,Carcinoma in situ of uterine cervix,,-2.2,4.3,3.6,30293,117,299,5,1.7,0.74,3105|4940|6890|7157|60489,HLA-A|OAS3|TAP1|TP53|APOBEC3G,-1.4,0
0,0,1,0,0,0,0,0,-2.2,0,0,0,C1337011,M001000,1,0,DisGeNET,35,Well Differentiated Pancreatic Endocrine Tumor,,-2.2,4.3,3.6,30293,117,299,5,1.7,0.74,1435|4790|5021|6752|7157,CSF1|NFKB1|OXTR|SSTR2|TP53,-1.4,0
0,0,1,0,0,0,0,0,-2.2,0,0,0,C0013884,M001000,1,0,DisGeNET,35,Filarial Elephantiases,,-2.2,8,4.3,30293,38,299,3,1,0.58,7096|7097|7133,TLR1|TLR2|TNFRSF1B,-1.4,0
0,0,1,0,0,0,0,0,-2.2,0,0,0,C0014511,M001000,1,0,DisGeNET,35,Epithelial cyst,,-2.2,8,4.3,30293,38,299,3,1,0.58,2516|5743|7157,NR5A1|PTGS2|TP53,-1.4,0
0,0,1,0,0,0,0,0,-2.2,0,0,0,C0025048,M001000,1,0,DisGeNET,35,Meconium Aspiration Syndrome,,-2.2,8,4.3,30293,38,299,3,1,0.58,5743|7096|51284,PTGS2|TLR1|TLR7,-1.4,0
0,1,0,0,0,0,0,-2.2,0,0,0,0,C0158683,M010000,1,0,DisGeNET,35,Polycystic liver disease,,-2.2,8,4.3,30293,38,299,3,1,0.58,4041|5589|64374,LRP5|PRKCSH|SIL1,-1.4,0
0,1,0,0,0,0,0,-2.2,0,0,0,0,C0265950,M010000,1,0,DisGeNET,35,Venous malformation,,-2.2,8,4.3,30293,38,299,3,1,0.58,283|738|7108,ANG|VPS51|TM7SF2,-1.4,0
0,0,1,0,0,0,0,0,-2.2,0,0,0,C0948780,M001000,1,0,DisGeNET,35,Rhinosinusitis,,-2.2,8,4.3,30293,38,299,3,1,0.58,1080|5743|8741,CFTR|PTGS2|TNFSF13,-1.4,0
1,1,0,0,0,0,-2.2,-2.2,0,0,0,0,C1527231,M110000,2,0,DisGeNET,35,Adrenomyeloneuropathy,,-2.2,8,4.3,30293,38,299,3,1,0.58,2705|7276|81693,GJB1|TTR|AMN,-1.4,0
0,0,1,0,1,1,0,0,-2.2,0,-2.2,-2.2,C2981142,M001011,3,0,DisGeNET,35,"Refractory anemia, without ringed sideroblasts, without excess blasts",,-2.2,8,4.3,30293,38,299,3,1,0.58,1435|7157|79139,CSF1|TP53|DERL1,-1.4,0
0,1,0,0,0,0,0,-2.2,0,0,0,0,C0029927,M010000,1,0,DisGeNET,35,Ovarian Cysts,,-2.2,5.5,3.8,30293,74,299,4,1.3,0.66,196|283|1675|60681,AHR|ANG|CFD|FKBP10,-1.4,0
0,0,1,0,1,0,0,0,-2.2,0,-2.2,0,C0242172,M001010,2,0,DisGeNET,35,Pelvic Inflammatory Disease,,-2.2,5.5,3.8,30293,74,299,4,1.3,0.66,6774|7096|7097|7157,STAT3|TLR1|TLR2|TP53,-1.4,0
0,0,0,0,1,0,0,0,0,0,-2.2,0,C0038586,M000010,1,0,DisGeNET,35,Substance Use Disorders,,-2.2,3.2,3.3,30293,218,300,7,2.3,0.87,3097|5366|8301|8412|26047|26230|259217,HIVEP2|PMAIP1|PICALM|BCAR3|CNTNAP2|TIAM2|HSPA12A,-1.4,0
0,1,0,0,0,0,0,-2.2,0,0,0,0,C0235874,M010000,1,0,DisGeNET,35,Disease Exacerbation,,-2.2,3.7,3.4,30293,166,299,6,2,0.81,847|1075|2065|6649|6721|10549,CAT|CTSC|ERBB3|SOD3|SREBF2|PRDX4,-1.4,0
0,1,0,1,0,0,0,-2.2,0,-2.2,0,0,C2315100,M010100,2,0,DisGeNET,35,Pediatric failure to thrive,,-2.2,3.7,3.4,30293,166,299,6,2,0.81,727|2548|5190|6576|7923|8694,C5|GAA|PEX6|SLC25A1|HSD17B8|DGAT1,-1.4,0
1,0,0,0,0,1,-2.2,0,0,0,0,-2.2,C0042487,M100001,2,0,DisGeNET,35,Venous Thrombosis,,-2.2,4.3,3.6,30293,117,300,5,1.7,0.74,355|3717|5328|7035|10019,FAS|JAK2|PLAU|TFPI|SH2B3,-1.4,0
0,0,0,0,0,1,0,0,0,0,0,-2.2,C0085109,M000001,1,0,DisGeNET,35,Corneal Neovascularization,,-2.2,4.3,3.6,30293,117,300,5,1.7,0.74,1499|1893|4323|8737|23471,CTNNB1|ECM1|MMP14|RIPK1|TRAM1,-1.4,0
1,0,0,1,0,0,-2.2,0,0,-2.2,0,0,C0086404,M100100,2,0,DisGeNET,35,Experimental Hepatoma,,-2.2,4.3,3.6,30293,117,300,5,1.7,0.74,355|2950|3717|5371|27113,FAS|GSTP1|JAK2|PML|BBC3,-1.4,0
1,0,0,0,0,0,-2.2,0,0,0,0,0,C0206681,M100000,1,0,DisGeNET,35,"Adenocarcinoma, Clear Cell",,-2.2,4.3,3.6,30293,117,300,5,1.7,0.74,2120|7035|7403|7405|387882,ETV6|TFPI|KDM6A|UVRAG|C12orf75,-1.4,0
0,0,0,0,0,1,0,0,0,0,0,-2.2,C0338508,M000001,1,0,DisGeNET,35,Optic Atrophy 1,,-2.2,4.3,3.6,30293,117,300,5,1.7,0.74,1026|7262|8878|10133|65018,CDKN1A|PHLDA2|SQSTM1|OPTN|PINK1,-1.4,0
0,0,0,1,0,0,0,0,0,-2.2,0,0,C0427065,M000100,1,0,DisGeNET,35,Distal muscle weakness,,-2.2,4.3,3.6,30293,117,300,5,1.7,0.74,538|1291|3098|50484|81846,ATP7A|COL6A1|HK1|RRM2B|SBF2,-1.4,0
1,0,0,0,0,0,-2.2,0,0,0,0,0,C0576093,M100000,1,0,DisGeNET,35,Knee joint valgus deformity,,-2.2,4.3,3.6,30293,117,300,5,1.7,0.74,860|2131|7461|26137|80169,RUNX2|EXT1|CLIP2|ZBTB20|CTC1,-1.4,0
0,0,0,1,0,0,0,0,0,-2.2,0,0,C0751494,M000100,1,0,DisGeNET,35,Convulsive Seizures,,-2.2,4.3,3.6,30293,117,300,5,1.7,0.74,348|538|2353|5066|6296,APOE|ATP7A|FOS|PAM|ACSM3,-1.4,0
0,0,0,0,1,0,0,0,0,0,-2.2,0,C0085215,M000010,1,0,DisGeNET,35,"Ovarian Failure, Premature",,-2.2,2.7,3.2,30293,333,300,9,3,0.98,3976|4318|4616|5293|6876|7077|26047|51083|84446,LIF|MMP9|GADD45B|PIK3CD|TAGLN|TIMP2|CNTNAP2|GAL|BRSK1,-1.4,0
0,0,0,0,1,0,0,0,0,0,-2.2,0,C0007642,M000010,1,0,DisGeNET,35,Cellulitis,,-2.2,8,4.3,30293,38,300,3,1,0.57,4688|5293|56262,NCF2|PIK3CD|LRRC8A,-1.4,0
1,0,0,0,0,0,-2.2,0,0,0,0,0,C0035112,M100000,1,0,DisGeNET,35,Reoviridae Infections,,-2.2,8,4.3,30293,38,300,3,1,0.57,3454|3663|5970,IFNAR1|IRF5|RELA,-1.4,0
0,0,0,1,0,0,0,0,0,-2.2,0,0,C0085280,M000100,1,0,DisGeNET,35,Alagille Syndrome,,-2.2,8,4.3,30293,38,300,3,1,0.57,348|1522|5265,APOE|CTSZ|SERPINA1,-1.4,0
0,0,0,0,0,1,0,0,0,0,0,-2.2,C0278652,M000001,1,0,DisGeNET,35,Childhood Craniopharyngioma,,-2.2,8,4.3,30293,38,300,3,1,0.57,1366|1499|6469,CLDN7|CTNNB1|SHH,-1.4,0
0,0,0,0,0,1,0,0,0,0,0,-2.2,C0278875,M000001,1,0,DisGeNET,35,Adult Craniopharyngioma,,-2.2,8,4.3,30293,38,300,3,1,0.57,1366|1499|6469,CLDN7|CTNNB1|SHH,-1.4,0
0,0,0,0,0,1,0,0,0,0,0,-2.2,C0279563,M000001,1,0,DisGeNET,35,Lobular carcinoma in situ of breast,,-2.2,8,4.3,30293,38,300,3,1,0.57,1364|1366|1499,CLDN4|CLDN7|CTNNB1,-1.4,0
0,0,0,0,1,0,0,0,0,0,-2.2,0,C0279632,M000010,1,0,DisGeNET,35,Adult Acute Megakaryoblastic Leukemia,,-2.2,8,4.3,30293,38,300,3,1,0.57,5155|6722|57591,PDGFB|SRF|MRTFA,-1.4,0
0,0,0,0,1,0,0,0,0,0,-2.2,0,C0280783,M000010,1,0,DisGeNET,35,Juvenile Pilocytic Astrocytoma,,-2.2,8,4.3,30293,38,300,3,1,0.57,960|4318|80381,CD44|MMP9|CD276,-1.4,0
1,0,0,0,0,0,-2.2,0,0,0,0,0,C0343723,M100000,1,0,DisGeNET,35,Neonatal chlamydial conjunctivitis,,-2.2,8,4.3,30293,38,300,3,1,0.57,3107|3576|8809,HLA-C|CXCL8|IL18R1,-1.4,0
1,0,0,0,0,0,-2.2,0,0,0,0,0,C1142553,M100000,1,0,DisGeNET,35,Primary HIV infection,,-2.2,8,4.3,30293,38,300,3,1,0.57,3162|3572|3659,HMOX1|IL6ST|IRF1,-1.4,0
0,0,0,1,0,0,0,0,0,-2.2,0,0,C1334015,M000100,1,0,DisGeNET,35,High Grade Intraepithelial Neoplasia,,-2.2,8,4.3,30293,38,300,3,1,0.57,1522|2064|2886,CTSZ|ERBB2|GRB7,-1.4,0
1,0,0,0,0,0,-2.2,0,0,0,0,0,C1836696,M100000,1,0,DisGeNET,35,Lower limb hyperreflexia,,-2.2,8,4.3,30293,38,300,3,1,0.57,2643|9197|9215,GCH1|SLC33A1|LARGE1,-1.4,0
0,0,0,0,0,1,0,0,0,0,0,-2.2,C1838681,M000001,1,0,DisGeNET,35,Rapidly progressive,,-2.2,8,4.3,30293,38,300,3,1,0.57,1436|5339|5663,CSF1R|PLEC|PSEN1,-1.4,0
0,0,0,1,0,0,0,0,0,-2.2,0,0,C4551898,M000100,1,0,DisGeNET,35,"Cholestasis, progressive familial intrahepatic 1",,-2.2,8,4.3,30293,38,300,3,1,0.57,348|5265|8714,APOE|SERPINA1|ABCC3,-1.4,0
0,0,0,1,0,0,0,0,0,-2.2,0,0,C0001618,M000100,1,0,DisGeNET,35,Tumors of Adrenal Cortex,,-2.2,5.5,3.8,30293,74,300,4,1.3,0.66,894|3481|3485|3623,CCND2|IGF2|IGFBP2|INHA,-1.4,0
0,0,0,1,0,0,0,0,0,-2.2,0,0,C1518922,M000100,1,0,DisGeNET,35,peak expiratory flow (procedure),,-2.2,5.5,3.8,30293,74,300,4,1.3,0.66,652|4035|4324|256364,BMP4|LRP1|MMP15|EML3,-1.4,0
0,0,0,0,1,0,0,0,0,0,-2.2,0,C1836296,M000010,1,0,DisGeNET,35,Muscle Weakness Lower Limb,,-2.2,5.5,3.8,30293,74,300,4,1.3,0.66,215|547|5155|26353,ABCD1|KIF1A|PDGFB|HSPB8,-1.4,0
1,0,0,0,0,0,-2.2,0,0,0,0,0,C4023106,M100000,1,0,DisGeNET,35,Obstructive azoospermia,,-2.2,5.5,3.8,30293,74,300,4,1.3,0.66,3383|23315|84225|84679,ICAM1|SLC9A8|ZMYND15|SLC9A7,-1.4,0
0,0,1,0,0,0,0,0,-2.2,0,0,0,C0022680,M001000,1,0,DisGeNET,35,Polycystic Kidney Diseases,,-2.2,2.9,3.2,30293,276,299,8,2.7,0.93,567|1080|3934|5284|5743|6752|6774|9856,B2M|CFTR|LCN2|PIGR|PTGS2|SSTR2|STAT3|KIAA0319,-1.4,0
0,0,1,0,0,0,0,0,-2.2,0,0,0,C2931689,M001000,1,0,DisGeNET,35,Dystrophia myotonica 2,,-2.2,4.3,3.6,30293,118,299,5,1.7,0.74,1605|3416|4734|7098|7133,DAG1|IDE|NEDD4|TLR3|TNFRSF1B,-1.4,0
0,0,1,1,0,1,0,0,-2.2,-2.2,0,-2.2,C0151546,M001101,3,0,DisGeNET,35,Oral Cavity Carcinoma,,-2.2,3.6,3.4,30293,167,299,6,2,0.81,684|3105|5743|7133|7157|7480,BST2|HLA-A|PTGS2|TNFRSF1B|TP53|WNT10B,-1.4,0
0,0,0,0,1,0,0,0,0,0,-2.2,0,C1837658,M000010,1,0,DisGeNET,35,Gross motor development delay,,-2.2,4.3,3.6,30293,118,300,5,1.7,0.74,9469|26047|29940|29954|64207,CHST3|CNTNAP2|DSE|POMT2|IRF2BPL,-1.4,0
0,0,1,0,0,0,0,0,-2.2,0,0,0,C0037054,M001000,1,0,DisGeNET,35,Sickle Cell Trait,,-2.2,5.4,3.8,30293,75,299,4,1.3,0.66,4045|7412|8542|27074,LSAMP|VCAM1|APOL1|LAMP3,-1.4,0
0,0,0,0,1,0,0,0,0,0,-2.2,0,C0010633,M000010,1,0,DisGeNET,35,Cystadenoma,,-2.2,5.4,3.8,30293,75,300,4,1.3,0.66,1843|2113|5293|9469,DUSP1|ETS1|PIK3CD|CHST3,-1.4,0
1,0,0,0,0,0,-2.2,0,0,0,0,0,C0236807,M100000,1,0,DisGeNET,35,Amphetamine Abuse,,-2.2,5.4,3.8,30293,75,300,4,1.3,0.66,1812|2950|5970|9215,DRD1|GSTP1|RELA|LARGE1,-1.4,0
1,0,0,0,0,0,-2.2,0,0,0,0,0,C0242787,M100000,1,0,DisGeNET,35,Malignant neoplasm of male breast,,-2.2,5.4,3.8,30293,75,300,4,1.3,0.66,2625|2950|6047|6648,GATA3|GSTP1|RNF4|SOD2,-1.4,0
1,0,0,0,0,0,-2.2,0,0,0,0,0,C0349458,M100000,1,0,DisGeNET,35,Cervical intraepithelial neoplasia grade 1,,-2.2,5.4,3.8,30293,75,300,4,1.3,0.66,2625|4312|6648|8837,GATA3|MMP1|SOD2|CFLAR,-1.4,0
0,0,0,0,0,1,0,0,0,0,0,-2.2,C4288891,M000001,1,0,DisGeNET,35,Infant T Acute Lymphoblastic Leukemia,,-2.2,5.4,3.8,30293,75,300,4,1.3,0.66,966|1029|1499|3716,CD59|CDKN2A|CTNNB1|JAK1,-1.4,0
0,1,0,0,0,0,0,-2.2,0,0,0,0,C0025521,M010000,1,0,DisGeNET,35,Inborn Errors of Metabolism,,-2.2,4.3,3.6,30293,119,299,5,1.7,0.74,2584|2720|3030|3073|3074,GALK1|GLB1|HADHA|HEXA|HEXB,-1.4,0
0,1,0,0,0,0,0,-2.2,0,0,0,0,C1856689,M010000,1,0,DisGeNET,35,FRIEDREICH ATAXIA 1,,-2.2,4.3,3.6,30293,119,299,5,1.7,0.74,847|1728|2548|7494|10399,CAT|NQO1|GAA|XBP1|RACK1,-1.4,0
1,1,0,0,0,0,-2.2,-2.2,0,0,0,0,C1959583,M110000,2,0,DisGeNET,35,Myocardial Failure,,-2.2,4.3,3.6,30293,119,299,5,1.7,0.74,341|847|1675|5950|6649,APOC1|CAT|CFD|RBP4|SOD3,-1.4,0
0,0,1,0,0,0,0,0,-2.2,0,0,0,C0029489,M001000,1,0,DisGeNET,35,Other alopecia,,-2.2,7.8,4.2,30293,39,299,3,1,0.58,9734|80326|83938,HDAC9|WNT10A|LRMDA,-1.4,0
0,1,0,0,0,0,0,-2.2,0,0,0,0,C0205650,M010000,1,0,DisGeNET,35,Papillary adenoma,,-2.2,7.8,4.2,30293,39,299,3,1,0.58,476|2705|6414,ATP1A1|GJB1|SELENOP,-1.4,0
0,1,0,0,1,0,0,-2.2,0,0,-2.2,0,C0234518,M010010,2,0,DisGeNET,35,Slurred speech,,-2.2,7.8,4.2,30293,39,299,3,1,0.58,2720|4758|8309,GLB1|NEU1|ACOX2,-1.4,0
0,0,1,0,0,0,0,0,-2.2,0,0,0,C1332309,M001000,1,0,DisGeNET,35,Anti-Basement Membrane Glomerulonephritis,,-2.2,7.8,4.2,30293,39,299,3,1,0.58,1435|2889|6376,CSF1|RAPGEF1|CX3CL1,-1.4,0
0,0,1,0,0,0,0,0,-2.2,0,0,0,C1858574,M001000,1,0,DisGeNET,35,Sparse axillary hair,,-2.2,7.8,4.2,30293,39,299,3,1,0.58,2516|4214|55717,NR5A1|MAP3K1|WDR11,-1.4,0
0,0,1,0,0,0,0,0,-2.2,0,0,0,C2316212,M001000,1,0,DisGeNET,35,Cryopyrin-Associated Periodic Syndromes,,-2.2,7.8,4.2,30293,39,299,3,1,0.58,3934|29108|64127,LCN2|PYCARD|NOD2,-1.4,0
0,0,1,0,0,0,0,0,-2.2,0,0,0,C2676272,M001000,1,0,DisGeNET,35,"Alopecia, Androgenetic, 3",,-2.2,7.8,4.2,30293,39,299,3,1,0.58,9734|80326|83938,HDAC9|WNT10A|LRMDA,-1.4,0
0,0,1,0,0,0,0,0,-2.2,0,0,0,C2678038,M001000,1,0,DisGeNET,35,"Alopecia, Androgenetic, 2",,-2.2,7.8,4.2,30293,39,299,3,1,0.58,9734|80326|83938,HDAC9|WNT10A|LRMDA,-1.4,0
0,1,0,0,0,0,0,-2.2,0,0,0,0,C2937220,M010000,1,0,DisGeNET,35,Congenital abnormality of vein,,-2.2,7.8,4.2,30293,39,299,3,1,0.58,283|738|7108,ANG|VPS51|TM7SF2,-1.4,0
0,1,0,0,0,0,0,-2.2,0,0,0,0,C4022738,M010000,1,0,DisGeNET,35,Neurodevelopmental delay,,-2.2,7.8,4.2,30293,39,299,3,1,0.58,1650|7067|23474,DDOST|THRA|ETHE1,-1.4,0
0,0,1,0,0,0,0,0,-2.2,0,0,0,C4049090,M001000,1,0,DisGeNET,35,"Alopecia, Androgenetic, 1",,-2.2,7.8,4.2,30293,39,299,3,1,0.58,9734|80326|83938,HDAC9|WNT10A|LRMDA,-1.4,0
1,0,0,0,0,0,-2.2,0,0,0,0,0,C0158646,M100000,1,0,DisGeNET,35,Cleft palate with cleft lip,,-2.2,4.2,3.5,30293,119,300,5,1.7,0.74,650|4312|7405|9411|57698,BMP2|MMP1|UVRAG|ARHGAP29|SHTN1,-1.4,0
1,0,0,0,0,1,-2.2,0,0,0,0,-2.2,C0279583,M100001,2,0,DisGeNET,35,Childhood T Acute Lymphoblastic Leukemia,,-2.2,4.2,3.5,30293,119,300,5,1.7,0.74,1540|2120|3717|4301|4893,CYLD|ETV6|JAK2|AFDN|NRAS,-1.4,0
0,0,0,1,0,0,0,0,0,-2.2,0,0,C0008489,M000100,1,0,DisGeNET,35,Chorea,,-2.2,3.6,3.4,30293,168,300,6,2,0.81,538|1182|7991|10765|23043|57462,ATP7A|CLCN3|TUSC3|KDM5B|TNIK|MYORG,-1.4,0
1,0,0,0,0,0,-2.2,0,0,0,0,0,C3714796,M100000,1,0,DisGeNET,35,Isolated somatotropin deficiency,,-2.2,3.6,3.4,30293,168,300,6,2,0.81,650|2643|3717|6776|7403|23247,BMP2|GCH1|JAK2|STAT5A|KDM6A|KATNIP,-1.4,0
0,0,0,0,1,0,0,0,0,0,-2.2,0,C0031900,M000010,1,0,DisGeNET,35,Pierre Robin Syndrome,,-2.2,7.8,4.2,30293,39,300,3,1,0.57,1906|2316|22931,EDN1|FLNA|RAB18,-1.4,0
1,0,0,0,0,0,-2.2,0,0,0,0,0,C0040592,M100000,1,0,DisGeNET,35,Trachoma,,-2.2,7.8,4.2,30293,39,300,3,1,0.57,3107|3576|8809,HLA-C|CXCL8|IL18R1,-1.4,0
0,0,0,0,0,1,0,0,0,0,0,-2.2,C0085615,M000001,1,0,DisGeNET,35,Right bundle branch block,,-2.2,7.8,4.2,30293,39,300,3,1,0.57,529|3728|5339,ATP6V1E1|JUP|PLEC,-1.4,0
0,0,0,0,0,1,0,0,0,0,0,-2.2,C0153601,M000001,1,0,DisGeNET,35,Malignant neoplasm of penis,,-2.2,7.8,4.2,30293,39,300,3,1,0.57,1029|7057|56971,CDKN2A|THBS1|CEACAM19,-1.4,0
1,0,0,0,0,0,-2.2,0,0,0,0,0,C0206064,M100000,1,0,DisGeNET,35,Microvascular Angina,,-2.2,7.8,4.2,30293,39,300,3,1,0.57,1738|3460|3898,DLD|IFNGR2|LAD1,-1.4,0
1,0,0,0,0,0,-2.2,0,0,0,0,0,C0745091,M100000,1,0,DisGeNET,35,Hypereosinophilia,,-2.2,7.8,4.2,30293,39,300,3,1,0.57,2120|3717|10670,ETV6|JAK2|RRAGA,-1.4,0
1,0,0,0,0,0,-2.2,0,0,0,0,0,C1535950,M100000,1,0,DisGeNET,35,Gastrointestinal inflammation,,-2.2,7.8,4.2,30293,39,300,3,1,0.57,3162|3659|3663,HMOX1|IRF1|IRF5,-1.4,0
0,0,0,0,0,1,0,0,0,0,0,-2.2,C4022588,M000001,1,0,DisGeNET,35,Fatigable weakness of swallowing muscles,,-2.2,7.8,4.2,30293,39,300,3,1,0.57,5445|8878|10133,PON2|SQSTM1|OPTN,-1.4,0
0,0,1,0,0,0,0,0,-2.2,0,0,0,C0015397,M001000,1,0,DisGeNET,35,Disorder of eye,,-2.2,2.5,3.1,30293,400,299,10,3.3,1,1080|1302|3105|3627|3684|4790|5698|6732|25897|83938,CFTR|COL11A2|HLA-A|CXCL10|ITGAM|NFKB1|PSMB9|SRPK1|RNF19A|LRMDA,-1.4,0
0,0,1,0,0,0,0,0,-2.2,0,0,0,C0259783,M001000,1,0,DisGeNET,35,mixed gliomas,,-2.2,5.3,3.8,30293,76,299,4,1.3,0.66,3105|5743|7157|8743,HLA-A|PTGS2|TP53|TNFSF10,-1.4,0
0,0,0,0,1,0,0,0,0,0,-2.2,0,C0013720,M000010,1,0,DisGeNET,35,Ehlers-Danlos Syndrome,,-2.2,5.3,3.8,30293,76,300,4,1.3,0.66,2316|7077|29940|91252,FLNA|TIMP2|DSE|SLC39A13,-1.4,0
0,0,0,0,1,0,0,0,0,0,-2.2,0,C0017525,M000010,1,0,DisGeNET,35,Giant Cell Tumors,,-2.2,5.3,3.8,30293,76,300,4,1.3,0.66,1906|3371|4318|5744,EDN1|TNC|MMP9|PTHLH,-1.4,0
0,0,0,0,0,1,0,0,0,0,0,-2.2,C0035328,M000001,1,0,DisGeNET,35,Retinal Vein Occlusion,,-2.2,5.3,3.8,30293,76,300,4,1.3,0.66,1436|3606|7262|8797,CSF1R|IL18|PHLDA2|TNFRSF10A,-1.4,0
1,0,0,0,1,0,-2.2,0,0,0,-2.2,0,C0080174,M100010,2,0,DisGeNET,35,Spina Bifida Occulta,,-2.2,5.3,3.8,30293,76,300,4,1.3,0.66,650|860|7461|10584,BMP2|RUNX2|CLIP2|COLEC10,-1.4,0
0,0,0,0,0,1,0,0,0,0,0,-2.2,C0085390,M000001,1,0,DisGeNET,35,Li-Fraumeni Syndrome,,-2.2,5.3,3.8,30293,76,300,4,1.3,0.66,861|1026|1029|6469,RUNX1|CDKN1A|CDKN2A|SHH,-1.4,0
0,0,0,0,1,0,0,0,0,0,-2.2,0,C1868938,M000010,1,0,DisGeNET,35,End stage cardiac failure,,-2.2,5.3,3.8,30293,76,300,4,1.3,0.66,390|6722|9261|10763,RND3|SRF|MAPKAPK2|NES,-1.4,0
1,0,0,0,0,0,-2.2,0,0,0,0,0,C0747085,M100000,1,0,DisGeNET,35,Recurrent otitis media,,-2.2,4.2,3.5,30293,120,300,5,1.7,0.74,2524|5879|6674|7403|9411,FUT2|RAC1|SPAG1|KDM6A|ARHGAP29,-1.4,0
0,1,0,0,0,0,0,-2.2,0,0,0,0,C0242510,M010000,1,0,DisGeNET,35,Drug usage,,-2.2,3.6,3.4,30293,170,299,6,2,0.81,54|196|1312|1650|2990|4041,ACP5|AHR|COMT|DDOST|GUSB|LRP5,-1.4,0
0,0,1,0,0,0,0,0,-2.1,0,0,0,C1850900,M001000,1,0,DisGeNET,35,Familial primary gastric lymphoma,,-2.1,4.2,3.5,30293,121,299,5,1.7,0.74,4790|5743|7128|7157|64127,NFKB1|PTGS2|TNFAIP3|TP53|NOD2,-1.4,0
0,0,1,0,0,0,0,0,-2.1,0,0,0,C0162739,M001000,1,0,DisGeNET,35,HELLP Syndrome,,-2.1,5.3,3.7,30293,77,299,4,1.3,0.66,7097|10148|25897|64127,TLR2|EBI3|RNF19A|NOD2,-1.4,0
0,1,0,1,0,0,0,-2.1,0,-2.1,0,0,C2745963,M010100,2,0,DisGeNET,35,Kashin-Beck Disease,,-2.1,5.3,3.7,30293,77,299,4,1.3,0.66,727|1675|3026|6414,C5|CFD|HABP2|SELENOP,-1.4,0
0,0,1,1,0,0,0,0,-2.1,-2.1,0,0,C0022577,M001100,2,0,DisGeNET,35,"Keratoconjunctivitis, Vernal",,-2.1,7.6,4.2,30293,40,299,3,1,0.58,6364|7097|7292,CCL20|TLR2|TNFSF4,-1.4,0
0,0,1,0,0,0,0,0,-2.1,0,0,0,C0027439,M001000,1,0,DisGeNET,35,Nasopharyngeal Neoplasms,,-2.1,7.6,4.2,30293,40,299,3,1,0.58,3105|6774|7157,HLA-A|STAT3|TP53,-1.4,0
0,0,1,1,0,1,0,0,-2.1,-2.1,0,-2.1,C0302180,M001101,3,0,DisGeNET,35,Condyloma,,-2.1,7.6,4.2,30293,40,299,3,1,0.58,7157|7297|8835,TP53|TYK2|SOCS2,-1.4,0
0,0,1,0,0,0,0,0,-2.1,0,0,0,C0340803,M001000,1,0,DisGeNET,35,Capillary malformation (disorder),,-2.1,7.6,4.2,30293,40,299,3,1,0.58,6774|7097|84818,STAT3|TLR2|IL17RC,-1.4,0
0,1,0,0,0,0,0,-2.1,0,0,0,0,C2919828,M010000,1,0,DisGeNET,35,Chronic ulcerative colitis,,-2.1,7.6,4.2,30293,40,299,3,1,0.58,847|1728|55902,CAT|NQO1|ACSS2,-1.4,0
1,0,0,0,0,1,-2.1,0,0,0,0,-2.1,C0013371,M100001,2,0,DisGeNET,35,Shigella Infections,,-2.1,4.2,3.5,30293,121,300,5,1.7,0.74,2920|3576|5879|5970|51131,CXCL2|CXCL8|RAC1|RELA|PHF11,-1.4,0
0,0,0,1,0,0,0,0,0,-2.1,0,0,C0206656,M000100,1,0,DisGeNET,35,Embryonal Rhabdomyosarcoma,,-2.1,4.2,3.5,30293,121,300,5,1.7,0.74,2064|3481|4745|5002|7040,ERBB2|IGF2|NELL1|SLC22A18|TGFB1,-1.4,0
0,0,0,1,0,0,0,0,0,-2.1,0,0,C0236736,M000100,1,0,DisGeNET,35,Cocaine-Related Disorders,,-2.1,4.2,3.5,30293,121,300,5,1.7,0.74,1958|2353|2571|57586|401145,EGR1|FOS|GAD1|SYT13|CCSER1,-1.4,0
0,1,0,0,0,0,0,-2.1,0,0,0,0,C0877008,M010000,1,0,DisGeNET,35,Enzyme inhibition disorder,,-2.1,3.6,3.3,30293,171,299,6,2,0.81,1312|1595|1728|2752|4128|5641,COMT|CYP51A1|NQO1|GLUL|MAOA|LGMN,-1.4,0
0,0,0,1,0,0,0,0,0,-2.1,0,0,C0262630,M000100,1,0,DisGeNET,35,Reduced concentration span,,-2.1,5.2,3.7,30293,77,300,4,1.3,0.66,5071|7991|10765|23043,PRKN|TUSC3|KDM5B|TNIK,-1.4,0
0,0,0,0,0,1,0,0,0,0,0,-2.1,C0265325,M000001,1,0,DisGeNET,35,Turcot syndrome (disorder),,-2.1,5.2,3.7,30293,77,300,4,1.3,0.66,840|1029|1499|65018,CASP7|CDKN2A|CTNNB1|PINK1,-1.4,0
0,0,0,0,0,1,0,0,0,0,0,-2.1,C0334108,M000001,1,0,DisGeNET,35,Multiple polyps,,-2.1,5.2,3.7,30293,77,300,4,1.3,0.66,1029|1499|3716|10550,CDKN2A|CTNNB1|JAK1|ARL6IP5,-1.4,0
1,0,0,0,0,0,-2.1,0,0,0,0,0,C0456132,M100000,1,0,DisGeNET,35,Large fontanelle,,-2.1,5.2,3.7,30293,77,300,4,1.3,0.66,860|6528|50506|405753,RUNX2|SLC5A5|DUOX2|DUOXA2,-1.4,0
0,0,0,1,0,0,0,0,0,-2.1,0,0,C3279947,M000100,1,0,DisGeNET,35,"NAIL DISORDER, NONSYNDROMIC CONGENITAL, 9",,-2.1,5.2,3.7,30293,77,300,4,1.3,0.66,652|1308|1832|3691,BMP4|COL17A1|DSP|ITGB4,-1.4,0
0,0,0,1,0,0,0,0,0,-2.1,0,0,C0302486,M000100,1,0,DisGeNET,35,Erythrophagocytosis,,-2.1,7.6,4.2,30293,40,300,3,1,0.57,7018|30061|55824,TF|SLC40A1|PAG1,-1.4,0
0,0,0,1,0,0,0,0,0,-2.1,0,0,C0700613,M000100,1,0,DisGeNET,35,Anxiety state,,-2.1,7.6,4.2,30293,40,300,3,1,0.57,348|5066|51573,APOE|PAM|GDE1,-1.4,0
1,0,0,1,0,0,-2.1,0,0,-2.1,0,0,C0751733,M100100,2,0,DisGeNET,35,"Degenerative Diseases, Spinal Cord",,-2.1,7.6,4.2,30293,40,300,3,1,0.57,3162|6648|56894,HMOX1|SOD2|AGPAT3,-1.4,0
0,0,0,1,0,0,0,0,0,-2.1,0,0,C2931845,M000100,1,0,DisGeNET,35,Neurodegeneration with brain iron accumulation (NBIA),,-2.1,7.6,4.2,30293,40,300,3,1,0.57,1384|2153|5071,CRAT|F5|PRKN,-1.4,0
0,0,0,1,1,0,0,0,0,-2.1,-2.1,0,C2936380,M000110,2,0,DisGeNET,35,Neointima,,-2.1,7.6,4.2,30293,40,300,3,1,0.57,348|538|558,APOE|ATP7A|AXL,-1.4,0
0,0,0,1,0,0,0,0,0,-2.1,0,0,C3160887,M000100,1,0,DisGeNET,35,Node-positive breast cancer,,-2.1,7.6,4.2,30293,40,300,3,1,0.57,2064|3880|10276,ERBB2|KRT19|NET1,-1.4,0
1,0,0,0,1,0,-2.1,0,0,0,-2.1,0,C3164374,M100010,2,0,DisGeNET,35,Abnormality of pulmonary valve,,-2.1,7.6,4.2,30293,40,300,3,1,0.57,4893|29887|285203,NRAS|SNX10|EOGT,-1.4,0
0,0,0,0,1,0,0,0,0,0,-2.1,0,C4021785,M000010,1,0,DisGeNET,35,Abnormality of the metacarpal bones,,-2.1,7.6,4.2,30293,40,300,3,1,0.57,2316|57514|285590,FLNA|ARHGAP31|SH3PXD2B,-1.4,0
0,0,0,1,0,0,0,0,0,-2.1,0,0,C0039538,M000100,1,0,DisGeNET,35,Teratoma,,-2.1,3.5,3.3,30293,171,300,6,2,0.81,1958|2896|3875|7040|7076|54845,EGR1|GRN|KRT18|TGFB1|TIMP1|ESRP1,-1.4,0
1,1,1,0,0,0,-2.1,-2.1,-2.1,0,0,0,C0017181,M111000,3,0,DisGeNET,35,Gastrointestinal Hemorrhage,,-2.1,4.2,3.5,30293,122,299,5,1.7,0.74,1312|2147|4041|5589|7048,COMT|F2|LRP5|PRKCSH|TGFBR2,-1.4,0
0,0,0,0,0,1,0,0,0,0,0,-2.1,C0015300,M000001,1,0,DisGeNET,35,Exophthalmos,,-2.1,3.1,3.2,30293,225,300,7,2.3,0.87,2317|4615|6237|6452|6469|9564|83737,FLNB|MYD88|RRAS|SH3BP2|SHH|BCAR1|ITCH,-1.4,0
1,0,0,0,0,0,-2.1,0,0,0,0,0,C0750974,M100000,1,0,DisGeNET,35,"Brain Tumor, Primary",,-2.1,4.1,3.5,30293,122,300,5,1.7,0.74,355|3383|5970|6648|22882,FAS|ICAM1|RELA|SOD2|ZHX2,-1.4,0
0,1,0,1,0,0,0,-2.1,0,-2.1,0,0,C0009421,M010100,2,0,DisGeNET,35,Comatose,,-2.1,5.2,3.7,30293,78,299,4,1.3,0.66,3030|7276|7351|56922,HADHA|TTR|UCP2|MCCC1,-1.4,0
0,1,0,0,0,0,0,-2.1,0,0,0,0,C0278498,M010000,1,0,DisGeNET,35,Malignant neoplasm of stomach stage IV,,-2.1,5.2,3.7,30293,78,299,4,1.3,0.66,1728|5641|10397|55902,NQO1|LGMN|NDRG1|ACSS2,-1.4,0
0,1,0,1,0,0,0,-2.1,0,-2.1,0,0,C0031511,M010100,2,0,DisGeNET,35,Pheochromocytoma,,-2.1,2.7,3.1,30293,344,299,9,3,0.99,48|847|949|1312|2990|4128|7276|9071|10205,ACO1|CAT|SCARB1|COMT|GUSB|MAOA|TTR|CLDN10|MPZL2,-1.4,0
0,0,0,0,1,1,0,0,0,0,-2.1,-2.1,C0235480,M000011,2,0,DisGeNET,35,Paroxysmal atrial fibrillation,,-2.1,3.1,3.2,30293,226,300,7,2.3,0.87,1906|2004|3084|3797|4092|4318|64207,EDN1|ELK3|NRG1|KIF3C|SMAD7|MMP9|IRF2BPL,-1.4,0
1,0,0,0,0,0,-2.1,0,0,0,0,0,C0024282,M100000,1,0,DisGeNET,35,Lymphocytosis,,-2.1,5.2,3.7,30293,78,300,4,1.3,0.66,355|3576|4893|83666,FAS|CXCL8|NRAS|PARP9,-1.4,0
1,0,0,0,0,0,-2.1,0,0,0,0,0,C0236733,M100000,1,0,DisGeNET,35,Amphetamine-Related Disorders,,-2.1,5.2,3.7,30293,78,300,4,1.3,0.66,1812|2950|5970|9215,DRD1|GSTP1|RELA|LARGE1,-1.4,0
0,0,0,1,0,0,0,0,0,-2.1,0,0,C1834405,M000100,1,0,DisGeNET,35,Nail dysplasia,,-2.1,5.2,3.7,30293,78,300,4,1.3,0.66,652|1308|1832|3691,BMP4|COL17A1|DSP|ITGB4,-1.4,0
1,1,0,1,0,0,-2.1,-2.1,0,-2.1,0,0,C0023212,M110100,3,0,DisGeNET,35,Left-Sided Heart Failure,,-2.1,4.1,3.5,30293,123,299,5,1.7,0.74,341|847|1675|5950|6649,APOC1|CAT|CFD|RBP4|SOD3,-1.4,0
0,1,0,0,0,0,0,-2.1,0,0,0,0,C4048158,M010000,1,0,DisGeNET,35,Convulsions,,-2.1,3.5,3.3,30293,173,299,6,2,0.81,210|847|1191|2593|2705|2720,ALAD|CAT|CLU|GAMT|GJB1|GLB1,-1.4,0
0,0,1,0,0,0,0,0,-2.1,0,0,0,C0007196,M001000,1,0,DisGeNET,35,Restrictive cardiomyopathy,,-2.1,7.4,4.1,30293,41,299,3,1,0.58,5144|5167|25897,PDE4D|ENPP1|RNF19A,-1.4,0
0,0,1,0,0,0,0,0,-2.1,0,0,0,C0013338,M001000,1,0,DisGeNET,35,Pituitary dwarfism,,-2.1,7.4,4.1,30293,41,299,3,1,0.58,2516|3486|6646,NR5A1|IGFBP3|SOAT1,-1.4,0
0,0,1,0,1,0,0,0,-2.1,0,-2.1,0,C0014740,M001010,2,0,DisGeNET,35,Erythema Chronicum Migrans,,-2.1,7.4,4.1,30293,41,299,3,1,0.58,3627|6373|7096,CXCL10|CXCL11|TLR1,-1.4,0
0,1,0,0,0,0,0,-2.1,0,0,0,0,C0151603,M010000,1,0,DisGeNET,35,Anasarca,,-2.1,7.4,4.1,30293,41,299,3,1,0.58,335|847|81693,APOA1|CAT|AMN,-1.4,0
0,0,1,0,0,0,0,0,-2.1,0,0,0,C0156369,M001000,1,0,DisGeNET,35,Uterine Polyp,,-2.1,7.4,4.1,30293,41,299,3,1,0.58,3486|5743|7157,IGFBP3|PTGS2|TP53,-1.4,0
0,0,1,1,0,0,0,0,-2.1,-2.1,0,0,C0280630,M001100,2,0,DisGeNET,35,Uterine Carcinosarcoma,,-2.1,7.4,4.1,30293,41,299,3,1,0.58,2319|6774|7157,FLOT2|STAT3|TP53,-1.4,0
0,0,1,0,0,0,0,0,-2.1,0,0,0,C1531608,M001000,1,0,DisGeNET,35,Smoldering myeloma,,-2.1,7.4,4.1,30293,41,299,3,1,0.58,567|6376|7157,B2M|CX3CL1|TP53,-1.4,0
0,0,1,0,0,0,0,0,-2.1,0,0,0,C2103602,M001000,1,0,DisGeNET,35,Autoimmune Primary Adrenal Insufficiency,,-2.1,7.4,4.1,30293,41,299,3,1,0.58,3105|3627|64135,HLA-A|CXCL10|IFIH1,-1.4,0
0,0,1,0,0,0,0,0,-2.1,0,0,0,C2242776,M001000,1,0,DisGeNET,35,Plexiform leiomyoma,,-2.1,7.4,4.1,30293,41,299,3,1,0.58,7157|8741|54361,TP53|TNFSF13|WNT4,-1.4,0
0,0,1,0,0,0,0,0,-2.1,0,0,0,C2931245,M001000,1,0,DisGeNET,35,Bone Marrow failure syndromes,,-2.1,7.4,4.1,30293,41,299,3,1,0.58,3627|6364|7157,CXCL10|CCL20|TP53,-1.4,0
1,0,1,0,0,0,-2.1,0,-2.1,0,0,0,C4285910,M101000,2,0,DisGeNET,35,Obstructive sleep apnea hypopnea syndrome,,-2.1,7.4,4.1,30293,41,299,3,1,0.58,718|5743|53905,C3|PTGS2|DUOX1,-1.4,0
0,0,0,0,0,1,0,0,0,0,0,-2.1,C1862941,M000001,1,0,DisGeNET,35,"Amyotrophic Lateral Sclerosis, Sporadic",,-2.1,3.5,3.3,30293,173,300,6,2,0.81,331|5154|5445|8821|8878|10133,XIAP|PDGFA|PON2|INPP4B|SQSTM1|OPTN,-1.3,0
1,0,0,0,0,0,-2.1,0,0,0,0,0,C0085660,M100000,1,0,DisGeNET,35,Aseptic necrosis,,-2.1,7.4,4.1,30293,41,300,3,1,0.57,355|2131|80169,FAS|EXT1|CTC1,-1.3,0
0,0,0,0,1,0,0,0,0,0,-2.1,0,C0162872,M000010,1,0,DisGeNET,35,"Aortic Aneurysm, Thoracic",,-2.1,7.4,4.1,30293,41,300,3,1,0.57,2316|4318|7042,FLNA|MMP9|TGFB2,-1.3,0
0,0,0,0,0,1,0,0,0,0,0,-2.1,C0206684,M000001,1,0,DisGeNET,35,Sebaceous Adenocarcinoma,,-2.1,7.4,4.1,30293,41,300,3,1,0.57,1026|1029|1499,CDKN1A|CDKN2A|CTNNB1,-1.3,0
0,0,0,1,0,0,0,0,0,-2.1,0,0,C0231921,M000100,1,0,DisGeNET,35,Pulmonary function,,-2.1,7.4,4.1,30293,41,300,3,1,0.57,4035|4237|4324,LRP1|MFAP2|MMP15,-1.3,0
0,0,0,0,0,1,0,0,0,0,0,-2.1,C0264886,M000001,1,0,DisGeNET,35,Conduction disorder of the heart,,-2.1,7.4,4.1,30293,41,300,3,1,0.57,1499|5663|6737,CTNNB1|PSEN1|TRIM21,-1.3,0
0,0,0,1,1,0,0,0,0,-2.1,-2.1,0,C0277828,M000110,2,0,DisGeNET,35,Late fontanel closure,,-2.1,7.4,4.1,30293,41,300,3,1,0.57,538|3481|64175,ATP7A|IGF2|P3H1,-1.3,0
0,0,0,1,0,0,0,0,0,-2.1,0,0,C0600433,M000100,1,0,DisGeNET,35,Activated Protein C Resistance,,-2.1,7.4,4.1,30293,41,300,3,1,0.57,2153|2159|5627,F5|F10|PROS1,-1.3,0
0,0,0,1,0,0,0,0,0,-2.1,0,0,C1858729,M000100,1,0,DisGeNET,35,Decreased motor nerve conduction velocity,,-2.1,7.4,4.1,30293,41,300,3,1,0.57,3098|50484|81846,HK1|RRM2B|SBF2,-1.3,0
0,0,0,1,0,0,0,0,0,-2.1,0,0,C1859470,M000100,1,0,DisGeNET,35,Large basal ganglia,,-2.1,7.4,4.1,30293,41,300,3,1,0.57,7991|10765|23043,TUSC3|KDM5B|TNIK,-1.3,0
0,0,0,1,0,0,0,0,0,-2.1,0,0,C2930967,M000100,1,0,DisGeNET,35,Gastro-enteropancreatic neuroendocrine tumor,,-2.1,7.4,4.1,30293,41,300,3,1,0.57,2064|2896|5265,ERBB2|GRN|SERPINA1,-1.3,0
0,0,0,1,0,0,0,0,0,-2.1,0,0,C3160731,M000100,1,0,DisGeNET,35,Pulmonary function (finding),,-2.1,7.4,4.1,30293,41,300,3,1,0.57,4035|4237|4324,LRP1|MFAP2|MMP15,-1.3,0
1,0,0,0,0,0,-2.1,0,0,0,0,0,C3887513,M100000,1,0,DisGeNET,35,Avascular necrosis,,-2.1,7.4,4.1,30293,41,300,3,1,0.57,355|2131|80169,FAS|EXT1|CTC1,-1.3,0
0,0,0,1,0,0,0,0,0,-2.1,0,0,C4023687,M000100,1,0,DisGeNET,35,EEG with multifocal slow activity,,-2.1,7.4,4.1,30293,41,300,3,1,0.57,1917|5530|284111,EEF1A2|PPP3CA|SLC13A5,-1.3,0
0,0,0,1,0,0,0,0,0,-2.1,0,0,C4045991,M000100,1,0,DisGeNET,35,Perihilar Cholangiocarcinoma,,-2.1,7.4,4.1,30293,41,300,3,1,0.57,2353|5071|81848,FOS|PRKN|SPRY4,-1.3,0
0,0,0,1,0,0,0,0,0,-2.1,0,0,C4520821,M000100,1,0,DisGeNET,35,Stage 0 Breast Cancer AJCC v6 and v7,,-2.1,7.4,4.1,30293,41,300,3,1,0.57,2064|4485|7040,ERBB2|MST1|TGFB1,-1.3,0
1,0,0,0,0,0,-2.1,0,0,0,0,0,C4553018,M100000,1,0,DisGeNET,35,"Avascular Necrosis, CTCAE",,-2.1,7.4,4.1,30293,41,300,3,1,0.57,355|2131|80169,FAS|EXT1|CTC1,-1.3,0
0,0,1,1,0,0,0,0,-2.1,-2.1,0,0,C0027707,M001100,2,0,DisGeNET,35,"Nephritis, Interstitial",,-2.1,5.1,3.7,30293,79,299,4,1.3,0.66,567|4856|8542|11136,B2M|CCN3|APOL1|SLC7A9,-1.3,0
1,0,1,0,0,0,-2.1,0,-2.1,0,0,0,C0030186,M101000,2,0,DisGeNET,35,Paget Disease Extramammary,,-2.1,5.1,3.7,30293,79,299,4,1.3,0.66,4327|6364|7157|10970,MMP19|CCL20|TP53|CKAP4,-1.3,0
0,0,1,0,0,0,0,0,-2.1,0,0,0,C0263641,M001000,1,0,DisGeNET,35,Epithelial hyperplasia of skin,,-2.1,5.1,3.7,30293,79,299,4,1.3,0.66,6364|6774|7297|10970,CCL20|STAT3|TYK2|CKAP4,-1.3,0
0,0,1,0,0,0,0,0,-2.1,0,0,0,C0428791,M001000,1,0,DisGeNET,35,Aortic valve calcification,,-2.1,5.1,3.7,30293,79,299,4,1.3,0.66,5167|6774|7157|64135,ENPP1|STAT3|TP53|IFIH1,-1.3,0
0,0,1,1,0,0,0,0,-2.1,-2.1,0,0,C0497169,M001100,2,0,DisGeNET,35,hiv-infection/aids,,-2.1,4.1,3.4,30293,124,299,5,1.7,0.74,684|7098|11136|60489|89845,BST2|TLR3|SLC7A9|APOBEC3G|ABCC10,-1.3,0
1,0,0,0,1,0,-2.1,0,0,0,-2.1,0,C1853242,M100010,2,0,DisGeNET,35,Midface retrusion,,-2.1,3.1,3.2,30293,228,300,7,2.3,0.87,650|860|4125|4893|26137|58508|84679,BMP2|RUNX2|MAN2B1|NRAS|ZBTB20|KMT2C|SLC9A7,-1.3,0
1,0,0,0,0,0,-2.1,0,0,0,0,0,C0086445,M100000,1,0,DisGeNET,35,Idiopathic Membranous Glomerulonephritis,,-2.1,5.1,3.7,30293,79,300,4,1.3,0.66,3107|3576|5328|6648,HLA-C|CXCL8|PLAU|SOD2,-1.3,0
0,0,0,0,1,0,0,0,0,0,-2.1,0,C0151936,M000010,1,0,DisGeNET,35,Disorder of tendon,,-2.1,5.1,3.7,30293,79,300,4,1.3,0.66,960|3371|4318|7077,CD44|TNC|MMP9|TIMP2,-1.3,0
1,0,0,0,0,0,-2.1,0,0,0,0,0,C0206734,M100000,1,0,DisGeNET,35,Hemangioblastoma,,-2.1,5.1,3.7,30293,79,300,4,1.3,0.66,285|4312|5328|79651,ANGPT2|MMP1|PLAU|RHBDF2,-1.3,0
0,0,0,0,0,1,0,0,0,0,0,-2.1,C1834055,M000001,1,0,DisGeNET,35,Underdeveloped nasal alae,,-2.1,5.1,3.7,30293,79,300,4,1.3,0.66,1499|2317|5339|54101,CTNNB1|FLNB|PLEC|RIPK4,-1.3,0
1,0,0,1,0,0,-2.1,0,0,-2.1,0,0,C2936904,M100100,2,0,DisGeNET,35,"Opitz GBBB Syndrome, X-Linked",,-2.1,5.1,3.7,30293,79,300,4,1.3,0.66,650|860|3162|3717,BMP2|RUNX2|HMOX1|JAK2,-1.3,0
1,0,0,0,1,0,-2.1,0,0,0,-2.1,0,C4041080,M100010,2,0,DisGeNET,35,Neurocognitive Disorders,,-2.1,5.1,3.7,30293,79,300,4,1.3,0.66,3107|3162|3482|4296,HLA-C|HMOX1|IGF2R|MAP3K11,-1.3,0
0,0,0,0,1,0,0,0,0,0,-2.1,0,C0232466,M000010,1,0,DisGeNET,35,Feeding difficulties,,-2.1,2.3,3,30293,473,300,11,3.7,1.1,547|1906|2782|3097|3624|8642|8905|10046|29954|64207|81603,KIF1A|EDN1|GNB1|HIVEP2|INHBA|DCHS1|AP1S2|MAMLD1|POMT2|IRF2BPL|TRIM8,-1.3,0
1,0,0,1,0,0,-2.1,0,0,-2.1,0,0,C0019207,M100100,2,0,DisGeNET,35,"Hepatoma, Morris",,-2.1,4.1,3.4,30293,124,300,5,1.7,0.74,355|2950|3717|5371|27113,FAS|GSTP1|JAK2|PML|BBC3,-1.3,0
0,1,0,0,0,0,0,-2.1,0,0,0,0,C0030319,M010000,1,0,DisGeNET,35,Panic Disorder,,-2.1,3.5,3.3,30293,175,299,6,2,0.81,210|738|1191|1312|4128|6519,ALAD|VPS51|CLU|COMT|MAOA|SLC3A1,-1.3,0
0,0,1,0,1,1,0,0,-2.1,0,-2.1,-2.1,C0027830,M001011,3,0,DisGeNET,35,neurofibroma,,-2.1,4.1,3.4,30293,125,299,5,1.7,0.74,1435|3627|6646|6774|7157,CSF1|CXCL10|SOAT1|STAT3|TP53,-1.3,0
0,0,1,0,0,0,0,0,-2.1,0,0,0,C0279530,M001000,1,0,DisGeNET,35,Malignant Bone Neoplasm,,-2.1,4.1,3.4,30293,125,299,5,1.7,0.74,5743|6091|7098|7157|9734,PTGS2|ROBO1|TLR3|TP53|HDAC9,-1.3,0
1,0,0,0,0,0,-2.1,0,0,0,0,0,C0018790,M100000,1,0,DisGeNET,35,Cardiac Arrest,,-2.1,2.5,3,30293,410,300,10,3.3,1,285|2950|3107|3162|3383|3576|7357|8740|8771|50506,ANGPT2|GSTP1|HLA-C|HMOX1|ICAM1|CXCL8|UGCG|TNFSF14|TNFRSF6B|DUOX2,-1.3,0
0,0,1,0,0,0,0,0,-2.1,0,0,0,C0024302,M001000,1,0,DisGeNET,35,Reticulosarcoma,,-2.1,5.1,3.6,30293,80,299,4,1.3,0.66,843|6774|7157|9734,CASP10|STAT3|TP53|HDAC9,-1.3,0
0,1,0,0,0,0,0,-2.1,0,0,0,0,C0038587,M010000,1,0,DisGeNET,35,Substance Withdrawal Syndrome,,-2.1,5.1,3.6,30293,80,299,4,1.3,0.66,1312|4128|7033|8431,COMT|MAOA|TFF3|NR0B2,-1.3,0
0,0,1,0,0,0,0,0,-2.1,0,0,0,C0039128,M001000,1,0,DisGeNET,35,Syphilis,,-2.1,5.1,3.6,30293,80,299,4,1.3,0.66,3105|3627|7096|7097,HLA-A|CXCL10|TLR1|TLR2,-1.3,0
0,0,1,0,1,0,0,0,-2.1,0,-2.1,0,C0024441,M001010,2,0,DisGeNET,35,Macular Holes,,-2.1,7.2,4,30293,42,299,3,1,0.58,3105|6374|8743,HLA-A|CXCL5|TNFSF10,-1.3,0
0,1,0,0,0,0,0,-2.1,0,0,0,0,C0024517,M010000,1,0,DisGeNET,35,"Major depression, single episode",,-2.1,7.2,4,30293,42,299,3,1,0.58,335|4128|7494,APOA1|MAOA|XBP1,-1.3,0
0,0,1,0,0,0,0,0,-2.1,0,0,0,C0276653,M001000,1,0,DisGeNET,35,Invasive Pulmonary Aspergillosis,,-2.1,7.2,4,30293,42,299,3,1,0.58,3684|7097|7133,ITGAM|TLR2|TNFRSF1B,-1.3,0
0,1,0,1,0,0,0,-2.1,0,-2.1,0,0,C0751434,M010100,2,0,DisGeNET,35,Classical phenylketonuria,,-2.1,7.2,4,30293,42,299,3,1,0.58,847|1728|7276,CAT|NQO1|TTR,-1.3,0
0,0,1,0,1,0,0,0,-2.1,0,-2.1,0,C1292780,M001010,2,0,DisGeNET,35,Therapy-related myelodysplastic syndrome,,-2.1,7.2,4,30293,42,299,3,1,0.58,7157|9734|79139,TP53|HDAC9|DERL1,-1.3,0
0,1,0,0,0,0,0,-2.1,0,0,0,0,C1304470,M010000,1,0,DisGeNET,35,Generalized vitiligo,,-2.1,7.2,4,30293,42,299,3,1,0.58,847|1312|7494,CAT|COMT|XBP1,-1.3,0
0,0,1,0,0,0,0,0,-2.1,0,0,0,C1512433,M001000,1,0,DisGeNET,35,Cervical high grade squamous intraepithelial lesion,,-2.1,7.2,4,30293,42,299,3,1,0.58,5743|7157|29108,PTGS2|TP53|PYCARD,-1.3,0
0,0,1,0,0,0,0,0,-2.1,0,0,0,C1802398,M001000,1,0,DisGeNET,35,"Chromosome 5, trisomy 5q",,-2.1,7.2,4,30293,42,299,3,1,0.58,972|1435|7157,CD74|CSF1|TP53,-1.3,0
0,0,1,0,0,0,0,0,-2.1,0,0,0,C1858573,M001000,1,0,DisGeNET,35,Sparse pubic hair,,-2.1,7.2,4,30293,42,299,3,1,0.58,2516|4214|55717,NR5A1|MAP3K1|WDR11,-1.3,0
0,0,1,0,0,0,0,0,-2.1,0,0,0,C4049702,M001000,1,0,DisGeNET,35,"Focal Segmental Glomerulosclerosis, Not Otherwise Specified",,-2.1,7.2,4,30293,42,299,3,1,0.58,3105|4868|8542,HLA-A|NPHS1|APOL1,-1.3,0
0,0,1,0,0,0,0,0,-2.1,0,0,0,C4551506,M001000,1,0,DisGeNET,35,Paroxysmal Nonkinesigenic Dyskinesia 1,,-2.1,7.2,4,30293,42,299,3,1,0.58,3140|7157|51284,MR1|TP53|TLR7,-1.3,0
0,1,0,0,0,0,0,-2.1,0,0,0,0,C4721772,M010000,1,0,DisGeNET,35,Postoperative delirium,,-2.1,7.2,4,30293,42,299,3,1,0.58,847|1312|55902,CAT|COMT|ACSS2,-1.3,0
1,0,0,1,0,0,-2.1,0,0,-2.1,0,0,C0019208,M100100,2,0,DisGeNET,35,"Hepatoma, Novikoff",,-2.1,4,3.4,30293,125,300,5,1.7,0.74,355|2950|3717|5371|27113,FAS|GSTP1|JAK2|PML|BBC3,-1.3,0
1,0,0,0,1,0,-2.1,0,0,0,-2.1,0,C0040588,M100010,2,0,DisGeNET,35,Tracheoesophageal Fistula,,-2.1,5,3.6,30293,80,300,4,1.3,0.66,1535|7461|26281|80169,CYBA|CLIP2|FGF20|CTC1,-1.3,0
0,0,0,0,1,0,0,0,0,0,-2.1,0,C0151846,M000010,1,0,DisGeNET,35,Periosteal Disorder,,-2.1,5,3.6,30293,80,300,4,1.3,0.66,3371|7077|10085|27295,TNC|TIMP2|EDIL3|PDLIM3,-1.3,0
1,0,0,0,0,0,-2.1,0,0,0,0,0,C0206726,M100000,1,0,DisGeNET,35,gliosarcoma,,-2.1,5,3.6,30293,80,300,4,1.3,0.66,4792|5328|7035|8771,NFKBIA|PLAU|TFPI|TNFRSF6B,-1.3,0
0,0,0,0,1,0,0,0,0,0,-2.1,0,C0403416,M000010,1,0,DisGeNET,35,Idiopathic crescentic glomerulonephritis,,-2.1,5,3.6,30293,80,300,4,1.3,0.66,960|3726|4318|6876,CD44|JUNB|MMP9|TAGLN,-1.3,0
0,0,0,1,1,0,0,0,0,-2.1,-2.1,0,C0750927,M000110,2,0,DisGeNET,35,"Apraxia, Developmental Verbal",,-2.1,5,3.6,30293,80,300,4,1.3,0.66,348|1471|4035|5584,APOE|CST3|LRP1|PRKCI,-1.3,0
1,0,0,0,0,0,-2.1,0,0,0,0,0,C1332347,M100000,1,0,DisGeNET,35,Atypical Ductal Breast Hyperplasia,,-2.1,5,3.6,30293,80,300,4,1.3,0.66,2625|3659|3663|6776,GATA3|IRF1|IRF5|STAT5A,-1.3,0
0,0,0,0,1,0,0,0,0,0,-2.1,0,C1568272,M000010,1,0,DisGeNET,35,Tendinopathy,,-2.1,5,3.6,30293,80,300,4,1.3,0.66,960|3371|4318|7077,CD44|TNC|MMP9|TIMP2,-1.3,0
1,0,0,0,0,0,-2.1,0,0,0,0,0,C0271680,M100000,1,0,DisGeNET,35,Diabetic Polyneuropathies,,-2.1,7.2,4,30293,42,300,3,1,0.57,1535|6446|6648,CYBA|SGK1|SOD2,-1.3,0
0,0,0,1,0,0,0,0,0,-2.1,0,0,C0282666,M000100,1,0,DisGeNET,35,Very Low Birth Weight,,-2.1,7.2,4,30293,42,300,3,1,0.57,2153|3481|7040,F5|IGF2|TGFB1,-1.3,0
1,0,0,0,0,0,-2.1,0,0,0,0,0,C2751898,M100000,1,0,DisGeNET,35,"Ventricular Fibrillation, Paroxysmal Familial, 1",,-2.1,7.2,4,30293,42,300,3,1,0.57,374|3576|6648,AREG|CXCL8|SOD2,-1.3,0
0,0,0,1,0,0,0,0,0,-2.1,0,0,C3805043,M000100,1,0,DisGeNET,35,Vascular cognitive impairment,,-2.1,7.2,4,30293,42,300,3,1,0.57,348|1471|7040,APOE|CST3|TGFB1,-1.3,0
0,0,0,0,0,1,0,0,0,0,0,-2.1,C0220810,M000001,1,0,DisGeNET,35,Congenital defects,,-2.1,4,3.4,30293,126,300,5,1.7,0.74,861|966|4323|5339|6277,RUNX1|CD59|MMP14|PLEC|S100A6,-1.3,0
0,0,0,0,0,1,0,0,0,0,0,-2.1,C1839259,M000001,1,0,DisGeNET,35,"Bulbo-Spinal Atrophy, X-Linked",,-2.1,4,3.4,30293,126,300,5,1.7,0.74,3300|4645|8878|9564|9948,DNAJB2|MYO5B|SQSTM1|BCAR1|WDR1,-1.3,0
0,1,0,0,0,0,0,-2.1,0,0,0,0,C1561826,M010000,1,0,DisGeNET,35,Overweight and obesity,,-2.1,5,3.6,30293,81,299,4,1.3,0.66,4041|7351|10682|55902,LRP5|UCP2|EBP|ACSS2,-1.3,0
1,0,0,0,0,0,-2.1,0,0,0,0,0,C0151311,M100000,1,0,DisGeNET,35,Cranial nerve palsies,,-2.1,5,3.6,30293,81,300,4,1.3,0.66,355|2131|4893|29887,FAS|EXT1|NRAS|SNX10,-1.3,0
1,0,0,0,0,0,-2.1,0,0,0,0,0,C0236804,M100000,1,0,DisGeNET,35,Amphetamine Addiction,,-2.1,5,3.6,30293,81,300,4,1.3,0.66,1812|2950|5970|9215,DRD1|GSTP1|RELA|LARGE1,-1.3,0
0,0,0,1,1,0,0,0,0,-2.1,-2.1,0,C0280785,M000110,2,0,DisGeNET,35,Diffuse Astrocytoma,,-2.1,5,3.6,30293,81,300,4,1.3,0.66,604|3485|7040|23186,BCL6|IGFBP2|TGFB1|RCOR1,-1.3,0
0,0,0,0,1,0,0,0,0,0,-2.1,0,C0393706,M000010,1,0,DisGeNET,35,Early infantile epileptic encephalopathy with suppression bursts,,-2.1,5,3.6,30293,81,300,4,1.3,0.66,4318|5293|80381|81603,MMP9|PIK3CD|CD276|TRIM8,-1.3,0
0,0,0,0,1,0,0,0,0,0,-2.1,0,C0524662,M000010,1,0,DisGeNET,35,Opiate Addiction,,-2.1,5,3.6,30293,81,300,4,1.3,0.66,1407|1627|3839|51083,CRY1|DBN1|KPNA3|GAL,-1.3,0
1,0,0,1,0,1,-2.1,0,0,-2.1,0,-2.1,C0346957,M100101,3,0,DisGeNET,35,Disseminated Malignant Neoplasm,,-2.1,3,3.1,30293,232,300,7,2.3,0.87,860|2950|3267|3383|3576|3732|6528,RUNX2|GSTP1|AGFG1|ICAM1|CXCL8|CD82|SLC5A5,-1.3,0
0,0,1,0,0,1,0,0,-2.1,0,0,-2.1,C0239998,M001001,2,0,DisGeNET,35,Recurrent infections,,-2.1,4,3.4,30293,127,299,5,1.7,0.74,4868|5692|5698|5971|84876,NPHS1|PSMB4|PSMB9|RELB|ORAI1,-1.3,0
0,0,1,1,1,0,0,0,-2.1,-2.1,-2.1,0,C1136033,M001110,3,0,DisGeNET,35,Cutaneous Mastocytosis,,-2.1,4,3.4,30293,127,299,5,1.7,0.74,6774|7098|7157|29108|54361,STAT3|TLR3|TP53|PYCARD|WNT4,-1.3,0
0,0,1,0,0,0,0,0,-2.1,0,0,0,C0334294,M001000,1,0,DisGeNET,35,Multiple adenomatous polyps,,-2.1,7.1,4,30293,43,299,3,1,0.58,5743|7157|9536,PTGS2|TP53|PTGES,-1.3,0
0,0,1,0,0,0,0,0,-2.1,0,0,0,C0848332,M001000,1,0,DisGeNET,35,Spots on skin,,-2.1,7.1,4,30293,43,299,3,1,0.58,684|4868|7157,BST2|NPHS1|TP53,-1.3,0
0,0,1,0,0,0,0,0,-2.1,0,0,0,C1960870,M001000,1,0,DisGeNET,35,Transformed migraine,,-2.1,7.1,4,30293,43,299,3,1,0.58,5582|5743|29108,PRKCG|PTGS2|PYCARD,-1.3,0
0,0,1,0,0,0,0,0,-2.1,0,0,0,C2931038,M001000,1,0,DisGeNET,35,"Pancreatic carcinoma, familial",,-2.1,7.1,4,30293,43,299,3,1,0.58,1080|3934|7157,CFTR|LCN2|TP53,-1.3,0
0,0,1,0,0,0,0,0,-2.1,0,0,0,C2986717,M001000,1,0,DisGeNET,35,Anti-N-Methyl-D-Aspartate Receptor Encephalitis,,-2.1,7.1,4,30293,43,299,3,1,0.58,718|1435|8741,C3|CSF1|TNFSF13,-1.3,0
0,0,1,0,1,0,0,0,-2.1,0,-2.1,0,C4721666,M001010,2,0,DisGeNET,35,Bladder cancer stage IV,,-2.1,7.1,4,30293,43,299,3,1,0.58,6774|7157|29108,STAT3|TP53|PYCARD,-1.3,0
0,0,0,0,0,1,0,0,0,0,0,-2.1,C0234162,M000001,1,0,DisGeNET,35,Cerebellar Dysmetria,,-2.1,4,3.4,30293,127,300,5,1.7,0.74,6548|8878|9289|9907|10749,SLC9A1|SQSTM1|ADGRG1|AP5Z1|KIF1C,-1.3,0
0,0,0,1,0,0,0,0,0,-2.1,0,0,C3250443,M000100,1,0,DisGeNET,35,MYOTONIC DYSTROPHY 1,,-2.1,3.4,3.2,30293,178,300,6,2,0.81,348|1471|2064|5562|7040|10150,APOE|CST3|ERBB2|PRKAA1|TGFB1|MBNL2,-1.3,0
0,0,0,0,0,1,0,0,0,0,0,-2.1,C4551472,M000001,1,0,DisGeNET,35,Hypertrophic obstructive cardiomyopathy,,-2.1,3,3.1,30293,233,300,7,2.3,0.87,966|1827|3606|6548|7414|10627|103910,CD59|RCAN1|IL18|SLC9A1|VCL|MYL12A|MYL12B,-1.3,0
0,0,0,1,0,0,0,0,0,-2.1,0,0,C0005697,M000100,1,0,DisGeNET,35,Neurogenic Urinary Bladder,,-2.1,7,4,30293,43,300,3,1,0.57,1291|1917|7040,COL6A1|EEF1A2|TGFB1,-1.3,0
1,0,0,0,0,0,-2.1,0,0,0,0,0,C0007867,M100000,1,0,DisGeNET,35,Cervix Diseases,,-2.1,7,4,30293,43,300,3,1,0.57,3107|4070|6648,HLA-C|TACSTD2|SOD2,-1.3,0
1,0,0,1,0,0,-2.1,0,0,-2.1,0,0,C0270715,M100100,2,0,DisGeNET,35,"Degenerative Diseases, Central Nervous System",,-2.1,7,4,30293,43,300,3,1,0.57,3162|6648|56894,HMOX1|SOD2|AGPAT3,-1.3,0
1,0,0,1,1,0,-2.1,0,0,-2.1,-2.1,0,C0276548,M100110,3,0,DisGeNET,35,HIV encephalitis,,-2.1,7,4,30293,43,300,3,1,0.57,102|3162|3482,ADAM10|HMOX1|IGF2R,-1.3,0
0,0,0,0,0,1,0,0,0,0,0,-2.1,C0334070,M000001,1,0,DisGeNET,35,Maturation defect,,-2.1,7,4,30293,43,300,3,1,0.57,861|998|1499,RUNX1|CDC42|CTNNB1,-1.3,0
0,0,0,1,0,0,0,0,0,-2.1,0,0,C0751292,M000100,1,0,DisGeNET,35,Age-Related Memory Disorders,,-2.1,7,4,30293,43,300,3,1,0.57,351|3481|5071,APP|IGF2|PRKN,-1.3,0
0,0,0,1,0,0,0,0,0,-2.1,0,0,C0751293,M000100,1,0,DisGeNET,35,"Memory Disorder, Semantic",,-2.1,7,4,30293,43,300,3,1,0.57,351|3481|5071,APP|IGF2|PRKN,-1.3,0
0,0,0,1,0,0,0,0,0,-2.1,0,0,C0751294,M000100,1,0,DisGeNET,35,"Memory Disorder, Spatial",,-2.1,7,4,30293,43,300,3,1,0.57,351|3481|5071,APP|IGF2|PRKN,-1.3,0
0,0,0,1,0,0,0,0,0,-2.1,0,0,C0948216,M000100,1,0,DisGeNET,35,Ovarian adenocarcinoma,,-2.1,7,4,30293,43,300,3,1,0.57,2064|7448|8714,ERBB2|VTN|ABCC3,-1.3,0
0,0,0,0,1,0,0,0,0,0,-2.1,0,C1838993,M000010,1,0,DisGeNET,35,Episodic vomiting,,-2.1,7,4,30293,43,300,3,1,0.57,215|2318|3624,ABCD1|FLNC|INHBA,-1.3,0
0,0,0,0,0,1,0,0,0,0,0,-2.1,C3179455,M000001,1,0,DisGeNET,35,"Niemann-Pick Disease, Type C1",,-2.1,7,4,30293,43,300,3,1,0.57,331|6469|8737,XIAP|SHH|RIPK1,-1.3,0
1,0,1,1,0,0,-2,0,-2.1,-2,0,0,C0014591,M101100,3,0,DisGeNET,35,Epistaxis,,-2.1,4.9,3.6,30293,82,299,4,1.3,0.66,94|2533|2811|6774,ACVRL1|FYB1|GP1BA|STAT3,-1.3,0
1,0,1,0,0,0,-2,0,-2.1,0,0,0,C0035920,M101000,2,0,DisGeNET,35,Rubella,,-2.1,4.9,3.6,30293,82,299,4,1.3,0.66,3105|4045|10148|27074,HLA-A|LSAMP|EBI3|LAMP3,-1.3,0
0,0,1,0,1,0,0,0,-2.1,0,-2,0,C0393819,M001010,2,0,DisGeNET,35,"Polyradiculoneuropathy, Chronic Inflammatory Demyelinating",,-2.1,4.9,3.6,30293,82,299,4,1.3,0.66,3105|3627|5743|8506,HLA-A|CXCL10|PTGS2|CNTNAP1,-1.3,0
0,0,1,0,0,0,0,0,-2.1,0,0,0,C0741923,M001000,1,0,DisGeNET,35,cardiac event,,-2.1,4.9,3.6,30293,82,299,4,1.3,0.66,3934|6524|8542|9235,LCN2|SLC5A2|APOL1|IL32,-1.3,0
0,0,1,1,0,1,0,0,-2.1,-2,0,-2,C0887833,M001101,3,0,DisGeNET,35,"Carcinoma, Pancreatic Ductal",,-2.1,4.9,3.6,30293,82,299,4,1.3,0.66,3068|3934|6774|7157,HDGF|LCN2|STAT3|TP53,-1.3,0
1,0,1,0,0,0,-2,0,-2.1,0,0,0,C3150797,M101000,2,0,DisGeNET,35,"AUTOIMMUNE DISEASE, SUSCEPTIBILITY TO, 6",,-2.1,4.9,3.6,30293,82,299,4,1.3,0.66,1605|7297|53347|64167,DAG1|TYK2|UBASH3A|ERAP2,-1.3,0
1,0,1,0,0,0,-2,0,-2.1,0,0,0,C4310768,M101000,2,0,DisGeNET,35,"AUTOIMMUNE DISEASE, MULTISYSTEM, INFANTILE-ONSET, 2",,-2.1,4.9,3.6,30293,82,299,4,1.3,0.66,1605|7297|53347|64167,DAG1|TYK2|UBASH3A|ERAP2,-1.3,0
0,1,0,0,0,1,0,-2.1,0,0,0,-2,C4317089,M010001,2,0,DisGeNET,35,Infantile hemangioma,,-2.1,4.9,3.6,30293,82,299,4,1.3,0.66,283|738|5176|10397,ANG|VPS51|SERPINF1|NDRG1,-1.3,0
0,1,0,0,0,0,0,-2,0,0,0,0,C0855197,M010000,1,0,DisGeNET,35,Malignant Testicular Germ Cell Tumor,,-2,4,3.3,30293,128,299,5,1.7,0.74,174|415|1191|3065|9121,AFP|ARSL|CLU|HDAC1|SLC16A5,-1.3,0
0,0,0,1,0,0,0,0,0,-2,0,0,C0032461,M000100,1,0,DisGeNET,35,Polycythemia,,-2,4.9,3.6,30293,82,300,4,1.3,0.66,598|633|2034|2057,BCL2L1|BGN|EPAS1|EPOR,-1.3,0
0,0,0,1,0,0,0,0,0,-2,0,0,C0342384,M000100,1,0,DisGeNET,35,Idiopathic hypogonadotropic hypogonadism,,-2,4.9,3.6,30293,82,300,4,1.3,0.66,558|4745|5267|81848,AXL|NELL1|SERPINA4|SPRY4,-1.3,0
0,0,0,0,1,0,0,0,0,0,-2,0,C0349788,M000010,1,0,DisGeNET,35,Arrhythmogenic Right Ventricular Dysplasia,,-2,4.9,3.6,30293,82,300,4,1.3,0.66,1000|1824|2318|5293,CDH2|DSC2|FLNC|PIK3CD,-1.3,0
1,0,0,0,0,0,-2,0,0,0,0,0,C0406317,M100000,1,0,DisGeNET,35,Chronic small plaque psoriasis,,-2,4.9,3.6,30293,82,300,4,1.3,0.66,355|3107|10254|51430,FAS|HLA-C|STAM2|SUCO,-1.3,0
0,0,0,1,0,0,0,0,0,-2,0,0,C0080178,M000100,1,0,DisGeNET,35,Spina Bifida,,-2,3.4,3.2,30293,179,300,6,2,0.81,348|652|2353|3098|7040|54858,APOE|BMP4|FOS|HK1|TGFB1|PGPEP1,-1.3,0
0,0,0,0,0,1,0,0,0,0,0,-2,C0278704,M000001,1,0,DisGeNET,35,Malignant Childhood Neoplasm,,-2,3.4,3.2,30293,179,300,6,2,0.81,861|1026|1029|2308|6469|7057,RUNX1|CDKN1A|CDKN2A|FOXO1|SHH|THBS1,-1.3,0
0,0,1,0,1,0,0,0,-2,0,-2,0,C0017612,M001010,2,0,DisGeNET,35,"Glaucoma, Open-Angle",,-2,3.9,3.3,30293,129,299,5,1.7,0.74,4940|5743|6890|6891|7157,OAS3|PTGS2|TAP1|TAP2|TP53,-1.3,0
0,0,1,0,0,0,0,0,-2,0,0,0,C0232939,M001000,1,0,DisGeNET,35,Primary physiologic amenorrhea,,-2,3.9,3.3,30293,129,299,5,1.7,0.74,2516|4214|6091|54361|55717,NR5A1|MAP3K1|ROBO1|WNT4|WDR11,-1.3,0
0,0,1,0,0,0,0,0,-2,0,0,0,C0241355,M001000,1,0,DisGeNET,35,Small testicle,,-2,3.9,3.3,30293,129,299,5,1.7,0.74,1080|2516|4214|55717|79140,CFTR|NR5A1|MAP3K1|WDR11|CCDC28B,-1.3,0
0,0,1,0,0,0,0,0,-2,0,0,0,C0276138,M001000,1,0,DisGeNET,35,Viral myocarditis,,-2,3.9,3.3,30293,129,299,5,1.7,0.74,4790|5743|6774|7412|25897,NFKB1|PTGS2|STAT3|VCAM1|RNF19A,-1.3,0
1,0,0,0,0,0,-2,0,0,0,0,0,C0010200,M100000,1,0,DisGeNET,35,Coughing,,-2,3,3.1,30293,235,300,7,2.3,0.87,2643|3431|3576|4938|6674|9663|83666,GCH1|SP110|CXCL8|OAS1|SPAG1|LPIN2|PARP9,-1.3,0
0,1,1,0,0,0,0,-2,-2,0,0,0,C0162316,M011000,2,0,DisGeNET,35,Iron deficiency anemia,,-2,4.9,3.5,30293,83,299,4,1.3,0.66,48|847|1075|23446,ACO1|CAT|CTSC|SLC44A1,-1.3,0
0,0,1,0,0,0,0,0,-2,0,0,0,C4523846,M001000,1,0,DisGeNET,35,MSI-high,,-2,4.9,3.5,30293,83,299,4,1.3,0.66,3486|5743|7096|7157,IGFBP3|PTGS2|TLR1|TP53,-1.3,0
1,0,0,0,0,0,-2,0,0,0,0,0,C0153633,M100000,1,0,DisGeNET,35,Malignant neoplasm of brain,,-2,2.7,3,30293,294,300,8,2.7,0.93,2950|3383|5328|5970|6648|8549|8740|54704,GSTP1|ICAM1|PLAU|RELA|SOD2|LGR5|TNFSF14|PDP1,-1.3,0
1,1,0,0,0,0,-2,-2,0,0,0,0,C0023794,M110000,2,0,DisGeNET,35,Lipoidosis,,-2,6.9,3.9,30293,44,299,3,1,0.58,3249|6721|8431,HPN|SREBF2|NR0B2,-1.3,0
0,0,1,1,0,0,0,0,-2,-2,0,0,C0085183,M001100,2,0,DisGeNET,35,"Neoplasms, Second Primary",,-2,6.9,3.9,30293,44,299,3,1,0.58,567|5743|7157,B2M|PTGS2|TP53,-1.3,0
0,0,1,0,0,0,0,0,-2,0,0,0,C0271737,M001000,1,0,DisGeNET,35,Addison's disease due to autoimmunity,,-2,6.9,3.9,30293,44,299,3,1,0.58,3105|3627|64135,HLA-A|CXCL10|IFIH1,-1.3,0
0,0,1,0,0,0,0,0,-2,0,0,0,C0342302,M001000,1,0,DisGeNET,35,Brittle diabetes,,-2,6.9,3.9,30293,44,299,3,1,0.58,6364|6774|7297,CCL20|STAT3|TYK2,-1.3,0
0,1,0,0,0,0,0,-2,0,0,0,0,C2076600,M010000,1,0,DisGeNET,35,Influenza due to Influenza A virus subtype H1N1,,-2,6.9,3.9,30293,44,299,3,1,0.58,2181|5801|54810,ACSL3|PTPRR|GIPC2,-1.3,0
0,0,1,0,0,0,0,0,-2,0,0,0,C4021551,M001000,1,0,DisGeNET,35,Absence of secondary sex characteristics,,-2,6.9,3.9,30293,44,299,3,1,0.58,2516|4214|55717,NR5A1|MAP3K1|WDR11,-1.3,0
0,0,1,0,0,0,0,0,-2,0,0,0,C4554117,M001000,1,0,DisGeNET,35,"Diabetes Mellitus, Sudden-Onset",,-2,6.9,3.9,30293,44,299,3,1,0.58,6364|6774|7297,CCL20|STAT3|TYK2,-1.3,0
0,0,0,0,0,1,0,0,0,0,0,-2,C1851841,M000001,1,0,DisGeNET,35,"ECTRODACTYLY, ECTODERMAL DYSPLASIA, AND CLEFT LIP/PALATE SYNDROME 1",,-2,3.9,3.3,30293,129,300,5,1.7,0.74,861|1026|1499|2308|6277,RUNX1|CDKN1A|CTNNB1|FOXO1|S100A6,-1.3,0
0,0,0,0,0,1,0,0,0,0,0,-2,C0003615,M000001,1,0,DisGeNET,35,Appendicitis,,-2,4.9,3.5,30293,83,300,4,1.3,0.66,2317|4615|4627|10916,FLNB|MYD88|MYH9|MAGED2,-1.3,0
0,0,0,1,0,0,0,0,0,-2,0,0,C0153382,M000100,1,0,DisGeNET,35,Malignant neoplasm of oropharynx,,-2,4.9,3.5,30293,83,300,4,1.3,0.66,1832|7040|7076|50484,DSP|TGFB1|TIMP1|RRM2B,-1.3,0
0,0,0,1,0,0,0,0,0,-2,0,0,C0853193,M000100,1,0,DisGeNET,35,Bipolar I disorder,,-2,4.9,3.5,30293,83,300,4,1.3,0.66,1958|2571|2896|3485,EGR1|GAD1|GRN|IGFBP2,-1.3,0
0,0,0,1,0,0,0,0,0,-2,0,0,C0022603,M000100,1,0,DisGeNET,35,Seborrheic keratosis,,-2,6.9,3.9,30293,44,300,3,1,0.57,348|351|2064,APOE|APP|ERBB2,-1.3,0
0,0,0,1,0,1,0,0,0,-2,0,-2,C0272285,M000101,2,0,DisGeNET,35,Heparin-induced thrombocytopenia,,-2,6.9,3.9,30293,44,300,3,1,0.57,2153|2159|7040,F5|F10|TGFB1,-1.3,0
1,0,0,0,0,0,-2,0,0,0,0,0,C0432333,M100000,1,0,DisGeNET,35,Abnormal dermatoglyphic pattern,,-2,6.9,3.9,30293,44,300,3,1,0.57,4893|7403|7461,NRAS|KDM6A|CLIP2,-1.3,0
1,0,0,0,0,0,-2,0,0,0,0,0,C1541317,M100000,1,0,DisGeNET,35,Adult Gliosarcoma,,-2,6.9,3.9,30293,44,300,3,1,0.57,5328|7035|8771,PLAU|TFPI|TNFRSF6B,-1.3,0
0,0,0,0,0,1,0,0,0,0,0,-2,C3896961,M000001,1,0,DisGeNET,35,Adult Pre-B Acute Lymphoblastic Leukemia,,-2,6.9,3.9,30293,44,300,3,1,0.57,861|1029|54751,RUNX1|CDKN2A|FBLIM1,-1.3,0
1,0,0,0,0,0,-2,0,0,0,0,0,C3899658,M100000,1,0,DisGeNET,35,Childhood Gliosarcoma,,-2,6.9,3.9,30293,44,300,3,1,0.57,5328|7035|8771,PLAU|TFPI|TNFRSF6B,-1.3,0
0,0,0,1,0,0,0,0,0,-2,0,0,C4721413,M000100,1,0,DisGeNET,35,Juvenile angiofibroma,,-2,6.9,3.9,30293,44,300,3,1,0.57,2064|3481|7076,ERBB2|IGF2|TIMP1,-1.3,0
1,0,0,0,1,1,-2,0,0,0,-2,-2,C0026985,M100011,3,0,DisGeNET,35,Myelodysplasia,,-2,3.3,3.2,30293,181,300,6,2,0.81,2120|3659|3717|4893|10019|27113,ETV6|IRF1|JAK2|NRAS|SH2B3|BBC3,-1.3,0
0,1,0,1,0,0,0,-2,0,-2,0,0,C0017185,M010100,2,0,DisGeNET,35,Gastrointestinal Neoplasms,,-2,3.3,3.2,30293,182,299,6,2,0.81,174|2264|5874|10551|10682|79816,AFP|FGFR4|RAB27B|AGR2|EBP|TLE6,-1.3,0
0,0,0,0,1,0,0,0,0,0,-2,0,C0266435,M000010,1,0,DisGeNET,35,Congenital hypoplasia of penis,,-2,3,3.1,30293,237,300,7,2.3,0.87,3981|3984|5048|7476|22931|29954|51339,LIG4|LIMK1|PAFAH1B1|WNT7A|RAB18|POMT2|DACT1,-1.3,0
0,0,1,0,1,0,0,0,-2,0,-2,0,C0020428,M001010,2,0,DisGeNET,35,Hyperaldosteronism,,-2,4.8,3.5,30293,84,299,4,1.3,0.66,2516|3934|7157|79798,NR5A1|LCN2|TP53|ARMC5,-1.3,0
1,0,1,0,0,0,-2,0,-2,0,0,0,C0079218,M101000,2,0,DisGeNET,35,"Fibromatosis, Aggressive",,-2,4.8,3.5,30293,84,299,4,1.3,0.66,1435|5743|6646|7157,CSF1|PTGS2|SOAT1|TP53,-1.3,0
0,0,1,0,0,0,0,0,-2,0,0,0,C0878787,M001000,1,0,DisGeNET,35,Growth failure,,-2,4.8,3.5,30293,84,299,4,1.3,0.66,1080|3486|6774|64127,CFTR|IGFBP3|STAT3|NOD2,-1.3,0
0,0,1,1,0,0,0,0,-2,-2,0,0,C1262091,M001100,2,0,DisGeNET,35,Lymphocytic infiltration,,-2,4.8,3.5,30293,84,299,4,1.3,0.66,1520|3627|7096|7157,CTSS|CXCL10|TLR1|TP53,-1.3,0
0,0,0,0,0,1,0,0,0,0,0,-2,C0005956,M000001,1,0,DisGeNET,35,Bone Marrow Diseases,,-2,4.8,3.5,30293,84,300,4,1.3,0.66,1029|4615|4982|7057,CDKN2A|MYD88|TNFRSF11B|THBS1,-1.3,0
0,0,0,0,0,1,0,0,0,0,0,-2,C0019825,M000001,1,0,DisGeNET,35,Hoarseness,,-2,4.8,3.5,30293,84,300,4,1.3,0.66,1893|2314|3423|3909,ECM1|FLII|IDS|LAMA3,-1.3,0
0,0,0,0,1,0,0,0,0,0,-2,0,C0595936,M000010,1,0,DisGeNET,35,Aqueous Humor Disorders,,-2,4.8,3.5,30293,84,300,4,1.3,0.66,1906|4318|7041|7042,EDN1|MMP9|TGFB1I1|TGFB2,-1.3,0
0,0,0,1,0,0,0,0,0,-2,0,0,C1504404,M000100,1,0,DisGeNET,35,Hippocampal sclerosis,,-2,4.8,3.5,30293,84,300,4,1.3,0.66,348|2896|7040|55824,APOE|GRN|TGFB1|PAG1,-1.3,0
0,0,0,0,1,1,0,0,0,0,-2,-2,C1857108,M000011,2,0,DisGeNET,35,Limitation of joint mobility,,-2,4.8,3.5,30293,84,300,4,1.3,0.66,547|2316|4053|64207,KIF1A|FLNA|LTBP2|IRF2BPL,-1.3,0
0,0,0,1,0,0,0,0,0,-2,0,0,C4521256,M000100,1,0,DisGeNET,35,Glomerulopathy Assessment,,-2,4.8,3.5,30293,84,300,4,1.3,0.66,348|950|2353|10555,APOE|SCARB2|FOS|AGPAT2,-1.3,0
0,1,0,0,0,0,0,-2,0,0,0,0,C0009806,M010000,1,0,DisGeNET,35,Constipation,,-2,2.4,2.9,30293,424,299,10,3.3,1,210|847|1312|1650|6337|7048|7067|7276|51085|54681,ALAD|CAT|COMT|DDOST|SCNN1A|TGFBR2|THRA|TTR|MLXIPL|P4HTM,-1.3,0
0,0,1,0,0,0,0,0,-2,0,0,0,C0001849,M001000,1,0,DisGeNET,35,AIDS Dementia Complex,,-2,6.8,3.9,30293,45,299,3,1,0.58,3627|5743|7157,CXCL10|PTGS2|TP53,-1.3,0
0,0,1,0,0,0,0,0,-2,0,0,0,C0004045,M001000,1,0,DisGeNET,35,Asphyxia Neonatorum,,-2,6.8,3.9,30293,45,299,3,1,0.58,567|3934|5743,B2M|LCN2|PTGS2,-1.3,0
0,0,1,0,0,0,0,0,-2,0,0,0,C0035613,M001000,1,0,DisGeNET,35,Rift Valley Fever,,-2,6.8,3.9,30293,45,299,3,1,0.58,6774|9308|25897,STAT3|CD83|RNF19A,-1.3,0
0,1,0,0,0,0,0,-2,0,0,0,0,C0205648,M010000,1,0,DisGeNET,35,"Adenoma, Microcystic",,-2,6.8,3.9,30293,45,299,3,1,0.58,476|2705|6414,ATP1A1|GJB1|SELENOP,-1.3,0
0,1,0,0,0,0,0,-2,0,0,0,0,C0871388,M010000,1,0,DisGeNET,35,social stress,,-2,6.8,3.9,30293,45,299,3,1,0.58,216|1312|4128,ALDH1A1|COMT|MAOA,-1.3,0
0,0,0,1,0,0,0,0,0,-2,0,0,C0020433,M000100,1,0,DisGeNET,35,Hyperbilirubinemia,,-2,3.9,3.3,30293,131,300,5,1.7,0.74,348|3098|3783|8714|57511,APOE|HK1|KCNN4|ABCC3|COG6,-1.3,0
0,0,0,0,1,0,0,0,0,0,-2,0,C0027859,M000010,1,0,DisGeNET,35,Acoustic Neuroma,,-2,3.9,3.3,30293,131,300,5,1.7,0.74,960|3084|3984|4318|10409,CD44|NRG1|LIMK1|MMP9|BASP1,-1.3,0
0,0,0,0,1,1,0,0,0,0,-2,-2,C0032019,M000011,2,0,DisGeNET,35,Pituitary Neoplasms,,-2,3.9,3.3,30293,131,300,5,1.7,0.74,4133|4318|5293|10763|22931,MAP2|MMP9|PIK3CD|NES|RAB18,-1.3,0
