_MEMBER_down_common_genes,_MEMBER_down_epi_only,_MEMBER_down_mes_only,_MEMBER_down_mes_up_epi,_MEMBER_up_common_genes,_MEMBER_up_epi_only,_MEMBER_up_mes_down_epi,_MEMBER_up_mes_only,_LogP_down_common_genes,_LogP_down_epi_only,_LogP_down_mes_only,_LogP_down_mes_up_epi,_LogP_up_common_genes,_LogP_up_epi_only,_LogP_up_mes_down_epi,_LogP_up_mes_only,GO,Description,_PATTERN_,_RANK_,GiniIndex
1,0,1,1,1,0,1,1,-2.4,0,-2.5,-5.1,-2,0,-2.4,-3,GO:0001944,vasculature development,M10111011,6,0
1,1,1,1,0,1,1,0,-4.9,-4.5,-2.1,-2.8,0,-4,-2,0,GO:0098657,import into cell,M11110110,6,0
1,1,1,1,0,1,1,0,-6.4,-3,-2,-3.4,0,-2.7,-2.1,0,GO:0006897,endocytosis,M11110110,6,0
1,1,1,1,1,0,1,0,-5.8,-3.3,-3.8,-2,-2.8,0,-3.5,0,GO:0031344,regulation of cell projection organization,M11111010,6,0
1,1,0,1,1,1,0,1,-2.5,-7.1,0,-2.7,-5.8,-2.2,0,-2.2,R-HSA-382551,Transport of small molecules,M11011101,6,0
1,0,1,1,1,0,1,1,-2.8,0,-4.2,-6,-4.4,0,-3,-4.3,GO:0035239,tube morphogenesis,M10111011,6,0
1,1,0,0,1,1,1,1,-7,-5.7,0,0,-6.2,-4.3,-5.2,-3,R-HSA-6798695,Neutrophil degranulation,M11001111,6,0
1,1,1,1,1,0,1,0,-6,-3.4,-3.6,-2.1,-2.9,0,-3.7,0,GO:0120035,regulation of plasma membrane bounded cell projection organization,M11111010,6,0
0,1,0,1,0,1,1,1,0,-3,0,-2.8,0,-4,-2.8,-2.2,GO:0030198,extracellular matrix organization,M01010111,5,0
1,1,0,1,1,1,0,0,-2.2,-2.2,0,-2.8,-3.1,-4,0,0,R-HSA-372790,Signaling by GPCR,M11011100,5,0
0,1,0,1,0,1,1,1,0,-3,0,-2.8,0,-4,-2.8,-2.2,GO:0045229,external encapsulating structure organization,M01010111,5,0
1,0,1,1,1,0,0,1,-3.8,0,-2.5,-2.4,-8,0,0,-2.7,GO:0008285,negative regulation of cell population proliferation,M10111001,5,0
1,0,0,1,1,0,1,1,-2.3,0,0,-4.8,-2.7,0,-2.2,-2.4,GO:0048514,blood vessel morphogenesis,M10011011,5,0
1,1,1,0,0,1,1,0,-3.5,-2.8,-3.4,0,0,-2.2,-2.8,0,GO:0008015,blood circulation,M11100110,5,0
1,1,1,0,0,1,1,0,-3.2,-2.9,-2.1,0,0,-2.4,-4.1,0,GO:0048545,response to steroid hormone,M11100110,5,0
1,1,0,1,1,1,0,0,-4.4,-2.4,0,-2.9,-5,-2.9,0,0,GO:0030162,regulation of proteolysis,M11011100,5,0
1,1,0,0,1,1,0,1,-4.2,-6.5,0,0,-3.7,-2.8,0,-2.5,R-HSA-109582,Hemostasis,M11001101,5,0
0,1,0,1,1,0,1,1,0,-3.3,0,-3.6,-2.4,0,-6.4,-7.9,R-HSA-5653656,Vesicle-mediated transport,M01011011,5,0
1,1,1,1,1,0,0,0,-5.1,-4.2,-2.2,-2.7,-4,0,0,0,GO:0051336,regulation of hydrolase activity,M11111000,5,0
1,0,1,1,1,1,0,0,-4.2,0,-2.4,-2.4,-3,-2.6,0,0,hsa04310,Wnt signaling pathway,M10111100,5,0
1,1,0,0,0,1,1,1,-7.4,-7.1,0,0,0,-2,-6.6,-4,GO:0019752,carboxylic acid metabolic process,M11000111,5,0
1,1,0,0,1,1,1,0,-4.7,-4.5,0,0,-3,-2.2,-3.1,0,WP2882,Nuclear receptors meta pathway,M11001110,5,0
1,0,1,1,1,0,0,1,-3.3,0,-2.7,-2.8,-6.7,0,0,-2.9,WP5087,Pleural mesothelioma,M10111001,5,0
0,1,0,1,1,0,1,1,0,-2.3,0,-3.3,-2.5,0,-6.2,-7.7,R-HSA-199991,Membrane Trafficking,M01011011,5,0
1,0,0,1,1,0,1,1,-2.6,0,0,-5.3,-2.1,0,-2.5,-3.1,GO:0001568,blood vessel development,M10011011,5,0
0,1,0,1,0,1,1,1,0,-3,0,-2.8,0,-4,-2.8,-2.2,GO:0043062,extracellular structure organization,M01010111,5,0
1,0,1,0,1,1,1,0,-5.2,0,-2,0,-4.1,-2.8,-2.1,0,M5902,HALLMARK APOPTOSIS,M10101110,5,0
1,1,0,1,0,1,1,0,-6.6,-6.9,0,-3.1,0,-3.2,-12,0,R-HSA-556833,Metabolism of lipids,M11010110,5,0
1,1,1,1,0,0,1,0,-8.7,-2.2,-3.3,-2,0,0,-7.2,0,GO:0009725,response to hormone,M11110010,5,0
1,0,1,1,1,1,0,0,-3.5,0,-2.3,-2,-6.6,-4.2,0,0,GO:0030335,positive regulation of cell migration,M10111100,5,0
1,1,0,0,0,1,1,1,-7.7,-4,0,0,0,-2.2,-5.5,-3.2,GO:0032787,monocarboxylic acid metabolic process,M11000111,5,0
1,1,1,0,0,1,1,0,-4.2,-3.6,-3.3,0,0,-3.4,-2.7,0,GO:0003013,circulatory system process,M11100110,5,0
1,1,0,1,1,1,0,0,-2.3,-2.7,0,-2.2,-3.1,-3.3,0,0,R-HSA-388396,GPCR downstream signalling,M11011100,5,0
1,0,0,1,1,0,0,1,-3,0,0,-2.8,-2.7,0,0,-2.1,GO:0045765,regulation of angiogenesis,M10011001,4,0
0,1,0,0,0,1,1,1,0,-2.3,0,0,0,-2.4,-5.5,-2.1,GO:1903532,positive regulation of secretion by cell,M01000111,4,0
1,0,1,1,1,0,0,0,-3.8,0,-2.2,-2.3,-2.2,0,0,0,WP428,Wnt signaling,M10111000,4,0
0,1,0,0,1,1,0,1,0,-3.4,0,0,-2.3,-2.4,0,-4.6,GO:0097435,supramolecular fiber organization,M01001101,4,0
1,0,0,1,1,0,1,0,-8.5,0,0,-2.6,-2.5,0,-4.1,0,GO:1901652,response to peptide,M10011010,4,0
1,1,0,0,0,1,1,0,-5,-2.5,0,0,0,-2.9,-12,0,GO:0008610,lipid biosynthetic process,M11000110,4,0
1,1,1,0,0,0,1,0,-4.3,-2.1,-4,0,0,0,-2.5,0,R-HSA-9012999,RHO GTPase cycle,M11100010,4,0
1,0,1,1,0,0,0,1,-2.3,0,-4,-2.1,0,0,0,-2.8,GO:0007507,heart development,M10110001,4,0
0,0,1,1,0,1,1,0,0,0,-2.1,-2.6,0,-2,-9.2,0,GO:0051668,localization within membrane,M00110110,4,0
0,0,0,1,1,1,0,1,0,0,0,-3.2,-18,-2.7,0,-3,GO:0071345,cellular response to cytokine stimulus,M00011101,4,0
1,0,1,0,1,1,0,0,-3.3,0,-2.1,0,-6.3,-4,0,0,GO:2000147,positive regulation of cell motility,M10101100,4,0
1,1,0,0,0,1,1,0,-5.7,-9.9,0,0,0,-4.3,-4.6,0,GO:1901615,organic hydroxy compound metabolic process,M11000110,4,0
1,0,1,1,0,0,0,1,-2.6,0,-4.1,-2.2,0,0,0,-2.6,GO:0031589,cell-substrate adhesion,M10110001,4,0
1,1,1,0,0,0,0,1,-5.7,-2.4,-2.3,0,0,0,0,-4.3,GO:0000902,cell morphogenesis,M11100001,4,0
0,0,0,1,1,0,1,1,0,0,0,-2.6,-2.4,0,-2.6,-4.3,GO:0033365,protein localization to organelle,M00011011,4,0
1,0,0,0,1,0,1,1,-3.9,0,0,0,-2.1,0,-2.5,-4.6,R-HSA-9006934,Signaling by Receptor Tyrosine Kinases,M10001011,4,0
1,1,1,0,0,0,1,0,-2.3,-2.1,-2.1,0,0,0,-3.2,0,GO:0009991,response to extracellular stimulus,M11100010,4,0
1,0,1,0,0,0,1,1,-3,0,-3.1,0,0,0,-2,-3.1,GO:0034330,cell junction organization,M10100011,4,0
1,0,0,1,1,0,1,0,-4.1,0,0,-3.3,-2.6,0,-3.3,0,GO:1901699,cellular response to nitrogen compound,M10011010,4,0
0,1,0,0,0,1,1,1,0,-2.7,0,0,0,-2.3,-3.2,-2,R-HSA-1474244,Extracellular matrix organization,M01000111,4,0
1,0,1,0,1,1,0,0,-2.4,0,-2.1,0,-4.2,-2,0,0,GO:0043065,positive regulation of apoptotic process,M10101100,4,0
0,1,0,1,1,1,0,0,0,-2.9,0,-2.1,-2.5,-4.4,0,0,R-HSA-500792,GPCR ligand binding,M01011100,4,0
0,1,0,0,1,0,1,1,0,-2.1,0,0,-2.2,0,-5.3,-2.5,GO:0051222,positive regulation of protein transport,M01001011,4,0
1,0,0,1,1,1,0,0,-2.5,0,0,-2.7,-5.6,-3.2,0,0,GO:0071396,cellular response to lipid,M10011100,4,0
1,0,0,1,1,0,0,1,-2.9,0,0,-3.4,-2.6,0,0,-2,GO:1901342,regulation of vasculature development,M10011001,4,0
1,0,1,0,1,0,0,1,-2.3,0,-3.2,0,-5.3,0,0,-4,WP3888,VEGFA VEGFR2 signaling,M10101001,4,0
0,1,1,1,1,0,0,0,0,-2.2,-4.7,-2.9,-3.3,0,0,0,GO:0044089,positive regulation of cellular component biogenesis,M01111000,4,0
1,1,1,0,0,1,0,0,-3.3,-3,-2.6,0,0,-2.5,0,0,GO:0003018,vascular process in circulatory system,M11100100,4,0
1,0,0,1,1,0,0,1,-3.6,0,0,-2.1,-3.4,0,0,-2.8,GO:0048729,tissue morphogenesis,M10011001,4,0
1,0,0,1,1,0,0,1,-2.5,0,0,-4,-2.5,0,0,-2,hsa04010,MAPK signaling pathway,M10011001,4,0
1,0,0,0,0,1,1,1,-2.9,0,0,0,0,-2.1,-4.7,-2.2,GO:0070201,regulation of establishment of protein localization,M10000111,4,0
1,1,0,0,1,1,0,0,-5.5,-2.8,0,0,-2.5,-2.1,0,0,GO:0030036,actin cytoskeleton organization,M11001100,4,0
0,0,1,0,1,0,1,1,0,0,-2.1,0,-4.8,0,-2.8,-4.1,GO:0030163,protein catabolic process,M00101011,4,0
1,0,0,1,1,1,0,0,-5.9,0,0,-2.1,-5.1,-4.9,0,0,GO:0043408,regulation of MAPK cascade,M10011100,4,0
1,0,0,1,1,0,1,0,-3.5,0,0,-2.4,-5.1,0,-2.2,0,GO:1902532,negative regulation of intracellular signal transduction,M10011010,4,0
0,0,0,1,1,0,1,1,0,0,0,-2.1,-2.4,0,-8.4,-7.4,GO:0006886,intracellular protein transport,M00011011,4,0
1,0,0,1,0,0,1,1,-4.5,0,0,-2.5,0,0,-2.8,-2.3,WP437,EGF EGFR signaling pathway,M10010011,4,0
1,1,0,0,0,1,1,0,-3.3,-7.2,0,0,0,-2.8,-5,0,GO:0006066,alcohol metabolic process,M11000110,4,0
0,1,1,0,0,0,1,1,0,-2.8,-3.1,0,0,0,-4.6,-4,GO:1903829,positive regulation of protein localization,M01100011,4,0
1,1,0,0,0,0,1,1,-7.7,-2.6,0,0,0,0,-3.8,-2.4,GO:0005975,carbohydrate metabolic process,M11000011,4,0
1,0,1,0,1,0,0,1,-3,0,-2.4,0,-2.2,0,0,-2.3,GO:0007346,regulation of mitotic cell cycle,M10101001,4,0
1,1,1,0,0,0,1,0,-2.5,-2.3,-2.3,0,0,0,-3.4,0,GO:0031667,response to nutrient levels,M11100010,4,0
1,0,1,0,0,1,0,1,-2.6,0,-2.6,0,0,-2.6,0,-2.4,GO:0060322,head development,M10100101,4,0
1,0,0,1,1,1,0,0,-2.1,0,0,-2.5,-5.6,-5.4,0,0,GO:0002685,regulation of leukocyte migration,M10011100,4,0
0,1,1,1,1,0,0,0,0,-2.4,-3.4,-3.4,-3.2,0,0,0,GO:0010810,regulation of cell-substrate adhesion,M01111000,4,0
1,0,0,1,1,1,0,0,-2.8,0,0,-2.5,-3.6,-3.5,0,0,R-HSA-418594,G alpha (i) signalling events,M10011100,4,0
1,1,0,0,0,0,1,1,-2.6,-2.9,0,0,0,0,-3.3,-2.1,GO:1905475,regulation of protein localization to membrane,M11000011,4,0
0,0,0,1,1,1,0,1,0,0,0,-2.4,-7.1,-2,0,-3.8,hsa05131,Shigellosis,M00011101,4,0
0,0,1,0,1,1,1,0,0,0,-3.3,0,-2.7,-2.2,-2.2,0,GO:0080135,regulation of cellular response to stress,M00101110,4,0
1,0,0,1,1,0,0,1,-4.7,0,0,-2.2,-4,0,0,-2.6,GO:0045596,negative regulation of cell differentiation,M10011001,4,0
1,0,1,0,0,1,0,1,-2.5,0,-2.6,0,0,-2.8,0,-2.6,GO:0007420,brain development,M10100101,4,0
0,0,0,1,1,0,1,1,0,0,0,-3.6,-8.1,0,-3.7,-3.8,M5930,HALLMARK EPITHELIAL MESENCHYMAL TRANSITION,M00011011,4,0
1,1,0,0,0,1,1,0,-9,-3.7,0,0,0,-2.3,-4.1,0,hsa04142,Lysosome,M11000110,4,0
1,0,0,0,0,1,1,1,-2.1,0,0,0,0,-2.5,-8.3,-3.2,GO:0044283,small molecule biosynthetic process,M10000111,4,0
1,0,1,1,0,0,1,0,-3.6,0,-2.6,-4.2,0,0,-3.6,0,WP481,Insulin signaling,M10110010,4,0
0,1,0,0,0,1,1,1,0,-2.2,0,0,0,-3.7,-6.3,-2.4,GO:1903530,regulation of secretion by cell,M01000111,4,0
0,1,0,0,0,1,1,1,0,-3.7,0,0,0,-3.3,-7,-2.1,GO:0051046,regulation of secretion,M01000111,4,0
0,0,0,1,1,1,0,1,0,0,0,-3.5,-4.8,-4.8,0,-2.2,GO:0006935,chemotaxis,M00011101,4,0
1,0,0,1,1,1,0,0,-2.9,0,0,-2.5,-10,-4.3,0,0,GO:0045785,positive regulation of cell adhesion,M10011100,4,0
1,0,1,1,0,0,0,1,-10,0,-2.4,-2.3,0,0,0,-3.4,GO:0007167,enzyme-linked receptor protein signaling pathway,M10110001,4,0
1,0,0,1,1,0,0,1,-3.6,0,0,-2.7,-3.1,0,0,-2.3,GO:0002009,morphogenesis of an epithelium,M10011001,4,0
0,0,0,1,1,1,0,1,0,0,0,-3.5,-4.8,-4.8,0,-2.1,GO:0042330,taxis,M00011101,4,0
1,0,1,0,1,1,0,0,-3.2,0,-2,0,-6.2,-3.9,0,0,GO:0040017,positive regulation of locomotion,M10101100,4,0
1,1,0,0,1,0,1,0,-2.2,-2.4,0,0,-4.9,0,-3.5,0,GO:0051235,maintenance of location,M11001010,4,0
0,0,0,1,1,1,0,0,0,0,0,-2.2,-5.6,-2.4,0,0,WP3865,Novel intracellular components of RIG I like receptor pathway,M00011100,3,0
1,0,0,0,1,0,0,1,-3.9,0,0,0,-2.6,0,0,-3.6,GO:0008283,cell population proliferation,M10001001,3,0
0,0,1,0,1,0,0,1,0,0,-2.8,0,-2.2,0,0,-3,R-HSA-446728,Cell junction organization,M00101001,3,0
0,1,0,0,1,1,0,0,0,-3.6,0,0,-2,-2.4,0,0,GO:0007015,actin filament organization,M01001100,3,0
1,1,0,0,0,0,1,0,-2.7,-8.9,0,0,0,0,-2.4,0,GO:0019216,regulation of lipid metabolic process,M11000010,3,0
1,0,0,0,0,0,1,1,-3.3,0,0,0,0,0,-2.8,-3.4,GO:0072521,purine-containing compound metabolic process,M10000011,3,0
0,0,0,1,1,1,0,0,0,0,0,-4,-4.6,-4.6,0,0,GO:0040011,locomotion,M00011100,3,0
0,0,0,1,1,0,0,1,0,0,0,-3.6,-3.4,0,0,-2.2,GO:0001525,angiogenesis,M00011001,3,0
1,1,0,0,1,0,0,0,-3.1,-9.5,0,0,-3.2,0,0,0,R-HSA-8957275,Post-translational protein phosphorylation,M11001000,3,0
0,0,0,1,1,1,0,0,0,0,0,-2.8,-14,-2.7,0,0,GO:0002831,regulation of response to biotic stimulus,M00011100,3,0
1,1,0,0,1,0,0,0,-2.6,-4.8,0,0,-2.2,0,0,0,WP558,Complement and coagulation cascades,M11001000,3,0
1,0,1,0,1,0,0,0,-2.4,0,-3.5,0,-2.5,0,0,0,WP51,Regulation of actin cytoskeleton,M10101000,3,0
1,1,0,0,0,0,0,1,-3.2,-2.9,0,0,0,0,0,-2.1,GO:0006520,amino acid metabolic process,M11000001,3,0
0,0,1,1,0,1,0,0,0,0,-7.8,-3.3,0,-2.3,0,0,R-HSA-1852241,Organelle biogenesis and maintenance,M00110100,3,0
0,1,0,0,1,1,0,0,0,-3.4,0,0,-3,-2.2,0,0,WP176,Folate metabolism,M01001100,3,0
0,0,0,1,0,0,1,1,0,0,0,-2.3,0,0,-2.8,-5.8,GO:0016050,vesicle organization,M00010011,3,0
1,0,0,1,0,1,0,0,-5.2,0,0,-2.3,0,-2.3,0,0,GO:0051129,negative regulation of cellular component organization,M10010100,3,0
1,0,0,1,0,0,0,1,-3.3,0,0,-2.4,0,0,0,-3.5,GO:0032989,cellular anatomical entity morphogenesis,M10010001,3,0
1,0,1,1,0,0,0,0,-2.1,0,-2.1,-2.8,0,0,0,0,GO:0198738,cell-cell signaling by wnt,M10110000,3,0
0,0,1,1,0,0,1,0,0,0,-3.2,-3.8,0,0,-3.2,0,WP3915,Angiopoietin like protein 8 regulatory pathway,M00110010,3,0
1,0,1,0,0,0,0,1,-3.9,0,-2.3,0,0,0,0,-4,GO:0048812,neuron projection morphogenesis,M10100001,3,0
1,0,1,1,0,0,0,0,-4.4,0,-2.4,-2.6,0,0,0,0,GO:0032970,regulation of actin filament-based process,M10110000,3,0
1,0,0,0,0,0,1,1,-2.1,0,0,0,0,0,-2.9,-3.2,GO:0009259,ribonucleotide metabolic process,M10000011,3,0
1,1,1,0,0,0,0,0,-2.6,-2.1,-5.2,0,0,0,0,0,GO:0007160,cell-matrix adhesion,M11100000,3,0
1,1,0,0,0,0,1,0,-4.9,-6.1,0,0,0,0,-5.2,0,GO:0008202,steroid metabolic process,M11000010,3,0
0,0,0,0,1,1,0,1,0,0,0,0,-8.3,-2.1,0,-2.4,hsa04145,Phagosome,M00001101,3,0
1,0,0,0,1,1,0,0,-2.2,0,0,0,-3.1,-2.7,0,0,WP3929,Chemokine signaling pathway,M10001100,3,0
1,0,1,1,0,0,0,0,-4.3,0,-2.3,-2.3,0,0,0,0,GO:0032956,regulation of actin cytoskeleton organization,M10110000,3,0
1,0,1,1,0,0,0,0,-2.1,0,-2.1,-2.8,0,0,0,0,GO:0016055,Wnt signaling pathway,M10110000,3,0
1,0,0,0,0,1,1,0,-2.5,0,0,0,0,-2,-2.5,0,GO:0050807,regulation of synapse organization,M10000110,3,0
0,0,0,0,1,1,0,1,0,0,0,0,-12,-7.3,0,-2.9,GO:0006954,inflammatory response,M00001101,3,0
0,1,0,0,0,1,1,0,0,-2.6,0,0,0,-2.2,-6.7,0,GO:0051047,positive regulation of secretion,M01000110,3,0
1,0,0,0,1,1,0,0,-2.4,0,0,0,-2.8,-2.8,0,0,GO:0043254,regulation of protein-containing complex assembly,M10001100,3,0
1,0,1,0,0,0,0,1,-9.5,0,-2.1,0,0,0,0,-3,GO:0007169,transmembrane receptor protein tyrosine kinase signaling pathway,M10100001,3,0
1,0,0,1,1,0,0,0,-2.2,0,0,-2.2,-2.7,0,0,0,GO:0042063,gliogenesis,M10011000,3,0
0,1,1,0,0,0,1,0,0,-2.6,-2,0,0,0,-2.3,0,GO:0002791,regulation of peptide secretion,M01100010,3,0
0,0,0,1,1,1,0,0,0,0,0,-2,-19,-3,0,0,GO:0019221,cytokine-mediated signaling pathway,M00011100,3,0
0,0,0,1,1,1,0,0,0,0,0,-2.3,-2.3,-3.7,0,0,GO:0045071,negative regulation of viral genome replication,M00011100,3,0
1,0,0,0,1,0,0,1,-5.7,0,0,0,-9.5,0,0,-2.6,hsa05200,Pathways in cancer,M10001001,3,0
0,0,0,1,1,1,0,0,0,0,0,-2.1,-17,-6.6,0,0,R-HSA-449147,Signaling by Interleukins,M00011100,3,0
1,0,0,0,0,0,1,1,-4.1,0,0,0,0,0,-2.6,-4.8,GO:0070848,response to growth factor,M10000011,3,0
1,0,0,0,1,1,0,0,-3,0,0,0,-3.4,-2.4,0,0,hsa05205,Proteoglycans in cancer,M10001100,3,0
1,1,0,0,0,0,1,0,-4,-5.2,0,0,0,0,-2.8,0,R-HSA-428157,Sphingolipid metabolism,M11000010,3,0
0,0,0,0,0,1,1,1,0,0,0,0,0,-2.5,-2.8,-2.8,GO:0046394,carboxylic acid biosynthetic process,M00000111,3,0
1,0,0,1,0,0,1,0,-5.4,0,0,-2.8,0,0,-3.3,0,GO:0046486,glycerolipid metabolic process,M10010010,3,0
1,0,0,0,0,0,1,1,-2.6,0,0,0,0,0,-3,-2.6,hsa01212,Fatty acid metabolism,M10000011,3,0
1,0,0,1,1,0,0,0,-4.2,0,0,-2.5,-2.4,0,0,0,M124,PID CXCR4 PATHWAY,M10011000,3,0
1,0,1,0,0,0,0,1,-3.8,0,-2.6,0,0,0,0,-4,GO:0120039,plasma membrane bounded cell projection morphogenesis,M10100001,3,0
0,1,1,0,0,0,1,0,0,-3.3,-2,0,0,0,-2.3,0,GO:0090087,regulation of peptide transport,M01100010,3,0
1,1,0,0,1,0,0,0,-6.5,-2.8,0,0,-2.2,0,0,0,GO:0030029,actin filament-based process,M11001000,3,0
1,1,0,0,0,0,1,0,-2.6,-2.1,0,0,0,0,-4,0,GO:1904375,regulation of protein localization to cell periphery,M11000010,3,0
1,0,0,0,1,0,0,1,-5.9,0,0,0,-9.9,0,0,-2.8,WP5434,Pathways in cancer,M10001001,3,0
1,0,1,1,0,0,0,0,-9.7,0,-2.1,-2.1,0,0,0,0,GO:0006979,response to oxidative stress,M10110000,3,0
1,0,0,0,1,0,1,0,-4,0,0,0,-2.3,0,-2,0,WP5090,Complement system in neuronal development and plasticity,M10001010,3,0
1,1,0,0,0,1,0,0,-3,-5.6,0,0,0,-2.4,0,0,M5906,HALLMARK ESTROGEN RESPONSE EARLY,M11000100,3,0
1,0,0,0,0,0,1,1,-2.5,0,0,0,0,0,-3.4,-3.1,GO:0019693,ribose phosphate metabolic process,M10000011,3,0
1,0,0,0,0,0,1,1,-2.2,0,0,0,0,0,-2.3,-2.9,GO:1901293,nucleoside phosphate biosynthetic process,M10000011,3,0
1,0,0,0,1,0,1,0,-2.7,0,0,0,-2.1,0,-5.7,0,GO:0051223,regulation of protein transport,M10001010,3,0
1,0,1,0,0,0,0,1,-3.8,0,-2.6,0,0,0,0,-3.9,GO:0048858,cell projection morphogenesis,M10100001,3,0
0,0,0,1,1,1,0,0,0,0,0,-2.2,-11,-2.1,0,0,GO:0045088,regulation of innate immune response,M00011100,3,0
1,0,0,0,0,0,1,1,-2.2,0,0,0,0,0,-2.6,-2.2,WP5356,Affected pathways in Duchenne muscular dystrophy,M10000011,3,0
1,0,0,0,1,1,0,0,-3.6,0,0,0,-4.9,-2.4,0,0,hsa04071,Sphingolipid signaling pathway,M10001100,3,0
1,0,0,1,0,0,0,1,-3.2,0,0,-4.4,0,0,0,-2.5,WP185,Integrin mediated cell adhesion,M10010001,3,0
1,1,0,0,0,0,0,1,-4.2,-3.8,0,0,0,0,0,-3.6,GO:0060541,respiratory system development,M11000001,3,0
0,0,0,1,1,0,0,1,0,0,0,-2.3,-2.2,0,0,-3.1,hsa04144,Endocytosis,M00011001,3,0
1,0,0,0,0,0,1,1,-2.7,0,0,0,0,0,-2.6,-2.1,R-HSA-8978868,Fatty acid metabolism,M10000011,3,0
1,0,1,0,0,0,0,1,-4.1,0,-2.2,0,0,0,0,-3.8,GO:0031175,neuron projection development,M10100001,3,0
1,0,1,0,1,0,0,0,-3.3,0,-2.8,0,-2.2,0,0,0,GO:0040013,negative regulation of locomotion,M10101000,3,0
1,1,0,0,0,0,1,0,-9.1,-4,0,0,0,0,-3.6,0,M5935,HALLMARK FATTY ACID METABOLISM,M11000010,3,0
0,0,1,1,0,1,0,0,0,0,-5.1,-2.8,0,-3.2,0,0,R-HSA-5617833,Cilium Assembly,M00110100,3,0
0,0,1,0,1,1,0,0,0,0,-2.6,0,-8.1,-2.4,0,0,R-HSA-453274,Mitotic G2-G2/M phases,M00101100,3,0
1,0,0,0,1,0,0,1,-2.9,0,0,0,-2.6,0,0,-3,hsa04015,Rap1 signaling pathway,M10001001,3,0
1,0,0,0,1,0,1,0,-2.6,0,0,0,-2.2,0,-2,0,GO:0070542,response to fatty acid,M10001010,3,0
1,0,0,1,0,0,1,0,-6.4,0,0,-2,0,0,-4.3,0,GO:0043434,response to peptide hormone,M10010010,3,0
0,0,0,0,1,1,0,1,0,0,0,0,-3.5,-4.1,0,-3.8,hsa05130,Pathogenic Escherichia coli infection,M00001101,3,0
1,0,1,0,1,0,0,0,-2.3,0,-3.2,0,-4.9,0,0,0,GO:0010562,positive regulation of phosphorus metabolic process,M10101000,3,0
1,0,1,0,0,0,1,0,-4.8,0,-2.9,0,0,0,-5.1,0,GO:0032868,response to insulin,M10100010,3,0
0,0,0,0,1,1,1,0,0,0,0,0,-5.2,-3.2,-2.3,0,M5947,HALLMARK IL2 STAT5 SIGNALING,M00001110,3,0
1,0,1,0,1,0,0,0,-3,0,-2.1,0,-2.5,0,0,0,hsa04921,Oxytocin signaling pathway,M10101000,3,0
0,0,1,0,0,0,1,1,0,0,-2.5,0,0,0,-4.8,-3.2,WP1982,Sterol regulatory element binding proteins SREBP signaling,M00100011,3,0
0,0,0,1,1,1,0,0,0,0,0,-2.5,-32,-13,0,0,R-HSA-1280215,Cytokine Signaling in Immune system,M00011100,3,0
1,0,0,1,0,0,0,1,-4,0,0,-2.1,0,0,0,-3,GO:0007409,axonogenesis,M10010001,3,0
1,1,0,0,0,0,1,0,-4.9,-3.3,0,0,0,0,-3.2,0,GO:0051056,regulation of small GTPase mediated signal transduction,M11000010,3,0
0,1,0,0,1,1,0,0,0,-2.4,0,0,-4.5,-4.3,0,0,M5885,NABA MATRISOME ASSOCIATED,M01001100,3,0
1,0,1,0,0,0,1,0,-2.8,0,-2.4,0,0,0,-2,0,GO:0007610,behavior,M10100010,3,0
1,1,0,0,0,0,1,0,-4.1,-3.1,0,0,0,0,-3,0,R-HSA-76002,"Platelet activation, signaling and aggregation",M11000010,3,0
0,0,0,1,1,1,0,0,0,0,0,-2.2,-2.1,-2.4,0,0,GO:0071675,regulation of mononuclear cell migration,M00011100,3,0
1,0,0,1,0,0,1,0,-4.8,0,0,-2.6,0,0,-3.4,0,GO:0071417,cellular response to organonitrogen compound,M10010010,3,0
1,1,0,0,0,0,1,0,-2.9,-2.3,0,0,0,0,-5.4,0,GO:0008203,cholesterol metabolic process,M11000010,3,0
1,1,0,0,0,1,0,0,-5.8,-3.5,0,0,0,-2.2,0,0,GO:0090066,regulation of anatomical structure size,M11000100,3,0
0,0,0,1,1,1,0,0,0,0,0,-2.1,-3,-3.3,0,0,GO:0002753,cytoplasmic pattern recognition receptor signaling pathway,M00011100,3,0
0,1,0,1,1,0,0,0,0,-2.2,0,-2.3,-2.9,0,0,0,GO:0051495,positive regulation of cytoskeleton organization,M01011000,3,0
0,0,0,1,1,0,0,1,0,0,0,-3.1,-2.2,0,0,-2.2,GO:0051170,import into nucleus,M00011001,3,0
1,0,1,1,0,0,0,0,-4,0,-3.6,-2.3,0,0,0,0,GO:0051493,regulation of cytoskeleton organization,M10110000,3,0
0,0,0,1,1,1,0,0,0,0,0,-2,-5.8,-3.7,0,0,GO:0002253,activation of immune response,M00011100,3,0
0,0,0,0,0,1,1,1,0,0,0,0,0,-2.4,-2.8,-2.8,GO:0016053,organic acid biosynthetic process,M00000111,3,0
1,1,0,0,0,0,0,1,-4.6,-4.2,0,0,0,0,0,-3.2,GO:0030323,respiratory tube development,M11000001,3,0
1,0,0,0,1,1,0,0,-2.4,0,0,0,-8.6,-2.1,0,0,GO:1903706,regulation of hemopoiesis,M10001100,3,0
0,0,0,1,1,1,0,0,0,0,0,-3.2,-5.3,-2.2,0,0,GO:0002833,positive regulation of response to biotic stimulus,M00011100,3,0
0,1,0,0,1,1,0,0,0,-2.4,0,0,-2.8,-4.1,0,0,R-HSA-373076,Class A/1 (Rhodopsin-like receptors),M01001100,3,0
1,0,1,0,0,0,0,1,-3.9,0,-2.7,0,0,0,0,-2.7,hsa04810,Regulation of actin cytoskeleton,M10100001,3,0
1,0,1,0,1,0,0,0,-4.1,0,-4.3,0,-7.8,0,0,0,R-HSA-9006925,Intracellular signaling by second messengers,M10101000,3,0
0,0,0,1,1,1,0,0,0,0,0,-2.6,-8.7,-3.7,0,0,GO:0050778,positive regulation of immune response,M00011100,3,0
1,1,0,0,1,0,0,0,-2.1,-2.4,0,0,-4,0,0,0,GO:0052548,regulation of endopeptidase activity,M11001000,3,0
1,0,0,0,1,1,0,0,-2.2,0,0,0,-4.6,-2.5,0,0,GO:0043068,positive regulation of programmed cell death,M10001100,3,0
1,0,1,0,1,0,0,0,-2.3,0,-3.2,0,-4.9,0,0,0,GO:0045937,positive regulation of phosphate metabolic process,M10101000,3,0
0,1,1,0,0,0,1,0,0,-2.6,-2.1,0,0,0,-2.3,0,GO:0090276,regulation of peptide hormone secretion,M01100010,3,0
1,0,0,0,0,0,1,1,-3,0,0,0,0,0,-3,-3.2,GO:0006163,purine nucleotide metabolic process,M10000011,3,0
1,0,0,1,0,0,1,0,-4.8,0,0,-2.9,0,0,-3.2,0,GO:0032870,cellular response to hormone stimulus,M10010010,3,0
1,1,0,0,0,0,1,0,-2.9,-3.8,0,0,0,0,-3.1,0,GO:0006790,sulfur compound metabolic process,M11000010,3,0
0,0,1,0,0,0,1,1,0,0,-3.4,0,0,0,-3.5,-2.6,GO:0051640,organelle localization,M00100011,3,0
0,0,0,1,1,0,1,0,0,0,0,-2.8,-6.6,0,-4,0,M145,PID P53 DOWNSTREAM PATHWAY,M00011010,3,0
1,0,0,1,1,0,0,0,-3.4,0,0,-3.1,-2.4,0,0,0,GO:0051345,positive regulation of hydrolase activity,M10011000,3,0
1,1,0,0,0,0,1,0,-2.2,-2.4,0,0,0,0,-2.7,0,GO:0050796,regulation of insulin secretion,M11000010,3,0
1,1,0,0,0,0,1,0,-5,-3.6,0,0,0,0,-2.4,0,R-HSA-76005,Response to elevated platelet cytosolic Ca2+,M11000010,3,0
1,0,0,0,1,1,0,0,-2.2,0,0,0,-3.7,-2.6,0,0,GO:0032102,negative regulation of response to external stimulus,M10001100,3,0
1,0,0,1,0,0,1,0,-3.7,0,0,-2,0,0,-2.1,0,GO:0006650,glycerophospholipid metabolic process,M10010010,3,0
1,1,0,0,1,0,0,0,-2.3,-3.2,0,0,-2.6,0,0,0,GO:0060491,regulation of cell projection assembly,M11001000,3,0
1,0,0,0,1,1,0,0,-2.1,0,0,0,-2.9,-2.4,0,0,GO:0002688,regulation of leukocyte chemotaxis,M10001100,3,0
0,0,0,0,1,1,0,1,0,0,0,0,-30,-4,0,-2.4,M5890,HALLMARK TNFA SIGNALING VIA NFKB,M00001101,3,0
1,0,1,0,0,1,0,0,-2.7,0,-3.3,0,0,-2.2,0,0,hsa04024,cAMP signaling pathway,M10100100,3,0
1,0,0,0,0,0,1,1,-2.4,0,0,0,0,0,-7.1,-3.4,GO:0010256,endomembrane system organization,M10000011,3,0
1,0,0,0,1,1,0,0,-2.2,0,0,0,-8.4,-2.7,0,0,GO:1902105,regulation of leukocyte differentiation,M10001100,3,0
0,0,0,0,1,0,1,1,0,0,0,0,-3.3,0,-2,-2.6,GO:0002707,negative regulation of lymphocyte mediated immunity,M00001011,3,0
0,0,0,1,1,1,0,0,0,0,0,-2.4,-3.5,-2.6,0,0,GO:2001238,positive regulation of extrinsic apoptotic signaling pathway,M00011100,3,0
1,1,0,0,0,0,1,0,-2.7,-2.9,0,0,0,0,-5.1,0,GO:1902652,secondary alcohol metabolic process,M11000010,3,0
0,1,0,0,0,0,1,1,0,-2.4,0,0,0,0,-6.4,-4.6,GO:0009100,glycoprotein metabolic process,M01000011,3,0
1,0,1,0,1,0,0,0,-2.3,0,-2.8,0,-2.5,0,0,0,GO:0030336,negative regulation of cell migration,M10101000,3,0
1,1,0,0,0,0,0,1,-2.5,-5.5,0,0,0,0,0,-3,GO:0048871,multicellular organismal-level homeostasis,M11000001,3,0
1,0,1,0,1,0,0,0,-2.1,0,-2.7,0,-2.4,0,0,0,GO:2000146,negative regulation of cell motility,M10101000,3,0
0,1,1,0,0,0,1,0,0,-4.8,-2,0,0,0,-3.4,0,GO:0045834,positive regulation of lipid metabolic process,M01100010,3,0
0,0,0,0,1,0,1,1,0,0,0,0,-3,0,-2.7,-2.3,R-HSA-9772573,Late SARS-CoV-2 Infection Events,M00001011,3,0
1,0,0,0,0,0,1,1,-2.5,0,0,0,0,0,-3.5,-3.6,GO:0006753,nucleoside phosphate metabolic process,M10000011,3,0
0,1,0,0,1,1,0,0,0,-2.6,0,0,-3.5,-6.9,0,0,M5953,HALLMARK KRAS SIGNALING UP,M01001100,3,0
1,0,0,0,1,0,0,1,-3.5,0,0,0,-2,0,0,-2.1,M186,PID PDGFRB PATHWAY,M10001001,3,0
1,0,0,1,1,0,0,0,-4.4,0,0,-2.9,-2.8,0,0,0,GO:0045862,positive regulation of proteolysis,M10011000,3,0
0,0,0,1,1,0,0,1,0,0,0,-3.2,-2.2,0,0,-2.3,GO:0006606,protein import into nucleus,M00011001,3,0
1,0,1,1,0,0,0,0,-4.1,0,-2.5,-2.6,0,0,0,0,GO:0071407,cellular response to organic cyclic compound,M10110000,3,0
1,1,0,0,0,0,1,0,-6.5,-2.8,0,0,0,0,-3.3,0,GO:0016042,lipid catabolic process,M11000010,3,0
1,1,0,0,0,0,1,0,-4.3,-3.7,0,0,0,0,-2.5,0,R-HSA-114608,Platelet degranulation,M11000010,3,0
0,0,0,1,1,1,0,0,0,0,0,-2.6,-2.5,-2.7,0,0,M128,PID TNF PATHWAY,M00011100,3,0
0,0,1,0,0,0,1,1,0,0,-3.1,0,0,0,-4.9,-8.6,GO:0048193,Golgi vesicle transport,M00100011,3,0
1,0,0,1,0,0,0,1,-4.9,0,0,-2.2,0,0,0,-3.4,GO:0048667,cell morphogenesis involved in neuron differentiation,M10010001,3,0
1,0,0,0,1,1,0,0,-2.6,0,0,0,-2.4,-2.9,0,0,GO:0050920,regulation of chemotaxis,M10001100,3,0
1,0,0,0,0,0,1,1,-2.1,0,0,0,0,0,-2.4,-2.1,GO:0035384,thioester biosynthetic process,M10000011,3,0
0,0,0,1,1,1,0,0,0,0,0,-3.4,-3.3,-3,0,0,GO:0060326,cell chemotaxis,M00011100,3,0
1,1,0,0,0,1,0,0,-2.5,-3.4,0,0,0,-2.1,0,0,GO:0009636,response to toxic substance,M11000100,3,0
0,0,0,0,1,1,1,0,0,0,0,0,-7.1,-3.5,-2.5,0,hsa05132,Salmonella infection,M00001110,3,0
1,1,0,0,1,0,0,0,-2.5,-6,0,0,-2.2,0,0,0,WP3896,Dengue 2 interactions with complement and coagulation cascades,M11001000,3,0
1,0,0,0,0,0,1,1,-2.6,0,0,0,0,0,-3.6,-3.7,GO:0009117,nucleotide metabolic process,M10000011,3,0
1,0,0,1,1,0,0,0,-2.1,0,0,-4.5,-7.3,0,0,0,GO:2001233,regulation of apoptotic signaling pathway,M10011000,3,0
1,0,0,0,1,1,0,0,-2.3,0,0,0,-6.8,-6.6,0,0,GO:0050865,regulation of cell activation,M10001100,3,0
1,0,0,0,1,0,1,0,-3.2,0,0,0,-2.6,0,-2.1,0,GO:0001503,ossification,M10001010,3,0
1,0,0,0,0,0,1,1,-2.3,0,0,0,0,0,-2.3,-2.9,GO:0009165,nucleotide biosynthetic process,M10000011,3,0
1,0,0,0,1,1,0,0,-2.2,0,0,0,-7.5,-2.1,0,0,WP4341,Non genomic actions of 1 25 dihydroxyvitamin D3,M10001100,3,0
1,0,0,0,1,0,1,0,-4.4,0,0,0,-2.7,0,-3,0,M5939,HALLMARK P53 PATHWAY,M10001010,3,0
1,0,1,0,0,0,1,0,-2.5,0,-2.1,0,0,0,-3.2,0,GO:0008654,phospholipid biosynthetic process,M10100010,3,0
1,0,1,0,0,0,1,0,-4.8,0,-4.3,0,0,0,-2.3,0,M5942,HALLMARK UV RESPONSE DN,M10100010,3,0
0,1,0,0,1,1,0,0,0,-2,0,0,-2.7,-2.2,0,0,R-HSA-1474228,Degradation of the extracellular matrix,M01001100,3,0
1,0,0,0,0,1,1,0,-2.4,0,0,0,0,-2.7,-2.1,0,GO:0080171,lytic vacuole organization,M10000110,3,0
1,1,0,0,1,0,0,0,-3.6,-11,0,0,-2.9,0,0,0,R-HSA-381426,Regulation of Insulin-like Growth Factor (IGF) transport and uptake by Insulin-like Growth Factor Binding Proteins (IGFBPs),M11001000,3,0
1,1,0,0,0,0,1,0,-3.7,-2.6,0,0,0,0,-4.5,0,M5934,HALLMARK XENOBIOTIC METABOLISM,M11000010,3,0
1,0,0,0,0,1,1,0,-2.8,0,0,0,0,-2.2,-3.5,0,GO:1901654,response to ketone,M10000110,3,0
0,1,0,0,1,1,0,0,0,-2.1,0,0,-3.6,-2.9,0,0,WP15,Selenium micronutrient network,M01001100,3,0
1,1,0,0,0,0,1,0,-2.7,-2.1,0,0,0,0,-5,0,GO:0016125,sterol metabolic process,M11000010,3,0
0,0,0,1,1,1,0,0,0,0,0,-2.8,-5.6,-2.4,0,0,GO:0045089,positive regulation of innate immune response,M00011100,3,0
1,0,0,0,0,0,1,1,-2.1,0,0,0,0,0,-2.4,-2.1,GO:0071616,acyl-CoA biosynthetic process,M10000011,3,0
1,0,0,0,1,0,0,1,-4.2,0,0,0,-3.3,0,0,-2.9,GO:0030097,hemopoiesis,M10001001,3,0
1,0,1,0,0,0,0,1,-2.1,0,-3.4,0,0,0,0,-2.2,GO:0050808,synapse organization,M10100001,3,0
0,1,1,0,0,0,1,0,0,-2.1,-2,0,0,0,-4.2,0,GO:0046889,positive regulation of lipid biosynthetic process,M01100010,3,0
1,1,0,0,0,0,1,0,-4.5,-2.6,0,0,0,0,-3,0,GO:0044242,cellular lipid catabolic process,M11000010,3,0
1,1,0,0,0,0,1,0,-3,-4.8,0,0,0,0,-2.3,0,R-HSA-196854,Metabolism of vitamins and cofactors,M11000010,3,0
1,0,0,1,0,0,1,0,-5.4,0,0,-3.1,0,0,-3.1,0,GO:1901653,cellular response to peptide,M10010010,3,0
0,0,0,0,1,1,0,1,0,0,0,0,-15,-2.1,0,-4.6,R-HSA-1280218,Adaptive Immune System,M00001101,3,0
0,1,0,0,0,0,1,1,0,-2.5,0,0,0,0,-2.7,-2.4,R-HSA-5694530,Cargo concentration in the ER,M01000011,3,0
1,1,0,0,1,0,0,0,-2.3,-3.2,0,0,-2.7,0,0,0,GO:0120032,regulation of plasma membrane bounded cell projection assembly,M11001000,3,0
0,0,0,1,1,1,0,0,0,0,0,-2.4,-7.4,-2.1,0,0,R-HSA-195721,Signaling by WNT,M00011100,3,0
1,0,0,0,0,1,1,0,-2.4,0,0,0,0,-2.7,-2.1,0,GO:0007040,lysosome organization,M10000110,3,0
1,1,0,0,0,0,0,1,-4.7,-4.2,0,0,0,0,0,-3.3,GO:0030324,lung development,M11000001,3,0
1,0,0,0,0,0,1,1,-4.2,0,0,0,0,0,-3.9,-2.5,M5908,HALLMARK ANDROGEN RESPONSE,M10000011,3,0
1,0,0,0,0,0,1,1,-2.3,0,0,0,0,0,-2.5,-2.8,GO:0009150,purine ribonucleotide metabolic process,M10000011,3,0
1,0,0,0,1,1,0,0,-3.4,0,0,0,-4.2,-5.1,0,0,GO:0043410,positive regulation of MAPK cascade,M10001100,3,0
1,0,0,1,1,0,0,0,-4.9,0,0,-2.3,-2.3,0,0,0,GO:1902905,positive regulation of supramolecular fiber organization,M10011000,3,0
1,0,1,0,0,0,1,0,-4.9,0,-2.6,0,0,0,-5.2,0,GO:0090407,organophosphate biosynthetic process,M10100010,3,0
0,0,1,0,1,1,0,0,0,0,-2.6,0,-8.2,-2.4,0,0,R-HSA-69275,G2/M Transition,M00101100,3,0
1,0,0,0,0,0,1,1,-2.5,0,0,0,0,0,-4.1,-5.7,GO:0055086,nucleobase-containing small molecule metabolic process,M10000011,3,0
1,1,0,0,0,0,1,0,-2.4,-6.4,0,0,0,0,-5.9,0,GO:0009611,response to wounding,M11000010,3,0
1,0,0,1,1,0,0,0,-2.4,0,0,-5.6,-2.7,0,0,0,GO:0031400,negative regulation of protein modification process,M10011000,3,0
1,0,1,0,1,0,0,0,-2.8,0,-3.2,0,-8.6,0,0,0,R-HSA-1257604,PIP3 activates AKT signaling,M10101000,3,0
0,1,0,0,1,1,0,0,0,-2.2,0,0,-9.6,-3.4,0,0,GO:0009617,response to bacterium,M01001100,3,0
1,0,0,1,0,0,1,0,-2.8,0,0,-2,0,0,-2.2,0,R-HSA-1483257,Phospholipid metabolism,M10010010,3,0
1,0,0,1,0,0,1,0,-3.7,0,0,-2.4,0,0,-3.1,0,GO:0071375,cellular response to peptide hormone stimulus,M10010010,3,0
0,1,0,0,0,0,1,0,0,-4.3,0,0,0,0,-2.2,0,GO:0006873,intracellular monoatomic ion homeostasis,M01000010,2,0
1,0,0,0,1,0,0,0,-3.2,0,0,0,-2.7,0,0,0,WP2828,Bladder cancer,M10001000,2,0
1,0,0,0,0,0,1,0,-2.3,0,0,0,0,0,-2.3,0,GO:0099177,regulation of trans-synaptic signaling,M10000010,2,0
1,0,0,1,0,0,0,0,-2.2,0,0,-4.1,0,0,0,0,GO:0001570,vasculogenesis,M10010000,2,0
0,0,0,0,1,1,0,0,0,0,0,0,-6.7,-6,0,0,GO:0050863,regulation of T cell activation,M00001100,2,0
0,0,0,0,1,0,0,1,0,0,0,0,-3.3,0,0,-2.4,hsa04218,Cellular senescence,M00001001,2,0
0,0,0,0,1,0,0,1,0,0,0,0,-3,0,0,-2.4,M153,PID P75 NTR PATHWAY,M00001001,2,0
1,0,1,0,0,0,0,0,-2.5,0,-2.5,0,0,0,0,0,hsa05410,Hypertrophic cardiomyopathy,M10100000,2,0
1,0,0,0,1,0,0,0,-3.1,0,0,0,-2.1,0,0,0,GO:0034765,regulation of monoatomic ion transmembrane transport,M10001000,2,0
1,0,0,1,0,0,0,0,-2.1,0,0,-2.4,0,0,0,0,GO:0050673,epithelial cell proliferation,M10010000,2,0
0,1,0,0,0,0,1,0,0,-3.9,0,0,0,0,-2.1,0,GO:0120009,intermembrane lipid transfer,M01000010,2,0
0,0,0,0,1,1,0,0,0,0,0,0,-5.6,-2.3,0,0,GO:0045621,positive regulation of lymphocyte differentiation,M00001100,2,0
0,0,0,0,1,0,1,0,0,0,0,0,-2.2,0,-3,0,R-HSA-9694635,Translation of Structural Proteins,M00001010,2,0
1,0,1,0,0,0,0,0,-3,0,-2.7,0,0,0,0,0,GO:0035150,regulation of tube size,M10100000,2,0
1,0,0,0,0,0,1,0,-3.5,0,0,0,0,0,-3.3,0,GO:0006644,phospholipid metabolic process,M10000010,2,0
0,0,0,0,1,1,0,0,0,0,0,0,-9.1,-4.8,0,0,GO:0001819,positive regulation of cytokine production,M00001100,2,0
0,0,0,0,1,0,0,1,0,0,0,0,-4.8,0,0,-2.8,hsa05166,Human T-cell leukemia virus 1 infection,M00001001,2,0
1,0,0,0,0,0,0,1,-3,0,0,0,0,0,0,-2.3,GO:0048588,developmental cell growth,M10000001,2,0
0,0,0,1,0,0,0,1,0,0,0,-2.1,0,0,0,-2.4,M5891,HALLMARK HYPOXIA,M00010001,2,0
0,0,0,0,1,1,0,0,0,0,0,0,-2.1,-4.6,0,0,hsa05321,Inflammatory bowel disease,M00001100,2,0
0,0,1,0,0,0,1,0,0,0,-2.1,0,0,0,-2.6,0,hsa04152,AMPK signaling pathway,M00100010,2,0
1,0,0,0,0,0,1,0,-3.9,0,0,0,0,0,-2.4,0,GO:0048638,regulation of developmental growth,M10000010,2,0
1,0,0,0,0,0,0,1,-3.4,0,0,0,0,0,0,-3,GO:0061564,axon development,M10000001,2,0
0,0,1,1,0,0,0,0,0,0,-2.2,-3.1,0,0,0,0,GO:0060562,epithelial tube morphogenesis,M00110000,2,0
0,0,0,1,1,0,0,0,0,0,0,-2.6,-12,0,0,0,hsa05163,Human cytomegalovirus infection,M00011000,2,0
0,0,1,1,0,0,0,0,0,0,-2.6,-2.6,0,0,0,0,GO:0048704,embryonic skeletal system morphogenesis,M00110000,2,0
0,0,0,1,1,0,0,0,0,0,0,-2.5,-2.4,0,0,0,R-HSA-9658195,Leishmania infection,M00011000,2,0
1,0,0,0,1,0,0,0,-2.4,0,0,0,-2.7,0,0,0,WP306,Focal adhesion,M10001000,2,0
0,0,0,0,1,1,0,0,0,0,0,0,-2.9,-3.2,0,0,WP5088,Prostaglandin signaling,M00001100,2,0
0,0,0,0,0,0,1,1,0,0,0,0,0,0,-2,-2,WP3932,Focal adhesion PI3K Akt mTOR signaling pathway,M00000011,2,0
0,0,0,1,0,1,0,0,0,0,0,-2.6,0,-2.8,0,0,GO:2000403,positive regulation of lymphocyte migration,M00010100,2,0
1,0,0,1,0,0,0,0,-4,0,0,-2.8,0,0,0,0,GO:0110053,regulation of actin filament organization,M10010000,2,0
1,0,1,0,0,0,0,0,-5.6,0,-4.1,0,0,0,0,0,hsa04360,Axon guidance,M10100000,2,0
0,0,0,0,1,0,0,1,0,0,0,0,-2.4,0,0,-2.3,GO:0097193,intrinsic apoptotic signaling pathway,M00001001,2,0
0,0,0,0,1,0,0,1,0,0,0,0,-12,0,0,-5.2,R-HSA-983169,Class I MHC mediated antigen processing & presentation,M00001001,2,0
0,0,0,0,1,1,0,0,0,0,0,0,-12,-5.4,0,0,hsa04060,Cytokine-cytokine receptor interaction,M00001100,2,0
0,0,0,0,1,1,0,0,0,0,0,0,-2.9,-4.5,0,0,GO:1902624,positive regulation of neutrophil migration,M00001100,2,0
1,0,0,0,0,0,1,0,-6.8,0,0,0,0,0,-3.3,0,hsa04146,Peroxisome,M10000010,2,0
0,1,0,0,0,0,0,1,0,-2.2,0,0,0,0,0,-2.5,GO:0001822,kidney development,M01000001,2,0
0,0,0,0,1,0,0,1,0,0,0,0,-2.4,0,0,-5,GO:0006890,"retrograde vesicle-mediated transport, Golgi to endoplasmic reticulum",M00001001,2,0
1,0,0,0,1,0,0,0,-2.3,0,0,0,-4.1,0,0,0,M121,PID MTOR 4PATHWAY,M10001000,2,0
0,0,0,0,1,1,0,0,0,0,0,0,-5.3,-2.7,0,0,WP75,Toll like receptor signaling pathway,M00001100,2,0
0,0,0,1,0,0,1,0,0,0,0,-2.7,0,0,-3.6,0,GO:0042594,response to starvation,M00010010,2,0
0,0,0,1,0,0,0,1,0,0,0,-4.9,0,0,0,-3.6,GO:0043009,chordate embryonic development,M00010001,2,0
0,1,0,0,1,0,0,0,0,-2.7,0,0,-4.5,0,0,0,GO:0052547,regulation of peptidase activity,M01001000,2,0
1,0,0,0,1,0,0,0,-2.4,0,0,0,-3.1,0,0,0,M15,PID LYSOPHOSPHOLIPID PATHWAY,M10001000,2,0
0,0,1,0,0,1,0,0,0,0,-2.9,0,0,-2,0,0,R-HSA-380287,Centrosome maturation,M00100100,2,0
0,1,0,0,0,1,0,0,0,-2.2,0,0,0,-2.6,0,0,GO:0048232,male gamete generation,M01000100,2,0
0,0,0,0,1,1,0,0,0,0,0,0,-9.1,-3.1,0,0,GO:0032103,positive regulation of response to external stimulus,M00001100,2,0
0,1,0,0,1,0,0,0,0,-2.4,0,0,-2.2,0,0,0,GO:1905954,positive regulation of lipid localization,M01001000,2,0
0,0,0,0,1,0,1,0,0,0,0,0,-10,0,-2.2,0,R-HSA-8878159,Transcriptional regulation by RUNX3,M00001010,2,0
1,0,1,0,0,0,0,0,-2.3,0,-2.8,0,0,0,0,0,GO:0090068,positive regulation of cell cycle process,M10100000,2,0
0,1,0,0,0,0,1,0,0,-2.5,0,0,0,0,-2.9,0,GO:0006643,membrane lipid metabolic process,M01000010,2,0
0,0,0,0,1,1,0,0,0,0,0,0,-4.7,-2.7,0,0,GO:0050727,regulation of inflammatory response,M00001100,2,0
0,0,0,1,0,0,0,1,0,0,0,-2.5,0,0,0,-2.9,hsa00520,Amino sugar and nucleotide sugar metabolism,M00010001,2,0
0,0,0,0,1,1,0,0,0,0,0,0,-6.6,-4,0,0,GO:0051607,defense response to virus,M00001100,2,0
0,0,0,0,1,1,0,0,0,0,0,0,-3.4,-3.9,0,0,GO:0030595,leukocyte chemotaxis,M00001100,2,0
1,0,0,0,0,0,1,0,-2.2,0,0,0,0,0,-6.5,0,GO:0006694,steroid biosynthetic process,M10000010,2,0
0,0,0,0,1,0,1,0,0,0,0,0,-4.4,0,-2.2,0,R-HSA-168142,Toll Like Receptor 10 (TLR10) Cascade,M00001010,2,0
1,0,0,0,0,0,0,1,-3.5,0,0,0,0,0,0,-2.1,GO:0006091,generation of precursor metabolites and energy,M10000001,2,0
0,0,0,0,1,1,0,0,0,0,0,0,-2.5,-3.9,0,0,R-HSA-1169410,Antiviral mechanism by IFN-stimulated genes,M00001100,2,0
0,0,1,1,0,0,0,0,0,0,-3.5,-3.6,0,0,0,0,GO:0060606,tube closure,M00110000,2,0
0,1,0,0,0,0,1,0,0,-5.3,0,0,0,0,-3.3,0,GO:0050878,regulation of body fluid levels,M01000010,2,0
0,0,0,0,0,1,0,1,0,0,0,0,0,-2,0,-2.4,GO:0030902,hindbrain development,M00000101,2,0
0,0,1,0,0,0,0,1,0,0,-2.2,0,0,0,0,-4.7,R-HSA-1500931,Cell-Cell communication,M00100001,2,0
1,0,1,0,0,0,0,0,-2.8,0,-2.1,0,0,0,0,0,hsa05412,Arrhythmogenic right ventricular cardiomyopathy,M10100000,2,0
0,1,0,0,0,1,0,0,0,-2.2,0,0,0,-2.9,0,0,GO:0072337,modified amino acid transport,M01000100,2,0
0,0,0,0,1,1,0,0,0,0,0,0,-2.6,-2.1,0,0,WP5224,2q37 copy number variation syndrome,M00001100,2,0
0,1,0,0,0,1,0,0,0,-4.7,0,0,0,-3.6,0,0,GO:0015711,organic anion transport,M01000100,2,0
0,0,1,0,0,0,0,1,0,0,-2.5,0,0,0,0,-2.1,GO:1900026,positive regulation of substrate adhesion-dependent cell spreading,M00100001,2,0
1,0,0,1,0,0,0,0,-2.1,0,0,-2.3,0,0,0,0,GO:0060627,regulation of vesicle-mediated transport,M10010000,2,0
0,0,0,0,1,0,0,1,0,0,0,0,-2.8,0,0,-4.3,R-HSA-8856688,Golgi-to-ER retrograde transport,M00001001,2,0
1,0,0,0,1,0,0,0,-3.5,0,0,0,-2.3,0,0,0,GO:0043409,negative regulation of MAPK cascade,M10001000,2,0
0,0,1,0,0,0,0,1,0,0,-2.4,0,0,0,0,-4.1,M71,PID ILK PATHWAY,M00100001,2,0
1,0,0,0,1,0,0,0,-3.5,0,0,0,-2.9,0,0,0,WP244,Alpha 6 beta 4 signaling pathway,M10001000,2,0
0,0,0,0,1,1,0,0,0,0,0,0,-4.2,-2.7,0,0,GO:0051251,positive regulation of lymphocyte activation,M00001100,2,0
1,1,0,0,0,0,0,0,-2.4,-3.4,0,0,0,0,0,0,GO:0009749,response to glucose,M11000000,2,0
0,0,0,0,1,0,0,1,0,0,0,0,-2.9,0,0,-2.4,GO:0019082,viral protein processing,M00001001,2,0
1,0,0,0,0,0,0,1,-4.7,0,0,0,0,0,0,-2.2,GO:0097485,neuron projection guidance,M10000001,2,0
1,0,1,0,0,0,0,0,-2.4,0,-2.6,0,0,0,0,0,WP3651,Pathways affected in adenoid cystic carcinoma,M10100000,2,0
0,1,0,0,0,0,1,0,0,-2.5,0,0,0,0,-3.7,0,GO:1903076,regulation of protein localization to plasma membrane,M01000010,2,0
0,0,1,0,1,0,0,0,0,0,-3.6,0,-2.1,0,0,0,GO:1900024,regulation of substrate adhesion-dependent cell spreading,M00101000,2,0
0,1,0,0,0,1,0,0,0,-3.9,0,0,0,-3.6,0,0,GO:0015849,organic acid transport,M01000100,2,0
0,1,0,0,0,0,1,0,0,-4.4,0,0,0,0,-2.2,0,GO:0030003,intracellular monoatomic cation homeostasis,M01000010,2,0
1,0,1,0,0,0,0,0,-2.3,0,-3,0,0,0,0,0,WP2263,Androgen receptor network in prostate cancer,M10100000,2,0
1,1,0,0,0,0,0,0,-3.2,-3.3,0,0,0,0,0,0,WP4153,Degradation pathway of sphingolipids including diseases,M11000000,2,0
1,0,0,0,0,0,0,1,-2.4,0,0,0,0,0,0,-2.4,M19358,BIOCARTA MET PATHWAY,M10000001,2,0
0,0,1,1,0,0,0,0,0,0,-3.1,-4.4,0,0,0,0,GO:0001841,neural tube formation,M00110000,2,0
1,1,0,0,0,0,0,0,-2.8,-7,0,0,0,0,0,0,GO:0009410,response to xenobiotic stimulus,M11000000,2,0
1,1,0,0,0,0,0,0,-2.4,-2.5,0,0,0,0,0,0,GO:0038127,ERBB signaling pathway,M11000000,2,0
1,1,0,0,0,0,0,0,-4,-2.7,0,0,0,0,0,0,GO:0032535,regulation of cellular component size,M11000000,2,0
0,1,0,0,0,0,1,0,0,-3.7,0,0,0,0,-4.2,0,GO:0007596,blood coagulation,M01000010,2,0
0,0,0,1,1,0,0,0,0,0,0,-2.9,-5.6,0,0,0,M12705,SIG CD40PATHWAYMAP,M00011000,2,0
0,0,1,0,1,0,0,0,0,0,-2.5,0,-2.4,0,0,0,R-HSA-193704,p75 NTR receptor-mediated signalling,M00101000,2,0
1,0,1,0,0,0,0,0,-2.1,0,-4.7,0,0,0,0,0,WP4564,Neural crest cell migration during development,M10100000,2,0
0,0,0,0,0,1,0,1,0,0,0,0,0,-2.6,0,-2.4,GO:0021549,cerebellum development,M00000101,2,0
0,0,0,0,1,1,0,0,0,0,0,0,-2.4,-2.8,0,0,GO:0043281,regulation of cysteine-type endopeptidase activity involved in apoptotic process,M00001100,2,0
1,0,0,0,0,0,1,0,-2.9,0,0,0,0,0,-2.8,0,GO:0010976,positive regulation of neuron projection development,M10000010,2,0
1,0,0,0,0,0,1,0,-3,0,0,0,0,0,-2.3,0,GO:0046474,glycerophospholipid biosynthetic process,M10000010,2,0
0,1,0,0,0,0,1,0,0,-6.3,0,0,0,0,-2.1,0,R-HSA-2187338,Visual phototransduction,M01000010,2,0
0,1,0,0,0,1,0,0,0,-3.1,0,0,0,-4,0,0,GO:0022617,extracellular matrix disassembly,M01000100,2,0
0,0,0,1,0,0,0,1,0,0,0,-2.2,0,0,0,-4.4,GO:0072594,establishment of protein localization to organelle,M00010001,2,0
1,0,0,0,1,0,0,0,-2.4,0,0,0,-2.9,0,0,0,WP4481,Resistin as a regulator of inflammation,M10001000,2,0
0,0,0,0,1,1,0,0,0,0,0,0,-6.7,-2.5,0,0,WP2059,Alzheimer 39 s disease and miRNA effects,M00001100,2,0
0,0,0,0,1,1,0,0,0,0,0,0,-12,-7.7,0,0,R-HSA-913531,Interferon Signaling,M00001100,2,0
0,0,0,0,1,1,0,0,0,0,0,0,-7.5,-2.1,0,0,hsa05133,Pertussis,M00001100,2,0
0,0,0,0,0,0,1,1,0,0,0,0,0,0,-5,-5,GO:0006486,protein glycosylation,M00000011,2,0
0,0,1,0,0,0,1,0,0,0,-2.9,0,0,0,-5.4,0,R-HSA-1655829,Regulation of cholesterol biosynthesis by SREBP (SREBF),M00100010,2,0
0,0,0,1,1,0,0,0,0,0,0,-3.4,-4.1,0,0,0,GO:2001236,regulation of extrinsic apoptotic signaling pathway,M00011000,2,0
0,0,0,1,1,0,0,0,0,0,0,-2.2,-2.1,0,0,0,M10,PID BCR 5PATHWAY,M00011000,2,0
0,1,0,0,1,0,0,0,0,-3.9,0,0,-4.9,0,0,0,GO:0002698,negative regulation of immune effector process,M01001000,2,0
0,0,0,0,1,1,0,0,0,0,0,0,-3.7,-3,0,0,GO:0050867,positive regulation of cell activation,M00001100,2,0
0,1,0,0,1,0,0,0,0,-2.7,0,0,-3.2,0,0,0,GO:0010884,positive regulation of lipid storage,M01001000,2,0
1,0,0,0,0,0,1,0,-4.5,0,0,0,0,0,-2.3,0,GO:0034440,lipid oxidation,M10000010,2,0
1,0,1,0,0,0,0,0,-2.9,0,-2.5,0,0,0,0,0,GO:0044782,cilium organization,M10100000,2,0
1,1,0,0,0,0,0,0,-2.2,-2.3,0,0,0,0,0,0,GO:0060428,lung epithelium development,M11000000,2,0
0,0,0,0,1,1,0,0,0,0,0,0,-2.2,-2.5,0,0,GO:0002886,regulation of myeloid leukocyte mediated immunity,M00001100,2,0
0,0,0,0,1,1,0,0,0,0,0,0,-4.8,-2,0,0,GO:0030593,neutrophil chemotaxis,M00001100,2,0
0,0,0,1,0,0,1,0,0,0,0,-3,0,0,-3,0,GO:0071496,cellular response to external stimulus,M00010010,2,0
0,0,0,0,0,0,1,1,0,0,0,0,0,0,-2.5,-4,GO:0070972,protein localization to endoplasmic reticulum,M00000011,2,0
1,0,1,0,0,0,0,0,-3.1,0,-3.2,0,0,0,0,0,R-HSA-194315,Signaling by Rho GTPases,M10100000,2,0
0,0,0,1,1,0,0,0,0,0,0,-3.8,-4.5,0,0,0,GO:2001242,regulation of intrinsic apoptotic signaling pathway,M00011000,2,0
1,0,0,0,0,0,0,1,-3.2,0,0,0,0,0,0,-2.3,GO:0010959,regulation of metal ion transport,M10000001,2,0
0,1,0,0,0,0,1,0,0,-3.5,0,0,0,0,-2.6,0,hsa00512,Mucin type O-glycan biosynthesis,M01000010,2,0
0,0,1,0,1,0,0,0,0,0,-2.2,0,-4.8,0,0,0,M115,PID REG GR PATHWAY,M00101000,2,0
0,0,0,0,0,0,1,1,0,0,0,0,0,0,-3,-3.3,GO:0007030,Golgi organization,M00000011,2,0
0,1,0,0,1,0,0,0,0,-2.6,0,0,-4.3,0,0,0,GO:0002820,negative regulation of adaptive immune response,M01001000,2,0
1,1,0,0,0,0,0,0,-4.9,-7.2,0,0,0,0,0,0,M5946,HALLMARK COAGULATION,M11000000,2,0
0,0,0,0,1,1,0,0,0,0,0,0,-19,-2.7,0,0,R-HSA-5668541,TNFR2 non-canonical NF-kB pathway,M00001100,2,0
1,1,0,0,0,0,0,0,-2.3,-2.4,0,0,0,0,0,0,WP5323,Fatty acids and lipoproteins transport in hepatocytes,M11000000,2,0
0,0,0,1,0,1,0,0,0,0,0,-2.3,0,-2.6,0,0,R-HSA-425393,Transport of inorganic cations/anions and amino acids/oligopeptides,M00010100,2,0
0,0,0,0,1,1,0,0,0,0,0,0,-4.9,-2.4,0,0,GO:0002718,regulation of cytokine production involved in immune response,M00001100,2,0
0,0,0,0,1,1,0,0,0,0,0,0,-9.4,-5.9,0,0,GO:0022409,positive regulation of cell-cell adhesion,M00001100,2,0
0,1,0,0,0,0,1,0,0,-9,0,0,0,0,-4.6,0,GO:0010817,regulation of hormone levels,M01000010,2,0
0,0,0,0,1,1,0,0,0,0,0,0,-7,-3.7,0,0,hsa05022,Pathways of neurodegeneration - multiple diseases,M00001100,2,0
1,0,0,0,1,0,0,0,-3,0,0,0,-2.5,0,0,0,GO:0010632,regulation of epithelial cell migration,M10001000,2,0
0,0,0,0,1,1,0,0,0,0,0,0,-5.4,-2.7,0,0,GO:0002709,regulation of T cell mediated immunity,M00001100,2,0
1,1,0,0,0,0,0,0,-4.6,-3.3,0,0,0,0,0,0,hsa00511,Other glycan degradation,M11000000,2,0
1,0,0,0,0,0,1,0,-5.2,0,0,0,0,0,-6.5,0,GO:0006631,fatty acid metabolic process,M10000010,2,0
0,0,0,0,1,1,0,0,0,0,0,0,-6.4,-2.5,0,0,GO:0002706,regulation of lymphocyte mediated immunity,M00001100,2,0
0,0,0,1,1,0,0,0,0,0,0,-2.2,-4.9,0,0,0,hsa04722,Neurotrophin signaling pathway,M00011000,2,0
0,0,0,0,0,0,1,1,0,0,0,0,0,0,-4.3,-7.4,R-HSA-381070,IRE1alpha activates chaperones,M00000011,2,0
0,0,0,0,0,0,1,1,0,0,0,0,0,0,-2.5,-7.4,R-HSA-948021,Transport to the Golgi and subsequent modification,M00000011,2,0
1,0,0,0,1,0,0,0,-3.5,0,0,0,-2.4,0,0,0,GO:0045859,regulation of protein kinase activity,M10001000,2,0
0,0,0,0,1,1,0,0,0,0,0,0,-5.4,-2.5,0,0,GO:0002700,regulation of production of molecular mediator of immune response,M00001100,2,0
0,0,0,0,1,1,0,0,0,0,0,0,-3.1,-3.3,0,0,M169,PID INTEGRIN2 PATHWAY,M00001100,2,0
1,0,0,0,0,0,0,1,-2.6,0,0,0,0,0,0,-2.6,R-HSA-3000170,Syndecan interactions,M10000001,2,0
1,0,1,0,0,0,0,0,-2.2,0,-2.2,0,0,0,0,0,GO:0051099,positive regulation of binding,M10100000,2,0
1,0,0,0,0,0,1,0,-3.4,0,0,0,0,0,-2.7,0,GO:1901136,carbohydrate derivative catabolic process,M10000010,2,0
0,0,0,0,1,1,0,0,0,0,0,0,-6.3,-2.5,0,0,GO:1902107,positive regulation of leukocyte differentiation,M00001100,2,0
1,1,0,0,0,0,0,0,-2.3,-2.5,0,0,0,0,0,0,GO:0006641,triglyceride metabolic process,M11000000,2,0
0,1,0,0,0,1,0,0,0,-3.9,0,0,0,-3.7,0,0,GO:0046942,carboxylic acid transport,M01000100,2,0
0,1,0,0,0,0,1,0,0,-3.1,0,0,0,0,-2.1,0,GO:0006812,monoatomic cation transport,M01000010,2,0
0,0,0,0,0,0,1,1,0,0,0,0,0,0,-2.5,-7.1,GO:0006900,vesicle budding from membrane,M00000011,2,0
1,0,0,0,0,0,0,1,-3.3,0,0,0,0,0,0,-2.6,GO:0060560,developmental growth involved in morphogenesis,M10000001,2,0
1,0,0,0,1,0,0,0,-2.3,0,0,0,-2.8,0,0,0,GO:0032409,regulation of transporter activity,M10001000,2,0
0,0,1,0,1,0,0,0,0,0,-2.3,0,-4.1,0,0,0,WP710,DNA damage response only ATM dependent,M00101000,2,0
1,0,0,0,0,0,1,0,-2.4,0,0,0,0,0,-2.5,0,GO:0050803,regulation of synapse structure or activity,M10000010,2,0
0,1,0,0,0,0,1,0,0,-2.9,0,0,0,0,-3.2,0,GO:0032024,positive regulation of insulin secretion,M01000010,2,0
1,1,0,0,0,0,0,0,-2.3,-3.3,0,0,0,0,0,0,GO:0009746,response to hexose,M11000000,2,0
0,0,0,0,0,1,0,1,0,0,0,0,0,-2.5,0,-2.3,GO:0022037,metencephalon development,M00000101,2,0
0,1,1,0,0,0,0,0,0,-2.1,-2.8,0,0,0,0,0,WP5234,Bardet Biedl syndrome,M01100000,2,0
0,0,0,0,1,1,0,0,0,0,0,0,-3.9,-2.1,0,0,GO:0061844,antimicrobial humoral immune response mediated by antimicrobial peptide,M00001100,2,0
1,1,0,0,0,0,0,0,-3.2,-3.5,0,0,0,0,0,0,GO:0009743,response to carbohydrate,M11000000,2,0
1,1,0,0,0,0,0,0,-2.7,-5,0,0,0,0,0,0,hsa00600,Sphingolipid metabolism,M11000000,2,0
1,1,0,0,0,0,0,0,-2.4,-2.6,0,0,0,0,0,0,GO:0042632,cholesterol homeostasis,M11000000,2,0
0,0,0,0,1,0,1,0,0,0,0,0,-6.6,0,-2.3,0,hsa05165,Human papillomavirus infection,M00001010,2,0
1,0,0,0,0,0,1,0,-3.4,0,0,0,0,0,-2.7,0,GO:0045017,glycerolipid biosynthetic process,M10000010,2,0
0,0,0,0,0,1,1,0,0,0,0,0,0,-3.8,-2.2,0,GO:0003073,regulation of systemic arterial blood pressure,M00000110,2,0
0,1,0,0,0,1,0,0,0,-2,0,0,0,-2.2,0,0,WP2884,NRF2 pathway,M01000100,2,0
0,1,0,0,0,0,1,0,0,-3.4,0,0,0,0,-2,0,GO:1905477,positive regulation of protein localization to membrane,M01000010,2,0
0,0,1,0,1,0,0,0,0,0,-3.3,0,-2.9,0,0,0,GO:0010811,positive regulation of cell-substrate adhesion,M00101000,2,0
0,0,1,0,0,0,0,1,0,0,-2.1,0,0,0,0,-2.4,GO:0006974,DNA damage response,M00100001,2,0
0,0,1,0,0,0,0,1,0,0,-2.6,0,0,0,0,-2.5,GO:0032774,RNA biosynthetic process,M00100001,2,0
0,0,0,0,1,1,0,0,0,0,0,0,-3,-3.4,0,0,GO:0032649,regulation of type II interferon production,M00001100,2,0
0,0,0,0,0,0,1,1,0,0,0,0,0,0,-3,-4.5,R-HSA-6811442,Intra-Golgi and retrograde Golgi-to-ER traffic,M00000011,2,0
1,0,0,1,0,0,0,0,-2.3,0,0,-4.6,0,0,0,0,GO:0045936,negative regulation of phosphate metabolic process,M10010000,2,0
0,0,1,0,0,0,1,0,0,0,-2,0,0,0,-2.3,0,GO:2000628,regulation of miRNA metabolic process,M00100010,2,0
0,0,0,0,1,1,0,0,0,0,0,0,-12,-11,0,0,GO:0045087,innate immune response,M00001100,2,0
0,0,0,0,1,1,0,0,0,0,0,0,-6.9,-2.9,0,0,WP231,TNF alpha signaling pathway,M00001100,2,0
0,0,0,1,1,0,0,0,0,0,0,-3.1,-3.7,0,0,0,GO:2001234,negative regulation of apoptotic signaling pathway,M00011000,2,0
1,0,0,0,1,0,0,0,-2.4,0,0,0,-5.3,0,0,0,hsa05142,Chagas disease,M10001000,2,0
1,0,1,0,0,0,0,0,-2.6,0,-3.4,0,0,0,0,0,GO:0000278,mitotic cell cycle,M10100000,2,0
0,0,0,0,1,1,0,0,0,0,0,0,-2.6,-4.1,0,0,WP4136,Fibrin complement receptor 3 signaling pathway,M00001100,2,0
0,0,1,0,0,0,1,0,0,0,-4.6,0,0,0,-3.1,0,GO:0061061,muscle structure development,M00100010,2,0
1,1,0,0,0,0,0,0,-4.1,-2.7,0,0,0,0,0,0,GO:0010038,response to metal ion,M11000000,2,0
0,1,0,0,0,0,1,0,0,-5.4,0,0,0,0,-4.7,0,WP5304,Cholesterol metabolism,M01000010,2,0
0,0,1,0,0,0,0,1,0,0,-2.6,0,0,0,0,-3.8,M5901,HALLMARK G2M CHECKPOINT,M00100001,2,0
1,0,0,1,0,0,0,0,-3.3,0,0,-3,0,0,0,0,GO:0033673,negative regulation of kinase activity,M10010000,2,0
1,0,0,0,0,0,0,1,-3.4,0,0,0,0,0,0,-4.7,GO:0040007,growth,M10000001,2,0
0,0,0,1,0,0,1,0,0,0,0,-2.6,0,0,-11,0,GO:0072657,protein localization to membrane,M00010010,2,0
0,0,0,0,1,1,0,0,0,0,0,0,-5.7,-3.6,0,0,R-HSA-380108,Chemokine receptors bind chemokines,M00001100,2,0
0,0,1,1,0,0,0,0,0,0,-3.3,-3.5,0,0,0,0,GO:0014020,primary neural tube formation,M00110000,2,0
1,0,0,0,1,0,0,0,-2.2,0,0,0,-5.1,0,0,0,GO:0010720,positive regulation of cell development,M10001000,2,0
0,1,0,0,0,0,1,0,0,-3.7,0,0,0,0,-4.1,0,GO:0050817,coagulation,M01000010,2,0
0,0,0,1,0,0,1,0,0,0,0,-2.9,0,0,-3.7,0,GO:0031668,cellular response to extracellular stimulus,M00010010,2,0
0,0,0,0,1,1,0,0,0,0,0,0,-4.3,-2.3,0,0,GO:0050688,regulation of defense response to virus,M00001100,2,0
0,0,0,0,1,1,0,0,0,0,0,0,-7.4,-6.3,0,0,GO:0051249,regulation of lymphocyte activation,M00001100,2,0
0,0,0,0,0,0,1,1,0,0,0,0,0,0,-2.4,-2.1,WP5220,Metabolic reprogramming in pancreatic cancer,M00000011,2,0
1,0,1,0,0,0,0,0,-2.7,0,-2.4,0,0,0,0,0,GO:0048762,mesenchymal cell differentiation,M10100000,2,0
0,0,0,0,1,1,0,0,0,0,0,0,-3.8,-2.4,0,0,GO:0019730,antimicrobial humoral response,M00001100,2,0
1,0,0,0,1,0,0,0,-2.4,0,0,0,-2.1,0,0,0,R-HSA-373755,Semaphorin interactions,M10001000,2,0
1,0,1,0,0,0,0,0,-2.2,0,-2.8,0,0,0,0,0,GO:0006338,chromatin remodeling,M10100000,2,0
0,0,0,0,1,0,1,0,0,0,0,0,-2.2,0,-2.4,0,GO:0007264,small GTPase-mediated signal transduction,M00001010,2,0
0,0,0,0,1,1,0,0,0,0,0,0,-4.9,-5.3,0,0,R-HSA-6783783,Interleukin-10 signaling,M00001100,2,0
0,0,0,0,0,0,1,1,0,0,0,0,0,0,-2.6,-5.2,GO:0006487,protein N-linked glycosylation,M00000011,2,0
1,0,0,0,1,0,0,0,-3.2,0,0,0,-3,0,0,0,WP2880,Glucocorticoid receptor pathway,M10001000,2,0
0,0,1,0,1,0,0,0,0,0,-2.1,0,-7.6,0,0,0,GO:0031401,positive regulation of protein modification process,M00101000,2,0
0,0,1,0,0,0,0,1,0,0,-2.2,0,0,0,0,-2.4,GO:0032446,protein modification by small protein conjugation,M00100001,2,0
1,0,0,1,0,0,0,0,-2.8,0,0,-5.4,0,0,0,0,GO:0042326,negative regulation of phosphorylation,M10010000,2,0
0,0,0,0,1,1,0,0,0,0,0,0,-7.8,-2.3,0,0,hsa04650,Natural killer cell mediated cytotoxicity,M00001100,2,0
1,1,0,0,0,0,0,0,-3.1,-4.7,0,0,0,0,0,0,GO:0030855,epithelial cell differentiation,M11000000,2,0
0,1,1,0,0,0,0,0,0,-2,-3.2,0,0,0,0,0,R-HSA-9707616,Heme signaling,M01100000,2,0
0,0,0,0,1,1,0,0,0,0,0,0,-2.8,-2.1,0,0,GO:0032729,positive regulation of type II interferon production,M00001100,2,0
0,0,0,0,1,0,0,1,0,0,0,0,-5.3,0,0,-2.4,GO:0043632,modification-dependent macromolecule catabolic process,M00001001,2,0
0,0,0,0,1,0,1,0,0,0,0,0,-3.6,0,-2.3,0,GO:0045185,maintenance of protein location,M00001010,2,0
0,1,0,0,0,0,1,0,0,-2.6,0,0,0,0,-2.9,0,GO:1903078,positive regulation of protein localization to plasma membrane,M01000010,2,0
0,0,0,1,1,0,0,0,0,0,0,-3,-3.7,0,0,0,GO:0034504,protein localization to nucleus,M00011000,2,0
1,0,0,0,0,0,1,0,-2.4,0,0,0,0,0,-2.3,0,GO:0050804,modulation of chemical synaptic transmission,M10000010,2,0
1,0,0,0,1,0,0,0,-2.2,0,0,0,-2.9,0,0,0,WP4674,Head and neck squamous cell carcinoma,M10001000,2,0
1,0,0,0,1,0,0,0,-2.7,0,0,0,-2.8,0,0,0,WP366,TGF beta signaling pathway,M10001000,2,0
0,0,0,0,1,0,0,1,0,0,0,0,-2.4,0,0,-2.3,hsa04390,Hippo signaling pathway,M00001001,2,0
0,0,0,0,1,1,0,0,0,0,0,0,-4.8,-2.4,0,0,GO:0046649,lymphocyte activation,M00001100,2,0
0,0,0,0,1,1,0,0,0,0,0,0,-9,-2.3,0,0,GO:0002819,regulation of adaptive immune response,M00001100,2,0
1,0,0,0,0,0,0,1,-3.7,0,0,0,0,0,0,-2.6,GO:0030099,myeloid cell differentiation,M10000001,2,0
0,0,0,0,0,1,1,0,0,0,0,0,0,-2.8,-2.3,0,GO:0003044,regulation of systemic arterial blood pressure mediated by a chemical signal,M00000110,2,0
0,1,0,0,0,1,0,0,0,-2.1,0,0,0,-3.4,0,0,R-HSA-425407,SLC-mediated transmembrane transport,M01000100,2,0
0,0,0,1,1,0,0,0,0,0,0,-2.4,-4,0,0,0,GO:0010952,positive regulation of peptidase activity,M00011000,2,0
1,0,0,1,0,0,0,0,-2.6,0,0,-2.6,0,0,0,0,hsa04912,GnRH signaling pathway,M10010000,2,0
0,0,0,0,1,1,0,0,0,0,0,0,-6.3,-5.6,0,0,GO:0002764,immune response-regulating signaling pathway,M00001100,2,0
0,0,0,0,0,0,1,1,0,0,0,0,0,0,-3.1,-4.1,GO:0018279,protein N-linked glycosylation via asparagine,M00000011,2,0
0,0,0,0,1,1,0,0,0,0,0,0,-13,-6.1,0,0,M5911,HALLMARK INTERFERON ALPHA RESPONSE,M00001100,2,0
0,1,0,0,1,0,0,0,0,-2.7,0,0,-5.2,0,0,0,GO:0007162,negative regulation of cell adhesion,M01001000,2,0
0,0,0,1,0,0,1,0,0,0,0,-3.2,0,0,-4.2,0,GO:0009267,cellular response to starvation,M00010010,2,0
0,0,0,0,1,0,1,0,0,0,0,0,-3.2,0,-2,0,M5923,HALLMARK PI3K AKT MTOR SIGNALING,M00001010,2,0
0,0,0,0,1,1,0,0,0,0,0,0,-7.1,-2.5,0,0,hsa05134,Legionellosis,M00001100,2,0
0,0,1,0,0,0,1,0,0,0,-2.2,0,0,0,-3.2,0,GO:0001501,skeletal system development,M00100010,2,0
0,0,0,0,1,1,0,0,0,0,0,0,-5.2,-2.9,0,0,GO:0002705,positive regulation of leukocyte mediated immunity,M00001100,2,0
1,0,0,0,0,0,0,1,-2.2,0,0,0,0,0,0,-3.8,GO:0001701,in utero embryonic development,M10000001,2,0
1,1,0,0,0,0,0,0,-4.1,-2.3,0,0,0,0,0,0,GO:0055088,lipid homeostasis,M11000000,2,0
0,0,1,0,0,0,1,0,0,0,-2,0,0,0,-2.2,0,GO:0009314,response to radiation,M00100010,2,0
0,0,0,0,1,1,0,0,0,0,0,0,-2.3,-5.8,0,0,R-HSA-6785807,Interleukin-4 and Interleukin-13 signaling,M00001100,2,0
0,0,0,0,1,0,1,0,0,0,0,0,-4.4,0,-2.2,0,R-HSA-168176,Toll Like Receptor 5 (TLR5) Cascade,M00001010,2,0
0,0,0,0,0,1,0,1,0,0,0,0,0,-2.3,0,-2,GO:0001666,response to hypoxia,M00000101,2,0
1,1,0,0,0,0,0,0,-2.4,-2.6,0,0,0,0,0,0,GO:0055092,sterol homeostasis,M11000000,2,0
0,0,0,0,1,1,0,0,0,0,0,0,-3.3,-4,0,0,GO:0022411,cellular component disassembly,M00001100,2,0
0,0,0,0,1,1,0,0,0,0,0,0,-3.5,-4,0,0,R-HSA-375276,Peptide ligand-binding receptors,M00001100,2,0
0,0,1,1,0,0,0,0,0,0,-3.8,-4.1,0,0,0,0,GO:0048598,embryonic morphogenesis,M00110000,2,0
1,0,1,0,0,0,0,0,-2.3,0,-2.7,0,0,0,0,0,GO:0031503,protein-containing complex localization,M10100000,2,0
0,0,1,0,1,0,0,0,0,0,-2.7,0,-5.9,0,0,0,GO:0001934,positive regulation of protein phosphorylation,M00101000,2,0
0,0,1,0,0,0,1,0,0,0,-2.8,0,0,0,-2.2,0,GO:0010508,positive regulation of autophagy,M00100010,2,0
0,0,0,0,1,1,0,0,0,0,0,0,-7.9,-2.3,0,0,GO:0034341,response to type II interferon,M00001100,2,0
0,0,1,0,0,0,0,1,0,0,-2.5,0,0,0,0,-2.8,hsa04530,Tight junction,M00100001,2,0
1,0,0,0,1,0,0,0,-2.1,0,0,0,-2.6,0,0,0,hsa05219,Bladder cancer,M10001000,2,0
0,0,0,0,0,0,1,1,0,0,0,0,0,0,-5,-5,GO:0043413,macromolecule glycosylation,M00000011,2,0
1,0,0,0,0,0,1,0,-2.8,0,0,0,0,0,-5.8,0,GO:0050708,regulation of protein secretion,M10000010,2,0
0,0,0,1,1,0,0,0,0,0,0,-2.4,-2.3,0,0,0,GO:0032231,regulation of actin filament bundle assembly,M00011000,2,0
1,0,0,1,0,0,0,0,-5.6,0,0,-2.5,0,0,0,0,GO:1902903,regulation of supramolecular fiber organization,M10010000,2,0
0,1,0,0,0,0,1,0,0,-5.1,0,0,0,0,-5.9,0,GO:0042060,wound healing,M01000010,2,0
0,0,0,0,1,0,1,0,0,0,0,0,-2.4,0,-3.3,0,M141,PID PI3KCI PATHWAY,M00001010,2,0
0,0,0,0,1,1,0,0,0,0,0,0,-11,-2.3,0,0,WP5039,SARS CoV 2 innate immunity evasion and cell specific immune response,M00001100,2,0
0,0,0,1,0,0,0,1,0,0,0,-4.8,0,0,0,-3.5,GO:0009792,embryo development ending in birth or egg hatching,M00010001,2,0
1,1,0,0,0,0,0,0,-2,-4.6,0,0,0,0,0,0,GO:0007272,ensheathment of neurons,M11000000,2,0
0,0,0,0,1,1,0,0,0,0,0,0,-7.9,-2.3,0,0,GO:0043123,positive regulation of canonical NF-kappaB signal transduction,M00001100,2,0
1,0,0,0,0,0,1,0,-5.3,0,0,0,0,0,-3.6,0,GO:0010975,regulation of neuron projection development,M10000010,2,0
0,0,1,0,1,0,0,0,0,0,-4.2,0,-2.5,0,0,0,R-HSA-2682334,EPH-Ephrin signaling,M00101000,2,0
0,0,0,0,1,0,1,0,0,0,0,0,-4.2,0,-2.1,0,R-HSA-975155,MyD88 dependent cascade initiated on endosome,M00001010,2,0
1,0,0,0,1,0,0,0,-2.7,0,0,0,-3,0,0,0,GO:0010634,positive regulation of epithelial cell migration,M10001000,2,0
0,0,0,0,1,1,0,0,0,0,0,0,-3.5,-5,0,0,GO:1903900,regulation of viral life cycle,M00001100,2,0
0,0,1,0,0,1,0,0,0,0,-2.9,0,0,-2,0,0,R-HSA-380270,Recruitment of mitotic centrosome proteins and complexes,M00100100,2,0
0,1,0,0,0,0,1,0,0,-2.1,0,0,0,0,-2.3,0,GO:0008643,carbohydrate transport,M01000010,2,0
0,0,0,0,1,1,0,0,0,0,0,0,-8.4,-3,0,0,GO:0009615,response to virus,M00001100,2,0
1,1,0,0,0,0,0,0,-6.5,-3.7,0,0,0,0,0,0,WP3925,Amino acid metabolism,M11000000,2,0
0,0,0,0,0,0,1,1,0,0,0,0,0,0,-3.2,-7.6,R-HSA-381038,XBP1(S) activates chaperone genes,M00000011,2,0
0,1,0,0,1,0,0,0,0,-2,0,0,-4.5,0,0,0,GO:1990266,neutrophil migration,M01001000,2,0
1,1,0,0,0,0,0,0,-3.9,-4.1,0,0,0,0,0,0,M5948,HALLMARK BILE ACID METABOLISM,M11000000,2,0
0,0,0,1,0,0,1,0,0,0,0,-3.4,0,0,-2.2,0,GO:0009952,anterior/posterior pattern specification,M00010010,2,0
0,0,0,1,0,0,0,1,0,0,0,-2.9,0,0,0,-2.4,GO:0003007,heart morphogenesis,M00010001,2,0
0,0,1,1,0,0,0,0,0,0,-2.4,-2.8,0,0,0,0,hsa04910,Insulin signaling pathway,M00110000,2,0
0,0,0,0,1,1,0,0,0,0,0,0,-5.6,-2.6,0,0,hsa05152,Tuberculosis,M00001100,2,0
0,0,0,0,1,1,0,0,0,0,0,0,-11,-3.9,0,0,hsa04657,IL-17 signaling pathway,M00001100,2,0
1,0,0,1,0,0,0,0,-5.3,0,0,-3.8,0,0,0,0,GO:0016310,phosphorylation,M10010000,2,0
1,0,0,0,1,0,0,0,-2.8,0,0,0,-2.4,0,0,0,M220,PID CASPASE PATHWAY,M10001000,2,0
0,0,0,0,1,0,1,0,0,0,0,0,-2.2,0,-2,0,M99,PID TXA2PATHWAY,M00001010,2,0
1,0,1,0,0,0,0,0,-4.5,0,-3.7,0,0,0,0,0,GO:0120031,plasma membrane bounded cell projection assembly,M10100000,2,0
0,0,0,0,1,1,0,0,0,0,0,0,-6.5,-3.6,0,0,GO:0006959,humoral immune response,M00001100,2,0
0,0,0,1,1,0,0,0,0,0,0,-2.1,-2.9,0,0,0,GO:0001952,regulation of cell-matrix adhesion,M00011000,2,0
0,1,0,0,1,0,0,0,0,-2.3,0,0,-2.8,0,0,0,GO:0046632,alpha-beta T cell differentiation,M01001000,2,0
0,1,0,0,0,0,0,1,0,-2.7,0,0,0,0,0,-2,GO:0098771,inorganic ion homeostasis,M01000001,2,0
0,0,1,0,0,0,0,1,0,0,-2,0,0,0,0,-2.1,GO:0021761,limbic system development,M00100001,2,0
0,0,1,0,0,1,0,0,0,0,-3.6,0,0,-4.1,0,0,WP2571,Polycystic kidney disease pathway,M00100100,2,0
0,0,0,0,1,0,0,1,0,0,0,0,-4.9,0,0,-2.2,GO:1903707,negative regulation of hemopoiesis,M00001001,2,0
1,0,0,0,1,0,0,0,-2.7,0,0,0,-3.5,0,0,0,WP4747,Netrin UNC5B signaling pathway,M10001000,2,0
1,0,0,1,0,0,0,0,-2.1,0,0,-3.2,0,0,0,0,GO:0071559,response to transforming growth factor beta,M10010000,2,0
1,0,0,0,0,0,0,1,-3,0,0,0,0,0,0,-2.3,GO:0016049,cell growth,M10000001,2,0
1,0,0,0,1,0,0,0,-2.9,0,0,0,-2.5,0,0,0,M239,PID A6B1 A6B4 INTEGRIN PATHWAY,M10001000,2,0
0,1,0,0,0,0,1,0,0,-5.6,0,0,0,0,-2.3,0,R-HSA-975634,Retinoid metabolism and transport,M01000010,2,0
0,0,1,1,0,0,0,0,0,0,-2.4,-3.3,0,0,0,0,GO:0048562,embryonic organ morphogenesis,M00110000,2,0
0,0,0,0,1,1,0,0,0,0,0,0,-3.6,-2.5,0,0,GO:2000116,regulation of cysteine-type endopeptidase activity,M00001100,2,0
0,0,1,1,0,0,0,0,0,0,-2.6,-2.1,0,0,0,0,GO:0048706,embryonic skeletal system development,M00110000,2,0
0,0,0,0,1,1,0,0,0,0,0,0,-14,-4.5,0,0,hsa04668,TNF signaling pathway,M00001100,2,0
1,0,0,1,0,0,0,0,-2.2,0,0,-2.2,0,0,0,0,GO:0043086,negative regulation of catalytic activity,M10010000,2,0
0,0,0,0,1,1,0,0,0,0,0,0,-5.5,-2.1,0,0,hsa05171,Coronavirus disease - COVID-19,M00001100,2,0
1,0,0,0,0,0,1,0,-4.3,0,0,0,0,0,-3.1,0,R-HSA-5668914,Diseases of metabolism,M10000010,2,0
0,1,0,0,0,0,1,0,0,-2.7,0,0,0,0,-3,0,GO:0046887,positive regulation of hormone secretion,M01000010,2,0
0,0,0,0,1,1,0,0,0,0,0,0,-5.9,-6.9,0,0,GO:1903037,regulation of leukocyte cell-cell adhesion,M00001100,2,0
1,0,0,1,0,0,0,0,-2.8,0,0,-3.2,0,0,0,0,GO:0006469,negative regulation of protein kinase activity,M10010000,2,0
0,0,0,0,1,1,0,0,0,0,0,0,-8.7,-3.3,0,0,GO:0001775,cell activation,M00001100,2,0
0,1,1,0,0,0,0,0,0,-2.3,-3.7,0,0,0,0,0,M241,PID RAC1 REG PATHWAY,M01100000,2,0
1,0,0,0,0,0,0,1,-4.4,0,0,0,0,0,0,-5.1,GO:0071363,cellular response to growth factor stimulus,M10000001,2,0
1,0,0,0,1,0,0,0,-2,0,0,0,-3.7,0,0,0,GO:0070555,response to interleukin-1,M10001000,2,0
0,0,0,0,1,1,0,0,0,0,0,0,-2.6,-2.9,0,0,GO:0050691,regulation of defense response to virus by host,M00001100,2,0
0,0,0,0,1,0,0,1,0,0,0,0,-3.2,0,0,-2.7,GO:0001911,negative regulation of leukocyte mediated cytotoxicity,M00001001,2,0
1,0,0,0,1,0,0,0,-2.4,0,0,0,-2.1,0,0,0,R-HSA-9614085,FOXO-mediated transcription,M10001000,2,0
0,0,0,0,1,1,0,0,0,0,0,0,-4.3,-3.5,0,0,GO:0032655,regulation of interleukin-12 production,M00001100,2,0
0,0,0,0,1,1,0,0,0,0,0,0,-2,-2.3,0,0,GO:0006919,activation of cysteine-type endopeptidase activity involved in apoptotic process,M00001100,2,0
1,0,0,0,0,1,0,0,-2.6,0,0,0,0,-3.8,0,0,GO:0046330,positive regulation of JNK cascade,M10000100,2,0
0,0,0,0,1,1,0,0,0,0,0,0,-5.7,-6.6,0,0,GO:1903039,positive regulation of leukocyte cell-cell adhesion,M00001100,2,0
1,0,0,0,1,0,0,0,-3.8,0,0,0,-2.2,0,0,0,hsa04928,"Parathyroid hormone synthesis, secretion and action",M10001000,2,0
1,0,0,0,0,0,0,1,-2.6,0,0,0,0,0,0,-2.6,GO:0008543,fibroblast growth factor receptor signaling pathway,M10000001,2,0
1,0,1,0,0,0,0,0,-2.5,0,-2.4,0,0,0,0,0,R-HSA-9006931,Signaling by Nuclear Receptors,M10100000,2,0
0,0,0,1,1,0,0,0,0,0,0,-3.8,-2.3,0,0,0,WP382,MAPK signaling pathway,M00011000,2,0
0,1,1,0,0,0,0,0,0,-2.1,-3.6,0,0,0,0,0,GO:0022604,regulation of cell morphogenesis,M01100000,2,0
0,0,0,1,1,0,0,0,0,0,0,-2.2,-2.1,0,0,0,GO:0051893,regulation of focal adhesion assembly,M00011000,2,0
0,0,0,0,1,0,1,0,0,0,0,0,-12,0,-2.2,0,hsa05417,Lipid and atherosclerosis,M00001010,2,0
0,0,0,1,0,1,0,0,0,0,0,-2.9,0,-3,0,0,GO:2000406,positive regulation of T cell migration,M00010100,2,0
0,0,1,1,0,0,0,0,0,0,-2.7,-2.2,0,0,0,0,GO:0002040,sprouting angiogenesis,M00110000,2,0
1,0,0,0,0,0,1,0,-4.5,0,0,0,0,0,-2.3,0,GO:0009062,fatty acid catabolic process,M10000010,2,0
0,0,0,1,1,0,0,0,0,0,0,-2.1,-2,0,0,0,GO:0150116,regulation of cell-substrate junction organization,M00011000,2,0
0,0,0,0,1,1,0,0,0,0,0,0,-14,-5.9,0,0,M5932,HALLMARK INFLAMMATORY RESPONSE,M00001100,2,0
0,0,0,0,0,0,1,1,0,0,0,0,0,0,-3.1,-2.6,GO:0006612,protein targeting to membrane,M00000011,2,0
0,1,0,0,0,0,1,0,0,-7.6,0,0,0,0,-2.8,0,GO:0006869,lipid transport,M01000010,2,0
0,0,1,0,1,0,0,0,0,0,-2.2,0,-3.7,0,0,0,WP5353,Macrophage stimulating protein MSP signaling network map,M00101000,2,0
0,0,0,0,1,0,0,1,0,0,0,0,-2.2,0,0,-3,hsa04670,Leukocyte transendothelial migration,M00001001,2,0
0,0,0,0,1,0,0,1,0,0,0,0,-2.1,0,0,-2.1,R-HSA-2132295,MHC class II antigen presentation,M00001001,2,0
0,0,0,0,1,1,0,0,0,0,0,0,-3.5,-2.4,0,0,GO:0031334,positive regulation of protein-containing complex assembly,M00001100,2,0
0,0,0,0,1,0,0,1,0,0,0,0,-3.1,0,0,-2.6,GO:0031342,negative regulation of cell killing,M00001001,2,0
0,0,1,1,0,0,0,0,0,0,-3.2,-3.8,0,0,0,0,GO:0072175,epithelial tube formation,M00110000,2,0
0,1,0,0,0,0,1,0,0,-4,0,0,0,0,-2.1,0,GO:0042572,retinol metabolic process,M01000010,2,0
0,0,0,0,1,1,0,0,0,0,0,0,-5.4,-2,0,0,GO:0032944,regulation of mononuclear cell proliferation,M00001100,2,0
1,0,0,0,0,0,0,1,-2.1,0,0,0,0,0,0,-3.1,GO:0071364,cellular response to epidermal growth factor stimulus,M10000001,2,0
0,0,0,0,1,1,0,0,0,0,0,0,-6.3,-2.5,0,0,hsa04062,Chemokine signaling pathway,M00001100,2,0
0,1,0,0,0,0,1,0,0,-2.3,0,0,0,0,-5.1,0,GO:1901617,organic hydroxy compound biosynthetic process,M01000010,2,0
0,0,0,1,1,0,0,0,0,0,0,-2.4,-2.3,0,0,0,GO:0035567,non-canonical Wnt signaling pathway,M00011000,2,0
1,0,0,0,1,0,0,0,-3.3,0,0,0,-3.3,0,0,0,hsa04933,AGE-RAGE signaling pathway in diabetic complications,M10001000,2,0
1,0,0,0,1,0,0,0,-2.1,0,0,0,-3.4,0,0,0,WP4172,PI3K Akt signaling pathway,M10001000,2,0
0,0,0,1,1,0,0,0,0,0,0,-2.3,-3.1,0,0,0,GO:2001243,negative regulation of intrinsic apoptotic signaling pathway,M00011000,2,0
0,0,0,0,1,1,0,0,0,0,0,0,-7,-3.3,0,0,GO:0002221,pattern recognition receptor signaling pathway,M00001100,2,0
0,0,0,0,1,1,0,0,0,0,0,0,-3.6,-2.4,0,0,hsa05202,Transcriptional misregulation in cancer,M00001100,2,0
0,0,0,1,1,0,0,0,0,0,0,-3.2,-2.1,0,0,0,GO:0010812,negative regulation of cell-substrate adhesion,M00011000,2,0
0,0,0,0,1,0,0,1,0,0,0,0,-7,0,0,-3,R-HSA-9705683,SARS-CoV-2-host interactions,M00001001,2,0
1,1,0,0,0,0,0,0,-3,-2.4,0,0,0,0,0,0,GO:0043269,regulation of monoatomic ion transport,M11000000,2,0
1,0,1,0,0,0,0,0,-3,0,-3,0,0,0,0,0,R-HSA-9716542,"Signaling by Rho GTPases, Miro GTPases and RHOBTB3",M10100000,2,0
1,0,0,0,0,0,1,0,-2.5,0,0,0,0,0,-2.2,0,GO:0006639,acylglycerol metabolic process,M10000010,2,0
0,0,1,1,0,0,0,0,0,0,-3.5,-3.7,0,0,0,0,GO:0001843,neural tube closure,M00110000,2,0
0,0,0,1,1,0,0,0,0,0,0,-2.2,-15,0,0,0,hsa05167,Kaposi sarcoma-associated herpesvirus infection,M00011000,2,0
0,0,1,0,0,1,0,0,0,0,-2.6,0,0,-3.6,0,0,GO:0006898,receptor-mediated endocytosis,M00100100,2,0
0,0,0,0,1,1,0,0,0,0,0,0,-2.5,-5.4,0,0,GO:1902622,regulation of neutrophil migration,M00001100,2,0
1,0,0,0,0,0,1,0,-4.2,0,0,0,0,0,-2.4,0,GO:0097305,response to alcohol,M10000010,2,0
0,1,0,0,1,0,0,0,0,-3.8,0,0,-3,0,0,0,GO:1900027,regulation of ruffle assembly,M01001000,2,0
0,0,0,0,1,1,0,0,0,0,0,0,-8.6,-2.9,0,0,GO:0045321,leukocyte activation,M00001100,2,0
0,0,0,0,1,1,0,0,0,0,0,0,-5.1,-2.2,0,0,hsa04622,RIG-I-like receptor signaling pathway,M00001100,2,0
0,0,0,0,1,1,0,0,0,0,0,0,-9.2,-2.8,0,0,R-HSA-877300,Interferon gamma signaling,M00001100,2,0
0,1,0,0,0,0,1,0,0,-2.3,0,0,0,0,-2.6,0,GO:1904377,positive regulation of protein localization to cell periphery,M01000010,2,0
1,0,1,0,0,0,0,0,-2.6,0,-4.1,0,0,0,0,0,R-HSA-9013149,RAC1 GTPase cycle,M10100000,2,0
0,0,0,0,0,0,1,1,0,0,0,0,0,0,-4,-5.4,R-HSA-381119,Unfolded Protein Response (UPR),M00000011,2,0
0,0,1,0,1,0,0,0,0,0,-2.6,0,-3.9,0,0,0,R-HSA-3700989,Transcriptional Regulation by TP53,M00101000,2,0
1,0,0,0,1,0,0,0,-3,0,0,0,-3.1,0,0,0,GO:0033674,positive regulation of kinase activity,M10001000,2,0
1,0,0,0,0,1,0,0,-2,0,0,0,0,-2.3,0,0,GO:0046683,response to organophosphorus,M10000100,2,0
0,0,0,0,1,0,0,1,0,0,0,0,-9.2,0,0,-5.1,R-HSA-983170,"Antigen Presentation: Folding, assembly and peptide loading of class I MHC",M00001001,2,0
0,0,0,0,0,0,1,1,0,0,0,0,0,0,-5.6,-2.5,GO:0050714,positive regulation of protein secretion,M00000011,2,0
0,1,0,0,0,0,1,0,0,-3.2,0,0,0,0,-3.5,0,hsa03320,PPAR signaling pathway,M01000010,2,0
0,1,0,0,0,0,1,0,0,-2.3,0,0,0,0,-2.5,0,GO:1901568,fatty acid derivative metabolic process,M01000010,2,0
0,0,0,0,1,1,0,0,0,0,0,0,-2.9,-3.5,0,0,GO:0002429,immune response-activating cell surface receptor signaling pathway,M00001100,2,0
1,0,1,0,0,0,0,0,-2.6,0,-2.1,0,0,0,0,0,GO:0010594,regulation of endothelial cell migration,M10100000,2,0
0,0,0,0,1,1,0,0,0,0,0,0,-5.4,-2.2,0,0,GO:2001235,positive regulation of apoptotic signaling pathway,M00001100,2,0
0,0,1,0,0,0,1,0,0,0,-2.6,0,0,0,-2.1,0,GO:0031346,positive regulation of cell projection organization,M00100010,2,0
0,0,1,0,0,1,0,0,0,0,-3.3,0,0,-2.2,0,0,R-HSA-380284,Loss of proteins required for interphase microtubule organization from the centrosome,M00100100,2,0
0,0,0,0,1,1,0,0,0,0,0,0,-3.1,-4.5,0,0,GO:0050792,regulation of viral process,M00001100,2,0
0,0,0,0,1,1,0,0,0,0,0,0,-2.1,-2.4,0,0,WP3945,TYROBP causal network in microglia,M00001100,2,0
1,0,0,0,0,0,0,1,-2.6,0,0,0,0,0,0,-3.3,GO:0072522,purine-containing compound biosynthetic process,M10000001,2,0
0,1,0,0,0,0,1,0,0,-3.2,0,0,0,0,-2.8,0,GO:0006665,sphingolipid metabolic process,M01000010,2,0
0,0,0,0,0,0,1,1,0,0,0,0,0,0,-3.1,-4.9,hsa00510,N-Glycan biosynthesis,M00000011,2,0
1,1,0,0,0,0,0,0,-2,-4.7,0,0,0,0,0,0,GO:0042552,myelination,M11000000,2,0
0,0,0,0,0,1,1,0,0,0,0,0,0,-2,-8.5,0,R-HSA-8957322,Metabolism of steroids,M00000110,2,0
1,0,0,1,0,0,0,0,-3.4,0,0,-2.6,0,0,0,0,GO:0034599,cellular response to oxidative stress,M10010000,2,0
1,0,0,1,0,0,0,0,-2.7,0,0,-3.5,0,0,0,0,GO:0062197,cellular response to chemical stress,M10010000,2,0
0,0,1,0,1,0,0,0,0,0,-2.2,0,-2.3,0,0,0,M2404,BIOCARTA PPARA PATHWAY,M00101000,2,0
0,0,0,1,1,0,0,0,0,0,0,-2.5,-2.4,0,0,0,R-HSA-9824443,Parasitic Infection Pathways,M00011000,2,0
0,0,0,0,1,1,0,0,0,0,0,0,-4.7,-2.6,0,0,GO:0071622,regulation of granulocyte chemotaxis,M00001100,2,0
0,0,0,0,1,1,0,0,0,0,0,0,-8.3,-4.4,0,0,GO:0002697,regulation of immune effector process,M00001100,2,0
1,0,0,1,0,0,0,0,-2.8,0,0,-2.7,0,0,0,0,GO:0051348,negative regulation of transferase activity,M10010000,2,0
0,0,1,0,0,0,0,1,0,0,-2,0,0,0,0,-2.5,GO:0016567,protein ubiquitination,M00100001,2,0
1,1,0,0,0,0,0,0,-3.2,-4.6,0,0,0,0,0,0,R-HSA-9840310,Glycosphingolipid catabolism,M11000000,2,0
1,0,0,0,0,0,1,0,-4.8,0,0,0,0,0,-2.4,0,GO:0019395,fatty acid oxidation,M10000010,2,0
1,0,0,0,1,0,0,0,-6.3,0,0,0,-2.6,0,0,0,GO:0043549,regulation of kinase activity,M10001000,2,0
0,0,0,0,1,1,0,0,0,0,0,0,-6.4,-4.1,0,0,M5883,NABA SECRETED FACTORS,M00001100,2,0
0,0,0,0,1,1,0,0,0,0,0,0,-8.3,-2.1,0,0,GO:0032496,response to lipopolysaccharide,M00001100,2,0
1,1,0,0,0,0,0,0,-2.5,-2.6,0,0,0,0,0,0,R-HSA-163841,"Gamma carboxylation, hypusinylation, hydroxylation, and arylsulfatase activation",M11000000,2,0
0,0,0,0,0,0,1,1,0,0,0,0,0,0,-6.9,-14,R-HSA-446203,Asparagine N-linked glycosylation,M00000011,2,0
0,0,0,0,1,0,1,0,0,0,0,0,-4.4,0,-3.9,0,hsa04936,Alcoholic liver disease,M00001010,2,0
0,0,0,0,0,0,1,1,0,0,0,0,0,0,-3,-2.6,M5910,HALLMARK PROTEIN SECRETION,M00000011,2,0
0,0,0,0,0,0,1,1,0,0,0,0,0,0,-4.3,-2.8,GO:1904951,positive regulation of establishment of protein localization,M00000011,2,0
1,0,0,0,1,0,0,0,-6.2,0,0,0,-2.1,0,0,0,GO:0051338,regulation of transferase activity,M10001000,2,0
0,0,0,0,1,0,0,1,0,0,0,0,-2.4,0,0,-5.2,R-HSA-6811434,COPI-dependent Golgi-to-ER retrograde traffic,M00001001,2,0
0,1,0,0,0,0,1,0,0,-3.5,0,0,0,0,-3.9,0,GO:0046890,regulation of lipid biosynthetic process,M01000010,2,0
0,0,0,0,1,1,0,0,0,0,0,0,-2.7,-2.9,0,0,WP5285,Immune infiltration in pancreatic cancer,M00001100,2,0
1,0,1,0,0,0,0,0,-3.2,0,-2,0,0,0,0,0,GO:0045787,positive regulation of cell cycle,M10100000,2,0
0,0,0,0,1,1,0,0,0,0,0,0,-5.2,-5.9,0,0,GO:0002687,positive regulation of leukocyte migration,M00001100,2,0
1,0,0,0,0,0,0,1,-2,0,0,0,0,0,0,-2.1,GO:0043604,amide biosynthetic process,M10000001,2,0
0,0,1,0,0,0,1,0,0,0,-2.5,0,0,0,-4.7,0,R-HSA-2426168,Activation of gene expression by SREBF (SREBP),M00100010,2,0
0,0,0,0,1,0,1,0,0,0,0,0,-4.4,0,-2.2,0,R-HSA-975871,MyD88 cascade initiated on plasma membrane,M00001010,2,0
0,0,0,0,1,0,1,0,0,0,0,0,-3.9,0,-7.5,0,GO:0034976,response to endoplasmic reticulum stress,M00001010,2,0
0,0,0,0,1,1,0,0,0,0,0,0,-4.6,-2.1,0,0,GO:0050670,regulation of lymphocyte proliferation,M00001100,2,0
1,0,1,0,0,0,0,0,-2.7,0,-4,0,0,0,0,0,GO:1902115,regulation of organelle assembly,M10100000,2,0
0,0,0,0,0,0,1,1,0,0,0,0,0,0,-7.3,-7.5,GO:1901137,carbohydrate derivative biosynthetic process,M00000011,2,0
0,0,0,1,1,0,0,0,0,0,0,-2.3,-3.3,0,0,0,R-HSA-168643,"Nucleotide-binding domain, leucine rich repeat containing receptor (NLR) signaling pathways",M00011000,2,0
0,0,0,0,1,1,0,0,0,0,0,0,-7.7,-3.5,0,0,R-HSA-5619115,Disorders of transmembrane transporters,M00001100,2,0
1,1,0,0,0,0,0,0,-2.7,-2.9,0,0,0,0,0,0,GO:0035023,regulation of Rho protein signal transduction,M11000000,2,0
1,0,0,0,0,0,1,0,-5,0,0,0,0,0,-4.6,0,M5892,HALLMARK CHOLESTEROL HOMEOSTASIS,M10000010,2,0
0,0,0,0,1,0,0,1,0,0,0,0,-8.9,0,0,-4.4,R-HSA-9694516,SARS-CoV-2 Infection,M00001001,2,0
0,0,0,0,1,1,0,0,0,0,0,0,-6.5,-2.5,0,0,GO:0071356,cellular response to tumor necrosis factor,M00001100,2,0
0,0,0,1,0,1,0,0,0,0,0,-2.4,0,-2.6,0,0,GO:2000404,regulation of T cell migration,M00010100,2,0
0,1,0,0,0,0,1,0,0,-5.2,0,0,0,0,-2.7,0,GO:0055082,intracellular chemical homeostasis,M01000010,2,0
1,0,0,0,1,0,0,0,-2.2,0,0,0,-7.5,0,0,0,R-HSA-5683057,MAPK family signaling cascades,M10001000,2,0
1,0,0,0,0,1,0,0,-2.2,0,0,0,0,-3,0,0,GO:0009612,response to mechanical stimulus,M10000100,2,0
1,1,0,0,0,0,0,0,-9.2,-4.6,0,0,0,0,0,0,GO:0044282,small molecule catabolic process,M11000000,2,0
0,0,1,0,0,1,0,0,0,0,-3.3,0,0,-2.2,0,0,R-HSA-380259,Loss of Nlp from mitotic centrosomes,M00100100,2,0
0,0,0,0,1,1,0,0,0,0,0,0,-5.9,-2,0,0,GO:0070098,chemokine-mediated signaling pathway,M00001100,2,0
1,0,0,0,0,0,1,0,-3.5,0,0,0,0,0,-3.5,0,GO:0030258,lipid modification,M10000010,2,0
1,0,0,0,0,0,0,1,-4.7,0,0,0,0,0,0,-2.2,GO:0007411,axon guidance,M10000001,2,0
0,0,0,0,0,0,1,1,0,0,0,0,0,0,-8,-7.9,hsa04141,Protein processing in endoplasmic reticulum,M00000011,2,0
0,0,0,1,0,1,0,0,0,0,0,-3.4,0,-3.6,0,0,GO:0007254,JNK cascade,M00010100,2,0
0,0,0,0,1,0,1,0,0,0,0,0,-5.8,0,-2.5,0,GO:0010498,proteasomal protein catabolic process,M00001010,2,0
0,1,0,0,0,1,0,0,0,-4.3,0,0,0,-2.5,0,0,WP702,Metapathway biotransformation Phase I and II,M01000100,2,0
1,0,0,0,1,0,0,0,-2.7,0,0,0,-2.3,0,0,0,WP5144,NRP1 triggered signaling pathways in pancreatic cancer,M10001000,2,0
0,0,1,0,0,0,0,1,0,0,-2.3,0,0,0,0,-2.6,GO:0006351,DNA-templated transcription,M00100001,2,0
0,0,0,0,1,0,1,0,0,0,0,0,-2.4,0,-3,0,WP4963,p53 transcriptional gene network,M00001010,2,0
0,1,0,0,0,1,0,0,0,-2.1,0,0,0,-2.2,0,0,GO:0035725,sodium ion transmembrane transport,M01000100,2,0
0,0,0,0,1,0,0,1,0,0,0,0,-5.1,0,0,-3.5,GO:0051603,proteolysis involved in protein catabolic process,M00001001,2,0
1,0,1,0,0,0,0,0,-3,0,-2.8,0,0,0,0,0,GO:0035296,regulation of tube diameter,M10100000,2,0
0,0,0,0,1,1,0,0,0,0,0,0,-16,-2.2,0,0,WP5115,Network map of SARS CoV 2 signaling pathway,M00001100,2,0
0,0,0,0,1,1,0,0,0,0,0,0,-5.9,-2.8,0,0,GO:0042110,T cell activation,M00001100,2,0
0,0,0,0,0,0,1,1,0,0,0,0,0,0,-2.1,-3.3,R-HSA-6807878,COPI-mediated anterograde transport,M00000011,2,0
0,0,1,0,0,0,1,0,0,0,-2.3,0,0,0,-2.6,0,GO:1902893,regulation of miRNA transcription,M00100010,2,0
1,1,0,0,0,0,0,0,-8.7,-2.9,0,0,0,0,0,0,GO:0016054,organic acid catabolic process,M11000000,2,0
1,1,0,0,0,0,0,0,-2.6,-4.8,0,0,0,0,0,0,R-HSA-1660662,Glycosphingolipid metabolism,M11000000,2,0
1,0,0,0,0,1,0,0,-2.5,0,0,0,0,-2.2,0,0,GO:0014074,response to purine-containing compound,M10000100,2,0
0,1,0,0,0,1,0,0,0,-3.6,0,0,0,-2.8,0,0,GO:1903035,negative regulation of response to wounding,M01000100,2,0
1,0,1,0,0,0,0,0,-3,0,-2.8,0,0,0,0,0,GO:0097746,blood vessel diameter maintenance,M10100000,2,0
0,0,0,0,1,1,0,0,0,0,0,0,-5.8,-3,0,0,GO:0045619,regulation of lymphocyte differentiation,M00001100,2,0
0,0,0,0,0,1,1,0,0,0,0,0,0,-2,-2.1,0,GO:0051961,negative regulation of nervous system development,M00000110,2,0
0,0,0,0,0,0,1,1,0,0,0,0,0,0,-2,-4.7,WP5153,N glycan biosynthesis,M00000011,2,0
1,0,0,0,0,0,0,1,-2.2,0,0,0,0,0,0,-2.9,GO:0046390,ribose phosphate biosynthetic process,M10000001,2,0
1,0,0,0,1,0,0,0,-2.2,0,0,0,-2.5,0,0,0,GO:0002252,immune effector process,M10001000,2,0
0,0,0,0,0,0,1,1,0,0,0,0,0,0,-3.9,-3.5,GO:0035459,vesicle cargo loading,M00000011,2,0
1,1,0,0,0,0,0,0,-2.2,-3.3,0,0,0,0,0,0,GO:0030301,cholesterol transport,M11000000,2,0
0,0,0,0,1,1,0,0,0,0,0,0,-6,-2,0,0,R-HSA-168928,DDX58/IFIH1-mediated induction of interferon-alpha/beta,M00001100,2,0
0,0,0,1,0,1,0,0,0,0,0,-3,0,-2.2,0,0,GO:2000401,regulation of lymphocyte migration,M00010100,2,0
0,0,0,0,0,0,1,1,0,0,0,0,0,0,-2.6,-3.4,GO:0009225,nucleotide-sugar metabolic process,M00000011,2,0
0,0,1,0,0,1,0,0,0,0,-2.6,0,0,-2.8,0,0,R-HSA-380320,Recruitment of NuMA to mitotic centrosomes,M00100100,2,0
0,0,0,1,1,0,0,0,0,0,0,-2.7,-11,0,0,0,R-HSA-3858494,Beta-catenin independent WNT signaling,M00011000,2,0
0,0,1,0,1,0,0,0,0,0,-2.1,0,-4.1,0,0,0,R-HSA-69278,"Cell Cycle, Mitotic",M00101000,2,0
0,0,0,0,1,1,0,0,0,0,0,0,-13,-2.4,0,0,M5950,HALLMARK ALLOGRAFT REJECTION,M00001100,2,0
0,0,0,0,1,1,0,0,0,0,0,0,-4.6,-2.6,0,0,GO:0042129,regulation of T cell proliferation,M00001100,2,0
0,0,0,0,1,0,0,1,0,0,0,0,-2.9,0,0,-3.7,GO:0051259,protein complex oligomerization,M00001001,2,0
0,1,0,0,0,0,1,0,0,-3.6,0,0,0,0,-2.2,0,GO:0050801,monoatomic ion homeostasis,M01000010,2,0
0,0,0,1,0,1,0,0,0,0,0,-2,0,-3.3,0,0,GO:0071677,positive regulation of mononuclear cell migration,M00010100,2,0
1,0,0,0,0,0,0,1,-3.4,0,0,0,0,0,0,-4.7,GO:0048589,developmental growth,M10000001,2,0
1,0,1,0,0,0,0,0,-2.4,0,-2.8,0,0,0,0,0,GO:0010564,regulation of cell cycle process,M10100000,2,0
1,0,1,0,0,0,0,0,-3.1,0,-2.6,0,0,0,0,0,R-HSA-3928664,Ephrin signaling,M10100000,2,0
0,0,0,0,1,0,0,1,0,0,0,0,-5.4,0,0,-2.5,GO:0019941,modification-dependent protein catabolic process,M00001001,2,0
0,0,0,1,0,1,0,0,0,0,0,-5.2,0,-2.3,0,0,GO:0000165,MAPK cascade,M00010100,2,0
0,0,1,0,0,0,1,0,0,0,-2.6,0,0,0,-2.2,0,GO:0010506,regulation of autophagy,M00100010,2,0
0,0,0,0,1,1,0,0,0,0,0,0,-6.8,-2.6,0,0,WP5124,Alzheimer 39 s disease,M00001100,2,0
1,0,0,1,0,0,0,0,-2.3,0,0,-4.6,0,0,0,0,GO:0010563,negative regulation of phosphorus metabolic process,M10010000,2,0
0,0,0,0,1,1,0,0,0,0,0,0,-3.6,-3,0,0,GO:0045069,regulation of viral genome replication,M00001100,2,0
1,0,0,0,0,0,1,0,-2.4,0,0,0,0,0,-3.8,0,R-HSA-8980692,RHOA GTPase cycle,M10000010,2,0
0,0,0,0,1,1,0,0,0,0,0,0,-3.9,-3.2,0,0,GO:0002696,positive regulation of leukocyte activation,M00001100,2,0
0,1,0,0,1,0,0,0,0,-2.8,0,0,-4.5,0,0,0,GO:0002823,negative regulation of adaptive immune response based on somatic recombination of immune receptors built from immunoglobulin superfamily domains,M01001000,2,0
0,0,0,0,1,0,0,1,0,0,0,0,-9.4,0,0,-3.3,R-HSA-162906,HIV Infection,M00001001,2,0
1,0,1,0,0,0,0,0,-2.7,0,-3.3,0,0,0,0,0,GO:1903047,mitotic cell cycle process,M10100000,2,0
0,0,1,0,1,0,0,0,0,0,-2.2,0,-2.7,0,0,0,GO:2000142,regulation of DNA-templated transcription initiation,M00101000,2,0
0,0,0,0,1,1,0,0,0,0,0,0,-7.7,-4.8,0,0,hsa04061,Viral protein interaction with cytokine and cytokine receptor,M00001100,2,0
0,0,0,0,1,0,1,0,0,0,0,0,-7.5,0,-2,0,R-HSA-168164,Toll Like Receptor 3 (TLR3) Cascade,M00001010,2,0
0,0,1,0,0,0,0,1,0,0,-4.5,0,0,0,0,-2.1,GO:0051656,establishment of organelle localization,M00100001,2,0
1,1,0,0,0,0,0,0,-2.2,-2.3,0,0,0,0,0,0,hsa04918,Thyroid hormone synthesis,M11000000,2,0
1,0,0,0,0,0,0,1,-2.7,0,0,0,0,0,0,-2.7,GO:0006164,purine nucleotide biosynthetic process,M10000001,2,0
0,1,0,0,0,0,1,0,0,-3.2,0,0,0,0,-2.7,0,GO:0002793,positive regulation of peptide secretion,M01000010,2,0
0,0,0,0,1,1,0,0,0,0,0,0,-5.7,-4.2,0,0,WP5095,Overview of proinflammatory and profibrotic mediators,M00001100,2,0
0,0,0,0,0,0,1,1,0,0,0,0,0,0,-4.8,-5.4,GO:0070085,glycosylation,M00000011,2,0
0,1,0,0,1,0,0,0,0,-2.2,0,0,-2.7,0,0,0,GO:0002286,T cell activation involved in immune response,M01001000,2,0
1,1,0,0,0,0,0,0,-3,-6.5,0,0,0,0,0,0,M5907,HALLMARK ESTROGEN RESPONSE LATE,M11000000,2,0
0,0,0,1,1,0,0,0,0,0,0,-2.2,-2.1,0,0,0,GO:0090109,regulation of cell-substrate junction assembly,M00011000,2,0
0,0,0,0,1,1,0,0,0,0,0,0,-6.3,-2.5,0,0,GO:1903708,positive regulation of hemopoiesis,M00001100,2,0
1,0,0,0,0,0,1,0,-4.7,0,0,0,0,0,-2.2,0,GO:0010977,negative regulation of neuron projection development,M10000010,2,0
1,0,0,0,0,0,1,0,-3.1,0,0,0,0,0,-4.6,0,GO:0032869,cellular response to insulin stimulus,M10000010,2,0
0,1,0,0,0,1,0,0,0,-2.5,0,0,0,-2.6,0,0,R-HSA-9748784,Drug ADME,M01000100,2,0
0,0,0,0,1,1,0,0,0,0,0,0,-5.2,-3.4,0,0,GO:0050870,positive regulation of T cell activation,M00001100,2,0
0,0,0,0,1,1,0,0,0,0,0,0,-4.3,-2.6,0,0,GO:0002699,positive regulation of immune effector process,M00001100,2,0
0,0,0,0,1,0,0,1,0,0,0,0,-8,0,0,-4.5,R-HSA-9705671,SARS-CoV-2 activates/modulates innate and adaptive immune responses,M00001001,2,0
1,0,0,0,0,0,1,0,-5,0,0,0,0,0,-2.9,0,M5949,HALLMARK PEROXISOME,M10000010,2,0
0,1,0,0,0,0,1,0,0,-8.5,0,0,0,0,-3.7,0,GO:0010876,lipid localization,M01000010,2,0
0,0,1,0,0,1,0,0,0,0,-3.2,0,0,-2.2,0,0,R-HSA-8854518,AURKA Activation by TPX2,M00100100,2,0
0,0,1,0,0,1,0,0,0,0,-3.1,0,0,-2.3,0,0,R-HSA-68877,Mitotic Prometaphase,M00100100,2,0
0,0,0,0,1,0,0,1,0,0,0,0,-4.1,0,0,-2.4,GO:0002704,negative regulation of leukocyte mediated immunity,M00001001,2,0
1,1,0,0,0,0,0,0,-2.6,-2.1,0,0,0,0,0,0,GO:0030833,regulation of actin filament polymerization,M11000000,2,0
0,0,0,0,1,1,0,0,0,0,0,0,-6.9,-3.9,0,0,GO:0034612,response to tumor necrosis factor,M00001100,2,0
0,0,0,0,1,1,0,0,0,0,0,0,-6.8,-2.8,0,0,hsa05323,Rheumatoid arthritis,M00001100,2,0
1,0,0,0,1,0,0,0,-2,0,0,0,-9.1,0,0,0,WP4217,Ebola virus infection in host,M10001000,2,0
0,0,0,0,1,0,0,1,0,0,0,0,-2.1,0,0,-2.5,GO:0032963,collagen metabolic process,M00001001,2,0
0,0,0,1,0,0,1,0,0,0,0,-2,0,0,-2.7,0,R-HSA-9013026,RHOB GTPase cycle,M00010010,2,0
0,0,0,0,1,1,0,0,0,0,0,0,-8.9,-3.9,0,0,hsa05170,Human immunodeficiency virus 1 infection,M00001100,2,0
0,0,1,0,1,0,0,0,0,0,-2.7,0,-12,0,0,0,R-HSA-5687128,MAPK6/MAPK4 signaling,M00101000,2,0
0,1,0,0,0,0,1,0,0,-5.5,0,0,0,0,-2.9,0,GO:0042445,hormone metabolic process,M01000010,2,0
0,1,0,0,0,1,0,0,0,-2.4,0,0,0,-4.5,0,0,GO:0098609,cell-cell adhesion,M01000100,2,0
0,0,0,0,1,1,0,0,0,0,0,0,-6,-2.4,0,0,GO:0045582,positive regulation of T cell differentiation,M00001100,2,0
1,0,0,0,1,0,0,0,-2.4,0,0,0,-3.9,0,0,0,hsa04151,PI3K-Akt signaling pathway,M10001000,2,0
1,1,0,0,0,0,0,0,-8.7,-2.9,0,0,0,0,0,0,GO:0046395,carboxylic acid catabolic process,M11000000,2,0
1,0,0,0,1,0,0,0,-2.6,0,0,0,-2.7,0,0,0,GO:0043405,regulation of MAP kinase activity,M10001000,2,0
0,0,0,0,0,0,1,1,0,0,0,0,0,0,-2.5,-2.3,R-HSA-75105,Fatty acyl-CoA biosynthesis,M00000011,2,0
1,0,0,0,0,0,1,0,-2.5,0,0,0,0,0,-2.2,0,GO:0006638,neutral lipid metabolic process,M10000010,2,0
0,1,0,0,0,0,1,0,0,-2.1,0,0,0,0,-2.4,0,GO:0046883,regulation of hormone secretion,M01000010,2,0
0,0,0,1,0,1,0,0,0,0,0,-2.1,0,-2.3,0,0,GO:1905330,regulation of morphogenesis of an epithelium,M00010100,2,0
0,0,0,0,1,1,0,0,0,0,0,0,-3.3,-4.7,0,0,GO:0002768,immune response-regulating cell surface receptor signaling pathway,M00001100,2,0
0,0,0,0,1,1,0,0,0,0,0,0,-2.6,-2.9,0,0,M159,PID AMB2 NEUTROPHILS PATHWAY,M00001100,2,0
0,0,0,0,1,0,0,1,0,0,0,0,-5.1,0,0,-2.3,GO:1902106,negative regulation of leukocyte differentiation,M00001001,2,0
0,0,0,0,1,1,0,0,0,0,0,0,-5.8,-2.7,0,0,GO:0002218,activation of innate immune response,M00001100,2,0
0,0,1,1,0,0,0,0,0,0,-2.2,-3.3,0,0,0,0,GO:0048568,embryonic organ development,M00110000,2,0
1,0,0,0,0,0,1,0,-2.6,0,0,0,0,0,-3,0,WP4879,Overlap between signal transduction pathways contributing to LMNA laminopathies,M10000010,2,0
1,0,0,1,0,0,0,0,-2.5,0,0,-5.6,0,0,0,0,GO:0001933,negative regulation of protein phosphorylation,M10010000,2,0
1,0,1,0,0,0,0,0,-3.3,0,-2.5,0,0,0,0,0,hsa04916,Melanogenesis,M10100000,2,0
0,0,0,0,1,0,0,1,0,0,0,0,-2.7,0,0,-2.2,GO:0002724,regulation of T cell cytokine production,M00001001,2,0
0,0,0,0,0,0,1,1,0,0,0,0,0,0,-2.9,-7.4,R-HSA-199977,ER to Golgi Anterograde Transport,M00000011,2,0
0,1,0,0,0,0,0,1,0,-2.6,0,0,0,0,0,-3,GO:0072001,renal system development,M01000001,2,0
1,0,0,0,1,0,0,0,-2.4,0,0,0,-3,0,0,0,M63,PID AVB3 OPN PATHWAY,M10001000,2,0
1,1,0,0,0,0,0,0,-2,-4.6,0,0,0,0,0,0,GO:0008366,axon ensheathment,M11000000,2,0
0,0,0,0,1,0,0,1,0,0,0,0,-2.1,0,0,-2.5,GO:0008154,actin polymerization or depolymerization,M00001001,2,0
1,1,0,0,0,0,0,0,-3.6,-3.9,0,0,0,0,0,0,GO:0034284,response to monosaccharide,M11000000,2,0
0,0,1,0,1,0,0,0,0,0,-2.4,0,-2.6,0,0,0,GO:1902806,regulation of cell cycle G1/S phase transition,M00101000,2,0
0,0,0,0,1,1,0,0,0,0,0,0,-2.1,-2.4,0,0,hsa00590,Arachidonic acid metabolism,M00001100,2,0
1,0,1,0,0,0,0,0,-2.6,0,-2.9,0,0,0,0,0,GO:0060271,cilium assembly,M10100000,2,0
0,0,0,1,1,0,0,0,0,0,0,-2.1,-2,0,0,0,GO:2001056,positive regulation of cysteine-type endopeptidase activity,M00011000,2,0
0,0,0,1,1,0,0,0,0,0,0,-2.8,-2.8,0,0,0,GO:0060071,"Wnt signaling pathway, planar cell polarity pathway",M00011000,2,0
0,1,0,0,0,0,1,0,0,-3.4,0,0,0,0,-3.7,0,WP3942,PPAR signaling pathway,M01000010,2,0
0,0,0,0,0,1,1,0,0,0,0,0,0,-2.8,-2.1,0,GO:0031960,response to corticosteroid,M00000110,2,0
1,0,0,1,0,0,0,0,-4.8,0,0,-2.3,0,0,0,0,GO:0048771,tissue remodeling,M10010000,2,0
1,0,0,0,1,0,0,0,-2.4,0,0,0,-2.7,0,0,0,hsa04510,Focal adhesion,M10001000,2,0
0,0,0,0,1,1,0,0,0,0,0,0,-24,-2.4,0,0,M5913,HALLMARK INTERFERON GAMMA RESPONSE,M00001100,2,0
0,0,1,1,0,0,0,0,0,0,-2.4,-2.7,0,0,0,0,GO:1901888,regulation of cell junction assembly,M00110000,2,0
0,0,0,0,0,0,1,1,0,0,0,0,0,0,-4.5,-5.8,M5922,HALLMARK UNFOLDED PROTEIN RESPONSE,M00000011,2,0
1,0,0,0,0,0,0,1,-2.3,0,0,0,0,0,0,-3.2,hsa05230,Central carbon metabolism in cancer,M10000001,2,0
0,0,0,0,1,1,0,0,0,0,0,0,-8.3,-2.5,0,0,GO:0002822,regulation of adaptive immune response based on somatic recombination of immune receptors built from immunoglobulin superfamily domains,M00001100,2,0
1,1,0,0,0,0,0,0,-2.8,-3,0,0,0,0,0,0,GO:0019915,lipid storage,M11000000,2,0
0,0,1,0,0,0,0,1,0,0,-2.5,0,0,0,0,-2.9,GO:0090287,regulation of cellular response to growth factor stimulus,M00100001,2,0
0,0,0,0,0,0,1,1,0,0,0,0,0,0,-2.5,-9.5,GO:0006888,endoplasmic reticulum to Golgi vesicle-mediated transport,M00000011,2,0
1,0,0,0,1,0,0,0,-3.3,0,0,0,-2.5,0,0,0,GO:0051347,positive regulation of transferase activity,M10001000,2,0
1,1,0,0,0,0,0,0,-2.8,-3.9,0,0,0,0,0,0,hsa04610,Complement and coagulation cascades,M11000000,2,0
1,0,1,0,0,0,0,0,-2,0,-4.5,0,0,0,0,0,WP4565,Neural crest cell migration in cancer,M10100000,2,0
0,1,0,0,0,0,1,0,0,-3.2,0,0,0,0,-2.3,0,GO:0016266,O-glycan processing,M01000010,2,0
0,0,0,0,0,0,1,1,0,0,0,0,0,0,-4.9,-4,GO:0009101,glycoprotein biosynthetic process,M00000011,2,0
0,0,0,0,1,1,0,0,0,0,0,0,-2.1,-2.3,0,0,GO:0032757,positive regulation of interleukin-8 production,M00001100,2,0
0,0,1,1,0,0,0,0,0,0,-3.2,-2.1,0,0,0,0,GO:0045664,regulation of neuron differentiation,M00110000,2,0
0,0,0,0,1,0,0,1,0,0,0,0,-5.5,0,0,-2.6,GO:0006511,ubiquitin-dependent protein catabolic process,M00001001,2,0
0,0,0,0,1,1,0,0,0,0,0,0,-2.6,-2.9,0,0,GO:0002691,regulation of cellular extravasation,M00001100,2,0
0,0,1,0,1,0,0,0,0,0,-2.5,0,-4.3,0,0,0,R-HSA-1640170,Cell Cycle,M00101000,2,0
0,0,1,0,1,0,0,0,0,0,-2,0,-3.5,0,0,0,M5915,HALLMARK APICAL JUNCTION,M00101000,2,0
0,0,0,1,1,0,0,0,0,0,0,-2.2,-9.6,0,0,0,hsa04621,NOD-like receptor signaling pathway,M00011000,2,0
1,0,0,0,0,0,1,0,-2,0,0,0,0,0,-2.3,0,hsa00071,Fatty acid degradation,M10000010,2,0
0,0,0,0,0,1,1,0,0,0,0,0,0,-2.2,-2.6,0,GO:0008333,endosome to lysosome transport,M00000110,2,0
0,0,0,0,0,0,1,1,0,0,0,0,0,0,-5.6,-3.7,GO:0061024,membrane organization,M00000011,2,0
0,0,0,0,1,0,1,0,0,0,0,0,-4.3,0,-2.1,0,R-HSA-975138,TRAF6 mediated induction of NFkB and MAP kinases upon TLR7/8 or 9 activation,M00001010,2,0
0,0,0,0,1,1,0,0,0,0,0,0,-2.9,-3.1,0,0,GO:0090022,regulation of neutrophil chemotaxis,M00001100,2,0
0,0,0,0,1,1,0,0,0,0,0,0,-5.2,-2.6,0,0,hsa04620,Toll-like receptor signaling pathway,M00001100,2,0
1,0,0,0,0,1,0,0,-3,0,0,0,0,-2.1,0,0,hsa04971,Gastric acid secretion,M10000100,2,0
0,0,1,1,0,0,0,0,0,0,-2.9,-3.6,0,0,0,0,GO:0016331,morphogenesis of embryonic epithelium,M00110000,2,0
1,0,0,0,0,1,0,0,-2.6,0,0,0,0,-2.2,0,0,GO:0007041,lysosomal transport,M10000100,2,0
0,0,0,0,1,1,0,0,0,0,0,0,-6.9,-2.1,0,0,GO:0031349,positive regulation of defense response,M00001100,2,0
1,0,0,0,1,0,0,0,-2.6,0,0,0,-3.4,0,0,0,WP2806,Complement system,M10001000,2,0
0,0,1,0,0,0,1,0,0,0,-3.1,0,0,0,-2.1,0,WP4539,Synaptic signaling pathways associated with autism spectrum disorder,M00100010,2,0
0,1,0,0,0,0,1,0,0,-3.5,0,0,0,0,-2.3,0,GO:0042886,amide transport,M01000010,2,0
1,0,0,0,1,0,0,0,-2.4,0,0,0,-3.4,0,0,0,GO:0002521,leukocyte differentiation,M10001000,2,0
0,0,1,1,0,0,0,0,0,0,-2.1,-4.3,0,0,0,0,GO:0021915,neural tube development,M00110000,2,0
0,1,0,0,0,0,1,0,0,-3.7,0,0,0,0,-2.2,0,GO:0055080,monoatomic cation homeostasis,M01000010,2,0
1,0,1,0,0,0,0,0,-4.3,0,-4,0,0,0,0,0,GO:0030031,cell projection assembly,M10100000,2,0
0,0,0,0,0,0,1,1,0,0,0,0,0,0,-9.5,-2,GO:0051604,protein maturation,M00000011,2,0
1,0,0,1,0,0,0,0,-2.1,0,0,-2.2,0,0,0,0,WP4787,Osteoblast differentiation and related diseases,M10010000,2,0
0,0,0,0,1,1,0,0,0,0,0,0,-3.7,-4.3,0,0,GO:0050900,leukocyte migration,M00001100,2,0
0,0,0,0,0,0,1,1,0,0,0,0,0,0,-2.3,-3.1,M5937,HALLMARK GLYCOLYSIS,M00000011,2,0
0,0,0,1,0,0,1,0,0,0,0,-2.1,0,0,-3.3,0,GO:0098876,vesicle-mediated transport to the plasma membrane,M00010010,2,0
1,0,0,0,0,0,0,1,-2.1,0,0,0,0,0,0,-2.1,GO:1990138,neuron projection extension,M10000001,2,0
0,0,0,1,1,0,0,0,0,0,0,-2.5,-2.4,0,0,0,GO:0097190,apoptotic signaling pathway,M00011000,2,0
0,0,0,0,1,1,0,0,0,0,0,0,-3.7,-3.2,0,0,GO:0050864,regulation of B cell activation,M00001100,2,0
0,0,0,0,0,1,1,0,0,0,0,0,0,-2.8,-2.3,0,GO:0015695,organic cation transport,M00000110,2,0
0,1,0,0,1,0,0,0,0,-3.4,0,0,-2,0,0,0,GO:0035710,"CD4-positive, alpha-beta T cell activation",M01001000,2,0
0,1,0,0,0,1,0,0,0,-2.3,0,0,0,-2.7,0,0,GO:0007283,spermatogenesis,M01000100,2,0
0,0,0,0,0,0,1,1,0,0,0,0,0,0,-2.6,-3.4,R-HSA-532668,N-glycan trimming in the ER and Calnexin/Calreticulin cycle,M00000011,2,0
0,0,0,0,1,1,0,0,0,0,0,0,-9,-3.1,0,0,GO:0071222,cellular response to lipopolysaccharide,M00001100,2,0
1,0,1,0,0,0,0,0,-3,0,-5.1,0,0,0,0,0,GO:0043087,regulation of GTPase activity,M10100000,2,0
0,0,0,0,1,0,0,1,0,0,0,0,-11,0,0,-4.2,R-HSA-9679506,SARS-CoV Infections,M00001001,2,0
0,0,0,0,1,1,0,0,0,0,0,0,-6.7,-7.2,0,0,GO:0002694,regulation of leukocyte activation,M00001100,2,0
0,0,1,1,0,0,0,0,0,0,-5.1,-3.6,0,0,0,0,GO:0035148,tube formation,M00110000,2,0
1,0,0,1,0,0,0,0,-2.2,0,0,-3.3,0,0,0,0,GO:0071560,cellular response to transforming growth factor beta stimulus,M10010000,2,0
1,0,0,0,0,0,0,1,-2.3,0,0,0,0,0,0,-2.4,WP313,Hepatocyte growth factor receptor signaling,M10000001,2,0
0,0,1,1,0,0,0,0,0,0,-3.4,-4,0,0,0,0,GO:0001838,embryonic epithelial tube formation,M00110000,2,0
1,1,0,0,0,0,0,0,-2.2,-2.3,0,0,0,0,0,0,GO:0030835,negative regulation of actin filament depolymerization,M11000000,2,0
0,1,0,0,0,1,0,0,0,-4.3,0,0,0,-2.2,0,0,GO:0061045,negative regulation of wound healing,M01000100,2,0
1,0,1,0,0,0,0,0,-2.7,0,-2.2,0,0,0,0,0,M32,PID HDAC CLASSIII PATHWAY,M10100000,2,0
0,0,0,0,1,1,0,0,0,0,0,0,-9.1,-2.7,0,0,GO:0071216,cellular response to biotic stimulus,M00001100,2,0
0,0,0,0,1,1,0,0,0,0,0,0,-7,-7.7,0,0,M5897,HALLMARK IL6 JAK STAT3 SIGNALING,M00001100,2,0
0,1,0,0,0,1,0,0,0,-3.6,0,0,0,-2.2,0,0,R-HSA-202733,Cell surface interactions at the vascular wall,M01000100,2,0
1,0,0,0,1,0,0,0,-2.1,0,0,0,-3.8,0,0,0,R-HSA-3928662,EPHB-mediated forward signaling,M10001000,2,0
1,0,0,0,1,0,0,0,-3.8,0,0,0,-2.3,0,0,0,GO:0034762,regulation of transmembrane transport,M10001000,2,0
0,0,0,0,0,1,0,1,0,0,0,0,0,-2.6,0,-2.7,GO:0070482,response to oxygen levels,M00000101,2,0
0,0,1,0,1,0,0,0,0,0,-2.9,0,-4.6,0,0,0,GO:0010638,positive regulation of organelle organization,M00101000,2,0
0,0,1,1,0,0,0,0,0,0,-2.1,-2.1,0,0,0,0,GO:0016236,macroautophagy,M00110000,2,0
1,0,0,0,1,0,0,0,-3.5,0,0,0,-2.4,0,0,0,GO:0070372,regulation of ERK1 and ERK2 cascade,M10001000,2,0
1,0,0,0,0,0,1,0,-2.9,0,0,0,0,0,-2.3,0,WP5411,Phosphatidyl inositol phosphate pathway,M10000010,2,0
1,0,0,0,0,0,0,1,-2.2,0,0,0,0,0,0,-2.3,R-HSA-3299685,Detoxification of Reactive Oxygen Species,M10000001,2,0
0,0,0,0,1,1,0,0,0,0,0,0,-10,-2.7,0,0,GO:0002683,negative regulation of immune system process,M00001100,2,0
0,0,0,0,1,1,0,0,0,0,0,0,-8.6,-2.9,0,0,GO:0071219,cellular response to molecule of bacterial origin,M00001100,2,0
1,1,0,0,0,0,0,0,-2.3,-2.5,0,0,0,0,0,0,GO:0071383,cellular response to steroid hormone stimulus,M11000000,2,0
0,0,0,0,1,1,0,0,0,0,0,0,-5.9,-4.3,0,0,GO:0002757,immune response-activating signaling pathway,M00001100,2,0
1,1,0,0,0,0,0,0,-2.2,-2.3,0,0,0,0,0,0,R-HSA-8964043,Plasma lipoprotein clearance,M11000000,2,0
0,0,0,0,0,1,1,0,0,0,0,0,0,-3.6,-2,0,GO:0072330,monocarboxylic acid biosynthetic process,M00000110,2,0
0,1,0,0,0,0,1,0,0,-5.3,0,0,0,0,-2.2,0,R-HSA-6806667,Metabolism of fat-soluble vitamins,M01000010,2,0
0,0,0,0,0,0,1,1,0,0,0,0,0,0,-3,-2.7,R-HSA-901042,Calnexin/calreticulin cycle,M00000011,2,0
0,1,0,0,0,0,1,0,0,-3.8,0,0,0,0,-2.8,0,WP430,Statin inhibition of cholesterol production,M01000010,2,0
0,0,0,0,1,1,0,0,0,0,0,0,-9.2,-5.6,0,0,GO:0022407,regulation of cell-cell adhesion,M00001100,2,0
0,1,0,0,1,0,0,0,0,-2.6,0,0,-4.2,0,0,0,GO:0046631,alpha-beta T cell activation,M01001000,2,0
1,0,0,0,1,0,0,0,-2,0,0,0,-4,0,0,0,GO:0010721,negative regulation of cell development,M10001000,2,0
1,0,0,1,0,0,0,0,-2,0,0,-2.9,0,0,0,0,R-HSA-1483206,Glycerophospholipid biosynthesis,M10010000,2,0
0,1,0,0,0,0,1,0,0,-3.3,0,0,0,0,-2.8,0,GO:0090277,positive regulation of peptide hormone secretion,M01000010,2,0
0,0,0,0,1,1,0,0,0,0,0,0,-9.1,-4.3,0,0,GO:0002703,regulation of leukocyte mediated immunity,M00001100,2,0
0,1,0,0,0,0,1,0,0,-3.6,0,0,0,0,-4.1,0,GO:0007599,hemostasis,M01000010,2,0
0,0,0,0,1,0,1,0,0,0,0,0,-4.2,0,-2,0,R-HSA-168181,Toll Like Receptor 7/8 (TLR7/8) Cascade,M00001010,2,0
0,0,1,0,0,1,0,0,0,0,-2.2,0,0,-2.8,0,0,GO:0036293,response to decreased oxygen levels,M00100100,2,0
0,0,1,0,0,0,1,0,0,0,-2.5,0,0,0,-3.7,0,R-HSA-400253,Circadian Clock,M00100010,2,0
0,0,0,0,1,0,1,0,0,0,0,0,-2.5,0,-2.1,0,WP4396,Nonalcoholic fatty liver disease,M00001010,2,0
0,0,1,0,0,0,1,0,0,0,-3.2,0,0,0,-2.2,0,WP1541,Energy metabolism,M00100010,2,0
0,1,0,0,0,0,1,0,0,-4.2,0,0,0,0,-3.5,0,GO:0019725,cellular homeostasis,M01000010,2,0
0,0,0,1,0,0,1,0,0,0,0,-2.5,0,0,-8.3,0,GO:0090150,establishment of protein localization to membrane,M00010010,2,0
0,0,0,0,1,1,0,0,0,0,0,0,-3.8,-4.2,0,0,GO:0032735,positive regulation of interleukin-12 production,M00001100,2,0
1,0,0,0,1,0,0,0,-2.6,0,0,0,-7.3,0,0,0,R-HSA-5663202,Diseases of signal transduction by growth factor receptors and second messengers,M10001000,2,0
1,0,0,1,0,0,0,0,-3.8,0,0,-2.5,0,0,0,0,GO:0006468,protein phosphorylation,M10010000,2,0
1,0,1,0,0,0,0,0,-5.4,0,-4.8,0,0,0,0,0,R-HSA-9013148,CDC42 GTPase cycle,M10100000,2,0
0,0,1,0,1,0,0,0,0,0,-3.1,0,-5.5,0,0,0,GO:0042327,positive regulation of phosphorylation,M00101000,2,0
1,1,0,0,0,0,0,0,-2.2,-2.3,0,0,0,0,0,0,GO:0008206,bile acid metabolic process,M11000000,2,0
1,0,0,0,0,1,0,0,-3.3,0,0,0,0,-3.1,0,0,GO:0046328,regulation of JNK cascade,M10000100,2,0
0,0,0,0,0,0,1,1,0,0,0,0,0,0,-2.4,-2,GO:0002062,chondrocyte differentiation,M00000011,2,0
0,0,0,0,0,0,1,1,0,0,0,0,0,0,-3.7,-2.3,R-HSA-9694548,Maturation of spike protein,M00000011,2,0
0,1,0,0,1,0,0,0,0,-3.3,0,0,-7.1,0,0,0,M5921,HALLMARK COMPLEMENT,M01001000,2,0
0,0,0,0,1,1,0,0,0,0,0,0,-6.4,-3,0,0,GO:0002758,innate immune response-activating signaling pathway,M00001100,2,0
0,0,0,0,1,0,0,1,0,0,0,0,-2.3,0,0,-2.5,GO:0016032,viral process,M00001001,2,0
0,0,0,1,0,0,1,0,0,0,0,-3.3,0,0,-4.1,0,GO:0031669,cellular response to nutrient levels,M00010010,2,0
1,0,0,0,1,0,0,0,-2,0,0,0,-2.5,0,0,0,GO:1905521,regulation of macrophage migration,M10001000,2,0
1,0,0,0,1,0,0,0,-3.3,0,0,0,-2.7,0,0,0,WP5083,Neuroinflammation and glutamatergic signaling,M10001000,2,0
0,0,0,0,1,0,0,1,0,0,0,0,-4,0,0,-2.2,GO:0032481,positive regulation of type I interferon production,M00001001,2,0
1,0,0,0,0,0,0,0,-4.1,0,0,0,0,0,0,0,R-HSA-389887,Beta-oxidation of pristanoyl-CoA,M10000000,1,0
0,0,0,0,1,0,0,0,0,0,0,0,-10,0,0,0,R-HSA-176814,Activation of APC/C and APC/C:Cdc20 mediated degradation of mitotic proteins,M00001000,1,0
0,0,1,0,0,0,0,0,0,0,-2.8,0,0,0,0,0,GO:2000781,positive regulation of double-strand break repair,M00100000,1,0
0,0,0,0,1,0,0,0,0,0,0,0,-2.3,0,0,0,hsa05320,Autoimmune thyroid disease,M00001000,1,0
0,1,0,0,0,0,0,0,0,-4.4,0,0,0,0,0,0,R-HSA-77111,Synthesis of Ketone Bodies,M01000000,1,0
0,0,0,0,0,1,0,0,0,0,0,0,0,-3.1,0,0,GO:0045577,regulation of B cell differentiation,M00000100,1,0
0,1,0,0,0,0,0,0,0,-4,0,0,0,0,0,0,GO:0051180,vitamin transport,M01000000,1,0
0,0,1,0,0,0,0,0,0,0,-2.2,0,0,0,0,0,GO:1902749,regulation of cell cycle G2/M phase transition,M00100000,1,0
0,0,0,0,1,0,0,0,0,0,0,0,-3.3,0,0,0,GO:2000177,regulation of neural precursor cell proliferation,M00001000,1,0
0,0,0,0,1,0,0,0,0,0,0,0,-3.2,0,0,0,GO:0071624,positive regulation of granulocyte chemotaxis,M00001000,1,0
1,0,0,0,0,0,0,0,-2.2,0,0,0,0,0,0,0,GO:0043524,negative regulation of neuron apoptotic process,M10000000,1,0
0,0,1,0,0,0,0,0,0,0,-2.3,0,0,0,0,0,GO:0010824,regulation of centrosome duplication,M00100000,1,0
0,0,0,0,1,0,0,0,0,0,0,0,-3.3,0,0,0,GO:0046641,positive regulation of alpha-beta T cell proliferation,M00001000,1,0
0,0,1,0,0,0,0,0,0,0,-3.1,0,0,0,0,0,R-HSA-3928663,EPHA-mediated growth cone collapse,M00100000,1,0
0,0,0,0,1,0,0,0,0,0,0,0,-6.5,0,0,0,hsa05416,Viral myocarditis,M00001000,1,0
0,0,0,0,1,0,0,0,0,0,0,0,-2.1,0,0,0,M272,PID CD8 TCR DOWNSTREAM PATHWAY,M00001000,1,0
0,0,0,0,1,0,0,0,0,0,0,0,-2.9,0,0,0,WP1530,miRNA regulation of DNA damage response,M00001000,1,0
1,0,0,0,0,0,0,0,-4.3,0,0,0,0,0,0,0,R-HSA-70895,Branched-chain amino acid catabolism,M10000000,1,0
0,0,0,0,1,0,0,0,0,0,0,0,-2.8,0,0,0,GO:0061081,positive regulation of myeloid leukocyte cytokine production involved in immune response,M00001000,1,0
0,0,1,0,0,0,0,0,0,0,-2.7,0,0,0,0,0,GO:0002090,regulation of receptor internalization,M00100000,1,0
0,0,0,0,1,0,0,0,0,0,0,0,-2.7,0,0,0,hsa05418,Fluid shear stress and atherosclerosis,M00001000,1,0
1,0,0,0,0,0,0,0,-2.6,0,0,0,0,0,0,0,GO:0060317,cardiac epithelial to mesenchymal transition,M10000000,1,0
0,0,0,0,1,0,0,0,0,0,0,0,-9.7,0,0,0,R-HSA-376176,Signaling by ROBO receptors,M00001000,1,0
0,0,0,0,1,0,0,0,0,0,0,0,-2.3,0,0,0,GO:1902692,regulation of neuroblast proliferation,M00001000,1,0
0,0,0,0,1,0,0,0,0,0,0,0,-4.1,0,0,0,hsa05145,Toxoplasmosis,M00001000,1,0
1,0,0,0,0,0,0,0,-2.2,0,0,0,0,0,0,0,GO:0034248,regulation of amide metabolic process,M10000000,1,0
0,0,0,0,1,0,0,0,0,0,0,0,-5.1,0,0,0,GO:0043433,negative regulation of DNA-binding transcription factor activity,M00001000,1,0
0,0,0,0,1,0,0,0,0,0,0,0,-8,0,0,0,R-HSA-9758941,Gastrulation,M00001000,1,0
0,0,1,0,0,0,0,0,0,0,-2.7,0,0,0,0,0,GO:0060021,roof of mouth development,M00100000,1,0
0,0,0,0,1,0,0,0,0,0,0,0,-5.2,0,0,0,WP4666,Hepatitis B infection,M00001000,1,0
0,1,0,0,0,0,0,0,0,-2.1,0,0,0,0,0,0,WP4758,Nephrotic syndrome,M01000000,1,0
0,0,0,0,0,0,1,0,0,0,0,0,0,0,-2.2,0,WP4971,Phosphoinositides metabolism,M00000010,1,0
0,0,0,0,1,0,0,0,0,0,0,0,-4.7,0,0,0,R-HSA-68886,M Phase,M00001000,1,0
0,0,0,0,1,0,0,0,0,0,0,0,-2.1,0,0,0,hsa04611,Platelet activation,M00001000,1,0
0,0,0,0,1,0,0,0,0,0,0,0,-3.9,0,0,0,GO:0031348,negative regulation of defense response,M00001000,1,0
0,0,0,0,0,0,1,0,0,0,0,0,0,0,-3.2,0,GO:0061951,establishment of protein localization to plasma membrane,M00000010,1,0
0,0,0,0,1,0,0,0,0,0,0,0,-7.5,0,0,0,GO:0051090,regulation of DNA-binding transcription factor activity,M00001000,1,0
0,0,0,0,0,0,1,0,0,0,0,0,0,0,-3.5,0,GO:0034032,purine nucleoside bisphosphate metabolic process,M00000010,1,0
0,1,0,0,0,0,0,0,0,-3.9,0,0,0,0,0,0,R-HSA-9662361,Sensory processing of sound by outer hair cells of the cochlea,M01000000,1,0
0,0,0,0,1,0,0,0,0,0,0,0,-14,0,0,0,R-HSA-5607761,Dectin-1 mediated noncanonical NF-kB signaling,M00001000,1,0
0,0,0,0,0,0,1,0,0,0,0,0,0,0,-7.4,0,WP5329,Cholesterol biosynthesis pathway in hepatocytes,M00000010,1,0
0,0,0,0,1,0,0,0,0,0,0,0,-11,0,0,0,R-HSA-2871837,FCERI mediated NF-kB activation,M00001000,1,0
0,0,0,0,0,1,0,0,0,0,0,0,0,-3.6,0,0,GO:0003085,negative regulation of systemic arterial blood pressure,M00000100,1,0
1,0,0,0,0,0,0,0,-2.1,0,0,0,0,0,0,0,GO:0070252,actin-mediated cell contraction,M10000000,1,0
1,0,0,0,0,0,0,0,-3.7,0,0,0,0,0,0,0,R-HSA-390918,Peroxisomal lipid metabolism,M10000000,1,0
0,0,0,0,1,0,0,0,0,0,0,0,-6.4,0,0,0,GO:0090200,positive regulation of release of cytochrome c from mitochondria,M00001000,1,0
0,0,0,0,0,0,0,1,0,0,0,0,0,0,0,-3.3,GO:0042274,ribosomal small subunit biogenesis,M00000001,1,0
0,0,0,0,1,0,0,0,0,0,0,0,-6,0,0,0,R-HSA-9675108,Nervous system development,M00001000,1,0
0,0,0,0,1,0,0,0,0,0,0,0,-5.3,0,0,0,GO:0002502,peptide antigen assembly with MHC class I protein complex,M00001000,1,0
0,0,0,0,1,0,0,0,0,0,0,0,-2.9,0,0,0,R-HSA-5675482,Regulation of necroptotic cell death,M00001000,1,0
0,0,0,0,0,0,1,0,0,0,0,0,0,0,-8.9,0,GO:0046903,secretion,M00000010,1,0
0,0,0,0,0,0,0,1,0,0,0,0,0,0,0,-2.4,R-HSA-5654726,Negative regulation of FGFR1 signaling,M00000001,1,0
1,0,0,0,0,0,0,0,-2.9,0,0,0,0,0,0,0,GO:0044273,sulfur compound catabolic process,M10000000,1,0
0,0,0,0,1,0,0,0,0,0,0,0,-3.5,0,0,0,GO:0002396,MHC protein complex assembly,M00001000,1,0
0,0,1,0,0,0,0,0,0,0,-2.8,0,0,0,0,0,R-HSA-2644603,Signaling by NOTCH1 in Cancer,M00100000,1,0
0,0,0,0,1,0,0,0,0,0,0,0,-5.9,0,0,0,WP2431,Spinal cord injury,M00001000,1,0
1,0,0,0,0,0,0,0,-2.1,0,0,0,0,0,0,0,hsa00380,Tryptophan metabolism,M10000000,1,0
0,0,0,0,0,0,1,0,0,0,0,0,0,0,-2.8,0,GO:0032507,maintenance of protein location in cell,M00000010,1,0
0,0,0,0,0,1,0,0,0,0,0,0,0,-3.8,0,0,GO:0015718,monocarboxylic acid transport,M00000100,1,0
0,0,1,0,0,0,0,0,0,0,-4.6,0,0,0,0,0,hsa04213,Longevity regulating pathway - multiple species,M00100000,1,0
0,1,0,0,0,0,0,0,0,-3.2,0,0,0,0,0,0,GO:0055090,acylglycerol homeostasis,M01000000,1,0
1,0,0,0,0,0,0,0,-3.5,0,0,0,0,0,0,0,WP5407,15q11q13 copy number variation,M10000000,1,0
0,1,0,0,0,0,0,0,0,-3.2,0,0,0,0,0,0,R-HSA-5173105,O-linked glycosylation,M01000000,1,0
1,0,0,0,0,0,0,0,-2.2,0,0,0,0,0,0,0,WP3298,Melatonin metabolism and effects,M10000000,1,0
0,0,0,0,0,0,1,0,0,0,0,0,0,0,-4.5,0,GO:0072659,protein localization to plasma membrane,M00000010,1,0
1,0,0,0,0,0,0,0,-2.6,0,0,0,0,0,0,0,M7739,BIOCARTA PYK2 PATHWAY,M10000000,1,0
0,0,1,0,0,0,0,0,0,0,-3.2,0,0,0,0,0,GO:2000779,regulation of double-strand break repair,M00100000,1,0
0,1,0,0,0,0,0,0,0,-4.4,0,0,0,0,0,0,R-HSA-211859,Biological oxidations,M01000000,1,0
0,0,1,0,0,0,0,0,0,0,-3,0,0,0,0,0,GO:0007423,sensory organ development,M00100000,1,0
0,0,0,0,0,0,1,0,0,0,0,0,0,0,-4.1,0,GO:0006983,ER overload response,M00000010,1,0
0,0,0,0,0,0,1,0,0,0,0,0,0,0,-2.7,0,WP3995,Prion disease pathway,M00000010,1,0
1,0,0,0,0,0,0,0,-2.2,0,0,0,0,0,0,0,R-HSA-111933,Calmodulin induced events,M10000000,1,0
0,0,0,0,0,0,0,1,0,0,0,0,0,0,0,-2.8,R-HSA-112310,Neurotransmitter release cycle,M00000001,1,0
0,0,0,0,1,0,0,0,0,0,0,0,-2.7,0,0,0,WP2380,Brain derived neurotrophic factor BDNF signaling pathway,M00001000,1,0
1,0,0,0,0,0,0,0,-3,0,0,0,0,0,0,0,GO:0055062,phosphate ion homeostasis,M10000000,1,0
1,0,0,0,0,0,0,0,-2.1,0,0,0,0,0,0,0,GO:1904407,positive regulation of nitric oxide metabolic process,M10000000,1,0
0,1,0,0,0,0,0,0,0,-4.1,0,0,0,0,0,0,WP3601,Lipid particles composition,M01000000,1,0
0,1,0,0,0,0,0,0,0,-2.7,0,0,0,0,0,0,GO:1900048,positive regulation of hemostasis,M01000000,1,0
0,0,1,0,0,0,0,0,0,0,-3.2,0,0,0,0,0,GO:0031329,regulation of cellular catabolic process,M00100000,1,0
0,0,0,0,1,0,0,0,0,0,0,0,-3.6,0,0,0,R-HSA-6803204,TP53 Regulates Transcription of Genes Involved in Cytochrome C Release,M00001000,1,0
0,1,0,0,0,0,0,0,0,-2.4,0,0,0,0,0,0,GO:0009266,response to temperature stimulus,M01000000,1,0
0,0,1,0,0,0,0,0,0,0,-2.3,0,0,0,0,0,GO:0098742,cell-cell adhesion via plasma-membrane adhesion molecules,M00100000,1,0
0,0,0,0,0,0,0,1,0,0,0,0,0,0,0,-2.7,GO:0046755,viral budding,M00000001,1,0
0,0,0,0,0,0,1,0,0,0,0,0,0,0,-3.5,0,GO:0033865,nucleoside bisphosphate metabolic process,M00000010,1,0
0,0,1,0,0,0,0,0,0,0,-2.4,0,0,0,0,0,GO:0031623,receptor internalization,M00100000,1,0
0,0,0,0,1,0,0,0,0,0,0,0,-9.8,0,0,0,R-HSA-195253,Degradation of beta-catenin by the destruction complex,M00001000,1,0
0,0,0,0,1,0,0,0,0,0,0,0,-2.4,0,0,0,R-HSA-9679191,Potential therapeutics for SARS,M00001000,1,0
0,0,0,0,0,1,0,0,0,0,0,0,0,-3,0,0,WP4298,Acute viral myocarditis,M00000100,1,0
1,0,0,0,0,0,0,0,-2.1,0,0,0,0,0,0,0,GO:0071241,cellular response to inorganic substance,M10000000,1,0
0,0,1,0,0,0,0,0,0,0,-2.4,0,0,0,0,0,GO:0048701,embryonic cranial skeleton morphogenesis,M00100000,1,0
0,0,0,0,1,0,0,0,0,0,0,0,-2.9,0,0,0,GO:0060260,regulation of transcription initiation by RNA polymerase II,M00001000,1,0
0,0,0,0,1,0,0,0,0,0,0,0,-9.7,0,0,0,GO:0002483,antigen processing and presentation of endogenous peptide antigen,M00001000,1,0
0,0,0,0,0,0,1,0,0,0,0,0,0,0,-2,0,hsa00480,Glutathione metabolism,M00000010,1,0
0,1,0,0,0,0,0,0,0,-4,0,0,0,0,0,0,WP1533,Vitamin B12 metabolism,M01000000,1,0
0,0,0,0,1,0,0,0,0,0,0,0,-3.1,0,0,0,GO:0043124,negative regulation of canonical NF-kappaB signal transduction,M00001000,1,0
0,0,0,0,0,0,0,1,0,0,0,0,0,0,0,-2.5,R-HSA-8868773,rRNA processing in the nucleus and cytosol,M00000001,1,0
0,0,0,0,1,0,0,0,0,0,0,0,-3.2,0,0,0,M14512,BIOCARTA RACCYCD PATHWAY,M00001000,1,0
0,0,1,0,0,0,0,0,0,0,-3.1,0,0,0,0,0,GO:0051052,regulation of DNA metabolic process,M00100000,1,0
0,0,0,0,1,0,0,0,0,0,0,0,-2.5,0,0,0,GO:0032480,negative regulation of type I interferon production,M00001000,1,0
0,1,0,0,0,0,0,0,0,-4.6,0,0,0,0,0,0,R-HSA-913709,O-linked glycosylation of mucins,M01000000,1,0
0,0,0,0,0,0,1,0,0,0,0,0,0,0,-3.3,0,hsa00514,Other types of O-glycan biosynthesis,M00000010,1,0
0,0,1,0,0,0,0,0,0,0,-3.5,0,0,0,0,0,R-HSA-2565942,Regulation of PLK1 Activity at G2/M Transition,M00100000,1,0
0,0,0,0,0,0,1,0,0,0,0,0,0,0,-2.8,0,GO:0085029,extracellular matrix assembly,M00000010,1,0
1,0,0,0,0,0,0,0,-2.3,0,0,0,0,0,0,0,GO:0072593,reactive oxygen species metabolic process,M10000000,1,0
1,0,0,0,0,0,0,0,-2.1,0,0,0,0,0,0,0,GO:0045471,response to ethanol,M10000000,1,0
0,0,0,0,0,1,0,0,0,0,0,0,0,-4.2,0,0,M5467,BIOCARTA GRANULOCYTES PATHWAY,M00000100,1,0
0,0,0,0,1,0,0,0,0,0,0,0,-2.4,0,0,0,GO:0039532,negative regulation of cytoplasmic pattern recognition receptor signaling pathway,M00001000,1,0
0,0,0,0,1,0,0,0,0,0,0,0,-8.2,0,0,0,R-HSA-8878166,Transcriptional regulation by RUNX2,M00001000,1,0
0,0,0,0,1,0,0,0,0,0,0,0,-3.1,0,0,0,GO:0002931,response to ischemia,M00001000,1,0
0,0,0,0,0,1,0,0,0,0,0,0,0,-2,0,0,GO:2000181,negative regulation of blood vessel morphogenesis,M00000100,1,0
0,0,0,0,1,0,0,0,0,0,0,0,-20,0,0,0,R-HSA-1236975,Antigen processing-Cross presentation,M00001000,1,0
0,1,0,0,0,0,0,0,0,-3.1,0,0,0,0,0,0,GO:1903036,positive regulation of response to wounding,M01000000,1,0
0,0,0,0,1,0,0,0,0,0,0,0,-2.9,0,0,0,hsa01524,Platinum drug resistance,M00001000,1,0
0,0,0,0,1,0,0,0,0,0,0,0,-14,0,0,0,R-HSA-69615,G1/S DNA Damage Checkpoints,M00001000,1,0
1,0,0,0,0,0,0,0,-2,0,0,0,0,0,0,0,GO:1904646,cellular response to amyloid-beta,M10000000,1,0
0,0,0,0,0,0,1,0,0,0,0,0,0,0,-2.4,0,WP236,Adipogenesis,M00000010,1,0
0,0,0,0,0,1,0,0,0,0,0,0,0,-2,0,0,GO:1901343,negative regulation of vasculature development,M00000100,1,0
0,0,1,0,0,0,0,0,0,0,-2.4,0,0,0,0,0,GO:0086010,membrane depolarization during action potential,M00100000,1,0
0,0,0,0,0,0,1,0,0,0,0,0,0,0,-8.5,0,GO:0009306,protein secretion,M00000010,1,0
0,1,0,0,0,0,0,0,0,-4.9,0,0,0,0,0,0,GO:1901616,organic hydroxy compound catabolic process,M01000000,1,0
0,0,0,0,1,0,0,0,0,0,0,0,-3.9,0,0,0,WP2435,Quercetin and Nf kB AP 1 induced apoptosis,M00001000,1,0
0,0,0,0,1,0,0,0,0,0,0,0,-3.7,0,0,0,R-HSA-5633008,TP53 Regulates Transcription of Cell Death Genes,M00001000,1,0
0,0,0,0,1,0,0,0,0,0,0,0,-5,0,0,0,hsa04115,p53 signaling pathway,M00001000,1,0
0,0,0,0,1,0,0,0,0,0,0,0,-5,0,0,0,R-HSA-168179,Toll Like Receptor TLR1:TLR2 Cascade,M00001000,1,0
0,0,0,0,0,1,0,0,0,0,0,0,0,-2.3,0,0,hsa04664,Fc epsilon RI signaling pathway,M00000100,1,0
0,1,0,0,0,0,0,0,0,-2.2,0,0,0,0,0,0,GO:0098660,inorganic ion transmembrane transport,M01000000,1,0
1,0,0,0,0,0,0,0,-2.8,0,0,0,0,0,0,0,GO:0015980,energy derivation by oxidation of organic compounds,M10000000,1,0
0,0,0,0,1,0,0,0,0,0,0,0,-8.2,0,0,0,R-HSA-69239,Synthesis of DNA,M00001000,1,0
1,0,0,0,0,0,0,0,-2.4,0,0,0,0,0,0,0,GO:0001667,ameboidal-type cell migration,M10000000,1,0
1,0,0,0,0,0,0,0,-2.5,0,0,0,0,0,0,0,hsa04666,Fc gamma R-mediated phagocytosis,M10000000,1,0
1,0,0,0,0,0,0,0,-2.1,0,0,0,0,0,0,0,GO:0030866,cortical actin cytoskeleton organization,M10000000,1,0
0,0,0,0,1,0,0,0,0,0,0,0,-7.3,0,0,0,R-HSA-166166,MyD88-independent TLR4 cascade,M00001000,1,0
1,0,0,0,0,0,0,0,-5.3,0,0,0,0,0,0,0,GO:0019318,hexose metabolic process,M10000000,1,0
1,0,0,0,0,0,0,0,-3.3,0,0,0,0,0,0,0,M4388,BIOCARTA CDMAC PATHWAY,M10000000,1,0
0,1,0,0,0,0,0,0,0,-2.4,0,0,0,0,0,0,GO:0006022,aminoglycan metabolic process,M01000000,1,0
1,0,0,0,0,0,0,0,-2.9,0,0,0,0,0,0,0,WP363,Wnt signaling pathway,M10000000,1,0
0,0,0,0,0,1,0,0,0,0,0,0,0,-2.7,0,0,M19118,BIOCARTA KERATINOCYTE PATHWAY,M00000100,1,0
0,0,0,0,0,0,0,1,0,0,0,0,0,0,0,-2.6,GO:0061098,positive regulation of protein tyrosine kinase activity,M00000001,1,0
1,0,0,0,0,0,0,0,-3.1,0,0,0,0,0,0,0,GO:0014743,regulation of muscle hypertrophy,M10000000,1,0
0,1,0,0,0,0,0,0,0,-4.4,0,0,0,0,0,0,GO:0010886,positive regulation of cholesterol storage,M01000000,1,0
0,0,0,0,1,0,0,0,0,0,0,0,-3.3,0,0,0,WP4925,Unfolded protein response,M00001000,1,0
0,0,1,0,0,0,0,0,0,0,-2.1,0,0,0,0,0,R-HSA-2151201,Transcriptional activation of mitochondrial biogenesis,M00100000,1,0
0,0,0,0,1,0,0,0,0,0,0,0,-2.3,0,0,0,M256,PID TAP63 PATHWAY,M00001000,1,0
0,0,0,0,1,0,0,0,0,0,0,0,-5.6,0,0,0,GO:0002821,positive regulation of adaptive immune response,M00001000,1,0
0,0,0,0,0,0,0,1,0,0,0,0,0,0,0,-2.1,R-HSA-8875878,MET promotes cell motility,M00000001,1,0
0,0,0,0,1,0,0,0,0,0,0,0,-5.8,0,0,0,GO:0002824,positive regulation of adaptive immune response based on somatic recombination of immune receptors built from immunoglobulin superfamily domains,M00001000,1,0
0,0,1,0,0,0,0,0,0,0,-2.2,0,0,0,0,0,GO:0010463,mesenchymal cell proliferation,M00100000,1,0
0,0,0,0,1,0,0,0,0,0,0,0,-9.1,0,0,0,hsa05203,Viral carcinogenesis,M00001000,1,0
0,0,0,1,0,0,0,0,0,0,0,-2.2,0,0,0,0,R-HSA-400206,Regulation of lipid metabolism by PPARalpha,M00010000,1,0
0,0,0,0,0,0,1,0,0,0,0,0,0,0,-6.4,0,GO:1902653,secondary alcohol biosynthetic process,M00000010,1,0
0,0,0,0,0,0,1,0,0,0,0,0,0,0,-5.3,0,WP4786,Type I collagen synthesis in the context of osteogenesis imperfecta,M00000010,1,0
0,0,0,0,0,0,1,0,0,0,0,0,0,0,-2.1,0,WP5381,Smith Magenis and Potocki Lupski syndrome copy number variation,M00000010,1,0
0,0,1,0,0,0,0,0,0,0,-3.2,0,0,0,0,0,R-HSA-1368108,"BMAL1:CLOCK,NPAS2 activates circadian gene expression",M00100000,1,0
0,0,0,0,0,0,1,0,0,0,0,0,0,0,-2.5,0,WP4657,22q11 2 copy number variation syndrome,M00000010,1,0
1,0,0,0,0,0,0,0,-2.8,0,0,0,0,0,0,0,GO:0030865,cortical cytoskeleton organization,M10000000,1,0
0,0,0,0,1,0,0,0,0,0,0,0,-2.9,0,0,0,R-HSA-1169408,ISG15 antiviral mechanism,M00001000,1,0
1,0,0,0,0,0,0,0,-3.8,0,0,0,0,0,0,0,GO:0048846,axon extension involved in axon guidance,M10000000,1,0
0,1,0,0,0,0,0,0,0,-2.4,0,0,0,0,0,0,GO:1903725,regulation of phospholipid metabolic process,M01000000,1,0
1,0,0,0,0,0,0,0,-3.2,0,0,0,0,0,0,0,hsa05414,Dilated cardiomyopathy,M10000000,1,0
0,0,0,0,0,1,0,0,0,0,0,0,0,-2.8,0,0,R-HSA-195258,RHO GTPase Effectors,M00000100,1,0
0,0,0,0,0,1,0,0,0,0,0,0,0,-2.2,0,0,GO:0098656,monoatomic anion transmembrane transport,M00000100,1,0
0,0,0,0,0,1,0,0,0,0,0,0,0,-2.6,0,0,GO:0043154,negative regulation of cysteine-type endopeptidase activity involved in apoptotic process,M00000100,1,0
1,0,0,0,0,0,0,0,-2.2,0,0,0,0,0,0,0,GO:0051148,negative regulation of muscle cell differentiation,M10000000,1,0
0,1,0,0,0,0,0,0,0,-5.6,0,0,0,0,0,0,GO:0006805,xenobiotic metabolic process,M01000000,1,0
0,1,0,0,0,0,0,0,0,-4.2,0,0,0,0,0,0,GO:0071827,plasma lipoprotein particle organization,M01000000,1,0
0,0,0,0,1,0,0,0,0,0,0,0,-3.5,0,0,0,WP4961,STING pathway in Kawasaki like disease and COVID 19,M00001000,1,0
0,0,0,0,0,0,0,1,0,0,0,0,0,0,0,-2.3,GO:0031018,endocrine pancreas development,M00000001,1,0
1,0,0,0,0,0,0,0,-2.6,0,0,0,0,0,0,0,WP5064,7 oxo C and 7 beta HC pathways,M10000000,1,0
0,1,0,0,0,0,0,0,0,-2.2,0,0,0,0,0,0,GO:0007043,cell-cell junction assembly,M01000000,1,0
0,0,0,0,0,0,0,1,0,0,0,0,0,0,0,-2.6,hsa01040,Biosynthesis of unsaturated fatty acids,M00000001,1,0
1,0,0,0,0,0,0,0,-4.3,0,0,0,0,0,0,0,R-HSA-9609507,Protein localization,M10000000,1,0
0,1,0,0,0,0,0,0,0,-2.3,0,0,0,0,0,0,R-HSA-174824,"Plasma lipoprotein assembly, remodeling, and clearance",M01000000,1,0
0,0,0,0,1,0,0,0,0,0,0,0,-4.3,0,0,0,R-HSA-4755510,SUMOylation of immune response proteins,M00001000,1,0
0,0,0,0,0,0,1,0,0,0,0,0,0,0,-4.3,0,R-HSA-381183,ATF6 (ATF6-alpha) activates chaperone genes,M00000010,1,0
0,0,0,0,0,0,0,1,0,0,0,0,0,0,0,-2.4,R-HSA-4085001,Sialic acid metabolism,M00000001,1,0
0,0,0,0,1,0,0,0,0,0,0,0,-4.1,0,0,0,R-HSA-168138,Toll Like Receptor 9 (TLR9) Cascade,M00001000,1,0
0,0,0,0,1,0,0,0,0,0,0,0,-6.4,0,0,0,R-HSA-69306,DNA Replication,M00001000,1,0
0,0,0,0,1,0,0,0,0,0,0,0,-11,0,0,0,GO:0019883,antigen processing and presentation of endogenous antigen,M00001000,1,0
1,0,0,0,0,0,0,0,-2.3,0,0,0,0,0,0,0,GO:0050922,negative regulation of chemotaxis,M10000000,1,0
0,0,1,0,0,0,0,0,0,0,-4.9,0,0,0,0,0,R-HSA-8862803,Deregulated CDK5 triggers multiple neurodegenerative pathways in Alzheimer's disease models,M00100000,1,0
0,1,0,0,0,0,0,0,0,-4.9,0,0,0,0,0,0,GO:0010669,epithelial structure maintenance,M01000000,1,0
0,1,0,0,0,0,0,0,0,-3.2,0,0,0,0,0,0,hsa04080,Neuroactive ligand-receptor interaction,M01000000,1,0
0,0,0,0,0,0,0,1,0,0,0,0,0,0,0,-2.3,GO:0006366,transcription by RNA polymerase II,M00000001,1,0
0,0,1,0,0,0,0,0,0,0,-2.8,0,0,0,0,0,R-HSA-2644602,Signaling by NOTCH1 PEST Domain Mutants in Cancer,M00100000,1,0
0,0,0,1,0,0,0,0,0,0,0,-2.2,0,0,0,0,GO:0030166,proteoglycan biosynthetic process,M00010000,1,0
1,0,0,0,0,0,0,0,-3.5,0,0,0,0,0,0,0,R-HSA-166658,Complement cascade,M10000000,1,0
0,0,0,0,1,0,0,0,0,0,0,0,-4.4,0,0,0,R-HSA-114452,Activation of BH3-only proteins,M00001000,1,0
1,0,0,0,0,0,0,0,-2,0,0,0,0,0,0,0,GO:0007215,glutamate receptor signaling pathway,M10000000,1,0
0,0,0,0,0,0,1,0,0,0,0,0,0,0,-2.1,0,GO:0042102,positive regulation of T cell proliferation,M00000010,1,0
1,0,0,0,0,0,0,0,-5.4,0,0,0,0,0,0,0,GO:0060939,epicardium-derived cardiac fibroblast cell development,M10000000,1,0
0,0,0,1,0,0,0,0,0,0,0,-2.2,0,0,0,0,GO:0006417,regulation of translation,M00010000,1,0
0,0,0,0,1,0,0,0,0,0,0,0,-2.5,0,0,0,GO:0010821,regulation of mitochondrion organization,M00001000,1,0
0,0,0,0,0,1,0,0,0,0,0,0,0,-2.7,0,0,GO:0002673,regulation of acute inflammatory response,M00000100,1,0
1,0,0,0,0,0,0,0,-2.8,0,0,0,0,0,0,0,GO:0086003,cardiac muscle cell contraction,M10000000,1,0
0,1,0,0,0,0,0,0,0,-3.5,0,0,0,0,0,0,R-HSA-983712,Ion channel transport,M01000000,1,0
0,0,1,0,0,0,0,0,0,0,-3.1,0,0,0,0,0,M5884,NABA CORE MATRISOME,M00100000,1,0
0,0,0,0,1,0,0,0,0,0,0,0,-3.5,0,0,0,M103,PID S1P S1P1 PATHWAY,M00001000,1,0
0,0,0,0,0,0,1,0,0,0,0,0,0,0,-2.8,0,GO:0043001,Golgi to plasma membrane protein transport,M00000010,1,0
0,0,0,0,0,0,1,0,0,0,0,0,0,0,-2.2,0,GO:0045104,intermediate filament cytoskeleton organization,M00000010,1,0
0,0,0,0,1,0,0,0,0,0,0,0,-14,0,0,0,GO:0019882,antigen processing and presentation,M00001000,1,0
0,0,0,0,1,0,0,0,0,0,0,0,-2.3,0,0,0,GO:0019080,viral gene expression,M00001000,1,0
0,0,1,0,0,0,0,0,0,0,-2.1,0,0,0,0,0,GO:1902656,calcium ion import into cytosol,M00100000,1,0
0,0,0,0,1,0,0,0,0,0,0,0,-3.3,0,0,0,GO:2000178,negative regulation of neural precursor cell proliferation,M00001000,1,0
0,0,0,0,0,0,0,1,0,0,0,0,0,0,0,-3.6,GO:0034470,ncRNA processing,M00000001,1,0
0,0,0,1,0,0,0,0,0,0,0,-2.2,0,0,0,0,GO:0000422,autophagy of mitochondrion,M00010000,1,0
0,0,0,0,0,1,0,0,0,0,0,0,0,-2.2,0,0,R-HSA-448424,Interleukin-17 signaling,M00000100,1,0
0,0,0,0,1,0,0,0,0,0,0,0,-14,0,0,0,R-HSA-1168372,Downstream signaling events of B Cell Receptor (BCR),M00001000,1,0
0,0,0,0,1,0,0,0,0,0,0,0,-2.1,0,0,0,hsa04613,Neutrophil extracellular trap formation,M00001000,1,0
0,0,0,0,0,1,0,0,0,0,0,0,0,-2.9,0,0,GO:0006775,fat-soluble vitamin metabolic process,M00000100,1,0
0,0,0,0,1,0,0,0,0,0,0,0,-3.8,0,0,0,WP4493,Cells and molecules involved in local acute inflammatory response,M00001000,1,0
0,0,0,0,1,0,0,0,0,0,0,0,-2.8,0,0,0,GO:0045191,regulation of isotype switching,M00001000,1,0
0,0,1,0,0,0,0,0,0,0,-2.9,0,0,0,0,0,GO:0061178,regulation of insulin secretion involved in cellular response to glucose stimulus,M00100000,1,0
0,0,0,0,1,0,0,0,0,0,0,0,-6.1,0,0,0,R-HSA-73887,Death Receptor Signaling,M00001000,1,0
0,0,0,0,1,0,0,0,0,0,0,0,-2.6,0,0,0,hsa04940,Type I diabetes mellitus,M00001000,1,0
0,0,0,0,0,0,1,0,0,0,0,0,0,0,-2.2,0,GO:0021575,hindbrain morphogenesis,M00000010,1,0
0,0,0,1,0,0,0,0,0,0,0,-3.1,0,0,0,0,GO:0030178,negative regulation of Wnt signaling pathway,M00010000,1,0
0,0,0,0,0,0,1,0,0,0,0,0,0,0,-2.7,0,GO:0035751,regulation of lysosomal lumen pH,M00000010,1,0
0,0,0,0,1,0,0,0,0,0,0,0,-12,0,0,0,R-HSA-5362768,Hh mutants are degraded by ERAD,M00001000,1,0
0,0,0,0,1,0,0,0,0,0,0,0,-11,0,0,0,R-HSA-351202,Metabolism of polyamines,M00001000,1,0
0,0,0,1,0,0,0,0,0,0,0,-3.1,0,0,0,0,GO:1900746,regulation of vascular endothelial growth factor signaling pathway,M00010000,1,0
0,1,0,0,0,0,0,0,0,-5.1,0,0,0,0,0,0,GO:0050954,sensory perception of mechanical stimulus,M01000000,1,0
0,1,0,0,0,0,0,0,0,-3.2,0,0,0,0,0,0,R-HSA-9659379,Sensory processing of sound,M01000000,1,0
0,1,0,0,0,0,0,0,0,-2.3,0,0,0,0,0,0,R-HSA-9013408,RHOG GTPase cycle,M01000000,1,0
0,0,0,0,1,0,0,0,0,0,0,0,-2.7,0,0,0,hsa05330,Allograft rejection,M00001000,1,0
0,0,1,0,0,0,0,0,0,0,-2.1,0,0,0,0,0,GO:0010971,positive regulation of G2/M transition of mitotic cell cycle,M00100000,1,0
0,0,0,0,0,0,1,0,0,0,0,0,0,0,-3.1,0,WP4224,Purine metabolism and related disorders,M00000010,1,0
1,0,0,0,0,0,0,0,-2.2,0,0,0,0,0,0,0,hsa04726,Serotonergic synapse,M10000000,1,0
0,1,0,0,0,0,0,0,0,-3.2,0,0,0,0,0,0,GO:0002287,alpha-beta T cell activation involved in immune response,M01000000,1,0
0,0,0,0,1,0,0,0,0,0,0,0,-9.8,0,0,0,R-HSA-9711123,Cellular response to chemical stress,M00001000,1,0
1,0,0,0,0,0,0,0,-2.9,0,0,0,0,0,0,0,GO:0071498,cellular response to fluid shear stress,M10000000,1,0
0,0,0,0,1,0,0,0,0,0,0,0,-4.7,0,0,0,R-HSA-933542,TRAF6 mediated NF-kB activation,M00001000,1,0
0,0,0,0,0,0,0,1,0,0,0,0,0,0,0,-3.3,M2482,BIOCARTA ARAP PATHWAY,M00000001,1,0
0,0,1,0,0,0,0,0,0,0,-2.7,0,0,0,0,0,GO:0098727,maintenance of cell number,M00100000,1,0
1,0,0,0,0,0,0,0,-2.4,0,0,0,0,0,0,0,GO:0007617,mating behavior,M10000000,1,0
0,0,0,0,1,0,0,0,0,0,0,0,-2.5,0,0,0,WP5078,T cell modulation in pancreatic cancer,M00001000,1,0
0,0,1,0,0,0,0,0,0,0,-3.2,0,0,0,0,0,GO:0048013,ephrin receptor signaling pathway,M00100000,1,0
0,0,0,1,0,0,0,0,0,0,0,-2.6,0,0,0,0,WP5085,Vasopressin regulated water reabsorption,M00010000,1,0
0,0,0,0,1,0,0,0,0,0,0,0,-6.3,0,0,0,R-HSA-1236977,Endosomal/Vacuolar pathway,M00001000,1,0
0,0,0,0,0,0,0,1,0,0,0,0,0,0,0,-2.1,GO:0042398,cellular modified amino acid biosynthetic process,M00000001,1,0
0,0,1,0,0,0,0,0,0,0,-2.8,0,0,0,0,0,GO:0072074,kidney mesenchyme development,M00100000,1,0
1,0,0,0,0,0,0,0,-3.5,0,0,0,0,0,0,0,hsa04926,Relaxin signaling pathway,M10000000,1,0
0,1,0,0,0,0,0,0,0,-2.6,0,0,0,0,0,0,hsa00053,Ascorbate and aldarate metabolism,M01000000,1,0
0,0,1,0,0,0,0,0,0,0,-2.4,0,0,0,0,0,R-HSA-9645723,Diseases of programmed cell death,M00100000,1,0
0,0,0,0,1,0,0,0,0,0,0,0,-9.7,0,0,0,R-HSA-5632684,Hedgehog 'on' state,M00001000,1,0
1,0,0,0,0,0,0,0,-2.9,0,0,0,0,0,0,0,GO:0099601,regulation of neurotransmitter receptor activity,M10000000,1,0
0,0,0,0,1,0,0,0,0,0,0,0,-5.3,0,0,0,R-HSA-71291,Metabolism of amino acids and derivatives,M00001000,1,0
0,0,0,0,1,0,0,0,0,0,0,0,-2.3,0,0,0,GO:1901873,regulation of post-translational protein modification,M00001000,1,0
0,0,1,0,0,0,0,0,0,0,-2.5,0,0,0,0,0,M5895,HALLMARK WNT BETA CATENIN SIGNALING,M00100000,1,0
0,0,0,0,1,0,0,0,0,0,0,0,-7,0,0,0,R-HSA-69242,S Phase,M00001000,1,0
0,0,0,0,1,0,0,0,0,0,0,0,-7.7,0,0,0,GO:0070663,regulation of leukocyte proliferation,M00001000,1,0
1,0,0,0,0,0,0,0,-3.2,0,0,0,0,0,0,0,WP5372,Involvement of secretase in neurodegenerative diseases,M10000000,1,0
0,0,0,0,1,0,0,0,0,0,0,0,-10,0,0,0,R-HSA-174178,APC/C:Cdh1 mediated degradation of Cdc20 and other APC/C:Cdh1 targeted proteins in late mitosis/early G1,M00001000,1,0
0,0,0,0,1,0,0,0,0,0,0,0,-9.4,0,0,0,R-HSA-69052,Switching of origins to a post-replicative state,M00001000,1,0
0,0,0,0,1,0,0,0,0,0,0,0,-7.2,0,0,0,R-HSA-69620,Cell Cycle Checkpoints,M00001000,1,0
0,1,0,0,0,0,0,0,0,-2,0,0,0,0,0,0,WP5424,Omega 6 fatty acids in senescence,M01000000,1,0
1,0,0,0,0,0,0,0,-2.8,0,0,0,0,0,0,0,M268,PID S1P S1P2 PATHWAY,M10000000,1,0
0,0,0,0,1,0,0,0,0,0,0,0,-12,0,0,0,R-HSA-180534,Vpu mediated degradation of CD4,M00001000,1,0
0,0,0,0,1,0,0,0,0,0,0,0,-13,0,0,0,hsa04064,NF-kappa B signaling pathway,M00001000,1,0
1,0,0,0,0,0,0,0,-2.4,0,0,0,0,0,0,0,M213,PID AR NONGENOMIC PATHWAY,M10000000,1,0
0,1,0,0,0,0,0,0,0,-3.8,0,0,0,0,0,0,R-HSA-936837,Ion transport by P-type ATPases,M01000000,1,0
0,0,0,0,0,0,0,1,0,0,0,0,0,0,0,-2.3,WP3850,Factors and pathways affecting insulin like growth factor IGF1 Akt signaling,M00000001,1,0
1,0,0,0,0,0,0,0,-2.2,0,0,0,0,0,0,0,GO:0014002,astrocyte development,M10000000,1,0
0,0,0,0,1,0,0,0,0,0,0,0,-11,0,0,0,R-HSA-174084,Autodegradation of Cdh1 by Cdh1:APC/C,M00001000,1,0
0,0,0,0,1,0,0,0,0,0,0,0,-2.9,0,0,0,R-HSA-3108232,SUMO E3 ligases SUMOylate target proteins,M00001000,1,0
0,0,0,0,1,0,0,0,0,0,0,0,-7.3,0,0,0,R-HSA-453279,Mitotic G1 phase and G1/S transition,M00001000,1,0
0,0,0,1,0,0,0,0,0,0,0,-2.1,0,0,0,0,GO:0071479,cellular response to ionizing radiation,M00010000,1,0
0,0,0,0,0,0,0,1,0,0,0,0,0,0,0,-2.6,GO:0009152,purine ribonucleotide biosynthetic process,M00000001,1,0
0,0,0,1,0,0,0,0,0,0,0,-3.4,0,0,0,0,GO:0072332,intrinsic apoptotic signaling pathway by p53 class mediator,M00010000,1,0
1,0,0,0,0,0,0,0,-2.3,0,0,0,0,0,0,0,hsa00010,Glycolysis / Gluconeogenesis,M10000000,1,0
0,0,0,0,0,0,0,1,0,0,0,0,0,0,0,-4.5,R-HSA-6790901,rRNA modification in the nucleus and cytosol,M00000001,1,0
0,0,0,0,0,0,1,0,0,0,0,0,0,0,-3,0,GO:0036503,ERAD pathway,M00000010,1,0
0,0,0,0,1,0,0,0,0,0,0,0,-8.1,0,0,0,GO:1990868,response to chemokine,M00001000,1,0
0,0,0,0,1,0,0,0,0,0,0,0,-5,0,0,0,R-HSA-168188,Toll Like Receptor TLR6:TLR2 Cascade,M00001000,1,0
1,0,0,0,0,0,0,0,-2.4,0,0,0,0,0,0,0,GO:0007626,locomotory behavior,M10000000,1,0
0,0,0,0,1,0,0,0,0,0,0,0,-2.1,0,0,0,GO:0090398,cellular senescence,M00001000,1,0
0,0,0,0,0,0,1,0,0,0,0,0,0,0,-2.2,0,GO:1900182,positive regulation of protein localization to nucleus,M00000010,1,0
0,0,0,0,0,0,1,0,0,0,0,0,0,0,-2.3,0,GO:0046467,membrane lipid biosynthetic process,M00000010,1,0
0,0,0,1,0,0,0,0,0,0,0,-2,0,0,0,0,GO:0008630,intrinsic apoptotic signaling pathway in response to DNA damage,M00010000,1,0
0,0,0,0,1,0,0,0,0,0,0,0,-10,0,0,0,R-HSA-174184,Cdc20:Phospho-APC/C mediated degradation of Cyclin A,M00001000,1,0
1,0,0,0,0,0,0,0,-2.3,0,0,0,0,0,0,0,GO:0010611,regulation of cardiac muscle hypertrophy,M10000000,1,0
0,0,0,0,0,0,1,0,0,0,0,0,0,0,-2.1,0,GO:0019217,regulation of fatty acid metabolic process,M00000010,1,0
0,1,0,0,0,0,0,0,0,-2.2,0,0,0,0,0,0,GO:0010453,regulation of cell fate commitment,M01000000,1,0
0,0,0,1,0,0,0,0,0,0,0,-2,0,0,0,0,GO:0003143,embryonic heart tube morphogenesis,M00010000,1,0
0,0,0,0,1,0,0,0,0,0,0,0,-2.1,0,0,0,GO:1901990,regulation of mitotic cell cycle phase transition,M00001000,1,0
0,0,1,0,0,0,0,0,0,0,-3.1,0,0,0,0,0,GO:0009896,positive regulation of catabolic process,M00100000,1,0
1,0,0,0,0,0,0,0,-2.6,0,0,0,0,0,0,0,R-HSA-1855204,Synthesis of IP3 and IP4 in the cytosol,M10000000,1,0
0,0,0,0,0,0,1,0,0,0,0,0,0,0,-2.2,0,GO:1903828,negative regulation of protein localization,M00000010,1,0
0,0,0,0,1,0,0,0,0,0,0,0,-4.3,0,0,0,R-HSA-5260271,Diseases of Immune System,M00001000,1,0
0,0,0,0,0,0,1,0,0,0,0,0,0,0,-4,0,GO:0035966,response to topologically incorrect protein,M00000010,1,0
0,0,0,1,0,0,0,0,0,0,0,-2.3,0,0,0,0,GO:0016358,dendrite development,M00010000,1,0
0,1,0,0,0,0,0,0,0,-2.1,0,0,0,0,0,0,GO:1901879,regulation of protein depolymerization,M01000000,1,0
0,0,0,0,0,0,1,0,0,0,0,0,0,0,-2.2,0,GO:1990090,cellular response to nerve growth factor stimulus,M00000010,1,0
0,0,1,0,0,0,0,0,0,0,-2.5,0,0,0,0,0,GO:0002562,somatic diversification of immune receptors via germline recombination within a single locus,M00100000,1,0
0,1,0,0,0,0,0,0,0,-2.2,0,0,0,0,0,0,GO:0090181,regulation of cholesterol metabolic process,M01000000,1,0
0,0,0,0,1,0,0,0,0,0,0,0,-7.9,0,0,0,R-HSA-8939236,RUNX1 regulates transcription of genes involved in differentiation of HSCs,M00001000,1,0
0,1,0,0,0,0,0,0,0,-2,0,0,0,0,0,0,GO:0120163,negative regulation of cold-induced thermogenesis,M01000000,1,0
0,0,1,0,0,0,0,0,0,0,-2.1,0,0,0,0,0,GO:0021544,subpallium development,M00100000,1,0
0,0,0,0,0,0,0,1,0,0,0,0,0,0,0,-2.6,GO:0035883,enteroendocrine cell differentiation,M00000001,1,0
1,0,0,0,0,0,0,0,-5,0,0,0,0,0,0,0,GO:0060936,cardiac fibroblast cell development,M10000000,1,0
0,1,0,0,0,0,0,0,0,-4.1,0,0,0,0,0,0,GO:0030001,metal ion transport,M01000000,1,0
0,0,0,0,1,0,0,0,0,0,0,0,-12,0,0,0,R-HSA-5689880,Ub-specific processing proteases,M00001000,1,0
0,1,0,0,0,0,0,0,0,-3,0,0,0,0,0,0,GO:0097164,ammonium ion metabolic process,M01000000,1,0
0,0,0,0,0,0,1,0,0,0,0,0,0,0,-3.3,0,GO:0035967,cellular response to topologically incorrect protein,M00000010,1,0
1,0,0,0,0,0,0,0,-2.9,0,0,0,0,0,0,0,GO:0048732,gland development,M10000000,1,0
0,1,0,0,0,0,0,0,0,-3.8,0,0,0,0,0,0,GO:0015918,sterol transport,M01000000,1,0
0,0,1,0,0,0,0,0,0,0,-2.4,0,0,0,0,0,M16,PID INSULIN PATHWAY,M00100000,1,0
0,0,0,0,1,0,0,0,0,0,0,0,-12,0,0,0,R-HSA-75815,Ubiquitin-dependent degradation of Cyclin D,M00001000,1,0
0,0,0,1,0,0,0,0,0,0,0,-2.9,0,0,0,0,GO:0001935,endothelial cell proliferation,M00010000,1,0
0,1,0,0,0,0,0,0,0,-2.4,0,0,0,0,0,0,GO:0170041,non-proteinogenic amino acid metabolic process,M01000000,1,0
0,0,0,0,1,0,0,0,0,0,0,0,-3.6,0,0,0,WP5149,Lipid metabolism in senescent cells,M00001000,1,0
0,0,0,1,0,0,0,0,0,0,0,-2.4,0,0,0,0,GO:0050678,regulation of epithelial cell proliferation,M00010000,1,0
1,0,0,0,0,0,0,0,-2.7,0,0,0,0,0,0,0,GO:0044042,glucan metabolic process,M10000000,1,0
0,0,0,0,0,0,0,1,0,0,0,0,0,0,0,-2.4,GO:0007612,learning,M00000001,1,0
0,0,0,0,0,0,1,0,0,0,0,0,0,0,-6.5,0,WP5333,Enterocyte cholesterol metabolism,M00000010,1,0
0,0,1,0,0,0,0,0,0,0,-2.4,0,0,0,0,0,WP3599,Transcription factor regulation in adipogenesis,M00100000,1,0
0,0,1,0,0,0,0,0,0,0,-2.2,0,0,0,0,0,R-HSA-3247509,Chromatin modifying enzymes,M00100000,1,0
1,0,0,0,0,0,0,0,-5.6,0,0,0,0,0,0,0,GO:0009083,branched-chain amino acid catabolic process,M10000000,1,0
0,0,1,0,0,0,0,0,0,0,-2.5,0,0,0,0,0,GO:0010596,negative regulation of endothelial cell migration,M00100000,1,0
0,0,0,0,1,0,0,0,0,0,0,0,-12,0,0,0,R-HSA-4641257,Degradation of AXIN,M00001000,1,0
0,1,0,0,0,0,0,0,0,-4,0,0,0,0,0,0,GO:0065005,protein-lipid complex assembly,M01000000,1,0
0,0,0,0,0,0,0,1,0,0,0,0,0,0,0,-2.3,GO:0043627,response to estrogen,M00000001,1,0
0,1,0,0,0,0,0,0,0,-3.4,0,0,0,0,0,0,GO:0120254,olefinic compound metabolic process,M01000000,1,0
0,0,1,0,0,0,0,0,0,0,-2.2,0,0,0,0,0,GO:0048259,regulation of receptor-mediated endocytosis,M00100000,1,0
1,0,0,0,0,0,0,0,-6.9,0,0,0,0,0,0,0,M5905,HALLMARK ADIPOGENESIS,M10000000,1,0
0,0,0,0,1,0,0,0,0,0,0,0,-4.7,0,0,0,R-HSA-5357786,TNFR1-induced proapoptotic signaling,M00001000,1,0
1,0,0,0,0,0,0,0,-2.8,0,0,0,0,0,0,0,GO:0030859,polarized epithelial cell differentiation,M10000000,1,0
0,0,0,0,1,0,0,0,0,0,0,0,-3.9,0,0,0,GO:0001916,positive regulation of T cell mediated cytotoxicity,M00001000,1,0
0,0,0,0,0,1,0,0,0,0,0,0,0,-4.1,0,0,GO:0051044,positive regulation of membrane protein ectodomain proteolysis,M00000100,1,0
0,0,0,0,1,0,0,0,0,0,0,0,-2.8,0,0,0,GO:0032652,regulation of interleukin-1 production,M00001000,1,0
1,0,0,0,0,0,0,0,-4.4,0,0,0,0,0,0,0,M254,PID MYC REPRESS PATHWAY,M10000000,1,0
1,0,0,0,0,0,0,0,-3.3,0,0,0,0,0,0,0,GO:0046459,short-chain fatty acid metabolic process,M10000000,1,0
1,0,0,0,0,0,0,0,-2,0,0,0,0,0,0,0,R-HSA-1489509,DAG and IP3 signaling,M10000000,1,0
0,0,0,0,1,0,0,0,0,0,0,0,-9.9,0,0,0,R-HSA-9013694,Signaling by NOTCH4,M00001000,1,0
0,0,0,0,1,0,0,0,0,0,0,0,-2.9,0,0,0,WP4950,16p11 2 distal deletion syndrome,M00001000,1,0
0,0,0,0,0,0,0,1,0,0,0,0,0,0,0,-2.4,GO:0006352,DNA-templated transcription initiation,M00000001,1,0
1,0,0,0,0,0,0,0,-2.2,0,0,0,0,0,0,0,R-HSA-111996,Ca-dependent events,M10000000,1,0
1,0,0,0,0,0,0,0,-2.2,0,0,0,0,0,0,0,GO:0048880,sensory system development,M10000000,1,0
0,1,0,0,0,0,0,0,0,-2.1,0,0,0,0,0,0,WP2840,Hair follicle development cytodifferentiation part 3 of 3,M01000000,1,0
0,1,0,0,0,0,0,0,0,-2.8,0,0,0,0,0,0,GO:0006749,glutathione metabolic process,M01000000,1,0
1,0,0,0,0,0,0,0,-2.4,0,0,0,0,0,0,0,hsa00052,Galactose metabolism,M10000000,1,0
1,0,0,0,0,0,0,0,-2.6,0,0,0,0,0,0,0,M14899,BIOCARTA AT1R PATHWAY,M10000000,1,0
1,0,0,0,0,0,0,0,-2.3,0,0,0,0,0,0,0,hsa04261,Adrenergic signaling in cardiomyocytes,M10000000,1,0
1,0,0,0,0,0,0,0,-4.3,0,0,0,0,0,0,0,hsa04020,Calcium signaling pathway,M10000000,1,0
0,0,0,0,1,0,0,0,0,0,0,0,-3.3,0,0,0,GO:0032755,positive regulation of interleukin-6 production,M00001000,1,0
0,0,0,0,0,0,1,0,0,0,0,0,0,0,-3.7,0,WP4723,Omega 3 omega 6 fatty acid synthesis,M00000010,1,0
0,0,0,0,1,0,0,0,0,0,0,0,-3.9,0,0,0,M120,PID ARF6 DOWNSTREAM PATHWAY,M00001000,1,0
0,0,1,0,0,0,0,0,0,0,-2.3,0,0,0,0,0,GO:0006376,mRNA splice site recognition,M00100000,1,0
1,0,0,0,0,0,0,0,-2.8,0,0,0,0,0,0,0,GO:0050885,neuromuscular process controlling balance,M10000000,1,0
0,0,0,0,1,0,0,0,0,0,0,0,-2.1,0,0,0,GO:0002763,positive regulation of myeloid leukocyte differentiation,M00001000,1,0
0,0,0,0,1,0,0,0,0,0,0,0,-11,0,0,0,R-HSA-5621481,C-type lectin receptors (CLRs),M00001000,1,0
0,0,0,0,0,0,0,1,0,0,0,0,0,0,0,-2.4,R-HSA-72312,rRNA processing,M00000001,1,0
0,0,0,0,0,0,1,0,0,0,0,0,0,0,-2.4,0,GO:0007623,circadian rhythm,M00000010,1,0
0,0,0,0,0,0,0,1,0,0,0,0,0,0,0,-2.1,GO:0010712,regulation of collagen metabolic process,M00000001,1,0
0,0,0,0,1,0,0,0,0,0,0,0,-2.3,0,0,0,M50,PID PTP1B PATHWAY,M00001000,1,0
0,0,0,0,1,0,0,0,0,0,0,0,-4.3,0,0,0,GO:0071347,cellular response to interleukin-1,M00001000,1,0
1,0,0,0,0,0,0,0,-2.9,0,0,0,0,0,0,0,WP3931,Embryonic stem cell pluripotency pathways,M10000000,1,0
0,0,0,0,0,1,0,0,0,0,0,0,0,-2.8,0,0,GO:0043300,regulation of leukocyte degranulation,M00000100,1,0
0,0,0,0,0,0,1,0,0,0,0,0,0,0,-3.7,0,GO:0001991,regulation of systemic arterial blood pressure by circulatory renin-angiotensin,M00000010,1,0
0,0,1,0,0,0,0,0,0,0,-2.3,0,0,0,0,0,GO:0097150,neuronal stem cell population maintenance,M00100000,1,0
0,0,0,0,0,0,0,1,0,0,0,0,0,0,0,-2.2,hsa05100,Bacterial invasion of epithelial cells,M00000001,1,0
0,1,0,0,0,0,0,0,0,-2.2,0,0,0,0,0,0,GO:0042491,inner ear auditory receptor cell differentiation,M01000000,1,0
0,0,0,0,0,0,0,1,0,0,0,0,0,0,0,-3.1,hsa05220,Chronic myeloid leukemia,M00000001,1,0
0,1,0,0,0,0,0,0,0,-3.3,0,0,0,0,0,0,GO:0034375,high-density lipoprotein particle remodeling,M01000000,1,0
0,0,0,0,1,0,0,0,0,0,0,0,-14,0,0,0,R-HSA-4086400,PCP/CE pathway,M00001000,1,0
1,0,0,0,0,0,0,0,-2.4,0,0,0,0,0,0,0,GO:0051647,nucleus localization,M10000000,1,0
0,0,1,0,0,0,0,0,0,0,-2.2,0,0,0,0,0,R-HSA-438064,Post NMDA receptor activation events,M00100000,1,0
0,0,0,0,0,0,1,0,0,0,0,0,0,0,-3.4,0,GO:1903573,negative regulation of response to endoplasmic reticulum stress,M00000010,1,0
0,0,1,0,0,0,0,0,0,0,-2.8,0,0,0,0,0,R-HSA-421270,Cell-cell junction organization,M00100000,1,0
1,0,0,0,0,0,0,0,-2.3,0,0,0,0,0,0,0,hsa04066,HIF-1 signaling pathway,M10000000,1,0
0,0,0,0,1,0,0,0,0,0,0,0,-23,0,0,0,hsa05169,Epstein-Barr virus infection,M00001000,1,0
0,0,1,0,0,0,0,0,0,0,-2.3,0,0,0,0,0,GO:0120034,positive regulation of plasma membrane bounded cell projection assembly,M00100000,1,0
0,0,0,0,1,0,0,0,0,0,0,0,-3,0,0,0,WP707,DNA damage response,M00001000,1,0
0,0,0,0,1,0,0,0,0,0,0,0,-3,0,0,0,WP5130,Th17 cell differentiation pathway,M00001000,1,0
0,0,1,0,0,0,0,0,0,0,-2.9,0,0,0,0,0,R-HSA-9730414,MITF-M-regulated melanocyte development,M00100000,1,0
0,0,0,0,1,0,0,0,0,0,0,0,-2.5,0,0,0,GO:0001776,leukocyte homeostasis,M00001000,1,0
0,0,1,0,0,0,0,0,0,0,-2.9,0,0,0,0,0,GO:0006282,regulation of DNA repair,M00100000,1,0
0,0,0,0,1,0,0,0,0,0,0,0,-4,0,0,0,GO:0051250,negative regulation of lymphocyte activation,M00001000,1,0
0,0,0,1,0,0,0,0,0,0,0,-3,0,0,0,0,GO:1902547,regulation of cellular response to vascular endothelial growth factor stimulus,M00010000,1,0
0,0,0,0,1,0,0,0,0,0,0,0,-10,0,0,0,hsa05162,Measles,M00001000,1,0
1,0,0,0,0,0,0,0,-2.7,0,0,0,0,0,0,0,GO:0009755,hormone-mediated signaling pathway,M10000000,1,0
0,0,0,0,0,0,1,0,0,0,0,0,0,0,-6.4,0,GO:0006695,cholesterol biosynthetic process,M00000010,1,0
1,0,0,0,0,0,0,0,-2.2,0,0,0,0,0,0,0,GO:0010001,glial cell differentiation,M10000000,1,0
0,0,0,0,0,0,1,0,0,0,0,0,0,0,-6.7,0,WP5193,Cholesterol synthesis disorders,M00000010,1,0
1,0,0,0,0,0,0,0,-3,0,0,0,0,0,0,0,GO:0051924,regulation of calcium ion transport,M10000000,1,0
0,0,0,0,1,0,0,0,0,0,0,0,-2.3,0,0,0,GO:0061351,neural precursor cell proliferation,M00001000,1,0
1,0,0,0,0,0,0,0,-5,0,0,0,0,0,0,0,GO:1905908,positive regulation of amyloid fibril formation,M10000000,1,0
0,0,0,0,0,0,1,0,0,0,0,0,0,0,-2.3,0,R-HSA-3781865,Diseases of glycosylation,M00000010,1,0
0,1,0,0,0,0,0,0,0,-2.3,0,0,0,0,0,0,GO:0098662,inorganic cation transmembrane transport,M01000000,1,0
0,0,1,0,0,0,0,0,0,0,-3.2,0,0,0,0,0,GO:0090630,activation of GTPase activity,M00100000,1,0
0,0,0,0,1,0,0,0,0,0,0,0,-5,0,0,0,GO:0046634,regulation of alpha-beta T cell activation,M00001000,1,0
0,0,0,0,1,0,0,0,0,0,0,0,-6.9,0,0,0,GO:0032479,regulation of type I interferon production,M00001000,1,0
1,0,0,0,0,0,0,0,-2.1,0,0,0,0,0,0,0,GO:0007034,vacuolar transport,M10000000,1,0
1,0,0,0,0,0,0,0,-2,0,0,0,0,0,0,0,M238,PID THROMBIN PAR1 PATHWAY,M10000000,1,0
1,0,0,0,0,0,0,0,-2.7,0,0,0,0,0,0,0,WP673,ErbB signaling pathway,M10000000,1,0
0,0,1,0,0,0,0,0,0,0,-4.2,0,0,0,0,0,M83,PID CDC42 REG PATHWAY,M00100000,1,0
0,0,0,0,1,0,0,0,0,0,0,0,-4.2,0,0,0,hsa05012,Parkinson disease,M00001000,1,0
0,0,0,0,0,0,0,1,0,0,0,0,0,0,0,-3.6,M5928,HALLMARK MYC TARGETS V2,M00000001,1,0
0,0,0,0,0,0,1,0,0,0,0,0,0,0,-2.6,0,GO:0001990,regulation of systemic arterial blood pressure by hormone,M00000010,1,0
0,0,1,0,0,0,0,0,0,0,-2,0,0,0,0,0,GO:0034644,cellular response to UV,M00100000,1,0
0,0,0,0,1,0,0,0,0,0,0,0,-3.3,0,0,0,R-HSA-447115,Interleukin-12 family signaling,M00001000,1,0
0,0,0,0,0,0,1,0,0,0,0,0,0,0,-2.2,0,GO:0006893,Golgi to plasma membrane transport,M00000010,1,0
0,0,1,0,0,0,0,0,0,0,-3.8,0,0,0,0,0,GO:0002520,immune system development,M00100000,1,0
1,0,0,0,0,0,0,0,-4.2,0,0,0,0,0,0,0,GO:0042593,glucose homeostasis,M10000000,1,0
0,0,0,0,0,1,0,0,0,0,0,0,0,-4.5,0,0,GO:0050854,regulation of antigen receptor-mediated signaling pathway,M00000100,1,0
0,0,0,0,0,1,0,0,0,0,0,0,0,-2.2,0,0,GO:0030900,forebrain development,M00000100,1,0
0,0,0,0,0,0,0,1,0,0,0,0,0,0,0,-2.1,R-HSA-74752,Signaling by Insulin receptor,M00000001,1,0
0,0,0,0,1,0,0,0,0,0,0,0,-2.5,0,0,0,GO:0021762,substantia nigra development,M00001000,1,0
0,0,1,0,0,0,0,0,0,0,-2.1,0,0,0,0,0,GO:0070507,regulation of microtubule cytoskeleton organization,M00100000,1,0
0,0,1,0,0,0,0,0,0,0,-2.2,0,0,0,0,0,GO:0061448,connective tissue development,M00100000,1,0
0,0,0,0,1,0,0,0,0,0,0,0,-11,0,0,0,R-HSA-4641258,Degradation of DVL,M00001000,1,0
0,0,0,0,1,0,0,0,0,0,0,0,-2.3,0,0,0,GO:0062207,regulation of pattern recognition receptor signaling pathway,M00001000,1,0
0,0,1,0,0,0,0,0,0,0,-2.8,0,0,0,0,0,R-HSA-9634815,Transcriptional Regulation by NPAS4,M00100000,1,0
0,0,0,0,0,0,1,0,0,0,0,0,0,0,-4.1,0,GO:0034975,protein folding in endoplasmic reticulum,M00000010,1,0
1,0,0,0,0,0,0,0,-2.8,0,0,0,0,0,0,0,GO:0060048,cardiac muscle contraction,M10000000,1,0
0,0,0,0,1,0,0,0,0,0,0,0,-6.2,0,0,0,R-HSA-909733,Interferon alpha/beta signaling,M00001000,1,0
1,0,0,0,0,0,0,0,-3,0,0,0,0,0,0,0,GO:0003015,heart process,M10000000,1,0
0,0,0,0,1,0,0,0,0,0,0,0,-11,0,0,0,R-HSA-8948751,Regulation of PTEN stability and activity,M00001000,1,0
0,0,0,0,1,0,0,0,0,0,0,0,-3.6,0,0,0,GO:0039535,regulation of RIG-I signaling pathway,M00001000,1,0
0,1,0,0,0,0,0,0,0,-2.1,0,0,0,0,0,0,GO:0006576,biogenic amine metabolic process,M01000000,1,0
0,0,0,0,1,0,0,0,0,0,0,0,-2.3,0,0,0,GO:1901796,regulation of signal transduction by p53 class mediator,M00001000,1,0
0,0,1,0,0,0,0,0,0,0,-2.4,0,0,0,0,0,R-HSA-5620922,BBSome-mediated cargo-targeting to cilium,M00100000,1,0
0,0,0,0,0,0,1,0,0,0,0,0,0,0,-2.1,0,GO:0034030,ribonucleoside bisphosphate biosynthetic process,M00000010,1,0
0,0,0,0,1,0,0,0,0,0,0,0,-3.6,0,0,0,GO:0045953,negative regulation of natural killer cell mediated cytotoxicity,M00001000,1,0
0,1,0,0,0,0,0,0,0,-2.4,0,0,0,0,0,0,hsa00982,Drug metabolism - cytochrome P450,M01000000,1,0
0,0,0,0,1,0,0,0,0,0,0,0,-3.7,0,0,0,R-HSA-5676594,TNF receptor superfamily (TNFSF) members mediating non-canonical NF-kB pathway,M00001000,1,0
0,0,0,0,1,0,0,0,0,0,0,0,-2.9,0,0,0,R-HSA-5213460,RIPK1-mediated regulated necrosis,M00001000,1,0
0,0,0,0,0,0,1,0,0,0,0,0,0,0,-9.2,0,GO:0032940,secretion by cell,M00000010,1,0
0,0,1,0,0,0,0,0,0,0,-3.5,0,0,0,0,0,hsa04211,Longevity regulating pathway,M00100000,1,0
0,0,1,0,0,0,0,0,0,0,-3.6,0,0,0,0,0,GO:0000910,cytokinesis,M00100000,1,0
0,0,0,0,0,1,0,0,0,0,0,0,0,-2.5,0,0,WP4917,Proximal tubule transport,M00000100,1,0
0,0,1,0,0,0,0,0,0,0,-3.7,0,0,0,0,0,GO:1902117,positive regulation of organelle assembly,M00100000,1,0
1,0,0,0,0,0,0,0,-2.2,0,0,0,0,0,0,0,GO:0046496,nicotinamide nucleotide metabolic process,M10000000,1,0
1,0,0,0,0,0,0,0,-2.1,0,0,0,0,0,0,0,R-HSA-9013420,RHOU GTPase cycle,M10000000,1,0
0,0,0,0,1,0,0,0,0,0,0,0,-2.9,0,0,0,GO:0046637,regulation of alpha-beta T cell differentiation,M00001000,1,0
0,0,0,0,0,0,0,1,0,0,0,0,0,0,0,-4.3,R-HSA-204005,COPII-mediated vesicle transport,M00000001,1,0
0,0,0,0,1,0,0,0,0,0,0,0,-2.8,0,0,0,M196,PID IL23 PATHWAY,M00001000,1,0
0,0,0,0,0,0,0,1,0,0,0,0,0,0,0,-3,GO:0070849,response to epidermal growth factor,M00000001,1,0
0,0,0,0,0,0,0,1,0,0,0,0,0,0,0,-2.3,GO:0045324,late endosome to vacuole transport,M00000001,1,0
1,0,0,0,0,0,0,0,-2.2,0,0,0,0,0,0,0,GO:0048662,negative regulation of smooth muscle cell proliferation,M10000000,1,0
0,0,0,0,0,1,0,0,0,0,0,0,0,-2.3,0,0,GO:0043270,positive regulation of monoatomic ion transport,M00000100,1,0
1,0,0,0,0,0,0,0,-5.7,0,0,0,0,0,0,0,GO:0006635,fatty acid beta-oxidation,M10000000,1,0
0,1,0,0,0,0,0,0,0,-2.2,0,0,0,0,0,0,GO:0006814,sodium ion transport,M01000000,1,0
0,0,0,0,0,0,1,0,0,0,0,0,0,0,-2,0,GO:1902895,positive regulation of miRNA transcription,M00000010,1,0
0,0,0,0,1,0,0,0,0,0,0,0,-6.5,0,0,0,GO:0045580,regulation of T cell differentiation,M00001000,1,0
0,0,0,0,1,0,0,0,0,0,0,0,-4.8,0,0,0,GO:0019884,antigen processing and presentation of exogenous antigen,M00001000,1,0
0,0,0,0,0,1,0,0,0,0,0,0,0,-2.4,0,0,M5956,HALLMARK KRAS SIGNALING DN,M00000100,1,0
1,0,0,0,0,0,0,0,-7.6,0,0,0,0,0,0,0,GO:0072329,monocarboxylic acid catabolic process,M10000000,1,0
1,0,0,0,0,0,0,0,-2.1,0,0,0,0,0,0,0,R-HSA-2219530,Constitutive Signaling by Aberrant PI3K in Cancer,M10000000,1,0
0,0,1,0,0,0,0,0,0,0,-2.6,0,0,0,0,0,M22004,BIOCARTA CHREBP PATHWAY,M00100000,1,0
0,0,0,0,1,0,0,0,0,0,0,0,-3.9,0,0,0,GO:0002486,"antigen processing and presentation of endogenous peptide antigen via MHC class I via ER pathway, TAP-independent",M00001000,1,0
1,0,0,0,0,0,0,0,-2.4,0,0,0,0,0,0,0,GO:1901185,negative regulation of ERBB signaling pathway,M10000000,1,0
0,0,0,0,1,0,0,0,0,0,0,0,-3.5,0,0,0,GO:0048145,regulation of fibroblast proliferation,M00001000,1,0
0,0,0,0,1,0,0,0,0,0,0,0,-3.3,0,0,0,M13968,BIOCARTA HIVNEF PATHWAY,M00001000,1,0
0,0,0,0,0,1,0,0,0,0,0,0,0,-3.4,0,0,GO:0033081,regulation of T cell differentiation in thymus,M00000100,1,0
0,0,0,0,1,0,0,0,0,0,0,0,-2.5,0,0,0,GO:0070661,leukocyte proliferation,M00001000,1,0
0,0,0,0,1,0,0,0,0,0,0,0,-11,0,0,0,hsa05164,Influenza A,M00001000,1,0
0,0,0,0,1,0,0,0,0,0,0,0,-5,0,0,0,hsa05140,Leishmaniasis,M00001000,1,0
0,0,0,0,0,0,1,0,0,0,0,0,0,0,-2.1,0,GO:0008593,regulation of Notch signaling pathway,M00000010,1,0
0,0,1,0,0,0,0,0,0,0,-2.3,0,0,0,0,0,GO:0044090,positive regulation of vacuole organization,M00100000,1,0
0,0,0,0,1,0,0,0,0,0,0,0,-2,0,0,0,WP3680,Physico chemical features and toxicity associated pathways,M00001000,1,0
0,0,1,0,0,0,0,0,0,0,-3.2,0,0,0,0,0,GO:0032104,regulation of response to extracellular stimulus,M00100000,1,0
0,0,0,0,1,0,0,0,0,0,0,0,-7.3,0,0,0,R-HSA-937061,TRIF (TICAM1)-mediated TLR4 signaling,M00001000,1,0
0,0,1,0,0,0,0,0,0,0,-3.2,0,0,0,0,0,M7968,BIOCARTA CARM1 PATHWAY,M00100000,1,0
0,1,0,0,0,0,0,0,0,-2.9,0,0,0,0,0,0,GO:0016101,diterpenoid metabolic process,M01000000,1,0
0,0,0,1,0,0,0,0,0,0,0,-2.5,0,0,0,0,hsa04140,Autophagy - animal,M00010000,1,0
0,0,0,0,0,1,0,0,0,0,0,0,0,-2,0,0,R-HSA-9663891,Selective autophagy,M00000100,1,0
0,0,0,1,0,0,0,0,0,0,0,-3.1,0,0,0,0,GO:0042771,intrinsic apoptotic signaling pathway in response to DNA damage by p53 class mediator,M00010000,1,0
0,1,0,0,0,0,0,0,0,-2.8,0,0,0,0,0,0,hsa04977,Vitamin digestion and absorption,M01000000,1,0
0,0,0,0,1,0,0,0,0,0,0,0,-3.6,0,0,0,GO:0045655,regulation of monocyte differentiation,M00001000,1,0
0,0,0,0,0,0,1,0,0,0,0,0,0,0,-2.7,0,R-HSA-3906995,Diseases associated with O-glycosylation of proteins,M00000010,1,0
1,0,0,0,0,0,0,0,-3.8,0,0,0,0,0,0,0,hsa04725,Cholinergic synapse,M10000000,1,0
0,0,0,0,0,0,0,1,0,0,0,0,0,0,0,-2.1,R-HSA-674695,RNA Polymerase II Pre-transcription Events,M00000001,1,0
0,0,0,0,0,0,1,0,0,0,0,0,0,0,-8.1,0,GO:0140352,export from cell,M00000010,1,0
0,0,0,0,0,0,1,0,0,0,0,0,0,0,-2.7,0,WP5312,Metabolic pathways of fibroblasts,M00000010,1,0
0,0,0,0,1,0,0,0,0,0,0,0,-11,0,0,0,R-HSA-5610783,Degradation of GLI2 by the proteasome,M00001000,1,0
0,0,0,0,0,0,0,1,0,0,0,0,0,0,0,-2.9,GO:0003309,type B pancreatic cell differentiation,M00000001,1,0
0,0,0,0,0,0,0,1,0,0,0,0,0,0,0,-3.6,GO:0048199,"vesicle targeting, to, from or within Golgi",M00000001,1,0
0,0,0,0,1,0,0,0,0,0,0,0,-11,0,0,0,R-HSA-5610785,GLI3 is processed to GLI3R by the proteasome,M00001000,1,0
0,0,0,0,0,0,1,0,0,0,0,0,0,0,-3.2,0,GO:0023061,signal release,M00000010,1,0
0,0,0,0,1,0,0,0,0,0,0,0,-4.3,0,0,0,WP3982,miRNA regulation of p53 pathway in prostate cancer,M00001000,1,0
0,0,0,0,1,0,0,0,0,0,0,0,-7.7,0,0,0,M22023,BIOCARTA MHC PATHWAY,M00001000,1,0
1,0,0,0,0,0,0,0,-2.9,0,0,0,0,0,0,0,GO:0010288,response to lead ion,M10000000,1,0
0,0,0,0,1,0,0,0,0,0,0,0,-3.1,0,0,0,GO:0043903,regulation of biological process involved in symbiotic interaction,M00001000,1,0
0,1,0,0,0,0,0,0,0,-2.6,0,0,0,0,0,0,GO:0019218,regulation of steroid metabolic process,M01000000,1,0
0,0,0,1,0,0,0,0,0,0,0,-4.7,0,0,0,0,GO:0030857,negative regulation of epithelial cell differentiation,M00010000,1,0
0,1,0,0,0,0,0,0,0,-4.7,0,0,0,0,0,0,GO:0043648,dicarboxylic acid metabolic process,M01000000,1,0
0,0,0,0,1,0,0,0,0,0,0,0,-9.7,0,0,0,R-HSA-69656,Cyclin A:Cdk2-associated events at S phase entry,M00001000,1,0
1,0,0,0,0,0,0,0,-2.7,0,0,0,0,0,0,0,GO:0007611,learning or memory,M10000000,1,0
0,0,0,0,1,0,0,0,0,0,0,0,-3.2,0,0,0,M54,PID IL12 2PATHWAY,M00001000,1,0
0,1,0,0,0,0,0,0,0,-2.4,0,0,0,0,0,0,GO:0060122,inner ear receptor cell stereocilium organization,M01000000,1,0
0,0,0,0,1,0,0,0,0,0,0,0,-3.3,0,0,0,GO:0045637,regulation of myeloid cell differentiation,M00001000,1,0
0,0,0,0,1,0,0,0,0,0,0,0,-4.2,0,0,0,GO:0002269,leukocyte activation involved in inflammatory response,M00001000,1,0
0,0,0,0,1,0,0,0,0,0,0,0,-7.8,0,0,0,hsa05014,Amyotrophic lateral sclerosis,M00001000,1,0
0,0,0,0,1,0,0,0,0,0,0,0,-3.2,0,0,0,GO:0045620,negative regulation of lymphocyte differentiation,M00001000,1,0
0,0,0,0,0,1,0,0,0,0,0,0,0,-4.3,0,0,R-HSA-9833482,PKR-mediated signaling,M00000100,1,0
1,0,0,0,0,0,0,0,-2.3,0,0,0,0,0,0,0,R-HSA-5663084,Diseases of carbohydrate metabolism,M10000000,1,0
0,0,0,0,0,0,0,1,0,0,0,0,0,0,0,-2.1,GO:0019058,viral life cycle,M00000001,1,0
0,0,0,0,0,1,0,0,0,0,0,0,0,-2.3,0,0,GO:2000117,negative regulation of cysteine-type endopeptidase activity,M00000100,1,0
1,0,0,0,0,0,0,0,-2.1,0,0,0,0,0,0,0,R-HSA-9035034,RHOF GTPase cycle,M10000000,1,0
0,1,0,0,0,0,0,0,0,-2.9,0,0,0,0,0,0,M15997,BIOCARTA INTRINSIC PATHWAY,M01000000,1,0
0,0,0,0,1,0,0,0,0,0,0,0,-7.3,0,0,0,R-HSA-8878171,Transcriptional regulation by RUNX1,M00001000,1,0
0,0,0,0,0,1,0,0,0,0,0,0,0,-5.4,0,0,GO:0072676,lymphocyte migration,M00000100,1,0
0,0,1,0,0,0,0,0,0,0,-4.6,0,0,0,0,0,R-HSA-9734009,Defective Intrinsic Pathway for Apoptosis,M00100000,1,0
0,0,0,0,0,0,0,1,0,0,0,0,0,0,0,-2.4,GO:0006613,cotranslational protein targeting to membrane,M00000001,1,0
0,0,0,0,0,0,0,1,0,0,0,0,0,0,0,-3.1,hsa00513,Various types of N-glycan biosynthesis,M00000001,1,0
1,0,0,0,0,0,0,0,-5.4,0,0,0,0,0,0,0,WP4686,Leucine isoleucine and valine metabolism,M10000000,1,0
0,0,0,0,1,0,0,0,0,0,0,0,-12,0,0,0,R-HSA-8854050,FBXL7 down-regulates AURKA during mitotic entry and in early mitosis,M00001000,1,0
0,0,0,0,1,0,0,0,0,0,0,0,-7.1,0,0,0,R-HSA-69002,DNA Replication Pre-Initiation,M00001000,1,0
0,0,0,0,1,0,0,0,0,0,0,0,-2.1,0,0,0,R-HSA-9820952,Respiratory Syncytial Virus Infection Pathway,M00001000,1,0
0,0,0,0,0,0,1,0,0,0,0,0,0,0,-3.1,0,GO:0007033,vacuole organization,M00000010,1,0
0,0,1,0,0,0,0,0,0,0,-2.5,0,0,0,0,0,WP4540,Hippo signaling regulation pathways,M00100000,1,0
0,0,0,0,1,0,0,0,0,0,0,0,-16,0,0,0,R-HSA-5688426,Deubiquitination,M00001000,1,0
0,1,0,0,0,0,0,0,0,-4.3,0,0,0,0,0,0,GO:0030195,negative regulation of blood coagulation,M01000000,1,0
0,0,0,0,1,0,0,0,0,0,0,0,-5.2,0,0,0,GO:0071346,cellular response to type II interferon,M00001000,1,0
0,0,0,0,1,0,0,0,0,0,0,0,-5.3,0,0,0,GO:0042270,protection from natural killer cell mediated cytotoxicity,M00001000,1,0
0,0,1,0,0,0,0,0,0,0,-2.1,0,0,0,0,0,R-HSA-5628897,TP53 Regulates Metabolic Genes,M00100000,1,0
0,0,0,0,0,0,1,0,0,0,0,0,0,0,-2.8,0,GO:0006664,glycolipid metabolic process,M00000010,1,0
0,0,0,0,0,0,0,1,0,0,0,0,0,0,0,-2.3,hsa04110,Cell cycle,M00000001,1,0
1,0,0,0,0,0,0,0,-3.7,0,0,0,0,0,0,0,hsa00630,Glyoxylate and dicarboxylate metabolism,M10000000,1,0
1,0,0,0,0,0,0,0,-2.3,0,0,0,0,0,0,0,GO:0002021,response to dietary excess,M10000000,1,0
1,0,0,0,0,0,0,0,-2.1,0,0,0,0,0,0,0,GO:0043010,camera-type eye development,M10000000,1,0
0,0,0,0,1,0,0,0,0,0,0,0,-10,0,0,0,WP619,Type II interferon signaling,M00001000,1,0
0,0,0,0,0,1,0,0,0,0,0,0,0,-2.6,0,0,GO:1901222,regulation of non-canonical NF-kappaB signal transduction,M00000100,1,0
0,0,0,0,0,0,1,0,0,0,0,0,0,0,-7.3,0,GO:0016126,sterol biosynthetic process,M00000010,1,0
0,0,0,0,1,0,0,0,0,0,0,0,-2.7,0,0,0,WP2516,ATM signaling pathway,M00001000,1,0
0,0,0,0,1,0,0,0,0,0,0,0,-2.9,0,0,0,GO:0045860,positive regulation of protein kinase activity,M00001000,1,0
0,0,0,0,0,0,1,0,0,0,0,0,0,0,-3.7,0,GO:0061919,process utilizing autophagic mechanism,M00000010,1,0
0,0,1,0,0,0,0,0,0,0,-3.4,0,0,0,0,0,M101,PID HDAC CLASSI PATHWAY,M00100000,1,0
1,0,0,0,0,0,0,0,-3.4,0,0,0,0,0,0,0,WP3958,GPR40 pathway,M10000000,1,0
0,0,0,0,1,0,0,0,0,0,0,0,-2.8,0,0,0,GO:0032720,negative regulation of tumor necrosis factor production,M00001000,1,0
0,0,0,0,1,0,0,0,0,0,0,0,-6.6,0,0,0,hsa04380,Osteoclast differentiation,M00001000,1,0
1,0,0,0,0,0,0,0,-2.3,0,0,0,0,0,0,0,hsa05031,Amphetamine addiction,M10000000,1,0
0,0,0,1,0,0,0,0,0,0,0,-2.5,0,0,0,0,GO:0050732,negative regulation of peptidyl-tyrosine phosphorylation,M00010000,1,0
0,0,0,0,0,0,0,1,0,0,0,0,0,0,0,-2.2,WP2118,Arrhythmogenic right ventricular cardiomyopathy,M00000001,1,0
0,1,0,0,0,0,0,0,0,-3.7,0,0,0,0,0,0,M4470,BIOCARTA EXTRINSIC PATHWAY,M01000000,1,0
0,0,0,0,0,0,0,1,0,0,0,0,0,0,0,-4.7,GO:0035964,COPI-coated vesicle budding,M00000001,1,0
0,1,0,0,0,0,0,0,0,-2.8,0,0,0,0,0,0,GO:0002285,lymphocyte activation involved in immune response,M01000000,1,0
0,0,0,0,0,0,0,1,0,0,0,0,0,0,0,-2.7,GO:0051648,vesicle localization,M00000001,1,0
0,0,1,0,0,0,0,0,0,0,-2.1,0,0,0,0,0,GO:0035113,embryonic appendage morphogenesis,M00100000,1,0
1,0,0,0,0,0,0,0,-2.3,0,0,0,0,0,0,0,GO:0048841,regulation of axon extension involved in axon guidance,M10000000,1,0
0,0,0,0,1,0,0,0,0,0,0,0,-2.3,0,0,0,GO:0032642,regulation of chemokine production,M00001000,1,0
1,0,0,0,0,0,0,0,-2.6,0,0,0,0,0,0,0,GO:0048843,negative regulation of axon extension involved in axon guidance,M10000000,1,0
0,0,0,0,0,0,0,1,0,0,0,0,0,0,0,-2.3,GO:0006882,intracellular zinc ion homeostasis,M00000001,1,0
0,0,0,0,1,0,0,0,0,0,0,0,-12,0,0,0,R-HSA-162909,Host Interactions of HIV factors,M00001000,1,0
0,0,0,0,1,0,0,0,0,0,0,0,-2.4,0,0,0,GO:1903312,negative regulation of mRNA metabolic process,M00001000,1,0
0,0,0,0,1,0,0,0,0,0,0,0,-13,0,0,0,R-HSA-5607764,CLEC7A (Dectin-1) signaling,M00001000,1,0
0,0,0,0,1,0,0,0,0,0,0,0,-5.3,0,0,0,GO:0002397,MHC class I protein complex assembly,M00001000,1,0
1,0,0,0,0,0,0,0,-3.1,0,0,0,0,0,0,0,GO:0033194,response to hydroperoxide,M10000000,1,0
0,0,0,0,1,0,0,0,0,0,0,0,-11,0,0,0,R-HSA-9793380,Formation of paraxial mesoderm,M00001000,1,0
0,1,0,0,0,0,0,0,0,-6.4,0,0,0,0,0,0,hsa04979,Cholesterol metabolism,M01000000,1,0
0,0,0,0,0,0,1,0,0,0,0,0,0,0,-2.2,0,GO:0050905,neuromuscular process,M00000010,1,0
0,0,0,0,0,1,0,0,0,0,0,0,0,-5.5,0,0,WP5146,Lung pathology of COVID 19,M00000100,1,0
0,0,0,0,0,0,0,1,0,0,0,0,0,0,0,-2.1,R-HSA-6806834,Signaling by MET,M00000001,1,0
1,0,0,0,0,0,0,0,-3.8,0,0,0,0,0,0,0,WP5373,Osteoarthritic chondrocyte hypertrophy,M10000000,1,0
0,0,0,0,0,0,0,1,0,0,0,0,0,0,0,-2.2,GO:0050821,protein stabilization,M00000001,1,0
0,0,0,0,0,1,0,0,0,0,0,0,0,-2.9,0,0,R-HSA-8955332,Carboxyterminal post-translational modifications of tubulin,M00000100,1,0
0,0,0,0,1,0,0,0,0,0,0,0,-3.2,0,0,0,GO:0002726,positive regulation of T cell cytokine production,M00001000,1,0
0,0,0,0,0,1,0,0,0,0,0,0,0,-3.4,0,0,GO:0032740,positive regulation of interleukin-17 production,M00000100,1,0
0,0,0,0,1,0,0,0,0,0,0,0,-4.5,0,0,0,GO:0097529,myeloid leukocyte migration,M00001000,1,0
0,0,0,0,1,0,0,0,0,0,0,0,-4,0,0,0,GO:0010822,positive regulation of mitochondrion organization,M00001000,1,0
0,0,0,0,0,0,1,0,0,0,0,0,0,0,-3.1,0,GO:0007042,lysosomal lumen acidification,M00000010,1,0
0,1,0,0,0,0,0,0,0,-3.6,0,0,0,0,0,0,GO:0002719,negative regulation of cytokine production involved in immune response,M01000000,1,0
0,1,0,0,0,0,0,0,0,-5.2,0,0,0,0,0,0,R-HSA-9675143,Diseases of the neuronal system,M01000000,1,0
1,0,0,0,0,0,0,0,-2.4,0,0,0,0,0,0,0,WP5122,Prostaglandin and leukotriene metabolism in senescence,M10000000,1,0
0,0,0,0,1,0,0,0,0,0,0,0,-11,0,0,0,GO:0043122,regulation of canonical NF-kappaB signal transduction,M00001000,1,0
0,1,0,0,0,0,0,0,0,-4.1,0,0,0,0,0,0,R-HSA-8963901,Chylomicron remodeling,M01000000,1,0
0,0,0,0,0,0,0,1,0,0,0,0,0,0,0,-2.2,GO:0040036,regulation of fibroblast growth factor receptor signaling pathway,M00000001,1,0
0,0,0,0,1,0,0,0,0,0,0,0,-2.6,0,0,0,GO:0032733,positive regulation of interleukin-10 production,M00001000,1,0
1,0,0,0,0,0,0,0,-5.4,0,0,0,0,0,0,0,hsa04919,Thyroid hormone signaling pathway,M10000000,1,0
0,0,0,1,0,0,0,0,0,0,0,-2,0,0,0,0,GO:0060411,cardiac septum morphogenesis,M00010000,1,0
0,0,0,0,0,1,0,0,0,0,0,0,0,-3.9,0,0,GO:0071320,cellular response to cAMP,M00000100,1,0
0,0,0,0,0,0,1,0,0,0,0,0,0,0,-2.2,0,GO:0045747,positive regulation of Notch signaling pathway,M00000010,1,0
1,0,0,0,0,0,0,0,-7.6,0,0,0,0,0,0,0,hsa00280,"Valine, leucine and isoleucine degradation",M10000000,1,0
0,0,0,0,0,0,0,1,0,0,0,0,0,0,0,-2.6,GO:0051289,protein homotetramerization,M00000001,1,0
0,0,0,0,0,1,0,0,0,0,0,0,0,-2.1,0,0,GO:1900015,regulation of cytokine production involved in inflammatory response,M00000100,1,0
0,0,0,0,1,0,0,0,0,0,0,0,-2.3,0,0,0,GO:1903320,regulation of protein modification by small protein conjugation or removal,M00001000,1,0
0,0,0,0,0,1,0,0,0,0,0,0,0,-2.1,0,0,GO:0016525,negative regulation of angiogenesis,M00000100,1,0
0,0,1,0,0,0,0,0,0,0,-4.6,0,0,0,0,0,WP5236,Markers of kidney cell lineage,M00100000,1,0
0,1,0,0,0,0,0,0,0,-2.2,0,0,0,0,0,0,R-HSA-186712,Regulation of beta-cell development,M01000000,1,0
0,1,0,0,0,0,0,0,0,-2.1,0,0,0,0,0,0,GO:0009582,detection of abiotic stimulus,M01000000,1,0
0,0,0,0,0,0,0,1,0,0,0,0,0,0,0,-2.4,GO:0009311,oligosaccharide metabolic process,M00000001,1,0
0,0,0,0,1,0,0,0,0,0,0,0,-2.9,0,0,0,GO:0031663,lipopolysaccharide-mediated signaling pathway,M00001000,1,0
0,0,0,0,0,0,1,0,0,0,0,0,0,0,-2.3,0,GO:0007519,skeletal muscle tissue development,M00000010,1,0
0,0,0,0,1,0,0,0,0,0,0,0,-5.9,0,0,0,GO:0001818,negative regulation of cytokine production,M00001000,1,0
0,0,0,0,1,0,0,0,0,0,0,0,-3.6,0,0,0,R-HSA-6791312,TP53 Regulates Transcription of Cell Cycle Genes,M00001000,1,0
0,1,0,0,0,0,0,0,0,-2.1,0,0,0,0,0,0,WP2877,Vitamin D receptor pathway,M01000000,1,0
0,0,0,0,0,1,0,0,0,0,0,0,0,-2.7,0,0,GO:0032660,regulation of interleukin-17 production,M00000100,1,0
0,0,0,0,1,0,0,0,0,0,0,0,-3.5,0,0,0,GO:0002690,positive regulation of leukocyte chemotaxis,M00001000,1,0
0,0,0,0,1,0,0,0,0,0,0,0,-7.1,0,0,0,R-HSA-8951664,Neddylation,M00001000,1,0
0,0,0,0,1,0,0,0,0,0,0,0,-2.3,0,0,0,GO:0039531,regulation of cytoplasmic pattern recognition receptor signaling pathway,M00001000,1,0
0,0,1,0,0,0,0,0,0,0,-3.2,0,0,0,0,0,GO:0043414,macromolecule methylation,M00100000,1,0
0,0,0,0,0,1,0,0,0,0,0,0,0,-2.3,0,0,GO:0034764,positive regulation of transmembrane transport,M00000100,1,0
0,0,0,0,0,1,0,0,0,0,0,0,0,-2.5,0,0,GO:0043331,response to dsRNA,M00000100,1,0
0,0,1,0,0,0,0,0,0,0,-2.5,0,0,0,0,0,GO:0006949,syncytium formation,M00100000,1,0
0,0,0,0,0,1,0,0,0,0,0,0,0,-3.5,0,0,GO:0050860,negative regulation of T cell receptor signaling pathway,M00000100,1,0
0,0,0,0,0,0,1,0,0,0,0,0,0,0,-3.1,0,GO:0018126,protein hydroxylation,M00000010,1,0
0,0,0,0,1,0,0,0,0,0,0,0,-6.6,0,0,0,GO:0032675,regulation of interleukin-6 production,M00001000,1,0
0,0,0,0,0,0,1,0,0,0,0,0,0,0,-5.5,0,GO:0060348,bone development,M00000010,1,0
0,0,0,0,0,0,1,0,0,0,0,0,0,0,-2.1,0,GO:0060840,artery development,M00000010,1,0
0,1,0,0,0,0,0,0,0,-2.6,0,0,0,0,0,0,GO:0030048,actin filament-based movement,M01000000,1,0
0,0,0,0,1,0,0,0,0,0,0,0,-3.6,0,0,0,GO:0098543,detection of other organism,M00001000,1,0
0,0,1,0,0,0,0,0,0,0,-2.2,0,0,0,0,0,R-HSA-8852135,Protein ubiquitination,M00100000,1,0
1,0,0,0,0,0,0,0,-2.8,0,0,0,0,0,0,0,GO:0007613,memory,M10000000,1,0
0,0,1,0,0,0,0,0,0,0,-2.8,0,0,0,0,0,R-HSA-2894858,Signaling by NOTCH1 HD+PEST Domain Mutants in Cancer,M00100000,1,0
1,0,0,0,0,0,0,0,-3.4,0,0,0,0,0,0,0,GO:0006026,aminoglycan catabolic process,M10000000,1,0
1,0,0,0,0,0,0,0,-2.4,0,0,0,0,0,0,0,WP4149,White fat cell differentiation,M10000000,1,0
1,0,0,0,0,0,0,0,-2.9,0,0,0,0,0,0,0,R-HSA-418597,G alpha (z) signalling events,M10000000,1,0
0,0,0,0,1,0,0,0,0,0,0,0,-7.1,0,0,0,WP3646,Hepatitis C and hepatocellular carcinoma,M00001000,1,0
1,0,0,0,0,0,0,0,-3.4,0,0,0,0,0,0,0,hsa04728,Dopaminergic synapse,M10000000,1,0
0,0,0,0,1,0,0,0,0,0,0,0,-7.4,0,0,0,M45,PID CD40 PATHWAY,M00001000,1,0
0,0,0,0,1,0,0,0,0,0,0,0,-7.8,0,0,0,R-HSA-69206,G1/S Transition,M00001000,1,0
1,0,0,0,0,0,0,0,-2.4,0,0,0,0,0,0,0,WP2197,Endothelin pathways,M10000000,1,0
0,0,0,0,1,0,0,0,0,0,0,0,-4.7,0,0,0,GO:0071621,granulocyte chemotaxis,M00001000,1,0
0,0,0,0,1,0,0,0,0,0,0,0,-4.3,0,0,0,WP4912,SARS coronavirus and innate immunity,M00001000,1,0
0,0,0,1,0,0,0,0,0,0,0,-2.6,0,0,0,0,GO:0008347,glial cell migration,M00010000,1,0
0,0,1,0,0,0,0,0,0,0,-2.2,0,0,0,0,0,R-HSA-4839726,Chromatin organization,M00100000,1,0
0,0,0,0,0,0,0,1,0,0,0,0,0,0,0,-3.1,GO:0009226,nucleotide-sugar biosynthetic process,M00000001,1,0
0,1,0,0,0,0,0,0,0,-2.3,0,0,0,0,0,0,GO:0032272,negative regulation of protein polymerization,M01000000,1,0
1,0,0,0,0,0,0,0,-2.8,0,0,0,0,0,0,0,GO:0007173,epidermal growth factor receptor signaling pathway,M10000000,1,0
0,0,0,0,1,0,0,0,0,0,0,0,-2.1,0,0,0,WP5072,Modulators of TCR signaling and T cell activation,M00001000,1,0
0,0,1,0,0,0,0,0,0,0,-2,0,0,0,0,0,R-HSA-418360,Platelet calcium homeostasis,M00100000,1,0
0,0,1,0,0,0,0,0,0,0,-2.1,0,0,0,0,0,M151,PID AR TF PATHWAY,M00100000,1,0
0,0,0,0,1,0,0,0,0,0,0,0,-2.8,0,0,0,GO:0002637,regulation of immunoglobulin production,M00001000,1,0
0,0,0,0,1,0,0,0,0,0,0,0,-12,0,0,0,R-HSA-69613,p53-Independent G1/S DNA damage checkpoint,M00001000,1,0
0,0,0,0,0,0,1,0,0,0,0,0,0,0,-2.2,0,GO:0070527,platelet aggregation,M00000010,1,0
1,0,0,0,0,0,0,0,-4,0,0,0,0,0,0,0,GO:0010035,response to inorganic substance,M10000000,1,0
0,1,0,0,0,0,0,0,0,-3.1,0,0,0,0,0,0,GO:0060119,inner ear receptor cell development,M01000000,1,0
0,0,1,0,0,0,0,0,0,0,-2.8,0,0,0,0,0,GO:0032886,regulation of microtubule-based process,M00100000,1,0
0,0,0,0,0,0,0,1,0,0,0,0,0,0,0,-2,GO:0046434,organophosphate catabolic process,M00000001,1,0
0,0,0,0,1,0,0,0,0,0,0,0,-2.1,0,0,0,GO:0048511,rhythmic process,M00001000,1,0
1,0,0,0,0,0,0,0,-4.7,0,0,0,0,0,0,0,GO:0040008,regulation of growth,M10000000,1,0
0,0,1,0,0,0,0,0,0,0,-2,0,0,0,0,0,GO:0051293,establishment of spindle localization,M00100000,1,0
0,0,0,0,0,1,0,0,0,0,0,0,0,-3.8,0,0,R-HSA-5619102,SLC transporter disorders,M00000100,1,0
0,1,0,0,0,0,0,0,0,-3.2,0,0,0,0,0,0,GO:0007584,response to nutrient,M01000000,1,0
1,0,0,0,0,0,0,0,-2.6,0,0,0,0,0,0,0,GO:0043502,regulation of muscle adaptation,M10000000,1,0
0,1,0,0,0,0,0,0,0,-2.5,0,0,0,0,0,0,GO:0042490,mechanoreceptor differentiation,M01000000,1,0
0,0,0,0,1,0,0,0,0,0,0,0,-2.5,0,0,0,GO:0071357,cellular response to type I interferon,M00001000,1,0
0,0,1,0,0,0,0,0,0,0,-2.3,0,0,0,0,0,GO:0006304,DNA modification,M00100000,1,0
0,0,0,0,1,0,0,0,0,0,0,0,-5,0,0,0,GO:0002224,toll-like receptor signaling pathway,M00001000,1,0
0,0,0,0,0,0,1,0,0,0,0,0,0,0,-2.2,0,GO:0140747,regulation of ncRNA transcription,M00000010,1,0
0,0,0,0,1,0,0,0,0,0,0,0,-2.9,0,0,0,GO:0034142,toll-like receptor 4 signaling pathway,M00001000,1,0
0,1,0,0,0,0,0,0,0,-2.4,0,0,0,0,0,0,GO:0051693,actin filament capping,M01000000,1,0
1,0,0,0,0,0,0,0,-3.1,0,0,0,0,0,0,0,GO:0009063,amino acid catabolic process,M10000000,1,0
0,0,0,0,1,0,0,0,0,0,0,0,-2.8,0,0,0,GO:1903131,mononuclear cell differentiation,M00001000,1,0
0,0,0,0,1,0,0,0,0,0,0,0,-12,0,0,0,R-HSA-180585,Vif-mediated degradation of APOBEC3G,M00001000,1,0
0,0,0,0,0,0,1,0,0,0,0,0,0,0,-3.5,0,GO:0072595,maintenance of protein localization in organelle,M00000010,1,0
0,0,0,0,1,0,0,0,0,0,0,0,-11,0,0,0,GO:0048002,antigen processing and presentation of peptide antigen,M00001000,1,0
0,0,0,0,1,0,0,0,0,0,0,0,-4.2,0,0,0,GO:0042058,regulation of epidermal growth factor receptor signaling pathway,M00001000,1,0
0,1,0,0,0,0,0,0,0,-2.7,0,0,0,0,0,0,GO:0030194,positive regulation of blood coagulation,M01000000,1,0
0,0,0,0,1,0,0,0,0,0,0,0,-12,0,0,0,R-HSA-8941858,Regulation of RUNX3 expression and activity,M00001000,1,0
0,0,0,0,1,0,0,0,0,0,0,0,-5.9,0,0,0,hsa05010,Alzheimer disease,M00001000,1,0
1,0,0,0,0,0,0,0,-4.2,0,0,0,0,0,0,0,GO:0033500,carbohydrate homeostasis,M10000000,1,0
0,0,0,0,1,0,0,0,0,0,0,0,-5.3,0,0,0,GO:0002428,antigen processing and presentation of peptide antigen via MHC class Ib,M00001000,1,0
0,0,0,0,0,0,1,0,0,0,0,0,0,0,-2.4,0,GO:0140448,signaling receptor ligand precursor processing,M00000010,1,0
1,0,0,0,0,0,0,0,-4.1,0,0,0,0,0,0,0,GO:0016139,glycoside catabolic process,M10000000,1,0
0,0,0,0,1,0,0,0,0,0,0,0,-3.3,0,0,0,GO:0045744,negative regulation of G protein-coupled receptor signaling pathway,M00001000,1,0
1,0,0,0,0,0,0,0,-5.3,0,0,0,0,0,0,0,GO:0033540,fatty acid beta-oxidation using acyl-CoA oxidase,M10000000,1,0
0,0,1,0,0,0,0,0,0,0,-2.7,0,0,0,0,0,GO:0140253,cell-cell fusion,M00100000,1,0
1,0,0,0,0,0,0,0,-2.1,0,0,0,0,0,0,0,WP500,Glycogen synthesis and degradation,M10000000,1,0
1,0,0,0,0,0,0,0,-5,0,0,0,0,0,0,0,GO:0060935,cardiac fibroblast cell differentiation,M10000000,1,0
0,0,0,0,0,1,0,0,0,0,0,0,0,-2.1,0,0,GO:0050768,negative regulation of neurogenesis,M00000100,1,0
0,0,1,0,0,0,0,0,0,0,-2.8,0,0,0,0,0,GO:0086012,membrane depolarization during cardiac muscle cell action potential,M00100000,1,0
0,0,0,1,0,0,0,0,0,0,0,-2.1,0,0,0,0,GO:0031396,regulation of protein ubiquitination,M00010000,1,0
0,0,1,0,0,0,0,0,0,0,-2.2,0,0,0,0,0,GO:0000281,mitotic cytokinesis,M00100000,1,0
0,0,0,0,1,0,0,0,0,0,0,0,-11,0,0,0,WP4630,Measles virus infection,M00001000,1,0
0,0,0,1,0,0,0,0,0,0,0,-3.1,0,0,0,0,GO:0015012,heparan sulfate proteoglycan biosynthetic process,M00010000,1,0
0,0,0,0,1,0,0,0,0,0,0,0,-4.7,0,0,0,GO:0061518,microglial cell proliferation,M00001000,1,0
0,0,0,0,0,1,0,0,0,0,0,0,0,-2.9,0,0,GO:0034767,positive regulation of monoatomic ion transmembrane transport,M00000100,1,0
0,0,0,0,1,0,0,0,0,0,0,0,-3,0,0,0,GO:2000144,positive regulation of DNA-templated transcription initiation,M00001000,1,0
0,0,0,0,1,0,0,0,0,0,0,0,-2.7,0,0,0,GO:0032728,positive regulation of interferon-beta production,M00001000,1,0
0,0,0,0,0,0,0,1,0,0,0,0,0,0,0,-2,GO:0090148,membrane fission,M00000001,1,0
0,0,0,0,1,0,0,0,0,0,0,0,-6,0,0,0,GO:0002832,negative regulation of response to biotic stimulus,M00001000,1,0
0,0,0,0,0,0,0,1,0,0,0,0,0,0,0,-2.4,GO:0019068,virion assembly,M00000001,1,0
0,1,0,0,0,0,0,0,0,-2.1,0,0,0,0,0,0,hsa04814,Motor proteins,M01000000,1,0
0,1,0,0,0,0,0,0,0,-2.6,0,0,0,0,0,0,GO:0060113,inner ear receptor cell differentiation,M01000000,1,0
0,0,0,1,0,0,0,0,0,0,0,-2.6,0,0,0,0,R-HSA-8854214,TBC/RABGAPs,M00010000,1,0
0,0,0,0,1,0,0,0,0,0,0,0,-3.2,0,0,0,GO:0032233,positive regulation of actin filament bundle assembly,M00001000,1,0
1,0,0,0,0,0,0,0,-4.3,0,0,0,0,0,0,0,GO:0060509,type I pneumocyte differentiation,M10000000,1,0
1,0,0,0,0,0,0,0,-2.5,0,0,0,0,0,0,0,WP4816,TGF beta receptor signaling in skeletal dysplasias,M10000000,1,0
0,0,0,0,0,0,0,1,0,0,0,0,0,0,0,-3,GO:0061515,myeloid cell development,M00000001,1,0
1,0,0,0,0,0,0,0,-2.2,0,0,0,0,0,0,0,GO:0070374,positive regulation of ERK1 and ERK2 cascade,M10000000,1,0
0,1,0,0,0,0,0,0,0,-4.5,0,0,0,0,0,0,GO:0060249,anatomical structure homeostasis,M01000000,1,0
0,0,0,0,1,0,0,0,0,0,0,0,-10,0,0,0,GO:0019885,antigen processing and presentation of endogenous peptide antigen via MHC class I,M00001000,1,0
0,0,0,0,1,0,0,0,0,0,0,0,-2.6,0,0,0,GO:0030098,lymphocyte differentiation,M00001000,1,0
0,0,0,0,1,0,0,0,0,0,0,0,-4.3,0,0,0,GO:0022408,negative regulation of cell-cell adhesion,M00001000,1,0
1,0,0,0,0,0,0,0,-3.9,0,0,0,0,0,0,0,WP5104,Acquired partial lipodystrophy Barraquer Simons syndrome,M10000000,1,0
1,0,0,0,0,0,0,0,-3.5,0,0,0,0,0,0,0,GO:1903522,regulation of blood circulation,M10000000,1,0
0,0,0,0,1,0,0,0,0,0,0,0,-3.2,0,0,0,GO:0002712,regulation of B cell mediated immunity,M00001000,1,0
0,0,0,0,1,0,0,0,0,0,0,0,-3.7,0,0,0,GO:0050868,negative regulation of T cell activation,M00001000,1,0
1,0,0,0,0,0,0,0,-4.7,0,0,0,0,0,0,0,WP408,Oxidative stress response,M10000000,1,0
0,0,0,0,1,0,0,0,0,0,0,0,-2.6,0,0,0,R-HSA-1433557,Signaling by SCF-KIT,M00001000,1,0
0,0,0,0,1,0,0,0,0,0,0,0,-3.1,0,0,0,GO:0032651,regulation of interleukin-1 beta production,M00001000,1,0
0,1,0,0,0,0,0,0,0,-3.2,0,0,0,0,0,0,GO:0006835,dicarboxylic acid transport,M01000000,1,0
0,0,0,0,0,1,0,0,0,0,0,0,0,-2.6,0,0,GO:0043473,pigmentation,M00000100,1,0
0,0,0,0,1,0,0,0,0,0,0,0,-5,0,0,0,R-HSA-181438,Toll Like Receptor 2 (TLR2) Cascade,M00001000,1,0
0,0,0,0,0,0,0,1,0,0,0,0,0,0,0,-2.6,R-HSA-162588,Budding and maturation of HIV virion,M00000001,1,0
0,0,0,0,1,0,0,0,0,0,0,0,-3.9,0,0,0,GO:0002478,antigen processing and presentation of exogenous peptide antigen,M00001000,1,0
1,0,0,0,0,0,0,0,-2.2,0,0,0,0,0,0,0,R-HSA-9013424,RHOV GTPase cycle,M10000000,1,0
0,0,0,0,0,0,1,0,0,0,0,0,0,0,-2.2,0,GO:0001890,placenta development,M00000010,1,0
0,0,0,0,1,0,0,0,0,0,0,0,-4.2,0,0,0,GO:0035456,response to interferon-beta,M00001000,1,0
0,1,0,0,0,0,0,0,0,-4.4,0,0,0,0,0,0,GO:0061041,regulation of wound healing,M01000000,1,0
0,0,0,0,1,0,0,0,0,0,0,0,-7.3,0,0,0,GO:0060759,regulation of response to cytokine stimulus,M00001000,1,0
0,0,1,0,0,0,0,0,0,0,-2.7,0,0,0,0,0,hsa03250,Viral life cycle - HIV-1,M00100000,1,0
0,0,0,0,1,0,0,0,0,0,0,0,-8.5,0,0,0,R-HSA-5610787,Hedgehog 'off' state,M00001000,1,0
0,0,0,0,0,0,0,1,0,0,0,0,0,0,0,-2.6,GO:0002710,negative regulation of T cell mediated immunity,M00000001,1,0
0,1,0,0,0,0,0,0,0,-4.6,0,0,0,0,0,0,GO:0034384,high-density lipoprotein particle clearance,M01000000,1,0
1,0,0,0,0,0,0,0,-3,0,0,0,0,0,0,0,GO:0032271,regulation of protein polymerization,M10000000,1,0
0,0,0,0,1,0,0,0,0,0,0,0,-6.7,0,0,0,R-HSA-5689896,Ovarian tumor domain proteases,M00001000,1,0
1,0,0,0,0,0,0,0,-3.2,0,0,0,0,0,0,0,WP4815,Glycosaminoglycan degradation,M10000000,1,0
0,0,0,0,0,0,1,0,0,0,0,0,0,0,-2.2,0,GO:0006892,post-Golgi vesicle-mediated transport,M00000010,1,0
0,0,0,0,0,0,1,0,0,0,0,0,0,0,-4.8,0,hsa00100,Steroid biosynthesis,M00000010,1,0
0,1,0,0,0,0,0,0,0,-2.5,0,0,0,0,0,0,GO:1902475,L-alpha-amino acid transmembrane transport,M01000000,1,0
0,0,0,0,1,0,0,0,0,0,0,0,-5.4,0,0,0,GO:0002476,antigen processing and presentation of endogenous peptide antigen via MHC class Ib,M00001000,1,0
0,1,0,0,0,0,0,0,0,-2.4,0,0,0,0,0,0,GO:0002526,acute inflammatory response,M01000000,1,0
0,0,0,1,0,0,0,0,0,0,0,-2.6,0,0,0,0,R-HSA-9612973,Autophagy,M00010000,1,0
0,0,0,0,1,0,0,0,0,0,0,0,-3.1,0,0,0,GO:0002220,innate immune response activating cell surface receptor signaling pathway,M00001000,1,0
0,1,0,0,0,0,0,0,0,-2.3,0,0,0,0,0,0,GO:0006739,NADP metabolic process,M01000000,1,0
1,0,0,0,0,0,0,0,-2.4,0,0,0,0,0,0,0,GO:0007628,adult walking behavior,M10000000,1,0
0,0,0,0,0,0,1,0,0,0,0,0,0,0,-2.2,0,GO:0030073,insulin secretion,M00000010,1,0
0,0,0,0,0,0,0,1,0,0,0,0,0,0,0,-2.9,WP179,Cell cycle,M00000001,1,0
1,0,0,0,0,0,0,0,-2,0,0,0,0,0,0,0,GO:0033002,muscle cell proliferation,M10000000,1,0
0,0,0,0,1,0,0,0,0,0,0,0,-10,0,0,0,R-HSA-9759194,Nuclear events mediated by NFE2L2,M00001000,1,0
1,0,0,0,0,0,0,0,-2.4,0,0,0,0,0,0,0,GO:0006112,energy reserve metabolic process,M10000000,1,0
0,0,0,0,1,0,0,0,0,0,0,0,-3,0,0,0,M167,PID AP1 PATHWAY,M00001000,1,0
1,0,0,0,0,0,0,0,-2.6,0,0,0,0,0,0,0,R-HSA-8982491,Glycogen metabolism,M10000000,1,0
0,0,0,0,1,0,0,0,0,0,0,0,-2.5,0,0,0,GO:0060337,type I interferon-mediated signaling pathway,M00001000,1,0
0,0,0,0,0,0,0,1,0,0,0,0,0,0,0,-2.4,GO:1990830,cellular response to leukemia inhibitory factor,M00000001,1,0
0,0,0,0,0,0,0,1,0,0,0,0,0,0,0,-3.4,GO:0006903,vesicle targeting,M00000001,1,0
0,1,0,0,0,0,0,0,0,-5.6,0,0,0,0,0,0,GO:0007605,sensory perception of sound,M01000000,1,0
0,0,0,0,0,0,0,1,0,0,0,0,0,0,0,-2.1,R-HSA-425366,"Transport of bile salts and organic acids, metal ions and amine compounds",M00000001,1,0
0,0,0,0,1,0,0,0,0,0,0,0,-3.3,0,0,0,WP4754,IL 18 signaling pathway,M00001000,1,0
0,0,0,1,0,0,0,0,0,0,0,-3.7,0,0,0,0,GO:2000027,regulation of animal organ morphogenesis,M00010000,1,0
0,0,0,0,1,0,0,0,0,0,0,0,-3.6,0,0,0,GO:0032680,regulation of tumor necrosis factor production,M00001000,1,0
0,1,0,0,0,0,0,0,0,-2.2,0,0,0,0,0,0,hsa04975,Fat digestion and absorption,M01000000,1,0
0,0,0,0,0,1,0,0,0,0,0,0,0,-5.2,0,0,GO:0048247,lymphocyte chemotaxis,M00000100,1,0
0,0,0,0,0,0,1,0,0,0,0,0,0,0,-3.8,0,WP4724,Omega 9 fatty acid synthesis,M00000010,1,0
0,0,0,0,1,0,0,0,0,0,0,0,-5.4,0,0,0,GO:0002484,antigen processing and presentation of endogenous peptide antigen via MHC class I via ER pathway,M00001000,1,0
1,0,0,0,0,0,0,0,-2.3,0,0,0,0,0,0,0,hsa04922,Glucagon signaling pathway,M10000000,1,0
0,0,0,0,1,0,0,0,0,0,0,0,-6.7,0,0,0,WP4329,miRNA role in immune response in sepsis,M00001000,1,0
0,0,0,0,0,0,0,1,0,0,0,0,0,0,0,-2.8,GO:0098781,ncRNA transcription,M00000001,1,0
0,1,0,0,0,0,0,0,0,-22,0,0,0,0,0,0,WP5390,Pancreatic cancer subtypes,M01000000,1,0
0,0,0,0,1,0,0,0,0,0,0,0,-3.6,0,0,0,R-HSA-5357905,Regulation of TNFR1 signaling,M00001000,1,0
0,0,0,0,1,0,0,0,0,0,0,0,-4,0,0,0,GO:0046635,positive regulation of alpha-beta T cell activation,M00001000,1,0
1,0,0,0,0,0,0,0,-2.5,0,0,0,0,0,0,0,GO:1902430,negative regulation of amyloid-beta formation,M10000000,1,0
0,0,1,0,0,0,0,0,0,0,-3.2,0,0,0,0,0,GO:0060395,SMAD protein signal transduction,M00100000,1,0
0,0,1,0,0,0,0,0,0,0,-2.5,0,0,0,0,0,M295,SIG PIP3 SIGNALING IN CARDIAC MYOCTES,M00100000,1,0
0,0,0,0,0,1,0,0,0,0,0,0,0,-3.9,0,0,GO:0048525,negative regulation of viral process,M00000100,1,0
0,0,0,0,0,0,1,0,0,0,0,0,0,0,-3.2,0,WP5194,Synthesis of ceramides and 1 deoxyceramides,M00000010,1,0
0,0,0,0,1,0,0,0,0,0,0,0,-2.6,0,0,0,hsa05210,Colorectal cancer,M00001000,1,0
0,0,0,0,1,0,0,0,0,0,0,0,-4,0,0,0,hsa05120,Epithelial cell signaling in Helicobacter pylori infection,M00001000,1,0
0,0,0,0,1,0,0,0,0,0,0,0,-4,0,0,0,WP3614,Photodynamic therapy induced HIF 1 survival signaling,M00001000,1,0
0,1,0,0,0,0,0,0,0,-3.3,0,0,0,0,0,0,GO:1900046,regulation of hemostasis,M01000000,1,0
0,0,0,0,0,0,1,0,0,0,0,0,0,0,-3.1,0,GO:0018193,peptidyl-amino acid modification,M00000010,1,0
0,0,0,0,0,1,0,0,0,0,0,0,0,-2.2,0,0,GO:1903051,negative regulation of proteolysis involved in protein catabolic process,M00000100,1,0
1,0,0,0,0,0,0,0,-2.6,0,0,0,0,0,0,0,GO:0071774,response to fibroblast growth factor,M10000000,1,0
0,0,0,1,0,0,0,0,0,0,0,-2.5,0,0,0,0,M219,PID HEDGEHOG GLI PATHWAY,M00010000,1,0
0,0,1,0,0,0,0,0,0,0,-2,0,0,0,0,0,GO:0044088,regulation of vacuole organization,M00100000,1,0
0,1,0,0,0,0,0,0,0,-5,0,0,0,0,0,0,GO:0015748,organophosphate ester transport,M01000000,1,0
0,0,0,0,0,0,0,1,0,0,0,0,0,0,0,-2.9,GO:0039702,viral budding via host ESCRT complex,M00000001,1,0
0,0,0,0,1,0,0,0,0,0,0,0,-4.3,0,0,0,GO:1901186,positive regulation of ERBB signaling pathway,M00001000,1,0
0,0,0,0,1,0,0,0,0,0,0,0,-4.1,0,0,0,GO:0140895,cell surface toll-like receptor signaling pathway,M00001000,1,0
1,0,0,0,0,0,0,0,-2,0,0,0,0,0,0,0,GO:0030500,regulation of bone mineralization,M10000000,1,0
1,0,0,0,0,0,0,0,-2.4,0,0,0,0,0,0,0,WP5420,ADHD and autism ASD linked metabolic pathways and SNP,M10000000,1,0
1,0,0,0,0,0,0,0,-4.9,0,0,0,0,0,0,0,GO:0016052,carbohydrate catabolic process,M10000000,1,0
0,0,0,0,1,0,0,0,0,0,0,0,-9.8,0,0,0,R-HSA-69202,Cyclin E associated events during G1/S transition,M00001000,1,0
0,0,0,1,0,0,0,0,0,0,0,-3,0,0,0,0,WP422,MAPK cascade,M00010000,1,0
0,0,0,0,0,0,1,0,0,0,0,0,0,0,-2.2,0,GO:0045103,intermediate filament-based process,M00000010,1,0
1,0,0,0,0,0,0,0,-2.4,0,0,0,0,0,0,0,WP4155,Endometrial cancer,M10000000,1,0
0,0,0,0,1,0,0,0,0,0,0,0,-2.1,0,0,0,GO:0048255,mRNA stabilization,M00001000,1,0
0,1,0,0,0,0,0,0,0,-3.7,0,0,0,0,0,0,GO:0051918,negative regulation of fibrinolysis,M01000000,1,0
0,0,0,0,1,0,0,0,0,0,0,0,-3.1,0,0,0,GO:0051091,positive regulation of DNA-binding transcription factor activity,M00001000,1,0
0,0,0,0,0,0,0,1,0,0,0,0,0,0,0,-2.1,R-HSA-72766,Translation,M00000001,1,0
0,0,0,0,0,0,1,0,0,0,0,0,0,0,-4.3,0,GO:0009750,response to fructose,M00000010,1,0
1,0,0,0,0,0,0,0,-4.7,0,0,0,0,0,0,0,WP4223,Ras signaling,M10000000,1,0
0,0,0,0,0,0,0,1,0,0,0,0,0,0,0,-5,GO:0090110,COPII-coated vesicle cargo loading,M00000001,1,0
0,0,0,0,1,0,0,0,0,0,0,0,-16,0,0,0,R-HSA-9020702,Interleukin-1 signaling,M00001000,1,0
0,0,0,0,0,1,0,0,0,0,0,0,0,-4.3,0,0,GO:0010818,T cell chemotaxis,M00000100,1,0
1,0,0,0,0,0,0,0,-2.2,0,0,0,0,0,0,0,R-HSA-9013407,RHOH GTPase cycle,M10000000,1,0
0,0,1,0,0,0,0,0,0,0,-2.6,0,0,0,0,0,GO:0021766,hippocampus development,M00100000,1,0
0,0,0,0,1,0,0,0,0,0,0,0,-9.9,0,0,0,R-HSA-6807070,PTEN Regulation,M00001000,1,0
0,0,1,0,0,0,0,0,0,0,-3.1,0,0,0,0,0,WP4536,Genes related to primary cilium development based on CRISPR,M00100000,1,0
0,0,0,0,0,0,0,1,0,0,0,0,0,0,0,-3,R-HSA-9008059,Interleukin-37 signaling,M00000001,1,0
0,0,1,0,0,0,0,0,0,0,-3.2,0,0,0,0,0,GO:0043547,positive regulation of GTPase activity,M00100000,1,0
0,0,0,0,1,0,0,0,0,0,0,0,-2.1,0,0,0,R-HSA-2029482,Regulation of actin dynamics for phagocytic cup formation,M00001000,1,0
1,0,0,0,0,0,0,0,-2.1,0,0,0,0,0,0,0,GO:0051051,negative regulation of transport,M10000000,1,0
0,1,0,0,0,0,0,0,0,-7.1,0,0,0,0,0,0,GO:0032530,regulation of microvillus organization,M01000000,1,0
0,0,0,0,1,0,0,0,0,0,0,0,-2.6,0,0,0,GO:0051092,positive regulation of NF-kappaB transcription factor activity,M00001000,1,0
0,1,0,0,0,0,0,0,0,-4.5,0,0,0,0,0,0,GO:0050994,regulation of lipid catabolic process,M01000000,1,0
0,1,0,0,0,0,0,0,0,-2.9,0,0,0,0,0,0,R-HSA-140837,Intrinsic Pathway of Fibrin Clot Formation,M01000000,1,0
0,0,0,1,0,0,0,0,0,0,0,-2.1,0,0,0,0,GO:0048284,organelle fusion,M00010000,1,0
0,0,0,0,1,0,0,0,0,0,0,0,-2.4,0,0,0,GO:0001738,morphogenesis of a polarized epithelium,M00001000,1,0
0,0,0,0,1,0,0,0,0,0,0,0,-4.5,0,0,0,GO:0045657,positive regulation of monocyte differentiation,M00001000,1,0
0,1,0,0,0,0,0,0,0,-3.2,0,0,0,0,0,0,R-HSA-2173782,Binding and Uptake of Ligands by Scavenger Receptors,M01000000,1,0
1,0,0,0,0,0,0,0,-3.5,0,0,0,0,0,0,0,R-HSA-196849,Metabolism of water-soluble vitamins and cofactors,M10000000,1,0
1,0,0,0,0,0,0,0,-3,0,0,0,0,0,0,0,GO:0046777,protein autophosphorylation,M10000000,1,0
0,0,0,1,0,0,0,0,0,0,0,-2.6,0,0,0,0,M8626,SIG BCR SIGNALING PATHWAY,M00010000,1,0
0,0,0,0,0,0,1,0,0,0,0,0,0,0,-3.1,0,GO:0030968,endoplasmic reticulum unfolded protein response,M00000010,1,0
0,0,0,0,0,0,1,0,0,0,0,0,0,0,-8.6,0,GO:0006457,protein folding,M00000010,1,0
0,1,0,0,0,0,0,0,0,-2.7,0,0,0,0,0,0,GO:0009308,amine metabolic process,M01000000,1,0
1,0,0,0,0,0,0,0,-2.3,0,0,0,0,0,0,0,WP4685,Melanoma,M10000000,1,0
0,0,0,1,0,0,0,0,0,0,0,-2.8,0,0,0,0,GO:0045616,regulation of keratinocyte differentiation,M00010000,1,0
0,0,0,1,0,0,0,0,0,0,0,-2.1,0,0,0,0,GO:0021545,cranial nerve development,M00010000,1,0
0,0,0,0,0,0,0,1,0,0,0,0,0,0,0,-4.8,GO:0030490,maturation of SSU-rRNA,M00000001,1,0
0,0,0,0,1,0,0,0,0,0,0,0,-10,0,0,0,R-HSA-176408,Regulation of APC/C activators between G1/S and early anaphase,M00001000,1,0
0,0,0,0,0,0,1,0,0,0,0,0,0,0,-3.8,0,R-HSA-1650814,Collagen biosynthesis and modifying enzymes,M00000010,1,0
0,0,1,0,0,0,0,0,0,0,-2.2,0,0,0,0,0,GO:0021543,pallium development,M00100000,1,0
0,0,0,0,1,0,0,0,0,0,0,0,-3.1,0,0,0,GO:0032663,regulation of interleukin-2 production,M00001000,1,0
1,0,0,0,0,0,0,0,-2.6,0,0,0,0,0,0,0,GO:0022898,regulation of transmembrane transporter activity,M10000000,1,0
0,0,1,0,0,0,0,0,0,0,-3.5,0,0,0,0,0,M214,PID ERBB1 INTERNALIZATION PATHWAY,M00100000,1,0
0,0,0,0,1,0,0,0,0,0,0,0,-4.3,0,0,0,R-HSA-5602358,Diseases associated with the TLR signaling cascade,M00001000,1,0
0,0,0,0,0,0,0,1,0,0,0,0,0,0,0,-3.3,hsa01250,Biosynthesis of nucleotide sugars,M00000001,1,0
1,0,0,0,0,0,0,0,-2.4,0,0,0,0,0,0,0,GO:1901655,cellular response to ketone,M10000000,1,0
0,1,0,0,0,0,0,0,0,-4.4,0,0,0,0,0,0,R-HSA-140875,Common Pathway of Fibrin Clot Formation,M01000000,1,0
0,0,0,0,0,0,1,0,0,0,0,0,0,0,-2.6,0,GO:0006516,glycoprotein catabolic process,M00000010,1,0
0,0,0,0,0,0,0,1,0,0,0,0,0,0,0,-2.2,R-HSA-70171,Glycolysis,M00000001,1,0
1,0,0,0,0,0,0,0,-3.8,0,0,0,0,0,0,0,GO:0006027,glycosaminoglycan catabolic process,M10000000,1,0
0,0,0,0,0,1,0,0,0,0,0,0,0,-3.5,0,0,GO:1904996,positive regulation of leukocyte adhesion to vascular endothelial cell,M00000100,1,0
0,0,0,1,0,0,0,0,0,0,0,-2.4,0,0,0,0,GO:0110020,regulation of actomyosin structure organization,M00010000,1,0
0,0,0,0,0,0,0,1,0,0,0,0,0,0,0,-2.4,GO:0045668,negative regulation of osteoblast differentiation,M00000001,1,0
0,0,0,0,1,0,0,0,0,0,0,0,-14,0,0,0,R-HSA-349425,Autodegradation of the E3 ubiquitin ligase COP1,M00001000,1,0
0,0,0,0,0,0,0,1,0,0,0,0,0,0,0,-4.9,GO:0042254,ribosome biogenesis,M00000001,1,0
0,1,0,0,0,0,0,0,0,-3.7,0,0,0,0,0,0,hsa04978,Mineral absorption,M01000000,1,0
1,0,0,0,0,0,0,0,-2.4,0,0,0,0,0,0,0,GO:0050771,negative regulation of axonogenesis,M10000000,1,0
0,0,0,0,0,1,0,0,0,0,0,0,0,-3.8,0,0,GO:0045056,transcytosis,M00000100,1,0
0,0,1,0,0,0,0,0,0,0,-3.2,0,0,0,0,0,R-HSA-350054,Notch-HLH transcription pathway,M00100000,1,0
0,0,0,0,0,0,1,0,0,0,0,0,0,0,-2,0,GO:0030203,glycosaminoglycan metabolic process,M00000010,1,0
1,0,0,0,0,0,0,0,-4.3,0,0,0,0,0,0,0,GO:0006551,leucine metabolic process,M10000000,1,0
0,0,0,0,1,0,0,0,0,0,0,0,-3.3,0,0,0,R-HSA-75893,TNF signaling,M00001000,1,0
1,0,0,0,0,0,0,0,-5.3,0,0,0,0,0,0,0,GO:0035902,response to immobilization stress,M10000000,1,0
0,0,0,0,1,0,0,0,0,0,0,0,-2.6,0,0,0,hsa05332,Graft-versus-host disease,M00001000,1,0
0,0,0,0,0,0,1,0,0,0,0,0,0,0,-2.1,0,WP2406,Cardiac progenitor differentiation,M00000010,1,0
0,0,0,0,1,0,0,0,0,0,0,0,-18,0,0,0,WP183,Proteasome degradation,M00001000,1,0
1,0,0,0,0,0,0,0,-2.3,0,0,0,0,0,0,0,GO:0090659,walking behavior,M10000000,1,0
1,0,0,0,0,0,0,0,-3.9,0,0,0,0,0,0,0,GO:0008045,motor neuron axon guidance,M10000000,1,0
0,0,0,0,1,0,0,0,0,0,0,0,-8.3,0,0,0,GO:0050777,negative regulation of immune response,M00001000,1,0
1,0,0,0,0,0,0,0,-2.1,0,0,0,0,0,0,0,GO:0006941,striated muscle contraction,M10000000,1,0
0,0,1,0,0,0,0,0,0,0,-2,0,0,0,0,0,R-HSA-525793,Myogenesis,M00100000,1,0
0,1,0,0,0,0,0,0,0,-3,0,0,0,0,0,0,WP272,Blood clotting cascade,M01000000,1,0
0,0,0,0,1,0,0,0,0,0,0,0,-3.5,0,0,0,M5926,HALLMARK MYC TARGETS V1,M00001000,1,0
0,0,0,0,1,0,0,0,0,0,0,0,-3.2,0,0,0,GO:0098581,detection of external biotic stimulus,M00001000,1,0
0,0,0,0,1,0,0,0,0,0,0,0,-3.4,0,0,0,GO:0001836,release of cytochrome c from mitochondria,M00001000,1,0
1,0,0,0,0,0,0,0,-2.4,0,0,0,0,0,0,0,WP536,Calcium regulation in cardiac cells,M10000000,1,0
0,0,0,0,0,0,0,1,0,0,0,0,0,0,0,-3.3,R-HSA-9675126,Diseases of mitotic cell cycle,M00000001,1,0
0,0,0,0,0,0,0,1,0,0,0,0,0,0,0,-3,GO:0070936,protein K48-linked ubiquitination,M00000001,1,0
1,0,0,0,0,0,0,0,-2.2,0,0,0,0,0,0,0,GO:0051494,negative regulation of cytoskeleton organization,M10000000,1,0
0,0,0,0,0,0,0,1,0,0,0,0,0,0,0,-3.5,GO:0022613,ribonucleoprotein complex biogenesis,M00000001,1,0
0,1,0,0,0,0,0,0,0,-2.4,0,0,0,0,0,0,GO:0030149,sphingolipid catabolic process,M01000000,1,0
0,0,0,0,0,0,1,0,0,0,0,0,0,0,-10,0,WP4718,Cholesterol metabolism with Bloch and Kandutsch Russell pathways,M00000010,1,0
0,0,0,0,1,0,0,0,0,0,0,0,-14,0,0,0,R-HSA-446652,Interleukin-1 family signaling,M00001000,1,0
0,0,0,0,1,0,0,0,0,0,0,0,-9.6,0,0,0,R-HSA-453276,Regulation of mitotic cell cycle,M00001000,1,0
1,0,0,0,0,0,0,0,-3.8,0,0,0,0,0,0,0,GO:1902284,neuron projection extension involved in neuron projection guidance,M10000000,1,0
1,0,0,0,0,0,0,0,-2.4,0,0,0,0,0,0,0,GO:1902992,negative regulation of amyloid precursor protein catabolic process,M10000000,1,0
0,0,0,0,1,0,0,0,0,0,0,0,-3.9,0,0,0,GO:0051220,cytoplasmic sequestering of protein,M00001000,1,0
0,0,0,0,0,1,0,0,0,0,0,0,0,-2.2,0,0,GO:1905039,carboxylic acid transmembrane transport,M00000100,1,0
0,0,0,0,1,0,0,0,0,0,0,0,-2.5,0,0,0,hsa04148,Efferocytosis,M00001000,1,0
0,0,1,0,0,0,0,0,0,0,-5.5,0,0,0,0,0,WP4352,Ciliary landscape,M00100000,1,0
0,1,0,0,0,0,0,0,0,-3.1,0,0,0,0,0,0,GO:0090207,regulation of triglyceride metabolic process,M01000000,1,0
0,1,0,0,0,0,0,0,0,-3.2,0,0,0,0,0,0,R-HSA-8963898,Plasma lipoprotein assembly,M01000000,1,0
0,0,0,0,0,1,0,0,0,0,0,0,0,-3.9,0,0,GO:0140374,antiviral innate immune response,M00000100,1,0
0,0,0,1,0,0,0,0,0,0,0,-3.8,0,0,0,0,GO:0097720,calcineurin-mediated signaling,M00010000,1,0
0,0,0,0,1,0,0,0,0,0,0,0,-3.5,0,0,0,GO:0150076,neuroinflammatory response,M00001000,1,0
0,0,0,0,0,1,0,0,0,0,0,0,0,-2.8,0,0,GO:0045861,negative regulation of proteolysis,M00000100,1,0
1,0,0,0,0,0,0,0,-2.7,0,0,0,0,0,0,0,GO:1990000,amyloid fibril formation,M10000000,1,0
0,0,1,0,0,0,0,0,0,0,-2.1,0,0,0,0,0,WP5351,Kleefstra syndrome,M00100000,1,0
1,0,0,0,0,0,0,0,-3.5,0,0,0,0,0,0,0,GO:0035721,intraciliary retrograde transport,M10000000,1,0
1,0,0,0,0,0,0,0,-3.3,0,0,0,0,0,0,0,GO:0046854,phosphatidylinositol phosphate biosynthetic process,M10000000,1,0
0,0,0,0,0,0,0,1,0,0,0,0,0,0,0,-2.3,GO:0006879,intracellular iron ion homeostasis,M00000001,1,0
0,0,0,0,0,0,1,0,0,0,0,0,0,0,-2.1,0,GO:0033866,nucleoside bisphosphate biosynthetic process,M00000010,1,0
0,0,0,0,0,0,0,1,0,0,0,0,0,0,0,-2.5,GO:0070979,protein K11-linked ubiquitination,M00000001,1,0
0,0,0,0,1,0,0,0,0,0,0,0,-9,0,0,0,R-HSA-69481,G2/M Checkpoints,M00001000,1,0
0,0,0,0,1,0,0,0,0,0,0,0,-12,0,0,0,R-HSA-9755511,KEAP1-NFE2L2 pathway,M00001000,1,0
0,0,1,0,0,0,0,0,0,0,-2.1,0,0,0,0,0,GO:0030326,embryonic limb morphogenesis,M00100000,1,0
0,1,0,0,0,0,0,0,0,-5.5,0,0,0,0,0,0,GO:0015914,phospholipid transport,M01000000,1,0
0,0,0,0,1,0,0,0,0,0,0,0,-2.7,0,0,0,GO:1903556,negative regulation of tumor necrosis factor superfamily cytokine production,M00001000,1,0
0,0,1,0,0,0,0,0,0,0,-2,0,0,0,0,0,R-HSA-4090294,SUMOylation of intracellular receptors,M00100000,1,0
0,1,0,0,0,0,0,0,0,-2.5,0,0,0,0,0,0,GO:1901605,alpha-amino acid metabolic process,M01000000,1,0
0,0,0,1,0,0,0,0,0,0,0,-2.8,0,0,0,0,R-HSA-1632852,Macroautophagy,M00010000,1,0
0,0,0,0,1,0,0,0,0,0,0,0,-2.8,0,0,0,GO:0030522,intracellular receptor signaling pathway,M00001000,1,0
0,0,0,0,0,0,1,0,0,0,0,0,0,0,-3,0,GO:0051651,maintenance of location in cell,M00000010,1,0
0,0,1,0,0,0,0,0,0,0,-2.4,0,0,0,0,0,GO:0072089,stem cell proliferation,M00100000,1,0
0,0,0,0,0,0,1,0,0,0,0,0,0,0,-2.6,0,hsa04710,Circadian rhythm,M00000010,1,0
0,0,0,0,1,0,0,0,0,0,0,0,-3.1,0,0,0,GO:2001244,positive regulation of intrinsic apoptotic signaling pathway,M00001000,1,0
0,0,0,0,1,0,0,0,0,0,0,0,-2.9,0,0,0,GO:0035305,negative regulation of dephosphorylation,M00001000,1,0
0,1,0,0,0,0,0,0,0,-4.8,0,0,0,0,0,0,GO:0097006,regulation of plasma lipoprotein particle levels,M01000000,1,0
0,0,0,0,1,0,0,0,0,0,0,0,-2.7,0,0,0,GO:0009595,detection of biotic stimulus,M00001000,1,0
0,0,0,0,1,0,0,0,0,0,0,0,-2.8,0,0,0,GO:0071902,positive regulation of protein serine/threonine kinase activity,M00001000,1,0
0,0,0,0,0,0,0,1,0,0,0,0,0,0,0,-2.4,M165,PID SYNDECAN 4 PATHWAY,M00000001,1,0
0,0,0,0,0,0,0,1,0,0,0,0,0,0,0,-2.5,hsa03060,Protein export,M00000001,1,0
0,0,0,0,1,0,0,0,0,0,0,0,-3.2,0,0,0,GO:0060261,positive regulation of transcription initiation by RNA polymerase II,M00001000,1,0
1,0,0,0,0,0,0,0,-2.9,0,0,0,0,0,0,0,GO:1902904,negative regulation of supramolecular fiber organization,M10000000,1,0
0,0,0,0,0,0,1,0,0,0,0,0,0,0,-3.9,0,GO:0007029,endoplasmic reticulum organization,M00000010,1,0
0,0,0,0,1,0,0,0,0,0,0,0,-2.4,0,0,0,GO:0042269,regulation of natural killer cell mediated cytotoxicity,M00001000,1,0
0,1,0,0,0,0,0,0,0,-2.7,0,0,0,0,0,0,GO:0140115,export across plasma membrane,M01000000,1,0
0,1,0,0,0,0,0,0,0,-3.3,0,0,0,0,0,0,R-HSA-156580,Phase II - Conjugation of compounds,M01000000,1,0
0,0,0,0,1,0,0,0,0,0,0,0,-2.9,0,0,0,GO:0002828,regulation of type 2 immune response,M00001000,1,0
0,1,0,0,0,0,0,0,0,-2.9,0,0,0,0,0,0,WP2864,Apoptosis related network due to altered Notch3 in ovarian cancer,M01000000,1,0
0,1,0,0,0,0,0,0,0,-2.6,0,0,0,0,0,0,GO:0051346,negative regulation of hydrolase activity,M01000000,1,0
0,0,1,0,0,0,0,0,0,0,-3.7,0,0,0,0,0,GO:0051098,regulation of binding,M00100000,1,0
0,0,0,0,0,1,0,0,0,0,0,0,0,-2.7,0,0,GO:0050856,regulation of T cell receptor signaling pathway,M00000100,1,0
0,0,0,0,1,0,0,0,0,0,0,0,-2.4,0,0,0,GO:0002861,regulation of inflammatory response to antigenic stimulus,M00001000,1,0
0,0,0,0,0,1,0,0,0,0,0,0,0,-2.4,0,0,GO:0006940,regulation of smooth muscle contraction,M00000100,1,0
0,0,1,0,0,0,0,0,0,0,-5.6,0,0,0,0,0,GO:0006325,chromatin organization,M00100000,1,0
0,0,0,0,1,0,0,0,0,0,0,0,-3.9,0,0,0,WP5055,Burn wound healing,M00001000,1,0
0,0,0,0,1,0,0,0,0,0,0,0,-3.7,0,0,0,M144,PID CERAMIDE PATHWAY,M00001000,1,0
0,1,0,0,0,0,0,0,0,-3.2,0,0,0,0,0,0,GO:0002294,"CD4-positive, alpha-beta T cell differentiation involved in immune response",M01000000,1,0
0,0,0,0,0,0,1,0,0,0,0,0,0,0,-8.1,0,GO:0071692,protein localization to extracellular region,M00000010,1,0
0,0,0,0,1,0,0,0,0,0,0,0,-3.4,0,0,0,GO:1903038,negative regulation of leukocyte cell-cell adhesion,M00001000,1,0
0,0,0,1,0,0,0,0,0,0,0,-3,0,0,0,0,R-HSA-9007101,Rab regulation of trafficking,M00010000,1,0
1,0,0,0,0,0,0,0,-2.8,0,0,0,0,0,0,0,WP3286,Copper homeostasis,M10000000,1,0
0,1,0,0,0,0,0,0,0,-3.5,0,0,0,0,0,0,GO:0006721,terpenoid metabolic process,M01000000,1,0
0,0,0,0,1,0,0,0,0,0,0,0,-12,0,0,0,R-HSA-9604323,Negative regulation of NOTCH4 signaling,M00001000,1,0
0,0,0,0,0,0,0,1,0,0,0,0,0,0,0,-3.4,GO:0000462,"maturation of SSU-rRNA from tricistronic rRNA transcript (SSU-rRNA, 5.8S rRNA, LSU-rRNA)",M00000001,1,0
0,0,0,0,1,0,0,0,0,0,0,0,-12,0,0,0,R-HSA-169911,Regulation of Apoptosis,M00001000,1,0
1,0,0,0,0,0,0,0,-2.1,0,0,0,0,0,0,0,GO:0097009,energy homeostasis,M10000000,1,0
0,1,0,0,0,0,0,0,0,-2.2,0,0,0,0,0,0,GO:0015807,L-amino acid transport,M01000000,1,0
0,1,0,0,0,0,0,0,0,-3,0,0,0,0,0,0,GO:0001523,retinoid metabolic process,M01000000,1,0
0,0,0,0,0,0,0,1,0,0,0,0,0,0,0,-2.7,M274,PID LYMPH ANGIOGENESIS PATHWAY,M00000001,1,0
0,0,0,0,0,1,0,0,0,0,0,0,0,-2.8,0,0,R-HSA-9646399,Aggrephagy,M00000100,1,0
0,0,0,0,0,0,0,1,0,0,0,0,0,0,0,-2.1,GO:0032509,endosome transport via multivesicular body sorting pathway,M00000001,1,0
0,0,1,0,0,0,0,0,0,0,-4.3,0,0,0,0,0,WP2446,Retinoblastoma gene in cancer,M00100000,1,0
0,1,0,0,0,0,0,0,0,-2.9,0,0,0,0,0,0,GO:0006720,isoprenoid metabolic process,M01000000,1,0
0,0,0,1,0,0,0,0,0,0,0,-3.4,0,0,0,0,hsa00534,Glycosaminoglycan biosynthesis - heparan sulfate / heparin,M00010000,1,0
0,0,0,0,1,0,0,0,0,0,0,0,-4.9,0,0,0,R-HSA-983231,Factors involved in megakaryocyte development and platelet production,M00001000,1,0
0,0,0,0,1,0,0,0,0,0,0,0,-3.5,0,0,0,GO:0002501,peptide antigen assembly with MHC protein complex,M00001000,1,0
0,0,0,0,0,0,1,0,0,0,0,0,0,0,-2.2,0,GO:1990089,response to nerve growth factor,M00000010,1,0
0,0,0,0,1,0,0,0,0,0,0,0,-4,0,0,0,WP524,G13 signaling pathway,M00001000,1,0
0,0,0,0,1,0,0,0,0,0,0,0,-3.3,0,0,0,M264,PID TOLL ENDOGENOUS PATHWAY,M00001000,1,0
1,0,0,0,0,0,0,0,-2.6,0,0,0,0,0,0,0,WP5121,Sphingolipid metabolism in senescence,M10000000,1,0
0,0,0,0,1,0,0,0,0,0,0,0,-2.1,0,0,0,GO:0080164,regulation of nitric oxide metabolic process,M00001000,1,0
0,0,0,0,0,0,0,1,0,0,0,0,0,0,0,-3.3,R-HSA-8934593,Regulation of RUNX1 Expression and Activity,M00000001,1,0
0,0,0,0,0,0,0,1,0,0,0,0,0,0,0,-2.8,GO:0018205,peptidyl-lysine modification,M00000001,1,0
0,0,1,0,0,0,0,0,0,0,-3,0,0,0,0,0,GO:0014902,myotube differentiation,M00100000,1,0
1,0,0,0,0,0,0,0,-2.8,0,0,0,0,0,0,0,GO:0048015,phosphatidylinositol-mediated signaling,M10000000,1,0
0,0,0,0,0,0,1,0,0,0,0,0,0,0,-3.5,0,GO:0033875,ribonucleoside bisphosphate metabolic process,M00000010,1,0
0,1,0,0,0,0,0,0,0,-3.8,0,0,0,0,0,0,GO:0034369,plasma lipoprotein particle remodeling,M01000000,1,0
0,0,0,0,1,0,0,0,0,0,0,0,-7,0,0,0,WP3617,Photodynamic therapy induced NF kB survival signaling,M00001000,1,0
1,0,0,0,0,0,0,0,-2.5,0,0,0,0,0,0,0,WP2870,Extracellular vesicle mediated signaling in recipient cells,M10000000,1,0
0,1,0,0,0,0,0,0,0,-4.8,0,0,0,0,0,0,WP4522,Metabolic pathway of LDL HDL and TG including diseases,M01000000,1,0
0,0,0,0,1,0,0,0,0,0,0,0,-2.8,0,0,0,WP4558,Overview of interferons mediated signaling pathway,M00001000,1,0
0,0,0,1,0,0,0,0,0,0,0,-2.7,0,0,0,0,GO:0007389,pattern specification process,M00010000,1,0
0,1,0,0,0,0,0,0,0,-6.6,0,0,0,0,0,0,GO:0032532,regulation of microvillus length,M01000000,1,0
1,0,0,0,0,0,0,0,-2.2,0,0,0,0,0,0,0,WP2037,Prolactin signaling pathway,M10000000,1,0
0,0,0,0,0,1,0,0,0,0,0,0,0,-4.2,0,0,M11736,SA MMP CYTOKINE CONNECTION,M00000100,1,0
0,0,1,0,0,0,0,0,0,0,-2.1,0,0,0,0,0,GO:0098703,calcium ion import across plasma membrane,M00100000,1,0
0,0,0,0,1,0,0,0,0,0,0,0,-4.1,0,0,0,GO:0050866,negative regulation of cell activation,M00001000,1,0
0,0,0,0,0,1,0,0,0,0,0,0,0,-3,0,0,GO:0051591,response to cAMP,M00000100,1,0
0,0,0,0,0,1,0,0,0,0,0,0,0,-6.1,0,0,GO:0072678,T cell migration,M00000100,1,0
0,0,0,0,1,0,0,0,0,0,0,0,-7.4,0,0,0,R-HSA-166016,Toll Like Receptor 4 (TLR4) Cascade,M00001000,1,0
0,0,0,0,1,0,0,0,0,0,0,0,-10,0,0,0,R-HSA-179419,APC:Cdc20 mediated degradation of cell cycle proteins prior to satisfation of the cell cycle checkpoint,M00001000,1,0
0,0,0,0,0,0,0,1,0,0,0,0,0,0,0,-3.1,WP405,Eukaryotic transcription initiation,M00000001,1,0
0,1,0,0,0,0,0,0,0,-3.2,0,0,0,0,0,0,GO:0010885,regulation of cholesterol storage,M01000000,1,0
1,0,0,0,0,0,0,0,-2.9,0,0,0,0,0,0,0,hsa04935,"Growth hormone synthesis, secretion and action",M10000000,1,0
0,0,0,0,1,0,0,0,0,0,0,0,-9.6,0,0,0,R-HSA-174143,APC/C-mediated degradation of cell cycle proteins,M00001000,1,0
1,0,0,0,0,0,0,0,-2.4,0,0,0,0,0,0,0,GO:0048009,insulin-like growth factor receptor signaling pathway,M10000000,1,0
1,0,0,0,0,0,0,0,-3.2,0,0,0,0,0,0,0,GO:2000310,regulation of NMDA receptor activity,M10000000,1,0
0,0,0,0,0,0,0,1,0,0,0,0,0,0,0,-2,R-HSA-70326,Glucose metabolism,M00000001,1,0
0,1,0,0,0,0,0,0,0,-2.8,0,0,0,0,0,0,hsa04950,Maturity onset diabetes of the young,M01000000,1,0
0,0,0,0,0,0,0,1,0,0,0,0,0,0,0,-4.8,R-HSA-162587,HIV Life Cycle,M00000001,1,0
0,1,0,0,0,0,0,0,0,-5.2,0,0,0,0,0,0,R-HSA-2474795,Diseases associated with visual transduction,M01000000,1,0
0,0,0,0,0,0,1,0,0,0,0,0,0,0,-2.5,0,GO:0009416,response to light stimulus,M00000010,1,0
0,0,0,0,1,0,0,0,0,0,0,0,-2.8,0,0,0,WP4538,Regulatory circuits of the STAT3 signaling pathway,M00001000,1,0
0,0,0,0,0,1,0,0,0,0,0,0,0,-2.5,0,0,GO:0007159,leukocyte cell-cell adhesion,M00000100,1,0
0,0,0,0,1,0,0,0,0,0,0,0,-2.6,0,0,0,GO:0032946,positive regulation of mononuclear cell proliferation,M00001000,1,0
0,0,0,0,1,0,0,0,0,0,0,0,-5.3,0,0,0,GO:0060760,positive regulation of response to cytokine stimulus,M00001000,1,0
1,0,0,0,0,0,0,0,-2.6,0,0,0,0,0,0,0,WP4532,Intraflagellar transport proteins binding to dynein,M10000000,1,0
0,0,0,0,0,1,0,0,0,0,0,0,0,-2.4,0,0,GO:1903305,regulation of regulated secretory pathway,M00000100,1,0
1,0,0,0,0,0,0,0,-2,0,0,0,0,0,0,0,GO:0045124,regulation of bone resorption,M10000000,1,0
0,0,0,0,1,0,0,0,0,0,0,0,-4.7,0,0,0,GO:0098586,cellular response to virus,M00001000,1,0
0,0,0,0,0,0,1,0,0,0,0,0,0,0,-2.4,0,GO:1905897,regulation of response to endoplasmic reticulum stress,M00000010,1,0
1,0,0,0,0,0,0,0,-2.8,0,0,0,0,0,0,0,GO:0006661,phosphatidylinositol biosynthetic process,M10000000,1,0
0,0,0,0,1,0,0,0,0,0,0,0,-3.3,0,0,0,GO:0090023,positive regulation of neutrophil chemotaxis,M00001000,1,0
0,0,0,0,0,0,0,1,0,0,0,0,0,0,0,-2.3,GO:0043162,ubiquitin-dependent protein catabolic process via the multivesicular body sorting pathway,M00000001,1,0
0,0,0,0,1,0,0,0,0,0,0,0,-11,0,0,0,R-HSA-187577,SCF(Skp2)-mediated degradation of p27/p21,M00001000,1,0
0,0,0,0,1,0,0,0,0,0,0,0,-2.2,0,0,0,GO:0043370,"regulation of CD4-positive, alpha-beta T cell differentiation",M00001000,1,0
0,0,1,0,0,0,0,0,0,0,-2.1,0,0,0,0,0,R-HSA-5633007,Regulation of TP53 Activity,M00100000,1,0
0,0,0,0,1,0,0,0,0,0,0,0,-3,0,0,0,GO:0001912,positive regulation of leukocyte mediated cytotoxicity,M00001000,1,0
0,0,0,0,1,0,0,0,0,0,0,0,-6.3,0,0,0,R-HSA-2467813,Separation of Sister Chromatids,M00001000,1,0
0,1,0,0,0,0,0,0,0,-3.1,0,0,0,0,0,0,R-HSA-416476,G alpha (q) signalling events,M01000000,1,0
0,1,0,0,0,0,0,0,0,-2,0,0,0,0,0,0,GO:0002366,leukocyte activation involved in immune response,M01000000,1,0
0,0,0,0,0,0,1,0,0,0,0,0,0,0,-2.9,0,GO:0046620,regulation of organ growth,M00000010,1,0
1,0,0,0,0,0,0,0,-2.3,0,0,0,0,0,0,0,GO:0005976,polysaccharide metabolic process,M10000000,1,0
1,0,0,0,0,0,0,0,-2.7,0,0,0,0,0,0,0,R-HSA-2428924,IGF1R signaling cascade,M10000000,1,0
0,0,0,0,1,0,0,0,0,0,0,0,-2.3,0,0,0,M286,PID TGFBR PATHWAY,M00001000,1,0
0,1,0,0,0,0,0,0,0,-2.9,0,0,0,0,0,0,GO:0045216,cell-cell junction organization,M01000000,1,0
1,0,0,0,0,0,0,0,-2.8,0,0,0,0,0,0,0,R-HSA-112043,PLC beta mediated events,M10000000,1,0
0,0,0,0,0,0,0,1,0,0,0,0,0,0,0,-2.3,WP3529,Zinc homeostasis,M00000001,1,0
0,0,0,0,1,0,0,0,0,0,0,0,-4.1,0,0,0,GO:0031341,regulation of cell killing,M00001000,1,0
0,0,0,0,1,0,0,0,0,0,0,0,-5.2,0,0,0,R-HSA-983168,Antigen processing: Ubiquitination & Proteasome degradation,M00001000,1,0
0,0,0,0,0,0,1,0,0,0,0,0,0,0,-2.7,0,hsa04920,Adipocytokine signaling pathway,M00000010,1,0
0,0,0,0,0,0,0,1,0,0,0,0,0,0,0,-2.3,GO:0045911,positive regulation of DNA recombination,M00000001,1,0
1,0,0,0,0,0,0,0,-2.3,0,0,0,0,0,0,0,GO:0140467,integrated stress response signaling,M10000000,1,0
0,0,0,0,1,0,0,0,0,0,0,0,-5,0,0,0,R-HSA-166058,MyD88:MAL(TIRAP) cascade initiated on plasma membrane,M00001000,1,0
0,0,0,0,1,0,0,0,0,0,0,0,-7,0,0,0,hsa05161,Hepatitis B,M00001000,1,0
0,0,0,0,0,1,0,0,0,0,0,0,0,-3.4,0,0,GO:1901224,positive regulation of non-canonical NF-kappaB signal transduction,M00000100,1,0
0,0,0,0,0,0,0,1,0,0,0,0,0,0,0,-4.6,R-HSA-446353,Cell-extracellular matrix interactions,M00000001,1,0
1,0,0,0,0,0,0,0,-5.2,0,0,0,0,0,0,0,hsa04070,Phosphatidylinositol signaling system,M10000000,1,0
0,0,0,0,1,0,0,0,0,0,0,0,-6.5,0,0,0,R-HSA-5673001,RAF/MAP kinase cascade,M00001000,1,0
0,1,0,0,0,0,0,0,0,-2.2,0,0,0,0,0,0,GO:0098655,monoatomic cation transmembrane transport,M01000000,1,0
0,0,0,0,0,1,0,0,0,0,0,0,0,-4.2,0,0,WP4891,COVID 19 adverse outcome pathway,M00000100,1,0
0,0,0,0,0,0,1,0,0,0,0,0,0,0,-3.8,0,GO:0045598,regulation of fat cell differentiation,M00000010,1,0
0,0,1,0,0,0,0,0,0,0,-2.8,0,0,0,0,0,R-HSA-193648,NRAGE signals death through JNK,M00100000,1,0
0,0,1,0,0,0,0,0,0,0,-2.8,0,0,0,0,0,GO:0051301,cell division,M00100000,1,0
0,0,0,0,1,0,0,0,0,0,0,0,-15,0,0,0,R-HSA-109581,Apoptosis,M00001000,1,0
0,1,0,0,0,0,0,0,0,-2.5,0,0,0,0,0,0,GO:0050892,intestinal absorption,M01000000,1,0
0,0,1,0,0,0,0,0,0,0,-2.6,0,0,0,0,0,GO:0051781,positive regulation of cell division,M00100000,1,0
0,0,0,0,0,0,1,0,0,0,0,0,0,0,-2.1,0,GO:0060349,bone morphogenesis,M00000010,1,0
0,0,0,1,0,0,0,0,0,0,0,-2.4,0,0,0,0,GO:0060688,regulation of morphogenesis of a branching structure,M00010000,1,0
0,0,0,0,1,0,0,0,0,0,0,0,-8.1,0,0,0,hsa04217,Necroptosis,M00001000,1,0
1,0,0,0,0,0,0,0,-2.1,0,0,0,0,0,0,0,GO:0045429,positive regulation of nitric oxide biosynthetic process,M10000000,1,0
0,0,0,0,1,0,0,0,0,0,0,0,-5.7,0,0,0,GO:0032648,regulation of interferon-beta production,M00001000,1,0
0,0,0,0,1,0,0,0,0,0,0,0,-2.7,0,0,0,GO:0071900,regulation of protein serine/threonine kinase activity,M00001000,1,0
0,1,0,0,0,0,0,0,0,-2.7,0,0,0,0,0,0,GO:0006760,folic acid-containing compound metabolic process,M01000000,1,0
0,0,0,0,0,1,0,0,0,0,0,0,0,-2.3,0,0,GO:0098661,inorganic anion transmembrane transport,M00000100,1,0
0,0,0,0,0,1,0,0,0,0,0,0,0,-2.9,0,0,GO:0042742,defense response to bacterium,M00000100,1,0
0,0,0,0,0,1,0,0,0,0,0,0,0,-2.5,0,0,R-HSA-3371497,HSP90 chaperone cycle for steroid hormone receptors (SHR) in the presence of ligand,M00000100,1,0
0,0,0,0,1,0,0,0,0,0,0,0,-2.3,0,0,0,GO:0016925,protein sumoylation,M00001000,1,0
0,0,0,0,1,0,0,0,0,0,0,0,-11,0,0,0,R-HSA-5658442,Regulation of RAS by GAPs,M00001000,1,0
0,0,1,0,0,0,0,0,0,0,-2.9,0,0,0,0,0,GO:1905515,non-motile cilium assembly,M00100000,1,0
1,0,0,0,0,0,0,0,-4.8,0,0,0,0,0,0,0,GO:0005996,monosaccharide metabolic process,M10000000,1,0
0,0,0,0,1,0,0,0,0,0,0,0,-3.7,0,0,0,GO:0030217,T cell differentiation,M00001000,1,0
0,0,1,0,0,0,0,0,0,0,-2.3,0,0,0,0,0,R-HSA-9024446,NR1H2 and NR1H3-mediated signaling,M00100000,1,0
0,1,0,0,0,0,0,0,0,-4.4,0,0,0,0,0,0,WP716,Vitamin A and carotenoid metabolism,M01000000,1,0
0,1,0,0,0,0,0,0,0,-3.4,0,0,0,0,0,0,GO:0030193,regulation of blood coagulation,M01000000,1,0
0,0,0,0,0,0,0,1,0,0,0,0,0,0,0,-3.4,WP5433,PGK1 PKM2 KHKC KHKA acting as protein kinases,M00000001,1,0
0,1,0,0,0,0,0,0,0,-4.1,0,0,0,0,0,0,GO:0071825,protein-lipid complex organization,M01000000,1,0
0,0,0,0,1,0,0,0,0,0,0,0,-3.3,0,0,0,GO:0010950,positive regulation of endopeptidase activity,M00001000,1,0
0,1,0,0,0,0,0,0,0,-2.1,0,0,0,0,0,0,WP5417,Cell lineage map for neuronal differentiation,M01000000,1,0
0,0,0,0,0,0,0,1,0,0,0,0,0,0,0,-2.6,GO:0032511,late endosome to vacuole transport via multivesicular body sorting pathway,M00000001,1,0
0,0,0,0,1,0,0,0,0,0,0,0,-4.5,0,0,0,GO:0014009,glial cell proliferation,M00001000,1,0
1,0,0,0,0,0,0,0,-3,0,0,0,0,0,0,0,GO:0008064,regulation of actin polymerization or depolymerization,M10000000,1,0
1,0,0,0,0,0,0,0,-2.5,0,0,0,0,0,0,0,hsa04750,Inflammatory mediator regulation of TRP channels,M10000000,1,0
0,0,0,0,1,0,0,0,0,0,0,0,-3.7,0,0,0,M2064,BIOCARTA 41BB PATHWAY,M00001000,1,0
0,0,1,0,0,0,0,0,0,0,-4.9,0,0,0,0,0,R-HSA-8863678,Neurodegenerative Diseases,M00100000,1,0
0,0,0,0,1,0,0,0,0,0,0,0,-14,0,0,0,R-HSA-69580,p53-Dependent G1/S DNA damage checkpoint,M00001000,1,0
0,0,0,0,1,0,0,0,0,0,0,0,-2.7,0,0,0,WP2526,PDGF pathway,M00001000,1,0
0,0,0,1,0,0,0,0,0,0,0,-3.8,0,0,0,0,WP4577,Neurodegeneration with brain iron accumulation NBIA subtypes pathway,M00010000,1,0
0,0,0,0,0,0,0,1,0,0,0,0,0,0,0,-3,GO:0009260,ribonucleotide biosynthetic process,M00000001,1,0
0,0,1,0,0,0,0,0,0,0,-2.7,0,0,0,0,0,R-HSA-9029569,NR1H3 & NR1H2 regulate gene expression linked to cholesterol transport and efflux,M00100000,1,0
0,0,1,0,0,0,0,0,0,0,-2.1,0,0,0,0,0,GO:0019827,stem cell population maintenance,M00100000,1,0
1,0,0,0,0,0,0,0,-5.1,0,0,0,0,0,0,0,GO:0009081,branched-chain amino acid metabolic process,M10000000,1,0
1,0,0,0,0,0,0,0,-2.3,0,0,0,0,0,0,0,GO:0034405,response to fluid shear stress,M10000000,1,0
0,0,1,0,0,0,0,0,0,0,-2.4,0,0,0,0,0,GO:0010389,regulation of G2/M transition of mitotic cell cycle,M00100000,1,0
0,0,1,0,0,0,0,0,0,0,-2.7,0,0,0,0,0,WP4698,Vitamin D sensitive calcium signaling in depression,M00100000,1,0
0,0,0,0,0,0,1,0,0,0,0,0,0,0,-14,0,M5924,HALLMARK MTORC1 SIGNALING,M00000010,1,0
1,0,0,0,0,0,0,0,-2.6,0,0,0,0,0,0,0,R-HSA-111885,Opioid Signalling,M10000000,1,0
0,0,0,0,0,0,1,0,0,0,0,0,0,0,-2.6,0,GO:0045600,positive regulation of fat cell differentiation,M00000010,1,0
0,0,0,0,1,0,0,0,0,0,0,0,-3.5,0,0,0,WP3611,Photodynamic therapy induced AP 1 survival signaling,M00001000,1,0
0,0,0,0,0,0,1,0,0,0,0,0,0,0,-2.6,0,GO:0061077,chaperone-mediated protein folding,M00000010,1,0
1,0,0,0,0,0,0,0,-2.2,0,0,0,0,0,0,0,hsa04724,Glutamatergic synapse,M10000000,1,0
0,0,0,0,0,0,0,1,0,0,0,0,0,0,0,-3,R-HSA-901032,ER Quality Control Compartment (ERQC),M00000001,1,0
0,0,0,1,0,0,0,0,0,0,0,-3.2,0,0,0,0,GO:0030856,regulation of epithelial cell differentiation,M00010000,1,0
0,0,0,0,0,1,0,0,0,0,0,0,0,-4.6,0,0,GO:0033089,positive regulation of T cell differentiation in thymus,M00000100,1,0
0,0,0,0,1,0,0,0,0,0,0,0,-2.1,0,0,0,GO:2000351,regulation of endothelial cell apoptotic process,M00001000,1,0
0,0,0,0,1,0,0,0,0,0,0,0,-12,0,0,0,R-HSA-450408,AUF1 (hnRNP D0) binds and destabilizes mRNA,M00001000,1,0
1,0,0,0,0,0,0,0,-2.6,0,0,0,0,0,0,0,GO:0000302,response to reactive oxygen species,M10000000,1,0
0,0,0,0,1,0,0,0,0,0,0,0,-2.3,0,0,0,R-HSA-9006927,Signaling by Non-Receptor Tyrosine Kinases,M00001000,1,0
0,0,0,0,1,0,0,0,0,0,0,0,-2.1,0,0,0,GO:0045428,regulation of nitric oxide biosynthetic process,M00001000,1,0
1,0,0,0,0,0,0,0,-2.1,0,0,0,0,0,0,0,hsa05225,Hepatocellular carcinoma,M10000000,1,0
0,0,0,0,1,0,0,0,0,0,0,0,-3.3,0,0,0,GO:0001954,positive regulation of cell-matrix adhesion,M00001000,1,0
1,0,0,0,0,0,0,0,-2.6,0,0,0,0,0,0,0,WP2849,Hematopoietic stem cell differentiation,M10000000,1,0
0,1,0,0,0,0,0,0,0,-2.4,0,0,0,0,0,0,GO:0042558,pteridine-containing compound metabolic process,M01000000,1,0
1,0,0,0,0,0,0,0,-2.5,0,0,0,0,0,0,0,GO:0019674,NAD metabolic process,M10000000,1,0
0,0,0,0,1,0,0,0,0,0,0,0,-3.5,0,0,0,GO:0002716,negative regulation of natural killer cell mediated immunity,M00001000,1,0
0,1,0,0,0,0,0,0,0,-2.4,0,0,0,0,0,0,R-HSA-1638074,Keratan sulfate/keratin metabolism,M01000000,1,0
0,0,0,0,1,0,0,0,0,0,0,0,-12,0,0,0,R-HSA-9762114,GSK3B and BTRC:CUL1-mediated-degradation of NFE2L2,M00001000,1,0
0,0,0,0,0,0,0,1,0,0,0,0,0,0,0,-2.5,GO:0036258,multivesicular body assembly,M00000001,1,0
0,0,0,0,0,0,1,0,0,0,0,0,0,0,-2.1,0,R-HSA-1660499,Synthesis of PIPs at the plasma membrane,M00000010,1,0
0,0,0,0,1,0,0,0,0,0,0,0,-9.5,0,0,0,WP254,Apoptosis,M00001000,1,0
0,0,0,0,0,1,0,0,0,0,0,0,0,-5.5,0,0,WP5198,Inflammatory bowel disease signaling,M00000100,1,0
0,0,0,0,0,0,1,0,0,0,0,0,0,0,-2,0,GO:0051147,regulation of muscle cell differentiation,M00000010,1,0
0,0,0,0,0,0,1,0,0,0,0,0,0,0,-3.7,0,GO:0099003,vesicle-mediated transport in synapse,M00000010,1,0
0,0,1,0,0,0,0,0,0,0,-2.6,0,0,0,0,0,hsa04520,Adherens junction,M00100000,1,0
1,0,0,0,0,0,0,0,-3.8,0,0,0,0,0,0,0,GO:0009251,glucan catabolic process,M10000000,1,0
1,0,0,0,0,0,0,0,-2.2,0,0,0,0,0,0,0,GO:0014823,response to activity,M10000000,1,0
0,1,0,0,0,0,0,0,0,-4.1,0,0,0,0,0,0,GO:0050819,negative regulation of coagulation,M01000000,1,0
1,0,0,0,0,0,0,0,-2.1,0,0,0,0,0,0,0,R-HSA-9009391,Extra-nuclear estrogen signaling,M10000000,1,0
0,1,0,0,0,0,0,0,0,-3.3,0,0,0,0,0,0,WP5380,5q35 copy number variation,M01000000,1,0
0,0,0,0,1,0,0,0,0,0,0,0,-3.9,0,0,0,GO:0016045,detection of bacterium,M00001000,1,0
0,0,0,0,1,0,0,0,0,0,0,0,-4.6,0,0,0,R-HSA-109606,Intrinsic Pathway for Apoptosis,M00001000,1,0
0,0,0,0,1,0,0,0,0,0,0,0,-10,0,0,0,R-HSA-176409,APC/C:Cdc20 mediated degradation of mitotic proteins,M00001000,1,0
0,0,0,0,1,0,0,0,0,0,0,0,-6.7,0,0,0,R-HSA-9692914,SARS-CoV-1-host interactions,M00001000,1,0
1,0,0,0,0,0,0,0,-2.4,0,0,0,0,0,0,0,GO:0010464,regulation of mesenchymal cell proliferation,M10000000,1,0
0,0,0,0,0,0,1,0,0,0,0,0,0,0,-3.1,0,GO:0006637,acyl-CoA metabolic process,M00000010,1,0
0,1,0,0,0,0,0,0,0,-2.6,0,0,0,0,0,0,GO:0031646,positive regulation of nervous system process,M01000000,1,0
0,1,0,0,0,0,0,0,0,-3.2,0,0,0,0,0,0,WP100,Glutathione metabolism,M01000000,1,0
0,0,0,0,1,0,0,0,0,0,0,0,-11,0,0,0,R-HSA-174154,APC/C:Cdc20 mediated degradation of Securin,M00001000,1,0
0,0,0,0,1,0,0,0,0,0,0,0,-10,0,0,0,R-HSA-2454202,Fc epsilon receptor (FCERI) signaling,M00001000,1,0
1,0,0,0,0,0,0,0,-3.1,0,0,0,0,0,0,0,hsa00531,Glycosaminoglycan degradation,M10000000,1,0
1,0,0,0,0,0,0,0,-2.3,0,0,0,0,0,0,0,GO:0050890,cognition,M10000000,1,0
0,0,0,0,1,0,0,0,0,0,0,0,-3.4,0,0,0,WP585,Interferon type I signaling pathways,M00001000,1,0
0,1,0,0,0,0,0,0,0,-4.2,0,0,0,0,0,0,GO:0034377,plasma lipoprotein particle assembly,M01000000,1,0
0,0,1,0,0,0,0,0,0,0,-2.1,0,0,0,0,0,GO:0006281,DNA repair,M00100000,1,0
0,0,0,0,1,0,0,0,0,0,0,0,-2.9,0,0,0,WP5358,JAK STAT signaling in the regulation of beta cells,M00001000,1,0
1,0,0,0,0,0,0,0,-2.1,0,0,0,0,0,0,0,GO:0043401,steroid hormone mediated signaling pathway,M10000000,1,0
0,0,0,0,0,0,1,0,0,0,0,0,0,0,-3.7,0,GO:0034620,cellular response to unfolded protein,M00000010,1,0
0,0,0,0,0,0,1,0,0,0,0,0,0,0,-3.1,0,GO:0035383,thioester metabolic process,M00000010,1,0
0,0,0,0,0,1,0,0,0,0,0,0,0,-2.5,0,0,GO:1903557,positive regulation of tumor necrosis factor superfamily cytokine production,M00000100,1,0
0,0,0,0,1,0,0,0,0,0,0,0,-11,0,0,0,R-HSA-4608870,Asymmetric localization of PCP proteins,M00001000,1,0
1,0,0,0,0,0,0,0,-2.5,0,0,0,0,0,0,0,M269,PID RAS PATHWAY,M10000000,1,0
0,1,0,0,0,0,0,0,0,-3.2,0,0,0,0,0,0,R-HSA-3000480,Scavenging by Class A Receptors,M01000000,1,0
0,0,0,0,0,1,0,0,0,0,0,0,0,-3.4,0,0,GO:0051043,regulation of membrane protein ectodomain proteolysis,M00000100,1,0
0,0,0,0,0,0,1,0,0,0,0,0,0,0,-2.3,0,GO:1902414,protein localization to cell junction,M00000010,1,0
0,0,1,0,0,0,0,0,0,0,-2.4,0,0,0,0,0,WP4141,PI3K AKT mTOR vitamin D3 signaling,M00100000,1,0
1,0,0,0,0,0,0,0,-2.4,0,0,0,0,0,0,0,GO:0045926,negative regulation of growth,M10000000,1,0
0,0,0,0,1,0,0,0,0,0,0,0,-12,0,0,0,R-HSA-1236978,Cross-presentation of soluble exogenous antigens (endosomes),M00001000,1,0
1,0,0,0,0,0,0,0,-3.4,0,0,0,0,0,0,0,M127,PID ERBB1 RECEPTOR PROXIMAL PATHWAY,M10000000,1,0
0,0,0,0,0,0,1,0,0,0,0,0,0,0,-2.4,0,GO:0060251,regulation of glial cell proliferation,M00000010,1,0
0,0,0,0,1,0,0,0,0,0,0,0,-12,0,0,0,R-HSA-350562,Regulation of ornithine decarboxylase (ODC),M00001000,1,0
0,1,0,0,0,0,0,0,0,-3.1,0,0,0,0,0,0,GO:0051016,barbed-end actin filament capping,M01000000,1,0
1,0,0,0,0,0,0,0,-2.8,0,0,0,0,0,0,0,GO:0031032,actomyosin structure organization,M10000000,1,0
0,1,0,0,0,0,0,0,0,-3.5,0,0,0,0,0,0,GO:0006672,ceramide metabolic process,M01000000,1,0
0,0,0,0,1,0,0,0,0,0,0,0,-2.1,0,0,0,GO:0032653,regulation of interleukin-10 production,M00001000,1,0
0,0,1,0,0,0,0,0,0,0,-3.1,0,0,0,0,0,R-HSA-5620920,Cargo trafficking to the periciliary membrane,M00100000,1,0
0,0,0,0,1,0,0,0,0,0,0,0,-2.9,0,0,0,M23,PID WNT NONCANONICAL PATHWAY,M00001000,1,0
0,0,0,0,1,0,0,0,0,0,0,0,-6.7,0,0,0,WP4658,Small cell lung cancer,M00001000,1,0
0,0,0,0,0,1,0,0,0,0,0,0,0,-3.3,0,0,GO:0008217,regulation of blood pressure,M00000100,1,0
0,0,0,0,0,0,1,0,0,0,0,0,0,0,-2.9,0,GO:0006687,glycosphingolipid metabolic process,M00000010,1,0
0,0,0,0,1,0,0,0,0,0,0,0,-5.2,0,0,0,WP1742,TP53 network,M00001000,1,0
0,1,0,0,0,0,0,0,0,-3.2,0,0,0,0,0,0,GO:0050818,regulation of coagulation,M01000000,1,0
0,0,0,0,0,0,1,0,0,0,0,0,0,0,-4.6,0,GO:1990778,protein localization to cell periphery,M00000010,1,0
1,0,0,0,0,0,0,0,-4.4,0,0,0,0,0,0,0,GO:0008016,regulation of heart contraction,M10000000,1,0
0,1,0,0,0,0,0,0,0,-2.7,0,0,0,0,0,0,GO:0048661,positive regulation of smooth muscle cell proliferation,M01000000,1,0
0,0,0,0,1,0,0,0,0,0,0,0,-3.9,0,0,0,M16697,BIOCARTA CD40 PATHWAY,M00001000,1,0
0,0,0,1,0,0,0,0,0,0,0,-2.4,0,0,0,0,GO:0019722,calcium-mediated signaling,M00010000,1,0
0,0,0,0,1,0,0,0,0,0,0,0,-4.4,0,0,0,R-HSA-5218859,Regulated Necrosis,M00001000,1,0
0,0,0,1,0,0,0,0,0,0,0,-2.4,0,0,0,0,GO:0006913,nucleocytoplasmic transport,M00010000,1,0
0,0,0,0,1,0,0,0,0,0,0,0,-5.8,0,0,0,WP3858,Toll like receptor signaling related to MyD88,M00001000,1,0
1,0,0,0,0,0,0,0,-2.3,0,0,0,0,0,0,0,hsa04924,Renin secretion,M10000000,1,0
0,0,0,0,1,0,0,0,0,0,0,0,-10,0,0,0,R-HSA-5619084,ABC transporter disorders,M00001000,1,0
0,0,0,0,0,0,1,0,0,0,0,0,0,0,-2.2,0,GO:0072599,establishment of protein localization to endoplasmic reticulum,M00000010,1,0
0,0,0,0,1,0,0,0,0,0,0,0,-3.2,0,0,0,M36,PID IL27 PATHWAY,M00001000,1,0
0,0,0,0,1,0,0,0,0,0,0,0,-4.2,0,0,0,GO:0050729,positive regulation of inflammatory response,M00001000,1,0
0,0,1,0,0,0,0,0,0,0,-3,0,0,0,0,0,R-HSA-416482,G alpha (12/13) signalling events,M00100000,1,0
0,0,0,0,1,0,0,0,0,0,0,0,-8.8,0,0,0,GO:0002237,response to molecule of bacterial origin,M00001000,1,0
0,0,0,0,0,1,0,0,0,0,0,0,0,-2,0,0,R-HSA-1483255,PI Metabolism,M00000100,1,0
0,0,0,0,0,0,0,1,0,0,0,0,0,0,0,-2.3,GO:0006090,pyruvate metabolic process,M00000001,1,0
0,0,0,0,0,0,0,1,0,0,0,0,0,0,0,-2.2,hsa05212,Pancreatic cancer,M00000001,1,0
0,0,1,0,0,0,0,0,0,0,-2.5,0,0,0,0,0,R-HSA-5620912,Anchoring of the basal body to the plasma membrane,M00100000,1,0
0,0,0,0,0,1,0,0,0,0,0,0,0,-3.1,0,0,GO:0051384,response to glucocorticoid,M00000100,1,0
0,0,0,0,1,0,0,0,0,0,0,0,-11,0,0,0,R-HSA-5610780,Degradation of GLI1 by the proteasome,M00001000,1,0
1,0,0,0,0,0,0,0,-3,0,0,0,0,0,0,0,GO:0030832,regulation of actin filament length,M10000000,1,0
0,0,0,0,1,0,0,0,0,0,0,0,-3.3,0,0,0,GO:1905523,positive regulation of macrophage migration,M00001000,1,0
0,0,0,0,1,0,0,0,0,0,0,0,-5.7,0,0,0,GO:0044092,negative regulation of molecular function,M00001000,1,0
0,0,1,0,0,0,0,0,0,0,-3.9,0,0,0,0,0,R-HSA-1368082,RORA activates gene expression,M00100000,1,0
0,0,0,0,0,0,1,0,0,0,0,0,0,0,-2.8,0,GO:1900101,regulation of endoplasmic reticulum unfolded protein response,M00000010,1,0
1,0,0,0,0,0,0,0,-2.3,0,0,0,0,0,0,0,R-HSA-194138,Signaling by VEGF,M10000000,1,0
0,0,0,0,1,0,0,0,0,0,0,0,-3.4,0,0,0,GO:0034340,response to type I interferon,M00001000,1,0
0,0,0,0,1,0,0,0,0,0,0,0,-3.2,0,0,0,GO:0042116,macrophage activation,M00001000,1,0
0,0,0,0,0,0,0,1,0,0,0,0,0,0,0,-4.4,GO:0016072,rRNA metabolic process,M00000001,1,0
1,0,0,0,0,0,0,0,-4.7,0,0,0,0,0,0,0,GO:0006552,leucine catabolic process,M10000000,1,0
0,0,0,0,1,0,0,0,0,0,0,0,-2.7,0,0,0,WP2447,Amyotrophic lateral sclerosis ALS,M00001000,1,0
0,0,0,0,0,1,0,0,0,0,0,0,0,-3.7,0,0,GO:0015698,inorganic anion transport,M00000100,1,0
0,0,0,0,0,0,0,1,0,0,0,0,0,0,0,-2.8,GO:0032330,regulation of chondrocyte differentiation,M00000001,1,0
1,0,0,0,0,0,0,0,-2.3,0,0,0,0,0,0,0,GO:0006909,phagocytosis,M10000000,1,0
0,0,1,0,0,0,0,0,0,0,-2.6,0,0,0,0,0,GO:2000786,positive regulation of autophagosome assembly,M00100000,1,0
0,0,0,0,1,0,0,0,0,0,0,0,-2.5,0,0,0,GO:0042149,cellular response to glucose starvation,M00001000,1,0
1,0,0,0,0,0,0,0,-2.9,0,0,0,0,0,0,0,GO:0016137,glycoside metabolic process,M10000000,1,0
0,0,0,0,0,0,0,1,0,0,0,0,0,0,0,-2.3,GO:0061035,regulation of cartilage development,M00000001,1,0
0,0,1,0,0,0,0,0,0,0,-2,0,0,0,0,0,R-HSA-6804758,Regulation of TP53 Activity through Acetylation,M00100000,1,0
0,0,0,0,1,0,0,0,0,0,0,0,-2.8,0,0,0,R-HSA-168638,NOD1/2 Signaling Pathway,M00001000,1,0
0,0,1,0,0,0,0,0,0,0,-2.7,0,0,0,0,0,R-HSA-5617472,Activation of anterior HOX genes in hindbrain development during early embryogenesis,M00100000,1,0
1,0,0,0,0,0,0,0,-4.1,0,0,0,0,0,0,0,GO:0046849,bone remodeling,M10000000,1,0
0,0,0,0,0,1,0,0,0,0,0,0,0,-3.9,0,0,GO:0002693,positive regulation of cellular extravasation,M00000100,1,0
0,0,0,0,1,0,0,0,0,0,0,0,-11,0,0,0,R-HSA-5387390,Hh mutants abrogate ligand secretion,M00001000,1,0
1,0,0,0,0,0,0,0,-2.7,0,0,0,0,0,0,0,GO:0060487,lung epithelial cell differentiation,M10000000,1,0
0,1,0,0,0,0,0,0,0,-2.4,0,0,0,0,0,0,GO:0008544,epidermis development,M01000000,1,0
0,0,0,0,0,1,0,0,0,0,0,0,0,-4.4,0,0,WP2359,Parkin ubiquitin proteasomal system pathway,M00000100,1,0
0,0,0,1,0,0,0,0,0,0,0,-2.1,0,0,0,0,R-HSA-9707564,Cytoprotection by HMOX1,M00010000,1,0
0,0,0,0,1,0,0,0,0,0,0,0,-5.6,0,0,0,WP1772,Apoptosis modulation and signaling,M00001000,1,0
0,0,0,0,1,0,0,0,0,0,0,0,-6.1,0,0,0,hsa05016,Huntington disease,M00001000,1,0
0,0,1,0,0,0,0,0,0,0,-2.8,0,0,0,0,0,R-HSA-2894862,Constitutive Signaling by NOTCH1 HD+PEST Domain Mutants,M00100000,1,0
1,0,0,0,0,0,0,0,-2.2,0,0,0,0,0,0,0,GO:0014741,negative regulation of muscle hypertrophy,M10000000,1,0
0,0,0,0,0,0,0,1,0,0,0,0,0,0,0,-2.8,GO:0016051,carbohydrate biosynthetic process,M00000001,1,0
0,0,0,0,0,1,0,0,0,0,0,0,0,-2,0,0,GO:0090257,regulation of muscle system process,M00000100,1,0
0,0,0,0,0,0,1,0,0,0,0,0,0,0,-3.2,0,R-HSA-1474290,Collagen formation,M00000010,1,0
0,0,0,0,1,0,0,0,0,0,0,0,-6.2,0,0,0,GO:0007249,canonical NF-kappaB signal transduction,M00001000,1,0
0,0,0,0,1,0,0,0,0,0,0,0,-3,0,0,0,GO:0032715,negative regulation of interleukin-6 production,M00001000,1,0
0,0,1,0,0,0,0,0,0,0,-2.7,0,0,0,0,0,R-HSA-5619507,Activation of HOX genes during differentiation,M00100000,1,0
0,0,0,0,1,0,0,0,0,0,0,0,-14,0,0,0,R-HSA-69563,p53-Dependent G1 DNA Damage Response,M00001000,1,0
1,0,0,0,0,0,0,0,-4.5,0,0,0,0,0,0,0,hsa04014,Ras signaling pathway,M10000000,1,0
0,0,0,1,0,0,0,0,0,0,0,-2.2,0,0,0,0,GO:0045604,regulation of epidermal cell differentiation,M00010000,1,0
0,0,0,0,1,0,0,0,0,0,0,0,-2.3,0,0,0,M5896,HALLMARK TGF BETA SIGNALING,M00001000,1,0
0,1,0,0,0,0,0,0,0,-2.2,0,0,0,0,0,0,GO:0046466,membrane lipid catabolic process,M01000000,1,0
1,0,0,0,0,0,0,0,-2.1,0,0,0,0,0,0,0,GO:0051897,positive regulation of phosphatidylinositol 3-kinase/protein kinase B signal transduction,M10000000,1,0
1,0,0,0,0,0,0,0,-3,0,0,0,0,0,0,0,WP289,Myometrial relaxation and contraction pathways,M10000000,1,0
0,0,0,0,1,0,0,0,0,0,0,0,-2.3,0,0,0,GO:0046638,positive regulation of alpha-beta T cell differentiation,M00001000,1,0
0,0,0,0,0,0,0,1,0,0,0,0,0,0,0,-2.4,M3342,BIOCARTA INTEGRIN PATHWAY,M00000001,1,0
0,1,0,0,0,0,0,0,0,-5.1,0,0,0,0,0,0,GO:0007586,digestion,M01000000,1,0
1,0,0,0,0,0,0,0,-2.2,0,0,0,0,0,0,0,hsa05207,Chemical carcinogenesis - receptor activation,M10000000,1,0
0,0,0,0,0,0,0,1,0,0,0,0,0,0,0,-2.4,M5945,HALLMARK HEME METABOLISM,M00000001,1,0
0,0,0,0,1,0,0,0,0,0,0,0,-2.7,0,0,0,GO:0002456,T cell mediated immunity,M00001000,1,0
0,0,0,0,0,0,1,0,0,0,0,0,0,0,-5.1,0,GO:0046165,alcohol biosynthetic process,M00000010,1,0
0,1,0,0,0,0,0,0,0,-2.1,0,0,0,0,0,0,R-HSA-9749641,Aspirin ADME,M01000000,1,0
0,1,0,0,0,0,0,0,0,-2.8,0,0,0,0,0,0,GO:0015740,C4-dicarboxylate transport,M01000000,1,0
1,0,0,0,0,0,0,0,-2.5,0,0,0,0,0,0,0,WP4941,GPR143 in melanocytes and retinal pigment epithelium cells,M10000000,1,0
0,0,0,0,1,0,0,0,0,0,0,0,-2.8,0,0,0,R-HSA-2990846,SUMOylation,M00001000,1,0
0,0,1,0,0,0,0,0,0,0,-2.2,0,0,0,0,0,GO:0002026,regulation of the force of heart contraction,M00100000,1,0
0,0,0,0,0,0,1,0,0,0,0,0,0,0,-3.7,0,WP197,Cholesterol biosynthesis pathway,M00000010,1,0
1,0,0,0,0,0,0,0,-2.1,0,0,0,0,0,0,0,GO:1903169,regulation of calcium ion transmembrane transport,M10000000,1,0
1,0,0,0,0,0,0,0,-3,0,0,0,0,0,0,0,GO:0150115,cell-substrate junction organization,M10000000,1,0
0,0,1,0,0,0,0,0,0,0,-2.1,0,0,0,0,0,GO:0009411,response to UV,M00100000,1,0
0,0,0,0,1,0,0,0,0,0,0,0,-12,0,0,0,R-HSA-983705,Signaling by the B Cell Receptor (BCR),M00001000,1,0
1,0,0,0,0,0,0,0,-3.1,0,0,0,0,0,0,0,GO:0007044,cell-substrate junction assembly,M10000000,1,0
0,0,0,0,1,0,0,0,0,0,0,0,-2.3,0,0,0,M278,PID RAC1 PATHWAY,M00001000,1,0
0,1,0,0,0,0,0,0,0,-2.3,0,0,0,0,0,0,GO:0032350,regulation of hormone metabolic process,M01000000,1,0
0,0,1,0,0,0,0,0,0,0,-2.9,0,0,0,0,0,GO:0006306,DNA methylation,M00100000,1,0
0,0,0,0,1,0,0,0,0,0,0,0,-6.4,0,0,0,R-HSA-5684996,MAPK1/MAPK3 signaling,M00001000,1,0
0,0,0,0,1,0,0,0,0,0,0,0,-3.5,0,0,0,WP2328,Allograft rejection,M00001000,1,0
0,0,0,0,1,0,0,0,0,0,0,0,-5.7,0,0,0,WP4880,Host pathogen interaction of human coronaviruses interferon induction,M00001000,1,0
0,0,0,1,0,0,0,0,0,0,0,-2.7,0,0,0,0,WP5395,Glycosaminoglycan synthesis in fibroblasts,M00010000,1,0
0,1,0,0,0,0,0,0,0,-2.7,0,0,0,0,0,0,GO:0044331,cell-cell adhesion mediated by cadherin,M01000000,1,0
0,1,0,0,0,0,0,0,0,-6.2,0,0,0,0,0,0,GO:0022600,digestive system process,M01000000,1,0
0,0,0,0,0,0,0,1,0,0,0,0,0,0,0,-5.1,R-HSA-162599,Late Phase of HIV Life Cycle,M00000001,1,0
1,0,0,0,0,0,0,0,-3.8,0,0,0,0,0,0,0,hsa01200,Carbon metabolism,M10000000,1,0
0,0,1,0,0,0,0,0,0,0,-2.8,0,0,0,0,0,R-HSA-2644606,Constitutive Signaling by NOTCH1 PEST Domain Mutants,M00100000,1,0
0,0,1,0,0,0,0,0,0,0,-2.6,0,0,0,0,0,M3008,NABA ECM GLYCOPROTEINS,M00100000,1,0
0,0,0,1,0,0,0,0,0,0,0,-2.6,0,0,0,0,GO:0072331,signal transduction by p53 class mediator,M00010000,1,0
0,0,1,0,0,0,0,0,0,0,-2.4,0,0,0,0,0,GO:0097581,lamellipodium organization,M00100000,1,0
0,0,0,0,0,0,1,0,0,0,0,0,0,0,-3.1,0,GO:0007517,muscle organ development,M00000010,1,0
0,0,0,0,0,0,1,0,0,0,0,0,0,0,-3.6,0,WP2291,Deregulation of Rab and Rab effector genes in bladder cancer,M00000010,1,0
0,0,0,0,1,0,0,0,0,0,0,0,-15,0,0,0,R-HSA-5676590,NIK-->noncanonical NF-kB signaling,M00001000,1,0
0,0,1,0,0,0,0,0,0,0,-2.7,0,0,0,0,0,GO:0006259,DNA metabolic process,M00100000,1,0
0,0,0,1,0,0,0,0,0,0,0,-2.1,0,0,0,0,GO:0062208,positive regulation of pattern recognition receptor signaling pathway,M00010000,1,0
1,0,0,0,0,0,0,0,-3.3,0,0,0,0,0,0,0,R-HSA-399954,Sema3A PAK dependent Axon repulsion,M10000000,1,0
1,0,0,0,0,0,0,0,-2.1,0,0,0,0,0,0,0,GO:0141091,transforming growth factor beta receptor superfamily signaling pathway,M10000000,1,0
1,0,0,0,0,0,0,0,-2.4,0,0,0,0,0,0,0,R-HSA-399721,"Glutamate binding, activation of AMPA receptors and synaptic plasticity",M10000000,1,0
0,0,0,1,0,0,0,0,0,0,0,-3.8,0,0,0,0,M13863,BIOCARTA MAPK PATHWAY,M00010000,1,0
0,0,0,0,1,0,0,0,0,0,0,0,-4,0,0,0,GO:0070665,positive regulation of leukocyte proliferation,M00001000,1,0
1,0,0,0,0,0,0,0,-2.3,0,0,0,0,0,0,0,GO:1901658,glycosyl compound catabolic process,M10000000,1,0
0,0,0,0,0,0,1,0,0,0,0,0,0,0,-2.4,0,hsa04068,FoxO signaling pathway,M00000010,1,0
0,0,0,0,1,0,0,0,0,0,0,0,-4.8,0,0,0,GO:0032088,negative regulation of NF-kappaB transcription factor activity,M00001000,1,0
0,0,0,0,0,0,0,1,0,0,0,0,0,0,0,-2.4,GO:0043094,cellular metabolic compound salvage,M00000001,1,0
1,0,0,0,0,0,0,0,-2.1,0,0,0,0,0,0,0,hsa01521,EGFR tyrosine kinase inhibitor resistance,M10000000,1,0
0,0,1,0,0,0,0,0,0,0,-2.2,0,0,0,0,0,GO:0045940,positive regulation of steroid metabolic process,M00100000,1,0
0,0,1,0,0,0,0,0,0,0,-2.7,0,0,0,0,0,GO:0006260,DNA replication,M00100000,1,0
0,0,0,0,1,0,0,0,0,0,0,0,-7.5,0,0,0,R-HSA-9678108,SARS-CoV-1 Infection,M00001000,1,0
0,0,0,0,1,0,0,0,0,0,0,0,-10,0,0,0,R-HSA-1234174,Cellular response to hypoxia,M00001000,1,0
0,0,0,0,1,0,0,0,0,0,0,0,-12,0,0,0,R-HSA-174113,SCF-beta-TrCP mediated degradation of Emi1,M00001000,1,0
0,0,0,1,0,0,0,0,0,0,0,-2.6,0,0,0,0,R-HSA-373080,Class B/2 (Secretin family receptors),M00010000,1,0
0,0,0,0,0,0,0,1,0,0,0,0,0,0,0,-2.8,WP4018,Clear cell renal cell carcinoma pathways,M00000001,1,0
0,0,0,0,1,0,0,0,0,0,0,0,-4.6,0,0,0,GO:0002250,adaptive immune response,M00001000,1,0
0,0,0,0,1,0,0,0,0,0,0,0,-7.8,0,0,0,R-HSA-9010553,Regulation of expression of SLITs and ROBOs,M00001000,1,0
0,0,0,0,1,0,0,0,0,0,0,0,-2.3,0,0,0,GO:0002715,regulation of natural killer cell mediated immunity,M00001000,1,0
0,0,0,0,1,0,0,0,0,0,0,0,-6.4,0,0,0,R-HSA-68882,Mitotic Anaphase,M00001000,1,0
0,0,0,1,0,0,0,0,0,0,0,-3,0,0,0,0,GO:0003002,regionalization,M00010000,1,0
0,0,0,0,0,0,0,1,0,0,0,0,0,0,0,-2.4,R-HSA-917729,Endosomal Sorting Complex Required For Transport (ESCRT),M00000001,1,0
0,0,0,0,1,0,0,0,0,0,0,0,-5.5,0,0,0,GO:0043161,proteasome-mediated ubiquitin-dependent protein catabolic process,M00001000,1,0
0,0,0,0,1,0,0,0,0,0,0,0,-4.3,0,0,0,GO:0001774,microglial cell activation,M00001000,1,0
0,0,1,0,0,0,0,0,0,0,-2.1,0,0,0,0,0,R-HSA-381340,Transcriptional regulation of white adipocyte differentiation,M00100000,1,0
0,0,1,0,0,0,0,0,0,0,-3.3,0,0,0,0,0,hsa04934,Cushing syndrome,M00100000,1,0
0,0,0,0,1,0,0,0,0,0,0,0,-12,0,0,0,R-HSA-69601,Ubiquitin Mediated Degradation of Phosphorylated Cdc25A,M00001000,1,0
0,1,0,0,0,0,0,0,0,-2.1,0,0,0,0,0,0,GO:1905952,regulation of lipid localization,M01000000,1,0
0,0,0,0,0,1,0,0,0,0,0,0,0,-3.7,0,0,WP2272,Pathogenic Escherichia coli infection,M00000100,1,0
0,0,0,0,0,0,1,0,0,0,0,0,0,0,-2.6,0,GO:0014015,positive regulation of gliogenesis,M00000010,1,0
0,0,0,0,1,0,0,0,0,0,0,0,-12,0,0,0,hsa03050,Proteasome,M00001000,1,0
0,1,0,0,0,0,0,0,0,-2.1,0,0,0,0,0,0,GO:0009581,detection of external stimulus,M01000000,1,0
0,1,0,0,0,0,0,0,0,-2.6,0,0,0,0,0,0,GO:0030837,negative regulation of actin filament polymerization,M01000000,1,0
0,0,0,0,1,0,0,0,0,0,0,0,-12,0,0,0,R-HSA-5689603,UCH proteinases,M00001000,1,0
0,0,0,1,0,0,0,0,0,0,0,-2.1,0,0,0,0,GO:0045682,regulation of epidermis development,M00010000,1,0
0,1,0,0,0,0,0,0,0,-2.6,0,0,0,0,0,0,GO:0006536,glutamate metabolic process,M01000000,1,0
0,1,0,0,0,0,0,0,0,-4.5,0,0,0,0,0,0,GO:0034308,primary alcohol metabolic process,M01000000,1,0
0,0,0,0,0,1,0,0,0,0,0,0,0,-2.2,0,0,GO:0006970,response to osmotic stress,M00000100,1,0
0,0,0,0,1,0,0,0,0,0,0,0,-2.9,0,0,0,hsa04215,Apoptosis - multiple species,M00001000,1,0
0,0,0,0,0,0,1,0,0,0,0,0,0,0,-4.4,0,GO:0160063,multi-pass transmembrane protein insertion into ER membrane,M00000010,1,0
0,0,0,0,0,1,0,0,0,0,0,0,0,-2,0,0,hsa04514,Cell adhesion molecules,M00000100,1,0
1,0,0,0,0,0,0,0,-4.2,0,0,0,0,0,0,0,R-HSA-3296482,Defects in vitamin and cofactor metabolism,M10000000,1,0
1,0,0,0,0,0,0,0,-2,0,0,0,0,0,0,0,GO:0043039,tRNA aminoacylation,M10000000,1,0
1,0,0,0,0,0,0,0,-2.7,0,0,0,0,0,0,0,GO:1901606,alpha-amino acid catabolic process,M10000000,1,0
0,0,0,0,1,0,0,0,0,0,0,0,-3.4,0,0,0,hsa05020,Prion disease,M00001000,1,0
0,0,0,0,0,0,1,0,0,0,0,0,0,0,-4,0,GO:0045048,protein insertion into ER membrane,M00000010,1,0
0,0,0,0,1,0,0,0,0,0,0,0,-2.2,0,0,0,hsa04370,VEGF signaling pathway,M00001000,1,0
0,0,0,0,1,0,0,0,0,0,0,0,-3.9,0,0,0,R-HSA-918233,TRAF3-dependent IRF activation pathway,M00001000,1,0
0,0,1,0,0,0,0,0,0,0,-3,0,0,0,0,0,GO:0016239,positive regulation of macroautophagy,M00100000,1,0
0,0,1,0,0,0,0,0,0,0,-3.2,0,0,0,0,0,GO:0032107,regulation of response to nutrient levels,M00100000,1,0
0,0,0,0,1,0,0,0,0,0,0,0,-8.2,0,0,0,R-HSA-9692916,SARS-CoV-1 activates/modulates innate immune responses,M00001000,1,0
0,1,0,0,0,0,0,0,0,-3.9,0,0,0,0,0,0,GO:0033344,cholesterol efflux,M01000000,1,0
1,0,0,0,0,0,0,0,-2,0,0,0,0,0,0,0,GO:0008344,adult locomotory behavior,M10000000,1,0
0,1,0,0,0,0,0,0,0,-3.6,0,0,0,0,0,0,GO:0098754,detoxification,M01000000,1,0
0,0,0,0,0,1,0,0,0,0,0,0,0,-2.6,0,0,GO:0043330,response to exogenous dsRNA,M00000100,1,0
0,0,0,0,0,1,0,0,0,0,0,0,0,-2.8,0,0,GO:0006820,monoatomic anion transport,M00000100,1,0
0,0,0,0,1,0,0,0,0,0,0,0,-4.8,0,0,0,GO:0002720,positive regulation of cytokine production involved in immune response,M00001000,1,0
0,0,0,0,0,0,1,0,0,0,0,0,0,0,-4.4,0,GO:0035336,long-chain fatty-acyl-CoA metabolic process,M00000010,1,0
1,0,0,0,0,0,0,0,-5.2,0,0,0,0,0,0,0,GO:0031345,negative regulation of cell projection organization,M10000000,1,0
0,1,0,0,0,0,0,0,0,-4.3,0,0,0,0,0,0,GO:0006575,cellular modified amino acid metabolic process,M01000000,1,0
0,0,0,0,1,0,0,0,0,0,0,0,-10,0,0,0,R-HSA-69017,CDK-mediated phosphorylation and removal of Cdc6,M00001000,1,0
0,0,0,0,1,0,0,0,0,0,0,0,-2.8,0,0,0,GO:0048147,negative regulation of fibroblast proliferation,M00001000,1,0
0,0,0,0,1,0,0,0,0,0,0,0,-5.2,0,0,0,M9546,BIOCARTA TID PATHWAY,M00001000,1,0
1,0,0,0,0,0,0,0,-2.9,0,0,0,0,0,0,0,GO:0031644,regulation of nervous system process,M10000000,1,0
1,0,0,0,0,0,0,0,-6.6,0,0,0,0,0,0,0,R-HSA-9033241,Peroxisomal protein import,M10000000,1,0
0,0,0,0,1,0,0,0,0,0,0,0,-3.8,0,0,0,M3952,BIOCARTA LAIR PATHWAY,M00001000,1,0
1,0,0,0,0,0,0,0,-3.2,0,0,0,0,0,0,0,GO:0002027,regulation of heart rate,M10000000,1,0
0,0,0,0,1,0,0,0,0,0,0,0,-12,0,0,0,R-HSA-69610,p53-Independent DNA Damage Response,M00001000,1,0
0,0,0,0,0,0,1,0,0,0,0,0,0,0,-5.2,0,WP2011,SREBF and miR33 in cholesterol and lipid homeostasis,M00000010,1,0
1,0,0,0,0,0,0,0,-3.3,0,0,0,0,0,0,0,R-HSA-70221,Glycogen breakdown (glycogenolysis),M10000000,1,0
0,0,0,0,1,0,0,0,0,0,0,0,-5,0,0,0,M5941,HALLMARK UV RESPONSE UP,M00001000,1,0
0,0,0,0,0,0,1,0,0,0,0,0,0,0,-2.1,0,GO:0048488,synaptic vesicle endocytosis,M00000010,1,0
0,0,0,0,1,0,0,0,0,0,0,0,-2.5,0,0,0,GO:0061383,trabecula morphogenesis,M00001000,1,0
0,0,0,0,1,0,0,0,0,0,0,0,-4.1,0,0,0,R-HSA-8953854,Metabolism of RNA,M00001000,1,0
0,0,0,0,0,0,0,1,0,0,0,0,0,0,0,-3.3,R-HSA-175474,Assembly Of The HIV Virion,M00000001,1,0
0,0,0,0,0,0,0,1,0,0,0,0,0,0,0,-2,GO:0000018,regulation of DNA recombination,M00000001,1,0
0,0,0,0,1,0,0,0,0,0,0,0,-12,0,0,0,R-HSA-9824272,Somitogenesis,M00001000,1,0
0,1,0,0,0,0,0,0,0,-3.6,0,0,0,0,0,0,GO:0000041,transition metal ion transport,M01000000,1,0
0,1,0,0,0,0,0,0,0,-5.8,0,0,0,0,0,0,GO:0071466,cellular response to xenobiotic stimulus,M01000000,1,0
0,0,0,0,0,1,0,0,0,0,0,0,0,-4.1,0,0,GO:0015697,quaternary ammonium group transport,M00000100,1,0
1,0,0,0,0,0,0,0,-4.8,0,0,0,0,0,0,0,hsa00640,Propanoate metabolism,M10000000,1,0
1,0,0,0,0,0,0,0,-2,0,0,0,0,0,0,0,GO:0060443,mammary gland morphogenesis,M10000000,1,0
0,1,0,0,0,0,0,0,0,-2.3,0,0,0,0,0,0,GO:0097237,cellular response to toxic substance,M01000000,1,0
0,0,0,0,1,0,0,0,0,0,0,0,-11,0,0,0,R-HSA-450531,Regulation of mRNA stability by proteins that bind AU-rich elements,M00001000,1,0
0,0,0,0,1,0,0,0,0,0,0,0,-2,0,0,0,GO:0007266,Rho protein signal transduction,M00001000,1,0
0,0,0,0,1,0,0,0,0,0,0,0,-3.1,0,0,0,GO:0035308,negative regulation of protein dephosphorylation,M00001000,1,0
0,0,0,0,0,0,0,1,0,0,0,0,0,0,0,-2.4,M266,PID NCADHERIN PATHWAY,M00000001,1,0
1,0,0,0,0,0,0,0,-3.4,0,0,0,0,0,0,0,GO:0006957,"complement activation, alternative pathway",M10000000,1,0
0,0,1,0,0,0,0,0,0,0,-3.2,0,0,0,0,0,R-HSA-5576891,Cardiac conduction,M00100000,1,0
0,0,1,0,0,0,0,0,0,0,-2.1,0,0,0,0,0,R-HSA-5578775,Ion homeostasis,M00100000,1,0
0,1,0,0,0,0,0,0,0,-4.1,0,0,0,0,0,0,R-HSA-8963888,Chylomicron assembly,M01000000,1,0
0,0,0,0,0,0,1,0,0,0,0,0,0,0,-2.7,0,M277,PID INTEGRIN A4B1 PATHWAY,M00000010,1,0
0,0,0,0,0,0,0,1,0,0,0,0,0,0,0,-5,GO:0006364,rRNA processing,M00000001,1,0
0,0,0,0,1,0,0,0,0,0,0,0,-4.1,0,0,0,R-HSA-936440,Negative regulators of DDX58/IFIH1 signaling,M00001000,1,0
1,0,0,0,0,0,0,0,-2,0,0,0,0,0,0,0,GO:1901657,glycosyl compound metabolic process,M10000000,1,0
0,0,1,0,0,0,0,0,0,0,-2.3,0,0,0,0,0,GO:0051489,regulation of filopodium assembly,M00100000,1,0
0,0,0,0,1,0,0,0,0,0,0,0,-2,0,0,0,GO:0043487,regulation of RNA stability,M00001000,1,0
0,0,0,0,1,0,0,0,0,0,0,0,-4.5,0,0,0,WP3851,TLR4 signaling and tolerance,M00001000,1,0
0,0,1,0,0,0,0,0,0,0,-2.1,0,0,0,0,0,GO:0010633,negative regulation of epithelial cell migration,M00100000,1,0
0,0,0,0,1,0,0,0,0,0,0,0,-2.4,0,0,0,WP286,IL 3 signaling pathway,M00001000,1,0
0,1,0,0,0,0,0,0,0,-2.1,0,0,0,0,0,0,GO:0016485,protein processing,M01000000,1,0
1,0,0,0,0,0,0,0,-3.2,0,0,0,0,0,0,0,GO:0008286,insulin receptor signaling pathway,M10000000,1,0
0,0,0,0,0,0,1,0,0,0,0,0,0,0,-3,0,GO:0030168,platelet activation,M00000010,1,0
0,0,0,0,0,1,0,0,0,0,0,0,0,-2.4,0,0,R-HSA-2142753,Arachidonic acid metabolism,M00000100,1,0
1,0,0,0,0,0,0,0,-2,0,0,0,0,0,0,0,R-HSA-109704,PI3K Cascade,M10000000,1,0
0,0,0,0,1,0,0,0,0,0,0,0,-6.9,0,0,0,GO:0140888,interferon-mediated signaling pathway,M00001000,1,0
0,0,0,0,1,0,0,0,0,0,0,0,-5.8,0,0,0,WP4868,Type I interferon induction and signaling during SARS CoV 2 infection,M00001000,1,0
0,0,1,0,0,0,0,0,0,0,-2.5,0,0,0,0,0,GO:0016444,somatic cell DNA recombination,M00100000,1,0
0,0,0,0,0,0,1,0,0,0,0,0,0,0,-4.8,0,GO:0006887,exocytosis,M00000010,1,0
0,0,0,0,0,0,0,1,0,0,0,0,0,0,0,-2.1,GO:0048821,erythrocyte development,M00000001,1,0
1,0,0,0,0,0,0,0,-2.5,0,0,0,0,0,0,0,WP5102,Familial partial lipodystrophy,M10000000,1,0
0,1,0,0,0,0,0,0,0,-5.7,0,0,0,0,0,0,GO:0034381,plasma lipoprotein particle clearance,M01000000,1,0
1,0,0,0,0,0,0,0,-2.1,0,0,0,0,0,0,0,GO:0010639,negative regulation of organelle organization,M10000000,1,0
0,0,1,0,0,0,0,0,0,0,-2.3,0,0,0,0,0,R-HSA-9843745,Adipogenesis,M00100000,1,0
0,0,0,0,0,0,0,1,0,0,0,0,0,0,0,-3.9,M67,PID ARF6 TRAFFICKING PATHWAY,M00000001,1,0
1,0,0,0,0,0,0,0,-2.2,0,0,0,0,0,0,0,WP69,T cell receptor signaling pathway,M10000000,1,0
1,0,0,0,0,0,0,0,-2.2,0,0,0,0,0,0,0,GO:0055006,cardiac cell development,M10000000,1,0
0,0,0,0,0,1,0,0,0,0,0,0,0,-2.1,0,0,GO:1903825,organic acid transmembrane transport,M00000100,1,0
1,0,0,0,0,0,0,0,-2.6,0,0,0,0,0,0,0,GO:1903050,regulation of proteolysis involved in protein catabolic process,M10000000,1,0
0,0,0,0,0,1,0,0,0,0,0,0,0,-2.5,0,0,GO:0070169,positive regulation of biomineral tissue development,M00000100,1,0
0,0,0,0,0,1,0,0,0,0,0,0,0,-2.2,0,0,GO:0050730,regulation of peptidyl-tyrosine phosphorylation,M00000100,1,0
0,0,1,0,0,0,0,0,0,0,-2.2,0,0,0,0,0,GO:0035108,limb morphogenesis,M00100000,1,0
0,0,0,0,1,0,0,0,0,0,0,0,-12,0,0,0,R-HSA-211733,Regulation of activated PAK-2p34 by proteasome mediated degradation,M00001000,1,0
0,0,0,1,0,0,0,0,0,0,0,-2.6,0,0,0,0,GO:0051492,regulation of stress fiber assembly,M00010000,1,0
0,0,0,0,0,0,1,0,0,0,0,0,0,0,-2.4,0,GO:0046839,phospholipid dephosphorylation,M00000010,1,0
0,0,1,0,0,0,0,0,0,0,-3.1,0,0,0,0,0,M18899,BIOCARTA DREAM PATHWAY,M00100000,1,0
0,0,0,0,0,0,1,0,0,0,0,0,0,0,-3.9,0,GO:0099504,synaptic vesicle cycle,M00000010,1,0
0,0,1,0,0,0,0,0,0,0,-2.3,0,0,0,0,0,GO:0099560,synaptic membrane adhesion,M00100000,1,0
0,0,1,0,0,0,0,0,0,0,-2.7,0,0,0,0,0,GO:0000768,syncytium formation by plasma membrane fusion,M00100000,1,0
0,0,1,0,0,0,0,0,0,0,-3.6,0,0,0,0,0,GO:0032259,methylation,M00100000,1,0
0,1,0,0,0,0,0,0,0,-2.3,0,0,0,0,0,0,GO:0010951,negative regulation of endopeptidase activity,M01000000,1,0
0,0,0,0,1,0,0,0,0,0,0,0,-6.4,0,0,0,R-HSA-445989,TAK1-dependent IKK and NF-kappa-B activation,M00001000,1,0
0,0,0,0,1,0,0,0,0,0,0,0,-4.2,0,0,0,WP5406,13q12 12 copy number variation,M00001000,1,0
0,0,0,0,1,0,0,0,0,0,0,0,-2.1,0,0,0,GO:0043488,regulation of mRNA stability,M00001000,1,0
1,0,0,0,0,0,0,0,-3.7,0,0,0,0,0,0,0,GO:0006006,glucose metabolic process,M10000000,1,0
0,0,0,0,1,0,0,0,0,0,0,0,-3.6,0,0,0,GO:0002695,negative regulation of leukocyte activation,M00001000,1,0
0,0,0,1,0,0,0,0,0,0,0,-2.3,0,0,0,0,GO:0002686,negative regulation of leukocyte migration,M00010000,1,0
0,0,0,0,0,1,0,0,0,0,0,0,0,-5.6,0,0,GO:0071674,mononuclear cell migration,M00000100,1,0
0,1,0,0,0,0,0,0,0,-3.1,0,0,0,0,0,0,WP5066,FOXA2 pathway,M01000000,1,0
0,0,0,0,0,0,1,0,0,0,0,0,0,0,-3,0,R-HSA-432722,Golgi Associated Vesicle Biogenesis,M00000010,1,0
0,1,0,0,0,0,0,0,0,-3.3,0,0,0,0,0,0,GO:0043691,reverse cholesterol transport,M01000000,1,0
0,0,1,0,0,0,0,0,0,0,-2,0,0,0,0,0,R-HSA-418990,Adherens junctions interactions,M00100000,1,0
0,1,0,0,0,0,0,0,0,-5.4,0,0,0,0,0,0,hsa00650,Butanoate metabolism,M01000000,1,0
0,0,1,0,0,0,0,0,0,0,-2.3,0,0,0,0,0,WP4656,Joubert syndrome,M00100000,1,0
1,0,0,0,0,0,0,0,-2.7,0,0,0,0,0,0,0,GO:0032412,regulation of monoatomic ion transmembrane transporter activity,M10000000,1,0
0,0,0,0,1,0,0,0,0,0,0,0,-6,0,0,0,M14971,BIOCARTA DEATH PATHWAY,M00001000,1,0
0,0,0,0,1,0,0,0,0,0,0,0,-11,0,0,0,R-HSA-1234176,Oxygen-dependent proline hydroxylation of Hypoxia-inducible Factor Alpha,M00001000,1,0
0,0,1,0,0,0,0,0,0,0,-2.1,0,0,0,0,0,GO:0046605,regulation of centrosome cycle,M00100000,1,0
0,0,0,0,0,0,1,0,0,0,0,0,0,0,-3.2,0,GO:0003081,regulation of systemic arterial blood pressure by renin-angiotensin,M00000010,1,0
1,0,0,0,0,0,0,0,-2.3,0,0,0,0,0,0,0,WP5321,Prostaglandin and leukotriene metabolism in senescence,M10000000,1,0
0,0,0,0,0,1,0,0,0,0,0,0,0,-2.1,0,0,GO:1903533,regulation of protein targeting,M00000100,1,0
0,0,0,0,1,0,0,0,0,0,0,0,-3.9,0,0,0,WP3941,Oxidative damage response,M00001000,1,0
0,0,0,1,0,0,0,0,0,0,0,-2.5,0,0,0,0,WP2637,Interleukin 1 IL 1 structural pathway,M00010000,1,0
0,0,0,0,1,0,0,0,0,0,0,0,-2.4,0,0,0,R-HSA-9833110,RSV-host interactions,M00001000,1,0
0,0,0,1,0,0,0,0,0,0,0,-3.2,0,0,0,0,R-HSA-4086398,Ca2+ pathway,M00010000,1,0
0,0,1,0,0,0,0,0,0,0,-3.7,0,0,0,0,0,WP4321,Thermogenesis,M00100000,1,0
0,0,0,0,0,0,1,0,0,0,0,0,0,0,-2.2,0,hsa00330,Arginine and proline metabolism,M00000010,1,0
0,0,0,0,0,0,0,1,0,0,0,0,0,0,0,-2.2,GO:0030513,positive regulation of BMP signaling pathway,M00000001,1,0
0,0,0,0,0,0,1,0,0,0,0,0,0,0,-2.9,0,GO:0030199,collagen fibril organization,M00000010,1,0
0,0,0,0,0,1,0,0,0,0,0,0,0,-4.8,0,0,WP399,Wnt signaling pathway and pluripotency,M00000100,1,0
0,0,0,0,0,0,1,0,0,0,0,0,0,0,-2.3,0,WP268,Notch signaling,M00000010,1,0
1,0,0,0,0,0,0,0,-3.1,0,0,0,0,0,0,0,M3494,BIOCARTA PAR1 PATHWAY,M10000000,1,0
0,0,0,0,0,0,1,0,0,0,0,0,0,0,-2.6,0,GO:0007035,vacuolar acidification,M00000010,1,0
0,1,0,0,0,0,0,0,0,-3,0,0,0,0,0,0,GO:0090208,positive regulation of triglyceride metabolic process,M01000000,1,0
0,0,0,0,1,0,0,0,0,0,0,0,-2.1,0,0,0,M200,PID ERA GENOMIC PATHWAY,M00001000,1,0
0,0,0,0,1,0,0,0,0,0,0,0,-3.6,0,0,0,GO:1903555,regulation of tumor necrosis factor superfamily cytokine production,M00001000,1,0
0,0,0,0,0,0,0,1,0,0,0,0,0,0,0,-2.9,R-HSA-2173789,TGF-beta receptor signaling activates SMADs,M00000001,1,0
0,0,0,0,0,0,0,1,0,0,0,0,0,0,0,-3,M66,PID MYC ACTIV PATHWAY,M00000001,1,0
0,1,0,0,0,0,0,0,0,-2.6,0,0,0,0,0,0,GO:0015721,bile acid and bile salt transport,M01000000,1,0
0,0,0,0,1,0,0,0,0,0,0,0,-5.6,0,0,0,GO:0001959,regulation of cytokine-mediated signaling pathway,M00001000,1,0
0,0,1,0,0,0,0,0,0,0,-2.7,0,0,0,0,0,R-HSA-5083635,Defective B3GALTL causes PpS,M00100000,1,0
0,0,0,0,1,0,0,0,0,0,0,0,-2.8,0,0,0,WP5218,Extrafollicular and follicular B cell activation by SARS CoV 2,M00001000,1,0
0,0,0,0,0,0,1,0,0,0,0,0,0,0,-2.2,0,GO:0060537,muscle tissue development,M00000010,1,0
1,0,0,0,0,0,0,0,-3.3,0,0,0,0,0,0,0,hsa04713,Circadian entrainment,M10000000,1,0
0,0,1,0,0,0,0,0,0,0,-2.5,0,0,0,0,0,GO:0006513,protein monoubiquitination,M00100000,1,0
0,0,0,0,1,0,0,0,0,0,0,0,-3,0,0,0,GO:0002449,lymphocyte mediated immunity,M00001000,1,0
0,0,0,0,1,0,0,0,0,0,0,0,-4,0,0,0,GO:1901184,regulation of ERBB signaling pathway,M00001000,1,0
0,0,1,0,0,0,0,0,0,0,-2.4,0,0,0,0,0,GO:0016241,regulation of macroautophagy,M00100000,1,0
1,0,0,0,0,0,0,0,-2.9,0,0,0,0,0,0,0,M1001,BIOCARTA RHO PATHWAY,M10000000,1,0
0,0,0,0,0,0,0,1,0,0,0,0,0,0,0,-4,GO:0048194,Golgi vesicle budding,M00000001,1,0
0,0,0,0,0,1,0,0,0,0,0,0,0,-2.9,0,0,hsa04540,Gap junction,M00000100,1,0
0,0,1,0,0,0,0,0,0,0,-3.7,0,0,0,0,0,GO:0061640,cytoskeleton-dependent cytokinesis,M00100000,1,0
1,0,0,0,0,0,0,0,-2,0,0,0,0,0,0,0,GO:0030100,regulation of endocytosis,M10000000,1,0
1,0,0,0,0,0,0,0,-2.4,0,0,0,0,0,0,0,GO:0071248,cellular response to metal ion,M10000000,1,0
0,1,0,0,0,0,0,0,0,-2.5,0,0,0,0,0,0,GO:0002335,mature B cell differentiation,M01000000,1,0
0,0,1,0,0,0,0,0,0,0,-2.1,0,0,0,0,0,hsa01232,Nucleotide metabolism,M00100000,1,0
0,0,1,0,0,0,0,0,0,0,-3.2,0,0,0,0,0,R-HSA-2122947,NOTCH1 Intracellular Domain Regulates Transcription,M00100000,1,0
0,0,0,0,1,0,0,0,0,0,0,0,-6.4,0,0,0,R-HSA-2555396,Mitotic Metaphase and Anaphase,M00001000,1,0
0,0,1,0,0,0,0,0,0,0,-3,0,0,0,0,0,GO:0007520,myoblast fusion,M00100000,1,0
0,0,0,0,0,0,0,1,0,0,0,0,0,0,0,-3,R-HSA-3781860,Diseases associated with N-glycosylation of proteins,M00000001,1,0
0,0,0,0,0,0,1,0,0,0,0,0,0,0,-2.2,0,GO:0060538,skeletal muscle organ development,M00000010,1,0
1,0,0,0,0,0,0,0,-4,0,0,0,0,0,0,0,hsa00562,Inositol phosphate metabolism,M10000000,1,0
0,1,0,0,0,0,0,0,0,-6.3,0,0,0,0,0,0,GO:1904970,brush border assembly,M01000000,1,0
0,0,1,0,0,0,0,0,0,0,-3.1,0,0,0,0,0,GO:0060765,regulation of androgen receptor signaling pathway,M00100000,1,0
0,0,0,0,0,0,0,1,0,0,0,0,0,0,0,-2.3,GO:1903053,regulation of extracellular matrix organization,M00000001,1,0
0,0,0,0,0,0,1,0,0,0,0,0,0,0,-2.6,0,GO:0016486,peptide hormone processing,M00000010,1,0
0,0,0,0,1,0,0,0,0,0,0,0,-2.2,0,0,0,GO:0043280,positive regulation of cysteine-type endopeptidase activity involved in apoptotic process,M00001000,1,0
0,0,1,0,0,0,0,0,0,0,-2.1,0,0,0,0,0,GO:0010717,regulation of epithelial to mesenchymal transition,M00100000,1,0
0,0,0,0,0,0,1,0,0,0,0,0,0,0,-3.7,0,GO:0006914,autophagy,M00000010,1,0
0,1,0,0,0,0,0,0,0,-6.1,0,0,0,0,0,0,GO:0015850,organic hydroxy compound transport,M01000000,1,0
0,0,0,0,1,0,0,0,0,0,0,0,-3.8,0,0,0,GO:0032691,negative regulation of interleukin-1 beta production,M00001000,1,0
0,0,1,0,0,0,0,0,0,0,-2.7,0,0,0,0,0,R-HSA-5173214,O-glycosylation of TSR domain-containing proteins,M00100000,1,0
1,0,0,0,0,0,0,0,-5.4,0,0,0,0,0,0,0,GO:0060938,epicardium-derived cardiac fibroblast cell differentiation,M10000000,1,0
1,0,0,0,0,0,0,0,-3.1,0,0,0,0,0,0,0,GO:0007009,plasma membrane organization,M10000000,1,0
1,0,0,0,0,0,0,0,-2.8,0,0,0,0,0,0,0,GO:0005977,glycogen metabolic process,M10000000,1,0
0,0,0,0,1,0,0,0,0,0,0,0,-4.2,0,0,0,WP5038,Mitochondrial immune response to SARS CoV 2,M00001000,1,0
0,0,0,0,0,0,0,1,0,0,0,0,0,0,0,-4.3,GO:0090114,COPII-coated vesicle budding,M00000001,1,0
0,0,0,0,0,0,0,1,0,0,0,0,0,0,0,-4.7,GO:0048200,Golgi transport vesicle coating,M00000001,1,0
0,0,1,0,0,0,0,0,0,0,-2.4,0,0,0,0,0,GO:0010893,positive regulation of steroid biosynthetic process,M00100000,1,0
0,1,0,0,0,0,0,0,0,-2.7,0,0,0,0,0,0,GO:0051058,negative regulation of small GTPase mediated signal transduction,M01000000,1,0
0,0,0,0,0,0,0,1,0,0,0,0,0,0,0,-5.5,WP4290,Metabolic reprogramming in colon cancer,M00000001,1,0
1,0,0,0,0,0,0,0,-2.1,0,0,0,0,0,0,0,GO:0072524,pyridine-containing compound metabolic process,M10000000,1,0
1,0,0,0,0,0,0,0,-2.1,0,0,0,0,0,0,0,GO:0034329,cell junction assembly,M10000000,1,0
0,0,0,0,1,0,0,0,0,0,0,0,-10,0,0,0,R-HSA-382556,ABC-family proteins mediated transport,M00001000,1,0
0,0,0,0,0,1,0,0,0,0,0,0,0,-2.5,0,0,GO:0032355,response to estradiol,M00000100,1,0
0,1,0,0,0,0,0,0,0,-4.5,0,0,0,0,0,0,GO:0001894,tissue homeostasis,M01000000,1,0
1,0,0,0,0,0,0,0,-2.4,0,0,0,0,0,0,0,GO:1990806,ligand-gated ion channel signaling pathway,M10000000,1,0
0,0,1,0,0,0,0,0,0,0,-2.8,0,0,0,0,0,GO:0010718,positive regulation of epithelial to mesenchymal transition,M00100000,1,0
0,0,0,0,1,0,0,0,0,0,0,0,-3.6,0,0,0,GO:0002702,positive regulation of production of molecular mediator of immune response,M00001000,1,0
0,0,0,0,0,0,1,0,0,0,0,0,0,0,-8.3,0,GO:0006984,ER-nucleus signaling pathway,M00000010,1,0
0,0,0,0,1,0,0,0,0,0,0,0,-5.3,0,0,0,GO:0002460,adaptive immune response based on somatic recombination of immune receptors built from immunoglobulin superfamily domains,M00001000,1,0
0,0,0,0,0,0,1,0,0,0,0,0,0,0,-2.3,0,GO:0009791,post-embryonic development,M00000010,1,0
0,1,0,0,0,0,0,0,0,-2.7,0,0,0,0,0,0,GO:0008360,regulation of cell shape,M01000000,1,0
1,0,0,0,0,0,0,0,-3.6,0,0,0,0,0,0,0,R-HSA-112040,G-protein mediated events,M10000000,1,0
0,0,0,0,0,0,0,1,0,0,0,0,0,0,0,-3.3,M156,PID ECADHERIN NASCENT AJ PATHWAY,M00000001,1,0
0,0,0,0,1,0,0,0,0,0,0,0,-2.1,0,0,0,WP5362,TAR syndrome,M00001000,1,0
0,0,0,0,1,0,0,0,0,0,0,0,-10,0,0,0,R-HSA-8939902,Regulation of RUNX2 expression and activity,M00001000,1,0
0,0,0,0,0,0,0,1,0,0,0,0,0,0,0,-3.9,GO:0051260,protein homooligomerization,M00000001,1,0
0,1,0,0,0,0,0,0,0,-4.2,0,0,0,0,0,0,GO:0110095,cellular detoxification of aldehyde,M01000000,1,0
0,0,0,0,1,0,0,0,0,0,0,0,-4.3,0,0,0,GO:0097530,granulocyte migration,M00001000,1,0
0,0,0,0,1,0,0,0,0,0,0,0,-4.1,0,0,0,GO:0045589,regulation of regulatory T cell differentiation,M00001000,1,0
0,1,0,0,0,0,0,0,0,-3.8,0,0,0,0,0,0,hsa04976,Bile secretion,M01000000,1,0
0,0,0,0,0,0,1,0,0,0,0,0,0,0,-2.8,0,GO:0065002,intracellular protein transmembrane transport,M00000010,1,0
0,0,0,0,0,1,0,0,0,0,0,0,0,-2.4,0,0,GO:0006821,chloride transport,M00000100,1,0
0,0,0,0,1,0,0,0,0,0,0,0,-3.2,0,0,0,GO:0001961,positive regulation of cytokine-mediated signaling pathway,M00001000,1,0
0,0,0,0,0,0,1,0,0,0,0,0,0,0,-2.4,0,GO:0051154,negative regulation of striated muscle cell differentiation,M00000010,1,0
0,0,0,0,0,0,1,0,0,0,0,0,0,0,-2,0,GO:0099518,vesicle cytoskeletal trafficking,M00000010,1,0
0,0,0,0,1,0,0,0,0,0,0,0,-5.2,0,0,0,M194,BIOCARTA PROTEASOME PATHWAY,M00001000,1,0
0,1,0,0,0,0,0,0,0,-5.2,0,0,0,0,0,0,R-HSA-2453864,Retinoid cycle disease events,M01000000,1,0
1,0,0,0,0,0,0,0,-2.4,0,0,0,0,0,0,0,GO:0040014,regulation of multicellular organism growth,M10000000,1,0
0,0,0,1,0,0,0,0,0,0,0,-2.7,0,0,0,0,GO:0009953,dorsal/ventral pattern formation,M00010000,1,0
0,0,0,0,0,0,0,1,0,0,0,0,0,0,0,-4.7,GO:0048205,COPI coating of Golgi vesicle,M00000001,1,0
0,0,0,0,1,0,0,0,0,0,0,0,-2.3,0,0,0,R-HSA-8848021,Signaling by PTK6,M00001000,1,0
0,0,0,0,0,0,0,1,0,0,0,0,0,0,0,-3.9,R-HSA-446193,"Biosynthesis of the N-glycan precursor (dolichol lipid-linked oligosaccharide, LLO) and transfer to a nascent protein",M00000001,1,0
0,0,0,0,1,0,0,0,0,0,0,0,-3.9,0,0,0,WP2203,Thymic stromal lymphopoietin TSLP signaling pathway,M00001000,1,0
0,0,0,0,0,0,1,0,0,0,0,0,0,0,-2.5,0,WP4844,Influence of laminopathies on Wnt signaling,M00000010,1,0
0,0,1,0,0,0,0,0,0,0,-2.5,0,0,0,0,0,GO:0042692,muscle cell differentiation,M00100000,1,0
1,0,0,0,0,0,0,0,-2.2,0,0,0,0,0,0,0,WP170,Nuclear receptors,M10000000,1,0
1,0,0,0,0,0,0,0,-2.2,0,0,0,0,0,0,0,GO:0019362,pyridine nucleotide metabolic process,M10000000,1,0
1,0,0,0,0,0,0,0,-2.4,0,0,0,0,0,0,0,GO:0001558,regulation of cell growth,M10000000,1,0
0,0,0,0,0,0,1,0,0,0,0,0,0,0,-2.4,0,GO:0071634,regulation of transforming growth factor beta production,M00000010,1,0
1,0,0,0,0,0,0,0,-2.1,0,0,0,0,0,0,0,GO:0019320,hexose catabolic process,M10000000,1,0
1,0,0,0,0,0,0,0,-2.6,0,0,0,0,0,0,0,R-HSA-71387,Metabolism of carbohydrates,M10000000,1,0
0,0,1,0,0,0,0,0,0,0,-2.2,0,0,0,0,0,R-HSA-9856651,MITF-M-dependent gene expression,M00100000,1,0
0,1,0,0,0,0,0,0,0,-3.4,0,0,0,0,0,0,GO:0006953,acute-phase response,M01000000,1,0
0,0,1,0,0,0,0,0,0,0,-4.4,0,0,0,0,0,M5893,HALLMARK MITOTIC SPINDLE,M00100000,1,0
0,0,1,0,0,0,0,0,0,0,-2.4,0,0,0,0,0,WP3584,MECP2 and associated Rett syndrome,M00100000,1,0
0,0,1,0,0,0,0,0,0,0,-2.1,0,0,0,0,0,R-HSA-380972,Energy dependent regulation of mTOR by LKB1-AMPK,M00100000,1,0
0,1,0,0,0,0,0,0,0,-3.3,0,0,0,0,0,0,GO:0051917,regulation of fibrinolysis,M01000000,1,0
0,1,0,0,0,0,0,0,0,-2.8,0,0,0,0,0,0,GO:0006656,phosphatidylcholine biosynthetic process,M01000000,1,0
0,0,0,0,1,0,0,0,0,0,0,0,-11,0,0,0,R-HSA-5678895,Defective CFTR causes cystic fibrosis,M00001000,1,0
0,0,0,0,1,0,0,0,0,0,0,0,-6.6,0,0,0,hsa04210,Apoptosis,M00001000,1,0
0,1,0,0,0,0,0,0,0,-2,0,0,0,0,0,0,GO:0042908,xenobiotic transport,M01000000,1,0
0,0,0,1,0,0,0,0,0,0,0,-2.2,0,0,0,0,WP5180,DYRK1A involvement regarding cell proliferation in brain development,M00010000,1,0
0,0,0,0,1,0,0,0,0,0,0,0,-2.3,0,0,0,GO:0045639,positive regulation of myeloid cell differentiation,M00001000,1,0
0,0,0,0,0,0,1,0,0,0,0,0,0,0,-2.1,0,GO:0006493,protein O-linked glycosylation,M00000010,1,0
0,0,0,0,0,1,0,0,0,0,0,0,0,-2.1,0,0,GO:0045921,positive regulation of exocytosis,M00000100,1,0
1,0,0,0,0,0,0,0,-2,0,0,0,0,0,0,0,WP2261,Glioblastoma signaling pathways,M10000000,1,0
0,0,0,0,0,1,0,0,0,0,0,0,0,-3.9,0,0,GO:0045776,negative regulation of blood pressure,M00000100,1,0
1,0,0,0,0,0,0,0,-3.1,0,0,0,0,0,0,0,GO:0007176,regulation of epidermal growth factor-activated receptor activity,M10000000,1,0
1,0,0,0,0,0,0,0,-2.5,0,0,0,0,0,0,0,GO:0060047,heart contraction,M10000000,1,0
0,0,1,0,0,0,0,0,0,0,-2.1,0,0,0,0,0,R-HSA-9759475,Regulation of CDH11 Expression and Function,M00100000,1,0
0,0,1,0,0,0,0,0,0,0,-3.2,0,0,0,0,0,GO:0045906,negative regulation of vasoconstriction,M00100000,1,0
0,0,0,0,0,1,0,0,0,0,0,0,0,-3.9,0,0,GO:0002523,leukocyte migration involved in inflammatory response,M00000100,1,0
0,0,1,0,0,0,0,0,0,0,-2.6,0,0,0,0,0,GO:0021537,telencephalon development,M00100000,1,0
0,1,0,0,0,0,0,0,0,-4.8,0,0,0,0,0,0,R-HSA-3000471,Scavenging by Class B Receptors,M01000000,1,0
0,0,0,0,0,0,0,1,0,0,0,0,0,0,0,-2.4,GO:0036257,multivesicular body organization,M00000001,1,0
0,0,0,0,0,0,0,1,0,0,0,0,0,0,0,-2.7,GO:0032527,protein exit from endoplasmic reticulum,M00000001,1,0
0,0,0,0,0,0,0,1,0,0,0,0,0,0,0,-2.9,GO:0006367,transcription initiation at RNA polymerase II promoter,M00000001,1,0
0,0,0,0,1,0,0,0,0,0,0,0,-10,0,0,0,R-HSA-202424,Downstream TCR signaling,M00001000,1,0
0,0,0,0,0,0,0,1,0,0,0,0,0,0,0,-2.3,GO:0031016,pancreas development,M00000001,1,0
0,0,0,0,1,0,0,0,0,0,0,0,-5.4,0,0,0,M10082,BIOCARTA TNFR2 PATHWAY,M00001000,1,0
1,0,0,0,0,0,0,0,-2.5,0,0,0,0,0,0,0,R-HSA-9837999,Mitochondrial protein degradation,M10000000,1,0
0,0,0,1,0,0,0,0,0,0,0,-2.9,0,0,0,0,WP4877,Host pathogen interaction of human coronaviruses MAPK signaling,M00010000,1,0
0,0,0,0,0,0,0,1,0,0,0,0,0,0,0,-2.6,WP5036,Angiotensin II receptor type 1 pathway,M00000001,1,0
0,0,0,1,0,0,0,0,0,0,0,-2.4,0,0,0,0,GO:0060070,canonical Wnt signaling pathway,M00010000,1,0
1,0,0,0,0,0,0,0,-2.1,0,0,0,0,0,0,0,WP4541,Hippo Merlin signaling dysregulation,M10000000,1,0
0,0,0,0,0,1,0,0,0,0,0,0,0,-2.6,0,0,GO:1901799,negative regulation of proteasomal protein catabolic process,M00000100,1,0
0,0,0,0,1,0,0,0,0,0,0,0,-4.7,0,0,0,GO:0061517,macrophage proliferation,M00001000,1,0
0,0,0,0,1,0,0,0,0,0,0,0,-7.3,0,0,0,R-HSA-157118,Signaling by NOTCH,M00001000,1,0
1,0,0,0,0,0,0,0,-2.2,0,0,0,0,0,0,0,R-HSA-111997,CaM pathway,M10000000,1,0
1,0,0,0,0,0,0,0,-4.1,0,0,0,0,0,0,0,GO:0010469,regulation of signaling receptor activity,M10000000,1,0
0,0,0,0,1,0,0,0,0,0,0,0,-9.4,0,0,0,R-HSA-202403,TCR signaling,M00001000,1,0
0,1,0,0,0,0,0,0,0,-2.8,0,0,0,0,0,0,R-HSA-9709957,Sensory Perception,M01000000,1,0
0,0,0,0,1,0,0,0,0,0,0,0,-5.7,0,0,0,GO:0033209,tumor necrosis factor-mediated signaling pathway,M00001000,1,0
1,0,0,0,0,0,0,0,-2.6,0,0,0,0,0,0,0,GO:0006956,complement activation,M10000000,1,0
0,1,0,0,0,0,0,0,0,-3.4,0,0,0,0,0,0,R-HSA-9662360,Sensory processing of sound by inner hair cells of the cochlea,M01000000,1,0
0,0,0,0,1,0,0,0,0,0,0,0,-3,0,0,0,R-HSA-933541,TRAF6 mediated IRF7 activation,M00001000,1,0
0,1,0,0,0,0,0,0,0,-2.5,0,0,0,0,0,0,GO:1990748,cellular detoxification,M01000000,1,0
1,0,0,0,0,0,0,0,-2.4,0,0,0,0,0,0,0,R-HSA-6811558,"PI5P, PP2A and IER3 Regulate PI3K/AKT Signaling",M10000000,1,0
1,0,0,0,0,0,0,0,-2.3,0,0,0,0,0,0,0,hsa05415,Diabetic cardiomyopathy,M10000000,1,0
1,0,0,0,0,0,0,0,-2.4,0,0,0,0,0,0,0,GO:1904062,regulation of monoatomic cation transmembrane transport,M10000000,1,0
0,0,1,0,0,0,0,0,0,0,-2.5,0,0,0,0,0,WP1403,AMP activated protein kinase signaling,M00100000,1,0
1,0,0,0,0,0,0,0,-3.9,0,0,0,0,0,0,0,R-HSA-9617629,Regulation of FOXO transcriptional activity by acetylation,M10000000,1,0
0,0,0,0,0,0,0,1,0,0,0,0,0,0,0,-2,hsa03022,Basal transcription factors,M00000001,1,0
1,0,0,0,0,0,0,0,-3.8,0,0,0,0,0,0,0,R-HSA-1483249,Inositol phosphate metabolism,M10000000,1,0
1,0,0,0,0,0,0,0,-2.3,0,0,0,0,0,0,0,GO:0090162,establishment of epithelial cell polarity,M10000000,1,0
0,1,0,0,0,0,0,0,0,-3,0,0,0,0,0,0,GO:0002292,T cell differentiation involved in immune response,M01000000,1,0
0,0,0,0,1,0,0,0,0,0,0,0,-10,0,0,0,R-HSA-68949,Orc1 removal from chromatin,M00001000,1,0
1,0,0,0,0,0,0,0,-2.9,0,0,0,0,0,0,0,R-HSA-977606,Regulation of Complement cascade,M10000000,1,0
0,0,0,0,1,0,0,0,0,0,0,0,-2.9,0,0,0,R-HSA-1445148,Translocation of SLC2A4 (GLUT4) to the plasma membrane,M00001000,1,0
0,0,0,0,1,0,0,0,0,0,0,0,-12,0,0,0,hsa05168,Herpes simplex virus 1 infection,M00001000,1,0
0,0,0,0,0,0,1,0,0,0,0,0,0,0,-2.1,0,GO:0051452,intracellular pH reduction,M00000010,1,0
0,0,0,0,0,0,1,0,0,0,0,0,0,0,-2.1,0,GO:0044272,sulfur compound biosynthetic process,M00000010,1,0
0,0,0,0,1,0,0,0,0,0,0,0,-2.4,0,0,0,GO:0045638,negative regulation of myeloid cell differentiation,M00001000,1,0
0,0,0,0,0,0,1,0,0,0,0,0,0,0,-2.1,0,GO:0030148,sphingolipid biosynthetic process,M00000010,1,0
0,0,0,0,0,0,0,1,0,0,0,0,0,0,0,-2.3,R-HSA-2173796,SMAD2/SMAD3:SMAD4 heterotrimer regulates transcription,M00000001,1,0
0,0,0,0,1,0,0,0,0,0,0,0,-2.6,0,0,0,GO:0030574,collagen catabolic process,M00001000,1,0
0,0,0,0,1,0,0,0,0,0,0,0,-2.8,0,0,0,GO:0002761,regulation of myeloid leukocyte differentiation,M00001000,1,0
0,0,0,0,1,0,0,0,0,0,0,0,-14,0,0,0,R-HSA-1169091,Activation of NF-kappaB in B cells,M00001000,1,0
0,0,0,0,1,0,0,0,0,0,0,0,-3.2,0,0,0,GO:0002889,regulation of immunoglobulin mediated immune response,M00001000,1,0
0,0,0,0,1,0,0,0,0,0,0,0,-3.8,0,0,0,GO:0046640,regulation of alpha-beta T cell proliferation,M00001000,1,0
0,1,0,0,0,0,0,0,0,-2.1,0,0,0,0,0,0,M285,PID HNF3A PATHWAY,M01000000,1,0
0,0,0,0,1,0,0,0,0,0,0,0,-3.5,0,0,0,GO:0032692,negative regulation of interleukin-1 production,M00001000,1,0
0,0,0,0,1,0,0,0,0,0,0,0,-2.9,0,0,0,GO:2000045,regulation of G1/S transition of mitotic cell cycle,M00001000,1,0
0,0,0,0,0,0,1,0,0,0,0,0,0,0,-2.8,0,GO:1903509,liposaccharide metabolic process,M00000010,1,0
0,0,0,0,0,0,0,1,0,0,0,0,0,0,0,-3.4,R-HSA-446219,Synthesis of substrates in N-glycan biosythesis,M00000001,1,0
0,1,0,0,0,0,0,0,0,-3.1,0,0,0,0,0,0,GO:0002701,negative regulation of production of molecular mediator of immune response,M01000000,1,0
0,0,0,1,0,0,0,0,0,0,0,-2.5,0,0,0,0,GO:0009798,axis specification,M00010000,1,0
0,0,0,0,1,0,0,0,0,0,0,0,-3.9,0,0,0,GO:0061900,glial cell activation,M00001000,1,0
0,0,0,0,1,0,0,0,0,0,0,0,-2.8,0,0,0,GO:0031343,positive regulation of cell killing,M00001000,1,0
0,0,0,0,1,0,0,0,0,0,0,0,-2.7,0,0,0,GO:0043406,positive regulation of MAP kinase activity,M00001000,1,0
0,1,0,0,0,0,0,0,0,-3.4,0,0,0,0,0,0,WP5109,Familial hyperlipidemia type 2,M01000000,1,0
1,0,0,0,0,0,0,0,-3.4,0,0,0,0,0,0,0,GO:0043271,negative regulation of monoatomic ion transport,M10000000,1,0
1,0,0,0,0,0,0,0,-2.6,0,0,0,0,0,0,0,GO:0010758,regulation of macrophage chemotaxis,M10000000,1,0
0,0,0,0,1,0,0,0,0,0,0,0,-3.3,0,0,0,R-HSA-449836,Other interleukin signaling,M00001000,1,0
0,0,0,0,1,0,0,0,0,0,0,0,-5,0,0,0,GO:0090199,regulation of release of cytochrome c from mitochondria,M00001000,1,0
0,0,0,0,1,0,0,0,0,0,0,0,-5.2,0,0,0,hsa04659,Th17 cell differentiation,M00001000,1,0
0,0,0,0,0,0,1,0,0,0,0,0,0,0,-4.3,0,GO:0006986,response to unfolded protein,M00000010,1,0
1,0,0,0,0,0,0,0,-2.8,0,0,0,0,0,0,0,GO:2000736,regulation of stem cell differentiation,M10000000,1,0
0,0,0,0,0,1,0,0,0,0,0,0,0,-2.7,0,0,GO:0006766,vitamin metabolic process,M00000100,1,0
0,0,0,0,1,0,0,0,0,0,0,0,-8.1,0,0,0,GO:1990869,cellular response to chemokine,M00001000,1,0
0,0,1,0,0,0,0,0,0,0,-2.4,0,0,0,0,0,R-HSA-1980143,Signaling by NOTCH1,M00100000,1,0
1,0,0,0,0,0,0,0,-2.7,0,0,0,0,0,0,0,R-HSA-2428928,IRS-related events triggered by IGF1R,M10000000,1,0
1,0,0,0,0,0,0,0,-2.2,0,0,0,0,0,0,0,GO:0019098,reproductive behavior,M10000000,1,0
0,0,0,0,1,0,0,0,0,0,0,0,-2.1,0,0,0,GO:0008637,apoptotic mitochondrial changes,M00001000,1,0
0,0,0,1,0,0,0,0,0,0,0,-2.4,0,0,0,0,GO:0060485,mesenchyme development,M00010000,1,0
0,0,0,0,0,1,0,0,0,0,0,0,0,-2.2,0,0,WP4655,Cytosolic DNA sensing pathway,M00000100,1,0
0,0,0,0,1,0,0,0,0,0,0,0,-16,0,0,0,R-HSA-5357801,Programmed Cell Death,M00001000,1,0
0,0,0,0,0,0,0,1,0,0,0,0,0,0,0,-3.7,WP5382,TGF Smad signaling pathway,M00000001,1,0
0,0,1,0,0,0,0,0,0,0,-2.5,0,0,0,0,0,GO:0042474,middle ear morphogenesis,M00100000,1,0
0,0,0,0,1,0,0,0,0,0,0,0,-5.2,0,0,0,GO:0002274,myeloid leukocyte activation,M00001000,1,0
0,0,0,0,1,0,0,0,0,0,0,0,-8.3,0,0,0,WP4197,Immune response to tuberculosis,M00001000,1,0
0,0,0,0,1,0,0,0,0,0,0,0,-13,0,0,0,R-HSA-69541,Stabilization of p53,M00001000,1,0
0,0,0,0,0,0,1,0,0,0,0,0,0,0,-2.4,0,GO:0032570,response to progesterone,M00000010,1,0
0,0,0,0,1,0,0,0,0,0,0,0,-4.1,0,0,0,M197,PID HIV NEF PATHWAY,M00001000,1,0
1,0,0,0,0,0,0,0,-2.9,0,0,0,0,0,0,0,GO:1901361,organic cyclic compound catabolic process,M10000000,1,0
0,0,0,0,0,0,0,1,0,0,0,0,0,0,0,-3.6,R-HSA-186797,Signaling by PDGF,M00000001,1,0
1,0,0,0,0,0,0,0,-6,0,0,0,0,0,0,0,M5909,HALLMARK MYOGENESIS,M10000000,1,0
0,0,0,0,1,0,0,0,0,0,0,0,-4.7,0,0,0,WP5116,SARS CoV 2 B 1 1 7 variant antagonises innate immune activation,M00001000,1,0
0,1,0,0,0,0,0,0,0,-3.4,0,0,0,0,0,0,R-HSA-140877,Formation of Fibrin Clot (Clotting Cascade),M01000000,1,0
0,0,0,0,0,0,1,0,0,0,0,0,0,0,-8.4,0,GO:0035592,establishment of protein localization to extracellular region,M00000010,1,0
1,0,0,0,0,0,0,0,-2.7,0,0,0,0,0,0,0,GO:0044344,cellular response to fibroblast growth factor stimulus,M10000000,1,0
0,0,0,0,1,0,0,0,0,0,0,0,-5.2,0,0,0,GO:0002711,positive regulation of T cell mediated immunity,M00001000,1,0
0,0,0,0,1,0,0,0,0,0,0,0,-5.3,0,0,0,hsa04625,C-type lectin receptor signaling pathway,M00001000,1,0
1,0,0,0,0,0,0,0,-2.7,0,0,0,0,0,0,0,GO:0060479,lung cell differentiation,M10000000,1,0
0,0,0,0,1,0,0,0,0,0,0,0,-2,0,0,0,M18,PID INTEGRIN1 PATHWAY,M00001000,1,0
0,0,1,0,0,0,0,0,0,0,-2.5,0,0,0,0,0,M81,PID CDC42 PATHWAY,M00100000,1,0
0,0,0,0,1,0,0,0,0,0,0,0,-8.4,0,0,0,WP2036,TNF related weak inducer of apoptosis TWEAK signaling pathway,M00001000,1,0
0,0,0,0,1,0,0,0,0,0,0,0,-5.6,0,0,0,hsa05222,Small cell lung cancer,M00001000,1,0
0,0,1,0,0,0,0,0,0,0,-2.4,0,0,0,0,0,GO:0021756,striatum development,M00100000,1,0
0,0,0,0,0,0,0,1,0,0,0,0,0,0,0,-3.2,M232,PID ECADHERIN STABILIZATION PATHWAY,M00000001,1,0
0,0,1,0,0,0,0,0,0,0,-2.1,0,0,0,0,0,WP3965,Lipid metabolism pathway,M00100000,1,0
0,0,0,0,0,0,1,0,0,0,0,0,0,0,-2.1,0,GO:0034033,purine nucleoside bisphosphate biosynthetic process,M00000010,1,0
0,0,0,0,1,0,0,0,0,0,0,0,-3.7,0,0,0,GO:0002752,cell surface pattern recognition receptor signaling pathway,M00001000,1,0
0,0,0,0,0,0,1,0,0,0,0,0,0,0,-3.4,0,GO:0051205,protein insertion into membrane,M00000010,1,0
1,0,0,0,0,0,0,0,-3.6,0,0,0,0,0,0,0,GO:0000272,polysaccharide catabolic process,M10000000,1,0
1,0,0,0,0,0,0,0,-3.5,0,0,0,0,0,0,0,GO:0021782,glial cell development,M10000000,1,0
0,0,0,0,1,0,0,0,0,0,0,0,-5.5,0,0,0,R-HSA-201681,TCF dependent signaling in response to WNT,M00001000,1,0
0,0,0,0,1,0,0,0,0,0,0,0,-10,0,0,0,hsa04612,Antigen processing and presentation,M00001000,1,0
0,0,0,0,1,0,0,0,0,0,0,0,-6.1,0,0,0,WP2018,RANKL RANK signaling pathway,M00001000,1,0
0,0,0,0,1,0,0,0,0,0,0,0,-20,0,0,0,R-HSA-1236974,ER-Phagosome pathway,M00001000,1,0
0,1,0,0,0,0,0,0,0,-2.4,0,0,0,0,0,0,hsa00040,Pentose and glucuronate interconversions,M01000000,1,0
0,0,0,0,1,0,0,0,0,0,0,0,-3.1,0,0,0,WP2324,AGE RAGE pathway,M00001000,1,0
0,0,0,0,1,0,0,0,0,0,0,0,-6.4,0,0,0,hsa05017,Spinocerebellar ataxia,M00001000,1,0
0,1,0,0,0,0,0,0,0,-5.9,0,0,0,0,0,0,GO:0030277,maintenance of gastrointestinal epithelium,M01000000,1,0
0,0,0,0,1,0,0,0,0,0,0,0,-3.4,0,0,0,GO:0010883,regulation of lipid storage,M00001000,1,0
0,1,0,0,0,0,0,0,0,-3.2,0,0,0,0,0,0,WP4259,Disorders of folate metabolism and transport,M01000000,1,0
0,0,0,1,0,0,0,0,0,0,0,-2.2,0,0,0,0,GO:0060828,regulation of canonical Wnt signaling pathway,M00010000,1,0
0,0,1,0,0,0,0,0,0,0,-2.1,0,0,0,0,0,GO:0014850,response to muscle activity,M00100000,1,0
0,0,0,0,1,0,0,0,0,0,0,0,-4,0,0,0,WP4659,Gastrin signaling pathway,M00001000,1,0
0,0,0,0,0,0,1,0,0,0,0,0,0,0,-2.9,0,hsa04932,Non-alcoholic fatty liver disease,M00000010,1,0
0,1,0,0,0,0,0,0,0,-2.6,0,0,0,0,0,0,GO:0050820,positive regulation of coagulation,M01000000,1,0
0,0,0,0,1,0,0,0,0,0,0,0,-3.6,0,0,0,hsa05135,Yersinia infection,M00001000,1,0
1,0,0,0,0,0,0,0,-3.2,0,0,0,0,0,0,0,M2349,BIOCARTA CCR5 PATHWAY,M10000000,1,0
0,0,0,0,0,0,0,1,0,0,0,0,0,0,0,-2.5,WP3624,Lung fibrosis,M00000001,1,0
0,1,0,0,0,0,0,0,0,-2.7,0,0,0,0,0,0,GO:0002313,mature B cell differentiation involved in immune response,M01000000,1,0
0,0,1,0,0,0,0,0,0,0,-2.9,0,0,0,0,0,GO:0006305,DNA alkylation,M00100000,1,0
1,0,0,0,0,0,0,0,-2.1,0,0,0,0,0,0,0,R-HSA-422356,Regulation of insulin secretion,M10000000,1,0
0,1,0,0,0,0,0,0,0,-3.6,0,0,0,0,0,0,GO:0034367,protein-containing complex remodeling,M01000000,1,0
0,0,1,0,0,0,0,0,0,0,-2.3,0,0,0,0,0,M13404,BIOCARTA VDR PATHWAY,M00100000,1,0
0,1,0,0,0,0,0,0,0,-2.5,0,0,0,0,0,0,GO:0090303,positive regulation of wound healing,M01000000,1,0
0,0,0,0,1,0,0,0,0,0,0,0,-4.1,0,0,0,WP3303,RAC1 PAK1 p38 MMP2 pathway,M00001000,1,0
0,0,0,0,1,0,0,0,0,0,0,0,-4.5,0,0,0,GO:0045742,positive regulation of epidermal growth factor receptor signaling pathway,M00001000,1,0
1,0,0,0,0,0,0,0,-4.7,0,0,0,0,0,0,0,R-HSA-9013409,RHOJ GTPase cycle,M10000000,1,0
0,0,0,0,1,0,0,0,0,0,0,0,-2,0,0,0,GO:0048857,neural nucleus development,M00001000,1,0
0,0,0,0,0,0,1,0,0,0,0,0,0,0,-2.5,0,GO:0018208,peptidyl-proline modification,M00000010,1,0
0,1,0,0,0,0,0,0,0,-4.4,0,0,0,0,0,0,GO:1903034,regulation of response to wounding,M01000000,1,0
0,0,0,0,1,0,0,0,0,0,0,0,-4.6,0,0,0,GO:0045824,negative regulation of innate immune response,M00001000,1,0
0,0,0,0,1,0,0,0,0,0,0,0,-2.5,0,0,0,GO:0032411,positive regulation of transporter activity,M00001000,1,0
0,0,0,0,0,0,1,0,0,0,0,0,0,0,-3.2,0,WP357,Fatty acid biosynthesis,M00000010,1,0
0,0,0,0,1,0,0,0,0,0,0,0,-2.3,0,0,0,hsa04630,JAK-STAT signaling pathway,M00001000,1,0
0,1,0,0,0,0,0,0,0,-4.8,0,0,0,0,0,0,GO:0110096,cellular response to aldehyde,M01000000,1,0
0,0,0,0,1,0,0,0,0,0,0,0,-2.2,0,0,0,GO:0052372,modulation by symbiont of entry into host,M00001000,1,0
1,0,0,0,0,0,0,0,-2.2,0,0,0,0,0,0,0,R-HSA-199418,Negative regulation of the PI3K/AKT network,M10000000,1,0
0,1,0,0,0,0,0,0,0,-2.8,0,0,0,0,0,0,GO:0006109,regulation of carbohydrate metabolic process,M01000000,1,0
0,0,0,0,0,1,0,0,0,0,0,0,0,-2.9,0,0,GO:2000377,regulation of reactive oxygen species metabolic process,M00000100,1,0
0,0,0,0,1,0,0,0,0,0,0,0,-4.7,0,0,0,GO:0002475,antigen processing and presentation via MHC class Ib,M00001000,1,0
0,0,0,0,1,0,0,0,0,0,0,0,-12,0,0,0,R-HSA-8852276,The role of GTSE1 in G2/M progression after G2 checkpoint,M00001000,1,0
0,1,0,0,0,0,0,0,0,-3.2,0,0,0,0,0,0,GO:0070328,triglyceride homeostasis,M01000000,1,0
0,1,0,0,0,0,0,0,0,-3.7,0,0,0,0,0,0,WP5110,Familial hyperlipidemia type 3,M01000000,1,0
0,0,0,0,0,0,0,1,0,0,0,0,0,0,0,-2.7,GO:0048863,stem cell differentiation,M00000001,1,0
0,0,0,0,0,1,0,0,0,0,0,0,0,-3.3,0,0,GO:0002230,positive regulation of defense response to virus by host,M00000100,1,0
1,0,0,0,0,0,0,0,-2.5,0,0,0,0,0,0,0,R-HSA-9013406,RHOQ GTPase cycle,M10000000,1,0
0,0,1,0,0,0,0,0,0,0,-3.1,0,0,0,0,0,R-HSA-204998,"Cell death signalling via NRAGE, NRIF and NADE",M00100000,1,0
0,1,0,0,0,0,0,0,0,-3.8,0,0,0,0,0,0,GO:0034368,protein-lipid complex remodeling,M01000000,1,0
1,0,0,0,0,0,0,0,-2.8,0,0,0,0,0,0,0,WP395,IL 4 signaling pathway,M10000000,1,0
0,0,0,0,0,0,1,0,0,0,0,0,0,0,-4.7,0,R-HSA-199992,trans-Golgi Network Vesicle Budding,M00000010,1,0
0,1,0,0,0,0,0,0,0,-2.5,0,0,0,0,0,0,R-HSA-420092,Glucagon-type ligand receptors,M01000000,1,0
0,0,0,0,0,1,0,0,0,0,0,0,0,-2.5,0,0,GO:0042176,regulation of protein catabolic process,M00000100,1,0
1,0,0,0,0,0,0,0,-2.5,0,0,0,0,0,0,0,hsa05231,Choline metabolism in cancer,M10000000,1,0
0,1,0,0,0,0,0,0,0,-6.8,0,0,0,0,0,0,M106,PID HNF3B PATHWAY,M01000000,1,0
0,0,0,0,0,0,1,0,0,0,0,0,0,0,-7.3,0,R-HSA-191273,Cholesterol biosynthesis,M00000010,1,0
0,0,0,0,0,1,0,0,0,0,0,0,0,-2.4,0,0,GO:0007163,establishment or maintenance of cell polarity,M00000100,1,0
0,0,0,0,1,0,0,0,0,0,0,0,-2.4,0,0,0,WP5347,IL 26 signaling pathways,M00001000,1,0
0,0,0,0,0,0,1,0,0,0,0,0,0,0,-3.8,0,GO:0034109,homotypic cell-cell adhesion,M00000010,1,0
1,0,0,0,0,0,0,0,-3.2,0,0,0,0,0,0,0,GO:1905906,regulation of amyloid fibril formation,M10000000,1,0
0,0,0,0,1,0,0,0,0,0,0,0,-4,0,0,0,WP4216,Chromosomal and microsatellite instability in colorectal cancer,M00001000,1,0
0,0,0,0,1,0,0,0,0,0,0,0,-2.6,0,0,0,GO:0050921,positive regulation of chemotaxis,M00001000,1,0
1,0,0,0,0,0,0,0,-3,0,0,0,0,0,0,0,GO:0048640,negative regulation of developmental growth,M10000000,1,0
0,0,1,0,0,0,0,0,0,0,-2.2,0,0,0,0,0,hsa04714,Thermogenesis,M00100000,1,0
0,1,0,0,0,0,0,0,0,-2,0,0,0,0,0,0,GO:0018958,phenol-containing compound metabolic process,M01000000,1,0
0,0,0,0,1,0,0,0,0,0,0,0,-7.3,0,0,0,R-HSA-5358351,Signaling by Hedgehog,M00001000,1,0
0,0,0,0,0,1,0,0,0,0,0,0,0,-2.1,0,0,R-HSA-2995410,Nuclear Envelope (NE) Reassembly,M00000100,1,0
1,0,0,0,0,0,0,0,-2.6,0,0,0,0,0,0,0,GO:0019439,aromatic compound catabolic process,M10000000,1,0
0,0,1,0,0,0,0,0,0,0,-2.2,0,0,0,0,0,R-HSA-3928665,EPH-ephrin mediated repulsion of cells,M00100000,1,0
0,0,1,0,0,0,0,0,0,0,-2.3,0,0,0,0,0,M87,PID LKB1 PATHWAY,M00100000,1,0
0,0,1,0,0,0,0,0,0,0,-5.1,0,0,0,0,0,M5925,HALLMARK E2F TARGETS,M00100000,1,0
0,0,0,0,0,0,0,1,0,0,0,0,0,0,0,-2.9,GO:0051650,establishment of vesicle localization,M00000001,1,0
0,0,0,0,0,0,1,0,0,0,0,0,0,0,-2.1,0,GO:1901570,fatty acid derivative biosynthetic process,M00000010,1,0
0,0,0,0,0,0,0,1,0,0,0,0,0,0,0,-2.9,R-HSA-373753,Nephrin family interactions,M00000001,1,0
0,1,0,0,0,0,0,0,0,-4.1,0,0,0,0,0,0,R-HSA-74182,Ketone body metabolism,M01000000,1,0
0,1,0,0,0,0,0,0,0,-5.8,0,0,0,0,0,0,R-HSA-2453902,The canonical retinoid cycle in rods (twilight vision),M01000000,1,0
1,0,0,0,0,0,0,0,-3.2,0,0,0,0,0,0,0,GO:0022612,gland morphogenesis,M10000000,1,0
0,0,1,0,0,0,0,0,0,0,-2.2,0,0,0,0,0,GO:0035107,appendage morphogenesis,M00100000,1,0
0,0,1,0,0,0,0,0,0,0,-2.9,0,0,0,0,0,GO:0060766,negative regulation of androgen receptor signaling pathway,M00100000,1,0
0,0,0,0,0,0,0,1,0,0,0,0,0,0,0,-2.4,GO:1990823,response to leukemia inhibitory factor,M00000001,1,0
1,0,0,0,0,0,0,0,-2.3,0,0,0,0,0,0,0,WP143,Fatty acid beta oxidation,M10000000,1,0
0,0,0,0,0,1,0,0,0,0,0,0,0,-2.2,0,0,GO:0016311,dephosphorylation,M00000100,1,0
0,0,0,0,1,0,0,0,0,0,0,0,-5.5,0,0,0,GO:0038061,non-canonical NF-kappaB signal transduction,M00001000,1,0
0,0,0,0,0,0,1,0,0,0,0,0,0,0,-4,0,R-HSA-381033,ATF6 (ATF6-alpha) activates chaperones,M00000010,1,0
1,0,0,0,0,0,0,0,-3.9,0,0,0,0,0,0,0,GO:0005980,glycogen catabolic process,M10000000,1,0
0,0,1,0,0,0,0,0,0,0,-3.7,0,0,0,0,0,GO:0000226,microtubule cytoskeleton organization,M00100000,1,0
0,0,1,0,0,0,0,0,0,0,-2,0,0,0,0,0,R-HSA-8866652,Synthesis of active ubiquitin: roles of E1 and E2 enzymes,M00100000,1,0
1,0,0,0,0,0,0,0,-2.7,0,0,0,0,0,0,0,R-HSA-2404192,Signaling by Type 1 Insulin-like Growth Factor 1 Receptor (IGF1R),M10000000,1,0
0,0,0,0,0,0,1,0,0,0,0,0,0,0,-3,0,M162,PID RXR VDR PATHWAY,M00000010,1,0
0,0,0,1,0,0,0,0,0,0,0,-2.4,0,0,0,0,GO:0051169,nuclear transport,M00010000,1,0
1,0,0,0,0,0,0,0,-3.7,0,0,0,0,0,0,0,GO:0046488,phosphatidylinositol metabolic process,M10000000,1,0
0,0,0,0,0,1,0,0,0,0,0,0,0,-2,0,0,GO:0032414,positive regulation of ion transmembrane transporter activity,M00000100,1,0
0,0,0,0,1,0,0,0,0,0,0,0,-2.5,0,0,0,WP5283,Chronic hyperglycemia impairment of neuron function,M00001000,1,0
0,0,0,0,1,0,0,0,0,0,0,0,-3.4,0,0,0,WP262,Ebstein Barr virus LMP1 signaling,M00001000,1,0
0,0,0,0,0,1,0,0,0,0,0,0,0,-2,0,0,hsa04150,mTOR signaling pathway,M00000100,1,0
0,1,0,0,0,0,0,0,0,-3.4,0,0,0,0,0,0,hsa00830,Retinol metabolism,M01000000,1,0
0,1,0,0,0,0,0,0,0,-2.1,0,0,0,0,0,0,GO:0010466,negative regulation of peptidase activity,M01000000,1,0
0,0,0,0,0,0,1,0,0,0,0,0,0,0,-2.4,0,GO:1903510,mucopolysaccharide metabolic process,M00000010,1,0
0,0,0,0,1,0,0,0,0,0,0,0,-4.3,0,0,0,hsa05146,Amoebiasis,M00001000,1,0
0,0,0,1,0,0,0,0,0,0,0,-2.6,0,0,0,0,hsa04962,Vasopressin-regulated water reabsorption,M00010000,1,0
0,0,0,0,1,0,0,0,0,0,0,0,-3.6,0,0,0,GO:0045581,negative regulation of T cell differentiation,M00001000,1,0
0,0,1,0,0,0,0,0,0,0,-3.2,0,0,0,0,0,GO:0042073,intraciliary transport,M00100000,1,0
1,0,0,0,0,0,0,0,-2.8,0,0,0,0,0,0,0,hsa04012,ErbB signaling pathway,M10000000,1,0
0,0,0,0,0,0,0,1,0,0,0,0,0,0,0,-2.2,GO:0042273,ribosomal large subunit biogenesis,M00000001,1,0
0,0,0,0,0,0,0,1,0,0,0,0,0,0,0,-2.4,GO:0090100,positive regulation of transmembrane receptor protein serine/threonine kinase signaling pathway,M00000001,1,0
0,0,1,0,0,0,0,0,0,0,-2.9,0,0,0,0,0,GO:0031331,positive regulation of cellular catabolic process,M00100000,1,0
0,0,0,0,1,0,0,0,0,0,0,0,-4.7,0,0,0,GO:0002708,positive regulation of lymphocyte mediated immunity,M00001000,1,0
0,1,0,0,0,0,0,0,0,-3.3,0,0,0,0,0,0,GO:0044070,regulation of monoatomic anion transport,M01000000,1,0
0,0,0,0,0,0,0,1,0,0,0,0,0,0,0,-2.8,GO:0031647,regulation of protein stability,M00000001,1,0
0,0,1,0,0,0,0,0,0,0,-2.1,0,0,0,0,0,GO:0002200,somatic diversification of immune receptors,M00100000,1,0
0,0,0,0,1,0,0,0,0,0,0,0,-2.8,0,0,0,R-HSA-198933,Immunoregulatory interactions between a Lymphoid and a non-Lymphoid cell,M00001000,1,0
0,0,0,0,1,0,0,0,0,0,0,0,-2.9,0,0,0,M160,PID AVB3 INTEGRIN PATHWAY,M00001000,1,0
0,0,0,0,0,0,1,0,0,0,0,0,0,0,-3,0,GO:0051153,regulation of striated muscle cell differentiation,M00000010,1,0
0,0,0,0,1,0,0,0,0,0,0,0,-6.2,0,0,0,R-HSA-422475,Axon guidance,M00001000,1,0
0,0,0,0,0,1,0,0,0,0,0,0,0,-2.2,0,0,WP5158,Urotensin II mediated signaling pathway,M00000100,1,0
0,0,0,0,1,0,0,0,0,0,0,0,-5.9,0,0,0,GO:0060333,type II interferon-mediated signaling pathway,M00001000,1,0
1,0,0,0,0,0,0,0,-4.4,0,0,0,0,0,0,0,M8,PID ENDOTHELIN PATHWAY,M10000000,1,0
0,0,0,0,1,0,0,0,0,0,0,0,-3.5,0,0,0,GO:0001914,regulation of T cell mediated cytotoxicity,M00001000,1,0
1,0,0,0,0,0,0,0,-2.2,0,0,0,0,0,0,0,GO:0043267,negative regulation of potassium ion transport,M10000000,1,0
1,0,0,0,0,0,0,0,-2.4,0,0,0,0,0,0,0,R-HSA-399719,Trafficking of AMPA receptors,M10000000,1,0
1,0,0,0,0,0,0,0,-5.9,0,0,0,0,0,0,0,GO:0044057,regulation of system process,M10000000,1,0
0,1,0,0,0,0,0,0,0,-3.2,0,0,0,0,0,0,GO:0042093,T-helper cell differentiation,M01000000,1,0
0,0,0,0,0,0,1,0,0,0,0,0,0,0,-2.3,0,WP3594,Circadian rhythm genes,M00000010,1,0
0,0,0,0,0,0,0,1,0,0,0,0,0,0,0,-4,WP4521,Glycosylation and related congenital defects,M00000001,1,0
0,0,0,0,0,0,1,0,0,0,0,0,0,0,-2.1,0,GO:0050886,endocrine process,M00000010,1,0
0,0,0,0,1,0,0,0,0,0,0,0,-3.9,0,0,0,M1529,SA G1 AND S PHASES,M00001000,1,0
0,1,0,0,0,0,0,0,0,-2.4,0,0,0,0,0,0,R-HSA-8963899,Plasma lipoprotein remodeling,M01000000,1,0
0,0,0,0,1,0,0,0,0,0,0,0,-7.5,0,0,0,R-HSA-68867,Assembly of the pre-replicative complex,M00001000,1,0
0,0,1,0,0,0,0,0,0,0,-3.3,0,0,0,0,0,R-HSA-1592230,Mitochondrial biogenesis,M00100000,1,0
0,0,0,0,0,0,1,0,0,0,0,0,0,0,-3.6,0,GO:0035337,fatty-acyl-CoA metabolic process,M00000010,1,0
0,0,0,0,1,0,0,0,0,0,0,0,-2.9,0,0,0,R-HSA-5357956,TNFR1-induced NF-kappa-B signaling pathway,M00001000,1,0
1,0,0,0,0,0,0,0,-3.1,0,0,0,0,0,0,0,GO:0071526,semaphorin-plexin signaling pathway,M10000000,1,0
0,1,0,0,0,0,0,0,0,-4.8,0,0,0,0,0,0,GO:0046164,alcohol catabolic process,M01000000,1,0
0,0,0,0,1,0,0,0,0,0,0,0,-2.5,0,0,0,GO:0002443,leukocyte mediated immunity,M00001000,1,0
0,0,0,0,0,1,0,0,0,0,0,0,0,-3.2,0,0,GO:0050858,negative regulation of antigen receptor-mediated signaling pathway,M00000100,1,0
1,0,0,0,0,0,0,0,-3.5,0,0,0,0,0,0,0,GO:0097320,plasma membrane tubulation,M10000000,1,0
0,0,0,0,0,0,0,1,0,0,0,0,0,0,0,-4.7,GO:0034660,ncRNA metabolic process,M00000001,1,0
0,0,0,0,0,0,1,0,0,0,0,0,0,0,-4.3,0,WP3613,Photodynamic therapy induced unfolded protein response,M00000010,1,0
0,0,0,1,0,0,0,0,0,0,0,-2.9,0,0,0,0,GO:0030111,regulation of Wnt signaling pathway,M00010000,1,0
0,0,0,1,0,0,0,0,0,0,0,-3.2,0,0,0,0,GO:0014812,muscle cell migration,M00010000,1,0
0,0,0,0,1,0,0,0,0,0,0,0,-3.5,0,0,0,hsa05144,Malaria,M00001000,1,0
0,1,0,0,0,0,0,0,0,-4.2,0,0,0,0,0,0,GO:1900047,negative regulation of hemostasis,M01000000,1,0
0,1,0,0,0,0,0,0,0,-4.2,0,0,0,0,0,0,GO:0015917,aminophospholipid transport,M01000000,1,0
0,1,0,0,0,0,0,0,0,-5.5,0,0,0,0,0,0,GO:0032536,regulation of cell projection size,M01000000,1,0
0,0,0,0,1,0,0,0,0,0,0,0,-11,0,0,0,R-HSA-5358346,Hedgehog ligand biogenesis,M00001000,1,0
0,0,0,0,0,0,0,1,0,0,0,0,0,0,0,-3.4,R-HSA-9687139,Aberrant regulation of mitotic cell cycle due to RB1 defects,M00000001,1,0
0,0,1,0,0,0,0,0,0,0,-2.2,0,0,0,0,0,GO:0051146,striated muscle cell differentiation,M00100000,1,0
1,0,0,0,0,0,0,0,-3.1,0,0,0,0,0,0,0,GO:0009409,response to cold,M10000000,1,0
1,0,0,0,0,0,0,0,-2.4,0,0,0,0,0,0,0,R-HSA-2219528,PI3K/AKT Signaling in Cancer,M10000000,1,0
1,0,0,0,0,0,0,0,-2,0,0,0,0,0,0,0,M175,PID ERBB2 ERBB3 PATHWAY,M10000000,1,0
0,0,0,0,0,0,0,1,0,0,0,0,0,0,0,-3.3,GO:0006901,vesicle coating,M00000001,1,0
1,0,0,0,0,0,0,0,-2.2,0,0,0,0,0,0,0,GO:0140962,multicellular organismal-level chemical homeostasis,M10000000,1,0
0,0,0,0,1,0,0,0,0,0,0,0,-4.1,0,0,0,GO:0070059,intrinsic apoptotic signaling pathway in response to endoplasmic reticulum stress,M00001000,1,0
0,0,0,0,0,1,0,0,0,0,0,0,0,-2.9,0,0,GO:1904994,regulation of leukocyte adhesion to vascular endothelial cell,M00000100,1,0
0,0,1,0,0,0,0,0,0,0,-2.1,0,0,0,0,0,GO:1903779,regulation of cardiac conduction,M00100000,1,0
1,0,0,0,0,0,0,0,-2.1,0,0,0,0,0,0,0,hsa04216,Ferroptosis,M10000000,1,0
1,0,0,0,0,0,0,0,-2.6,0,0,0,0,0,0,0,M276,PID FGF PATHWAY,M10000000,1,0
0,0,0,0,0,0,1,0,0,0,0,0,0,0,-2,0,GO:0140238,presynaptic endocytosis,M00000010,1,0
1,0,0,0,0,0,0,0,-3.2,0,0,0,0,0,0,0,GO:0061548,ganglion development,M10000000,1,0
0,0,0,0,1,0,0,0,0,0,0,0,-2.2,0,0,0,GO:0070228,regulation of lymphocyte apoptotic process,M00001000,1,0
0,0,0,0,0,1,0,0,0,0,0,0,0,-2.5,0,0,GO:0017157,regulation of exocytosis,M00000100,1,0
0,0,0,0,0,0,0,1,0,0,0,0,0,0,0,-2.2,GO:0030510,regulation of BMP signaling pathway,M00000001,1,0
0,0,0,0,0,1,0,0,0,0,0,0,0,-4,0,0,WP5174,Ulcerative colitis signaling,M00000100,1,0
1,0,0,0,0,0,0,0,-2.2,0,0,0,0,0,0,0,R-HSA-112315,Transmission across Chemical Synapses,M10000000,1,0
0,0,0,0,0,1,0,0,0,0,0,0,0,-2.1,0,0,GO:0007188,adenylate cyclase-modulating G protein-coupled receptor signaling pathway,M00000100,1,0
0,0,0,0,1,0,0,0,0,0,0,0,-3.6,0,0,0,hsa05235,PD-L1 expression and PD-1 checkpoint pathway in cancer,M00001000,1,0
0,1,0,0,0,0,0,0,0,-2.9,0,0,0,0,0,0,WP334,GPCRs class B secretin like,M01000000,1,0
0,0,1,0,0,0,0,0,0,0,-2.2,0,0,0,0,0,GO:0003016,respiratory system process,M00100000,1,0
0,1,0,0,0,0,0,0,0,-2.8,0,0,0,0,0,0,M3468,NABA ECM REGULATORS,M01000000,1,0
0,0,1,0,0,0,0,0,0,0,-2.6,0,0,0,0,0,GO:0045739,positive regulation of DNA repair,M00100000,1,0
0,0,0,0,1,0,0,0,0,0,0,0,-4.4,0,0,0,GO:0001910,regulation of leukocyte mediated cytotoxicity,M00001000,1,0
0,1,0,0,0,0,0,0,0,-3.2,0,0,0,0,0,0,GO:0002293,alpha-beta T cell differentiation involved in immune response,M01000000,1,0
0,0,0,0,1,0,0,0,0,0,0,0,-10,0,0,0,GO:0002474,antigen processing and presentation of peptide antigen via MHC class I,M00001000,1,0
0,0,0,0,0,0,0,1,0,0,0,0,0,0,0,-2,R-HSA-6791226,Major pathway of rRNA processing in the nucleolus and cytosol,M00000001,1,0
0,0,0,0,1,0,0,0,0,0,0,0,-7.8,0,0,0,R-HSA-168898,Toll-like Receptor Cascades,M00001000,1,0
1,0,0,0,0,0,0,0,-2.1,0,0,0,0,0,0,0,GO:0006418,tRNA aminoacylation for protein translation,M10000000,1,0
0,1,0,0,0,0,0,0,0,-2.8,0,0,0,0,0,0,GO:0043367,"CD4-positive, alpha-beta T cell differentiation",M01000000,1,0
0,1,0,0,0,0,0,0,0,-3,0,0,0,0,0,0,GO:0035024,negative regulation of Rho protein signal transduction,M01000000,1,0
0,0,0,0,1,0,0,0,0,0,0,0,-3.5,0,0,0,hsa04658,Th1 and Th2 cell differentiation,M00001000,1,0
0,0,0,0,1,0,0,0,0,0,0,0,-7.1,0,0,0,hsa05160,Hepatitis C,M00001000,1,0
0,0,0,1,0,0,0,0,0,0,0,-4,0,0,0,0,GO:0033173,calcineurin-NFAT signaling cascade,M00010000,1,0
0,0,0,0,1,0,0,0,0,0,0,0,-2.1,0,0,0,GO:0045444,fat cell differentiation,M00001000,1,0
0,0,0,0,1,0,0,0,0,0,0,0,-2.2,0,0,0,GO:0006690,icosanoid metabolic process,M00001000,1,0
0,0,0,0,1,0,0,0,0,0,0,0,-3.4,0,0,0,GO:0008277,regulation of G protein-coupled receptor signaling pathway,M00001000,1,0
