_MEMBER_down_common_genes,_MEMBER_down_epi_only,_MEMBER_down_mes_only,_MEMBER_down_mes_up_epi,_MEMBER_up_common_genes,_MEMBER_up_epi_only,_MEMBER_up_mes_down_epi,_MEMBER_up_mes_only,_LogP_down_common_genes,_LogP_down_epi_only,_LogP_down_mes_only,_LogP_down_mes_up_epi,_LogP_up_common_genes,_LogP_up_epi_only,_LogP_up_mes_down_epi,_LogP_up_mes_only,GO,_PATTERN_,_RANK_,GiniIndex,Category,CategoryID,Description,PARENT_GO,LogP,Enrichment,Z-score,#TotalGeneInLibrary,#GeneInGO,#GeneInHitList,#GeneInGOAndHitList,%InGO,STDV %InGO,GeneID,Hits,Log(q-value),EvidenceCutoff
0,0,0,0,1,1,1,1,0,0,0,0,-53,-7,-6.8,-8.6,M41700,M00001111,4,0,Cell Type Signatures,7,TRAVAGLINI LUNG OLR1 CLASSICAL MONOCYTE CELL,,-53,9.9,25,30286,726,325,77,24,2.4,87|272|329|965|1263|1326|1889|1890|2107|2120|2633|2710|2768|2782|2907|2919|2920|3383|3576|3656|3665|3678|3685|4478|4792|5045|5216|5271|5329|5687|5879|5971|6868|7127|7128|7185|7262|7323|7324|7453|7532|8460|8509|8870|9050|9261|9308|9589|9636|10019|10096|10318|10409|10952|11177|11182|22904|23258|25816|25932|29015|51088|51312|51363|51371|51582|51762|57655|59269|59274|64778|80149|83937|91351|94240|127544|170954,ACTN1|AMPD3|BIRC2|CD58|PLK3|MAP3K8|ECE1|TYMP|ETF1|ETV6|GBP1|GK|GNA12|GNB1|GRINA|CXCL1|CXCL2|ICAM1|CXCL8|IRAK2|IRF7|ITGA5|ITGAV|MSN|NFKBIA|FURIN|PFN1|SERPINB8|PLAUR|PSMA6|RAC1|RELB|ADAM17|TNFAIP2|TNFAIP3|TRAF1|PHLDA2|UBE2D3|UBE2E1|WARS1|YWHAG|TPST1|NDST2|IER3|PSTPIP2|MAPKAPK2|CD83|WTAP|ISG15|SH2B3|ACTR3|TNIP1|BASP1|SEC61B|BAZ1A|SLC2A6|SBNO2|DENND5A|TNFAIP8|CLIC4|SLC43A3|KLHL5|SLC25A37|CHST15|POMP|AZIN1|RAB8B|GRAMD1A|HIVEP3|TLNRD1|FNDC3B|ZC3H12A|RASSF4|DDX60L|EPSTI1|RNF19B|PPP1R18,-49,0
0,1,0,0,0,0,0,0,0,-53,0,0,0,0,0,0,M40234,M01000000,1,0,Cell Type Signatures,7,DESCARTES FETAL LIVER HEPATOBLASTS,,-53,12,27,30286,500,349,69,20,2.1,13|174|183|216|259|283|335|336|338|341|350|433|729|1244|1644|1852|2065|2147|2168|2203|2330|2620|2705|2939|3026|3158|3170|3174|3249|3698|4547|5174|5314|5345|5624|5950|6819|6927|7018|7104|7274|7276|8431|9104|10110|10840|27134|29881|29974|51085|51473|55195|79589|81693|92292|113220|134548|149466|151258|164656|197257|257407|283375|284111|319089|342979|388323|388595|389434,AADAC|AFP|AGT|ALDH1A1|AMBP|ANG|APOA1|APOA2|APOB|APOC1|APOH|ASGR2|C6|ABCC2|DDC|DUSP9|ERBB3|F2|FABP1|FBP1|FMO5|GAS2|GJB1|GSTA2|HABP2|HMGCS2|FOXA2|HNF4G|HPN|ITIH2|MTTP|PDZK1|PKHD1|SERPINF2|PROC|RBP4|SULT1C2|HNF1A|TF|TM4SF4|TTPA|TTR|NR0B2|RGN|SGK2|ALDH1L1|TJP3|NPC1L1|A1CF|MLXIPL|DCDC2|CCDC198|RNF128|AMN|GLYATL1|KIF12|SOWAHA|C1orf210|SLC38A11|TMPRSS6|LDHD|C2orf72|SLC39A5|SLC13A5|TTC6|PALM3|GLTPD2|TMEM82|IYD,-49,0
1,1,0,0,0,0,1,0,-3.4,-35,0,0,0,0,-4.3,0,M40287,M11000010,3,0,Cell Type Signatures,7,DESCARTES FETAL SPLEEN AFP ALB POSITIVE CELLS,,-35,18,25,30286,188,349,38,11,1.7,174|183|259|335|336|338|341|350|433|1468|1852|2147|2168|2330|2628|2705|2938|3026|3158|3249|3698|4547|5314|5345|5618|5833|5950|6819|7018|7104|7276|10555|11001|29974|64080|81693|283375|284111,AFP|AGT|AMBP|APOA1|APOA2|APOB|APOC1|APOH|ASGR2|SLC25A10|DUSP9|F2|FABP1|FMO5|GATM|GJB1|GSTA1|HABP2|HMGCS2|HPN|ITIH2|MTTP|PKHD1|SERPINF2|PRLR|PCYT2|RBP4|SULT1C2|TF|TM4SF4|TTR|AGPAT2|SLC27A2|A1CF|RBKS|AMN|SLC39A5|SLC13A5,-31,0
0,1,0,0,0,0,0,0,0,-35,0,0,0,0,0,0,M40212,M01000000,1,0,Cell Type Signatures,7,DESCARTES FETAL INTESTINE INTESTINAL EPITHELIAL CELLS,,-35,14,23,30286,276,349,43,12,1.8,13|174|183|335|336|338|729|1244|2168|2705|2938|2939|4547|5625|5648|5950|6505|6819|7103|7433|8694|9075|10840|27134|27283|27284|54810|55195|55808|64080|79774|79838|80004|81693|123099|140893|155465|196410|222171|257407|284422|388323|389434,AADAC|AFP|AGT|APOA1|APOA2|APOB|C6|ABCC2|FABP1|GJB1|GSTA1|GSTA2|MTTP|PRODH|MASP1|RBP4|SLC1A1|SULT1C2|TSPAN8|VIPR1|DGAT1|CLDN2|ALDH1L1|TJP3|TINAG|SULT1B1|GIPC2|CCDC198|ST6GALNAC1|RBKS|GRTP1|TMC5|ESRP2|AMN|DEGS2|RBBP8NL|AGR3|TMT1B|PRR15|C2orf72|SMIM24|GLTPD2|IYD,-31,0
1,1,0,0,0,0,1,0,-4.3,-29,0,0,0,0,-2.8,0,M39115,M11000010,3,0,Cell Type Signatures,7,AIZARANI LIVER C11 HEPATOCYTES 1,,-29,11,19,30286,298,349,39,11,1.7,13|183|216|259|283|335|336|338|341|350|433|729|2147|2168|2203|2330|2628|2938|2939|3158|3249|3698|4547|5345|5624|5950|6470|6652|7018|7276|9104|10840|11001|22837|29974|51085|55268|92292|284111,AADAC|AGT|ALDH1A1|AMBP|ANG|APOA1|APOA2|APOB|APOC1|APOH|ASGR2|C6|F2|FABP1|FBP1|FMO5|GATM|GSTA1|GSTA2|HMGCS2|HPN|ITIH2|MTTP|SERPINF2|PROC|RBP4|SHMT1|SORD|TF|TTR|RGN|ALDH1L1|SLC27A2|COBLL1|A1CF|MLXIPL|ECHDC2|GLYATL1|SLC13A5,-25,0
1,0,1,1,1,1,1,1,-2.9,0,-3.7,-6.9,-27,-7.5,-4.4,-7.7,M39175,M10111111,7,0,Cell Type Signatures,7,MURARO PANCREAS MESENCHYMAL STROMAL CELL,,-27,7,16,30286,680,325,51,16,2,87|390|649|669|1282|1284|1307|2113|3371|3490|3589|3624|3678|3685|3732|3976|4478|5054|5216|5329|5688|7168|7453|7980|8460|8828|8870|9261|9645|10019|10096|10409|10981|11177|23585|25932|51026|51330|51363|51371|54838|55379|60312|64778|84627|85456|91010|91283|115908|168455|170954,ACTN1|RND3|BMP1|BPGM|COL4A1|COL4A2|COL16A1|ETS1|TNC|IGFBP7|IL11|INHBA|ITGA5|ITGAV|CD82|LIF|MSN|SERPINE1|PFN1|PLAUR|PSMA7|TPM1|WARS1|TFPI2|TPST1|NRP2|IER3|MAPKAPK2|MICAL2|SH2B3|ACTR3|BASP1|RAB32|BAZ1A|TMEM50A|CLIC4|GOLT1B|TNFRSF12A|CHST15|POMP|WBP1L|LRRC59|AFAP1|FNDC3B|ZNF469|TNKS1BP1|FMNL3|MSANTD3|CTHRC1|CCDC71L|PPP1R18,-24,0
1,1,0,0,0,0,1,0,-2.4,-25,0,0,0,0,-2.4,0,M40276,M11000010,3,0,Cell Type Signatures,7,DESCARTES FETAL PLACENTA AFP ALB POSITIVE CELLS,,-25,15,19,30286,171,349,29,8.3,1.5,174|183|259|335|336|338|350|433|1244|1644|2147|2168|2330|2938|3158|3698|5345|5950|7018|7104|7276|29974|51085|81693|83715|127845|164656|283375|284111,AFP|AGT|AMBP|APOA1|APOA2|APOB|APOH|ASGR2|ABCC2|DDC|F2|FABP1|FMO5|GSTA1|HMGCS2|ITIH2|SERPINF2|RBP4|TF|TM4SF4|TTR|A1CF|MLXIPL|AMN|ESPN|GOLT1A|TMPRSS6|SLC39A5|SLC13A5,-21,0
1,1,0,0,0,0,1,0,-24,-3.4,0,0,0,0,-6.6,0,M41652,M11000010,3,0,Cell Type Signatures,7,TRAVAGLINI LUNG PROXIMAL BASAL CELL,,-24,6.5,15,30286,629,354,48,14,1.8,224|678|689|1915|1937|1938|1974|1975|2217|2261|2593|2752|3030|3338|3476|3615|3646|4059|4666|4774|4869|5589|5867|7178|7205|7381|7388|8664|8665|8667|8761|9380|10252|10399|10628|10904|25828|26751|27250|29068|51082|51386|57447|80139|84650|84836|93100|142678,ALDH3A2|ZFP36L2|BTF3|EEF1A1|EEF1G|EEF2|EIF4A2|EIF4B|FCGRT|FGFR3|GAMT|GLUL|HADHA|DNAJC4|IGBP1|IMPDH2|EIF3E|BCAM|NACA|NFIA|NPM1|PRKCSH|RAB4A|TPT1|TRIP6|UQCRB|UQCRH|EIF3D|EIF3F|EIF3H|PABPC4|GRHPR|SPRY1|RACK1|TXNIP|BLCAP|TXN2|SH3YL1|PDCD4|ZBTB44|POLR1D|EIF3L|NDRG2|ZNF703|EBPL|ABHD14B|NAPRT|MIB2,-21,0
0,0,0,0,1,1,1,1,0,0,0,0,-22,-5.9,-4.7,-6,M41697,M00001111,4,0,Cell Type Signatures,7,TRAVAGLINI LUNG EREG DENDRITIC CELL,,-22,6.8,15,30286,579,325,42,13,1.9,87|329|965|1318|1326|1890|2107|2120|2710|2768|2782|2907|2920|3383|3576|3678|3685|5045|5271|5329|5879|7128|7262|8870|9050|9308|9589|10019|10409|11010|11177|23406|29015|51312|51330|51371|51719|51762|54838|59274|80149|127544,ACTN1|BIRC2|CD58|SLC31A2|MAP3K8|TYMP|ETF1|ETV6|GK|GNA12|GNB1|GRINA|CXCL2|ICAM1|CXCL8|ITGA5|ITGAV|FURIN|SERPINB8|PLAUR|RAC1|TNFAIP3|PHLDA2|IER3|PSTPIP2|CD83|WTAP|SH2B3|BASP1|GLIPR1|BAZ1A|COTL1|SLC43A3|SLC25A37|TNFRSF12A|POMP|CAB39|RAB8B|WBP1L|TLNRD1|ZC3H12A|RNF19B,-18,0
1,1,0,0,0,0,0,0,-4.8,-21,0,0,0,0,0,0,M39118,M11000000,2,0,Cell Type Signatures,7,AIZARANI LIVER C14 HEPATOCYTES 2,,-21,11,17,30286,226,349,29,8.3,1.5,216|259|283|335|336|338|341|350|433|2147|2168|2203|2628|2705|2938|2939|3158|3249|5345|5950|6470|6652|7018|7276|9104|10840|29974|51085|92292,ALDH1A1|AMBP|ANG|APOA1|APOA2|APOB|APOC1|APOH|ASGR2|F2|FABP1|FBP1|GATM|GJB1|GSTA1|GSTA2|HMGCS2|HPN|SERPINF2|RBP4|SHMT1|SORD|TF|TTR|RGN|ALDH1L1|A1CF|MLXIPL|GLYATL1,-18,0
0,0,0,0,1,0,1,1,0,0,0,0,-21,0,-4.2,-6,M41715,M00001011,3,0,Cell Type Signatures,7,FAN OVARY CL13 MONOCYTE MACROPHAGE,,-21,7.5,15,30286,458,325,37,11,1.8,829|965|1326|1890|2907|2920|3106|3576|3669|4478|4792|5216|5329|5698|6892|7453|8073|8870|9308|9473|9589|9636|10010|10096|10318|10409|10952|11010|11047|11177|23406|25816|51371|51762|56882|80774|170954,CAPZA1|CD58|MAP3K8|TYMP|GRINA|CXCL2|HLA-B|CXCL8|ISG20|MSN|NFKBIA|PFN1|PLAUR|PSMB9|TAPBP|WARS1|PTP4A2|IER3|CD83|THEMIS2|WTAP|ISG15|TANK|ACTR3|TNIP1|BASP1|SEC61B|GLIPR1|ADRM1|BAZ1A|COTL1|TNFAIP8|POMP|RAB8B|CDC42SE1|LIMD2|PPP1R18,-17,0
1,1,0,0,0,0,0,0,-4.3,-20,0,0,0,0,0,0,M40028,M11000000,2,0,Cell Type Signatures,7,BUSSLINGER DUODENAL LATE IMMATURE ENTEROCYTES,,-20,13,17,30286,177,349,26,7.4,1.4,13|216|338|476|760|2168|2203|2628|3158|3174|4547|4640|5357|6505|6817|7104|8671|8694|9032|22977|57016|64284|81693|84418|283375|284422,AADAC|ALDH1A1|APOB|ATP1A1|CA2|FABP1|FBP1|GATM|HMGCS2|HNF4G|MTTP|MYO1A|PLS1|SLC1A1|SULT1A1|TM4SF4|SLC4A4|DGAT1|TM4SF5|AKR7A3|AKR1B10|RAB17|AMN|CYSTM1|SLC39A5|SMIM24,-17,0
0,1,0,0,0,0,0,0,0,-20,0,0,0,0,0,0,M40012,M01000000,1,0,Cell Type Signatures,7,BUSSLINGER GASTRIC IMMATURE PIT CELLS,,-20,13,17,30286,165,349,25,7.2,1.4,283|760|3170|4582|6035|6286|6819|7032|7103|7850|8537|10551|11199|23196|23584|25928|51316|57016|83998|84418|114569|165679|201501|340547|388743,ANG|CA2|FOXA2|MUC1|RNASE1|S100P|SULT1C2|TFF2|TSPAN8|IL1R2|BCAS1|AGR2|ANXA10|FAM120A|VSIG2|SOSTDC1|PLAC8|AKR1B10|REG4|CYSTM1|MAL2|SPTSSB|ZBTB7C|VSIG1|CAPN8,-17,0
1,1,0,0,1,0,1,1,-2.1,-12,0,0,-2.8,0,-20,-3.3,M40010,M11001011,5,0,Cell Type Signatures,7,BUSSLINGER GASTRIC ISTHMUS CELLS,,-20,8.1,15,30286,458,268,33,12,2,120|821|1476|1537|1545|1595|1622|1718|2023|2803|3157|3309|3329|4597|5034|5874|6185|7076|7184|8714|8751|9601|9761|10130|10682|10959|10960|23753|25825|54187|54502|56889|80267,ADD3|CANX|CSTB|CYC1|CYP1B1|CYP51A1|DBI|DHCR24|ENO1|GOLGA4|HMGCS1|HSPA5|HSPD1|MVD|P4HB|RAB27B|RPN2|TIMP1|HSP90B1|ABCC3|ADAM15|PDIA4|MLEC|PDIA6|EBP|TMED2|LMAN2|SDF2L1|BACE2|NANS|RBM47|TM9SF3|EDEM3,-16,0
0,1,0,0,1,0,0,0,0,-2.2,0,0,-20,0,0,0,M39135,M01001000,2,0,Cell Type Signatures,7,AIZARANI LIVER C39 EPCAM POS BILE DUCT CELLS 4,,-20,13,17,30286,184,325,25,7.7,1.5,1435|2919|3576|3624|3855|3914|3918|3976|4739|4791|4792|6372|7127|7168|7262|8795|9076|9235|11177|27063|51330|81788|85456|91107|135112,CSF1|CXCL1|CXCL8|INHBA|KRT7|LAMB3|LAMC2|LIF|NEDD9|NFKB2|NFKBIA|CXCL6|TNFAIP2|TPM1|PHLDA2|TNFRSF10B|CLDN1|IL32|BAZ1A|ANKRD1|TNFRSF12A|NUAK2|TNKS1BP1|TRIM47|NCOA7,-16,0
0,1,0,0,0,0,0,0,0,-19,0,0,0,0,0,0,M40013,M01000000,1,0,Cell Type Signatures,7,BUSSLINGER GASTRIC MATURE PIT CELLS,,-19,10,15,30286,224,349,27,7.7,1.4,283|760|3170|4582|6035|6286|6337|6819|7032|7103|7850|8537|11199|23584|25928|51316|54845|57016|79589|84418|114569|165679|201501|222171|340547|388743|768239,ANG|CA2|FOXA2|MUC1|RNASE1|S100P|SCNN1A|SULT1C2|TFF2|TSPAN8|IL1R2|BCAS1|ANXA10|VSIG2|SOSTDC1|PLAC8|ESRP1|AKR1B10|RNF128|CYSTM1|MAL2|SPTSSB|ZBTB7C|PRR15|VSIG1|CAPN8|PSAPL1,-16,0
0,1,0,0,0,0,0,0,0,-19,0,0,0,0,0,0,M40220,M01000000,1,0,Cell Type Signatures,7,DESCARTES FETAL KIDNEY URETERIC BUD CELLS,,-19,8.7,14,30286,300,349,30,8.6,1.5,216|2125|2203|3158|4582|6286|7348|8537|10331|22837|23584|54097|54845|54894|55040|64284|79589|80004|84451|114569|123099|127845|138065|140893|151258|197257|222171|319089|642574|100130933,ALDH1A1|EVPL|FBP1|HMGCS2|MUC1|S100P|UPK1B|BCAS1|B3GNT3|COBLL1|VSIG2|FAM3B|ESRP1|RNF43|EPN3|RAB17|RNF128|ESRP2|MAP3K21|MAL2|DEGS2|GOLT1A|RNF183|RBBP8NL|SLC38A11|LDHD|PRR15|TTC6|IQANK1|SMIM6,-15,0
1,1,0,0,0,0,0,1,-18,-8.3,0,0,0,0,0,-4.1,M40024,M11000001,3,0,Cell Type Signatures,7,BUSSLINGER DUODENAL STEM CELLS,,-18,8.3,14,30286,311,354,30,8.5,1.5,652|678|689|894|1027|1191|1915|1937|1938|1974|1975|2122|2217|3615|3646|3912|4774|4869|5295|7086|7178|8667|10399|10412|10628|27131|27436|51386|51614|91461,BMP4|ZFP36L2|BTF3|CCND2|CDKN1B|CLU|EEF1A1|EEF1G|EEF2|EIF4A2|EIF4B|MECOM|FCGRT|IMPDH2|EIF3E|LAMB1|NFIA|NPM1|PIK3R1|TKT|TPT1|EIF3H|RACK1|NSA2|TXNIP|SNX5|EML4|EIF3L|ERGIC3|PKDCC,-15,0
0,1,0,0,0,0,0,0,0,-18,0,0,0,0,0,0,M39148,M01000000,1,0,Cell Type Signatures,7,GAO SMALL INTESTINE 24W C4 ENTEROCYTE PROGENITOR SUBTYPE 2,,-18,17,17,30286,97,349,19,5.4,1.2,54|174|183|335|338|1244|1644|1800|2203|2705|4640|5950|8431|9104|27284|79589|127845|196410|284422,ACP5|AFP|AGT|APOA1|APOB|ABCC2|DDC|DPEP1|FBP1|GJB1|MYO1A|RBP4|NR0B2|RGN|SULT1B1|RNF128|GOLT1A|TMT1B|SMIM24,-14,0
0,1,0,0,0,0,1,0,0,-17,0,0,0,0,-4.5,0,M40011,M01000010,2,0,Cell Type Signatures,7,BUSSLINGER GASTRIC METALLOTHIONEIN CELLS,,-17,16,17,30286,100,349,19,5.4,1.2,13|216|760|4582|6035|6286|6819|7032|7103|10397|10551|11199|23584|25928|57016|84418|114569|284422|340547,AADAC|ALDH1A1|CA2|MUC1|RNASE1|S100P|SULT1C2|TFF2|TSPAN8|NDRG1|AGR2|ANXA10|VSIG2|SOSTDC1|AKR1B10|CYSTM1|MAL2|SMIM24|VSIG1,-14,0
1,1,0,0,0,0,1,0,-4,-16,0,0,0,0,-4.3,0,M39108,M11000010,3,0,Cell Type Signatures,7,AIZARANI LIVER C4 EPCAM POS BILE DUCT CELLS 1,,-16,10,14,30286,191,349,23,6.6,1.3,183|259|338|476|760|1365|2065|2330|3026|3698|4072|5314|7104|8470|8671|23242|23731|51280|51473|55195|57619|113220|359948,AGT|AMBP|APOB|ATP1A1|CA2|CLDN3|ERBB3|FMO5|HABP2|ITIH2|EPCAM|PKHD1|TM4SF4|SORBS2|SLC4A4|COBL|TMEM245|GOLM1|DCDC2|CCDC198|SHROOM3|KIF12|IRF2BP2,-13,0
0,1,0,0,1,0,0,0,0,-16,0,0,-2.9,0,0,0,M40175,M01001000,2,0,Cell Type Signatures,7,DESCARTES FETAL EYE CORNEAL AND CONJUNCTIVAL EPITHELIAL CELLS,,-16,8.9,13,30286,243,349,25,7.2,1.4,1365|2125|4072|4582|4680|6286|7033|7348|8537|8796|10205|10331|10551|23584|27134|51316|55808|56649|79098|79838|80004|84958|114569|127733|155465,CLDN3|EVPL|EPCAM|MUC1|CEACAM6|S100P|TFF3|UPK1B|BCAS1|SCEL|MPZL2|B3GNT3|AGR2|VSIG2|TJP3|PLAC8|ST6GALNAC1|TMPRSS4|C1orf116|TMC5|ESRP2|SYTL1|MAL2|UBXN10|AGR3,-13,0
1,1,0,0,1,0,1,1,-3.8,-3,0,0,-6.5,0,-16,-5.4,M41698,M11001011,5,0,Cell Type Signatures,7,TRAVAGLINI LUNG TREM2 DENDRITIC CELL,,-16,6.3,12,30286,572,268,32,12,2,48|523|537|821|950|1312|1317|1476|1528|1537|1622|2023|3176|3959|4257|8714|8804|9056|10130|10159|10327|10437|10935|10972|11309|51056|51097|54187|54502|79709|79763|374882,ACO1|ATP6V1A|ATP6AP1|CANX|SCARB2|COMT|SLC31A1|CSTB|CYB5A|CYC1|DBI|ENO1|HNMT|LGALS3BP|MGST1|ABCC3|CREG1|SLC7A7|PDIA6|ATP6AP2|AKR1A1|IFI30|PRDX3|TMED10|SLCO2B1|LAP3|SCCPDH|NANS|RBM47|COLGALT1|ISOC2|TMEM205,-13,0
0,0,0,1,1,1,1,0,0,0,0,-11,-2.1,-16,-5.6,0,M39269,M00011110,4,0,Cell Type Signatures,7,HU FETAL RETINA RGC,,-16,8.1,13,30286,443,220,26,12,2.2,1123|1155|1397|1783|2047|2664|3800|3831|5147|7321|8609|9638|9859|10121|11031|22920|29114|51143|51155|55521|57142|57415|83930|219738|347733|401115,CHN1|TBCB|CRIP2|DYNC1LI2|EPHB1|GDI1|KIF5C|KLC1|PDE6D|UBE2D1|KLF7|FEZ1|CEP170|ACTR1A|RAB31|KIFAP3|TAGLN3|DYNC1LI1|JPT1|TRIM36|RTN4|CEP15|STARD3NL|FAM241B|TUBB2B|NICOL1,-12,0
0,0,0,0,1,0,1,1,0,0,0,0,-15,0,-2.8,-8.8,M41720,M00001011,3,0,Cell Type Signatures,7,FAN OVARY CL18 B LYMPHOCYTE,,-15,6.6,12,30286,422,325,30,9.2,1.6,752|829|1890|2107|3106|3301|3665|3669|4791|5216|5366|5701|5971|6892|7415|8073|9308|9473|9618|10019|10213|10263|10318|10952|11010|11047|11177|51026|80774|152137,FMNL1|CAPZA1|TYMP|ETF1|HLA-B|DNAJA1|IRF7|ISG20|NFKB2|PFN1|PMAIP1|PSMC2|RELB|TAPBP|VCP|PTP4A2|CD83|THEMIS2|TRAF4|SH2B3|PSMD14|CDK2AP2|TNIP1|SEC61B|GLIPR1|ADRM1|BAZ1A|GOLT1B|LIMD2|CCDC50,-12,0
0,1,0,0,0,0,0,0,0,-15,0,0,0,0,0,0,M40029,M01000000,1,0,Cell Type Signatures,7,BUSSLINGER DUODENAL MATURE ENTEROCYTES,,-15,8.4,13,30286,259,349,25,7.2,1.4,335|338|1244|2203|4547|4640|4680|5002|5357|5625|6337|7104|8431|8694|9032|9625|10555|29881|55268|64284|79838|80115|81693|284422|388323,APOA1|APOB|ABCC2|FBP1|MTTP|MYO1A|CEACAM6|SLC22A18|PLS1|PRODH|SCNN1A|TM4SF4|NR0B2|DGAT1|TM4SF5|AATK|AGPAT2|NPC1L1|ECHDC2|RAB17|TMC5|BAIAP2L2|AMN|SMIM24|GLTPD2,-12,0
0,0,1,1,1,1,0,1,0,0,-15,-2.8,-4,-4.9,0,-2.1,M39209,M00111101,5,0,Cell Type Signatures,7,HAY BONE MARROW STROMAL,,-15,5.1,11,30286,765,278,36,13,2,249|862|1780|1909|2042|2052|2273|2934|3489|3671|4212|5118|5654|5745|5793|6495|6662|7291|7373|8839|9358|10160|10351|22871|23371|51375|57569|79901|80034|81578|83468|127435|130271|219348|338773|399947,ALPL|RUNX1T1|DYNC1I1|EDNRA|EPHA3|EPHX1|FHL1|GSN|IGFBP6|ISLR|MEIS2|PCOLCE|HTRA1|PTH1R|PTPRG|SIX1|SOX9|TWIST1|COL14A1|CCN5|ITGBL1|FARP1|ABCA8|NLGN1|TNS2|SNX7|ARHGAP20|CYBRD1|CSRNP3|COL21A1|GLT8D2|PODN|PLEKHH2|PLAC9|TMEM119|C11orf87,-12,0
0,1,0,0,1,0,0,0,0,-14,0,0,-4.5,0,0,0,M39125,M01001000,2,0,Cell Type Signatures,7,AIZARANI LIVER C24 EPCAM POS BILE DUCT CELLS 3,,-14,9.9,13,30286,185,349,21,6,1.3,476|1365|2065|4072|4582|4680|7033|7103|7104|7273|8470|8671|10551|11261|51280|51473|57016|57619|79838|84418|114569,ATP1A1|CLDN3|ERBB3|EPCAM|MUC1|CEACAM6|TFF3|TSPAN8|TM4SF4|TTN|SORBS2|SLC4A4|AGR2|CHP1|GOLM1|DCDC2|AKR1B10|SHROOM3|TMC5|CYSTM1|MAL2,-11,0
1,0,0,0,0,0,0,0,-14,0,0,0,0,0,0,0,M41748,M10000000,1,0,Cell Type Signatures,7,RUBENSTEIN SKELETAL MUSCLE SATELLITE CELLS,,-14,7.2,12,30286,310,354,26,7.3,1.4,689|1191|1915|1938|1974|2752|3030|3488|3615|3646|4666|4774|4869|5037|6391|6767|7178|7381|7388|8664|8665|8667|10252|10399|51386|57447,BTF3|CLU|EEF1A1|EEF2|EIF4A2|GLUL|HADHA|IGFBP5|IMPDH2|EIF3E|NACA|NFIA|NPM1|PEBP1|SDHC|ST13|TPT1|UQCRB|UQCRH|EIF3D|EIF3F|EIF3H|SPRY1|RACK1|EIF3L|NDRG2,-11,0
1,1,0,0,1,0,1,1,-12,-14,0,0,-11,0,-11,-4.2,M39174,M11001011,5,0,Cell Type Signatures,7,MURARO PANCREAS ACINAR CELL,,-14,4.5,10,30286,731,349,38,11,1.7,13|2065|2203|2591|2628|2705|2813|2938|2939|3249|4069|4582|5360|6035|6652|7164|8431|8455|8470|9075|10397|11261|22977|23576|26996|51280|54097|54845|55366|56922|57016|57619|79170|79838|114569|120376|123036|200634,AADAC|ERBB3|FBP1|GALNT3|GATM|GJB1|GP2|GSTA1|GSTA2|HPN|LYZ|MUC1|PLTP|RNASE1|SORD|TPD52L1|NR0B2|ATRN|SORBS2|CLDN2|NDRG1|CHP1|AKR7A3|DDAH1|GPR160|GOLM1|FAM3B|ESRP1|LGR4|MCCC1|AKR1B10|SHROOM3|PRR15L|TMC5|MAL2|POU2AF3|TC2N|KRTCAP3,-11,0
1,1,0,0,0,0,0,0,-2.7,-14,0,0,0,0,0,0,M40027,M11000000,2,0,Cell Type Signatures,7,BUSSLINGER DUODENAL EARLY IMMATURE ENTEROCYTES,,-14,13,14,30286,113,349,17,4.9,1.2,13|216|476|760|1644|2168|2203|2628|2938|2939|3158|4547|7103|8671|10397|57016|284422,AADAC|ALDH1A1|ATP1A1|CA2|DDC|FABP1|FBP1|GATM|GSTA1|GSTA2|HMGCS2|MTTP|TSPAN8|SLC4A4|NDRG1|AKR1B10|SMIM24,-11,0
0,1,0,0,0,0,1,0,0,-2.3,0,0,0,0,-13,0,M39308,M01000010,2,0,Cell Type Signatures,7,CUI DEVELOPING HEART TRABECULAR ATRIAL CARDIOMYOCYTE,,-13,11,13,30286,179,268,18,6.7,1.5,444|821|1595|2058|2923|3309|3959|3998|5033|5352|6185|6307|6713|7184|10159|10972|23420|51109,ASPH|CANX|CYP51A1|EPRS1|PDIA3|HSPA5|LGALS3BP|LMAN1|P4HA1|PLOD2|RPN2|MSMO1|SQLE|HSP90B1|ATP6AP2|TMED10|NOMO1|RDH11,-10,0
1,0,1,1,0,0,1,0,-13,0,-3.9,-3.1,0,0,-2.8,0,M41708,M10110010,4,0,Cell Type Signatures,7,FAN OVARY CL6 PUTATIVE EARLY ATRETIC FOLLICLE THECAL CELL 2,,-13,6.8,11,30286,300,354,24,6.8,1.3,1915|1974|2217|2752|3488|3615|3646|4774|5037|5156|5166|6342|6414|6595|6767|8574|10577|10628|23770|27250|29937|56944|57447|112483,EEF1A1|EIF4A2|FCGRT|GLUL|IGFBP5|IMPDH2|EIF3E|NFIA|PEBP1|PDGFRA|PDK4|SCP2|SELENOP|SMARCA2|ST13|AKR7A2|NPC2|TXNIP|FKBP8|PDCD4|NENF|OLFML3|NDRG2|SAT2,-9.8,0
1,0,1,1,1,1,1,0,-4.3,0,-13,-5,-7.3,-2.7,-2.1,0,M39264,M10111110,6,0,Cell Type Signatures,7,HU FETAL RETINA FIBROBLAST,,-13,6.8,11,30286,385,278,24,8.6,1.7,1909|2042|3489|4239|5118|5727|5745|6281|6495|7291|8425|10174|11098|23371|25992|27123|57124|64344|81578|83468|93986|130271|219348|338773,EDNRA|EPHA3|IGFBP6|MFAP4|PCOLCE|PTCH1|PTH1R|S100A10|SIX1|TWIST1|LTBP4|SORBS3|PRSS23|TNS2|SNED1|DKK2|CD248|HIF3A|COL21A1|GLT8D2|FOXP2|PLEKHH2|PLAC9|TMEM119,-9.8,0
0,0,0,0,1,0,1,1,0,0,0,0,-13,0,-3.8,-3,M41690,M00001011,3,0,Cell Type Signatures,7,TRAVAGLINI LUNG BASOPHIL MAST 2 CELL,,-13,5.4,10,30286,502,325,29,8.9,1.6,1263|1326|1435|1983|3187|3301|3383|3726|3732|3976|4739|4791|4792|4793|4891|5329|5597|5971|7128|7168|8509|9308|10010|10950|10981|29015|58515|140606|283635,PLK3|MAP3K8|CSF1|EIF5|HNRNPH1|DNAJA1|ICAM1|JUNB|CD82|LIF|NEDD9|NFKB2|NFKBIA|NFKBIB|SLC11A2|PLAUR|MAPK6|RELB|TNFAIP3|TPM1|NDST2|CD83|TANK|BTG3|RAB32|SLC43A3|SELENOK|SELENOM|FAM177A1,-9.7,0
1,0,1,1,0,0,1,0,-3.6,0,-12,-3.7,0,0,-10,0,M41745,M10110010,4,0,Cell Type Signatures,7,RUBENSTEIN SKELETAL MUSCLE FAP CELLS,,-12,10,12,30286,179,278,17,6.1,1.4,2052|2273|2934|3489|3671|4046|4239|5118|6281|8425|8839|10351|10417|10457|79901|127435|219348,EPHX1|FHL1|GSN|IGFBP6|ISLR|LSP1|MFAP4|PCOLCE|S100A10|LTBP4|CCN5|ABCA8|SPON2|GPNMB|CYBRD1|PODN|PLAC9,-9.2,0
1,0,0,0,0,0,1,0,-5.8,0,0,0,0,0,-12,0,M39238,M10000010,2,0,Cell Type Signatures,7,LAKE ADULT KIDNEY C19 COLLECTING DUCT INTERCALATED CELLS TYPE A MEDULLA,,-12,7.3,11,30286,326,268,21,7.8,1.6,523|771|821|1528|2023|2058|2222|2923|3309|3313|3329|3638|4179|5230|5352|6307|7184|9588|10130|10159|56889,ATP6V1A|CA12|CANX|CYB5A|ENO1|EPRS1|FDFT1|PDIA3|HSPA5|HSPA9|HSPD1|INSIG1|CD46|PGK1|PLOD2|MSMO1|HSP90B1|PRDX6|PDIA6|ATP6AP2|TM9SF3,-8.9,0
0,0,0,0,1,0,1,1,0,0,0,0,-12,0,-3.3,-7.2,M41711,M00001011,3,0,Cell Type Signatures,7,FAN OVARY CL9 PUTATIVE APOPTOTIC ENDOTHELIAL CELL,,-12,6.1,10,30286,365,325,24,7.4,1.5,87|2633|3106|3301|3383|3490|3665|4478|4792|5688|5718|5879|6890|7323|8870|9589|9636|11177|51312|51330|51371|115908|135112|152137,ACTN1|GBP1|HLA-B|DNAJA1|ICAM1|IGFBP7|IRF7|MSN|NFKBIA|PSMA7|PSMD12|RAC1|TAP1|UBE2D3|IER3|WTAP|ISG15|BAZ1A|SLC25A37|TNFRSF12A|POMP|CTHRC1|NCOA7|CCDC50,-8.9,0
0,1,0,0,1,0,1,1,0,-5.9,0,0,-2.9,0,-11,-5.9,M41655,M01001011,4,0,Cell Type Signatures,7,TRAVAGLINI LUNG GOBLET CELL,,-11,11,12,30286,148,268,15,5.6,1.4,204|1317|1476|4257|4925|4942|5034|7076|7494|9601|9685|23753|25825|51303|54187,AK2|SLC31A1|CSTB|MGST1|NUCB2|OAT|P4HB|TIMP1|XBP1|PDIA4|CLINT1|SDF2L1|BACE2|FKBP11|NANS,-8.5,0
1,0,1,0,1,1,1,1,-6.4,0,-2.6,0,-11,-2.5,-2.7,-5.4,M39051,M10101111,6,0,Cell Type Signatures,7,MANNO MIDBRAIN NEUROTYPES HMGL,,-11,4.7,9.3,30286,577,325,29,8.9,1.6,1326|1435|1890|1959|2920|3383|3576|3656|3685|3726|4792|4891|5329|5366|5452|5734|6776|7128|9308|9780|10019|10981|11010|79627|79651|80149|83937|126321|100506144,MAP3K8|CSF1|TYMP|EGR2|CXCL2|ICAM1|CXCL8|IRAK2|ITGAV|JUNB|NFKBIA|SLC11A2|PLAUR|PMAIP1|POU2F2|PTGER4|STAT5A|TNFAIP3|CD83|PIEZO1|SH2B3|RAB32|GLIPR1|OGFRL1|RHBDF2|ZC3H12A|RASSF4|MFSD12|TMEM35B,-8.4,0
0,0,1,1,0,1,0,0,0,0,-6.1,-11,0,-4.2,0,0,M39104,M00110100,3,0,Cell Type Signatures,7,ZHONG PFC C3 MICROGLIA,,-11,6.6,10,30286,488,198,21,11,2.2,784|3797|4131|4741|4784|5305|6659|6804|9479|9672|10123|10494|23386|23648|26115|26273|51101|64781|79870|89796|89927,CACNB3|KIF3C|MAP1B|NEFM|NFIX|PIP4K2A|SOX4|STX1A|MAPK8IP1|SDC3|ARL4C|STK25|NUDCD3|SSBP3|TANC2|FBXO3|ZC2HC1A|CERK|BAALC|NAV1|BMERB1,-8.2,0
0,1,0,0,0,0,0,0,0,-11,0,0,0,0,0,0,M39119,M01000000,1,0,Cell Type Signatures,7,AIZARANI LIVER C17 HEPATOCYTES 3,,-11,12,12,30286,102,349,14,4,1.1,259|283|335|336|338|341|350|433|2147|3249|5345|5950|7018|51085,AMBP|ANG|APOA1|APOA2|APOB|APOC1|APOH|ASGR2|F2|HPN|SERPINF2|RBP4|TF|MLXIPL,-8.1,0
0,1,0,0,0,0,0,0,0,-11,0,0,0,0,0,0,M40271,M01000000,1,0,Cell Type Signatures,7,DESCARTES FETAL PANCREAS DUCTAL CELLS,,-11,10,11,30286,128,349,15,4.3,1.1,476|729|2348|3026|5314|6337|6519|7348|8416|8671|51473|55195|64699|123099|155465,ATP1A1|C6|FOLR1|HABP2|PKHD1|SCNN1A|SLC3A1|UPK1B|ANXA9|SLC4A4|DCDC2|CCDC198|TMPRSS3|DEGS2|AGR3,-7.9,0
1,0,1,1,0,0,1,0,-6.4,0,-11,-2.5,0,0,-2.4,0,M41750,M10110010,4,0,Cell Type Signatures,7,RUBENSTEIN SKELETAL MUSCLE FBN1 FAP CELLS,,-11,7.2,10,30286,289,278,19,6.8,1.5,311|1879|2273|2934|3489|3671|4046|4239|5118|5654|5829|6281|7373|8425|8839|10457|57124|79901|219348,ANXA11|EBF1|FHL1|GSN|IGFBP6|ISLR|LSP1|MFAP4|PCOLCE|HTRA1|PXN|S100A10|COL14A1|LTBP4|CCN5|GPNMB|CD248|CYBRD1|PLAC9,-7.8,0
0,1,0,0,0,0,0,0,0,-10,0,0,0,0,0,0,M39155,M01000000,1,0,Cell Type Signatures,7,GAO LARGE INTESTINE 24W C5 LGR5POS STEM CELL,,-10,16,12,30286,60,349,11,3.2,0.94,1644|2125|2705|6927|7103|9075|11001|27284|57475|127845|130399,DDC|EVPL|GJB1|HNF1A|TSPAN8|CLDN2|SLC27A2|SULT1B1|PLEKHH1|GOLT1A|ACVR1C,-7.4,0
0,0,0,1,1,1,0,0,0,0,0,-3.1,-10,-2.2,0,0,M39121,M00011100,3,0,Cell Type Signatures,7,AIZARANI LIVER C20 LSECS 3,,-10,6.3,9.6,30286,295,325,20,6.2,1.3,87|1282|1284|3383|3490|3678|4792|5054|5329|7453|7980|8795|8828|11177|22904|51312|64778|79567|135112|152137,ACTN1|COL4A1|COL4A2|ICAM1|IGFBP7|ITGA5|NFKBIA|SERPINE1|PLAUR|WARS1|TFPI2|TNFRSF10B|NRP2|BAZ1A|SBNO2|SLC25A37|FNDC3B|RIPOR1|NCOA7|CCDC50,-7.4,0
1,0,0,0,1,0,0,0,-10,0,0,0,-2,0,0,0,M40001,M10001000,2,0,Cell Type Signatures,7,BUSSLINGER ESOPHAGEAL QUIESCENT BASAL CELLS,,-10,13,12,30286,77,354,12,3.4,0.96,224|678|1191|1915|1937|1938|1974|1975|2752|3488|10399|10628,ALDH3A2|ZFP36L2|CLU|EEF1A1|EEF1G|EEF2|EIF4A2|EIF4B|GLUL|IGFBP5|RACK1|TXNIP,-7.3,0
1,1,0,0,0,1,1,0,-2.8,-2.3,0,0,0,-2,-9.9,0,M39074,M11000110,4,0,Cell Type Signatures,7,ZHONG PFC MAJOR TYPES ASTROCYTES,,-9.9,6.6,9.6,30286,325,268,19,7.1,1.6,120|230|771|1312|1595|1622|1717|3157|3176|3422|3959|4907|4942|5033|6307|7076|9415|80339|84061,ADD3|ALDOC|CA12|COMT|CYP51A1|DBI|DHCR7|HMGCS1|HNMT|IDI1|LGALS3BP|NT5E|OAT|P4HA1|MSMO1|TIMP1|FADS2|PNPLA3|MAGT1,-7.3,0
0,1,0,0,0,0,0,0,0,-9.8,0,0,0,0,0,0,M40275,M01000000,1,0,Cell Type Signatures,7,DESCARTES FETAL PLACENTA PAEP MECOM POSITIVE CELLS,,-9.8,8.2,10,30286,169,349,16,4.6,1.1,1365|4072|4582|5314|5801|6337|6505|7368|10551|51473|53832|56649|57535|57619|80115|113220,CLDN3|EPCAM|MUC1|PKHD1|PTPRR|SCNN1A|SLC1A1|UGT8|AGR2|DCDC2|IL20RA|TMPRSS4|ELAPOR1|SHROOM3|BAIAP2L2|KIF12,-7.2,0
0,0,0,0,1,1,0,1,0,0,0,0,-9.7,-3,0,-2.5,M39305,M00001101,3,0,Cell Type Signatures,7,CUI DEVELOPING HEART C8 MACROPHAGE,,-9.7,6.4,9.4,30286,275,325,19,5.8,1.3,752|1326|3106|3576|3726|4792|5329|5366|5452|5734|8870|9308|9473|10019|10409|11010|11177|23406|170954,FMNL1|MAP3K8|HLA-B|CXCL8|JUNB|NFKBIA|PLAUR|PMAIP1|POU2F2|PTGER4|IER3|CD83|THEMIS2|SH2B3|BASP1|GLIPR1|BAZ1A|COTL1|PPP1R18,-7.1,0
1,0,0,0,1,0,1,1,-3.1,0,0,0,-6.2,0,-9.7,-6.7,M41679,M10001011,4,0,Cell Type Signatures,7,TRAVAGLINI LUNG MESOTHELIAL CELL,,-9.7,4.5,8.6,30286,649,268,26,9.7,1.8,382|771|1528|1718|1848|2023|2627|3329|4061|4257|5352|6748|7076|9588|9985|10327|10437|10935|27230|51056|51303|55276|64116|79763|116843|253982,ARF6|CA12|CYB5A|DHCR24|DUSP6|ENO1|GATA6|HSPD1|LY6E|MGST1|PLOD2|SSR4|TIMP1|PRDX6|REC8|AKR1A1|IFI30|PRDX3|SERP1|LAP3|FKBP11|PGM2|SLC39A8|ISOC2|SLC18B1|ASPHD1,-7.1,0
0,0,0,0,1,1,0,0,0,0,0,0,-9.7,-3,0,0,M41666,M00001100,2,0,Cell Type Signatures,7,TRAVAGLINI LUNG CAPILLARY INTERMEDIATE 1 CELL,,-9.7,8.8,10,30286,158,325,15,4.6,1.2,1030|1435|1890|3106|3383|3669|3678|3732|4739|5054|6274|9235|9308|10318|81788,CDKN2B|CSF1|TYMP|HLA-B|ICAM1|ISG20|ITGA5|CD82|NEDD9|SERPINE1|S100A3|IL32|CD83|TNIP1|NUAK2,-7.1,0
0,1,0,0,0,0,0,0,0,-9.6,0,0,0,0,0,0,M40031,M01000000,1,0,Cell Type Signatures,7,BUSSLINGER DUODENAL GOBLET CELLS,,-9.6,38,16,30286,16,349,7,2,0.75,4069|6035|7033|8537|10551|55808|83998,LYZ|RNASE1|TFF3|BCAS1|AGR2|ST6GALNAC1|REG4,-7,0
1,0,1,0,1,0,1,0,-2.1,0,-9.5,0,-5.3,0,-4.8,0,M41675,M10101010,4,0,Cell Type Signatures,7,TRAVAGLINI LUNG ADVENTITIAL FIBROBLAST CELL,,-9.5,6.6,9.4,30286,296,278,18,6.5,1.5,2934|3489|3671|4046|5118|6001|6281|8425|8839|9819|10351|10457|25891|57124|79901|127435|130497|221091,GSN|IGFBP6|ISLR|LSP1|PCOLCE|RGS10|S100A10|LTBP4|CCN5|TSC22D2|ABCA8|GPNMB|PAMR1|CD248|CYBRD1|PODN|OSR1|LRRN4CL,-6.9,0
0,0,1,1,1,1,0,1,0,0,-9.4,-7.4,-3.9,-2.4,0,-5.5,M39167,M00111101,5,0,Cell Type Signatures,7,GAO LARGE INTESTINE ADULT CJ IMMUNE CELLS,,-9.4,5,8.6,30286,505,278,23,8.3,1.7,1909|2273|3489|3671|4212|4239|4883|5118|5654|5727|5745|6444|7373|10351|10417|23371|25992|79901|80310|80332|114757|219348|338773,EDNRA|FHL1|IGFBP6|ISLR|MEIS2|MFAP4|NPR3|PCOLCE|HTRA1|PTCH1|PTH1R|SGCD|COL14A1|ABCA8|SPON2|TNS2|SNED1|CYBRD1|PDGFD|ADAM33|CYGB|PLAC9|TMEM119,-6.8,0
1,0,0,0,1,0,1,1,-6,0,0,0,-2.3,0,-9.3,-3,M39229,M10001011,4,0,Cell Type Signatures,7,LAKE ADULT KIDNEY C10 THIN ASCENDING LIMB,,-9.3,6.1,9.1,30286,353,268,19,7.1,1.6,821|1362|1622|2023|2058|2923|3313|3329|4179|5230|5352|7076|7184|9588|9685|10130|10957|25825|56889,CANX|CPD|DBI|ENO1|EPRS1|PDIA3|HSPA9|HSPD1|CD46|PGK1|PLOD2|TIMP1|HSP90B1|PRDX6|CLINT1|PDIA6|PNRC1|BACE2|TM9SF3,-6.8,0
0,0,1,0,0,0,0,0,0,0,-9.2,0,0,0,0,0,M40180,M00100000,1,0,Cell Type Signatures,7,DESCARTES FETAL EYE STROMAL CELLS,,-9.2,13,11,30286,90,278,11,4,1.2,1909|3489|3671|5118|7291|7373|8425|9358|27123|80332|127435,EDNRA|IGFBP6|ISLR|PCOLCE|TWIST1|COL14A1|LTBP4|ITGBL1|DKK2|ADAM33|PODN,-6.6,0
0,1,0,0,1,0,0,0,0,-9.1,0,0,-5.3,0,0,0,M39111,M01001000,2,0,Cell Type Signatures,7,AIZARANI LIVER C7 EPCAM POS BILE DUCT CELLS 2,,-9.1,6.7,9.2,30286,219,349,17,4.9,1.2,183|476|1365|2065|3170|4072|5314|7104|7273|8470|8671|23242|51280|51473|55195|57619|113220,AGT|ATP1A1|CLDN3|ERBB3|FOXA2|EPCAM|PKHD1|TM4SF4|TTN|SORBS2|SLC4A4|COBL|GOLM1|DCDC2|CCDC198|SHROOM3|KIF12,-6.5,0
1,1,0,0,0,0,1,0,-9,-6.9,0,0,0,0,-4.4,0,M39231,M11000010,3,0,Cell Type Signatures,7,LAKE ADULT KIDNEY C12 THICK ASCENDING LIMB,,-9,4.9,8.4,30286,381,354,22,6.2,1.3,38|1915|1938|2261|3030|3693|4666|5037|5204|5295|6342|7178|7381|7388|10399|10577|23051|23321|23363|25840|55074|81618,ACAT1|EEF1A1|EEF2|FGFR3|HADHA|ITGB5|NACA|PEBP1|PFDN5|PIK3R1|SCP2|TPT1|UQCRB|UQCRH|RACK1|NPC2|ZHX3|TRIM2|OBSL1|TMT1A|OXR1|ITM2C,-6.4,0
0,0,0,0,1,0,1,1,0,0,0,0,-9,0,-3.8,-5.4,M41669,M00001011,3,0,Cell Type Signatures,7,TRAVAGLINI LUNG BRONCHIAL VESSEL 2 CELL,,-9,6.2,8.9,30286,272,325,18,5.5,1.3,390|1282|2120|3187|3301|3665|3726|4739|5202|5329|6890|7323|7453|7980|25932|51330|51371|56882,RND3|COL4A1|ETV6|HNRNPH1|DNAJA1|IRF7|JUNB|NEDD9|PFDN2|PLAUR|TAP1|UBE2D3|WARS1|TFPI2|CLIC4|TNFRSF12A|POMP|CDC42SE1,-6.4,0
1,0,1,1,1,1,0,1,-2.9,0,-8.8,-2.6,-6.8,-2.2,0,-6,M39050,M10111101,6,0,Cell Type Signatures,7,MANNO MIDBRAIN NEUROTYPES HPERIC,,-8.8,3.8,7.8,30286,795,278,28,10,1.8,775|1374|1606|1879|1909|2052|2289|2812|2934|5118|5745|5793|6546|7291|10160|10417|10457|23371|25891|26119|57124|80162|81578|83468|130271|147906|196740|219348,CACNA1C|CPT1A|DGKA|EBF1|EDNRA|EPHX1|FKBP5|GP1BB|GSN|PCOLCE|PTH1R|PTPRG|SLC8A1|TWIST1|FARP1|SPON2|GPNMB|TNS2|PAMR1|LDLRAP1|CD248|PGGHG|COL21A1|GLT8D2|PLEKHH2|DACT3|VSTM4|PLAC9,-6.3,0
0,0,0,0,1,0,0,1,0,0,0,0,-8.8,0,0,-5.8,M41706,M00001001,2,0,Cell Type Signatures,7,FAN OVARY CL4 T LYMPHOCYTE NK CELL 1,,-8.8,6.4,8.9,30286,246,325,17,5.2,1.2,829|3106|3669|4478|5216|5688|5698|6890|7323|9235|9636|11047|23406|23585|56882|80774|283635,CAPZA1|HLA-B|ISG20|MSN|PFN1|PSMA7|PSMB9|TAP1|UBE2D3|IL32|ISG15|ADRM1|COTL1|TMEM50A|CDC42SE1|LIMD2|FAM177A1,-6.3,0
0,0,1,0,0,0,0,1,0,0,-8.7,0,0,0,0,-3.1,M40151,M00100001,2,0,Cell Type Signatures,7,DESCARTES FETAL ADRENAL STROMAL CELLS,,-8.7,9.3,9.9,30286,153,278,13,4.7,1.3,1909|3489|3671|5118|5745|9358|25891|27123|57124|127435|130497|140766|338773,EDNRA|IGFBP6|ISLR|PCOLCE|PTH1R|ITGBL1|PAMR1|DKK2|CD248|PODN|OSR1|ADAMTS14|TMEM119,-6.2,0
0,0,1,1,0,1,0,0,0,0,-8.7,-6,0,-4.8,0,0,M39070,M00110100,3,0,Cell Type Signatures,7,MANNO MIDBRAIN NEUROTYPES HNBGABA,,-8.7,4,7.8,30286,703,278,26,9.4,1.7,273|775|862|1780|2044|2812|3714|4212|5926|6326|6546|6785|9737|10188|22871|23671|55351|57465|57709|80034|90956|114798|151556|196500|338707|399947,AMPH|CACNA1C|RUNX1T1|DYNC1I1|EPHA5|GP1BB|JAG2|MEIS2|ARID4A|SCN2A|SLC8A1|ELOVL4|GPRASP1|TNK2|NLGN1|TMEFF2|STK32B|TBC1D24|SLC7A14|CSRNP3|ADCK2|SLITRK1|GPR155|PIANP|B4GALNT4|C11orf87,-6.2,0
0,0,0,1,1,1,0,0,0,0,0,-3.2,-8.5,-4.8,0,0,M39176,M00011100,3,0,Cell Type Signatures,7,MURARO PANCREAS ENDOTHELIAL CELL,,-8.5,5.1,8.3,30286,362,325,20,6.2,1.3,1282|1284|1889|2113|3106|3383|3490|3678|3685|4478|4739|5054|5420|8828|10019|25932|25948|79567|91010|170954,COL4A1|COL4A2|ECE1|ETS1|HLA-B|ICAM1|IGFBP7|ITGA5|ITGAV|MSN|NEDD9|SERPINE1|PODXL|NRP2|SH2B3|CLIC4|KBTBD2|RIPOR1|FMNL3|PPP1R18,-6.1,0
1,0,0,0,1,1,0,0,-3.3,0,0,0,-8.5,-2.5,0,0,M39200,M10001100,3,0,Cell Type Signatures,7,HAY BONE MARROW IMMATURE NEUTROPHIL,,-8.5,7.2,9,30286,194,325,15,4.6,1.2,329|1326|2907|3383|4792|5597|5879|7127|7262|7323|8073|8870|10019|84957|127544,BIRC2|MAP3K8|GRINA|ICAM1|NFKBIA|MAPK6|RAC1|TNFAIP2|PHLDA2|UBE2D3|PTP4A2|IER3|SH2B3|RELT|RNF19B,-6,0
0,1,0,0,0,0,0,0,0,-8.4,0,0,0,0,0,0,M39147,M01000000,1,0,Cell Type Signatures,7,GAO SMALL INTESTINE 24W C3 ENTEROCYTE PROGENITOR SUBTYPE 1,,-8.4,16,11,30286,48,349,9,2.6,0.85,13|2650|2938|2939|7103|7276|79170|197258|222171,AADAC|GCNT1|GSTA1|GSTA2|TSPAN8|TTR|PRR15L|FCSK|PRR15,-6,0
1,0,0,0,1,0,0,0,-8.4,0,0,0,-4.5,0,0,0,M41752,M10001000,2,0,Cell Type Signatures,7,RUBENSTEIN SKELETAL MUSCLE T CELLS,,-8.4,7.1,8.9,30286,181,354,15,4.2,1.1,678|689|1915|3646|4869|5204|7178|7381|8664|8665|8667|10399|10961|51386|54964,ZFP36L2|BTF3|EEF1A1|EIF3E|NPM1|PFDN5|TPT1|UQCRB|EIF3D|EIF3F|EIF3H|RACK1|ERP29|EIF3L|C1orf56,-5.9,0
0,0,0,0,0,1,1,0,0,0,0,0,0,-2.1,-8.4,0,M39310,M00000110,2,0,Cell Type Signatures,7,CUI DEVELOPING HEART TRABECULAR VENTRICULAR CARDIOMYOCYTE,,-8.4,11,10,30286,110,268,11,4.1,1.2,1595|1717|3156|3309|3638|4257|6307|6713|7920|10682|23753,CYP51A1|DHCR7|HMGCR|HSPA5|INSIG1|MGST1|MSMO1|SQLE|ABHD16A|EBP|SDF2L1,-5.9,0
0,0,0,0,0,0,1,0,0,0,0,0,0,0,-8.4,0,M41710,M00000010,1,0,Cell Type Signatures,7,FAN OVARY CL8 MATURE CUMULUS GRANULOSA CELL 2,,-8.4,4.2,7.8,30286,646,268,24,9,1.7,516|708|1312|1622|1650|2222|2224|3959|4061|5479|6713|8615|9521|9601|10130|10935|10960|10972|11161|25953|30968|55214|64116|78988,ATP5MC1|C1QBP|COMT|DBI|DDOST|FDFT1|FDPS|LGALS3BP|LY6E|PPIB|SQLE|USO1|EEF1E1|PDIA4|PDIA6|PRDX3|LMAN2|TMED10|ERG28|PNKD|STOML2|P3H2|SLC39A8|MRPL57,-5.9,0
1,0,0,0,0,0,1,1,-4.6,0,0,0,0,0,-8.3,-3.1,M39227,M10000011,3,0,Cell Type Signatures,7,LAKE ADULT KIDNEY C8 DECENDING THIN LIMB,,-8.3,6.5,8.7,30286,278,268,16,6,1.4,821|1528|1848|2023|2058|2923|3309|3313|3329|3998|5230|5352|5479|7076|7184|10130,CANX|CYB5A|DUSP6|ENO1|EPRS1|PDIA3|HSPA5|HSPA9|HSPD1|LMAN1|PGK1|PLOD2|PPIB|TIMP1|HSP90B1|PDIA6,-5.9,0
0,0,0,0,1,1,0,1,0,0,0,0,-8.3,-2.2,0,-4.4,M41719,M00001101,3,0,Cell Type Signatures,7,FAN OVARY CL17 PUTATIVE APOPTOTIC SMOOTH MUSCLE CELL,,-8.3,6.5,8.7,30286,231,325,16,4.9,1.2,87|1282|1465|1983|3187|3490|4478|7168|7262|7323|8870|9636|25932|51330|58515|140606,ACTN1|COL4A1|CSRP1|EIF5|HNRNPH1|IGFBP7|MSN|TPM1|PHLDA2|UBE2D3|IER3|ISG15|CLIC4|TNFRSF12A|SELENOK|SELENOM,-5.9,0
1,0,0,0,0,0,1,0,-8,0,0,0,0,0,-8.3,0,M39237,M10000010,2,0,Cell Type Signatures,7,LAKE ADULT KIDNEY C18 COLLECTING DUCT PRINCIPAL CELLS MEDULLA,,-8.3,6,8.5,30286,322,268,17,6.3,1.5,523|771|821|1528|1848|2023|2058|2923|3313|3329|4179|5230|5479|7184|9588|9685|10130,ATP6V1A|CA12|CANX|CYB5A|DUSP6|ENO1|EPRS1|PDIA3|HSPA9|HSPD1|CD46|PGK1|PPIB|HSP90B1|PRDX6|CLINT1|PDIA6,-5.8,0
0,1,0,0,0,0,0,0,0,-8.2,0,0,0,0,0,0,M40267,M01000000,1,0,Cell Type Signatures,7,DESCARTES FETAL PANCREAS ACINAR CELLS,,-8.2,11,10,30286,88,349,11,3.2,0.94,259|338|1800|2168|2628|2813|2938|22977|83998|222171|283375,AMBP|APOB|DPEP1|FABP1|GATM|GP2|GSTA1|AKR7A3|REG4|PRR15|SLC39A5,-5.8,0
0,0,1,1,0,0,0,0,0,0,-2.5,-8.2,0,0,0,0,M39102,M00110000,2,0,Cell Type Signatures,7,ZHONG PFC C3 ASTROCYTE,,-8.2,6.3,8.5,30286,389,198,16,8.1,1.9,659|784|4741|4784|6804|7799|9706|9715|10927|23309|23542|23625|55558|64121|154881|352954,BMPR2|CACNB3|NEFM|NFIX|STX1A|PRDM2|ULK2|FAM131B|SPIN1|SIN3B|MAPK8IP2|FAM89B|PLXNA3|RRAGC|KCTD7|CASTOR3P,-5.7,0
1,0,0,0,1,1,0,1,-4.3,0,0,0,-8.1,-5.3,0,-4,M39266,M10001101,4,0,Cell Type Signatures,7,HU FETAL RETINA MICROGLIA,,-8.1,4.9,7.9,30286,382,325,20,6.2,1.3,1890|3106|3576|3726|4478|4792|5216|5329|5879|6494|6892|9308|10019|10096|11010|23406|79627|79651|91010|170954,TYMP|HLA-B|CXCL8|JUNB|MSN|NFKBIA|PFN1|PLAUR|RAC1|SIPA1|TAPBP|CD83|SH2B3|ACTR3|GLIPR1|COTL1|OGFRL1|RHBDF2|FMNL3|PPP1R18,-5.7,0
1,0,1,1,1,0,0,0,-2.6,0,-7.9,-3.9,-2.1,0,0,0,M39300,M10111000,4,0,Cell Type Signatures,7,CUI DEVELOPING HEART C3 FIBROBLAST LIKE CELL,,-7.9,10,9.6,30286,117,278,11,4,1.2,3671|4239|5118|7373|8425|10351|10417|79901|81578|83468|219348,ISLR|MFAP4|PCOLCE|COL14A1|LTBP4|ABCA8|SPON2|CYBRD1|COL21A1|GLT8D2|PLAC9,-5.6,0
1,1,0,0,0,0,1,0,-7.7,-7.9,0,0,0,0,-4.3,0,M39168,M11000010,3,0,Cell Type Signatures,7,MURARO PANCREAS ALPHA CELL,,-7.9,3.8,7.3,30286,568,349,25,7.2,1.4,183|216|350|1159|2650|5174|5618|5865|7104|7163|7276|8733|10083|25874|29974|51337|54855|57535|84418|113220|129049|130399|165679|284422|548596,AGT|ALDH1A1|APOH|CKMT1B|GCNT1|PDZK1|PRLR|RAB3B|TM4SF4|TPD52|TTR|GPAA1|USH1C|MPC2|A1CF|THEM6|TENT5C|ELAPOR1|CYSTM1|KIF12|SGSM1|ACVR1C|SPTSSB|SMIM24|CKMT1A,-5.5,0
0,0,0,0,1,0,0,0,0,0,0,0,-7.8,0,0,0,M39306,M00001000,1,0,Cell Type Signatures,7,CUI DEVELOPING HEART C9 B T CELL,,-7.8,7.8,8.9,30286,155,325,13,4,1.1,2113|3106|3669|3726|4792|5698|5734|6892|7128|9235|9636|23406|80774,ETS1|HLA-B|ISG20|JUNB|NFKBIA|PSMB9|PTGER4|TAPBP|TNFAIP3|IL32|ISG15|COTL1|LIMD2,-5.5,0
1,1,0,1,1,1,1,0,-4,-5.1,0,-6.9,-7.8,-5.5,-2.9,0,M39037,M11011110,6,0,Cell Type Signatures,7,FAN EMBRYONIC CTX OLIG,,-7.8,3.5,7.1,30286,754,325,28,8.6,1.6,272|1307|1318|1435|1465|1540|2120|3981|5202|5597|8073|8605|9473|23258|23585|25932|55624|56650|56882|57103|57154|84957|90861|92799|126321|135112|221710|283635,AMPD3|COL16A1|SLC31A2|CSF1|CSRP1|CYLD|ETV6|LIG4|PFDN2|MAPK6|PTP4A2|PLA2G4C|THEMIS2|DENND5A|TMEM50A|CLIC4|POMGNT1|CLDND1|CDC42SE1|TIGAR|SMURF1|RELT|JPT2|SHKBP1|MFSD12|NCOA7|SMIM13|FAM177A1,-5.5,0
0,0,1,0,0,0,0,0,0,0,-7.8,0,0,0,0,0,M40304,M00100000,1,0,Cell Type Signatures,7,DESCARTES FETAL STOMACH STROMAL CELLS,,-7.8,17,11,30286,50,278,8,2.9,1,4239|5727|7291|57124|126393|148979|219348|338773,MFAP4|PTCH1|TWIST1|CD248|HSPB6|GLIS1|PLAC9|TMEM119,-5.4,0
0,0,0,0,1,1,0,1,0,0,0,0,-7.7,-2,0,-3.3,M39160,M00001101,3,0,Cell Type Signatures,7,GAO LARGE INTESTINE 24W C11 PANETH LIKE CELL,,-7.7,5.2,7.9,30286,325,325,18,5.5,1.3,752|2920|3383|3576|3624|5329|7127|7128|7185|8509|9308|10019|10148|23406|51312|79567|79627|79651,FMNL1|CXCL2|ICAM1|CXCL8|INHBA|PLAUR|TNFAIP2|TNFAIP3|TRAF1|NDST2|CD83|SH2B3|EBI3|COTL1|SLC25A37|RIPOR1|OGFRL1|RHBDF2,-5.4,0
1,0,0,0,1,0,1,0,-4.1,0,0,0,-2.6,0,-7.7,0,M39228,M10001010,3,0,Cell Type Signatures,7,LAKE ADULT KIDNEY C9 THIN ASCENDING LIMB,,-7.7,6.3,8.3,30286,268,268,15,5.6,1.4,444|821|1528|2023|2923|3309|3329|5230|5479|7076|7184|9588|9685|10130|51097,ASPH|CANX|CYB5A|ENO1|PDIA3|HSPA5|HSPD1|PGK1|PPIB|TIMP1|HSP90B1|PRDX6|CLINT1|PDIA6|SCCPDH,-5.4,0
0,0,1,0,1,0,0,0,0,0,-2.1,0,-7.7,0,0,0,M41688,M00101000,2,0,Cell Type Signatures,7,TRAVAGLINI LUNG NEUTROPHIL CELL,,-7.7,4.8,7.7,30286,368,325,19,5.8,1.3,87|1263|3106|3576|3726|5329|5452|5687|6892|7128|9261|10263|10333|10409|51099|51312|51363|56882|58515,ACTN1|PLK3|HLA-B|CXCL8|JUNB|PLAUR|POU2F2|PSMA6|TAPBP|TNFAIP3|MAPKAPK2|CDK2AP2|TLR6|BASP1|ABHD5|SLC25A37|CHST15|CDC42SE1|SELENOK,-5.3,0
1,1,1,1,0,0,0,0,-7.6,-6.5,-2.1,-2.3,0,0,0,0,M39056,M11110000,4,0,Cell Type Signatures,7,MANNO MIDBRAIN NEUROTYPES HRGL3,,-7.6,3.7,7.2,30286,574,354,25,7.1,1.4,214|678|1191|1200|1612|2261|3488|3693|4035|5139|5372|5507|5836|7802|10577|23363|27345|55103|55893|56204|57562|79582|81618|152189|221477,ALCAM|ZFP36L2|CLU|TPP1|DAPK1|FGFR3|IGFBP5|ITGB5|LRP1|PDE3A|PMM1|PPP1R3C|PYGL|DNALI1|NPC2|OBSL1|KCNMB4|RALGPS2|ZNF395|ATOSA|CEP126|SPAG16|ITM2C|CMTM8|C6orf89,-5.3,0
0,0,0,0,0,0,1,0,0,0,0,0,0,0,-7.5,0,M39020,M00000010,1,0,Cell Type Signatures,7,FAN EMBRYONIC CTX BIG GROUPS GLIAL,,-7.5,9.3,9.1,30286,133,268,11,4.1,1.2,120|230|1595|1622|1717|2023|3422|4942|6307|7076|51109,ADD3|ALDOC|CYP51A1|DBI|DHCR7|ENO1|IDI1|OAT|MSMO1|TIMP1|RDH11,-5.2,0
1,1,0,0,1,0,1,0,-2,-2,0,0,-7.4,0,-4.9,0,M41692,M11001010,4,0,Cell Type Signatures,7,TRAVAGLINI LUNG MACROPHAGE CELL,,-7.4,6.5,8.1,30286,201,325,14,4.3,1.1,87|1890|2710|2907|2919|2920|3576|3624|5329|5879|7127|9636|23258|25932,ACTN1|TYMP|GK|GRINA|CXCL1|CXCL2|CXCL8|INHBA|PLAUR|RAC1|TNFAIP2|ISG15|DENND5A|CLIC4,-5.1,0
1,0,0,0,1,0,1,0,-4.8,0,0,0,-7.3,0,-2.9,0,M41751,M10001010,3,0,Cell Type Signatures,7,RUBENSTEIN SKELETAL MUSCLE MYELOID CELLS,,-7.3,4.8,7.5,30286,347,325,18,5.5,1.3,829|1318|1890|3576|3726|4792|5216|5329|7323|8073|8870|9308|10096|11010|23406|56882|80774|170954,CAPZA1|SLC31A2|TYMP|CXCL8|JUNB|NFKBIA|PFN1|PLAUR|UBE2D3|PTP4A2|IER3|CD83|ACTR3|GLIPR1|COTL1|CDC42SE1|LIMD2|PPP1R18,-5,0
0,0,0,0,1,0,0,1,0,0,0,0,-7.2,0,0,-2.8,M39126,M00001001,2,0,Cell Type Signatures,7,AIZARANI LIVER C25 KUPFFER CELLS 4,,-7.2,7,8.2,30286,174,325,13,4,1.1,1326|3576|5329|5366|5452|8870|9050|9308|9473|10019|10409|23406|79627,MAP3K8|CXCL8|PLAUR|PMAIP1|POU2F2|IER3|PSTPIP2|CD83|THEMIS2|SH2B3|BASP1|COTL1|OGFRL1,-5,0
0,0,0,0,1,0,0,1,0,0,0,0,-7.2,0,0,-3.2,M41677,M00001001,2,0,Cell Type Signatures,7,TRAVAGLINI LUNG LIPOFIBROBLAST CELL,,-7.2,7.7,8.4,30286,146,325,12,3.7,1,390|1890|2107|2920|5329|7980|8572|9261|10962|56882|135112|168455,RND3|TYMP|ETF1|CXCL2|PLAUR|TFPI2|PDLIM4|MAPKAPK2|MLLT11|CDC42SE1|NCOA7|CCDC71L,-4.9,0
1,0,0,0,1,1,0,0,-7.1,0,0,0,-3.3,-2,0,0,M39202,M10001100,3,0,Cell Type Signatures,7,HAY BONE MARROW NAIVE T CELL,,-7.1,4.2,7.1,30286,403,354,20,5.6,1.2,274|288|678|1027|1915|1974|1975|3646|5295|5578|5934|6920|7178|8667|10801|26751|27436|57185|130589|256987,BIN1|ANK3|ZFP36L2|CDKN1B|EEF1A1|EIF4A2|EIF4B|EIF3E|PIK3R1|PRKCA|RBL2|TCEA3|TPT1|EIF3H|SEPTIN9|SH3YL1|EML4|NIPAL3|GALM|SERINC5,-4.9,0
1,1,0,0,0,0,1,1,-5.2,-7.1,0,0,0,0,-2.5,-2.1,M39255,M11000011,4,0,Cell Type Signatures,7,MENON FETAL KIDNEY 5 PROXIMAL TUBULE CELLS,,-7.1,8.5,8.6,30286,112,349,11,3.2,0.94,174|5174|6519|11001|25874|51361|51473|55195|92292|93974|284422,AFP|PDZK1|SLC3A1|SLC27A2|MPC2|HOOK1|DCDC2|CCDC198|GLYATL1|ATP5IF1|SMIM24,-4.9,0
1,0,1,1,1,0,0,0,-7.1,0,-4.9,-2,-3.6,0,0,0,M39122,M10111000,4,0,Cell Type Signatures,7,AIZARANI LIVER C21 STELLATE CELLS 1,,-7.1,6.2,7.9,30286,194,354,14,4,1,288|2752|2878|3488|3693|3912|4035|4774|5156|5627|10217|10370|56944|81618,ANK3|GLUL|GPX3|IGFBP5|ITGB5|LAMB1|LRP1|NFIA|PDGFRA|PROS1|CTDSPL|CITED2|OLFML3|ITM2C,-4.9,0
1,0,0,1,1,1,1,0,-2.6,0,0,-3.8,-7.1,-3.4,-4.3,0,M41713,M10011110,5,0,Cell Type Signatures,7,FAN OVARY CL11 MURAL GRANULOSA CELL,,-7.1,4.2,7.1,30286,443,325,20,6.2,1.3,1000|1282|1983|2107|3301|3685|5366|5905|6484|7532|10318|11177|25805|51312|51330|51371|51582|64778|81688|283635,CDH2|COL4A1|EIF5|ETF1|DNAJA1|ITGAV|PMAIP1|RANGAP1|ST3GAL4|YWHAG|TNIP1|BAZ1A|BAMBI|SLC25A37|TNFRSF12A|POMP|AZIN1|FNDC3B|C6orf62|FAM177A1,-4.8,0
0,0,0,0,0,0,0,1,0,0,0,0,0,0,0,-7,M40003,M00000001,1,0,Cell Type Signatures,7,BUSSLINGER ESOPHAGEAL EARLY SUPRABASAL CELLS,,-7,14,10,30286,79,214,8,3.7,1.3,567|1854|3181|4502|4782|5757|9188|10492,B2M|DUT|HNRNPA2B1|MT2A|NFIC|PTMA|DDX21|SYNCRIP,-4.8,0
1,1,0,0,0,0,1,0,-4.7,-7,0,0,0,0,-5.3,0,M39258,M11000010,3,0,Cell Type Signatures,7,MENON FETAL KIDNEY 8 CONNECTING TUBULE CELLS,,-7,5.2,7.4,30286,267,349,16,4.6,1.1,476|760|4072|4582|5345|6819|10397|22837|23731|25874|51473|55195|93974|113220|222068|284422,ATP1A1|CA2|EPCAM|MUC1|SERPINF2|SULT1C2|NDRG1|COBLL1|TMEM245|MPC2|DCDC2|CCDC198|ATP5IF1|KIF12|TMED4|SMIM24,-4.8,0
0,0,0,0,1,0,1,1,0,0,0,0,-7,0,-3.3,-4.9,M39018,M00001011,3,0,Cell Type Signatures,7,FAN EMBRYONIC CTX BIG GROUPS BRAIN ENDOTHELIAL,,-7,4.6,7.2,30286,365,325,18,5.5,1.3,87|1282|1284|1889|2113|3490|3611|3678|3732|5420|6494|9235|9636|25932|29015|51371|94240|140606,ACTN1|COL4A1|COL4A2|ECE1|ETS1|IGFBP7|ILK|ITGA5|CD82|PODXL|SIPA1|IL32|ISG15|CLIC4|SLC43A3|POMP|EPSTI1|SELENOM,-4.8,0
1,1,0,0,0,0,1,1,-4.8,-4.2,0,0,0,0,-7,-2.8,M40025,M11000011,4,0,Cell Type Signatures,7,BUSSLINGER DUODENAL DIFFERENTIATING STEM CELLS,,-7,5.6,7.6,30286,305,268,15,5.6,1.4,120|516|708|821|1537|1622|2023|3329|4257|4522|7184|9761|10606|10935|56889,ADD3|ATP5MC1|C1QBP|CANX|CYC1|DBI|ENO1|HSPD1|MGST1|MTHFD1|HSP90B1|MLEC|PAICS|PRDX3|TM9SF3,-4.7,0
0,1,0,0,0,0,0,0,0,-6.9,0,0,0,0,0,0,M40171,M01000000,1,0,Cell Type Signatures,7,DESCARTES FETAL CEREBRUM ASTROCYTES,,-6.9,6,7.7,30286,203,349,14,4,1.1,183|7274|8671|10083|54894|55195|83715|84229|127733|128344|201625|284111|319089|341676,AGT|TTPA|SLC4A4|USH1C|RNF43|CCDC198|ESPN|DRC7|UBXN10|CIMAP3|DNAH12|SLC13A5|TTC6|NEK5,-4.7,0
0,0,1,0,0,0,0,0,0,0,-6.9,0,0,0,0,0,M40222,M00100000,1,0,Cell Type Signatures,7,DESCARTES FETAL KIDNEY STROMAL CELLS,,-6.9,8.2,8.4,30286,146,278,11,4,1.2,3489|3671|7373|10351|27123|57569|93986|114798|127435|130497|219348,IGFBP6|ISLR|COL14A1|ABCA8|DKK2|ARHGAP20|FOXP2|SLITRK1|PODN|OSR1|PLAC9,-4.7,0
0,1,0,0,0,0,0,0,0,-6.9,0,0,0,0,0,0,M40140,M01000000,1,0,Cell Type Signatures,7,DESCARTES MAIN FETAL GOBLET CELLS,,-6.9,13,9.6,30286,52,349,8,2.3,0.8,4069|4586|7032|10551|10690|11199|192134|340547,LYZ|MUC5AC|TFF2|AGR2|FUT9|ANXA10|B3GNT6|VSIG1,-4.7,0
0,1,0,0,0,0,0,0,0,-6.8,0,0,0,0,0,0,M40008,M01000000,1,0,Cell Type Signatures,7,BUSSLINGER GASTRIC NECK CELLS,,-6.8,17,10,30286,36,349,7,2,0.75,2331|2813|4069|7032|8671|10690|51280,FMOD|GP2|LYZ|TFF2|SLC4A4|FUT9|GOLM1,-4.6,0
0,0,0,0,1,0,0,1,0,0,0,0,-6.7,0,0,-3.8,M41714,M00001001,2,0,Cell Type Signatures,7,FAN OVARY CL12 T LYMPHOCYTE NK CELL 2,,-6.7,6.9,7.9,30286,161,325,12,3.7,1,3106|3669|4478|5216|5688|7128|9235|10010|11010|11177|23585|56650,HLA-B|ISG20|MSN|PFN1|PSMA7|TNFAIP3|IL32|TANK|GLIPR1|BAZ1A|TMEM50A|CLDND1,-4.5,0
1,1,0,0,0,0,1,0,-6,-5.3,0,0,0,0,-6.7,0,M39257,M11000010,3,0,Cell Type Signatures,7,MENON FETAL KIDNEY 7 LOOPOF HENLE CELLS DISTAL,,-6.7,5.7,7.5,30286,276,268,14,5.2,1.4,516|537|771|1537|1545|2023|3313|5230|10159|10935|23327|25953|50808|54502,ATP5MC1|ATP6AP1|CA12|CYC1|CYP1B1|ENO1|HSPA9|PGK1|ATP6AP2|PRDX3|NEDD4L|PNKD|AK3|RBM47,-4.5,0
1,0,0,0,1,1,0,1,-6.5,0,0,0,-5.2,-2.8,0,-2.9,M39077,M10001101,4,0,Cell Type Signatures,7,ZHONG PFC MAJOR TYPES MICROGLIA,,-6.5,3.9,6.7,30286,438,354,20,5.6,1.2,2|274|645|678|1200|2217|2512|2548|2752|5166|7178|8635|10577|23062|25840|29116|56944|81618|94134|143686,A2M|BIN1|BLVRB|ZFP36L2|TPP1|FCGRT|FTL|GAA|GLUL|PDK4|TPT1|RNASET2|NPC2|GGA2|TMT1A|MYLIP|OLFML3|ITM2C|ARHGAP12|SESN3,-4.4,0
0,1,0,0,0,0,0,0,0,-6.5,0,0,0,0,0,0,M39285,M01000000,1,0,Cell Type Signatures,7,DURANTE ADULT OLFACTORY NEUROEPITHELIUM RESPIRATORY CILIATED CELLS,,-6.5,6.7,7.7,30286,156,349,12,3.4,0.98,216|2938|2939|4586|7033|51316|64147|79838|84418|93974|128344|155465,ALDH1A1|GSTA1|GSTA2|MUC5AC|TFF3|PLAC8|KIF9|TMC5|CYSTM1|ATP5IF1|CIMAP3|AGR3,-4.4,0
0,0,0,0,1,0,1,0,0,0,0,0,-6.5,0,-2.1,0,M39044,M00001010,2,0,Cell Type Signatures,7,FAN EMBRYONIC CTX BRAIN MYELOID,,-6.5,7.4,7.8,30286,139,325,11,3.4,1,1890|3106|4792|5329|5452|5698|7127|7453|8073|9636|23406,TYMP|HLA-B|NFKBIA|PLAUR|POU2F2|PSMB9|TNFAIP2|WARS1|PTP4A2|ISG15|COTL1,-4.3,0
0,1,0,0,0,0,0,0,0,-6.4,0,0,0,0,0,0,M39158,M01000000,1,0,Cell Type Signatures,7,GAO LARGE INTESTINE 24W C8 GOBLET CELL,,-6.4,15,9.6,30286,41,349,7,2,0.75,2591|4680|6337|8537|192134|388743|654463,GALNT3|CEACAM6|SCNN1A|BCAS1|B3GNT6|CAPN8|FER1L6,-4.3,0
0,0,1,0,0,0,0,0,0,0,-6.2,0,0,0,0,0,M40313,M00100000,1,0,Cell Type Signatures,7,DESCARTES FETAL THYMUS STROMAL CELLS,,-6.2,8,7.8,30286,137,278,10,3.6,1.1,3671|4239|5118|7373|8425|23371|57124|80332|126393|219348,ISLR|MFAP4|PCOLCE|COL14A1|LTBP4|TNS2|CD248|ADAM33|HSPB6|PLAC9,-4.1,0
0,0,0,0,1,0,0,0,0,0,0,0,-6.2,0,0,0,M39021,M00001000,1,0,Cell Type Signatures,7,FAN EMBRYONIC CTX BIG GROUPS BRAIN IMMUNE,,-6.2,6.9,7.5,30286,148,325,11,3.4,1,2113|3106|3669|3726|4478|5216|5698|6892|9235|9636|80774,ETS1|HLA-B|ISG20|JUNB|MSN|PFN1|PSMB9|TAPBP|IL32|ISG15|LIMD2,-4.1,0
0,1,0,0,0,0,0,0,0,-6.2,0,0,0,0,0,0,M40263,M01000000,1,0,Cell Type Signatures,7,DESCARTES FETAL PANCREAS ISLET ENDOCRINE CELLS,,-6.2,6.2,7.3,30286,168,349,12,3.4,0.98,1644|1852|5624|5950|7163|7276|51085|57535|81693|130399|140462|164656,DDC|DUSP9|PROC|RBP4|TPD52|TTR|MLXIPL|ELAPOR1|AMN|ACVR1C|ASB9|TMPRSS6,-4.1,0
1,1,0,0,0,0,0,0,-4.3,-6.2,0,0,0,0,0,0,M40015,M11000000,2,0,Cell Type Signatures,7,BUSSLINGER GASTRIC LYZ POSITIVE CELLS,,-6.2,7.8,7.8,30286,111,349,10,2.9,0.89,2331|2813|4069|7032|10551|10690|51114|51280|54097|57535,FMOD|GP2|LYZ|TFF2|AGR2|FUT9|ZDHHC9|GOLM1|FAM3B|ELAPOR1,-4.1,0
0,0,0,0,0,1,0,0,0,0,0,0,0,-6.1,0,0,M39288,M00000100,1,0,Cell Type Signatures,7,DURANTE ADULT OLFACTORY NEUROEPITHELIUM IMMATURE NEURONS,,-6.1,8.9,8,30286,139,220,9,4.1,1.3,547|2664|3800|3831|22920|51155|221687|347733|401115,KIF1A|GDI1|KIF5C|KLC1|KIFAP3|JPT1|RNF182|TUBB2B|NICOL1,-4,0
0,1,0,0,0,0,0,0,0,-6,0,0,0,0,0,0,M39278,M01000000,1,0,Cell Type Signatures,7,DURANTE ADULT OLFACTORY NEUROEPITHELIUM SUSTENTACULAR CELLS,,-6,13,8.8,30286,47,349,7,2,0.75,4582|4586|6286|7033|7103|10551|23584,MUC1|MUC5AC|S100P|TFF3|TSPAN8|AGR2|VSIG2,-3.9,0
0,0,0,0,1,0,0,1,0,0,0,0,-5.9,0,0,-4.4,M41749,M00001001,2,0,Cell Type Signatures,7,RUBENSTEIN SKELETAL MUSCLE NK CELLS,,-5.9,5.4,6.9,30286,226,325,13,4,1.1,2113|3726|4478|5216|5688|5698|7323|8073|10096|10589|56882|80774|170954,ETS1|JUNB|MSN|PFN1|PSMA7|PSMB9|UBE2D3|PTP4A2|ACTR3|DRAP1|CDC42SE1|LIMD2|PPP1R18,-3.9,0
0,0,0,1,0,1,0,0,0,0,0,-4.1,0,-5.9,0,0,M39065,M00010100,2,0,Cell Type Signatures,7,MANNO MIDBRAIN NEUROTYPES HRN,,-5.9,5.3,6.8,30286,335,220,13,5.9,1.6,3800|3831|5534|7746|10381|23046|23114|29114|55521|201191|221687|347733|100505385,KIF5C|KLC1|PPP3R1|ZSCAN9|TUBB3|KIF21B|NFASC|TAGLN3|TRIM36|SAMD14|RNF182|TUBB2B|IQCJ-SCHIP1,-3.9,0
0,0,1,1,0,1,0,0,0,0,-2.5,-2.7,0,-5.9,0,0,M39069,M00110100,3,0,Cell Type Signatures,7,MANNO MIDBRAIN NEUROTYPES HDA2,,-5.9,4.3,6.4,30286,513,220,16,7.3,1.8,21|384|3831|5097|10381|22920|23046|23114|27092|51155|55022|55521|55690|84446|170261|347733,ABCA3|ARG2|KLC1|PCDH1|TUBB3|KIFAP3|KIF21B|NFASC|CACNG4|JPT1|PID1|TRIM36|PACS1|BRSK1|ZCCHC12|TUBB2B,-3.9,0
0,0,0,0,1,0,0,0,0,0,0,0,-5.9,0,0,0,M40133,M00001000,1,0,Cell Type Signatures,7,DESCARTES MAIN FETAL EXTRAVILLOUS TROPHOBLASTS,,-5.9,7.3,7.4,30286,128,325,10,3.1,0.96,3135|3678|3855|5054|9636|10148|11010|60312|64778|91351,HLA-G|ITGA5|KRT7|SERPINE1|ISG15|EBI3|GLIPR1|AFAP1|FNDC3B|DDX60L,-3.9,0
1,0,1,0,1,1,0,0,-2.1,0,-2.7,0,-5.9,-4.1,0,0,M39321,M10101100,4,0,Cell Type Signatures,7,CUI DEVELOPING HEART VASCULAR ENDOTHELIAL CELL,,-5.9,5.8,7,30286,193,325,12,3.7,1,965|1326|2919|2920|3383|3490|3726|4792|5054|7128|85456|140606,CD58|MAP3K8|CXCL1|CXCL2|ICAM1|IGFBP7|JUNB|NFKBIA|SERPINE1|TNFAIP3|TNKS1BP1|SELENOM,-3.9,0
0,0,0,0,0,0,1,0,0,0,0,0,0,0,-5.9,0,M40026,M00000010,1,0,Cell Type Signatures,7,BUSSLINGER DUODENAL TRANSIT AMPLIFYING CELLS,,-5.9,6.4,7.1,30286,194,268,11,4.1,1.2,120|516|821|1537|1622|2023|3329|4257|7184|9761|56889,ADD3|ATP5MC1|CANX|CYC1|DBI|ENO1|HSPD1|MGST1|HSP90B1|MLEC|TM9SF3,-3.9,0
0,1,0,0,0,0,0,0,0,-5.8,0,0,0,0,0,0,M40246,M01000000,1,0,Cell Type Signatures,7,DESCARTES FETAL LUNG BRONCHIOLAR AND ALVEOLAR EPITHELIAL CELLS,,-5.8,9.9,8.1,30286,70,349,8,2.3,0.8,5314|7164|9075|55195|84451|113220|140893|342979,PKHD1|TPD52L1|CLDN2|CCDC198|MAP3K21|KIF12|RBBP8NL|PALM3,-3.8,0
0,0,0,0,1,0,0,0,0,0,0,0,-5.7,0,0,0,M39106,M00001000,1,0,Cell Type Signatures,7,AIZARANI LIVER C2 KUPFFER CELLS 1,,-5.7,5.6,6.8,30286,200,325,12,3.7,1,1326|3576|5329|5452|8870|9050|9308|9473|10019|10409|23406|79627,MAP3K8|CXCL8|PLAUR|POU2F2|IER3|PSTPIP2|CD83|THEMIS2|SH2B3|BASP1|COTL1|OGFRL1,-3.7,0
1,1,0,0,0,0,0,0,-5.7,-2.7,0,0,0,0,0,0,M39034,M11000000,2,0,Cell Type Signatures,7,FAN EMBRYONIC CTX ASTROCYTE 2,,-5.7,6.2,6.9,30286,153,354,11,3.1,0.92,214|828|1191|2261|2752|4774|10577|25840|57447|81618|143686,ALCAM|CAPS|CLU|FGFR3|GLUL|NFIA|NPC2|TMT1A|NDRG2|ITM2C|SESN3,-3.7,0
0,1,0,1,0,0,0,0,0,-5.7,0,-2.4,0,0,0,0,M40018,M01010000,2,0,Cell Type Signatures,7,BUSSLINGER GASTRIC G CELLS,,-5.7,8,7.5,30286,98,349,9,2.6,0.85,1644|5865|7033|7104|7163|8470|9032|51085|130399,DDC|RAB3B|TFF3|TM4SF4|TPD52|SORBS2|TM4SF5|MLXIPL|ACVR1C,-3.7,0
1,1,0,0,0,0,0,0,-5.7,-5.1,0,0,0,0,0,0,M39271,M11000000,2,0,Cell Type Signatures,7,HU FETAL RETINA RPE,,-5.7,4.4,6.3,30286,292,354,15,4.2,1.1,652|678|894|1200|2261|3488|4054|10491|10577|23475|26249|51171|51196|114876|143686,BMP4|ZFP36L2|CCND2|TPP1|FGFR3|IGFBP5|LTBP3|CRTAP|NPC2|QPRT|KLHL3|HSD17B14|PLCE1|OSBPL1A|SESN3,-3.7,0
0,0,0,0,1,1,1,0,0,0,0,0,-5.6,-2.5,-5.2,0,M41717,M00001110,3,0,Cell Type Signatures,7,FAN OVARY CL15 SMALL ANTRAL FOLLICLE GRANULOSA CELL,,-5.6,3.2,5.8,30286,645,325,22,6.8,1.4,1000|1983|2107|3187|3301|3685|5216|5366|5685|5718|5905|6484|7323|9308|10096|10213|25805|51371|51582|55506|64778|81688,CDH2|EIF5|ETF1|HNRNPH1|DNAJA1|ITGAV|PFN1|PMAIP1|PSMA4|PSMD12|RANGAP1|ST3GAL4|UBE2D3|CD83|ACTR3|PSMD14|BAMBI|POMP|AZIN1|MACROH2A2|FNDC3B|C6orf62,-3.7,0
0,0,0,1,1,0,1,0,0,0,0,-2.4,-3.2,0,-5.6,0,M39211,M00011010,3,0,Cell Type Signatures,7,ZHENG CORD BLOOD C2 PUTATIVE BASOPHIL EOSINOPHIL MAST CELL PROGENITOR,,-5.6,9.4,7.8,30286,96,268,8,3,1,821|2923|3157|3309|5034|9761|23753|25825,CANX|PDIA3|HMGCS1|HSPA5|P4HB|MLEC|SDF2L1|BACE2,-3.7,0
0,0,1,1,0,1,0,0,0,0,-5.6,-5.1,0,-5.2,0,0,M39068,M00110100,3,0,Cell Type Signatures,7,MANNO MIDBRAIN NEUROTYPES HDA1,,-5.6,3.5,6,30286,584,278,19,6.8,1.5,273|775|835|2044|4675|5087|6326|6546|6785|7248|7447|7551|9737|23671|55351|57465|80034|93986|283248,AMPH|CACNA1C|CASP2|EPHA5|NAP1L3|PBX1|SCN2A|SLC8A1|ELOVL4|TSC1|VSNL1|ZNF3|GPRASP1|TMEFF2|STK32B|TBC1D24|CSRNP3|FOXP2|RCOR2,-3.7,0
0,0,1,0,0,0,0,0,0,0,-5.6,0,0,0,0,0,M40233,M00100000,1,0,Cell Type Signatures,7,DESCARTES FETAL LIVER STELLATE CELLS,,-5.6,6.9,7.1,30286,159,278,10,3.6,1.1,249|1909|2042|4239|5745|57491|92949|126393|147906|196740,ALPL|EDNRA|EPHA3|MFAP4|PTH1R|AHRR|ADAMTSL1|HSPB6|DACT3|VSTM4,-3.7,0
1,1,0,1,0,0,0,0,-4,-5.6,0,-2.1,0,0,0,0,M40019,M11010000,3,0,Cell Type Signatures,7,BUSSLINGER GASTRIC X CELLS,,-5.6,5.5,6.7,30286,191,349,12,3.4,0.98,216|335|3249|7104|7276|8470|10083|26996|29974|51085|53832|359948,ALDH1A1|APOA1|HPN|TM4SF4|TTR|SORBS2|USH1C|GPR160|A1CF|MLXIPL|IL20RA|IRF2BP2,-3.7,0
0,0,0,0,0,0,1,1,0,0,0,0,0,0,-5.6,-4.4,M39205,M00000011,2,0,Cell Type Signatures,7,HAY BONE MARROW PLASMA CELL,,-5.6,7.8,7.4,30286,130,268,9,3.4,1.1,3998|6748|7184|7494|9601|10130|10960|23753|51303,LMAN1|SSR4|HSP90B1|XBP1|PDIA4|PDIA6|LMAN2|SDF2L1|FKBP11,-3.7,0
1,0,0,0,0,0,1,0,-5.6,0,0,0,0,0,-3,0,M41668,M10000010,2,0,Cell Type Signatures,7,TRAVAGLINI LUNG BRONCHIAL VESSEL 1 CELL,,-5.6,5,6.5,30286,224,354,13,3.7,1,678|1938|1975|3615|3646|4666|4869|5204|7178|7381|8664|8665|10252,ZFP36L2|EEF2|EIF4B|IMPDH2|EIF3E|NACA|NPM1|PFDN5|TPT1|UQCRB|EIF3D|EIF3F|SPRY1,-3.6,0
1,0,0,0,1,1,1,1,-3.3,0,0,0,-3.7,-2.2,-3.3,-5.6,M39022,M10001111,5,0,Cell Type Signatures,7,FAN EMBRYONIC CTX BIG GROUPS MICROGLIA,,-5.6,5,6.5,30286,371,214,13,6.1,1.6,567|834|1535|2745|3965|4125|4973|5552|7133|9023|54739|79365|285195,B2M|CASP1|CYBA|GLRX|LGALS9|MAN2B1|OLR1|SRGN|TNFRSF1B|CH25H|XAF1|BHLHE41|SLC9A9,-3.6,0
0,0,0,0,1,1,0,1,0,0,0,0,-5,-5.6,0,-2.4,M39166,M00001101,3,0,Cell Type Signatures,7,GAO LARGE INTESTINE ADULT CI MESENCHYMAL CELLS,,-5.6,5,6.5,30286,361,220,13,5.9,1.6,241|7124|8728|22821|23433|27071|27074|27128|51561|51676|84230|84446|91775,ALOX5AP|TNF|ADAM19|RASA3|RHOQ|DAPP1|LAMP3|CYTH4|IL23A|ASB2|LRRC8C|BRSK1|NXPE3,-3.6,0
1,1,1,1,0,1,1,0,-5.5,-2.8,-2.4,-2.2,0,-2.3,-4,0,M39055,M11110110,6,0,Cell Type Signatures,7,MANNO MIDBRAIN NEUROTYPES HRGL2A,,-5.5,3.1,5.7,30286,600,354,22,6.2,1.3,678|1191|2261|3693|4035|4048|4774|4983|5578|6414|7802|10252|10577|23239|23363|25840|57447|57562|79582|81618|113026|143686,ZFP36L2|CLU|FGFR3|ITGB5|LRP1|LTA4H|NFIA|OPHN1|PRKCA|SELENOP|DNALI1|SPRY1|NPC2|PHLPP1|OBSL1|TMT1A|NDRG2|CEP126|SPAG16|ITM2C|PLCD3|SESN3,-3.6,0
0,0,1,1,1,1,0,0,0,0,-3.9,-3.3,-5.5,-3.8,0,0,M39302,M00111100,4,0,Cell Type Signatures,7,CUI DEVELOPING HEART C5 VALVAR CELL,,-5.5,5.4,6.6,30286,208,325,12,3.7,1,87|1959|1983|2919|2920|3301|3726|4739|6091|8870|80149|140606,ACTN1|EGR2|EIF5|CXCL1|CXCL2|DNAJA1|JUNB|NEDD9|ROBO1|IER3|ZC3H12A|SELENOM,-3.6,0
0,0,1,0,0,0,0,0,0,0,-5.5,0,0,0,0,0,M40255,M00100000,1,0,Cell Type Signatures,7,DESCARTES FETAL MUSCLE STROMAL CELLS,,-5.5,8.9,7.5,30286,98,278,8,2.9,1,1016|3489|3671|5118|10417|27123|130497|338773,CDH18|IGFBP6|ISLR|PCOLCE|SPON2|DKK2|OSR1|TMEM119,-3.5,0
1,0,0,0,1,1,1,1,-3.2,0,0,0,-3.6,-4.6,-5.1,-5.5,M41703,M10001111,5,0,Cell Type Signatures,7,FAN OVARY CL1 GPRC5A TNFRS12A HIGH SELECTABLE FOLLICLE STROMAL CELL,,-5.5,4.8,6.4,30286,380,214,13,6.1,1.6,2547|2745|3181|4830|6628|6675|7314|9188|10054|10383|10492|54205|387763,XRCC6|GLRX|HNRNPA2B1|NME1|SNRPB|UAP1|UBB|DDX21|UBA2|TUBB4B|SYNCRIP|CYCS|C11orf96,-3.5,0
0,1,0,0,0,0,0,0,0,-5.4,0,0,0,0,0,0,M39159,M01000000,1,0,Cell Type Signatures,7,GAO LARGE INTESTINE 24W C10 ENTEROCYTE,,-5.4,11,8,30286,56,349,7,2,0.75,1800|2938|4640|5357|8694|51085|284422,DPEP1|GSTA1|MYO1A|PLS1|DGAT1|MLXIPL|SMIM24,-3.5,0
0,0,1,0,0,0,0,0,0,0,-5.4,0,0,0,0,0,M39139,M00100000,1,0,Cell Type Signatures,7,GAO ESOPHAGUS 25W C4 FGFR1HIGH EPITHELIAL CELLS,,-5.4,5.8,6.6,30286,208,278,11,4,1.2,3671|4239|5118|25891|57589|79628|80332|83468|92949|196500|196740,ISLR|MFAP4|PCOLCE|PAMR1|RIC1|SH3TC2|ADAM33|GLT8D2|ADAMTSL1|PIANP|VSTM4,-3.5,0
0,0,0,0,1,0,0,1,0,0,0,0,-5.3,0,0,-2.8,M39286,M00001001,2,0,Cell Type Signatures,7,DURANTE ADULT OLFACTORY NEUROEPITHELIUM DENDRITIC CELLS,,-5.3,7.2,7,30286,117,325,9,2.8,0.91,1890|2920|3576|4792|5329|5452|7127|7128|23406,TYMP|CXCL2|CXCL8|NFKBIA|PLAUR|POU2F2|TNFAIP2|TNFAIP3|COTL1,-3.4,0
1,1,0,0,0,0,1,0,-2.6,-5.3,0,0,0,0,-2.7,0,M39129,M11000010,3,0,Cell Type Signatures,7,AIZARANI LIVER C30 HEPATOCYTES 4,,-5.3,3.5,5.7,30286,446,349,18,5.2,1.2,729|1244|2065|2330|3249|5624|10840|11001|22837|29974|51085|55268|63910|79774|129049|284111|340547|389434,C6|ABCC2|ERBB3|FMO5|HPN|PROC|ALDH1L1|SLC27A2|COBLL1|A1CF|MLXIPL|ECHDC2|SLC17A9|GRTP1|SGSM1|SLC13A5|VSIG1|IYD,-3.4,0
1,1,0,0,0,0,1,0,-2.9,-2.9,0,0,0,0,-5.3,0,M39225,M11000010,3,0,Cell Type Signatures,7,LAKE ADULT KIDNEY C6 PROXIMAL TUBULE EPITHELIAL CELLS FIBRINOGEN POS S3,,-5.3,6.2,6.7,30286,181,268,10,3.7,1.2,821|1528|2023|3309|3313|3329|4257|10257|10957|56889,CANX|CYB5A|ENO1|HSPA5|HSPA9|HSPD1|MGST1|ABCC4|PNRC1|TM9SF3,-3.4,0
1,0,0,0,0,0,1,0,-4.3,0,0,0,0,0,-5.3,0,M41702,M10000010,2,0,Cell Type Signatures,7,FAN OVARY CL0 XBP1 SELK HIGH STROMAL CELL,,-5.3,7.1,6.9,30286,143,268,9,3.4,1.1,3309|3313|3329|3638|7184|7494|10957|10959|27230,HSPA5|HSPA9|HSPD1|INSIG1|HSP90B1|XBP1|PNRC1|TMED2|SERP1,-3.4,0
0,0,1,1,1,1,1,0,0,0,-3.9,-5.3,-2.8,-3.4,-2.2,0,M39040,M00111110,5,0,Cell Type Signatures,7,FAN EMBRYONIC CTX BRAIN ENDOTHELIAL 2,,-5.3,5.6,6.5,30286,303,198,11,5.6,1.6,989|1004|4854|7082|7431|9265|9590|10979|28951|55752|56288,SEPTIN7|CDH6|NOTCH3|TJP1|VIM|CYTH3|AKAP12|FERMT2|TRIB2|SEPTIN11|PARD3,-3.4,0
0,1,0,0,1,1,0,0,0,-3.2,0,0,-5.2,-2.1,0,0,M41659,M01001100,3,0,Cell Type Signatures,7,TRAVAGLINI LUNG ALVEOLAR EPITHELIAL TYPE 1 CELL,,-5.2,3.8,5.8,30286,391,325,16,4.9,1.2,1030|1282|1284|3383|3490|3669|3855|3914|3918|4739|6484|9235|9780|10981|27063|51330,CDKN2B|COL4A1|COL4A2|ICAM1|IGFBP7|ISG20|KRT7|LAMB3|LAMC2|NEDD9|ST3GAL4|IL32|PIEZO1|RAB32|ANKRD1|TNFRSF12A,-3.4,0
0,0,0,0,1,0,0,0,0,0,0,0,-5.2,0,0,0,M40127,M00001000,1,0,Cell Type Signatures,7,DESCARTES MAIN FETAL CCL19 CCL21 POSITIVE CELLS,,-5.2,4.6,6.1,30286,263,325,13,4,1.1,1435|1890|2907|3383|3726|4791|4792|5971|7128|8870|79140|91107|140606,CSF1|TYMP|GRINA|ICAM1|JUNB|NFKB2|NFKBIA|RELB|TNFAIP3|IER3|CCDC28B|TRIM47|SELENOM,-3.4,0
0,0,1,1,0,1,0,0,0,0,-2.5,-3,0,-5.2,0,0,M39073,M00110100,3,0,Cell Type Signatures,7,MANNO MIDBRAIN NEUROTYPES HOMTN,,-5.2,4.6,6.1,30286,389,220,13,5.9,1.6,21|384|3800|3831|10381|22920|23114|29114|55022|55521|84557|347733|401115,ABCA3|ARG2|KIF5C|KLC1|TUBB3|KIFAP3|NFASC|TAGLN3|PID1|TRIM36|MAP1LC3A|TUBB2B|NICOL1,-3.4,0
0,1,0,0,0,0,0,0,0,-5.2,0,0,0,0,0,0,M40208,M01000000,1,0,Cell Type Signatures,7,DESCARTES FETAL INTESTINE CHROMAFFIN CELLS,,-5.2,7,6.8,30286,112,349,9,2.6,0.85,3170|5624|5865|53832|83998|151258|165679|201625|390874,FOXA2|PROC|RAB3B|IL20RA|REG4|SLC38A11|SPTSSB|DNAH12|ONECUT3,-3.3,0
0,0,0,0,1,0,0,0,0,0,0,0,-5.2,0,0,0,M39120,M00001000,1,0,Cell Type Signatures,7,AIZARANI LIVER C18 NK NKT CELLS 5,,-5.2,6.9,6.8,30286,121,325,9,2.8,0.91,3301|3576|5329|5366|5452|7127|8870|9308|23406,DNAJA1|CXCL8|PLAUR|PMAIP1|POU2F2|TNFAIP2|IER3|CD83|COTL1,-3.3,0
1,0,0,0,1,0,0,0,-2.8,0,0,0,-5.1,0,0,0,M39110,M10001000,2,0,Cell Type Signatures,7,AIZARANI LIVER C6 KUPFFER CELLS 2,,-5.1,4.9,6.2,30286,228,325,12,3.7,1,1318|1890|2907|5452|7127|8870|9308|9473|10409|23406|79627|83937,SLC31A2|TYMP|GRINA|POU2F2|TNFAIP2|IER3|CD83|THEMIS2|BASP1|COTL1|OGFRL1|RASSF4,-3.3,0
0,0,1,0,0,0,0,0,0,0,-5.1,0,0,0,0,0,M39220,M00100000,1,0,Cell Type Signatures,7,LAKE ADULT KIDNEY C1 EPITHELIAL CELLS UNASSIGNED,,-5.1,18,9,30286,30,278,5,1.8,0.8,4212|5087|5745|10160|25891,MEIS2|PBX1|PTH1R|FARP1|PAMR1,-3.3,0
0,0,0,0,0,0,1,0,0,0,0,0,0,0,-5.1,0,M41648,M00000010,1,0,Cell Type Signatures,7,TRAVAGLINI LUNG CLUB CELL,,-5.1,7.9,7,30286,114,268,8,3,1,196|1528|3176|4257|6748|7076|23327|27230,AHR|CYB5A|HNMT|MGST1|SSR4|TIMP1|NEDD4L|SERP1,-3.3,0
1,0,1,0,0,0,0,0,-3.9,0,-5.1,0,0,0,0,0,M39052,M10100000,2,0,Cell Type Signatures,7,MANNO MIDBRAIN NEUROTYPES HOPC,,-5.1,4.2,5.9,30286,366,278,14,5,1.3,4325|5098|6662|10188|22871|22905|51310|55128|55351|57555|79006|114798|130271|143282,MMP16|PCDHGC3|SOX9|TNK2|NLGN1|EPN2|SLC22A17|TRIM68|STK32B|NLGN2|METRN|SLITRK1|PLEKHH2|FGFBP3,-3.2,0
0,0,1,1,0,1,0,0,0,0,-3.9,-4.9,0,-5.1,0,0,M39066,M00110100,3,0,Cell Type Signatures,7,MANNO MIDBRAIN NEUROTYPES HNBML5,,-5.1,4.1,5.8,30286,465,220,14,6.4,1.6,3800|3831|4139|6624|8609|10381|23046|23114|23413|29114|55521|85369|201191|347733,KIF5C|KLC1|MARK1|FSCN1|KLF7|TUBB3|KIF21B|NFASC|NCS1|TAGLN3|TRIM36|STRIP1|SAMD14|TUBB2B,-3.2,0
0,0,0,0,1,1,1,0,0,0,0,0,-2.7,-2.5,-5,0,M39298,M00001110,3,0,Cell Type Signatures,7,CUI DEVELOPING HEART C1 5TH WEEK CARDIAC CELLS,,-5,9.5,7.4,30286,83,268,7,2.6,0.97,2222|2224|3309|4257|6307|6713|9985,FDFT1|FDPS|HSPA5|MGST1|MSMO1|SQLE|REC8,-3.2,0
1,0,0,1,0,0,1,0,-3.1,0,0,-5,0,0,-2.6,0,M39254,M10010010,3,0,Cell Type Signatures,7,MENON FETAL KIDNEY 4 PODOCYTES,,-5,6.7,6.6,30286,206,198,9,4.5,1.5,5763|5962|6387|7082|7431|28951|54587|55752|221981,PTMS|RDX|CXCL12|TJP1|VIM|TRIB2|MXRA8|SEPTIN11|THSD7A,-3.2,0
0,0,0,0,0,1,0,0,0,0,0,0,0,-5,0,0,M39291,M00000100,1,0,Cell Type Signatures,7,DURANTE ADULT OLFACTORY NEUROEPITHELIUM MATURE NEURONS,,-5,6.6,6.6,30286,187,220,9,4.1,1.3,182|2664|5147|22920|29114|64837|221687|347733|401115,JAG1|GDI1|PDE6D|KIFAP3|TAGLN3|KLC2|RNF182|TUBB2B|NICOL1,-3.2,0
0,0,0,0,0,0,1,0,0,0,0,0,0,0,-5,0,M39123,M00000010,1,0,Cell Type Signatures,7,AIZARANI LIVER C22 RESIDENT B CELLS 2,,-5,17,8.8,30286,33,268,5,1.9,0.83,6748|7184|7494|23753|51303,SSR4|HSP90B1|XBP1|SDF2L1|FKBP11,-3.2,0
1,0,0,0,0,0,0,1,-2,0,0,0,0,0,0,-5,M40002,M10000001,2,0,Cell Type Signatures,7,BUSSLINGER ESOPHAGEAL PROLIFERATING BASAL CELLS,,-5,12,7.9,30286,70,214,6,2.8,1.1,567|3181|4502|4782|5757|6628,B2M|HNRNPA2B1|MT2A|NFIC|PTMA|SNRPB,-3.2,0
0,0,1,1,0,0,0,0,0,0,-5,-4.8,0,0,0,0,M39274,M00110000,2,0,Cell Type Signatures,7,DURANTE ADULT OLFACTORY NEUROEPITHELIUM FIBROBLASTS STROMAL CELLS,,-5,9.3,7.2,30286,82,278,7,2.5,0.94,2934|3489|4239|5118|7291|9358|10351,GSN|IGFBP6|MFAP4|PCOLCE|TWIST1|ITGBL1|ABCA8,-3.2,0
0,0,0,1,0,1,0,0,0,0,0,-3.8,0,-4.9,0,0,M39063,M00010100,2,0,Cell Type Signatures,7,MANNO MIDBRAIN NEUROTYPES HNBM,,-4.9,5.1,6.1,30286,295,220,11,5,1.5,3800|3831|7746|10381|23046|23114|29114|51155|55521|57415|347733,KIF5C|KLC1|ZSCAN9|TUBB3|KIF21B|NFASC|TAGLN3|JPT1|TRIM36|CEP15|TUBB2B,-3.1,0
0,0,1,0,1,0,0,0,0,0,-4.4,0,-4.9,0,0,0,M39152,M00101000,2,0,Cell Type Signatures,7,GAO LARGE INTESTINE 24W C1 DCLK1POS PROGENITOR,,-4.9,7.5,6.8,30286,99,325,8,2.5,0.86,1307|1435|2633|3383|8460|10409|84627|115908,COL16A1|CSF1|GBP1|ICAM1|TPST1|BASP1|ZNF469|CTHRC1,-3.1,0
0,0,1,1,1,0,0,0,0,0,-3,-4.9,-2.6,0,0,0,M39114,M00111000,3,0,Cell Type Signatures,7,AIZARANI LIVER C10 MVECS 1,,-4.9,5.7,6.3,30286,269,198,10,5.1,1.6,659|2778|2887|5962|6387|7077|7431|8291|85358|221184,BMPR2|GNAS|GRB10|RDX|CXCL12|TIMP2|VIM|DYSF|SHANK3|CPNE2,-3.1,0
1,0,1,0,0,0,0,0,-4.9,0,-2.3,0,0,0,0,0,M39222,M10100000,2,0,Cell Type Signatures,7,LAKE ADULT KIDNEY C3 PROXIMAL TUBULE EPITHELIAL CELLS S1 S2,,-4.9,4.6,5.9,30286,221,354,12,3.4,0.96,288|395|2878|4774|5071|9910|23051|49855|51084|51390|121512|154043,ANK3|ARHGAP6|GPX3|NFIA|PRKN|RABGAP1L|ZHX3|SCAPER|CRYL1|AIG1|FGD4|CNKSR3,-3.1,0
1,0,0,0,0,0,0,0,-4.9,0,0,0,0,0,0,0,M39239,M10000000,1,0,Cell Type Signatures,7,LAKE ADULT KIDNEY C20 COLLECTING DUCT INTERCALATED CELLS TYPE A CORTEX,,-4.9,5.6,6.2,30286,152,354,10,2.8,0.88,3488|5071|5578|6641|9223|23321|49855|55074|55103|121512,IGFBP5|PRKN|PRKCA|SNTB1|MAGI1|TRIM2|SCAPER|OXR1|RALGPS2|FGD4,-3.1,0
0,0,0,0,1,1,1,0,0,0,0,0,-2.4,-2.8,-4.9,0,M39203,M00001110,3,0,Cell Type Signatures,7,HAY BONE MARROW NEUTROPHIL,,-4.9,3.8,5.6,30286,449,268,15,5.6,1.4,523|1362|3176|4257|5768|8751|8804|10159|11033|50999|54502|79143|79772|286144|374882,ATP6V1A|CPD|HNMT|MGST1|QSOX1|ADAM15|CREG1|ATP6AP2|ADAP1|TMED5|RBM47|MBOAT7|MCTP1|TRIQK|TMEM205,-3.1,0
0,0,0,0,1,0,0,0,0,0,0,0,-4.9,0,0,0,M39280,M00001000,1,0,Cell Type Signatures,7,DURANTE ADULT OLFACTORY NEUROEPITHELIUM RESPIRATORY SECRETORY CELLS,,-4.9,16,8.5,30286,29,325,5,1.5,0.68,2919|2920|3576|3855|135112,CXCL1|CXCL2|CXCL8|KRT7|NCOA7,-3.1,0
0,0,0,0,0,0,1,0,0,0,0,0,0,0,-4.9,0,M39112,M00000010,1,0,Cell Type Signatures,7,AIZARANI LIVER C8 RESIDENT B CELLS 1,,-4.9,16,8.5,30286,35,268,5,1.9,0.83,4925|6748|7184|7494|51303,NUCB2|SSR4|HSP90B1|XBP1|FKBP11,-3.1,0
0,1,0,0,0,0,0,0,0,-4.8,0,0,0,0,0,0,M40206,M01000000,1,0,Cell Type Signatures,7,DESCARTES FETAL HEART ELF3 AGBL2 POSITIVE CELLS,,-4.8,11,7.6,30286,46,349,6,1.7,0.7,4582|10551|53832|79838|123099|128344,MUC1|AGR2|IL20RA|TMC5|DEGS2|CIMAP3,-3.1,0
1,0,0,0,1,0,1,0,-4.8,0,0,0,-2.4,0,-2.2,0,M41651,M10001010,3,0,Cell Type Signatures,7,TRAVAGLINI LUNG BASAL CELL,,-4.8,5,6,30286,188,354,11,3.1,0.92,224|678|689|894|1191|1915|1975|3615|4666|4869|10904,ALDH3A2|ZFP36L2|BTF3|CCND2|CLU|EEF1A1|EIF4B|IMPDH2|NACA|NPM1|BLCAP,-3.1,0
1,1,0,0,0,0,0,1,-3.9,-4.8,0,0,0,0,0,-2.3,M39195,M11000001,3,0,Cell Type Signatures,7,HAY BONE MARROW EARLY ERYTHROBLAST,,-4.8,7.3,6.6,30286,95,349,8,2.3,0.8,341|4582|5360|6652|7019|11001|56997|79774,APOC1|MUC1|PLTP|SORD|TFAM|SLC27A2|COQ8A|GRTP1,-3.1,0
0,1,0,0,0,0,0,0,0,-4.8,0,0,0,0,0,0,M41653,M01000000,1,0,Cell Type Signatures,7,TRAVAGLINI LUNG DIFFERENTIATING BASAL CELL,,-4.8,5.5,6.1,30286,157,349,10,2.9,0.89,216|1075|7103|7348|10551|54097|55808|56649|84958|222171,ALDH1A1|CTSC|TSPAN8|UPK1B|AGR2|FAM3B|ST6GALNAC1|TMPRSS4|SYTL1|PRR15,-3.1,0
0,0,1,1,0,0,0,0,0,0,-2.2,-4.8,0,0,0,0,M39253,M00110000,2,0,Cell Type Signatures,7,MENON FETAL KIDNEY 3 STROMAL CELLS,,-4.8,11,7.6,30286,81,198,6,3,1.2,989|2778|6659|7431|9590|55752,SEPTIN7|GNAS|SOX4|VIM|AKAP12|SEPTIN11,-3,0
0,0,0,0,1,0,0,0,0,0,0,0,-4.8,0,0,0,M39294,M00001000,1,0,Cell Type Signatures,7,DURANTE ADULT OLFACTORY NEUROEPITHELIUM MAST CELLS,,-4.8,8.7,7,30286,75,325,7,2.2,0.81,1435|3976|4792|5329|7128|9308|58515,CSF1|LIF|NFKBIA|PLAUR|TNFAIP3|CD83|SELENOK,-3,0
0,1,0,0,0,0,0,0,0,-4.8,0,0,0,0,0,0,M40301,M01000000,1,0,Cell Type Signatures,7,DESCARTES FETAL STOMACH MUC13 DMBT1 POSITIVE CELLS,,-4.8,7.2,6.6,30286,97,349,8,2.3,0.8,335|338|4547|7433|9075|80115|81693|389434,APOA1|APOB|MTTP|VIPR1|CLDN2|BAIAP2L2|AMN|IYD,-3,0
0,0,0,0,1,0,0,0,0,0,0,0,-4.7,0,0,0,M41743,M00001000,1,0,Cell Type Signatures,7,RUBENSTEIN SKELETAL MUSCLE ENDOTHELIAL CELLS,,-4.7,6.1,6.3,30286,137,325,9,2.8,0.91,1282|1284|2113|3106|5420|7453|9235|9636|51371,COL4A1|COL4A2|ETS1|HLA-B|PODXL|WARS1|IL32|ISG15|POMP,-3,0
1,0,0,0,0,0,0,0,-4.7,0,0,0,0,0,0,0,M39217,M10000000,1,0,Cell Type Signatures,7,ZHENG CORD BLOOD C8 PUTATIVE LYMPHOID PRIMED MULTIPOTENT PROGENITOR 2,,-4.7,7.1,6.5,30286,97,354,8,2.3,0.79,689|4666|5204|5295|7178|8635|10399|81618,BTF3|NACA|PFDN5|PIK3R1|TPT1|RNASET2|RACK1|ITM2C,-3,0
0,0,0,1,0,1,0,0,0,0,0,-4.4,0,-4.7,0,0,M39161,M00010100,2,0,Cell Type Signatures,7,GAO LARGE INTESTINE ADULT CA ENTEROENDOCRINE CELLS,,-4.7,4.9,5.9,30286,312,220,11,5,1.5,18|547|3800|4139|9719|9859|23114|56920|57415|347733|389692,ABAT|KIF1A|KIF5C|MARK1|ADAMTSL2|CEP170|NFASC|SEMA3G|CEP15|TUBB2B|MAFA,-3,0
1,0,1,0,0,1,0,0,-4.7,0,-2.6,0,0,-2.8,0,0,M39054,M10100100,3,0,Cell Type Signatures,7,MANNO MIDBRAIN NEUROTYPES HRGL2B,,-4.7,3.3,5.3,30286,440,354,17,4.8,1.1,678|2261|2549|3693|4035|4774|4983|6414|23363|23523|25840|57447|57562|58190|113026|143686|256987,ZFP36L2|FGFR3|GAB1|ITGB5|LRP1|NFIA|OPHN1|SELENOP|OBSL1|CABIN1|TMT1A|NDRG2|CEP126|CTDSP1|PLCD3|SESN3|SERINC5,-3,0
1,0,0,0,0,0,1,0,-4.7,0,0,0,0,0,-2.5,0,M41699,M10000010,2,0,Cell Type Signatures,7,TRAVAGLINI LUNG CLASSICAL MONOCYTE CELL,,-4.7,4.1,5.6,30286,270,354,13,3.7,1,645|1200|2217|4035|4048|5836|7086|7178|10491|10577|25840|121512|168544,BLVRB|TPP1|FCGRT|LRP1|LTA4H|PYGL|TKT|TPT1|CRTAP|NPC2|TMT1A|FGD4|ZNF467,-3,0
0,0,1,1,0,1,0,0,0,0,-4.7,-3.7,0,-2.2,0,0,M39072,M00110100,3,0,Cell Type Signatures,7,MANNO MIDBRAIN NEUROTYPES HSERT,,-4.7,3.6,5.4,30286,450,278,15,5.4,1.4,775|1780|4675|6326|7447|7580|9737|51310|57709|60677|80034|83468|114798|147906|643988,CACNA1C|DYNC1I1|NAP1L3|SCN2A|VSNL1|ZNF32|GPRASP1|SLC22A17|SLC7A14|CELF6|CSRNP3|GLT8D2|SLITRK1|DACT3|FNDC10,-3,0
0,0,0,1,1,0,0,0,0,0,0,-2.5,-4.7,0,0,0,M40005,M00011000,2,0,Cell Type Signatures,7,BUSSLINGER ESOPHAGEAL DENDRITIC CELLS,,-4.7,4.8,5.8,30286,214,325,11,3.4,1,2782|3106|3726|5216|5329|7128|8073|9076|9308|10409|23406,GNB1|HLA-B|JUNB|PFN1|PLAUR|TNFAIP3|PTP4A2|CLDN1|CD83|BASP1|COTL1,-2.9,0
1,0,1,0,0,0,0,1,-2.5,0,-4.7,0,0,0,0,-2.2,M41676,M10100001,3,0,Cell Type Signatures,7,TRAVAGLINI LUNG ALVEOLAR FIBROBLAST CELL,,-4.7,6,6.2,30286,164,278,9,3.2,1.1,2273|3671|4239|6444|8425|10351|57569|130271|338773,FHL1|ISLR|MFAP4|SGCD|LTBP4|ABCA8|ARHGAP20|PLEKHH2|TMEM119,-2.9,0
1,0,0,1,0,1,0,0,-2.4,0,0,-2.6,0,-4.6,0,0,M39221,M10010100,3,0,Cell Type Signatures,7,LAKE ADULT KIDNEY C2 PODOCYTES,,-4.6,5.8,6.1,30286,212,220,9,4.1,1.3,800|3097|3480|5074|8609|9444|10763|23114|100505385,CALD1|HIVEP2|IGF1R|PAWR|KLF7|QKI|NES|NFASC|IQCJ-SCHIP1,-2.9,0
0,0,0,1,1,1,0,0,0,0,0,-2.4,-4.5,-2.2,0,0,M39113,M00011100,3,0,Cell Type Signatures,7,AIZARANI LIVER C9 LSECS 1,,-4.5,4,5.4,30286,304,325,13,4,1.1,87|1282|1284|1889|3490|3678|7453|7980|8795|8828|51312|135112|152137,ACTN1|COL4A1|COL4A2|ECE1|IGFBP7|ITGA5|WARS1|TFPI2|TNFRSF10B|NRP2|SLC25A37|NCOA7|CCDC50,-2.8,0
1,1,1,0,0,0,0,0,-3.8,-3.8,-4.5,0,0,0,0,0,M39232,M11100000,3,0,Cell Type Signatures,7,LAKE ADULT KIDNEY C13 THICK ASCENDING LIMB,,-4.5,6.7,6.2,30286,131,278,8,2.9,1,1946|2289|4649|5087|55351|55599|93986|284058,EFNA5|FKBP5|MYO9A|PBX1|STK32B|RNPC3|FOXP2|KANSL1,-2.8,0
0,0,0,0,1,0,0,0,0,0,0,0,-4.5,0,0,0,M39124,M00001000,1,0,Cell Type Signatures,7,AIZARANI LIVER C23 KUPFFER CELLS 3,,-4.5,4.6,5.7,30286,221,325,11,3.4,1,1890|2710|3576|4792|5329|5452|7127|10409|23406|51312|91351,TYMP|GK|CXCL8|NFKBIA|PLAUR|POU2F2|TNFAIP2|BASP1|COTL1|SLC25A37|DDX60L,-2.8,0
1,0,0,0,1,1,0,1,-3.5,0,0,0,-4.5,-3.4,0,-2.8,M41716,M10001101,4,0,Cell Type Signatures,7,FAN OVARY CL14 MATURE SMOOTH MUSCLE CELL,,-4.5,4,5.4,30286,306,325,13,4,1.1,87|1465|3490|3611|3726|5216|5879|7168|7262|8870|9636|25932|140606,ACTN1|CSRP1|IGFBP7|ILK|JUNB|PFN1|RAC1|TPM1|PHLDA2|IER3|ISG15|CLIC4|SELENOM,-2.8,0
1,0,0,0,0,0,0,0,-4.5,0,0,0,0,0,0,0,M39226,M10000000,1,0,Cell Type Signatures,7,LAKE ADULT KIDNEY C7 PROXIMAL TUBULE EPITHELIAL CELLS S3,,-4.5,5.7,6,30286,135,354,9,2.5,0.84,1915|1938|2512|2878|4774|4869|5037|7178|154043,EEF1A1|EEF2|FTL|GPX3|NFIA|NPM1|PEBP1|TPT1|CNKSR3,-2.8,0
1,0,0,0,0,0,0,0,-4.5,0,0,0,0,0,0,0,M40202,M10000000,1,0,Cell Type Signatures,7,DESCARTES FETAL HEART ERYTHROBLASTS,,-4.5,3.9,5.4,30286,283,354,13,3.7,1,645|1974|2512|6603|8131|28992|51614|55625|64425|89953|114625|114790|128240,BLVRB|EIF4A2|FTL|SMARCD2|NPRL3|MACROD1|ERGIC3|ZDHHC7|POLR1E|KLC4|ERMAP|STK11IP|NAXE,-2.8,0
1,0,0,1,1,1,0,0,-4.5,0,0,-2.2,-2.6,-4.4,0,0,M41691,M10011100,4,0,Cell Type Signatures,7,TRAVAGLINI LUNG PLATELET MEGAKARYOCYTE CELL,,-4.5,2.8,4.9,30286,604,354,20,5.6,1.2,395|828|1191|3693|5575|5627|5836|5867|7388|9910|10217|10367|23770|29937|51390|54414|55793|58497|81579|169200,ARHGAP6|CAPS|CLU|ITGB5|PRKAR1B|PROS1|PYGL|RAB4A|UQCRH|RABGAP1L|CTDSPL|MICU1|FKBP8|NENF|AIG1|SIAE|MINDY1|PRUNE1|PLA2G12A|TMEM64,-2.8,0
1,0,1,1,0,0,0,0,-2.3,0,-4.4,-4.5,0,0,0,0,M39241,M10110000,3,0,Cell Type Signatures,7,LAKE ADULT KIDNEY C22 ENDOTHELIAL CELLS GLOMERULAR CAPILLARIES,,-4.5,7.8,6.5,30286,137,198,7,3.5,1.3,659|2887|3337|5305|7082|9590|85358,BMPR2|GRB10|DNAJB1|PIP4K2A|TJP1|AKAP12|SHANK3,-2.8,0
1,1,1,0,0,0,0,0,-4.4,-3.1,-3.1,0,0,0,0,0,M39233,M11100000,3,0,Cell Type Signatures,7,LAKE ADULT KIDNEY C14 DISTAL CONVOLUTED TUBULE,,-4.4,4.5,5.5,30286,208,354,11,3.1,0.92,288|395|2122|4983|9910|10217|23321|26249|49855|55074|121512,ANK3|ARHGAP6|MECOM|OPHN1|RABGAP1L|CTDSPL|TRIM2|KLHL3|SCAPER|OXR1|FGD4,-2.8,0
0,0,0,0,1,0,0,1,0,0,0,0,-2.8,0,0,-4.4,M41667,M00001001,2,0,Cell Type Signatures,7,TRAVAGLINI LUNG CAPILLARY INTERMEDIATE 2 CELL,,-4.4,4.2,5.4,30286,408,214,12,5.6,1.6,567|2635|2971|3276|3575|4502|5757|10384|23480|51255|51727|80833,B2M|GBP3|GTF3A|PRMT1|IL7R|MT2A|PTMA|BTN3A3|SEC61G|RNF181|CMPK1|APOL3,-2.8,0
0,0,0,0,1,0,1,0,0,0,0,0,-4.4,0,-3,0,M39201,M00001010,2,0,Cell Type Signatures,7,HAY BONE MARROW MONOCYTE,,-4.4,4.5,5.5,30286,227,325,11,3.4,1,752|1318|5452|7453|9473|9636|10589|11182|23406|51363|221656,FMNL1|SLC31A2|POU2F2|WARS1|THEMIS2|ISG15|DRAP1|SLC2A6|COTL1|CHST15|KDM1B,-2.8,0
0,1,0,0,0,0,0,0,0,-4.4,0,0,0,0,0,0,M40139,M01000000,1,0,Cell Type Signatures,7,DESCARTES MAIN FETAL MUC13 DMBT1 POSITIVE CELLS,,-4.4,6.4,6.1,30286,109,349,8,2.3,0.8,4072|5357|6519|7103|10555|57016|79170|654463,EPCAM|PLS1|SLC3A1|TSPAN8|AGPAT2|AKR1B10|PRR15L|FER1L6,-2.7,0
0,0,1,1,0,0,0,0,0,0,-2.6,-4.4,0,0,0,0,M39170,M00110000,2,0,Cell Type Signatures,7,MURARO PANCREAS DELTA CELL,,-4.4,5.5,5.8,30286,250,198,9,4.5,1.5,4131|5090|5567|9590|22836|26115|79870|130026|221981,MAP1B|PBX3|PRKACB|AKAP12|RHOBTB3|TANC2|BAALC|ICA1L|THSD7A,-2.7,0
0,0,0,0,0,1,0,0,0,0,0,0,0,-4.4,0,0,M41658,M00000100,1,0,Cell Type Signatures,7,TRAVAGLINI LUNG NEUROENDOCRINE CELL,,-4.4,7.5,6.3,30286,128,220,7,3.2,1.2,547|800|3800|29114|51655|57415|347733,KIF1A|CALD1|KIF5C|TAGLN3|RASD1|CEP15|TUBB2B,-2.7,0
1,0,0,0,0,0,0,0,-4.4,0,0,0,0,0,0,0,M41709,M10000000,1,0,Cell Type Signatures,7,FAN OVARY CL7 ANGEIOGENIC ENDOTHELIAL CELL,,-4.4,4.1,5.3,30286,251,354,12,3.4,0.96,2|678|1191|2217|4059|6342|7048|10577|10628|51170|57509|84650,A2M|ZFP36L2|CLU|FCGRT|BCAM|SCP2|TGFBR2|NPC2|TXNIP|HSD17B11|MTUS1|EBPL,-2.7,0
0,0,1,0,0,0,0,0,0,0,-4.4,0,0,0,0,0,M39146,M00100000,1,0,Cell Type Signatures,7,GAO SMALL INTESTINE 24W C2 PROCRPOS PROGENITOR,,-4.4,20,8.5,30286,22,278,4,1.4,0.71,4239|5118|57124|219348,MFAP4|PCOLCE|CD248|PLAC9,-2.7,0
0,0,0,0,0,0,1,0,0,0,0,0,0,0,-4.3,0,M39134,M00000010,1,0,Cell Type Signatures,7,AIZARANI LIVER C38 RESIDENT B CELLS 3,,-4.3,20,8.5,30286,23,268,4,1.5,0.74,6748|7184|7494|51303,SSR4|HSP90B1|XBP1|FKBP11,-2.7,0
1,1,0,0,0,0,1,0,-4.3,-2.4,0,0,0,0,-2.8,0,M40006,M11000010,3,0,Cell Type Signatures,7,BUSSLINGER GASTRIC CHIEF CELLS,,-4.3,9.2,6.7,30286,56,354,6,1.7,0.69,1938|2122|2512|2752|8761|25840,EEF2|MECOM|FTL|GLUL|PABPC4|TMT1A,-2.7,0
0,1,0,0,1,0,1,0,0,-2.3,0,0,-4.3,0,-2.5,0,M41689,M01001010,3,0,Cell Type Signatures,7,TRAVAGLINI LUNG BASOPHIL MAST 1 CELL,,-4.3,4.1,5.3,30286,276,325,12,3.7,1,1435|1983|3732|3976|4792|4891|5707|6484|8509|10981|29015|51330,CSF1|EIF5|CD82|LIF|NFKBIA|SLC11A2|PSMD1|ST3GAL4|NDST2|RAB32|SLC43A3|TNFRSF12A,-2.7,0
1,1,0,0,0,0,1,0,-4.3,-3.1,0,0,0,0,-2.1,0,M40014,M11000010,3,0,Cell Type Signatures,7,BUSSLINGER GASTRIC PARIETAL CELLS,,-4.3,4,5.3,30286,254,354,12,3.4,0.96,38|210|594|2512|2752|3488|5525|5867|6391|7381|63941|121512,ACAT1|ALAD|BCKDHB|FTL|GLUL|IGFBP5|PPP2R5A|RAB4A|SDHC|UQCRB|NECAB3|FGD4,-2.7,0
0,0,0,0,1,0,0,1,0,0,0,0,-4.3,0,0,-2.3,M39047,M00001001,2,0,Cell Type Signatures,7,FAN EMBRYONIC CTX BRAIN NAIVE LIKE T CELL,,-4.3,5.3,5.7,30286,158,325,9,2.8,0.91,87|2113|3106|3669|5698|7128|9235|25816|80774,ACTN1|ETS1|HLA-B|ISG20|PSMB9|TNFAIP3|IL32|TNFAIP8|LIMD2,-2.6,0
1,0,0,1,0,0,1,0,-3.9,0,0,-2.3,0,0,-4.2,0,M39236,M10010010,3,0,Cell Type Signatures,7,LAKE ADULT KIDNEY C17 COLLECTING SYSTEM PCS STRESSED DISSOC SUBSET,,-4.2,4.7,5.5,30286,240,268,10,3.7,1.2,3157|3309|3422|3638|6307|6721|7184|23327|25825|54502,HMGCS1|HSPA5|IDI1|INSIG1|MSMO1|SREBF2|HSP90B1|NEDD4L|BACE2|RBM47,-2.6,0
0,0,0,0,1,0,0,1,0,0,0,0,-4.2,0,0,-2.7,M39131,M00001001,2,0,Cell Type Signatures,7,AIZARANI LIVER C32 MVECS 3,,-4.2,6,5.8,30286,125,325,8,2.5,0.86,87|2919|3106|3490|7453|8828|9235|135112,ACTN1|CXCL1|HLA-B|IGFBP7|WARS1|NRP2|IL32|NCOA7,-2.6,0
0,1,0,0,0,0,1,0,0,-2.1,0,0,0,0,-4.2,0,M39303,M01000010,2,0,Cell Type Signatures,7,CUI DEVELOPING HEART C6 EPICARDIAL CELL,,-4.2,5.2,5.6,30286,195,268,9,3.4,1.1,3959|4061|4257|4942|5352|7076|9985|51303|64116,LGALS3BP|LY6E|MGST1|OAT|PLOD2|TIMP1|REC8|FKBP11|SLC39A8,-2.6,0
0,0,0,1,1,1,0,0,0,0,0,-4.2,-2,-3.2,0,0,M39064,M00011100,3,0,Cell Type Signatures,7,MANNO MIDBRAIN NEUROTYPES HNBML1,,-4.2,4.7,5.4,30286,328,198,10,5.1,1.6,784|3797|4131|5567|6659|23542|23623|79948|89796|221981,CACNB3|KIF3C|MAP1B|PRKACB|SOX4|MAPK8IP2|RUSC1|PLPPR3|NAV1|THSD7A,-2.6,0
1,1,0,0,0,0,0,0,-4.1,-4.2,0,0,0,0,0,0,M40007,M11000000,2,0,Cell Type Signatures,7,BUSSLINGER GASTRIC PREZYMOGENIC CELLS,,-4.2,8.7,6.4,30286,60,349,6,1.7,0.7,2331|3158|8671|10690|64132|342979,FMOD|HMGCS2|SLC4A4|FUT9|XYLT2|PALM3,-2.6,0
0,0,0,0,1,0,0,0,0,0,0,0,-4.2,0,0,0,M39107,M00001000,1,0,Cell Type Signatures,7,AIZARANI LIVER C3 NK NKT CELLS 2,,-4.2,5.2,5.6,30286,162,325,9,2.8,0.91,2113|3106|3726|5734|7128|9235|25816|79668|162394,ETS1|HLA-B|JUNB|PTGER4|TNFAIP3|IL32|TNFAIP8|PARP8|SLFN5,-2.6,0
0,0,0,1,1,1,0,0,0,0,0,-2,-4.2,-4,0,0,M41673,M00011100,3,0,Cell Type Signatures,7,TRAVAGLINI LUNG MYOFIBROBLAST CELL,,-4.2,8.6,6.4,30286,65,325,6,1.8,0.75,1307|3371|4739|6091|56034|115908,COL16A1|TNC|NEDD9|ROBO1|PDGFC|CTHRC1,-2.6,0
0,0,1,1,1,0,0,0,0,0,-2.5,-4.1,-3.3,0,0,0,M41670,M00111000,3,0,Cell Type Signatures,7,TRAVAGLINI LUNG LYMPHATIC CELL,,-4.1,5.9,5.7,30286,209,198,8,4,1.4,2318|2778|4131|7045|7077|9590|90102|339665,FLNC|GNAS|MAP1B|TGFBI|TIMP2|AKAP12|PHLDB2|SLC35E4,-2.6,0
1,0,0,1,0,0,0,0,-2,0,0,-4.1,0,0,0,0,M39171,M10010000,2,0,Cell Type Signatures,7,MURARO PANCREAS PANCREATIC POLYPEPTIDE CELL,,-4.1,6.9,6,30286,155,198,7,3.5,1.3,2778|5567|9590|22836|89927|90427|221981,GNAS|PRKACB|AKAP12|RHOBTB3|BMERB1|BMF|THSD7A,-2.6,0
1,0,0,0,0,0,0,0,-4.1,0,0,0,0,0,0,0,M41747,M10000000,1,0,Cell Type Signatures,7,RUBENSTEIN SKELETAL MUSCLE PCV ENDOTHELIAL CELLS,,-4.1,4.2,5.2,30286,225,354,11,3.1,0.92,678|1191|1915|1975|4059|5204|7048|7178|10491|10577|57509,ZFP36L2|CLU|EEF1A1|EIF4B|BCAM|PFDN5|TGFBR2|TPT1|CRTAP|NPC2|MTUS1,-2.6,0
0,1,0,1,1,1,1,1,0,-2.7,0,-2.6,-4,-2.8,-2.2,-4.1,M39039,M01011111,6,0,Cell Type Signatures,7,FAN EMBRYONIC CTX BRAIN ENDOTHELIAL 1,,-4.1,3.9,5.1,30286,440,214,12,5.6,1.6,2687|3430|4502|5142|7804|8566|10135|10561|10964|23462|196883|641700,GGT5|IFI35|MT2A|PDE4B|LRP8|PDXK|NAMPT|IFI44|IFI44L|HEY1|ADCY4|ECSCR,-2.5,0
0,1,0,0,0,0,0,0,0,-4.1,0,0,0,0,0,0,M40240,M01000000,1,0,Cell Type Signatures,7,DESCARTES FETAL LUNG NEUROENDOCRINE CELLS,,-4.1,6.8,5.9,30286,89,349,7,2,0.75,1644|7276|8431|29881|29974|151258|164656,DDC|TTR|NR0B2|NPC1L1|A1CF|SLC38A11|TMPRSS6,-2.5,0
1,0,0,0,1,1,0,1,-4.1,0,0,0,-2,-2.3,0,-3.5,M41746,M10001101,4,0,Cell Type Signatures,7,RUBENSTEIN SKELETAL MUSCLE SMOOTH MUSCLE CELLS,,-4.1,3.1,4.8,30286,445,354,16,4.5,1.1,689|3488|4059|4869|5037|5204|7381|7388|8667|10412|10491|23637|51386|51390|54985|81618,BTF3|IGFBP5|BCAM|NPM1|PEBP1|PFDN5|UQCRB|UQCRH|EIF3H|NSA2|CRTAP|RABGAP1|EIF3L|AIG1|HCFC1R1|ITM2C,-2.5,0
0,0,0,1,0,1,0,0,0,0,0,-2.1,0,-4.1,0,0,M41672,M00010100,2,0,Cell Type Signatures,7,TRAVAGLINI LUNG VASCULAR SMOOTH MUSCLE CELL,,-4.1,11,6.9,30286,61,220,5,2.3,1,182|800|1266|3306|6876,JAG1|CALD1|CNN3|HSPA2|TAGLN,-2.5,0
0,1,0,0,0,0,0,0,0,-4.1,0,0,0,0,0,0,M40120,M01000000,1,0,Cell Type Signatures,7,DESCARTES MAIN FETAL HEPATOBLASTS,,-4.1,5.7,5.6,30286,122,349,8,2.3,0.8,283|1244|2620|10840|65266|92292|353189|388595,ANG|ABCC2|GAS2|ALDH1L1|WNK4|GLYATL1|SLCO4C1|TMEM82,-2.5,0
1,0,0,0,0,0,0,0,-4,0,0,0,0,0,0,0,M41680,M10000000,1,0,Cell Type Signatures,7,TRAVAGLINI LUNG B CELL,,-4,5,5.4,30286,155,354,9,2.5,0.84,817|1938|6643|10628|23062|25840|55103|55536|201895,CAMK2D|EEF2|SNX2|TXNIP|GGA2|TMT1A|RALGPS2|CDCA7L|SMIM14,-2.5,0
0,0,1,0,0,0,0,0,0,0,-4,0,0,0,0,0,M40281,M00100000,1,0,Cell Type Signatures,7,DESCARTES FETAL PLACENTA IGFBP1 DKK1 POSITIVE CELLS,,-4,6.6,5.8,30286,116,278,7,2.5,0.94,3489|3671|4883|4914|57124|126393|221091,IGFBP6|ISLR|NPR3|NTRK1|CD248|HSPB6|LRRN4CL,-2.5,0
0,1,0,0,0,0,1,0,0,-4,0,0,0,0,-2,0,M39256,M01000010,2,0,Cell Type Signatures,7,MENON FETAL KIDNEY 6 COLLECTING DUCT CELLS,,-4,6.5,5.7,30286,94,349,7,2,0.75,216|4072|10551|22837|55195|55268|114569,ALDH1A1|EPCAM|AGR2|COBLL1|CCDC198|ECHDC2|MAL2,-2.4,0
1,1,1,1,0,0,0,0,-3.9,-3.9,-2.3,-2.2,0,0,0,0,M39224,M11110000,4,0,Cell Type Signatures,7,LAKE ADULT KIDNEY C5 PROXIMAL TUBULE EPITHELIAL CELLS STRESS INFLAM,,-3.9,3.1,4.7,30286,417,349,15,4.3,1.1,1244|3249|5618|6505|7163|8470|8671|9104|10083|29119|51085|55268|113220|114569|284422,ABCC2|HPN|PRLR|SLC1A1|TPD52|SORBS2|SLC4A4|RGN|USH1C|CTNNA3|MLXIPL|ECHDC2|KIF12|MAL2|SMIM24,-2.4,0
1,1,0,0,0,0,1,0,-2.3,-3.9,0,0,0,0,-2.8,0,M41657,M11000010,3,0,Cell Type Signatures,7,TRAVAGLINI LUNG SEROUS CELL,,-3.9,6.4,5.7,30286,95,349,7,2,0.75,760|2628|4069|5360|7164|10840|57535,CA2|GATM|LYZ|PLTP|TPD52L1|ALDH1L1|ELAPOR1,-2.4,0
0,0,0,1,0,0,1,0,0,0,0,-3.9,0,0,-3.8,0,M39017,M00010010,2,0,Cell Type Signatures,7,FAN EMBRYONIC CTX BIG GROUPS CAJAL RETZIUS,,-3.9,3.7,4.9,30286,499,198,12,6.1,1.7,1382|4741|5834|6804|7162|8933|10493|10867|23467|25878|56288|221981,CRABP2|NEFM|PYGB|STX1A|TPBG|RTL8C|VAT1|TSPAN9|NPTXR|MXRA5|PARD3|THSD7A,-2.4,0
1,0,0,0,0,0,0,1,-3.9,0,0,0,0,0,0,-2.7,M39242,M10000001,2,0,Cell Type Signatures,7,LAKE ADULT KIDNEY C23 ENDOTHELIAL CELLS AVR,,-3.9,5.4,5.4,30286,126,354,8,2.3,0.79,1915|2512|3488|4869|7048|7178|10399|10628,EEF1A1|FTL|IGFBP5|NPM1|TGFBR2|TPT1|RACK1|TXNIP,-2.4,0
0,0,0,0,0,0,1,0,0,0,0,0,0,0,-3.9,0,M40079,M00000010,1,0,Cell Type Signatures,7,DESCARTES MAIN FETAL ADRENOCORTICAL CELLS,,-3.9,7.7,6,30286,88,268,6,2.2,0.9,1717|1718|3156|3329|6307|80777,DHCR7|DHCR24|HMGCR|HSPD1|MSMO1|CYB5B,-2.4,0
0,0,0,0,0,0,1,0,0,0,0,0,0,0,-3.9,0,M39100,M00000010,1,0,Cell Type Signatures,7,ZHONG PFC C1 ASTROCYTE,,-3.9,15,7.3,30286,30,268,4,1.5,0.74,120|1717|55276|326625,ADD3|DHCR7|PGM2|MMAB,-2.4,0
0,1,0,0,0,0,0,0,0,-3.8,0,0,0,0,0,0,M39189,M01000000,1,0,Cell Type Signatures,7,HAY BONE MARROW CD34 POS PRE B,,-3.8,6.2,5.6,30286,98,349,7,2,0.75,259|651|9771|54097|57214|79730|113220,AMBP|BMP3|RAPGEF5|FAM3B|CEMIP|NSUN7|KIF12,-2.4,0
1,0,0,0,0,0,0,0,-3.8,0,0,0,0,0,0,0,M39182,M10000000,1,0,Cell Type Signatures,7,HAY BONE MARROW CD34 POS HSC,,-3.8,5.3,5.3,30286,129,354,8,2.3,0.79,689|1938|2122|4666|8664|10399|51386|84650,BTF3|EEF2|MECOM|NACA|EIF3D|RACK1|EIF3L|EBPL,-2.4,0
0,0,0,0,1,0,0,0,0,0,0,0,-3.8,0,0,0,M41701,M00001000,1,0,Cell Type Signatures,7,TRAVAGLINI LUNG NONCLASSICAL MONOCYTE CELL,,-3.8,4.7,5.1,30286,180,325,9,2.8,0.91,1318|1890|5452|7453|9473|9636|23406|51363|84957,SLC31A2|TYMP|POU2F2|WARS1|THEMIS2|ISG15|COTL1|CHST15|RELT,-2.3,0
1,0,0,0,0,0,0,0,-3.8,0,0,0,0,0,0,0,M41704,M10000000,1,0,Cell Type Signatures,7,FAN OVARY CL2 PUTATIVE EARLY ATRETIC FOLLICLE THECAL CELL 1,,-3.8,6.1,5.5,30286,98,354,7,2,0.74,3488|5037|5166|5204|6414|6767|7381,IGFBP5|PEBP1|PDK4|PFDN5|SELENOP|ST13|UQCRB,-2.3,0
0,0,1,0,0,0,0,0,0,0,-3.8,0,0,0,0,0,M39026,M00100000,1,0,Cell Type Signatures,7,FAN EMBRYONIC CTX EX 4 EXCITATORY NEURON,,-3.8,5.3,5.3,30286,166,278,8,2.9,1,775|3714|6326|8425|8786|10188|10290|54862,CACNA1C|JAG2|SCN2A|LTBP4|RGS11|TNK2|SPEG|CC2D1A,-2.3,0
1,1,1,0,0,0,0,0,-2.4,-3.8,-3,0,0,0,0,0,M39234,M11100000,3,0,Cell Type Signatures,7,LAKE ADULT KIDNEY C15 CONNECTING TUBULE,,-3.8,4.6,5.1,30286,171,349,9,2.6,0.85,549|987|5314|22837|51473|55195|55366|57619|83943,AUH|LRBA|PKHD1|COBLL1|DCDC2|CCDC198|LGR4|SHROOM3|IMMP2L,-2.3,0
0,1,0,0,0,0,0,0,0,-3.7,0,0,0,0,0,0,M39149,M01000000,1,0,Cell Type Signatures,7,GAO SMALL INTESTINE 24W C6 GOBLET CELLS,,-3.7,9.4,6.2,30286,46,349,5,1.4,0.64,6035|8537|54097|55808|83998,RNASE1|BCAS1|FAM3B|ST6GALNAC1|REG4,-2.3,0
1,0,0,0,0,0,0,0,-3.7,0,0,0,0,0,0,0,M41661,M10000000,1,0,Cell Type Signatures,7,TRAVAGLINI LUNG SIGNALING ALVEOLAR EPITHELIAL TYPE 2 CELL,,-3.7,7.2,5.7,30286,71,354,6,1.7,0.69,5372|5525|10577|10628|57509|63941,PMM1|PPP2R5A|NPC2|TXNIP|MTUS1|NECAB3,-2.3,0
0,1,0,0,0,0,1,0,0,-3.7,0,0,0,0,-2.1,0,M41660,M01000010,2,0,Cell Type Signatures,7,TRAVAGLINI LUNG ALVEOLAR EPITHELIAL TYPE 2 CELL,,-3.7,5.1,5.2,30286,136,349,8,2.3,0.8,760|2203|2330|4582|7164|7273|10555|11261,CA2|FBP1|FMO5|MUC1|TPD52L1|TTN|AGPAT2|CHP1,-2.3,0
0,0,0,0,1,0,1,0,0,0,0,0,-3.7,0,-2,0,M39301,M00001010,2,0,Cell Type Signatures,7,CUI DEVELOPING HEART C4 ENDOTHELIAL CELL,,-3.7,5.1,5.2,30286,146,325,8,2.5,0.86,1889|2113|3678|4478|5420|8323|8828|115908,ECE1|ETS1|ITGA5|MSN|PODXL|FZD6|NRP2|CTHRC1,-2.3,0
0,0,0,0,0,0,1,0,0,0,0,0,0,0,-3.6,0,M39263,M00000010,1,0,Cell Type Signatures,7,HU FETAL RETINA BLOOD,,-3.6,4,4.8,30286,282,268,10,3.7,1.2,120|1371|2184|2590|3087|4257|8804|9588|54443|64116,ADD3|CPOX|FAH|GALNT2|HHEX|MGST1|CREG1|PRDX6|ANLN|SLC39A8,-2.2,0
0,0,0,0,1,1,0,1,0,0,0,0,-3.6,-2.6,0,-2.2,M40157,M00001101,3,0,Cell Type Signatures,7,DESCARTES FETAL CEREBELLUM MICROGLIA,,-3.6,2.6,4.3,30286,642,325,18,5.5,1.3,272|752|1326|1435|1890|1959|3383|3576|3656|5293|5734|6776|9308|10148|10333|11010|79651|374655,AMPD3|FMNL1|MAP3K8|CSF1|TYMP|EGR2|ICAM1|CXCL8|IRAK2|PIK3CD|PTGER4|STAT5A|CD83|EBI3|TLR6|GLIPR1|RHBDF2|ZNF710,-2.2,0
1,0,0,0,0,0,0,0,-3.6,0,0,0,0,0,0,0,M41753,M10000000,1,0,Cell Type Signatures,7,RUBENSTEIN SKELETAL MUSCLE B CELLS,,-3.6,4.4,4.9,30286,177,354,9,2.5,0.84,1915|1974|4869|5204|6643|8635|10399|10961|54964,EEF1A1|EIF4A2|NPM1|PFDN5|SNX2|RNASET2|RACK1|ERP29|C1orf56,-2.2,0
0,0,1,0,0,0,0,1,0,0,-3.6,0,0,0,0,-2.1,M40135,M00100001,2,0,Cell Type Signatures,7,DESCARTES MAIN FETAL IGFBP1 DKK1 POSITIVE CELLS,,-3.6,4.9,5,30286,178,278,8,2.9,1,3489|3671|4239|10417|51226|57124|126393|221091,IGFBP6|ISLR|MFAP4|SPON2|COPZ2|CD248|HSPB6|LRRN4CL,-2.2,0
1,1,1,0,0,0,0,0,-3.6,-2.2,-2,0,0,0,0,0,M39235,M11100000,3,0,Cell Type Signatures,7,LAKE ADULT KIDNEY C16 COLLECTING SYSTEM PRINCIPAL CELLS CORTEX,,-3.6,4.9,5,30286,141,354,8,2.3,0.79,288|2122|3912|5071|5578|6595|9910|79582,ANK3|MECOM|LAMB1|PRKN|PRKCA|SMARCA2|RABGAP1L|SPAG16,-2.2,0
0,0,0,0,1,0,1,0,0,0,0,0,-2.3,0,-3.6,0,M39218,M00001010,2,0,Cell Type Signatures,7,ZHENG CORD BLOOD C9 GRANULOCYTE MACROPHAGE PROGENITOR,,-3.6,6.8,5.5,30286,100,268,6,2.2,0.9,821|2023|3329|4925|7184|55771,CANX|ENO1|HSPD1|NUCB2|HSP90B1|PRR11,-2.2,0
0,1,1,0,0,0,0,0,0,-3.5,-3.2,0,0,0,0,0,M40228,M01100000,2,0,Cell Type Signatures,7,DESCARTES FETAL LIVER MESOTHELIAL CELLS,,-3.5,3.4,4.5,30286,310,349,12,3.4,0.98,2125|2621|8671|9912|29119|84418|84451|132014|201501|222537|285220|341676,EVPL|GAS6|SLC4A4|ARHGAP44|CTNNA3|CYSTM1|MAP3K21|IL17RE|ZBTB7C|HS3ST5|EPHA6|NEK5,-2.2,0
0,1,0,0,0,1,0,1,0,-2.1,0,0,0,-2.4,0,-3.5,M40167,M01000101,3,0,Cell Type Signatures,7,DESCARTES FETAL CEREBRUM VASCULAR ENDOTHELIAL CELLS,,-3.5,3.1,4.4,30286,585,214,13,6.1,1.6,2687|4502|4939|6628|7424|9966|11030|53947|80833|196883|387763|415116|641700,GGT5|MT2A|OAS2|SNRPB|VEGFC|TNFSF15|RBPMS|A4GALT|APOL3|ADCY4|C11orf96|PIM3|ECSCR,-2.1,0
0,0,0,0,1,0,0,0,0,0,0,0,-3.5,0,0,0,M39105,M00001000,1,0,Cell Type Signatures,7,AIZARANI LIVER C1 NK NKT CELLS 1,,-3.5,4.7,4.9,30286,157,325,8,2.5,0.86,2113|3106|3669|8073|9235|79668|162394|170954,ETS1|HLA-B|ISG20|PTP4A2|IL32|PARP8|SLFN5|PPP1R18,-2.1,0
0,0,0,0,0,1,0,0,0,0,0,0,0,-3.5,0,0,M39312,M00000100,1,0,Cell Type Signatures,7,CUI DEVELOPING HEART 5TH WEEK VENTRICULAR CARDIOMYOCYTE,,-3.5,8.5,5.8,30286,81,220,5,2.3,1,58|4879|9638|11149|84617,ACTA1|NPPB|FEZ1|BVES|TUBB6,-2.1,0
0,0,0,0,0,0,0,1,0,0,0,0,0,0,0,-3.5,M41687,M00000001,1,0,Cell Type Signatures,7,TRAVAGLINI LUNG PROLIFERATING NK T CELL,,-3.5,6.6,5.4,30286,129,214,6,2.8,1.1,1854|5757|6628|7283|10383|55839,DUT|PTMA|SNRPB|TUBG1|TUBB4B|CENPN,-2.1,0
1,0,0,0,0,0,0,1,-3.5,0,0,0,0,0,0,-2.6,M39048,M10000001,2,0,Cell Type Signatures,7,MANNO MIDBRAIN NEUROTYPES BASAL,,-3.5,6.5,5.3,30286,79,354,6,1.7,0.69,1915|1937|1938|1974|5204|7381,EEF1A1|EEF1G|EEF2|EIF4A2|PFDN5|UQCRB,-2.1,0
0,0,1,0,1,0,0,0,0,0,-2.1,0,-3.5,0,0,0,M39247,M00101000,2,0,Cell Type Signatures,7,LAKE ADULT KIDNEY C28 INTERSTITIUM,,-3.5,6.5,5.3,30286,86,325,6,1.8,0.75,1282|1284|3371|3490|7168|64778,COL4A1|COL4A2|TNC|IGFBP7|TPM1|FNDC3B,-2.1,0
0,0,0,0,1,1,0,0,0,0,0,0,-2.5,-3.5,0,0,M40080,M00001100,2,0,Cell Type Signatures,7,DESCARTES MAIN FETAL MICROGLIA,,-3.5,5.4,5.1,30286,178,220,7,3.2,1.2,241|5724|7124|8569|9448|84002|84230,ALOX5AP|PTAFR|TNF|MKNK1|MAP4K4|B3GNT5|LRRC8C,-2.1,0
1,1,0,0,0,1,0,0,-2.9,-3.5,0,0,0,-3.4,0,0,M39057,M11000100,3,0,Cell Type Signatures,7,MANNO MIDBRAIN NEUROTYPES HRGL1,,-3.5,3.1,4.4,30286,364,349,13,3.7,1,1124|3170|5360|7018|7033|23576|55268|57619|80975|84532|128344|219681|642574,CHN2|FOXA2|PLTP|TF|TFF3|DDAH1|ECHDC2|SHROOM3|TMPRSS5|ACSS1|CIMAP3|ARMC3|IQANK1,-2.1,0
0,1,0,0,0,0,0,0,0,-3.4,0,0,0,0,0,0,M39295,M01000000,1,0,Cell Type Signatures,7,DURANTE ADULT OLFACTORY NEUROEPITHELIUM OLFACTORY MICROVILLAR CELLS,,-3.4,8.2,5.7,30286,53,349,5,1.4,0.64,1365|4072|7163|51280|54097,CLDN3|EPCAM|TPD52|GOLM1|FAM3B,-2.1,0
0,1,0,0,0,0,0,0,0,-3.4,0,0,0,0,0,0,M39290,M01000000,1,0,Cell Type Signatures,7,DURANTE ADULT OLFACTORY NEUROEPITHELIUM OLFACTORY ENSHEATHING GLIA,,-3.4,5.3,5,30286,115,349,7,2,0.75,216|341|2065|6035|7103|8470|9625,ALDH1A1|APOC1|ERBB3|RNASE1|TSPAN8|SORBS2|AATK,-2.1,0
1,0,1,0,0,0,0,0,-3.4,0,-2.5,0,0,0,0,0,M41707,M10100000,2,0,Cell Type Signatures,7,FAN OVARY CL5 HEALTHY SELECTABLE FOLLICLE THECAL CELL,,-3.4,3.2,4.3,30286,318,354,12,3.4,0.96,1938|3912|5156|7205|9380|10370|10801|22795|55186|57509|81618|112483,EEF2|LAMB1|PDGFRA|TRIP6|GRHPR|CITED2|SEPTIN9|NID2|SLC25A36|MTUS1|ITM2C|SAT2,-2,0
0,1,0,0,0,0,0,0,0,-3.4,0,0,0,0,0,0,M40037,M01000000,1,0,Cell Type Signatures,7,BUSSLINGER DUODENAL EC CELLS,,-3.4,11,6.1,30286,31,349,4,1.1,0.57,1644|7033|7276|83998,DDC|TFF3|TTR|REG4,-2,0
1,0,0,0,0,0,0,0,-3.4,0,0,0,0,0,0,0,M39082,M10000000,1,0,Cell Type Signatures,7,ZHONG PFC C9 ORG OTHER,,-3.4,6.2,5.1,30286,83,354,6,1.7,0.69,1191|2878|27131|51084|57447|81618,CLU|GPX3|SNX5|CRYL1|NDRG2|ITM2C,-2,0
1,0,0,0,1,0,1,0,-3.4,0,0,0,-2.4,0,-2.3,0,M41718,M10001010,3,0,Cell Type Signatures,7,FAN OVARY CL16 LYMPHATIC ENDOTHELIAL CELL,,-3.4,3.7,4.5,30286,232,354,10,2.8,0.88,2|1191|2217|4774|6414|6643|7048|10577|10628|57509,A2M|CLU|FCGRT|NFIA|SELENOP|SNX2|TGFBR2|NPC2|TXNIP|MTUS1,-2,0
0,1,0,0,0,0,0,0,0,-3.4,0,0,0,0,0,0,M40241,M01000000,1,0,Cell Type Signatures,7,DESCARTES FETAL LUNG CILIATED EPITHELIAL CELLS,,-3.4,2.6,4.1,30286,525,349,16,4.6,1.1,729|2939|11001|64147|79838|84229|89944|127733|128344|155465|201625|219681|341676|388743|642574|100130933,C6|GSTA2|SLC27A2|KIF9|TMC5|DRC7|GLB1L2|UBXN10|CIMAP3|AGR3|DNAH12|ARMC3|NEK5|CAPN8|IQANK1|SMIM6,-2,0
0,1,0,0,1,0,0,0,0,-3.4,0,0,-2.8,0,0,0,M40158,M01001000,2,0,Cell Type Signatures,7,DESCARTES FETAL CEREBELLUM VASCULAR ENDOTHELIAL CELLS,,-3.4,2.5,4,30286,632,349,18,5.2,1.2,682|760|1800|6286|7273|9452|22837|23584|27284|51162|54855|55040|55808|120425|123099|140462|151258|285025,BSG|CA2|DPEP1|S100P|TTN|ITM2A|COBLL1|VSIG2|SULT1B1|EGFL7|TENT5C|EPN3|ST6GALNAC1|JAML|DEGS2|ASB9|SLC38A11|CCDC141,-2,0
0,1,0,0,0,0,0,0,0,-3.3,0,0,0,0,0,0,M40292,M01000000,1,0,Cell Type Signatures,7,DESCARTES FETAL SPLEEN MESOTHELIAL CELLS,,-3.3,4,4.5,30286,195,349,9,2.6,0.85,651|6337|7164|8671|9912|10397|84418|114569|341676,BMP3|SCNN1A|TPD52L1|SLC4A4|ARHGAP44|NDRG1|CYSTM1|MAL2|NEK5,-2,0
0,0,0,0,1,0,1,0,0,0,0,0,-3.1,0,-3.3,0,M39204,M00001010,2,0,Cell Type Signatures,7,HAY BONE MARROW NK CELLS,,-3.3,3.4,4.3,30286,370,268,11,4.1,1.2,2923|3422|4597|6775|10682|10959|11118|51150|57646|80777|147968,PDIA3|IDI1|MVD|STAT4|EBP|TMED2|BTN3A2|SDF4|USP28|CYB5B|CAPN12,-2,0
0,0,1,1,0,1,0,0,0,0,-3.1,-3.3,0,-2.9,0,0,M39067,M00110100,3,0,Cell Type Signatures,7,MANNO MIDBRAIN NEUROTYPES HDA,,-3.3,3.3,4.3,30286,506,198,11,5.6,1.6,4131|4784|5090|5567|9590|29767|51101|55558|57469|64753|130026,MAP1B|NFIX|PBX3|PRKACB|AKAP12|TMOD2|ZC2HC1A|PLXNA3|PNMA8B|CCDC136|ICA1L,-2,0
0,1,0,0,0,0,0,0,0,-3.3,0,0,0,0,0,0,M39283,M01000000,1,0,Cell Type Signatures,7,DURANTE ADULT OLFACTORY NEUROEPITHELIUM BOWMANS GLAND,,-3.3,11,5.9,30286,33,349,4,1.1,0.57,2938|4069|6035|57535,GSTA1|LYZ|RNASE1|ELAPOR1,-2,0
1,1,0,0,0,0,0,0,-3.2,-2.5,0,0,0,0,0,0,M40009,M11000000,2,0,Cell Type Signatures,7,BUSSLINGER GASTRIC PPP1R1B POSITIVE CELLS,,-3.2,4.9,4.7,30286,121,354,7,2,0.74,1191|1915|1937|1938|3615|4869|10399,CLU|EEF1A1|EEF1G|EEF2|IMPDH2|NPM1|RACK1,-1.9,0
0,0,0,0,0,1,0,0,0,0,0,0,0,-3.2,0,0,M39279,M00000100,1,0,Cell Type Signatures,7,DURANTE ADULT OLFACTORY NEUROEPITHELIUM VASCULAR SMOOTH MUSCLE CELLS,,-3.2,7.4,5.3,30286,93,220,5,2.3,1,800|2669|4616|6876|7041,CALD1|GEM|GADD45B|TAGLN|TGFB1I1,-1.9,0
0,0,1,1,1,0,0,1,0,0,-3.2,-2.3,-3.2,0,0,-2.1,M39128,M00111001,4,0,Cell Type Signatures,7,AIZARANI LIVER C29 MVECS 2,,-3.2,3.3,4.2,30286,313,325,11,3.4,1,87|1465|1889|3490|3678|4739|5054|7453|7980|79567|135112,ACTN1|CSRP1|ECE1|IGFBP7|ITGA5|NEDD9|SERPINE1|WARS1|TFPI2|RIPOR1|NCOA7,-1.9,0
0,0,0,0,1,0,0,0,0,0,0,0,-3.2,0,0,0,M39133,M00001000,1,0,Cell Type Signatures,7,AIZARANI LIVER C34 MHC II POS B CELLS,,-3.2,4.9,4.7,30286,134,325,7,2.2,0.81,1326|3669|3732|5452|9308|10333|80774,MAP3K8|ISG20|CD82|POU2F2|CD83|TLR6|LIMD2,-1.9,0
0,1,0,0,0,0,0,0,0,-3.2,0,0,0,0,0,0,M40138,M01000000,1,0,Cell Type Signatures,7,DESCARTES MAIN FETAL PARIETAL AND CHIEF CELLS,,-3.2,4.9,4.7,30286,125,349,7,2,0.75,8431|10110|23584|55040|84451|115019|401546,NR0B2|SGK2|VSIG2|EPN3|MAP3K21|SLC26A9|C9orf152,-1.9,0
0,1,0,0,1,0,1,0,0,-3.2,0,0,-2.6,0,-3.1,0,M41656,M01001010,3,0,Cell Type Signatures,7,TRAVAGLINI LUNG MUCOUS CELL,,-3.2,4.9,4.7,30286,125,349,7,2,0.75,1075|6286|6652|7033|7103|8671|79838,CTSC|S100P|SORD|TFF3|TSPAN8|SLC4A4|TMC5,-1.9,0
0,0,0,0,0,0,0,1,0,0,0,0,0,0,0,-3.2,M39215,M00000001,1,0,Cell Type Signatures,7,ZHENG CORD BLOOD C6 HSC MULTIPOTENT PROGENITOR,,-3.2,7.3,5.2,30286,97,214,5,2.3,1,5552|6772|7133|10135|415116,SRGN|STAT1|TNFRSF1B|NAMPT|PIM3,-1.9,0
0,0,0,0,0,0,1,0,0,0,0,0,0,0,-3.2,0,M39033,M00000010,1,0,Cell Type Signatures,7,FAN EMBRYONIC CTX ASTROCYTE 1,,-3.2,7.2,5.2,30286,79,268,5,1.9,0.83,230|1528|4047|9415|129080,ALDOC|CYB5A|LSS|FADS2|EMID1,-1.9,0
0,0,0,0,0,0,1,0,0,0,0,0,0,0,-3.2,0,M39188,M00000010,1,0,Cell Type Signatures,7,HAY BONE MARROW CD34 POS MULTILIN,,-3.2,17,6.7,30286,20,268,3,1.1,0.64,2023|4925|51768,ENO1|NUCB2|TM7SF3,-1.9,0
1,0,0,0,1,0,0,0,-2.2,0,0,0,-3.2,0,0,0,M39127,M10001000,2,0,Cell Type Signatures,7,AIZARANI LIVER C28 NK NKT CELLS 6,,-3.2,5.6,4.8,30286,99,325,6,1.8,0.75,2113|3726|5734|7128|79668|283635,ETS1|JUNB|PTGER4|TNFAIP3|PARP8|FAM177A1,-1.9,0
0,0,0,0,0,0,1,0,0,0,0,0,0,0,-3.1,0,M39281,M00000010,1,0,Cell Type Signatures,7,DURANTE ADULT OLFACTORY NEUROEPITHELIUM PLASMA CELLS,,-3.1,16,6.6,30286,21,268,3,1.1,0.64,6748|7184|51303,SSR4|HSP90B1|FKBP11,-1.8,0
1,0,0,0,1,0,0,0,-2.3,0,0,0,-3.1,0,0,0,M41712,M10001000,2,0,Cell Type Signatures,7,FAN OVARY CL10 PUTATIVE EARLY ATRESIA GRANULOSA CELL,,-3.1,3.4,4.2,30286,274,325,10,3.1,0.96,5216|5685|5688|5690|5694|5700|5702|6484|51371|51647,PFN1|PSMA4|PSMA7|PSMB2|PSMB6|PSMC1|PSMC3|ST3GAL4|POMP|CIAO2B,-1.8,0
0,0,0,0,1,0,0,0,0,0,0,0,-3.1,0,0,0,M39259,M00001000,1,0,Cell Type Signatures,7,MENON FETAL KIDNEY 9 ENDOTHELIAL CELLS,,-3.1,5.5,4.7,30286,102,325,6,1.8,0.75,1282|1284|2113|3106|4478|23406,COL4A1|COL4A2|ETS1|HLA-B|MSN|COTL1,-1.8,0
1,1,1,0,0,0,0,0,-2.3,-3.1,-2.9,0,0,0,0,0,M41662,M11100000,3,0,Cell Type Signatures,7,TRAVAGLINI LUNG ARTERY CELL,,-3.1,4.6,4.5,30286,131,349,7,2,0.75,476|1075|5360|5801|6035|23731|54810,ATP1A1|CTSC|PLTP|PTPRR|RNASE1|TMEM245|GIPC2,-1.8,0
0,0,0,0,1,0,0,0,0,0,0,0,-3.1,0,0,0,M41663,M00001000,1,0,Cell Type Signatures,7,TRAVAGLINI LUNG VEIN CELL,,-3.1,9.3,5.5,30286,40,325,4,1.2,0.61,2920|3383|7128|135112,CXCL2|ICAM1|TNFAIP3|NCOA7,-1.8,0
0,0,0,1,0,0,0,0,0,0,0,-3.1,0,0,0,0,M40134,M00010000,1,0,Cell Type Signatures,7,DESCARTES MAIN FETAL TROPHOBLAST GIANT CELLS,,-3.1,5.4,4.7,30286,169,198,6,3,1.2,1857|8291|22836|23309|81544|90102,DVL3|DYSF|RHOBTB3|SIN3B|GDPD5|PHLDB2,-1.8,0
0,1,0,0,0,0,0,0,0,-3,0,0,0,0,0,0,M39136,M01000000,1,0,Cell Type Signatures,7,GAO ESOPHAGUS 25W C1 CILIATED EPITHELIAL CELLS,,-3,2.7,3.9,30286,457,349,14,4,1.1,216|5002|7033|11001|51473|53832|55366|55638|64147|79838|127733|201625|219681|341676,ALDH1A1|SLC22A18|TFF3|SLC27A2|DCDC2|IL20RA|LGR4|SYBU|KIF9|TMC5|UBXN10|DNAH12|ARMC3|NEK5,-1.8,0
0,0,0,0,1,0,0,0,0,0,0,0,-3,0,0,0,M41682,M00001000,1,0,Cell Type Signatures,7,TRAVAGLINI LUNG CD8 NAIVE T CELL,,-3,4.5,4.4,30286,144,325,7,2.2,0.81,2113|3106|3669|5216|8073|9235|162394,ETS1|HLA-B|ISG20|PFN1|PTP4A2|IL32|SLFN5,-1.8,0
0,0,0,0,1,0,0,0,0,0,0,0,-3,0,0,0,M39320,M00001000,1,0,Cell Type Signatures,7,CUI DEVELOPING HEART CORONARY VASCULAR ENDOTHELIAL CELL,,-3,9.1,5.4,30286,41,325,4,1.2,0.61,1282|1284|3106|3490,COL4A1|COL4A2|HLA-B|IGFBP7,-1.8,0
0,0,1,0,0,0,0,0,0,0,-3,0,0,0,0,0,M39230,M00100000,1,0,Cell Type Signatures,7,LAKE ADULT KIDNEY C11 THIN ASCENDING LIMB,,-3,4.5,4.4,30286,169,278,7,2.5,0.94,1946|4649|5793|23254|25992|93986|115548,EFNA5|MYO9A|PTPRG|KAZN|SNED1|FOXP2|FCHO2,-1.8,0
0,0,0,0,1,0,0,0,0,0,0,0,-3,0,0,0,M39317,M00001000,1,0,Cell Type Signatures,7,CUI DEVELOPING HEART CARDIAC FIBROBLASTS,,-3,5.3,4.6,30286,106,325,6,1.8,0.75,1465|6236|7168|9235|26002|27063,CSRP1|RRAD|TPM1|IL32|MOXD1|ANKRD1,-1.8,0
0,0,0,0,1,0,0,0,0,0,0,0,-3,0,0,0,M41664,M00001000,1,0,Cell Type Signatures,7,TRAVAGLINI LUNG CAPILLARY AEROCYTE CELL,,-3,8.9,5.3,30286,42,325,4,1.2,0.61,5054|6274|9235|9308,SERPINE1|S100A3|IL32|CD83,-1.8,0
0,0,0,1,0,0,0,0,0,0,0,-2.9,0,0,0,0,M39245,M00010000,1,0,Cell Type Signatures,7,LAKE ADULT KIDNEY C26 MESANGIAL CELLS,,-2.9,5.2,4.5,30286,177,198,6,3,1.2,659|989|3337|7082|9043|9590,BMPR2|SEPTIN7|DNAJB1|TJP1|SPAG9|AKAP12,-1.8,0
0,1,0,0,0,0,0,0,0,-2.9,0,0,0,0,0,0,M40130,M01000000,1,0,Cell Type Signatures,7,DESCARTES MAIN FETAL DUCTAL CELLS,,-2.9,6.3,4.7,30286,69,349,5,1.4,0.64,476|3110|8416|8671|113220,ATP1A1|MNX1|ANXA9|SLC4A4|KIF12,-1.7,0
0,1,0,0,0,0,1,0,0,-2.9,0,0,0,0,-2.1,0,M40004,M01000010,2,0,Cell Type Signatures,7,BUSSLINGER ESOPHAGEAL LATE SUPRABASAL CELLS,,-2.9,4.3,4.3,30286,140,349,7,2,0.75,2125|4680|8796|10205|10397|54097|114569,EVPL|CEACAM6|SCEL|MPZL2|NDRG1|FAM3B|MAL2,-1.7,0
1,0,1,1,0,0,0,0,-2.4,0,-2.2,-2.8,0,0,0,0,M39132,M10110000,3,0,Cell Type Signatures,7,AIZARANI LIVER C33 STELLATE CELLS 2,,-2.8,6.1,4.6,30286,126,198,5,2.5,1.1,2778|4131|4854|7431|55752,GNAS|MAP1B|NOTCH3|VIM|SEPTIN11,-1.7,0
0,0,1,0,0,0,0,0,0,0,-2.8,0,0,0,0,0,M39250,M00100000,1,0,Cell Type Signatures,7,MENON FETAL KIDNEY 0 CAP MESENCHYME CELLS,,-2.8,6.1,4.6,30286,90,278,5,1.8,0.8,4212|4820|9126|11165|11168,MEIS2|NKTR|SMC3|NUDT3|PSIP1,-1.7,0
0,0,0,0,0,1,0,0,0,0,0,0,0,-2.8,0,0,M39062,M00000100,1,0,Cell Type Signatures,7,MANNO MIDBRAIN NEUROTYPES HNPROG,,-2.8,4.2,4.2,30286,229,220,7,3.2,1.2,2027|2787|7476|10381|10763|29114|51676,ENO3|GNG5|WNT7A|TUBB3|NES|TAGLN3|ASB2,-1.7,0
0,0,0,0,1,0,0,0,0,0,0,0,-2.8,0,0,0,M39304,M00001000,1,0,Cell Type Signatures,7,CUI DEVELOPING HEART C7 MAST CELL,,-2.8,4.2,4.1,30286,156,325,7,2.2,0.81,1983|3301|3976|4792|7128|8509|9308,EIF5|DNAJA1|LIF|NFKBIA|TNFAIP3|NDST2|CD83,-1.7,0
0,0,0,1,0,0,0,0,0,0,0,-2.8,0,0,0,0,M39296,M00010000,1,0,Cell Type Signatures,7,DURANTE ADULT OLFACTORY NEUROEPITHELIUM GLOBOSE BASAL CELLS,,-2.8,13,5.8,30286,35,198,3,1.5,0.87,4131|6659|92312,MAP1B|SOX4|MEX3A,-1.7,0
0,1,0,0,0,0,0,0,0,-2.8,0,0,0,0,0,0,M39172,M01000000,1,0,Cell Type Signatures,7,MURARO PANCREAS EPSILON CELL,,-2.8,7.9,4.9,30286,44,349,4,1.1,0.57,183|7104|9032|165679,AGT|TM4SF4|TM4SF5|SPTSSB,-1.7,0
0,0,0,0,1,1,0,0,0,0,0,0,-2.6,-2.8,0,0,M40314,M00001100,2,0,Cell Type Signatures,7,DESCARTES FETAL THYMUS ANTIGEN PRESENTING CELLS,,-2.8,4.8,4.3,30286,172,220,6,2.7,1.1,5724|6624|11031|27071|29933|80045,PTAFR|FSCN1|RAB31|DAPP1|GPR132|GPR157,-1.6,0
0,1,0,0,0,0,0,0,0,-2.8,0,0,0,0,0,0,M40192,M01000000,1,0,Cell Type Signatures,7,DESCARTES FETAL HEART EPICARDIAL FAT CELLS,,-2.8,4.7,4.2,30286,110,349,6,1.7,0.7,7348|8671|8796|114569|127733|222171,UPK1B|SLC4A4|SCEL|MAL2|UBXN10|PRR15,-1.6,0
0,1,0,0,0,0,0,0,0,-2.8,0,0,0,0,0,0,M40169,M01000000,1,0,Cell Type Signatures,7,DESCARTES FETAL CEREBRUM OLIGODENDROCYTES,,-2.8,5.8,4.5,30286,75,349,5,1.4,0.64,2065|2705|7368|8537|9514,ERBB3|GJB1|UGT8|BCAS1|GAL3ST1,-1.6,0
0,0,0,0,1,0,0,0,0,0,0,0,-2.7,0,0,0,M39282,M00001000,1,0,Cell Type Signatures,7,DURANTE ADULT OLFACTORY NEUROEPITHELIUM MACROPHAGES,,-2.7,5.8,4.5,30286,81,325,5,1.5,0.68,1890|5329|9308|10981|23406,TYMP|PLAUR|CD83|RAB32|COTL1,-1.6,0
0,0,0,0,1,0,0,0,0,0,0,0,-2.7,0,0,0,M39130,M00001000,1,0,Cell Type Signatures,7,AIZARANI LIVER C31 KUPFFER CELLS 5,,-2.7,4.7,4.2,30286,120,325,6,1.8,0.75,5329|5452|7453|11177|23406|51312,PLAUR|POU2F2|WARS1|BAZ1A|COTL1|SLC25A37,-1.6,0
0,1,0,0,0,0,0,0,0,-2.7,0,0,0,0,0,0,M41696,M01000000,1,0,Cell Type Signatures,7,TRAVAGLINI LUNG IGSF21 DENDRITIC CELL,,-2.7,7.5,4.8,30286,46,349,4,1.1,0.57,2628|4481|5360|6035,GATM|MSR1|PLTP|RNASE1,-1.6,0
0,0,0,0,0,0,1,0,0,0,0,0,0,0,-2.7,0,M39099,M00000010,1,0,Cell Type Signatures,7,ZHONG PFC C4 PTGDS POS OPC,,-2.7,4.6,4.1,30286,147,268,6,2.2,0.9,950|1717|3157|6307|51768|79932,SCARB2|DHCR7|HMGCS1|MSMO1|TM7SF3|KIAA0319L,-1.6,0
0,0,0,0,1,0,0,0,0,0,0,0,-2.7,0,0,0,M39287,M00001000,1,0,Cell Type Signatures,7,DURANTE ADULT OLFACTORY NEUROEPITHELIUM NK CELLS,,-2.7,5.5,4.3,30286,84,325,5,1.5,0.68,3106|5216|5698|9235|80774,HLA-B|PFN1|PSMB9|IL32|LIMD2,-1.6,0
0,0,0,0,1,0,0,0,0,0,0,0,-2.7,0,0,0,M40238,M00001000,1,0,Cell Type Signatures,7,DESCARTES FETAL LUNG CSH1 CSH2 POSITIVE CELLS,,-2.7,3.5,3.8,30286,212,325,8,2.5,0.86,5709|6484|7262|7980|10148|10906|51330|79770,PSMD3|ST3GAL4|PHLDA2|TFPI2|EBI3|TRAFD1|TNFRSF12A|TXNDC15,-1.6,0
0,1,0,0,0,0,0,0,0,-2.7,0,0,0,0,0,0,M40177,M01000000,1,0,Cell Type Signatures,7,DESCARTES FETAL EYE RETINAL PIGMENT CELLS,,-2.7,5.5,4.3,30286,79,349,5,1.4,0.64,5625|7276|51473|53630|151258,PRODH|TTR|DCDC2|BCO1|SLC38A11,-1.6,0
0,1,0,0,0,0,0,0,0,-2.6,0,0,0,0,0,0,M40312,M01000000,1,0,Cell Type Signatures,7,DESCARTES FETAL THYMUS THYMIC EPITHELIAL CELLS,,-2.6,3.2,3.7,30286,245,349,9,2.6,0.85,1515|5360|8470|8555|10205|54845|54894|129049|285220,CTSV|PLTP|SORBS2|CDC14B|MPZL2|ESRP1|RNF43|SGSM1|EPHA6,-1.6,0
1,0,0,0,0,0,0,0,-2.6,0,0,0,0,0,0,0,M39277,M10000000,1,0,Cell Type Signatures,7,DURANTE ADULT OLFACTORY NEUROEPITHELIUM PERICYTES,,-2.6,5.4,4.3,30286,79,354,5,1.4,0.63,2|1191|7048|10252|10628,A2M|CLU|TGFBR2|SPRY1|TXNIP,-1.6,0
0,0,0,1,1,1,0,0,0,0,0,-2.6,-2.4,-2.3,0,0,M39117,M00011100,3,0,Cell Type Signatures,7,AIZARANI LIVER C13 LSECS 2,,-2.6,3.8,3.8,30286,283,198,7,3.5,1.3,5962|7077|9590|11188|85358|160622|221184,RDX|TIMP2|AKAP12|NISCH|SHANK3|TAMALIN|CPNE2,-1.5,0
0,1,0,0,0,0,0,0,0,-2.5,0,0,0,0,0,0,M40154,M01000000,1,0,Cell Type Signatures,7,DESCARTES FETAL ADRENAL LYMPHOID CELLS,,-2.5,3.7,3.8,30286,163,349,7,2,0.75,926|2591|8537|27284|51316|84958|165679,CD8B|GALNT3|BCAS1|SULT1B1|PLAC8|SYTL1|SPTSSB,-1.5,0
0,0,0,0,0,1,0,0,0,0,0,0,0,-2.5,0,0,M39265,M00000100,1,0,Cell Type Signatures,7,HU FETAL RETINA HORIZONTAL,,-2.5,10,5,30286,40,220,3,1.4,0.78,29114|51155|347733,TAGLN3|JPT1|TUBB2B,-1.5,0
1,0,1,0,0,0,0,0,-2,0,-2.5,0,0,0,0,0,M39246,M10100000,2,0,Cell Type Signatures,7,LAKE ADULT KIDNEY C27 VASCULAR SMOOTH MUSCLE CELLS AND PERICYTES,,-2.5,4.2,3.9,30286,155,278,6,2.2,0.87,775|1879|4212|5087|5793|6546,CACNA1C|EBF1|MEIS2|PBX1|PTPRG|SLC8A1,-1.5,0
0,1,0,0,0,0,0,0,0,-2.5,0,0,0,0,0,0,M39058,M01000000,1,0,Cell Type Signatures,7,MANNO MIDBRAIN NEUROTYPES HPROGM,,-2.5,2.8,3.5,30286,307,349,10,2.9,0.89,335|1124|1644|3170|5360|7033|7276|57619|128344|219681,APOA1|CHN2|DDC|FOXA2|PLTP|TFF3|TTR|SHROOM3|CIMAP3|ARMC3,-1.5,0
0,1,0,0,0,0,0,0,0,-2.5,0,0,0,0,0,0,M40162,M01000000,1,0,Cell Type Signatures,7,DESCARTES FETAL CEREBELLUM ASTROCYTES,,-2.5,3.7,3.7,30286,166,349,7,2,0.75,4547|8671|10083|10840|29119|55195|219681,MTTP|SLC4A4|USH1C|ALDH1L1|CTNNA3|CCDC198|ARMC3,-1.5,0
0,0,0,0,0,1,0,0,0,0,0,0,0,-2.5,0,0,M39316,M00000100,1,0,Cell Type Signatures,7,CUI DEVELOPING HEART RIGHT ATRIAL CARDIOMYOCYTE,,-2.5,10,5,30286,41,220,3,1.4,0.78,58|10763|66036,ACTA1|NES|MTMR9,-1.5,0
0,0,0,0,1,0,0,0,0,0,0,0,-2.5,0,0,0,M40210,M00001000,1,0,Cell Type Signatures,7,DESCARTES FETAL INTESTINE MYELOID CELLS,,-2.5,3.3,3.6,30286,227,325,8,2.5,0.86,1318|1890|3576|9308|9473|10148|10333|81788,SLC31A2|TYMP|CXCL8|CD83|THEMIS2|EBI3|TLR6|NUAK2,-1.5,0
1,0,1,0,0,0,0,0,-2.3,0,-2.5,0,0,0,0,0,M39053,M10100000,2,0,Cell Type Signatures,7,MANNO MIDBRAIN NEUROTYPES HRGL2C,,-2.5,3,3.5,30286,326,278,9,3.2,1.1,2042|3269|5654|5727|6662|55924|79006|130271|143282,EPHA3|HRH1|HTRA1|PTCH1|SOX9|INKA2|METRN|PLEKHH2|FGFBP3,-1.5,0
1,0,0,0,0,0,0,0,-2.5,0,0,0,0,0,0,0,M39314,M10000000,1,0,Cell Type Signatures,7,CUI DEVELOPING HEART RIGHT VENTRICULAR CARDIOMYOCYTE,,-2.5,9.9,4.9,30286,26,354,3,0.85,0.49,274|5836|10628,BIN1|PYGL|TXNIP,-1.5,0
0,0,0,0,0,0,0,1,0,0,0,0,0,0,0,-2.5,M39078,M00000001,1,0,Cell Type Signatures,7,ZHONG PFC MAJOR TYPES NPCS,,-2.5,5,4,30286,142,214,5,2.3,1,1854|5954|6628|10383|55839,DUT|RCN1|SNRPB|TUBB4B|CENPN,-1.5,0
0,0,0,0,1,0,0,0,0,0,0,0,-2.4,0,0,0,M39216,M00001000,1,0,Cell Type Signatures,7,ZHENG CORD BLOOD C7 PUTATIVE LYMPHOID PRIMED MULTIPOTENT PROGENITOR 1,,-2.4,4.9,4,30286,95,325,5,1.5,0.68,1326|3187|5687|11010|81688,MAP3K8|HNRNPH1|PSMA6|GLIPR1|C6orf62,-1.4,0
0,1,0,0,0,0,0,0,0,-2.4,0,0,0,0,0,0,M40112,M01000000,1,0,Cell Type Signatures,7,DESCARTES MAIN FETAL INTESTINAL EPITHELIAL CELLS,,-2.4,4.9,4,30286,89,349,5,1.4,0.64,4547|4640|8694|27283|140893,MTTP|MYO1A|DGAT1|TINAG|RBBP8NL,-1.4,0
0,0,0,0,0,0,0,1,0,0,0,0,0,0,0,-2.4,M40189,M00000001,1,0,Cell Type Signatures,7,DESCARTES FETAL EYE VASCULAR ENDOTHELIAL CELLS,,-2.4,6.3,4.2,30286,90,214,4,1.9,0.93,2687|80833|196883|641700,GGT5|APOL3|ADCY4|ECSCR,-1.4,0
0,1,0,0,0,0,0,0,0,-2.4,0,0,0,0,0,0,M40147,M01000000,1,0,Cell Type Signatures,7,DESCARTES FETAL ADRENAL SCHWANN CELLS,,-2.4,4,3.7,30286,129,349,6,1.7,0.7,216|2065|7368|9514|132204|257407,ALDH1A1|ERBB3|UGT8|GAL3ST1|SYNPR|C2orf72,-1.4,0
0,1,0,0,0,0,0,0,0,-2.4,0,0,0,0,0,0,M40017,M01000000,1,0,Cell Type Signatures,7,BUSSLINGER GASTRIC D CELLS,,-2.4,9.3,4.7,30286,28,349,3,0.86,0.49,7104|7273|7276,TM4SF4|TTN|TTR,-1.4,0
0,0,0,0,1,1,0,0,0,0,0,0,-2.3,-2.4,0,0,M41744,M00001100,2,0,Cell Type Signatures,7,RUBENSTEIN SKELETAL MUSCLE PERICYTES,,-2.4,4.8,3.9,30286,144,220,5,2.3,1,800|1266|1397|1454|6876,CALD1|CNN3|CRIP2|CSNK1E|TAGLN,-1.4,0
0,0,0,0,0,1,0,0,0,0,0,0,0,-2.4,0,0,M40069,M00000100,1,0,Cell Type Signatures,7,DESCARTES MAIN FETAL MEGAKARYOCYTES,,-2.4,4,3.7,30286,207,220,6,2.7,1.1,3796|7791|8853|22821|54438|201191,KIF2A|ZYX|ASAP2|RASA3|GFOD1|SAMD14,-1.4,0
0,0,0,1,0,0,0,0,0,0,0,-2.4,0,0,0,0,M39212,M00010000,1,0,Cell Type Signatures,7,ZHENG CORD BLOOD C3 MEGAKARYOCYTE ERYTHROID PROGENITOR,,-2.4,6.1,4.2,30286,100,198,4,2,1,5305|6659|8861|28951,PIP4K2A|SOX4|LDB1|TRIB2,-1.4,0
1,0,0,0,1,0,0,1,-2,0,0,0,-2.2,0,0,-2.3,M39243,M10001001,3,0,Cell Type Signatures,7,LAKE ADULT KIDNEY C24 ENDOTHELIAL CELLS AEA AND DVR,,-2.3,4.7,3.8,30286,152,214,5,2.3,1,567|5552|5757|10135|25890,B2M|SRGN|PTMA|NAMPT|ABI3BP,-1.4,0
0,0,0,0,0,0,0,1,0,0,0,0,0,0,0,-2.3,M40092,M00000001,1,0,Cell Type Signatures,7,DESCARTES MAIN FETAL CORNEAL AND CONJUNCTIVAL EPITHELIAL CELLS,,-2.3,3.4,3.5,30286,290,214,7,3.3,1.2,2635|9966|22820|51727|53947|55199|81929,GBP3|TNFSF15|COPG1|CMPK1|A4GALT|FAM86C1P|SEH1L,-1.4,0
0,0,0,0,0,1,0,0,0,0,0,0,0,-2.3,0,0,M40187,M00000100,1,0,Cell Type Signatures,7,DESCARTES FETAL EYE MICROGLIA,,-2.3,4.6,3.7,30286,151,220,5,2.3,1,3684|4688|5724|8569|27128,ITGAM|NCF2|PTAFR|MKNK1|CYTH4,-1.3,0
0,0,0,0,0,0,0,1,0,0,0,0,0,0,0,-2.3,M40071,M00000001,1,0,Cell Type Signatures,7,DESCARTES MAIN FETAL MYELOID CELLS,,-2.3,5.8,4,30286,97,214,4,1.9,0.93,4125|5552|10135|283316,MAN2B1|SRGN|NAMPT|CD163L1,-1.3,0
0,0,0,0,1,0,0,0,0,0,0,0,-2.3,0,0,0,M40285,M00001000,1,0,Cell Type Signatures,7,DESCARTES FETAL PLACENTA MYELOID CELLS,,-2.3,3.8,3.6,30286,146,325,6,1.8,0.75,1959|3383|9308|9473|10333|83937,EGR2|ICAM1|CD83|THEMIS2|TLR6|RASSF4,-1.3,0
0,0,1,0,0,0,0,0,0,0,-2.3,0,0,0,0,0,M40144,M00100000,1,0,Cell Type Signatures,7,DESCARTES MAIN FETAL THYMOCYTES,,-2.3,4.5,3.7,30286,120,278,5,1.8,0.8,1606|6785|80162|113612|387119,DGKA|ELOVL4|PGGHG|CYP2U1|CEP85L,-1.3,0
0,0,0,1,0,1,0,0,0,0,0,-2.2,0,-2.1,0,0,M39143,M00010100,2,0,Cell Type Signatures,7,GAO STOMACH 24W C5 PUTATIVE PIT CELL PROGENITOR,,-2.2,8.3,4.4,30286,55,198,3,1.5,0.87,4784|85458|89853,NFIX|DIXDC1|MVB12B,-1.3,0
1,0,0,0,0,0,0,0,-2.2,0,0,0,0,0,0,0,M39213,M10000000,1,0,Cell Type Signatures,7,ZHENG CORD BLOOD C4 PUTATIVE EARLY ERYTHROID COMMITMENT,,-2.2,4.4,3.7,30286,97,354,5,1.4,0.63,894|4774|27131|64798|143686,CCND2|NFIA|SNX5|DEPTOR|SESN3,-1.3,0
0,0,1,0,0,0,0,0,0,0,-2.2,0,0,0,0,0,M39223,M00100000,1,0,Cell Type Signatures,7,LAKE ADULT KIDNEY C4 PROXIMAL TUBULE EPITHELIAL CELLS S2,,-2.2,3.7,3.5,30286,176,278,6,2.2,0.87,2289|5793|10160|22871|93986|284058,FKBP5|PTPRG|FARP1|NLGN1|FOXP2|KANSL1,-1.3,0
0,0,1,0,0,0,0,0,0,0,-2.2,0,0,0,0,0,M40216,M00100000,1,0,Cell Type Signatures,7,DESCARTES FETAL INTESTINE STROMAL CELLS,,-2.2,8.2,4.4,30286,40,278,3,1.1,0.62,10417|140766|338773,SPON2|ADAMTS14|TMEM119,-1.3,0
0,0,0,1,0,1,0,0,0,0,0,-2.2,0,-2.1,0,0,M41694,M00010100,2,0,Cell Type Signatures,7,TRAVAGLINI LUNG PLASMACYTOID DENDRITIC CELL,,-2.2,5.5,3.9,30286,111,198,4,2,1,7045|55959|90427|160622,TGFBI|SULF2|BMF|TAMALIN,-1.3,0
0,0,0,0,1,0,0,0,0,0,0,0,-2.2,0,0,0,M39289,M00001000,1,0,Cell Type Signatures,7,DURANTE ADULT OLFACTORY NEUROEPITHELIUM B CELLS,,-2.2,8,4.3,30286,35,325,3,0.92,0.53,5452|9308|80774,POU2F2|CD83|LIMD2,-1.3,0
0,0,0,0,0,0,0,1,0,0,0,0,0,0,0,-2.2,M39036,M00000001,1,0,Cell Type Signatures,7,FAN EMBRYONIC CTX NSC 2,,-2.2,3.6,3.4,30286,233,214,6,2.8,1.1,5433|6627|7283|10383|55839|440145,POLR2D|SNRPA1|TUBG1|TUBB4B|CENPN|MZT1,-1.3,0
0,0,0,0,1,0,0,0,0,0,0,0,-2.2,0,0,0,M40143,M00001000,1,0,Cell Type Signatures,7,DESCARTES MAIN FETAL ANTIGEN PRESENTING CELLS,,-2.2,3.6,3.4,30286,154,325,6,1.8,0.75,7185|10010|51762|83637|94240|127544,TRAF1|TANK|RAB8B|ZMIZ2|EPSTI1|RNF19B,-1.3,0
0,0,0,0,0,0,0,1,0,0,0,0,0,0,0,-2.2,M40242,M00000001,1,0,Cell Type Signatures,7,DESCARTES FETAL LUNG MESOTHELIAL CELLS,,-2.2,5.4,3.8,30286,105,214,4,1.9,0.93,623|3569|4973|11096,BDKRB1|IL6|OLR1|ADAMTS5,-1.3,0
0,0,0,1,0,0,0,0,0,0,0,-2.2,0,0,0,0,M41678,M00010000,1,0,Cell Type Signatures,7,TRAVAGLINI LUNG PERICYTE CELL,,-2.2,5.4,3.8,30286,114,198,4,2,1,1004|4854|28951|375033,CDH6|NOTCH3|TRIB2|PEAR1,-1.3,0
1,0,0,0,0,0,0,0,-2.1,0,0,0,0,0,0,0,M39240,M10000000,1,0,Cell Type Signatures,7,LAKE ADULT KIDNEY C21 COLLECTING DUCT INTERCALATED CELLS TYPE B,,-2.1,4.2,3.5,30286,103,354,5,1.4,0.63,3488|5071|6641|9223|55304,IGFBP5|PRKN|SNTB1|MAGI1|SPTLC3,-1.2,0
0,1,0,0,0,0,0,0,0,-2.1,0,0,0,0,0,0,M40128,M01000000,1,0,Cell Type Signatures,7,DESCARTES MAIN FETAL ISLET ENDOCRINE CELLS,,-2.1,5.2,3.7,30286,67,349,4,1.1,0.57,5865|7276|130399|140462,RAB3B|TTR|ACVR1C|ASB9,-1.2,0
0,0,0,0,0,1,0,0,0,0,0,0,0,-2.1,0,0,M40176,M00000100,1,0,Cell Type Signatures,7,DESCARTES FETAL EYE SKELETAL MUSCLE CELLS,,-2.1,4.1,3.5,30286,167,220,5,2.3,1,58|2027|3694|10763|347273,ACTA1|ENO3|ITGB6|NES|CAVIN4,-1.2,0
0,0,0,0,1,0,0,0,0,0,0,0,-2.1,0,0,0,M40229,M00001000,1,0,Cell Type Signatures,7,DESCARTES FETAL LIVER MYELOID CELLS,,-2.1,3.1,3.2,30286,209,325,7,2.2,0.81,1318|1890|3576|7127|9473|10148|83937,SLC31A2|TYMP|CXCL8|TNFAIP2|THEMIS2|EBI3|RASSF4,-1.2,0
0,0,0,0,0,1,0,0,0,0,0,0,0,-2.1,0,0,M40224,M00000100,1,0,Cell Type Signatures,7,DESCARTES FETAL KIDNEY MESANGIAL CELLS,,-2.1,7.4,4.1,30286,56,220,3,1.4,0.78,85407|85409|728464,NKD1|NKD2|METTL24,-1.2,0
0,1,0,0,0,0,0,0,0,-2.1,0,0,0,0,0,0,M39194,M01000000,1,0,Cell Type Signatures,7,HAY BONE MARROW DENDRITIC CELL,,-2.1,3.1,3.2,30286,196,349,7,2,0.75,5345|5624|7850|51316|54847|120425|100130933,SERPINF2|PROC|IL1R2|PLAC8|SIDT1|JAML|SMIM6,-1.2,0
0,0,0,0,0,1,0,0,0,0,0,0,0,-2.1,0,0,M40250,M00000100,1,0,Cell Type Signatures,7,DESCARTES FETAL MUSCLE MEGAKARYOCYTES,,-2.1,3.5,3.3,30286,238,220,6,2.7,1.1,3796|7791|27071|66036|134359|201191,KIF2A|ZYX|DAPP1|MTMR9|POC5|SAMD14,-1.2,0
0,0,0,0,0,0,1,0,0,0,0,0,0,0,-2.1,0,M39103,M00000010,1,0,Cell Type Signatures,7,ZHONG PFC C1 MICROGLIA,,-2.1,3.1,3.2,30286,257,268,7,2.6,0.97,204|1718|10195|10606|10758|54443|63901,AK2|DHCR24|ALG3|PAICS|TRAF3IP2|ANLN|FAM111A,-1.2,0
0,1,0,0,0,0,0,0,0,-2.1,0,0,0,0,0,0,M39292,M01000000,1,0,Cell Type Signatures,7,DURANTE ADULT OLFACTORY NEUROEPITHELIUM UNSPECIFIED,,-2.1,7,4,30286,37,349,3,0.86,0.49,2938|93974|128344,GSTA1|ATP5IF1|CIMAP3,-1.2,0
0,0,0,1,0,0,0,0,0,0,0,-2,0,0,0,0,M39191,M00010000,1,0,Cell Type Signatures,7,HAY BONE MARROW CD34 POS PRE PC,,-2,4.9,3.6,30286,124,198,4,2,1,1627|9590|89796|112616,DBN1|AKAP12|NAV1|CMTM7,-1.2,0
0,0,1,0,0,0,0,0,0,0,-2,0,0,0,0,0,M39019,M00100000,1,0,Cell Type Signatures,7,FAN EMBRYONIC CTX BIG GROUPS EXCITATORY NEURON,,-2,7,3.9,30286,47,278,3,1.1,0.62,1780|4212|6326,DYNC1I1|MEIS2|SCN2A,-1.2,0
0,1,0,0,0,0,0,0,0,-2,0,0,0,0,0,0,M40160,M01000000,1,0,Cell Type Signatures,7,DESCARTES FETAL CEREBELLUM OLIGODENDROCYTES,,-2,3.9,3.3,30286,111,349,5,1.4,0.64,2065|7368|8537|9514|114805,ERBB3|UGT8|BCAS1|GAL3ST1|GALNT13,-1.2,0
0,0,0,0,1,0,0,0,0,0,0,0,-2,0,0,0,M40145,M00001000,1,0,Cell Type Signatures,7,DESCARTES FETAL ADRENAL CSH1 CSH2 POSITIVE CELLS,,-2,3,3.1,30286,218,325,7,2.2,0.81,3624|3855|5054|7262|7980|25819|51330,INHBA|KRT7|SERPINE1|PHLDA2|TFPI2|NOCT|TNFRSF12A,-1.2,0
0,0,0,0,1,0,0,0,0,0,0,0,-2,0,0,0,M39137,M00001000,1,0,Cell Type Signatures,7,GAO ESOPHAGUS 25W C2 KRT6BPOS SECRETORY PROGENITOR CELLS,,-2,4.8,3.5,30286,77,325,4,1.2,0.61,2710|6484|9636|374655,GK|ST3GAL4|ISG15|ZNF710,-1.2,0
0,0,0,0,0,0,0,1,0,0,0,0,0,0,0,-2,M39081,M00000001,1,0,Cell Type Signatures,7,ZHONG PFC C8 ORG PROLIFERATING,,-2,6.8,3.9,30286,62,214,3,1.4,0.8,4502|10383|440145,MT2A|TUBB4B|MZT1,-1.2,0
0,0,1,0,0,0,0,0,0,0,-2,0,0,0,0,0,M39318,M00100000,1,0,Cell Type Signatures,7,CUI DEVELOPING HEART SMOOTH MUSCLE CELL,,-2,6.8,3.9,30286,48,278,3,1.1,0.62,5118|7373|130497,PCOLCE|COL14A1|OSR1,-1.2,0
