Category,CategoryID,GO,Description,PARENT_GO,LogP,Enrichment,Z-score,#TotalGeneInLibrary,#GeneInGO,#GeneInHitList,#GeneInGOAndHitList,%InGO,STDV %InGO,GeneID,Hits,Log(q-value),GeneList
Cell Type Signatures,7,M39073,MANNO MIDBRAIN NEUROTYPES HOMTN,,-36,6.5,19,30293,389,851,71,8.3,0.95,107|108|577|1136|1143|1496|1621|1641|1759|1993|1995|1996|2039|2042|2258|2558|2596|2785|4661|4753|4914|5024|5099|5334|5521|6328|6493|6572|6616|6860|6900|7464|8929|9705|10439|10512|10586|10653|11075|11189|23138|51286|54674|54715|55117|55530|55715|55816|56341|56884|57451|57687|60482|78997|81832|84894|85300|85508|91584|114786|114798|134111|165257|196500|252995|260293|340543|387856|494470|613212|100131187,ADCY1|ADCY2|ADGRB3|CHRNA3|CHRNB4|CTNNA2|DBH|DCX|DNM1|ELAVL2|ELAVL3|ELAVL4|DMTN|EPHA3|FGF13|GABRA5|GAP43|GNG3|MYT1|NELL2|NTRK1|P2RX3|PCDH7|PLCL1|PPP2R2B|SCN3A|SIM2|SLC18A3|SNAP25|SYT4|CNTN2|CORO2A|PHOX2B|ST18|OLFM1|SEMA3C|MAB21L2|SPINT2|STMN2|CELF3|N4BP3|CEND1|LRRN3|RBFOX1|SLC6A15|SVOP|DOK4|DOK5|PRMT8|FSTL5|TENM2|VAT1L|SLC5A7|GDAP1L1|NETO1|LINGO1|ATCAY|SCRT2|PLXNA4|XKR4|SLITRK1|UBE2QL1|C1QL2|PIANP|FNDC5|CYP4X1|TCEAL5|CCDC184|ARK2C|CTXN3|TSTD1,-31,MyList
Cell Type Signatures,7,M39209,HAY BONE MARROW STROMAL,,-34,4.4,16,30293,765,851,95,11,1.1,133|633|650|861|862|1009|1136|1277|1281|1293|1294|1301|1356|1410|1634|1647|1749|1750|1910|1942|2018|2034|2042|2273|2297|2335|2619|2697|2920|2934|3037|3226|3339|3481|3487|3488|3694|3725|4023|4071|4188|4681|4804|5322|5396|5480|6096|6662|6913|7025|7058|7070|7291|7424|7538|7545|9021|9052|9180|9378|9547|9902|10752|11082|23213|23452|23612|23768|26167|27289|51129|55323|55816|56243|56937|57007|57451|64409|64856|79784|84417|84858|84894|92293|120114|130132|140738|148170|221749|253738|255743|260293|261729|283659|284119,ADM|BGN|BMP2|RUNX1|RUNX1T1|CDH11|CHRNA3|COL1A1|COL3A1|COL6A3|COL7A1|COL11A1|CP|CRYAB|DCN|GADD45A|DLX5|DLX6|EDNRB|EFNA1|EMX2|EPAS1|EPHA3|FHL1|FOXD1|FN1|GAS1|GJA1|CXCL2|GSN|HAS2|HOXC10|HSPG2|IGF2|IGFBP4|IGFBP5|ITGB6|JUN|LPL|TM4SF1|MDFI|NBL1|NGFR|PLA2G5|PRRX1|PPIC|RORB|SOX9|TBX15|NR2F1|THBS2|THY1|TWIST1|VEGFC|ZFP36|ZIC1|SOCS3|GPRC5A|OSMR|NRXN1|CXCL14|MRC2|CHL1|ESM1|SULF1|ANGPTL2|PHLDA3|FLRT2|PCDHB5|RND1|ANGPTL4|LARP6|DOK5|KIAA1217|PMEPA1|ACKR3|TENM2|GALNT17|VWA1|MYH14|ECRG4|ZNF503|LINGO1|TMEM132C|FAT3|RFTN2|TMEM37|CDC42EP5|PXDC1|EBF3|NPNT|CYP4X1|STEAP2|PRTG|CAVIN1,-30,MyList
Cell Type Signatures,7,M39066,MANNO MIDBRAIN NEUROTYPES HNBML5,,-33,5.6,17,30293,465,851,73,8.6,0.96,119|273|577|862|1012|1463|1641|1993|1995|1996|2018|2039|2042|2259|2624|2785|2823|3642|3746|4661|4675|4684|4821|4826|5063|5099|5178|5629|5800|6328|6496|6616|6656|6886|7464|8403|8612|9378|9705|9951|10842|11075|11122|11189|22895|23023|27319|27328|50848|51617|54715|55351|55966|57451|79750|80830|84867|84894|84969|85300|85508|91584|114786|114798|124930|134111|140679|147906|196500|219287|256536|389206|440270,ADD2|AMPH|ADGRB3|RUNX1T1|CDH13|NCAN|DCX|ELAVL2|ELAVL3|ELAVL4|EMX2|DMTN|EPHA3|FGF14|GATA2|GNG3|GPM6A|INSM1|KCNC1|MYT1|NAP1L3|NCAM1|NKX2-2|NNAT|PAK3|PCDH7|PEG3|PROX1|PTPRO|SCN3A|SIX3|SNAP25|SOX1|TAL1|CORO2A|SOX14|PLPP2|NRXN1|ST18|HS3ST4|PPP1R17|STMN2|PTPRT|CELF3|RPH3A|TMCC1|BHLHE22|PCDH11X|F11R|NSG2|RBFOX1|STK32B|AJAP1|TENM2|ZNF385D|APOL6|PTPN5|LINGO1|TOX2|ATCAY|SCRT2|PLXNA4|XKR4|SLITRK1|ANKRD13B|UBE2QL1|SLC32A1|DACT3|PIANP|AMER2|TCERG1L|BEND4|GOLGA8B,-28,MyList
Cell Type Signatures,7,M39050,MANNO MIDBRAIN NEUROTYPES HPERIC,,-28,4,15,30293,795,851,89,10,1,2|285|290|307|567|602|633|837|861|928|1009|1026|1052|1281|1621|1634|1649|1879|1889|2034|2297|2307|2335|2353|2701|2791|2852|2913|2920|2934|3487|3676|3725|3726|3852|4055|5327|5334|5480|6320|6515|6546|6913|7045|7070|7128|7291|7538|7545|7546|8673|9021|9060|9180|9518|9590|9902|10163|10475|11030|11259|11343|11346|22822|25891|26509|30846|51129|51477|54625|54997|55890|56341|56937|57124|79974|80830|84107|84894|94015|94234|147906|148170|150094|152573|196740|221749|254102|260293,A2M|ANGPT2|ANPEP|ANXA4|B2M|BCL3|BGN|CASP4|RUNX1|CD9|CDH11|CDKN1A|CEBPD|COL3A1|DBH|DCN|DDIT3|EBF1|ECE1|EPAS1|FOXD1|FOXS1|FN1|FOS|GJA4|GNG11|GPER1|GRM3|CXCL2|GSN|IGFBP4|ITGA4|JUN|JUNB|KRT5|LTBR|PLAT|PLCL1|PPIC|CLEC11A|SLC2A3|SLC8A1|TBX15|TGFBI|THY1|TNFAIP3|TWIST1|ZFP36|ZIC1|ZIC2|VAMP8|SOCS3|PAPSS2|OSMR|GDF15|AKAP12|MRC2|WASF2|TRIM38|RBPMS|FILIP1L|MGLL|SYNPO|PHLDA1|PAMR1|MYOF|EHD2|ANGPTL4|ISYNA1|PARP14|TESC|GPRC5C|PRMT8|PMEPA1|CD248|CPED1|APOL6|ZIC4|LINGO1|TTYH2|FOXQ1|DACT3|CDC42EP5|SIK1|SHISA3|VSTM4|PXDC1|EHBP1L1|CYP4X1,-24,MyList
Cell Type Signatures,7,M39067,MANNO MIDBRAIN NEUROTYPES HDA,,-28,4.9,15,30293,506,851,70,8.2,0.94,108|114|273|286|1012|1137|1295|1496|1641|1804|1879|1993|1995|1996|2039|2258|2555|2596|2785|2823|2899|3642|3918|4062|4675|4684|4826|5063|5800|6328|6616|6860|8788|9378|9590|9892|9951|10475|10653|10752|11075|11189|29106|51617|55117|55450|55530|55715|55966|57530|64409|64641|78997|79750|80830|84867|84969|85300|91584|114786|114798|120114|124930|134111|134829|140679|196500|252995|253738|340543,ADCY2|ADCY8|AMPH|ANK1|CDH13|CHRNA4|COL8A1|CTNNA2|DCX|DPP6|EBF1|ELAVL2|ELAVL3|ELAVL4|DMTN|FGF13|GABRA2|GAP43|GNG3|GPM6A|GRIK3|INSM1|LAMC2|LY6H|NAP1L3|NCAM1|NNAT|PAK3|PTPRO|SCN3A|SNAP25|SYT4|DLK1|NRXN1|AKAP12|SNAP91|HS3ST4|TRIM38|SPINT2|CHL1|STMN2|CELF3|SCG3|NSG2|SLC6A15|CAMK2N1|SVOP|DOK4|AJAP1|CGN|GALNT17|EBF2|GDAP1L1|ZNF385D|APOL6|PTPN5|TOX2|ATCAY|PLXNA4|XKR4|SLITRK1|FAT3|ANKRD13B|UBE2QL1|CLVS2|SLC32A1|PIANP|FNDC5|EBF3|TCEAL5,-24,MyList
Cell Type Signatures,7,M40249,DESCARTES FETAL LUNG VISCERAL NEURONS,,-27,7.7,17,30293,212,851,46,5.4,0.78,117|119|238|460|1136|1463|1496|1641|1995|2042|2258|2290|2556|2596|2913|4804|5080|5521|5800|6096|6572|6900|8929|9892|10439|10752|11075|23316|27319|51083|51286|51617|54715|54898|55117|56896|57348|57687|59284|60482|78997|85300|85508|134829|219287|375704,ADCYAP1R1|ADD2|ALK|ASTN1|CHRNA3|NCAN|CTNNA2|DCX|ELAVL3|EPHA3|FGF13|FOXG1|GABRA3|GAP43|GRM3|NGFR|PAX6|PPP2R2B|PTPRO|RORB|SLC18A3|CNTN2|PHOX2B|SNAP91|OLFM1|CHL1|STMN2|CUX2|BHLHE22|GAL|CEND1|NSG2|RBFOX1|ELOVL2|SLC6A15|DPYSL5|TTYH1|VAT1L|CACNG7|SLC5A7|GDAP1L1|ATCAY|SCRT2|CLVS2|AMER2|ENHO,-23,MyList
Cell Type Signatures,7,M39070,MANNO MIDBRAIN NEUROTYPES HNBGABA,,-27,4.1,14,30293,703,851,81,9.5,1,107|108|273|286|577|862|1137|1641|1804|1993|1995|1996|2039|2258|2259|2596|2823|3746|4674|4684|4821|4826|5063|5099|5126|5178|5214|6328|6506|6546|6616|6656|6809|6860|6886|7021|8403|9378|9465|9892|10439|10512|10653|10752|11075|11096|11122|11189|22986|51286|51299|51617|54715|55351|55450|55530|55715|55790|55966|57687|59283|60482|64067|80830|84867|84894|84969|85300|91584|114786|114798|134111|134829|140597|140679|196500|252995|285533|387856|440270|494470,ADCY1|ADCY2|AMPH|ANK1|ADGRB3|RUNX1T1|CHRNA4|DCX|DPP6|ELAVL2|ELAVL3|ELAVL4|DMTN|FGF13|FGF14|GAP43|GPM6A|KCNC1|NAP1L2|NCAM1|NKX2-2|NNAT|PAK3|PCDH7|PCSK2|PEG3|PFKP|SCN3A|SLC1A2|SLC8A1|SNAP25|SOX1|STX3|SYT4|TAL1|TFAP2B|SOX14|NRXN1|AKAP7|SNAP91|OLFM1|SEMA3C|SPINT2|CHL1|STMN2|ADAMTS5|PTPRT|CELF3|SORCS3|CEND1|NRN1|NSG2|RBFOX1|STK32B|CAMK2N1|SVOP|DOK4|CSGALNACT1|AJAP1|VAT1L|CACNG8|SLC5A7|NPAS3|APOL6|PTPN5|LINGO1|TOX2|ATCAY|PLXNA4|XKR4|SLITRK1|UBE2QL1|CLVS2|TCEAL2|SLC32A1|PIANP|FNDC5|RNF175|CCDC184|GOLGA8B|ARK2C,-23,MyList
Cell Type Signatures,7,M39174,MURARO PANCREAS ACINAR CELL,,-26,4,14,30293,731,851,82,9.6,1,290|307|311|414|567|602|694|718|837|875|961|972|1052|1999|2114|2243|2266|2512|2634|2877|2920|3123|3576|3725|3855|3914|4071|5284|5480|5644|6238|6303|6364|6385|6662|6690|6892|7113|7128|7295|7448|8553|8673|9021|9052|9180|9235|9245|9518|10150|10397|11030|11148|22822|23657|23768|27289|30001|50506|50848|51129|51303|51599|54102|55286|56892|57561|57648|59277|64855|79007|79094|79152|79924|80736|84612|84952|116372|116844|166824|220323|346389,ANPEP|ANXA4|ANXA11|ARSD|B2M|BCL3|BTG1|C3|CASP4|CBS|CD47|CD74|CEBPD|ELF3|ETS2|FGA|FGG|FTL|GBP2|GPX2|CXCL2|HLA-DRB1|CXCL8|JUN|KRT7|LAMB3|TM4SF1|PIGR|PPIC|PRSS1|RRBP1|SAT1|CCL20|SDC4|SOX9|SPINK1|TAPBP|TMPRSS2|TNFAIP3|TXN|VTN|BHLHE40|VAMP8|SOCS3|GPRC5A|OSMR|IL32|GCNT3|GDF15|MBNL2|NDRG1|RBPMS|HHLA2|PHLDA1|SLC7A11|FLRT2|RND1|ERO1A|DUOX2|F11R|ANGPTL4|FKBP11|LSR|CLIC6|C4orf19|TCIM|ARRDC3|NHSL3|NTN4|NIBAN2|DBNDD1|CHAC1|FA2H|ADM2|SLC44A4|PARD6B|CGNL1|LYPD1|LRG1|RASSF6|OAF|MACC1,-22,MyList
Cell Type Signatures,7,M39055,MANNO MIDBRAIN NEUROTYPES HRGL2A,,-24,4.2,14,30293,600,851,71,8.3,0.95,117|460|577|655|1012|1295|1301|1410|1463|1804|1910|2042|2173|2273|2353|2697|2823|2846|2913|2920|3037|3725|3785|3852|3955|4036|4753|4916|5099|5354|5521|5992|6506|6656|6662|9378|9543|9902|10630|10675|10964|23657|29106|54674|54898|55790|55816|56884|56892|57348|57580|64067|79026|79192|84631|116372|120114|128414|130132|152573|167410|203447|220382|221749|286204|375704|387597|387882|388585|389799|440097,ADCYAP1R1|ASTN1|ADGRB3|BMP7|CDH13|COL8A1|COL11A1|CRYAB|NCAN|DPP6|EDNRB|EPHA3|FABP7|FHL1|FOS|GJA1|GPM6A|LPAR4|GRM3|CXCL2|HAS2|JUN|KCNQ2|KRT5|LFNG|LRP2|NELL2|NTRK3|PCDH7|PLP1|PPP2R2B|RFX4|SLC1A2|SOX1|SOX9|NRXN1|IGDCC3|MRC2|PDPN|CSPG5|IFI44L|SLC7A11|SCG3|LRRN3|ELOVL2|CSGALNACT1|DOK5|FSTL5|TCIM|TTYH1|PREX1|NPAS3|AHNAK|IRX1|SLITRK2|LYPD1|FAT3|NKAIN4|RFTN2|SHISA3|LIX1|NRK|FAM181B|PXDC1|CRB2|ENHO|ILDR2|C12orf75|HES5|CFAP77|DBX2,-20,MyList
Cell Type Signatures,7,M39052,MANNO MIDBRAIN NEUROTYPES HOPC,,-24,5.3,14,30293,366,851,55,6.5,0.84,117|429|460|1299|1804|1910|2173|2823|2846|3785|4661|4821|4916|5327|5521|6328|6506|6656|6660|6662|7070|8549|9378|9465|10215|10675|11122|22822|22986|23452|23657|27164|27328|29106|51286|55351|55790|57348|57580|59284|64067|65217|80830|81832|84631|84894|85300|114798|116448|128414|130132|220382|221749|222553|388585,ADCYAP1R1|ASCL1|ASTN1|COL9A3|DPP6|EDNRB|FABP7|GPM6A|LPAR4|KCNQ2|MYT1|NKX2-2|NTRK3|PLAT|PPP2R2B|SCN3A|SLC1A2|SOX1|SOX5|SOX9|THY1|LGR5|NRXN1|AKAP7|OLIG2|CSPG5|PTPRT|PHLDA1|SORCS3|ANGPTL2|SLC7A11|SALL3|PCDH11X|SCG3|CEND1|STK32B|CSGALNACT1|TTYH1|PREX1|CACNG7|NPAS3|PCDH15|APOL6|NETO1|SLITRK2|LINGO1|ATCAY|SLITRK1|OLIG1|NKAIN4|RFTN2|FAM181B|PXDC1|SLC35F1|HES5,-20,MyList
Cell Type Signatures,7,M40292,DESCARTES FETAL SPLEEN MESOTHELIAL CELLS,,-23,7.5,15,30293,195,851,41,4.8,0.73,301|1026|1295|1647|1993|2051|2353|2619|2697|3726|3852|3855|4036|4071|4973|5327|5493|6281|7025|7538|8553|8744|9021|10397|10512|10630|11096|23213|23645|25975|57530|57687|64399|84952|153769|164312|255743|286077|286204|387597|388135,ANXA1|CDKN1A|COL8A1|GADD45A|ELAVL2|EPHB6|FOS|GAS1|GJA1|JUNB|KRT5|KRT7|LRP2|TM4SF1|OLR1|PLAT|PPL|S100A10|NR2F1|ZFP36|BHLHE40|TNFSF9|SOCS3|NDRG1|SEMA3C|PDPN|ADAMTS5|SULF1|PPP1R15A|EGFL6|CGN|VAT1L|HHIP|CGNL1|SH3RF2|LRRN4|NPNT|FAM83H|CRB2|ILDR2|INSYN1,-20,MyList
Cell Type Signatures,7,M39068,MANNO MIDBRAIN NEUROTYPES HDA1,,-23,4.2,13,30293,584,851,69,8.1,0.94,107|108|114|273|286|1012|1137|1496|1641|1759|1804|1993|1995|1996|2039|2258|2555|2596|2785|2823|2899|3642|4674|4675|4684|4826|5063|5126|5178|6328|6546|6616|6860|7275|7464|8788|9378|9892|9951|10653|10752|11075|11189|27344|51617|55351|55450|55530|55715|55966|79633|79750|84867|84894|84969|85300|91584|114786|120114|134111|140597|219287|253738|255743|260293|285533|387856|389206|494470,ADCY1|ADCY2|ADCY8|AMPH|ANK1|CDH13|CHRNA4|CTNNA2|DCX|DNM1|DPP6|ELAVL2|ELAVL3|ELAVL4|DMTN|FGF13|GABRA2|GAP43|GNG3|GPM6A|GRIK3|INSM1|NAP1L2|NAP1L3|NCAM1|NNAT|PAK3|PCSK2|PEG3|SCN3A|SLC8A1|SNAP25|SYT4|TUB|CORO2A|DLK1|NRXN1|SNAP91|HS3ST4|SPINT2|CHL1|STMN2|CELF3|PCSK1N|NSG2|STK32B|CAMK2N1|SVOP|DOK4|AJAP1|FAT4|ZNF385D|PTPN5|LINGO1|TOX2|ATCAY|PLXNA4|XKR4|FAT3|UBE2QL1|TCEAL2|AMER2|EBF3|NPNT|CYP4X1|RNF175|CCDC184|BEND4|ARK2C,-20,MyList
Cell Type Signatures,7,M39063,MANNO MIDBRAIN NEUROTYPES HNBM,,-23,5.9,14,30293,295,851,49,5.8,0.8,1463|1496|1641|1879|1993|1995|1996|2596|2785|2823|3642|4661|4684|4760|4826|5063|5100|5126|5800|6328|6616|6660|6900|9705|10842|11075|11096|11189|22822|23440|27319|29106|51299|55966|56896|58158|63973|64641|78997|85300|85508|114786|114798|134111|134829|219287|252995|253738|494470,NCAN|CTNNA2|DCX|EBF1|ELAVL2|ELAVL3|ELAVL4|GAP43|GNG3|GPM6A|INSM1|MYT1|NCAM1|NEUROD1|NNAT|PAK3|PCDH8|PCSK2|PTPRO|SCN3A|SNAP25|SOX5|CNTN2|ST18|PPP1R17|STMN2|ADAMTS5|CELF3|PHLDA1|OTP|BHLHE22|SCG3|NRN1|AJAP1|DPYSL5|NEUROD4|NEUROG2|EBF2|GDAP1L1|ATCAY|SCRT2|XKR4|SLITRK1|UBE2QL1|CLVS2|AMER2|FNDC5|EBF3|ARK2C,-20,MyList
Cell Type Signatures,7,M39054,MANNO MIDBRAIN NEUROTYPES HRGL2B,,-23,4.8,14,30293,440,851,59,6.9,0.87,117|429|577|1012|1301|1410|1463|1804|1910|2042|2273|2353|2697|2913|3037|3725|3785|3852|3955|4036|4288|4821|4916|5354|5992|6506|6656|6660|6662|9465|9902|10630|10675|10964|23657|27164|54898|55790|57348|57580|64067|79026|79192|84631|116372|120114|128414|130132|152573|167410|196740|220382|221749|256536|286204|375704|387597|388585|440097,ADCYAP1R1|ASCL1|ADGRB3|CDH13|COL11A1|CRYAB|NCAN|DPP6|EDNRB|EPHA3|FHL1|FOS|GJA1|GRM3|HAS2|JUN|KCNQ2|KRT5|LFNG|LRP2|MKI67|NKX2-2|NTRK3|PLP1|RFX4|SLC1A2|SOX1|SOX5|SOX9|AKAP7|MRC2|PDPN|CSPG5|IFI44L|SLC7A11|SALL3|ELOVL2|CSGALNACT1|TTYH1|PREX1|NPAS3|AHNAK|IRX1|SLITRK2|LYPD1|FAT3|NKAIN4|RFTN2|SHISA3|LIX1|VSTM4|FAM181B|PXDC1|TCERG1L|CRB2|ENHO|ILDR2|HES5|DBX2,-19,MyList
Cell Type Signatures,7,M40158,DESCARTES FETAL CEREBELLUM VASCULAR ENDOTHELIAL CELLS,,-21,3.9,12,30293,632,851,69,8.1,0.94,133|285|290|301|633|1030|1281|1621|1647|1889|1893|1942|2018|2034|2297|2307|2335|2355|2624|2701|2791|2852|3339|3397|3481|3487|4071|4825|5155|5480|6281|6320|6513|6578|6926|7056|7122|7291|8553|9180|9235|9314|9674|11030|23657|25891|30846|51129|51267|51599|55211|55715|55890|56892|57101|57124|64220|64321|64855|64856|79026|84858|84952|94234|140738|148170|168002|220323|284119,ADM|ANGPT2|ANPEP|ANXA1|BGN|CDKN2B|COL3A1|DBH|GADD45A|ECE1|ECM1|EFNA1|EMX2|EPAS1|FOXD1|FOXS1|FN1|FOSL2|GATA2|GJA4|GNG11|GPER1|HSPG2|ID1|IGF2|IGFBP4|TM4SF1|NKX6-1|PDGFB|PPIC|S100A10|CLEC11A|SLC2A1|SLCO2A1|TBX3|THBD|CLDN5|TWIST1|BHLHE40|OSMR|IL32|KLF4|KIAA0040|RBPMS|SLC7A11|PAMR1|EHD2|ANGPTL4|CLEC1A|LSR|DPPA4|DOK4|GPRC5C|TCIM|ANO2|CD248|STRA6|SOX17|NIBAN2|VWA1|AHNAK|ZNF503|CGNL1|FOXQ1|TMEM37|CDC42EP5|DACT2|OAF|CAVIN1,-18,MyList
PaGenBase,36,PGB:00014,Cell-specific: DRG,,-21,4.5,13,30293,456,851,58,6.8,0.86,744|838|1301|1311|1410|1462|1496|1607|1621|1804|1910|1995|1996|2173|2258|2297|2346|2355|2555|2596|2675|2701|3691|4023|4155|4804|4914|4916|5100|5121|5122|5125|5266|5354|6456|6616|7020|7070|7545|7869|8190|8705|9211|9378|9745|9892|10439|10610|11030|11075|11122|22986|26050|54674|55117|55885|79152|146227,MPPED2|CASP5|COL11A1|COMP|CRYAB|VCAN|CTNNA2|DGKB|DBH|DPP6|EDNRB|ELAVL3|ELAVL4|FABP7|FGF13|FOXD1|FOLH1|FOSL2|GABRA2|GAP43|GFRA2|GJA4|ITGB4|LPL|MBP|NGFR|NTRK1|NTRK3|PCDH8|PCP4|PCSK1|PCSK5|PI3|PLP1|SH3GL2|SNAP25|TFAP2A|THY1|ZIC1|SEMA3B|MIA|B3GALT4|LGI1|NRXN1|ZNF536|SNAP91|OLFM1|ST6GALNAC2|RBPMS|STMN2|PTPRT|SORCS3|SLITRK5|LRRN3|SLC6A15|LMO3|FA2H|BEAN1,-18,MyList
Cell Type Signatures,7,M39167,GAO LARGE INTESTINE ADULT CJ IMMUNE CELLS,,-21,4.3,13,30293,505,851,61,7.2,0.88,2|301|577|633|1009|1012|1277|1281|1288|1293|1462|1634|1893|1910|2273|2697|2701|2791|3488|3801|5327|6320|6515|7045|7056|7070|7122|7127|8434|8722|8728|9547|9892|9902|10439|10630|10752|10863|10964|11030|11075|11096|11170|11259|23213|23452|25802|25927|30846|51477|54674|56287|57007|57616|64067|79974|84033|94234|116159|284119|375704,A2M|ANXA1|ADGRB3|BGN|CDH11|CDH13|COL1A1|COL3A1|COL4A6|COL6A3|VCAN|DCN|ECM1|EDNRB|FHL1|GJA1|GJA4|GNG11|IGFBP5|KIFC3|PLAT|CLEC11A|SLC2A3|TGFBI|THBD|THY1|CLDN5|TNFAIP2|RECK|CTSF|ADAM19|CXCL14|SNAP91|MRC2|OLFM1|PDPN|CHL1|ADAM28|IFI44L|RBPMS|STMN2|ADAMTS5|FAM107A|FILIP1L|SULF1|ANGPTL2|LMOD1|CNRIP1|EHD2|ISYNA1|LRRN3|GKN1|ACKR3|TSHZ3|NPAS3|CPED1|OBSCN|FOXQ1|CYYR1|CAVIN1|ENHO,-18,MyList
Cell Type Signatures,7,M39069,MANNO MIDBRAIN NEUROTYPES HDA2,,-21,4.2,13,30293,513,851,61,7.2,0.88,744|1012|1137|1301|1496|1641|1804|1993|1996|2039|2258|2555|2596|2785|2823|2899|3642|3852|4062|4661|4675|4684|4826|5063|5126|5214|6328|6616|6860|7275|7295|7464|8788|9211|9892|10653|10752|11075|11189|26050|51617|55117|55450|55715|55885|55966|57530|59283|84867|84969|85300|91584|114786|114798|134111|196500|260293|340543|375704|440270|494470,MPPED2|CDH13|CHRNA4|COL11A1|CTNNA2|DCX|DPP6|ELAVL2|ELAVL4|DMTN|FGF13|GABRA2|GAP43|GNG3|GPM6A|GRIK3|INSM1|KRT5|LY6H|MYT1|NAP1L3|NCAM1|NNAT|PAK3|PCSK2|PFKP|SCN3A|SNAP25|SYT4|TUB|TXN|CORO2A|DLK1|LGI1|SNAP91|SPINT2|CHL1|STMN2|CELF3|SLITRK5|NSG2|SLC6A15|CAMK2N1|DOK4|LMO3|AJAP1|CGN|CACNG8|PTPN5|TOX2|ATCAY|PLXNA4|XKR4|SLITRK1|UBE2QL1|PIANP|CYP4X1|TCEAL5|ENHO|GOLGA8B|ARK2C,-17,MyList
Cell Type Signatures,7,M39018,FAN EMBRYONIC CTX BIG GROUPS BRAIN ENDOTHELIAL,,-20,5,13,30293,365,851,51,6,0.81,290|301|567|633|928|1009|1281|1634|1879|1889|1893|1942|2034|2114|2307|2335|2701|2791|2852|3397|3487|4055|4071|5155|5327|5480|6281|6320|6513|6515|6578|7122|7546|8553|9060|9235|9314|10964|11343|51477|53827|54997|56937|57124|64220|64856|84952|94015|94234|116159|284119,ANPEP|ANXA1|B2M|BGN|CD9|CDH11|COL3A1|DCN|EBF1|ECE1|ECM1|EFNA1|EPAS1|ETS2|FOXS1|FN1|GJA4|GNG11|GPER1|ID1|IGFBP4|LTBR|TM4SF1|PDGFB|PLAT|PPIC|S100A10|CLEC11A|SLC2A1|SLC2A3|SLCO2A1|CLDN5|ZIC2|BHLHE40|PAPSS2|IL32|KLF4|IFI44L|MGLL|ISYNA1|FXYD5|TESC|PMEPA1|CD248|STRA6|VWA1|CGNL1|TTYH2|FOXQ1|CYYR1|CAVIN1,-17,MyList
Cell Type Signatures,7,M39104,ZHONG PFC C3 MICROGLIA,,-20,4.3,13,30293,488,851,59,6.9,0.87,107|119|273|862|1137|1463|1641|1759|1943|1952|1995|2039|2173|2258|2596|4062|4675|4684|4753|5800|6860|7070|8660|8831|9378|9465|9615|9892|10397|10512|11075|11189|11343|23768|26115|27319|27328|27344|51617|54549|54674|55450|55816|57451|59283|79007|84867|85300|91584|120114|124930|134111|134829|140597|219287|340543|375704|387856|494470,ADCY1|ADD2|AMPH|RUNX1T1|CHRNA4|NCAN|DCX|DNM1|EFNA2|CELSR2|ELAVL3|DMTN|FABP7|FGF13|GAP43|LY6H|NAP1L3|NCAM1|NELL2|PTPRO|SYT4|THY1|IRS2|SYNGAP1|NRXN1|AKAP7|GDA|SNAP91|NDRG1|SEMA3C|STMN2|CELF3|MGLL|FLRT2|TANC2|BHLHE22|PCDH11X|PCSK1N|NSG2|SDK2|LRRN3|CAMK2N1|DOK5|TENM2|CACNG8|DBNDD1|PTPN5|ATCAY|PLXNA4|FAT3|ANKRD13B|UBE2QL1|CLVS2|TCEAL2|AMER2|TCEAL5|ENHO|CCDC184|ARK2C,-17,MyList
Cell Type Signatures,7,M39128,AIZARANI LIVER C29 MVECS 2,,-20,5.3,13,30293,313,851,47,5.5,0.78,2|301|633|928|1026|1281|1295|1822|1889|2034|2697|2791|2823|2934|3397|3487|4071|5272|5339|6281|6578|7025|7056|7122|8447|9021|9052|9314|9590|10397|11078|11098|11170|11259|11346|22915|23135|26509|30846|51299|57007|64855|79026|84952|116159|170685|284119,A2M|ANXA1|BGN|CD9|CDKN1A|COL3A1|COL8A1|ATN1|ECE1|EPAS1|GJA1|GNG11|GPM6A|GSN|ID1|IGFBP4|TM4SF1|SERPINB9|PLEC|S100A10|SLCO2A1|NR2F1|THBD|CLDN5|DOC2B|SOCS3|GPRC5A|KLF4|AKAP12|NDRG1|TRIOBP|PRSS23|FAM107A|FILIP1L|SYNPO|MMRN1|KDM6B|MYOF|EHD2|NRN1|ACKR3|NIBAN2|AHNAK|CGNL1|CYYR1|NUDT10|CAVIN1,-17,MyList
Cell Type Signatures,7,M39064,MANNO MIDBRAIN NEUROTYPES HNBML1,,-20,5.2,13,30293,328,851,48,5.6,0.79,1496|1641|1879|1993|1995|1996|2259|2596|2785|2823|3642|4661|4675|4684|4753|4826|5063|5122|5334|6328|6616|6860|6900|9892|10439|10653|11075|11189|22822|27328|27344|29106|51299|55530|57611|59284|78997|84867|84894|85300|113763|114786|134111|219287|253738|285533|387856|494470,CTNNA2|DCX|EBF1|ELAVL2|ELAVL3|ELAVL4|FGF14|GAP43|GNG3|GPM6A|INSM1|MYT1|NAP1L3|NCAM1|NELL2|NNAT|PAK3|PCSK1|PLCL1|SCN3A|SNAP25|SYT4|CNTN2|SNAP91|OLFM1|SPINT2|STMN2|CELF3|PHLDA1|PCDH11X|PCSK1N|SCG3|NRN1|SVOP|ISLR2|CACNG7|GDAP1L1|PTPN5|LINGO1|ATCAY|ZBED10P|XKR4|UBE2QL1|AMER2|EBF3|RNF175|CCDC184|ARK2C,-17,MyList
Cell Type Signatures,7,M40228,DESCARTES FETAL LIVER MESOTHELIAL CELLS,,-20,5.3,13,30293,310,851,46,5.4,0.78,768|1288|1295|1299|1301|1410|1804|2051|2619|2697|3488|3624|3691|3772|3855|3918|4036|4062|4681|4916|5493|6281|7869|9892|10512|10630|10675|11122|11228|23213|23612|28316|50614|54715|57530|79983|81832|85407|92293|93517|124930|196500|255743|260293|284119|286204,CA9|COL4A6|COL8A1|COL9A3|COL11A1|CRYAB|DPP6|EPHB6|GAS1|GJA1|IGFBP5|INHBA|ITGB4|KCNJ15|KRT7|LAMC2|LRP2|LY6H|NBL1|NTRK3|PPL|S100A10|SEMA3B|SNAP91|SEMA3C|PDPN|CSPG5|PTPRT|RASSF8|SULF1|PHLDA3|CDH20|GALNT9|RBFOX1|CGN|POF1B|NETO1|NKD1|TMEM132C|SDR42E1|ANKRD13B|PIANP|NPNT|CYP4X1|CAVIN1|CRB2,-16,MyList
Cell Type Signatures,7,M39065,MANNO MIDBRAIN NEUROTYPES HRN,,-19,5,12,30293,335,851,47,5.5,0.78,862|1463|1496|1641|1993|1995|1996|2018|2259|2596|2785|2823|3746|4661|4684|4826|5063|5126|5800|6328|6506|6616|9378|9892|10512|11075|11096|11189|22986|29106|51299|51617|54715|55117|55715|57451|57611|78997|84867|85300|85508|134111|134829|219287|253738|387856|440270,RUNX1T1|NCAN|CTNNA2|DCX|ELAVL2|ELAVL3|ELAVL4|EMX2|FGF14|GAP43|GNG3|GPM6A|KCNC1|MYT1|NCAM1|NNAT|PAK3|PCSK2|PTPRO|SCN3A|SLC1A2|SNAP25|NRXN1|SNAP91|SEMA3C|STMN2|ADAMTS5|CELF3|SORCS3|SCG3|NRN1|NSG2|RBFOX1|SLC6A15|DOK4|TENM2|ISLR2|GDAP1L1|PTPN5|ATCAY|SCRT2|UBE2QL1|CLVS2|AMER2|EBF3|CCDC184|GOLGA8B,-16,MyList
Cell Type Signatures,7,M39264,HU FETAL RETINA FIBROBLAST,,-19,4.6,12,30293,385,851,50,5.9,0.81,290|567|633|1009|1052|1277|1281|1293|1462|1634|1889|2018|2042|2045|2114|2335|2353|2791|3037|3397|3481|3487|3488|3725|3726|5396|6238|6281|6515|7045|7070|7291|7538|9021|9211|9314|9540|9902|10163|10418|11098|23213|23645|25975|27123|53827|57124|79026|79974|220323,ANPEP|B2M|BGN|CDH11|CEBPD|COL1A1|COL3A1|COL6A3|VCAN|DCN|ECE1|EMX2|EPHA3|EPHA7|ETS2|FN1|FOS|GNG11|HAS2|ID1|IGF2|IGFBP4|IGFBP5|JUN|JUNB|PRRX1|RRBP1|S100A10|SLC2A3|TGFBI|THY1|TWIST1|ZFP36|SOCS3|LGI1|KLF4|TP53I3|MRC2|WASF2|SPON1|PRSS23|SULF1|PPP1R15A|EGFL6|DKK2|FXYD5|CD248|AHNAK|CPED1|OAF,-16,MyList
Cell Type Signatures,7,M39125,AIZARANI LIVER C24 EPCAM POS BILE DUCT CELLS 3,,-18,6.7,13,30293,185,851,35,4.1,0.68,290|307|311|650|1410|1512|1647|1999|2877|3576|3772|3855|3914|3960|4071|5284|6277|6281|6385|6662|6690|7127|7295|8673|9245|10653|27111|55450|56667|56937|57402|57530|57648|64065|79152,ANPEP|ANXA4|ANXA11|BMP2|CRYAB|CTSH|GADD45A|ELF3|GPX2|CXCL8|KCNJ15|KRT7|LAMB3|LGALS4|TM4SF1|PIGR|S100A6|S100A10|SDC4|SOX9|SPINK1|TNFAIP2|TXN|VAMP8|GCNT3|SPINT2|SDCBP2|CAMK2N1|MUC13|PMEPA1|S100A14|CGN|NHSL3|PERP|FA2H,-15,MyList
DisGeNET,35,C0004936,Mental disorders,,-18,3.3,11,30293,789,851,73,8.6,0.96,2|117|133|414|577|928|1012|1137|1356|1621|2042|2259|2346|2353|2556|2697|2823|2913|3339|3383|3481|3576|3725|3726|3855|3918|4036|4155|4661|4684|4804|5021|5080|5142|5155|5327|5521|6281|6328|6376|6493|6506|6616|6860|6886|6928|7101|7122|7295|7869|8728|9181|9248|9378|9423|10215|11122|11255|22986|26115|27319|27344|51477|54210|55117|57007|64067|81794|84867|85300|114798|494470|613212,A2M|ADCYAP1R1|ADM|ARSD|ADGRB3|CD9|CDH13|CHRNA4|CP|DBH|EPHA3|FGF14|FOLH1|FOS|GABRA3|GJA1|GPM6A|GRM3|HSPG2|ICAM1|IGF2|CXCL8|JUN|JUNB|KRT7|LAMC2|LRP2|MBP|MYT1|NCAM1|NGFR|OXTR|PAX6|PDE4B|PDGFB|PLAT|PPP2R2B|S100A10|SCN3A|CX3CL1|SIM2|SLC1A2|SNAP25|SYT4|TAL1|HNF1B|NR2E1|CLDN5|TXN|SEMA3B|ADAM19|ARHGEF2|GPR50|NRXN1|NTN1|OLIG2|PTPRT|HRH3|SORCS3|TANC2|BHLHE22|PCSK1N|ISYNA1|TREM1|SLC6A15|ACKR3|NPAS3|ADAMTS10|PTPN5|ATCAY|SLITRK1|ARK2C|CTXN3,-15,MyList
Cell Type Signatures,7,M41675,TRAVAGLINI LUNG ADVENTITIAL FIBROBLAST CELL,,-18,5.2,12,30293,296,851,43,5.1,0.75,133|301|718|972|1277|1281|1293|1512|1634|2353|2512|2619|2934|3037|3487|3725|3726|5327|5396|6277|6281|7058|7070|7127|7538|7869|8722|9021|9052|9235|9314|9547|9590|9902|10512|10630|23645|25891|57007|57124|220323|221749|261729,ADM|ANXA1|C3|CD74|COL1A1|COL3A1|COL6A3|CTSH|DCN|FOS|FTL|GAS1|GSN|HAS2|IGFBP4|JUN|JUNB|PLAT|PRRX1|S100A6|S100A10|THBS2|THY1|TNFAIP2|ZFP36|SEMA3B|CTSF|SOCS3|GPRC5A|IL32|KLF4|CXCL14|AKAP12|MRC2|SEMA3C|PDPN|PPP1R15A|PAMR1|ACKR3|CD248|OAF|PXDC1|STEAP2,-15,MyList
Cell Type Signatures,7,M39074,ZHONG PFC MAJOR TYPES ASTROCYTES,,-18,4.9,12,30293,325,851,45,5.3,0.77,117|567|655|875|928|1463|1634|1910|1942|2173|2697|2791|2913|3397|3487|3725|5339|5992|6506|6662|9211|9540|9547|9902|10418|10630|10675|11170|11343|54674|54898|55816|56892|57348|57580|84631|94015|128414|167410|220382|255743|375704|388419|388585|440097,ADCYAP1R1|B2M|BMP7|CBS|CD9|NCAN|DCN|EDNRB|EFNA1|FABP7|GJA1|GNG11|GRM3|ID1|IGFBP4|JUN|PLEC|RFX4|SLC1A2|SOX9|LGI1|TP53I3|CXCL14|MRC2|SPON1|PDPN|CSPG5|FAM107A|MGLL|LRRN3|ELOVL2|DOK5|TCIM|TTYH1|PREX1|SLITRK2|TTYH2|NKAIN4|LIX1|FAM181B|NPNT|ENHO|BTBD17|HES5|DBX2,-15,MyList
Cell Type Signatures,7,M39053,MANNO MIDBRAIN NEUROTYPES HRGL2C,,-18,4.9,12,30293,326,851,45,5.3,0.77,117|577|1012|1063|1299|1463|1804|1910|2042|2173|2823|2913|3037|3785|3955|4821|5099|5327|6506|6662|9378|9902|10215|10630|10675|10964|11122|23541|23657|29106|55790|57348|57580|79192|84631|94030|112399|116372|128414|152573|167410|220382|255743|387597|388585,ADCYAP1R1|ADGRB3|CDH13|CENPF|COL9A3|NCAN|DPP6|EDNRB|EPHA3|FABP7|GPM6A|GRM3|HAS2|KCNQ2|LFNG|NKX2-2|PCDH7|PLAT|SLC1A2|SOX9|NRXN1|MRC2|OLIG2|PDPN|CSPG5|IFI44L|PTPRT|SEC14L2|SLC7A11|SCG3|CSGALNACT1|TTYH1|PREX1|IRX1|SLITRK2|LRRC4B|EGLN3|LYPD1|NKAIN4|SHISA3|LIX1|FAM181B|NPNT|ILDR2|HES5,-15,MyList
Cell Type Signatures,7,M39072,MANNO MIDBRAIN NEUROTYPES HSERT,,-18,4.2,12,30293,450,851,53,6.2,0.83,107|961|1012|1137|1641|1993|2039|2258|2259|2596|2624|2785|2823|3746|4062|4675|4684|5099|5178|5214|5521|6328|6616|6656|8403|9211|9378|9465|9892|9951|10512|10653|11075|11189|22986|27328|27344|51617|54715|55117|55530|57451|57687|59283|78997|79750|84894|85300|114798|147906|260293|285533|387856,ADCY1|CD47|CDH13|CHRNA4|DCX|ELAVL2|DMTN|FGF13|FGF14|GAP43|GATA2|GNG3|GPM6A|KCNC1|LY6H|NAP1L3|NCAM1|PCDH7|PEG3|PFKP|PPP2R2B|SCN3A|SNAP25|SOX1|SOX14|LGI1|NRXN1|AKAP7|SNAP91|HS3ST4|SEMA3C|SPINT2|STMN2|CELF3|SORCS3|PCDH11X|PCSK1N|NSG2|RBFOX1|SLC6A15|SVOP|TENM2|VAT1L|CACNG8|GDAP1L1|ZNF385D|LINGO1|ATCAY|SLITRK1|DACT3|CYP4X1|RNF175|CCDC184,-15,MyList
Cell Type Signatures,7,M40220,DESCARTES FETAL KIDNEY URETERIC BUD CELLS,,-18,5.1,12,30293,300,851,43,5.1,0.75,26|1999|2444|2877|3691|3694|3852|3855|3914|5456|5493|6549|6690|6707|7020|7113|10103|11187|26579|51301|54102|55200|55286|57402|57530|63976|64063|64065|64600|64866|79152|79784|79919|79977|79983|94234|166824|202915|220382|222584|340120|346389|346606,AOC1|ELF3|FRK|GPX2|ITGB4|ITGB6|KRT5|KRT7|LAMB3|POU3F4|PPL|SLC9A2|SPINK1|SPRR3|TFAP2A|TMPRSS2|TSPAN1|PKP3|MYEOV|GCNT4|CLIC6|PLEKHG6|C4orf19|S100A14|CGN|PRDM16|PRSS22|PERP|PLA2G2F|CDCP1|FA2H|MYH14|MAB21L4|GRHL2|POF1B|FOXQ1|RASSF6|TMEM184A|FAM181B|FAM83B|ANKRD34B|MACC1|MOGAT3,-15,MyList
DisGeNET,35,C0153381,Malignant neoplasm of mouth,,-17,3.2,11,30293,756,851,69,8.1,0.94,133|301|602|768|837|875|961|1026|1029|1356|1361|1410|1440|1634|1647|1649|1910|2243|2273|2335|2353|2524|2530|3037|3119|3236|3339|3383|3481|3576|3725|3726|3852|3854|4194|4319|4804|5111|6348|6352|6513|7056|7058|7291|7424|8190|8434|9021|9052|9123|9314|9518|9547|10397|10512|10630|11082|11186|11259|22822|22915|22943|23452|23657|51083|57111|57402|79977|116844,ADM|ANXA1|BCL3|CA9|CASP4|CBS|CD47|CDKN1A|CDKN2A|CP|CPB2|CRYAB|CSF3|DCN|GADD45A|DDIT3|EDNRB|FGA|FHL1|FN1|FOS|FUT2|FUT8|HAS2|HLA-DQB1|HOXD10|HSPG2|ICAM1|IGF2|CXCL8|JUN|JUNB|KRT5|KRT6B|MDM4|MMP10|NGFR|PCNA|CCL3|CCL5|SLC2A1|THBD|THBS2|TWIST1|VEGFC|MIA|RECK|SOCS3|GPRC5A|SLC16A3|KLF4|GDF15|CXCL14|NDRG1|SEMA3C|PDPN|ESM1|RASSF1|FILIP1L|PHLDA1|MMRN1|DKK1|ANGPTL2|SLC7A11|GAL|RAB25|S100A14|GRHL2|LRG1,-14,MyList
DisGeNET,35,C0030297,Pancreatic Neoplasm,,-17,3.2,11,30293,764,851,69,8.1,0.94,133|238|768|961|1029|1030|1045|1050|1440|1469|1634|1647|1649|1822|2034|2255|2258|2335|2524|2852|2934|3383|3397|3552|3576|3725|4319|4684|4804|4914|4916|5111|5209|5327|5339|5629|5644|6277|6281|6364|6513|6662|6690|6928|7031|7045|7291|7295|7424|7448|8190|8434|8553|8660|9314|9518|9547|9641|10397|22822|22915|23213|23657|27319|51129|53827|55655|56667|64399,ADM|ALK|CA9|CD47|CDKN2A|CDKN2B|CDX2|CEBPA|CSF3|CST1|DCN|GADD45A|DDIT3|ATN1|EPAS1|FGF10|FGF13|FN1|FUT2|GPER1|GSN|ICAM1|ID1|IL1A|CXCL8|JUN|MMP10|NCAM1|NGFR|NTRK1|NTRK3|PCNA|PFKFB3|PLAT|PLEC|PROX1|PRSS1|S100A6|S100A10|CCL20|SLC2A1|SOX9|SPINK1|HNF1B|TFF1|TGFBI|TWIST1|TXN|VEGFC|VTN|MIA|RECK|BHLHE40|IRS2|KLF4|GDF15|CXCL14|IKBKE|NDRG1|PHLDA1|MMRN1|SULF1|SLC7A11|BHLHE22|ANGPTL4|FXYD5|NLRP2|MUC13|HHIP,-14,MyList
Cell Type Signatures,7,M40212,DESCARTES FETAL INTESTINE INTESTINAL EPITHELIAL CELLS,,-17,5.2,12,30293,276,851,40,4.7,0.73,174|290|307|345|1044|1179|1999|2168|2169|2243|2346|2877|3914|5106|5284|7031|7113|8549|9615|11148|11187|51301|54102|55018|55612|56667|57402|79853|79977|80201|80736|84647|92359|93432|140453|153769|222584|340024|346606|653808,AFP|ANPEP|ANXA4|APOC3|CDX1|CLCA1|ELF3|FABP1|FABP2|FGA|FOLH1|GPX2|LAMB3|PCK2|PIGR|TFF1|TMPRSS2|LGR5|GDA|HHLA2|PKP3|GCNT4|CLIC6|ANKRD40CL|FERMT1|MUC13|S100A14|TM4SF20|GRHL2|HKDC1|SLC44A4|PLA2G12B|CRB3|MGAM2|MUC17|SH3RF2|FAM83B|SLC6A19|MOGAT3|ZG16,-14,MyList
Cell Type Signatures,7,M39017,FAN EMBRYONIC CTX BIG GROUPS CAJAL RETZIUS,,-17,3.9,11,30293,499,851,54,6.3,0.84,823|961|1026|1410|1647|2018|2596|2675|2785|3488|3676|4062|4914|5121|5122|5142|5178|5214|5334|5493|6288|6572|6616|7277|7295|7546|8022|8612|8792|10439|10610|10653|23612|27344|51286|51299|55061|56243|56884|57687|64065|79026|79784|79924|81849|84858|85416|166824|196740|220323|252995|253738|260293|100131187,CAPN1|CD47|CDKN1A|CRYAB|GADD45A|EMX2|GAP43|GFRA2|GNG3|IGFBP5|ITGA4|LY6H|NTRK1|PCP4|PCSK1|PDE4B|PEG3|PFKP|PLCL1|PPL|SAA1|SLC18A3|SNAP25|TUBA4A|TXN|ZIC2|LHX3|PLPP2|TNFRSF11A|OLFM1|ST6GALNAC2|SPINT2|PHLDA3|PCSK1N|CEND1|NRN1|SUSD4|KIAA1217|FSTL5|VAT1L|PERP|AHNAK|MYH14|ADM2|ST6GALNAC5|ZNF503|ZIC5|RASSF6|VSTM4|OAF|FNDC5|EBF3|CYP4X1|TSTD1,-14,MyList
Cell Type Signatures,7,M39175,MURARO PANCREAS MESENCHYMAL STROMAL CELL,,-16,3.4,11,30293,680,851,64,7.5,0.9,2|301|633|861|875|1009|1051|1277|1281|1293|1295|1462|1634|1879|1910|2034|2274|2335|2791|3037|3487|3488|3589|3624|5106|5327|5396|5480|6515|6926|7045|7058|7070|7295|8553|8728|9180|9181|9244|9262|9590|9902|10418|11030|11228|22822|23213|23452|23657|24141|26509|30846|51129|51199|51303|54541|56937|57124|57761|63874|79026|85407|196740|284119,A2M|ANXA1|BGN|RUNX1|CBS|CDH11|CEBPB|COL1A1|COL3A1|COL6A3|COL8A1|VCAN|DCN|EBF1|EDNRB|EPAS1|FHL2|FN1|GNG11|HAS2|IGFBP4|IGFBP5|IL11|INHBA|PCK2|PLAT|PRRX1|PPIC|SLC2A3|TBX3|TGFBI|THBS2|THY1|TXN|BHLHE40|ADAM19|OSMR|ARHGEF2|CRLF1|STK17B|AKAP12|MRC2|SPON1|RBPMS|RASSF8|PHLDA1|SULF1|ANGPTL2|SLC7A11|LAMP5|MYOF|EHD2|ANGPTL4|NIN|FKBP11|DDIT4|PMEPA1|CD248|TRIB3|ABHD4|AHNAK|NKD1|VSTM4|CAVIN1,-14,MyList
DisGeNET,35,C0153690,Secondary malignant neoplasm of bone,,-16,3.4,11,30293,647,851,62,7.3,0.89,2|133|174|238|285|567|650|655|846|976|1009|1029|1063|1462|1621|1634|1822|1942|2258|2335|2346|2521|2697|2913|3383|3552|3576|3589|3676|3725|3914|4914|4916|5099|6364|6374|6660|7045|7058|7113|7128|7291|8788|8792|9052|9123|9290|9314|9518|9547|9902|10397|10653|11343|22915|22943|23452|55323|56937|57007|80150|255743,A2M|ADM|AFP|ALK|ANGPT2|B2M|BMP2|BMP7|CASR|ADGRE5|CDH11|CDKN2A|CENPF|VCAN|DBH|DCN|ATN1|EFNA1|FGF13|FN1|FOLH1|FUS|GJA1|GRM3|ICAM1|IL1A|CXCL8|IL11|ITGA4|JUN|LAMB3|NTRK1|NTRK3|PCDH7|CCL20|CXCL5|SOX5|TGFBI|THBS2|TMPRSS2|TNFAIP3|TWIST1|DLK1|TNFRSF11A|GPRC5A|SLC16A3|GPR55|KLF4|GDF15|CXCL14|MRC2|NDRG1|SPINT2|MGLL|MMRN1|DKK1|ANGPTL2|LARP6|PMEPA1|ACKR3|ASRGL1|NPNT,-13,MyList
DisGeNET,35,C0007785,Cerebral Infarction,,-16,3.3,10,30293,687,851,64,7.5,0.9,117|133|285|301|634|655|823|837|875|1281|1356|1361|1440|1910|2168|2169|2243|2353|2697|2852|3339|3383|3552|3576|3589|3725|3726|3776|3918|4023|4973|5122|5209|5327|5446|5729|6288|6296|6348|6352|6376|6506|6513|6546|6547|6736|7056|7122|7295|7424|9068|9423|9547|11343|22943|50506|51129|51477|57007|57761|63973|116448|116844|338382,ADCYAP1R1|ADM|ANGPT2|ANXA1|CEACAM1|BMP7|CAPN1|CASP4|CBS|COL3A1|CP|CPB2|CSF3|EDNRB|FABP1|FABP2|FGA|FOS|GJA1|GPER1|HSPG2|ICAM1|IL1A|CXCL8|IL11|JUN|JUNB|KCNK2|LAMC2|LPL|OLR1|PCSK1|PFKFB3|PLAT|PON3|PTGDR|SAA1|ACSM3|CCL3|CCL5|CX3CL1|SLC1A2|SLC2A1|SLC8A1|SLC8A3|SRY|THBD|CLDN5|TXN|VEGFC|ANGPTL1|NTN1|CXCL14|MGLL|DKK1|DUOX2|ANGPTL4|ISYNA1|ACKR3|TRIB3|NEUROG2|OLIG1|LRG1|RAB7B,-13,MyList
Cell Type Signatures,7,M41659,TRAVAGLINI LUNG ALVEOLAR EPITHELIAL TYPE 1 CELL,,-16,4.3,11,30293,391,851,47,5.5,0.78,567|928|961|1026|1030|1152|1295|1410|1942|2273|2335|2697|2823|3339|3383|3855|3914|3918|4071|5209|6281|6515|6809|7113|7277|7538|7869|8974|9052|9056|9060|9235|10630|10653|11228|11343|23452|23645|30846|51208|54625|57530|79026|81849|84612|84913|164312,B2M|CD9|CD47|CDKN1A|CDKN2B|CKB|COL8A1|CRYAB|EFNA1|FHL1|FN1|GJA1|GPM6A|HSPG2|ICAM1|KRT7|LAMB3|LAMC2|TM4SF1|PFKFB3|S100A10|SLC2A3|STX3|TMPRSS2|TUBA4A|ZFP36|SEMA3B|P4HA2|GPRC5A|SLC7A7|PAPSS2|IL32|PDPN|SPINT2|RASSF8|MGLL|ANGPTL2|PPP1R15A|EHD2|CLDN18|PARP14|CGN|AHNAK|ST6GALNAC5|PARD6B|ATOH8|LRRN4,-13,MyList
Transcription Factor Targets,16,M4764,TGTTTGY HNF3 Q6,,-16,3.2,10,30293,748,851,67,7.9,0.92,2|694|744|1010|1440|1942|1996|2045|2168|2243|2259|2555|2823|2886|3213|3227|3624|3726|4684|4760|4821|5126|5521|5645|5992|6296|6578|6616|6660|6892|7029|7545|8403|8929|9068|9423|10512|10586|10655|11078|11254|11343|22986|27319|27328|29106|29942|54549|54715|55890|57616|59277|64321|64641|79026|79962|81794|84107|84631|84913|85407|85416|124930|124935|255743|283987|375704,A2M|BTG1|MPPED2|CDH12|CSF3|EFNA1|ELAVL4|EPHA7|FABP1|FGA|FGF14|GABRA2|GPM6A|GRB7|HOXB3|HOXC11|INHBA|JUNB|NCAM1|NEUROD1|NKX2-2|PCSK2|PPP2R2B|PRSS2|RFX4|ACSM3|SLCO2A1|SNAP25|SOX5|TAPBP|TFDP2|ZIC1|SOX14|PHOX2B|ANGPTL1|NTN1|SEMA3C|MAB21L2|DMRT2|TRIOBP|SLC6A14|MGLL|SORCS3|BHLHE22|PCDH11X|SCG3|PURG|SDK2|RBFOX1|GPRC5C|TSHZ3|NTN4|SOX17|EBF2|AHNAK|DNAJC22|ADAMTS10|ZIC4|SLITRK2|ATOH8|NKD1|ZIC5|ANKRD13B|SLC43A2|NPNT|HID1|ENHO,-13,MyList
DisGeNET,35,C0555198,Malignant Glioma,,-16,3.2,10,30293,724,851,65,7.6,0.91,285|301|577|768|846|976|1009|1026|1029|1030|1356|1462|1634|1647|2034|2173|2335|2346|2353|2697|2913|3209|3383|3552|3576|3598|4023|4155|4194|4288|4804|4914|4916|5080|5111|5155|6352|6662|6900|7045|7070|7448|7538|8434|8549|9068|9211|9518|9547|9641|9902|10215|10397|10630|11148|11170|22943|23135|27319|51129|55966|64067|64321|84417|346389,ANGPT2|ANXA1|ADGRB3|CA9|CASR|ADGRE5|CDH11|CDKN1A|CDKN2A|CDKN2B|CP|VCAN|DCN|GADD45A|EPAS1|FABP7|FN1|FOLH1|FOS|GJA1|GRM3|HOXA13|ICAM1|IL1A|CXCL8|IL13RA2|LPL|MBP|MDM4|MKI67|NGFR|NTRK1|NTRK3|PAX6|PCNA|PDGFB|CCL5|SOX9|CNTN2|TGFBI|THY1|VTN|ZFP36|RECK|LGR5|ANGPTL1|LGI1|GDF15|CXCL14|IKBKE|MRC2|OLIG2|NDRG1|PDPN|HHLA2|FAM107A|DKK1|KDM6B|BHLHE22|ANGPTL4|AJAP1|NPAS3|SOX17|ECRG4|MACC1,-13,MyList
Cell Type Signatures,7,M41697,TRAVAGLINI LUNG EREG DENDRITIC CELL,,-16,3.5,10,30293,579,851,57,6.7,0.86,2|290|602|861|972|1026|1051|1052|1462|1512|2034|2114|2180|2353|2512|2920|2934|3119|3123|3127|3383|3576|4973|5045|5142|5209|5272|5339|6277|6281|6303|6364|6385|6515|6533|7045|7056|7128|8660|8673|8728|9021|9060|9123|9314|9590|10653|11259|23135|51129|54210|64855|64866|79026|122953|124935|100463486,A2M|ANPEP|BCL3|RUNX1|CD74|CDKN1A|CEBPB|CEBPD|VCAN|CTSH|EPAS1|ETS2|ACSL1|FOS|FTL|CXCL2|GSN|HLA-DQB1|HLA-DRB1|HLA-DRB5|ICAM1|CXCL8|OLR1|FURIN|PDE4B|PFKFB3|SERPINB9|PLEC|S100A6|S100A10|SAT1|CCL20|SDC4|SLC2A3|SLC6A6|TGFBI|THBD|TNFAIP3|IRS2|VAMP8|ADAM19|SOCS3|PAPSS2|SLC16A3|KLF4|AKAP12|SPINT2|FILIP1L|KDM6B|ANGPTL4|TREM1|NIBAN2|CDCP1|AHNAK|JDP2|SLC43A2|MTRNR2L8,-13,MyList
Cell Type Signatures,7,M39039,FAN EMBRYONIC CTX BRAIN ENDOTHELIAL 1,,-16,4,11,30293,440,851,49,5.8,0.8,133|285|301|928|1009|1647|1879|1889|1893|1942|2034|2335|2697|2791|3397|3487|4071|5142|5480|6281|6513|6515|6578|6809|6926|7122|7546|7547|8553|9235|9314|10964|11145|23657|51599|53827|55715|64220|64321|64855|64856|79026|84952|94015|94234|116159|130132|283987|284119,ADM|ANGPT2|ANXA1|CD9|CDH11|GADD45A|EBF1|ECE1|ECM1|EFNA1|EPAS1|FN1|GJA1|GNG11|ID1|IGFBP4|TM4SF1|PDE4B|PPIC|S100A10|SLC2A1|SLC2A3|SLCO2A1|STX3|TBX3|CLDN5|ZIC2|ZIC3|BHLHE40|IL32|KLF4|IFI44L|PLAAT3|SLC7A11|LSR|FXYD5|DOK4|STRA6|SOX17|NIBAN2|VWA1|AHNAK|CGNL1|TTYH2|FOXQ1|CYYR1|RFTN2|HID1|CAVIN1,-13,MyList
Cell Type Signatures,7,M40010,BUSSLINGER GASTRIC ISTHMUS CELLS,,-16,3.9,11,30293,458,851,50,5.9,0.81,1063|1510|1647|1999|2274|2877|2934|3397|3691|3914|3955|3960|3993|4288|5339|6238|6277|6281|6385|6690|6850|7031|7295|7464|7869|8553|9314|9961|10053|10103|10163|10653|11187|11226|11343|26499|26509|51142|51208|54997|55612|57402|57648|64065|64855|79026|79784|94234|148170|166824,CENPF|CTSE|GADD45A|ELF3|FHL2|GPX2|GSN|ID1|ITGB4|LAMB3|LFNG|LGALS4|LLGL2|MKI67|PLEC|RRBP1|S100A6|S100A10|SDC4|SPINK1|SYK|TFF1|TXN|CORO2A|SEMA3B|BHLHE40|KLF4|MVP|AP1M2|TSPAN1|WASF2|SPINT2|PKP3|GALNT6|MGLL|PLEK2|MYOF|CHCHD2|CLDN18|TESC|FERMT1|S100A14|NHSL3|PERP|NIBAN2|AHNAK|MYH14|FOXQ1|CDC42EP5|RASSF6,-13,MyList
DisGeNET,35,C1704272,Benign Prostatic Hyperplasia,,-16,3.1,10,30293,770,851,67,7.9,0.92,2|117|133|285|650|768|1029|1045|1462|1910|1943|2255|2335|2346|2512|2852|3397|3481|3488|3576|3676|3725|3776|4023|4055|4071|4288|4753|4804|5021|5076|5111|5334|6277|6348|6352|6493|6662|6690|6736|6926|6928|7031|7058|7113|7291|7295|8190|8434|9021|9052|9314|9518|9547|9590|10103|11186|22943|23213|23452|51129|51477|56937|57007|57126|261729|644943,A2M|ADCYAP1R1|ADM|ANGPT2|BMP2|CA9|CDKN2A|CDX2|VCAN|EDNRB|EFNA2|FGF10|FN1|FOLH1|FTL|GPER1|ID1|IGF2|IGFBP5|CXCL8|ITGA4|JUN|KCNK2|LPL|LTBR|TM4SF1|MKI67|NELL2|NGFR|OXTR|PAX2|PCNA|PLCL1|S100A6|CCL3|CCL5|SIM2|SOX9|SPINK1|SRY|TBX3|HNF1B|TFF1|THBS2|TMPRSS2|TWIST1|TXN|MIA|RECK|SOCS3|GPRC5A|KLF4|GDF15|CXCL14|AKAP12|TSPAN1|RASSF1|DKK1|SULF1|ANGPTL2|ANGPTL4|ISYNA1|PMEPA1|ACKR3|CD177|STEAP2|RASSF10,-13,MyList
Cell Type Signatures,7,M39062,MANNO MIDBRAIN NEUROTYPES HNPROG,,-15,5.4,11,30293,229,851,35,4.1,0.68,429|890|1063|1641|1993|1996|3642|3785|4288|4661|4760|4762|5100|5126|7029|9262|9543|9705|10630|10842|11096|11189|22822|27319|51299|55502|55816|56341|58158|63973|64641|124930|130132|252995|494470,ASCL1|CCNA2|CENPF|DCX|ELAVL2|ELAVL4|INSM1|KCNQ2|MKI67|MYT1|NEUROD1|NEUROG1|PCDH8|PCSK2|TFDP2|STK17B|IGDCC3|ST18|PDPN|PPP1R17|ADAMTS5|CELF3|PHLDA1|BHLHE22|NRN1|HES6|DOK5|PRMT8|NEUROD4|NEUROG2|EBF2|ANKRD13B|RFTN2|FNDC5|ARK2C,-13,MyList
Cell Type Signatures,7,M40175,DESCARTES FETAL EYE CORNEAL AND CONJUNCTIVAL EPITHELIAL CELLS,,-15,5.3,11,30293,243,851,36,4.2,0.69,301|928|1029|1030|1356|1999|3576|3726|3852|3855|5284|6277|6296|6376|6385|6707|7113|8673|9052|9245|9518|9547|10103|10653|56927|57111|57648|64063|64065|79784|79977|80736|202915|286077|346389|100131187,ANXA1|CD9|CDKN2A|CDKN2B|CP|ELF3|CXCL8|JUNB|KRT5|KRT7|PIGR|S100A6|ACSM3|CX3CL1|SDC4|SPRR3|TMPRSS2|VAMP8|GPRC5A|GCNT3|GDF15|CXCL14|TSPAN1|SPINT2|GPR108|RAB25|NHSL3|PRSS22|PERP|MYH14|GRHL2|SLC44A4|TMEM184A|FAM83H|MACC1|TSTD1,-13,MyList
Cell Type Signatures,7,M40167,DESCARTES FETAL CEREBRUM VASCULAR ENDOTHELIAL CELLS,,-15,3.5,10,30293,585,851,57,6.7,0.86,133|285|290|301|633|1030|1281|1634|1942|2034|2307|2335|2355|2444|2624|2852|3397|3481|3487|3676|4071|5480|6281|6320|6513|6578|6913|7056|7291|7424|9021|9180|9314|11030|22943|26499|30846|51129|51267|51599|55890|56892|57124|64220|64321|64855|64856|79026|84858|84952|94234|116159|140738|148170|150094|168002|284119,ADM|ANGPT2|ANPEP|ANXA1|BGN|CDKN2B|COL3A1|DCN|EFNA1|EPAS1|FOXS1|FN1|FOSL2|FRK|GATA2|GPER1|ID1|IGF2|IGFBP4|ITGA4|TM4SF1|PPIC|S100A10|CLEC11A|SLC2A1|SLCO2A1|TBX15|THBD|TWIST1|VEGFC|SOCS3|OSMR|KLF4|RBPMS|DKK1|PLEK2|EHD2|ANGPTL4|CLEC1A|LSR|GPRC5C|TCIM|CD248|STRA6|SOX17|NIBAN2|VWA1|AHNAK|ZNF503|CGNL1|FOXQ1|CYYR1|TMEM37|CDC42EP5|SIK1|DACT2|CAVIN1,-13,MyList
Cell Type Signatures,7,M40029,BUSSLINGER DUODENAL MATURE ENTEROCYTES,,-15,5.1,11,30293,259,851,37,4.3,0.7,26|290|345|972|1026|1510|2169|3123|3487|3691|3914|5106|5214|5339|6277|6926|7869|9235|9314|11148|11226|11343|51043|51129|55057|55450|56667|57402|57530|79026|79784|79853|80201|140453|255743|340024|644844,AOC1|ANPEP|APOC3|CD74|CDKN1A|CTSE|FABP2|HLA-DRB1|IGFBP4|ITGB4|LAMB3|PCK2|PFKP|PLEC|S100A6|TBX3|SEMA3B|IL32|KLF4|HHLA2|GALNT6|MGLL|ZBTB7B|ANGPTL4|CRYBG2|CAMK2N1|MUC13|S100A14|CGN|AHNAK|MYH14|TM4SF20|HKDC1|MUC17|NPNT|SLC6A19|PHGR1,-13,MyList
Cell Type Signatures,7,M39122,AIZARANI LIVER C21 STELLATE CELLS 1,,-15,5.9,12,30293,194,851,32,3.8,0.65,633|650|1026|1051|1052|1277|1281|1293|1410|1634|1822|1910|2034|2273|2353|2934|3123|3487|3488|3726|7025|7058|7070|7538|9021|9314|9719|11030|11098|11259|22822|284119,BGN|BMP2|CDKN1A|CEBPB|CEBPD|COL1A1|COL3A1|COL6A3|CRYAB|DCN|ATN1|EDNRB|EPAS1|FHL1|FOS|GSN|HLA-DRB1|IGFBP4|IGFBP5|JUNB|NR2F1|THBS2|THY1|ZFP36|SOCS3|KLF4|ADAMTSL2|RBPMS|PRSS23|FILIP1L|PHLDA1|CAVIN1,-12,MyList
Cell Type Signatures,7,M39056,MANNO MIDBRAIN NEUROTYPES HRGL3,,-15,3.5,10,30293,574,851,56,6.6,0.85,108|117|301|961|1012|1295|1410|1634|1804|1910|2042|2353|2697|2846|3037|3488|3725|3776|4023|4036|4155|5992|6662|9423|9902|9951|10418|10630|10675|22915|23043|23213|23657|54674|55240|55790|55890|56892|57101|57348|57580|79026|89932|92293|112399|120114|128414|130132|167410|170302|221749|286204|387882|388585|389799|100131187,ADCY2|ADCYAP1R1|ANXA1|CD47|CDH13|COL8A1|CRYAB|DCN|DPP6|EDNRB|EPHA3|FOS|GJA1|LPAR4|HAS2|IGFBP5|JUN|KCNK2|LPL|LRP2|MBP|RFX4|SOX9|NTN1|MRC2|HS3ST4|SPON1|PDPN|CSPG5|MMRN1|TNIK|SULF1|SLC7A11|LRRN3|STEAP3|CSGALNACT1|GPRC5C|TCIM|ANO2|TTYH1|PREX1|AHNAK|PAPLN|TMEM132C|EGLN3|FAT3|NKAIN4|RFTN2|LIX1|ARX|PXDC1|CRB2|C12orf75|HES5|CFAP77|TSTD1,-12,MyList
DisGeNET,35,C0013080,Down Syndrome,,-15,3.1,9.9,30293,765,851,66,7.8,0.92,2|174|273|286|414|633|694|861|862|875|1026|1029|1030|1136|1137|1293|1294|1356|1440|1621|1822|1910|2034|2114|2173|2335|2596|2697|2934|3037|3383|3552|3576|3772|3918|4036|4155|4194|4684|4914|5063|5121|5142|5155|5396|6493|6616|6736|7031|7291|7295|8673|9423|9518|10215|10439|10752|11075|11186|22915|23452|54101|54715|57007|63976|170302,A2M|AFP|AMPH|ANK1|ARSD|BGN|BTG1|RUNX1|RUNX1T1|CBS|CDKN1A|CDKN2A|CDKN2B|CHRNA3|CHRNA4|COL6A3|COL7A1|CP|CSF3|DBH|ATN1|EDNRB|EPAS1|ETS2|FABP7|FN1|GAP43|GJA1|GSN|HAS2|ICAM1|IL1A|CXCL8|KCNJ15|LAMC2|LRP2|MBP|MDM4|NCAM1|NTRK1|PAK3|PCP4|PDE4B|PDGFB|PRRX1|SIM2|SNAP25|SRY|TFF1|TWIST1|TXN|VAMP8|NTN1|GDF15|OLIG2|OLFM1|CHL1|STMN2|RASSF1|MMRN1|ANGPTL2|RIPK4|RBFOX1|ACKR3|PRDM16|ARX,-12,MyList
Cell Type Signatures,7,M41709,FAN OVARY CL7 ANGEIOGENIC ENDOTHELIAL CELL,,-15,5.1,11,30293,251,851,36,4.2,0.69,2|285|567|972|1026|1942|2034|2114|2335|2353|2791|2934|3119|3123|3127|3397|3487|3725|3726|4071|6277|6281|6303|6515|7122|7538|9021|9314|10163|10964|11098|23645|53827|57561|116159|284119,A2M|ANGPT2|B2M|CD74|CDKN1A|EFNA1|EPAS1|ETS2|FN1|FOS|GNG11|GSN|HLA-DQB1|HLA-DRB1|HLA-DRB5|ID1|IGFBP4|JUN|JUNB|TM4SF1|S100A6|S100A10|SAT1|SLC2A3|CLDN5|ZFP36|SOCS3|KLF4|WASF2|IFI44L|PRSS23|PPP1R15A|FXYD5|ARRDC3|CYYR1|CAVIN1,-12,MyList
Cell Type Signatures,7,M40214,DESCARTES FETAL INTESTINE ENS NEURONS,,-15,6.5,12,30293,160,851,29,3.4,0.62,460|1137|1496|1621|1641|1747|1804|1995|1996|2258|2596|2785|5800|6572|9892|10439|11075|11255|22986|23316|27133|51083|51286|51617|55117|57687|59284|85300|167410,ASTN1|CHRNA4|CTNNA2|DBH|DCX|DLX3|DPP6|ELAVL3|ELAVL4|FGF13|GAP43|GNG3|PTPRO|SLC18A3|SNAP91|OLFM1|STMN2|HRH3|SORCS3|CUX2|KCNH5|GAL|CEND1|NSG2|SLC6A15|VAT1L|CACNG7|ATCAY|LIX1,-12,MyList
DisGeNET,35,C0220641,Lip and Oral Cavity Carcinoma,,-15,3.1,9.8,30293,734,851,64,7.5,0.9,133|602|768|837|875|961|1026|1029|1356|1361|1410|1440|1634|1647|1649|1910|2273|2335|2524|2530|3037|3119|3339|3383|3481|3576|3725|3852|4194|4319|4804|5111|6348|6352|6513|7056|7058|7291|7424|8190|8434|8673|9021|9052|9123|9314|9518|9547|10397|10512|10630|11082|11186|11259|22822|22915|22943|23452|23657|51083|57111|57402|79977|116844,ADM|BCL3|CA9|CASP4|CBS|CD47|CDKN1A|CDKN2A|CP|CPB2|CRYAB|CSF3|DCN|GADD45A|DDIT3|EDNRB|FHL1|FN1|FUT2|FUT8|HAS2|HLA-DQB1|HSPG2|ICAM1|IGF2|CXCL8|JUN|KRT5|MDM4|MMP10|NGFR|PCNA|CCL3|CCL5|SLC2A1|THBD|THBS2|TWIST1|VEGFC|MIA|RECK|VAMP8|SOCS3|GPRC5A|SLC16A3|KLF4|GDF15|CXCL14|NDRG1|SEMA3C|PDPN|ESM1|RASSF1|FILIP1L|PHLDA1|MMRN1|DKK1|ANGPTL2|SLC7A11|GAL|RAB25|S100A14|GRHL2|LRG1,-12,MyList
Cell Type Signatures,7,M39269,HU FETAL RETINA RGC,,-15,3.9,10,30293,443,851,48,5.6,0.79,107|119|1136|1463|1496|1641|1879|1993|1995|1996|2258|2273|2596|2675|4684|4753|4914|5126|5209|5521|6281|6328|6616|6860|6900|7295|7464|10439|10814|11030|11075|25927|27344|29106|51286|51299|54674|56896|57611|78997|79007|84969|85300|128414|222553|252995|253738|387856,ADCY1|ADD2|CHRNA3|NCAN|CTNNA2|DCX|EBF1|ELAVL2|ELAVL3|ELAVL4|FGF13|FHL1|GAP43|GFRA2|NCAM1|NELL2|NTRK1|PCSK2|PFKFB3|PPP2R2B|S100A10|SCN3A|SNAP25|SYT4|CNTN2|TXN|CORO2A|OLFM1|CPLX2|RBPMS|STMN2|CNRIP1|PCSK1N|SCG3|CEND1|NRN1|LRRN3|DPYSL5|ISLR2|GDAP1L1|DBNDD1|TOX2|ATCAY|NKAIN4|SLC35F1|FNDC5|EBF3|CCDC184,-12,MyList
Transcription Factor Targets,16,M6052,YCATTAA UNKNOWN,,-15,3.5,10,30293,567,851,55,6.5,0.84,744|861|862|1030|1044|1288|1641|1996|2018|2051|2255|2258|2899|2913|3213|3236|3694|3772|3993|4661|5045|5099|5456|5800|6096|6547|6660|6860|7025|7101|7401|8929|9547|9719|10150|10194|11187|23213|27023|27319|54674|54715|55885|56937|57348|57616|59283|64067|64399|64641|79026|84107|84631|84858|167410,MPPED2|RUNX1|RUNX1T1|CDKN2B|CDX1|COL4A6|DCX|ELAVL4|EMX2|EPHB6|FGF10|FGF13|GRIK3|GRM3|HOXB3|HOXD10|ITGB6|KCNJ15|LLGL2|MYT1|FURIN|PCDH7|POU3F4|PTPRO|RORB|SLC8A3|SOX5|SYT4|NR2F1|NR2E1|CLRN1|PHOX2B|CXCL14|ADAMTSL2|MBNL2|TSHZ1|PKP3|SULF1|FOXB1|BHLHE22|LRRN3|RBFOX1|LMO3|PMEPA1|TTYH1|TSHZ3|CACNG8|NPAS3|HHIP|EBF2|AHNAK|ZIC4|SLITRK2|ZNF503|LIX1,-12,MyList
DisGeNET,35,C1658953,tumor vasculature,,-15,5.7,11,30293,200,851,32,3.8,0.65,133|285|290|301|768|846|1009|1012|1491|1822|1910|1942|2335|2346|3383|3576|3598|4071|4973|5196|5209|6352|7045|7056|22915|57007|57124|59277|64866|112399|116844|260293,ADM|ANGPT2|ANPEP|ANXA1|CA9|CASR|CDH11|CDH13|CTH|ATN1|EDNRB|EFNA1|FN1|FOLH1|ICAM1|CXCL8|IL13RA2|TM4SF1|OLR1|PF4|PFKFB3|CCL5|TGFBI|THBD|MMRN1|ACKR3|CD248|NTN4|CDCP1|EGLN3|LRG1|CYP4X1,-12,MyList
Transcription Factor Targets,16,M7213,OCT1 02,,-15,5.5,11,30293,214,851,33,3.9,0.66,861|862|1045|1634|1641|1770|1996|2258|2530|2596|3211|3222|3227|3642|4023|4622|5076|5080|5126|7545|7546|8929|9547|9951|23440|54674|55466|64067|84107|85397|167410|167826|203447,RUNX1|RUNX1T1|CDX2|DCN|DCX|DNAH9|ELAVL4|FGF13|FUT8|GAP43|HOXB1|HOXC5|HOXC11|INSM1|LPL|MYH4|PAX2|PAX6|PCSK2|ZIC1|ZIC2|PHOX2B|CXCL14|HS3ST4|OTP|LRRN3|DNAJA4|NPAS3|ZIC4|RGS8|LIX1|OLIG3|NRK,-12,MyList
Transcription Factor Targets,16,M14357,TATA C,,-15,4.7,11,30293,285,851,38,4.5,0.71,301|1044|1277|1295|1993|2034|2290|3037|3219|3222|3236|4023|4319|4622|4760|4825|5992|6281|6660|6926|7291|9181|9248|9590|9951|10194|10215|23440|25802|27123|50506|54715|57561|63976|84631|114798|167826|405753,ANXA1|CDX1|COL1A1|COL8A1|ELAVL2|EPAS1|FOXG1|HAS2|HOXB9|HOXC5|HOXD10|LPL|MMP10|MYH4|NEUROD1|NKX6-1|RFX4|S100A10|SOX5|TBX3|TWIST1|ARHGEF2|GPR50|AKAP12|HS3ST4|TSHZ1|OLIG2|OTP|LMOD1|DKK2|DUOX2|RBFOX1|ARRDC3|PRDM16|SLITRK2|SLITRK1|OLIG3|DUOXA2,-12,MyList
DisGeNET,35,C0149521,"Pancreatitis, Chronic",,-15,4.1,10,30293,379,851,44,5.2,0.76,2|133|634|650|846|1026|1029|1045|1277|1301|1311|1440|1634|1649|1822|2335|2524|3123|3383|3552|3576|4023|4319|4804|4914|5644|5645|6364|6376|6546|6690|6928|7031|7295|8190|9052|9518|9547|23541|27035|50506|60482|64399|166824,A2M|ADM|CEACAM1|BMP2|CASR|CDKN1A|CDKN2A|CDX2|COL1A1|COL11A1|COMP|CSF3|DCN|DDIT3|ATN1|FN1|FUT2|HLA-DRB1|ICAM1|IL1A|CXCL8|LPL|MMP10|NGFR|NTRK1|PRSS1|PRSS2|CCL20|CX3CL1|SLC8A1|SPINK1|HNF1B|TFF1|TXN|MIA|GPRC5A|GDF15|CXCL14|SEC14L2|NOX1|DUOX2|SLC5A7|HHIP|RASSF6,-12,MyList
TRRUST,34,TRR01158,Regulated by: RELA,,-15,4.4,11,30293,334,851,41,4.8,0.73,602|633|634|650|972|1026|1277|1294|1999|2034|2253|2335|2920|3383|3552|3576|3726|4023|4684|4973|5021|5106|5284|5629|6277|6288|6348|6352|6364|6374|6549|6892|7031|7056|7128|7291|9021|23541|55655|57761|140453,BCL3|BGN|CEACAM1|BMP2|CD74|CDKN1A|COL1A1|COL7A1|ELF3|EPAS1|FGF8|FN1|CXCL2|ICAM1|IL1A|CXCL8|JUNB|LPL|NCAM1|OLR1|OXTR|PCK2|PIGR|PROX1|S100A6|SAA1|CCL3|CCL5|CCL20|CXCL5|SLC9A2|TAPBP|TFF1|THBD|TNFAIP3|TWIST1|SOCS3|SEC14L2|NLRP2|TRIB3|MUC17,-12,MyList
Cell Type Signatures,7,M39033,FAN EMBRYONIC CTX ASTROCYTE 1,,-14,9.5,13,30293,79,851,21,2.5,0.53,117|875|1463|1634|2173|2290|2913|3397|5080|5339|9068|9547|9902|10964|11170|24141|55816|56892|220323|255743|388419,ADCYAP1R1|CBS|NCAN|DCN|FABP7|FOXG1|GRM3|ID1|PAX6|PLEC|ANGPTL1|CXCL14|MRC2|IFI44L|FAM107A|LAMP5|DOK5|TCIM|OAF|NPNT|BTBD17,-12,MyList
Cell Type Signatures,7,M39051,MANNO MIDBRAIN NEUROTYPES HMGL,,-14,3.4,9.9,30293,577,851,55,6.5,0.84,2|307|311|567|602|718|837|861|972|1015|1026|1050|1052|1512|2114|2512|2920|2934|3383|3576|3726|3852|4023|4055|4155|4689|4821|4973|6303|6348|6850|6886|7128|7538|8403|8673|8744|9056|9262|9641|10163|10475|10630|10653|10863|22915|23645|23657|54625|54997|55466|79974|84433|148022|387882,A2M|ANXA4|ANXA11|B2M|BCL3|C3|CASP4|RUNX1|CD74|CDH17|CDKN1A|CEBPA|CEBPD|CTSH|ETS2|FTL|CXCL2|GSN|ICAM1|CXCL8|JUNB|KRT5|LPL|LTBR|MBP|NCF4|NKX2-2|OLR1|SAT1|CCL3|SYK|TAL1|TNFAIP3|ZFP36|SOX14|VAMP8|TNFSF9|SLC7A7|STK17B|IKBKE|WASF2|TRIM38|PDPN|SPINT2|ADAM28|MMRN1|PPP1R15A|SLC7A11|PARP14|TESC|DNAJA4|CPED1|CARD11|TICAM1|C12orf75,-12,MyList
DisGeNET,35,C4086152,Childhood Astrocytoma,,-14,3.3,9.8,30293,615,851,57,6.7,0.86,2|107|238|285|301|429|846|961|1009|1026|1029|1030|1440|1462|1491|1641|1822|2173|2335|2353|2596|2697|2934|3383|3487|3552|3576|3598|3725|3726|3960|4155|4194|4288|5024|5209|5339|5354|6352|6385|6496|6506|6513|7020|7045|7291|7295|7448|9590|10215|11186|22915|57007|63976|64067|112399|346389,A2M|ADCY1|ALK|ANGPT2|ANXA1|ASCL1|CASR|CD47|CDH11|CDKN1A|CDKN2A|CDKN2B|CSF3|VCAN|CTH|DCX|ATN1|FABP7|FN1|FOS|GAP43|GJA1|GSN|ICAM1|IGFBP4|IL1A|CXCL8|IL13RA2|JUN|JUNB|LGALS4|MBP|MDM4|MKI67|P2RX3|PFKFB3|PLEC|PLP1|CCL5|SDC4|SIX3|SLC1A2|SLC2A1|TFAP2A|TGFBI|TWIST1|TXN|VTN|AKAP12|OLIG2|RASSF1|MMRN1|ACKR3|PRDM16|NPAS3|EGLN3|MACC1,-12,MyList
Cell Type Signatures,7,M39303,CUI DEVELOPING HEART C6 EPICARDIAL CELL,,-14,5.7,11,30293,195,851,31,3.6,0.64,307|718|768|2051|2697|2823|3855|4036|4071|5493|6277|6281|6303|6860|7448|7869|9060|10512|10630|11098|11145|23213|23768|51303|57530|79094|84417|140597|140738|164312|255743,ANXA4|C3|CA9|EPHB6|GJA1|GPM6A|KRT7|LRP2|TM4SF1|PPL|S100A6|S100A10|SAT1|SYT4|VTN|SEMA3B|PAPSS2|SEMA3C|PDPN|PRSS23|PLAAT3|SULF1|FLRT2|FKBP11|CGN|CHAC1|ECRG4|TCEAL2|TMEM37|LRRN4|NPNT,-12,MyList
DisGeNET,35,C0007138,"Carcinoma, Transitional Cell",,-14,3.3,9.7,30293,623,851,57,6.7,0.86,238|285|301|633|837|890|928|972|1026|1029|1030|1045|1050|1052|1087|1440|1634|1649|1942|1993|1995|2042|2169|2335|2346|2877|2934|3481|3488|3576|3624|3852|3960|4288|4684|4914|5076|5111|5493|6456|6850|6928|7045|7056|7122|7127|7291|8434|9021|9123|9518|9961|11186|23213|51129|51477|55388,ALK|ANGPT2|ANXA1|BGN|CASP4|CCNA2|CD9|CD74|CDKN1A|CDKN2A|CDKN2B|CDX2|CEBPA|CEBPD|CEACAM7|CSF3|DCN|DDIT3|EFNA1|ELAVL2|ELAVL3|EPHA3|FABP2|FN1|FOLH1|GPX2|GSN|IGF2|IGFBP5|CXCL8|INHBA|KRT5|LGALS4|MKI67|NCAM1|NTRK1|PAX2|PCNA|PPL|SH3GL2|SYK|HNF1B|TGFBI|THBD|CLDN5|TNFAIP2|TWIST1|RECK|SOCS3|SLC16A3|GDF15|MVP|RASSF1|SULF1|ANGPTL4|ISYNA1|MCM10,-12,MyList
DisGeNET,35,C0024115,Lung diseases,,-14,3.1,9.6,30293,700,851,61,7.2,0.88,2|238|301|655|861|875|928|976|1026|1029|1051|1087|1281|1440|1462|1491|1512|1634|1910|2255|2335|2353|2355|2920|2934|3123|3383|3487|3488|3552|3576|3589|3725|3726|5024|5125|5266|6348|6352|6376|6513|7031|7291|7295|7448|7869|8929|9052|9181|9235|9547|11186|11254|22915|23541|51477|57007|57211|64220|79192|255743,A2M|ALK|ANXA1|BMP7|RUNX1|CBS|CD9|ADGRE5|CDKN1A|CDKN2A|CEBPB|CEACAM7|COL3A1|CSF3|VCAN|CTH|CTSH|DCN|EDNRB|FGF10|FN1|FOS|FOSL2|CXCL2|GSN|HLA-DRB1|ICAM1|IGFBP4|IGFBP5|IL1A|CXCL8|IL11|JUN|JUNB|P2RX3|PCSK5|PI3|CCL3|CCL5|CX3CL1|SLC2A1|TFF1|TWIST1|TXN|VTN|SEMA3B|PHOX2B|GPRC5A|ARHGEF2|IL32|CXCL14|RASSF1|SLC6A14|MMRN1|SEC14L2|ISYNA1|ACKR3|ADGRG6|STRA6|IRX1|NPNT,-12,MyList
Cell Type Signatures,7,M40222,DESCARTES FETAL KIDNEY STROMAL CELLS,,-14,6.6,11,30293,146,851,27,3.2,0.6,1277|1281|1410|1496|1634|2596|4023|4804|5024|5354|5396|6913|7058|8788|9068|10655|11122|23213|23452|27123|57611|64641|84417|84631|114798|203447|253738,COL1A1|COL3A1|CRYAB|CTNNA2|DCN|GAP43|LPL|NGFR|P2RX3|PLP1|PRRX1|TBX15|THBS2|DLK1|ANGPTL1|DMRT2|PTPRT|SULF1|ANGPTL2|DKK2|ISLR2|EBF2|ECRG4|SLITRK2|SLITRK1|NRK|EBF3,-11,MyList
Cell Type Signatures,7,M39274,DURANTE ADULT OLFACTORY NEUROEPITHELIUM FIBROBLASTS STROMAL CELLS,,-14,9.1,13,30293,82,851,21,2.5,0.53,633|1009|1277|1281|1634|1893|2624|2697|2934|3487|3488|4681|5396|6320|7020|7021|7045|7070|7291|9590|56892,BGN|CDH11|COL1A1|COL3A1|DCN|ECM1|GATA2|GJA1|GSN|IGFBP4|IGFBP5|NBL1|PRRX1|CLEC11A|TFAP2A|TFAP2B|TGFBI|THY1|TWIST1|AKAP12|TCIM,-11,MyList
Cell Type Signatures,7,M39135,AIZARANI LIVER C39 EPCAM POS BILE DUCT CELLS 4,,-14,5.8,11,30293,184,851,30,3.5,0.63,307|650|961|1410|1647|1999|3576|3624|3855|3914|3918|4071|5214|6238|6277|6303|6364|6376|6385|6662|7127|8660|9235|9518|10653|11228|23135|56937|57402|79026,ANXA4|BMP2|CD47|CRYAB|GADD45A|ELF3|CXCL8|INHBA|KRT7|LAMB3|LAMC2|TM4SF1|PFKP|RRBP1|S100A6|SAT1|CCL20|CX3CL1|SDC4|SOX9|TNFAIP2|IRS2|IL32|GDF15|SPINT2|RASSF8|KDM6B|PMEPA1|S100A14|AHNAK,-11,MyList
DisGeNET,35,C0598935,Tumor Initiation,,-14,3.5,9.8,30293,533,851,52,6.1,0.82,133|238|567|602|650|768|846|961|972|1050|1462|1634|1822|1993|2041|2042|2335|3552|3676|3914|4319|4684|4804|4914|5106|5111|6348|6493|6656|6662|7031|7291|8549|8660|8792|9123|9314|9641|9961|10215|22915|22943|54898|57007|57111|64220|64866|84858|84867|94234|148022|346389,ADM|ALK|B2M|BCL3|BMP2|CA9|CASR|CD47|CD74|CEBPA|VCAN|DCN|ATN1|ELAVL2|EPHA1|EPHA3|FN1|IL1A|ITGA4|LAMB3|MMP10|NCAM1|NGFR|NTRK1|PCK2|PCNA|CCL3|SIM2|SOX1|SOX9|TFF1|TWIST1|LGR5|IRS2|TNFRSF11A|SLC16A3|KLF4|IKBKE|MVP|OLIG2|MMRN1|DKK1|ELOVL2|ACKR3|RAB25|STRA6|CDCP1|ZNF503|PTPN5|FOXQ1|TICAM1|MACC1,-11,MyList
DisGeNET,35,C0278488,Carcinoma breast stage IV,,-14,3.4,9.7,30293,573,851,54,6.3,0.84,133|238|285|567|634|650|655|768|846|861|961|976|1009|1029|1050|1051|1087|1440|1634|1822|2034|2335|2346|2697|3123|3226|3383|3397|3552|3561|3576|3589|3598|3726|4194|4826|4916|5099|5111|5209|5327|5629|6364|6616|6926|7291|9123|9423|10163|11186|22915|64321|83482|94234,ADM|ALK|ANGPT2|B2M|CEACAM1|BMP2|BMP7|CA9|CASR|RUNX1|CD47|ADGRE5|CDH11|CDKN2A|CEBPA|CEBPB|CEACAM7|CSF3|DCN|ATN1|EPAS1|FN1|FOLH1|GJA1|HLA-DRB1|HOXC10|ICAM1|ID1|IL1A|IL2RG|CXCL8|IL11|IL13RA2|JUNB|MDM4|NNAT|NTRK3|PCDH7|PCNA|PFKFB3|PLAT|PROX1|CCL20|SNAP25|TBX3|TWIST1|SLC16A3|NTN1|WASF2|RASSF1|MMRN1|SOX17|SCRT1|FOXQ1,-11,MyList
Cell Type Signatures,7,M40313,DESCARTES FETAL THYMUS STROMAL CELLS,,-14,6.8,11,30293,137,851,26,3.1,0.59,633|718|1277|1281|1462|1634|2619|3481|3488|4684|5099|5327|5396|6277|6320|7058|8788|8974|9902|10512|10630|11096|23452|57124|64641|84858,BGN|C3|COL1A1|COL3A1|VCAN|DCN|GAS1|IGF2|IGFBP5|NCAM1|PCDH7|PLAT|PRRX1|S100A6|CLEC11A|THBS2|DLK1|P4HA2|MRC2|SEMA3C|PDPN|ADAMTS5|ANGPTL2|CD248|EBF2|ZNF503,-11,MyList
Transcription Factor Targets,16,M12637,FREAC3 01,,-14,4.8,11,30293,257,851,35,4.1,0.68,285|862|1026|1634|1641|2355|2886|2899|3209|3222|3694|3914|4036|4762|4916|5122|5521|7546|8929|9211|9423|10150|23440|51617|54549|54715|55885|57616|84631|84913|85397|85416|140612|166824|256536,ANGPT2|RUNX1T1|CDKN1A|DCN|DCX|FOSL2|GRB7|GRIK3|HOXA13|HOXC5|ITGB6|LAMB3|LRP2|NEUROG1|NTRK3|PCSK1|PPP2R2B|ZIC2|PHOX2B|LGI1|NTN1|MBNL2|OTP|NSG2|SDK2|RBFOX1|LMO3|TSHZ3|SLITRK2|ATOH8|RGS8|ZIC5|ZFP28|RASSF6|TCERG1L,-11,MyList
Cell Type Signatures,7,M40270,DESCARTES FETAL PANCREAS ENS NEURONS,,-14,6.1,11,30293,163,851,28,3.3,0.61,1136|1621|1747|1749|1750|1995|1996|2258|2596|2785|4826|6572|10439|11075|11255|51083|51617|55117|56896|57575|57611|57687|65217|85300|134829|167410|170685|219287,CHRNA3|DBH|DLX3|DLX5|DLX6|ELAVL3|ELAVL4|FGF13|GAP43|GNG3|NNAT|SLC18A3|OLFM1|STMN2|HRH3|GAL|NSG2|SLC6A15|DPYSL5|PCDH10|ISLR2|VAT1L|PCDH15|ATCAY|CLVS2|LIX1|NUDT10|AMER2,-11,MyList
Cell Type Signatures,7,M39111,AIZARANI LIVER C7 EPCAM POS BILE DUCT CELLS 2,,-14,5.2,11,30293,219,851,32,3.8,0.65,290|307|650|1152|1410|1462|1999|3576|3801|3855|3918|3960|3993|4071|6277|6385|6662|7113|9518|10653|11030|54102|54997|55450|56937|57402|57648|64065|64855|84612|340024|387882,ANPEP|ANXA4|BMP2|CKB|CRYAB|VCAN|ELF3|CXCL8|KIFC3|KRT7|LAMC2|LGALS4|LLGL2|TM4SF1|S100A6|SDC4|SOX9|TMPRSS2|GDF15|SPINT2|RBPMS|CLIC6|TESC|CAMK2N1|PMEPA1|S100A14|NHSL3|PERP|NIBAN2|PARD6B|SLC6A19|C12orf75,-11,MyList
DisGeNET,35,C0158266,Intervertebral Disc Degeneration,,-14,4.2,10,30293,342,851,40,4.7,0.73,285|633|650|655|972|1277|1281|1299|1649|2034|2335|2353|2596|2619|3236|3383|3488|3552|3576|3725|3726|3852|4804|6348|6493|6662|7020|7058|8792|10725|11096|22915|23213|54541|55790|56243|57211|57616|112399|338382,ANGPT2|BGN|BMP2|BMP7|CD74|COL1A1|COL3A1|COL9A3|DDIT3|EPAS1|FN1|FOS|GAP43|GAS1|HOXD10|ICAM1|IGFBP5|IL1A|CXCL8|JUN|JUNB|KRT5|NGFR|CCL3|SIM2|SOX9|TFAP2A|THBS2|TNFRSF11A|NFAT5|ADAMTS5|MMRN1|SULF1|DDIT4|CSGALNACT1|KIAA1217|ADGRG6|TSHZ3|EGLN3|RAB7B,-11,MyList
Cell Type Signatures,7,M39170,MURARO PANCREAS DELTA CELL,,-13,4.8,10,30293,250,851,34,4,0.67,273|846|862|928|1029|1996|2180|2259|2353|3642|4675|4684|5063|5121|5122|5178|5446|5629|6616|6860|8660|9590|10150|11098|26115|27344|51083|57451|57687|134111|140597|283987|340543|644844,AMPH|CASR|RUNX1T1|CD9|CDKN2A|ELAVL4|ACSL1|FGF14|FOS|INSM1|NAP1L3|NCAM1|PAK3|PCP4|PCSK1|PEG3|PON3|PROX1|SNAP25|SYT4|IRS2|AKAP12|MBNL2|PRSS23|TANC2|PCSK1N|GAL|TENM2|VAT1L|UBE2QL1|TCEAL2|HID1|TCEAL5|PHGR1,-11,MyList
DisGeNET,35,C0007124,Noninfiltrating Intraductal Carcinoma,,-13,3.5,9.5,30293,486,851,48,5.6,0.79,650|768|861|1009|1012|1026|1029|1277|1301|1999|2274|2934|3383|3481|3624|3676|3852|4288|5080|5266|5521|6277|6281|6493|6513|6662|6850|6926|7020|7021|7045|7113|7128|7291|8482|8660|8974|9181|9547|9902|10761|11186|11226|23213|23541|55715|140453|653145,BMP2|CA9|RUNX1|CDH11|CDH13|CDKN1A|CDKN2A|COL1A1|COL11A1|ELF3|FHL2|GSN|ICAM1|IGF2|INHBA|ITGA4|KRT5|MKI67|PAX6|PI3|PPP2R2B|S100A6|S100A10|SIM2|SLC2A1|SOX9|SYK|TBX3|TFAP2A|TFAP2B|TGFBI|TMPRSS2|TNFAIP3|TWIST1|SEMA7A|IRS2|P4HA2|ARHGEF2|CXCL14|MRC2|PLAC1|RASSF1|GALNT6|SULF1|SEC14L2|DOK4|MUC17|ANXA8,-11,MyList
DisGeNET,35,C0027708,Nephroblastoma,,-13,3.2,9.2,30293,586,851,53,6.2,0.83,174|238|650|655|768|861|862|976|1009|1012|1029|1030|1044|1050|1293|1440|1822|2253|2335|2624|3236|3481|3855|4194|4288|4684|4804|4825|4826|5076|5080|5111|6496|6513|6515|6546|6662|6736|6886|6928|7056|7070|8190|8434|8788|8929|9314|9961|11186|11346|22822|22943|219287,AFP|ALK|BMP2|BMP7|CA9|RUNX1|RUNX1T1|ADGRE5|CDH11|CDH13|CDKN2A|CDKN2B|CDX1|CEBPA|COL6A3|CSF3|ATN1|FGF8|FN1|GATA2|HOXD10|IGF2|KRT7|MDM4|MKI67|NCAM1|NGFR|NKX6-1|NNAT|PAX2|PAX6|PCNA|SIX3|SLC2A1|SLC2A3|SLC8A1|SOX9|SRY|TAL1|HNF1B|THBD|THY1|MIA|RECK|DLK1|PHOX2B|KLF4|MVP|RASSF1|SYNPO|PHLDA1|DKK1|AMER2,-10,MyList
DisGeNET,35,C0042373,Vascular Diseases,,-13,3,9,30293,688,851,58,6.8,0.86,133|285|345|633|634|823|846|875|961|1029|1311|1361|1440|1462|1491|1634|1893|1999|2180|2243|2266|2274|2353|2355|2624|3123|3383|3488|3552|3576|3725|3726|3855|4023|4973|5024|5045|5266|6374|6513|6886|7056|7295|7448|8792|9314|10630|10811|11082|22915|23135|27123|50506|51477|57007|79784|79924|375704,ADM|ANGPT2|APOC3|BGN|CEACAM1|CAPN1|CASR|CBS|CD47|CDKN2A|COMP|CPB2|CSF3|VCAN|CTH|DCN|ECM1|ELF3|ACSL1|FGA|FGG|FHL2|FOS|FOSL2|GATA2|HLA-DRB1|ICAM1|IGFBP5|IL1A|CXCL8|JUN|JUNB|KRT7|LPL|OLR1|P2RX3|FURIN|PI3|CXCL5|SLC2A1|TAL1|THBD|TXN|VTN|TNFRSF11A|KLF4|PDPN|NOXA1|ESM1|MMRN1|KDM6B|DKK2|DUOX2|ISYNA1|ACKR3|MYH14|ADM2|ENHO,-10,MyList
DisGeNET,35,C0085207,Gestational Diabetes,,-13,3.1,9.1,30293,649,851,56,6.6,0.85,111|133|285|290|301|345|429|567|846|1029|1030|1195|1634|1641|1649|2169|2253|2258|2335|2619|2697|3119|3123|3339|3383|3481|3487|3576|4023|4760|4973|5629|6303|6496|6513|6515|6658|6928|7056|7295|7448|7546|8660|9056|9423|9518|10725|11082|11096|11343|51083|51129|64220|80201|169026|252995,ADCY5|ADM|ANGPT2|ANPEP|ANXA1|APOC3|ASCL1|B2M|CASR|CDKN2A|CDKN2B|CLK1|DCN|DCX|DDIT3|FABP2|FGF8|FGF13|FN1|GAS1|GJA1|HLA-DQB1|HLA-DRB1|HSPG2|ICAM1|IGF2|IGFBP4|CXCL8|LPL|NEUROD1|OLR1|PROX1|SAT1|SIX3|SLC2A1|SLC2A3|SOX3|HNF1B|THBD|TXN|VTN|ZIC2|IRS2|SLC7A7|NTN1|GDF15|NFAT5|ESM1|ADAMTS5|MGLL|GAL|ANGPTL4|STRA6|HKDC1|SLC30A8|FNDC5,-10,MyList
Cell Type Signatures,7,M39108,AIZARANI LIVER C4 EPCAM POS BILE DUCT CELLS 1,,-13,5.4,10,30293,191,851,29,3.4,0.62,290|307|718|1152|1361|1410|1462|1512|1999|3855|3960|5629|6385|6662|7113|7448|8612|9518|10653|11030|11343|54102|54997|55450|56937|57402|57648|64065|91862,ANPEP|ANXA4|C3|CKB|CPB2|CRYAB|VCAN|CTSH|ELF3|KRT7|LGALS4|PROX1|SDC4|SOX9|TMPRSS2|VTN|PLPP2|GDF15|SPINT2|RBPMS|MGLL|CLIC6|TESC|CAMK2N1|PMEPA1|S100A14|NHSL3|PERP|MARVELD3,-10,MyList
DisGeNET,35,C0553580,Ewings sarcoma,,-13,3.4,9.3,30293,517,851,49,5.8,0.8,238|345|846|1009|1029|1030|1051|1440|1649|1910|1993|2042|2335|2346|2353|2521|2697|3481|3642|3725|3726|3741|4684|4821|4826|4914|4916|5063|5111|6513|6850|7070|7113|7291|9181|9540|10439|11186|22915|27123|55885|56341|57007|57124|64321|84894|94234|252995|284119,ALK|APOC3|CASR|CDH11|CDKN2A|CDKN2B|CEBPB|CSF3|DDIT3|EDNRB|ELAVL2|EPHA3|FN1|FOLH1|FOS|FUS|GJA1|IGF2|INSM1|JUN|JUNB|KCNA5|NCAM1|NKX2-2|NNAT|NTRK1|NTRK3|PAK3|PCNA|SLC2A1|SYK|THY1|TMPRSS2|TWIST1|ARHGEF2|TP53I3|OLFM1|RASSF1|MMRN1|DKK2|LMO3|PRMT8|ACKR3|CD248|SOX17|LINGO1|FOXQ1|FNDC5|CAVIN1,-10,MyList
DisGeNET,35,C0278510,Childhood Medulloblastoma,,-13,2.9,8.9,30293,771,851,62,7.3,0.89,238|650|655|718|846|1029|1030|1299|1311|1440|1641|1993|2034|2041|2042|2045|2290|2307|2558|2697|2934|3481|3642|3918|4194|4760|4762|4804|4826|4914|4916|5080|5111|5339|6277|6281|6506|6546|6616|6662|7058|7545|7546|8660|9021|9314|9423|9590|10215|10653|11186|22943|23135|23645|27133|55388|56884|57007|57575|64399|147040|253738,ALK|BMP2|BMP7|C3|CASR|CDKN2A|CDKN2B|COL9A3|COMP|CSF3|DCX|ELAVL2|EPAS1|EPHA1|EPHA3|EPHA7|FOXG1|FOXS1|GABRA5|GJA1|GSN|IGF2|INSM1|LAMC2|MDM4|NEUROD1|NEUROG1|NGFR|NNAT|NTRK1|NTRK3|PAX6|PCNA|PLEC|S100A6|S100A10|SLC1A2|SLC8A1|SNAP25|SOX9|THBS2|ZIC1|ZIC2|IRS2|SOCS3|KLF4|NTN1|AKAP12|OLIG2|SPINT2|RASSF1|DKK1|KDM6B|PPP1R15A|KCNH5|MCM10|FSTL5|ACKR3|PCDH10|HHIP|KCTD11|EBF3,-10,MyList
Cell Type Signatures,7,M40012,BUSSLINGER GASTRIC IMMATURE PIT CELLS,,-13,5.8,11,30293,165,851,27,3.2,0.6,1510|2274|2877|2934|3397|3691|3960|6277|6690|7031|7295|8673|9314|10103|10653|11226|11343|51208|54997|56287|57402|64065|79026|79152|94234|166824|644844,CTSE|FHL2|GPX2|GSN|ID1|ITGB4|LGALS4|S100A6|SPINK1|TFF1|TXN|VAMP8|KLF4|TSPAN1|SPINT2|GALNT6|MGLL|CLDN18|TESC|GKN1|S100A14|PERP|AHNAK|FA2H|FOXQ1|RASSF6|PHGR1,-10,MyList
Cell Type Signatures,7,M41658,TRAVAGLINI LUNG NEUROENDOCRINE CELL,,-13,6.7,11,30293,128,851,24,2.8,0.57,429|1496|1607|1996|3642|4684|4826|5063|5122|5126|5629|6328|6616|6860|9378|9892|10814|10842|11075|11189|27344|29106|116372|644844,ASCL1|CTNNA2|DGKB|ELAVL4|INSM1|NCAM1|NNAT|PAK3|PCSK1|PCSK2|PROX1|SCN3A|SNAP25|SYT4|NRXN1|SNAP91|CPLX2|PPP1R17|STMN2|CELF3|PCSK1N|SCG3|LYPD1|PHGR1,-10,MyList
Transcription Factor Targets,16,M19088,TST1 01,,-13,4.6,9.9,30293,265,851,34,4,0.67,311|1641|1993|1996|2045|2168|2290|2823|3037|4762|5076|5080|5100|5142|7058|7101|7291|7545|8929|9951|10215|11189|11343|26050|29942|57348|57561|79977|84107|84631|85508|124935|167826|346389,ANXA11|DCX|ELAVL2|ELAVL4|EPHA7|FABP1|FOXG1|GPM6A|HAS2|NEUROG1|PAX2|PAX6|PCDH8|PDE4B|THBS2|NR2E1|TWIST1|ZIC1|PHOX2B|HS3ST4|OLIG2|CELF3|MGLL|SLITRK5|PURG|TTYH1|ARRDC3|GRHL2|ZIC4|SLITRK2|SCRT2|SLC43A2|OLIG3|MACC1,-10,MyList
DisGeNET,35,C0521158,Recurrent tumor,,-13,2.9,8.9,30293,735,851,60,7.1,0.88,174|238|285|311|650|846|961|1012|1015|1029|1030|1045|1063|1087|1647|1822|1893|1910|2034|2114|2180|2258|2335|2346|3397|3576|3642|3691|3694|3852|3918|4288|5111|5629|6281|6352|6374|6850|7031|7295|7424|7448|9180|9314|9518|10215|10630|11186|22943|23541|23612|23657|26509|51083|55612|57007|57761|166824|346389|644943,AFP|ALK|ANGPT2|ANXA11|BMP2|CASR|CD47|CDH13|CDH17|CDKN2A|CDKN2B|CDX2|CENPF|CEACAM7|GADD45A|ATN1|ECM1|EDNRB|EPAS1|ETS2|ACSL1|FGF13|FN1|FOLH1|ID1|CXCL8|INSM1|ITGB4|ITGB6|KRT5|LAMC2|MKI67|PCNA|PROX1|S100A10|CCL5|CXCL5|SYK|TFF1|TXN|VEGFC|VTN|OSMR|KLF4|GDF15|OLIG2|PDPN|RASSF1|DKK1|SEC14L2|PHLDA3|SLC7A11|MYOF|GAL|FERMT1|ACKR3|TRIB3|RASSF6|MACC1|RASSF10,-10,MyList
Transcription Factor Targets,16,M822,YTATTTTNR MEF2 02,,-13,2.9,8.9,30293,715,851,59,6.9,0.87,285|577|655|1026|1029|1051|1295|1410|1463|1607|1621|1879|1996|2042|2255|2258|2353|2791|2852|3037|3300|3725|3726|3780|4684|5122|5396|5476|5992|6547|6616|6656|6860|6900|7020|7291|8553|8929|9211|10150|10586|10725|11343|22895|27164|29106|54715|54891|55885|57561|79853|81849|84033|85416|114798|116372|167410|255743|283576,ANGPT2|ADGRB3|BMP7|CDKN1A|CDKN2A|CEBPB|COL8A1|CRYAB|NCAN|DGKB|DBH|EBF1|ELAVL4|EPHA3|FGF10|FGF13|FOS|GNG11|GPER1|HAS2|DNAJB2|JUN|JUNB|KCNN1|NCAM1|PCSK1|PRRX1|CTSA|RFX4|SLC8A3|SNAP25|SOX1|SYT4|CNTN2|TFAP2A|TWIST1|BHLHE40|PHOX2B|LGI1|MBNL2|MAB21L2|NFAT5|MGLL|RPH3A|SALL3|SCG3|RBFOX1|INO80D|LMO3|ARRDC3|TM4SF20|ST6GALNAC5|OBSCN|ZIC5|SLITRK1|LYPD1|LIX1|NPNT|ZDHHC22,-10,MyList
DisGeNET,35,C2145472,Urothelial Carcinoma,,-13,3.6,9.3,30293,449,851,45,5.3,0.77,238|633|837|972|1026|1029|1045|1050|1052|1087|1634|1649|1942|1993|1995|2042|2169|2335|2346|2877|2934|3488|3576|3624|3852|3960|4288|4684|5493|6456|6928|7045|7056|7122|7127|7291|8434|9021|9123|9518|11186|23213|51129|51477|55388,ALK|BGN|CASP4|CD74|CDKN1A|CDKN2A|CDX2|CEBPA|CEBPD|CEACAM7|DCN|DDIT3|EFNA1|ELAVL2|ELAVL3|EPHA3|FABP2|FN1|FOLH1|GPX2|GSN|IGFBP5|CXCL8|INHBA|KRT5|LGALS4|MKI67|NCAM1|PPL|SH3GL2|HNF1B|TGFBI|THBD|CLDN5|TNFAIP2|TWIST1|RECK|SOCS3|SLC16A3|GDF15|RASSF1|SULF1|ANGPTL4|ISYNA1|MCM10,-10,MyList
DisGeNET,35,C0021368,Inflammation,,-13,3.5,9.3,30293,467,851,46,5.4,0.78,2|133|285|301|634|718|961|1026|1137|1361|1410|1999|2266|2335|2920|3383|3552|3576|3776|4319|4684|5122|5126|5155|5196|5327|5354|6288|6348|6352|6364|6376|6690|7056|7128|7424|7448|7538|9021|9235|9423|9547|10630|50848|51083|54210,A2M|ADM|ANGPT2|ANXA1|CEACAM1|C3|CD47|CDKN1A|CHRNA4|CPB2|CRYAB|ELF3|FGG|FN1|CXCL2|ICAM1|IL1A|CXCL8|KCNK2|MMP10|NCAM1|PCSK1|PCSK2|PDGFB|PF4|PLAT|PLP1|SAA1|CCL3|CCL5|CCL20|CX3CL1|SPINK1|THBD|TNFAIP3|VEGFC|VTN|ZFP36|SOCS3|IL32|NTN1|CXCL14|PDPN|F11R|GAL|TREM1,-10,MyList
Cell Type Signatures,7,M39057,MANNO MIDBRAIN NEUROTYPES HRGL1,,-13,3.9,9.5,30293,364,851,40,4.7,0.73,655|744|1410|1634|2173|2920|3488|5354|5800|5992|6660|6662|7291|8022|9211|9543|10630|10675|54677|55816|55890|56884|57348|57580|79026|85407|92293|116372|120114|128414|130132|170302|196740|221749|255743|283659|286204|387597|388585|389799,BMP7|MPPED2|CRYAB|DCN|FABP7|CXCL2|IGFBP5|PLP1|PTPRO|RFX4|SOX5|SOX9|TWIST1|LHX3|LGI1|IGDCC3|PDPN|CSPG5|CROT|DOK5|GPRC5C|FSTL5|TTYH1|PREX1|AHNAK|NKD1|TMEM132C|LYPD1|FAT3|NKAIN4|RFTN2|ARX|VSTM4|PXDC1|NPNT|PRTG|CRB2|ILDR2|HES5|CFAP77,-10,MyList
Transcription Factor Targets,16,M18920,GATA C,,-13,4.5,9.8,30293,268,851,34,4,0.67,285|862|1440|1510|1634|1641|1996|2039|2169|2259|2355|2899|3211|3488|3725|5076|5493|5644|6096|6660|7545|9211|9573|9951|10814|11030|27328|51043|55200|57580|64063|79953|84107|84631,ANGPT2|RUNX1T1|CSF3|CTSE|DCN|DCX|ELAVL4|DMTN|FABP2|FGF14|FOSL2|GRIK3|HOXB1|IGFBP5|JUN|PAX2|PPL|PRSS1|RORB|SOX5|ZIC1|LGI1|GDF3|HS3ST4|CPLX2|RBPMS|PCDH11X|ZBTB7B|PLEKHG6|PREX1|PRSS22|SYNDIG1|ZIC4|SLITRK2,-10,MyList
Cell Type Signatures,7,M40013,BUSSLINGER GASTRIC MATURE PIT CELLS,,-13,4.9,10,30293,224,851,31,3.6,0.64,1510|1999|2274|2877|2934|3397|3487|3914|3960|4118|6277|6690|7031|8673|9181|9314|10103|10653|11343|50506|51208|54101|54997|56287|57402|79026|79152|79784|94234|254102|644844,CTSE|ELF3|FHL2|GPX2|GSN|ID1|IGFBP4|LAMB3|LGALS4|MAL|S100A6|SPINK1|TFF1|VAMP8|ARHGEF2|KLF4|TSPAN1|SPINT2|MGLL|DUOX2|CLDN18|RIPK4|TESC|GKN1|S100A14|AHNAK|FA2H|MYH14|FOXQ1|EHBP1L1|PHGR1,-10,MyList
DisGeNET,35,C0041696,Unipolar Depression,,-13,3.1,8.9,30293,641,851,55,6.5,0.84,111|117|290|655|1029|1137|1440|1463|1621|1993|2258|2512|2521|2556|2697|2823|2852|2913|3552|3589|3776|3918|4036|4194|4684|4804|4916|5021|5142|5209|5327|6281|6303|6374|6506|6511|6513|6616|6662|6886|7128|8553|9248|9641|10163|27035|51083|54541|54625|54997|55117|60482|64067|81794|84969,ADCY5|ADCYAP1R1|ANPEP|BMP7|CDKN2A|CHRNA4|CSF3|NCAN|DBH|ELAVL2|FGF13|FTL|FUS|GABRA3|GJA1|GPM6A|GPER1|GRM3|IL1A|IL11|KCNK2|LAMC2|LRP2|MDM4|NCAM1|NGFR|NTRK3|OXTR|PDE4B|PFKFB3|PLAT|S100A10|SAT1|CXCL5|SLC1A2|SLC1A6|SLC2A1|SNAP25|SOX9|TAL1|TNFAIP3|BHLHE40|GPR50|IKBKE|WASF2|NOX1|GAL|DDIT4|PARP14|TESC|SLC6A15|SLC5A7|NPAS3|ADAMTS10|TOX2,-10,MyList
Cell Type Signatures,7,M39114,AIZARANI LIVER C10 MVECS 1,,-13,4.5,9.8,30293,269,851,34,4,0.67,2|862|928|1026|1822|1889|1910|2034|2697|2791|2934|3127|3397|3487|3726|4071|5155|5327|6578|7056|7122|8553|9021|9314|10397|11098|11170|11346|22915|51299|64321|64856|116159|284119,A2M|RUNX1T1|CD9|CDKN1A|ATN1|ECE1|EDNRB|EPAS1|GJA1|GNG11|GSN|HLA-DRB5|ID1|IGFBP4|JUNB|TM4SF1|PDGFB|PLAT|SLCO2A1|THBD|CLDN5|BHLHE40|SOCS3|KLF4|NDRG1|PRSS23|FAM107A|SYNPO|MMRN1|NRN1|SOX17|VWA1|CYYR1|CAVIN1,-10,MyList
Transcription Factor Targets,16,M5708,OCT1 05,,-12,4.6,9.8,30293,255,851,33,3.9,0.66,1044|1045|1634|1879|2259|2353|2823|3211|3213|3219|3222|3227|4023|4762|5080|5100|5396|6660|6928|7101|8482|8929|9211|11075|22943|23657|27319|51199|54674|55117|55885|56884|130132,CDX1|CDX2|DCN|EBF1|FGF14|FOS|GPM6A|HOXB1|HOXB3|HOXB9|HOXC5|HOXC11|LPL|NEUROG1|PAX6|PCDH8|PRRX1|SOX5|HNF1B|NR2E1|SEMA7A|PHOX2B|LGI1|STMN2|DKK1|SLC7A11|BHLHE22|NIN|LRRN3|SLC6A15|LMO3|FSTL5|RFTN2,-10,MyList
DisGeNET,35,C0003130,Anoxia,,-12,4.3,9.7,30293,287,851,35,4.1,0.68,133|174|285|768|823|1910|2034|2353|3383|3576|3624|3725|3741|3776|5024|5106|5155|5209|5327|6376|6513|6515|6662|6850|7128|7291|7295|8553|10397|10653|27035|30001|54541|57761|112399,ADM|AFP|ANGPT2|CA9|CAPN1|EDNRB|EPAS1|FOS|ICAM1|CXCL8|INHBA|JUN|KCNA5|KCNK2|P2RX3|PCK2|PDGFB|PFKFB3|PLAT|CX3CL1|SLC2A1|SLC2A3|SOX9|SYK|TNFAIP3|TWIST1|TXN|BHLHE40|NDRG1|SPINT2|NOX1|ERO1A|DDIT4|TRIB3|EGLN3,-9.9,MyList
DisGeNET,35,C4521042,Complete Trisomy 21 Syndrome,,-12,3,8.8,30293,668,851,56,6.6,0.85,2|174|273|286|414|633|694|861|875|1026|1029|1294|1356|1621|1822|1910|2034|2114|2173|2335|2596|2697|2934|3037|3383|3552|3576|3918|4036|4155|4194|4684|4914|5063|5121|5142|5155|5396|6493|6616|7031|7291|7295|8673|9423|9518|10215|10439|10752|11075|22915|23452|54101|54715|57007|170302,A2M|AFP|AMPH|ANK1|ARSD|BGN|BTG1|RUNX1|CBS|CDKN1A|CDKN2A|COL7A1|CP|DBH|ATN1|EDNRB|EPAS1|ETS2|FABP7|FN1|GAP43|GJA1|GSN|HAS2|ICAM1|IL1A|CXCL8|LAMC2|LRP2|MBP|MDM4|NCAM1|NTRK1|PAK3|PCP4|PDE4B|PDGFB|PRRX1|SIM2|SNAP25|TFF1|TWIST1|TXN|VAMP8|NTN1|GDF15|OLIG2|OLFM1|CHL1|STMN2|MMRN1|ANGPTL2|RIPK4|RBFOX1|ACKR3|ARX,-9.9,MyList
Transcription Factor Targets,16,M9034,OCT1 04,,-12,4.7,9.8,30293,243,851,32,3.8,0.65,744|861|1012|1440|1996|2258|2290|2823|2899|3213|3222|3226|3236|4684|4762|5076|5080|5456|6660|6928|7291|7545|7547|8929|10586|23657|27164|51199|55885|84107|84631|167826,MPPED2|RUNX1|CDH13|CSF3|ELAVL4|FGF13|FOXG1|GPM6A|GRIK3|HOXB3|HOXC5|HOXC10|HOXD10|NCAM1|NEUROG1|PAX2|PAX6|POU3F4|SOX5|HNF1B|TWIST1|ZIC1|ZIC3|PHOX2B|MAB21L2|SLC7A11|SALL3|NIN|LMO3|ZIC4|SLITRK2|OLIG3,-9.8,MyList
TRRUST,34,TRR00875,Regulated by: NFKB1,,-12,4,9.4,30293,340,851,38,4.5,0.71,2|567|602|633|634|650|972|1026|1277|1294|1999|2253|2335|2920|3383|3552|3576|3726|4023|4684|4973|5284|5629|6277|6288|6348|6352|6364|6374|6549|6892|7031|7056|7128|9021|23541|55655|140453,A2M|B2M|BCL3|BGN|CEACAM1|BMP2|CD74|CDKN1A|COL1A1|COL7A1|ELF3|FGF8|FN1|CXCL2|ICAM1|IL1A|CXCL8|JUNB|LPL|NCAM1|OLR1|PIGR|PROX1|S100A6|SAA1|CCL3|CCL5|CCL20|CXCL5|SLC9A2|TAPBP|TFF1|THBD|TNFAIP3|SOCS3|SEC14L2|NLRP2|MUC17,-9.8,MyList
DisGeNET,35,C3714636,Pneumonitis,,-12,2.9,8.7,30293,696,851,57,6.7,0.86,238|285|286|861|972|1029|1137|1277|1281|1440|1462|1889|2114|2297|2353|2920|3383|3552|3576|3589|3691|3694|3725|3726|4689|5121|5196|5266|5322|5334|5476|6238|6348|6352|6364|6374|6376|6385|6546|7058|7128|7295|7448|7538|8190|8482|9021|9052|9181|9314|9518|23213|51477|53827|54210|57007|84433,ALK|ANGPT2|ANK1|RUNX1|CD74|CDKN2A|CHRNA4|COL1A1|COL3A1|CSF3|VCAN|ECE1|ETS2|FOXD1|FOS|CXCL2|ICAM1|IL1A|CXCL8|IL11|ITGB4|ITGB6|JUN|JUNB|NCF4|PCP4|PF4|PI3|PLA2G5|PLCL1|CTSA|RRBP1|CCL3|CCL5|CCL20|CXCL5|CX3CL1|SDC4|SLC8A1|THBS2|TNFAIP3|TXN|VTN|ZFP36|MIA|SEMA7A|SOCS3|GPRC5A|ARHGEF2|KLF4|GDF15|SULF1|ISYNA1|FXYD5|TREM1|ACKR3|CARD11,-9.7,MyList
Transcription Factor Targets,16,M9769,CTGCAGY UNKNOWN,,-12,2.8,8.6,30293,779,851,61,7.2,0.88,285|290|577|1012|1294|1641|1759|1996|2039|2045|2128|2253|2258|2259|2273|2353|2556|2785|2823|3209|3726|4062|4674|4681|4762|4826|5080|5099|5155|5521|6578|6900|6928|7025|7029|7070|7277|8553|9378|10150|11075|11255|23452|26050|26167|27344|55885|56884|56936|57561|57616|85397|85407|91373|114798|116372|124842|154091|168002|252995|375704,ANGPT2|ANPEP|ADGRB3|CDH13|COL7A1|DCX|DNM1|ELAVL4|DMTN|EPHA7|EVX1|FGF8|FGF13|FGF14|FHL1|FOS|GABRA3|GNG3|GPM6A|HOXA13|JUNB|LY6H|NAP1L2|NBL1|NEUROG1|NNAT|PAX6|PCDH7|PDGFB|PPP2R2B|SLCO2A1|CNTN2|HNF1B|NR2F1|TFDP2|THY1|TUBA4A|BHLHE40|NRXN1|MBNL2|STMN2|HRH3|ANGPTL2|SLITRK5|PCDHB5|PCSK1N|LMO3|FSTL5|CCDC177|ARRDC3|TSHZ3|RGS8|NKD1|UAP1L1|SLITRK1|LYPD1|TMEM132E|SLC2A12|DACT2|FNDC5|ENHO,-9.6,MyList
DisGeNET,35,C0278876,Adult Medulloblastoma,,-12,2.8,8.6,30293,762,851,60,7.1,0.88,238|650|718|846|1029|1030|1299|1311|1440|1641|1993|2034|2041|2042|2045|2290|2307|2558|2697|2934|3481|3642|3918|4194|4760|4762|4804|4826|4914|4916|5080|5111|5339|6277|6281|6506|6546|6616|6662|7058|7545|8660|9021|9314|9423|9590|10215|10653|11186|22943|23135|23645|27133|55388|56884|57007|57575|64399|147040|253738,ALK|BMP2|C3|CASR|CDKN2A|CDKN2B|COL9A3|COMP|CSF3|DCX|ELAVL2|EPAS1|EPHA1|EPHA3|EPHA7|FOXG1|FOXS1|GABRA5|GJA1|GSN|IGF2|INSM1|LAMC2|MDM4|NEUROD1|NEUROG1|NGFR|NNAT|NTRK1|NTRK3|PAX6|PCNA|PLEC|S100A6|S100A10|SLC1A2|SLC8A1|SNAP25|SOX9|THBS2|ZIC1|IRS2|SOCS3|KLF4|NTN1|AKAP12|OLIG2|SPINT2|RASSF1|DKK1|KDM6B|PPP1R15A|KCNH5|MCM10|FSTL5|ACKR3|PCDH10|HHIP|KCTD11|EBF3,-9.6,MyList
DisGeNET,35,C0162871,"Aortic Aneurysm, Abdominal",,-12,3.1,8.7,30293,585,851,51,6,0.81,133|285|633|718|838|846|1029|1030|1281|1361|1462|1512|1634|1649|1993|2353|3123|3339|3383|3552|3576|3725|3726|4319|5196|5327|5476|6364|6376|6662|6736|7020|7056|7291|7295|7448|7547|8434|9181|9314|9423|9518|10194|11096|22915|23452|27035|50506|79924|112399|169026,ADM|ANGPT2|BGN|C3|CASP5|CASR|CDKN2A|CDKN2B|COL3A1|CPB2|VCAN|CTSH|DCN|DDIT3|ELAVL2|FOS|HLA-DRB1|HSPG2|ICAM1|IL1A|CXCL8|JUN|JUNB|MMP10|PF4|PLAT|CTSA|CCL20|CX3CL1|SOX9|SRY|TFAP2A|THBD|TWIST1|TXN|VTN|ZIC3|RECK|ARHGEF2|KLF4|NTN1|GDF15|TSHZ1|ADAMTS5|MMRN1|ANGPTL2|NOX1|DUOX2|ADM2|EGLN3|SLC30A8,-9.5,MyList
DisGeNET,35,C1378703,Renal carcinoma,,-12,2.9,8.6,30293,665,851,55,6.5,0.84,174|238|567|694|768|838|861|972|1009|1026|1029|1030|1087|1277|1462|2034|2042|2335|2346|2355|2444|3211|3213|3219|3383|3576|3725|3726|4804|4914|5076|5111|6513|6850|6926|9123|9314|9423|10397|10752|11082|11186|22822|22943|23135|27123|50848|54997|55323|57007|64866|79977|94015|252995|286077,AFP|ALK|B2M|BTG1|CA9|CASP5|RUNX1|CD74|CDH11|CDKN1A|CDKN2A|CDKN2B|CEACAM7|COL1A1|VCAN|EPAS1|EPHA3|FN1|FOLH1|FOSL2|FRK|HOXB1|HOXB3|HOXB9|ICAM1|CXCL8|JUN|JUNB|NGFR|NTRK1|PAX2|PCNA|SLC2A1|SYK|TBX3|SLC16A3|KLF4|NTN1|NDRG1|CHL1|ESM1|RASSF1|PHLDA1|DKK1|KDM6B|DKK2|F11R|TESC|LARP6|ACKR3|CDCP1|GRHL2|TTYH2|FNDC5|FAM83H,-9.4,MyList
Transcription Factor Targets,16,M3128,AAANWWTGC UNKNOWN,,-12,5.1,9.8,30293,195,851,28,3.3,0.61,1012|1649|1879|1996|2045|2335|3624|4762|4826|4916|5080|5122|6660|7029|7058|8929|9423|10215|10439|11343|27164|54798|56896|63976|84171|148170|196264|261729,CDH13|DDIT3|EBF1|ELAVL4|EPHA7|FN1|INHBA|NEUROG1|NNAT|NTRK3|PAX6|PCSK1|SOX5|TFDP2|THBS2|PHOX2B|NTN1|OLIG2|OLFM1|MGLL|SALL3|DCHS2|DPYSL5|PRDM16|LOXL4|CDC42EP5|MPZL3|STEAP2,-9.3,MyList
Transcription Factor Targets,16,M7622,ZIC3 01,,-12,4.5,9.5,30293,255,851,32,3.8,0.65,602|768|1294|1410|2039|2255|2556|2899|3037|3219|3222|3589|3918|4753|4821|5080|6886|7869|9378|9423|10826|23213|23452|26257|55890|57575|84858|116159|124930|196264|196500|286204,BCL3|CA9|COL7A1|CRYAB|DMTN|FGF10|GABRA3|GRIK3|HAS2|HOXB9|HOXC5|IL11|LAMC2|NELL2|NKX2-2|PAX6|TAL1|SEMA3B|NRXN1|NTN1|FAXDC2|SULF1|ANGPTL2|NKX2-8|GPRC5C|PCDH10|ZNF503|CYYR1|ANKRD13B|MPZL3|PIANP|CRB2,-9.3,MyList
DisGeNET,35,C0002726,Amyloidosis,,-12,2.9,8.5,30293,694,851,56,6.6,0.85,2|301|345|567|633|718|846|862|972|1050|1137|1361|1410|1440|1634|1641|1649|1759|1889|2041|2042|2243|2335|2521|2913|2920|2934|3123|3339|3552|3576|3918|4155|4684|5272|6277|6288|6352|6456|7045|7122|7295|7448|9180|9518|9892|10194|10439|22943|50506|50848|51083|54210|64399|148022|154091,A2M|ANXA1|APOC3|B2M|BGN|C3|CASR|RUNX1T1|CD74|CEBPA|CHRNA4|CPB2|CRYAB|CSF3|DCN|DCX|DDIT3|DNM1|ECE1|EPHA1|EPHA3|FGA|FN1|FUS|GRM3|CXCL2|GSN|HLA-DRB1|HSPG2|IL1A|CXCL8|LAMC2|MBP|NCAM1|SERPINB9|S100A6|SAA1|CCL5|SH3GL2|TGFBI|CLDN5|TXN|VTN|OSMR|GDF15|SNAP91|TSHZ1|OLFM1|DKK1|DUOX2|F11R|GAL|TREM1|HHIP|TICAM1|SLC2A12,-9.2,MyList
PaGenBase,36,PGB:00007,Tissue-specific: colon,,-12,3.9,9.1,30293,338,851,37,4.3,0.7,634|1015|1029|1044|1045|1087|1179|1943|2169|3209|3960|5284|7031|7429|8190|8929|9245|9518|9914|10586|11187|27035|27111|53827|55018|55612|56667|57402|64866|79983|140453|148156|167826|346606|389158|644844|653808,CEACAM1|CDH17|CDKN2A|CDX1|CDX2|CEACAM7|CLCA1|EFNA2|FABP2|HOXA13|LGALS4|PIGR|TFF1|VIL1|MIA|PHOX2B|GCNT3|GDF15|ATP2C2|MAB21L2|PKP3|NOX1|SDCBP2|FXYD5|ANKRD40CL|FERMT1|MUC13|S100A14|CDCP1|POF1B|MUC17|ZNF558|OLIG3|MOGAT3|PLSCR5|PHGR1|ZG16,-9.2,MyList
Transcription Factor Targets,16,M6325,SMAD3 Q6,,-12,4.6,9.5,30293,242,851,31,3.6,0.64,1026|1440|1747|1879|2259|3211|3918|4036|4661|4826|4916|5063|5076|5456|5992|7029|7058|8403|9719|9902|11189|11346|27023|50944|51199|57007|57402|57616|81849|167826|283576,CDKN1A|CSF3|DLX3|EBF1|FGF14|HOXB1|LAMC2|LRP2|MYT1|NNAT|NTRK3|PAK3|PAX2|POU3F4|RFX4|TFDP2|THBS2|SOX14|ADAMTSL2|MRC2|CELF3|SYNPO|FOXB1|SHANK1|NIN|ACKR3|S100A14|TSHZ3|ST6GALNAC5|OLIG3|ZDHHC22,-9.2,MyList
DisGeNET,35,C4552766,Miscarriage,,-12,3.5,8.9,30293,426,851,42,4.9,0.74,174|285|634|890|1277|1288|1293|1361|1440|1510|1512|1893|2335|2346|3037|3119|3123|3339|3481|3552|3576|3589|3691|3694|4684|4973|5446|6281|6348|6364|6374|6578|7020|7045|7056|7538|8788|8792|8929|10397|22943|23213,AFP|ANGPT2|CEACAM1|CCNA2|COL1A1|COL4A6|COL6A3|CPB2|CSF3|CTSE|CTSH|ECM1|FN1|FOLH1|HAS2|HLA-DQB1|HLA-DRB1|HSPG2|IGF2|IL1A|CXCL8|IL11|ITGB4|ITGB6|NCAM1|OLR1|PON3|S100A10|CCL3|CCL20|CXCL5|SLCO2A1|TFAP2A|TGFBI|THBD|ZFP36|DLK1|TNFRSF11A|PHOX2B|NDRG1|DKK1|SULF1,-9.2,MyList
DisGeNET,35,C4721806,"Carcinoma, Basal Cell",,-12,3.1,8.6,30293,557,851,49,5.8,0.8,238|301|633|650|823|1012|1029|1030|1045|1052|1311|1512|1634|1747|2041|2335|2353|2596|2697|3123|3383|3576|3725|3852|4118|4319|4684|5111|5266|6352|6513|6662|7056|7291|8549|9021|9056|9314|9423|9590|10397|10630|11186|11322|22822|22943|55655|57007|64399,ALK|ANXA1|BGN|BMP2|CAPN1|CDH13|CDKN2A|CDKN2B|CDX2|CEBPD|COMP|CTSH|DCN|DLX3|EPHA1|FN1|FOS|GAP43|GJA1|HLA-DRB1|ICAM1|CXCL8|JUN|KRT5|MAL|MMP10|NCAM1|PCNA|PI3|CCL5|SLC2A1|SOX9|THBD|TWIST1|LGR5|SOCS3|SLC7A7|KLF4|NTN1|AKAP12|NDRG1|PDPN|RASSF1|TMC6|PHLDA1|DKK1|NLRP2|ACKR3|HHIP,-9.2,MyList
DisGeNET,35,C0011853,"Diabetes Mellitus, Experimental",,-12,3.2,8.6,30293,522,851,47,5.5,0.78,26|133|285|301|846|890|1026|1356|1621|1634|1889|2180|2243|2335|2673|2697|3339|3383|3397|3481|3552|3741|4023|4036|4155|4760|4804|4825|4914|4916|5045|5080|5122|5126|5155|6277|6364|6376|6513|6515|6546|6616|7295|8660|9021|50848|51083,AOC1|ADM|ANGPT2|ANXA1|CASR|CCNA2|CDKN1A|CP|DBH|DCN|ECE1|ACSL1|FGA|FN1|GFPT1|GJA1|HSPG2|ICAM1|ID1|IGF2|IL1A|KCNA5|LPL|LRP2|MBP|NEUROD1|NGFR|NKX6-1|NTRK1|NTRK3|FURIN|PAX6|PCSK1|PCSK2|PDGFB|S100A6|CCL20|CX3CL1|SLC2A1|SLC2A3|SLC8A1|SNAP25|TXN|IRS2|SOCS3|F11R|GAL,-9.1,MyList
DisGeNET,35,C0031099,Periodontitis,,-12,2.9,8.4,30293,680,851,55,6.5,0.84,133|290|301|634|650|718|875|972|1029|1030|1087|1281|1421|1440|1749|1822|1889|2042|2335|2353|2920|3123|3383|3488|3552|3576|3589|3694|4319|4914|5024|5111|5196|5266|5880|6348|6352|6374|6513|6850|7291|7424|8434|8553|8673|8792|9021|9235|9423|10439|22943|23452|54210|55612|57451,ADM|ANPEP|ANXA1|CEACAM1|BMP2|C3|CBS|CD74|CDKN2A|CDKN2B|CEACAM7|COL3A1|CRYGD|CSF3|DLX5|ATN1|ECE1|EPHA3|FN1|FOS|CXCL2|HLA-DRB1|ICAM1|IGFBP5|IL1A|CXCL8|IL11|ITGB6|MMP10|NTRK1|P2RX3|PCNA|PF4|PI3|RAC2|CCL3|CCL5|CXCL5|SLC2A1|SYK|TWIST1|VEGFC|RECK|BHLHE40|VAMP8|TNFRSF11A|SOCS3|IL32|NTN1|OLFM1|DKK1|ANGPTL2|TREM1|FERMT1|TENM2,-9.1,MyList
TRRUST,34,TRR01256,Regulated by: SP1,,-11,3.2,8.6,30293,526,851,47,5.5,0.78,345|768|875|890|976|1026|1029|1030|1143|1277|1294|1311|1910|2353|2697|3037|3283|3383|3481|3487|3785|3852|4023|5021|5080|5155|5327|5493|5521|6352|6374|6549|6616|6658|6662|6736|7056|8434|8660|9547|9615|10761|11186|22915|84171|147040|148022,APOC3|CA9|CBS|CCNA2|ADGRE5|CDKN1A|CDKN2A|CDKN2B|CHRNB4|COL1A1|COL7A1|COMP|EDNRB|FOS|GJA1|HAS2|HSD3B1|ICAM1|IGF2|IGFBP4|KCNQ2|KRT5|LPL|OXTR|PAX6|PDGFB|PLAT|PPL|PPP2R2B|CCL5|CXCL5|SLC9A2|SNAP25|SOX3|SOX9|SRY|THBD|RECK|IRS2|CXCL14|GDA|PLAC1|RASSF1|MMRN1|LOXL4|KCTD11|TICAM1,-9,MyList
Cell Type Signatures,7,M41700,TRAVAGLINI LUNG OLR1 CLASSICAL MONOCYTE CELL,,-11,2.8,8.3,30293,726,851,57,6.7,0.86,133|290|602|837|861|1026|1051|1462|1512|1889|2034|2114|2180|2353|2355|2634|2920|3383|3552|3576|4973|5045|5142|5209|5272|5339|6277|6281|6303|6348|6364|6515|6533|6850|7045|7056|7122|7127|7128|8660|8728|9021|9123|10397|10725|23135|23645|51129|54210|54625|56937|64855|116448|116844|124935|254102|100463486,ADM|ANPEP|BCL3|CASP4|RUNX1|CDKN1A|CEBPB|VCAN|CTSH|ECE1|EPAS1|ETS2|ACSL1|FOS|FOSL2|GBP2|CXCL2|ICAM1|IL1A|CXCL8|OLR1|FURIN|PDE4B|PFKFB3|SERPINB9|PLEC|S100A6|S100A10|SAT1|CCL3|CCL20|SLC2A3|SLC6A6|SYK|TGFBI|THBD|CLDN5|TNFAIP2|TNFAIP3|IRS2|ADAM19|SOCS3|SLC16A3|NDRG1|NFAT5|KDM6B|PPP1R15A|ANGPTL4|TREM1|PARP14|PMEPA1|NIBAN2|OLIG1|LRG1|SLC43A2|EHBP1L1|MTRNR2L8,-9,MyList
Transcription Factor Targets,16,M1328,WTGAAAT UNKNOWN,,-11,3,8.4,30293,625,851,52,6.1,0.82,862|890|1421|1993|1996|2255|2258|2290|2335|2353|2624|2823|2852|3209|3219|3226|3227|3488|4661|5076|5080|5126|5334|5456|6096|6547|6660|7101|7545|8906|8929|9705|11075|11082|11096|11254|22943|26050|27319|29942|54101|55885|57575|57616|63976|84107|84631|85397|167410|170302|203447|389206,RUNX1T1|CCNA2|CRYGD|ELAVL2|ELAVL4|FGF10|FGF13|FOXG1|FN1|FOS|GATA2|GPM6A|GPER1|HOXA13|HOXB9|HOXC10|HOXC11|IGFBP5|MYT1|PAX2|PAX6|PCSK2|PLCL1|POU3F4|RORB|SLC8A3|SOX5|NR2E1|ZIC1|AP1G2|PHOX2B|ST18|STMN2|ESM1|ADAMTS5|SLC6A14|DKK1|SLITRK5|BHLHE22|PURG|RIPK4|LMO3|PCDH10|TSHZ3|PRDM16|ZIC4|SLITRK2|RGS8|LIX1|ARX|NRK|BEND4,-9,MyList
Transcription Factor Targets,16,M4468,FOXM1 01,,-11,4.4,9.3,30293,248,851,31,3.6,0.64,460|862|1281|1649|1749|1879|1942|1996|2041|2173|2290|2913|3222|4036|4684|4760|4762|5080|5456|6616|6660|6900|7025|27164|27344|54798|55885|63874|64641|114798|202915,ASTN1|RUNX1T1|COL3A1|DDIT3|DLX5|EBF1|EFNA1|ELAVL4|EPHA1|FABP7|FOXG1|GRM3|HOXC5|LRP2|NCAM1|NEUROD1|NEUROG1|PAX6|POU3F4|SNAP25|SOX5|CNTN2|NR2F1|SALL3|PCSK1N|DCHS2|LMO3|ABHD4|EBF2|SLITRK1|TMEM184A,-8.9,MyList
DisGeNET,35,C0333983,Hyperplastic Polyp,,-11,4.9,9.5,30293,204,851,28,3.3,0.61,633|744|1029|1045|1356|1361|1510|2934|3119|3552|3576|3855|4288|4762|5111|6352|6513|6928|7031|8549|9021|9314|9518|10103|10215|27319|54210|140453,BGN|MPPED2|CDKN2A|CDX2|CP|CPB2|CTSE|GSN|HLA-DQB1|IL1A|CXCL8|KRT7|MKI67|NEUROG1|PCNA|CCL5|SLC2A1|HNF1B|TFF1|LGR5|SOCS3|KLF4|GDF15|TSPAN1|OLIG2|BHLHE22|TREM1|MUC17,-8.9,MyList
Transcription Factor Targets,16,M435,YATTNATC UNKNOWN,,-11,3.6,8.8,30293,382,851,39,4.6,0.72,1050|1281|1288|1440|1641|1993|2018|2128|2899|3213|3219|3226|3236|5076|5125|5339|5456|5521|5992|6303|6656|7545|7546|8403|10150|10814|11030|11075|23541|26050|27319|54715|57007|57348|64067|84631|85397|85407|389206,CEBPA|COL3A1|COL4A6|CSF3|DCX|ELAVL2|EMX2|EVX1|GRIK3|HOXB3|HOXB9|HOXC10|HOXD10|PAX2|PCSK5|PLEC|POU3F4|PPP2R2B|RFX4|SAT1|SOX1|ZIC1|ZIC2|SOX14|MBNL2|CPLX2|RBPMS|STMN2|SEC14L2|SLITRK5|BHLHE22|RBFOX1|ACKR3|TTYH1|NPAS3|SLITRK2|RGS8|NKD1|BEND4,-8.9,MyList
Transcription Factor Targets,16,M1341,HFH4 01,,-11,4.9,9.4,30293,205,851,28,3.3,0.61,577|861|862|1993|2259|2913|3213|3397|3694|5196|6860|7291|7547|8929|9068|9423|10586|11254|11343|25891|29106|54101|54715|55885|64067|64641|84913|85416,ADGRB3|RUNX1|RUNX1T1|ELAVL2|FGF14|GRM3|HOXB3|ID1|ITGB6|PF4|SYT4|TWIST1|ZIC3|PHOX2B|ANGPTL1|NTN1|MAB21L2|SLC6A14|MGLL|PAMR1|SCG3|RIPK4|RBFOX1|LMO3|NPAS3|EBF2|ATOH8|ZIC5,-8.9,MyList
DisGeNET,35,C0019569,Hirschsprung Disease,,-11,3.6,8.8,30293,384,851,39,4.6,0.72,238|429|650|823|846|875|1044|1045|1491|1641|1855|1889|1910|2173|2273|2335|2596|2675|3209|3383|3481|3589|3768|4914|4916|5080|6376|6493|6513|6662|6736|8929|9314|10512|11075|23452|51083|57007|170302,ALK|ASCL1|BMP2|CAPN1|CASR|CBS|CDX1|CDX2|CTH|DCX|DVL1|ECE1|EDNRB|FABP7|FHL1|FN1|GAP43|GFRA2|HOXA13|ICAM1|IGF2|IL11|KCNJ12|NTRK1|NTRK3|PAX6|CX3CL1|SIM2|SLC2A1|SOX9|SRY|PHOX2B|KLF4|SEMA3C|STMN2|ANGPTL2|GAL|ACKR3|ARX,-8.8,MyList
Cell Type Signatures,7,M40019,BUSSLINGER GASTRIC X CELLS,,-11,5,9.5,30293,191,851,27,3.2,0.6,1822|2180|2259|2353|3488|3725|3726|4062|4760|4821|5122|5629|6616|6860|7448|9060|9543|9705|10814|11075|22915|27344|29106|51477|51617|170302|387882,ATN1|ACSL1|FGF14|FOS|IGFBP5|JUN|JUNB|LY6H|NEUROD1|NKX2-2|PCSK1|PROX1|SNAP25|SYT4|VTN|PAPSS2|IGDCC3|ST18|CPLX2|STMN2|MMRN1|PCSK1N|SCG3|ISYNA1|NSG2|ARX|C12orf75,-8.8,MyList
Cell Type Signatures,7,M39321,CUI DEVELOPING HEART VASCULAR ENDOTHELIAL CELL,,-11,5,9.4,30293,193,851,27,3.2,0.6,633|1152|1277|1299|2624|2697|2920|3383|3725|3726|5142|5480|7056|7128|7538|8553|9314|9902|22915|23213|23645|27123|51599|53827|54541|150094|221749,BGN|CKB|COL1A1|COL9A3|GATA2|GJA1|CXCL2|ICAM1|JUN|JUNB|PDE4B|PPIC|THBD|TNFAIP3|ZFP36|BHLHE40|KLF4|MRC2|MMRN1|SULF1|PPP1R15A|DKK2|LSR|FXYD5|DDIT4|SIK1|PXDC1,-8.7,MyList
DisGeNET,35,C4551686,Malignant neoplasm of soft tissue,,-11,2.8,8.2,30293,699,851,55,6.5,0.84,238|846|961|1026|1029|1030|1277|1299|1311|1440|1634|1647|1649|1822|2034|2335|2346|2353|2521|3481|3561|3725|3855|4194|4288|4684|4821|4914|4916|5111|5155|5272|6238|6281|6662|7070|7291|7424|8549|8612|8660|9052|9314|9518|10103|11186|22915|50848|51477|55323|57007|57124|79977|150094|286077,ALK|CASR|CD47|CDKN1A|CDKN2A|CDKN2B|COL1A1|COL9A3|COMP|CSF3|DCN|GADD45A|DDIT3|ATN1|EPAS1|FN1|FOLH1|FOS|FUS|IGF2|IL2RG|JUN|KRT7|MDM4|MKI67|NCAM1|NKX2-2|NTRK1|NTRK3|PCNA|PDGFB|SERPINB9|RRBP1|S100A10|SOX9|THY1|TWIST1|VEGFC|LGR5|PLPP2|IRS2|GPRC5A|KLF4|GDF15|TSPAN1|RASSF1|MMRN1|F11R|ISYNA1|LARP6|ACKR3|CD248|GRHL2|SIK1|FAM83H,-8.7,MyList
DisGeNET,35,C0233794,Memory impairment,,-11,2.7,8.1,30293,763,851,58,6.8,0.86,414|823|890|972|1137|1356|1440|1641|1822|1893|2259|2346|2521|2555|2558|2697|2913|3119|3481|3552|3576|3776|3785|3918|3960|4804|4914|5080|5122|5142|5155|5327|6281|6320|6348|6376|6493|6506|6547|6572|6616|7025|7277|7295|9211|9423|10814|11255|22943|50944|51083|57007|84867|84894|85300|91584|116844|252995,ARSD|CAPN1|CCNA2|CD74|CHRNA4|CP|CSF3|DCX|ATN1|ECM1|FGF14|FOLH1|FUS|GABRA2|GABRA5|GJA1|GRM3|HLA-DQB1|IGF2|IL1A|CXCL8|KCNK2|KCNQ2|LAMC2|LGALS4|NGFR|NTRK1|PAX6|PCSK1|PDE4B|PDGFB|PLAT|S100A10|CLEC11A|CCL3|CX3CL1|SIM2|SLC1A2|SLC8A3|SLC18A3|SNAP25|NR2F1|TUBA4A|TXN|LGI1|NTN1|CPLX2|HRH3|DKK1|SHANK1|GAL|ACKR3|PTPN5|LINGO1|ATCAY|PLXNA4|LRG1|FNDC5,-8.6,MyList
Cell Type Signatures,7,M39322,CUI DEVELOPING HEART VALVAR ENDOTHELIAL CELL,,-11,5.8,9.7,30293,141,851,23,2.7,0.56,928|1026|1052|1410|1462|1647|2180|2355|2697|2920|3488|3576|3691|5327|6277|6281|6364|7056|9021|23452|27123|57007|150094,CD9|CDKN1A|CEBPD|CRYAB|VCAN|GADD45A|ACSL1|FOSL2|GJA1|CXCL2|IGFBP5|CXCL8|ITGB4|PLAT|S100A6|S100A10|CCL20|THBD|SOCS3|ANGPTL2|DKK2|ACKR3|SIK1,-8.6,MyList
DisGeNET,35,C0041956,Ureteral obstruction,,-11,3.7,8.6,30293,359,851,37,4.3,0.7,133|285|602|650|655|861|875|1029|1277|1281|1649|1822|1910|2168|2274|2297|2335|3397|3552|4036|5076|5111|5122|6352|6364|6385|6513|6662|7291|7295|7424|9314|22915|51477|54210|79924|203447,ADM|ANGPT2|BCL3|BMP2|BMP7|RUNX1|CBS|CDKN2A|COL1A1|COL3A1|DDIT3|ATN1|EDNRB|FABP1|FHL2|FOXD1|FN1|ID1|IL1A|LRP2|PAX2|PCNA|PCSK1|CCL5|CCL20|SDC4|SLC2A1|SOX9|TWIST1|TXN|VEGFC|KLF4|MMRN1|ISYNA1|TREM1|ADM2|NRK,-8.5,MyList
Transcription Factor Targets,16,M1643,FOX Q2,,-11,4.7,9.2,30293,213,851,28,3.3,0.61,862|1026|1050|1942|2168|2258|2899|3213|3236|3726|4661|4684|7291|9068|9181|9211|9423|11343|27133|29106|51286|54715|55890|57616|64641|84631|84913|85416,RUNX1T1|CDKN1A|CEBPA|EFNA1|FABP1|FGF13|GRIK3|HOXB3|HOXD10|JUNB|MYT1|NCAM1|TWIST1|ANGPTL1|ARHGEF2|LGI1|NTN1|MGLL|KCNH5|SCG3|CEND1|RBFOX1|GPRC5C|TSHZ3|EBF2|SLITRK2|ATOH8|ZIC5,-8.5,MyList
DisGeNET,35,C0011615,"Dermatitis, Atopic",,-11,2.7,8,30293,751,851,57,6.7,0.86,133|285|301|460|602|718|1026|1137|1293|1510|1512|2034|2335|2353|2920|3119|3123|3383|3552|3576|3598|3725|3726|4155|4674|4753|4760|4804|4914|5142|5196|5266|5729|6288|6348|6352|6364|6376|6662|6707|6850|7128|7291|7424|8673|9021|9181|9235|11343|23541|54210|56300|79152|79924|84433|94234|255743,ADM|ANGPT2|ANXA1|ASTN1|BCL3|C3|CDKN1A|CHRNA4|COL6A3|CTSE|CTSH|EPAS1|FN1|FOS|CXCL2|HLA-DQB1|HLA-DRB1|ICAM1|IL1A|CXCL8|IL13RA2|JUN|JUNB|MBP|NAP1L2|NELL2|NEUROD1|NGFR|NTRK1|PDE4B|PF4|PI3|PTGDR|SAA1|CCL3|CCL5|CCL20|CX3CL1|SOX9|SPRR3|SYK|TNFAIP3|TWIST1|VEGFC|VAMP8|SOCS3|ARHGEF2|IL32|MGLL|SEC14L2|TREM1|IL36G|FA2H|ADM2|CARD11|FOXQ1|NPNT,-8.4,MyList
Transcription Factor Targets,16,M3994,COMP1 01,,-11,6.3,9.9,30293,118,851,21,2.5,0.53,744|1277|1288|1641|1749|1993|2255|4684|5629|7101|7545|9211|10150|23440|27164|51303|51617|64641|84107|147906|154091,MPPED2|COL1A1|COL4A6|DCX|DLX5|ELAVL2|FGF10|NCAM1|PROX1|NR2E1|ZIC1|LGI1|MBNL2|OTP|SALL3|FKBP11|NSG2|EBF2|ZIC4|DACT3|SLC2A12,-8.4,MyList
DisGeNET,35,C0853879,Invasive carcinoma of breast,,-11,3.2,8.3,30293,472,851,43,5.1,0.75,133|238|768|890|928|961|972|1026|1029|1030|2051|2173|2335|2346|2852|2886|2934|3037|3481|3576|3598|4071|4194|5080|5266|5476|6493|6513|6926|7058|7113|7291|7538|7545|8434|8549|8792|9314|11186|23135|27319|50848|94234,ADM|ALK|CA9|CCNA2|CD9|CD47|CD74|CDKN1A|CDKN2A|CDKN2B|EPHB6|FABP7|FN1|FOLH1|GPER1|GRB7|GSN|HAS2|IGF2|CXCL8|IL13RA2|TM4SF1|MDM4|PAX6|PI3|CTSA|SIM2|SLC2A1|TBX3|THBS2|TMPRSS2|TWIST1|ZFP36|ZIC1|RECK|LGR5|TNFRSF11A|KLF4|RASSF1|KDM6B|BHLHE22|F11R|FOXQ1,-8.4,MyList
DisGeNET,35,C0151650,Renal fibrosis,,-11,3,8.2,30293,570,851,48,5.6,0.79,133|285|290|567|602|633|655|718|846|861|875|1051|1491|1634|1649|1749|1822|1889|1910|2034|2255|2297|2335|2530|2697|3037|3383|3589|3726|4055|4914|5076|5122|5327|6348|6513|6662|7045|7291|8482|9056|9314|9518|22915|23452|79924|148022|203447,ADM|ANGPT2|ANPEP|B2M|BCL3|BGN|BMP7|C3|CASR|RUNX1|CBS|CEBPB|CTH|DCN|DDIT3|DLX5|ATN1|ECE1|EDNRB|EPAS1|FGF10|FOXD1|FN1|FUT8|GJA1|HAS2|ICAM1|IL11|JUNB|LTBR|NTRK1|PAX2|PCSK1|PLAT|CCL3|SLC2A1|SOX9|TGFBI|TWIST1|SEMA7A|SLC7A7|KLF4|GDF15|MMRN1|ANGPTL2|ADM2|TICAM1|NRK,-8.4,MyList
Cell Type Signatures,7,M41692,TRAVAGLINI LUNG MACROPHAGE CELL,,-11,4.8,9.1,30293,201,851,27,3.2,0.6,290|928|972|1512|2180|2335|2512|2920|2934|3119|3123|3127|3552|3576|3624|4023|4973|5339|6281|6364|6385|7045|7127|9056|9314|54210|124935,ANPEP|CD9|CD74|CTSH|ACSL1|FN1|FTL|CXCL2|GSN|HLA-DQB1|HLA-DRB1|HLA-DRB5|IL1A|CXCL8|INHBA|LPL|OLR1|PLEC|S100A10|CCL20|SDC4|TGFBI|TNFAIP2|SLC7A7|KLF4|TREM1|SLC43A2,-8.3,MyList
Cell Type Signatures,7,M39301,CUI DEVELOPING HEART C4 ENDOTHELIAL CELL,,-11,5.6,9.5,30293,146,851,23,2.7,0.56,928|1009|1879|1889|1910|1942|2701|2791|3397|3487|4071|5099|6578|10653|22915|30846|50848|51129|53827|57007|57211|84952|116159,CD9|CDH11|EBF1|ECE1|EDNRB|EFNA1|GJA4|GNG11|ID1|IGFBP4|TM4SF1|PCDH7|SLCO2A1|SPINT2|MMRN1|EHD2|F11R|ANGPTL4|FXYD5|ACKR3|ADGRG6|CGNL1|CYYR1,-8.3,MyList
Cell Type Signatures,7,M41677,TRAVAGLINI LUNG LIPOFIBROBLAST CELL,,-11,5.6,9.5,30293,146,851,23,2.7,0.56,718|972|1026|1051|1277|1281|1491|1512|2697|2920|3037|3487|4804|7058|7291|9021|9052|9314|10630|22822|23135|220108|220323,C3|CD74|CDKN1A|CEBPB|COL1A1|COL3A1|CTH|CTSH|GJA1|CXCL2|HAS2|IGFBP4|NGFR|THBS2|TWIST1|SOCS3|GPRC5A|KLF4|PDPN|PHLDA1|KDM6B|FAM124A|OAF,-8.3,MyList
DisGeNET,35,C0037274,Dermatologic disorders,,-11,2.9,8.1,30293,615,851,50,5.9,0.81,238|301|1029|1294|1440|1634|1893|2034|2335|2353|2697|2852|2920|3123|3397|3552|3576|3691|3725|3726|3852|3853|3914|3918|4973|5142|5209|5266|5327|5339|6352|6364|6374|6385|6662|6707|6850|7275|7295|7424|9180|9235|9423|9961|23043|54101|54625|55612|57402|79983,ALK|ANXA1|CDKN2A|COL7A1|CSF3|DCN|ECM1|EPAS1|FN1|FOS|GJA1|GPER1|CXCL2|HLA-DRB1|ID1|IL1A|CXCL8|ITGB4|JUN|JUNB|KRT5|KRT6A|LAMB3|LAMC2|OLR1|PDE4B|PFKFB3|PI3|PLAT|PLEC|CCL5|CCL20|CXCL5|SDC4|SOX9|SPRR3|SYK|TUB|TXN|VEGFC|OSMR|IL32|NTN1|MVP|TNIK|RIPK4|PARP14|FERMT1|S100A14|POF1B,-8.2,MyList
DisGeNET,35,C0302142,Deformity,,-11,3.7,8.5,30293,350,851,36,4.2,0.69,285|650|875|1029|1030|1087|1281|1288|1641|1750|2018|2253|2255|2624|3209|3918|5076|5080|5354|5396|6928|7056|7295|7545|7546|9181|9423|9547|9590|10630|64220|80150|85416|170302|283659|286204,ANGPT2|BMP2|CBS|CDKN2A|CDKN2B|CEACAM7|COL3A1|COL4A6|DCX|DLX6|EMX2|FGF8|FGF10|GATA2|HOXA13|LAMC2|PAX2|PAX6|PLP1|PRRX1|HNF1B|THBD|TXN|ZIC1|ZIC2|ARHGEF2|NTN1|CXCL14|AKAP12|PDPN|STRA6|ASRGL1|ZIC5|ARX|PRTG|CRB2,-8.2,MyList
DisGeNET,35,C0334037,Intestinal metaplasia,,-11,4.1,8.8,30293,266,851,31,3.6,0.64,301|633|650|1015|1026|1029|1030|1044|1045|1510|2258|2259|2512|2886|3123|3552|3576|3993|6352|6662|7429|8549|9518|11186|25891|51083|51208|54498|56287|56667|140453,ANXA1|BGN|BMP2|CDH17|CDKN1A|CDKN2A|CDKN2B|CDX1|CDX2|CTSE|FGF13|FGF14|FTL|GRB7|HLA-DRB1|IL1A|CXCL8|LLGL2|CCL5|SOX9|VIL1|LGR5|GDF15|RASSF1|PAMR1|GAL|CLDN18|SMOX|GKN1|MUC13|MUC17,-8.2,MyList
DisGeNET,35,C0001973,"Alcoholic Intoxication, Chronic",,-11,3,8.1,30293,577,851,48,5.6,0.79,107|111|238|460|1009|1010|1012|1136|1137|1143|1293|1496|1621|1822|1910|2039|2169|2335|2555|2558|2596|2899|2913|3339|3552|3576|4155|4661|4684|4804|5021|5142|5992|6303|6506|6533|7021|9378|9674|9705|10150|11343|23135|27123|27164|51083|56884|57575,ADCY1|ADCY5|ALK|ASTN1|CDH11|CDH12|CDH13|CHRNA3|CHRNA4|CHRNB4|COL6A3|CTNNA2|DBH|ATN1|EDNRB|DMTN|FABP2|FN1|GABRA2|GABRA5|GAP43|GRIK3|GRM3|HSPG2|IL1A|CXCL8|MBP|MYT1|NCAM1|NGFR|OXTR|PDE4B|RFX4|SAT1|SLC1A2|SLC6A6|TFAP2B|NRXN1|KIAA0040|ST18|MBNL2|MGLL|KDM6B|DKK2|SALL3|GAL|FSTL5|PCDH10,-8.2,MyList
Transcription Factor Targets,16,M8280,NFAT Q4 01,,-11,4.1,8.7,30293,267,851,31,3.6,0.64,1879|2259|2353|2934|3236|3339|3383|3488|5063|6352|6616|6658|6660|6662|6860|7029|8553|8673|8929|10150|10725|11187|51477|57561|57575|57616|84107|84858|114798|147111|284119,EBF1|FGF14|FOS|GSN|HOXD10|HSPG2|ICAM1|IGFBP5|PAK3|CCL5|SNAP25|SOX3|SOX5|SOX9|SYT4|TFDP2|BHLHE40|VAMP8|PHOX2B|MBNL2|NFAT5|PKP3|ISYNA1|ARRDC3|PCDH10|TSHZ3|ZIC4|ZNF503|SLITRK1|NOTUM|CAVIN1,-8.2,MyList
Cell Type Signatures,7,M41708,FAN OVARY CL6 PUTATIVE EARLY ATRETIC FOLLICLE THECAL CELL 2,,-11,3.9,8.6,30293,300,851,33,3.9,0.66,133|633|1009|1052|1195|1277|1281|1293|1410|1634|2335|2353|2934|3487|3488|3725|3726|4681|5178|5480|6277|6320|7070|7538|8722|9021|9314|9590|10150|10163|23645|54541|284119,ADM|BGN|CDH11|CEBPD|CLK1|COL1A1|COL3A1|COL6A3|CRYAB|DCN|FN1|FOS|GSN|IGFBP4|IGFBP5|JUN|JUNB|NBL1|PEG3|PPIC|S100A6|CLEC11A|THY1|ZFP36|CTSF|SOCS3|KLF4|AKAP12|MBNL2|WASF2|PPP1R15A|DDIT4|CAVIN1,-8.2,MyList
Transcription Factor Targets,16,M14230,HFH1 01,,-11,4.3,8.8,30293,251,851,30,3.5,0.63,862|1993|2018|2886|2899|3624|4684|5099|5456|5521|5629|8403|8906|9068|9181|9211|9423|11082|11254|23023|23440|27023|27164|29106|51199|51617|54715|58158|64399|130132,RUNX1T1|ELAVL2|EMX2|GRB7|GRIK3|INHBA|NCAM1|PCDH7|POU3F4|PPP2R2B|PROX1|SOX14|AP1G2|ANGPTL1|ARHGEF2|LGI1|NTN1|ESM1|SLC6A14|TMCC1|OTP|FOXB1|SALL3|SCG3|NIN|NSG2|RBFOX1|NEUROD4|HHIP|RFTN2,-8.2,MyList
Transcription Factor Targets,16,M12240,NFKB C,,-10,4.1,8.7,30293,268,851,31,3.6,0.64,602|768|972|1879|2051|2353|3219|3383|3552|3691|3914|5126|5354|6281|6352|6616|6658|6660|6886|7869|8553|9181|10725|23541|27289|29942|54891|85508|130132|147111|338917,BCL3|CA9|CD74|EBF1|EPHB6|FOS|HOXB9|ICAM1|IL1A|ITGB4|LAMB3|PCSK2|PLP1|S100A10|CCL5|SNAP25|SOX3|SOX5|TAL1|SEMA3B|BHLHE40|ARHGEF2|NFAT5|SEC14L2|RND1|PURG|INO80D|SCRT2|RFTN2|NOTUM|VSX2,-8.2,MyList
Transcription Factor Targets,16,M15623,SOX5 01,,-10,4.1,8.7,30293,268,851,31,3.6,0.64,744|1288|1879|1993|1996|2051|2355|3397|3624|3982|4684|5099|5126|5456|5521|6660|7021|7029|7291|7546|9902|27023|27164|54891|55885|57172|64399|79977|84631|113763|130132,MPPED2|COL4A6|EBF1|ELAVL2|ELAVL4|EPHB6|FOSL2|ID1|INHBA|LIM2|NCAM1|PCDH7|PCSK2|POU3F4|PPP2R2B|SOX5|TFAP2B|TFDP2|TWIST1|ZIC2|MRC2|FOXB1|SALL3|INO80D|LMO3|CAMK1G|HHIP|GRHL2|SLITRK2|ZBED10P|RFTN2,-8.2,MyList
Cell Type Signatures,7,M39265,HU FETAL RETINA HORIZONTAL,,-10,12,11,30293,40,851,13,1.5,0.42,119|1421|4826|4914|5080|5629|6096|6328|6860|7020|7021|11075|51617,ADD2|CRYGD|NNAT|NTRK1|PAX6|PROX1|RORB|SCN3A|SYT4|TFAP2A|TFAP2B|STMN2|NSG2,-8.1,MyList
Transcription Factor Targets,16,M15128,CDPCR3HD 01,,-10,4.3,8.8,30293,238,851,29,3.4,0.62,694|862|1012|2253|2886|3211|3222|3236|4661|4821|4914|5024|5992|6281|6660|6926|7277|7291|8929|11075|11082|22895|51199|54715|84033|84858|147906|255743|261729,BTG1|RUNX1T1|CDH13|FGF8|GRB7|HOXB1|HOXC5|HOXD10|MYT1|NKX2-2|NTRK1|P2RX3|RFX4|S100A10|SOX5|TBX3|TUBA4A|TWIST1|PHOX2B|STMN2|ESM1|RPH3A|NIN|RBFOX1|OBSCN|ZNF503|DACT3|NPNT|STEAP2,-8.1,MyList
DisGeNET,35,C0017658,Glomerulonephritis,,-10,3.5,8.3,30293,391,851,38,4.5,0.71,133|718|861|972|1029|1281|1356|1440|1634|1649|1822|2273|2297|2335|2353|3119|3123|3383|3552|3576|3691|3725|3726|4762|4914|5111|5155|5339|6281|6348|6352|6376|6850|7056|7070|22915|25891|112399,ADM|C3|RUNX1|CD74|CDKN2A|COL3A1|CP|CSF3|DCN|DDIT3|ATN1|FHL1|FOXD1|FN1|FOS|HLA-DQB1|HLA-DRB1|ICAM1|IL1A|CXCL8|ITGB4|JUN|JUNB|NEUROG1|NTRK1|PCNA|PDGFB|PLEC|S100A10|CCL3|CCL5|CX3CL1|SYK|THBD|THY1|MMRN1|PAMR1|EGLN3,-8.1,MyList
Cell Type Signatures,7,M39113,AIZARANI LIVER C9 LSECS 1,,-10,3.9,8.5,30293,304,851,33,3.9,0.66,133|285|1012|1889|1893|2034|2273|2355|2791|4071|5155|6238|6515|6886|7025|8553|9021|9180|9590|10964|11078|11098|11170|22915|23135|23645|51129|54625|56892|57007|59277|84969|284119,ADM|ANGPT2|CDH13|ECE1|ECM1|EPAS1|FHL1|FOSL2|GNG11|TM4SF1|PDGFB|RRBP1|SLC2A3|TAL1|NR2F1|BHLHE40|SOCS3|OSMR|AKAP12|IFI44L|TRIOBP|PRSS23|FAM107A|MMRN1|KDM6B|PPP1R15A|ANGPTL4|PARP14|TCIM|ACKR3|NTN4|TOX2|CAVIN1,-8.1,MyList
PaGenBase,36,PGB:00045,Tissue-specific: placenta,,-10,3.9,8.5,30293,305,851,33,3.9,0.66,26|133|1749|2335|2624|2886|3283|3481|3624|4826|5155|5272|6513|6572|7020|7869|8482|8831|9244|9518|10630|10761|10886|11187|22943|25975|55057|55286|55655|57211|64220|124935|147111,AOC1|ADM|DLX5|FN1|GATA2|GRB7|HSD3B1|IGF2|INHBA|NNAT|PDGFB|SERPINB9|SLC2A1|SLC18A3|TFAP2A|SEMA3B|SEMA7A|SYNGAP1|CRLF1|GDF15|PDPN|PLAC1|NPFFR2|PKP3|DKK1|EGFL6|CRYBG2|C4orf19|NLRP2|ADGRG6|STRA6|SLC43A2|NOTUM,-8,MyList
Transcription Factor Targets,16,M12934,BRN2 01,,-10,4.3,8.7,30293,240,851,29,3.4,0.62,1641|2255|2258|2259|2290|2353|2823|3213|3219|3227|4661|4762|5339|5800|6296|6303|6616|6658|7101|7295|8929|10150|10725|11075|11343|23213|27164|114798|261729,DCX|FGF10|FGF13|FGF14|FOXG1|FOS|GPM6A|HOXB3|HOXB9|HOXC11|MYT1|NEUROG1|PLEC|PTPRO|ACSM3|SAT1|SNAP25|SOX3|NR2E1|TXN|PHOX2B|MBNL2|NFAT5|STMN2|MGLL|SULF1|SALL3|SLITRK1|STEAP2,-8,MyList
DisGeNET,35,C0018916,Hemangioma,,-10,4.2,8.7,30293,256,851,30,3.5,0.63,285|846|1029|2253|2346|2353|2619|3236|3397|3481|3576|3855|4288|4914|5111|5476|6496|6513|6886|7020|7056|7070|7424|7546|10397|10630|22943|23135|51303|89932,ANGPT2|CASR|CDKN2A|FGF8|FOLH1|FOS|GAS1|HOXD10|ID1|IGF2|CXCL8|KRT7|MKI67|NTRK1|PCNA|CTSA|SIX3|SLC2A1|TAL1|TFAP2A|THBD|THY1|VEGFC|ZIC2|NDRG1|PDPN|DKK1|KDM6B|FKBP11|PAPLN,-8,MyList
DisGeNET,35,C1257931,"Mammary Neoplasms, Human",,-10,3,8,30293,527,851,45,5.3,0.77,174|238|650|972|1029|1063|1294|1440|1649|1910|1942|2114|2173|2255|2274|2335|2353|2697|2852|2877|2886|2920|3219|3488|3576|3725|3852|3993|4118|4194|4288|6364|6513|6926|7020|7025|7295|7424|9123|9590|10397|22943|51129|57561|94234,AFP|ALK|BMP2|CD74|CDKN2A|CENPF|COL7A1|CSF3|DDIT3|EDNRB|EFNA1|ETS2|FABP7|FGF10|FHL2|FN1|FOS|GJA1|GPER1|GPX2|GRB7|CXCL2|HOXB9|IGFBP5|CXCL8|JUN|KRT5|LLGL2|MAL|MDM4|MKI67|CCL20|SLC2A1|TBX3|TFAP2A|NR2F1|TXN|VEGFC|SLC16A3|AKAP12|NDRG1|DKK1|ANGPTL4|ARRDC3|FOXQ1,-8,MyList
DisGeNET,35,C0016057,Fibrosarcoma,,-10,3.4,8.2,30293,413,851,39,4.6,0.72,290|633|976|1026|1029|1030|1277|1649|2042|2335|2353|2521|2697|3339|3383|3481|3552|3576|3725|3726|4194|4288|4760|4916|5155|5327|5880|6352|6926|7101|7295|7424|7448|8190|8434|9068|9547|9590|51083,ANPEP|BGN|ADGRE5|CDKN1A|CDKN2A|CDKN2B|COL1A1|DDIT3|EPHA3|FN1|FOS|FUS|GJA1|HSPG2|ICAM1|IGF2|IL1A|CXCL8|JUN|JUNB|MDM4|MKI67|NEUROD1|NTRK3|PDGFB|PLAT|RAC2|CCL5|TBX3|NR2E1|TXN|VEGFC|VTN|MIA|RECK|ANGPTL1|CXCL14|AKAP12|GAL,-8,MyList
DisGeNET,35,C0003504,Aortic Valve Insufficiency,,-10,3.5,8.3,30293,377,851,37,4.3,0.7,429|875|1277|1281|1294|1491|2034|2042|2253|2258|2335|2353|2624|2697|3283|3383|3481|3552|3576|3725|3726|5334|5645|6352|6513|6662|7113|7291|8744|8792|10397|10630|22943|55450|56937|57007|116844,ASCL1|CBS|COL1A1|COL3A1|COL7A1|CTH|EPAS1|EPHA3|FGF8|FGF13|FN1|FOS|GATA2|GJA1|HSD3B1|ICAM1|IGF2|IL1A|CXCL8|JUN|JUNB|PLCL1|PRSS2|CCL5|SLC2A1|SOX9|TMPRSS2|TWIST1|TNFSF9|TNFRSF11A|NDRG1|PDPN|DKK1|CAMK2N1|PMEPA1|ACKR3|LRG1,-8,MyList
DisGeNET,35,C0151744,Myocardial Ischemia,,-10,2.6,7.7,30293,756,851,56,6.6,0.85,133|285|290|301|345|602|650|718|861|1050|1052|1137|1410|1440|1634|1910|2034|2335|2634|2697|2701|2920|3123|3383|3397|3481|3552|3726|3776|4023|4684|4973|5024|5142|5209|6277|6288|6348|6364|6376|6533|6546|6616|7056|7295|7538|8553|9021|9314|9518|11098|23645|51477|54541|55655|79924,ADM|ANGPT2|ANPEP|ANXA1|APOC3|BCL3|BMP2|C3|RUNX1|CEBPA|CEBPD|CHRNA4|CRYAB|CSF3|DCN|EDNRB|EPAS1|FN1|GBP2|GJA1|GJA4|CXCL2|HLA-DRB1|ICAM1|ID1|IGF2|IL1A|JUNB|KCNK2|LPL|NCAM1|OLR1|P2RX3|PDE4B|PFKFB3|S100A6|SAA1|CCL3|CCL20|CX3CL1|SLC6A6|SLC8A1|SNAP25|THBD|TXN|ZFP36|BHLHE40|SOCS3|KLF4|GDF15|PRSS23|PPP1R15A|ISYNA1|DDIT4|NLRP2|ADM2,-7.9,MyList
Transcription Factor Targets,16,M133,TCF11 01,,-10,4.1,8.6,30293,258,851,30,3.5,0.63,1030|1044|1747|1879|2255|2274|2899|3213|3694|4661|4916|5076|5125|5126|5456|6303|6900|7025|7029|10150|11082|25999|54715|55200|64641|84107|84631|116372|122953|389206,CDKN2B|CDX1|DLX3|EBF1|FGF10|FHL2|GRIK3|HOXB3|ITGB6|MYT1|NTRK3|PAX2|PCSK5|PCSK2|POU3F4|SAT1|CNTN2|NR2F1|TFDP2|MBNL2|ESM1|CLIP3|RBFOX1|PLEKHG6|EBF2|ZIC4|SLITRK2|LYPD1|JDP2|BEND4,-7.9,MyList
DisGeNET,35,C0374997,Helicobacter pylori (H. pylori) infection in conditions classified elsewhere and of unspecified site,,-10,2.9,7.9,30293,593,851,48,5.6,0.79,301|602|633|634|718|875|972|1029|1044|1045|1356|1634|2114|2353|2524|2697|3119|3123|3383|3481|3552|3576|3725|3726|4055|4288|4684|5476|6352|6364|6850|7031|7291|7295|8549|8788|9181|9235|9314|50506|51208|51477|54498|56287|57126|79094|79192|112399,ANXA1|BCL3|BGN|CEACAM1|C3|CBS|CD74|CDKN2A|CDX1|CDX2|CP|DCN|ETS2|FOS|FUT2|GJA1|HLA-DQB1|HLA-DRB1|ICAM1|IGF2|IL1A|CXCL8|JUN|JUNB|LTBR|MKI67|NCAM1|CTSA|CCL5|CCL20|SYK|TFF1|TWIST1|TXN|LGR5|DLK1|ARHGEF2|IL32|KLF4|DUOX2|CLDN18|ISYNA1|SMOX|GKN1|CD177|CHAC1|IRX1|EGLN3,-7.8,MyList
DisGeNET,35,C0037286,Skin Neoplasms,,-10,3.5,8.2,30293,363,851,36,4.2,0.69,133|861|1026|1029|1030|1050|1052|1277|1440|1462|2041|2697|3339|3552|3852|4319|4684|4914|4916|5111|5155|5327|6578|6662|7020|7424|8549|9021|9235|9290|9314|10630|51477|57007|57124|64065,ADM|RUNX1|CDKN1A|CDKN2A|CDKN2B|CEBPA|CEBPD|COL1A1|CSF3|VCAN|EPHA1|GJA1|HSPG2|IL1A|KRT5|MMP10|NCAM1|NTRK1|NTRK3|PCNA|PDGFB|PLAT|SLCO2A1|SOX9|TFAP2A|VEGFC|LGR5|SOCS3|IL32|GPR55|KLF4|PDPN|ISYNA1|ACKR3|CD248|PERP,-7.8,MyList
Transcription Factor Targets,16,M13849,TGACATY UNKNOWN,,-10,2.7,7.8,30293,676,851,52,6.1,0.82,861|862|1051|1288|1293|1641|1855|1996|2253|2255|2290|2353|2785|3213|3226|3236|3642|3725|4661|4675|4821|5024|5126|5456|5992|6096|6303|6549|6860|7029|7545|8022|8929|9290|9590|10215|10439|11082|11189|23213|23440|23452|26050|54715|55885|56884|57616|64067|64641|78997|84107|85508,RUNX1|RUNX1T1|CEBPB|COL4A6|COL6A3|DCX|DVL1|ELAVL4|FGF8|FGF10|FOXG1|FOS|GNG3|HOXB3|HOXC10|HOXD10|INSM1|JUN|MYT1|NAP1L3|NKX2-2|P2RX3|PCSK2|POU3F4|RFX4|RORB|SAT1|SLC9A2|SYT4|TFDP2|ZIC1|LHX3|PHOX2B|GPR55|AKAP12|OLIG2|OLFM1|ESM1|CELF3|SULF1|OTP|ANGPTL2|SLITRK5|RBFOX1|LMO3|FSTL5|TSHZ3|NPAS3|EBF2|GDAP1L1|ZIC4|SCRT2,-7.8,MyList
DisGeNET,35,C0027796,Neuralgia,,-10,2.6,7.6,30293,766,851,56,6.6,0.85,2|117|133|285|655|972|1050|1051|1137|1440|1510|1647|1749|1993|2521|2596|2675|2697|2920|3119|3123|3339|3383|3552|3576|3725|3776|3785|3852|3853|3918|4155|4804|4914|5024|5045|5076|5354|6348|6352|6376|6506|6616|7291|9021|9290|9423|9641|10653|10725|11343|27035|30846|51083|55612|57007,A2M|ADCYAP1R1|ADM|ANGPT2|BMP7|CD74|CEBPA|CEBPB|CHRNA4|CSF3|CTSE|GADD45A|DLX5|ELAVL2|FUS|GAP43|GFRA2|GJA1|CXCL2|HLA-DQB1|HLA-DRB1|HSPG2|ICAM1|IL1A|CXCL8|JUN|KCNK2|KCNQ2|KRT5|KRT6A|LAMC2|MBP|NGFR|NTRK1|P2RX3|FURIN|PAX2|PLP1|CCL3|CCL5|CX3CL1|SLC1A2|SNAP25|TWIST1|SOCS3|GPR55|NTN1|IKBKE|SPINT2|NFAT5|MGLL|NOX1|EHD2|GAL|FERMT1|ACKR3,-7.7,MyList
DisGeNET,35,C0002793,Anaplasia,,-10,3,7.9,30293,538,851,45,5.3,0.77,174|238|285|650|768|875|976|1029|1087|1277|1293|1311|1440|1634|2258|2274|2335|2346|2697|3383|3397|3481|3576|3725|3855|4288|4760|5076|5111|5629|6513|6660|6662|7070|7113|8549|9021|9235|9314|27111|50674|54101|57126|64321|124935,AFP|ALK|ANGPT2|BMP2|CA9|CBS|ADGRE5|CDKN2A|CEACAM7|COL1A1|COL6A3|COMP|CSF3|DCN|FGF13|FHL2|FN1|FOLH1|GJA1|ICAM1|ID1|IGF2|CXCL8|JUN|KRT7|MKI67|NEUROD1|PAX2|PCNA|PROX1|SLC2A1|SOX5|SOX9|THY1|TMPRSS2|LGR5|SOCS3|IL32|KLF4|SDCBP2|NEUROG3|RIPK4|CD177|SOX17|SLC43A2,-7.7,MyList
DisGeNET,35,C0205699,Carcinomatosis,,-10,4.8,8.8,30293,186,851,25,2.9,0.58,111|301|307|972|1440|2180|2335|3561|3852|4023|5045|6277|6352|6662|7291|8673|9540|9615|9902|10653|11259|51129|51599|57007|140738,ADCY5|ANXA1|ANXA4|CD74|CSF3|ACSL1|FN1|IL2RG|KRT5|LPL|FURIN|S100A6|CCL5|SOX9|TWIST1|VAMP8|TP53I3|GDA|MRC2|SPINT2|FILIP1L|ANGPTL4|LSR|ACKR3|TMEM37,-7.7,MyList
DisGeNET,35,C0334579,Anaplastic astrocytoma,,-9.9,4.6,8.7,30293,202,851,26,3.1,0.59,133|429|972|976|1029|1030|1277|1410|1641|1999|2041|2173|2346|3488|3576|4194|4288|5111|5629|6506|7448|9314|10215|10397|10630|10653,ADM|ASCL1|CD74|ADGRE5|CDKN2A|CDKN2B|COL1A1|CRYAB|DCX|ELF3|EPHA1|FABP7|FOLH1|IGFBP5|CXCL8|MDM4|MKI67|PCNA|PROX1|SLC1A2|VTN|KLF4|OLIG2|NDRG1|PDPN|SPINT2,-7.6,MyList
Transcription Factor Targets,16,M15061,HAND1E47 01,,-9.9,3.9,8.3,30293,284,851,31,3.6,0.64,286|862|1641|1749|1993|1996|2039|2051|3037|4023|4622|4661|6281|6660|7029|8553|9211|10586|11189|11255|23023|29942|51617|54798|55885|63973|64641|124842|167410|196500|203447,ANK1|RUNX1T1|DCX|DLX5|ELAVL2|ELAVL4|DMTN|EPHB6|HAS2|LPL|MYH4|MYT1|S100A10|SOX5|TFDP2|BHLHE40|LGI1|MAB21L2|CELF3|HRH3|TMCC1|PURG|NSG2|DCHS2|LMO3|NEUROG2|EBF2|TMEM132E|LIX1|PIANP|NRK,-7.6,MyList
Transcription Factor Targets,16,M6093,TAAYNRNNTCC UNKNOWN,,-9.8,4.9,8.8,30293,174,851,24,2.8,0.57,1012|1440|2556|2596|2823|3227|3236|4622|5045|5339|6616|7021|8482|8929|9719|11082|11343|54674|55885|57530|84107|114798|220382|255743,CDH13|CSF3|GABRA3|GAP43|GPM6A|HOXC11|HOXD10|MYH4|FURIN|PLEC|SNAP25|TFAP2B|SEMA7A|PHOX2B|ADAMTSL2|ESM1|MGLL|LRRN3|LMO3|CGN|ZIC4|SLITRK1|FAM181B|NPNT,-7.6,MyList
DisGeNET,35,C4704874,"Mammary Carcinoma, Human",,-9.8,2.9,7.8,30293,545,851,45,5.3,0.77,174|238|650|972|1029|1063|1294|1440|1649|1910|1942|2114|2173|2255|2274|2335|2353|2697|2852|2877|2886|2920|3219|3488|3576|3725|3852|3993|4118|4194|4288|6364|6513|6926|7020|7025|7295|7424|9123|9590|10397|22943|51129|57561|94234,AFP|ALK|BMP2|CD74|CDKN2A|CENPF|COL7A1|CSF3|DDIT3|EDNRB|EFNA1|ETS2|FABP7|FGF10|FHL2|FN1|FOS|GJA1|GPER1|GPX2|GRB7|CXCL2|HOXB9|IGFBP5|CXCL8|JUN|KRT5|LLGL2|MAL|MDM4|MKI67|CCL20|SLC2A1|TBX3|TFAP2A|NR2F1|TXN|VEGFC|SLC16A3|AKAP12|NDRG1|DKK1|ANGPTL4|ARRDC3|FOXQ1,-7.5,MyList
DisGeNET,35,C3203102,Idiopathic pulmonary arterial hypertension,,-9.8,2.6,7.5,30293,776,851,56,6.6,0.85,117|285|290|633|634|650|655|768|823|846|861|961|1026|1029|1277|1361|1440|1910|1942|2034|2041|2042|2273|2353|2355|2697|3037|3123|3339|3383|3397|3552|3576|3741|5196|5209|5327|6352|6546|7056|7070|7291|7295|9021|9314|9518|22915|27035|50506|57126|64065|64321|80150|84913|166012|284119,ADCYAP1R1|ANGPT2|ANPEP|BGN|CEACAM1|BMP2|BMP7|CA9|CAPN1|CASR|RUNX1|CD47|CDKN1A|CDKN2A|COL1A1|CPB2|CSF3|EDNRB|EFNA1|EPAS1|EPHA1|EPHA3|FHL1|FOS|FOSL2|GJA1|HAS2|HLA-DRB1|HSPG2|ICAM1|ID1|IL1A|CXCL8|KCNA5|PF4|PFKFB3|PLAT|CCL5|SLC8A1|THBD|THY1|TWIST1|TXN|SOCS3|KLF4|GDF15|MMRN1|NOX1|DUOX2|CD177|PERP|SOX17|ASRGL1|ATOH8|CHST13|CAVIN1,-7.5,MyList
DisGeNET,35,C1333064,Classical Hodgkin's Lymphoma,,-9.8,3.9,8.3,30293,285,851,31,3.6,0.64,238|345|567|602|768|961|1026|1029|1052|1822|1879|2353|2624|3123|3725|3726|4023|4118|4821|5111|6352|6493|6616|6850|7128|7295|9021|9123|9314|51083|51477,ALK|APOC3|B2M|BCL3|CA9|CD47|CDKN1A|CDKN2A|CEBPD|ATN1|EBF1|FOS|GATA2|HLA-DRB1|JUN|JUNB|LPL|MAL|NKX2-2|PCNA|CCL5|SIM2|SNAP25|SYK|TNFAIP3|TXN|SOCS3|SLC16A3|KLF4|GAL|ISYNA1,-7.5,MyList
DisGeNET,35,C1334953,Neuroblastic tumors,,-9.8,7.8,9.9,30293,73,851,16,1.9,0.47,238|846|1063|1641|3642|4684|4914|5111|7448|8788|8929|10630|11075|11186|51083|57007,ALK|CASR|CENPF|DCX|INSM1|NCAM1|NTRK1|PCNA|VTN|DLK1|PHOX2B|PDPN|STMN2|RASSF1|GAL|ACKR3,-7.5,MyList
Cell Type Signatures,7,M39040,FAN EMBRYONIC CTX BRAIN ENDOTHELIAL 2,,-9.8,3.8,8.2,30293,303,851,32,3.8,0.65,290|633|928|1009|1281|1634|1879|1889|1893|2034|2307|2335|2701|2791|2852|2913|3676|6320|7025|7070|7545|9060|9590|11343|26509|30846|51129|51477|54997|55890|57124|196740,ANPEP|BGN|CD9|CDH11|COL3A1|DCN|EBF1|ECE1|ECM1|EPAS1|FOXS1|FN1|GJA4|GNG11|GPER1|GRM3|ITGA4|CLEC11A|NR2F1|THY1|ZIC1|PAPSS2|AKAP12|MGLL|MYOF|EHD2|ANGPTL4|ISYNA1|TESC|GPRC5C|CD248|VSTM4,-7.5,MyList
DisGeNET,35,C0940937,precancerous lesions,,-9.7,4,8.3,30293,270,851,30,3.5,0.63,634|1026|1029|1044|1045|1137|1440|1893|2697|3123|3236|3339|3383|3481|3552|3576|3676|3853|4118|5111|5396|8434|8549|10630|11148|11322|23135|23213|56287|57575,CEACAM1|CDKN1A|CDKN2A|CDX1|CDX2|CHRNA4|CSF3|ECM1|GJA1|HLA-DRB1|HOXD10|HSPG2|ICAM1|IGF2|IL1A|CXCL8|ITGA4|KRT6A|MAL|PCNA|PRRX1|RECK|LGR5|PDPN|HHLA2|TMC6|KDM6B|SULF1|GKN1|PCDH10,-7.5,MyList
DisGeNET,35,C3495559,Juvenile arthritis,,-9.7,3.2,7.9,30293,450,851,40,4.7,0.73,311|694|846|1311|1421|1440|1647|1649|1822|2353|2355|2524|2791|3119|3123|3127|3383|3552|3576|3725|3772|4684|4973|6288|6348|6352|6364|6515|7128|7291|7429|8792|9235|9314|10826|23043|23541|54210|85407|150094,ANXA11|BTG1|CASR|COMP|CRYGD|CSF3|GADD45A|DDIT3|ATN1|FOS|FOSL2|FUT2|GNG11|HLA-DQB1|HLA-DRB1|HLA-DRB5|ICAM1|IL1A|CXCL8|JUN|KCNJ15|NCAM1|OLR1|SAA1|CCL3|CCL5|CCL20|SLC2A3|TNFAIP3|TWIST1|VIL1|TNFRSF11A|IL32|KLF4|FAXDC2|TNIK|SEC14L2|TREM1|NKD1|SIK1,-7.5,MyList
Cell Type Signatures,7,M40305,DESCARTES FETAL STOMACH ENS NEURONS,,-9.7,7.7,9.8,30293,74,851,16,1.9,0.47,117|1136|1496|1641|1804|1995|1996|2596|10439|11075|23316|56884|60482|65217|85300|340543,ADCYAP1R1|CHRNA3|CTNNA2|DCX|DPP6|ELAVL3|ELAVL4|GAP43|OLFM1|STMN2|CUX2|FSTL5|SLC5A7|PCDH15|ATCAY|TCEAL5,-7.5,MyList
DisGeNET,35,C0002893,Refractory anemias,,-9.7,3.6,8.1,30293,340,851,34,4,0.67,174|650|718|861|1029|1030|1294|1356|1421|1440|1822|2034|2273|2353|2624|2697|3123|3397|3488|3552|3576|3725|3726|3852|5284|6376|7025|8792|9235|9518|54210|64220|80150|132625,AFP|BMP2|C3|RUNX1|CDKN2A|CDKN2B|COL7A1|CP|CRYGD|CSF3|ATN1|EPAS1|FHL1|FOS|GATA2|GJA1|HLA-DRB1|ID1|IGFBP5|IL1A|CXCL8|JUN|JUNB|KRT5|PIGR|CX3CL1|NR2F1|TNFRSF11A|IL32|GDF15|TREM1|STRA6|ASRGL1|ZFP42,-7.4,MyList
Cell Type Signatures,7,M39261,HU FETAL RETINA AMACRINE,,-9.7,8.3,10,30293,64,851,15,1.8,0.45,862|2823|4826|5080|6096|6328|7020|7021|9378|11075|29106|51617|79750|85397|120114,RUNX1T1|GPM6A|NNAT|PAX6|RORB|SCN3A|TFAP2A|TFAP2B|NRXN1|STMN2|SCG3|NSG2|ZNF385D|RGS8|FAT3,-7.4,MyList
DisGeNET,35,C0001339,Acute pancreatitis,,-9.6,3.2,7.8,30293,435,851,39,4.6,0.72,285|345|602|823|846|875|1361|1440|1491|1649|2169|2335|2524|2920|3383|3552|3576|3852|4023|5644|5645|6348|6376|6513|6616|6662|6690|7128|9021|9518|10439|30001|51083|51477|54210|79924|80150|148022|338382,ANGPT2|APOC3|BCL3|CAPN1|CASR|CBS|CPB2|CSF3|CTH|DDIT3|FABP2|FN1|FUT2|CXCL2|ICAM1|IL1A|CXCL8|KRT5|LPL|PRSS1|PRSS2|CCL3|CX3CL1|SLC2A1|SNAP25|SOX9|SPINK1|TNFAIP3|SOCS3|GDF15|OLFM1|ERO1A|GAL|ISYNA1|TREM1|ADM2|ASRGL1|TICAM1|RAB7B,-7.4,MyList
Cell Type Signatures,7,M41676,TRAVAGLINI LUNG ALVEOLAR FIBROBLAST CELL,,-9.6,5,8.7,30293,164,851,23,2.7,0.56,2|301|837|1009|1012|1293|1295|2273|2335|3383|3801|4118|5272|6303|7424|8660|9902|10653|50848|54674|55450|140738|255743,A2M|ANXA1|CASP4|CDH11|CDH13|COL6A3|COL8A1|FHL1|FN1|ICAM1|KIFC3|MAL|SERPINB9|SAT1|VEGFC|IRS2|MRC2|SPINT2|F11R|LRRN3|CAMK2N1|TMEM37|NPNT,-7.4,MyList
Transcription Factor Targets,16,M17712,WGTTNNNNNAAA UNKNOWN,,-9.6,2.9,7.6,30293,554,851,45,5.3,0.77,238|460|577|744|862|1026|1051|1462|1634|2114|2258|2353|2556|2624|3227|3236|4684|5080|5099|5122|5155|5521|6281|7020|7021|7101|7401|8929|9211|9951|10586|23440|23768|26257|27328|55885|63976|64641|84631|84913|84969|89932|169044|196264|203447,ALK|ASTN1|ADGRB3|MPPED2|RUNX1T1|CDKN1A|CEBPB|VCAN|DCN|ETS2|FGF13|FOS|GABRA3|GATA2|HOXC11|HOXD10|NCAM1|PAX6|PCDH7|PCSK1|PDGFB|PPP2R2B|S100A10|TFAP2A|TFAP2B|NR2E1|CLRN1|PHOX2B|LGI1|HS3ST4|MAB21L2|OTP|FLRT2|NKX2-8|PCDH11X|LMO3|PRDM16|EBF2|SLITRK2|ATOH8|TOX2|PAPLN|COL22A1|MPZL3|NRK,-7.3,MyList
Transcription Factor Targets,16,M19101,MMEF2 Q6,,-9.6,3.9,8.2,30293,274,851,30,3.5,0.63,577|823|862|1463|1993|1996|2258|3037|3226|3726|5396|5521|6496|6578|6658|6660|7025|7029|7277|8403|8553|10150|10586|22943|27164|27319|54674|55466|55885|167826,ADGRB3|CAPN1|RUNX1T1|NCAN|ELAVL2|ELAVL4|FGF13|HAS2|HOXC10|JUNB|PRRX1|PPP2R2B|SIX3|SLCO2A1|SOX3|SOX5|NR2F1|TFDP2|TUBA4A|SOX14|BHLHE40|MBNL2|MAB21L2|DKK1|SALL3|BHLHE22|LRRN3|DNAJA4|LMO3|OLIG3,-7.3,MyList
DisGeNET,35,C0017152,Gastritis,,-9.5,3.8,8.1,30293,292,851,31,3.6,0.64,174|301|1029|1044|1045|1822|2353|2512|2524|3123|3383|3552|3576|3589|3725|3726|4055|4319|6352|6364|6662|7031|7295|8549|9021|9235|27035|50506|54498|56287|57126,AFP|ANXA1|CDKN2A|CDX1|CDX2|ATN1|FOS|FTL|FUT2|HLA-DRB1|ICAM1|IL1A|CXCL8|IL11|JUN|JUNB|LTBR|MMP10|CCL5|CCL20|SOX9|TFF1|TXN|LGR5|SOCS3|IL32|NOX1|DUOX2|SMOX|GKN1|CD177,-7.3,MyList
Transcription Factor Targets,16,M9638,OCT1 Q5 01,,-9.5,3.9,8.2,30293,275,851,30,3.5,0.63,238|744|1045|1440|1879|2259|2290|2823|3213|3222|3227|4023|4762|5080|5100|5396|5456|5521|6928|7401|8929|9378|10586|23023|27328|51199|55117|55885|56884|256536,ALK|MPPED2|CDX2|CSF3|EBF1|FGF14|FOXG1|GPM6A|HOXB3|HOXC5|HOXC11|LPL|NEUROG1|PAX6|PCDH8|PRRX1|POU3F4|PPP2R2B|HNF1B|CLRN1|PHOX2B|NRXN1|MAB21L2|TMCC1|PCDH11X|NIN|SLC6A15|LMO3|FSTL5|TCERG1L,-7.3,MyList
Transcription Factor Targets,16,M7038,GR Q6,,-9.5,3.9,8.2,30293,275,851,30,3.5,0.63,577|1026|1747|1993|1996|2258|3236|3642|3741|4155|4622|4684|4826|5076|5100|5396|5521|6572|7025|8190|8553|9245|9547|10163|26257|51267|54798|55885|58158|140679,ADGRB3|CDKN1A|DLX3|ELAVL2|ELAVL4|FGF13|HOXD10|INSM1|KCNA5|MBP|MYH4|NCAM1|NNAT|PAX2|PCDH8|PRRX1|PPP2R2B|SLC18A3|NR2F1|MIA|BHLHE40|GCNT3|CXCL14|WASF2|NKX2-8|CLEC1A|DCHS2|LMO3|NEUROD4|SLC32A1,-7.3,MyList
DisGeNET,35,C1969372,Tubulointerstitial fibrosis,,-9.5,3.6,8,30293,327,851,33,3.9,0.66,133|285|567|633|650|655|718|875|1026|1051|1277|1993|2274|2335|2530|3383|3552|3576|4036|5076|5327|5396|5800|6320|6352|6385|6928|7045|7295|7424|9021|22915|203447,ADM|ANGPT2|B2M|BGN|BMP2|BMP7|C3|CBS|CDKN1A|CEBPB|COL1A1|ELAVL2|FHL2|FN1|FUT8|ICAM1|IL1A|CXCL8|LRP2|PAX2|PLAT|PRRX1|PTPRO|CLEC11A|CCL5|SDC4|HNF1B|TGFBI|TXN|VEGFC|SOCS3|MMRN1|NRK,-7.3,MyList
DisGeNET,35,C0376618,Endotoxemia,,-9.5,3.3,7.8,30293,401,851,37,4.3,0.7,133|238|285|1137|2243|2353|2697|2920|3037|3383|3488|3552|3576|3725|3726|4155|4661|4914|5106|5122|5126|5142|5209|6352|6376|6572|7056|9021|9235|9290|22915|27035|51477|54210|54541|57007|64321,ADM|ALK|ANGPT2|CHRNA4|FGA|FOS|GJA1|CXCL2|HAS2|ICAM1|IGFBP5|IL1A|CXCL8|JUN|JUNB|MBP|MYT1|NTRK1|PCK2|PCSK1|PCSK2|PDE4B|PFKFB3|CCL5|CX3CL1|SLC18A3|THBD|SOCS3|IL32|GPR55|MMRN1|NOX1|ISYNA1|TREM1|DDIT4|ACKR3|SOX17,-7.3,MyList
DisGeNET,35,C0345967,Malignant mesothelioma,,-9.5,3.2,7.8,30293,420,851,38,4.5,0.71,238|307|650|718|768|1026|1029|1030|1440|2041|2335|2521|2697|3383|3552|3576|3598|3725|4194|4804|5155|6320|6348|6352|6513|6850|7029|7056|7295|7424|7869|9180|9235|10630|11186|11187|22943|51083,ALK|ANXA4|BMP2|C3|CA9|CDKN1A|CDKN2A|CDKN2B|CSF3|EPHA1|FN1|FUS|GJA1|ICAM1|IL1A|CXCL8|IL13RA2|JUN|MDM4|NGFR|PDGFB|CLEC11A|CCL3|CCL5|SLC2A1|SYK|TFDP2|THBD|TXN|VEGFC|SEMA3B|OSMR|IL32|PDPN|RASSF1|PKP3|DKK1|GAL,-7.3,MyList
Transcription Factor Targets,16,M17000,CP2 01,,-9.5,4,8.2,30293,260,851,29,3.4,0.62,768|1051|1277|1993|3219|3222|3589|3982|4062|4188|4826|5080|5339|5521|6547|7546|11082|25975|26050|51286|54498|54541|55057|63874|64220|79977|85397|124930|653145,CA9|CEBPB|COL1A1|ELAVL2|HOXB9|HOXC5|IL11|LIM2|LY6H|MDFI|NNAT|PAX6|PLEC|PPP2R2B|SLC8A3|ZIC2|ESM1|EGFL6|SLITRK5|CEND1|SMOX|DDIT4|CRYBG2|ABHD4|STRA6|GRHL2|RGS8|ANKRD13B|ANXA8,-7.2,MyList
Transcription Factor Targets,16,M1224,TCF4 Q5,,-9.5,4.1,8.2,30293,244,851,28,3.3,0.61,655|1044|2255|2877|3037|3227|3694|4622|5099|5100|5396|5629|6660|7029|7545|8403|8906|9543|22943|26257|29106|57530|58158|64641|84107|85407|153769|256536,BMP7|CDX1|FGF10|GPX2|HAS2|HOXC11|ITGB6|MYH4|PCDH7|PCDH8|PRRX1|PROX1|SOX5|TFDP2|ZIC1|SOX14|AP1G2|IGDCC3|DKK1|NKX2-8|SCG3|CGN|NEUROD4|EBF2|ZIC4|NKD1|SH3RF2|TCERG1L,-7.2,MyList
Transcription Factor Targets,16,M4815,WTTGKCTG UNKNOWN,,-9.5,2.9,7.6,30293,519,851,43,5.1,0.75,862|972|1026|1277|1462|1747|1879|1995|1996|2258|3037|3918|4188|4661|4684|4804|4825|5076|5111|5456|5521|7546|8929|9378|9423|10675|10814|27289|54498|55885|56896|81794|85300|85407|85508|116448|122953|147906|284119|286204|338917|375704|387597,RUNX1T1|CD74|CDKN1A|COL1A1|VCAN|DLX3|EBF1|ELAVL3|ELAVL4|FGF13|HAS2|LAMC2|MDFI|MYT1|NCAM1|NGFR|NKX6-1|PAX2|PCNA|POU3F4|PPP2R2B|ZIC2|PHOX2B|NRXN1|NTN1|CSPG5|CPLX2|RND1|SMOX|LMO3|DPYSL5|ADAMTS10|ATCAY|NKD1|SCRT2|OLIG1|JDP2|DACT3|CAVIN1|CRB2|VSX2|ENHO|ILDR2,-7.2,MyList
DisGeNET,35,C0025500,Mesothelioma,,-9.4,2.9,7.6,30293,560,851,45,5.3,0.77,133|238|285|307|650|768|846|972|1026|1029|1030|1087|1462|1641|2114|2697|2852|2934|3219|3383|3481|3552|3576|3598|3852|4194|4288|5111|5155|5327|6513|6850|7045|7070|7295|7424|9021|10630|11186|22943|23541|51617|57007|79026|164312,ADM|ALK|ANGPT2|ANXA4|BMP2|CA9|CASR|CD74|CDKN1A|CDKN2A|CDKN2B|CEACAM7|VCAN|DCX|ETS2|GJA1|GPER1|GSN|HOXB9|ICAM1|IGF2|IL1A|CXCL8|IL13RA2|KRT5|MDM4|MKI67|PCNA|PDGFB|PLAT|SLC2A1|SYK|TGFBI|THY1|TXN|VEGFC|SOCS3|PDPN|RASSF1|DKK1|SEC14L2|NSG2|ACKR3|AHNAK|LRRN4,-7.2,MyList
Transcription Factor Targets,16,M15010,WHN B,,-9.4,4,8.2,30293,261,851,29,3.4,0.62,238|1288|1770|1879|1995|3219|3227|3642|3725|3726|4821|5099|5456|5992|6658|6860|6926|7101|8553|26050|27111|50674|51199|55885|56884|124930|150094|170685|203447,ALK|COL4A6|DNAH9|EBF1|ELAVL3|HOXB9|HOXC11|INSM1|JUN|JUNB|NKX2-2|PCDH7|POU3F4|RFX4|SOX3|SYT4|TBX3|NR2E1|BHLHE40|SLITRK5|SDCBP2|NEUROG3|NIN|LMO3|FSTL5|ANKRD13B|SIK1|NUDT10|NRK,-7.2,MyList
DisGeNET,35,C0010823,Cytomegalovirus Infections,,-9.4,3.1,7.7,30293,462,851,40,4.7,0.73,290|567|928|1050|1152|1440|1649|1759|2335|2353|2521|2624|2697|3123|3339|3383|3552|3576|3589|3725|3726|4023|4036|4194|4684|5272|6288|6348|6352|6376|6496|6850|6886|7058|7070|8792|9021|9518|22915|57007,ANPEP|B2M|CD9|CEBPA|CKB|CSF3|DDIT3|DNM1|FN1|FOS|FUS|GATA2|GJA1|HLA-DRB1|HSPG2|ICAM1|IL1A|CXCL8|IL11|JUN|JUNB|LPL|LRP2|MDM4|NCAM1|SERPINB9|SAA1|CCL3|CCL5|CX3CL1|SIX3|SYK|TAL1|THBS2|THY1|TNFRSF11A|SOCS3|GDF15|MMRN1|ACKR3,-7.2,MyList
Transcription Factor Targets,16,M6517,AAAYWAACM HFH4 01,,-9.4,3.9,8.1,30293,262,851,29,3.4,0.62,285|655|1942|2258|2886|2899|3642|4684|6656|6658|6926|7547|9068|9181|9211|9423|10397|10418|10586|11343|29106|51617|54549|54715|84631|84913|85407|130132|203447,ANGPT2|BMP7|EFNA1|FGF13|GRB7|GRIK3|INSM1|NCAM1|SOX1|SOX3|TBX3|ZIC3|ANGPTL1|ARHGEF2|LGI1|NTN1|NDRG1|SPON1|MAB21L2|MGLL|SCG3|NSG2|SDK2|RBFOX1|SLITRK2|ATOH8|NKD1|RFTN2|NRK,-7.2,MyList
DisGeNET,35,C0030305,Pancreatitis,,-9.4,3,7.6,30293,502,851,42,4.9,0.74,2|345|718|846|875|976|1026|1029|1301|2034|2243|2266|2335|2353|3119|3123|3383|3576|3852|4023|4681|4914|5644|5645|6303|6352|6616|6662|6690|7058|8673|9021|9056|9914|10630|11186|23213|54210|64399|80150|148022|284119,A2M|APOC3|C3|CASR|CBS|ADGRE5|CDKN1A|CDKN2A|COL11A1|EPAS1|FGA|FGG|FN1|FOS|HLA-DQB1|HLA-DRB1|ICAM1|CXCL8|KRT5|LPL|NBL1|NTRK1|PRSS1|PRSS2|SAT1|CCL5|SNAP25|SOX9|SPINK1|THBS2|VAMP8|SOCS3|SLC7A7|ATP2C2|PDPN|RASSF1|SULF1|TREM1|HHIP|ASRGL1|TICAM1|CAVIN1,-7.2,MyList
Transcription Factor Targets,16,M7737,CDPCR3 01,,-9.4,8.7,9.9,30293,57,851,14,1.6,0.44,1749|2255|2290|4661|5063|5456|6496|7545|9423|11030|27023|54101|80736|84107,DLX5|FGF10|FOXG1|MYT1|PAK3|POU3F4|SIX3|ZIC1|NTN1|RBPMS|FOXB1|RIPK4|SLC44A4|ZIC4,-7.2,MyList
DisGeNET,35,C0278595,Adult Fibrosarcoma,,-9.4,3.3,7.8,30293,387,851,36,4.2,0.69,290|633|976|1026|1029|1277|1649|2042|2335|2353|2521|2697|3339|3383|3481|3552|3576|3725|3726|4194|4288|4760|4916|5155|5327|5880|6352|6926|7101|7295|7424|7448|9068|9547|9590|51083,ANPEP|BGN|ADGRE5|CDKN1A|CDKN2A|COL1A1|DDIT3|EPHA3|FN1|FOS|FUS|GJA1|HSPG2|ICAM1|IGF2|IL1A|CXCL8|JUN|JUNB|MDM4|MKI67|NEUROD1|NTRK3|PDGFB|PLAT|RAC2|CCL5|TBX3|NR2E1|TXN|VEGFC|VTN|ANGPTL1|CXCL14|AKAP12|GAL,-7.2,MyList
DisGeNET,35,C0740391,Middle Cerebral Artery Occlusion,,-9.4,2.7,7.4,30293,626,851,48,5.6,0.79,133|285|290|301|655|718|875|1410|1440|1641|2353|2596|2697|2852|2920|3383|3481|3552|3589|3726|3776|3918|4155|4288|4684|5080|5111|5122|5327|6348|6376|6506|6513|6515|6546|6547|6662|7122|7295|7448|8831|9423|9518|11343|23541|27319|51083|54498,ADM|ANGPT2|ANPEP|ANXA1|BMP7|C3|CBS|CRYAB|CSF3|DCX|FOS|GAP43|GJA1|GPER1|CXCL2|ICAM1|IGF2|IL1A|IL11|JUNB|KCNK2|LAMC2|MBP|MKI67|NCAM1|PAX6|PCNA|PCSK1|PLAT|CCL3|CX3CL1|SLC1A2|SLC2A1|SLC2A3|SLC8A1|SLC8A3|SOX9|CLDN5|TXN|VTN|SYNGAP1|NTN1|GDF15|MGLL|SEC14L2|BHLHE22|GAL|SMOX,-7.1,MyList
Transcription Factor Targets,16,M14626,GFI1 01,,-9.3,3.9,8,30293,265,851,29,3.4,0.62,577|694|1012|1045|1641|1647|1879|1996|3213|3236|4684|5100|6320|6578|6660|6662|7113|7401|7545|7547|9181|23023|23440|26257|55885|57530|64641|84107|196264,ADGRB3|BTG1|CDH13|CDX2|DCX|GADD45A|EBF1|ELAVL4|HOXB3|HOXD10|NCAM1|PCDH8|CLEC11A|SLCO2A1|SOX5|SOX9|TMPRSS2|CLRN1|ZIC1|ZIC3|ARHGEF2|TMCC1|OTP|NKX2-8|LMO3|CGN|EBF2|ZIC4|MPZL3,-7.1,MyList
Cell Type Signatures,7,M41718,FAN OVARY CL16 LYMPHATIC ENDOTHELIAL CELL,,-9.3,4.1,8.2,30293,232,851,27,3.2,0.6,2|133|285|567|928|1052|1942|2335|2353|2697|2791|3487|3725|3726|4071|5480|5629|6277|6281|7122|9314|9590|10630|11098|22915|53827|284119,A2M|ADM|ANGPT2|B2M|CD9|CEBPD|EFNA1|FN1|FOS|GJA1|GNG11|IGFBP4|JUN|JUNB|TM4SF1|PPIC|PROX1|S100A6|S100A10|CLDN5|KLF4|AKAP12|PDPN|PRSS23|MMRN1|FXYD5|CAVIN1,-7.1,MyList
Transcription Factor Targets,16,M11495,LHX3 01,,-9.3,4.1,8.2,30293,232,851,27,3.2,0.6,1641|3037|3726|4036|4825|5126|5396|5521|5800|6096|7020|7401|7429|8929|10512|23213|27133|27164|54715|55885|57575|57616|64399|64641|85397|85508|122953,DCX|HAS2|JUNB|LRP2|NKX6-1|PCSK2|PRRX1|PPP2R2B|PTPRO|RORB|TFAP2A|CLRN1|VIL1|PHOX2B|SEMA3C|SULF1|KCNH5|SALL3|RBFOX1|LMO3|PCDH10|TSHZ3|HHIP|EBF2|RGS8|SCRT2|JDP2,-7.1,MyList
Transcription Factor Targets,16,M574,RSRFC4 01,,-9.3,4,8.1,30293,249,851,28,3.3,0.61,108|577|1295|1463|1749|1996|2045|3037|3780|5800|6547|6660|7025|7058|7291|7401|10150|10586|10725|27123|27328|50944|55466|56937|81849|94015|116372|140679,ADCY2|ADGRB3|COL8A1|NCAN|DLX5|ELAVL4|EPHA7|HAS2|KCNN1|PTPRO|SLC8A3|SOX5|NR2F1|THBS2|TWIST1|CLRN1|MBNL2|MAB21L2|NFAT5|DKK2|PCDH11X|SHANK1|DNAJA4|PMEPA1|ST6GALNAC5|TTYH2|LYPD1|SLC32A1,-7.1,MyList
DisGeNET,35,C2347747,Adult Classical Hodgkin Lymphoma,,-9.2,4.1,8.1,30293,233,851,27,3.2,0.6,238|567|602|768|961|1026|1029|1052|1822|1879|2353|2624|3123|3725|3726|4118|4821|5111|6352|6493|6616|6850|7128|7295|9021|9123|51083,ALK|B2M|BCL3|CA9|CD47|CDKN1A|CDKN2A|CEBPD|ATN1|EBF1|FOS|GATA2|HLA-DRB1|JUN|JUNB|MAL|NKX2-2|PCNA|CCL5|SIM2|SNAP25|SYK|TNFAIP3|TXN|SOCS3|SLC16A3|GAL,-7,MyList
DisGeNET,35,C0036220,Kaposi Sarcoma,,-9.2,3,7.5,30293,488,851,41,4.8,0.73,285|290|1026|1029|1050|1051|1634|1822|1910|2034|2041|2045|2521|3123|3383|3397|3481|3552|3576|4288|4762|4914|5076|5111|5629|6352|6364|7128|7424|7546|8482|9235|9641|10397|10630|23657|51129|54997|55612|55655|57007,ANGPT2|ANPEP|CDKN1A|CDKN2A|CEBPA|CEBPB|DCN|ATN1|EDNRB|EPAS1|EPHA1|EPHA7|FUS|HLA-DRB1|ICAM1|ID1|IGF2|IL1A|CXCL8|MKI67|NEUROG1|NTRK1|PAX2|PCNA|PROX1|CCL5|CCL20|TNFAIP3|VEGFC|ZIC2|SEMA7A|IL32|IKBKE|NDRG1|PDPN|SLC7A11|ANGPTL4|TESC|FERMT1|NLRP2|ACKR3,-7,MyList
DisGeNET,35,C0220650,Metastatic malignant neoplasm to brain,,-9.2,3.3,7.7,30293,392,851,36,4.2,0.69,174|238|285|301|846|972|1029|1087|1641|1855|1993|2173|2346|2596|2697|3037|3339|3576|3918|4804|4914|5099|5629|6515|7122|7538|9314|9423|11186|51129|57007|63967|81849|116372|150094|166824,AFP|ALK|ANGPT2|ANXA1|CASR|CD74|CDKN2A|CEACAM7|DCX|DVL1|ELAVL2|FABP7|FOLH1|GAP43|GJA1|HAS2|HSPG2|CXCL8|LAMC2|NGFR|NTRK1|PCDH7|PROX1|SLC2A3|CLDN5|ZFP36|KLF4|NTN1|RASSF1|ANGPTL4|ACKR3|CLSPN|ST6GALNAC5|LYPD1|SIK1|RASSF6,-7,MyList
Cell Type Signatures,7,M40201,DESCARTES FETAL HEART SATB2 LRRC7 POSITIVE CELLS,,-9.2,5.8,8.9,30293,116,851,19,2.2,0.51,107|1463|2173|2290|2913|4753|4760|6096|6456|9543|9951|27319|27328|55502|55816|55885|59283|85508|120114,ADCY1|NCAN|FABP7|FOXG1|GRM3|NELL2|NEUROD1|RORB|SH3GL2|IGDCC3|HS3ST4|BHLHE22|PCDH11X|HES6|DOK5|LMO3|CACNG8|SCRT2|FAT3,-7,MyList
Transcription Factor Targets,16,M10704,NKX25 02,,-9.2,3.9,8,30293,267,851,29,3.4,0.62,1641|1749|1993|2255|2697|3037|3222|3624|4036|4753|4762|5076|5396|9378|9547|10150|10586|23213|23440|23768|27133|55117|55885|57561|64399|79962|80352|90665|122953,DCX|DLX5|ELAVL2|FGF10|GJA1|HAS2|HOXC5|INHBA|LRP2|NELL2|NEUROG1|PAX2|PRRX1|NRXN1|CXCL14|MBNL2|MAB21L2|SULF1|OTP|FLRT2|KCNH5|SLC6A15|LMO3|ARRDC3|HHIP|DNAJC22|RNF39|TBL1Y|JDP2,-7,MyList
DisGeNET,35,C0850666,Infection caused by Helicobacter pylori,,-9.2,3.5,7.8,30293,337,851,33,3.9,0.66,273|307|633|650|1029|1045|1822|2273|2353|2524|2624|2701|3119|3123|3383|3552|3576|3589|5111|6348|6352|6364|7056|7295|9235|23316|27035|51208|54210|56287|79094|79192|79633,AMPH|ANXA4|BGN|BMP2|CDKN2A|CDX2|ATN1|FHL1|FOS|FUT2|GATA2|GJA4|HLA-DQB1|HLA-DRB1|ICAM1|IL1A|CXCL8|IL11|PCNA|CCL3|CCL5|CCL20|THBD|TXN|IL32|CUX2|NOX1|CLDN18|TREM1|GKN1|CHAC1|IRX1|FAT4,-7,MyList
DisGeNET,35,C0011265,Presenile dementia,,-9.2,2.6,7.3,30293,718,851,52,6.1,0.82,2|238|301|345|862|875|1026|1051|1087|1137|1356|1421|1440|1804|1822|1889|1999|2041|2335|2346|2521|2596|3127|3339|3383|3481|3552|3918|4023|4036|4194|5354|5521|6348|6376|6506|6572|6616|7122|8553|8722|9518|10163|10194|10418|10439|23541|27328|51142|57007|64399|252995,A2M|ALK|ANXA1|APOC3|RUNX1T1|CBS|CDKN1A|CEBPB|CEACAM7|CHRNA4|CP|CRYGD|CSF3|DPP6|ATN1|ECE1|ELF3|EPHA1|FN1|FOLH1|FUS|GAP43|HLA-DRB5|HSPG2|ICAM1|IGF2|IL1A|LAMC2|LPL|LRP2|MDM4|PLP1|PPP2R2B|CCL3|CX3CL1|SLC1A2|SLC18A3|SNAP25|CLDN5|BHLHE40|CTSF|GDF15|WASF2|TSHZ1|SPON1|OLFM1|SEC14L2|PCDH11X|CHCHD2|ACKR3|HHIP|FNDC5,-7,MyList
DisGeNET,35,C0205697,"Carcinoma, Spindle-Cell",,-9.2,4.2,8.2,30293,218,851,26,3.1,0.59,111|238|301|307|961|1029|1440|2180|2335|3852|3855|4023|4914|5045|6277|6662|8673|9181|9540|9615|9902|10653|51129|51599|57007|140738,ADCY5|ALK|ANXA1|ANXA4|CD47|CDKN2A|CSF3|ACSL1|FN1|KRT5|KRT7|LPL|NTRK1|FURIN|S100A6|SOX9|VAMP8|ARHGEF2|TP53I3|GDA|MRC2|SPINT2|ANGPTL4|LSR|ACKR3|TMEM37,-7,MyList
Transcription Factor Targets,16,M11968,NKX61 01,,-9.2,4.1,8.1,30293,235,851,27,3.2,0.6,285|577|862|2114|2273|3226|3993|4661|4762|5126|5396|5456|6303|6660|7025|7401|8929|9211|10150|23440|27164|54715|55117|55885|84107|84631|170302,ANGPT2|ADGRB3|RUNX1T1|ETS2|FHL1|HOXC10|LLGL2|MYT1|NEUROG1|PCSK2|PRRX1|POU3F4|SAT1|SOX5|NR2F1|CLRN1|PHOX2B|LGI1|MBNL2|OTP|SALL3|RBFOX1|SLC6A15|LMO3|ZIC4|SLITRK2|ARX,-7,MyList
DisGeNET,35,C0032927,Precancerous Conditions,,-9.2,3,7.5,30293,471,851,40,4.7,0.73,307|768|861|1012|1015|1026|1029|1044|1045|1050|1087|1152|1356|1462|1634|1910|2274|2353|2355|3481|3488|3576|3589|5111|5476|6238|6277|6496|6662|6690|7031|7056|7128|7295|9590|11186|11343|23213|64321|653808,ANXA4|CA9|RUNX1|CDH13|CDH17|CDKN1A|CDKN2A|CDX1|CDX2|CEBPA|CEACAM7|CKB|CP|VCAN|DCN|EDNRB|FHL2|FOS|FOSL2|IGF2|IGFBP5|CXCL8|IL11|PCNA|CTSA|RRBP1|S100A6|SIX3|SOX9|SPINK1|TFF1|THBD|TNFAIP3|TXN|AKAP12|RASSF1|MGLL|SULF1|SOX17|ZG16,-7,MyList
Transcription Factor Targets,16,M946,GGATTA PITX2 Q2,,-9.1,2.8,7.4,30293,594,851,46,5.4,0.78,311|694|744|862|1641|1759|2355|3642|3918|3993|4036|4825|5076|5122|5142|5322|5396|5992|6328|6662|7101|8403|8612|8929|9211|10150|11030|11082|23213|23255|23452|26050|27133|55117|55885|56287|57007|57172|58158|64220|84631|84858|124842|167410|169026|170302,ANXA11|BTG1|MPPED2|RUNX1T1|DCX|DNM1|FOSL2|INSM1|LAMC2|LLGL2|LRP2|NKX6-1|PAX2|PCSK1|PDE4B|PLA2G5|PRRX1|RFX4|SCN3A|SOX9|NR2E1|SOX14|PLPP2|PHOX2B|LGI1|MBNL2|RBPMS|ESM1|SULF1|MTCL1|ANGPTL2|SLITRK5|KCNH5|SLC6A15|LMO3|GKN1|ACKR3|CAMK1G|NEUROD4|STRA6|SLITRK2|ZNF503|TMEM132E|LIX1|SLC30A8|ARX,-6.9,MyList
DisGeNET,35,C0155626,Acute myocardial infarction,,-9.1,2.5,7.2,30293,766,851,54,6.3,0.84,133|290|345|655|718|846|1029|1052|1277|1440|1822|1942|1993|2180|2697|2701|2920|3123|3383|3481|3552|3576|3589|3725|3741|4023|4319|4973|5327|6277|6352|6374|6376|6385|6533|6546|7056|7291|7448|9314|9518|9590|10630|11082|11098|11186|22915|23541|25891|51083|54210|57761|79924|375704,ADM|ANPEP|APOC3|BMP7|C3|CASR|CDKN2A|CEBPD|COL1A1|CSF3|ATN1|EFNA1|ELAVL2|ACSL1|GJA1|GJA4|CXCL2|HLA-DRB1|ICAM1|IGF2|IL1A|CXCL8|IL11|JUN|KCNA5|LPL|MMP10|OLR1|PLAT|S100A6|CCL5|CXCL5|CX3CL1|SDC4|SLC6A6|SLC8A1|THBD|TWIST1|VTN|KLF4|GDF15|AKAP12|PDPN|ESM1|PRSS23|RASSF1|MMRN1|SEC14L2|PAMR1|GAL|TREM1|TRIB3|ADM2|ENHO,-6.9,MyList
Transcription Factor Targets,16,M4238,OCT C,,-9.1,3.8,7.9,30293,270,851,29,3.4,0.62,238|1440|1879|2259|2290|2596|2823|3213|3222|3227|4023|4762|5080|5100|5396|5456|6506|6928|7101|7401|7547|8482|9378|10586|23023|55117|55885|56884|84631,ALK|CSF3|EBF1|FGF14|FOXG1|GAP43|GPM6A|HOXB3|HOXC5|HOXC11|LPL|NEUROG1|PAX6|PCDH8|PRRX1|POU3F4|SLC1A2|HNF1B|NR2E1|CLRN1|ZIC3|SEMA7A|NRXN1|MAB21L2|TMCC1|SLC6A15|LMO3|FSTL5|SLITRK2,-6.9,MyList
PaGenBase,36,PGB:00049,Cell-specific: Adipocyte,,-9.1,5.2,8.5,30293,145,851,21,2.5,0.53,133|718|1293|1311|1410|1634|2180|2273|2619|3487|3488|4023|4642|5396|7070|8434|9244|11075|11096|23452|57124,ADM|C3|COL6A3|COMP|CRYAB|DCN|ACSL1|FHL1|GAS1|IGFBP4|IGFBP5|LPL|MYO1D|PRRX1|THY1|RECK|CRLF1|STMN2|ADAMTS5|ANGPTL2|CD248,-6.9,MyList
Transcription Factor Targets,16,M12043,EVI1 05,,-9.1,4.7,8.3,30293,174,851,23,2.7,0.56,862|1410|1996|2169|2846|2913|3213|3236|5992|6660|6928|8403|9211|10150|10761|11343|27164|54715|55885|59277|124935|167410|167826,RUNX1T1|CRYAB|ELAVL4|FABP2|LPAR4|GRM3|HOXB3|HOXD10|RFX4|SOX5|HNF1B|SOX14|LGI1|MBNL2|PLAC1|MGLL|SALL3|RBFOX1|LMO3|NTN4|SLC43A2|LIX1|OLIG3,-6.9,MyList
Cell Type Signatures,7,M40304,DESCARTES FETAL STOMACH STROMAL CELLS,,-9.1,9.3,9.9,30293,50,851,13,1.5,0.42,1277|1281|1293|1634|3624|4188|7291|9068|9547|57124|64641|152573|203447,COL1A1|COL3A1|COL6A3|DCN|INHBA|MDFI|TWIST1|ANGPTL1|CXCL14|CD248|EBF2|SHISA3|NRK,-6.9,MyList
DisGeNET,35,C4551683,Adrenal Gland Pheochromocytoma,,-9.1,3.2,7.6,30293,416,851,37,4.3,0.7,117|133|429|655|768|875|1029|1421|1621|1649|1910|2034|2042|2335|2596|3481|3552|3854|4288|4914|5126|5327|6352|6376|6493|6616|6928|7291|7295|8929|9902|10103|11186|51083|51129|57007|112399,ADCYAP1R1|ADM|ASCL1|BMP7|CA9|CBS|CDKN2A|CRYGD|DBH|DDIT3|EDNRB|EPAS1|EPHA3|FN1|GAP43|IGF2|IL1A|KRT6B|MKI67|NTRK1|PCSK2|PLAT|CCL5|CX3CL1|SIM2|SNAP25|HNF1B|TWIST1|TXN|PHOX2B|MRC2|TSPAN1|RASSF1|GAL|ANGPTL4|ACKR3|EGLN3,-6.9,MyList
DisGeNET,35,C4721579,Secondary malignant neoplasm of colon and/or rectum,,-9.1,3.2,7.6,30293,397,851,36,4.2,0.69,238|285|307|311|567|634|768|1045|1087|1179|1993|3219|3576|3598|4194|4684|4914|6352|6513|6515|7056|7058|7070|7291|7429|7869|8660|9021|9518|10397|11186|22822|23645|56892|57124|84913,ALK|ANGPT2|ANXA4|ANXA11|B2M|CEACAM1|CA9|CDX2|CEACAM7|CLCA1|ELAVL2|HOXB9|CXCL8|IL13RA2|MDM4|NCAM1|NTRK1|CCL5|SLC2A1|SLC2A3|THBD|THBS2|THY1|TWIST1|VIL1|SEMA3B|IRS2|SOCS3|GDF15|NDRG1|RASSF1|PHLDA1|PPP1R15A|TCIM|CD248|ATOH8,-6.9,MyList
Transcription Factor Targets,16,M3799,CIZ 01,,-9.1,3.9,8,30293,254,851,28,3.3,0.61,1281|1749|1993|2259|2913|3213|3219|3222|4684|4821|5099|5155|5354|5396|5992|6547|7545|8929|11082|27328|55885|57007|81849|84107|84631|90665|116372|170302,COL3A1|DLX5|ELAVL2|FGF14|GRM3|HOXB3|HOXB9|HOXC5|NCAM1|NKX2-2|PCDH7|PDGFB|PLP1|PRRX1|RFX4|SLC8A3|ZIC1|PHOX2B|ESM1|PCDH11X|LMO3|ACKR3|ST6GALNAC5|ZIC4|SLITRK2|TBL1Y|LYPD1|ARX,-6.9,MyList
Cell Type Signatures,7,M41750,RUBENSTEIN SKELETAL MUSCLE FBN1 FAP CELLS,,-9,3.7,7.8,30293,289,851,30,3.5,0.63,301|307|311|718|1277|1281|1293|1462|1634|1879|2273|2335|2512|2619|2934|3488|5396|5480|6277|6281|7127|7295|9314|9590|10512|11096|26509|57007|57124|79026,ANXA1|ANXA4|ANXA11|C3|COL1A1|COL3A1|COL6A3|VCAN|DCN|EBF1|FHL1|FN1|FTL|GAS1|GSN|IGFBP5|PRRX1|PPIC|S100A6|S100A10|TNFAIP2|TXN|KLF4|AKAP12|SEMA3C|ADAMTS5|MYOF|ACKR3|CD248|AHNAK,-6.9,MyList
DisGeNET,35,C0010606,Adenoid Cystic Carcinoma,,-9,3.5,7.7,30293,325,851,32,3.8,0.65,1029|1063|1462|2173|2335|2346|2697|3339|3397|3691|3852|3855|4684|4914|4916|5111|5396|5521|5629|6513|6736|7295|7424|8434|9181|11186|23135|27123|27344|51477|57007|346389,CDKN2A|CENPF|VCAN|FABP7|FN1|FOLH1|GJA1|HSPG2|ID1|ITGB4|KRT5|KRT7|NCAM1|NTRK1|NTRK3|PCNA|PRRX1|PPP2R2B|PROX1|SLC2A1|SRY|TXN|VEGFC|RECK|ARHGEF2|RASSF1|KDM6B|DKK2|PCSK1N|ISYNA1|ACKR3|MACC1,-6.8,MyList
Transcription Factor Targets,16,M15591,PIT1 Q6,,-9,4,8,30293,239,851,27,3.2,0.6,744|1993|1996|2045|2258|3213|3219|3624|3726|4762|5076|5080|5456|5521|6328|7291|8482|8906|10150|51617|54101|54891|64399|84631|114798|167826|389206,MPPED2|ELAVL2|ELAVL4|EPHA7|FGF13|HOXB3|HOXB9|INHBA|JUNB|NEUROG1|PAX2|PAX6|POU3F4|PPP2R2B|SCN3A|TWIST1|SEMA7A|AP1G2|MBNL2|NSG2|RIPK4|INO80D|HHIP|SLITRK2|SLITRK1|OLIG3|BEND4,-6.8,MyList
Transcription Factor Targets,16,M6136,HNF3B 01,,-9,4.2,8,30293,223,851,26,3.1,0.59,301|577|862|2258|2290|2530|2823|3037|3397|3624|5456|7029|7404|8403|8906|9068|27023|51617|54798|55466|55885|57616|85407|130132|166824|167826,ANXA1|ADGRB3|RUNX1T1|FGF13|FOXG1|FUT8|GPM6A|HAS2|ID1|INHBA|POU3F4|TFDP2|UTY|SOX14|AP1G2|ANGPTL1|FOXB1|NSG2|DCHS2|DNAJA4|LMO3|TSHZ3|NKD1|RFTN2|RASSF6|OLIG3,-6.8,MyList
DisGeNET,35,C0281361,Adenocarcinoma of pancreas,,-9,2.9,7.4,30293,518,851,42,4.9,0.74,133|174|285|634|961|1026|1029|1030|1045|1087|1301|2168|2335|3119|3383|3397|3552|3576|3691|3918|3960|5644|6376|6513|6662|6690|6928|7448|8190|8660|9423|9518|11122|22915|22943|50506|51129|55655|57007|57402|79026|140453,ADM|AFP|ANGPT2|CEACAM1|CD47|CDKN1A|CDKN2A|CDKN2B|CDX2|CEACAM7|COL11A1|FABP1|FN1|HLA-DQB1|ICAM1|ID1|IL1A|CXCL8|ITGB4|LAMC2|LGALS4|PRSS1|CX3CL1|SLC2A1|SOX9|SPINK1|HNF1B|VTN|MIA|IRS2|NTN1|GDF15|PTPRT|MMRN1|DKK1|DUOX2|ANGPTL4|NLRP2|ACKR3|S100A14|AHNAK|MUC17,-6.8,MyList
DisGeNET,35,C0040517,Gilles de la Tourette syndrome,,-8.9,4.6,8.2,30293,177,851,23,2.7,0.56,119|1045|1137|1295|1621|1804|3123|3552|3576|3918|4036|6328|9378|10215|10439|26050|50848|54997|55885|59277|60482|114798|116448,ADD2|CDX2|CHRNA4|COL8A1|DBH|DPP6|HLA-DRB1|IL1A|CXCL8|LAMC2|LRP2|SCN3A|NRXN1|OLIG2|OLFM1|SLITRK5|F11R|TESC|LMO3|NTN4|SLC5A7|SLITRK1|OLIG1,-6.8,MyList
Transcription Factor Targets,16,M16585,EVI1 04,,-8.9,4,7.9,30293,241,851,27,3.2,0.6,1410|1879|1996|2018|2258|2899|3037|3213|3227|3236|3561|4622|6096|6660|7025|7291|7545|8929|23440|55466|55885|57561|79094|84107|84631|255743|389206,CRYAB|EBF1|ELAVL4|EMX2|FGF13|GRIK3|HAS2|HOXB3|HOXC11|HOXD10|IL2RG|MYH4|RORB|SOX5|NR2F1|TWIST1|ZIC1|PHOX2B|OTP|DNAJA4|LMO3|ARRDC3|CHAC1|ZIC4|SLITRK2|NPNT|BEND4,-6.8,MyList
Cell Type Signatures,7,M41711,FAN OVARY CL9 PUTATIVE APOPTOTIC ENDOTHELIAL CELL,,-8.9,3.3,7.6,30293,365,851,34,4,0.67,2|285|301|567|694|972|1026|1052|1647|1942|2034|2114|2512|2634|2791|2934|3123|3127|3383|4071|6303|6515|7122|7295|9021|10397|10964|11098|23645|53827|54625|57561|64321|79750,A2M|ANGPT2|ANXA1|B2M|BTG1|CD74|CDKN1A|CEBPD|GADD45A|EFNA1|EPAS1|ETS2|FTL|GBP2|GNG11|GSN|HLA-DRB1|HLA-DRB5|ICAM1|TM4SF1|SAT1|SLC2A3|CLDN5|TXN|SOCS3|NDRG1|IFI44L|PRSS23|PPP1R15A|FXYD5|PARP14|ARRDC3|SOX17|ZNF385D,-6.7,MyList
Transcription Factor Targets,16,M9329,SRY 02,,-8.9,3.8,7.8,30293,259,851,28,3.3,0.61,1879|1993|1996|2045|2335|2624|3236|3624|4821|5063|5456|5521|6660|7021|7546|8906|9902|10150|10439|27023|27164|51208|54715|57172|64641|84631|85508|113763,EBF1|ELAVL2|ELAVL4|EPHA7|FN1|GATA2|HOXD10|INHBA|NKX2-2|PAK3|POU3F4|PPP2R2B|SOX5|TFAP2B|ZIC2|AP1G2|MRC2|MBNL2|OLFM1|FOXB1|SALL3|CLDN18|RBFOX1|CAMK1G|EBF2|SLITRK2|SCRT2|ZBED10P,-6.7,MyList
DisGeNET,35,C0025362,Mental Retardation,,-8.8,2.9,7.3,30293,504,851,41,4.8,0.73,301|414|846|861|862|875|1029|1641|1804|2114|2258|2290|2521|3785|3855|4155|4661|4914|5063|5080|5456|6328|6493|6513|6616|6658|6886|6926|7291|8831|9060|9378|10752|54715|54997|55130|64067|64220|80150|170302|340533,ANXA1|ARSD|CASR|RUNX1|RUNX1T1|CBS|CDKN2A|DCX|DPP6|ETS2|FGF13|FOXG1|FUS|KCNQ2|KRT7|MBP|MYT1|NTRK1|PAK3|PAX6|POU3F4|SCN3A|SIM2|SLC2A1|SNAP25|SOX3|TAL1|TBX3|TWIST1|SYNGAP1|PAPSS2|NRXN1|CHL1|RBFOX1|TESC|ODAD2|NPAS3|STRA6|ASRGL1|ARX|NEXMIF,-6.7,MyList
Cell Type Signatures,7,M39121,AIZARANI LIVER C20 LSECS 3,,-8.8,3.6,7.7,30293,295,851,30,3.5,0.63,133|928|1026|2034|2114|2355|3383|4071|6238|6515|6886|7025|7056|8553|9021|9052|9060|9180|9590|10397|11098|11170|23135|23645|51129|56892|57007|64321|84969|284119,ADM|CD9|CDKN1A|EPAS1|ETS2|FOSL2|ICAM1|TM4SF1|RRBP1|SLC2A3|TAL1|NR2F1|THBD|BHLHE40|SOCS3|GPRC5A|PAPSS2|OSMR|AKAP12|NDRG1|PRSS23|FAM107A|KDM6B|PPP1R15A|ANGPTL4|TCIM|ACKR3|SOX17|TOX2|CAVIN1,-6.7,MyList
DisGeNET,35,C0027430,Nasal Polyps,,-8.8,2.9,7.3,30293,484,851,40,4.7,0.73,2|285|301|633|1179|1361|1469|1634|1893|2034|2168|2335|2353|3037|3123|3383|3552|3576|3598|3725|3726|5111|5155|5327|5729|6348|6352|6364|6549|6892|7020|7031|7056|7291|7295|9021|27035|54210|55130|57007,A2M|ANGPT2|ANXA1|BGN|CLCA1|CPB2|CST1|DCN|ECM1|EPAS1|FABP1|FN1|FOS|HAS2|HLA-DRB1|ICAM1|IL1A|CXCL8|IL13RA2|JUN|JUNB|PCNA|PDGFB|PLAT|PTGDR|CCL3|CCL5|CCL20|SLC9A2|TAPBP|TFAP2A|TFF1|THBD|TWIST1|TXN|SOCS3|NOX1|TREM1|ODAD2|ACKR3,-6.7,MyList
Transcription Factor Targets,16,M19368,TGATTTRY GFI1 01,,-8.8,3.6,7.7,30293,296,851,30,3.5,0.63,114|862|1012|1045|1496|1879|1996|2259|2335|2823|2877|3219|3222|3236|4036|4675|5076|6496|6578|6616|6660|7401|7545|9378|9951|10512|84107|84433|84858|154091,ADCY8|RUNX1T1|CDH13|CDX2|CTNNA2|EBF1|ELAVL4|FGF14|FN1|GPM6A|GPX2|HOXB9|HOXC5|HOXD10|LRP2|NAP1L3|PAX2|SIX3|SLCO2A1|SNAP25|SOX5|CLRN1|ZIC1|NRXN1|HS3ST4|SEMA3C|ZIC4|CARD11|ZNF503|SLC2A12,-6.6,MyList
DisGeNET,35,C0032580,Adenomatous Polyposis Coli,,-8.8,2.7,7.2,30293,609,851,46,5.4,0.78,174|238|567|633|634|875|1012|1026|1029|1030|1045|1051|1301|1510|1993|2353|2934|3481|3576|3960|4288|5080|5111|5155|5644|5729|6513|6578|6662|7020|7031|7448|8190|8549|8660|8744|9052|9181|9314|10215|11186|22943|54997|116372|116844|219287,AFP|ALK|B2M|BGN|CEACAM1|CBS|CDH13|CDKN1A|CDKN2A|CDKN2B|CDX2|CEBPB|COL11A1|CTSE|ELAVL2|FOS|GSN|IGF2|CXCL8|LGALS4|MKI67|PAX6|PCNA|PDGFB|PRSS1|PTGDR|SLC2A1|SLCO2A1|SOX9|TFAP2A|TFF1|VTN|MIA|LGR5|IRS2|TNFSF9|GPRC5A|ARHGEF2|KLF4|OLIG2|RASSF1|DKK1|TESC|LYPD1|LRG1|AMER2,-6.6,MyList
Transcription Factor Targets,16,M399,SMTTTTGT UNKNOWN,,-8.8,3.1,7.4,30293,407,851,36,4.2,0.69,862|1195|1879|1996|2114|2253|2521|2555|2624|2823|3213|3691|4760|4762|5100|5155|5521|5629|6658|6660|8022|8447|9378|9951|25802|29106|51199|54715|55885|56138|56896|57580|84858|85300|147906|167826,RUNX1T1|CLK1|EBF1|ELAVL4|ETS2|FGF8|FUS|GABRA2|GATA2|GPM6A|HOXB3|ITGB4|NEUROD1|NEUROG1|PCDH8|PDGFB|PPP2R2B|PROX1|SOX3|SOX5|LHX3|DOC2B|NRXN1|HS3ST4|LMOD1|SCG3|NIN|RBFOX1|LMO3|PCDHA11|DPYSL5|PREX1|ZNF503|ATCAY|DACT3|OLIG3,-6.6,MyList
Transcription Factor Targets,16,M19671,TEF Q6,,-8.8,3.8,7.8,30293,262,851,28,3.3,0.61,1421|1749|2018|3227|3236|5080|5142|5521|7021|7029|7291|7546|8906|8929|9211|10586|11082|23023|24141|27164|27328|28316|51199|54101|57561|64641|84631|132625,CRYGD|DLX5|EMX2|HOXC11|HOXD10|PAX6|PDE4B|PPP2R2B|TFAP2B|TFDP2|TWIST1|ZIC2|AP1G2|PHOX2B|LGI1|MAB21L2|ESM1|TMCC1|LAMP5|SALL3|PCDH11X|CDH20|NIN|RIPK4|ARRDC3|EBF2|SLITRK2|ZFP42,-6.6,MyList
PaGenBase,36,PGB:00081,Cell-specific: Bronchial Epithelial Cells,,-8.8,5.2,8.4,30293,137,851,20,2.4,0.52,928|3552|3691|3852|3853|3854|3855|3914|3918|5493|6385|7424|10103|10512|22822|26509|55612|57111|57402|64065,CD9|IL1A|ITGB4|KRT5|KRT6A|KRT6B|KRT7|LAMB3|LAMC2|PPL|SDC4|VEGFC|TSPAN1|SEMA3C|PHLDA1|MYOF|FERMT1|RAB25|S100A14|PERP,-6.6,MyList
DisGeNET,35,C0279671,Cervical Squamous Cell Carcinoma,,-8.7,3.3,7.5,30293,371,851,34,4,0.67,133|174|285|768|1029|1050|1152|2346|3119|3123|3552|3576|3725|3852|3855|4118|4288|5111|6493|6513|7058|7291|7545|8190|8792|9180|9314|9547|10194|10630|11186|54101|56892|57007,ADM|AFP|ANGPT2|CA9|CDKN2A|CEBPA|CKB|FOLH1|HLA-DQB1|HLA-DRB1|IL1A|CXCL8|JUN|KRT5|KRT7|MAL|MKI67|PCNA|SIM2|SLC2A1|THBS2|TWIST1|ZIC1|MIA|TNFRSF11A|OSMR|KLF4|CXCL14|TSHZ1|PDPN|RASSF1|RIPK4|TCIM|ACKR3,-6.6,MyList
Cell Type Signatures,7,M39172,MURARO PANCREAS EPSILON CELL,,-8.7,9.7,9.8,30293,44,851,12,1.4,0.4,655|1029|1879|2180|2259|5122|5629|6690|7448|10826|170302|644844,BMP7|CDKN2A|EBF1|ACSL1|FGF14|PCSK1|PROX1|SPINK1|VTN|FAXDC2|ARX|PHGR1,-6.6,MyList
Transcription Factor Targets,16,M9426,PAX Q6,,-8.7,3.8,7.7,30293,264,851,28,3.3,0.61,2|694|768|861|972|1356|1879|2018|2255|2259|3219|3227|3383|3624|3691|4914|5396|5992|6886|7291|7547|8403|8974|9244|10761|26050|26257|55018,A2M|BTG1|CA9|RUNX1|CD74|CP|EBF1|EMX2|FGF10|FGF14|HOXB9|HOXC11|ICAM1|INHBA|ITGB4|NTRK1|PRRX1|RFX4|TAL1|TWIST1|ZIC3|SOX14|P4HA2|CRLF1|PLAC1|SLITRK5|NKX2-8|ANKRD40CL,-6.6,MyList
DisGeNET,35,C0345905,Intrahepatic Cholangiocarcinoma,,-8.7,3,7.3,30293,470,851,39,4.6,0.72,174|301|633|861|976|1026|1029|1045|1087|1281|3119|3123|3339|3481|3576|3855|4684|4762|5178|5214|5644|6277|6374|6662|6690|6926|7031|7045|7070|7424|8553|8660|11148|11186|22915|51208|55655|56667|346389,AFP|ANXA1|BGN|RUNX1|ADGRE5|CDKN1A|CDKN2A|CDX2|CEACAM7|COL3A1|HLA-DQB1|HLA-DRB1|HSPG2|IGF2|CXCL8|KRT7|NCAM1|NEUROG1|PEG3|PFKP|PRSS1|S100A6|CXCL5|SOX9|SPINK1|TBX3|TFF1|TGFBI|THY1|VEGFC|BHLHE40|IRS2|HHLA2|RASSF1|MMRN1|CLDN18|NLRP2|MUC13|MACC1,-6.5,MyList
Transcription Factor Targets,16,M30025,IGLV5 37 TARGET GENES,,-8.7,2.6,7.1,30293,636,851,47,5.5,0.78,111|311|861|1294|1299|1993|1995|2039|2051|2273|2624|2934|3481|3589|3624|3852|3955|4194|4916|5063|5080|5339|6320|7029|7045|9180|9244|9719|10811|25806|26509|26579|27111|51617|55502|57402|64399|64855|79026|79152|120114|147111|147906|338382|346606|387597|388585,ADCY5|ANXA11|RUNX1|COL7A1|COL9A3|ELAVL2|ELAVL3|DMTN|EPHB6|FHL1|GATA2|GSN|IGF2|IL11|INHBA|KRT5|LFNG|MDM4|NTRK3|PAK3|PAX6|PLEC|CLEC11A|TFDP2|TGFBI|OSMR|CRLF1|ADAMTSL2|NOXA1|VAX2|MYOF|MYEOV|SDCBP2|NSG2|HES6|S100A14|HHIP|NIBAN2|AHNAK|FA2H|FAT3|NOTUM|DACT3|RAB7B|MOGAT3|ILDR2|HES5,-6.5,MyList
Cell Type Signatures,7,M39131,AIZARANI LIVER C32 MVECS 3,,-8.6,5.4,8.4,30293,125,851,19,2.2,0.51,567|1052|2034|2823|3397|6886|7056|8553|9021|9235|9314|9590|10397|10964|11098|54625|57007|57211|59277,B2M|CEBPD|EPAS1|GPM6A|ID1|TAL1|THBD|BHLHE40|SOCS3|IL32|KLF4|AKAP12|NDRG1|IFI44L|PRSS23|PARP14|ACKR3|ADGRG6|NTN4,-6.5,MyList
DisGeNET,35,C0017601,Glaucoma,,-8.6,2.5,6.9,30293,769,851,53,6.2,0.83,285|414|650|718|768|862|875|961|1026|1029|1030|1051|1052|1277|1281|1301|1356|1410|1462|1621|1910|1993|2051|2335|2530|2697|2934|3123|3552|3576|3676|3918|4804|4914|5080|6578|6690|7021|7122|7275|7295|7401|7448|9518|11343|22915|54715|55816|55890|56896|79633|81794|84894,ANGPT2|ARSD|BMP2|C3|CA9|RUNX1T1|CBS|CD47|CDKN1A|CDKN2A|CDKN2B|CEBPB|CEBPD|COL1A1|COL3A1|COL11A1|CP|CRYAB|VCAN|DBH|EDNRB|ELAVL2|EPHB6|FN1|FUT8|GJA1|GSN|HLA-DRB1|IL1A|CXCL8|ITGA4|LAMC2|NGFR|NTRK1|PAX6|SLCO2A1|SPINK1|TFAP2B|CLDN5|TUB|TXN|CLRN1|VTN|GDF15|MGLL|MMRN1|RBFOX1|DOK5|GPRC5C|DPYSL5|FAT4|ADAMTS10|LINGO1,-6.5,MyList
DisGeNET,35,C4317109,Epileptic Seizures,,-8.6,3.8,7.7,30293,250,851,27,3.2,0.6,1136|1137|1143|1759|2290|2353|2556|2558|2913|3785|3918|4760|4804|5121|6281|6328|6506|6513|6546|6547|9211|23657|50506|51083|51477|54498|54715,CHRNA3|CHRNA4|CHRNB4|DNM1|FOXG1|FOS|GABRA3|GABRA5|GRM3|KCNQ2|LAMC2|NEUROD1|NGFR|PCP4|S100A10|SCN3A|SLC1A2|SLC2A1|SLC8A1|SLC8A3|LGI1|SLC7A11|DUOX2|GAL|ISYNA1|SMOX|RBFOX1,-6.4,MyList
DisGeNET,35,C0017075,Ganglioneuroma,,-8.5,6.5,8.7,30293,88,851,16,1.9,0.47,238|429|846|1641|3642|4684|4914|5111|6513|7424|7448|8788|8929|10215|10630|51083,ALK|ASCL1|CASR|DCX|INSM1|NCAM1|NTRK1|PCNA|SLC2A1|VEGFC|VTN|DLK1|PHOX2B|OLIG2|PDPN|GAL,-6.4,MyList
DisGeNET,35,C0007786,Brain Ischemia,,-8.5,3.3,7.4,30293,358,851,33,3.9,0.66,285|301|718|1051|1356|1440|1621|1641|1649|2034|2243|2697|3383|3552|3725|3776|3918|5111|5327|5880|6348|6364|6506|6546|6547|7122|7295|9423|9590|22943|23645|51083|148022,ANGPT2|ANXA1|C3|CEBPB|CP|CSF3|DBH|DCX|DDIT3|EPAS1|FGA|GJA1|ICAM1|IL1A|JUN|KCNK2|LAMC2|PCNA|PLAT|RAC2|CCL3|CCL20|SLC1A2|SLC8A1|SLC8A3|CLDN5|TXN|NTN1|AKAP12|DKK1|PPP1R15A|GAL|TICAM1,-6.4,MyList
DisGeNET,35,C0376634,Craniofacial Abnormalities,,-8.5,4,7.7,30293,234,851,26,3.1,0.59,301|1301|1749|1750|1889|2114|2253|2624|3211|3339|4036|5080|6493|6662|6913|7020|7021|7291|7547|9378|27164|30813|55790|64220|85416|286077,ANXA1|COL11A1|DLX5|DLX6|ECE1|ETS2|FGF8|GATA2|HOXB1|HSPG2|LRP2|PAX6|SIM2|SOX9|TBX15|TFAP2A|TFAP2B|TWIST1|ZIC3|NRXN1|SALL3|VSX1|CSGALNACT1|STRA6|ZIC5|FAM83H,-6.4,MyList
DisGeNET,35,C0878500,Intraepithelial Neoplasia,,-8.5,4.4,7.9,30293,186,851,23,2.7,0.56,1026|1029|1030|1999|2041|2253|2335|3339|3488|3918|4804|6513|6662|6690|7031|7448|7545|8553|10630|11186|23135|50848|51208,CDKN1A|CDKN2A|CDKN2B|ELF3|EPHA1|FGF8|FN1|HSPG2|IGFBP5|LAMC2|NGFR|SLC2A1|SOX9|SPINK1|TFF1|VTN|ZIC1|BHLHE40|PDPN|RASSF1|KDM6B|F11R|CLDN18,-6.4,MyList
DisGeNET,35,C1301034,Pancreatic intraepithelial neoplasia,,-8.5,4.4,7.9,30293,186,851,23,2.7,0.56,133|634|768|1026|1029|1045|1510|2034|3552|3561|4288|5644|6376|6662|6690|7031|9021|9314|11148|22915|51208|56667|140453,ADM|CEACAM1|CA9|CDKN1A|CDKN2A|CDX2|CTSE|EPAS1|IL1A|IL2RG|MKI67|PRSS1|CX3CL1|SOX9|SPINK1|TFF1|SOCS3|KLF4|HHLA2|MMRN1|CLDN18|MUC13|MUC17,-6.4,MyList
DisGeNET,35,C0740457,Malignant neoplasm of kidney,,-8.5,2.6,7,30293,664,851,48,5.6,0.79,174|567|694|768|838|861|972|1026|1029|1030|1087|1277|1462|2034|2042|2335|2346|2444|3383|3576|4804|5076|5111|6513|6690|6850|7869|9123|9235|9314|10397|10752|11082|11186|22822|22943|23135|27123|50848|51129|54997|55323|57007|64866|79977|94015|252995|286077,AFP|B2M|BTG1|CA9|CASP5|RUNX1|CD74|CDKN1A|CDKN2A|CDKN2B|CEACAM7|COL1A1|VCAN|EPAS1|EPHA3|FN1|FOLH1|FRK|ICAM1|CXCL8|NGFR|PAX2|PCNA|SLC2A1|SPINK1|SYK|SEMA3B|SLC16A3|IL32|KLF4|NDRG1|CHL1|ESM1|RASSF1|PHLDA1|DKK1|KDM6B|DKK2|F11R|ANGPTL4|TESC|LARP6|ACKR3|CDCP1|GRHL2|TTYH2|FNDC5|FAM83H,-6.4,MyList
DisGeNET,35,C0024668,"Mammary Neoplasms, Experimental",,-8.5,4.1,7.8,30293,218,851,25,2.9,0.58,111|174|301|307|768|1029|2180|2255|2335|2934|3397|3852|3855|4023|5045|5111|5121|6277|6662|7031|8673|9615|9902|10653|51599,ADCY5|AFP|ANXA1|ANXA4|CA9|CDKN2A|ACSL1|FGF10|FN1|GSN|ID1|KRT5|KRT7|LPL|FURIN|PCNA|PCP4|S100A6|SOX9|TFF1|VAMP8|GDA|MRC2|SPINT2|LSR,-6.4,MyList
DisGeNET,35,C0020542,Pulmonary Hypertension,,-8.5,4.8,8.1,30293,156,851,21,2.5,0.53,133|285|650|655|768|846|1026|1277|1889|1910|2034|2243|2697|3037|3397|3576|3725|3741|5155|6376|284119,ADM|ANGPT2|BMP2|BMP7|CA9|CASR|CDKN1A|COL1A1|ECE1|EDNRB|EPAS1|FGA|GJA1|HAS2|ID1|CXCL8|JUN|KCNA5|PDGFB|CX3CL1|CAVIN1,-6.4,MyList
DisGeNET,35,C0272138,Erythroblastosis,,-8.5,6.4,8.7,30293,89,851,16,1.9,0.47,633|1045|1051|1440|1999|2114|2353|2886|2934|3725|3726|6493|6690|6928|7113|7424,BGN|CDX2|CEBPB|CSF3|ELF3|ETS2|FOS|GRB7|GSN|JUN|JUNB|SIM2|SPINK1|HNF1B|TMPRSS2|VEGFC,-6.4,MyList
DisGeNET,35,C0004763,Barrett Esophagus,,-8.5,2.9,7.1,30293,478,851,39,4.6,0.72,290|301|602|890|1012|1015|1029|1044|1045|1277|1510|2168|2335|2877|2886|3037|3383|3481|3552|3576|3852|4118|4288|5021|5111|6303|6513|6662|7031|7448|8549|9314|9518|9590|22943|56033|56287|57761|140453,ANPEP|ANXA1|BCL3|CCNA2|CDH13|CDH17|CDKN2A|CDX1|CDX2|COL1A1|CTSE|FABP1|FN1|GPX2|GRB7|HAS2|ICAM1|IGF2|IL1A|CXCL8|KRT5|MAL|MKI67|OXTR|PCNA|SAT1|SLC2A1|SOX9|TFF1|VTN|LGR5|KLF4|GDF15|AKAP12|DKK1|BARX1|GKN1|TRIB3|MUC17,-6.4,MyList
DisGeNET,35,C0860564,Retinoic acid syndrome,,-8.4,12,10,30293,29,851,10,1.2,0.37,290|1030|1440|1649|1822|2920|3383|3576|6352|7056,ANPEP|CDKN2B|CSF3|DDIT3|ATN1|CXCL2|ICAM1|CXCL8|CCL5|THBD,-6.3,MyList
Cell Type Signatures,7,M39259,MENON FETAL KIDNEY 9 ENDOTHELIAL CELLS,,-8.4,5.9,8.5,30293,102,851,17,2,0.48,2|567|972|2335|2791|3339|3487|3488|4071|4288|6238|6277|7070|7122|51199|56892|284119,A2M|B2M|CD74|FN1|GNG11|HSPG2|IGFBP4|IGFBP5|TM4SF1|MKI67|RRBP1|S100A6|THY1|CLDN5|NIN|TCIM|CAVIN1,-6.3,MyList
DisGeNET,35,C0008626,Congenital chromosomal disease,,-8.4,2.4,6.8,30293,757,851,52,6.1,0.82,174|238|290|414|567|602|694|861|862|1029|1030|1044|1045|1050|1421|1440|1649|1749|2034|2042|2114|2353|3481|3676|3852|3855|4023|4194|4288|4684|4916|5076|5080|5111|5327|6578|6616|6662|6736|6886|7070|7113|7291|9244|9314|9378|9892|11186|55655|57007|80150|114798,AFP|ALK|ANPEP|ARSD|B2M|BCL3|BTG1|RUNX1|RUNX1T1|CDKN2A|CDKN2B|CDX1|CDX2|CEBPA|CRYGD|CSF3|DDIT3|DLX5|EPAS1|EPHA3|ETS2|FOS|IGF2|ITGA4|KRT5|KRT7|LPL|MDM4|MKI67|NCAM1|NTRK3|PAX2|PAX6|PCNA|PLAT|SLCO2A1|SNAP25|SOX9|SRY|TAL1|THY1|TMPRSS2|TWIST1|CRLF1|KLF4|NRXN1|SNAP91|RASSF1|NLRP2|ACKR3|ASRGL1|SLITRK1,-6.3,MyList
Transcription Factor Targets,16,M2389,E47 02,,-8.4,3.8,7.6,30293,254,851,27,3.2,0.6,273|744|1993|2051|2258|2530|2701|4804|5142|5339|5521|6616|6886|6928|7020|8447|23657|51599|51617|54674|54715|55502|84858|148022|169044|286077|653145,AMPH|MPPED2|ELAVL2|EPHB6|FGF13|FUT8|GJA4|NGFR|PDE4B|PLEC|PPP2R2B|SNAP25|TAL1|HNF1B|TFAP2A|DOC2B|SLC7A11|LSR|NSG2|LRRN3|RBFOX1|HES6|ZNF503|TICAM1|COL22A1|FAM83H|ANXA8,-6.3,MyList
Cell Type Signatures,7,M41666,TRAVAGLINI LUNG CAPILLARY INTERMEDIATE 1 CELL,,-8.4,4.7,8,30293,158,851,21,2.5,0.53,301|972|1030|1910|2273|3119|3123|3127|3383|5155|6376|6926|9060|9235|10163|10826|22822|23645|56243|57580|59277,ANXA1|CD74|CDKN2B|EDNRB|FHL1|HLA-DQB1|HLA-DRB1|HLA-DRB5|ICAM1|PDGFB|CX3CL1|TBX3|PAPSS2|IL32|WASF2|FAXDC2|PHLDA1|PPP1R15A|KIAA1217|PREX1|NTN4,-6.3,MyList
DisGeNET,35,C0031511,Pheochromocytoma,,-8.4,3.3,7.3,30293,344,851,32,3.8,0.65,117|133|429|655|768|875|1029|1421|1621|1910|2034|2042|2335|2596|3481|3552|3854|4288|4914|5126|6376|6493|6616|6928|7291|7295|8929|11186|51083|51129|57007|112399,ADCYAP1R1|ADM|ASCL1|BMP7|CA9|CBS|CDKN2A|CRYGD|DBH|EDNRB|EPAS1|EPHA3|FN1|GAP43|IGF2|IL1A|KRT6B|MKI67|NTRK1|PCSK2|CX3CL1|SIM2|SNAP25|HNF1B|TWIST1|TXN|PHOX2B|RASSF1|GAL|ANGPTL4|ACKR3|EGLN3,-6.3,MyList
DisGeNET,35,C0038525,Subarachnoid Hemorrhage,,-8.4,2.8,7.1,30293,501,851,40,4.7,0.73,133|633|718|875|1050|1281|1421|1621|1641|1649|1910|2258|2596|2697|2852|3383|3552|3576|3918|4155|4319|4973|5122|5327|5396|6296|6364|6513|7056|7122|7448|7538|8788|9314|9423|23135|51299|54210|54541|64321,ADM|BGN|C3|CBS|CEBPA|COL3A1|CRYGD|DBH|DCX|DDIT3|EDNRB|FGF13|GAP43|GJA1|GPER1|ICAM1|IL1A|CXCL8|LAMC2|MBP|MMP10|OLR1|PCSK1|PLAT|PRRX1|ACSM3|CCL20|SLC2A1|THBD|CLDN5|VTN|ZFP36|DLK1|KLF4|NTN1|KDM6B|NRN1|TREM1|DDIT4|SOX17,-6.3,MyList
Transcription Factor Targets,16,M12520,SOX9 B1,,-8.4,3.9,7.6,30293,238,851,26,3.1,0.59,1641|1879|1942|1993|1996|2051|2335|3226|3339|3624|4155|4661|4684|4804|5521|6660|6860|6886|7021|7545|7546|10439|10752|11189|56896|84107,DCX|EBF1|EFNA1|ELAVL2|ELAVL4|EPHB6|FN1|HOXC10|HSPG2|INHBA|MBP|MYT1|NCAM1|NGFR|PPP2R2B|SOX5|SYT4|TAL1|TFAP2B|ZIC1|ZIC2|OLFM1|CHL1|CELF3|DPYSL5|ZIC4,-6.3,MyList
Transcription Factor Targets,16,M16345,NKX3A 01,,-8.4,3.9,7.6,30293,238,851,26,3.1,0.59,1993|3726|4036|4622|4661|4826|5080|5126|5456|5629|6496|6660|7025|7545|8929|23440|26050|27319|55885|57616|84107|84631|85416|114798|170302|389206,ELAVL2|JUNB|LRP2|MYH4|MYT1|NNAT|PAX6|PCSK2|POU3F4|PROX1|SIX3|SOX5|NR2F1|ZIC1|PHOX2B|OTP|SLITRK5|BHLHE22|LMO3|TSHZ3|ZIC4|SLITRK2|ZIC5|SLITRK1|ARX|BEND4,-6.3,MyList
Transcription Factor Targets,16,M3150,TATA 01,,-8.3,3.8,7.5,30293,256,851,27,3.2,0.6,1044|1152|1277|1410|1995|3222|3589|4319|4622|5100|5456|6352|6376|6658|6660|7277|9181|9719|10215|22943|27123|27319|50506|56937|63973|167826|405753,CDX1|CKB|COL1A1|CRYAB|ELAVL3|HOXC5|IL11|MMP10|MYH4|PCDH8|POU3F4|CCL5|CX3CL1|SOX3|SOX5|TUBA4A|ARHGEF2|ADAMTSL2|OLIG2|DKK1|DKK2|BHLHE22|DUOX2|PMEPA1|NEUROG2|OLIG3|DUOXA2,-6.3,MyList
DisGeNET,35,C0023487,Acute Promyelocytic Leukemia,,-8.3,2.6,6.9,30293,651,851,47,5.5,0.78,238|290|301|414|650|861|862|890|961|1026|1029|1030|1050|1051|1087|1440|1822|2258|2353|2624|3123|3339|3383|3397|3552|3576|4194|4684|4804|5327|6281|6352|6506|7056|7127|7291|7538|8788|9052|9961|10397|10630|11186|22943|57761|338382|653145,ALK|ANPEP|ANXA1|ARSD|BMP2|RUNX1|RUNX1T1|CCNA2|CD47|CDKN1A|CDKN2A|CDKN2B|CEBPA|CEBPB|CEACAM7|CSF3|ATN1|FGF13|FOS|GATA2|HLA-DRB1|HSPG2|ICAM1|ID1|IL1A|CXCL8|MDM4|NCAM1|NGFR|PLAT|S100A10|CCL5|SLC1A2|THBD|TNFAIP2|TWIST1|ZFP36|DLK1|GPRC5A|MVP|NDRG1|PDPN|RASSF1|DKK1|TRIB3|RAB7B|ANXA8,-6.2,MyList
Cell Type Signatures,7,M39079,ZHONG PFC MAJOR TYPES OPC,,-8.3,6.3,8.5,30293,91,851,16,1.9,0.47,567|928|1910|4821|5142|5327|10215|10675|23452|57348|65217|84631|116448|128414|130132|222553,B2M|CD9|EDNRB|NKX2-2|PDE4B|PLAT|OLIG2|CSPG5|ANGPTL2|TTYH1|PCDH15|SLITRK2|OLIG1|NKAIN4|RFTN2|SLC35F1,-6.2,MyList
Cell Type Signatures,7,M39300,CUI DEVELOPING HEART C3 FIBROBLAST LIKE CELL,,-8.3,5.5,8.2,30293,117,851,18,2.1,0.49,1277|1293|1634|5178|6238|7045|7058|7070|8788|9235|9590|9902|10418|11259|23452|23768|64641|203447,COL1A1|COL6A3|DCN|PEG3|RRBP1|TGFBI|THBS2|THY1|DLK1|IL32|AKAP12|MRC2|SPON1|FILIP1L|ANGPTL2|FLRT2|EBF2|NRK,-6.2,MyList
DisGeNET,35,C0278883,Metastatic melanoma,,-8.3,2.8,7,30293,504,851,40,4.7,0.73,238|567|650|655|961|972|1029|1030|1045|2045|2335|2524|2530|3119|3383|3552|3576|4194|4288|4681|4684|4804|6515|7020|7291|7448|8190|9180|9518|9590|22822|22943|23541|55351|57007|57124|79026|150094|166824|253738,ALK|B2M|BMP2|BMP7|CD47|CD74|CDKN2A|CDKN2B|CDX2|EPHA7|FN1|FUT2|FUT8|HLA-DQB1|ICAM1|IL1A|CXCL8|MDM4|MKI67|NBL1|NCAM1|NGFR|SLC2A3|TFAP2A|TWIST1|VTN|MIA|OSMR|GDF15|AKAP12|PHLDA1|DKK1|SEC14L2|STK32B|ACKR3|CD248|AHNAK|SIK1|RASSF6|EBF3,-6.2,MyList
Cell Type Signatures,7,M39271,HU FETAL RETINA RPE,,-8.3,3.5,7.4,30293,292,851,29,3.4,0.62,567|650|655|1295|1512|2697|2791|3488|4023|5121|6513|7869|8553|10512|10630|11145|11170|11228|23213|23541|23768|54102|55890|57687|63976|64220|84612|84858|116372,B2M|BMP2|BMP7|COL8A1|CTSH|GJA1|GNG11|IGFBP5|LPL|PCP4|SLC2A1|SEMA3B|BHLHE40|SEMA3C|PDPN|PLAAT3|FAM107A|RASSF8|SULF1|SEC14L2|FLRT2|CLIC6|GPRC5C|VAT1L|PRDM16|STRA6|PARD6B|ZNF503|LYPD1,-6.2,MyList
Transcription Factor Targets,16,M10288,YAATNRNNNYNATT UNKNOWN,,-8.3,5.8,8.4,30293,104,851,17,2,0.48,744|1012|1641|1993|1996|2045|3037|3213|4622|7401|7464|8403|8929|23213|23440|55885|64067,MPPED2|CDH13|DCX|ELAVL2|ELAVL4|EPHA7|HAS2|HOXB3|MYH4|CLRN1|CORO2A|SOX14|PHOX2B|SULF1|OTP|LMO3|NPAS3,-6.2,MyList
DisGeNET,35,C4529962,Fatty Liver Disease,,-8.3,2.4,6.8,30293,741,851,51,6,0.81,2|174|285|290|301|345|634|718|861|1026|1029|1277|1440|1634|1647|1822|2168|2180|2353|2920|3123|3383|3552|3576|3598|3725|3726|4023|4973|5024|6281|6352|6662|6850|7056|7128|7448|8660|8788|9518|11186|22915|22943|29923|51083|51129|57007|57561|80150|252995|375704,A2M|AFP|ANGPT2|ANPEP|ANXA1|APOC3|CEACAM1|C3|RUNX1|CDKN1A|CDKN2A|COL1A1|CSF3|DCN|GADD45A|ATN1|FABP1|ACSL1|FOS|CXCL2|HLA-DRB1|ICAM1|IL1A|CXCL8|IL13RA2|JUN|JUNB|LPL|OLR1|P2RX3|S100A10|CCL5|SOX9|SYK|THBD|TNFAIP3|VTN|IRS2|DLK1|GDF15|RASSF1|MMRN1|DKK1|HILPDA|GAL|ANGPTL4|ACKR3|ARRDC3|ASRGL1|FNDC5|ENHO,-6.2,MyList
DisGeNET,35,C0265998,ANONYCHIA,,-8.3,12,10,30293,30,851,10,1.2,0.37,3209|3691|3853|3854|3914|3918|5339|6662|54101|79977,HOXA13|ITGB4|KRT6A|KRT6B|LAMB3|LAMC2|PLEC|SOX9|RIPK4|GRHL2,-6.2,MyList
Cell Type Signatures,7,M39302,CUI DEVELOPING HEART C5 VALVAR CELL,,-8.3,4.1,7.6,30293,208,851,24,2.8,0.57,633|928|1026|1462|2273|2353|2920|3397|3488|3726|5396|6277|6281|6662|7291|9021|11259|23645|25891|27123|27164|79633|84417|92293,BGN|CD9|CDKN1A|VCAN|FHL1|FOS|CXCL2|ID1|IGFBP5|JUNB|PRRX1|S100A6|S100A10|SOX9|TWIST1|SOCS3|FILIP1L|PPP1R15A|PAMR1|DKK2|SALL3|FAT4|ECRG4|TMEM132C,-6.2,MyList
Transcription Factor Targets,16,M17512,HNF3 Q6,,-8.2,4.3,7.7,30293,192,851,23,2.7,0.56,429|577|1026|2258|3213|3397|6616|7029|7291|7448|9068|9181|9211|23023|23440|51617|55885|57616|64641|79962|84913|85407|85416,ASCL1|ADGRB3|CDKN1A|FGF13|HOXB3|ID1|SNAP25|TFDP2|TWIST1|VTN|ANGPTL1|ARHGEF2|LGI1|TMCC1|OTP|NSG2|LMO3|TSHZ3|EBF2|DNAJC22|ATOH8|NKD1|ZIC5,-6.2,MyList
DisGeNET,35,C0409959,"Osteoarthritis, Knee",,-8.2,3.2,7.2,30293,368,851,33,3.9,0.66,285|1045|1301|1311|1440|1993|2034|2335|3339|3552|3576|4036|4914|4973|5266|6320|6348|6364|6385|6546|6662|6690|7291|9021|9060|10725|11096|22943|23213|56243|84867|150094|375704,ANGPT2|CDX2|COL11A1|COMP|CSF3|ELAVL2|EPAS1|FN1|HSPG2|IL1A|CXCL8|LRP2|NTRK1|OLR1|PI3|CLEC11A|CCL3|CCL20|SDC4|SLC8A1|SOX9|SPINK1|TWIST1|SOCS3|PAPSS2|NFAT5|ADAMTS5|DKK1|SULF1|KIAA1217|PTPN5|SIK1|ENHO,-6.2,MyList
DisGeNET,35,C0270824,Visual seizure,,-8.2,4.1,7.6,30293,209,851,24,2.8,0.57,1136|1137|1143|1641|2290|2353|2558|2596|2697|3785|4804|5122|5155|5354|6352|6456|6513|6546|6547|6860|7448|11255|22943|54715,CHRNA3|CHRNA4|CHRNB4|DCX|FOXG1|FOS|GABRA5|GAP43|GJA1|KCNQ2|NGFR|PCSK1|PDGFB|PLP1|CCL5|SH3GL2|SLC2A1|SLC8A1|SLC8A3|SYT4|VTN|HRH3|DKK1|RBFOX1,-6.1,MyList
DisGeNET,35,C0085281,Addictive Behavior,,-8.2,3.3,7.2,30293,332,851,31,3.6,0.64,117|238|861|1136|1137|1143|1440|1621|2042|2258|2335|2555|2913|2934|3481|3589|3855|6303|6506|6513|6515|6616|6886|7101|7295|9123|29988|51083|54715|154091|653689,ADCYAP1R1|ALK|RUNX1|CHRNA3|CHRNA4|CHRNB4|CSF3|DBH|EPHA3|FGF13|FN1|GABRA2|GRM3|GSN|IGF2|IL11|KRT7|SAT1|SLC1A2|SLC2A1|SLC2A3|SNAP25|TAL1|NR2E1|TXN|SLC16A3|SLC2A8|GAL|RBFOX1|SLC2A12|GSTT2B,-6.1,MyList
DisGeNET,35,C0002170,Alopecia,,-8.1,2.8,6.9,30293,491,851,39,4.6,0.72,285|650|846|861|1277|1281|1294|1356|1634|1855|1879|2512|2697|2920|3119|3123|3283|3383|3552|3561|3694|3853|3854|3914|3918|5339|6736|6913|7291|7401|7538|9021|22943|26050|27123|64065|114798|170685|196264,ANGPT2|BMP2|CASR|RUNX1|COL1A1|COL3A1|COL7A1|CP|DCN|DVL1|EBF1|FTL|GJA1|CXCL2|HLA-DQB1|HLA-DRB1|HSD3B1|ICAM1|IL1A|IL2RG|ITGB6|KRT6A|KRT6B|LAMB3|LAMC2|PLEC|SRY|TBX15|TWIST1|CLRN1|ZFP36|SOCS3|DKK1|SLITRK5|DKK2|PERP|SLITRK1|NUDT10|MPZL3,-6.1,MyList
DisGeNET,35,C0085669,Acute leukemia,,-8.1,2.6,6.8,30293,639,851,46,5.4,0.78,117|133|238|694|838|846|861|862|890|1029|1030|1045|1440|1462|1822|1879|2045|2114|2253|2335|2521|2624|3123|3481|3552|3589|3676|4194|4684|4804|4826|4914|5111|6886|7070|7122|7295|7448|9068|9590|9892|9961|54997|55655|80150|653145,ADCYAP1R1|ADM|ALK|BTG1|CASP5|CASR|RUNX1|RUNX1T1|CCNA2|CDKN2A|CDKN2B|CDX2|CSF3|VCAN|ATN1|EBF1|EPHA7|ETS2|FGF8|FN1|FUS|GATA2|HLA-DRB1|IGF2|IL1A|IL11|ITGA4|MDM4|NCAM1|NGFR|NNAT|NTRK1|PCNA|TAL1|THY1|CLDN5|TXN|VTN|ANGPTL1|AKAP12|SNAP91|MVP|TESC|NLRP2|ASRGL1|ANXA8,-6.1,MyList
DisGeNET,35,C0271650,Impaired glucose tolerance,,-8.1,2.6,6.8,30293,596,851,44,5.2,0.76,133|285|290|650|718|846|1009|1634|1822|2034|2169|2335|2444|2852|3119|3383|3488|3552|3576|4023|4684|4760|4973|5063|5080|5122|5629|6303|6352|6513|6515|6928|7070|8660|8788|9021|9290|9518|10194|50674|51083|51129|57761|169026,ADM|ANGPT2|ANPEP|BMP2|C3|CASR|CDH11|DCN|ATN1|EPAS1|FABP2|FN1|FRK|GPER1|HLA-DQB1|ICAM1|IGFBP5|IL1A|CXCL8|LPL|NCAM1|NEUROD1|OLR1|PAK3|PAX6|PCSK1|PROX1|SAT1|CCL5|SLC2A1|SLC2A3|HNF1B|THY1|IRS2|DLK1|SOCS3|GPR55|GDF15|TSHZ1|NEUROG3|GAL|ANGPTL4|TRIB3|SLC30A8,-6.1,MyList
DisGeNET,35,C3642347,Basal-Like Breast Carcinoma,,-8.1,3.8,7.4,30293,245,851,26,3.1,0.59,301|972|1029|1410|1993|2173|2335|3037|3552|3576|3598|3801|3852|4914|5266|6513|6850|7070|7291|7424|8792|10630|57561|57580|57761|94234,ANXA1|CD74|CDKN2A|CRYAB|ELAVL2|FABP7|FN1|HAS2|IL1A|CXCL8|IL13RA2|KIFC3|KRT5|NTRK1|PI3|SLC2A1|SYK|THY1|TWIST1|VEGFC|TNFRSF11A|PDPN|ARRDC3|PREX1|TRIB3|FOXQ1,-6.1,MyList
DisGeNET,35,C1302401,Adenoma of large intestine,,-8.1,2.9,7,30293,452,851,37,4.3,0.7,602|634|846|972|1029|1045|1087|1634|2041|2877|3481|3576|3676|4118|5111|5209|6374|6513|6578|6690|7029|7058|7291|7464|8549|8660|9021|9314|10397|11186|55200|57580|64321|64399|84969|116844|346389,BCL3|CEACAM1|CASR|CD74|CDKN2A|CDX2|CEACAM7|DCN|EPHA1|GPX2|IGF2|CXCL8|ITGA4|MAL|PCNA|PFKFB3|CXCL5|SLC2A1|SLCO2A1|SPINK1|TFDP2|THBS2|TWIST1|CORO2A|LGR5|IRS2|SOCS3|KLF4|NDRG1|RASSF1|PLEKHG6|PREX1|SOX17|HHIP|TOX2|LRG1|MACC1,-6,MyList
Transcription Factor Targets,16,M10921,AREB6 03,,-8.1,3.7,7.4,30293,263,851,27,3.2,0.6,1879|2253|2530|3481|3691|3918|3993|4804|4916|6364|6616|6928|23657|51599|54101|55885|57211|79094|79152|84858|84969|92359|124930|128414|255743|338917|375704,EBF1|FGF8|FUT8|IGF2|ITGB4|LAMC2|LLGL2|NGFR|NTRK3|CCL20|SNAP25|HNF1B|SLC7A11|LSR|RIPK4|LMO3|ADGRG6|CHAC1|FA2H|ZNF503|TOX2|CRB3|ANKRD13B|NKAIN4|NPNT|VSX2|ENHO,-6,MyList
DisGeNET,35,C0005940,Bone Diseases,,-8.1,3.4,7.2,30293,317,851,30,3.5,0.63,286|567|650|655|846|1026|1029|1277|1440|1822|1999|3552|3576|3589|4036|4826|6348|6352|6364|6376|7538|8792|9235|9961|11343|22943|55502|63976|80150|388585,ANK1|B2M|BMP2|BMP7|CASR|CDKN1A|CDKN2A|COL1A1|CSF3|ATN1|ELF3|IL1A|CXCL8|IL11|LRP2|NNAT|CCL3|CCL5|CCL20|CX3CL1|ZFP36|TNFRSF11A|IL32|MVP|MGLL|DKK1|HES6|PRDM16|ASRGL1|HES5,-6,MyList
Transcription Factor Targets,16,M7093,GATAAGR GATA C,,-8.1,3.5,7.2,30293,299,851,29,3.4,0.62,285|823|862|1510|1996|2039|2169|2274|2886|3236|3488|3725|4661|5076|5644|6513|6660|7025|9056|10761|10842|11030|11254|27133|51477|55200|79977|167410|653808,ANGPT2|CAPN1|RUNX1T1|CTSE|ELAVL4|DMTN|FABP2|FHL2|GRB7|HOXD10|IGFBP5|JUN|MYT1|PAX2|PRSS1|SLC2A1|SOX5|NR2F1|SLC7A7|PLAC1|PPP1R17|RBPMS|SLC6A14|KCNH5|ISYNA1|PLEKHG6|GRHL2|LIX1|ZG16,-6,MyList
DisGeNET,35,C0023267,Fibroid Tumor,,-8.1,3,7,30293,413,851,35,4.1,0.68,238|285|650|1026|1029|1051|1277|1281|1288|1462|1822|1910|2335|2697|2852|3481|3576|3624|4288|4762|5021|5111|5121|5354|6513|7058|7295|8434|8744|9314|9961|10653|10725|22915|27328,ALK|ANGPT2|BMP2|CDKN1A|CDKN2A|CEBPB|COL1A1|COL3A1|COL4A6|VCAN|ATN1|EDNRB|FN1|GJA1|GPER1|IGF2|CXCL8|INHBA|MKI67|NEUROG1|OXTR|PCNA|PCP4|PLP1|SLC2A1|THBS2|TXN|RECK|TNFSF9|KLF4|MVP|SPINT2|NFAT5|MMRN1|PCDH11X,-6,MyList
DisGeNET,35,C0035126,Reperfusion Injury,,-8,3.4,7.2,30293,300,851,29,3.4,0.62,117|133|718|1026|1910|2353|2355|2920|3383|3552|3576|3725|5126|5327|5644|6303|6348|6352|6376|6513|6515|6546|6547|7070|7295|7424|9021|11255|148022,ADCYAP1R1|ADM|C3|CDKN1A|EDNRB|FOS|FOSL2|CXCL2|ICAM1|IL1A|CXCL8|JUN|PCSK2|PLAT|PRSS1|SAT1|CCL3|CCL5|CX3CL1|SLC2A1|SLC2A3|SLC8A1|SLC8A3|THY1|TXN|VEGFC|SOCS3|HRH3|TICAM1,-6,MyList
DisGeNET,35,C0028945,oligodendroglioma,,-8,3.5,7.3,30293,282,851,28,3.3,0.61,117|133|301|429|768|1029|1030|1641|1822|1910|2034|3339|3741|4155|4288|4821|5080|5111|5178|6513|6900|8022|9518|10215|55502|55966|64321|116448,ADCYAP1R1|ADM|ANXA1|ASCL1|CA9|CDKN2A|CDKN2B|DCX|ATN1|EDNRB|EPAS1|HSPG2|KCNA5|MBP|MKI67|NKX2-2|PAX6|PCNA|PEG3|SLC2A1|CNTN2|LHX3|GDF15|OLIG2|HES6|AJAP1|SOX17|OLIG1,-6,MyList
DisGeNET,35,C0220668,Congenital contractural arachnodactyly,,-8,2.7,6.8,30293,559,851,42,4.9,0.74,301|961|1026|1029|1045|1087|1277|1293|1879|1893|1942|1993|2255|3383|3481|3576|3691|3918|5063|5111|5178|6277|6662|7031|7291|7295|8434|9021|9540|10103|11186|11259|23657|27164|30001|54210|57007|64321|80150|116844|338382|346389,ANXA1|CD47|CDKN1A|CDKN2A|CDX2|CEACAM7|COL1A1|COL6A3|EBF1|ECM1|EFNA1|ELAVL2|FGF10|ICAM1|IGF2|CXCL8|ITGB4|LAMC2|PAK3|PCNA|PEG3|S100A6|SOX9|TFF1|TWIST1|TXN|RECK|SOCS3|TP53I3|TSPAN1|RASSF1|FILIP1L|SLC7A11|SALL3|ERO1A|TREM1|ACKR3|SOX17|ASRGL1|LRG1|RAB7B|MACC1,-6,MyList
Cell Type Signatures,7,M40223,DESCARTES FETAL KIDNEY METANEPHRIC CELLS,,-8,4.7,7.7,30293,152,851,20,2.4,0.52,846|1137|2253|4036|4826|5800|6493|27164|54898|56033|56896|65217|79192|116372|120114|140597|147111|169026|219287|283576,CASR|CHRNA4|FGF8|LRP2|NNAT|PTPRO|SIM2|SALL3|ELOVL2|BARX1|DPYSL5|PCDH15|IRX1|LYPD1|FAT3|TCEAL2|NOTUM|SLC30A8|AMER2|ZDHHC22,-5.9,MyList
DisGeNET,35,C0035309,Retinal Diseases,,-8,2.4,6.6,30293,714,851,49,5.8,0.8,133|285|290|345|718|861|972|1029|1030|1137|1295|1301|1410|1440|1634|2258|2335|2697|3119|3123|3383|3481|3488|3552|3561|3576|4155|4319|4760|4914|5155|6376|6513|6533|7070|7424|9021|9423|10512|22915|22943|27035|29106|30813|51129|51477|54210|57007|286204,ADM|ANGPT2|ANPEP|APOC3|C3|RUNX1|CD74|CDKN2A|CDKN2B|CHRNA4|COL8A1|COL11A1|CRYAB|CSF3|DCN|FGF13|FN1|GJA1|HLA-DQB1|HLA-DRB1|ICAM1|IGF2|IGFBP5|IL1A|IL2RG|CXCL8|MBP|MMP10|NEUROD1|NTRK1|PDGFB|CX3CL1|SLC2A1|SLC6A6|THY1|VEGFC|SOCS3|NTN1|SEMA3C|MMRN1|DKK1|NOX1|SCG3|VSX1|ANGPTL4|ISYNA1|TREM1|ACKR3|CRB2,-5.9,MyList
DisGeNET,35,C0205647,Follicular adenoma,,-7.9,4.3,7.6,30293,183,851,22,2.6,0.54,972|1026|1029|1030|1893|2335|2346|2697|3339|4684|4914|4916|5111|5126|6513|9518|10397|23541|50848|53827|644943|100131187,CD74|CDKN1A|CDKN2A|CDKN2B|ECM1|FN1|FOLH1|GJA1|HSPG2|NCAM1|NTRK1|NTRK3|PCNA|PCSK2|SLC2A1|GDF15|NDRG1|SEC14L2|F11R|FXYD5|RASSF10|TSTD1,-5.9,MyList
Transcription Factor Targets,16,M6869,RYAAAKNNNNNNTTGW UNKNOWN,,-7.9,6.4,8.4,30293,84,851,15,1.8,0.45,862|1942|2823|3227|3236|4762|4825|6660|7291|7545|26257|57561|84107|84858|167826,RUNX1T1|EFNA1|GPM6A|HOXC11|HOXD10|NEUROG1|NKX6-1|SOX5|TWIST1|ZIC1|NKX2-8|ARRDC3|ZIC4|ZNF503|OLIG3,-5.9,MyList
DisGeNET,35,C0235989,Renal interstitial fibrosis,,-7.9,4.9,7.8,30293,138,851,19,2.2,0.51,650|718|1026|1993|2274|2335|2530|3552|3576|4036|5327|6320|6352|6928|7295|7424|9021|22915|203447,BMP2|C3|CDKN1A|ELAVL2|FHL2|FN1|FUT8|IL1A|CXCL8|LRP2|PLAT|CLEC11A|CCL5|HNF1B|TXN|VEGFC|SOCS3|MMRN1|NRK,-5.9,MyList
DisGeNET,35,C0037284,Skin lesion,,-7.9,2.7,6.7,30293,563,851,42,4.9,0.74,133|174|301|567|602|634|838|972|1026|1029|1052|1510|1634|1893|1910|2335|2624|2852|3383|3552|3576|3589|3676|3725|3852|3918|4288|4684|5111|6348|6352|6364|6662|6707|6736|7070|9518|11322|23541|54997|55655|57007,ADM|AFP|ANXA1|B2M|BCL3|CEACAM1|CASP5|CD74|CDKN1A|CDKN2A|CEBPD|CTSE|DCN|ECM1|EDNRB|FN1|GATA2|GPER1|ICAM1|IL1A|CXCL8|IL11|ITGA4|JUN|KRT5|LAMC2|MKI67|NCAM1|PCNA|CCL3|CCL5|CCL20|SOX9|SPRR3|SRY|THY1|GDF15|TMC6|SEC14L2|TESC|NLRP2|ACKR3,-5.9,MyList
DisGeNET,35,C0009241,Cognition Disorders,,-7.9,2.6,6.7,30293,606,851,44,5.2,0.76,117|273|290|301|414|650|823|862|875|1137|1621|1641|2114|2259|2521|2913|3481|3785|3918|4760|4804|4914|5021|5063|5327|6376|6506|6515|6616|7070|7295|8831|9211|9378|9423|10215|10752|11170|11255|51299|57007|57575|84867|388585,ADCYAP1R1|AMPH|ANPEP|ANXA1|ARSD|BMP2|CAPN1|RUNX1T1|CBS|CHRNA4|DBH|DCX|ETS2|FGF14|FUS|GRM3|IGF2|KCNQ2|LAMC2|NEUROD1|NGFR|NTRK1|OXTR|PAK3|PLAT|CX3CL1|SLC1A2|SLC2A3|SNAP25|THY1|TXN|SYNGAP1|LGI1|NRXN1|NTN1|OLIG2|CHL1|FAM107A|HRH3|NRN1|ACKR3|PCDH10|PTPN5|HES5,-5.9,MyList
Transcription Factor Targets,16,M10112,RNGTGGGC UNKNOWN,,-7.9,2.4,6.6,30293,784,851,52,6.1,0.82,694|972|1051|1152|1295|1299|1952|1996|2018|2034|2051|2128|2255|2290|3222|3226|3227|3236|4036|4684|4762|4821|5063|5126|5155|5209|5396|5493|5521|6238|6547|7021|7101|7448|7869|8403|8447|8929|9068|9590|10752|11075|23023|25975|50944|51599|55890|79026|84033|116448|202915|203447,BTG1|CD74|CEBPB|CKB|COL8A1|COL9A3|CELSR2|ELAVL4|EMX2|EPAS1|EPHB6|EVX1|FGF10|FOXG1|HOXC5|HOXC10|HOXC11|HOXD10|LRP2|NCAM1|NEUROG1|NKX2-2|PAK3|PCSK2|PDGFB|PFKFB3|PRRX1|PPL|PPP2R2B|RRBP1|SLC8A3|TFAP2B|NR2E1|VTN|SEMA3B|SOX14|DOC2B|PHOX2B|ANGPTL1|AKAP12|CHL1|STMN2|TMCC1|EGFL6|SHANK1|LSR|GPRC5C|AHNAK|OBSCN|OLIG1|TMEM184A|NRK,-5.9,MyList
Cell Type Signatures,7,M40301,DESCARTES FETAL STOMACH MUC13 DMBT1 POSITIVE CELLS,,-7.9,5.9,8.2,30293,97,851,16,1.9,0.47,345|1015|1044|3960|5284|9245|9615|55018|56667|79853|80201|84647|93432|140453|166012|644844,APOC3|CDH17|CDX1|LGALS4|PIGR|GCNT3|GDA|ANKRD40CL|MUC13|TM4SF20|HKDC1|PLA2G12B|MGAM2|MUC17|CHST13|PHGR1,-5.9,MyList
Transcription Factor Targets,16,M9937,RSRFC4 Q2,,-7.9,3.9,7.4,30293,217,851,24,2.8,0.57,577|1295|1463|1996|2045|3037|3780|4622|5800|6547|6578|6660|7025|7058|7291|7401|10150|10586|10725|27123|55466|56937|94015|140679,ADGRB3|COL8A1|NCAN|ELAVL4|EPHA7|HAS2|KCNN1|MYH4|PTPRO|SLC8A3|SLCO2A1|SOX5|NR2F1|THBS2|TWIST1|CLRN1|MBNL2|MAB21L2|NFAT5|DKK2|DNAJA4|PMEPA1|TTYH2|SLC32A1,-5.9,MyList
Cell Type Signatures,7,M39288,DURANTE ADULT OLFACTORY NEUROEPITHELIUM IMMATURE NEURONS,,-7.9,4.9,7.8,30293,139,851,19,2.2,0.51,1152|1641|1879|1995|1996|2018|2596|3642|4684|9378|10215|11075|27344|29106|56884|57761|64641|253738|387856,CKB|DCX|EBF1|ELAVL3|ELAVL4|EMX2|GAP43|INSM1|NCAM1|NRXN1|OLIG2|STMN2|PCSK1N|SCG3|FSTL5|TRIB3|EBF2|EBF3|CCDC184,-5.8,MyList
Cell Type Signatures,7,M39176,MURARO PANCREAS ENDOTHELIAL CELL,,-7.9,3.1,7,30293,362,851,32,3.8,0.65,2|285|633|928|1889|1942|2034|2114|2624|2791|3383|3397|3487|4071|5155|5214|6515|6578|7056|9021|11082|11098|11346|23452|23657|56892|56937|57580|64856|84858|116159|284119,A2M|ANGPT2|BGN|CD9|ECE1|EFNA1|EPAS1|ETS2|GATA2|GNG11|ICAM1|ID1|IGFBP4|TM4SF1|PDGFB|PFKP|SLC2A3|SLCO2A1|THBD|SOCS3|ESM1|PRSS23|SYNPO|ANGPTL2|SLC7A11|TCIM|PMEPA1|PREX1|VWA1|ZNF503|CYYR1|CAVIN1,-5.8,MyList
Cell Type Signatures,7,M41656,TRAVAGLINI LUNG MUCOUS CELL,,-7.8,5.1,7.9,30293,125,851,18,2.1,0.49,133|290|718|1356|1440|3576|5266|5284|6288|6303|6364|6376|7127|10863|29923|30001|148170|100505989,ADM|ANPEP|C3|CP|CSF3|CXCL8|PI3|PIGR|SAA1|SAT1|CCL20|CX3CL1|TNFAIP2|ADAM28|HILPDA|ERO1A|CDC42EP5|SMIM31,-5.8,MyList
DisGeNET,35,C1519689,Tumor Promotion,,-7.8,4.4,7.6,30293,170,851,21,2.5,0.53,285|429|846|1440|2041|2042|2353|3552|3589|3725|3726|3960|4288|6513|6662|7070|7538|9314|22943|23452|116844,ANGPT2|ASCL1|CASR|CSF3|EPHA1|EPHA3|FOS|IL1A|IL11|JUN|JUNB|LGALS4|MKI67|SLC2A1|SOX9|THY1|ZFP36|KLF4|DKK1|ANGPTL2|LRG1,-5.8,MyList
DisGeNET,35,C0442874,Neuropathy,,-7.8,2.8,6.8,30293,483,851,38,4.5,0.71,133|174|273|345|718|1463|2596|2675|2697|2934|3300|3552|3576|3725|3918|4804|4914|4916|5024|5339|5354|6352|6616|6656|8792|9211|9423|9641|10397|11343|22915|27123|51083|55790|56896|83482|114786|338382,ADM|AFP|AMPH|APOC3|C3|NCAN|GAP43|GFRA2|GJA1|GSN|DNAJB2|IL1A|CXCL8|JUN|LAMC2|NGFR|NTRK1|NTRK3|P2RX3|PLEC|PLP1|CCL5|SNAP25|SOX1|TNFRSF11A|LGI1|NTN1|IKBKE|NDRG1|MGLL|MMRN1|DKK2|GAL|CSGALNACT1|DPYSL5|SCRT1|XKR4|RAB7B,-5.8,MyList
Transcription Factor Targets,16,M19147,HMGIY Q6,,-7.8,3.7,7.2,30293,253,851,26,3.1,0.59,1440|2253|2255|3339|3383|3642|4684|4916|6660|7545|8190|8447|8929|9180|9902|11082|11343|23440|27023|54798|55885|57575|84033|84107|114798|130132,CSF3|FGF8|FGF10|HSPG2|ICAM1|INSM1|NCAM1|NTRK3|SOX5|ZIC1|MIA|DOC2B|PHOX2B|OSMR|MRC2|ESM1|MGLL|OTP|FOXB1|DCHS2|LMO3|PCDH10|OBSCN|ZIC4|SLITRK1|RFTN2,-5.8,MyList
Cell Type Signatures,7,M40004,BUSSLINGER ESOPHAGEAL LATE SUPRABASAL CELLS,,-7.8,4.8,7.7,30293,140,851,19,2.2,0.51,301|1026|1030|2934|3853|3854|4118|5493|6281|6707|7295|10397|11187|11343|57111|57402|64065|64855|79026,ANXA1|CDKN1A|CDKN2B|GSN|KRT6A|KRT6B|MAL|PPL|S100A10|SPRR3|TXN|NDRG1|PKP3|MGLL|RAB25|S100A14|PERP|NIBAN2|AHNAK,-5.8,MyList
Transcription Factor Targets,16,M14276,LYF1 01,,-7.8,3.5,7.2,30293,271,851,27,3.2,0.6,1012|2128|2255|2258|2530|2823|2913|3211|3222|3227|3691|3772|4826|5045|5339|5992|8673|10586|22895|23440|26257|50944|54715|79026|80736|84107|124935,CDH13|EVX1|FGF10|FGF13|FUT8|GPM6A|GRM3|HOXB1|HOXC5|HOXC11|ITGB4|KCNJ15|NNAT|FURIN|PLEC|RFX4|VAMP8|MAB21L2|RPH3A|OTP|NKX2-8|SHANK1|RBFOX1|AHNAK|SLC44A4|ZIC4|SLC43A2,-5.8,MyList
Transcription Factor Targets,16,M13012,TGCTGAY UNKNOWN,,-7.8,2.7,6.7,30293,547,851,41,4.8,0.73,634|650|861|862|1143|1647|1649|1993|2258|2353|2697|3123|3219|5076|5122|5209|5339|5456|5521|6616|6860|7275|11078|11254|23023|23645|25802|29942|50944|54715|55715|55885|57575|84858|85397|90665|114798|124935|169026|196463|220108,CEACAM1|BMP2|RUNX1|RUNX1T1|CHRNB4|GADD45A|DDIT3|ELAVL2|FGF13|FOS|GJA1|HLA-DRB1|HOXB9|PAX2|PCSK1|PFKFB3|PLEC|POU3F4|PPP2R2B|SNAP25|SYT4|TUB|TRIOBP|SLC6A14|TMCC1|PPP1R15A|LMOD1|PURG|SHANK1|RBFOX1|DOK4|LMO3|PCDH10|ZNF503|RGS8|TBL1Y|SLITRK1|SLC43A2|SLC30A8|PLBD2|FAM124A,-5.8,MyList
DisGeNET,35,C0042133,Uterine Fibroids,,-7.8,2.6,6.7,30293,569,851,42,4.9,0.74,238|285|650|1026|1029|1050|1051|1277|1281|1288|1462|1822|1893|1910|2335|2697|2852|3209|3481|3488|3576|3624|4288|4762|5021|5111|5121|5354|6513|7058|7295|8434|8744|9314|9547|9671|9961|10194|10653|10725|22915|27328,ALK|ANGPT2|BMP2|CDKN1A|CDKN2A|CEBPA|CEBPB|COL1A1|COL3A1|COL4A6|VCAN|ATN1|ECM1|EDNRB|FN1|GJA1|GPER1|HOXA13|IGF2|IGFBP5|CXCL8|INHBA|MKI67|NEUROG1|OXTR|PCNA|PCP4|PLP1|SLC2A1|THBS2|TXN|RECK|TNFSF9|KLF4|CXCL14|WSCD2|MVP|TSHZ1|SPINT2|NFAT5|MMRN1|PCDH11X,-5.8,MyList
Cell Type Signatures,7,M39152,GAO LARGE INTESTINE 24W C1 DCLK1POS PROGENITOR,,-7.8,5.8,8.1,30293,99,851,16,1.9,0.47,718|1277|1281|1295|1462|1634|2675|3383|4804|6320|7058|9902|10418|10630|25891|94015,C3|COL1A1|COL3A1|COL8A1|VCAN|DCN|GFRA2|ICAM1|NGFR|CLEC11A|THBS2|MRC2|SPON1|PDPN|PAMR1|TTYH2,-5.8,MyList
Transcription Factor Targets,16,M2709,IRF1 01,,-7.7,3.6,7.2,30293,255,851,26,3.1,0.59,567|862|1029|1607|1649|1996|2018|2034|3209|3589|5076|5284|5629|6096|6303|6352|6892|7291|8482|9211|25975|53827|55885|63976|80323|81832,B2M|RUNX1T1|CDKN2A|DGKB|DDIT3|ELAVL4|EMX2|EPAS1|HOXA13|IL11|PAX2|PIGR|PROX1|RORB|SAT1|CCL5|TAPBP|TWIST1|SEMA7A|LGI1|EGFL6|FXYD5|LMO3|PRDM16|CCDC68|NETO1,-5.7,MyList
Transcription Factor Targets,16,M16022,CTAWWWATA RSRFC4 Q2,,-7.7,3.1,6.9,30293,366,851,32,3.8,0.65,1152|1295|1463|1996|2045|2846|3725|3780|4622|5396|5456|5800|6496|6547|6660|6662|7025|7058|7277|7291|10586|10725|27328|55466|56937|79026|84107|84171|94015|116372|140679|167410,CKB|COL8A1|NCAN|ELAVL4|EPHA7|LPAR4|JUN|KCNN1|MYH4|PRRX1|POU3F4|PTPRO|SIX3|SLC8A3|SOX5|SOX9|NR2F1|THBS2|TUBA4A|TWIST1|MAB21L2|NFAT5|PCDH11X|DNAJA4|PMEPA1|AHNAK|ZIC4|LOXL4|TTYH2|LYPD1|SLC32A1|LIX1,-5.7,MyList
DisGeNET,35,C0268731,Renal glomerular disease,,-7.7,3.9,7.3,30293,221,851,24,2.8,0.57,633|718|1440|1634|1649|1910|2034|2335|2353|4036|4914|5076|5339|5800|6928|7448|8792|9314|11346|23135|51129|255743|284119|286204,BGN|C3|CSF3|DCN|DDIT3|EDNRB|EPAS1|FN1|FOS|LRP2|NTRK1|PAX2|PLEC|PTPRO|HNF1B|VTN|TNFRSF11A|KLF4|SYNPO|KDM6B|ANGPTL4|NPNT|CAVIN1|CRB2,-5.7,MyList
DisGeNET,35,C0338106,Adenocarcinoma of colon,,-7.7,3,6.8,30293,406,851,34,4,0.67,133|290|890|1026|1044|1045|1087|1295|1301|1440|1993|2335|2353|2524|2934|3219|3481|3576|3725|3726|3960|4194|5111|6513|7291|7424|8549|9123|11226|51083|57007|92359|150094|346389,ADM|ANPEP|CCNA2|CDKN1A|CDX1|CDX2|CEACAM7|COL8A1|COL11A1|CSF3|ELAVL2|FN1|FOS|FUT2|GSN|HOXB9|IGF2|CXCL8|JUN|JUNB|LGALS4|MDM4|PCNA|SLC2A1|TWIST1|VEGFC|LGR5|SLC16A3|GALNT6|GAL|ACKR3|CRB3|SIK1|MACC1,-5.7,MyList
DisGeNET,35,C0234985,Mental deterioration,,-7.7,2.7,6.7,30293,508,851,39,4.6,0.72,2|133|285|301|345|567|718|862|875|1029|1137|1759|2697|3383|3488|3552|3746|3785|3918|4023|4036|4914|5155|6328|6506|6572|6616|6900|8660|8831|9123|9518|10194|10418|22943|23316|54210|79152|116844,A2M|ADM|ANGPT2|ANXA1|APOC3|B2M|C3|RUNX1T1|CBS|CDKN2A|CHRNA4|DNM1|GJA1|ICAM1|IGFBP5|IL1A|KCNC1|KCNQ2|LAMC2|LPL|LRP2|NTRK1|PDGFB|SCN3A|SLC1A2|SLC18A3|SNAP25|CNTN2|IRS2|SYNGAP1|SLC16A3|GDF15|TSHZ1|SPON1|DKK1|CUX2|TREM1|FA2H|LRG1,-5.7,MyList
DisGeNET,35,C0007114,Malignant neoplasm of skin,,-7.7,2.7,6.7,30293,508,851,39,4.6,0.72,861|1026|1029|1045|1050|1051|1294|1440|1462|1747|2041|2335|2353|2697|3383|3552|4118|4194|4319|4804|5111|5272|5327|6616|6850|7058|7291|7424|9235|9290|9314|9590|10103|10630|11322|23541|27035|55612|57007,RUNX1|CDKN1A|CDKN2A|CDX2|CEBPA|CEBPB|COL7A1|CSF3|VCAN|DLX3|EPHA1|FN1|FOS|GJA1|ICAM1|IL1A|MAL|MDM4|MMP10|NGFR|PCNA|SERPINB9|PLAT|SNAP25|SYK|THBS2|TWIST1|VEGFC|IL32|GPR55|KLF4|AKAP12|TSPAN1|PDPN|TMC6|SEC14L2|NOX1|FERMT1|ACKR3,-5.7,MyList
Transcription Factor Targets,16,M18169,YATGNWAAT OCT C,,-7.7,3.1,6.9,30293,367,851,32,3.8,0.65,133|238|1440|1634|1952|2290|3211|3222|3227|3993|4023|4762|4821|5080|5100|5396|5456|6572|6660|6928|8022|8482|9378|10150|10586|27023|27164|51199|55117|55885|130132|256536,ADM|ALK|CSF3|DCN|CELSR2|FOXG1|HOXB1|HOXC5|HOXC11|LLGL2|LPL|NEUROG1|NKX2-2|PAX6|PCDH8|PRRX1|POU3F4|SLC18A3|SOX5|HNF1B|LHX3|SEMA7A|NRXN1|MBNL2|MAB21L2|FOXB1|SALL3|NIN|SLC6A15|LMO3|RFTN2|TCERG1L,-5.7,MyList
Transcription Factor Targets,16,M8585,TFIIA Q6,,-7.7,3.6,7.1,30293,256,851,26,3.1,0.59,1277|1410|1747|2041|2259|2274|2877|3211|3222|5080|5284|5354|6658|6900|7021|7025|7546|9378|11096|27319|50674|51199|56937|57124|63976|122953,COL1A1|CRYAB|DLX3|EPHA1|FGF14|FHL2|GPX2|HOXB1|HOXC5|PAX6|PIGR|PLP1|SOX3|CNTN2|TFAP2B|NR2F1|ZIC2|NRXN1|ADAMTS5|BHLHE22|NEUROG3|NIN|PMEPA1|CD248|PRDM16|JDP2,-5.7,MyList
DisGeNET,35,C1449563,"Cardiomyopathy, Familial Idiopathic",,-7.7,2.4,6.5,30293,772,851,51,6,0.81,133|285|290|634|650|768|846|1029|1301|1311|1410|1440|1491|1822|1889|1910|2274|2290|2335|2353|2697|3119|3123|3552|3576|3768|4288|4684|5080|6277|6385|6513|6850|7020|7122|7291|8788|9021|9314|9518|10194|10630|11186|22915|50506|51142|57007|57761|63976|84033|150094,ADM|ANGPT2|ANPEP|CEACAM1|BMP2|CA9|CASR|CDKN2A|COL11A1|COMP|CRYAB|CSF3|CTH|ATN1|ECE1|EDNRB|FHL2|FOXG1|FN1|FOS|GJA1|HLA-DQB1|HLA-DRB1|IL1A|CXCL8|KCNJ12|MKI67|NCAM1|PAX6|S100A6|SDC4|SLC2A1|SYK|TFAP2A|CLDN5|TWIST1|DLK1|SOCS3|KLF4|GDF15|TSHZ1|PDPN|RASSF1|MMRN1|DUOX2|CHCHD2|ACKR3|TRIB3|PRDM16|OBSCN|SIK1,-5.7,MyList
Transcription Factor Targets,16,M7477,AP1 Q2 01,,-7.7,3.5,7.1,30293,274,851,27,3.2,0.6,114|768|1026|1942|1993|1996|3589|3914|3918|4973|7401|7869|9290|9547|9719|10163|11030|11187|11254|23023|27344|54101|55466|59277|64065|85397|153769,ADCY8|CA9|CDKN1A|EFNA1|ELAVL2|ELAVL4|IL11|LAMB3|LAMC2|OLR1|CLRN1|SEMA3B|GPR55|CXCL14|ADAMTSL2|WASF2|RBPMS|PKP3|SLC6A14|TMCC1|PCSK1N|RIPK4|DNAJA4|NTN4|PERP|RGS8|SH3RF2,-5.7,MyList
DisGeNET,35,C2132198,Abnormal blistering of the skin,,-7.7,6.6,8.3,30293,75,851,14,1.6,0.44,1294|1893|2697|3119|3123|3852|3853|3854|3914|3918|5339|55612|63976|340024,COL7A1|ECM1|GJA1|HLA-DQB1|HLA-DRB1|KRT5|KRT6A|KRT6B|LAMB3|LAMC2|PLEC|FERMT1|PRDM16|SLC6A19,-5.7,MyList
Transcription Factor Targets,16,M572,TGCCAAR NF1 Q6,,-7.7,2.4,6.5,30293,727,851,49,5.8,0.8,107|862|1410|1649|1747|2042|3211|4622|4675|4684|4826|4916|5076|5099|5354|5629|6238|6348|6860|7025|7546|8660|8929|9547|9951|9961|10439|10586|23440|54498|54541|54715|54798|55885|64399|64641|64856|78997|81849|85416|85508|89932|116372|116986|122953|150094|170685|203447|220108,ADCY1|RUNX1T1|CRYAB|DDIT3|DLX3|EPHA3|HOXB1|MYH4|NAP1L3|NCAM1|NNAT|NTRK3|PAX2|PCDH7|PLP1|PROX1|RRBP1|CCL3|SYT4|NR2F1|ZIC2|IRS2|PHOX2B|CXCL14|HS3ST4|MVP|OLFM1|MAB21L2|OTP|SMOX|DDIT4|RBFOX1|DCHS2|LMO3|HHIP|EBF2|VWA1|GDAP1L1|ST6GALNAC5|ZIC5|SCRT2|PAPLN|LYPD1|AGAP2|JDP2|SIK1|NUDT10|NRK|FAM124A,-5.7,MyList
DisGeNET,35,C0206682,Follicular thyroid carcinoma,,-7.7,3.4,7,30293,293,851,28,3.3,0.61,290|1029|1030|2346|2852|3383|3552|3576|3598|4288|4684|4914|5126|5629|6281|6513|6515|6736|7424|9518|10194|10610|10630|10653|11186|50506|51129|148022,ANPEP|CDKN2A|CDKN2B|FOLH1|GPER1|ICAM1|IL1A|CXCL8|IL13RA2|MKI67|NCAM1|NTRK1|PCSK2|PROX1|S100A10|SLC2A1|SLC2A3|SRY|VEGFC|GDF15|TSHZ1|ST6GALNAC2|PDPN|SPINT2|RASSF1|DUOX2|ANGPTL4|TICAM1,-5.7,MyList
Cell Type Signatures,7,M39102,ZHONG PFC C3 ASTROCYTE,,-7.7,3,6.8,30293,389,851,33,3.9,0.66,107|862|1759|1952|1993|1995|2596|4023|4684|5214|6328|6352|6511|6860|7122|8906|9892|10512|23768|27328|51617|55530|57648|59283|84033|85300|91584|114786|116986|134829|340533|440270|494470,ADCY1|RUNX1T1|DNM1|CELSR2|ELAVL2|ELAVL3|GAP43|LPL|NCAM1|PFKP|SCN3A|CCL5|SLC1A6|SYT4|CLDN5|AP1G2|SNAP91|SEMA3C|FLRT2|PCDH11X|NSG2|SVOP|NHSL3|CACNG8|OBSCN|ATCAY|PLXNA4|XKR4|AGAP2|CLVS2|NEXMIF|GOLGA8B|ARK2C,-5.7,MyList
Transcription Factor Targets,16,M6490,IPF1 Q4,,-7.6,3.6,7.1,30293,258,851,26,3.1,0.59,1030|1634|1996|2051|2530|2846|3211|5456|7101|7545|7547|8929|9719|10439|10814|23440|27164|27319|55885|56937|64067|64641|84107|84631|167410|389206,CDKN2B|DCN|ELAVL4|EPHB6|FUT8|LPAR4|HOXB1|POU3F4|NR2E1|ZIC1|ZIC3|PHOX2B|ADAMTSL2|OLFM1|CPLX2|OTP|SALL3|BHLHE22|LMO3|PMEPA1|NPAS3|EBF2|ZIC4|SLITRK2|LIX1|BEND4,-5.7,MyList
Transcription Factor Targets,16,M11921,NFKB Q6,,-7.6,3.6,7.1,30293,258,851,26,3.1,0.59,602|861|1879|2307|2920|3213|3219|3383|5126|6352|6660|6886|7869|8553|9181|10725|10814|11096|23541|27289|29942|51286|55885|57530|57575|338917,BCL3|RUNX1|EBF1|FOXS1|CXCL2|HOXB3|HOXB9|ICAM1|PCSK2|CCL5|SOX5|TAL1|SEMA3B|BHLHE40|ARHGEF2|NFAT5|CPLX2|ADAMTS5|SEC14L2|RND1|PURG|CEND1|LMO3|CGN|PCDH10|VSX2,-5.7,MyList
Transcription Factor Targets,16,M217,VDR Q6,,-7.6,3.5,7,30293,276,851,27,3.2,0.6,108|862|1030|1044|1051|1462|1649|2255|2259|2913|4661|5080|5521|6303|6660|7869|9056|9314|10655|11187|27344|57124|64220|64641|84858|124842|124935,ADCY2|RUNX1T1|CDKN2B|CDX1|CEBPB|VCAN|DDIT3|FGF10|FGF14|GRM3|MYT1|PAX6|PPP2R2B|SAT1|SOX5|SEMA3B|SLC7A7|KLF4|DMRT2|PKP3|PCSK1N|CD248|STRA6|EBF2|ZNF503|TMEM132E|SLC43A2,-5.6,MyList
DisGeNET,35,C0038220,Status Epilepticus,,-7.6,2.7,6.6,30293,533,851,40,4.7,0.73,2|301|429|1029|1641|1649|1759|1889|1996|2353|2596|2697|3552|3725|3726|3776|3785|4760|4916|5024|5121|5327|5629|6328|6348|6376|6506|6513|6546|6547|6572|7424|8831|9021|11096|11255|11343|11346|170302|340533,A2M|ANXA1|ASCL1|CDKN2A|DCX|DDIT3|DNM1|ECE1|ELAVL4|FOS|GAP43|GJA1|IL1A|JUN|JUNB|KCNK2|KCNQ2|NEUROD1|NTRK3|P2RX3|PCP4|PLAT|PROX1|SCN3A|CCL3|CX3CL1|SLC1A2|SLC2A1|SLC8A1|SLC8A3|SLC18A3|VEGFC|SYNGAP1|SOCS3|ADAMTS5|HRH3|MGLL|SYNPO|ARX|NEXMIF,-5.6,MyList
Cell Type Signatures,7,M40147,DESCARTES FETAL ADRENAL SCHWANN CELLS,,-7.6,5,7.7,30293,129,851,18,2.1,0.49,2899|4023|4804|5354|5521|6900|8190|9378|10752|24141|56937|57348|63976|84631|114786|116372|128414|222553,GRIK3|LPL|NGFR|PLP1|PPP2R2B|CNTN2|MIA|NRXN1|CHL1|LAMP5|PMEPA1|TTYH1|PRDM16|SLITRK2|XKR4|LYPD1|NKAIN4|SLC35F1,-5.6,MyList
Transcription Factor Targets,16,M8816,PAX4 02,,-7.6,3.7,7.1,30293,241,851,25,2.9,0.58,174|567|1641|2253|3037|3236|4826|5076|5080|6303|6496|6660|7545|8403|8929|10150|10512|11075|54101|54715|57530|59283|64641|84107|114798,AFP|B2M|DCX|FGF8|HAS2|HOXD10|NNAT|PAX2|PAX6|SAT1|SIX3|SOX5|ZIC1|SOX14|PHOX2B|MBNL2|SEMA3C|STMN2|RIPK4|RBFOX1|CGN|CACNG8|EBF2|ZIC4|SLITRK1,-5.6,MyList
DisGeNET,35,C0020459,Hyperinsulinism,,-7.6,2.5,6.5,30293,620,851,44,5.2,0.76,2|301|345|634|650|1281|1512|1621|1649|1822|2169|2353|2673|2934|3123|3481|3552|3576|3772|4023|5080|5111|5122|6348|6513|6515|6616|6662|7275|7291|7401|7538|7681|8553|8660|8673|9423|10725|27035|51129|54715|169026|284119|375704,A2M|ANXA1|APOC3|CEACAM1|BMP2|COL3A1|CTSH|DBH|DDIT3|ATN1|FABP2|FOS|GFPT1|GSN|HLA-DRB1|IGF2|IL1A|CXCL8|KCNJ15|LPL|PAX6|PCNA|PCSK1|CCL3|SLC2A1|SLC2A3|SNAP25|SOX9|TUB|TWIST1|CLRN1|ZFP36|MKRN3|BHLHE40|IRS2|VAMP8|NTN1|NFAT5|NOX1|ANGPTL4|RBFOX1|SLC30A8|CAVIN1|ENHO,-5.6,MyList
DisGeNET,35,C0086692,Benign Neoplasm,,-7.6,3.1,6.8,30293,371,851,32,3.8,0.65,174|694|823|1029|1030|1063|1634|1649|1910|2335|2346|2353|2521|3123|3383|3397|3481|3576|4288|5111|6277|6513|6656|7056|8792|9021|9290|9423|9518|11186|27123|64321,AFP|BTG1|CAPN1|CDKN2A|CDKN2B|CENPF|DCN|DDIT3|EDNRB|FN1|FOLH1|FOS|FUS|HLA-DRB1|ICAM1|ID1|IGF2|CXCL8|MKI67|PCNA|S100A6|SLC2A1|SOX1|THBD|TNFRSF11A|SOCS3|GPR55|NTN1|GDF15|RASSF1|DKK2|SOX17,-5.6,MyList
DisGeNET,35,C1290884,Inflammatory disorder,,-7.6,3,6.8,30293,391,851,33,3.9,0.66,567|602|633|634|1440|1822|1893|2034|2596|3123|3383|3552|3576|3589|4055|4155|6288|6364|6513|6515|6690|6850|7128|7538|8482|8792|9235|9423|23135|23452|54210|56667|57101,B2M|BCL3|BGN|CEACAM1|CSF3|ATN1|ECM1|EPAS1|GAP43|HLA-DRB1|ICAM1|IL1A|CXCL8|IL11|LTBR|MBP|SAA1|CCL20|SLC2A1|SLC2A3|SPINK1|SYK|TNFAIP3|ZFP36|SEMA7A|TNFRSF11A|IL32|NTN1|KDM6B|ANGPTL2|TREM1|MUC13|ANO2,-5.6,MyList
DisGeNET,35,C0011884,Diabetic Retinopathy,,-7.6,2.5,6.5,30293,644,851,45,5.3,0.77,285|290|718|972|1012|1311|1512|1993|2258|2335|2353|2697|3119|3213|3383|3552|3576|3676|3725|3726|4319|4804|5126|6348|6376|6513|7295|7424|7448|8722|9021|9423|10725|11030|22915|27035|29106|51129|51477|54498|54715|63976|116844|375704|388585,ANGPT2|ANPEP|C3|CD74|CDH13|COMP|CTSH|ELAVL2|FGF13|FN1|FOS|GJA1|HLA-DQB1|HOXB3|ICAM1|IL1A|CXCL8|ITGA4|JUN|JUNB|MMP10|NGFR|PCSK2|CCL3|CX3CL1|SLC2A1|TXN|VEGFC|VTN|CTSF|SOCS3|NTN1|NFAT5|RBPMS|MMRN1|NOX1|SCG3|ANGPTL4|ISYNA1|SMOX|RBFOX1|PRDM16|LRG1|ENHO|HES5,-5.6,MyList
Cell Type Signatures,7,M41673,TRAVAGLINI LUNG MYOFIBROBLAST CELL,,-7.6,7.1,8.4,30293,65,851,13,1.5,0.42,928|1277|1281|1311|1462|6281|7045|7056|9547|25891|27344|80323|147111,CD9|COL1A1|COL3A1|COMP|VCAN|S100A10|TGFBI|THBD|CXCL14|PAMR1|PCSK1N|CCDC68|NOTUM,-5.6,MyList
DisGeNET,35,C0039483,Giant Cell Arteritis,,-7.6,3.6,7,30293,260,851,26,3.1,0.59,285|301|1026|1029|1440|1647|1889|1910|2258|3119|3123|3383|3552|3576|5111|5334|6352|6376|7128|7869|8792|8974|9181|9235|11186|166824,ANGPT2|ANXA1|CDKN1A|CDKN2A|CSF3|GADD45A|ECE1|EDNRB|FGF13|HLA-DQB1|HLA-DRB1|ICAM1|IL1A|CXCL8|PCNA|PLCL1|CCL5|CX3CL1|TNFAIP3|SEMA3B|TNFRSF11A|P4HA2|ARHGEF2|IL32|RASSF1|RASSF6,-5.6,MyList
Transcription Factor Targets,16,M3651,PBX1 01,,-7.6,3.6,7,30293,260,851,26,3.1,0.59,1288|1641|1993|2018|2258|3219|3236|3726|3982|4661|4674|5099|6860|6892|7545|7546|8906|50674|57172|57575|64641|84107|84631|90665|113763|389206,COL4A6|DCX|ELAVL2|EMX2|FGF13|HOXB9|HOXD10|JUNB|LIM2|MYT1|NAP1L2|PCDH7|SYT4|TAPBP|ZIC1|ZIC2|AP1G2|NEUROG3|CAMK1G|PCDH10|EBF2|ZIC4|SLITRK2|TBL1Y|ZBED10P|BEND4,-5.6,MyList
Transcription Factor Targets,16,M6359,ZF5 B,,-7.6,3.7,7.1,30293,243,851,25,2.9,0.58,1649|1749|1995|2258|2530|2556|2596|2899|3642|3726|4762|5155|5992|7101|7546|8553|9378|11030|59284|64399|79962|79977|85508|158866|375704,DDIT3|DLX5|ELAVL3|FGF13|FUT8|GABRA3|GAP43|GRIK3|INSM1|JUNB|NEUROG1|PDGFB|RFX4|NR2E1|ZIC2|BHLHE40|NRXN1|RBPMS|CACNG7|HHIP|DNAJC22|GRHL2|SCRT2|ZDHHC15|ENHO,-5.6,MyList
DisGeNET,35,C0011603,Dermatitis,,-7.5,2.7,6.6,30293,496,851,38,4.5,0.71,301|460|875|972|1299|1311|1440|1747|2034|2335|2353|2852|3383|3552|3576|3725|3726|5126|5327|5880|6352|6364|6376|7020|7056|7128|7295|7424|7448|7538|9021|9181|9235|50506|54625|57402|196264|255743,ANXA1|ASTN1|CBS|CD74|COL9A3|COMP|CSF3|DLX3|EPAS1|FN1|FOS|GPER1|ICAM1|IL1A|CXCL8|JUN|JUNB|PCSK2|PLAT|RAC2|CCL5|CCL20|CX3CL1|TFAP2A|THBD|TNFAIP3|TXN|VEGFC|VTN|ZFP36|SOCS3|ARHGEF2|IL32|DUOX2|PARP14|S100A14|MPZL3|NPNT,-5.5,MyList
DisGeNET,35,C0740404,Limb defects,,-7.5,7,8.3,30293,66,851,13,1.5,0.42,414|1029|1277|1749|1750|2253|2697|5125|6926|7021|7291|8403|22943,ARSD|CDKN2A|COL1A1|DLX5|DLX6|FGF8|GJA1|PCSK5|TBX3|TFAP2B|TWIST1|SOX14|DKK1,-5.5,MyList
Cell Type Signatures,7,M39038,FAN EMBRYONIC CTX OPC,,-7.5,7.8,8.5,30293,55,851,12,1.4,0.4,4071|5142|5327|6616|7070|22822|27344|29106|65217|85300|116448|222553,TM4SF1|PDE4B|PLAT|SNAP25|THY1|PHLDA1|PCSK1N|SCG3|PCDH15|ATCAY|OLIG1|SLC35F1,-5.5,MyList
DisGeNET,35,C0856169,Endothelial dysfunction,,-7.5,2.4,6.4,30293,716,851,48,5.6,0.79,285|290|345|634|823|875|1277|1491|1649|1822|1910|2258|2335|2624|3123|3383|3552|3576|3918|4973|5024|5155|5196|5327|6352|6385|6513|6533|7056|7122|7295|8482|9123|9314|9423|9518|9590|11082|11096|23452|27035|50506|50848|57007|57761|79924|146227|375704,ANGPT2|ANPEP|APOC3|CEACAM1|CAPN1|CBS|COL1A1|CTH|DDIT3|ATN1|EDNRB|FGF13|FN1|GATA2|HLA-DRB1|ICAM1|IL1A|CXCL8|LAMC2|OLR1|P2RX3|PDGFB|PF4|PLAT|CCL5|SDC4|SLC2A1|SLC6A6|THBD|CLDN5|TXN|SEMA7A|SLC16A3|KLF4|NTN1|GDF15|AKAP12|ESM1|ADAMTS5|ANGPTL2|NOX1|DUOX2|F11R|ACKR3|TRIB3|ADM2|BEAN1|ENHO,-5.5,MyList
DisGeNET,35,C0023493,Adult T-Cell Lymphoma/Leukemia,,-7.5,2.6,6.5,30293,540,851,40,4.7,0.73,238|286|567|768|928|1026|1029|1030|1649|1822|1993|2335|2353|2355|2634|2934|3123|3383|3552|3561|3576|3725|3726|3855|4194|4684|5111|6320|6348|6364|6616|6850|6886|6900|7295|9961|57007|63976|84433|203447,ALK|ANK1|B2M|CA9|CD9|CDKN1A|CDKN2A|CDKN2B|DDIT3|ATN1|ELAVL2|FN1|FOS|FOSL2|GBP2|GSN|HLA-DRB1|ICAM1|IL1A|IL2RG|CXCL8|JUN|JUNB|KRT7|MDM4|NCAM1|PCNA|CLEC11A|CCL3|CCL20|SNAP25|SYK|TAL1|CNTN2|TXN|MVP|ACKR3|PRDM16|CARD11|NRK,-5.5,MyList
Cell Type Signatures,7,M41679,TRAVAGLINI LUNG MESOTHELIAL CELL,,-7.5,2.5,6.4,30293,649,851,45,5.3,0.77,567|602|650|718|837|961|972|1277|1281|1942|2051|2266|2596|2619|2697|2791|3119|3123|3127|3487|3852|4036|4071|6277|6281|6303|6385|7058|7295|7448|8673|9540|10630|11098|11145|22943|23213|50614|51303|51599|53827|54498|286204|338382|100131187,B2M|BCL3|BMP2|C3|CASP4|CD47|CD74|COL1A1|COL3A1|EFNA1|EPHB6|FGG|GAP43|GAS1|GJA1|GNG11|HLA-DQB1|HLA-DRB1|HLA-DRB5|IGFBP4|KRT5|LRP2|TM4SF1|S100A6|S100A10|SAT1|SDC4|THBS2|TXN|VTN|VAMP8|TP53I3|PDPN|PRSS23|PLAAT3|DKK1|SULF1|GALNT9|FKBP11|LSR|FXYD5|SMOX|CRB2|RAB7B|TSTD1,-5.5,MyList
TRRUST,34,TRR01277,Regulated by: STAT3,,-7.5,4.4,7.4,30293,162,851,20,2.4,0.52,2|1026|1649|2034|2258|2266|2353|3383|3576|3589|3726|4319|6288|7291|7538|9021|9590|9641|27035|79152,A2M|CDKN1A|DDIT3|EPAS1|FGF13|FGG|FOS|ICAM1|CXCL8|IL11|JUNB|MMP10|SAA1|TWIST1|ZFP36|SOCS3|AKAP12|IKBKE|NOX1|FA2H,-5.5,MyList
Transcription Factor Targets,16,M10428,HNF3ALPHA Q6,,-7.5,3.9,7.1,30293,211,851,23,2.7,0.56,1026|1356|1996|2258|2823|3213|3397|7029|7291|7448|9068|9181|11343|23440|27023|51617|55286|57616|64641|84631|84913|85407|653808,CDKN1A|CP|ELAVL4|FGF13|GPM6A|HOXB3|ID1|TFDP2|TWIST1|VTN|ANGPTL1|ARHGEF2|MGLL|OTP|FOXB1|NSG2|C4orf19|TSHZ3|EBF2|SLITRK2|ATOH8|NKD1|ZG16,-5.5,MyList
DisGeNET,35,C3887461,Head and Neck Carcinoma,,-7.5,2.3,6.3,30293,786,851,51,6,0.81,301|768|1009|1026|1029|1136|1440|1649|1889|1910|1993|2042|2353|3236|3481|3488|3576|3598|3725|3726|3741|3918|4055|4118|4194|4319|5024|5111|5155|6513|6515|6662|7127|7291|7295|7538|9021|9518|9547|10630|11082|11122|11186|23541|26509|51083|51129|55655|57007|57111|124935,ANXA1|CA9|CDH11|CDKN1A|CDKN2A|CHRNA3|CSF3|DDIT3|ECE1|EDNRB|ELAVL2|EPHA3|FOS|HOXD10|IGF2|IGFBP5|CXCL8|IL13RA2|JUN|JUNB|KCNA5|LAMC2|LTBR|MAL|MDM4|MMP10|P2RX3|PCNA|PDGFB|SLC2A1|SLC2A3|SOX9|TNFAIP2|TWIST1|TXN|ZFP36|SOCS3|GDF15|CXCL14|PDPN|ESM1|PTPRT|RASSF1|SEC14L2|MYOF|GAL|ANGPTL4|NLRP2|ACKR3|RAB25|SLC43A2,-5.5,MyList
DisGeNET,35,C0024667,Animal Mammary Neoplasms,,-7.5,4.6,7.4,30293,147,851,19,2.2,0.51,111|301|307|2180|2335|3481|3852|4023|5045|6277|6662|8673|9540|9615|9902|10653|11186|51599|140738,ADCY5|ANXA1|ANXA4|ACSL1|FN1|IGF2|KRT5|LPL|FURIN|S100A6|SOX9|VAMP8|TP53I3|GDA|MRC2|SPINT2|RASSF1|LSR|TMEM37,-5.5,MyList
DisGeNET,35,C0345996,Milium Cyst,,-7.5,14,10,30293,20,851,8,0.94,0.33,1137|1294|3691|3852|3914|3918|5339|55612,CHRNA4|COL7A1|ITGB4|KRT5|LAMB3|LAMC2|PLEC|FERMT1,-5.5,MyList
DisGeNET,35,C3811653,Experimental Organism Basal Cell Carcinoma,,-7.4,2.9,6.6,30293,437,851,35,4.1,0.68,238|301|633|650|1029|1030|1045|1311|1512|1634|2335|2353|2596|2697|3123|3383|3576|3725|3852|4118|4684|5111|5266|6352|6662|7291|8549|9056|9314|9423|10630|11186|22822|22943|57007,ALK|ANXA1|BGN|BMP2|CDKN2A|CDKN2B|CDX2|COMP|CTSH|DCN|FN1|FOS|GAP43|GJA1|HLA-DRB1|ICAM1|CXCL8|JUN|KRT5|MAL|NCAM1|PCNA|PI3|CCL5|SOX9|TWIST1|LGR5|SLC7A7|KLF4|NTN1|PDPN|RASSF1|PHLDA1|DKK1|ACKR3,-5.5,MyList
DisGeNET,35,C1265996,Large cell neuroendocrine carcinoma,,-7.4,5.9,7.9,30293,91,851,15,1.8,0.45,238|429|577|1029|1045|1152|2042|2346|3642|3852|3853|4684|4826|7429|150094,ALK|ASCL1|ADGRB3|CDKN2A|CDX2|CKB|EPHA3|FOLH1|INSM1|KRT5|KRT6A|NCAM1|NNAT|VIL1|SIK1,-5.5,MyList
DisGeNET,35,C0553723,Squamous cell carcinoma of skin,,-7.4,2.8,6.6,30293,458,851,36,4.2,0.69,718|861|1012|1029|1030|1294|1647|1747|2041|2255|2273|2290|2335|2852|3123|3852|3855|3914|3918|4118|4684|5272|5327|6513|6886|7424|8549|9314|10103|10630|11322|54101|57007|57111|84433|284119,C3|RUNX1|CDH13|CDKN2A|CDKN2B|COL7A1|GADD45A|DLX3|EPHA1|FGF10|FHL1|FOXG1|FN1|GPER1|HLA-DRB1|KRT5|KRT7|LAMB3|LAMC2|MAL|NCAM1|SERPINB9|PLAT|SLC2A1|TAL1|VEGFC|LGR5|KLF4|TSPAN1|PDPN|TMC6|RIPK4|ACKR3|RAB25|CARD11|CAVIN1,-5.5,MyList
DisGeNET,35,C0334583,Pilocytic Astrocytoma,,-7.4,4.4,7.3,30293,163,851,20,2.4,0.52,133|285|1029|1277|1641|2173|2335|3598|4288|5111|7101|7291|7295|9021|9211|9590|9961|10215|10397|168002,ADM|ANGPT2|CDKN2A|COL1A1|DCX|FABP7|FN1|IL13RA2|MKI67|PCNA|NR2E1|TWIST1|TXN|SOCS3|LGI1|AKAP12|MVP|OLIG2|NDRG1|DACT2,-5.5,MyList
Transcription Factor Targets,16,M2120,RP58 01,,-7.4,3.9,7.1,30293,212,851,23,2.7,0.56,577|861|1281|1294|1749|2045|2255|4821|5155|5456|6281|6900|8929|9423|10150|25975|50674|54715|55885|81794|84913|167410|170302,ADGRB3|RUNX1|COL3A1|COL7A1|DLX5|EPHA7|FGF10|NKX2-2|PDGFB|POU3F4|S100A10|CNTN2|PHOX2B|NTN1|MBNL2|EGFL6|NEUROG3|RBFOX1|LMO3|ADAMTS10|ATOH8|LIX1|ARX,-5.5,MyList
DisGeNET,35,C0205698,Undifferentiated carcinoma,,-7.4,3.4,6.9,30293,283,851,27,3.2,0.6,111|301|307|976|1026|1029|1045|1440|2180|2335|3852|4023|5045|5111|6277|6662|7031|7448|8673|9540|9615|9902|10653|51129|51599|57007|140738,ADCY5|ANXA1|ANXA4|ADGRE5|CDKN1A|CDKN2A|CDX2|CSF3|ACSL1|FN1|KRT5|LPL|FURIN|PCNA|S100A6|SOX9|TFF1|VTN|VAMP8|TP53I3|GDA|MRC2|SPINT2|ANGPTL4|LSR|ACKR3|TMEM37,-5.5,MyList
Cell Type Signatures,7,M39277,DURANTE ADULT OLFACTORY NEUROEPITHELIUM PERICYTES,,-7.4,6.3,8,30293,79,851,14,1.6,0.44,2|972|1026|2791|3487|4071|5327|7056|7122|9021|53827|64321|116159|284119,A2M|CD74|CDKN1A|GNG11|IGFBP4|TM4SF1|PLAT|THBD|CLDN5|SOCS3|FXYD5|SOX17|CYYR1|CAVIN1,-5.5,MyList
DisGeNET,35,C0035412,Rhabdomyosarcoma,,-7.4,2.6,6.5,30293,565,851,41,4.8,0.73,238|285|290|650|961|1026|1029|1030|1087|2042|2169|2274|2307|2335|2346|2521|3383|3481|3576|3642|4194|4288|4914|5111|5327|6352|6513|6926|7021|7295|8788|8929|9123|10215|10439|22915|55502|55655|57007|252995|284119,ALK|ANGPT2|ANPEP|BMP2|CD47|CDKN1A|CDKN2A|CDKN2B|CEACAM7|EPHA3|FABP2|FHL2|FOXS1|FN1|FOLH1|FUS|ICAM1|IGF2|CXCL8|INSM1|MDM4|MKI67|NTRK1|PCNA|PLAT|CCL5|SLC2A1|TBX3|TFAP2B|TXN|DLK1|PHOX2B|SLC16A3|OLIG2|OLFM1|MMRN1|HES6|NLRP2|ACKR3|FNDC5|CAVIN1,-5.5,MyList
DisGeNET,35,C1851585,"MYELOPROLIFERATIVE DISORDER, CHRONIC, WITH EOSINOPHILIA",,-7.4,5.1,7.6,30293,119,851,17,2,0.48,238|285|823|846|1087|1440|1634|2335|3123|3383|3397|3576|4684|5111|6364|11082|80150,ALK|ANGPT2|CAPN1|CASR|CEACAM7|CSF3|DCN|FN1|HLA-DRB1|ICAM1|ID1|CXCL8|NCAM1|PCNA|CCL20|ESM1|ASRGL1,-5.4,MyList
DisGeNET,35,C0278996,Malignant Head and Neck Neoplasm,,-7.4,2.3,6.3,30293,767,851,50,5.9,0.81,301|768|1009|1026|1029|1050|1136|1440|1649|1889|1910|1993|2034|2042|2353|3236|3481|3488|3576|3598|3725|3726|3741|3918|4055|4118|4194|4319|5024|5111|5155|6513|6662|7127|7291|7295|7538|9021|9518|9547|10630|11082|11122|11186|23541|26509|51083|55655|57007|57111,ANXA1|CA9|CDH11|CDKN1A|CDKN2A|CEBPA|CHRNA3|CSF3|DDIT3|ECE1|EDNRB|ELAVL2|EPAS1|EPHA3|FOS|HOXD10|IGF2|IGFBP5|CXCL8|IL13RA2|JUN|JUNB|KCNA5|LAMC2|LTBR|MAL|MDM4|MMP10|P2RX3|PCNA|PDGFB|SLC2A1|SOX9|TNFAIP2|TWIST1|TXN|ZFP36|SOCS3|GDF15|CXCL14|PDPN|ESM1|PTPRT|RASSF1|SEC14L2|MYOF|GAL|NLRP2|ACKR3|RAB25,-5.4,MyList
Transcription Factor Targets,16,M14000,MYOD Q6,,-7.3,3.6,6.9,30293,249,851,25,2.9,0.58,1942|1995|1996|2530|2624|3481|3691|4681|5063|5155|5629|6364|6860|7101|9181|9719|27133|27289|50944|51617|55502|84107|85397|128414|252995,EFNA1|ELAVL3|ELAVL4|FUT8|GATA2|IGF2|ITGB4|NBL1|PAK3|PDGFB|PROX1|CCL20|SYT4|NR2E1|ARHGEF2|ADAMTSL2|KCNH5|RND1|SHANK1|NSG2|HES6|ZIC4|RGS8|NKAIN4|FNDC5,-5.4,MyList
Transcription Factor Targets,16,M14593,HNF1 C,,-7.3,3.6,6.9,30293,249,851,25,2.9,0.58,174|1015|1440|2018|2243|3213|4684|4821|5076|5100|5521|6658|6690|6928|8929|9068|10586|25999|27164|28316|54715|57530|80736|81849|140738,AFP|CDH17|CSF3|EMX2|FGA|HOXB3|NCAM1|NKX2-2|PAX2|PCDH8|PPP2R2B|SOX3|SPINK1|HNF1B|PHOX2B|ANGPTL1|MAB21L2|CLIP3|SALL3|CDH20|RBFOX1|CGN|SLC44A4|ST6GALNAC5|TMEM37,-5.4,MyList
Transcription Factor Targets,16,M14944,LEF1 Q6,,-7.3,3.5,6.9,30293,267,851,26,3.1,0.59,655|744|1044|1641|1942|1993|2255|2596|3226|3227|3236|3642|4622|5396|6660|8403|8728|9543|55885|57530|57561|58158|64641|84107|85407|85508,BMP7|MPPED2|CDX1|DCX|EFNA1|ELAVL2|FGF10|GAP43|HOXC10|HOXC11|HOXD10|INSM1|MYH4|PRRX1|SOX5|SOX14|ADAM19|IGDCC3|LMO3|CGN|ARRDC3|NEUROD4|EBF2|ZIC4|NKD1|SCRT2,-5.4,MyList
Transcription Factor Targets,16,M2211,OCT Q6,,-7.3,3.5,6.9,30293,267,851,26,3.1,0.59,238|744|1045|1440|1879|2259|2290|2823|3222|3227|4023|4762|5080|5100|5396|5456|5521|6928|7291|9378|10586|23023|55117|55885|56884|256536,ALK|MPPED2|CDX2|CSF3|EBF1|FGF14|FOXG1|GPM6A|HOXC5|HOXC11|LPL|NEUROG1|PAX6|PCDH8|PRRX1|POU3F4|PPP2R2B|HNF1B|TWIST1|NRXN1|MAB21L2|TMCC1|SLC6A15|LMO3|FSTL5|TCERG1L,-5.4,MyList
Cell Type Signatures,7,M39168,MURARO PANCREAS ALPHA CELL,,-7.3,2.6,6.4,30293,568,851,41,4.8,0.73,107|108|1152|1804|3741|4760|5063|5080|5126|5521|5629|6456|6616|6860|8974|9060|9378|9615|9705|10653|10814|11075|11122|22915|27344|29106|51617|55466|55790|56667|56884|79192|84171|124565|140597|169026|170302|255743|340543|387882|100507043,ADCY1|ADCY2|CKB|DPP6|KCNA5|NEUROD1|PAK3|PAX6|PCSK2|PPP2R2B|PROX1|SH3GL2|SNAP25|SYT4|P4HA2|PAPSS2|NRXN1|GDA|ST18|SPINT2|CPLX2|STMN2|PTPRT|MMRN1|PCSK1N|SCG3|NSG2|DNAJA4|CSGALNACT1|MUC13|FSTL5|IRX1|LOXL4|SLC38A10|TCEAL2|SLC30A8|ARX|NPNT|TCEAL5|C12orf75|TUNAR,-5.4,MyList
DisGeNET,35,C0812413,Malignant Pleural Mesothelioma,,-7.3,2.9,6.6,30293,421,851,34,4,0.67,133|238|961|972|1029|1030|1051|1137|1356|1822|1942|2018|2521|3383|3487|3576|3725|5209|5327|6493|7056|7070|7291|7545|8190|9021|9123|10512|10630|11186|11187|22915|23135|23645,ADM|ALK|CD47|CD74|CDKN2A|CDKN2B|CEBPB|CHRNA4|CP|ATN1|EFNA1|EMX2|FUS|ICAM1|IGFBP4|CXCL8|JUN|PFKFB3|PLAT|SIM2|THBD|THY1|TWIST1|ZIC1|MIA|SOCS3|SLC16A3|SEMA3C|PDPN|RASSF1|PKP3|MMRN1|KDM6B|PPP1R15A,-5.4,MyList
DisGeNET,35,C0025286,Meningioma,,-7.3,2.5,6.4,30293,634,851,44,5.2,0.76,117|290|768|823|875|928|1026|1029|1030|1063|1410|1440|1462|1641|1647|1910|1996|2034|2041|2258|2353|2697|3119|3123|3481|3488|3918|4194|4288|5111|5155|6277|6281|6376|7070|7122|7295|8549|9314|9590|11186|25975|57007|120114,ADCYAP1R1|ANPEP|CA9|CAPN1|CBS|CD9|CDKN1A|CDKN2A|CDKN2B|CENPF|CRYAB|CSF3|VCAN|DCX|GADD45A|EDNRB|ELAVL4|EPAS1|EPHA1|FGF13|FOS|GJA1|HLA-DQB1|HLA-DRB1|IGF2|IGFBP5|LAMC2|MDM4|MKI67|PCNA|PDGFB|S100A6|S100A10|CX3CL1|THY1|CLDN5|TXN|LGR5|KLF4|AKAP12|RASSF1|EGFL6|ACKR3|FAT3,-5.4,MyList
DisGeNET,35,C0027794,Neural Tube Defects,,-7.3,3.3,6.8,30293,304,851,28,3.3,0.61,174|311|429|875|1649|1749|1855|2253|2346|2524|2697|3397|3481|3918|4036|4674|4684|6658|7020|7277|7295|7545|7546|7547|10653|26257|79977|85416,AFP|ANXA11|ASCL1|CBS|DDIT3|DLX5|DVL1|FGF8|FOLH1|FUT2|GJA1|ID1|IGF2|LAMC2|LRP2|NAP1L2|NCAM1|SOX3|TFAP2A|TUBA4A|TXN|ZIC1|ZIC2|ZIC3|SPINT2|NKX2-8|GRHL2|ZIC5,-5.4,MyList
DisGeNET,35,C0333875,High-Grade Squamous Intraepithelial Lesions,,-7.3,4.5,7.3,30293,150,851,19,2.2,0.51,1029|2521|3119|3123|3397|3481|3576|3855|4118|4288|4825|5111|7291|11186|23541|54101|56892|57575|64321,CDKN2A|FUS|HLA-DQB1|HLA-DRB1|ID1|IGF2|CXCL8|KRT7|MAL|MKI67|NKX6-1|PCNA|TWIST1|RASSF1|SEC14L2|RIPK4|TCIM|PCDH10|SOX17,-5.4,MyList
DisGeNET,35,C0024232,Lymphatic Metastasis,,-7.3,2.8,6.5,30293,463,851,36,4.2,0.69,285|301|1015|1029|1045|1087|1410|1634|1893|2335|2346|2556|3209|3219|3383|4288|4753|4973|5111|5629|6513|7058|7424|8434|9314|10630|23135|23213|51129|57007|57111|64399|79977|116844|168002|346389,ANGPT2|ANXA1|CDH17|CDKN2A|CDX2|CEACAM7|CRYAB|DCN|ECM1|FN1|FOLH1|GABRA3|HOXA13|HOXB9|ICAM1|MKI67|NELL2|OLR1|PCNA|PROX1|SLC2A1|THBS2|VEGFC|RECK|KLF4|PDPN|KDM6B|SULF1|ANGPTL4|ACKR3|RAB25|HHIP|GRHL2|LRG1|DACT2|MACC1,-5.4,MyList
Cell Type Signatures,7,M39279,DURANTE ADULT OLFACTORY NEUROEPITHELIUM VASCULAR SMOOTH MUSCLE CELLS,,-7.3,5.7,7.8,30293,93,851,15,1.8,0.45,1410|1879|2273|2353|3488|3725|3726|7538|9021|11259|25802|51477|56892|84417|284119,CRYAB|EBF1|FHL1|FOS|IGFBP5|JUN|JUNB|ZFP36|SOCS3|FILIP1L|LMOD1|ISYNA1|TCIM|ECRG4|CAVIN1,-5.4,MyList
Cell Type Signatures,7,M39266,HU FETAL RETINA MICROGLIA,,-7.3,3,6.6,30293,382,851,32,3.8,0.65,2|311|567|718|861|972|1026|1051|1052|2114|2353|2512|2934|3123|3576|3726|4689|4973|6303|6515|6850|6892|7538|8673|10475|10863|11322|23645|54625|57580|79974|387882,A2M|ANXA11|B2M|C3|RUNX1|CD74|CDKN1A|CEBPB|CEBPD|ETS2|FOS|FTL|GSN|HLA-DRB1|CXCL8|JUNB|NCF4|OLR1|SAT1|SLC2A3|SYK|TAPBP|ZFP36|VAMP8|TRIM38|ADAM28|TMC6|PPP1R15A|PARP14|PREX1|CPED1|C12orf75,-5.4,MyList
Transcription Factor Targets,16,M15558,OCT1 B,,-7.3,3.4,6.8,30293,269,851,26,3.1,0.59,238|744|1012|1045|1440|1879|2259|2290|2823|3209|3222|4023|4762|5080|5396|5456|6506|6928|7291|9378|23023|55117|55885|56884|167826|389206,ALK|MPPED2|CDH13|CDX2|CSF3|EBF1|FGF14|FOXG1|GPM6A|HOXA13|HOXC5|LPL|NEUROG1|PAX6|PRRX1|POU3F4|SLC1A2|HNF1B|TWIST1|NRXN1|TMCC1|SLC6A15|LMO3|FSTL5|OLIG3|BEND4,-5.3,MyList
Transcription Factor Targets,16,M10767,LFA1 Q6,,-7.3,3.5,6.9,30293,251,851,25,2.9,0.58,133|307|1051|1152|3226|4762|5339|5396|5992|6660|6886|7277|7538|10725|11189|50506|51286|51617|56936|64067|84033|124842|284119|338917|405753,ADM|ANXA4|CEBPB|CKB|HOXC10|NEUROG1|PLEC|PRRX1|RFX4|SOX5|TAL1|TUBA4A|ZFP36|NFAT5|CELF3|DUOX2|CEND1|NSG2|CCDC177|NPAS3|OBSCN|TMEM132E|CAVIN1|VSX2|DUOXA2,-5.3,MyList
DisGeNET,35,C0005967,Bone neoplasms,,-7.3,4.5,7.3,30293,151,851,19,2.2,0.51,650|846|861|1012|1029|1277|1822|2274|2346|2353|2521|3383|7113|8792|9314|10630|57007|80150|253738,BMP2|CASR|RUNX1|CDH13|CDKN2A|COL1A1|ATN1|FHL2|FOLH1|FOS|FUS|ICAM1|TMPRSS2|TNFRSF11A|KLF4|PDPN|ACKR3|ASRGL1|EBF3,-5.3,MyList
Cell Type Signatures,7,M41660,TRAVAGLINI LUNG ALVEOLAR EPITHELIAL TYPE 2 CELL,,-7.3,4.7,7.4,30293,136,851,18,2.1,0.49,650|718|972|1361|1440|1512|1910|2266|2512|2920|3123|3772|4023|11254|27289|57402|64399|80150,BMP2|C3|CD74|CPB2|CSF3|CTSH|EDNRB|FGG|FTL|CXCL2|HLA-DRB1|KCNJ15|LPL|SLC6A14|RND1|S100A14|HHIP|ASRGL1,-5.3,MyList
Cell Type Signatures,7,M39253,MENON FETAL KIDNEY 3 STROMAL CELLS,,-7.3,6.2,7.9,30293,81,851,14,1.6,0.44,1009|1277|1281|1293|1462|2335|2353|3481|3488|4684|6238|7025|9590|23768,CDH11|COL1A1|COL3A1|COL6A3|VCAN|FN1|FOS|IGF2|IGFBP5|NCAM1|RRBP1|NR2F1|AKAP12|FLRT2,-5.3,MyList
DisGeNET,35,C0013146,Drug abuse,,-7.3,2.9,6.6,30293,404,851,33,3.9,0.66,2|273|290|1012|1087|1137|1621|1910|2259|2335|2555|2934|3576|3855|3918|5021|6303|6348|6506|6886|7295|9465|9547|10397|23657|51083|57007|57451|64866|65217|79750|114786|401207,A2M|AMPH|ANPEP|CDH13|CEACAM7|CHRNA4|DBH|EDNRB|FGF14|FN1|GABRA2|GSN|CXCL8|KRT7|LAMC2|OXTR|SAT1|CCL3|SLC1A2|TAL1|TXN|AKAP7|CXCL14|NDRG1|SLC7A11|GAL|ACKR3|TENM2|CDCP1|PCDH15|ZNF385D|XKR4|C5orf63,-5.3,MyList
DisGeNET,35,C0149678,Epstein-Barr Virus Infections,,-7.3,3,6.6,30293,384,851,32,3.8,0.65,133|238|633|961|972|1029|1030|1051|1512|1634|1822|2335|2444|3119|3123|3383|3552|3576|3676|3694|4155|4684|6348|6352|6364|6662|7070|7128|9052|9961|27123|84433,ADM|ALK|BGN|CD47|CD74|CDKN2A|CDKN2B|CEBPB|CTSH|DCN|ATN1|FN1|FRK|HLA-DQB1|HLA-DRB1|ICAM1|IL1A|CXCL8|ITGA4|ITGB6|MBP|NCAM1|CCL3|CCL5|CCL20|SOX9|THY1|TNFAIP3|GPRC5A|MVP|DKK2|CARD11,-5.3,MyList
DisGeNET,35,C0004623,Bacterial Infections,,-7.3,2.5,6.3,30293,616,851,43,5.1,0.75,133|634|650|718|837|838|862|1052|1137|1440|1822|2335|2634|2920|2934|3383|3552|3576|3725|3852|3918|5196|5266|5272|5284|5880|6277|6288|6348|6352|6385|6513|7448|7538|8792|9021|9235|9314|10397|10964|23541|54210|54498,ADM|CEACAM1|BMP2|C3|CASP4|CASP5|RUNX1T1|CEBPD|CHRNA4|CSF3|ATN1|FN1|GBP2|CXCL2|GSN|ICAM1|IL1A|CXCL8|JUN|KRT5|LAMC2|PF4|PI3|SERPINB9|PIGR|RAC2|S100A6|SAA1|CCL3|CCL5|SDC4|SLC2A1|VTN|ZFP36|TNFRSF11A|SOCS3|IL32|KLF4|NDRG1|IFI44L|SEC14L2|TREM1|SMOX,-5.3,MyList
Cell Type Signatures,7,M39019,FAN EMBRYONIC CTX BIG GROUPS EXCITATORY NEURON,,-7.3,8.3,8.6,30293,47,851,11,1.3,0.39,107|2051|4753|5521|10512|27319|54715|55816|59283|91584|440270,ADCY1|EPHB6|NELL2|PPP2R2B|SEMA3C|BHLHE22|RBFOX1|DOK5|CACNG8|PLXNA4|GOLGA8B,-5.3,MyList
Cell Type Signatures,7,M39256,MENON FETAL KIDNEY 6 COLLECTING DUCT CELLS,,-7.3,5.7,7.7,30293,94,851,15,1.8,0.45,567|928|1512|2018|2353|3397|3725|4118|6277|6281|6303|6926|10653|255743|100131187,B2M|CD9|CTSH|EMX2|FOS|ID1|JUN|MAL|S100A6|S100A10|SAT1|TBX3|SPINT2|NPNT|TSTD1,-5.3,MyList
DisGeNET,35,C0751396,Well Differentiated Oligodendroglioma,,-7.2,3.4,6.8,30293,270,851,26,3.1,0.59,117|133|301|429|768|1029|1030|1641|1822|2034|3339|4155|4288|4821|5080|5111|5178|6513|6900|8022|9518|10215|55502|55966|64321|116448,ADCYAP1R1|ADM|ANXA1|ASCL1|CA9|CDKN2A|CDKN2B|DCX|ATN1|EPAS1|HSPG2|MBP|MKI67|NKX2-2|PAX6|PCNA|PEG3|SLC2A1|CNTN2|LHX3|GDF15|OLIG2|HES6|AJAP1|SOX17|OLIG1,-5.3,MyList
DisGeNET,35,C0008479,Chondrosarcoma,,-7.2,3,6.6,30293,385,851,32,3.8,0.65,285|650|655|890|1026|1029|1030|1311|1462|1634|2034|2041|2335|3339|3383|3552|3576|3589|3624|3642|3726|4288|6352|6496|6662|6926|7424|8792|9021|10630|22943|23135,ANGPT2|BMP2|BMP7|CCNA2|CDKN1A|CDKN2A|CDKN2B|COMP|VCAN|DCN|EPAS1|EPHA1|FN1|HSPG2|ICAM1|IL1A|CXCL8|IL11|INHBA|INSM1|JUNB|MKI67|CCL5|SIX3|SOX9|TBX3|VEGFC|TNFRSF11A|SOCS3|PDPN|DKK1|KDM6B,-5.3,MyList
DisGeNET,35,C0017168,Gastroesophageal reflux disease,,-7.2,2.8,6.5,30293,446,851,35,4.1,0.68,429|1044|1045|1281|1759|1822|2290|2353|3123|3552|3576|3725|3855|5142|6328|6506|6572|6616|6660|6886|7020|7031|7291|8831|8929|9378|22943|56033|57611|60482|63976|64065|253738|255743|340533,ASCL1|CDX1|CDX2|COL3A1|DNM1|ATN1|FOXG1|FOS|HLA-DRB1|IL1A|CXCL8|JUN|KRT7|PDE4B|SCN3A|SLC1A2|SLC18A3|SNAP25|SOX5|TAL1|TFAP2A|TFF1|TWIST1|SYNGAP1|PHOX2B|NRXN1|DKK1|BARX1|ISLR2|SLC5A7|PRDM16|PERP|EBF3|NPNT|NEXMIF,-5.3,MyList
DisGeNET,35,C0375023,Respiratory syncytial virus (RSV) infection in conditions classified elsewhere and of unspecified site,,-7.2,2.7,6.5,30293,467,851,36,4.2,0.69,567|1179|1440|1491|1822|1993|2042|2335|2353|2920|3383|3552|3576|3589|3725|4155|4319|4684|5111|5729|6288|6348|6352|6364|6374|6376|7295|7538|9021|9181|9641|10397|51477|54498|148022|284119,B2M|CLCA1|CSF3|CTH|ATN1|ELAVL2|EPHA3|FN1|FOS|CXCL2|ICAM1|IL1A|CXCL8|IL11|JUN|MBP|MMP10|NCAM1|PCNA|PTGDR|SAA1|CCL3|CCL5|CCL20|CXCL5|CX3CL1|TXN|ZFP36|SOCS3|ARHGEF2|IKBKE|NDRG1|ISYNA1|SMOX|TICAM1|CAVIN1,-5.3,MyList
DisGeNET,35,C1292778,Chronic myeloproliferative disorder,,-7.2,3,6.6,30293,366,851,31,3.6,0.64,117|238|290|861|862|1050|1063|1440|1822|2335|2624|3481|3576|3726|4914|5111|5209|5327|6238|6348|6850|7045|8660|9021|9052|9518|22943|25891|26499|51199|57126,ADCYAP1R1|ALK|ANPEP|RUNX1|RUNX1T1|CEBPA|CENPF|CSF3|ATN1|FN1|GATA2|IGF2|CXCL8|JUNB|NTRK1|PCNA|PFKFB3|PLAT|RRBP1|CCL3|SYK|TGFBI|IRS2|SOCS3|GPRC5A|GDF15|DKK1|PAMR1|PLEK2|NIN|CD177,-5.3,MyList
Transcription Factor Targets,16,M8634,HNF4 Q6,,-7.2,3.4,6.8,30293,271,851,26,3.1,0.59,133|2018|2128|2290|2524|2877|2886|3801|5629|7546|7869|9181|9674|10814|27289|55200|55885|57530|57616|64641|79853|79962|79977|84647|168002|255743,ADM|EMX2|EVX1|FOXG1|FUT2|GPX2|GRB7|KIFC3|PROX1|ZIC2|SEMA3B|ARHGEF2|KIAA0040|CPLX2|RND1|PLEKHG6|LMO3|CGN|TSHZ3|EBF2|TM4SF20|DNAJC22|GRHL2|PLA2G12B|DACT2|NPNT,-5.3,MyList
DisGeNET,35,C1266042,Chromophobe Renal Cell Carcinoma,,-7.2,4,7.1,30293,185,851,21,2.5,0.53,238|290|307|1356|1410|1910|1993|1999|2034|2346|2886|3855|6513|6928|7291|8790|9745|10397|50944|79026|84433,ALK|ANPEP|ANXA4|CP|CRYAB|EDNRB|ELAVL2|ELF3|EPAS1|FOLH1|GRB7|KRT7|SLC2A1|HNF1B|TWIST1|FPGT|ZNF536|NDRG1|SHANK1|AHNAK|CARD11,-5.3,MyList
Transcription Factor Targets,16,M7691,CATTGTYY SOX9 B1,,-7.2,3,6.6,30293,368,851,31,3.6,0.64,744|1026|1044|1440|1641|2051|2255|2355|2791|3219|3339|3624|4155|4188|4804|4821|5024|5126|6660|7029|8403|10215|10439|10752|11096|11189|55885|56896|84171|114798|167826,MPPED2|CDKN1A|CDX1|CSF3|DCX|EPHB6|FGF10|FOSL2|GNG11|HOXB9|HSPG2|INHBA|MBP|MDFI|NGFR|NKX2-2|P2RX3|PCSK2|SOX5|TFDP2|SOX14|OLIG2|OLFM1|CHL1|ADAMTS5|CELF3|LMO3|DPYSL5|LOXL4|SLITRK1|OLIG3,-5.2,MyList
DisGeNET,35,C0206754,Neuroendocrine Tumors,,-7.2,2.7,6.4,30293,491,851,37,4.3,0.7,108|117|174|238|285|429|768|1029|1045|1087|1462|2034|2346|2934|3481|3552|3576|3642|3852|3855|4288|4684|4760|4914|5063|5080|6513|8549|8788|9181|11186|23440|23612|51477|58158|116159|170302,ADCY2|ADCYAP1R1|AFP|ALK|ANGPT2|ASCL1|CA9|CDKN2A|CDX2|CEACAM7|VCAN|EPAS1|FOLH1|GSN|IGF2|IL1A|CXCL8|INSM1|KRT5|KRT7|MKI67|NCAM1|NEUROD1|NTRK1|PAK3|PAX6|SLC2A1|LGR5|DLK1|ARHGEF2|RASSF1|OTP|PHLDA3|ISYNA1|NEUROD4|CYYR1|ARX,-5.2,MyList
Cell Type Signatures,7,M40307,DESCARTES FETAL STOMACH ENS GLIA,,-7.2,8.2,8.4,30293,48,851,11,1.3,0.39,1410|1910|2555|5354|7020|9378|9745|10752|54898|128414|222553,CRYAB|EDNRB|GABRA2|PLP1|TFAP2A|NRXN1|ZNF536|CHL1|ELOVL2|NKAIN4|SLC35F1,-5.2,MyList
DisGeNET,35,C1176475,Ductal Carcinoma,,-7.1,3.4,6.7,30293,273,851,26,3.1,0.59,285|655|768|928|1029|1045|1993|2258|2335|2852|3397|3576|4916|5111|6513|7291|7295|8553|8673|9314|11186|23213|51208|51599|55323|56937,ANGPT2|BMP7|CA9|CD9|CDKN2A|CDX2|ELAVL2|FGF13|FN1|GPER1|ID1|CXCL8|NTRK3|PCNA|SLC2A1|TWIST1|TXN|BHLHE40|VAMP8|KLF4|RASSF1|SULF1|CLDN18|LSR|LARP6|PMEPA1,-5.2,MyList
Transcription Factor Targets,16,M8603,GR 01,,-7.1,3.9,6.9,30293,203,851,22,2.6,0.54,577|1026|1747|1942|1996|2045|4155|4622|5100|5396|5629|7546|8553|9211|9245|9547|10150|23440|23657|27133|27319|56884,ADGRB3|CDKN1A|DLX3|EFNA1|ELAVL4|EPHA7|MBP|MYH4|PCDH8|PRRX1|PROX1|ZIC2|BHLHE40|LGI1|GCNT3|CXCL14|MBNL2|OTP|SLC7A11|KCNH5|BHLHE22|FSTL5,-5.2,MyList
DisGeNET,35,C1510885,Angiogenic Switch,,-7.1,5.6,7.6,30293,96,851,15,1.8,0.45,133|285|1029|1051|2034|2258|3219|3487|7058|7424|7538|8553|27035|51129|57007,ADM|ANGPT2|CDKN2A|CEBPB|EPAS1|FGF13|HOXB9|IGFBP4|THBS2|VEGFC|ZFP36|BHLHE40|NOX1|ANGPTL4|ACKR3,-5.2,MyList
Transcription Factor Targets,16,M7023,CRX Q4,,-7.1,3.4,6.7,30293,274,851,26,3.1,0.59,311|2114|2259|2290|2596|3213|3222|3236|3993|4825|5080|5122|5396|6496|7025|7101|10655|11082|23452|25975|27023|27319|55885|57007|114798|388394,ANXA11|ETS2|FGF14|FOXG1|GAP43|HOXB3|HOXC5|HOXD10|LLGL2|NKX6-1|PAX6|PCSK1|PRRX1|SIX3|NR2F1|NR2E1|DMRT2|ESM1|ANGPTL2|EGFL6|FOXB1|BHLHE22|LMO3|ACKR3|SLITRK1|RPRML,-5.2,MyList
DisGeNET,35,C0019061,Hemolytic-Uremic Syndrome,,-7.1,5.2,7.5,30293,110,851,16,1.9,0.47,285|718|1361|2168|2273|3123|3552|3576|5125|6288|6364|6376|7056|7538|57007|338382,ANGPT2|C3|CPB2|FABP1|FHL1|HLA-DRB1|IL1A|CXCL8|PCSK5|SAA1|CCL20|CX3CL1|THBD|ZFP36|ACKR3|RAB7B,-5.2,MyList
DisGeNET,35,C1708349,Hereditary Diffuse Gastric Cancer,,-7.1,3.2,6.6,30293,312,851,28,3.3,0.61,174|650|655|1026|1029|1045|1152|1469|1496|1647|1893|2266|3576|3725|4319|5080|5480|6506|6926|7056|7291|8190|8660|8744|9123|9235|56287|79633,AFP|BMP2|BMP7|CDKN1A|CDKN2A|CDX2|CKB|CST1|CTNNA2|GADD45A|ECM1|FGG|CXCL8|JUN|MMP10|PAX6|PPIC|SLC1A2|TBX3|THBD|TWIST1|MIA|IRS2|TNFSF9|SLC16A3|IL32|GKN1|FAT4,-5.2,MyList
DisGeNET,35,C0008497,Choriocarcinoma,,-7.1,2.8,6.4,30293,431,851,34,4,0.67,133|174|567|634|650|928|961|1009|1029|1440|1462|1747|1910|2034|2114|2253|2852|3283|3481|3576|3589|4194|4973|5178|6515|7020|8190|9068|9123|10630|22943|56287|57007|80150,ADM|AFP|B2M|CEACAM1|BMP2|CD9|CD47|CDH11|CDKN2A|CSF3|VCAN|DLX3|EDNRB|EPAS1|ETS2|FGF8|GPER1|HSD3B1|IGF2|CXCL8|IL11|MDM4|OLR1|PEG3|SLC2A3|TFAP2A|MIA|ANGPTL1|SLC16A3|PDPN|DKK1|GKN1|ACKR3|ASRGL1,-5.2,MyList
DisGeNET,35,C0525045,Mood Disorders,,-7.1,2.5,6.3,30293,580,851,41,4.8,0.73,107|114|928|1356|1621|2039|2353|2512|2556|2558|2596|2823|2852|2913|3918|4684|4914|4916|5024|5080|5142|5209|6281|6303|6506|7448|9248|9518|22986|25802|30813|51083|54498|54715|55502|55885|55890|57007|60482|84894|85397,ADCY1|ADCY8|CD9|CP|DBH|DMTN|FOS|FTL|GABRA3|GABRA5|GAP43|GPM6A|GPER1|GRM3|LAMC2|NCAM1|NTRK1|NTRK3|P2RX3|PAX6|PDE4B|PFKFB3|S100A10|SAT1|SLC1A2|VTN|GPR50|GDF15|SORCS3|LMOD1|VSX1|GAL|SMOX|RBFOX1|HES6|LMO3|GPRC5C|ACKR3|SLC5A7|LINGO1|RGS8,-5.2,MyList
Cell Type Signatures,7,M39171,MURARO PANCREAS PANCREATIC POLYPEPTIDE CELL,,-7.1,4.4,7.1,30293,155,851,19,2.2,0.51,1026|2353|3397|4760|4821|5080|5100|5446|9590|11075|27344|55450|55790|55885|57451|84433|84858|170302|100463486,CDKN1A|FOS|ID1|NEUROD1|NKX2-2|PAX6|PCDH8|PON3|AKAP12|STMN2|PCSK1N|CAMK2N1|CSGALNACT1|LMO3|TENM2|CARD11|ZNF503|ARX|MTRNR2L8,-5.2,MyList
Cell Type Signatures,7,M39148,GAO SMALL INTESTINE 24W C4 ENTEROCYTE PROGENITOR SUBTYPE 2,,-7.1,5.5,7.6,30293,97,851,15,1.8,0.45,26|174|307|345|2169|5476|7448|9056|9235|11148|56667|57111|79853|166012|340024,AOC1|AFP|ANXA4|APOC3|FABP2|CTSA|VTN|SLC7A7|IL32|HHLA2|MUC13|RAB25|TM4SF20|CHST13|SLC6A19,-5.2,MyList
DisGeNET,35,C0014072,Experimental Autoimmune Encephalomyelitis,,-7.1,5.5,7.6,30293,97,851,15,1.8,0.45,2|301|718|1361|3119|3676|4155|4804|4914|5155|5354|6348|6352|6376|9590,A2M|ANXA1|C3|CPB2|HLA-DQB1|ITGA4|MBP|NGFR|NTRK1|PDGFB|PLP1|CCL3|CCL5|CX3CL1|AKAP12,-5.2,MyList
Cell Type Signatures,7,M39095,ZHONG PFC C8 UNKNOWN NEUROD2 POS INTERNEURON,,-7.1,5.9,7.7,30293,84,851,14,1.6,0.44,117|2051|2596|3300|4023|4753|6860|10512|27319|54715|55351|55816|59283|91584,ADCYAP1R1|EPHB6|GAP43|DNAJB2|LPL|NELL2|SYT4|SEMA3C|BHLHE22|RBFOX1|STK32B|DOK5|CACNG8|PLXNA4,-5.2,MyList
Transcription Factor Targets,16,M8413,EN1 01,,-7.1,5.1,7.4,30293,111,851,16,1.9,0.47,862|1045|2273|2596|3227|3236|4821|5080|6303|7404|11254|23440|54715|57616|79977|80352,RUNX1T1|CDX2|FHL1|GAP43|HOXC11|HOXD10|NKX2-2|PAX6|SAT1|UTY|SLC6A14|OTP|RBFOX1|TSHZ3|GRHL2|RNF39,-5.2,MyList
Transcription Factor Targets,16,M3902,POU1F1 Q6,,-7,3.6,6.8,30293,240,851,24,2.8,0.57,861|1641|1996|2596|3236|3624|5125|6096|7058|7401|7545|7546|8403|8929|11075|11096|23440|27164|54101|55885|64641|84107|85416|114798,RUNX1|DCX|ELAVL4|GAP43|HOXD10|INHBA|PCSK5|RORB|THBS2|CLRN1|ZIC1|ZIC2|SOX14|PHOX2B|STMN2|ADAMTS5|OTP|SALL3|RIPK4|LMO3|EBF2|ZIC4|ZIC5|SLITRK1,-5.1,MyList
Transcription Factor Targets,16,M4215,PAX4 04,,-7,3.7,6.8,30293,223,851,23,2.7,0.56,285|744|1879|2259|3219|3227|4661|4821|4826|8929|9590|10512|23612|27164|55885|56936|57561|64399|64641|114798|122953|148170|389206,ANGPT2|MPPED2|EBF1|FGF14|HOXB9|HOXC11|MYT1|NKX2-2|NNAT|PHOX2B|AKAP12|SEMA3C|PHLDA3|SALL3|LMO3|CCDC177|ARRDC3|HHIP|EBF2|SLITRK1|JDP2|CDC42EP5|BEND4,-5.1,MyList
Cell Type Signatures,7,M39132,AIZARANI LIVER C33 STELLATE CELLS 2,,-7,4.8,7.3,30293,126,851,17,2,0.48,2|633|1277|1281|1410|1822|1879|2034|2701|3488|5322|5327|9378|11030|22822|51477|55450,A2M|BGN|COL1A1|COL3A1|CRYAB|ATN1|EBF1|EPAS1|GJA4|IGFBP5|PLA2G5|PLAT|NRXN1|RBPMS|PHLDA1|ISYNA1|CAMK2N1,-5.1,MyList
Transcription Factor Targets,16,M9129,HMEF2 Q6,,-7,4.5,7.2,30293,141,851,18,2.1,0.49,823|1463|2045|2353|2791|3037|3725|3780|4622|5521|6578|8403|9590|10150|10586|22943|84107|114798,CAPN1|NCAN|EPHA7|FOS|GNG11|HAS2|JUN|KCNN1|MYH4|PPP2R2B|SLCO2A1|SOX14|AKAP12|MBNL2|MAB21L2|DKK1|ZIC4|SLITRK1,-5.1,MyList
Transcription Factor Targets,16,M19962,AR Q6,,-7,3.4,6.7,30293,259,851,25,2.9,0.58,655|1993|2045|2243|2596|3397|3993|4821|4826|5521|6296|7025|7029|7464|8403|8929|23452|25802|27319|54715|57007|64600|78997|79152|140738,BMP7|ELAVL2|EPHA7|FGA|GAP43|ID1|LLGL2|NKX2-2|NNAT|PPP2R2B|ACSM3|NR2F1|TFDP2|CORO2A|SOX14|PHOX2B|ANGPTL2|LMOD1|BHLHE22|RBFOX1|ACKR3|PLA2G2F|GDAP1L1|FA2H|TMEM37,-5.1,MyList
PaGenBase,36,PGB:00018,Tissue-specific: lung,,-7,2.6,6.3,30293,498,851,37,4.3,0.7,650|1440|1510|1512|2034|2697|3037|3119|3383|3576|3694|3725|3853|3855|3914|3918|4071|4319|4973|5266|6348|6364|7122|8482|9021|9052|9674|10326|10475|11254|51208|54210|124565|148022|164312|167826|405753,BMP2|CSF3|CTSE|CTSH|EPAS1|GJA1|HAS2|HLA-DQB1|ICAM1|CXCL8|ITGB6|JUN|KRT6A|KRT7|LAMB3|LAMC2|TM4SF1|MMP10|OLR1|PI3|CCL3|CCL20|CLDN5|SEMA7A|SOCS3|GPRC5A|KIAA0040|SIRPB1|TRIM38|SLC6A14|CLDN18|TREM1|SLC38A10|TICAM1|LRRN4|OLIG3|DUOXA2,-5.1,MyList
DisGeNET,35,C0017661,IGA Glomerulonephritis,,-7,2.7,6.3,30293,456,851,35,4.1,0.68,119|133|285|633|718|1356|1634|1893|2168|2335|2353|2355|3119|3123|3339|3383|3552|3576|4036|4055|4155|4804|4914|5111|5155|5284|6352|6364|6850|7295|9518|10610|11346|23645|59277,ADD2|ADM|ANGPT2|BGN|C3|CP|DCN|ECM1|FABP1|FN1|FOS|FOSL2|HLA-DQB1|HLA-DRB1|HSPG2|ICAM1|IL1A|CXCL8|LRP2|LTBR|MBP|NGFR|NTRK1|PCNA|PDGFB|PIGR|CCL5|CCL20|SYK|TXN|GDF15|ST6GALNAC2|SYNPO|PPP1R15A|NTN4,-5.1,MyList
Transcription Factor Targets,16,M8826,FAC1 01,,-7,3.7,6.8,30293,224,851,23,2.7,0.56,744|861|1942|2791|2899|3037|3213|3227|3726|4821|6303|6660|6892|7025|7545|9248|10163|23440|27164|55885|63973|84107|85407,MPPED2|RUNX1|EFNA1|GNG11|GRIK3|HAS2|HOXB3|HOXC11|JUNB|NKX2-2|SAT1|SOX5|TAPBP|NR2F1|ZIC1|GPR50|WASF2|OTP|SALL3|LMO3|NEUROG2|ZIC4|NKD1,-5.1,MyList
Transcription Factor Targets,16,M958,CEBP C,,-7,3.8,6.8,30293,207,851,22,2.6,0.54,1051|1634|2259|3725|4760|4914|5629|5992|6303|7545|8482|9180|10150|11189|54715|55885|79026|80352|80736|84107|84952|85397,CEBPB|DCN|FGF14|JUN|NEUROD1|NTRK1|PROX1|RFX4|SAT1|ZIC1|SEMA7A|OSMR|MBNL2|CELF3|RBFOX1|LMO3|AHNAK|RNF39|SLC44A4|ZIC4|CGNL1|RGS8,-5.1,MyList
DisGeNET,35,C0007133,"Carcinoma, Papillary",,-7,3.6,6.8,30293,225,851,23,2.7,0.56,107|117|238|301|1029|1030|2335|2530|3339|3691|3855|4288|4684|4914|6281|6513|6515|6616|7424|10194|50848|132625|100131187,ADCY1|ADCYAP1R1|ALK|ANXA1|CDKN2A|CDKN2B|FN1|FUT8|HSPG2|ITGB4|KRT7|MKI67|NCAM1|NTRK1|S100A10|SLC2A1|SLC2A3|SNAP25|VEGFC|TSHZ1|F11R|ZFP42|TSTD1,-5.1,MyList
DisGeNET,35,C4048329,Immunosuppression,,-6.9,2.4,6.1,30293,632,851,43,5.1,0.75,285|301|655|846|961|1029|1051|1052|1440|1634|1649|2335|3119|3123|3226|3383|3487|3552|3561|3576|3676|3918|4023|4155|5196|5327|6288|6348|6352|6374|6892|6900|7070|7547|8744|9021|9961|23213|23541|30001|54210|57126|169026,ANGPT2|ANXA1|BMP7|CASR|CD47|CDKN2A|CEBPB|CEBPD|CSF3|DCN|DDIT3|FN1|HLA-DQB1|HLA-DRB1|HOXC10|ICAM1|IGFBP4|IL1A|IL2RG|CXCL8|ITGA4|LAMC2|LPL|MBP|PF4|PLAT|SAA1|CCL3|CCL5|CXCL5|TAPBP|CNTN2|THY1|ZIC3|TNFSF9|SOCS3|MVP|SULF1|SEC14L2|ERO1A|TREM1|CD177|SLC30A8,-5.1,MyList
DisGeNET,35,C0520679,"Sleep Apnea, Obstructive",,-6.9,2.7,6.3,30293,480,851,36,4.2,0.69,285|650|718|1029|1030|1281|1361|1440|1910|1993|2335|2596|2697|2934|3119|3123|3339|3383|3576|3918|4023|4681|4914|5196|6374|6376|6572|6616|7295|7538|8929|11082|23768|51129|60482|375704,ANGPT2|BMP2|C3|CDKN2A|CDKN2B|COL3A1|CPB2|CSF3|EDNRB|ELAVL2|FN1|GAP43|GJA1|GSN|HLA-DQB1|HLA-DRB1|HSPG2|ICAM1|CXCL8|LAMC2|LPL|NBL1|NTRK1|PF4|CXCL5|CX3CL1|SLC18A3|SNAP25|TXN|ZFP36|PHOX2B|ESM1|FLRT2|ANGPTL4|SLC5A7|ENHO,-5,MyList
Cell Type Signatures,7,M39262,HU FETAL RETINA BIPOLAR,,-6.9,5.8,7.6,30293,86,851,14,1.6,0.44,1152|2823|4760|4826|5629|6616|6809|7021|9705|30813|56884|58158|81832|338917,CKB|GPM6A|NEUROD1|NNAT|PROX1|SNAP25|STX3|TFAP2B|ST18|VSX1|FSTL5|NEUROD4|NETO1|VSX2,-5,MyList
DisGeNET,35,C0162809,Kallmann Syndrome,,-6.9,5.8,7.6,30293,86,851,14,1.6,0.44,286|2018|2253|2335|4914|5076|5122|6496|6658|8482|9423|10194|57007|64641,ANK1|EMX2|FGF8|FN1|NTRK1|PAX2|PCSK1|SIX3|SOX3|SEMA7A|NTN1|TSHZ1|ACKR3|EBF2,-5,MyList
DisGeNET,35,C0005699,Blast Phase,,-6.9,3.2,6.5,30293,299,851,27,3.2,0.6,290|861|862|928|1012|1029|1030|1050|1052|1647|1910|2114|2353|2624|3123|3383|3481|4194|4684|5045|5521|7020|9021|9590|64641|64866|80150,ANPEP|RUNX1|RUNX1T1|CD9|CDH13|CDKN2A|CDKN2B|CEBPA|CEBPD|GADD45A|EDNRB|ETS2|FOS|GATA2|HLA-DRB1|ICAM1|IGF2|MDM4|NCAM1|FURIN|PPP2R2B|TFAP2A|SOCS3|AKAP12|EBF2|CDCP1|ASRGL1,-5,MyList
DisGeNET,35,C0014474,Ependymoma,,-6.9,3.5,6.7,30293,244,851,24,2.8,0.57,238|301|861|1029|1030|1641|3481|3488|3576|4194|4288|4753|5080|5111|5880|6277|6662|6690|7122|7291|9961|10215|11186|150094,ALK|ANXA1|RUNX1|CDKN2A|CDKN2B|DCX|IGF2|IGFBP5|CXCL8|MDM4|MKI67|NELL2|PAX6|PCNA|RAC2|S100A6|SOX9|SPINK1|CLDN5|TWIST1|MVP|OLIG2|RASSF1|SIK1,-5,MyList
DisGeNET,35,C0206708,Cervical Intraepithelial Neoplasia,,-6.9,2.9,6.4,30293,398,851,32,3.8,0.65,133|238|429|768|1026|1029|1440|2180|2335|3119|3123|3481|3488|3576|3855|4118|4288|5111|5178|6513|7424|7545|9518|10103|10630|11186|23452|23541|51129|57007|81849|203447,ADM|ALK|ASCL1|CA9|CDKN1A|CDKN2A|CSF3|ACSL1|FN1|HLA-DQB1|HLA-DRB1|IGF2|IGFBP5|CXCL8|KRT7|MAL|MKI67|PCNA|PEG3|SLC2A1|VEGFC|ZIC1|GDF15|TSPAN1|PDPN|RASSF1|ANGPTL2|SEC14L2|ANGPTL4|ACKR3|ST6GALNAC5|NRK,-5,MyList
DisGeNET,35,C0162154,Atrophic scar,,-6.9,12,9.3,30293,23,851,8,0.94,0.33,1277|1281|1294|3691|3852|3914|3918|5339,COL1A1|COL3A1|COL7A1|ITGB4|KRT5|LAMB3|LAMC2|PLEC,-5,MyList
DisGeNET,35,C1704436,Peripheral Arterial Diseases,,-6.9,3.1,6.5,30293,319,851,28,3.3,0.61,285|567|650|846|875|1026|1050|1136|1143|1440|1822|1952|2266|2335|2353|3552|3576|4023|5045|5446|6288|9518|11096|23043|23452|53827|54715|116844,ANGPT2|B2M|BMP2|CASR|CBS|CDKN1A|CEBPA|CHRNA3|CHRNB4|CSF3|ATN1|CELSR2|FGG|FN1|FOS|IL1A|CXCL8|LPL|FURIN|PON3|SAA1|GDF15|ADAMTS5|TNIK|ANGPTL2|FXYD5|RBFOX1|LRG1,-5,MyList
Cell Type Signatures,7,M39059,MANNO MIDBRAIN NEUROTYPES HPROGBP,,-6.9,3.2,6.5,30293,300,851,27,3.2,0.6,429|890|1063|1952|3785|4036|4288|4753|5100|5111|5354|5992|6656|6662|8549|9262|9543|10630|54677|63967|120114|130132|152573|283659|286204|387597|388585,ASCL1|CCNA2|CENPF|CELSR2|KCNQ2|LRP2|MKI67|NELL2|PCDH8|PCNA|PLP1|RFX4|SOX1|SOX9|LGR5|STK17B|IGDCC3|PDPN|CROT|CLSPN|FAT3|RFTN2|SHISA3|PRTG|CRB2|ILDR2|HES5,-5,MyList
Transcription Factor Targets,16,M6969,BACH1 01,,-6.9,3.4,6.6,30293,263,851,25,2.9,0.58,650|1026|1294|1440|1649|1893|1993|3213|3589|3691|3914|3918|5339|6281|7401|10163|11187|23645|54101|56287|59277|63874|79784|85397|153769,BMP2|CDKN1A|COL7A1|CSF3|DDIT3|ECM1|ELAVL2|HOXB3|IL11|ITGB4|LAMB3|LAMC2|PLEC|S100A10|CLRN1|WASF2|PKP3|PPP1R15A|RIPK4|GKN1|NTN4|ABHD4|MYH14|RGS8|SH3RF2,-5,MyList
DisGeNET,35,C0007758,Cerebellar Ataxia,,-6.9,2.8,6.3,30293,440,851,34,4,0.67,174|238|286|577|823|1026|1137|1356|1759|1804|1822|2259|2335|2521|2920|2934|3741|3746|4319|4914|5521|6513|6616|7545|7546|8831|9181|9211|10194|23255|55655|84107|85300|253738,AFP|ALK|ANK1|ADGRB3|CAPN1|CDKN1A|CHRNA4|CP|DNM1|DPP6|ATN1|FGF14|FN1|FUS|CXCL2|GSN|KCNA5|KCNC1|MMP10|NTRK1|PPP2R2B|SLC2A1|SNAP25|ZIC1|ZIC2|SYNGAP1|ARHGEF2|LGI1|TSHZ1|MTCL1|NLRP2|ZIC4|ATCAY|EBF3,-5,MyList
DisGeNET,35,C1257925,"Mammary Carcinoma, Animal",,-6.9,4.4,7.1,30293,144,851,18,2.1,0.49,111|301|307|2180|2335|3852|4023|5045|6277|6662|8673|9540|9615|9902|10653|11186|51599|140738,ADCY5|ANXA1|ANXA4|ACSL1|FN1|KRT5|LPL|FURIN|S100A6|SOX9|VAMP8|TP53I3|GDA|MRC2|SPINT2|RASSF1|LSR|TMEM37,-5,MyList
Transcription Factor Targets,16,M9896,NCX 01,,-6.9,4,6.9,30293,176,851,20,2.4,0.52,2|861|1045|1641|1993|1996|2018|2128|2596|2846|3227|5178|7025|8929|9314|9378|11254|54549|55885|79026,A2M|RUNX1|CDX2|DCX|ELAVL2|ELAVL4|EMX2|EVX1|GAP43|LPAR4|HOXC11|PEG3|NR2F1|PHOX2B|KLF4|NRXN1|SLC6A14|SDK2|LMO3|AHNAK,-5,MyList
DisGeNET,35,C1332201,Adult Diffuse Large B-Cell Lymphoma,,-6.9,2.6,6.2,30293,504,851,37,4.3,0.7,238|567|602|694|846|976|1009|1026|1029|1030|1649|1999|2173|2624|3123|3552|3918|4118|4194|4684|4914|5111|5142|6352|6546|6850|7128|7295|9021|9123|23135|50848|54625|55655|57007|57575|84433,ALK|B2M|BCL3|BTG1|CASR|ADGRE5|CDH11|CDKN1A|CDKN2A|CDKN2B|DDIT3|ELF3|FABP7|GATA2|HLA-DRB1|IL1A|LAMC2|MAL|MDM4|NCAM1|NTRK1|PCNA|PDE4B|CCL5|SLC8A1|SYK|TNFAIP3|TXN|SOCS3|SLC16A3|KDM6B|F11R|PARP14|NLRP2|ACKR3|PCDH10|CARD11,-5,MyList
Transcription Factor Targets,16,M5959,IK1 01,,-6.9,3.3,6.5,30293,282,851,26,3.1,0.59,577|602|2258|2355|2823|3222|3227|3383|3725|4036|4826|5992|6364|7020|7291|9547|9951|27289|29942|57007|79026|84107|85416|114798|283987|338917,ADGRB3|BCL3|FGF13|FOSL2|GPM6A|HOXC5|HOXC11|ICAM1|JUN|LRP2|NNAT|RFX4|CCL20|TFAP2A|TWIST1|CXCL14|HS3ST4|RND1|PURG|ACKR3|AHNAK|ZIC4|ZIC5|SLITRK1|HID1|VSX2,-5,MyList
Transcription Factor Targets,16,M11587,CHX10 01,,-6.8,3.6,6.7,30293,228,851,23,2.7,0.56,2596|2846|3776|4762|4914|5080|5396|7021|7025|7545|8673|8929|23440|27023|28316|55885|55890|57530|80352|84107|114798|167410|221749,GAP43|LPAR4|KCNK2|NEUROG1|NTRK1|PAX6|PRRX1|TFAP2B|NR2F1|ZIC1|VAMP8|PHOX2B|OTP|FOXB1|CDH20|LMO3|GPRC5C|CGN|RNF39|ZIC4|SLITRK1|LIX1|PXDC1,-5,MyList
DisGeNET,35,C1565489,Renal Insufficiency,,-6.8,2.4,6.1,30293,615,851,42,4.9,0.74,133|238|285|290|301|567|655|718|846|875|1029|1294|1462|1463|1822|2034|2168|2335|2353|2934|3123|3209|3339|3383|3481|3552|4973|5076|5266|5327|6513|6690|6736|6928|7056|9518|11186|23541|57007|203447|284119|286204,ADM|ALK|ANGPT2|ANPEP|ANXA1|B2M|BMP7|C3|CASR|CBS|CDKN2A|COL7A1|VCAN|NCAN|ATN1|EPAS1|FABP1|FN1|FOS|GSN|HLA-DRB1|HOXA13|HSPG2|ICAM1|IGF2|IL1A|OLR1|PAX2|PI3|PLAT|SLC2A1|SPINK1|SRY|HNF1B|THBD|GDF15|RASSF1|SEC14L2|ACKR3|NRK|CAVIN1|CRB2,-5,MyList
Transcription Factor Targets,16,M15183,E12 Q6,,-6.8,3.4,6.6,30293,265,851,25,2.9,0.58,744|861|2253|2530|2624|2886|3481|3488|3691|4681|4916|5339|6860|6928|7464|9547|9719|51617|55502|64321|65217|79784|116372|124930|169044,MPPED2|RUNX1|FGF8|FUT8|GATA2|GRB7|IGF2|IGFBP5|ITGB4|NBL1|NTRK3|PLEC|SYT4|HNF1B|CORO2A|CXCL14|ADAMTSL2|NSG2|HES6|SOX17|PCDH15|MYH14|LYPD1|ANKRD13B|COL22A1,-4.9,MyList
Transcription Factor Targets,16,M7236,LMO2COM 01,,-6.8,3.4,6.6,30293,265,851,25,2.9,0.58,114|861|2128|2253|2624|3236|3397|3481|3488|5155|5339|6860|7101|8403|11075|27319|51617|54101|55502|57561|116372|116986|124930|203447|283987,ADCY8|RUNX1|EVX1|FGF8|GATA2|HOXD10|ID1|IGF2|IGFBP5|PDGFB|PLEC|SYT4|NR2E1|SOX14|STMN2|BHLHE22|NSG2|RIPK4|HES6|ARRDC3|LYPD1|AGAP2|ANKRD13B|NRK|HID1,-4.9,MyList
Transcription Factor Targets,16,M9376,AP1 Q2,,-6.8,3.4,6.6,30293,265,851,25,2.9,0.58,768|1634|1647|1759|1942|1993|2353|2934|3209|3397|3914|3918|4188|6281|7295|7545|9705|10761|23023|27123|84107|85397|153769|196463|196500,CA9|DCN|GADD45A|DNM1|EFNA1|ELAVL2|FOS|GSN|HOXA13|ID1|LAMB3|LAMC2|MDFI|S100A10|TXN|ZIC1|ST18|PLAC1|TMCC1|DKK2|ZIC4|RGS8|SH3RF2|PLBD2|PIANP,-4.9,MyList
DisGeNET,35,C0079772,T-Cell Lymphoma,,-6.8,2.6,6.2,30293,485,851,36,4.2,0.69,238|567|602|846|961|1029|1030|1647|1749|1750|2042|2335|3119|3222|3552|3561|3726|4288|4684|5045|6238|6288|6348|6513|6850|6886|7295|9021|9961|11186|51083|51477|55655|57575|80150|94234,ALK|B2M|BCL3|CASR|CD47|CDKN2A|CDKN2B|GADD45A|DLX5|DLX6|EPHA3|FN1|HLA-DQB1|HOXC5|IL1A|IL2RG|JUNB|MKI67|NCAM1|FURIN|RRBP1|SAA1|CCL3|SLC2A1|SYK|TAL1|TXN|SOCS3|MVP|RASSF1|GAL|ISYNA1|NLRP2|PCDH10|ASRGL1|FOXQ1,-4.9,MyList
Transcription Factor Targets,16,M14012,GATA1 04,,-6.8,3.5,6.6,30293,247,851,24,2.8,0.57,133|823|862|1051|1822|2913|3209|3219|3226|3725|5099|5446|5644|6547|7291|7545|9951|10150|10814|11030|11346|50674|55200|84631,ADM|CAPN1|RUNX1T1|CEBPB|ATN1|GRM3|HOXA13|HOXB9|HOXC10|JUN|PCDH7|PON3|PRSS1|SLC8A3|TWIST1|ZIC1|HS3ST4|MBNL2|CPLX2|RBPMS|SYNPO|NEUROG3|PLEKHG6|SLITRK2,-4.9,MyList
Transcription Factor Targets,16,M13199,GATA1 01,,-6.8,3.5,6.6,30293,247,851,24,2.8,0.57,655|1647|1993|2556|3236|3339|4916|5100|5456|5521|5629|6547|7101|7545|7547|8929|9244|10103|25802|55885|64600|84107|220382|387882,BMP7|GADD45A|ELAVL2|GABRA3|HOXD10|HSPG2|NTRK3|PCDH8|POU3F4|PPP2R2B|PROX1|SLC8A3|NR2E1|ZIC1|ZIC3|PHOX2B|CRLF1|TSPAN1|LMOD1|LMO3|PLA2G2F|ZIC4|FAM181B|C12orf75,-4.9,MyList
DisGeNET,35,C0085110,Severe Combined Immunodeficiency,,-6.8,3.3,6.5,30293,284,851,26,3.1,0.59,567|1015|1029|1087|1440|1822|2042|2335|3561|4684|5111|5880|6656|6850|6892|7070|7448|8190|8549|9314|9547|10630|11186|23452|55655|84433,B2M|CDH17|CDKN2A|CEACAM7|CSF3|ATN1|EPHA3|FN1|IL2RG|NCAM1|PCNA|RAC2|SOX1|SYK|TAPBP|THY1|VTN|MIA|LGR5|KLF4|CXCL14|PDPN|RASSF1|ANGPTL2|NLRP2|CARD11,-4.9,MyList
Transcription Factor Targets,16,M2958,GATA1 05,,-6.8,3.3,6.5,30293,284,851,26,3.1,0.59,285|655|768|862|1051|1996|2039|2555|3209|3226|3725|3772|5446|6096|6374|6660|7291|7545|10761|23213|27133|50674|51043|57211|167410|283576,ANGPT2|BMP7|CA9|RUNX1T1|CEBPB|ELAVL4|DMTN|GABRA2|HOXA13|HOXC10|JUN|KCNJ15|PON3|RORB|CXCL5|SOX5|TWIST1|ZIC1|PLAC1|SULF1|KCNH5|NEUROG3|ZBTB7B|ADGRG6|LIX1|ZDHHC22,-4.9,MyList
DisGeNET,35,C1282496,Metastasis from malignant tumor of prostate,,-6.8,3,6.4,30293,342,851,29,3.4,0.62,655|1026|1029|1889|2335|2346|2624|3283|3339|3383|3576|3589|4973|6690|6850|6928|7113|7291|7424|8788|9314|9518|10397|22943|23135|54625|55450|56937|284119,BMP7|CDKN1A|CDKN2A|ECE1|FN1|FOLH1|GATA2|HSD3B1|HSPG2|ICAM1|CXCL8|IL11|OLR1|SPINK1|SYK|HNF1B|TMPRSS2|TWIST1|VEGFC|DLK1|KLF4|GDF15|NDRG1|DKK1|KDM6B|PARP14|CAMK2N1|PMEPA1|CAVIN1,-4.9,MyList
DisGeNET,35,C3875321,Inflammatory dermatosis,,-6.8,2.9,6.3,30293,382,851,31,3.6,0.64,301|972|1440|1747|2034|2335|2353|2852|3383|3552|3576|3725|3726|5327|5880|6348|6352|6364|6376|6850|7020|7056|7128|7295|7424|7448|9021|9235|50506|57402|196264,ANXA1|CD74|CSF3|DLX3|EPAS1|FN1|FOS|GPER1|ICAM1|IL1A|CXCL8|JUN|JUNB|PLAT|RAC2|CCL3|CCL5|CCL20|CX3CL1|SYK|TFAP2A|THBD|TNFAIP3|TXN|VEGFC|VTN|SOCS3|IL32|DUOX2|S100A14|MPZL3,-4.9,MyList
DisGeNET,35,C0936223,Metastatic Prostate Carcinoma,,-6.8,3,6.3,30293,362,851,30,3.5,0.63,655|1026|1029|1889|2335|2346|2624|3283|3339|3383|3576|3589|4973|6690|6850|6928|7113|7291|7424|8788|8792|9314|9518|10397|22943|23135|54625|55450|56937|284119,BMP7|CDKN1A|CDKN2A|ECE1|FN1|FOLH1|GATA2|HSD3B1|HSPG2|ICAM1|CXCL8|IL11|OLR1|SPINK1|SYK|HNF1B|TMPRSS2|TWIST1|VEGFC|DLK1|TNFRSF11A|KLF4|GDF15|NDRG1|DKK1|KDM6B|PARP14|CAMK2N1|PMEPA1|CAVIN1,-4.9,MyList
Transcription Factor Targets,16,M4321,DR4 Q2,,-6.8,3.3,6.5,30293,266,851,25,2.9,0.58,133|602|1641|1993|1996|3589|4753|4762|4826|5155|6376|6660|7101|7546|11254|11255|27344|57124|64641|79977|84033|84969|150094|167826|196264,ADM|BCL3|DCX|ELAVL2|ELAVL4|IL11|NELL2|NEUROG1|NNAT|PDGFB|CX3CL1|SOX5|NR2E1|ZIC2|SLC6A14|HRH3|PCSK1N|CD248|EBF2|GRHL2|OBSCN|TOX2|SIK1|OLIG3|MPZL3,-4.9,MyList
DisGeNET,35,C0339573,"Glaucoma, Primary Open Angle",,-6.8,2.9,6.3,30293,383,851,31,3.6,0.64,285|345|414|718|1026|1029|1030|1045|1277|1295|1301|1410|1634|1649|1879|2335|2619|2697|3037|3119|3123|3481|3552|4155|6374|7058|7424|9518|22915|23541|81794,ANGPT2|APOC3|ARSD|C3|CDKN1A|CDKN2A|CDKN2B|CDX2|COL1A1|COL8A1|COL11A1|CRYAB|DCN|DDIT3|EBF1|FN1|GAS1|GJA1|HAS2|HLA-DQB1|HLA-DRB1|IGF2|IL1A|MBP|CXCL5|THBS2|VEGFC|GDF15|MMRN1|SEC14L2|ADAMTS10,-4.9,MyList
DisGeNET,35,C0740394,Hyperuricemia,,-6.7,3.8,6.7,30293,196,851,21,2.5,0.53,174|345|567|823|1277|1311|1822|2169|2701|3037|3576|4036|5024|6238|6288|6352|6928|7056|8792|10725|23131,AFP|APOC3|B2M|CAPN1|COL1A1|COMP|ATN1|FABP2|GJA4|HAS2|CXCL8|LRP2|P2RX3|RRBP1|SAA1|CCL5|HNF1B|THBD|TNFRSF11A|NFAT5|GPATCH8,-4.9,MyList
Cell Type Signatures,7,M40251,DESCARTES FETAL MUSCLE SCHWANN CELLS,,-6.7,4.9,7.1,30293,117,851,16,1.9,0.47,577|2555|2899|4118|5126|5354|5521|7020|7869|10752|27133|56884|57348|84612|84631|114786,ADGRB3|GABRA2|GRIK3|MAL|PCSK2|PLP1|PPP2R2B|TFAP2A|SEMA3B|CHL1|KCNH5|FSTL5|TTYH1|PARD6B|SLITRK2|XKR4,-4.9,MyList
Transcription Factor Targets,16,M13052,GATA6 01,,-6.7,3.3,6.5,30293,268,851,25,2.9,0.58,285|862|1510|1641|1996|2169|2355|2555|3213|3488|3772|5396|6096|6660|7025|10761|11030|27133|51043|54715|55885|79953|84631|84674|167410,ANGPT2|RUNX1T1|CTSE|DCX|ELAVL4|FABP2|FOSL2|GABRA2|HOXB3|IGFBP5|KCNJ15|PRRX1|RORB|SOX5|NR2F1|PLAC1|RBPMS|KCNH5|ZBTB7B|RBFOX1|LMO3|SYNDIG1|SLITRK2|CARD6|LIX1,-4.9,MyList
Cell Type Signatures,7,M39267,HU FETAL RETINA MULLER,,-6.7,8.5,8.2,30293,42,851,10,1.2,0.37,1152|2173|4684|4826|5354|6303|9068|10418|56937|57348,CKB|FABP7|NCAM1|NNAT|PLP1|SAT1|ANGPTL1|SPON1|PMEPA1|TTYH1,-4.9,MyList
Cell Type Signatures,7,M40005,BUSSLINGER ESOPHAGEAL DENDRITIC CELLS,,-6.7,3.7,6.6,30293,214,851,22,2.6,0.54,567|972|1512|2353|2512|2934|3119|3123|3127|3561|3726|5272|6513|6515|7128|7538|9262|23135|26499|53827|221749|254102,B2M|CD74|CTSH|FOS|FTL|GSN|HLA-DQB1|HLA-DRB1|HLA-DRB5|IL2RG|JUNB|SERPINB9|SLC2A1|SLC2A3|TNFAIP3|ZFP36|STK17B|KDM6B|PLEK2|FXYD5|PXDC1|EHBP1L1,-4.9,MyList
DisGeNET,35,C0023470,Myeloid Leukemia,,-6.7,2.9,6.3,30293,385,851,31,3.6,0.64,133|238|861|862|1012|1026|1029|1030|1050|1051|1440|2353|2521|2624|3209|3222|3383|3589|3725|3726|3855|4684|4753|4914|5024|5396|6886|9314|9892|57761|63976,ADM|ALK|RUNX1|RUNX1T1|CDH13|CDKN1A|CDKN2A|CDKN2B|CEBPA|CEBPB|CSF3|FOS|FUS|GATA2|HOXA13|HOXC5|ICAM1|IL11|JUN|JUNB|KRT7|NCAM1|NELL2|NTRK1|P2RX3|PRRX1|TAL1|KLF4|SNAP91|TRIB3|PRDM16,-4.9,MyList
DisGeNET,35,C0022116,Ischemia,,-6.7,5.2,7.2,30293,103,851,15,1.8,0.45,133|285|301|961|1356|2697|3776|4804|5111|5327|6348|6376|6546|7056|56667,ADM|ANGPT2|ANXA1|CD47|CP|GJA1|KCNK2|NGFR|PCNA|PLAT|CCL3|CX3CL1|SLC8A1|THBD|MUC13,-4.9,MyList
Transcription Factor Targets,16,M14782,VDR Q3,,-6.7,3.5,6.6,30293,232,851,23,2.7,0.56,1747|1879|2353|2913|3222|3589|4684|4914|4916|5045|5099|5629|6238|7025|8553|9181|9547|26050|27023|50506|116986|147906|405753,DLX3|EBF1|FOS|GRM3|HOXC5|IL11|NCAM1|NTRK1|NTRK3|FURIN|PCDH7|PROX1|RRBP1|NR2F1|BHLHE40|ARHGEF2|CXCL14|SLITRK5|FOXB1|DUOX2|AGAP2|DACT3|DUOXA2,-4.9,MyList
Cell Type Signatures,7,M39021,FAN EMBRYONIC CTX BIG GROUPS BRAIN IMMUNE,,-6.7,4.3,6.9,30293,148,851,18,2.1,0.49,301|311|567|972|976|2353|3123|3561|3726|5880|6277|6281|6892|7538|8673|9235|9262|53827,ANXA1|ANXA11|B2M|CD74|ADGRE5|FOS|HLA-DRB1|IL2RG|JUNB|RAC2|S100A6|S100A10|TAPBP|ZFP36|VAMP8|IL32|STK17B|FXYD5,-4.8,MyList
Transcription Factor Targets,16,M12599,MYOD 01,,-6.7,3.3,6.5,30293,269,851,25,2.9,0.58,744|1942|1996|2051|2530|2556|3918|5880|6860|7277|7464|9181|9244|9245|11255|27133|51617|55502|57561|64409|116372|124930|148022|252995|283987,MPPED2|EFNA1|ELAVL4|EPHB6|FUT8|GABRA3|LAMC2|RAC2|SYT4|TUBA4A|CORO2A|ARHGEF2|CRLF1|GCNT3|HRH3|KCNH5|NSG2|HES6|ARRDC3|GALNT17|LYPD1|ANKRD13B|TICAM1|FNDC5|HID1,-4.8,MyList
DisGeNET,35,C1318485,Liver regeneration disorder,,-6.7,3,6.3,30293,346,851,29,3.4,0.62,174|301|634|1026|1030|1050|1051|1822|2255|2274|2920|3481|3552|5111|6277|6352|6662|6690|7031|7070|7128|8549|8788|9021|23657|57124|57761|80150|112399,AFP|ANXA1|CEACAM1|CDKN1A|CDKN2B|CEBPA|CEBPB|ATN1|FGF10|FHL2|CXCL2|IGF2|IL1A|PCNA|S100A6|CCL5|SOX9|SPINK1|TFF1|THY1|TNFAIP3|LGR5|DLK1|SOCS3|SLC7A11|CD248|TRIB3|ASRGL1|EGLN3,-4.8,MyList
DisGeNET,35,C1960398,HER2-positive carcinoma of breast,,-6.7,3.2,6.4,30293,288,851,26,3.1,0.59,26|238|301|1822|1942|1999|2034|2173|2697|2886|3561|4288|4914|5111|5209|5214|5800|6352|6374|6736|7045|7538|11145|11186|64866|346389,AOC1|ALK|ANXA1|ATN1|EFNA1|ELF3|EPAS1|FABP7|GJA1|GRB7|IL2RG|MKI67|NTRK1|PCNA|PFKFB3|PFKP|PTPRO|CCL5|CXCL5|SRY|TGFBI|ZFP36|PLAAT3|RASSF1|CDCP1|MACC1,-4.8,MyList
Cell Type Signatures,7,M39020,FAN EMBRYONIC CTX BIG GROUPS GLIAL,,-6.7,4.5,7,30293,133,851,17,2,0.48,655|928|1152|1910|2173|2273|5142|5992|6506|9547|10418|57348|84631|116372|116448|128414|388419,BMP7|CD9|CKB|EDNRB|FABP7|FHL1|PDE4B|RFX4|SLC1A2|CXCL14|SPON1|TTYH1|SLITRK2|LYPD1|OLIG1|NKAIN4|BTBD17,-4.8,MyList
Transcription Factor Targets,16,M17644,OSF2 Q6,,-6.7,3.3,6.4,30293,270,851,25,2.9,0.58,861|1993|1995|2255|3213|3236|3624|4684|4760|4821|5125|5396|6546|7545|22943|23440|25802|29942|55885|55890|56896|56936|84107|113763|167826,RUNX1|ELAVL2|ELAVL3|FGF10|HOXB3|HOXD10|INHBA|NCAM1|NEUROD1|NKX2-2|PCSK5|PRRX1|SLC8A1|ZIC1|DKK1|OTP|LMOD1|PURG|LMO3|GPRC5C|DPYSL5|CCDC177|ZIC4|ZBED10P|OLIG3,-4.8,MyList
DisGeNET,35,C0149782,Squamous cell carcinoma of lung,,-6.7,2.3,6,30293,670,851,44,5.2,0.76,238|567|768|846|1026|1029|1087|1136|1137|1143|1440|1621|1647|1993|2034|2042|2521|2877|3691|4684|4804|5111|6277|6281|6513|6928|7045|7058|7122|8788|9540|10163|10630|10752|11082|22915|27201|55885|57007|64067|64321|79192|84858|222584,ALK|B2M|CA9|CASR|CDKN1A|CDKN2A|CEACAM7|CHRNA3|CHRNA4|CHRNB4|CSF3|DBH|GADD45A|ELAVL2|EPAS1|EPHA3|FUS|GPX2|ITGB4|NCAM1|NGFR|PCNA|S100A6|S100A10|SLC2A1|HNF1B|TGFBI|THBS2|CLDN5|DLK1|TP53I3|WASF2|PDPN|CHL1|ESM1|MMRN1|GPR78|LMO3|ACKR3|NPAS3|SOX17|IRX1|ZNF503|FAM83B,-4.8,MyList
Transcription Factor Targets,16,M7797,ZIC2 01,,-6.6,3.4,6.5,30293,252,851,24,2.8,0.57,768|1152|1294|1410|2258|2823|3219|3589|3746|3918|4753|4821|7404|7869|10826|26257|27111|57575|85508|124842|124930|147906|158866|286204,CA9|CKB|COL7A1|CRYAB|FGF13|GPM6A|HOXB9|IL11|KCNC1|LAMC2|NELL2|NKX2-2|UTY|SEMA3B|FAXDC2|NKX2-8|SDCBP2|PCDH10|SCRT2|TMEM132E|ANKRD13B|DACT3|ZDHHC15|CRB2,-4.8,MyList
DisGeNET,35,C0003507,Aortic Valve Stenosis,,-6.6,3.5,6.5,30293,234,851,23,2.7,0.56,414|633|655|875|1361|1491|1889|2335|2353|3725|3726|3960|5476|6385|6513|7058|9518|9590|9719|10630|22915|22943|81794,ARSD|BGN|BMP7|CBS|CPB2|CTH|ECE1|FN1|FOS|JUN|JUNB|LGALS4|CTSA|SDC4|SLC2A1|THBS2|GDF15|AKAP12|ADAMTSL2|PDPN|MMRN1|DKK1|ADAMTS10,-4.8,MyList
Cell Type Signatures,7,M41688,TRAVAGLINI LUNG NEUTROPHIL CELL,,-6.6,2.9,6.2,30293,368,851,30,3.5,0.63,133|290|602|1051|1052|2180|2353|2512|3561|3576|3726|3772|4689|5209|6277|6303|6515|6533|6809|6892|7128|8660|9021|9123|10326|23135|54210|57580|116844|100131187,ADM|ANPEP|BCL3|CEBPB|CEBPD|ACSL1|FOS|FTL|IL2RG|CXCL8|JUNB|KCNJ15|NCF4|PFKFB3|S100A6|SAT1|SLC2A3|SLC6A6|STX3|TAPBP|TNFAIP3|IRS2|SOCS3|SLC16A3|SIRPB1|KDM6B|TREM1|PREX1|LRG1|TSTD1,-4.8,MyList
Cell Type Signatures,7,M39309,CUI DEVELOPING HEART COMPACT VENTRICULAR CARDIOMYOCYTE,,-6.6,6.6,7.6,30293,65,851,12,1.4,0.4,1277|1281|1293|1410|1634|2273|2335|3576|8788|9235|9314|9547,COL1A1|COL3A1|COL6A3|CRYAB|DCN|FHL1|FN1|CXCL8|DLK1|IL32|KLF4|CXCL14,-4.8,MyList
DisGeNET,35,C0011168,Deglutition Disorders,,-6.6,2.8,6.2,30293,389,851,31,3.6,0.64,650|1294|1410|1421|1822|1893|2512|2521|2673|3123|3211|3691|3918|5111|5339|5354|6328|6572|6616|9378|22943|55612|60482|63976|79152|84894|150094|170302|253738|255743|284119,BMP2|COL7A1|CRYAB|CRYGD|ATN1|ECM1|FTL|FUS|GFPT1|HLA-DRB1|HOXB1|ITGB4|LAMC2|PCNA|PLEC|PLP1|SCN3A|SLC18A3|SNAP25|NRXN1|DKK1|FERMT1|SLC5A7|PRDM16|FA2H|LINGO1|SIK1|ARX|EBF3|NPNT|CAVIN1,-4.8,MyList
Transcription Factor Targets,16,M8549,AREB6 04,,-6.6,3.4,6.5,30293,253,851,24,2.8,0.57,1295|1410|1942|1996|2258|2530|3226|3726|4762|5099|5339|6578|6616|22915|23440|23657|25802|29942|54549|54674|64641|84858|84913|203447,COL8A1|CRYAB|EFNA1|ELAVL4|FGF13|FUT8|HOXC10|JUNB|NEUROG1|PCDH7|PLEC|SLCO2A1|SNAP25|MMRN1|OTP|SLC7A11|LMOD1|PURG|SDK2|LRRN3|EBF2|ZNF503|ATOH8|NRK,-4.8,MyList
DisGeNET,35,C0032914,Pre-Eclampsia,,-6.6,4.1,6.8,30293,166,851,19,2.2,0.51,133|285|718|1356|1361|1942|2259|3383|3481|3624|3676|4973|6352|7056|9021|10761|11346|27035|57211,ADM|ANGPT2|C3|CP|CPB2|EFNA1|FGF14|ICAM1|IGF2|INHBA|ITGA4|OLR1|CCL5|THBD|SOCS3|PLAC1|SYNPO|NOX1|ADGRG6,-4.8,MyList
PaGenBase,36,PGB:00065,Tissue-specific: Breast,,-6.6,4.3,6.8,30293,150,851,18,2.1,0.49,174|602|861|1641|2846|3725|3852|3854|4826|5021|7021|11228|25975|26509|26579|55200|56937|646625,AFP|BCL3|RUNX1|DCX|LPAR4|JUN|KRT5|KRT6B|NNAT|OXTR|TFAP2B|RASSF8|EGFL6|MYOF|MYEOV|PLEKHG6|PMEPA1|URAD,-4.8,MyList
Cell Type Signatures,7,M41669,TRAVAGLINI LUNG BRONCHIAL VESSEL 2 CELL,,-6.6,3.3,6.4,30293,272,851,25,2.9,0.58,2|133|1026|1052|1356|2114|2335|2355|2521|2697|3726|4071|5209|6515|7056|7538|8553|9021|11030|11343|23135|64321|64856|116159|150094,A2M|ADM|CDKN1A|CEBPD|CP|ETS2|FN1|FOSL2|FUS|GJA1|JUNB|TM4SF1|PFKFB3|SLC2A3|THBD|ZFP36|BHLHE40|SOCS3|RBPMS|MGLL|KDM6B|SOX17|VWA1|CYYR1|SIK1,-4.8,MyList
Transcription Factor Targets,16,M1321,HEN1 01,,-6.6,3.7,6.6,30293,200,851,21,2.5,0.53,286|1641|1749|5076|5155|6926|7122|8403|8447|10761|11189|11343|51599|51617|57007|57111|57616|85508|116372|338917|375704,ANK1|DCX|DLX5|PAX2|PDGFB|TBX3|CLDN5|SOX14|DOC2B|PLAC1|CELF3|MGLL|LSR|NSG2|ACKR3|RAB25|TSHZ3|SCRT2|LYPD1|VSX2|ENHO,-4.8,MyList
DisGeNET,35,C0027831,Neurofibromatosis 1,,-6.6,3.1,6.3,30293,311,851,27,3.2,0.6,114|133|238|290|650|861|1029|1052|1440|2034|2290|2335|2346|3211|3213|3219|4804|4916|5080|6352|6662|6736|6900|7070|9892|10215|11186,ADCY8|ADM|ALK|ANPEP|BMP2|RUNX1|CDKN2A|CEBPD|CSF3|EPAS1|FOXG1|FN1|FOLH1|HOXB1|HOXB3|HOXB9|NGFR|NTRK3|PAX6|CCL5|SOX9|SRY|CNTN2|THY1|SNAP91|OLIG2|RASSF1,-4.7,MyList
Transcription Factor Targets,16,M16459,GATA Q6,,-6.6,3.7,6.6,30293,201,851,21,2.5,0.53,133|823|862|1641|1996|2039|2169|2274|2355|3488|3725|3772|5076|10761|11030|27133|51043|55200|79953|84631|167410,ADM|CAPN1|RUNX1T1|DCX|ELAVL4|DMTN|FABP2|FHL2|FOSL2|IGFBP5|JUN|KCNJ15|PAX2|PLAC1|RBPMS|KCNH5|ZBTB7B|PLEKHG6|SYNDIG1|SLITRK2|LIX1,-4.7,MyList
Transcription Factor Targets,16,M5067,E47 01,,-6.6,3.4,6.4,30293,255,851,24,2.8,0.57,744|861|961|1942|1995|1996|2051|3397|4681|5063|5155|5339|5521|7464|9245|9590|10842|11189|11255|51617|55502|55885|56896|85508,MPPED2|RUNX1|CD47|EFNA1|ELAVL3|ELAVL4|EPHB6|ID1|NBL1|PAK3|PDGFB|PLEC|PPP2R2B|CORO2A|GCNT3|AKAP12|PPP1R17|CELF3|HRH3|NSG2|HES6|LMO3|DPYSL5|SCRT2,-4.7,MyList
DisGeNET,35,C0238461,Anaplastic thyroid carcinoma,,-6.5,2.8,6.1,30293,392,851,31,3.6,0.64,238|301|846|1012|1026|1029|1277|1410|1993|2335|2353|3383|3576|3589|3918|4194|4760|4914|5111|7020|7070|7291|7424|9021|9314|9518|11186|50848|84417|150094|100131187,ALK|ANXA1|CASR|CDH13|CDKN1A|CDKN2A|COL1A1|CRYAB|ELAVL2|FN1|FOS|ICAM1|CXCL8|IL11|LAMC2|MDM4|NEUROD1|NTRK1|PCNA|TFAP2A|THY1|TWIST1|VEGFC|SOCS3|KLF4|GDF15|RASSF1|F11R|ECRG4|SIK1|TSTD1,-4.7,MyList
Cell Type Signatures,7,M40263,DESCARTES FETAL PANCREAS ISLET ENDOCRINE CELLS,,-6.5,4,6.7,30293,168,851,19,2.2,0.51,4760|4821|5080|5122|5126|9705|10103|50674|51208|54550|79919|81849|84435|169026|170302|388419|389332|644844|100507043,NEUROD1|NKX2-2|PAX6|PCSK1|PCSK2|ST18|TSPAN1|NEUROG3|CLDN18|NECAB2|MAB21L4|ST6GALNAC5|ADGRA1|SLC30A8|ARX|BTBD17|SMIM32|PHGR1|TUNAR,-4.7,MyList
Transcription Factor Targets,16,M11838,FOXD3 01,,-6.5,3.7,6.5,30293,202,851,21,2.5,0.53,577|861|862|2128|2886|2913|3037|3726|7025|7291|9068|9423|27023|29106|54715|55885|64399|84631|85300|130132|255743,ADGRB3|RUNX1|RUNX1T1|EVX1|GRB7|GRM3|HAS2|JUNB|NR2F1|TWIST1|ANGPTL1|NTN1|FOXB1|SCG3|RBFOX1|LMO3|HHIP|SLITRK2|ATCAY|RFTN2|NPNT,-4.7,MyList
Transcription Factor Targets,16,M12298,CEBP Q2,,-6.5,3.4,6.4,30293,238,851,23,2.7,0.56,744|1440|1649|1993|2259|3219|4762|5080|5155|6506|6860|7401|9180|11030|55885|57530|57616|63976|79094|84631|116372|124842|389206,MPPED2|CSF3|DDIT3|ELAVL2|FGF14|HOXB9|NEUROG1|PAX6|PDGFB|SLC1A2|SYT4|CLRN1|OSMR|RBPMS|LMO3|CGN|TSHZ3|PRDM16|CHAC1|SLITRK2|LYPD1|TMEM132E|BEND4,-4.7,MyList
DisGeNET,35,C0334276,Adenocarcinoma in Situ,,-6.5,7.1,7.7,30293,55,851,11,1.3,0.39,238|1029|1993|2852|3855|4288|4684|8190|10397|23541|64321,ALK|CDKN2A|ELAVL2|GPER1|KRT7|MKI67|NCAM1|MIA|NDRG1|SEC14L2|SOX17,-4.7,MyList
DisGeNET,35,C1292769,Precursor B-cell lymphoblastic leukemia,,-6.5,2.6,6,30293,478,851,35,4.1,0.68,133|238|290|694|718|846|861|961|1029|1030|1045|1050|1822|1879|3119|3211|3213|3219|3383|3561|3576|3918|4684|5327|6616|6850|7070|7295|8929|9314|9518|80150|166824|388585|644943,ADM|ALK|ANPEP|BTG1|C3|CASR|RUNX1|CD47|CDKN2A|CDKN2B|CDX2|CEBPA|ATN1|EBF1|HLA-DQB1|HOXB1|HOXB3|HOXB9|ICAM1|IL2RG|CXCL8|LAMC2|NCAM1|PLAT|SNAP25|SYK|THY1|TXN|PHOX2B|KLF4|GDF15|ASRGL1|RASSF6|HES5|RASSF10,-4.7,MyList
Transcription Factor Targets,16,M10143,CREL 01,,-6.5,3.3,6.4,30293,257,851,24,2.8,0.57,602|972|1879|1996|2307|2823|3383|5126|6281|6352|6364|6385|6658|6660|7122|8190|8906|9181|9543|10725|29942|57575|84107|167826,BCL3|CD74|EBF1|ELAVL4|FOXS1|GPM6A|ICAM1|PCSK2|S100A10|CCL5|CCL20|SDC4|SOX3|SOX5|CLDN5|MIA|AP1G2|ARHGEF2|IGDCC3|NFAT5|PURG|PCDH10|ZIC4|OLIG3,-4.7,MyList
Cell Type Signatures,7,M39080,ZHONG PFC C7 ORG UNDERGOING NEURONAL DIFFERENTIATION,,-6.5,6.4,7.5,30293,67,851,12,1.4,0.4,862|1804|2042|9892|10397|10512|10752|23043|51199|54715|57211|59283,RUNX1T1|DPP6|EPHA3|SNAP91|NDRG1|SEMA3C|CHL1|TNIK|NIN|RBFOX1|ADGRG6|CACNG8,-4.7,MyList
DisGeNET,35,C0014548,"Epilepsy, Generalized",,-6.5,5.4,7.2,30293,93,851,14,1.6,0.44,1137|1759|2555|3785|5099|6096|6513|6515|6656|8831|9211|23316|23541|54715,CHRNA4|DNM1|GABRA2|KCNQ2|PCDH7|RORB|SLC2A1|SLC2A3|SOX1|SYNGAP1|LGI1|CUX2|SEC14L2|RBFOX1,-4.7,MyList
Cell Type Signatures,7,M41743,RUBENSTEIN SKELETAL MUSCLE ENDOTHELIAL CELLS,,-6.5,4.4,6.8,30293,137,851,17,2,0.48,2|567|972|2034|2791|3123|3339|3397|3481|3487|4071|5480|7122|9235|11343|79026|284119,A2M|B2M|CD74|EPAS1|GNG11|HLA-DRB1|HSPG2|ID1|IGF2|IGFBP4|TM4SF1|PPIC|CLDN5|IL32|MGLL|AHNAK|CAVIN1,-4.7,MyList
Cell Type Signatures,7,M40151,DESCARTES FETAL ADRENAL STROMAL CELLS,,-6.5,4.2,6.7,30293,153,851,18,2.1,0.49,1009|1277|1281|1293|1634|2307|5322|5396|7058|23213|25891|27123|57124|64399|79750|79962|253738|260293,CDH11|COL1A1|COL3A1|COL6A3|DCN|FOXS1|PLA2G5|PRRX1|THBS2|SULF1|PAMR1|DKK2|CD248|HHIP|ZNF385D|DNAJC22|EBF3|CYP4X1,-4.7,MyList
Transcription Factor Targets,16,M8695,CEBP 01,,-6.5,3.2,6.3,30293,277,851,25,2.9,0.58,133|285|1012|1993|2168|2258|2530|3213|3488|3776|4760|4762|4821|5100|5456|6660|8929|23452|29942|51617|54715|55885|56936|57616|170685,ADM|ANGPT2|CDH13|ELAVL2|FABP1|FGF13|FUT8|HOXB3|IGFBP5|KCNK2|NEUROD1|NEUROG1|NKX2-2|PCDH8|POU3F4|SOX5|PHOX2B|ANGPTL2|PURG|NSG2|RBFOX1|LMO3|CCDC177|TSHZ3|NUDT10,-4.6,MyList
Transcription Factor Targets,16,M16291,YNGTTNNNATT UNKNOWN,,-6.4,2.8,6.1,30293,376,851,30,3.5,0.63,861|862|1277|3226|3642|3694|4821|4914|4916|6096|6660|6886|7029|7546|7547|8403|9951|10752|11096|23440|54101|55885|57575|57616|79977|81849|85397|154091|283987|389206,RUNX1|RUNX1T1|COL1A1|HOXC10|INSM1|ITGB6|NKX2-2|NTRK1|NTRK3|RORB|SOX5|TAL1|TFDP2|ZIC2|ZIC3|SOX14|HS3ST4|CHL1|ADAMTS5|OTP|RIPK4|LMO3|PCDH10|TSHZ3|GRHL2|ST6GALNAC5|RGS8|SLC2A12|HID1|BEND4,-4.6,MyList
DisGeNET,35,C0237123,Alcohol or Other Drugs use,,-6.4,4.9,7,30293,108,851,15,1.8,0.45,414|650|1136|1143|2555|2697|3855|4684|5021|5142|6616|6886|9423|9892|10163,ARSD|BMP2|CHRNA3|CHRNB4|GABRA2|GJA1|KRT7|NCAM1|OXTR|PDE4B|SNAP25|TAL1|NTN1|SNAP91|WASF2,-4.6,MyList
Cell Type Signatures,7,M39061,MANNO MIDBRAIN NEUROTYPES HPROGFPM,,-6.4,2.9,6.1,30293,356,851,29,3.4,0.62,655|890|1050|1063|3785|4036|4288|5800|5992|6860|7291|8549|9211|9543|10150|10630|11096|23138|23768|29923|55890|63967|92293|167410|170302|283659|285533|286204|100463486,BMP7|CCNA2|CEBPA|CENPF|KCNQ2|LRP2|MKI67|PTPRO|RFX4|SYT4|TWIST1|LGR5|LGI1|IGDCC3|MBNL2|PDPN|ADAMTS5|N4BP3|FLRT2|HILPDA|GPRC5C|CLSPN|TMEM132C|LIX1|ARX|PRTG|RNF175|CRB2|MTRNR2L8,-4.6,MyList
DisGeNET,35,C0027962,Melanocytic nevus,,-6.4,3.1,6.2,30293,297,851,26,3.1,0.59,1026|1029|1030|1281|1462|1647|1649|1759|1993|2934|3383|3481|3576|4036|4288|4804|5111|6277|6513|7020|8190|8434|8792|8831|11186|22822,CDKN1A|CDKN2A|CDKN2B|COL3A1|VCAN|GADD45A|DDIT3|DNM1|ELAVL2|GSN|ICAM1|IGF2|CXCL8|LRP2|MKI67|NGFR|PCNA|S100A6|SLC2A1|TFAP2A|MIA|RECK|TNFRSF11A|SYNGAP1|RASSF1|PHLDA1,-4.6,MyList
DisGeNET,35,C0028259,Nodule,,-6.4,3.2,6.3,30293,278,851,25,2.9,0.58,174|238|633|650|1009|1029|1050|1277|1311|1822|2335|2346|3576|4684|6513|6662|6690|7045|7295|9068|11145|23452|51199|64220|80150,AFP|ALK|BGN|BMP2|CDH11|CDKN2A|CEBPA|COL1A1|COMP|ATN1|FN1|FOLH1|CXCL8|NCAM1|SLC2A1|SOX9|SPINK1|TGFBI|TXN|ANGPTL1|PLAAT3|ANGPTL2|NIN|STRA6|ASRGL1,-4.6,MyList
DisGeNET,35,C1861922,CAMPOMELIC DYSPLASIA,,-6.4,6.3,7.4,30293,68,851,12,1.4,0.4,286|633|1277|1293|2697|3211|3213|3219|3960|6662|6736|57126,ANK1|BGN|COL1A1|COL6A3|GJA1|HOXB1|HOXB3|HOXB9|LGALS4|SOX9|SRY|CD177,-4.6,MyList
DisGeNET,35,C0853945,Oral mucosal blisters,,-6.4,18,9.9,30293,12,851,6,0.71,0.29,1294|3691|3852|3914|3918|5339,COL7A1|ITGB4|KRT5|LAMB3|LAMC2|PLEC,-4.6,MyList
DisGeNET,35,C0087031,Juvenile-Onset Still Disease,,-6.4,4,6.6,30293,171,851,19,2.2,0.51,694|861|1647|1649|2353|2355|2791|3123|3552|3725|3772|4055|4973|6515|6892|9314|10826|23043|150094,BTG1|RUNX1|GADD45A|DDIT3|FOS|FOSL2|GNG11|HLA-DRB1|IL1A|JUN|KCNJ15|LTBR|OLR1|SLC2A3|TAPBP|KLF4|FAXDC2|TNIK|SIK1,-4.6,MyList
Cell Type Signatures,7,M41651,TRAVAGLINI LUNG BASAL CELL,,-6.4,3.8,6.5,30293,188,851,20,2.4,0.52,928|1634|2034|2114|2274|3487|3691|3726|3852|3914|4804|6662|7045|7056|10630|51477|57126|64065|84171|644943,CD9|DCN|EPAS1|ETS2|FHL2|IGFBP4|ITGB4|JUNB|KRT5|LAMB3|NGFR|SOX9|TGFBI|THBD|PDPN|ISYNA1|CD177|PERP|LOXL4|RASSF10,-4.6,MyList
DisGeNET,35,C0042345,Varicosity,,-6.4,3.8,6.5,30293,188,851,20,2.4,0.52,133|1281|1621|1879|2034|2335|2353|2697|3383|3725|3726|4804|6281|6572|7056|7424|22915|89932|112399|140679,ADM|COL3A1|DBH|EBF1|EPAS1|FN1|FOS|GJA1|ICAM1|JUN|JUNB|NGFR|S100A10|SLC18A3|THBD|VEGFC|MMRN1|PAPLN|EGLN3|SLC32A1,-4.6,MyList
DisGeNET,35,C0009782,Connective Tissue Diseases,,-6.4,3.8,6.5,30293,188,851,20,2.4,0.52,133|838|875|1009|1029|1051|1277|1281|1299|1301|1440|1634|2335|3123|3576|4155|6376|6736|22915|81794,ADM|CASP5|CBS|CDH11|CDKN2A|CEBPB|COL1A1|COL3A1|COL9A3|COL11A1|CSF3|DCN|FN1|HLA-DRB1|CXCL8|MBP|CX3CL1|SRY|MMRN1|ADAMTS10,-4.6,MyList
Cell Type Signatures,7,M39044,FAN EMBRYONIC CTX BRAIN MYELOID,,-6.4,4.4,6.7,30293,139,851,17,2,0.48,301|972|976|1051|1462|3119|3123|6277|6281|7045|7127|9021|9181|9314|10964|53827|55466,ANXA1|CD74|ADGRE5|CEBPB|VCAN|HLA-DQB1|HLA-DRB1|S100A6|S100A10|TGFBI|TNFAIP2|SOCS3|ARHGEF2|KLF4|IFI44L|FXYD5|DNAJA4,-4.6,MyList
DisGeNET,35,C0007570,Celiac Disease,,-6.4,2.5,5.9,30293,527,851,37,4.3,0.7,238|290|311|345|861|1029|1993|2524|3119|3123|3383|3552|3576|4023|4055|4684|5155|5266|5446|5880|6352|6376|6662|6690|7031|7122|7128|7295|7538|9378|11254|23541|51477|85407|148022|167826|169026,ALK|ANPEP|ANXA11|APOC3|RUNX1|CDKN2A|ELAVL2|FUT2|HLA-DQB1|HLA-DRB1|ICAM1|IL1A|CXCL8|LPL|LTBR|NCAM1|PDGFB|PI3|PON3|RAC2|CCL5|CX3CL1|SOX9|SPINK1|TFF1|CLDN5|TNFAIP3|TXN|ZFP36|NRXN1|SLC6A14|SEC14L2|ISYNA1|NKD1|TICAM1|OLIG3|SLC30A8,-4.6,MyList
Cell Type Signatures,7,M40237,DESCARTES FETAL LUNG SQUAMOUS EPITHELIAL CELLS,,-6.4,3.6,6.4,30293,206,851,21,2.5,0.53,1026|1030|1087|1893|2524|3481|4118|5493|6493|6707|9245|23612|27111|27123|64063|64065|64855|79919|79983|80352|94234,CDKN1A|CDKN2B|CEACAM7|ECM1|FUT2|IGF2|MAL|PPL|SIM2|SPRR3|GCNT3|PHLDA3|SDCBP2|DKK2|PRSS22|PERP|NIBAN2|MAB21L4|POF1B|RNF39|FOXQ1,-4.6,MyList
DisGeNET,35,C0279986,Childhood Leiomyosarcoma,,-6.4,4.3,6.7,30293,140,851,17,2,0.48,238|633|1029|1277|1462|1649|2346|2521|3481|3576|4914|5121|5155|9021|9961|11186|25802,ALK|BGN|CDKN2A|COL1A1|VCAN|DDIT3|FOLH1|FUS|IGF2|CXCL8|NTRK1|PCP4|PDGFB|SOCS3|MVP|RASSF1|LMOD1,-4.5,MyList
Cell Type Signatures,7,M41747,RUBENSTEIN SKELETAL MUSCLE PCV ENDOTHELIAL CELLS,,-6.3,3.5,6.3,30293,225,851,22,2.6,0.54,307|972|2114|2791|3119|3123|3397|3487|4071|5327|6281|6303|6515|8553|9021|9314|10397|51299|53827|64065|116159|284119,ANXA4|CD74|ETS2|GNG11|HLA-DQB1|HLA-DRB1|ID1|IGFBP4|TM4SF1|PLAT|S100A10|SAT1|SLC2A3|BHLHE40|SOCS3|KLF4|NDRG1|NRN1|FXYD5|PERP|CYYR1|CAVIN1,-4.5,MyList
DisGeNET,35,C0002622,Amnesia,,-6.3,3.9,6.5,30293,173,851,19,2.2,0.51,133|1421|2259|2346|2521|2558|2697|2913|3552|3918|4155|5155|7031|9211|9423|11255|56896|57007|84867,ADM|CRYGD|FGF14|FOLH1|FUS|GABRA5|GJA1|GRM3|IL1A|LAMC2|MBP|PDGFB|TFF1|LGI1|NTN1|HRH3|DPYSL5|ACKR3|PTPN5,-4.5,MyList
DisGeNET,35,C0279550,Adult Rhabdomyosarcoma,,-6.3,2.5,5.9,30293,509,851,36,4.2,0.69,238|290|650|961|1026|1029|1030|1087|2042|2274|2307|2335|2521|3383|3481|3576|4194|4288|4914|5111|5327|6352|6513|6926|7295|8788|8929|9123|10215|10439|22915|55502|55655|57007|252995|284119,ALK|ANPEP|BMP2|CD47|CDKN1A|CDKN2A|CDKN2B|CEACAM7|EPHA3|FHL2|FOXS1|FN1|FUS|ICAM1|IGF2|CXCL8|MDM4|MKI67|NTRK1|PCNA|PLAT|CCL5|SLC2A1|TBX3|TXN|DLK1|PHOX2B|SLC16A3|OLIG2|OLFM1|MMRN1|HES6|NLRP2|ACKR3|FNDC5|CAVIN1,-4.5,MyList
DisGeNET,35,C1961099,Precursor T-Cell Lymphoblastic Leukemia-Lymphoma,,-6.3,2.3,5.8,30293,644,851,42,4.9,0.74,694|718|846|861|961|1026|1029|1030|1137|1822|2051|2114|2353|2852|3209|3561|3576|3725|3726|3855|4055|4684|4760|5080|5111|6506|6886|6892|7101|7538|9056|9181|9314|9518|9892|10215|11186|23135|63976|80150|84433|122953,BTG1|C3|CASR|RUNX1|CD47|CDKN1A|CDKN2A|CDKN2B|CHRNA4|ATN1|EPHB6|ETS2|FOS|GPER1|HOXA13|IL2RG|CXCL8|JUN|JUNB|KRT7|LTBR|NCAM1|NEUROD1|PAX6|PCNA|SLC1A2|TAL1|TAPBP|NR2E1|ZFP36|SLC7A7|ARHGEF2|KLF4|GDF15|SNAP91|OLIG2|RASSF1|KDM6B|PRDM16|ASRGL1|CARD11|JDP2,-4.5,MyList
Transcription Factor Targets,16,M8062,CDX2 Q5,,-6.3,3.2,6.2,30293,263,851,24,2.8,0.57,26|1993|1996|2045|2899|3213|3226|4023|4036|4825|5080|5099|5122|5126|6616|7291|8403|8929|9378|10150|55885|80323|84107|170302,AOC1|ELAVL2|ELAVL4|EPHA7|GRIK3|HOXB3|HOXC10|LPL|LRP2|NKX6-1|PAX6|PCDH7|PCSK1|PCSK2|SNAP25|TWIST1|SOX14|PHOX2B|NRXN1|MBNL2|LMO3|CCDC68|ZIC4|ARX,-4.5,MyList
DisGeNET,35,C0278607,Adult Leiomyosarcoma,,-6.3,4.3,6.7,30293,141,851,17,2,0.48,238|633|1029|1277|1462|1649|2346|2521|3481|3576|4914|5121|5155|9021|9961|11186|25802,ALK|BGN|CDKN2A|COL1A1|VCAN|DDIT3|FOLH1|FUS|IGF2|CXCL8|NTRK1|PCP4|PDGFB|SOCS3|MVP|RASSF1|LMOD1,-4.5,MyList
DisGeNET,35,C0151517,Complete atrioventricular block,,-6.3,2.7,6,30293,403,851,31,3.6,0.64,174|285|345|633|718|1029|1356|1361|1822|2034|2041|2346|2934|3119|3123|3127|3552|3576|3852|4118|4684|6352|6546|6662|6736|6892|7295|9235|23452|57124|148022,AFP|ANGPT2|APOC3|BGN|C3|CDKN2A|CP|CPB2|ATN1|EPAS1|EPHA1|FOLH1|GSN|HLA-DQB1|HLA-DRB1|HLA-DRB5|IL1A|CXCL8|KRT5|MAL|NCAM1|CCL5|SLC8A1|SOX9|SRY|TAPBP|TXN|IL32|ANGPTL2|CD248|TICAM1,-4.5,MyList
DisGeNET,35,C0677932,Progressive Neoplastic Disease,,-6.3,2.8,6,30293,383,851,30,3.5,0.63,174|238|285|567|846|972|1029|1052|1641|1822|1855|2346|3119|3123|3552|3576|3676|4684|4914|5354|6352|6850|7538|8190|9235|9518|10630|22943|57402|57451,AFP|ALK|ANGPT2|B2M|CASR|CD74|CDKN2A|CEBPD|DCX|ATN1|DVL1|FOLH1|HLA-DQB1|HLA-DRB1|IL1A|CXCL8|ITGA4|NCAM1|NTRK1|PLP1|CCL5|SYK|ZFP36|MIA|IL32|GDF15|PDPN|DKK1|S100A14|TENM2,-4.5,MyList
DisGeNET,35,C3539781,Progressive cGVHD,,-6.3,2.8,6,30293,383,851,30,3.5,0.63,174|238|285|567|846|972|1029|1052|1641|1822|1855|2346|3119|3123|3552|3576|3676|4684|4914|5354|6352|6850|7538|8190|9235|9518|10630|22943|57402|57451,AFP|ALK|ANGPT2|B2M|CASR|CD74|CDKN2A|CEBPD|DCX|ATN1|DVL1|FOLH1|HLA-DQB1|HLA-DRB1|IL1A|CXCL8|ITGA4|NCAM1|NTRK1|PLP1|CCL5|SYK|ZFP36|MIA|IL32|GDF15|PDPN|DKK1|S100A14|TENM2,-4.5,MyList
Transcription Factor Targets,16,M15719,YYCATTCAWW UNKNOWN,,-6.3,3.7,6.4,30293,192,851,20,2.4,0.52,285|655|861|1152|1462|2114|2290|2596|2823|3397|3624|5142|5992|6328|27164|29106|55057|79962|84171|203447,ANGPT2|BMP7|RUNX1|CKB|VCAN|ETS2|FOXG1|GAP43|GPM6A|ID1|INHBA|PDE4B|RFX4|SCN3A|SALL3|SCG3|CRYBG2|DNAJC22|LOXL4|NRK,-4.5,MyList
DisGeNET,35,C1535926,Neurodevelopmental Disorders,,-6.3,2.5,5.8,30293,534,851,37,4.3,0.7,111|117|414|460|823|1012|1137|1299|1759|1804|2290|3383|3785|4914|5021|6096|6328|6513|6616|6658|6660|6736|6928|8831|8929|9181|9378|23135|23316|26115|54715|56896|57007|64067|170302|253738|340533,ADCY5|ADCYAP1R1|ARSD|ASTN1|CAPN1|CDH13|CHRNA4|COL9A3|DNM1|DPP6|FOXG1|ICAM1|KCNQ2|NTRK1|OXTR|RORB|SCN3A|SLC2A1|SNAP25|SOX3|SOX5|SRY|HNF1B|SYNGAP1|PHOX2B|ARHGEF2|NRXN1|KDM6B|CUX2|TANC2|RBFOX1|DPYSL5|ACKR3|NPAS3|ARX|EBF3|NEXMIF,-4.5,MyList
Transcription Factor Targets,16,M11913,COUP 01,,-6.2,3.2,6.2,30293,265,851,24,2.8,0.57,1044|1749|2169|3397|3960|5080|5099|5155|5339|6238|6928|7025|9056|10811|11187|23440|55885|63973|63976|84107|84631|84647|261729|338917,CDX1|DLX5|FABP2|ID1|LGALS4|PAX6|PCDH7|PDGFB|PLEC|RRBP1|HNF1B|NR2F1|SLC7A7|NOXA1|PKP3|OTP|LMO3|NEUROG2|PRDM16|ZIC4|SLITRK2|PLA2G12B|STEAP2|VSX2,-4.4,MyList
TRRUST,34,TRR01259,Regulated by: SP3,,-6.2,4.5,6.7,30293,127,851,16,1.9,0.47,768|875|976|1026|1029|1030|1143|1277|3487|4023|5327|6549|7031|8434|9021|11186,CA9|CBS|ADGRE5|CDKN1A|CDKN2A|CDKN2B|CHRNB4|COL1A1|IGFBP4|LPL|PLAT|SLC9A2|TFF1|RECK|SOCS3|RASSF1,-4.4,MyList
Transcription Factor Targets,16,M2528,S8 01,,-6.2,3.3,6.2,30293,247,851,23,2.7,0.56,862|2596|3037|3776|4661|5396|6096|6328|6496|6660|7401|8929|9378|9547|27164|55117|55885|55890|64067|64641|85397|116372|167410,RUNX1T1|GAP43|HAS2|KCNK2|MYT1|PRRX1|RORB|SCN3A|SIX3|SOX5|CLRN1|PHOX2B|NRXN1|CXCL14|SALL3|SLC6A15|LMO3|GPRC5C|NPAS3|EBF2|RGS8|LYPD1|LIX1,-4.4,MyList
DisGeNET,35,C0039585,Androgen-Insensitivity Syndrome,,-6.2,3.3,6.2,30293,247,851,23,2.7,0.56,1012|1029|1301|1311|2335|2852|3339|3552|4288|5327|6662|6736|7295|9021|9248|9518|10397|10752|57211|57575|64321|79026|79192,CDH13|CDKN2A|COL11A1|COMP|FN1|GPER1|HSPG2|IL1A|MKI67|PLAT|SOX9|SRY|TXN|SOCS3|GPR50|GDF15|NDRG1|CHL1|ADGRG6|PCDH10|SOX17|AHNAK|IRX1,-4.4,MyList
DisGeNET,35,C0270846,Epileptic drop attack,,-6.2,4.2,6.6,30293,143,851,17,2,0.48,1136|1137|1143|1759|2290|2353|2558|3785|4804|6513|6546|6547|8831|23316|54715|150094|170302,CHRNA3|CHRNA4|CHRNB4|DNM1|FOXG1|FOS|GABRA5|KCNQ2|NGFR|SLC2A1|SLC8A1|SLC8A3|SYNGAP1|CUX2|RBFOX1|SIK1|ARX,-4.4,MyList
Transcription Factor Targets,16,M19588,CEBPB 02,,-6.2,3.2,6.2,30293,266,851,24,2.8,0.57,744|1356|1462|1621|1993|2243|2259|5099|5155|5493|5992|6238|6348|6660|8929|9902|10397|11030|23213|23657|57561|57616|116372|261729,MPPED2|CP|VCAN|DBH|ELAVL2|FGA|FGF14|PCDH7|PDGFB|PPL|RFX4|RRBP1|CCL3|SOX5|PHOX2B|MRC2|NDRG1|RBPMS|SULF1|SLC7A11|ARRDC3|TSHZ3|LYPD1|STEAP2,-4.4,MyList
TRRUST,34,TRR01419,Regulated by: TP53,,-6.2,3.8,6.4,30293,176,851,19,2.2,0.51,174|602|890|1026|1410|1462|1647|2258|2521|3397|4194|4288|6513|6533|9518|9540|11186|22943|64065,AFP|BCL3|CCNA2|CDKN1A|CRYAB|VCAN|GADD45A|FGF13|FUS|ID1|MDM4|MKI67|SLC2A1|SLC6A6|GDF15|TP53I3|RASSF1|DKK1|PERP,-4.4,MyList
DisGeNET,35,C0006111,Brain Diseases,,-6.2,2.9,6,30293,345,851,28,3.3,0.61,238|301|460|1030|1356|1462|1463|1621|1910|2259|2521|2530|2596|2852|3339|3383|3725|3776|3785|3918|6506|6515|6616|7070|8831|9378|11078|57007,ALK|ANXA1|ASTN1|CDKN2B|CP|VCAN|NCAN|DBH|EDNRB|FGF14|FUS|FUT8|GAP43|GPER1|HSPG2|ICAM1|JUN|KCNK2|KCNQ2|LAMC2|SLC1A2|SLC2A3|SNAP25|THY1|SYNGAP1|NRXN1|TRIOBP|ACKR3,-4.4,MyList
Transcription Factor Targets,16,M11512,FOXO1 01,,-6.2,3.3,6.2,30293,248,851,23,2.7,0.56,861|1993|2259|2886|2899|3624|3772|3780|4821|4916|5456|5629|10397|11343|26050|27164|51617|54541|54549|54715|55885|55890|167826,RUNX1|ELAVL2|FGF14|GRB7|GRIK3|INHBA|KCNJ15|KCNN1|NKX2-2|NTRK3|POU3F4|PROX1|NDRG1|MGLL|SLITRK5|SALL3|NSG2|DDIT4|SDK2|RBFOX1|LMO3|GPRC5C|OLIG3,-4.4,MyList
DisGeNET,35,C0018799,Heart Diseases,,-6.2,2.5,5.8,30293,537,851,37,4.3,0.7,133|285|345|414|567|823|875|1356|1410|1440|1804|2697|2701|2852|2934|3222|3383|3481|3552|3589|4023|4689|5196|5880|6513|7045|7056|7058|8673|8788|9518|10725|22915|23452|64220|84033|375704,ADM|ANGPT2|APOC3|ARSD|B2M|CAPN1|CBS|CP|CRYAB|CSF3|DPP6|GJA1|GJA4|GPER1|GSN|HOXC5|ICAM1|IGF2|IL1A|IL11|LPL|NCF4|PF4|RAC2|SLC2A1|TGFBI|THBD|THBS2|VAMP8|DLK1|GDF15|NFAT5|MMRN1|ANGPTL2|STRA6|OBSCN|ENHO,-4.4,MyList
DisGeNET,35,C1168198,Recurrent respiratory papillomatosis,,-6.2,8.7,7.9,30293,37,851,9,1.1,0.35,1029|3119|3123|3576|4288|6238|6364|11322|23541,CDKN2A|HLA-DQB1|HLA-DRB1|CXCL8|MKI67|RRBP1|CCL20|TMC6|SEC14L2,-4.4,MyList
Transcription Factor Targets,16,M15616,RGAGGAARY PU1 Q6,,-6.2,2.5,5.8,30293,515,851,36,4.2,0.69,285|1045|1152|1440|1942|2018|2128|2259|3801|3960|4684|4821|5080|5125|5327|5476|5880|6281|6660|7291|9068|10163|10725|11082|23440|23452|23541|29106|54498|56667|57575|80323|85508|116986|124935|255743,ANGPT2|CDX2|CKB|CSF3|EFNA1|EMX2|EVX1|FGF14|KIFC3|LGALS4|NCAM1|NKX2-2|PAX6|PCSK5|PLAT|CTSA|RAC2|S100A10|SOX5|TWIST1|ANGPTL1|WASF2|NFAT5|ESM1|OTP|ANGPTL2|SEC14L2|SCG3|SMOX|MUC13|PCDH10|CCDC68|SCRT2|AGAP2|SLC43A2|NPNT,-4.4,MyList
DisGeNET,35,C0033975,Psychotic Disorders,,-6.2,2.4,5.7,30293,560,851,38,4.5,0.71,111|875|928|1015|1137|1621|2512|2899|2913|3123|3481|3552|3576|3855|4914|5021|5063|5155|5327|5645|6303|6506|6616|6886|7122|7295|8728|9211|9378|9518|10215|10814|11255|25927|27328|50944|64067|340024,ADCY5|CBS|CD9|CDH17|CHRNA4|DBH|FTL|GRIK3|GRM3|HLA-DRB1|IGF2|IL1A|CXCL8|KRT7|NTRK1|OXTR|PAK3|PDGFB|PLAT|PRSS2|SAT1|SLC1A2|SNAP25|TAL1|CLDN5|TXN|ADAM19|LGI1|NRXN1|GDF15|OLIG2|CPLX2|HRH3|CNRIP1|PCDH11X|SHANK1|NPAS3|SLC6A19,-4.4,MyList
DisGeNET,35,C0542476,Forgetful,,-6.2,2.7,5.9,30293,429,851,32,3.8,0.65,823|1137|1356|1440|1822|1893|2259|2697|3119|3552|3576|3776|3785|3918|4804|5122|5155|5327|6348|6376|6547|7277|9211|9423|10814|22943|51083|57007|84867|91584|116844|252995,CAPN1|CHRNA4|CP|CSF3|ATN1|ECM1|FGF14|GJA1|HLA-DQB1|IL1A|CXCL8|KCNK2|KCNQ2|LAMC2|NGFR|PCSK1|PDGFB|PLAT|CCL3|CX3CL1|SLC8A3|TUBA4A|LGI1|NTN1|CPLX2|DKK1|GAL|ACKR3|PTPN5|PLXNA4|LRG1|FNDC5,-4.4,MyList
Transcription Factor Targets,16,M3339,STAT4 01,,-6.2,3.2,6.1,30293,268,851,24,2.8,0.57,2253|2255|2290|2335|3213|3219|3236|4023|4684|7291|8906|8929|9068|9211|10725|11075|11228|51267|51617|54498|54715|57561|94015|255743,FGF8|FGF10|FOXG1|FN1|HOXB3|HOXB9|HOXD10|LPL|NCAM1|TWIST1|AP1G2|PHOX2B|ANGPTL1|LGI1|NFAT5|STMN2|RASSF8|CLEC1A|NSG2|SMOX|RBFOX1|ARRDC3|TTYH2|NPNT,-4.4,MyList
DisGeNET,35,C0029925,Ovarian Carcinoma,,-6.2,2.4,5.7,30293,539,851,37,4.3,0.7,133|174|238|290|694|861|961|1026|1029|1030|1440|1647|1822|2114|3213|3552|3576|3725|4288|4684|4914|5266|6690|6850|6928|7291|7448|8744|8788|10397|11186|22943|51083|54541|54997|94234|346389,ADM|AFP|ALK|ANPEP|BTG1|RUNX1|CD47|CDKN1A|CDKN2A|CDKN2B|CSF3|GADD45A|ATN1|ETS2|HOXB3|IL1A|CXCL8|JUN|MKI67|NCAM1|NTRK1|PI3|SPINK1|SYK|HNF1B|TWIST1|VTN|TNFSF9|DLK1|NDRG1|RASSF1|DKK1|GAL|DDIT4|TESC|FOXQ1|MACC1,-4.4,MyList
DisGeNET,35,C0042834,Vital capacity,,-6.2,2.6,5.9,30293,430,851,32,3.8,0.65,26|1293|1295|1496|1879|2255|2335|3589|3993|4036|4194|6546|7058|7291|8022|9671|9902|11259|23255|23768|27201|54102|55130|56138|56146|57211|57451|64399|80201|81794|154091|255743,AOC1|COL6A3|COL8A1|CTNNA2|EBF1|FGF10|FN1|IL11|LLGL2|LRP2|MDM4|SLC8A1|THBS2|TWIST1|LHX3|WSCD2|MRC2|FILIP1L|MTCL1|FLRT2|GPR78|CLIC6|ODAD2|PCDHA11|PCDHA2|ADGRG6|TENM2|HHIP|HKDC1|ADAMTS10|SLC2A12|NPNT,-4.4,MyList
DisGeNET,35,C0220611,Childhood Rhabdomyosarcoma,,-6.2,2.5,5.8,30293,517,851,36,4.2,0.69,238|290|650|961|1026|1029|1030|1087|2042|2274|2307|2335|2521|3383|3481|3576|4194|4288|4914|5111|5327|6352|6513|6926|7295|8788|8929|9123|10215|10439|22915|55502|55655|57007|252995|284119,ALK|ANPEP|BMP2|CD47|CDKN1A|CDKN2A|CDKN2B|CEACAM7|EPHA3|FHL2|FOXS1|FN1|FUS|ICAM1|IGF2|CXCL8|MDM4|MKI67|NTRK1|PCNA|PLAT|CCL5|SLC2A1|TBX3|TXN|DLK1|PHOX2B|SLC16A3|OLIG2|OLFM1|MMRN1|HES6|NLRP2|ACKR3|FNDC5|CAVIN1,-4.4,MyList
DisGeNET,35,C0152171,Idiopathic pulmonary hypertension,,-6.1,4,6.4,30293,161,851,18,2.1,0.49,650|768|1634|1910|2034|2273|2335|2355|3037|3119|3123|3383|3741|4914|6546|7291|7448|9518,BMP2|CA9|DCN|EDNRB|EPAS1|FHL1|FN1|FOSL2|HAS2|HLA-DQB1|HLA-DRB1|ICAM1|KCNA5|NTRK1|SLC8A1|TWIST1|VTN|GDF15,-4.4,MyList
DisGeNET,35,C0026499,Monosomy,,-6.1,3.5,6.2,30293,213,851,21,2.5,0.53,238|567|861|875|1026|1029|1050|1440|1993|2624|3552|3918|4684|4914|5076|6736|7020|7070|10752|57575|64065,ALK|B2M|RUNX1|CBS|CDKN1A|CDKN2A|CEBPA|CSF3|ELAVL2|GATA2|IL1A|LAMC2|NCAM1|NTRK1|PAX2|SRY|TFAP2A|THY1|CHL1|PCDH10|PERP,-4.4,MyList
DisGeNET,35,C0023269,leiomyosarcoma,,-6.1,3.5,6.2,30293,213,851,21,2.5,0.53,238|633|1029|1277|1440|1462|1649|2346|2521|3481|3576|4914|5121|5155|8660|9021|9314|9961|11186|25802|84033,ALK|BGN|CDKN2A|COL1A1|CSF3|VCAN|DDIT3|FOLH1|FUS|IGF2|CXCL8|NTRK1|PCP4|PDGFB|IRS2|SOCS3|KLF4|MVP|RASSF1|LMOD1|OBSCN,-4.4,MyList
Transcription Factor Targets,16,M19642,CDPCR1 01,,-6.1,4.4,6.6,30293,129,851,16,1.9,0.47,862|1607|2290|2886|3222|3227|3236|4821|4914|5992|6926|7277|11075|22895|84858|261729,RUNX1T1|DGKB|FOXG1|GRB7|HOXC5|HOXC11|HOXD10|NKX2-2|NTRK1|RFX4|TBX3|TUBA4A|STMN2|RPH3A|ZNF503|STEAP2,-4.4,MyList
DisGeNET,35,C0011991,Diarrhea,,-6.1,2.3,5.7,30293,631,851,41,4.8,0.73,634|846|1026|1029|1030|1045|1361|1440|1621|1889|1910|2353|2524|2934|3119|3552|3561|3576|3589|4684|4689|5111|5122|6288|6303|6513|6809|6892|7122|7547|9056|9181|9641|10512|10653|27035|27111|50674|57007|57124|170302,CEACAM1|CASR|CDKN1A|CDKN2A|CDKN2B|CDX2|CPB2|CSF3|DBH|ECE1|EDNRB|FOS|FUT2|GSN|HLA-DQB1|IL1A|IL2RG|CXCL8|IL11|NCAM1|NCF4|PCNA|PCSK1|SAA1|SAT1|SLC2A1|STX3|TAPBP|CLDN5|ZIC3|SLC7A7|ARHGEF2|IKBKE|SEMA3C|SPINT2|NOX1|SDCBP2|NEUROG3|ACKR3|CD248|ARX,-4.4,MyList
Cell Type Signatures,7,M39194,HAY BONE MARROW DENDRITIC CELL,,-6.1,3.6,6.3,30293,196,851,20,2.4,0.52,972|3119|3123|3127|3741|3852|6238|7045|7295|8482|10653|23316|23657|24141|91584|112399|375035|375704|387882|440712,CD74|HLA-DQB1|HLA-DRB1|HLA-DRB5|KCNA5|KRT5|RRBP1|TGFBI|TXN|SEMA7A|SPINT2|CUX2|SLC7A11|LAMP5|PLXNA4|EGLN3|SFT2D2|ENHO|C12orf75|RHEX,-4.3,MyList
DisGeNET,35,C0205696,Anaplastic carcinoma,,-6.1,3.4,6.2,30293,232,851,22,2.6,0.54,111|238|301|307|976|1440|2180|2335|3852|4023|5045|6277|6662|8673|9540|9615|9902|10653|51129|51599|57007|140738,ADCY5|ALK|ANXA1|ANXA4|ADGRE5|CSF3|ACSL1|FN1|KRT5|LPL|FURIN|S100A6|SOX9|VAMP8|TP53I3|GDA|MRC2|SPINT2|ANGPTL4|LSR|ACKR3|TMEM37,-4.3,MyList
DisGeNET,35,C0242596,"Neoplasm, Residual",,-6.1,2.9,6,30293,329,851,27,3.2,0.6,238|285|567|846|861|862|976|1029|1030|1045|1050|1136|1440|1641|2335|2521|3383|4194|4684|6886|7031|8287|8831|8929|11186|166824|644943,ALK|ANGPT2|B2M|CASR|RUNX1|RUNX1T1|ADGRE5|CDKN2A|CDKN2B|CDX2|CEBPA|CHRNA3|CSF3|DCX|FN1|FUS|ICAM1|MDM4|NCAM1|TAL1|TFF1|USP9Y|SYNGAP1|PHOX2B|RASSF1|RASSF6|RASSF10,-4.3,MyList
DisGeNET,35,C0039103,Synovitis,,-6.1,3.6,6.3,30293,197,851,20,2.4,0.52,961|1009|1311|1361|1421|2335|3123|3383|3552|3576|5196|5645|6352|6385|7045|7128|7424|9021|22943|150094,CD47|CDH11|COMP|CPB2|CRYGD|FN1|HLA-DRB1|ICAM1|IL1A|CXCL8|PF4|PRSS2|CCL5|SDC4|TGFBI|TNFAIP3|VEGFC|SOCS3|DKK1|SIK1,-4.3,MyList
DisGeNET,35,C1319315,Adenocarcinoma of large intestine,,-6.1,2.4,5.7,30293,543,851,37,4.3,0.7,238|285|290|928|1015|1029|1045|2018|2042|2045|2346|3481|3576|4194|4914|5063|5111|6277|6364|6513|6578|6690|6926|6928|7448|8549|9123|10103|11186|27035|54498|55200|57580|64399|84969|203447|346389,ALK|ANGPT2|ANPEP|CD9|CDH17|CDKN2A|CDX2|EMX2|EPHA3|EPHA7|FOLH1|IGF2|CXCL8|MDM4|NTRK1|PAK3|PCNA|S100A6|CCL20|SLC2A1|SLCO2A1|SPINK1|TBX3|HNF1B|VTN|LGR5|SLC16A3|TSPAN1|RASSF1|NOX1|SMOX|PLEKHG6|PREX1|HHIP|TOX2|NRK|MACC1,-4.3,MyList
Cell Type Signatures,7,M39290,DURANTE ADULT OLFACTORY NEUROEPITHELIUM OLFACTORY ENSHEATHING GLIA,,-6.1,4.6,6.7,30293,115,851,15,1.8,0.45,1410|4023|4684|5354|6281|7025|7869|8190|9378|10752|51299|57348|64856|220323|222553,CRYAB|LPL|NCAM1|PLP1|S100A10|NR2F1|SEMA3B|MIA|NRXN1|CHL1|NRN1|TTYH1|VWA1|OAF|SLC35F1,-4.3,MyList
Cell Type Signatures,7,M39022,FAN EMBRYONIC CTX BIG GROUPS MICROGLIA,,-6.1,2.8,5.9,30293,371,851,29,3.4,0.62,2|567|718|972|1052|1512|2353|2934|3725|3726|4689|4973|5155|5272|6303|6348|6850|6886|6892|7538|8673|9056|10163|10630|10863|23645|54541|79974|387882,A2M|B2M|C3|CD74|CEBPD|CTSH|FOS|GSN|JUN|JUNB|NCF4|OLR1|PDGFB|SERPINB9|SAT1|CCL3|SYK|TAL1|TAPBP|ZFP36|VAMP8|SLC7A7|WASF2|PDPN|ADAM28|PPP1R15A|DDIT4|CPED1|C12orf75,-4.3,MyList
DisGeNET,35,C0920646,Ischemia of kidney,,-6,4.3,6.5,30293,131,851,16,1.9,0.47,961|1491|2034|2168|3383|3397|3552|3576|4036|5076|6348|6352|7295|7429|9423|10725,CD47|CTH|EPAS1|FABP1|ICAM1|ID1|IL1A|CXCL8|LRP2|PAX2|CCL3|CCL5|TXN|VIL1|NTN1|NFAT5,-4.3,MyList
Transcription Factor Targets,16,M6170,OCT1 Q6,,-6,3.1,6,30293,272,851,24,2.8,0.57,1045|1440|1879|2259|2823|3213|3222|4023|4762|5080|5100|5396|6328|6660|6928|7025|8929|9378|23657|55117|55885|64641|167826|256536,CDX2|CSF3|EBF1|FGF14|GPM6A|HOXB3|HOXC5|LPL|NEUROG1|PAX6|PCDH8|PRRX1|SCN3A|SOX5|HNF1B|NR2F1|PHOX2B|NRXN1|SLC7A11|SLC6A15|LMO3|EBF2|OLIG3|TCERG1L,-4.3,MyList
Transcription Factor Targets,16,M15522,GATA4 Q3,,-6,3.2,6.1,30293,253,851,23,2.7,0.56,238|823|862|1410|1879|1993|2128|3227|4826|6328|6374|6547|6660|7029|7545|9181|55885|63973|64399|84107|167410|167826|389206,ALK|CAPN1|RUNX1T1|CRYAB|EBF1|ELAVL2|EVX1|HOXC11|NNAT|SCN3A|CXCL5|SLC8A3|SOX5|TFDP2|ZIC1|ARHGEF2|LMO3|NEUROG2|HHIP|ZIC4|LIX1|OLIG3|BEND4,-4.3,MyList
Transcription Factor Targets,16,M17596,E2A Q2,,-6,3.2,6.1,30293,253,851,23,2.7,0.56,861|1277|1410|1995|1996|2128|2253|2899|3481|3918|5076|5155|5521|6900|7277|7681|9181|27133|51617|57561|84171|124930|252995,RUNX1|COL1A1|CRYAB|ELAVL3|ELAVL4|EVX1|FGF8|GRIK3|IGF2|LAMC2|PAX2|PDGFB|PPP2R2B|CNTN2|TUBA4A|MKRN3|ARHGEF2|KCNH5|NSG2|ARRDC3|LOXL4|ANKRD13B|FNDC5,-4.3,MyList
DisGeNET,35,C0020676,Hypothyroidism,,-6,2.3,5.6,30293,613,851,40,4.7,0.73,301|345|846|1012|1356|1641|1996|2253|2619|2697|2852|2934|3119|3123|3283|3561|3853|4684|5111|5122|6288|6496|6513|6515|6658|6736|6928|7546|8022|8553|22943|29988|50506|55240|63976|154091|168002|170685|405753|653689,ANXA1|APOC3|CASR|CDH13|CP|DCX|ELAVL4|FGF8|GAS1|GJA1|GPER1|GSN|HLA-DQB1|HLA-DRB1|HSD3B1|IL2RG|KRT6A|NCAM1|PCNA|PCSK1|SAA1|SIX3|SLC2A1|SLC2A3|SOX3|SRY|HNF1B|ZIC2|LHX3|BHLHE40|DKK1|SLC2A8|DUOX2|STEAP3|PRDM16|SLC2A12|DACT2|NUDT10|DUOXA2|GSTT2B,-4.3,MyList
Cell Type Signatures,7,M40203,DESCARTES FETAL HEART VISCERAL NEURONS,,-6,5.3,6.9,30293,87,851,13,1.5,0.42,1136|1143|1621|1993|1996|4661|6572|8929|10586|51083|54550|60482|196500,CHRNA3|CHRNB4|DBH|ELAVL2|ELAVL4|MYT1|SLC18A3|PHOX2B|MAB21L2|GAL|NECAB2|SLC5A7|PIANP,-4.3,MyList
Cell Type Signatures,7,M40281,DESCARTES FETAL PLACENTA IGFBP1 DKK1 POSITIVE CELLS,,-6,4.6,6.6,30293,116,851,15,1.8,0.45,1804|2619|3236|3487|3488|3552|4914|5122|6096|7044|7070|9244|22943|57124|92293,DPP6|GAS1|HOXD10|IGFBP4|IGFBP5|IL1A|NTRK1|PCSK1|RORB|LEFTY2|THY1|CRLF1|DKK1|CD248|TMEM132C,-4.3,MyList
DisGeNET,35,C0600327,Toxic Shock Syndrome,,-6,6.4,7.2,30293,61,851,11,1.3,0.39,2|133|846|1910|2335|2524|3339|3576|6364|54210|338382,A2M|ADM|CASR|EDNRB|FN1|FUT2|HSPG2|CXCL8|CCL20|TREM1|RAB7B,-4.3,MyList
DisGeNET,35,C0004943,Behcet Syndrome,,-6,2.5,5.7,30293,502,851,35,4.1,0.68,301|861|1029|1051|1052|1361|1440|2524|3119|3123|3383|3552|3576|3589|3918|4288|4914|5196|6288|6303|6348|6352|6364|6374|6376|7056|7128|7448|9021|9181|9235|23541|54210|80352|375704,ANXA1|RUNX1|CDKN2A|CEBPB|CEBPD|CPB2|CSF3|FUT2|HLA-DQB1|HLA-DRB1|ICAM1|IL1A|CXCL8|IL11|LAMC2|MKI67|NTRK1|PF4|SAA1|SAT1|CCL3|CCL5|CCL20|CXCL5|CX3CL1|THBD|TNFAIP3|VTN|SOCS3|ARHGEF2|IL32|SEC14L2|TREM1|RNF39|ENHO,-4.2,MyList
DisGeNET,35,C0175754,Agenesis of corpus callosum,,-6,2.3,5.6,30293,615,851,40,4.7,0.73,1029|1063|1356|1462|1641|1993|2018|2173|2253|2290|2335|2346|2353|2619|3397|3481|3576|3725|3726|4036|5063|5111|5396|6496|6513|6658|7291|7424|7545|7546|9423|11186|11255|22915|50674|57007|63976|79633|147040|170302,CDKN2A|CENPF|CP|VCAN|DCX|ELAVL2|EMX2|FABP7|FGF8|FOXG1|FN1|FOLH1|FOS|GAS1|ID1|IGF2|CXCL8|JUN|JUNB|LRP2|PAK3|PCNA|PRRX1|SIX3|SLC2A1|SOX3|TWIST1|VEGFC|ZIC1|ZIC2|NTN1|RASSF1|HRH3|MMRN1|NEUROG3|ACKR3|PRDM16|FAT4|KCTD11|ARX,-4.2,MyList
Transcription Factor Targets,16,M6465,PBX1 02,,-6,4.3,6.5,30293,132,851,16,1.9,0.47,2253|2258|3227|3236|3481|5992|7029|7545|9590|23440|25802|64641|84107|84631|84858|85508,FGF8|FGF13|HOXC11|HOXD10|IGF2|RFX4|TFDP2|ZIC1|AKAP12|OTP|LMOD1|EBF2|ZIC4|SLITRK2|ZNF503|SCRT2,-4.2,MyList
DisGeNET,35,C0752347,Lewy Body Disease,,-6,3.2,6,30293,255,851,23,2.7,0.56,2|286|823|1137|1621|1641|1889|1999|2521|2934|3481|3918|4914|5645|6506|9518|10194|11346|22895|27201|27319|51083|51142,A2M|ANK1|CAPN1|CHRNA4|DBH|DCX|ECE1|ELF3|FUS|GSN|IGF2|LAMC2|NTRK1|PRSS2|SLC1A2|GDF15|TSHZ1|SYNPO|RPH3A|GPR78|BHLHE22|GAL|CHCHD2,-4.2,MyList
Transcription Factor Targets,16,M16414,TAL1BETAE47 01,,-6,3.2,6,30293,255,851,23,2.7,0.56,862|1641|1649|1996|2255|3993|6096|6281|6572|6660|6928|7029|8929|9068|10150|11255|23213|27023|27319|54798|81849|85407|166012,RUNX1T1|DCX|DDIT3|ELAVL4|FGF10|LLGL2|RORB|S100A10|SLC18A3|SOX5|HNF1B|TFDP2|PHOX2B|ANGPTL1|MBNL2|HRH3|SULF1|FOXB1|BHLHE22|DCHS2|ST6GALNAC5|NKD1|CHST13,-4.2,MyList
Transcription Factor Targets,16,M11469,AP2 Q3,,-6,3.2,6,30293,255,851,23,2.7,0.56,2018|2042|2253|2355|2899|2913|3226|3589|3993|5155|5476|6926|7545|10725|11343|26050|54891|56033|63976|81849|85397|124842|165257,EMX2|EPHA3|FGF8|FOSL2|GRIK3|GRM3|HOXC10|IL11|LLGL2|PDGFB|CTSA|TBX3|ZIC1|NFAT5|MGLL|SLITRK5|INO80D|BARX1|PRDM16|ST6GALNAC5|RGS8|TMEM132E|C1QL2,-4.2,MyList
Cell Type Signatures,7,M39077,ZHONG PFC MAJOR TYPES MICROGLIA,,-6,2.6,5.7,30293,438,851,32,3.8,0.65,2|307|311|567|718|861|972|1050|1052|2353|2512|2934|3725|3726|4689|4973|5155|5476|6303|6348|6850|6886|6892|7538|8673|9056|10163|10630|10863|11322|79974|387882,A2M|ANXA4|ANXA11|B2M|C3|RUNX1|CD74|CEBPA|CEBPD|FOS|FTL|GSN|JUN|JUNB|NCF4|OLR1|PDGFB|CTSA|SAT1|CCL3|SYK|TAL1|TAPBP|ZFP36|VAMP8|SLC7A7|WASF2|PDPN|ADAM28|TMC6|CPED1|C12orf75,-4.2,MyList
DisGeNET,35,C0024291,"Lymphohistiocytosis, Hemophagocytic",,-6,4.6,6.6,30293,117,851,15,1.8,0.45,238|602|846|861|961|2274|2624|3552|3576|4684|5629|7031|7056|80150|149041,ALK|BCL3|CASR|RUNX1|CD47|FHL2|GATA2|IL1A|CXCL8|NCAM1|PROX1|TFF1|THBD|ASRGL1|RC3H1,-4.2,MyList
DisGeNET,35,C0851140,Carcinoma in situ of uterine cervix,,-6,4.6,6.6,30293,117,851,15,1.8,0.45,768|1026|1029|3119|3123|4118|4825|6513|6656|7291|7424|7545|9314|11322|23213,CA9|CDKN1A|CDKN2A|HLA-DQB1|HLA-DRB1|MAL|NKX6-1|SLC2A1|SOX1|TWIST1|VEGFC|ZIC1|KLF4|TMC6|SULF1,-4.2,MyList
DisGeNET,35,C3714757,Juvenile rheumatoid arthritis,,-6,3.7,6.2,30293,183,851,19,2.2,0.51,311|846|1311|1421|1440|1822|3119|3123|3127|3552|3576|6288|6352|6364|6892|7429|9235|23541|54210,ANXA11|CASR|COMP|CRYGD|CSF3|ATN1|HLA-DQB1|HLA-DRB1|HLA-DRB5|IL1A|CXCL8|SAA1|CCL5|CCL20|TAPBP|VIL1|IL32|SEC14L2|TREM1,-4.2,MyList
DisGeNET,35,C0028880,Odontogenic Tumors,,-6,6.3,7.1,30293,62,851,11,1.3,0.39,633|650|1029|2253|3339|3552|3852|6513|6515|10630|84171,BGN|BMP2|CDKN2A|FGF8|HSPG2|IL1A|KRT5|SLC2A1|SLC2A3|PDPN|LOXL4,-4.2,MyList
Transcription Factor Targets,16,M11442,HNF1 Q6,,-6,3.2,6,30293,256,851,23,2.7,0.56,174|290|861|1015|1288|1440|2243|2290|3213|3219|3236|5076|5521|6096|6690|6928|7401|7546|8929|10150|27164|92359|203447,AFP|ANPEP|RUNX1|CDH17|COL4A6|CSF3|FGA|FOXG1|HOXB3|HOXB9|HOXD10|PAX2|PPP2R2B|RORB|SPINK1|HNF1B|CLRN1|ZIC2|PHOX2B|MBNL2|SALL3|CRB3|NRK,-4.2,MyList
Transcription Factor Targets,16,M3147,PAX4 03,,-6,3.2,6,30293,256,851,23,2.7,0.56,307|1462|2018|2128|3219|3488|4036|7021|7025|7546|10163|10586|11075|27344|54715|54891|55885|59277|84858|85397|85416|85508|124930,ANXA4|VCAN|EMX2|EVX1|HOXB9|IGFBP5|LRP2|TFAP2B|NR2F1|ZIC2|WASF2|MAB21L2|STMN2|PCSK1N|RBFOX1|INO80D|LMO3|NTN4|ZNF503|RGS8|ZIC5|SCRT2|ANKRD13B,-4.2,MyList
Cell Type Signatures,7,M41671,TRAVAGLINI LUNG AIRWAY SMOOTH MUSCLE CELL,,-6,3.9,6.3,30293,166,851,18,2.1,0.49,285|928|1012|1410|1910|2034|2307|3488|3741|4071|4916|11343|25802|51477|55890|59277|79974|387882,ANGPT2|CD9|CDH13|CRYAB|EDNRB|EPAS1|FOXS1|IGFBP5|KCNA5|TM4SF1|NTRK3|MGLL|LMOD1|ISYNA1|GPRC5C|NTN4|CPED1|C12orf75,-4.2,MyList
DisGeNET,35,C1837218,"Cleft palate, isolated",,-5.9,3,5.9,30293,295,851,25,2.9,0.58,133|650|861|875|1301|1749|1750|2253|2255|2619|3481|3552|3576|5111|5456|6493|6662|6926|7020|7291|9518|22915|51083|80150|140679,ADM|BMP2|RUNX1|CBS|COL11A1|DLX5|DLX6|FGF8|FGF10|GAS1|IGF2|IL1A|CXCL8|PCNA|POU3F4|SIM2|SOX9|TBX3|TFAP2A|TWIST1|GDF15|MMRN1|GAL|ASRGL1|SLC32A1,-4.2,MyList
DisGeNET,35,C0022665,Kidney Neoplasm,,-5.9,3,5.9,30293,295,851,25,2.9,0.58,133|290|768|928|972|1029|1293|1491|2034|2346|3481|3855|4288|4804|4916|5076|6928|9235|10397|11082|11186|29923|54997|132625|134111,ADM|ANPEP|CA9|CD9|CD74|CDKN2A|COL6A3|CTH|EPAS1|FOLH1|IGF2|KRT7|MKI67|NGFR|NTRK3|PAX2|HNF1B|IL32|NDRG1|ESM1|RASSF1|HILPDA|TESC|ZFP42|UBE2QL1,-4.2,MyList
Cell Type Signatures,7,M40240,DESCARTES FETAL LUNG NEUROENDOCRINE CELLS,,-5.9,5.2,6.7,30293,89,851,13,1.5,0.42,429|2180|2877|3642|4760|4821|5122|7031|55502|169044|388419|389332|644844,ASCL1|ACSL1|GPX2|INSM1|NEUROD1|NKX2-2|PCSK1|TFF1|HES6|COL22A1|BTBD17|SMIM32|PHGR1,-4.2,MyList
DisGeNET,35,C0151779,Cutaneous Melanoma,,-5.9,2.5,5.6,30293,507,851,35,4.1,0.68,238|567|1026|1029|1030|2173|3119|3123|3227|3383|3481|3576|3918|4194|4288|4914|5111|6374|6736|7020|7424|8434|9021|9052|10397|11186|11228|23657|51129|55655|56667|57007|57580|63976|644943,ALK|B2M|CDKN1A|CDKN2A|CDKN2B|FABP7|HLA-DQB1|HLA-DRB1|HOXC11|ICAM1|IGF2|CXCL8|LAMC2|MDM4|MKI67|NTRK1|PCNA|CXCL5|SRY|TFAP2A|VEGFC|RECK|SOCS3|GPRC5A|NDRG1|RASSF1|RASSF8|SLC7A11|ANGPTL4|NLRP2|MUC13|ACKR3|PREX1|PRDM16|RASSF10,-4.2,MyList
DisGeNET,35,C0035344,Retinopathy of Prematurity,,-5.9,3.5,6.1,30293,202,851,20,2.4,0.52,285|290|301|718|1029|1137|2034|2596|3383|3552|3576|5076|5196|6288|6352|6513|11098|27035|29106|54210,ANGPT2|ANPEP|ANXA1|C3|CDKN2A|CHRNA4|EPAS1|GAP43|ICAM1|IL1A|CXCL8|PAX2|PF4|SAA1|CCL5|SLC2A1|PRSS23|NOX1|SCG3|TREM1,-4.2,MyList
DisGeNET,35,C1861172,Venous Thromboembolism,,-5.9,2.7,5.8,30293,378,851,29,3.4,0.62,2|238|285|577|1052|1087|1356|1361|1440|2243|2259|2266|2335|2346|2512|3576|4023|5327|5493|6296|7056|7291|10630|11343|22915|55655|64641|80150|91584,A2M|ALK|ANGPT2|ADGRB3|CEBPD|CEACAM7|CP|CPB2|CSF3|FGA|FGF14|FGG|FN1|FOLH1|FTL|CXCL8|LPL|PLAT|PPL|ACSM3|THBD|TWIST1|PDPN|MGLL|MMRN1|NLRP2|EBF2|ASRGL1|PLXNA4,-4.1,MyList
Transcription Factor Targets,16,M8172,HNF6 Q6,,-5.9,3.3,6,30293,239,851,22,2.6,0.54,577|861|2253|2913|3219|3236|4762|6690|7291|7545|7547|8929|10586|11082|23440|54674|54715|57561|57616|64641|84107|114798,ADGRB3|RUNX1|FGF8|GRM3|HOXB9|HOXD10|NEUROG1|SPINK1|TWIST1|ZIC1|ZIC3|PHOX2B|MAB21L2|ESM1|OTP|LRRN3|RBFOX1|ARRDC3|TSHZ3|EBF2|ZIC4|SLITRK1,-4.1,MyList
DisGeNET,35,C0086132,Depressive Symptoms,,-5.9,2.6,5.7,30293,421,851,31,3.6,0.64,414|846|2346|2353|2697|3488|3552|3576|3725|3726|3776|3855|3918|4684|5021|5024|5155|5266|6281|6364|6616|6886|7021|9211|10163|30813|51083|51299|57007|60482|79953,ARSD|CASR|FOLH1|FOS|GJA1|IGFBP5|IL1A|CXCL8|JUN|JUNB|KCNK2|KRT7|LAMC2|NCAM1|OXTR|P2RX3|PDGFB|PI3|S100A10|CCL20|SNAP25|TAL1|TFAP2B|LGI1|WASF2|VSX1|GAL|NRN1|ACKR3|SLC5A7|SYNDIG1,-4.1,MyList
Cell Type Signatures,7,M41663,TRAVAGLINI LUNG VEIN CELL,,-5.9,8,7.5,30293,40,851,9,1.1,0.35,1440|2920|3383|5327|6578|7128|11098|22915|57211,CSF3|CXCL2|ICAM1|PLAT|SLCO2A1|TNFAIP3|PRSS23|MMRN1|ADGRG6,-4.1,MyList
DisGeNET,35,C0178664,Glomerulosclerosis (disorder),,-5.9,3.4,6,30293,221,851,21,2.5,0.53,133|285|655|718|1029|1281|1462|1649|1749|2335|2697|3383|3691|4973|5339|6513|6926|8673|22915|51477|64399,ADM|ANGPT2|BMP7|C3|CDKN2A|COL3A1|VCAN|DDIT3|DLX5|FN1|GJA1|ICAM1|ITGB4|OLR1|PLEC|SLC2A1|TBX3|VAMP8|MMRN1|ISYNA1|HHIP,-4.1,MyList
DisGeNET,35,C0017154,"Gastritis, Atrophic",,-5.9,3.5,6.1,30293,203,851,20,2.4,0.52,285|633|1029|1044|1045|1634|3119|3123|3552|3576|3589|3855|6886|7031|8788|51208|54498|57575|169026|644943,ANGPT2|BGN|CDKN2A|CDX1|CDX2|DCN|HLA-DQB1|HLA-DRB1|IL1A|CXCL8|IL11|KRT7|TAL1|TFF1|DLK1|CLDN18|SMOX|PCDH10|SLC30A8|RASSF10,-4.1,MyList
DisGeNET,35,C0023518,Leukocytosis,,-5.9,3.8,6.2,30293,168,851,18,2.1,0.49,567|846|861|1030|1087|1440|2624|3552|3576|3676|3918|4684|5644|5645|5880|6296|6690|9961,B2M|CASR|RUNX1|CDKN2B|CEACAM7|CSF3|GATA2|IL1A|CXCL8|ITGA4|LAMC2|NCAM1|PRSS1|PRSS2|RAC2|ACSM3|SPINK1|MVP,-4.1,MyList
DisGeNET,35,C0017525,Giant Cell Tumors,,-5.9,5.6,6.9,30293,76,851,12,1.4,0.4,890|1009|1293|1942|2353|2697|3487|4288|6281|8792|10630|51129,CCNA2|CDH11|COL6A3|EFNA1|FOS|GJA1|IGFBP4|MKI67|S100A10|TNFRSF11A|PDPN|ANGPTL4,-4.1,MyList
DisGeNET,35,C1333015,Childhood Kidney Wilms Tumor,,-5.9,2.8,5.8,30293,338,851,27,3.2,0.6,174|238|650|655|861|862|1029|1822|3481|4288|4684|4804|4825|4826|5076|5080|5111|6496|6546|6736|6928|8190|8434|8929|11186|22822|22943,AFP|ALK|BMP2|BMP7|RUNX1|RUNX1T1|CDKN2A|ATN1|IGF2|MKI67|NCAM1|NGFR|NKX6-1|NNAT|PAX2|PAX6|PCNA|SIX3|SLC8A1|SRY|HNF1B|MIA|RECK|PHOX2B|RASSF1|PHLDA1|DKK1,-4.1,MyList
Transcription Factor Targets,16,M17361,MEF2 03,,-5.9,3.3,6,30293,240,851,22,2.6,0.54,108|1295|1463|1996|2045|2353|3725|3780|5396|5800|5992|6547|6660|7025|7058|7291|8482|10150|10586|10725|56937|140679,ADCY2|COL8A1|NCAN|ELAVL4|EPHA7|FOS|JUN|KCNN1|PRRX1|PTPRO|RFX4|SLC8A3|SOX5|NR2F1|THBS2|TWIST1|SEMA7A|MBNL2|MAB21L2|NFAT5|PMEPA1|SLC32A1,-4.1,MyList
Cell Type Signatures,7,M39236,LAKE ADULT KIDNEY C17 COLLECTING SYSTEM PCS STRESSED DISSOC SUBSET,,-5.9,3.3,6,30293,240,851,22,2.6,0.54,744|1649|1999|2353|3488|3725|4642|5209|6303|6546|7538|9518|10397|10725|11030|26115|55286|55790|56243|79026|346389|729830,MPPED2|DDIT3|ELF3|FOS|IGFBP5|JUN|MYO1D|PFKFB3|SAT1|SLC8A1|ZFP36|GDF15|NDRG1|NFAT5|RBPMS|TANC2|C4orf19|CSGALNACT1|KIAA1217|AHNAK|MACC1|FHIP1A,-4.1,MyList
DisGeNET,35,C4551548,Grade III Childhood Astrocytoma,,-5.9,5.1,6.7,30293,90,851,13,1.5,0.42,133|429|972|1029|1030|1410|1641|2173|2346|3488|4288|6506|9314,ADM|ASCL1|CD74|CDKN2A|CDKN2B|CRYAB|DCX|FABP7|FOLH1|IGFBP5|MKI67|SLC1A2|KLF4,-4.1,MyList
Cell Type Signatures,7,M40180,DESCARTES FETAL EYE STROMAL CELLS,,-5.9,5.1,6.7,30293,90,851,13,1.5,0.42,1277|1281|1293|1634|2018|2335|3624|7058|7291|8744|11096|25975|27123,COL1A1|COL3A1|COL6A3|DCN|EMX2|FN1|INHBA|THBS2|TWIST1|TNFSF9|ADAMTS5|EGFL6|DKK2,-4.1,MyList
DisGeNET,35,C0280483,Adult Anaplastic Astrocytoma,,-5.9,5.1,6.7,30293,90,851,13,1.5,0.42,133|429|972|1029|1030|1410|1641|2173|2346|3488|4288|6506|9314,ADM|ASCL1|CD74|CDKN2A|CDKN2B|CRYAB|DCX|FABP7|FOLH1|IGFBP5|MKI67|SLC1A2|KLF4,-4.1,MyList
DisGeNET,35,C0852036,Pregnancy associated hypertension,,-5.9,3.6,6.1,30293,186,851,19,2.2,0.51,133|345|567|633|1910|2697|3119|3283|3339|3383|3481|3576|4023|6364|6736|7424|11186|51477|375704,ADM|APOC3|B2M|BGN|EDNRB|GJA1|HLA-DQB1|HSD3B1|HSPG2|ICAM1|IGF2|CXCL8|LPL|CCL20|SRY|VEGFC|RASSF1|ISYNA1|ENHO,-4.1,MyList
DisGeNET,35,C0007682,CNS disorder,,-5.8,2.9,5.8,30293,319,851,26,3.1,0.59,238|1009|1137|1440|1649|1822|1910|2697|2913|3123|3383|3576|3776|3918|4155|4684|5142|5354|5880|7295|7538|9021|11122|11255|11343|57007,ALK|CDH11|CHRNA4|CSF3|DDIT3|ATN1|EDNRB|GJA1|GRM3|HLA-DRB1|ICAM1|CXCL8|KCNK2|LAMC2|MBP|NCAM1|PDE4B|PLP1|RAC2|TXN|ZFP36|SOCS3|PTPRT|HRH3|MGLL|ACKR3,-4.1,MyList
DisGeNET,35,C0867389,Chronic graft-versus-host disease,,-5.8,3.2,6,30293,241,851,22,2.6,0.54,2|290|846|1440|1462|1822|2355|3119|3383|3552|4055|4684|5266|5396|6352|6515|6850|7056|7295|8673|9181|9235,A2M|ANPEP|CASR|CSF3|VCAN|ATN1|FOSL2|HLA-DQB1|ICAM1|IL1A|LTBR|NCAM1|PI3|PRRX1|CCL5|SLC2A3|SYK|THBD|TXN|VAMP8|ARHGEF2|IL32,-4.1,MyList
DisGeNET,35,C1306837,Papillary Renal Cell Carcinoma,,-5.8,3.4,6,30293,223,851,21,2.5,0.53,238|307|768|961|1410|1993|2034|2346|2886|3855|5076|6513|6928|8790|9745|10397|11186|50944|55323|79026|84433,ALK|ANXA4|CA9|CD47|CRYAB|ELAVL2|EPAS1|FOLH1|GRB7|KRT7|PAX2|SLC2A1|HNF1B|FPGT|ZNF536|NDRG1|RASSF1|SHANK1|LARP6|AHNAK|CARD11,-4.1,MyList
DisGeNET,35,C0206180,Ki-1+ Anaplastic Large Cell Lymphoma,,-5.8,3,5.8,30293,300,851,25,2.9,0.58,238|290|602|1026|1029|1030|1051|2335|2353|3222|3383|3725|3726|4684|4914|5272|5644|5645|6281|6352|6616|7291|9021|9547|54677,ALK|ANPEP|BCL3|CDKN1A|CDKN2A|CDKN2B|CEBPB|FN1|FOS|HOXC5|ICAM1|JUN|JUNB|NCAM1|NTRK1|SERPINB9|PRSS1|PRSS2|S100A10|CCL5|SNAP25|TWIST1|SOCS3|CXCL14|CROT,-4.1,MyList
DisGeNET,35,C0158252,Intervertebral disc disorder,,-5.8,3.6,6.1,30293,188,851,19,2.2,0.51,650|1277|1299|1301|1634|1993|2259|2335|3488|3552|3725|6348|6662|7058|10725|11096|22915|54541|55790,BMP2|COL1A1|COL9A3|COL11A1|DCN|ELAVL2|FGF14|FN1|IGFBP5|IL1A|JUN|CCL3|SOX9|THBS2|NFAT5|ADAMTS5|MMRN1|DDIT4|CSGALNACT1,-4,MyList
DisGeNET,35,C0001815,Primary Myelofibrosis,,-5.8,3,5.8,30293,282,851,24,2.8,0.57,655|861|928|961|1029|1030|1440|1822|2335|3481|3552|3576|3725|3855|5155|6578|7056|7058|7070|8788|9021|22915|53827|57126,BMP7|RUNX1|CD9|CD47|CDKN2A|CDKN2B|CSF3|ATN1|FN1|IGF2|IL1A|CXCL8|JUN|KRT7|PDGFB|SLCO2A1|THBD|THBS2|THY1|DLK1|SOCS3|MMRN1|FXYD5|CD177,-4,MyList
Cell Type Signatures,7,M39263,HU FETAL RETINA BLOOD,,-5.8,3,5.8,30293,282,851,24,2.8,0.57,286|301|567|633|1063|1277|1281|1510|2018|2039|2512|2791|4288|5045|6277|6513|6886|9540|9902|10163|10826|23645|54997|79974,ANK1|ANXA1|B2M|BGN|CENPF|COL1A1|COL3A1|CTSE|EMX2|DMTN|FTL|GNG11|MKI67|FURIN|S100A6|SLC2A1|TAL1|TP53I3|MRC2|WASF2|FAXDC2|PPP1R15A|TESC|CPED1,-4,MyList
DisGeNET,35,C0027726,Nephrotic Syndrome,,-5.8,2.7,5.7,30293,384,851,29,3.4,0.62,2|285|567|718|1277|1889|2243|2335|2934|3119|3123|3552|3561|3576|4023|4036|5076|5327|5334|5800|6288|6662|6736|9021|10439|11346|51129|255743|286204,A2M|ANGPT2|B2M|C3|COL1A1|ECE1|FGA|FN1|GSN|HLA-DQB1|HLA-DRB1|IL1A|IL2RG|CXCL8|LPL|LRP2|PAX2|PLAT|PLCL1|PTPRO|SAA1|SOX9|SRY|SOCS3|OLFM1|SYNPO|ANGPTL4|NPNT|CRB2,-4,MyList
Transcription Factor Targets,16,M9264,LMO2COM 02,,-5.7,3.2,5.9,30293,244,851,22,2.6,0.54,133|823|861|862|1747|1996|2039|2355|3227|3488|3772|4622|5076|6547|6660|8482|8929|11030|51043|51477|54715|55200,ADM|CAPN1|RUNX1|RUNX1T1|DLX3|ELAVL4|DMTN|FOSL2|HOXC11|IGFBP5|KCNJ15|MYH4|PAX2|SLC8A3|SOX5|SEMA7A|PHOX2B|RBPMS|ZBTB7B|ISYNA1|RBFOX1|PLEKHG6,-4,MyList
DisGeNET,35,C0238198,Gastrointestinal Stromal Tumors,,-5.7,2.4,5.5,30293,538,851,36,4.2,0.69,238|273|285|837|1026|1029|1030|1462|2034|2346|2697|2920|3339|3481|3488|3676|3725|4288|4684|4914|4916|5111|6320|7291|7424|9123|9314|9547|10630|11343|27164|53827|57575|64399|84033|169044,ALK|AMPH|ANGPT2|CASP4|CDKN1A|CDKN2A|CDKN2B|VCAN|EPAS1|FOLH1|GJA1|CXCL2|HSPG2|IGF2|IGFBP5|ITGA4|JUN|MKI67|NCAM1|NTRK1|NTRK3|PCNA|CLEC11A|TWIST1|VEGFC|SLC16A3|KLF4|CXCL14|PDPN|MGLL|SALL3|FXYD5|PCDH10|HHIP|OBSCN|COL22A1,-4,MyList
DisGeNET,35,C0234535,Clonic Seizures,,-5.7,4.4,6.4,30293,122,851,15,1.8,0.45,1029|1030|1136|1137|1143|2290|2353|2558|3785|4804|6506|6513|6546|6547|54715,CDKN2A|CDKN2B|CHRNA3|CHRNA4|CHRNB4|FOXG1|FOS|GABRA5|KCNQ2|NGFR|SLC1A2|SLC2A1|SLC8A1|SLC8A3|RBFOX1,-4,MyList
Transcription Factor Targets,16,M7338,TFIII Q6,,-5.7,3.4,6,30293,207,851,20,2.4,0.52,429|823|1995|2018|2259|2290|3222|3226|3227|3589|4821|4826|5076|5396|6900|7546|9902|11187|27023|55885,ASCL1|CAPN1|ELAVL3|EMX2|FGF14|FOXG1|HOXC5|HOXC10|HOXC11|IL11|NKX2-2|NNAT|PAX2|PRRX1|CNTN2|ZIC2|MRC2|PKP3|FOXB1|LMO3,-4,MyList
DisGeNET,35,C0424605,Developmental delay (disorder),,-5.7,2.3,5.5,30293,584,851,38,4.5,0.71,414|577|861|1029|1288|1356|1759|1822|2045|2290|2346|2555|2558|2899|3209|3576|3746|3785|4155|5076|5080|5354|6328|6513|6658|6660|6662|7025|7291|7545|9378|23135|51286|54715|55655|65217|170302|253738,ARSD|ADGRB3|RUNX1|CDKN2A|COL4A6|CP|DNM1|ATN1|EPHA7|FOXG1|FOLH1|GABRA2|GABRA5|GRIK3|HOXA13|CXCL8|KCNC1|KCNQ2|MBP|PAX2|PAX6|PLP1|SCN3A|SLC2A1|SOX3|SOX5|SOX9|NR2F1|TWIST1|ZIC1|NRXN1|KDM6B|CEND1|RBFOX1|NLRP2|PCDH15|ARX|EBF3,-4,MyList
Cell Type Signatures,7,M39117,AIZARANI LIVER C13 LSECS 2,,-5.7,3,5.8,30293,283,851,24,2.8,0.57,2|133|290|1889|1910|2034|2701|2791|3397|3487|4071|6578|7025|7122|9314|9590|10964|11078|11098|11170|56892|59277|140738|284119,A2M|ADM|ANPEP|ECE1|EDNRB|EPAS1|GJA4|GNG11|ID1|IGFBP4|TM4SF1|SLCO2A1|NR2F1|CLDN5|KLF4|AKAP12|IFI44L|TRIOBP|PRSS23|FAM107A|TCIM|NTN4|TMEM37|CAVIN1,-4,MyList
DisGeNET,35,C0220620,Gastrointestinal Carcinoid Tumor,,-5.7,2.9,5.7,30293,323,851,26,3.1,0.59,174|650|1012|1029|1051|1440|2258|2274|2353|2852|3481|3487|3552|3918|4288|4914|5111|6515|6886|7291|8788|8792|10630|11186|51129|80150,AFP|BMP2|CDH13|CDKN2A|CEBPB|CSF3|FGF13|FHL2|FOS|GPER1|IGF2|IGFBP4|IL1A|LAMC2|MKI67|NTRK1|PCNA|SLC2A3|TAL1|TWIST1|DLK1|TNFRSF11A|PDPN|RASSF1|ANGPTL4|ASRGL1,-4,MyList
DisGeNET,35,C0343641,Human papilloma virus infection,,-5.7,2.6,5.6,30293,428,851,31,3.6,0.64,768|1026|1029|1030|2353|2355|2521|3119|3123|3397|3552|3576|3725|3726|4288|5111|5178|6238|6281|6352|6364|6456|6850|10653|11186|11322|23541|27164|55466|57561|63967,CA9|CDKN1A|CDKN2A|CDKN2B|FOS|FOSL2|FUS|HLA-DQB1|HLA-DRB1|ID1|IL1A|CXCL8|JUN|JUNB|MKI67|PCNA|PEG3|RRBP1|S100A10|CCL5|CCL20|SH3GL2|SYK|SPINT2|RASSF1|TMC6|SEC14L2|SALL3|DNAJA4|ARRDC3|CLSPN,-4,MyList
DisGeNET,35,C0595921,Intraocular pressure disorder,,-5.7,2.9,5.8,30293,303,851,25,2.9,0.58,650|846|862|1029|1030|1051|1137|1910|2335|2596|3576|3776|3918|4762|5024|6515|6578|6690|7058|11030|22915|27319|30813|56896|81794,BMP2|CASR|RUNX1T1|CDKN2A|CDKN2B|CEBPB|CHRNA4|EDNRB|FN1|GAP43|CXCL8|KCNK2|LAMC2|NEUROG1|P2RX3|SLC2A3|SLCO2A1|SPINK1|THBS2|RBPMS|MMRN1|BHLHE22|VSX1|DPYSL5|ADAMTS10,-4,MyList
DisGeNET,35,C0003872,"Arthritis, Psoriatic",,-5.7,2.5,5.6,30293,450,851,32,3.8,0.65,285|718|1277|1311|1361|1421|1822|2243|2266|2353|3123|3552|3576|3855|4288|5076|5142|5196|5209|5327|6352|6376|6513|6886|7128|9021|9290|22943|23541|27035|54498|57124,ANGPT2|C3|COL1A1|COMP|CPB2|CRYGD|ATN1|FGA|FGG|FOS|HLA-DRB1|IL1A|CXCL8|KRT7|MKI67|PAX2|PDE4B|PF4|PFKFB3|PLAT|CCL5|CX3CL1|SLC2A1|TAL1|TNFAIP3|SOCS3|GPR55|DKK1|SEC14L2|NOX1|SMOX|CD248,-4,MyList
DisGeNET,35,C0020473,Hyperlipidemia,,-5.7,2.5,5.5,30293,472,851,33,3.9,0.66,133|290|345|718|875|1012|1050|1356|1421|1649|1999|2168|2169|2335|2673|3339|3552|4023|4071|4973|6288|6352|7122|8788|9590|9961|10725|51129|54210|54498|64866|80150|252995,ADM|ANPEP|APOC3|C3|CBS|CDH13|CEBPA|CP|CRYGD|DDIT3|ELF3|FABP1|FABP2|FN1|GFPT1|HSPG2|IL1A|LPL|TM4SF1|OLR1|SAA1|CCL5|CLDN5|DLK1|AKAP12|MVP|NFAT5|ANGPTL4|TREM1|SMOX|CDCP1|ASRGL1|FNDC5,-4,MyList
TRRUST,34,TRR00645,Regulated by: JUN,,-5.7,3.7,6.1,30293,172,851,18,2.1,0.49,345|1026|1634|1649|2114|2697|3552|3576|3725|5021|5106|5327|6352|6707|6850|7031|7295|147040,APOC3|CDKN1A|DCN|DDIT3|ETS2|GJA1|IL1A|CXCL8|JUN|OXTR|PCK2|PLAT|CCL5|SPRR3|SYK|TFF1|TXN|KCTD11,-4,MyList
Cell Type Signatures,7,M39246,LAKE ADULT KIDNEY C27 VASCULAR SMOOTH MUSCLE CELLS AND PERICYTES,,-5.7,3.9,6.2,30293,155,851,17,2,0.48,2|1012|1607|1879|2034|2353|3488|3725|3726|4642|4916|5334|6546|6660|7538|9590|11030,A2M|CDH13|DGKB|EBF1|EPAS1|FOS|IGFBP5|JUN|JUNB|MYO1D|NTRK3|PLCL1|SLC8A1|SOX5|ZFP36|AKAP12|RBPMS,-4,MyList
Transcription Factor Targets,16,M12460,AP1 Q4 01,,-5.7,3.1,5.8,30293,264,851,23,2.7,0.56,114|1026|1294|1440|1647|1649|1893|1993|2697|3589|3691|3918|4973|11187|11346|23023|23645|56287|59277|63874|79784|153769|196463,ADCY8|CDKN1A|COL7A1|CSF3|GADD45A|DDIT3|ECM1|ELAVL2|GJA1|IL11|ITGB4|LAMC2|OLR1|PKP3|SYNPO|TMCC1|PPP1R15A|GKN1|NTN4|ABHD4|MYH14|SH3RF2|PLBD2,-4,MyList
DisGeNET,35,C2826323,Refractory Cytopenia of Childhood,,-5.7,3.1,5.8,30293,264,851,23,2.7,0.56,238|567|768|875|1030|1051|1293|1301|2034|2335|2346|3383|3576|3855|5076|5111|6456|6928|11186|22943|27123|51142|55323,ALK|B2M|CA9|CBS|CDKN2B|CEBPB|COL6A3|COL11A1|EPAS1|FN1|FOLH1|ICAM1|CXCL8|KRT7|PAX2|PCNA|SH3GL2|HNF1B|RASSF1|DKK1|DKK2|CHCHD2|LARP6,-4,MyList
Transcription Factor Targets,16,M13279,HFH8 01,,-5.7,3.4,6,30293,208,851,20,2.4,0.52,577|861|2018|2274|2913|2920|3219|3624|4916|5521|7025|8906|11343|29106|51199|51617|54715|84913|116372|130132,ADGRB3|RUNX1|EMX2|FHL2|GRM3|CXCL2|HOXB9|INHBA|NTRK3|PPP2R2B|NR2F1|AP1G2|MGLL|SCG3|NIN|NSG2|RBFOX1|ATOH8|LYPD1|RFTN2,-4,MyList
DisGeNET,35,C4552003,"EHLERS-DANLOS SYNDROME, SPONDYLODYSPLASTIC TYPE, 1",,-5.7,20,9.6,30293,9,851,5,0.59,0.26,633|1462|1634|3339|11082,BGN|VCAN|DCN|HSPG2|ESM1,-4,MyList
DisGeNET,35,C0041834,Erythema,,-5.7,3.3,5.9,30293,227,851,21,2.5,0.53,285|1026|1030|1277|1299|1311|2697|3119|3123|3383|3552|3576|3852|3855|4804|5155|6348|7424|23541|55612|64065,ANGPT2|CDKN1A|CDKN2B|COL1A1|COL9A3|COMP|GJA1|HLA-DQB1|HLA-DRB1|ICAM1|IL1A|CXCL8|KRT5|KRT7|NGFR|PDGFB|CCL3|VEGFC|SEC14L2|FERMT1|PERP,-4,MyList
DisGeNET,35,C1270972,Mild cognitive disorder,,-5.7,2.6,5.6,30293,430,851,31,3.6,0.64,133|345|718|862|875|1137|1356|1621|2041|2596|3552|3576|3918|4036|4804|5493|6376|6616|7070|8549|9123|9518|10163|10194|11346|22943|51083|54210|54798|64399|338382,ADM|APOC3|C3|RUNX1T1|CBS|CHRNA4|CP|DBH|EPHA1|GAP43|IL1A|CXCL8|LAMC2|LRP2|NGFR|PPL|CX3CL1|SNAP25|THY1|LGR5|SLC16A3|GDF15|WASF2|TSHZ1|SYNPO|DKK1|GAL|TREM1|DCHS2|HHIP|RAB7B,-4,MyList
DisGeNET,35,C4048158,Convulsions,,-5.7,3.7,6.1,30293,173,851,18,2.1,0.49,1030|1136|1137|1143|1293|2290|2353|2558|3785|4194|4804|5155|5327|6513|6546|6547|54715|84894,CDKN2B|CHRNA3|CHRNA4|CHRNB4|COL6A3|FOXG1|FOS|GABRA5|KCNQ2|MDM4|NGFR|PDGFB|PLAT|SLC2A1|SLC8A1|SLC8A3|RBFOX1|LINGO1,-4,MyList
DisGeNET,35,C0598608,Hyperhomocysteinemia,,-5.7,3.2,5.8,30293,246,851,22,2.6,0.54,846|875|1026|1361|1491|1889|2346|3383|4155|4973|5354|6352|6513|7056|7295|9314|11186|22915|30001|50506|57761|388585,CASR|CBS|CDKN1A|CPB2|CTH|ECE1|FOLH1|ICAM1|MBP|OLR1|PLP1|CCL5|SLC2A1|THBD|TXN|KLF4|RASSF1|MMRN1|ERO1A|DUOX2|TRIB3|HES5,-4,MyList
DisGeNET,35,C0011303,Demyelinating Diseases,,-5.7,3.9,6.1,30293,156,851,17,2,0.48,655|875|1410|2335|3123|3383|3589|3676|4155|4821|5354|5396|5629|6352|10397|57007|84894,BMP7|CBS|CRYAB|FN1|HLA-DRB1|ICAM1|IL11|ITGA4|MBP|NKX2-2|PLP1|PRRX1|PROX1|CCL5|NDRG1|ACKR3|LINGO1,-4,MyList
DisGeNET,35,C0155094,Corneal pannus,,-5.7,5.9,6.8,30293,66,851,11,1.3,0.39,133|1009|2335|3383|3552|3576|5080|7424|11096|22915|51477,ADM|CDH11|FN1|ICAM1|IL1A|CXCL8|PAX6|VEGFC|ADAMTS5|MMRN1|ISYNA1,-4,MyList
DisGeNET,35,C0026640,Mouth Neoplasms,,-5.7,4.1,6.2,30293,140,851,16,1.9,0.47,301|1026|1029|1030|1361|1410|1634|2243|3236|3383|3481|3576|3854|8434|10397|79977,ANXA1|CDKN1A|CDKN2A|CDKN2B|CPB2|CRYAB|DCN|FGA|HOXD10|ICAM1|IGF2|CXCL8|KRT6B|RECK|NDRG1|GRHL2,-3.9,MyList
DisGeNET,35,C0018790,Cardiac Arrest,,-5.7,2.6,5.6,30293,410,851,30,3.5,0.63,285|301|823|875|1026|1029|1440|1822|2259|3119|3123|3383|3576|3589|3918|4684|4760|5327|5521|6348|6352|9056|9518|9961|11343|23645|50506|51129|114798|338917,ANGPT2|ANXA1|CAPN1|CBS|CDKN1A|CDKN2A|CSF3|ATN1|FGF14|HLA-DQB1|HLA-DRB1|ICAM1|CXCL8|IL11|LAMC2|NCAM1|NEUROD1|PLAT|PPP2R2B|CCL3|CCL5|SLC7A7|GDF15|MVP|MGLL|PPP1R15A|DUOX2|ANGPTL4|SLITRK1|VSX2,-3.9,MyList
DisGeNET,35,C1328504,Hormone refractory prostate cancer,,-5.7,2.2,5.3,30293,683,851,42,4.9,0.74,301|890|1009|1026|1029|1051|1440|2051|2114|2253|2274|2346|2530|2624|2852|2877|3283|3576|3960|5099|5334|6662|6690|7101|7113|7291|7295|8660|8744|8792|9021|9123|9181|9518|10512|23135|55450|55502|57007|79026|112399|261729,ANXA1|CCNA2|CDH11|CDKN1A|CDKN2A|CEBPB|CSF3|EPHB6|ETS2|FGF8|FHL2|FOLH1|FUT8|GATA2|GPER1|GPX2|HSD3B1|CXCL8|LGALS4|PCDH7|PLCL1|SOX9|SPINK1|NR2E1|TMPRSS2|TWIST1|TXN|IRS2|TNFSF9|TNFRSF11A|SOCS3|SLC16A3|ARHGEF2|GDF15|SEMA3C|KDM6B|CAMK2N1|HES6|ACKR3|AHNAK|EGLN3|STEAP2,-3.9,MyList
DisGeNET,35,C2717759,Degenerative Intervertebral Discs,,-5.7,11,8,30293,23,851,7,0.82,0.31,290|655|3383|6348|6352|6662|23213,ANPEP|BMP7|ICAM1|CCL3|CCL5|SOX9|SULF1,-3.9,MyList
Cell Type Signatures,7,M41653,TRAVAGLINI LUNG DIFFERENTIATING BASAL CELL,,-5.6,3.9,6.1,30293,157,851,17,2,0.48,301|823|1889|2034|2934|3487|3852|8553|10103|10752|11098|11170|11226|54101|54541|55323|64065,ANXA1|CAPN1|ECE1|EPAS1|GSN|IGFBP4|KRT5|BHLHE40|TSPAN1|CHL1|PRSS23|FAM107A|GALNT6|RIPK4|DDIT4|LARP6|PERP,-3.9,MyList
DisGeNET,35,C4082937,Necrotizing enterocolitis in fetus OR newborn,,-5.6,3.4,5.9,30293,210,851,20,2.4,0.52,429|2168|2169|3383|3552|3576|3589|4684|5111|5122|5126|6348|6374|6662|7031|7056|7128|8549|9211|50848,ASCL1|FABP1|FABP2|ICAM1|IL1A|CXCL8|IL11|NCAM1|PCNA|PCSK1|PCSK2|CCL3|CXCL5|SOX9|TFF1|THBD|TNFAIP3|LGR5|LGI1|F11R,-3.9,MyList
Transcription Factor Targets,16,M829,YTAATTAA LHX3 01,,-5.6,3.5,6,30293,192,851,19,2.2,0.51,862|3776|4661|4825|5396|6096|6886|7020|7029|7401|8673|23213|27164|55885|64399|81794|84631|85397|122953,RUNX1T1|KCNK2|MYT1|NKX6-1|PRRX1|RORB|TAL1|TFAP2A|TFDP2|CLRN1|VAMP8|SULF1|SALL3|LMO3|HHIP|ADAMTS10|SLITRK2|RGS8|JDP2,-3.9,MyList
Transcription Factor Targets,16,M15595,CART1 01,,-5.6,3.3,5.8,30293,229,851,21,2.5,0.53,744|862|2045|2258|3213|4661|5063|5396|6660|7401|7547|8929|10150|23440|26050|27023|27164|54715|55885|81832|389206,MPPED2|RUNX1T1|EPHA7|FGF13|HOXB3|MYT1|PAK3|PRRX1|SOX5|CLRN1|ZIC3|PHOX2B|MBNL2|OTP|SLITRK5|FOXB1|SALL3|RBFOX1|LMO3|NETO1|BEND4,-3.9,MyList
Transcription Factor Targets,16,M15551,IK3 01,,-5.6,3.3,5.8,30293,229,851,21,2.5,0.53,577|1641|1770|2255|2353|3219|3801|4661|5396|5521|6364|6374|6886|7020|7401|8906|9543|10150|11082|57575|114798,ADGRB3|DCX|DNAH9|FGF10|FOS|HOXB9|KIFC3|MYT1|PRRX1|PPP2R2B|CCL20|CXCL5|TAL1|TFAP2A|CLRN1|AP1G2|IGDCC3|MBNL2|ESM1|PCDH10|SLITRK1,-3.9,MyList
DisGeNET,35,C0079541,Holoprosencephaly,,-5.6,4.6,6.4,30293,109,851,14,1.6,0.44,2253|2290|2619|4036|5076|5396|5992|6493|6496|7291|7545|7546|22943|85416,FGF8|FOXG1|GAS1|LRP2|PAX2|PRRX1|RFX4|SIM2|SIX3|TWIST1|ZIC1|ZIC2|DKK1|ZIC5,-3.9,MyList
DisGeNET,35,C0242383,Age related macular degeneration,,-5.6,2.2,5.3,30293,685,851,42,4.9,0.74,133|285|290|718|838|1029|1295|1356|1410|1893|1993|2034|2273|2335|2444|3119|3123|3339|3383|3552|3561|3576|4023|4684|6374|6376|6513|7056|7295|7424|7448|7538|8721|9951|10194|11259|22943|23452|27319|30813|51129|54541,ADM|ANGPT2|ANPEP|C3|CASP5|CDKN2A|COL8A1|CP|CRYAB|ECM1|ELAVL2|EPAS1|FHL1|FN1|FRK|HLA-DQB1|HLA-DRB1|HSPG2|ICAM1|IL1A|IL2RG|CXCL8|LPL|NCAM1|CXCL5|CX3CL1|SLC2A1|THBD|TXN|VEGFC|VTN|ZFP36|EDF1|HS3ST4|TSHZ1|FILIP1L|DKK1|ANGPTL2|BHLHE22|VSX1|ANGPTL4|DDIT4,-3.9,MyList
Transcription Factor Targets,16,M9413,MSX1 01,,-5.6,3.7,6,30293,175,851,18,2.1,0.49,862|1293|1749|1993|2045|2290|3624|4821|7025|7545|8929|10586|10761|11254|54715|64641|84107|170302,RUNX1T1|COL6A3|DLX5|ELAVL2|EPHA7|FOXG1|INHBA|NKX2-2|NR2F1|ZIC1|PHOX2B|MAB21L2|PLAC1|SLC6A14|RBFOX1|EBF2|ZIC4|ARX,-3.9,MyList
DisGeNET,35,C0030319,Panic Disorder,,-5.6,3.7,6,30293,175,851,18,2.1,0.49,285|1137|2558|2823|3123|3855|4804|4916|5021|5142|6886|9641|10194|51083|54549|57101|124842|124935,ANGPT2|CHRNA4|GABRA5|GPM6A|HLA-DRB1|KRT7|NGFR|NTRK3|OXTR|PDE4B|TAL1|IKBKE|TSHZ1|GAL|SDK2|ANO2|TMEM132E|SLC43A2,-3.9,MyList
DisGeNET,35,C0027809,Neurilemmoma,,-5.6,3.5,5.9,30293,193,851,19,2.2,0.51,285|650|846|1029|1030|1462|1641|1822|2346|2353|2596|4155|4288|4684|5327|7448|11186|57007|116986,ANGPT2|BMP2|CASR|CDKN2A|CDKN2B|VCAN|DCX|ATN1|FOLH1|FOS|GAP43|MBP|MKI67|NCAM1|PLAT|VTN|RASSF1|ACKR3|AGAP2,-3.9,MyList
DisGeNET,35,C0238339,Hereditary pancreatitis,,-5.6,3.8,6.1,30293,158,851,17,2,0.48,633|846|1029|1356|1361|2297|3119|3552|3576|4804|5111|5644|5645|6662|6690|8549|27319,BGN|CASR|CDKN2A|CP|CPB2|FOXD1|HLA-DQB1|IL1A|CXCL8|NGFR|PCNA|PRSS1|PRSS2|SOX9|SPINK1|LGR5|BHLHE22,-3.9,MyList
DisGeNET,35,C0023448,Lymphoid leukemia,,-5.6,3,5.7,30293,288,851,24,2.8,0.57,238|290|634|718|846|861|862|1029|1030|1045|1050|1440|1822|2041|2042|3222|3576|3589|3676|3855|5327|6850|6886|7101,ALK|ANPEP|CEACAM1|C3|CASR|RUNX1|RUNX1T1|CDKN2A|CDKN2B|CDX2|CEBPA|CSF3|ATN1|EPHA1|EPHA3|HOXC5|CXCL8|IL11|ITGA4|KRT7|PLAT|SYK|TAL1|NR2E1,-3.9,MyList
Transcription Factor Targets,16,M15185,GATA1 02,,-5.6,3.1,5.8,30293,249,851,22,2.6,0.54,823|862|1993|1996|2018|2258|2355|2823|3488|3725|4661|5045|5099|5992|6547|8929|10630|11030|54498|55200|167410|167826,CAPN1|RUNX1T1|ELAVL2|ELAVL4|EMX2|FGF13|FOSL2|GPM6A|IGFBP5|JUN|MYT1|FURIN|PCDH7|RFX4|SLC8A3|PHOX2B|PDPN|RBPMS|SMOX|PLEKHG6|LIX1|OLIG3,-3.9,MyList
DisGeNET,35,C0007867,Cervix Diseases,,-5.6,7.5,7.2,30293,43,851,9,1.1,0.35,429|1029|1299|3123|4118|5111|6513|8434|81849,ASCL1|CDKN2A|COL9A3|HLA-DRB1|MAL|PCNA|SLC2A1|RECK|ST6GALNAC5,-3.9,MyList
DisGeNET,35,C0018784,Sensorineural Hearing Loss (disorder),,-5.6,2.1,5.3,30293,783,851,46,5.4,0.78,429|567|1029|1299|1301|1410|1749|1750|1822|1889|1910|2253|2274|2624|2697|3119|3123|3211|4036|4760|4762|5076|5456|6572|6616|6658|7020|7021|7275|7291|7401|8022|8929|9423|10512|11098|57007|60482|63976|64065|65217|79633|79977|80736|90665|124842,ASCL1|B2M|CDKN2A|COL9A3|COL11A1|CRYAB|DLX5|DLX6|ATN1|ECE1|EDNRB|FGF8|FHL2|GATA2|GJA1|HLA-DQB1|HLA-DRB1|HOXB1|LRP2|NEUROD1|NEUROG1|PAX2|POU3F4|SLC18A3|SNAP25|SOX3|TFAP2A|TFAP2B|TUB|TWIST1|CLRN1|LHX3|PHOX2B|NTN1|SEMA3C|PRSS23|ACKR3|SLC5A7|PRDM16|PERP|PCDH15|FAT4|GRHL2|SLC44A4|TBL1Y|TMEM132E,-3.9,MyList
DisGeNET,35,C0282160,Aplasia Cutis Congenita,,-5.6,2.6,5.5,30293,392,851,29,3.4,0.62,1029|1294|1356|1462|1993|2173|2335|2346|2353|3397|3481|3576|3691|3725|3726|3914|3918|5111|5339|6513|7020|7291|7424|11186|11255|22915|50674|57007|147040,CDKN2A|COL7A1|CP|VCAN|ELAVL2|FABP7|FN1|FOLH1|FOS|ID1|IGF2|CXCL8|ITGB4|JUN|JUNB|LAMB3|LAMC2|PCNA|PLEC|SLC2A1|TFAP2A|TWIST1|VEGFC|RASSF1|HRH3|MMRN1|NEUROG3|ACKR3|KCTD11,-3.9,MyList
DisGeNET,35,C1153706,Endometrial adenocarcinoma,,-5.6,3.4,5.9,30293,212,851,20,2.4,0.52,133|174|768|1026|1029|2042|3481|3589|3691|5076|5111|5284|6352|6364|7058|9123|11186|51599|55323|57007,ADM|AFP|CA9|CDKN1A|CDKN2A|EPHA3|IGF2|IL11|ITGB4|PAX2|PCNA|PIGR|CCL5|CCL20|THBS2|SLC16A3|RASSF1|LSR|LARP6|ACKR3,-3.9,MyList
DisGeNET,35,C1519346,Skin Carcinogenesis,,-5.6,3.5,5.9,30293,194,851,19,2.2,0.51,1029|1030|1050|1747|2353|3552|3725|3726|4914|5327|7295|8549|9235|9290|9314|9518|10630|27035|57111,CDKN2A|CDKN2B|CEBPA|DLX3|FOS|IL1A|JUN|JUNB|NTRK1|PLAT|TXN|LGR5|IL32|GPR55|KLF4|GDF15|PDPN|NOX1|RAB25,-3.9,MyList
Cell Type Signatures,7,M39242,LAKE ADULT KIDNEY C23 ENDOTHELIAL CELLS AVR,,-5.6,4.2,6.2,30293,126,851,15,1.8,0.45,567|634|928|972|2034|2335|2512|2823|3123|3397|3488|5327|56892|79026|79750,B2M|CEACAM1|CD9|CD74|EPAS1|FN1|FTL|GPM6A|HLA-DRB1|ID1|IGFBP5|PLAT|TCIM|AHNAK|ZNF385D,-3.9,MyList
DisGeNET,35,C0011334,Dental caries,,-5.6,2.8,5.6,30293,330,851,26,3.1,0.59,133|238|650|655|744|1009|1281|1294|1747|2255|2697|3123|3213|3576|3624|3691|3853|3854|3914|3918|5339|7295|9235|9244|55612|64065,ADM|ALK|BMP2|BMP7|MPPED2|CDH11|COL3A1|COL7A1|DLX3|FGF10|GJA1|HLA-DRB1|HOXB3|CXCL8|INHBA|ITGB4|KRT6A|KRT6B|LAMB3|LAMC2|PLEC|TXN|IL32|CRLF1|FERMT1|PERP,-3.9,MyList
DisGeNET,35,C0574960,Sacroiliitis,,-5.6,8.6,7.5,30293,33,851,8,0.94,0.33,650|655|972|1421|1462|3123|3552|22943,BMP2|BMP7|CD74|CRYGD|VCAN|HLA-DRB1|IL1A|DKK1,-3.8,MyList
Cell Type Signatures,7,M40028,BUSSLINGER DUODENAL LATE IMMATURE ENTEROCYTES,,-5.5,3.6,5.9,30293,177,851,18,2.1,0.49,290|307|972|1015|2168|2169|2512|3123|3960|5106|5284|6303|9615|55450|56667|57402|79853|340024,ANPEP|ANXA4|CD74|CDH17|FABP1|FABP2|FTL|HLA-DRB1|LGALS4|PCK2|PIGR|SAT1|GDA|CAMK2N1|MUC13|S100A14|TM4SF20|SLC6A19,-3.8,MyList
DisGeNET,35,C0280324,Laryngeal Squamous Cell Carcinoma,,-5.5,2.4,5.4,30293,504,851,34,4,0.67,238|301|634|928|961|1026|1029|1030|1410|1462|1993|2045|2051|2335|2697|2852|2920|3219|3481|3855|4194|4288|4319|5111|6374|6456|6656|6736|6850|6886|11096|11170|23657|84171,ALK|ANXA1|CEACAM1|CD9|CD47|CDKN1A|CDKN2A|CDKN2B|CRYAB|VCAN|ELAVL2|EPHA7|EPHB6|FN1|GJA1|GPER1|CXCL2|HOXB9|IGF2|KRT7|MDM4|MKI67|MMP10|PCNA|CXCL5|SH3GL2|SOX1|SRY|SYK|TAL1|ADAMTS5|FAM107A|SLC7A11|LOXL4,-3.8,MyList
DisGeNET,35,C0011882,Diabetic Neuropathies,,-5.5,4,6.1,30293,143,851,16,1.9,0.47,718|1440|2180|2596|3488|4155|4804|4914|5327|6533|7056|7295|8660|50506|51083|64399,C3|CSF3|ACSL1|GAP43|IGFBP5|MBP|NGFR|NTRK1|PLAT|SLC6A6|THBD|TXN|IRS2|DUOX2|GAL|HHIP,-3.8,MyList
Cell Type Signatures,7,M41694,TRAVAGLINI LUNG PLASMACYTOID DENDRITIC CELL,,-5.5,4.5,6.3,30293,111,851,14,1.6,0.44,3852|6238|6850|7045|7056|11343|23316|24141|56937|84433|84969|91584|112399|387882,KRT5|RRBP1|SYK|TGFBI|THBD|MGLL|CUX2|LAMP5|PMEPA1|CARD11|TOX2|PLXNA4|EGLN3|C12orf75,-3.8,MyList
DisGeNET,35,C0034067,Pulmonary Emphysema,,-5.5,2.7,5.6,30293,352,851,27,3.2,0.6,2|718|972|1029|1087|1136|1462|1510|1649|2034|2353|2530|3119|3488|3576|3694|3725|3726|4319|5111|5800|6352|6376|7295|51477|54541|64399,A2M|C3|CD74|CDKN2A|CEACAM7|CHRNA3|VCAN|CTSE|DDIT3|EPAS1|FOS|FUT8|HLA-DQB1|IGFBP5|CXCL8|ITGB6|JUN|JUNB|MMP10|PCNA|PTPRO|CCL5|CX3CL1|TXN|ISYNA1|DDIT4|HHIP,-3.8,MyList
Transcription Factor Targets,16,M5440,AP1 Q4,,-5.5,3,5.7,30293,271,851,23,2.7,0.56,650|768|1026|1759|1942|2934|3914|3918|4188|6281|7295|7545|9705|10761|11346|23023|54101|63874|84107|85397|153769|196463|196500,BMP2|CA9|CDKN1A|DNM1|EFNA1|GSN|LAMB3|LAMC2|MDFI|S100A10|TXN|ZIC1|ST18|PLAC1|SYNPO|TMCC1|RIPK4|ABHD4|ZIC4|RGS8|SH3RF2|PLBD2|PIANP,-3.8,MyList
Transcription Factor Targets,16,M9612,OCT1 01,,-5.5,3,5.7,30293,271,851,23,2.7,0.56,238|744|1045|1440|3222|3993|4023|4762|4821|5080|5100|5456|6506|6660|6928|8929|9378|23657|51199|55117|55885|112399|389206,ALK|MPPED2|CDX2|CSF3|HOXC5|LLGL2|LPL|NEUROG1|NKX2-2|PAX6|PCDH8|POU3F4|SLC1A2|SOX5|HNF1B|PHOX2B|NRXN1|SLC7A11|NIN|SLC6A15|LMO3|EGLN3|BEND4,-3.8,MyList
Cell Type Signatures,7,M40016,BUSSLINGER GASTRIC REG3A POSITIVE CELLS,,-5.5,7.3,7.1,30293,44,851,9,1.1,0.35,567|972|2920|3119|3123|3397|5284|6303|50506,B2M|CD74|CXCL2|HLA-DQB1|HLA-DRB1|ID1|PIGR|SAT1|DUOX2,-3.8,MyList
Transcription Factor Targets,16,M13641,HFH3 01,,-5.5,3.5,5.9,30293,196,851,19,2.2,0.51,577|1050|1996|2530|2886|2913|3213|3397|4684|7291|8022|9211|29106|51199|51617|55890|84631|85407|130132,ADGRB3|CEBPA|ELAVL4|FUT8|GRB7|GRM3|HOXB3|ID1|NCAM1|TWIST1|LHX3|LGI1|SCG3|NIN|NSG2|GPRC5C|SLITRK2|NKD1|RFTN2,-3.8,MyList
DisGeNET,35,C0341439,Chronic liver disease,,-5.5,3.5,5.9,30293,196,851,19,2.2,0.51,174|285|655|1029|1293|2530|3123|3383|3481|4804|5111|6352|6374|6662|8660|9021|9235|9518|22915,AFP|ANGPT2|BMP7|CDKN2A|COL6A3|FUT8|HLA-DRB1|ICAM1|IGF2|NGFR|PCNA|CCL5|CXCL5|SOX9|IRS2|SOCS3|IL32|GDF15|MMRN1,-3.8,MyList
DisGeNET,35,C0948089,Acute Coronary Syndrome,,-5.5,2.5,5.4,30293,439,851,31,3.6,0.64,285|301|345|567|633|1152|1356|1361|1952|2701|2934|3123|3383|3487|3552|3576|4036|4973|5266|5327|6374|7056|8792|9518|9961|22915|22943|23452|54898|338382|375704,ANGPT2|ANXA1|APOC3|B2M|BGN|CKB|CP|CPB2|CELSR2|GJA4|GSN|HLA-DRB1|ICAM1|IGFBP4|IL1A|CXCL8|LRP2|OLR1|PI3|PLAT|CXCL5|THBD|TNFRSF11A|GDF15|MVP|MMRN1|DKK1|ANGPTL2|ELOVL2|RAB7B|ENHO,-3.8,MyList
DisGeNET,35,C0432072,Dysmorphic features,,-5.5,2.5,5.4,30293,439,851,31,3.6,0.64,111|650|694|846|861|1277|1294|1301|1621|1759|2290|2556|2697|3481|3785|4914|5354|6513|6660|6662|7020|7291|8831|9244|9378|23135|25806|50506|170302|253738|340533,ADCY5|BMP2|BTG1|CASR|RUNX1|COL1A1|COL7A1|COL11A1|DBH|DNM1|FOXG1|GABRA3|GJA1|IGF2|KCNQ2|NTRK1|PLP1|SLC2A1|SOX5|SOX9|TFAP2A|TWIST1|SYNGAP1|CRLF1|NRXN1|KDM6B|VAX2|DUOX2|ARX|EBF3|NEXMIF,-3.8,MyList
Cell Type Signatures,7,M39161,GAO LARGE INTESTINE ADULT CA ENTEROENDOCRINE CELLS,,-5.5,2.9,5.6,30293,312,851,25,2.9,0.58,107|846|1029|1996|2701|3642|3746|4760|4821|5080|5122|6328|6616|6860|9705|9719|10814|11075|23255|27344|29106|51477|54549|55323|57687,ADCY1|CASR|CDKN2A|ELAVL4|GJA4|INSM1|KCNC1|NEUROD1|NKX2-2|PAX6|PCSK1|SCN3A|SNAP25|SYT4|ST18|ADAMTSL2|CPLX2|STMN2|MTCL1|PCSK1N|SCG3|ISYNA1|SDK2|LARP6|VAT1L,-3.8,MyList
DisGeNET,35,C0016529,Forced expiratory volume function,,-5.5,3,5.7,30293,272,851,23,2.7,0.56,1136|1143|1295|1621|1804|1879|2255|3119|3955|3993|5339|8022|8728|11343|23255|55790|57211|57616|65217|79026|80736|154091|255743,CHRNA3|CHRNB4|COL8A1|DBH|DPP6|EBF1|FGF10|HLA-DQB1|LFNG|LLGL2|PLEC|LHX3|ADAM19|MGLL|MTCL1|CSGALNACT1|ADGRG6|TSHZ3|PCDH15|AHNAK|SLC44A4|SLC2A12|NPNT,-3.8,MyList
DisGeNET,35,C0019348,Herpes Simplex Infections,,-5.5,2.2,5.3,30293,645,851,40,4.7,0.73,117|174|290|650|718|961|1026|1029|1045|1804|1822|1995|2042|2353|2521|2697|3119|3123|3383|3481|3576|3589|3642|3960|4055|4118|5080|5111|5476|6348|6352|6513|6658|7056|9021|10103|23541|23645|56300|148022,ADCYAP1R1|AFP|ANPEP|BMP2|C3|CD47|CDKN1A|CDKN2A|CDX2|DPP6|ATN1|ELAVL3|EPHA3|FOS|FUS|GJA1|HLA-DQB1|HLA-DRB1|ICAM1|IGF2|CXCL8|IL11|INSM1|LGALS4|LTBR|MAL|PAX6|PCNA|CTSA|CCL3|CCL5|SLC2A1|SOX3|THBD|SOCS3|TSPAN1|SEC14L2|PPP1R15A|IL36G|TICAM1,-3.8,MyList
DisGeNET,35,C0220621,Childhood Acute Myeloid Leukemia,,-5.5,3.3,5.8,30293,215,851,20,2.4,0.52,602|861|862|1050|1440|1822|2521|2624|2934|3236|3561|4194|4684|4914|7424|9892|9961|63976|80150|253738,BCL3|RUNX1|RUNX1T1|CEBPA|CSF3|ATN1|FUS|GATA2|GSN|HOXD10|IL2RG|MDM4|NCAM1|NTRK1|VEGFC|SNAP91|MVP|PRDM16|ASRGL1|EBF3,-3.8,MyList
DisGeNET,35,C0428883,Diastolic blood pressure,,-5.5,2.4,5.4,30293,507,851,34,4,0.67,285|1012|1299|1607|1621|1879|1952|1995|2128|2335|2444|2624|3222|4194|5045|5076|5080|5493|6546|9902|10150|10512|22986|23316|26579|28316|51199|57580|59277|63976|80323|222553|254102|255743,ANGPT2|CDH13|COL9A3|DGKB|DBH|EBF1|CELSR2|ELAVL3|EVX1|FN1|FRK|GATA2|HOXC5|MDM4|FURIN|PAX2|PAX6|PPL|SLC8A1|MRC2|MBNL2|SEMA3C|SORCS3|CUX2|MYEOV|CDH20|NIN|PREX1|NTN4|PRDM16|CCDC68|SLC35F1|EHBP1L1|NPNT,-3.8,MyList
DisGeNET,35,C1332182,Adult Anaplastic Large Cell Lymphoma,,-5.5,4.2,6.1,30293,128,851,15,1.8,0.45,238|290|602|1026|1029|1030|1051|2353|3725|3726|4684|4914|6281|6352|9021,ALK|ANPEP|BCL3|CDKN1A|CDKN2A|CDKN2B|CEBPB|FOS|JUN|JUNB|NCAM1|NTRK1|S100A10|CCL5|SOCS3,-3.8,MyList
DisGeNET,35,C1266044,Collecting Duct Carcinoma of the Kidney,,-5.5,3.7,5.9,30293,162,851,17,2,0.48,238|307|1029|1410|2034|2886|3855|3914|6513|6928|8790|9745|10397|23657|50944|79026|84433,ALK|ANXA4|CDKN2A|CRYAB|EPAS1|GRB7|KRT7|LAMB3|SLC2A1|HNF1B|FPGT|ZNF536|NDRG1|SLC7A11|SHANK1|AHNAK|CARD11,-3.8,MyList
DisGeNET,35,C0740392,"Infarction, Middle Cerebral Artery",,-5.5,3.9,6,30293,145,851,16,1.9,0.47,718|861|1440|2353|2920|3037|3383|3589|3726|3918|4804|5327|6513|7122|9892|54498,C3|RUNX1|CSF3|FOS|CXCL2|HAS2|ICAM1|IL11|JUNB|LAMC2|NGFR|PLAT|SLC2A1|CLDN5|SNAP91|SMOX,-3.8,MyList
DisGeNET,35,C0037579,Soft Tissue Neoplasms,,-5.5,3.9,6,30293,145,851,16,1.9,0.47,238|1026|1029|1440|2346|2521|3481|4804|4821|4914|4916|5155|6662|7056|10630|150094,ALK|CDKN1A|CDKN2A|CSF3|FOLH1|FUS|IGF2|NGFR|NKX2-2|NTRK1|NTRK3|PDGFB|SOX9|THBD|PDPN|SIK1,-3.8,MyList
DisGeNET,35,C4284013,Primary cholangiocarcinoma of intrahepatic biliary tract,,-5.5,3,5.6,30293,274,851,23,2.7,0.56,174|861|976|1029|1045|1087|1281|3339|4762|6277|6374|6662|6690|7031|7045|7070|7424|8553|8660|11148|11186|22915|56667,AFP|RUNX1|ADGRE5|CDKN2A|CDX2|CEACAM7|COL3A1|HSPG2|NEUROG1|S100A6|CXCL5|SOX9|SPINK1|TFF1|TGFBI|THY1|VEGFC|BHLHE40|IRS2|HHLA2|RASSF1|MMRN1|MUC13,-3.8,MyList
Transcription Factor Targets,16,M11244,AREB6 01,,-5.5,3,5.6,30293,274,851,23,2.7,0.56,862|1012|2353|3914|3918|3993|4825|5099|5121|5155|5629|7020|7122|7277|7545|23657|54798|57402|57561|79977|84107|92359|375704,RUNX1T1|CDH13|FOS|LAMB3|LAMC2|LLGL2|NKX6-1|PCDH7|PCP4|PDGFB|PROX1|TFAP2A|CLDN5|TUBA4A|ZIC1|SLC7A11|DCHS2|S100A14|ARRDC3|GRHL2|ZIC4|CRB3|ENHO,-3.8,MyList
DisGeNET,35,C0275518,Acute infectious disease,,-5.4,3.4,5.8,30293,198,851,19,2.2,0.51,567|928|972|2335|2353|2624|3119|3383|3589|3725|3726|4684|6288|6348|6352|6736|7538|51477|54498,B2M|CD9|CD74|FN1|FOS|GATA2|HLA-DQB1|ICAM1|IL11|JUN|JUNB|NCAM1|SAA1|CCL3|CCL5|SRY|ZFP36|ISYNA1|SMOX,-3.8,MyList
Cell Type Signatures,7,M39153,GAO LARGE INTESTINE 24W C2 MKI67POS PROGENITOR,,-5.4,4.4,6.2,30293,113,851,14,1.6,0.44,633|890|1063|1879|2791|4071|4288|6578|6886|7122|22915|51299|57124|116159,BGN|CCNA2|CENPF|EBF1|GNG11|TM4SF1|MKI67|SLCO2A1|TAL1|CLDN5|MMRN1|NRN1|CD248|CYYR1,-3.8,MyList
DisGeNET,35,C0220597,Adult Hodgkin Lymphoma,,-5.4,2.6,5.4,30293,399,851,29,3.4,0.62,238|846|1026|1029|1440|1822|1879|1999|2042|2297|3119|3123|3219|3383|3598|4118|4288|4821|6348|6352|6616|6656|7128|7424|9641|11186|23135|51477|55655,ALK|CASR|CDKN1A|CDKN2A|CSF3|ATN1|EBF1|ELF3|EPHA3|FOXD1|HLA-DQB1|HLA-DRB1|HOXB9|ICAM1|IL13RA2|MAL|MKI67|NKX2-2|CCL3|CCL5|SNAP25|SOX1|TNFAIP3|VEGFC|IKBKE|RASSF1|KDM6B|ISYNA1|NLRP2,-3.8,MyList
DisGeNET,35,C0220644,Childhood Hodgkin Lymphoma,,-5.4,2.6,5.4,30293,399,851,29,3.4,0.62,238|846|1026|1029|1440|1822|1879|1999|2042|2297|3119|3123|3219|3383|3598|4118|4288|4821|6348|6352|6616|6656|7128|7424|9641|11186|23135|51477|55655,ALK|CASR|CDKN1A|CDKN2A|CSF3|ATN1|EBF1|ELF3|EPHA3|FOXD1|HLA-DQB1|HLA-DRB1|HOXB9|ICAM1|IL13RA2|MAL|MKI67|NKX2-2|CCL3|CCL5|SNAP25|SOX1|TNFAIP3|VEGFC|IKBKE|RASSF1|KDM6B|ISYNA1|NLRP2,-3.8,MyList
DisGeNET,35,C0035078,Kidney Failure,,-5.4,2.6,5.4,30293,378,851,28,3.3,0.61,133|285|290|345|567|655|718|846|1288|1634|2335|2934|3119|3123|3339|3552|5076|5476|6352|6364|6928|7056|9056|9314|9518|11186|23541|80150,ADM|ANGPT2|ANPEP|APOC3|B2M|BMP7|C3|CASR|COL4A6|DCN|FN1|GSN|HLA-DQB1|HLA-DRB1|HSPG2|IL1A|PAX2|CTSA|CCL5|CCL20|HNF1B|THBD|SLC7A7|KLF4|GDF15|RASSF1|SEC14L2|ASRGL1,-3.7,MyList
DisGeNET,35,C0751295,Memory Loss,,-5.4,3.7,5.9,30293,163,851,17,2,0.48,133|1421|2259|2346|2521|2558|2913|3481|3918|5155|7031|9211|9423|11255|56896|57007|84867,ADM|CRYGD|FGF14|FOLH1|FUS|GABRA5|GRM3|IGF2|LAMC2|PDGFB|TFF1|LGI1|NTN1|HRH3|DPYSL5|ACKR3|PTPN5,-3.7,MyList
DisGeNET,35,C0553694,Oropharyngeal disorders,,-5.4,3.7,5.9,30293,163,851,17,2,0.48,768|1029|1045|1749|2297|2353|3576|3725|3726|3855|4055|5111|6303|6513|8929|10397|84107,CA9|CDKN2A|CDX2|DLX5|FOXD1|FOS|CXCL8|JUN|JUNB|KRT7|LTBR|PCNA|SAT1|SLC2A1|PHOX2B|NDRG1|ZIC4,-3.7,MyList
DisGeNET,35,C0026987,Myelofibrosis,,-5.4,3.7,5.9,30293,163,851,17,2,0.48,861|961|1029|1030|1440|1822|2335|3552|3576|3855|6578|6886|7058|7070|9021|53827|57126,RUNX1|CD47|CDKN2A|CDKN2B|CSF3|ATN1|FN1|IL1A|CXCL8|KRT7|SLCO2A1|TAL1|THBS2|THY1|SOCS3|FXYD5|CD177,-3.7,MyList
DisGeNET,35,C0206718,Ganglioneuroblastoma,,-5.4,6.2,6.7,30293,57,851,10,1.2,0.37,238|429|2253|2596|3642|4684|4914|5111|6513|8929,ALK|ASCL1|FGF8|GAP43|INSM1|NCAM1|NTRK1|PCNA|SLC2A1|PHOX2B,-3.7,MyList
DisGeNET,35,C3837958,"Diabetes Mellitus, Ketosis-Prone",,-5.4,6.2,6.7,30293,57,851,10,1.2,0.37,1356|1512|1649|3119|3123|3481|4760|6364|50674|169026,CP|CTSH|DDIT3|HLA-DQB1|HLA-DRB1|IGF2|NEUROD1|CCL20|NEUROG3|SLC30A8,-3.7,MyList
DisGeNET,35,C0013384,Dyskinetic syndrome,,-5.4,2.8,5.5,30293,316,851,25,2.9,0.58,26|111|1137|1356|1759|1804|2259|2290|2355|2512|3785|3918|4036|5155|5645|6328|6506|6513|8831|9211|22895|23043|23316|150094|170302,AOC1|ADCY5|CHRNA4|CP|DNM1|DPP6|FGF14|FOXG1|FOSL2|FTL|KCNQ2|LAMC2|LRP2|PDGFB|PRSS2|SCN3A|SLC1A2|SLC2A1|SYNGAP1|LGI1|RPH3A|TNIK|CUX2|SIK1|ARX,-3.7,MyList
TRRUST,34,TRR00280,Regulated by: ETS1,,-5.4,5.1,6.4,30293,84,851,12,1.4,0.4,285|290|768|1026|1029|1277|1889|2297|4319|5196|7020|10397,ANGPT2|ANPEP|CA9|CDKN1A|CDKN2A|COL1A1|ECE1|FOXD1|MMP10|PF4|TFAP2A|NDRG1,-3.7,MyList
DisGeNET,35,C1519680,Tumor Immunity,,-5.4,2.7,5.5,30293,337,851,26,3.1,0.59,174|238|567|634|768|846|961|1029|1051|1087|1647|2034|2353|3383|3552|3725|3726|5196|5644|6352|7538|8744|8792|9021|27123|346389,AFP|ALK|B2M|CEACAM1|CA9|CASR|CD47|CDKN2A|CEBPB|CEACAM7|GADD45A|EPAS1|FOS|ICAM1|IL1A|JUN|JUNB|PF4|PRSS1|CCL5|ZFP36|TNFSF9|TNFRSF11A|SOCS3|DKK2|MACC1,-3.7,MyList
DisGeNET,35,C0020443,Hypercholesterolemia,,-5.4,2.4,5.3,30293,489,851,33,3.9,0.66,174|286|345|718|846|875|1136|1281|1356|1361|2169|2697|2852|3123|3383|3552|3576|3918|4023|4036|4973|6352|6493|9056|9518|10842|22915|27035|54210|54541|57007|338382|375704,AFP|ANK1|APOC3|C3|CASR|CBS|CHRNA3|COL3A1|CP|CPB2|FABP2|GJA1|GPER1|HLA-DRB1|ICAM1|IL1A|CXCL8|LAMC2|LPL|LRP2|OLR1|CCL5|SIM2|SLC7A7|GDF15|PPP1R17|MMRN1|NOX1|TREM1|DDIT4|ACKR3|RAB7B|ENHO,-3.7,MyList
Transcription Factor Targets,16,M9731,FXR Q3,,-5.4,4.4,6.1,30293,114,851,14,1.6,0.44,2259|2530|2899|3037|3561|4916|5099|7025|7101|7545|23440|55885|84107|84631,FGF14|FUT8|GRIK3|HAS2|IL2RG|NTRK3|PCDH7|NR2F1|NR2E1|ZIC1|OTP|LMO3|ZIC4|SLITRK2,-3.7,MyList
Transcription Factor Targets,16,M19734,HSF1 01,,-5.4,3,5.6,30293,276,851,23,2.7,0.56,114|1996|2273|2353|2934|3488|3725|4826|5063|5992|6096|7025|10150|11030|23440|27023|29942|50944|51477|54715|57575|57616|387597,ADCY8|ELAVL4|FHL1|FOS|GSN|IGFBP5|JUN|NNAT|PAK3|RFX4|RORB|NR2F1|MBNL2|RBPMS|OTP|FOXB1|PURG|SHANK1|ISYNA1|RBFOX1|PCDH10|TSHZ3|ILDR2,-3.7,MyList
DisGeNET,35,C0038586,Substance Use Disorders,,-5.4,3.3,5.7,30293,218,851,20,2.4,0.52,1012|1137|1143|1621|3855|6886|9465|9547|9892|9914|10163|10397|11343|57007|57451|64866|65217|79750|114786|401207,CDH13|CHRNA4|CHRNB4|DBH|KRT7|TAL1|AKAP7|CXCL14|SNAP91|ATP2C2|WASF2|NDRG1|MGLL|ACKR3|TENM2|CDCP1|PCDH15|ZNF385D|XKR4|C5orf63,-3.7,MyList
DisGeNET,35,C1332942,Childhood Anaplastic Large Cell Lymphoma,,-5.4,4.1,6,30293,130,851,15,1.8,0.45,238|290|602|1026|1029|1030|1051|2353|3725|3726|4684|4914|6281|6352|9021,ALK|ANPEP|BCL3|CDKN1A|CDKN2A|CDKN2B|CEBPB|FOS|JUN|JUNB|NCAM1|NTRK1|S100A10|CCL5|SOCS3,-3.7,MyList
DisGeNET,35,C0149931,Migraine Disorders,,-5.4,2.4,5.3,30293,512,851,34,4,0.67,26|117|633|718|744|846|1277|1281|1621|1910|2353|2556|2624|3119|3123|3383|3552|3576|3776|3785|5024|5155|6506|6513|7045|7291|11255|11343|51083|51477|55966|63976|196740|340024,AOC1|ADCYAP1R1|BGN|C3|MPPED2|CASR|COL1A1|COL3A1|DBH|EDNRB|FOS|GABRA3|GATA2|HLA-DQB1|HLA-DRB1|ICAM1|IL1A|CXCL8|KCNK2|KCNQ2|P2RX3|PDGFB|SLC1A2|SLC2A1|TGFBI|TWIST1|HRH3|MGLL|GAL|ISYNA1|AJAP1|PRDM16|VSTM4|SLC6A19,-3.7,MyList
DisGeNET,35,C0085580,Essential Hypertension,,-5.4,2.5,5.3,30293,445,851,31,3.6,0.64,119|133|285|633|1491|1621|1889|1910|2169|2697|2701|3119|3123|3283|3481|4023|4973|5045|5122|6277|6296|6546|7295|7424|9518|27035|50848|51477|54997|57007|653689,ADD2|ADM|ANGPT2|BGN|CTH|DBH|ECE1|EDNRB|FABP2|GJA1|GJA4|HLA-DQB1|HLA-DRB1|HSD3B1|IGF2|LPL|OLR1|FURIN|PCSK1|S100A6|ACSM3|SLC8A1|TXN|VEGFC|GDF15|NOX1|F11R|ISYNA1|TESC|ACKR3|GSTT2B,-3.7,MyList
DisGeNET,35,C1275122,Familial multiple trichoepitheliomata,,-5.4,2.8,5.5,30293,317,851,25,2.9,0.58,301|768|861|1012|1029|1030|1045|1277|1510|1822|2018|2168|2877|2934|3481|3552|3576|3624|3725|6662|7031|9314|9590|22943|56033,ANXA1|CA9|RUNX1|CDH13|CDKN2A|CDKN2B|CDX2|COL1A1|CTSE|ATN1|EMX2|FABP1|GPX2|GSN|IGF2|IL1A|CXCL8|INHBA|JUN|SOX9|TFF1|KLF4|AKAP12|DKK1|BARX1,-3.7,MyList
DisGeNET,35,C0748355,Acute respiratory distress,,-5.4,3.9,5.9,30293,147,851,16,1.9,0.47,285|1421|1634|2034|2114|3383|3552|3576|5266|5334|6374|7056|7295|10397|27035|56300,ANGPT2|CRYGD|DCN|EPAS1|ETS2|ICAM1|IL1A|CXCL8|PI3|PLCL1|CXCL5|THBD|TXN|NDRG1|NOX1|IL36G,-3.7,MyList
DisGeNET,35,C0206695,"Carcinoma, Neuroendocrine",,-5.4,3.5,5.8,30293,182,851,18,2.1,0.49,133|238|429|650|1026|1029|2335|3642|4684|4760|4916|5080|5122|5126|6513|23440|56896|79152,ADM|ALK|ASCL1|BMP2|CDKN1A|CDKN2A|FN1|INSM1|NCAM1|NEUROD1|NTRK3|PAX6|PCSK1|PCSK2|SLC2A1|OTP|DPYSL5|FA2H,-3.7,MyList
DisGeNET,35,C0279628,Adenocarcinoma Of Esophagus,,-5.4,2.4,5.3,30293,468,851,32,3.8,0.65,301|602|718|1012|1015|1026|1029|1045|1087|1510|1822|2018|2258|2335|3383|3576|3855|5021|5111|6348|6352|6513|6662|6736|7031|7045|9123|9518|9590|22943|50848|56033,ANXA1|BCL3|C3|CDH13|CDH17|CDKN1A|CDKN2A|CDX2|CEACAM7|CTSE|ATN1|EMX2|FGF13|FN1|ICAM1|CXCL8|KRT7|OXTR|PCNA|CCL3|CCL5|SLC2A1|SOX9|SRY|TFF1|TGFBI|SLC16A3|GDF15|AKAP12|DKK1|F11R|BARX1,-3.7,MyList
DisGeNET,35,C3714514,Infection,,-5.4,2.4,5.3,30293,491,851,33,3.9,0.66,133|290|634|1029|1051|1440|2353|2512|2524|3119|3123|3383|3481|3576|4023|4914|5111|5155|5266|5322|5327|5339|6288|6348|6352|6364|6374|6513|6850|9021|9641|11186|56287,ADM|ANPEP|CEACAM1|CDKN2A|CEBPB|CSF3|FOS|FTL|FUT2|HLA-DQB1|HLA-DRB1|ICAM1|IGF2|CXCL8|LPL|NTRK1|PCNA|PDGFB|PI3|PLA2G5|PLAT|PLEC|SAA1|CCL3|CCL5|CCL20|CXCL5|SLC2A1|SYK|SOCS3|IKBKE|RASSF1|GKN1,-3.7,MyList
Cell Type Signatures,7,M41662,TRAVAGLINI LUNG ARTERY CELL,,-5.4,4.1,6,30293,131,851,15,1.8,0.45,862|1152|2335|2920|3691|5125|5322|10964|11170|23213|27123|64321|80150|84969|116159,RUNX1T1|CKB|FN1|CXCL2|ITGB4|PCSK5|PLA2G5|IFI44L|FAM107A|SULF1|DKK2|SOX17|ASRGL1|TOX2|CYYR1,-3.7,MyList
Transcription Factor Targets,16,M12258,IRF7 01,,-5.4,3,5.6,30293,258,851,22,2.6,0.54,862|1993|2045|2353|2913|3213|3226|5992|6303|6348|6660|6892|23768|25975|26499|27164|51129|54715|57561|63976|84631|167410,RUNX1T1|ELAVL2|EPHA7|FOS|GRM3|HOXB3|HOXC10|RFX4|SAT1|CCL3|SOX5|TAPBP|FLRT2|EGFL6|PLEK2|SALL3|ANGPTL4|RBFOX1|ARRDC3|PRDM16|SLITRK2|LIX1,-3.7,MyList
DisGeNET,35,C0018133,Graft-vs-Host Disease,,-5.3,2.5,5.3,30293,447,851,31,3.6,0.64,285|718|846|961|1440|1510|1512|1822|2335|2355|2524|3119|3123|3383|3552|3561|3576|3918|4684|5080|5266|6352|6374|6736|6850|7056|7291|7295|8673|9181|53827,ANGPT2|C3|CASR|CD47|CSF3|CTSE|CTSH|ATN1|FN1|FOSL2|FUT2|HLA-DQB1|HLA-DRB1|ICAM1|IL1A|IL2RG|CXCL8|LAMC2|NCAM1|PAX6|PI3|CCL5|CXCL5|SRY|SYK|THBD|TWIST1|TXN|VAMP8|ARHGEF2|FXYD5,-3.7,MyList
DisGeNET,35,C0238281,Middle Cerebral Artery Syndrome,,-5.3,8.1,7.2,30293,35,851,8,0.94,0.33,718|2353|2920|3383|3589|3726|5327|54498,C3|FOS|CXCL2|ICAM1|IL11|JUNB|PLAT|SMOX,-3.7,MyList
DisGeNET,35,C0751845,Middle Cerebral Artery Embolus,,-5.3,8.1,7.2,30293,35,851,8,0.94,0.33,718|2353|2920|3383|3589|3726|5327|54498,C3|FOS|CXCL2|ICAM1|IL11|JUNB|PLAT|SMOX,-3.7,MyList
DisGeNET,35,C0751849,Right Middle Cerebral Artery Infarction,,-5.3,8.1,7.2,30293,35,851,8,0.94,0.33,718|2353|2920|3383|3589|3726|5327|54498,C3|FOS|CXCL2|ICAM1|IL11|JUNB|PLAT|SMOX,-3.7,MyList
DisGeNET,35,C0751847,"Embolic Infarction, Middle Cerebral Artery",,-5.3,8.1,7.2,30293,35,851,8,0.94,0.33,718|2353|2920|3383|3589|3726|5327|54498,C3|FOS|CXCL2|ICAM1|IL11|JUNB|PLAT|SMOX,-3.7,MyList
DisGeNET,35,C0751848,"Thrombotic Infarction, Middle Cerebral Artery",,-5.3,8.1,7.2,30293,35,851,8,0.94,0.33,718|2353|2920|3383|3589|3726|5327|54498,C3|FOS|CXCL2|ICAM1|IL11|JUNB|PLAT|SMOX,-3.7,MyList
DisGeNET,35,C0740376,Middle Cerebral Artery Thrombosis,,-5.3,8.1,7.2,30293,35,851,8,0.94,0.33,718|2353|2920|3383|3589|3726|5327|54498,C3|FOS|CXCL2|ICAM1|IL11|JUNB|PLAT|SMOX,-3.7,MyList
DisGeNET,35,C0751846,Left Middle Cerebral Artery Infarction,,-5.3,8.1,7.2,30293,35,851,8,0.94,0.33,718|2353|2920|3383|3589|3726|5327|54498,C3|FOS|CXCL2|ICAM1|IL11|JUNB|PLAT|SMOX,-3.7,MyList
DisGeNET,35,C1834060,Short middle phalanx of the 5th finger,,-5.3,13,8.1,30293,17,851,6,0.71,0.29,650|1855|2697|3481|7021|51199,BMP2|DVL1|GJA1|IGF2|TFAP2B|NIN,-3.7,MyList
DisGeNET,35,C1332884,Central nervous system leukaemia,,-5.3,13,8.1,30293,17,851,6,0.71,0.29,1029|1822|3383|3918|4684|5880,CDKN2A|ATN1|ICAM1|LAMC2|NCAM1|RAC2,-3.7,MyList
DisGeNET,35,C0020557,Hypertriglyceridemia,,-5.3,2.7,5.4,30293,340,851,26,3.1,0.59,345|718|846|1179|1952|2169|2273|2353|3383|3918|4023|4155|5106|5122|5644|6690|8788|9021|9056|51083|51129|54541|57761|80150|90665|284119,APOC3|C3|CASR|CLCA1|CELSR2|FABP2|FHL1|FOS|ICAM1|LAMC2|LPL|MBP|PCK2|PCSK1|PRSS1|SPINK1|DLK1|SOCS3|SLC7A7|GAL|ANGPTL4|DDIT4|TRIB3|ASRGL1|TBL1Y|CAVIN1,-3.7,MyList
DisGeNET,35,C0019158,Hepatitis,,-5.3,2.2,5.2,30293,656,851,40,4.7,0.73,174|345|567|634|1026|1029|1030|1311|1440|1463|1822|2041|2530|2697|2920|3123|3383|3552|3576|3725|3726|3855|4055|4684|5024|5122|5284|5800|6364|7295|7448|9021|9235|9518|9547|11082|11343|23135|54210|80201,AFP|APOC3|B2M|CEACAM1|CDKN1A|CDKN2A|CDKN2B|COMP|CSF3|NCAN|ATN1|EPHA1|FUT8|GJA1|CXCL2|HLA-DRB1|ICAM1|IL1A|CXCL8|JUN|JUNB|KRT7|LTBR|NCAM1|P2RX3|PCSK1|PIGR|PTPRO|CCL20|TXN|VTN|SOCS3|IL32|GDF15|CXCL14|ESM1|MGLL|KDM6B|TREM1|HKDC1,-3.7,MyList
DisGeNET,35,C0023465,Acute monocytic leukemia,,-5.3,2.2,5.2,30293,633,851,39,4.6,0.72,133|290|846|861|862|961|972|1026|1029|1030|1050|1051|1440|1621|1822|2034|2041|2114|2624|3222|3561|3576|4194|4684|6376|6850|7295|7424|8788|9021|9314|9641|9961|22943|23135|54997|63976|80150|253738,ADM|ANPEP|CASR|RUNX1|RUNX1T1|CD47|CD74|CDKN1A|CDKN2A|CDKN2B|CEBPA|CEBPB|CSF3|DBH|ATN1|EPAS1|EPHA1|ETS2|GATA2|HOXC5|IL2RG|CXCL8|MDM4|NCAM1|CX3CL1|SYK|TXN|VEGFC|DLK1|SOCS3|KLF4|IKBKE|MVP|DKK1|KDM6B|TESC|PRDM16|ASRGL1|EBF3,-3.6,MyList
DisGeNET,35,C0026650,Movement Disorders,,-5.3,2.7,5.4,30293,362,851,27,3.2,0.6,111|174|1029|1137|1293|1356|2259|2290|2512|2521|2555|2596|2697|3785|3918|4036|5080|6513|6515|7295|8831|9211|79152|84867|84894|170302|253738,ADCY5|AFP|CDKN2A|CHRNA4|COL6A3|CP|FGF14|FOXG1|FTL|FUS|GABRA2|GAP43|GJA1|KCNQ2|LAMC2|LRP2|PAX6|SLC2A1|SLC2A3|TXN|SYNGAP1|LGI1|FA2H|PTPN5|LINGO1|ARX|EBF3,-3.6,MyList
DisGeNET,35,C0742343,Acute Chest Syndrome,,-5.3,2.5,5.3,30293,405,851,29,3.4,0.62,285|301|1281|1361|1440|1749|1750|2701|3123|3383|3487|3552|3576|4023|4036|4681|4973|5196|5327|6352|6376|7056|9518|22915|23452|54898|80352|81794|375704,ANGPT2|ANXA1|COL3A1|CPB2|CSF3|DLX5|DLX6|GJA4|HLA-DRB1|ICAM1|IGFBP4|IL1A|CXCL8|LPL|LRP2|NBL1|OLR1|PF4|PLAT|CCL5|CX3CL1|THBD|GDF15|MMRN1|ANGPTL2|ELOVL2|RNF39|ADAMTS10|ENHO,-3.6,MyList
DisGeNET,35,C0271183,Severe myopia,,-5.3,3.5,5.7,30293,184,851,18,2.1,0.49,650|1277|1295|1301|1410|1634|2255|2353|3283|3481|3487|3725|4036|5080|8831|8974|54715|81794,BMP2|COL1A1|COL8A1|COL11A1|CRYAB|DCN|FGF10|FOS|HSD3B1|IGF2|IGFBP4|JUN|LRP2|PAX6|SYNGAP1|P4HA2|RBFOX1|ADAMTS10,-3.6,MyList
DisGeNET,35,C0036095,Salivary Gland Neoplasms,,-5.3,4.3,6,30293,116,851,14,1.6,0.44,1029|1462|2346|3691|3852|3855|4914|4916|5111|11186|27344|51477|57007|140453,CDKN2A|VCAN|FOLH1|ITGB4|KRT5|KRT7|NTRK1|NTRK3|PCNA|RASSF1|PCSK1N|ISYNA1|ACKR3|MUC17,-3.6,MyList
Cell Type Signatures,7,M39037,FAN EMBRYONIC CTX OLIG,,-5.3,2.1,5.1,30293,754,851,44,5.2,0.76,111|928|961|1410|1995|2180|2346|2530|2934|3300|4118|4155|4642|4804|5121|5327|5354|6238|6900|8612|9181|9705|9745|10150|10215|10397|10826|11145|11226|11322|23612|55117|55323|55466|57580|64399|64856|79152|94015|112399|147906|219287|220108|283987,ADCY5|CD9|CD47|CRYAB|ELAVL3|ACSL1|FOLH1|FUT8|GSN|DNAJB2|MAL|MBP|MYO1D|NGFR|PCP4|PLAT|PLP1|RRBP1|CNTN2|PLPP2|ARHGEF2|ST18|ZNF536|MBNL2|OLIG2|NDRG1|FAXDC2|PLAAT3|GALNT6|TMC6|PHLDA3|SLC6A15|LARP6|DNAJA4|PREX1|HHIP|VWA1|FA2H|TTYH2|EGLN3|DACT3|AMER2|FAM124A|HID1,-3.6,MyList
DisGeNET,35,C2931852,Clear-cell metastatic renal cell carcinoma,,-5.3,3,5.5,30293,260,851,22,2.6,0.54,238|285|290|634|768|1029|1804|1993|2034|2335|2346|3598|3855|6928|7020|7045|7291|11186|22915|29923|55715|57007,ALK|ANGPT2|ANPEP|CEACAM1|CA9|CDKN2A|DPP6|ELAVL2|EPAS1|FN1|FOLH1|IL13RA2|KRT7|HNF1B|TFAP2A|TGFBI|TWIST1|RASSF1|MMRN1|HILPDA|DOK4|ACKR3,-3.6,MyList
DisGeNET,35,C0004135,Ataxia Telangiectasia,,-5.3,2.6,5.3,30293,384,851,28,3.3,0.61,174|285|345|1026|1029|1410|1421|1647|2168|2335|2353|3119|3123|3552|3561|3576|4684|5327|5644|6513|6616|7070|8660|11075|55655|63967|169026|387882,AFP|ANGPT2|APOC3|CDKN1A|CDKN2A|CRYAB|CRYGD|GADD45A|FABP1|FN1|FOS|HLA-DQB1|HLA-DRB1|IL1A|IL2RG|CXCL8|NCAM1|PLAT|PRSS1|SLC2A1|SNAP25|THY1|IRS2|STMN2|NLRP2|CLSPN|SLC30A8|C12orf75,-3.6,MyList
DisGeNET,35,C0879615,Stromal Neoplasm,,-5.3,5,6.3,30293,86,851,12,1.4,0.4,961|1301|1462|2335|3219|4916|6662|7291|8744|9518|10397|57124,CD47|COL11A1|VCAN|FN1|HOXB9|NTRK3|SOX9|TWIST1|TNFSF9|GDF15|NDRG1|CD248,-3.6,MyList
Transcription Factor Targets,16,M18600,YNTTTNNNANGCARM UNKNOWN,,-5.3,5.4,6.4,30293,72,851,11,1.3,0.39,1045|1641|1993|2128|2259|2290|2823|3222|11096|64856|203447,CDX2|DCX|ELAVL2|EVX1|FGF14|FOXG1|GPM6A|HOXC5|ADAMTS5|VWA1|NRK,-3.6,MyList
DisGeNET,35,C0011351,Dental Enamel Hypoplasia,,-5.3,5.4,6.4,30293,72,851,11,1.3,0.39,650|1294|2255|2697|3119|3691|3694|3914|3918|5339|79977,BMP2|COL7A1|FGF10|GJA1|HLA-DQB1|ITGB4|ITGB6|LAMB3|LAMC2|PLEC|GRHL2,-3.6,MyList
DisGeNET,35,C0746102,Chronic lung disease,,-5.3,4,5.9,30293,133,851,15,1.8,0.45,2|174|285|1087|1179|1361|2255|2259|3123|3481|3576|4914|5396|6352|6513,A2M|AFP|ANGPT2|CEACAM7|CLCA1|CPB2|FGF10|FGF14|HLA-DRB1|IGF2|CXCL8|NTRK1|PRRX1|CCL5|SLC2A1,-3.6,MyList
DisGeNET,35,C0751690,Malignant Peripheral Nerve Sheath Tumor,,-5.3,3,5.5,30293,261,851,22,2.6,0.54,133|650|1029|1030|1634|1649|2173|2253|2335|3598|3691|3918|4684|4804|5111|5196|6662|7291|8434|10194|11186|51083,ADM|BMP2|CDKN2A|CDKN2B|DCN|DDIT3|FABP7|FGF8|FN1|IL13RA2|ITGB4|LAMC2|NCAM1|NGFR|PCNA|PF4|SOX9|TWIST1|RECK|TSHZ1|RASSF1|GAL,-3.6,MyList
Transcription Factor Targets,16,M3647,GR Q6 01,,-5.3,2.9,5.5,30293,281,851,23,2.7,0.56,862|1747|1942|1993|1996|2045|2823|3213|3222|4622|5076|5100|5155|6572|9211|9245|9465|10150|23657|27289|57211|84107|84894,RUNX1T1|DLX3|EFNA1|ELAVL2|ELAVL4|EPHA7|GPM6A|HOXB3|HOXC5|MYH4|PAX2|PCDH8|PDGFB|SLC18A3|LGI1|GCNT3|AKAP7|MBNL2|SLC7A11|RND1|ADGRG6|ZIC4|LINGO1,-3.6,MyList
DisGeNET,35,C0014527,Epidermolysis Bullosa,,-5.3,6.8,6.8,30293,47,851,9,1.1,0.35,1294|3339|3552|3691|3852|3914|3918|5339|55612,COL7A1|HSPG2|IL1A|ITGB4|KRT5|LAMB3|LAMC2|PLEC|FERMT1,-3.6,MyList
TRRUST,34,TRR01059,Regulated by: POU5F1,,-5.3,9.6,7.4,30293,26,851,7,0.82,0.31,1026|1045|1647|1749|7070|22943|132625,CDKN1A|CDX2|GADD45A|DLX5|THY1|DKK1|ZFP42,-3.6,MyList
DisGeNET,35,C0000737,Abdominal Pain,,-5.3,2.8,5.4,30293,302,851,24,2.8,0.57,286|650|846|1029|1440|1634|1649|1889|1910|2521|2675|3119|3123|4023|5327|5644|5645|6288|6690|10512|54210|80150|116844|150094,ANK1|BMP2|CASR|CDKN2A|CSF3|DCN|DDIT3|ECE1|EDNRB|FUS|GFRA2|HLA-DQB1|HLA-DRB1|LPL|PLAT|PRSS1|PRSS2|SAA1|SPINK1|SEMA3C|TREM1|ASRGL1|LRG1|SIK1,-3.6,MyList
DisGeNET,35,C0206687,"Carcinoma, Endometrioid",,-5.3,3.2,5.6,30293,223,851,20,2.4,0.52,238|861|890|1029|3726|4194|5076|5111|6277|6513|6928|7291|9547|10397|11186|11226|26509|57575|64321|64866,ALK|RUNX1|CCNA2|CDKN2A|JUNB|MDM4|PAX2|PCNA|S100A6|SLC2A1|HNF1B|TWIST1|CXCL14|NDRG1|RASSF1|GALNT6|MYOF|PCDH10|SOX17|CDCP1,-3.6,MyList
DisGeNET,35,C0206658,Smooth Muscle Tumor,,-5.2,7.9,7.1,30293,36,851,8,0.94,0.33,238|1029|2624|3481|4288|5111|6513|10397,ALK|CDKN2A|GATA2|IGF2|MKI67|PCNA|SLC2A1|NDRG1,-3.6,MyList
DisGeNET,35,C0027019,Myelomonocytic leukemia,,-5.2,7.9,7.1,30293,36,851,8,0.94,0.33,2|238|861|862|1026|1440|4804|5155,A2M|ALK|RUNX1|RUNX1T1|CDKN1A|CSF3|NGFR|PDGFB,-3.6,MyList
Transcription Factor Targets,16,M13600,OCT1 07,,-5.2,3.6,5.7,30293,168,851,17,2,0.48,861|862|1440|1996|4155|4661|5456|6658|7025|7545|8929|24141|27023|27164|79977|84107|130132,RUNX1|RUNX1T1|CSF3|ELAVL4|MBP|MYT1|POU3F4|SOX3|NR2F1|ZIC1|PHOX2B|LAMP5|FOXB1|SALL3|GRHL2|ZIC4|RFTN2,-3.6,MyList
Transcription Factor Targets,16,M9645,GGGYGTGNY UNKNOWN,,-5.2,2.1,5.1,30293,686,851,41,4.8,0.73,114|1012|1030|1293|1641|1822|1995|2273|2556|2596|2791|2846|2913|3691|3746|3914|3918|4684|4753|5063|5339|6320|7448|7869|8553|8929|9244|9615|10163|10397|10752|11189|54541|55018|56896|64065|79026|79983|85397|114798|167410,ADCY8|CDH13|CDKN2B|COL6A3|DCX|ATN1|ELAVL3|FHL1|GABRA3|GAP43|GNG11|LPAR4|GRM3|ITGB4|KCNC1|LAMB3|LAMC2|NCAM1|NELL2|PAK3|PLEC|CLEC11A|VTN|SEMA3B|BHLHE40|PHOX2B|CRLF1|GDA|WASF2|NDRG1|CHL1|CELF3|DDIT4|ANKRD40CL|DPYSL5|PERP|AHNAK|POF1B|RGS8|SLITRK1|LIX1,-3.6,MyList
DisGeNET,35,C0278701,Gastric Adenocarcinoma,,-5.2,2.4,5.2,30293,453,851,31,3.6,0.64,174|301|567|768|1015|1026|1029|1045|1993|1999|2034|3119|3123|3481|3576|4194|4916|5111|6578|7291|8549|8788|9314|10103|10761|22943|26579|51083|51129|79633|168002,AFP|ANXA1|B2M|CA9|CDH17|CDKN1A|CDKN2A|CDX2|ELAVL2|ELF3|EPAS1|HLA-DQB1|HLA-DRB1|IGF2|CXCL8|MDM4|NTRK3|PCNA|SLCO2A1|TWIST1|LGR5|DLK1|KLF4|TSPAN1|PLAC1|DKK1|MYEOV|GAL|ANGPTL4|FAT4|DACT2,-3.6,MyList
DisGeNET,35,C0014038,Encephalitis,,-5.2,2.7,5.4,30293,324,851,25,2.9,0.58,2|133|273|301|567|961|1822|2934|3123|3383|3552|3576|3918|4155|5155|5327|6348|6376|7448|9211|9423|51477|54498|56896|340024,A2M|ADM|AMPH|ANXA1|B2M|CD47|ATN1|GSN|HLA-DRB1|ICAM1|IL1A|CXCL8|LAMC2|MBP|PDGFB|PLAT|CCL3|CX3CL1|VTN|LGI1|NTN1|ISYNA1|SMOX|DPYSL5|SLC6A19,-3.6,MyList
Transcription Factor Targets,16,M13325,FOXJ2 01,,-5.2,3.4,5.7,30293,187,851,18,2.1,0.49,577|2596|2913|2920|3397|4684|5339|7291|9068|9211|9423|11343|27023|29106|51286|51617|54715|84631,ADGRB3|GAP43|GRM3|CXCL2|ID1|NCAM1|PLEC|TWIST1|ANGPTL1|LGI1|NTN1|MGLL|FOXB1|SCG3|CEND1|NSG2|RBFOX1|SLITRK2,-3.6,MyList
DisGeNET,35,C0022408,Arthropathy,,-5.2,3.4,5.7,30293,187,851,18,2.1,0.49,286|567|650|655|1277|1301|1311|1421|1634|3123|3552|3576|3852|4155|4319|6900|11096|22943,ANK1|B2M|BMP2|BMP7|COL1A1|COL11A1|COMP|CRYGD|DCN|HLA-DRB1|IL1A|CXCL8|KRT5|MBP|MMP10|CNTN2|ADAMTS5|DKK1,-3.6,MyList
Cell Type Signatures,7,M39291,DURANTE ADULT OLFACTORY NEUROEPITHELIUM MATURE NEURONS,,-5.2,3.4,5.7,30293,187,851,18,2.1,0.49,1152|1995|2018|2596|2877|4684|6616|9378|10439|10653|11075|27344|29106|56884|57761|64641|253738|387856,CKB|ELAVL3|EMX2|GAP43|GPX2|NCAM1|SNAP25|NRXN1|OLFM1|SPINT2|STMN2|PCSK1N|SCG3|FSTL5|TRIB3|EBF2|EBF3|CCDC184,-3.6,MyList
DisGeNET,35,C0024301,"Lymphoma, Follicular",,-5.2,2.4,5.2,30293,477,851,32,3.8,0.65,238|273|290|567|602|846|862|1026|1029|1030|1649|1879|2045|3119|3123|3576|4023|4155|4288|4684|5111|5644|6352|6513|6660|6886|7128|9021|9056|9314|64065|84433,ALK|AMPH|ANPEP|B2M|BCL3|CASR|RUNX1T1|CDKN1A|CDKN2A|CDKN2B|DDIT3|EBF1|EPHA7|HLA-DQB1|HLA-DRB1|CXCL8|LPL|MBP|MKI67|NCAM1|PCNA|PRSS1|CCL5|SLC2A1|SOX5|TAL1|TNFAIP3|SOCS3|SLC7A7|KLF4|PERP|CARD11,-3.6,MyList
DisGeNET,35,C0079773,"Lymphoma, T-Cell, Cutaneous",,-5.2,2.6,5.3,30293,367,851,27,3.2,0.6,345|961|1029|1030|1822|2353|2355|3119|3123|3552|3561|3576|3725|3726|4194|4684|6364|6385|6900|7128|7291|8744|9021|9235|9262|57580|84433,APOC3|CD47|CDKN2A|CDKN2B|ATN1|FOS|FOSL2|HLA-DQB1|HLA-DRB1|IL1A|IL2RG|CXCL8|JUN|JUNB|MDM4|NCAM1|CCL20|SDC4|CNTN2|TNFAIP3|TWIST1|TNFSF9|SOCS3|IL32|STK17B|PREX1|CARD11,-3.6,MyList
Transcription Factor Targets,16,M4580,TITF1 Q3,,-5.2,3.1,5.5,30293,244,851,21,2.5,0.53,2823|3213|4762|4821|5080|5521|5800|6660|7029|7291|8788|9573|10163|11096|11187|11254|11343|23440|50944|84107|170302,GPM6A|HOXB3|NEUROG1|NKX2-2|PAX6|PPP2R2B|PTPRO|SOX5|TFDP2|TWIST1|DLK1|GDF3|WASF2|ADAMTS5|PKP3|SLC6A14|MGLL|OTP|SHANK1|ZIC4|ARX,-3.6,MyList
DisGeNET,35,C0017574,Gingivitis,,-5.2,3.7,5.8,30293,152,851,16,1.9,0.47,301|875|1281|1889|3552|3589|3853|4689|5196|5266|6348|6513|8553|55612|55655|340024,ANXA1|CBS|COL3A1|ECE1|IL1A|IL11|KRT6A|NCF4|PF4|PI3|CCL3|SLC2A1|BHLHE40|FERMT1|NLRP2|SLC6A19,-3.5,MyList
Transcription Factor Targets,16,M4644,DR1 Q3,,-5.2,3,5.5,30293,264,851,22,2.6,0.54,1044|1822|3213|3397|5099|5339|6616|6660|6860|7025|9056|11075|11189|25999|55885|57348|63973|63976|64600|84107|89932|94015,CDX1|ATN1|HOXB3|ID1|PCDH7|PLEC|SNAP25|SOX5|SYT4|NR2F1|SLC7A7|STMN2|CELF3|CLIP3|LMO3|TTYH1|NEUROG2|PRDM16|PLA2G2F|ZIC4|PAPLN|TTYH2,-3.5,MyList
DisGeNET,35,C3887524,Skin Erosion,,-5.2,3.2,5.5,30293,225,851,20,2.4,0.52,414|1029|1294|1311|1421|3123|3552|3576|3691|3914|3918|5339|6348|6660|6850|7058|8792|9235|9518|27035,ARSD|CDKN2A|COL7A1|COMP|CRYGD|HLA-DRB1|IL1A|CXCL8|ITGB4|LAMB3|LAMC2|PLEC|CCL3|SOX5|SYK|THBS2|TNFRSF11A|IL32|GDF15|NOX1,-3.5,MyList
DisGeNET,35,C0751265,Learning Disabilities,,-5.2,4.5,6,30293,103,851,13,1.5,0.42,414|846|1277|1621|1804|1996|2823|5493|6513|7291|7545|9892|64067,ARSD|CASR|COL1A1|DBH|DPP6|ELAVL4|GPM6A|PPL|SLC2A1|TWIST1|ZIC1|SNAP91|NPAS3,-3.5,MyList
DisGeNET,35,C0002895,"Anemia, Sickle Cell",,-5.2,2.5,5.2,30293,433,851,30,3.5,0.63,285|301|823|846|875|961|1440|1822|1993|2034|2353|3119|3123|3383|3552|3576|3676|3725|3726|3918|3955|4973|5196|5446|6352|6376|7056|9518|10655|146227,ANGPT2|ANXA1|CAPN1|CASR|CBS|CD47|CSF3|ATN1|ELAVL2|EPAS1|FOS|HLA-DQB1|HLA-DRB1|ICAM1|IL1A|CXCL8|ITGA4|JUN|JUNB|LAMC2|LFNG|OLR1|PF4|PON3|CCL5|CX3CL1|THBD|GDF15|DMRT2|BEAN1,-3.5,MyList
DisGeNET,35,C1279945,Acute interstitial pneumonia,,-5.2,4.9,6.2,30293,88,851,12,1.4,0.4,567|3123|3576|4055|4914|5327|5644|6690|7070|10630|22915|23541,B2M|HLA-DRB1|CXCL8|LTBR|NTRK1|PLAT|PRSS1|SPINK1|THY1|PDPN|MMRN1|SEC14L2,-3.5,MyList
DisGeNET,35,C0243038,"Carcinoma, Lewis Lung",,-5.2,3.4,5.6,30293,188,851,18,2.1,0.49,133|928|1051|1462|1822|2034|2335|2697|3576|4194|5111|5196|6364|9068|9961|10725|57101|116844,ADM|CD9|CEBPB|VCAN|ATN1|EPAS1|FN1|GJA1|CXCL8|MDM4|PCNA|PF4|CCL20|ANGPTL1|MVP|NFAT5|ANO2|LRG1,-3.5,MyList
Cell Type Signatures,7,M40153,DESCARTES FETAL ADRENAL CHROMAFFIN CELLS,,-5.2,4.2,5.9,30293,119,851,14,1.6,0.44,114|238|1993|2596|4914|22895|51083|54715|91584|92293|120114|121643|170685|219287,ADCY8|ALK|ELAVL2|GAP43|NTRK1|RPH3A|GAL|RBFOX1|PLXNA4|TMEM132C|FAT3|FOXN4|NUDT10|AMER2,-3.5,MyList
DisGeNET,35,C0947751,Vascular inflammations,,-5.2,2.8,5.4,30293,305,851,24,2.8,0.57,285|633|1361|1999|2353|3383|3552|3576|3725|3726|5196|6376|6513|7056|7295|7538|8744|9314|10630|23452|50848|54210|54541|252995,ANGPT2|BGN|CPB2|ELF3|FOS|ICAM1|IL1A|CXCL8|JUN|JUNB|PF4|CX3CL1|SLC2A1|THBD|TXN|ZFP36|TNFSF9|KLF4|PDPN|ANGPTL2|F11R|TREM1|DDIT4|FNDC5,-3.5,MyList
Cell Type Signatures,7,M40312,DESCARTES FETAL THYMUS THYMIC EPITHELIAL CELLS,,-5.2,3.1,5.5,30293,245,851,21,2.5,0.53,655|1288|1804|3852|6578|9540|9543|10886|11122|23255|26499|51267|54102|55885|79953|84952|89932|114786|128414|222584|283358,BMP7|COL4A6|DPP6|KRT5|SLCO2A1|TP53I3|IGDCC3|NPFFR2|PTPRT|MTCL1|PLEK2|CLEC1A|CLIC6|LMO3|SYNDIG1|CGNL1|PAPLN|XKR4|NKAIN4|FAM83B|B4GALNT3,-3.5,MyList
DisGeNET,35,C1368683,Epithelioma,,-5.2,2.7,5.3,30293,326,851,25,2.9,0.58,174|634|768|846|861|972|1026|1029|1030|1999|2335|2346|3576|4914|5111|7113|7448|9314|9547|10512|10630|11186|27035|80736|170302,AFP|CEACAM1|CA9|CASR|RUNX1|CD74|CDKN1A|CDKN2A|CDKN2B|ELF3|FN1|FOLH1|CXCL8|NTRK1|PCNA|TMPRSS2|VTN|KLF4|CXCL14|SEMA3C|PDPN|RASSF1|NOX1|SLC44A4|ARX,-3.5,MyList
DisGeNET,35,C0032584,polyps,,-5.2,2.6,5.3,30293,390,851,28,3.3,0.61,634|718|1026|1029|1030|1044|1050|1087|1152|1301|2852|3576|3725|4288|5111|6288|6662|7031|7291|7424|8190|8549|10630|50848|57007|116844|140453|148022,CEACAM1|C3|CDKN1A|CDKN2A|CDKN2B|CDX1|CEBPA|CEACAM7|CKB|COL11A1|GPER1|CXCL8|JUN|MKI67|PCNA|SAA1|SOX9|TFF1|TWIST1|VEGFC|MIA|LGR5|PDPN|F11R|ACKR3|LRG1|MUC17|TICAM1,-3.5,MyList
DisGeNET,35,C0027059,Myocarditis,,-5.2,2.9,5.4,30293,285,851,23,2.7,0.56,846|1137|1440|1491|1822|2697|3119|3552|3576|4155|4684|5266|6376|6513|7058|7070|7128|7295|8792|11186|51477|54210|148022,CASR|CHRNA4|CSF3|CTH|ATN1|GJA1|HLA-DQB1|IL1A|CXCL8|MBP|NCAM1|PI3|CX3CL1|SLC2A1|THBS2|THY1|TNFAIP3|TXN|TNFRSF11A|RASSF1|ISYNA1|TREM1|TICAM1,-3.5,MyList
Cell Type Signatures,7,M41690,TRAVAGLINI LUNG BASOPHIL MAST 2 CELL,,-5.2,2.3,5.1,30293,502,851,33,3.9,0.66,301|307|311|602|928|1026|2034|2355|2624|3383|3726|4914|5327|6515|6809|7128|7538|8553|9021|9262|10653|11226|23043|23135|23645|25927|29923|53827|54541|80150|150094|284119|440712,ANXA1|ANXA4|ANXA11|BCL3|CD9|CDKN1A|EPAS1|FOSL2|GATA2|ICAM1|JUNB|NTRK1|PLAT|SLC2A3|STX3|TNFAIP3|ZFP36|BHLHE40|SOCS3|STK17B|SPINT2|GALNT6|TNIK|KDM6B|PPP1R15A|CNRIP1|HILPDA|FXYD5|DDIT4|ASRGL1|SIK1|CAVIN1|RHEX,-3.5,MyList
DisGeNET,35,C1856954,Plantar hyperkeratosis,,-5.2,16,8.6,30293,11,851,5,0.59,0.26,3691|3853|3914|3918|5339,ITGB4|KRT6A|LAMB3|LAMC2|PLEC,-3.5,MyList
Cell Type Signatures,7,M39034,FAN EMBRYONIC CTX ASTROCYTE 2,,-5.2,3.7,5.7,30293,153,851,16,1.9,0.47,1496|1910|2697|6456|6506|7025|10418|23657|54541|55790|57007|57348|57575|84631|120114|167410,CTNNA2|EDNRB|GJA1|SH3GL2|SLC1A2|NR2F1|SPON1|SLC7A11|DDIT4|CSGALNACT1|ACKR3|TTYH1|PCDH10|SLITRK2|FAT3|LIX1,-3.5,MyList
DisGeNET,35,C0432211,Spondyloepimetaphyseal disorder,,-5.2,7.7,6.9,30293,37,851,8,0.94,0.33,633|1299|1301|1311|1634|1649|6662|9060,BGN|COL9A3|COL11A1|COMP|DCN|DDIT3|SOX9|PAPSS2,-3.5,MyList
DisGeNET,35,C0036202,Sarcoidosis,,-5.1,2.5,5.2,30293,413,851,29,3.4,0.62,238|301|311|567|1026|1277|1281|2258|2346|2353|3119|3123|3552|3576|3589|4684|6288|6303|6348|6352|6364|6374|6376|7291|8434|23541|25802|80736|84033,ALK|ANXA1|ANXA11|B2M|CDKN1A|COL1A1|COL3A1|FGF13|FOLH1|FOS|HLA-DQB1|HLA-DRB1|IL1A|CXCL8|IL11|NCAM1|SAA1|SAT1|CCL3|CCL5|CCL20|CXCL5|CX3CL1|TWIST1|RECK|SEC14L2|LMOD1|SLC44A4|OBSCN,-3.5,MyList
Transcription Factor Targets,16,M15429,HNF1 01,,-5.1,3,5.5,30293,246,851,21,2.5,0.53,174|290|1015|1288|2042|2243|3219|5521|6096|6658|6928|7025|7546|10150|10586|11187|54715|60482|79853|92359|203447,AFP|ANPEP|CDH17|COL4A6|EPHA3|FGA|HOXB9|PPP2R2B|RORB|SOX3|HNF1B|NR2F1|ZIC2|MBNL2|MAB21L2|PKP3|RBFOX1|SLC5A7|TM4SF20|CRB3|NRK,-3.5,MyList
Transcription Factor Targets,16,M12379,NKX62 Q2,,-5.1,3,5.5,30293,246,851,21,2.5,0.53,1996|2258|3227|4661|4821|6496|7291|7545|8403|11075|27023|51286|54101|54715|55057|55885|57530|84107|85508|114798|389206,ELAVL4|FGF13|HOXC11|MYT1|NKX2-2|SIX3|TWIST1|ZIC1|SOX14|STMN2|FOXB1|CEND1|RIPK4|RBFOX1|CRYBG2|LMO3|CGN|ZIC4|SCRT2|SLITRK1|BEND4,-3.5,MyList
Transcription Factor Targets,16,M11461,FOXO4 01,,-5.1,3,5.5,30293,246,851,21,2.5,0.53,861|1295|2259|2290|3226|3624|3772|4916|5209|5629|8906|8929|10397|26050|27164|54541|57561|64399|84913|166824|167826,RUNX1|COL8A1|FGF14|FOXG1|HOXC10|INHBA|KCNJ15|NTRK3|PFKFB3|PROX1|AP1G2|PHOX2B|NDRG1|SLITRK5|SALL3|DDIT4|ARRDC3|HHIP|ATOH8|RASSF6|OLIG3,-3.5,MyList
Transcription Factor Targets,16,M19327,CDC5 01,,-5.1,2.9,5.4,30293,266,851,22,2.6,0.54,577|1607|2255|3222|3236|5076|5100|5396|5521|6096|6303|6364|6578|6860|8929|9314|11343|23440|27164|55885|57561|84631,ADGRB3|DGKB|FGF10|HOXC5|HOXD10|PAX2|PCDH8|PRRX1|PPP2R2B|RORB|SAT1|CCL20|SLCO2A1|SYT4|PHOX2B|KLF4|MGLL|OTP|SALL3|LMO3|ARRDC3|SLITRK2,-3.5,MyList
DisGeNET,35,C0178879,Urinary tract obstruction,,-5.1,9.2,7.3,30293,27,851,7,0.82,0.31,567|2018|3383|5076|5339|6928|57616,B2M|EMX2|ICAM1|PAX2|PLEC|HNF1B|TSHZ3,-3.5,MyList
DisGeNET,35,C1845050,"PIGMENTARY DISORDER, RETICULATE, WITH SYSTEMIC MANIFESTATIONS",,-5.1,3.3,5.5,30293,208,851,19,2.2,0.51,133|285|290|861|1356|1512|2335|2675|3339|3383|3576|3589|5126|5327|6348|8792|22915|51129|116844,ADM|ANGPT2|ANPEP|RUNX1|CP|CTSH|FN1|GFRA2|HSPG2|ICAM1|CXCL8|IL11|PCSK2|PLAT|CCL3|TNFRSF11A|MMRN1|ANGPTL4|LRG1,-3.5,MyList
DisGeNET,35,C0271561,Somatotropin deficiency,,-5.1,3.7,5.7,30293,154,851,16,1.9,0.47,650|1952|2353|3481|3552|4023|4155|5122|5456|6658|6926|7681|8022|9056|51083|284119,BMP2|CELSR2|FOS|IGF2|IL1A|LPL|MBP|PCSK1|POU3F4|SOX3|TBX3|MKRN3|LHX3|SLC7A7|GAL|CAVIN1,-3.5,MyList
Transcription Factor Targets,16,M19265,SREBP1 Q6,,-5.1,3,5.4,30293,247,851,21,2.5,0.53,1051|2018|2128|2596|3227|3236|3339|4916|5155|6928|7021|7122|8788|8906|9244|10725|11187|51043|54715|84107|284119,CEBPB|EMX2|EVX1|GAP43|HOXC11|HOXD10|HSPG2|NTRK3|PDGFB|HNF1B|TFAP2B|CLDN5|DLK1|AP1G2|CRLF1|NFAT5|PKP3|ZBTB7B|RBFOX1|ZIC4|CAVIN1,-3.5,MyList
DisGeNET,35,C4722099,High grade glioma,,-5.1,3.4,5.6,30293,190,851,18,2.1,0.49,1029|1462|1647|2034|2346|3209|3383|3576|4804|4914|4916|6352|7045|7070|9547|11148|23135|64321,CDKN2A|VCAN|GADD45A|EPAS1|FOLH1|HOXA13|ICAM1|CXCL8|NGFR|NTRK1|NTRK3|CCL5|TGFBI|THY1|CXCL14|HHLA2|KDM6B|SOX17,-3.5,MyList
DisGeNET,35,C2981150,Uranostaphyloschisis,,-5.1,3.4,5.6,30293,190,851,18,2.1,0.49,650|861|875|1301|1749|1750|2255|2259|2619|3481|5080|5456|6513|6662|6926|7291|22915|140679,BMP2|RUNX1|CBS|COL11A1|DLX5|DLX6|FGF10|FGF14|GAS1|IGF2|PAX6|POU3F4|SLC2A1|SOX9|TBX3|TWIST1|MMRN1|SLC32A1,-3.5,MyList
DisGeNET,35,C0333516,Tumor necrosis,,-5.1,2.6,5.3,30293,350,851,26,3.1,0.59,694|768|846|1026|1029|2353|3383|3481|3552|3576|3589|3642|3918|4288|4684|4804|6352|6662|6850|7045|7070|7424|8792|9547|23645|27035,BTG1|CA9|CASR|CDKN1A|CDKN2A|FOS|ICAM1|IGF2|IL1A|CXCL8|IL11|INSM1|LAMC2|MKI67|NCAM1|NGFR|CCL5|SOX9|SYK|TGFBI|THY1|VEGFC|TNFRSF11A|CXCL14|PPP1R15A|NOX1,-3.5,MyList
DisGeNET,35,C0013370,Amebic colitis,,-5.1,6.5,6.6,30293,49,851,9,1.1,0.35,1281|2335|3123|3552|3576|7021|7101|22915|27035,COL3A1|FN1|HLA-DRB1|IL1A|CXCL8|TFAP2B|NR2E1|MMRN1|NOX1,-3.5,MyList
DisGeNET,35,C0002894,Refractory anaemia with excess blasts,,-5.1,6.5,6.6,30293,49,851,9,1.1,0.35,861|1030|1440|2624|3123|4684|7070|8788|9590,RUNX1|CDKN2B|CSF3|GATA2|HLA-DRB1|NCAM1|THY1|DLK1|AKAP12,-3.5,MyList
Transcription Factor Targets,16,M492,SRY 01,,-5.1,3.1,5.5,30293,228,851,20,2.4,0.52,1942|1996|2018|3918|4681|4684|5080|5396|5992|6660|6886|9211|10418|11228|25891|50848|54541|55885|79962|81849,EFNA1|ELAVL4|EMX2|LAMC2|NBL1|NCAM1|PAX6|PRRX1|RFX4|SOX5|TAL1|LGI1|SPON1|RASSF8|PAMR1|F11R|DDIT4|LMO3|DNAJC22|ST6GALNAC5,-3.5,MyList
DisGeNET,35,C0018203,Chronic granulomatous disease,,-5.1,4.4,5.9,30293,105,851,13,1.5,0.42,1440|1822|1943|3552|3576|4689|6288|6320|6736|9547|27035|50506|63976,CSF3|ATN1|EFNA2|IL1A|CXCL8|NCF4|SAA1|CLEC11A|SRY|CXCL14|NOX1|DUOX2|PRDM16,-3.5,MyList
Transcription Factor Targets,16,M18576,HEB Q6,,-5.1,2.9,5.4,30293,268,851,22,2.6,0.54,238|460|577|862|1942|2899|5155|6660|6900|7277|8482|9181|11189|11228|23452|25802|63874|81849|202915|252995|283987|653145,ALK|ASTN1|ADGRB3|RUNX1T1|EFNA1|GRIK3|PDGFB|SOX5|CNTN2|TUBA4A|SEMA7A|ARHGEF2|CELF3|RASSF8|ANGPTL2|LMOD1|ABHD4|ST6GALNAC5|TMEM184A|FNDC5|HID1|ANXA8,-3.5,MyList
DisGeNET,35,C0040411,Tongue Neoplasms,,-5.1,5.7,6.4,30293,62,851,10,1.2,0.37,1029|1030|1410|2353|2355|3726|4319|5155|11186|79977,CDKN2A|CDKN2B|CRYAB|FOS|FOSL2|JUNB|MMP10|PDGFB|RASSF1|GRHL2,-3.5,MyList
DisGeNET,35,C0158731,Congenital pectus carinatum,,-5.1,3.9,5.7,30293,138,851,15,1.8,0.45,414|633|650|875|1277|1855|1993|2259|3339|6572|6616|6660|6926|8792|60482,ARSD|BGN|BMP2|CBS|COL1A1|DVL1|ELAVL2|FGF14|HSPG2|SLC18A3|SNAP25|SOX5|TBX3|TNFRSF11A|SLC5A7,-3.5,MyList
DisGeNET,35,C3714758,Juvenile psoriatic arthritis,,-5.1,3.9,5.7,30293,138,851,15,1.8,0.45,694|1647|1649|2353|2355|2791|3123|3725|3772|4973|6515|9314|10826|23043|150094,BTG1|GADD45A|DDIT3|FOS|FOSL2|GNG11|HLA-DRB1|JUN|KCNJ15|OLR1|SLC2A3|KLF4|FAXDC2|TNIK|SIK1,-3.5,MyList
DisGeNET,35,C1334274,Invasive Carcinoma,,-5.1,3.5,5.6,30293,173,851,17,2,0.48,1012|1026|1029|1301|1440|2335|2886|2934|4288|5111|6281|6926|7291|8549|10630|11186|346389,CDH13|CDKN1A|CDKN2A|COL11A1|CSF3|FN1|GRB7|GSN|MKI67|PCNA|S100A10|TBX3|TWIST1|LGR5|PDPN|RASSF1|MACC1,-3.5,MyList
Transcription Factor Targets,16,M18699,NFAT Q6,,-5.1,3,5.4,30293,249,851,21,2.5,0.53,1281|1295|3213|3339|5155|6658|6660|7029|7545|8673|8929|10761|23213|27023|57575|84107|84631|114798|122953|147111|203447,COL3A1|COL8A1|HOXB3|HSPG2|PDGFB|SOX3|SOX5|TFDP2|ZIC1|VAMP8|PHOX2B|PLAC1|SULF1|FOXB1|PCDH10|ZIC4|SLITRK2|SLITRK1|JDP2|NOTUM|NRK,-3.4,MyList
TRRUST,34,TRR01556,Regulated by: ZBTB7A,,-5.1,24,9.5,30293,6,851,4,0.47,0.23,1029|2353|5214|6515,CDKN2A|FOS|PFKP|SLC2A3,-3.4,MyList
DisGeNET,35,C4021730,Junctional split,,-5.1,24,9.5,30293,6,851,4,0.47,0.23,3691|3914|3918|5339,ITGB4|LAMB3|LAMC2|PLEC,-3.4,MyList
DisGeNET,35,C3900098,Adult Myelodysplastic Syndrome,,-5,2.7,5.2,30293,332,851,25,2.9,0.58,238|285|838|861|862|1029|1030|1050|1440|1649|1822|1879|2274|2353|2624|3123|3576|4684|5111|7056|7070|7291|8660|8788|23135,ALK|ANGPT2|CASP5|RUNX1|RUNX1T1|CDKN2A|CDKN2B|CEBPA|CSF3|DDIT3|ATN1|EBF1|FHL2|FOS|GATA2|HLA-DRB1|CXCL8|NCAM1|PCNA|THBD|THY1|TWIST1|IRS2|DLK1|KDM6B,-3.4,MyList
DisGeNET,35,C0085271,Self-Injurious Behavior,,-5,4.7,6,30293,91,851,12,1.4,0.4,3855|4914|5063|6493|6660|6886|9378|11322|63976|79633|150094|170302,KRT7|NTRK1|PAK3|SIM2|SOX5|TAL1|NRXN1|TMC6|PRDM16|FAT4|SIK1|ARX,-3.4,MyList
DisGeNET,35,C0220633,Uveal melanoma,,-5,2.6,5.2,30293,375,851,27,3.2,0.6,285|567|655|861|961|1026|1029|1030|1822|1910|3339|3383|3552|3576|5111|6513|7058|8190|9518|11186|23541|51129|55655|56667|57007|64065|79094,ANGPT2|B2M|BMP7|RUNX1|CD47|CDKN1A|CDKN2A|CDKN2B|ATN1|EDNRB|HSPG2|ICAM1|IL1A|CXCL8|PCNA|SLC2A1|THBS2|MIA|GDF15|RASSF1|SEC14L2|ANGPTL4|NLRP2|MUC13|ACKR3|PERP|CHAC1,-3.4,MyList
Transcription Factor Targets,16,M11607,AAAYRNCTG UNKNOWN,,-5,2.6,5.2,30293,375,851,27,3.2,0.6,577|744|823|1288|1421|1607|1942|2018|2045|2255|2290|2556|3397|5155|5339|6660|7025|7029|7122|7545|8929|84107|84858|84913|167410|170302|283987,ADGRB3|MPPED2|CAPN1|COL4A6|CRYGD|DGKB|EFNA1|EMX2|EPHA7|FGF10|FOXG1|GABRA3|ID1|PDGFB|PLEC|SOX5|NR2F1|TFDP2|CLDN5|ZIC1|PHOX2B|ZIC4|ZNF503|ATOH8|LIX1|ARX|HID1,-3.4,MyList
DisGeNET,35,C0013264,"Muscular Dystrophy, Duchenne",,-5,2.6,5.2,30293,375,851,27,3.2,0.6,107|114|133|633|634|823|837|1195|1440|1462|1634|1993|2273|2335|2697|3123|3300|3339|3676|4319|4684|6662|6736|8792|11096|23135|25891,ADCY1|ADCY8|ADM|BGN|CEACAM1|CAPN1|CASP4|CLK1|CSF3|VCAN|DCN|ELAVL2|FHL1|FN1|GJA1|HLA-DRB1|DNAJB2|HSPG2|ITGA4|MMP10|NCAM1|SOX9|SRY|TNFRSF11A|ADAMTS5|KDM6B|PAMR1,-3.4,MyList
DisGeNET,35,C0221060,Mobius Syndrome,,-5,8.9,7.1,30293,28,851,7,0.82,0.31,862|1045|2253|3211|4762|8403|253738,RUNX1T1|CDX2|FGF8|HOXB1|NEUROG1|SOX14|EBF3,-3.4,MyList
DisGeNET,35,C0152164,Cyclical vomiting syndrome (disorder),,-5,8.9,7.1,30293,28,851,7,0.82,0.31,133|174|2697|3383|3552|6296|9314,ADM|AFP|GJA1|ICAM1|IL1A|ACSM3|KLF4,-3.4,MyList
DisGeNET,35,C0027626,Neoplasm Invasiveness,,-5,3.3,5.5,30293,193,851,18,2.1,0.49,301|1029|1910|2335|2512|3855|4684|5080|6352|6913|7291|7295|7538|8434|9211|10512|51129|79026,ANXA1|CDKN2A|EDNRB|FN1|FTL|KRT7|NCAM1|PAX6|CCL5|TBX15|TWIST1|TXN|ZFP36|RECK|LGI1|SEMA3C|ANGPTL4|AHNAK,-3.4,MyList
DisGeNET,35,C0334565,Adenoameloblastoma,,-5,11,7.6,30293,19,851,6,0.71,0.29,633|650|1026|1029|5111|22915,BGN|BMP2|CDKN1A|CDKN2A|PCNA|MMRN1,-3.4,MyList
Transcription Factor Targets,16,M498,AP3 Q6,,-5,3,5.4,30293,251,851,21,2.5,0.53,114|577|1993|2128|2258|2335|3226|3236|4916|5100|5456|6886|8929|9547|23213|27289|54498|57007|57530|64641|85397,ADCY8|ADGRB3|ELAVL2|EVX1|FGF13|FN1|HOXC10|HOXD10|NTRK3|PCDH8|POU3F4|TAL1|PHOX2B|CXCL14|SULF1|RND1|SMOX|ACKR3|CGN|EBF2|RGS8,-3.4,MyList
DisGeNET,35,C4317123,Myoclonic Seizures,,-5,4.1,5.8,30293,123,851,14,1.6,0.44,1136|1137|1143|2290|2353|2558|3785|4804|6511|6513|6546|6547|8831|54715,CHRNA3|CHRNA4|CHRNB4|FOXG1|FOS|GABRA5|KCNQ2|NGFR|SLC1A6|SLC2A1|SLC8A1|SLC8A3|SYNGAP1|RBFOX1,-3.4,MyList
DisGeNET,35,C0349204,Nonorganic psychosis,,-5,2.6,5.2,30293,376,851,27,3.2,0.6,111|1015|1137|2353|2512|2913|3481|3552|3576|3855|5021|5063|5327|5645|6303|6886|7122|7295|9211|9378|9518|10215|11255|25927|27328|50944|64067,ADCY5|CDH17|CHRNA4|FOS|FTL|GRM3|IGF2|IL1A|CXCL8|KRT7|OXTR|PAK3|PLAT|PRSS2|SAT1|TAL1|CLDN5|TXN|LGI1|NRXN1|GDF15|OLIG2|HRH3|CNRIP1|PCDH11X|SHANK1|NPAS3,-3.4,MyList
DisGeNET,35,C0028768,Obsessive-Compulsive Disorder,,-5,3.5,5.5,30293,175,851,17,2,0.48,2353|2899|3123|3552|3576|3855|4036|4916|5021|6328|6506|6886|7295|10215|26050|114798|116448,FOS|GRIK3|HLA-DRB1|IL1A|CXCL8|KRT7|LRP2|NTRK3|OXTR|SCN3A|SLC1A2|TAL1|TXN|OLIG2|SLITRK5|SLITRK1|OLIG1,-3.4,MyList
Cell Type Signatures,7,M39270,HU FETAL RETINA RPC,,-5,4.3,5.9,30293,107,851,13,1.5,0.42,1009|1063|1152|3397|4036|5099|5111|7401|7546|8549|57561|121643|338917,CDH11|CENPF|CKB|ID1|LRP2|PCDH7|PCNA|CLRN1|ZIC2|LGR5|ARRDC3|FOXN4|VSX2,-3.4,MyList
Cell Type Signatures,7,M39137,GAO ESOPHAGUS 25W C2 KRT6BPOS SECRETORY PROGENITOR CELLS,,-5,5.1,6.1,30293,77,851,11,1.3,0.39,133|634|1029|9052|10863|11254|50506|59277|64063|346389|405753,ADM|CEACAM1|CDKN2A|GPRC5A|ADAM28|SLC6A14|DUOX2|NTN4|PRSS22|MACC1|DUOXA2,-3.4,MyList
Transcription Factor Targets,16,M6830,CEBP Q2 01,,-5,2.9,5.3,30293,272,851,22,2.6,0.54,1621|1634|1993|2051|2243|2259|3725|4622|4762|5099|5493|6348|6660|11096|23213|55117|57530|57561|57616|64641|116372|389206,DBH|DCN|ELAVL2|EPHB6|FGA|FGF14|JUN|MYH4|NEUROG1|PCDH7|PPL|CCL3|SOX5|ADAMTS5|SULF1|SLC6A15|CGN|ARRDC3|TSHZ3|EBF2|LYPD1|BEND4,-3.4,MyList
Transcription Factor Targets,16,M16178,HOXA4 Q2,,-5,2.9,5.3,30293,272,851,22,2.6,0.54,238|1045|3222|4622|5063|5396|5992|6660|7021|7025|7545|8929|9181|10150|50944|54101|54715|55885|57530|57616|84107|114798,ALK|CDX2|HOXC5|MYH4|PAK3|PRRX1|RFX4|SOX5|TFAP2B|NR2F1|ZIC1|PHOX2B|ARHGEF2|MBNL2|SHANK1|RIPK4|RBFOX1|LMO3|CGN|TSHZ3|ZIC4|SLITRK1,-3.4,MyList
DisGeNET,35,C0023462,Acute Megakaryocytic Leukemias,,-5,3.6,5.6,30293,158,851,16,1.9,0.47,286|290|861|862|875|2114|3222|3552|3589|4118|4684|4914|5155|5196|7056|9892,ANK1|ANPEP|RUNX1|RUNX1T1|CBS|ETS2|HOXC5|IL1A|IL11|MAL|NCAM1|NTRK1|PDGFB|PF4|THBD|SNAP91,-3.4,MyList
DisGeNET,35,C2938940,Post stroke depression,,-5,7.3,6.7,30293,39,851,8,0.94,0.33,2697|3576|3776|4804|6281|6506|9518|50674,GJA1|CXCL8|KCNK2|NGFR|S100A10|SLC1A2|GDF15|NEUROG3,-3.4,MyList
DisGeNET,35,C2347761,Childhood Myelodysplastic Syndrome,,-5,2.7,5.2,30293,335,851,25,2.9,0.58,238|285|838|861|862|1029|1030|1050|1440|1649|1822|1879|2274|2353|2624|3123|3576|4684|5111|7056|7070|7291|8660|8788|23135,ALK|ANGPT2|CASP5|RUNX1|RUNX1T1|CDKN2A|CDKN2B|CEBPA|CSF3|DDIT3|ATN1|EBF1|FHL2|FOS|GATA2|HLA-DRB1|CXCL8|NCAM1|PCNA|THBD|THY1|TWIST1|IRS2|DLK1|KDM6B,-3.4,MyList
DisGeNET,35,C0030354,Papilloma,,-5,2.9,5.3,30293,273,851,22,2.6,0.54,1026|1029|1030|1634|1995|2255|3383|3552|3576|3852|4288|4804|4914|5178|5327|6364|6513|7295|9290|11322|23541|54541,CDKN1A|CDKN2A|CDKN2B|DCN|ELAVL3|FGF10|ICAM1|IL1A|CXCL8|KRT5|MKI67|NGFR|NTRK1|PEG3|PLAT|CCL20|SLC2A1|TXN|GPR55|TMC6|SEC14L2|DDIT4,-3.4,MyList
DisGeNET,35,C0747845,early pregnancy,,-5,2.9,5.3,30293,273,851,22,2.6,0.54,174|285|301|650|890|1440|1510|1634|1647|2697|3283|4319|4684|5125|5209|6352|6364|6385|6513|10397|22943|57007,AFP|ANGPT2|ANXA1|BMP2|CCNA2|CSF3|CTSE|DCN|GADD45A|GJA1|HSD3B1|MMP10|NCAM1|PCSK5|PFKFB3|CCL5|CCL20|SDC4|SLC2A1|NDRG1|DKK1|ACKR3,-3.4,MyList
DisGeNET,35,C4703473,Atherosclerotic lesion,,-5,3,5.3,30293,253,851,21,2.5,0.53,285|345|961|1440|1491|2335|3383|4023|4319|5045|5196|5446|6352|6376|6513|7295|9123|10811|22915|50848|112399,ANGPT2|APOC3|CD47|CSF3|CTH|FN1|ICAM1|LPL|MMP10|FURIN|PF4|PON3|CCL5|CX3CL1|SLC2A1|TXN|SLC16A3|NOXA1|MMRN1|F11R|EGLN3,-3.3,MyList
DisGeNET,35,C0410702,Adolescent idiopathic scoliosis,,-5,2.1,4.9,30293,656,851,39,4.6,0.72,2|108|577|1012|1311|1607|2899|3339|3694|4753|5099|5142|5334|6296|9021|9248|9378|9465|9745|10752|22986|23043|54715|55286|55816|56243|57101|57211|57484|57575|57580|65217|80323|81832|84171|92293|158866|255743|283358,A2M|ADCY2|ADGRB3|CDH13|COMP|DGKB|GRIK3|HSPG2|ITGB6|NELL2|PCDH7|PDE4B|PLCL1|ACSM3|SOCS3|GPR50|NRXN1|AKAP7|ZNF536|CHL1|SORCS3|TNIK|RBFOX1|C4orf19|DOK5|KIAA1217|ANO2|ADGRG6|RNF150|PCDH10|PREX1|PCDH15|CCDC68|NETO1|LOXL4|TMEM132C|ZDHHC15|NPNT|B4GALNT3,-3.3,MyList
DisGeNET,35,C0685938,Malignant neoplasm of gastrointestinal tract,,-5,2.4,5.1,30293,423,851,29,3.4,0.62,174|301|634|838|875|1029|1030|1044|1045|1087|1440|2273|2274|3576|3589|4118|4753|5063|6506|6546|7424|7545|8549|9314|9518|11187|27035|50506|64399,AFP|ANXA1|CEACAM1|CASP5|CBS|CDKN2A|CDKN2B|CDX1|CDX2|CEACAM7|CSF3|FHL1|FHL2|CXCL8|IL11|MAL|NELL2|PAK3|SLC1A2|SLC8A1|VEGFC|ZIC1|LGR5|KLF4|GDF15|PKP3|NOX1|DUOX2|HHIP,-3.3,MyList
DisGeNET,35,C2607914,Allergic rhinitis (disorder),,-4.9,2.4,5,30293,446,851,30,3.5,0.63,26|238|1029|1469|1770|1822|2335|3119|3123|3383|3552|3576|3598|3776|5327|5334|5729|6352|6364|7128|7291|9021|9235|23541|27035|50506|54715|63976|148170|653689,AOC1|ALK|CDKN2A|CST1|DNAH9|ATN1|FN1|HLA-DQB1|HLA-DRB1|ICAM1|IL1A|CXCL8|IL13RA2|KCNK2|PLAT|PLCL1|PTGDR|CCL5|CCL20|TNFAIP3|TWIST1|SOCS3|IL32|SEC14L2|NOX1|DUOX2|RBFOX1|PRDM16|CDC42EP5|GSTT2B,-3.3,MyList
DisGeNET,35,C1960458,Differentiation syndrome due to and following chemotherapy co-occurrent with acute promyelocytic leukemia,,-4.9,15,8.1,30293,12,851,5,0.59,0.26,290|1030|1649|1822|2920,ANPEP|CDKN2B|DDIT3|ATN1|CXCL2,-3.3,MyList
DisGeNET,35,C0392514,Hereditary hemochromatosis,,-4.9,2.9,5.3,30293,254,851,21,2.5,0.53,567|650|861|1029|1356|1910|2255|2512|2886|3383|4194|5111|6662|7424|7546|10397|11186|29923|57007|64399|147040,B2M|BMP2|RUNX1|CDKN2A|CP|EDNRB|FGF10|FTL|GRB7|ICAM1|MDM4|PCNA|SOX9|VEGFC|ZIC2|NDRG1|RASSF1|HILPDA|ACKR3|HHIP|KCTD11,-3.3,MyList
DisGeNET,35,C0011175,Dehydration,,-4.9,2.8,5.2,30293,295,851,23,2.7,0.56,823|846|1152|1440|1621|1993|2852|3037|3576|3691|3725|3914|3918|4762|5122|5339|6809|10725|27344|50506|50674|50848|53827,CAPN1|CASR|CKB|CSF3|DBH|ELAVL2|GPER1|HAS2|CXCL8|ITGB4|JUN|LAMB3|LAMC2|NEUROG1|PCSK1|PLEC|STX3|NFAT5|PCSK1N|DUOX2|NEUROG3|F11R|FXYD5,-3.3,MyList
DisGeNET,35,C0011644,Scleroderma,,-4.9,2.7,5.2,30293,316,851,24,2.8,0.57,1277|1281|1311|1440|1910|2041|2335|3119|3123|3127|3383|3552|3855|5063|6352|6736|6886|7045|7070|7128|7295|9314|9518|22943,COL1A1|COL3A1|COMP|CSF3|EDNRB|EPHA1|FN1|HLA-DQB1|HLA-DRB1|HLA-DRB5|ICAM1|IL1A|KRT7|PAK3|CCL5|SRY|TAL1|TGFBI|THY1|TNFAIP3|TXN|KLF4|GDF15|DKK1,-3.3,MyList
DisGeNET,35,C0000822,"Abortion, Tubal",,-4.9,4.2,5.8,30293,109,851,13,1.5,0.42,634|1277|1288|1293|1440|1893|2335|3481|3589|3691|3694|4684|7045,CEACAM1|COL1A1|COL4A6|COL6A3|CSF3|ECM1|FN1|IGF2|IL11|ITGB4|ITGB6|NCAM1|TGFBI,-3.3,MyList
DisGeNET,35,C1332922,Cervical Squamous Intraepithelial Neoplasia,,-4.9,4.2,5.8,30293,109,851,13,1.5,0.42,768|1029|1440|2180|2335|3119|3481|3576|4118|5111|6513|9518|203447,CA9|CDKN2A|CSF3|ACSL1|FN1|HLA-DQB1|IGF2|CXCL8|MAL|PCNA|SLC2A1|GDF15|NRK,-3.3,MyList
DisGeNET,35,C3830362,Early Pregnancy Loss,,-4.9,4.2,5.8,30293,109,851,13,1.5,0.42,634|1277|1288|1293|1440|1893|2335|3481|3589|3691|3694|4684|7045,CEACAM1|COL1A1|COL4A6|COL6A3|CSF3|ECM1|FN1|IGF2|IL11|ITGB4|ITGB6|NCAM1|TGFBI,-3.3,MyList
PaGenBase,36,PGB:00002,Cell-specific: HEPG2,,-4.9,2.4,5,30293,425,851,29,3.4,0.62,174|345|634|1361|1942|1999|2034|2041|2168|2243|2266|2444|2877|5629|6364|6662|6690|7429|7448|7464|8549|8705|9244|9314|22822|51142|54898|84433|91373,AFP|APOC3|CEACAM1|CPB2|EFNA1|ELF3|EPAS1|EPHA1|FABP1|FGA|FGG|FRK|GPX2|PROX1|CCL20|SOX9|SPINK1|VIL1|VTN|CORO2A|LGR5|B3GALT4|CRLF1|KLF4|PHLDA1|CHCHD2|ELOVL2|CARD11|UAP1L1,-3.3,MyList
DisGeNET,35,C0220615,Adult Acute Myeloblastic Leukemia,,-4.9,3.6,5.5,30293,160,851,16,1.9,0.47,861|862|928|1029|1030|1050|1440|2624|2934|3227|4194|4684|7424|9892|9961|63976,RUNX1|RUNX1T1|CD9|CDKN2A|CDKN2B|CEBPA|CSF3|GATA2|GSN|HOXC11|MDM4|NCAM1|VEGFC|SNAP91|MVP|PRDM16,-3.3,MyList
Transcription Factor Targets,16,M3109,CEBP Q3,,-4.9,2.9,5.3,30293,255,851,21,2.5,0.53,1649|1996|2846|3236|3725|3726|4622|4684|4762|4826|5155|5456|6238|6656|8929|10761|11228|56138|64399|80736|90665,DDIT3|ELAVL4|LPAR4|HOXD10|JUN|JUNB|MYH4|NCAM1|NEUROG1|NNAT|PDGFB|POU3F4|RRBP1|SOX1|PHOX2B|PLAC1|RASSF8|PCDHA11|HHIP|SLC44A4|TBL1Y,-3.3,MyList
Transcription Factor Targets,16,M19017,P53 02,,-4.9,2.9,5.3,30293,255,851,21,2.5,0.53,301|768|1026|1649|2290|2785|3211|4916|5396|5493|6660|6860|7029|8482|9902|10150|11187|79026|114798|148022|286077,ANXA1|CA9|CDKN1A|DDIT3|FOXG1|GNG3|HOXB1|NTRK3|PRRX1|PPL|SOX5|SYT4|TFDP2|SEMA7A|MRC2|MBNL2|PKP3|AHNAK|SLITRK1|TICAM1|FAM83H,-3.3,MyList
DisGeNET,35,C0024305,"Lymphoma, Non-Hodgkin",,-4.9,2,4.8,30293,733,851,42,4.9,0.74,238|290|301|567|602|846|875|961|1012|1026|1029|1030|1050|1440|1649|2335|3119|3123|3222|3383|3561|3576|4155|4194|4288|4684|4689|4914|5111|5880|6096|6352|6850|7070|7128|9021|9181|9314|11186|55655|80150|84433,ALK|ANPEP|ANXA1|B2M|BCL3|CASR|CBS|CD47|CDH13|CDKN1A|CDKN2A|CDKN2B|CEBPA|CSF3|DDIT3|FN1|HLA-DQB1|HLA-DRB1|HOXC5|ICAM1|IL2RG|CXCL8|MBP|MDM4|MKI67|NCAM1|NCF4|NTRK1|PCNA|RAC2|RORB|CCL5|SYK|THY1|TNFAIP3|SOCS3|ARHGEF2|KLF4|RASSF1|NLRP2|ASRGL1|CARD11,-3.3,MyList
DisGeNET,35,C0033999,Pterygium,,-4.9,3.1,5.3,30293,216,851,19,2.2,0.51,1029|1281|2335|2353|3576|3691|3725|3726|4319|5111|6277|6303|6707|7291|7424|8482|10630|51129|54101,CDKN2A|COL3A1|FN1|FOS|CXCL8|ITGB4|JUN|JUNB|MMP10|PCNA|S100A6|SAT1|SPRR3|TWIST1|VEGFC|SEMA7A|PDPN|ANGPTL4|RIPK4,-3.3,MyList
DisGeNET,35,C0206734,Hemangioblastoma,,-4.9,5,6,30293,79,851,11,1.3,0.39,285|768|2034|4288|6513|7291|7448|10397|29923|51129|57007,ANGPT2|CA9|EPAS1|MKI67|SLC2A1|TWIST1|VTN|NDRG1|HILPDA|ANGPTL4|ACKR3,-3.3,MyList
DisGeNET,35,C0206685,Acinar Cell Carcinoma,,-4.9,5.5,6.1,30293,65,851,10,1.2,0.37,1045|1063|3642|4288|4914|4916|6690|7113|11186|50674,CDX2|CENPF|INSM1|MKI67|NTRK1|NTRK3|SPINK1|TMPRSS2|RASSF1|NEUROG3,-3.3,MyList
DisGeNET,35,C1879321,Acute Myeloid Leukemia (AML-M2),,-4.9,3.7,5.6,30293,143,851,15,1.8,0.45,290|307|861|862|928|1050|1052|1440|1512|2274|2624|4684|4916|5142|6281,ANPEP|ANXA4|RUNX1|RUNX1T1|CD9|CEBPA|CEBPD|CSF3|CTSH|FHL2|GATA2|NCAM1|NTRK3|PDE4B|S100A10,-3.3,MyList
DisGeNET,35,C1302773,Low Grade Squamous Intraepithelial Neoplasia,,-4.9,4.5,5.9,30293,94,851,12,1.4,0.4,1029|3119|3123|3397|3481|3855|4118|5111|11186|54101|56892|57575,CDKN2A|HLA-DQB1|HLA-DRB1|ID1|IGF2|KRT7|MAL|PCNA|RASSF1|RIPK4|TCIM|PCDH10,-3.3,MyList
DisGeNET,35,C0270850,Idiopathic generalized epilepsy,,-4.9,4.5,5.9,30293,94,851,12,1.4,0.4,846|1137|3552|3785|5080|6506|6513|6850|8831|9211|9378|54715,CASR|CHRNA4|IL1A|KCNQ2|PAX6|SLC1A2|SLC2A1|SYK|SYNGAP1|LGI1|NRXN1|RBFOX1,-3.3,MyList
DisGeNET,35,C0014356,Enterocolitis,,-4.9,7.1,6.6,30293,40,851,8,0.94,0.33,1044|1045|1440|1910|3123|3383|3552|3576,CDX1|CDX2|CSF3|EDNRB|HLA-DRB1|ICAM1|IL1A|CXCL8,-3.3,MyList
DisGeNET,35,C1704423,Milroy Disease,,-4.9,6.2,6.3,30293,52,851,9,1.1,0.35,567|1029|2624|2697|3982|4684|4914|7424|11186,B2M|CDKN2A|GATA2|GJA1|LIM2|NCAM1|NTRK1|VEGFC|RASSF1,-3.3,MyList
DisGeNET,35,C1332271,Perianal Squamous Intraepithelial Neoplasia,,-4.9,6.2,6.3,30293,52,851,9,1.1,0.35,1026|1029|3691|3918|4118|4288|4319|5111|9314,CDKN1A|CDKN2A|ITGB4|LAMC2|MAL|MKI67|MMP10|PCNA|KLF4,-3.3,MyList
DisGeNET,35,C0205682,Waist-Hip Ratio,,-4.9,2.2,4.9,30293,565,851,35,4.1,0.68,111|650|744|861|1012|1295|1299|1301|1607|1889|2335|3768|3772|4023|4681|4684|5125|5493|5629|5992|6900|6913|7021|7424|7869|9671|26579|29942|63976|64399|64641|79026|79192|79974|81794,ADCY5|BMP2|MPPED2|RUNX1|CDH13|COL8A1|COL9A3|COL11A1|DGKB|ECE1|FN1|KCNJ12|KCNJ15|LPL|NBL1|NCAM1|PCSK5|PPL|PROX1|RFX4|CNTN2|TBX15|TFAP2B|VEGFC|SEMA3B|WSCD2|MYEOV|PURG|PRDM16|HHIP|EBF2|AHNAK|IRX1|CPED1|ADAMTS10,-3.3,MyList
Cell Type Signatures,7,M41745,RUBENSTEIN SKELETAL MUSCLE FAP CELLS,,-4.9,3.4,5.4,30293,179,851,17,2,0.48,301|718|1277|1281|1293|1462|1634|2273|2335|2934|3339|6277|6281|9068|9547|9590|57007,ANXA1|C3|COL1A1|COL3A1|COL6A3|VCAN|DCN|FHL1|FN1|GSN|HSPG2|S100A6|S100A10|ANGPTL1|CXCL14|AKAP12|ACKR3,-3.3,MyList
DisGeNET,35,C0038013,Ankylosing spondylitis,,-4.9,2.1,4.8,30293,710,851,41,4.8,0.73,286|650|655|718|861|972|1029|1051|1822|2353|2524|2697|3119|3123|3552|3561|3576|3855|4055|6238|6288|6303|6374|6690|6886|6892|7128|7424|8792|9021|9180|9181|9235|9518|22943|23541|50848|54210|80150|84433|85407,ANK1|BMP2|BMP7|C3|RUNX1|CD74|CDKN2A|CEBPB|ATN1|FOS|FUT2|GJA1|HLA-DQB1|HLA-DRB1|IL1A|IL2RG|CXCL8|KRT7|LTBR|RRBP1|SAA1|SAT1|CXCL5|SPINK1|TAL1|TAPBP|TNFAIP3|VEGFC|TNFRSF11A|SOCS3|OSMR|ARHGEF2|IL32|GDF15|DKK1|SEC14L2|F11R|TREM1|ASRGL1|CARD11|NKD1,-3.3,MyList
DisGeNET,35,C0398623,Thrombophilia,,-4.9,3.5,5.5,30293,161,851,16,1.9,0.47,2|286|718|875|1087|1361|1999|2243|2624|3552|3576|5196|5327|7056|10630|80150,A2M|ANK1|C3|CBS|CEACAM7|CPB2|ELF3|FGA|GATA2|IL1A|CXCL8|PF4|PLAT|THBD|PDPN|ASRGL1,-3.3,MyList
DisGeNET,35,C0001193,Apert syndrome,,-4.9,11,7.4,30293,20,851,6,0.71,0.29,650|2253|2255|2258|2335|7291,BMP2|FGF8|FGF10|FGF13|FN1|TWIST1,-3.3,MyList
DisGeNET,35,C1842937,"AURAL ATRESIA, CONGENITAL",,-4.9,4.2,5.7,30293,110,851,13,1.5,0.42,2|2335|2353|2934|3918|4155|4973|6506|7122|7291|8553|10194|84417,A2M|FN1|FOS|GSN|LAMC2|MBP|OLR1|SLC1A2|CLDN5|TWIST1|BHLHE40|TSHZ1|ECRG4,-3.3,MyList
DisGeNET,35,C0232466,Feeding difficulties,,-4.9,2.3,5,30293,473,851,31,3.6,0.64,286|429|1294|1641|1759|1822|2290|2530|2673|3211|3624|3785|3852|3914|3918|6328|6506|6572|6660|6928|8022|8831|8929|9056|9244|9378|79633|84894|150094|284119|340533,ANK1|ASCL1|COL7A1|DCX|DNM1|ATN1|FOXG1|FUT8|GFPT1|HOXB1|INHBA|KCNQ2|KRT5|LAMB3|LAMC2|SCN3A|SLC1A2|SLC18A3|SOX5|HNF1B|LHX3|SYNGAP1|PHOX2B|SLC7A7|CRLF1|NRXN1|FAT4|LINGO1|SIK1|CAVIN1|NEXMIF,-3.3,MyList
Transcription Factor Targets,16,M1793,ZF5 01,,-4.9,3,5.3,30293,237,851,20,2.4,0.52,133|1649|1995|2530|2899|3726|3746|4804|6886|7546|8482|9423|22986|26257|27133|51199|55890|63976|124842|196500,ADM|DDIT3|ELAVL3|FUT8|GRIK3|JUNB|KCNC1|NGFR|TAL1|ZIC2|SEMA7A|NTN1|SORCS3|NKX2-8|KCNH5|NIN|GPRC5C|PRDM16|TMEM132E|PIANP,-3.3,MyList
Transcription Factor Targets,16,M2685,AP4 Q6 01,,-4.9,2.9,5.2,30293,257,851,21,2.5,0.53,238|286|744|1942|2258|2899|5155|6900|7277|9181|10150|10842|11189|54715|55502|56936|85397|202915|252995|283987|653145,ALK|ANK1|MPPED2|EFNA1|FGF13|GRIK3|PDGFB|CNTN2|TUBA4A|ARHGEF2|MBNL2|PPP1R17|CELF3|RBFOX1|HES6|CCDC177|RGS8|TMEM184A|FNDC5|HID1|ANXA8,-3.3,MyList
DisGeNET,35,C1691215,Penile hypospadias,,-4.9,3.9,5.6,30293,127,851,14,1.6,0.44,174|414|655|2018|2253|2255|2353|3209|3725|3726|6662|6736|7020|22943,AFP|ARSD|BMP7|EMX2|FGF8|FGF10|FOS|HOXA13|JUN|JUNB|SOX9|SRY|TFAP2A|DKK1,-3.3,MyList
DisGeNET,35,C0019159,Hepatitis A,,-4.8,2.4,5,30293,451,851,30,3.5,0.63,174|567|1026|1029|1030|1311|1440|2041|2530|2697|2920|3123|3552|3576|3589|3725|3726|3855|4055|4684|5122|5284|7295|7448|9021|9244|9547|11082|23135|51303,AFP|B2M|CDKN1A|CDKN2A|CDKN2B|COMP|CSF3|EPHA1|FUT8|GJA1|CXCL2|HLA-DRB1|IL1A|CXCL8|IL11|JUN|JUNB|KRT7|LTBR|NCAM1|PCSK1|PIGR|TXN|VTN|SOCS3|CRLF1|CXCL14|ESM1|KDM6B|FKBP11,-3.3,MyList
DisGeNET,35,C0334590,Anaplastic Oligodendroglioma,,-4.8,5.4,6.1,30293,66,851,10,1.2,0.37,285|1029|1030|4194|4288|5155|6513|10215|64321|116448,ANGPT2|CDKN2A|CDKN2B|MDM4|MKI67|PDGFB|SLC2A1|OLIG2|SOX17|OLIG1,-3.2,MyList
Transcription Factor Targets,16,M11439,TAL1ALPHAE47 01,,-4.8,2.9,5.2,30293,258,851,21,2.5,0.53,273|862|1641|1649|1996|5142|5155|7029|8929|9068|9181|10150|23213|51617|55502|57561|81849|85407|154091|167410|283987,AMPH|RUNX1T1|DCX|DDIT3|ELAVL4|PDE4B|PDGFB|TFDP2|PHOX2B|ANGPTL1|ARHGEF2|MBNL2|SULF1|NSG2|HES6|ARRDC3|ST6GALNAC5|NKD1|SLC2A12|LIX1|HID1,-3.2,MyList
Transcription Factor Targets,16,M16079,P53 DECAMER Q2,,-4.8,2.9,5.2,30293,258,851,21,2.5,0.53,285|301|1026|1747|1749|2785|3213|3236|4914|4916|5396|5493|8906|10103|10163|11187|51208|54498|114798|124930|130132,ANGPT2|ANXA1|CDKN1A|DLX3|DLX5|GNG3|HOXB3|HOXD10|NTRK1|NTRK3|PRRX1|PPL|AP1G2|TSPAN1|WASF2|PKP3|CLDN18|SMOX|SLITRK1|ANKRD13B|RFTN2,-3.2,MyList
DisGeNET,35,C0206624,Hepatoblastoma,,-4.8,2.4,5,30293,452,851,30,3.5,0.63,2|174|290|345|718|890|1026|1029|1030|1050|1051|2290|2335|3339|3383|3481|4194|4760|5111|6277|6374|6533|6926|7070|8788|11186|22943|64399|80150|85407,A2M|AFP|ANPEP|APOC3|C3|CCNA2|CDKN1A|CDKN2A|CDKN2B|CEBPA|CEBPB|FOXG1|FN1|HSPG2|ICAM1|IGF2|MDM4|NEUROD1|PCNA|S100A6|CXCL5|SLC6A6|TBX3|THY1|DLK1|RASSF1|DKK1|HHIP|ASRGL1|NKD1,-3.2,MyList
DisGeNET,35,C0278764,Adult Burkitt Lymphoma,,-4.8,2.3,4.9,30293,475,851,31,3.6,0.64,117|567|846|861|961|976|1026|1029|1030|1440|1649|1822|2335|2624|2852|3383|3598|3726|3918|3960|4194|4288|4684|6303|6364|6850|9123|9314|11186|23541|79094,ADCYAP1R1|B2M|CASR|RUNX1|CD47|ADGRE5|CDKN1A|CDKN2A|CDKN2B|CSF3|DDIT3|ATN1|FN1|GATA2|GPER1|ICAM1|IL13RA2|JUNB|LAMC2|LGALS4|MDM4|MKI67|NCAM1|SAT1|CCL20|SYK|SLC16A3|KLF4|RASSF1|SEC14L2|CHAC1,-3.2,MyList
DisGeNET,35,C2936719,Mechanical Allodynia,,-4.8,2.4,5,30293,408,851,28,3.3,0.61,117|133|286|414|602|1051|1440|1510|2353|2697|3552|3576|4155|5024|6376|6506|6616|7056|7113|9021|9290|9423|9641|11096|11343|51083|57007|84867,ADCYAP1R1|ADM|ANK1|ARSD|BCL3|CEBPB|CSF3|CTSE|FOS|GJA1|IL1A|CXCL8|MBP|P2RX3|CX3CL1|SLC1A2|SNAP25|THBD|TMPRSS2|SOCS3|GPR55|NTN1|IKBKE|ADAMTS5|MGLL|GAL|ACKR3|PTPN5,-3.2,MyList
DisGeNET,35,C0280099,Adult Solid Neoplasm,,-4.8,3.5,5.4,30293,163,851,16,1.9,0.47,238|846|1029|1440|1649|1822|2042|2335|2346|2521|3123|4914|9314|11186|57124|57126,ALK|CASR|CDKN2A|CSF3|DDIT3|ATN1|EPHA3|FN1|FOLH1|FUS|HLA-DRB1|NTRK1|KLF4|RASSF1|CD248|CD177,-3.2,MyList
DisGeNET,35,C0494475,Tonic - clonic seizures,,-4.8,2.7,5.1,30293,300,851,23,2.7,0.56,1136|1137|1143|1759|2290|2353|2558|3746|3785|4804|5063|5155|6096|6513|6546|6547|6900|9211|23316|54715|79152|150094|170302,CHRNA3|CHRNA4|CHRNB4|DNM1|FOXG1|FOS|GABRA5|KCNC1|KCNQ2|NGFR|PAK3|PDGFB|RORB|SLC2A1|SLC8A1|SLC8A3|CNTN2|LGI1|CUX2|RBFOX1|FA2H|SIK1|ARX,-3.2,MyList
Transcription Factor Targets,16,M18963,HSF2 01,,-4.8,2.9,5.2,30293,259,851,21,2.5,0.53,1410|1996|2273|2353|3488|3725|4826|5099|5155|5339|5992|7025|9951|10150|11030|23440|25802|50944|57575|60482|85397,CRYAB|ELAVL4|FHL1|FOS|IGFBP5|JUN|NNAT|PCDH7|PDGFB|PLEC|RFX4|NR2F1|HS3ST4|MBNL2|RBPMS|OTP|LMOD1|SHANK1|PCDH10|SLC5A7|RGS8,-3.2,MyList
DisGeNET,35,C0750929,"Arnold-Chiari Malformation, Type I",,-4.8,6.9,6.5,30293,41,851,8,0.94,0.33,1044|2253|3918|5076|8022|8929|9573|22943,CDX1|FGF8|LAMC2|PAX2|LHX3|PHOX2B|GDF3|DKK1,-3.2,MyList
DisGeNET,35,C0027719,Nephrosclerosis,,-4.8,6.9,6.5,30293,41,851,8,0.94,0.33,285|633|1277|1281|1634|2255|4914|11346,ANGPT2|BGN|COL1A1|COL3A1|DCN|FGF10|NTRK1|SYNPO,-3.2,MyList
DisGeNET,35,C0278879,Childhood Burkitt Lymphoma,,-4.8,2.3,4.9,30293,477,851,31,3.6,0.64,117|567|846|861|961|976|1026|1029|1030|1440|1649|1822|2335|2624|2852|3383|3598|3726|3918|3960|4194|4288|4684|6303|6364|6850|9123|9314|11186|23541|79094,ADCYAP1R1|B2M|CASR|RUNX1|CD47|ADGRE5|CDKN1A|CDKN2A|CDKN2B|CSF3|DDIT3|ATN1|FN1|GATA2|GPER1|ICAM1|IL13RA2|JUNB|LAMC2|LGALS4|MDM4|MKI67|NCAM1|SAT1|CCL20|SYK|SLC16A3|KLF4|RASSF1|SEC14L2|CHAC1,-3.2,MyList
Cell Type Signatures,7,M39255,MENON FETAL KIDNEY 5 PROXIMAL TUBULE CELLS,,-4.8,4.1,5.6,30293,112,851,13,1.5,0.42,174|307|1462|2018|2045|2512|2791|3397|3772|4036|6281|7295|10653,AFP|ANXA4|VCAN|EMX2|EPHA7|FTL|GNG11|ID1|KCNJ15|LRP2|S100A10|TXN|SPINT2,-3.2,MyList
DisGeNET,35,C0221260,Dystrophia unguium,,-4.8,4.8,5.9,30293,81,851,11,1.3,0.39,1294|2934|3691|3852|3853|3854|3914|3918|4914|5339|79977,COL7A1|GSN|ITGB4|KRT5|KRT6A|KRT6B|LAMB3|LAMC2|NTRK1|PLEC|GRHL2,-3.2,MyList
DisGeNET,35,C0027022,Myeloproliferative disease,,-4.8,2.5,5,30293,365,851,26,3.1,0.59,238|602|861|862|1029|1030|1050|1440|1822|2335|2521|2624|3576|3726|5327|6513|6850|7045|8660|9021|9518|22943|25891|26499|51199|57126,ALK|BCL3|RUNX1|RUNX1T1|CDKN2A|CDKN2B|CEBPA|CSF3|ATN1|FN1|FUS|GATA2|CXCL8|JUNB|PLAT|SLC2A1|SYK|TGFBI|IRS2|SOCS3|GDF15|DKK1|PAMR1|PLEK2|NIN|CD177,-3.2,MyList
Transcription Factor Targets,16,M17420,WGGAATGY TEF1 Q6,,-4.8,2.5,5,30293,387,851,27,3.2,0.6,1288|1410|1649|1999|2243|2258|2823|3213|3624|3691|3801|3914|3918|7029|7101|7401|7545|9244|10150|10814|11343|25802|51286|55612|55890|57530|284119,COL4A6|CRYAB|DDIT3|ELF3|FGA|FGF13|GPM6A|HOXB3|INHBA|ITGB4|KIFC3|LAMB3|LAMC2|TFDP2|NR2E1|CLRN1|ZIC1|CRLF1|MBNL2|CPLX2|MGLL|LMOD1|CEND1|FERMT1|GPRC5C|CGN|CAVIN1,-3.2,MyList
DisGeNET,35,C0017185,Gastrointestinal Neoplasms,,-4.8,3.3,5.3,30293,182,851,17,2,0.48,133|174|238|838|961|976|1015|1045|1943|2273|2274|3383|3589|6690|8549|9518|11187,ADM|AFP|ALK|CASP5|CD47|ADGRE5|CDH17|CDX2|EFNA2|FHL1|FHL2|ICAM1|IL11|SPINK1|LGR5|GDF15|PKP3,-3.2,MyList
DisGeNET,35,C0007787,Transient Ischemic Attack,,-4.8,2.6,5,30293,344,851,25,2.9,0.58,286|718|972|1050|1281|1421|2169|2697|3383|3776|4155|4804|4973|5080|5111|5122|5327|5446|6364|6376|7056|9378|23645|50848|84867,ANK1|C3|CD74|CEBPA|COL3A1|CRYGD|FABP2|GJA1|ICAM1|KCNK2|MBP|NGFR|OLR1|PAX6|PCNA|PCSK1|PLAT|PON3|CCL20|CX3CL1|THBD|NRXN1|PPP1R15A|F11R|PTPN5,-3.2,MyList
TRRUST,34,TRR00110,Regulated by: CEBPB,,-4.8,5.3,6,30293,67,851,10,1.2,0.37,133|1026|1649|3576|5021|5045|5106|6288|9518|10761,ADM|CDKN1A|DDIT3|CXCL8|OXTR|FURIN|PCK2|SAA1|GDF15|PLAC1,-3.2,MyList
Cell Type Signatures,7,M40128,DESCARTES MAIN FETAL ISLET ENDOCRINE CELLS,,-4.8,5.3,6,30293,67,851,10,1.2,0.37,846|4821|4825|5122|27344|50674|55450|169026|170302|388419,CASR|NKX2-2|NKX6-1|PCSK1|PCSK1N|NEUROG3|CAMK2N1|SLC30A8|ARX|BTBD17,-3.2,MyList
DisGeNET,35,C3203547,Axial spondyloarthritis,,-4.8,5.3,6,30293,67,851,10,1.2,0.37,650|972|3123|3855|6886|7128|9181|22915|22943|51617,BMP2|CD74|HLA-DRB1|KRT7|TAL1|TNFAIP3|ARHGEF2|MMRN1|DKK1|NSG2,-3.2,MyList
Transcription Factor Targets,16,M3956,ETS2 B,,-4.8,2.8,5.1,30293,281,851,22,2.6,0.54,602|1152|2128|2791|3960|5045|5063|5080|5099|6281|7291|9068|10103|10439|11082|51043|55211|56667|57124|63967|84913|124935,BCL3|CKB|EVX1|GNG11|LGALS4|FURIN|PAK3|PAX6|PCDH7|S100A10|TWIST1|ANGPTL1|TSPAN1|OLFM1|ESM1|ZBTB7B|DPPA4|MUC13|CD248|CLSPN|ATOH8|SLC43A2,-3.2,MyList
DisGeNET,35,C0017668,Focal glomerulosclerosis,,-4.8,2.8,5.1,30293,281,851,22,2.6,0.54,285|567|928|1277|1295|1356|1462|2335|3552|3918|4023|5076|5111|5800|6928|9314|9518|11346|22915|64399|255743|286204,ANGPT2|B2M|CD9|COL1A1|COL8A1|CP|VCAN|FN1|IL1A|LAMC2|LPL|PAX2|PCNA|PTPRO|HNF1B|KLF4|GDF15|SYNPO|MMRN1|HHIP|NPNT|CRB2,-3.2,MyList
Cell Type Signatures,7,M39060,MANNO MIDBRAIN NEUROTYPES HPROGFPL,,-4.8,2.6,5.1,30293,323,851,24,2.8,0.57,655|890|1063|3785|4036|4288|4753|5800|5992|7291|9211|9262|9543|22915|54898|55890|63967|84171|85407|92293|116159|170302|283659|286204,BMP7|CCNA2|CENPF|KCNQ2|LRP2|MKI67|NELL2|PTPRO|RFX4|TWIST1|LGI1|STK17B|IGDCC3|MMRN1|ELOVL2|GPRC5C|CLSPN|LOXL4|NKD1|TMEM132C|CYYR1|ARX|PRTG|CRB2,-3.2,MyList
DisGeNET,35,C0023440,Acute Erythroblastic Leukemia,,-4.8,2.7,5.1,30293,302,851,23,2.7,0.56,238|307|861|1026|1050|2034|2114|2530|2624|3222|3339|3589|3624|3855|4914|5076|5111|5155|5196|5327|6886|7045|57007,ALK|ANXA4|RUNX1|CDKN1A|CEBPA|EPAS1|ETS2|FUT8|GATA2|HOXC5|HSPG2|IL11|INHBA|KRT7|NTRK1|PAX2|PCNA|PDGFB|PF4|PLAT|TAL1|TGFBI|ACKR3,-3.2,MyList
Cell Type Signatures,7,M39124,AIZARANI LIVER C23 KUPFFER CELLS 3,,-4.8,3.1,5.2,30293,221,851,19,2.2,0.51,301|1462|3576|6277|6281|6303|6515|7127|8660|9056|10326|10475|54210|57573|57580|122953|124935|196740|346389,ANXA1|VCAN|CXCL8|S100A6|S100A10|SAT1|SLC2A3|TNFAIP2|IRS2|SLC7A7|SIRPB1|TRIM38|TREM1|ZNF471|PREX1|JDP2|SLC43A2|VSTM4|MACC1,-3.2,MyList
DisGeNET,35,C0014170,Endometrial Neoplasms,,-4.8,2.9,5.1,30293,261,851,21,2.5,0.53,133|634|1012|1026|1029|1030|1045|1462|1634|2353|3552|3576|3624|3725|5111|6928|7869|9021|10397|11186|57007,ADM|CEACAM1|CDH13|CDKN1A|CDKN2A|CDKN2B|CDX2|VCAN|DCN|FOS|IL1A|CXCL8|INHBA|JUN|PCNA|HNF1B|SEMA3B|SOCS3|NDRG1|RASSF1|ACKR3,-3.2,MyList
Cell Type Signatures,7,M39215,ZHENG CORD BLOOD C6 HSC MULTIPOTENT PROGENITOR,,-4.7,4.4,5.7,30293,97,851,12,1.4,0.4,972|1051|1647|2355|3119|3123|3127|6303|6515|7277|22915|54541,CD74|CEBPB|GADD45A|FOSL2|HLA-DQB1|HLA-DRB1|HLA-DRB5|SAT1|SLC2A3|TUBA4A|MMRN1|DDIT4,-3.2,MyList
DisGeNET,35,C0010036,Corneal dystrophy,,-4.7,4.1,5.6,30293,113,851,13,1.5,0.42,1277|1295|1421|2934|3576|3853|3854|5080|5476|7045|30813|55130|79977,COL1A1|COL8A1|CRYGD|GSN|CXCL8|KRT6A|KRT6B|PAX6|CTSA|TGFBI|VSX1|ODAD2|GRHL2,-3.2,MyList
DisGeNET,35,C0206638,Giant Cell Tumor of Bone,,-4.7,4.1,5.6,30293,113,851,13,1.5,0.42,1051|1634|2697|3123|3576|5111|5476|6364|7058|7291|8788|8792|51129,CEBPB|DCN|GJA1|HLA-DRB1|CXCL8|PCNA|CTSA|CCL20|THBS2|TWIST1|DLK1|TNFRSF11A|ANGPTL4,-3.2,MyList
DisGeNET,35,C3241937,Nonalcoholic Steatohepatitis,,-4.7,2.4,4.9,30293,434,851,29,3.4,0.62,174|301|634|861|1026|1277|1647|1822|3552|3576|3598|3725|4319|4973|5196|6374|6850|7128|7448|8660|9314|9518|11096|11186|27035|57761|148022|252995|375704,AFP|ANXA1|CEACAM1|RUNX1|CDKN1A|COL1A1|GADD45A|ATN1|IL1A|CXCL8|IL13RA2|JUN|MMP10|OLR1|PF4|CXCL5|SYK|TNFAIP3|VTN|IRS2|KLF4|GDF15|ADAMTS5|RASSF1|NOX1|TRIB3|TICAM1|FNDC5|ENHO,-3.2,MyList
DisGeNET,35,C0206659,Embryonal Carcinoma,,-4.7,3.5,5.4,30293,165,851,16,1.9,0.47,174|650|1029|2335|2596|3481|3855|4288|5111|7044|8788|9573|11186|53827|64321|132625,AFP|BMP2|CDKN2A|FN1|GAP43|IGF2|KRT7|MKI67|PCNA|LEFTY2|DLK1|GDF3|RASSF1|FXYD5|SOX17|ZFP42,-3.2,MyList
DisGeNET,35,C0024143,Lupus Nephritis,,-4.7,2.3,4.9,30293,503,851,32,3.8,0.65,119|133|285|567|633|718|972|1026|1277|1356|1822|1993|2335|2355|3123|3339|3383|3576|3725|5111|5155|5446|6352|6376|6546|6690|6850|7128|9235|22943|51199|54101,ADD2|ADM|ANGPT2|B2M|BGN|C3|CD74|CDKN1A|COL1A1|CP|ATN1|ELAVL2|FN1|FOSL2|HLA-DRB1|HSPG2|ICAM1|CXCL8|JUN|PCNA|PDGFB|PON3|CCL5|CX3CL1|SLC8A1|SPINK1|SYK|TNFAIP3|IL32|DKK1|NIN|RIPK4,-3.2,MyList
DisGeNET,35,C0496870,Benign neoplasm of liver,,-4.7,14,7.8,30293,13,851,5,0.59,0.26,174|3383|3481|4288|5111,AFP|ICAM1|IGF2|MKI67|PCNA,-3.2,MyList
DisGeNET,35,C3806301,Scarring alopecia of scalp,,-4.7,14,7.8,30293,13,851,5,0.59,0.26,1294|3691|3914|3918|5339,COL7A1|ITGB4|LAMB3|LAMC2|PLEC,-3.2,MyList
DisGeNET,35,C0333307,Superficial ulcer,,-4.7,2.9,5.2,30293,242,851,20,2.4,0.52,414|1029|1052|1311|1421|3123|3127|3552|3576|5063|6348|6660|6850|7045|7058|8792|9235|9518|22943|27035,ARSD|CDKN2A|CEBPD|COMP|CRYGD|HLA-DRB1|HLA-DRB5|IL1A|CXCL8|PAK3|CCL3|SOX5|SYK|TGFBI|THBS2|TNFRSF11A|IL32|GDF15|DKK1|NOX1,-3.2,MyList
DisGeNET,35,C1844376,"Granulomatous Disease, Chronic, X-Linked",,-4.7,6.8,6.4,30293,42,851,8,0.94,0.33,1822|3552|3576|4689|4804|6736|27035|50506,ATN1|IL1A|CXCL8|NCF4|NGFR|SRY|NOX1|DUOX2,-3.1,MyList
DisGeNET,35,C0014457,Eosinophilia,,-4.7,2.6,5,30293,325,851,24,2.8,0.57,26|290|861|1179|1440|2624|3123|3339|3383|3552|3561|3576|3589|3918|4055|5322|5729|6238|6348|6352|7070|7291|10630|84433,AOC1|ANPEP|RUNX1|CLCA1|CSF3|GATA2|HLA-DRB1|HSPG2|ICAM1|IL1A|IL2RG|CXCL8|IL11|LAMC2|LTBR|PLA2G5|PTGDR|RRBP1|CCL3|CCL5|THY1|TWIST1|PDPN|CARD11,-3.1,MyList
DisGeNET,35,C2973725,Pulmonary arterial hypertension,,-4.7,2.4,4.9,30293,413,851,28,3.3,0.61,634|823|846|961|1277|1361|1942|2034|2353|2355|2697|3123|3339|3383|3741|5209|6352|7056|7291|9314|9518|27035|50506|64321|80150|84913|166012|284119,CEACAM1|CAPN1|CASR|CD47|COL1A1|CPB2|EFNA1|EPAS1|FOS|FOSL2|GJA1|HLA-DRB1|HSPG2|ICAM1|KCNA5|PFKFB3|CCL5|THBD|TWIST1|KLF4|GDF15|NOX1|DUOX2|SOX17|ASRGL1|ATOH8|CHST13|CAVIN1,-3.1,MyList
DisGeNET,35,C0027766,Nervous System Neoplasms,,-4.7,5.2,5.9,30293,68,851,10,1.2,0.37,238|429|1029|1030|4804|4914|7101|7295|8929|9961,ALK|ASCL1|CDKN2A|CDKN2B|NGFR|NTRK1|NR2E1|TXN|PHOX2B|MVP,-3.1,MyList
Transcription Factor Targets,16,M2501,MEF2 01,,-4.7,3.6,5.4,30293,148,851,15,1.8,0.45,655|823|1463|2353|3037|3694|3725|3780|8403|9590|10150|22943|57561|84107|94015,BMP7|CAPN1|NCAN|FOS|HAS2|ITGB6|JUN|KCNN1|SOX14|AKAP12|MBNL2|DKK1|ARRDC3|ZIC4|TTYH2,-3.1,MyList
Transcription Factor Targets,16,M3263,STAT3 02,,-4.7,3.6,5.4,30293,148,851,15,1.8,0.45,1649|2045|2530|3219|4036|4661|4684|4753|10418|10814|27289|57402|79924|140738|170302,DDIT3|EPHA7|FUT8|HOXB9|LRP2|MYT1|NCAM1|NELL2|SPON1|CPLX2|RND1|S100A14|ADM2|TMEM37|ARX,-3.1,MyList
DisGeNET,35,C0085695,Chronic gastritis,,-4.7,4.1,5.6,30293,114,851,13,1.5,0.42,301|1029|1044|1045|2512|3552|3576|6352|7031|11186|51083|56287|79192,ANXA1|CDKN2A|CDX1|CDX2|FTL|IL1A|CXCL8|CCL5|TFF1|RASSF1|GAL|GKN1|IRX1,-3.1,MyList
Cell Type Signatures,7,M40018,BUSSLINGER GASTRIC G CELLS,,-4.7,4.4,5.7,30293,98,851,12,1.4,0.4,3642|4760|4821|5080|5122|5126|10653|27344|29106|55450|170302|387882,INSM1|NEUROD1|NKX2-2|PAX6|PCSK1|PCSK2|SPINT2|PCSK1N|SCG3|CAMK2N1|ARX|C12orf75,-3.1,MyList
DisGeNET,35,C4552091,"Polyarthritis, Juvenile, Rheumatoid Factor Negative",,-4.7,3.8,5.5,30293,131,851,14,1.6,0.44,694|1647|1649|2353|2355|2791|3725|3772|4973|6515|9314|10826|23043|150094,BTG1|GADD45A|DDIT3|FOS|FOSL2|GNG11|JUN|KCNJ15|OLR1|SLC2A3|KLF4|FAXDC2|TNIK|SIK1,-3.1,MyList
DisGeNET,35,C0020507,Hyperplasia,,-4.7,3.8,5.5,30293,131,851,14,1.6,0.44,429|846|1026|1029|1030|2335|2697|3852|5021|6288|7128|7424|7538|8660,ASCL1|CASR|CDKN1A|CDKN2A|CDKN2B|FN1|GJA1|KRT5|OXTR|SAA1|TNFAIP3|VEGFC|ZFP36|IRS2,-3.1,MyList
DisGeNET,35,C4704862,"Polyarthritis, Juvenile, Rheumatoid Factor Positive",,-4.7,3.8,5.5,30293,131,851,14,1.6,0.44,694|1647|1649|2353|2355|2791|3725|3772|4973|6515|9314|10826|23043|150094,BTG1|GADD45A|DDIT3|FOS|FOSL2|GNG11|JUN|KCNJ15|OLR1|SLC2A3|KLF4|FAXDC2|TNIK|SIK1,-3.1,MyList
DisGeNET,35,C1842406,Pancreatic calcification,,-4.7,20,8.7,30293,7,851,4,0.47,0.23,846|5644|5645|6690,CASR|PRSS1|PRSS2|SPINK1,-3.1,MyList
TRRUST,34,TRR00019,Regulated by: ASCL1,,-4.7,20,8.7,30293,7,851,4,0.47,0.23,1136|1143|3481|22943,CHRNA3|CHRNB4|IGF2|DKK1,-3.1,MyList
DisGeNET,35,C1850765,Visual auras,,-4.7,20,8.7,30293,7,851,4,0.47,0.23,3123|6900|7045|9211,HLA-DRB1|CNTN2|TGFBI|LGI1,-3.1,MyList
DisGeNET,35,C0266159,Pyloric Atresia,,-4.7,20,8.7,30293,7,851,4,0.47,0.23,174|3691|3918|5339,AFP|ITGB4|LAMC2|PLEC,-3.1,MyList
DisGeNET,35,C0876973,Infectious Lung Disorder,,-4.7,3.3,5.3,30293,185,851,17,2,0.48,718|1440|1462|2335|2920|3552|3576|4194|5196|5880|6513|9021|9961|11082|11254|54210|54498,C3|CSF3|VCAN|FN1|CXCL2|IL1A|CXCL8|MDM4|PF4|RAC2|SLC2A1|SOCS3|MVP|ESM1|SLC6A14|TREM1|SMOX,-3.1,MyList
DisGeNET,35,C2609414,Acute kidney injury,,-4.7,3.3,5.3,30293,185,851,17,2,0.48,2|301|567|718|823|1356|1649|1889|2034|2243|2335|3383|4036|6288|6928|7056|112399,A2M|ANXA1|B2M|C3|CAPN1|CP|DDIT3|ECE1|EPAS1|FGA|FN1|ICAM1|LRP2|SAA1|HNF1B|THBD|EGLN3,-3.1,MyList
DisGeNET,35,C4316903,Absence Seizures,,-4.7,3.1,5.2,30293,204,851,18,2.1,0.49,1136|1137|1143|2290|2353|2558|3785|4804|5063|6096|6513|6546|6547|23316|54715|150094|170302|340533,CHRNA3|CHRNA4|CHRNB4|FOXG1|FOS|GABRA5|KCNQ2|NGFR|PAK3|RORB|SLC2A1|SLC8A1|SLC8A3|CUX2|RBFOX1|SIK1|ARX|NEXMIF,-3.1,MyList
PaGenBase,36,PGB:00004,Tissue-specific: kidney,,-4.7,2.3,4.8,30293,483,851,31,3.6,0.64,26|846|1015|2444|3589|3772|4036|5076|5456|6296|6493|6928|7020|7021|9056|9423|9465|10103|10655|11082|50614|55351|64220|79919|79924|84952|147040|166824|168002|340024|346389,AOC1|CASR|CDH17|FRK|IL11|KCNJ15|LRP2|PAX2|POU3F4|ACSM3|SIM2|HNF1B|TFAP2A|TFAP2B|SLC7A7|NTN1|AKAP7|TSPAN1|DMRT2|ESM1|GALNT9|STK32B|STRA6|MAB21L4|ADM2|CGNL1|KCTD11|RASSF6|DACT2|SLC6A19|MACC1,-3.1,MyList
DisGeNET,35,C0019189,"Hepatitis, Chronic",,-4.7,3,5.2,30293,224,851,19,2.2,0.51,174|567|1029|1030|1356|2335|3481|3725|3855|4288|4684|5063|6352|6690|9021|11186|22915|23213|51129,AFP|B2M|CDKN2A|CDKN2B|CP|FN1|IGF2|JUN|KRT7|MKI67|NCAM1|PAK3|CCL5|SPINK1|SOCS3|RASSF1|MMRN1|SULF1|ANGPTL4,-3.1,MyList
Transcription Factor Targets,16,M19455,PR 01,,-4.7,3.6,5.4,30293,149,851,15,1.8,0.45,577|1996|2045|3222|4155|4622|5100|5155|5629|8190|8553|23440|27133|56884|116986,ADGRB3|ELAVL4|EPHA7|HOXC5|MBP|MYH4|PCDH8|PDGFB|PROX1|MIA|BHLHE40|OTP|KCNH5|FSTL5|AGAP2,-3.1,MyList
DisGeNET,35,C0149940,Sciatic Neuropathy,,-4.7,4,5.5,30293,115,851,13,1.5,0.42,718|823|1996|3283|3383|4622|4804|5111|5125|5327|6352|9590|11255,C3|CAPN1|ELAVL4|HSD3B1|ICAM1|MYH4|NGFR|PCNA|PCSK5|PLAT|CCL5|AKAP12|HRH3,-3.1,MyList
Transcription Factor Targets,16,M3489,AMEF2 Q6,,-4.7,2.8,5.1,30293,265,851,21,2.5,0.53,823|1463|1993|2258|3037|3725|5396|5521|6096|6578|6660|7277|9181|10150|10725|22943|27164|27319|114798|167826|389206,CAPN1|NCAN|ELAVL2|FGF13|HAS2|JUN|PRRX1|PPP2R2B|RORB|SLCO2A1|SOX5|TUBA4A|ARHGEF2|MBNL2|NFAT5|DKK1|SALL3|BHLHE22|SLITRK1|OLIG3|BEND4,-3.1,MyList
Transcription Factor Targets,16,M14960,POU3F2 02,,-4.7,2.8,5.1,30293,265,851,21,2.5,0.53,133|1012|1440|1634|3211|3219|3236|3776|4661|4762|5100|5521|6572|6892|7401|9211|9951|27164|55117|63973|84107,ADM|CDH13|CSF3|DCN|HOXB1|HOXB9|HOXD10|KCNK2|MYT1|NEUROG1|PCDH8|PPP2R2B|SLC18A3|TAPBP|CLRN1|LGI1|HS3ST4|SALL3|SLC6A15|NEUROG2|ZIC4,-3.1,MyList
Transcription Factor Targets,16,M17779,PAX2 02,,-4.7,2.8,5.1,30293,265,851,21,2.5,0.53,114|862|1996|2353|2899|3213|3226|5099|5209|5339|5521|7025|8929|9465|11075|11170|11343|51208|55885|84107|91862,ADCY8|RUNX1T1|ELAVL4|FOS|GRIK3|HOXB3|HOXC10|PCDH7|PFKFB3|PLEC|PPP2R2B|NR2F1|PHOX2B|AKAP7|STMN2|FAM107A|MGLL|CLDN18|LMO3|ZIC4|MARVELD3,-3.1,MyList
Transcription Factor Targets,16,M15349,DBP Q6,,-4.7,2.8,5.1,30293,265,851,21,2.5,0.53,694|2045|2168|2823|5076|5100|6892|7029|8403|10150|10215|10725|27328|54715|55885|57616|64641|84631|85416|154091|375704,BTG1|EPHA7|FABP1|GPM6A|PAX2|PCDH8|TAPBP|TFDP2|SOX14|MBNL2|OLIG2|NFAT5|PCDH11X|RBFOX1|LMO3|TSHZ3|EBF2|SLITRK2|ZIC5|SLC2A12|ENHO,-3.1,MyList
DisGeNET,35,C4706583,Limbic encephalitis with leucine-rich glioma-inactivated 1 antibodies,,-4.7,36,10,30293,3,851,3,0.35,0.2,3119|3123|9211,HLA-DQB1|HLA-DRB1|LGI1,-3.1,MyList
TRRUST,34,TRR00497,Regulated by: HMGN1,,-4.7,36,10,30293,3,851,3,0.35,0.2,2353|5111|7031,FOS|PCNA|TFF1,-3.1,MyList
DisGeNET,35,C0265482,Ring Chromosome 20 Syndrome,,-4.7,36,10,30293,3,851,3,0.35,0.2,1137|3785|5476,CHRNA4|KCNQ2|CTSA,-3.1,MyList
DisGeNET,35,C1698394,Acute promyelocytic leukaemia differentiation syndrome,,-4.7,36,10,30293,3,851,3,0.35,0.2,3576|6352|7056,CXCL8|CCL5|THBD,-3.1,MyList
Cell Type Signatures,7,M39058,MANNO MIDBRAIN NEUROTYPES HPROGM,,-4.6,2.7,5,30293,307,851,23,2.7,0.56,655|961|1063|4036|5334|5354|5800|5992|6385|7291|9211|9543|22915|23213|23657|29923|54541|56892|92293|116159|120114|170302|286204,BMP7|CD47|CENPF|LRP2|PLCL1|PLP1|PTPRO|RFX4|SDC4|TWIST1|LGI1|IGDCC3|MMRN1|SULF1|SLC7A11|HILPDA|DDIT4|TCIM|TMEM132C|CYYR1|FAT3|ARX|CRB2,-3.1,MyList
DisGeNET,35,C1868683,"B-CELL MALIGNANCY, LOW-GRADE",,-4.6,2.5,4.9,30293,350,851,25,2.9,0.58,285|602|694|846|972|1029|1030|1440|1621|1634|2353|3383|3552|3576|3589|3725|3726|4023|5327|5800|6513|6850|9052|23541|51477,ANGPT2|BCL3|BTG1|CASR|CD74|CDKN2A|CDKN2B|CSF3|DBH|DCN|FOS|ICAM1|IL1A|CXCL8|IL11|JUN|JUNB|LPL|PLAT|PTPRO|SLC2A1|SYK|GPRC5A|SEC14L2|ISYNA1,-3.1,MyList
Transcription Factor Targets,16,M7827,HMX1 01,,-4.6,6.6,6.3,30293,43,851,8,0.94,0.33,273|3397|3726|3780|4821|11122|56936|114798,AMPH|ID1|JUNB|KCNN1|NKX2-2|PTPRT|CCDC177|SLITRK1,-3.1,MyList
DisGeNET,35,C0349530,Early gastric cancer,,-4.6,4.3,5.6,30293,100,851,12,1.4,0.4,174|1045|1087|2168|3576|5111|7031|7424|9518|51208|56287|64321,AFP|CDX2|CEACAM7|FABP1|CXCL8|PCNA|TFF1|VEGFC|GDF15|CLDN18|GKN1|SOX17,-3.1,MyList
DisGeNET,35,C4520843,Pterygium of eye,,-4.6,3.4,5.3,30293,169,851,16,1.9,0.47,1029|1281|2335|2353|3576|3725|3726|5111|6277|6303|6707|7291|7424|8482|10630|54101,CDKN2A|COL3A1|FN1|FOS|CXCL8|JUN|JUNB|PCNA|S100A6|SAT1|SPRR3|TWIST1|VEGFC|SEMA7A|PDPN|RIPK4,-3.1,MyList
DisGeNET,35,C1867441,Pterygium Of Conjunctiva And Cornea,,-4.6,3.4,5.3,30293,169,851,16,1.9,0.47,1029|1281|2335|2353|3576|3725|3726|5111|6277|6303|6707|7291|7424|8482|10630|54101,CDKN2A|COL3A1|FN1|FOS|CXCL8|JUN|JUNB|PCNA|S100A6|SAT1|SPRR3|TWIST1|VEGFC|SEMA7A|PDPN|RIPK4,-3.1,MyList
DisGeNET,35,C0279068,Childhood Solid Neoplasm,,-4.6,3.4,5.3,30293,169,851,16,1.9,0.47,238|846|1029|1440|1649|1822|2042|2335|2346|2521|3123|4914|9314|11186|57124|57126,ALK|CASR|CDKN2A|CSF3|DDIT3|ATN1|EPHA3|FN1|FOLH1|FUS|HLA-DRB1|NTRK1|KLF4|RASSF1|CD248|CD177,-3.1,MyList
TRRUST,34,TRR01251,Regulated by: SOX2,,-4.6,9.7,6.9,30293,22,851,6,0.71,0.29,4288|4916|5080|8022|10761|22943,MKI67|NTRK3|PAX6|LHX3|PLAC1|DKK1,-3.1,MyList
DisGeNET,35,C1290807,Diarrheal disorder,,-4.6,7.8,6.5,30293,32,851,7,0.82,0.31,846|2524|6288|6690|6809|6892|10045,CASR|FUT2|SAA1|SPINK1|STX3|TAPBP|SH2D3A,-3.1,MyList
DisGeNET,35,C0220701,RETINITIS PIGMENTOSA 1,,-4.6,7.8,6.5,30293,32,851,7,0.82,0.31,1641|4642|5327|6328|6533|7401|286204,DCX|MYO1D|PLAT|SCN3A|SLC6A6|CLRN1|CRB2,-3.1,MyList
DisGeNET,35,C0029531,Other cataract,,-4.6,7.8,6.5,30293,32,851,7,0.82,0.31,301|1410|1421|1491|3982|5080|6515,ANXA1|CRYAB|CRYGD|CTH|LIM2|PAX6|SLC2A3,-3.1,MyList
DisGeNET,35,C0007095,Carcinoid Tumor,,-4.6,2.8,5,30293,267,851,21,2.5,0.53,429|634|890|1012|1026|1029|1030|1045|2353|3642|3725|3726|4288|4760|5063|5111|6493|6513|9052|11186|23440,ASCL1|CEACAM1|CCNA2|CDH13|CDKN1A|CDKN2A|CDKN2B|CDX2|FOS|INSM1|JUN|JUNB|MKI67|NEUROD1|PAK3|PCNA|SIM2|SLC2A1|GPRC5A|RASSF1|OTP,-3.1,MyList
Transcription Factor Targets,16,M11821,CEBPB 01,,-4.6,2.8,5,30293,267,851,21,2.5,0.53,718|1634|1649|2045|2051|2259|2556|3226|3488|4622|5100|5493|7029|7545|9705|11096|23213|63976|79094|84107|90665,C3|DCN|DDIT3|EPHA7|EPHB6|FGF14|GABRA3|HOXC10|IGFBP5|MYH4|PCDH8|PPL|TFDP2|ZIC1|ST18|ADAMTS5|SULF1|PRDM16|CHAC1|ZIC4|TBL1Y,-3.1,MyList
DisGeNET,35,C0000786,Spontaneous abortion,,-4.6,3.2,5.2,30293,188,851,17,2,0.48,634|1277|1288|1293|1440|1893|2243|2266|2335|3209|3481|3589|3691|3694|4684|7045|55130,CEACAM1|COL1A1|COL4A6|COL6A3|CSF3|ECM1|FGA|FGG|FN1|HOXA13|IGF2|IL11|ITGB4|ITGB6|NCAM1|TGFBI|ODAD2,-3.1,MyList
DisGeNET,35,C0026470,Monoclonal Gammopathy of Undetermined Significance,,-4.6,3,5.1,30293,227,851,19,2.2,0.51,238|961|1026|1029|1030|3481|3552|3576|4023|4684|6364|6376|6850|7045|11186|22943|55655|57580|112399,ALK|CD47|CDKN1A|CDKN2A|CDKN2B|IGF2|IL1A|CXCL8|LPL|NCAM1|CCL20|CX3CL1|SYK|TGFBI|RASSF1|DKK1|NLRP2|PREX1|EGLN3,-3,MyList
Cell Type Signatures,7,M40021,BUSSLINGER GASTRIC OXYNTIC ENTEROCHROMAFFIN LIKE CELLS,,-4.6,4.6,5.7,30293,85,851,11,1.3,0.39,862|1804|1889|2180|2259|5122|5629|5644|10814|27344|29106,RUNX1T1|DPP6|ECE1|ACSL1|FGF14|PCSK1|PROX1|PRSS1|CPLX2|PCSK1N|SCG3,-3,MyList
DisGeNET,35,C0853662,Oestrogen deficiency,,-4.6,4.6,5.7,30293,85,851,11,1.3,0.39,133|285|650|972|2697|2852|3552|3589|6513|8792|22943,ADM|ANGPT2|BMP2|CD74|GJA1|GPER1|IL1A|IL11|SLC2A1|TNFRSF11A|DKK1,-3,MyList
DisGeNET,35,C1266043,Sarcomatoid Renal Cell Carcinoma,,-4.6,3.7,5.4,30293,134,851,14,1.6,0.44,238|307|1410|2034|2886|3855|6513|6928|8790|9745|10397|50944|79026|84433,ALK|ANXA4|CRYAB|EPAS1|GRB7|KRT7|SLC2A1|HNF1B|FPGT|ZNF536|NDRG1|SHANK1|AHNAK|CARD11,-3,MyList
DisGeNET,35,C0085109,Corneal Neovascularization,,-4.6,4,5.4,30293,117,851,13,1.5,0.42,285|634|1634|1893|1910|3383|3576|5327|5629|7424|9068|9423|59277,ANGPT2|CEACAM1|DCN|ECM1|EDNRB|ICAM1|CXCL8|PLAT|PROX1|VEGFC|ANGPTL1|NTN1|NTN4,-3,MyList
DisGeNET,35,C1511789,Desmoplastic,,-4.6,4,5.4,30293,117,851,13,1.5,0.42,1029|1293|1301|1634|2335|3339|3589|3624|4288|4804|22915|57124|79633,CDKN2A|COL6A3|COL11A1|DCN|FN1|HSPG2|IL11|INHBA|MKI67|NGFR|MMRN1|CD248|FAT4,-3,MyList
DisGeNET,35,C0751494,Convulsive Seizures,,-4.6,4,5.4,30293,117,851,13,1.5,0.42,1136|1137|1143|2290|2353|2558|3785|4804|6296|6513|6546|6547|54715,CHRNA3|CHRNA4|CHRNB4|FOXG1|FOS|GABRA5|KCNQ2|NGFR|ACSM3|SLC2A1|SLC8A1|SLC8A3|RBFOX1,-3,MyList
DisGeNET,35,C0206681,"Adenocarcinoma, Clear Cell",,-4.6,4,5.4,30293,117,851,13,1.5,0.42,307|823|1029|1491|3624|4916|5111|6928|7045|11186|132625|140453|387882,ANXA4|CAPN1|CDKN2A|CTH|INHBA|NTRK3|PCNA|HNF1B|TGFBI|RASSF1|ZFP42|MUC17|C12orf75,-3,MyList
Transcription Factor Targets,16,M14351,AFP1 Q6,,-4.6,2.8,5,30293,268,851,21,2.5,0.53,1012|1295|1641|1993|2045|3037|3226|3236|4821|5126|5396|5629|7025|7545|8929|10512|23213|23440|54715|84107|387882,CDH13|COL8A1|DCX|ELAVL2|EPHA7|HAS2|HOXC10|HOXD10|NKX2-2|PCSK2|PRRX1|PROX1|NR2F1|ZIC1|PHOX2B|SEMA3C|SULF1|OTP|RBFOX1|ZIC4|C12orf75,-3,MyList
Transcription Factor Targets,16,M13594,OCT1 06,,-4.6,2.8,5,30293,268,851,21,2.5,0.53,744|1993|2823|3227|4762|4916|5076|5396|6303|6328|6660|6928|7025|8929|9211|11075|54715|55885|167826|389206|653145,MPPED2|ELAVL2|GPM6A|HOXC11|NEUROG1|NTRK3|PAX2|PRRX1|SAT1|SCN3A|SOX5|HNF1B|NR2F1|PHOX2B|LGI1|STMN2|RBFOX1|LMO3|OLIG3|BEND4|ANXA8,-3,MyList
DisGeNET,35,C0008370,Cholestasis,,-4.6,2.4,4.8,30293,420,851,28,3.3,0.61,174|290|345|567|602|846|1277|1634|2034|2243|2852|2920|3383|3397|3552|3576|3855|5122|5155|5339|6288|6662|6892|6928|7429|23541|55286|80150,AFP|ANPEP|APOC3|B2M|BCL3|CASR|COL1A1|DCN|EPAS1|FGA|GPER1|CXCL2|ICAM1|ID1|IL1A|CXCL8|KRT7|PCSK1|PDGFB|PLEC|SAA1|SOX9|TAPBP|HNF1B|VIL1|SEC14L2|C4orf19|ASRGL1,-3,MyList
DisGeNET,35,C4721414,Mantle cell lymphoma,,-4.6,2.3,4.8,30293,466,851,30,3.5,0.63,117|301|567|655|846|961|972|1026|1029|1030|1496|1649|1822|2521|3209|3481|4023|4194|4914|5111|6348|6662|6736|6850|6886|7424|9021|9314|29923|84433,ADCYAP1R1|ANXA1|B2M|BMP7|CASR|CD47|CD74|CDKN1A|CDKN2A|CDKN2B|CTNNA2|DDIT3|ATN1|FUS|HOXA13|IGF2|LPL|MDM4|NTRK1|PCNA|CCL3|SOX9|SRY|SYK|TAL1|VEGFC|SOCS3|KLF4|HILPDA|CARD11,-3,MyList
DisGeNET,35,C0041341,Tuberous Sclerosis,,-4.6,2.7,5,30293,289,851,22,2.6,0.54,301|1029|1045|1621|1641|2697|3383|3576|3918|5111|5396|6513|6662|7424|8660|9314|22943|23645|54541|54997|63973|84894,ANXA1|CDKN2A|CDX2|DBH|DCX|GJA1|ICAM1|CXCL8|LAMC2|PCNA|PRRX1|SLC2A1|SOX9|VEGFC|IRS2|KLF4|DKK1|PPP1R15A|DDIT4|TESC|NEUROG2|LINGO1,-3,MyList
DisGeNET,35,C4721413,Juvenile angiofibroma,,-4.6,6.5,6.2,30293,44,851,8,0.94,0.33,1277|1281|1462|1634|2346|3481|8974|10194,COL1A1|COL3A1|VCAN|DCN|FOLH1|IGF2|P4HA2|TSHZ1,-3,MyList
DisGeNET,35,C0007766,Intracranial Aneurysm,,-4.6,2.6,4.9,30293,311,851,23,2.7,0.56,875|1029|1030|1281|1462|2335|3339|3552|3561|5327|6296|6348|6513|7045|7291|8660|25802|26579|64321|84171|84433|122953|169044,CBS|CDKN2A|CDKN2B|COL3A1|VCAN|FN1|HSPG2|IL1A|IL2RG|PLAT|ACSM3|CCL3|SLC2A1|TGFBI|TWIST1|IRS2|LMOD1|MYEOV|SOX17|LOXL4|CARD11|JDP2|COL22A1,-3,MyList
DisGeNET,35,C0037939,Spinal Neoplasms,,-4.6,13,7.5,30293,14,851,5,0.59,0.26,650|2290|3918|4194|5155,BMP2|FOXG1|LAMC2|MDM4|PDGFB,-3,MyList
DisGeNET,35,C3887662,Intraspinal Neoplasm,,-4.6,13,7.5,30293,14,851,5,0.59,0.26,650|2290|3918|4194|5155,BMP2|FOXG1|LAMC2|MDM4|PDGFB,-3,MyList
DisGeNET,35,C4551632,Recurrent pancreatitis,,-4.6,13,7.5,30293,14,851,5,0.59,0.26,846|4023|5644|5645|6690,CASR|LPL|PRSS1|PRSS2|SPINK1,-3,MyList
DisGeNET,35,C0751882,"Myasthenic Syndromes, Congenital",,-4.6,5.6,5.9,30293,57,851,9,1.1,0.35,2673|4804|4914|5339|6572|6616|8482|22895|60482,GFPT1|NGFR|NTRK1|PLEC|SLC18A3|SNAP25|SEMA7A|RPH3A|SLC5A7,-3,MyList
DisGeNET,35,C0017662,"Glomerulonephritis, Membranoproliferative",,-4.6,5.6,5.9,30293,57,851,9,1.1,0.35,174|285|718|1440|2335|3119|3123|7070|7448,AFP|ANGPT2|C3|CSF3|FN1|HLA-DQB1|HLA-DRB1|THY1|VTN,-3,MyList
Cell Type Signatures,7,M41670,TRAVAGLINI LUNG LYMPHATIC CELL,,-4.6,3.1,5.1,30293,209,851,18,2.1,0.49,285|961|2039|2274|2335|2823|3488|5629|6281|7025|7045|7295|9423|9590|10630|11343|22915|220323,ANGPT2|CD47|DMTN|FHL2|FN1|GPM6A|IGFBP5|PROX1|S100A10|NR2F1|TGFBI|TXN|NTN1|AKAP12|PDPN|MGLL|MMRN1|OAF,-3,MyList
DisGeNET,35,C0085633,Mood swings,,-4.5,3.3,5.2,30293,171,851,16,1.9,0.47,311|846|2512|2521|3119|3123|4036|4684|4914|5155|5446|8722|9211|10150|57007|340024,ANXA11|CASR|FTL|FUS|HLA-DQB1|HLA-DRB1|LRP2|NCAM1|NTRK1|PDGFB|PON3|CTSF|LGI1|MBNL2|ACKR3|SLC6A19,-3,MyList
Transcription Factor Targets,16,M6097,PR 02,,-4.5,3.7,5.3,30293,135,851,14,1.6,0.44,1026|2045|4155|4622|5155|5396|5629|6660|9211|9547|23440|27133|54498|56884,CDKN1A|EPHA7|MBP|MYH4|PDGFB|PRRX1|PROX1|SOX5|LGI1|CXCL14|OTP|KCNH5|SMOX|FSTL5,-3,MyList
DisGeNET,35,C0333463,Senile Plaques,,-4.5,2.9,5,30293,249,851,20,2.4,0.52,2|633|862|1052|1137|1634|2346|2596|3383|3481|3552|4023|4973|5729|6277|9423|10194|22915|54210|84417,A2M|BGN|RUNX1T1|CEBPD|CHRNA4|DCN|FOLH1|GAP43|ICAM1|IGF2|IL1A|LPL|OLR1|PTGDR|S100A6|NTN1|TSHZ1|MMRN1|TREM1|ECRG4,-3,MyList
Transcription Factor Targets,16,M7689,MEIS1 01,,-4.5,2.9,5,30293,249,851,20,2.4,0.52,114|862|1030|1301|1649|1996|2258|2353|2886|2899|4661|4684|5521|7547|8403|54715|55502|57124|58158|389206,ADCY8|RUNX1T1|CDKN2B|COL11A1|DDIT3|ELAVL4|FGF13|FOS|GRB7|GRIK3|MYT1|NCAM1|PPP2R2B|ZIC3|SOX14|RBFOX1|HES6|CD248|NEUROD4|BEND4,-3,MyList
DisGeNET,35,C1857276,Trichohepatoenteric Syndrome,,-4.5,2.4,4.8,30293,422,851,28,3.3,0.61,290|1277|1281|1641|1749|1750|2512|2624|2697|3127|3481|3552|3785|4023|4914|5076|7291|7401|7538|7681|8190|9211|25802|50848|55612|55655|57616|64220,ANPEP|COL1A1|COL3A1|DCX|DLX5|DLX6|FTL|GATA2|GJA1|HLA-DRB5|IGF2|IL1A|KCNQ2|LPL|NTRK1|PAX2|TWIST1|CLRN1|ZFP36|MKRN3|MIA|LGI1|LMOD1|F11R|FERMT1|NLRP2|TSHZ3|STRA6,-3,MyList
DisGeNET,35,C0343284,Chondrodysplasia,,-4.5,5,5.8,30293,71,851,10,1.2,0.37,1026|1299|1301|1311|1649|3339|9060|22915|23213|55790,CDKN1A|COL9A3|COL11A1|COMP|DDIT3|HSPG2|PAPSS2|MMRN1|SULF1|CSGALNACT1,-3,MyList
Cell Type Signatures,7,M39268,HU FETAL RETINA PHOTORECEPTOR,,-4.5,5,5.8,30293,71,851,10,1.2,0.37,1152|2173|2353|4760|4826|6616|10397|56884|58158|219287,CKB|FABP7|FOS|NEUROD1|NNAT|SNAP25|NDRG1|FSTL5|NEUROD4|AMER2,-3,MyList
DisGeNET,35,C0008925,Cleft Palate,,-4.5,2.1,4.7,30293,611,851,36,4.2,0.69,650|861|875|1063|1295|1299|1301|1749|1750|1822|2253|2255|2619|2697|3339|3481|3955|5396|5456|6493|6496|6658|6662|6913|6926|7020|7291|7546|9423|9573|11259|22915|54101|140679|150094|170302,BMP2|RUNX1|CBS|CENPF|COL8A1|COL9A3|COL11A1|DLX5|DLX6|ATN1|FGF8|FGF10|GAS1|GJA1|HSPG2|IGF2|LFNG|PRRX1|POU3F4|SIM2|SIX3|SOX3|SOX9|TBX15|TBX3|TFAP2A|TWIST1|ZIC2|NTN1|GDF3|FILIP1L|MMRN1|RIPK4|SLC32A1|SIK1|ARX,-3,MyList
DisGeNET,35,C0151449,Primary Sjögren's syndrome,,-4.5,2.6,4.9,30293,312,851,23,2.7,0.56,567|861|1822|1879|1993|3119|3123|3383|3576|3589|4036|4055|4914|5045|5334|5880|6348|6352|7128|7424|9021|9641|10964,B2M|RUNX1|ATN1|EBF1|ELAVL2|HLA-DQB1|HLA-DRB1|ICAM1|CXCL8|IL11|LRP2|LTBR|NTRK1|FURIN|PLCL1|RAC2|CCL3|CCL5|TNFAIP3|VEGFC|SOCS3|IKBKE|IFI44L,-3,MyList
DisGeNET,35,C4505436,Generalized Absence Seizures,,-4.5,4.2,5.5,30293,102,851,12,1.4,0.4,1136|1137|1143|2290|2353|2558|3785|4804|6513|6546|6547|54715,CHRNA3|CHRNA4|CHRNB4|FOXG1|FOS|GABRA5|KCNQ2|NGFR|SLC2A1|SLC8A1|SLC8A3|RBFOX1,-3,MyList
DisGeNET,35,C0022333,Jacksonian Seizure,,-4.5,4.2,5.5,30293,102,851,12,1.4,0.4,1136|1137|1143|2290|2353|2558|3785|4804|6513|6546|6547|54715,CHRNA3|CHRNA4|CHRNB4|FOXG1|FOS|GABRA5|KCNQ2|NGFR|SLC2A1|SLC8A1|SLC8A3|RBFOX1,-3,MyList
Transcription Factor Targets,16,M17373,PAX6 01,,-4.5,4.2,5.5,30293,102,851,12,1.4,0.4,2823|6096|7291|8929|23440|27123|27319|55885|56884|84631|167410|389206,GPM6A|RORB|TWIST1|PHOX2B|OTP|DKK2|BHLHE22|LMO3|FSTL5|SLITRK2|LIX1|BEND4,-3,MyList
DisGeNET,35,C0422853,Olfactory seizure,,-4.5,4.2,5.5,30293,102,851,12,1.4,0.4,1136|1137|1143|2290|2353|2558|3785|4804|6513|6546|6547|54715,CHRNA3|CHRNA4|CHRNB4|FOXG1|FOS|GABRA5|KCNQ2|NGFR|SLC2A1|SLC8A1|SLC8A3|RBFOX1,-3,MyList
DisGeNET,35,C0751496,"Seizures, Sensory",,-4.5,4.2,5.5,30293,102,851,12,1.4,0.4,1136|1137|1143|2290|2353|2558|3785|4804|6513|6546|6547|54715,CHRNA3|CHRNA4|CHRNB4|FOXG1|FOS|GABRA5|KCNQ2|NGFR|SLC2A1|SLC8A1|SLC8A3|RBFOX1,-3,MyList
DisGeNET,35,C0422850,"Seizures, Somatosensory",,-4.5,4.2,5.5,30293,102,851,12,1.4,0.4,1136|1137|1143|2290|2353|2558|3785|4804|6513|6546|6547|54715,CHRNA3|CHRNA4|CHRNB4|FOXG1|FOS|GABRA5|KCNQ2|NGFR|SLC2A1|SLC8A1|SLC8A3|RBFOX1,-3,MyList
DisGeNET,35,C0422852,"Seizures, Auditory",,-4.5,4.2,5.5,30293,102,851,12,1.4,0.4,1136|1137|1143|2290|2353|2558|3785|4804|6513|6546|6547|54715,CHRNA3|CHRNA4|CHRNB4|FOXG1|FOS|GABRA5|KCNQ2|NGFR|SLC2A1|SLC8A1|SLC8A3|RBFOX1,-3,MyList
Transcription Factor Targets,16,M3720,POU3F2 01,,-4.5,4.2,5.5,30293,102,851,12,1.4,0.4,577|2045|2823|2920|3236|5396|6892|7291|7401|8929|27164|55885,ADGRB3|EPHA7|GPM6A|CXCL2|HOXD10|PRRX1|TAPBP|TWIST1|CLRN1|PHOX2B|SALL3|LMO3,-3,MyList
DisGeNET,35,C0422855,Vertiginous seizure,,-4.5,4.2,5.5,30293,102,851,12,1.4,0.4,1136|1137|1143|2290|2353|2558|3785|4804|6513|6546|6547|54715,CHRNA3|CHRNA4|CHRNB4|FOXG1|FOS|GABRA5|KCNQ2|NGFR|SLC2A1|SLC8A1|SLC8A3|RBFOX1,-3,MyList
DisGeNET,35,C0751110,Single Seizure,,-4.5,4.2,5.5,30293,102,851,12,1.4,0.4,1136|1137|1143|2290|2353|2558|3785|4804|6513|6546|6547|54715,CHRNA3|CHRNA4|CHRNB4|FOXG1|FOS|GABRA5|KCNQ2|NGFR|SLC2A1|SLC8A1|SLC8A3|RBFOX1,-3,MyList
DisGeNET,35,C0751056,Non-epileptic convulsion,,-4.5,4.2,5.5,30293,102,851,12,1.4,0.4,1136|1137|1143|2290|2353|2558|3785|4804|6513|6546|6547|54715,CHRNA3|CHRNA4|CHRNB4|FOXG1|FOS|GABRA5|KCNQ2|NGFR|SLC2A1|SLC8A1|SLC8A3|RBFOX1,-3,MyList
DisGeNET,35,C0751123,Atonic Absence Seizures,,-4.5,4.2,5.5,30293,102,851,12,1.4,0.4,1136|1137|1143|2290|2353|2558|3785|4804|6513|6546|6547|54715,CHRNA3|CHRNA4|CHRNB4|FOXG1|FOS|GABRA5|KCNQ2|NGFR|SLC2A1|SLC8A1|SLC8A3|RBFOX1,-3,MyList
DisGeNET,35,C3495874,Nonepileptic Seizures,,-4.5,4.2,5.5,30293,102,851,12,1.4,0.4,1136|1137|1143|2290|2353|2558|3785|4804|6513|6546|6547|54715,CHRNA3|CHRNA4|CHRNB4|FOXG1|FOS|GABRA5|KCNQ2|NGFR|SLC2A1|SLC8A1|SLC8A3|RBFOX1,-3,MyList
DisGeNET,35,C0422854,Gustatory seizure,,-4.5,4.2,5.5,30293,102,851,12,1.4,0.4,1136|1137|1143|2290|2353|2558|3785|4804|6513|6546|6547|54715,CHRNA3|CHRNA4|CHRNB4|FOXG1|FOS|GABRA5|KCNQ2|NGFR|SLC2A1|SLC8A1|SLC8A3|RBFOX1,-3,MyList
DisGeNET,35,C0751495,"Seizures, Focal",,-4.5,3.1,5.1,30293,210,851,18,2.1,0.49,1136|1137|1143|1759|2290|2353|2558|3785|4804|5155|6513|6546|6547|6900|9211|23043|23316|54715,CHRNA3|CHRNA4|CHRNB4|DNM1|FOXG1|FOS|GABRA5|KCNQ2|NGFR|PDGFB|SLC2A1|SLC8A1|SLC8A3|CNTN2|LGI1|TNIK|CUX2|RBFOX1,-3,MyList
TRRUST,34,TRR01236,Regulated by: SMAD4,,-4.5,7.6,6.4,30293,33,851,7,0.82,0.31,345|862|1026|1030|1294|3725|7538,APOC3|RUNX1T1|CDKN1A|CDKN2B|COL7A1|JUN|ZFP36,-3,MyList
DisGeNET,35,C0038358,Gastric ulcer,,-4.5,3.7,5.3,30293,136,851,14,1.6,0.44,133|285|301|2335|3123|3552|3576|3589|5021|7031|11255|11343|51083|283987,ADM|ANGPT2|ANXA1|FN1|HLA-DRB1|IL1A|CXCL8|IL11|OXTR|TFF1|HRH3|MGLL|GAL|HID1,-3,MyList
DisGeNET,35,C0009806,Constipation,,-4.5,2.4,4.8,30293,424,851,28,3.3,0.61,429|650|846|1294|1822|1889|1910|2290|2335|2353|2512|2556|3852|3918|6496|6658|8022|8929|9378|10512|50506|50674|51142|63976|80150|253738|284119|405753,ASCL1|BMP2|CASR|COL7A1|ATN1|ECE1|EDNRB|FOXG1|FN1|FOS|FTL|GABRA3|KRT5|LAMC2|SIX3|SOX3|LHX3|PHOX2B|NRXN1|SEMA3C|DUOX2|NEUROG3|CHCHD2|PRDM16|ASRGL1|EBF3|CAVIN1|DUOXA2,-3,MyList
DisGeNET,35,C0877015,Pelvic Organ Prolapse,,-4.5,3.9,5.4,30293,119,851,13,1.5,0.42,633|1029|1277|1281|1634|1804|1893|3741|4319|5063|5266|22915|84171,BGN|CDKN2A|COL1A1|COL3A1|DCN|DPP6|ECM1|KCNA5|MMP10|PAK3|PI3|MMRN1|LOXL4,-3,MyList
DisGeNET,35,C0158646,Cleft palate with cleft lip,,-4.5,3.9,5.4,30293,119,851,13,1.5,0.42,174|414|602|650|875|1634|2253|2255|2335|5111|6690|9314|9892,AFP|ARSD|BCL3|BMP2|CBS|DCN|FGF8|FGF10|FN1|PCNA|SPINK1|KLF4|SNAP91,-3,MyList
Transcription Factor Targets,16,M19851,FOXO3 01,,-4.5,2.8,5,30293,251,851,20,2.4,0.52,460|1295|1942|2886|3037|3726|4826|4916|5080|5456|6886|7404|8906|9423|10150|27023|27164|54541|54715|55885,ASTN1|COL8A1|EFNA1|GRB7|HAS2|JUNB|NNAT|NTRK3|PAX6|POU3F4|TAL1|UTY|AP1G2|NTN1|MBNL2|FOXB1|SALL3|DDIT4|RBFOX1|LMO3,-3,MyList
Transcription Factor Targets,16,M2490,STAT6 01,,-4.5,2.7,4.9,30293,272,851,21,2.5,0.53,694|1749|2253|2258|2335|3226|3339|3383|4023|5100|7058|7401|8929|26050|27023|54674|57101|57561|84631|154091|255743,BTG1|DLX5|FGF8|FGF13|FN1|HOXC10|HSPG2|ICAM1|LPL|PCDH8|THBS2|CLRN1|PHOX2B|SLITRK5|FOXB1|LRRN3|ANO2|ARRDC3|SLITRK2|SLC2A12|NPNT,-3,MyList
DisGeNET,35,C0276289,Zika Virus Infection,,-4.5,3.2,5.1,30293,192,851,17,2,0.48,133|1641|2920|3552|3918|4055|6303|6352|7020|7295|11186|50848|51142|51477|54498|54541|148022,ADM|DCX|CXCL2|IL1A|LAMC2|LTBR|SAT1|CCL5|TFAP2A|TXN|RASSF1|F11R|CHCHD2|ISYNA1|SMOX|DDIT4|TICAM1,-3,MyList
DisGeNET,35,C1562113,Fleck corneal dystrophy,,-4.5,4.1,5.4,30293,103,851,12,1.4,0.4,301|1410|2335|2697|3552|3676|4194|7045|9211|9314|9961|54997,ANXA1|CRYAB|FN1|GJA1|IL1A|ITGA4|MDM4|TGFBI|LGI1|KLF4|MVP|TESC,-3,MyList
DisGeNET,35,C1368404,Hypopharyngeal Carcinoma,,-4.5,4.1,5.4,30293,103,851,12,1.4,0.4,846|1029|2114|3339|4804|5100|7291|7424|9021|10630|55655|79977,CASR|CDKN2A|ETS2|HSPG2|NGFR|PCDH8|TWIST1|VEGFC|SOCS3|PDPN|NLRP2|GRHL2,-3,MyList
DisGeNET,35,C0270549,Generalized Anxiety Disorder,,-4.5,4.1,5.4,30293,103,851,12,1.4,0.4,117|414|1822|3119|3855|6886|7058|7291|8929|10163|55351|169026,ADCYAP1R1|ARSD|ATN1|HLA-DQB1|KRT7|TAL1|THBS2|TWIST1|PHOX2B|WASF2|STK32B|SLC30A8,-3,MyList
DisGeNET,35,C1384666,hearing impairment,,-4.5,2,4.6,30293,739,851,41,4.8,0.73,107|1152|1277|1288|1294|1299|1301|1822|1855|1910|2169|2290|2624|2697|2934|3694|4036|5076|5456|5476|6296|6662|6736|6913|6928|7020|7021|7291|7401|7545|8792|9378|9573|9892|10397|11078|30846|65217|79784|79977|146227,ADCY1|CKB|COL1A1|COL4A6|COL7A1|COL9A3|COL11A1|ATN1|DVL1|EDNRB|FABP2|FOXG1|GATA2|GJA1|GSN|ITGB6|LRP2|PAX2|POU3F4|CTSA|ACSM3|SOX9|SRY|TBX15|HNF1B|TFAP2A|TFAP2B|TWIST1|CLRN1|ZIC1|TNFRSF11A|NRXN1|GDF3|SNAP91|NDRG1|TRIOBP|EHD2|PCDH15|MYH14|GRHL2|BEAN1,-3,MyList
Cell Type Signatures,7,M39306,CUI DEVELOPING HEART C9 B T CELL,,-4.5,3.4,5.2,30293,155,851,15,1.8,0.45,694|976|1195|3561|3726|5880|6352|6515|6892|7128|7277|7538|9235|9262|53827,BTG1|ADGRE5|CLK1|IL2RG|JUNB|RAC2|CCL5|SLC2A3|TAPBP|TNFAIP3|TUBA4A|ZFP36|IL32|STK17B|FXYD5,-3,MyList
Transcription Factor Targets,16,M18230,ETS Q4,,-4.5,2.8,4.9,30293,252,851,20,2.4,0.52,1649|3726|4055|5045|5080|5099|5155|5456|6328|7291|8403|8906|11082|51599|53827|55211|57124|57616|79983|116986,DDIT3|JUNB|LTBR|FURIN|PAX6|PCDH7|PDGFB|POU3F4|SCN3A|TWIST1|SOX14|AP1G2|ESM1|LSR|FXYD5|DPPA4|CD248|TSHZ3|POF1B|AGAP2,-3,MyList
DisGeNET,35,C0275524,Coinfection,,-4.5,2.8,4.9,30293,252,851,20,2.4,0.52,174|1087|2042|2697|3119|3552|3576|4023|4155|5111|5196|5272|6352|6616|9235|9518|9540|23541|54498|148022,AFP|CEACAM7|EPHA3|GJA1|HLA-DQB1|IL1A|CXCL8|LPL|MBP|PCNA|PF4|SERPINB9|CCL5|SNAP25|IL32|GDF15|TP53I3|SEC14L2|SMOX|TICAM1,-3,MyList
Transcription Factor Targets,16,M16396,AP2GAMMA 01,,-4.5,2.8,4.9,30293,252,851,20,2.4,0.52,602|1410|2899|3226|3589|3768|5063|5155|5476|6660|6662|10725|23452|26050|51286|55890|56033|63976|79977|84033,BCL3|CRYAB|GRIK3|HOXC10|IL11|KCNJ12|PAK3|PDGFB|CTSA|SOX5|SOX9|NFAT5|ANGPTL2|SLITRK5|CEND1|GPRC5C|BARX1|PRDM16|GRHL2|OBSCN,-3,MyList
DisGeNET,35,C1836542,Depressed nasal bridge,,-4.5,2.3,4.7,30293,426,851,28,3.3,0.61,286|650|1009|1277|1301|1855|2253|2290|2697|3211|3955|4036|5063|6660|6662|7020|7021|7291|9244|9378|23135|54101|57211|63976|79633|81794|150094|170302,ANK1|BMP2|CDH11|COL1A1|COL11A1|DVL1|FGF8|FOXG1|GJA1|HOXB1|LFNG|LRP2|PAK3|SOX5|SOX9|TFAP2A|TFAP2B|TWIST1|CRLF1|NRXN1|KDM6B|RIPK4|ADGRG6|PRDM16|FAT4|ADAMTS10|SIK1|ARX,-3,MyList
DisGeNET,35,C0018818,Ventricular Septal Defects,,-4.5,2.3,4.7,30293,426,851,28,3.3,0.61,414|650|1822|1889|2335|2697|3037|3209|3211|3481|4036|4916|5076|5125|6662|6926|7021|7044|7291|7424|7547|9378|9573|10194|64220|81794|150094|170302,ARSD|BMP2|ATN1|ECE1|FN1|GJA1|HAS2|HOXA13|HOXB1|IGF2|LRP2|NTRK3|PAX2|PCSK5|SOX9|TBX3|TFAP2B|LEFTY2|TWIST1|VEGFC|ZIC3|NRXN1|GDF3|TSHZ1|STRA6|ADAMTS10|SIK1|ARX,-3,MyList
DisGeNET,35,C0153633,Malignant neoplasm of brain,,-4.5,2.7,4.9,30293,294,851,22,2.6,0.54,117|238|429|768|846|976|1029|2173|3383|4155|4914|5111|6296|7538|8549|9211|10215|10630|11186|23213|57007|388585,ADCYAP1R1|ALK|ASCL1|CA9|CASR|ADGRE5|CDKN2A|FABP7|ICAM1|MBP|NTRK1|PCNA|ACSM3|ZFP36|LGR5|LGI1|OLIG2|PDPN|RASSF1|SULF1|ACKR3|HES5,-2.9,MyList
Transcription Factor Targets,16,M13672,HNF4 01,,-4.5,2.7,4.9,30293,273,851,21,2.5,0.53,1045|1822|2042|2169|2255|3236|3960|4023|4821|5339|6616|6660|6928|7869|9056|55057|63973|63976|84033|84107|89932,CDX2|ATN1|EPHA3|FABP2|FGF10|HOXD10|LGALS4|LPL|NKX2-2|PLEC|SNAP25|SOX5|HNF1B|SEMA3B|SLC7A7|CRYBG2|NEUROG2|PRDM16|OBSCN|ZIC4|PAPLN,-2.9,MyList
Transcription Factor Targets,16,M13237,BACH2 01,,-4.5,2.7,4.9,30293,273,851,21,2.5,0.53,650|768|1026|1294|1440|1647|1649|1942|3589|3691|3918|5122|5339|7401|11075|11346|23023|54674|56287|59277|79784,BMP2|CA9|CDKN1A|COL7A1|CSF3|GADD45A|DDIT3|EFNA1|IL11|ITGB4|LAMC2|PCSK1|PLEC|CLRN1|STMN2|SYNPO|TMCC1|LRRN3|GKN1|NTN4|MYH14,-2.9,MyList
Transcription Factor Targets,16,M5164,MYCMAX B,,-4.5,2.7,4.9,30293,273,851,21,2.5,0.53,429|1050|1995|2259|3219|3222|3397|3642|4760|5076|5155|6616|7101|8482|9021|9547|26257|50674|84969|85508|124842,ASCL1|CEBPA|ELAVL3|FGF14|HOXB9|HOXC5|ID1|INSM1|NEUROD1|PAX2|PDGFB|SNAP25|NR2E1|SEMA7A|SOCS3|CXCL14|NKX2-8|NEUROG3|TOX2|SCRT2|TMEM132E,-2.9,MyList
DisGeNET,35,C0040034,Thrombocytopenia,,-4.5,2.1,4.6,30293,592,851,35,4.1,0.68,174|567|718|861|961|1030|1356|1361|1440|1649|1822|1999|2243|2346|2624|2920|3123|3339|3576|3589|4684|5155|5196|5880|6352|6850|7056|7538|8792|9021|9056|10630|22915|50506|54210,AFP|B2M|C3|RUNX1|CD47|CDKN2B|CP|CPB2|CSF3|DDIT3|ATN1|ELF3|FGA|FOLH1|GATA2|CXCL2|HLA-DRB1|HSPG2|CXCL8|IL11|NCAM1|PDGFB|PF4|RAC2|CCL5|SYK|THBD|ZFP36|TNFRSF11A|SOCS3|SLC7A7|PDPN|MMRN1|DUOX2|TREM1,-2.9,MyList
DisGeNET,35,C0002448,Ameloblastoma,,-4.5,3.3,5.1,30293,174,851,16,1.9,0.47,633|650|1029|2255|2353|3339|3552|3576|4288|5111|5266|8434|8792|9181|10630|286077,BGN|BMP2|CDKN2A|FGF10|FOS|HSPG2|IL1A|CXCL8|MKI67|PCNA|PI3|RECK|TNFRSF11A|ARHGEF2|PDPN|FAM83H,-2.9,MyList
Transcription Factor Targets,16,M13967,ATF3 Q6,,-4.4,2.8,4.9,30293,253,851,20,2.4,0.52,114|890|1026|3226|3589|3642|3725|5063|7101|8549|8929|10150|10215|23645|55885|57111|64399|80736|150094|283987,ADCY8|CCNA2|CDKN1A|HOXC10|IL11|INSM1|JUN|PAK3|NR2E1|LGR5|PHOX2B|MBNL2|OLIG2|PPP1R15A|LMO3|RAB25|HHIP|SLC44A4|SIK1|HID1,-2.9,MyList
DisGeNET,35,C0008149,Chlamydia Infections,,-4.4,4.4,5.5,30293,88,851,11,1.3,0.39,718|2335|3123|3576|5024|5045|5284|6513|6515|22915|51477,C3|FN1|HLA-DRB1|CXCL8|P2RX3|FURIN|PIGR|SLC2A1|SLC2A3|MMRN1|ISYNA1,-2.9,MyList
DisGeNET,35,C0026998,"Acute Myeloid Leukemia, M1",,-4.4,3.6,5.2,30293,138,851,14,1.6,0.44,307|861|862|928|1050|1052|1440|1512|2274|2624|3222|4916|5142|6281,ANXA4|RUNX1|RUNX1T1|CD9|CEBPA|CEBPD|CSF3|CTSH|FHL2|GATA2|HOXC5|NTRK3|PDE4B|S100A10,-2.9,MyList
Transcription Factor Targets,16,M8720,STAT5A 03,,-4.4,2.7,4.9,30293,274,851,21,2.5,0.53,694|1749|2258|2335|3226|3339|4023|4661|5100|7058|7401|8929|24141|26050|54674|57101|57561|64641|84631|116372|255743,BTG1|DLX5|FGF13|FN1|HOXC10|HSPG2|LPL|MYT1|PCDH8|THBS2|CLRN1|PHOX2B|LAMP5|SLITRK5|LRRN3|ANO2|ARRDC3|EBF2|SLITRK2|LYPD1|NPNT,-2.9,MyList
DisGeNET,35,C0022568,Keratitis,,-4.4,3.4,5.2,30293,156,851,15,1.8,0.45,1294|2697|3576|3598|4914|4973|5080|5339|5629|6348|7424|9244|10653|54210|54498,COL7A1|GJA1|CXCL8|IL13RA2|NTRK1|OLR1|PAX6|PLEC|PROX1|CCL3|VEGFC|CRLF1|SPINT2|TREM1|SMOX,-2.9,MyList
DisGeNET,35,C0016667,Fragile X Syndrome,,-4.4,3.1,5,30293,194,851,17,2,0.48,107|301|414|961|1993|2934|3339|3481|3785|3960|4826|6506|6736|7291|9378|50944|84867,ADCY1|ANXA1|ARSD|CD47|ELAVL2|GSN|HSPG2|IGF2|KCNQ2|LGALS4|NNAT|SLC1A2|SRY|TWIST1|NRXN1|SHANK1|PTPN5,-2.9,MyList
Cell Type Signatures,7,M39200,HAY BONE MARROW IMMATURE NEUTROPHIL,,-4.4,3.1,5,30293,194,851,17,2,0.48,602|1026|1051|1052|1649|2512|3383|3397|5209|6533|6546|7056|7127|8553|23135|57561|124935,BCL3|CDKN1A|CEBPB|CEBPD|DDIT3|FTL|ICAM1|ID1|PFKFB3|SLC6A6|SLC8A1|THBD|TNFAIP2|BHLHE40|KDM6B|ARRDC3|SLC43A2,-2.9,MyList
DisGeNET,35,C0013581,Ectopia Lentis,,-4.4,7.3,6.3,30293,34,851,7,0.82,0.31,875|1277|1301|3339|6892|81794|220323,CBS|COL1A1|COL11A1|HSPG2|TAPBP|ADAMTS10|OAF,-2.9,MyList
DisGeNET,35,C0027697,Nephritis,,-4.4,2.6,4.8,30293,296,851,22,2.6,0.54,567|633|718|1029|1421|1822|2335|3119|3123|3383|3552|3576|3589|3676|5076|5155|5196|5800|6348|6352|6662|7070,B2M|BGN|C3|CDKN2A|CRYGD|ATN1|FN1|HLA-DQB1|HLA-DRB1|ICAM1|IL1A|CXCL8|IL11|ITGA4|PAX2|PDGFB|PF4|PTPRO|CCL3|CCL5|SOX9|THY1,-2.9,MyList
DisGeNET,35,C4049711,Lepidic Predominant Adenocarcinoma,,-4.4,6.2,6,30293,46,851,8,0.94,0.33,2697|2846|3383|3576|3589|7424|8190|10630,GJA1|LPAR4|ICAM1|CXCL8|IL11|VEGFC|MIA|PDPN,-2.9,MyList
Cell Type Signatures,7,M41707,FAN OVARY CL5 HEALTHY SELECTABLE FOLLICLE THECAL CELL,,-4.4,2.6,4.8,30293,318,851,23,2.7,0.56,133|633|1009|1195|1277|1281|1293|1889|2273|3725|5178|5480|6238|6320|9314|11259|22822|24141|51129|54541|56892|79974|220323,ADM|BGN|CDH11|CLK1|COL1A1|COL3A1|COL6A3|ECE1|FHL1|JUN|PEG3|PPIC|RRBP1|CLEC11A|KLF4|FILIP1L|PHLDA1|LAMP5|ANGPTL4|DDIT4|TCIM|CPED1|OAF,-2.9,MyList
Transcription Factor Targets,16,M1230,CATRRAGC UNKNOWN,,-4.4,3.6,5.2,30293,139,851,14,1.6,0.44,861|1301|1647|2259|2823|3236|3691|4194|4762|5080|6096|9378|55885|286077,RUNX1|COL11A1|GADD45A|FGF14|GPM6A|HOXD10|ITGB4|MDM4|NEUROG1|PAX6|RORB|NRXN1|LMO3|FAM83H,-2.9,MyList
DisGeNET,35,C0026106,Mild Mental Retardation,,-4.4,2.5,4.8,30293,340,851,24,2.8,0.57,1009|1137|1641|2259|3481|4914|5456|5476|6096|6513|6656|6658|6660|6736|7020|7021|9423|23043|50944|54498|55351|79633|81794|170302,CDH11|CHRNA4|DCX|FGF14|IGF2|NTRK1|POU3F4|CTSA|RORB|SLC2A1|SOX1|SOX3|SOX5|SRY|TFAP2A|TFAP2B|NTN1|TNIK|SHANK1|SMOX|STK32B|FAT4|ADAMTS10|ARX,-2.9,MyList
DisGeNET,35,C4704767,Myelodysplastic Syndrome Acute Myeloid Leukemia,,-4.4,18,8.1,30293,8,851,4,0.47,0.23,861|1050|1440|2624,RUNX1|CEBPA|CSF3|GATA2,-2.9,MyList
DisGeNET,35,C4024942,Late-onset muscular dystrophy,,-4.4,18,8.1,30293,8,851,4,0.47,0.23,1294|3914|3918|5339,COL7A1|LAMB3|LAMC2|PLEC,-2.9,MyList
DisGeNET,35,C0333161,Pseudocyst,,-4.4,18,8.1,30293,8,851,4,0.47,0.23,2335|3339|3918|6690,FN1|HSPG2|LAMC2|SPINK1,-2.9,MyList
DisGeNET,35,C0029295,Oropharyngeal Neoplasms,,-4.4,18,8.1,30293,8,851,4,0.47,0.23,1029|3119|3123|10397,CDKN2A|HLA-DQB1|HLA-DRB1|NDRG1,-2.9,MyList
Transcription Factor Targets,16,M9949,NFKAPPAB 01,,-4.4,2.8,4.9,30293,255,851,20,2.4,0.52,602|2307|2920|3219|3383|3552|3691|5126|6352|6374|6385|6660|6886|9423|9543|10725|23541|27289|54891|338917,BCL3|FOXS1|CXCL2|HOXB9|ICAM1|IL1A|ITGB4|PCSK2|CCL5|CXCL5|SDC4|SOX5|TAL1|NTN1|IGDCC3|NFAT5|SEC14L2|RND1|INO80D|VSX2,-2.9,MyList
Transcription Factor Targets,16,M6628,GTGGGTGK UNKNOWN,,-4.4,2.6,4.8,30293,297,851,22,2.6,0.54,2|1634|1993|2041|2255|2524|2913|3037|3211|5063|5126|5155|5396|5521|7275|7291|7869|8553|57111|57575|124930|167410,A2M|DCN|ELAVL2|EPHA1|FGF10|FUT2|GRM3|HAS2|HOXB1|PAK3|PCSK2|PDGFB|PRRX1|PPP2R2B|TUB|TWIST1|SEMA3B|BHLHE40|RAB25|PCDH10|ANKRD13B|LIX1,-2.9,MyList
Cell Type Signatures,7,M40242,DESCARTES FETAL LUNG MESOTHELIAL CELLS,,-4.4,4.1,5.4,30293,105,851,12,1.4,0.4,718|768|1510|3852|4973|11096|22943|23213|27289|28316|164312|286204,C3|CA9|CTSE|KRT5|OLR1|ADAMTS5|DKK1|SULF1|RND1|CDH20|LRRN4|CRB2,-2.9,MyList
Cell Type Signatures,7,M41698,TRAVAGLINI LUNG TREM2 DENDRITIC CELL,,-4.4,2.1,4.6,30293,572,851,34,4,0.67,2|290|307|928|972|1050|1512|2335|2512|2934|3119|3123|3127|4973|5106|5214|5476|5480|6277|6281|7045|7127|7295|8673|9056|9123|9314|9961|11259|11343|23612|26509|54210|55240,A2M|ANPEP|ANXA4|CD9|CD74|CEBPA|CTSH|FN1|FTL|GSN|HLA-DQB1|HLA-DRB1|HLA-DRB5|OLR1|PCK2|PFKP|CTSA|PPIC|S100A6|S100A10|TGFBI|TNFAIP2|TXN|VAMP8|SLC7A7|SLC16A3|KLF4|MVP|FILIP1L|MGLL|PHLDA3|MYOF|TREM1|STEAP3,-2.9,MyList
Transcription Factor Targets,16,M7937,AP1 C,,-4.4,2.7,4.8,30293,276,851,21,2.5,0.53,768|1294|1440|1647|1942|1993|2041|2697|3589|3918|4188|5339|7277|7869|23645|56287|59277|63874|153769|170685|196500,CA9|COL7A1|CSF3|GADD45A|EFNA1|ELAVL2|EPHA1|GJA1|IL11|LAMC2|MDFI|PLEC|TUBA4A|SEMA3B|PPP1R15A|GKN1|NTN4|ABHD4|SH3RF2|NUDT10|PIANP,-2.9,MyList
Cell Type Signatures,7,M41689,TRAVAGLINI LUNG BASOPHIL MAST 1 CELL,,-4.4,2.7,4.8,30293,276,851,21,2.5,0.53,301|307|311|928|2034|2353|2624|3725|4914|5327|5880|6809|8553|10653|23043|23645|25927|53827|54997|57648|80150,ANXA1|ANXA4|ANXA11|CD9|EPAS1|FOS|GATA2|JUN|NTRK1|PLAT|RAC2|STX3|BHLHE40|SPINT2|TNIK|PPP1R15A|CNRIP1|FXYD5|TESC|NHSL3|ASRGL1,-2.9,MyList
Transcription Factor Targets,16,M13773,ARGGGTTAA UNKNOWN,,-4.4,3.8,5.3,30293,122,851,13,1.5,0.42,862|2899|3037|3589|4760|5155|5339|6860|7277|11187|22895|25891|55200,RUNX1T1|GRIK3|HAS2|IL11|NEUROD1|PDGFB|PLEC|SYT4|TUBA4A|PKP3|RPH3A|PAMR1|PLEKHG6,-2.9,MyList
Transcription Factor Targets,16,M17319,SPZ1 01,,-4.4,2.9,4.9,30293,235,851,19,2.2,0.51,1879|2258|2353|3211|3219|3226|3746|3776|4916|5076|5126|5396|6658|6928|9902|50944|80736|85508|114798,EBF1|FGF13|FOS|HOXB1|HOXB9|HOXC10|KCNC1|KCNK2|NTRK3|PAX2|PCSK2|PRRX1|SOX3|HNF1B|MRC2|SHANK1|SLC44A4|SCRT2|SLITRK1,-2.9,MyList
DisGeNET,35,C4022560,Splanchnic vein thrombosis,,-4.4,12,7.2,30293,15,851,5,0.59,0.26,846|1361|5644|5645|6690,CASR|CPB2|PRSS1|PRSS2|SPINK1,-2.9,MyList
DisGeNET,35,C0684219,Myokymia,,-4.4,12,7.2,30293,15,851,5,0.59,0.26,111|2934|3741|3785|9211,ADCY5|GSN|KCNA5|KCNQ2|LGI1,-2.9,MyList
DisGeNET,35,C1290886,Chronic inflammatory disorder,,-4.4,4.8,5.6,30293,74,851,10,1.2,0.37,301|961|2114|2335|6376|7291|9235|9518|94234|375704,ANXA1|CD47|ETS2|FN1|CX3CL1|TWIST1|IL32|GDF15|FOXQ1|ENHO,-2.9,MyList
Transcription Factor Targets,16,M2463,MTF1 Q4,,-4.4,2.8,4.9,30293,256,851,20,2.4,0.52,1759|2259|3725|4826|5099|5339|5521|9719|9902|10725|11254|11343|25999|30846|56936|57575|64866|84631|85508|284119,DNM1|FGF14|JUN|NNAT|PCDH7|PLEC|PPP2R2B|ADAMTSL2|MRC2|NFAT5|SLC6A14|MGLL|CLIP3|EHD2|CCDC177|PCDH10|CDCP1|SLITRK2|SCRT2|CAVIN1,-2.9,MyList
Transcription Factor Targets,16,M4061,T3R Q6,,-4.4,2.8,4.9,30293,256,851,20,2.4,0.52,1641|1993|2045|3726|4825|4826|5080|6364|6547|6660|6926|10655|11346|53827|54798|57007|79026|84033|114798|389206,DCX|ELAVL2|EPHA7|JUNB|NKX6-1|NNAT|PAX6|CCL20|SLC8A3|SOX5|TBX3|DMRT2|SYNPO|FXYD5|DCHS2|ACKR3|AHNAK|OBSCN|SLITRK1|BEND4,-2.9,MyList
DisGeNET,35,C1842402,TROPICAL CALCIFIC PANCREATITIS,,-4.4,8.9,6.6,30293,24,851,6,0.71,0.29,650|5644|5645|6690|51199|80150,BMP2|PRSS1|PRSS2|SPINK1|NIN|ASRGL1,-2.9,MyList
DisGeNET,35,C0014059,"Encephalomyelitis, Acute Disseminated",,-4.4,8.9,6.6,30293,24,851,6,0.71,0.29,2|238|3119|3123|3127|3918,A2M|ALK|HLA-DQB1|HLA-DRB1|HLA-DRB5|LAMC2,-2.9,MyList
DisGeNET,35,C0149958,Complex partial seizures,,-4.4,3.6,5.2,30293,140,851,14,1.6,0.44,1136|1137|1143|2290|2353|2558|3785|4804|6513|6546|6547|9211|51083|54715,CHRNA3|CHRNA4|CHRNB4|FOXG1|FOS|GABRA5|KCNQ2|NGFR|SLC2A1|SLC8A1|SLC8A3|LGI1|GAL|RBFOX1,-2.9,MyList
DisGeNET,35,C0036920,Sezary Syndrome,,-4.4,3.1,5,30293,196,851,17,2,0.48,961|1029|1030|3119|3561|3576|3726|4914|6238|6352|6385|6546|7128|7291|9021|9235|84433,CD47|CDKN2A|CDKN2B|HLA-DQB1|IL2RG|CXCL8|JUNB|NTRK1|RRBP1|CCL5|SDC4|SLC8A1|TNFAIP3|TWIST1|SOCS3|IL32|CARD11,-2.9,MyList
DisGeNET,35,C0006079,Bowen's Disease,,-4.4,5.3,5.7,30293,60,851,9,1.1,0.35,1026|1029|3691|3918|4118|4288|4319|5111|9314,CDKN1A|CDKN2A|ITGB4|LAMC2|MAL|MKI67|MMP10|PCNA|KLF4,-2.9,MyList
PaGenBase,36,PGB:00120,Cell-specific: Cardiac Myocytes,,-4.4,5.3,5.7,30293,60,851,9,1.1,0.35,633|2335|2791|3397|4071|5327|7025|23213|57575,BGN|FN1|GNG11|ID1|TM4SF1|PLAT|NR2F1|SULF1|PCDH10,-2.9,MyList
DisGeNET,35,C0026837,Muscle Rigidity,,-4.4,2.6,4.8,30293,320,851,23,2.7,0.56,133|414|1410|1759|2243|2266|2273|2335|2512|2521|3918|3982|5155|5272|5645|6328|6506|8022|8831|11078|56896|84171|170302,ADM|ARSD|CRYAB|DNM1|FGA|FGG|FHL1|FN1|FTL|FUS|LAMC2|LIM2|PDGFB|SERPINB9|PRSS2|SCN3A|SLC1A2|LHX3|SYNGAP1|TRIOBP|DPYSL5|LOXL4|ARX,-2.9,MyList
Transcription Factor Targets,16,M11407,MEF2 02,,-4.4,2.9,4.9,30293,236,851,19,2.2,0.51,108|1295|1463|1996|2045|3725|3780|4753|5992|6547|6660|7025|7291|10725|54715|56937|81849|140679|255743,ADCY2|COL8A1|NCAN|ELAVL4|EPHA7|JUN|KCNN1|NELL2|RFX4|SLC8A3|SOX5|NR2F1|TWIST1|NFAT5|RBFOX1|PMEPA1|ST6GALNAC5|SLC32A1|NPNT,-2.9,MyList
DisGeNET,35,C0278987,Metastatic non-small cell lung cancer,,-4.4,4,5.3,30293,106,851,12,1.4,0.4,238|1029|1136|1301|3236|3725|4914|7045|7291|22943|57007|57402,ALK|CDKN2A|CHRNA3|COL11A1|HOXD10|JUN|NTRK1|TGFBI|TWIST1|DKK1|ACKR3|S100A14,-2.9,MyList
DisGeNET,35,C0034494,Rabies (disorder),,-4.4,3.8,5.2,30293,123,851,13,1.5,0.42,285|1137|2042|2051|2335|2524|2619|3383|3552|4804|5456|6352|338382,ANGPT2|CHRNA4|EPHA3|EPHB6|FN1|FUT2|GAS1|ICAM1|IL1A|NGFR|POU3F4|CCL5|RAB7B,-2.9,MyList
Transcription Factor Targets,16,M10206,RRAGTTGT UNKNOWN,,-4.4,2.8,4.8,30293,257,851,20,2.4,0.52,2556|3236|4821|5080|5099|6303|7020|7025|7404|9211|9314|26050|54891|57561|57616|64399|81849|84107|85508|283576,GABRA3|HOXD10|NKX2-2|PAX6|PCDH7|SAT1|TFAP2A|NR2F1|UTY|LGI1|KLF4|SLITRK5|INO80D|ARRDC3|TSHZ3|HHIP|ST6GALNAC5|ZIC4|SCRT2|ZDHHC22,-2.9,MyList
DisGeNET,35,C0342649,Vascular calcification,,-4.4,2.8,4.8,30293,257,851,20,2.4,0.52,290|650|655|823|846|1029|1311|1910|3576|4319|5111|6385|6513|6662|7056|7128|8792|9518|79924|80150,ANPEP|BMP2|BMP7|CAPN1|CASR|CDKN2A|COMP|EDNRB|CXCL8|MMP10|PCNA|SDC4|SLC2A1|SOX9|THBD|TNFAIP3|TNFRSF11A|GDF15|ADM2|ASRGL1,-2.9,MyList
Transcription Factor Targets,16,M4998,MYOD Q6 01,,-4.4,2.8,4.8,30293,257,851,20,2.4,0.52,655|861|862|961|1995|1996|2899|3481|5339|5521|6493|7277|7464|9590|11255|57561|63976|84107|128414|283987,BMP7|RUNX1|RUNX1T1|CD47|ELAVL3|ELAVL4|GRIK3|IGF2|PLEC|PPP2R2B|SIM2|TUBA4A|CORO2A|AKAP12|HRH3|ARRDC3|PRDM16|ZIC4|NKAIN4|HID1,-2.9,MyList
DisGeNET,35,C0205851,Germ cell tumor,,-4.4,2.7,4.8,30293,278,851,21,2.5,0.53,174|768|928|1029|1030|1440|2346|3481|3918|4023|4194|4914|5111|5178|6515|6886|9573|9961|10630|64321|80150,AFP|CA9|CD9|CDKN2A|CDKN2B|CSF3|FOLH1|IGF2|LAMC2|LPL|MDM4|NTRK1|PCNA|PEG3|SLC2A3|TAL1|GDF3|MVP|PDPN|SOX17|ASRGL1,-2.9,MyList
DisGeNET,35,C4551564,Narrow nasal bridge,,-4.3,6.1,5.9,30293,47,851,8,0.94,0.33,1281|2253|2619|2697|6496|7546|7681|8831,COL3A1|FGF8|GAS1|GJA1|SIX3|ZIC2|MKRN3|SYNGAP1,-2.9,MyList
DisGeNET,35,C1510420,Cavitation,,-4.3,6.1,5.9,30293,47,851,8,0.94,0.33,238|1009|1440|2521|3918|54210|80150|169044,ALK|CDH11|CSF3|FUS|LAMC2|TREM1|ASRGL1|COL22A1,-2.9,MyList
DisGeNET,35,C0520739,Hereditary pyropoikilocytosis,,-4.3,6.1,5.9,30293,47,851,8,0.94,0.33,1029|1045|1277|5354|5396|6662|64321|80150,CDKN2A|CDX2|COL1A1|PLP1|PRRX1|SOX9|SOX17|ASRGL1,-2.9,MyList
DisGeNET,35,C0019080,Hemorrhage,,-4.3,6.1,5.9,30293,47,851,8,0.94,0.33,1361|1410|2045|2353|2920|3552|3589|5327,CPB2|CRYAB|EPHA7|FOS|CXCL2|IL1A|IL11|PLAT,-2.9,MyList
Cell Type Signatures,7,M39296,DURANTE ADULT OLFACTORY NEUROEPITHELIUM GLOBOSE BASAL CELLS,,-4.3,7.1,6.2,30293,35,851,7,0.82,0.31,1152|1995|1996|2018|4760|11075|55502,CKB|ELAVL3|ELAVL4|EMX2|NEUROD1|STMN2|HES6,-2.8,MyList
TRRUST,34,TRR00025,Regulated by: ATF4,,-4.3,7.1,6.2,30293,35,851,7,0.82,0.31,768|1051|1649|3576|54541|57761|79094,CA9|CEBPB|DDIT3|CXCL8|DDIT4|TRIB3|CHAC1,-2.8,MyList
DisGeNET,35,C4543926,Narcolepsy type 1,,-4.3,7.1,6.2,30293,35,851,7,0.82,0.31,3119|3123|3127|3918|5729|11255|57101,HLA-DQB1|HLA-DRB1|HLA-DRB5|LAMC2|PTGDR|HRH3|ANO2,-2.8,MyList
DisGeNET,35,C0002874,Aplastic Anemia,,-4.3,2.9,4.9,30293,237,851,19,2.2,0.51,567|861|1029|1440|2346|2624|3119|3123|3383|3576|3589|3855|4194|4684|6364|6886|7045|7056|55655,B2M|RUNX1|CDKN2A|CSF3|FOLH1|GATA2|HLA-DQB1|HLA-DRB1|ICAM1|CXCL8|IL11|KRT7|MDM4|NCAM1|CCL20|TAL1|TGFBI|THBD|NLRP2,-2.8,MyList
PaGenBase,36,PGB:00051,Tissue-specific: Cerebellum,,-4.3,3.5,5.1,30293,141,851,14,1.6,0.44,286|1995|3589|3768|4661|4760|5080|6511|7545|7546|7547|9671|10418|23255,ANK1|ELAVL3|IL11|KCNJ12|MYT1|NEUROD1|PAX6|SLC1A6|ZIC1|ZIC2|ZIC3|WSCD2|SPON1|MTCL1,-2.8,MyList
DisGeNET,35,C0085584,Encephalopathies,,-4.3,2.3,4.6,30293,457,851,29,3.4,0.62,2|174|238|285|846|1356|1440|1759|2266|2290|2556|2558|3552|3576|3746|3785|3918|4155|6328|6506|6513|7291|8831|9181|9211|23316|54997|150094|170302,A2M|AFP|ALK|ANGPT2|CASR|CP|CSF3|DNM1|FGG|FOXG1|GABRA3|GABRA5|IL1A|CXCL8|KCNC1|KCNQ2|LAMC2|MBP|SCN3A|SLC1A2|SLC2A1|TWIST1|SYNGAP1|ARHGEF2|LGI1|CUX2|TESC|SIK1|ARX,-2.8,MyList
DisGeNET,35,C4551687,Sarcoma of soft tissue,,-4.3,2.8,4.8,30293,258,851,20,2.4,0.52,290|768|1029|1030|1649|2034|2335|2521|3481|4194|4914|5111|6320|6376|7056|7424|8549|9518|10630|11186,ANPEP|CA9|CDKN2A|CDKN2B|DDIT3|EPAS1|FN1|FUS|IGF2|MDM4|NTRK1|PCNA|CLEC11A|CX3CL1|THBD|VEGFC|LGR5|GDF15|PDPN|RASSF1,-2.8,MyList
DisGeNET,35,C0021670,insulinoma,,-4.3,2.8,4.8,30293,258,851,20,2.4,0.52,133|285|846|1026|1029|1030|2258|3119|3481|3642|4684|5080|5122|5644|6513|7056|7295|8660|8788|169026,ADM|ANGPT2|CASR|CDKN1A|CDKN2A|CDKN2B|FGF13|HLA-DQB1|IGF2|INSM1|NCAM1|PAX6|PCSK1|PRSS1|SLC2A1|THBD|TXN|IRS2|DLK1|SLC30A8,-2.8,MyList
DisGeNET,35,C0346990,Carcinomatosis of peritoneal cavity,,-4.3,4,5.3,30293,107,851,12,1.4,0.4,846|1029|1087|1822|3561|5196|6513|7020|7045|7291|9123|10630,CASR|CDKN2A|CEACAM7|ATN1|IL2RG|PF4|SLC2A1|TFAP2A|TGFBI|TWIST1|SLC16A3|PDPN,-2.8,MyList
DisGeNET,35,C0699949,airway disease,,-4.3,3.1,4.9,30293,198,851,17,2,0.48,718|1179|1491|2697|3037|3119|3123|3383|3552|3576|3598|3676|5111|6546|54210|54625|148022,C3|CLCA1|CTH|GJA1|HAS2|HLA-DQB1|HLA-DRB1|ICAM1|IL1A|CXCL8|IL13RA2|ITGA4|PCNA|SLC8A1|TREM1|PARP14|TICAM1,-2.8,MyList
DisGeNET,35,C0030524,Paratuberculosis,,-4.3,5.3,5.7,30293,61,851,9,1.1,0.35,301|718|2335|2934|3576|4155|9705|30813|169026,ANXA1|C3|FN1|GSN|CXCL8|MBP|ST18|VSX1|SLC30A8,-2.8,MyList
Cell Type Signatures,7,M40145,DESCARTES FETAL ADRENAL CSH1 CSH2 POSITIVE CELLS,,-4.3,2.9,4.9,30293,218,851,18,2.1,0.49,285|301|3283|3624|3691|3694|3855|4036|4973|9518|10053|27328|55655|64065|79977|166824|168002|202915,ANGPT2|ANXA1|HSD3B1|INHBA|ITGB4|ITGB6|KRT7|LRP2|OLR1|GDF15|AP1M2|PCDH11X|NLRP2|PERP|GRHL2|RASSF6|DACT2|TMEM184A,-2.8,MyList
DisGeNET,35,C0080178,Spina Bifida,,-4.3,3.2,5,30293,179,851,16,1.9,0.47,174|875|1855|2346|2353|3725|3726|3918|6513|6658|7545|7546|9573|26257|51477|79977,AFP|CBS|DVL1|FOLH1|FOS|JUN|JUNB|LAMC2|SLC2A1|SOX3|ZIC1|ZIC2|GDF3|NKX2-8|ISYNA1|GRHL2,-2.8,MyList
DisGeNET,35,C4721507,"Alveolitis, Fibrosing",,-4.3,4.3,5.4,30293,91,851,11,1.3,0.39,655|1050|1051|1281|1440|2335|2920|3576|5155|6348|6352,BMP7|CEBPA|CEBPB|COL3A1|CSF3|FN1|CXCL2|CXCL8|PDGFB|CCL3|CCL5,-2.8,MyList
Transcription Factor Targets,16,M9431,AP1 Q6,,-4.3,2.7,4.8,30293,259,851,20,2.4,0.52,650|768|1026|1634|1647|1893|1942|3918|4188|4973|5339|7277|9705|11187|23023|54101|63874|85397|196463|196500,BMP2|CA9|CDKN1A|DCN|GADD45A|ECM1|EFNA1|LAMC2|MDFI|OLR1|PLEC|TUBA4A|ST18|PKP3|TMCC1|RIPK4|ABHD4|RGS8|PLBD2|PIANP,-2.8,MyList
Transcription Factor Targets,16,M6885,AREB6 02,,-4.3,2.7,4.8,30293,259,851,20,2.4,0.52,862|1012|1440|1647|1942|2353|2556|2899|3918|3993|5121|5456|5629|6456|6928|7277|11255|27133|57402|112399,RUNX1T1|CDH13|CSF3|GADD45A|EFNA1|FOS|GABRA3|GRIK3|LAMC2|LLGL2|PCP4|POU3F4|PROX1|SH3GL2|HNF1B|TUBA4A|HRH3|KCNH5|S100A14|EGLN3,-2.8,MyList
DisGeNET,35,C0085413,"Polycystic Kidney, Autosomal Dominant",,-4.3,2.7,4.8,30293,280,851,21,2.5,0.53,285|567|861|1634|1889|1910|2168|2353|3691|3725|3726|3854|3918|4036|5076|5111|5126|5284|6928|8482|50506,ANGPT2|B2M|RUNX1|DCN|ECE1|EDNRB|FABP1|FOS|ITGB4|JUN|JUNB|KRT6B|LAMC2|LRP2|PAX2|PCNA|PCSK2|PIGR|HNF1B|SEMA7A|DUOX2,-2.8,MyList
Transcription Factor Targets,16,M1460,TGGNNNNNNKCCAR UNKNOWN,,-4.3,2.3,4.6,30293,436,851,28,3.3,0.61,1293|1410|2051|2273|3488|4826|5155|5327|6578|7025|8553|9181|9674|9719|10512|25802|51477|55890|56936|57211|64641|64856|79924|81849|84969|85508|203447|284119,COL6A3|CRYAB|EPHB6|FHL1|IGFBP5|NNAT|PDGFB|PLAT|SLCO2A1|NR2F1|BHLHE40|ARHGEF2|KIAA0040|ADAMTSL2|SEMA3C|LMOD1|ISYNA1|GPRC5C|CCDC177|ADGRG6|EBF2|VWA1|ADM2|ST6GALNAC5|TOX2|SCRT2|NRK|CAVIN1,-2.8,MyList
Transcription Factor Targets,16,M9852,CHOP 01,,-4.3,2.8,4.8,30293,239,851,19,2.2,0.51,133|862|1051|1293|2128|2259|3209|3219|3222|4036|4916|5099|5493|7021|8553|8929|55885|64067|79026,ADM|RUNX1T1|CEBPB|COL6A3|EVX1|FGF14|HOXA13|HOXB9|HOXC5|LRP2|NTRK3|PCDH7|PPL|TFAP2B|BHLHE40|PHOX2B|LMO3|NPAS3|AHNAK,-2.8,MyList
DisGeNET,35,C0079588,"Ichthyosis, X-Linked",,-4.3,3,4.9,30293,199,851,17,2,0.48,238|650|768|961|1029|1294|1647|2034|2353|3481|4194|4288|6376|7056|7424|8549|11186,ALK|BMP2|CA9|CD47|CDKN2A|COL7A1|GADD45A|EPAS1|FOS|IGF2|MDM4|MKI67|CX3CL1|THBD|VEGFC|LGR5|RASSF1,-2.8,MyList
DisGeNET,35,C1334177,Infiltrating Cervical Carcinoma,,-4.3,4.7,5.5,30293,76,851,10,1.2,0.37,1029|3119|3123|5178|6513|7058|7424|11186|23541|57575,CDKN2A|HLA-DQB1|HLA-DRB1|PEG3|SLC2A1|THBS2|VEGFC|RASSF1|SEC14L2|PCDH10,-2.8,MyList
DisGeNET,35,C0334533,Arteriovenous hemangioma,,-4.3,4.7,5.5,30293,76,851,10,1.2,0.37,285|290|1029|1410|3383|4194|8831|9961|51129|64321,ANGPT2|ANPEP|CDKN2A|CRYAB|ICAM1|MDM4|SYNGAP1|MVP|ANGPTL4|SOX17,-2.8,MyList
DisGeNET,35,C0043037,Common wart,,-4.3,5.9,5.8,30293,48,851,8,0.94,0.33,285|1026|1029|1893|3123|3552|5111|11322,ANGPT2|CDKN1A|CDKN2A|ECM1|HLA-DRB1|IL1A|PCNA|TMC6,-2.8,MyList
Cell Type Signatures,7,M39318,CUI DEVELOPING HEART SMOOTH MUSCLE CELL,,-4.3,5.9,5.8,30293,48,851,8,0.94,0.33,633|1277|1281|3487|5480|6277|9068|25975,BGN|COL1A1|COL3A1|IGFBP4|PPIC|S100A6|ANGPTL1|EGFL6,-2.8,MyList
Cell Type Signatures,7,M41652,TRAVAGLINI LUNG PROXIMAL BASAL CELL,,-4.3,2,4.5,30293,629,851,36,4.2,0.69,301|823|928|1889|2034|2274|3487|3691|3726|3852|4319|5099|5111|5214|5480|7020|7295|8553|8612|8906|10752|10863|11098|11170|11187|23612|51477|54101|54541|55323|55612|57111|64065|79026|166824|220323,ANXA1|CAPN1|CD9|ECE1|EPAS1|FHL2|IGFBP4|ITGB4|JUNB|KRT5|MMP10|PCDH7|PCNA|PFKP|PPIC|TFAP2A|TXN|BHLHE40|PLPP2|AP1G2|CHL1|ADAM28|PRSS23|FAM107A|PKP3|PHLDA3|ISYNA1|RIPK4|DDIT4|LARP6|FERMT1|RAB25|PERP|AHNAK|RASSF6|OAF,-2.8,MyList
DisGeNET,35,C0002986,Fabry Disease,,-4.3,4,5.2,30293,108,851,12,1.4,0.4,1491|1999|2042|2353|3383|3552|4036|5476|6928|8722|11346|51083,CTH|ELF3|EPHA3|FOS|ICAM1|IL1A|LRP2|CTSA|HNF1B|CTSF|SYNPO|GAL,-2.8,MyList
DisGeNET,35,C0270844,Tonic Seizures,,-4.3,4,5.2,30293,108,851,12,1.4,0.4,1136|1137|1143|2290|2353|2558|3785|4804|6513|6546|6547|54715,CHRNA3|CHRNA4|CHRNB4|FOXG1|FOS|GABRA5|KCNQ2|NGFR|SLC2A1|SLC8A1|SLC8A3|RBFOX1,-2.8,MyList
DisGeNET,35,C0242363,Islet Cell Tumor,,-4.3,4,5.2,30293,108,851,12,1.4,0.4,285|429|1029|3481|3642|4760|5111|5122|6513|6515|7056|50674,ANGPT2|ASCL1|CDKN2A|IGF2|INSM1|NEUROD1|PCNA|PCSK1|SLC2A1|SLC2A3|THBD|NEUROG3,-2.8,MyList
DisGeNET,35,C0006413,Burkitt Lymphoma,,-4.3,2.1,4.5,30293,556,851,33,3.9,0.66,117|567|846|861|961|976|1026|1029|1030|1440|1649|1822|2335|2624|2852|3383|3598|3726|3918|3960|4194|4288|4684|6303|6364|6850|8744|9123|9314|11186|23541|27164|79094,ADCYAP1R1|B2M|CASR|RUNX1|CD47|ADGRE5|CDKN1A|CDKN2A|CDKN2B|CSF3|DDIT3|ATN1|FN1|GATA2|GPER1|ICAM1|IL13RA2|JUNB|LAMC2|LGALS4|MDM4|MKI67|NCAM1|SAT1|CCL20|SYK|TNFSF9|SLC16A3|KLF4|RASSF1|SEC14L2|SALL3|CHAC1,-2.8,MyList
Transcription Factor Targets,16,M6135,POU6F1 01,,-4.3,2.8,4.8,30293,240,851,19,2.2,0.51,744|1993|2018|2169|2258|2886|2899|3222|4622|4661|4684|4762|5099|6660|7025|8403|8929|28316|55885,MPPED2|ELAVL2|EMX2|FABP2|FGF13|GRB7|GRIK3|HOXC5|MYH4|MYT1|NCAM1|NEUROG1|PCDH7|SOX5|NR2F1|SOX14|PHOX2B|CDH20|LMO3,-2.8,MyList
Transcription Factor Targets,16,M18765,MZF1 01,,-4.3,2.8,4.8,30293,240,851,19,2.2,0.51,1634|2530|3227|3488|3694|4036|4916|5396|5521|6900|9547|11343|23213|25999|27319|27328|50944|51303|116372,DCN|FUT8|HOXC11|IGFBP5|ITGB6|LRP2|NTRK3|PRRX1|PPP2R2B|CNTN2|CXCL14|MGLL|SULF1|CLIP3|BHLHE22|PCDH11X|SHANK1|FKBP11|LYPD1,-2.8,MyList
DisGeNET,35,C0730285,Diabetic macular edema,,-4.3,4.3,5.3,30293,92,851,11,1.3,0.39,133|285|718|1822|3383|3576|3918|5126|7424|51129|54541,ADM|ANGPT2|C3|ATN1|ICAM1|CXCL8|LAMC2|PCSK2|VEGFC|ANGPTL4|DDIT4,-2.8,MyList
DisGeNET,35,C2931384,Moyamoya disease 1,,-4.3,4.3,5.3,30293,92,851,11,1.3,0.39,285|2697|3119|3123|3576|6352|6374|6496|7056|9244|84033,ANGPT2|GJA1|HLA-DQB1|HLA-DRB1|CXCL8|CCL5|CXCL5|SIX3|THBD|CRLF1|OBSCN,-2.8,MyList
DisGeNET,35,C0007384,Cataplexy,,-4.3,6.9,6,30293,36,851,7,0.82,0.31,1512|3119|3123|3127|3918|6616|11255,CTSH|HLA-DQB1|HLA-DRB1|HLA-DRB5|LAMC2|SNAP25|HRH3,-2.8,MyList
DisGeNET,35,C0596240,Cancer Pain,,-4.3,5.2,5.6,30293,62,851,9,1.1,0.35,133|1910|6616|6736|7113|7291|9021|11343|11346,ADM|EDNRB|SNAP25|SRY|TMPRSS2|TWIST1|SOCS3|MGLL|SYNPO,-2.8,MyList
DisGeNET,35,C0026691,Mucocutaneous Lymph Node Syndrome,,-4.3,2.4,4.6,30293,370,851,25,2.9,0.58,133|285|837|1440|1993|2920|3123|3383|3552|3576|4684|4973|6328|6352|6546|7056|7128|7424|7869|8190|9021|57126|57580|64641|116844,ADM|ANGPT2|CASP4|CSF3|ELAVL2|CXCL2|HLA-DRB1|ICAM1|IL1A|CXCL8|NCAM1|OLR1|SCN3A|CCL5|SLC8A1|THBD|TNFAIP3|VEGFC|SEMA3B|MIA|SOCS3|CD177|PREX1|EBF2|LRG1,-2.8,MyList
DisGeNET,35,C0349566,Squamous cell carcinoma of tongue,,-4.3,2.2,4.5,30293,462,851,29,3.4,0.62,290|634|1029|1647|1993|2034|2042|2258|2274|2355|2697|3339|3576|3918|5080|5396|6348|6364|6513|7291|7424|9547|51129|51477|54101|57573|57761|79192|346389,ANPEP|CEACAM1|CDKN2A|GADD45A|ELAVL2|EPAS1|EPHA3|FGF13|FHL2|FOSL2|GJA1|HSPG2|CXCL8|LAMC2|PAX6|PRRX1|CCL3|CCL20|SLC2A1|TWIST1|VEGFC|CXCL14|ANGPTL4|ISYNA1|RIPK4|ZNF471|TRIB3|IRX1|MACC1,-2.8,MyList
DisGeNET,35,C2717836,Steroid Sulfatase Deficiency Disease,,-4.2,3.1,4.9,30293,181,851,16,1.9,0.47,238|650|768|961|1029|1647|2034|2353|3481|4194|4288|6376|7056|7424|8549|11186,ALK|BMP2|CA9|CD47|CDKN2A|GADD45A|EPAS1|FOS|IGF2|MDM4|MKI67|CX3CL1|THBD|VEGFC|LGR5|RASSF1,-2.8,MyList
DisGeNET,35,C1719672,Severe Sepsis,,-4.2,3.1,4.9,30293,181,851,16,1.9,0.47,133|285|290|837|838|1440|2258|2920|3552|3576|4319|7045|7056|7295|27035|54210,ADM|ANGPT2|ANPEP|CASP4|CASP5|CSF3|FGF13|CXCL2|IL1A|CXCL8|MMP10|TGFBI|THBD|TXN|NOX1|TREM1,-2.8,MyList
DisGeNET,35,C0031090,Periodontal Diseases,,-4.2,2.5,4.7,30293,326,851,23,2.7,0.56,133|1421|1889|2335|3119|3123|3383|3552|3576|6348|6364|6513|6616|6850|8434|8788|9423|10630|23452|30813|51083|51129|54210,ADM|CRYGD|ECE1|FN1|HLA-DQB1|HLA-DRB1|ICAM1|IL1A|CXCL8|CCL3|CCL20|SLC2A1|SNAP25|SYK|RECK|DLK1|NTN1|PDPN|ANGPTL2|VSX1|GAL|ANGPTL4|TREM1,-2.8,MyList
DisGeNET,35,C0022346,Icterus,,-4.2,2.8,4.8,30293,241,851,19,2.2,0.51,174|286|846|1029|1087|3383|3561|3576|4023|5644|5645|6352|6513|6690|6928|8022|50506|170685|405753,AFP|ANK1|CASR|CDKN2A|CEACAM7|ICAM1|IL2RG|CXCL8|LPL|PRSS1|PRSS2|CCL5|SLC2A1|SPINK1|HNF1B|LHX3|DUOX2|NUDT10|DUOXA2,-2.8,MyList
DisGeNET,35,C0013537,Eclampsia,,-4.2,2.8,4.8,30293,241,851,19,2.2,0.51,133|2353|3481|3488|3576|3624|3725|3726|4023|6513|6736|7056|7295|8553|10163|10761|11186|23541|57007,ADM|FOS|IGF2|IGFBP5|CXCL8|INHBA|JUN|JUNB|LPL|SLC2A1|SRY|THBD|TXN|BHLHE40|WASF2|PLAC1|RASSF1|SEC14L2|ACKR3,-2.8,MyList
Transcription Factor Targets,16,M7173,TCCATTKW UNKNOWN,,-4.2,2.8,4.8,30293,241,851,19,2.2,0.51,650|744|862|1993|1996|3339|3487|4826|6660|7029|8403|8929|10439|11189|54715|57007|81832|122953|375704,BMP2|MPPED2|RUNX1T1|ELAVL2|ELAVL4|HSPG2|IGFBP4|NNAT|SOX5|TFDP2|SOX14|PHOX2B|OLFM1|CELF3|RBFOX1|ACKR3|NETO1|JDP2|ENHO,-2.8,MyList
DisGeNET,35,C0023532,"Leukoplakia, Oral",,-4.2,3.5,5,30293,144,851,14,1.6,0.44,961|1029|1030|3576|3852|3853|3854|4760|6303|9052|10630|51083|57007|150094,CD47|CDKN2A|CDKN2B|CXCL8|KRT5|KRT6A|KRT6B|NEUROD1|SAT1|GPRC5A|PDPN|GAL|ACKR3|SIK1,-2.8,MyList
Transcription Factor Targets,16,M8376,MEIS1BHOXA9 01,,-4.2,3.5,5,30293,144,851,14,1.6,0.44,1012|3222|3642|5126|7029|7404|8929|10439|27023|55885|64641|84107|85416|196500,CDH13|HOXC5|INSM1|PCSK2|TFDP2|UTY|PHOX2B|OLFM1|FOXB1|LMO3|EBF2|ZIC4|ZIC5|PIANP,-2.8,MyList
DisGeNET,35,C3279947,"NAIL DISORDER, NONSYNDROMIC CONGENITAL, 9",,-4.2,4.6,5.4,30293,77,851,10,1.2,0.37,1294|2697|3691|3852|3914|3918|4914|5339|6736|54101,COL7A1|GJA1|ITGB4|KRT5|LAMB3|LAMC2|NTRK1|PLEC|SRY|RIPK4,-2.8,MyList
DisGeNET,35,C0745103,Hyperlipoproteinemia Type IIa,,-4.2,3,4.9,30293,201,851,17,2,0.48,345|861|1299|1311|1952|3123|3339|3383|3576|4023|4973|6513|7056|7295|9961|10842|30813,APOC3|RUNX1|COL9A3|COMP|CELSR2|HLA-DRB1|HSPG2|ICAM1|CXCL8|LPL|OLR1|SLC2A1|THBD|TXN|MVP|PPP1R17|VSX1,-2.8,MyList
DisGeNET,35,C0206719,Central Neurocytoma,,-4.2,11,6.9,30293,16,851,5,0.59,0.26,3642|4288|10215|10397|58158,INSM1|MKI67|OLIG2|NDRG1|NEUROD4,-2.8,MyList
DisGeNET,35,C1839730,Prieto X-linked mental retardation syndrome,,-4.2,11,6.9,30293,16,851,5,0.59,0.26,650|1749|1750|5076|6662,BMP2|DLX5|DLX6|PAX2|SOX9,-2.8,MyList
Cell Type Signatures,7,M40303,DESCARTES FETAL STOMACH GOBLET CELLS,,-4.2,11,6.9,30293,16,851,5,0.59,0.26,768|1440|6374|8549|56287,CA9|CSF3|CXCL5|LGR5|GKN1,-2.8,MyList
DisGeNET,35,C0079301,Junctional Epidermolysis Bullosa,,-4.2,11,6.9,30293,16,851,5,0.59,0.26,1294|3576|3691|3914|3918,COL7A1|CXCL8|ITGB4|LAMB3|LAMC2,-2.8,MyList
DisGeNET,35,C0010709,Cyst,,-4.2,2.9,4.8,30293,221,851,18,2.1,0.49,174|285|768|1045|1469|2255|2852|3383|3853|3960|5076|6352|6900|6928|7424|7429|8482|9961,AFP|ANGPT2|CA9|CDX2|CST1|FGF10|GPER1|ICAM1|KRT6A|LGALS4|PAX2|CCL5|CNTN2|HNF1B|VEGFC|VIL1|SEMA7A|MVP,-2.8,MyList
DisGeNET,35,C0022821,Kyphosis deformity of spine,,-4.2,2.6,4.7,30293,305,851,22,2.6,0.54,633|650|875|1277|1293|1311|2273|2290|2335|3339|3955|5111|5327|5476|6662|7020|7681|9244|22943|60482|63976|79152,BGN|BMP2|CBS|COL1A1|COL6A3|COMP|FHL1|FOXG1|FN1|HSPG2|LFNG|PCNA|PLAT|CTSA|SOX9|TFAP2A|MKRN3|CRLF1|DKK1|SLC5A7|PRDM16|FA2H,-2.7,MyList
DisGeNET,35,C0003857,Congenital arteriovenous malformation,,-4.2,3.3,5,30293,163,851,15,1.8,0.45,285|290|875|1029|1410|1942|2335|3383|4194|6513|8831|9961|51129|64321|79633,ANGPT2|ANPEP|CBS|CDKN2A|CRYAB|EFNA1|FN1|ICAM1|MDM4|SLC2A1|SYNGAP1|MVP|ANGPTL4|SOX17|FAT4,-2.7,MyList
DisGeNET,35,C0438696,Suicidal,,-4.2,4.2,5.3,30293,93,851,11,1.3,0.39,1621|3552|3855|3918|4684|5021|6303|6456|6506|6886|10163,DBH|IL1A|KRT7|LAMC2|NCAM1|OXTR|SAT1|SH3GL2|SLC1A2|TAL1|WASF2,-2.7,MyList
DisGeNET,35,C0016781,Fuchs Endothelial Dystrophy,,-4.2,4.2,5.3,30293,93,851,11,1.3,0.39,1026|1029|1295|2039|2335|3855|6288|7045|10150|22915|30813,CDKN1A|CDKN2A|COL8A1|DMTN|FN1|KRT7|SAA1|TGFBI|MBNL2|MMRN1|VSX1,-2.7,MyList
DisGeNET,35,C0854135,Pseudomonas aeruginosa infection,,-4.2,5.8,5.7,30293,49,851,8,0.94,0.33,1026|1440|3552|3576|3918|6850|11322|54210,CDKN1A|CSF3|IL1A|CXCL8|LAMC2|SYK|TMC6|TREM1,-2.7,MyList
DisGeNET,35,C2609129,Autoimmune pancreatitis,,-4.2,5.8,5.7,30293,49,851,8,0.94,0.33,961|1026|3123|3576|4055|5644|6690|10630,CD47|CDKN1A|HLA-DRB1|CXCL8|LTBR|PRSS1|SPINK1|PDPN,-2.7,MyList
Transcription Factor Targets,16,M13173,IRF1 Q6,,-4.2,2.7,4.7,30293,263,851,20,2.4,0.52,1044|1879|1996|2018|2290|3209|5080|5629|6892|8403|8660|8673|8929|10163|10586|10725|23440|51599|81832|85508,CDX1|EBF1|ELAVL4|EMX2|FOXG1|HOXA13|PAX6|PROX1|TAPBP|SOX14|IRS2|VAMP8|PHOX2B|WASF2|MAB21L2|NFAT5|OTP|LSR|NETO1|SCRT2,-2.7,MyList
DisGeNET,35,C0010278,Craniosynostosis,,-4.2,2.2,4.5,30293,488,851,30,3.5,0.63,286|650|846|1009|1361|1469|1749|2041|2253|2259|2697|3119|3123|3552|3576|3589|4914|5327|5396|5800|6352|6374|6892|7031|7291|7545|10397|22915|50506|79633,ANK1|BMP2|CASR|CDH11|CPB2|CST1|DLX5|EPHA1|FGF8|FGF14|GJA1|HLA-DQB1|HLA-DRB1|IL1A|CXCL8|IL11|NTRK1|PLAT|PRRX1|PTPRO|CCL5|CXCL5|TAPBP|TFF1|TWIST1|ZIC1|NDRG1|MMRN1|DUOX2|FAT4,-2.7,MyList
DisGeNET,35,C0023485,Precursor B-Cell Lymphoblastic Leukemia-Lymphoma,,-4.2,3.4,5,30293,145,851,14,1.6,0.44,290|861|961|1029|1030|2042|3211|3213|3219|3552|7070|9314|166824|644943,ANPEP|RUNX1|CD47|CDKN2A|CDKN2B|EPHA3|HOXB1|HOXB3|HOXB9|IL1A|THY1|KLF4|RASSF6|RASSF10,-2.7,MyList
Cell Type Signatures,7,M40192,DESCARTES FETAL HEART EPICARDIAL FAT CELLS,,-4.2,3.9,5.2,30293,110,851,12,1.4,0.4,718|768|2886|3488|3852|3855|4036|79094|84417|132625|164312|286204,C3|CA9|GRB7|IGFBP5|KRT5|KRT7|LRP2|CHAC1|ECRG4|ZFP42|LRRN4|CRB2,-2.7,MyList
DisGeNET,35,C0266292,Congenital anomaly of the kidney,,-4.2,5.1,5.5,30293,63,851,9,1.1,0.35,174|1822|1910|2168|5076|6736|6928|7020|286204,AFP|ATN1|EDNRB|FABP1|PAX2|SRY|HNF1B|TFAP2A|CRB2,-2.7,MyList
DisGeNET,35,C4551463,Colon adenoma,,-4.2,5.1,5.5,30293,63,851,9,1.1,0.35,861|5142|5629|7045|10653|22943|23213|55612|346389,RUNX1|PDE4B|PROX1|TGFBI|SPINT2|DKK1|SULF1|FERMT1|MACC1,-2.7,MyList
Transcription Factor Targets,16,M15440,FOXJ2 02,,-4.2,2.8,4.7,30293,243,851,19,2.2,0.51,577|744|2258|3037|3397|4973|5080|5142|5456|5800|6096|7021|7025|9378|28316|55885|57007|84631|255743,ADGRB3|MPPED2|FGF13|HAS2|ID1|OLR1|PAX6|PDE4B|POU3F4|PTPRO|RORB|TFAP2B|NR2F1|NRXN1|CDH20|LMO3|ACKR3|SLITRK2|NPNT,-2.7,MyList
Transcription Factor Targets,16,M14583,MAF Q6,,-4.2,2.7,4.7,30293,264,851,20,2.4,0.52,1012|1277|1996|2258|2556|2913|3037|4821|5080|6303|6616|6928|7291|10725|11082|11343|23440|54715|57575|64067,CDH13|COL1A1|ELAVL4|FGF13|GABRA3|GRM3|HAS2|NKX2-2|PAX6|SAT1|SNAP25|HNF1B|TWIST1|NFAT5|ESM1|MGLL|OTP|RBFOX1|PCDH10|NPAS3,-2.7,MyList
DisGeNET,35,C0566602,Primary sclerosing cholangitis,,-4.2,2.7,4.7,30293,264,851,20,2.4,0.52,174|577|602|718|961|1029|1087|2524|3119|3123|3127|3383|3552|3576|4684|6364|6736|7295|11343|50674,AFP|ADGRB3|BCL3|C3|CD47|CDKN2A|CEACAM7|FUT2|HLA-DQB1|HLA-DRB1|HLA-DRB5|ICAM1|IL1A|CXCL8|NCAM1|CCL20|SRY|TXN|MGLL|NEUROG3,-2.7,MyList
Transcription Factor Targets,16,M16280,PITX2 Q2,,-4.2,2.7,4.7,30293,264,851,20,2.4,0.52,861|1009|2018|2355|3772|5142|5992|6096|6892|7101|7291|8403|11030|23213|26050|56287|56896|84631|124842|196500,RUNX1|CDH11|EMX2|FOSL2|KCNJ15|PDE4B|RFX4|RORB|TAPBP|NR2E1|TWIST1|SOX14|RBPMS|SULF1|SLITRK5|GKN1|DPYSL5|SLITRK2|TMEM132E|PIANP,-2.7,MyList
Transcription Factor Targets,16,M1031,FREAC2 01,,-4.2,2.7,4.7,30293,264,851,20,2.4,0.52,650|1026|1045|2290|2355|3624|4675|5122|5456|5521|5629|8906|10150|10397|26050|27023|55286|55885|55890|64399,BMP2|CDKN1A|CDX2|FOXG1|FOSL2|INHBA|NAP1L3|PCSK1|POU3F4|PPP2R2B|PROX1|AP1G2|MBNL2|NDRG1|SLITRK5|FOXB1|C4orf19|LMO3|GPRC5C|HHIP,-2.7,MyList
Transcription Factor Targets,16,M13889,PPAR DR1 Q2,,-4.2,2.7,4.7,30293,264,851,20,2.4,0.52,1044|1045|1822|2168|2913|3213|4023|5080|5099|5339|6238|7025|9547|11189|57348|63973|63976|84033|84107|89932,CDX1|CDX2|ATN1|FABP1|GRM3|HOXB3|LPL|PAX6|PCDH7|PLEC|RRBP1|NR2F1|CXCL14|CELF3|TTYH1|NEUROG2|PRDM16|OBSCN|ZIC4|PAPLN,-2.7,MyList
DisGeNET,35,C0029410,Osteoarthritis of hip,,-4.2,3.3,4.9,30293,164,851,15,1.8,0.45,1277|1301|1311|2335|3552|3576|3589|5339|6348|6662|7291|9021|11096|22915|22943,COL1A1|COL11A1|COMP|FN1|IL1A|CXCL8|IL11|PLEC|CCL3|SOX9|TWIST1|SOCS3|ADAMTS5|MMRN1|DKK1,-2.7,MyList
DisGeNET,35,C0019284,Diaphragmatic Hernia,,-4.2,4.6,5.4,30293,78,851,10,1.2,0.37,1634|1910|2697|3213|3383|3481|3488|4036|7291|64220,DCN|EDNRB|GJA1|HOXB3|ICAM1|IGF2|IGFBP5|LRP2|TWIST1|STRA6,-2.7,MyList
DisGeNET,35,C0851887,Adenoviral infections,,-4.2,4.6,5.4,30293,78,851,10,1.2,0.37,846|1026|1029|1045|3576|3960|5106|5272|6277|8660,CASR|CDKN1A|CDKN2A|CDX2|CXCL8|LGALS4|PCK2|SERPINB9|S100A6|IRS2,-2.7,MyList
DisGeNET,35,C0264490,Acute respiratory failure,,-4.2,4.6,5.4,30293,78,851,10,1.2,0.37,861|862|1029|1030|3561|3576|6926|7291|9518|11186,RUNX1|RUNX1T1|CDKN2A|CDKN2B|IL2RG|CXCL8|TBX3|TWIST1|GDF15|RASSF1,-2.7,MyList
Cell Type Signatures,7,M40258,DESCARTES FETAL MUSCLE SMOOTH MUSCLE CELLS,,-4.2,4.6,5.4,30293,78,851,10,1.2,0.37,111|285|2307|2444|3741|5024|5334|7044|23657|84894,ADCY5|ANGPT2|FOXS1|FRK|KCNA5|P2RX3|PLCL1|LEFTY2|SLC7A11|LINGO1,-2.7,MyList
DisGeNET,35,C0270823,Petit mal status,,-4.2,4.6,5.4,30293,78,851,10,1.2,0.37,290|2353|2524|2596|3725|3726|4916|6348|6546|6547,ANPEP|FOS|FUT2|GAP43|JUN|JUNB|NTRK3|CCL3|SLC8A1|SLC8A3,-2.7,MyList
DisGeNET,35,C1834405,Nail dysplasia,,-4.2,4.6,5.4,30293,78,851,10,1.2,0.37,1294|2697|3691|3852|3914|3918|4914|5339|6736|54101,COL7A1|GJA1|ITGB4|KRT5|LAMB3|LAMC2|NTRK1|PLEC|SRY|RIPK4,-2.7,MyList
DisGeNET,35,C0002438,Amebiasis,,-4.2,6.7,5.9,30293,37,851,7,0.82,0.31,1281|2335|3123|3576|7021|7101|22915,COL3A1|FN1|HLA-DRB1|CXCL8|TFAP2B|NR2E1|MMRN1,-2.7,MyList
DisGeNET,35,C0022972,Lambert-Eaton Myasthenic Syndrome,,-4.2,6.7,5.9,30293,37,851,7,0.82,0.31,3123|3383|3576|5339|6572|6656|50848,HLA-DRB1|ICAM1|CXCL8|PLEC|SLC18A3|SOX1|F11R,-2.7,MyList
DisGeNET,35,C0035436,Rheumatic Fever,,-4.2,4.2,5.2,30293,94,851,11,1.3,0.39,861|862|1029|1030|3119|3123|3383|3561|6926|7291|11186,RUNX1|RUNX1T1|CDKN2A|CDKN2B|HLA-DQB1|HLA-DRB1|ICAM1|IL2RG|TBX3|TWIST1|RASSF1,-2.7,MyList
DisGeNET,35,C0017605,Angle Closure Glaucoma,,-4.2,4.2,5.2,30293,94,851,11,1.3,0.39,133|718|862|1277|1301|1634|3552|7021|9056|9705|338917,ADM|C3|RUNX1T1|COL1A1|COL11A1|DCN|IL1A|TFAP2B|SLC7A7|ST18|VSX2,-2.7,MyList
Transcription Factor Targets,16,M10416,WWTAAGGC UNKNOWN,,-4.2,3.4,5,30293,146,851,14,1.6,0.44,1281|1641|2701|3222|4684|4821|5456|6096|7025|8553|54715|84631|94234|122953,COL3A1|DCX|GJA4|HOXC5|NCAM1|NKX2-2|POU3F4|RORB|NR2F1|BHLHE40|RBFOX1|SLITRK2|FOXQ1|JDP2,-2.7,MyList
DisGeNET,35,C0027404,Narcolepsy,,-4.2,2.5,4.6,30293,308,851,22,2.6,0.54,460|1440|1496|1512|1804|2255|3119|3123|3127|3576|5024|5142|9378|10886|11255|26115|54715|56884|57451|57687|79750|80323,ASTN1|CSF3|CTNNA2|CTSH|DPP6|FGF10|HLA-DQB1|HLA-DRB1|HLA-DRB5|CXCL8|P2RX3|PDE4B|NRXN1|NPFFR2|HRH3|TANC2|RBFOX1|FSTL5|TENM2|VAT1L|ZNF385D|CCDC68,-2.7,MyList
DisGeNET,35,C0005411,Biliary Atresia,,-4.2,3.1,4.8,30293,184,851,16,1.9,0.47,285|2034|3383|3576|3855|3918|4684|6364|6376|6662|6809|6928|7547|9235|54715|64321,ANGPT2|EPAS1|ICAM1|CXCL8|KRT7|LAMC2|NCAM1|CCL20|CX3CL1|SOX9|STX3|HNF1B|ZIC3|IL32|RBFOX1|SOX17,-2.7,MyList
DisGeNET,35,C0041960,Ureterocele,,-4.2,8.2,6.3,30293,26,851,6,0.71,0.29,2045|3691|5339|6928|150094|170302,EPHA7|ITGB4|PLEC|HNF1B|SIK1|ARX,-2.7,MyList
TRRUST,34,TRR00471,Regulated by: HDAC4,,-4.2,8.2,6.3,30293,26,851,6,0.71,0.29,768|1026|1029|3725|8434|9314,CA9|CDKN1A|CDKN2A|JUN|RECK|KLF4,-2.7,MyList
TRRUST,34,TRR01438,Regulated by: TWIST2,,-4.2,8.2,6.3,30293,26,851,6,0.71,0.29,2335|2353|3383|7025|9518|22943,FN1|FOS|ICAM1|NR2F1|GDF15|DKK1,-2.7,MyList
DisGeNET,35,C0241181,Fragile skin,,-4.2,8.2,6.3,30293,26,851,6,0.71,0.29,1277|1281|1294|3691|5339|55612,COL1A1|COL3A1|COL7A1|ITGB4|PLEC|FERMT1,-2.7,MyList
DisGeNET,35,C0238462,Medullary carcinoma of thyroid,,-4.2,2.5,4.6,30293,330,851,23,2.7,0.56,238|301|429|768|846|1026|1029|1030|1087|1621|2346|2353|3383|3397|3642|3725|3726|4914|5111|5629|7031|7291|57007,ALK|ANXA1|ASCL1|CA9|CASR|CDKN1A|CDKN2A|CDKN2B|CEACAM7|DBH|FOLH1|FOS|ICAM1|ID1|INSM1|JUN|JUNB|NTRK1|PCNA|PROX1|TFF1|TWIST1|ACKR3,-2.7,MyList
DisGeNET,35,C1168327,High-Grade Prostatic Intraepithelial Neoplasia,,-4.2,3.8,5.1,30293,111,851,12,1.4,0.4,301|1512|1634|1910|2258|4288|6690|7020|7113|9518|11186|57007,ANXA1|CTSH|DCN|EDNRB|FGF13|MKI67|SPINK1|TFAP2A|TMPRSS2|GDF15|RASSF1|ACKR3,-2.7,MyList
Transcription Factor Targets,16,M2852,CDP 02,,-4.2,3.8,5.1,30293,111,851,12,1.4,0.4,862|1607|1641|2042|2823|5456|6662|6926|10586|27319|54715|84631,RUNX1T1|DGKB|DCX|EPHA3|GPM6A|POU3F4|SOX9|TBX3|MAB21L2|BHLHE22|RBFOX1|SLITRK2,-2.7,MyList
DisGeNET,35,C0027746,Nerve Degeneration,,-4.2,3.2,4.9,30293,165,851,15,1.8,0.45,311|928|1356|2114|2512|2521|3481|4804|5111|5327|5446|6506|54541|79152|84867,ANXA11|CD9|CP|ETS2|FTL|FUS|IGF2|NGFR|PCNA|PLAT|PON3|SLC1A2|DDIT4|FA2H|PTPN5,-2.7,MyList
DisGeNET,35,C0023316,Lens Subluxation,,-4.2,16,7.6,30293,9,851,4,0.47,0.23,875|5080|7020|338917,CBS|PAX6|TFAP2A|VSX2,-2.7,MyList
DisGeNET,35,C0263367,Köbner phenomenon,,-4.2,16,7.6,30293,9,851,4,0.47,0.23,3576|3852|6364|56300,CXCL8|KRT5|CCL20|IL36G,-2.7,MyList
DisGeNET,35,C1334260,Intramuscular Myxoma,,-4.2,16,7.6,30293,9,851,4,0.47,0.23,1634|1649|2346|2521,DCN|DDIT3|FOLH1|FUS,-2.7,MyList
Transcription Factor Targets,16,M12580,GATA3 01,,-4.1,2.8,4.7,30293,245,851,19,2.2,0.51,823|1747|1996|2039|2355|3227|3236|3339|5396|6303|6547|6660|8929|9244|10103|11030|55200|55612|55885,CAPN1|DLX3|ELAVL4|DMTN|FOSL2|HOXC11|HOXD10|HSPG2|PRRX1|SAT1|SLC8A3|SOX5|PHOX2B|CRLF1|TSPAN1|RBPMS|PLEKHG6|FERMT1|LMO3,-2.7,MyList
DisGeNET,35,C0234251,Inflammatory pain,,-4.1,2.7,4.7,30293,266,851,20,2.4,0.52,117|286|301|1440|2346|2353|2697|4914|5024|6376|6513|9290|11343|23135|27035|55655|57007|84867|140679|338382,ADCYAP1R1|ANK1|ANXA1|CSF3|FOLH1|FOS|GJA1|NTRK1|P2RX3|CX3CL1|SLC2A1|GPR55|MGLL|KDM6B|NOX1|NLRP2|ACKR3|PTPN5|SLC32A1|RAB7B,-2.7,MyList
DisGeNET,35,C0012833,Dizziness,,-4.1,5,5.5,30293,64,851,9,1.1,0.35,111|1136|1137|1143|2697|4914|6736|9181|9211,ADCY5|CHRNA3|CHRNA4|CHRNB4|GJA1|NTRK1|SRY|ARHGEF2|LGI1,-2.7,MyList
DisGeNET,35,C0205770,Choroid Plexus Papilloma,,-4.1,5,5.5,30293,64,851,9,1.1,0.35,1029|1749|3481|5024|7291|7681|8788|11186|51199,CDKN2A|DLX5|IGF2|P2RX3|TWIST1|MKRN3|DLK1|RASSF1|NIN,-2.7,MyList
Transcription Factor Targets,16,M13457,GRE C,,-4.1,3.6,5,30293,129,851,13,1.5,0.42,1641|1996|3741|4826|5396|7025|10150|23452|25802|54674|54798|55885|170302,DCX|ELAVL4|KCNA5|NNAT|PRRX1|NR2F1|MBNL2|ANGPTL2|LMOD1|LRRN3|DCHS2|LMO3|ARX,-2.7,MyList
Cell Type Signatures,7,M39182,HAY BONE MARROW CD34 POS HSC,,-4.1,3.6,5,30293,129,851,13,1.5,0.42,1421|3213|4675|6511|6547|8722|8788|11030|30846|55211|57211|116159|140597,CRYGD|HOXB3|NAP1L3|SLC1A6|SLC8A3|CTSF|DLK1|RBPMS|EHD2|DPPA4|ADGRG6|CYYR1|TCEAL2,-2.7,MyList
DisGeNET,35,C0740858,Substance abuse problem,,-4.1,3.1,4.8,30293,185,851,16,1.9,0.47,460|1012|1621|2555|3855|5021|6886|9465|9547|10215|57451|64866|65217|79750|114786|401207,ASTN1|CDH13|DBH|GABRA2|KRT7|OXTR|TAL1|AKAP7|CXCL14|OLIG2|TENM2|CDCP1|PCDH15|ZNF385D|XKR4|C5orf63,-2.7,MyList
DisGeNET,35,C1853193,Recurrent skin infections,,-4.1,4.1,5.2,30293,95,851,11,1.3,0.39,1294|1910|3552|3561|3691|3852|3914|3918|9547|11322|55612,COL7A1|EDNRB|IL1A|IL2RG|ITGB4|KRT5|LAMB3|LAMC2|CXCL14|TMC6|FERMT1,-2.7,MyList
DisGeNET,35,C0205824,"Liposarcoma, Dedifferentiated",,-4.1,4.1,5.2,30293,95,851,11,1.3,0.39,174|238|1029|1030|1050|1440|1649|2034|2521|3725|8549,AFP|ALK|CDKN2A|CDKN2B|CEBPA|CSF3|DDIT3|EPAS1|FUS|JUN|LGR5,-2.7,MyList
Transcription Factor Targets,16,M11345,AP4 Q6,,-4.1,2.8,4.7,30293,225,851,18,2.1,0.49,273|861|1294|2253|2355|2785|2899|9181|9951|11189|50674|63874|79094|84033|84171|252995|283987|653145,AMPH|RUNX1|COL7A1|FGF8|FOSL2|GNG3|GRIK3|ARHGEF2|HS3ST4|CELF3|NEUROG3|ABHD4|CHAC1|OBSCN|LOXL4|FNDC5|HID1|ANXA8,-2.7,MyList
DisGeNET,35,C1306759,Eosinophilic disorder,,-4.1,2.6,4.6,30293,288,851,21,2.5,0.53,26|290|861|1179|1440|2624|3339|3383|3552|3576|3589|3918|4055|5322|5729|6238|6348|6352|7070|7291|10630,AOC1|ANPEP|RUNX1|CLCA1|CSF3|GATA2|HSPG2|ICAM1|IL1A|CXCL8|IL11|LAMC2|LTBR|PLA2G5|PTGDR|RRBP1|CCL3|CCL5|THY1|TWIST1|PDPN,-2.7,MyList
DisGeNET,35,C0014556,"Epilepsy, Temporal Lobe",,-4.1,2.4,4.5,30293,354,851,24,2.8,0.57,718|1045|1641|1759|2274|2555|2558|2697|2913|3383|3552|3918|4155|5327|6238|6348|6456|6506|7424|8482|8660|9211|51083|54715,C3|CDX2|DCX|DNM1|FHL2|GABRA2|GABRA5|GJA1|GRM3|ICAM1|IL1A|LAMC2|MBP|PLAT|RRBP1|CCL3|SH3GL2|SLC1A2|VEGFC|SEMA7A|IRS2|LGI1|GAL|RBFOX1,-2.7,MyList
Transcription Factor Targets,16,M8942,GCTNWTTGK UNKNOWN,,-4.1,2.5,4.6,30293,310,851,22,2.6,0.54,2042|2255|2913|3123|3213|3219|3222|4826|5339|6662|7029|7545|8403|8434|10215|23452|50674|57007|57348|79094|84107|124935,EPHA3|FGF10|GRM3|HLA-DRB1|HOXB3|HOXB9|HOXC5|NNAT|PLEC|SOX9|TFDP2|ZIC1|SOX14|RECK|OLIG2|ANGPTL2|NEUROG3|ACKR3|TTYH1|CHAC1|ZIC4|SLC43A2,-2.7,MyList
Cell Type Signatures,7,M39258,MENON FETAL KIDNEY 8 CONNECTING TUBULE CELLS,,-4.1,2.7,4.6,30293,267,851,20,2.4,0.52,311|414|694|2018|3213|3772|3993|4118|6277|6303|6385|6546|7029|8673|10397|55450|79026|84858|255743|100131187,ANXA11|ARSD|BTG1|EMX2|HOXB3|KCNJ15|LLGL2|MAL|S100A6|SAT1|SDC4|SLC8A1|TFDP2|VAMP8|NDRG1|CAMK2N1|AHNAK|ZNF503|NPNT|TSTD1,-2.7,MyList
DisGeNET,35,C0152021,Congenital heart disease,,-4.1,2.7,4.6,30293,267,851,20,2.4,0.52,650|862|875|1029|1889|2034|2114|2255|3037|3589|4916|6546|7021|7547|8929|9021|9518|9590|9961|64321,BMP2|RUNX1T1|CBS|CDKN2A|ECE1|EPAS1|ETS2|FGF10|HAS2|IL11|NTRK3|SLC8A1|TFAP2B|ZIC3|PHOX2B|SOCS3|GDF15|AKAP12|MVP|SOX17,-2.7,MyList
Transcription Factor Targets,16,M16213,ATF 01,,-4.1,2.7,4.6,30293,267,851,20,2.4,0.52,114|890|2128|2353|2913|3226|3300|4821|5178|8549|10150|23645|25891|56884|60482|64399|80736|150094|219287|283987,ADCY8|CCNA2|EVX1|FOS|GRM3|HOXC10|DNAJB2|NKX2-2|PEG3|LGR5|MBNL2|PPP1R15A|PAMR1|FSTL5|SLC5A7|HHIP|SLC44A4|SIK1|AMER2|HID1,-2.7,MyList
DisGeNET,35,C0038379,Strabismus,,-4.1,1.9,4.3,30293,716,851,39,4.6,0.72,429|1009|1301|1855|2253|2259|2290|2619|2673|2697|3209|3211|3339|5076|5080|5456|6496|6513|6658|6660|6913|7020|7021|7025|7045|7291|7545|7546|8929|9181|9244|9378|10586|63976|79152|150094|170302|253738|340024,ASCL1|CDH11|COL11A1|DVL1|FGF8|FGF14|FOXG1|GAS1|GFPT1|GJA1|HOXA13|HOXB1|HSPG2|PAX2|PAX6|POU3F4|SIX3|SLC2A1|SOX3|SOX5|TBX15|TFAP2A|TFAP2B|NR2F1|TGFBI|TWIST1|ZIC1|ZIC2|PHOX2B|ARHGEF2|CRLF1|NRXN1|MAB21L2|PRDM16|FA2H|SIK1|ARX|EBF3|SLC6A19,-2.7,MyList
DisGeNET,35,C0038433,Streptozotocin Diabetes,,-4.1,3.8,5.1,30293,112,851,12,1.4,0.4,2180|3383|3397|4760|4825|5080|5126|6277|6364|6376|6616|8660,ACSL1|ICAM1|ID1|NEUROD1|NKX6-1|PAX6|PCSK2|S100A6|CCL20|CX3CL1|SNAP25|IRS2,-2.7,MyList
DisGeNET,35,C0002152,Alloxan Diabetes,,-4.1,3.8,5.1,30293,112,851,12,1.4,0.4,2180|3383|3397|4760|4825|5080|5126|6277|6364|6376|6616|8660,ACSL1|ICAM1|ID1|NEUROD1|NKX6-1|PAX6|PCSK2|S100A6|CCL20|CX3CL1|SNAP25|IRS2,-2.7,MyList
DisGeNET,35,C0006287,Bronchopulmonary Dysplasia,,-4.1,2.3,4.5,30293,423,851,27,3.2,0.6,108|301|655|1026|1029|1440|1649|2034|2041|2255|2335|3552|3785|4681|5024|5111|5645|6506|7070|7295|50848|50944|51208|51299|54210|57007|64067,ADCY2|ANXA1|BMP7|CDKN1A|CDKN2A|CSF3|DDIT3|EPAS1|EPHA1|FGF10|FN1|IL1A|KCNQ2|NBL1|P2RX3|PCNA|PRSS2|SLC1A2|THY1|TXN|F11R|SHANK1|CLDN18|NRN1|TREM1|ACKR3|NPAS3,-2.7,MyList
DisGeNET,35,C0008073,Developmental Disabilities,,-4.1,2.4,4.5,30293,355,851,24,2.8,0.57,414|1137|1299|2255|2290|2697|3481|3785|3852|4036|5080|6513|6616|6926|6928|7025|7291|8022|8788|8831|9378|9573|57007|170302,ARSD|CHRNA4|COL9A3|FGF10|FOXG1|GJA1|IGF2|KCNQ2|KRT5|LRP2|PAX6|SLC2A1|SNAP25|TBX3|HNF1B|NR2F1|TWIST1|LHX3|DLK1|SYNGAP1|NRXN1|GDF3|ACKR3|ARX,-2.7,MyList
DisGeNET,35,C0027055,Myocardial Reperfusion Injury,,-4.1,2.8,4.7,30293,226,851,18,2.1,0.49,285|286|301|718|846|1462|1889|1910|2697|2920|3383|3552|4288|4973|6513|6546|7295|11255,ANGPT2|ANK1|ANXA1|C3|CASR|VCAN|ECE1|EDNRB|GJA1|CXCL2|ICAM1|IL1A|MKI67|OLR1|SLC2A1|SLC8A1|TXN|HRH3,-2.7,MyList
PaGenBase,36,PGB:00001,Tissue-specific: liver,,-4.1,2,4.3,30293,692,851,38,4.5,0.71,26|345|718|875|1050|1356|1361|1491|1943|2041|2168|2243|2266|2877|2920|3801|3960|5045|5106|5446|5629|6288|6690|7448|9248|23316|23541|54498|55240|57761|64856|79962|84647|92359|116844|166012|653857|100131187,AOC1|APOC3|C3|CBS|CEBPA|CP|CPB2|CTH|EFNA2|EPHA1|FABP1|FGA|FGG|GPX2|CXCL2|KIFC3|LGALS4|FURIN|PCK2|PON3|PROX1|SAA1|SPINK1|VTN|GPR50|CUX2|SEC14L2|SMOX|STEAP3|TRIB3|VWA1|DNAJC22|PLA2G12B|CRB3|LRG1|CHST13|ACTR3C|TSTD1,-2.7,MyList
DisGeNET,35,C0279680,Transitional cell carcinoma of bladder,,-4.1,2.5,4.6,30293,333,851,23,2.7,0.56,650|1012|1029|1052|1995|3488|3552|5111|5334|7025|7031|7291|9021|9961|11148|23213|23452|54101|54541|57575|79026|94234|346389,BMP2|CDH13|CDKN2A|CEBPD|ELAVL3|IGFBP5|IL1A|PCNA|PLCL1|NR2F1|TFF1|TWIST1|SOCS3|MVP|HHLA2|SULF1|ANGPTL2|RIPK4|DDIT4|PCDH10|AHNAK|FOXQ1|MACC1,-2.7,MyList
DisGeNET,35,C0242339,Dyslipidemias,,-4.1,2.2,4.4,30293,471,851,29,3.4,0.62,290|301|345|602|633|718|1029|1361|2168|2169|3339|3552|3576|4023|4036|4055|4288|4973|5122|5327|6296|9021|11343|27035|51129|54210|80150|169026|375704,ANPEP|ANXA1|APOC3|BCL3|BGN|C3|CDKN2A|CPB2|FABP1|FABP2|HSPG2|IL1A|CXCL8|LPL|LRP2|LTBR|MKI67|OLR1|PCSK1|PLAT|ACSM3|SOCS3|MGLL|NOX1|ANGPTL4|TREM1|ASRGL1|SLC30A8|ENHO,-2.7,MyList
DisGeNET,35,C0043119,Werner Syndrome,,-4.1,3.6,5,30293,130,851,13,1.5,0.42,286|1029|1281|1634|2335|3209|3383|3481|3552|5111|6513|11030|22915,ANK1|CDKN2A|COL3A1|DCN|FN1|HOXA13|ICAM1|IGF2|IL1A|PCNA|SLC2A1|RBPMS|MMRN1,-2.7,MyList
DisGeNET,35,C0036631,Seminoma,,-4.1,2.5,4.6,30293,311,851,22,2.6,0.54,174|650|1029|1030|1045|1993|1999|2697|2852|3481|4914|6660|6736|9314|9573|10630|11186|53827|55211|64321|79192|132625,AFP|BMP2|CDKN2A|CDKN2B|CDX2|ELAVL2|ELF3|GJA1|GPER1|IGF2|NTRK1|SOX5|SRY|KLF4|GDF3|PDPN|RASSF1|FXYD5|DPPA4|SOX17|IRX1|ZFP42,-2.7,MyList
DisGeNET,35,C0026857,Musculoskeletal Diseases,,-4.1,6.6,5.8,30293,38,851,7,0.82,0.31,633|1301|3339|9719|11096|22943|51129,BGN|COL11A1|HSPG2|ADAMTSL2|ADAMTS5|DKK1|ANGPTL4,-2.6,MyList
DisGeNET,35,C0042164,Uveitis,,-4.1,2.7,4.7,30293,247,851,19,2.2,0.51,133|301|311|1152|1462|1822|3119|3123|3383|3552|3576|6352|6364|6376|7056|9021|9314|56896|148022,ADM|ANXA1|ANXA11|CKB|VCAN|ATN1|HLA-DQB1|HLA-DRB1|ICAM1|IL1A|CXCL8|CCL5|CCL20|CX3CL1|THBD|SOCS3|KLF4|DPYSL5|TICAM1,-2.6,MyList
DisGeNET,35,C0334459,Infantile fibrosarcoma,,-4.1,10,6.6,30293,17,851,5,0.59,0.26,1277|4288|4914|4916|5155,COL1A1|MKI67|NTRK1|NTRK3|PDGFB,-2.6,MyList
DisGeNET,35,C0344911,Left ventricular dilatation,,-4.1,10,6.6,30293,17,851,5,0.59,0.26,285|1440|3123|4684|6385,ANGPT2|CSF3|HLA-DRB1|NCAM1|SDC4,-2.6,MyList
Transcription Factor Targets,16,M13187,GGARNTKYCCA UNKNOWN,,-4.1,4.4,5.3,30293,80,851,10,1.2,0.37,2823|3339|4753|4916|10814|51286|58158|84858|85508|140738,GPM6A|HSPG2|NELL2|NTRK3|CPLX2|CEND1|NEUROD4|ZNF503|SCRT2|TMEM37,-2.6,MyList
DisGeNET,35,C0403416,Idiopathic crescentic glomerulonephritis,,-4.1,4.4,5.3,30293,80,851,10,1.2,0.37,633|928|1634|2335|2353|3552|3725|3726|6348|6850,BGN|CD9|DCN|FN1|FOS|IL1A|JUN|JUNB|CCL3|SYK,-2.6,MyList
DisGeNET,35,C0151846,Periosteal Disorder,,-4.1,4.4,5.3,30293,80,851,10,1.2,0.37,650|2258|3552|5024|5396|6352|6662|7070|9902|80150,BMP2|FGF13|IL1A|P2RX3|PRRX1|CCL5|SOX9|THY1|MRC2|ASRGL1,-2.6,MyList
DisGeNET,35,C0007113,Rectal Carcinoma,,-4.1,2.2,4.4,30293,472,851,29,3.4,0.62,301|650|768|846|1026|1029|1045|1087|1179|2034|2041|2253|2346|2353|2697|2877|3119|3576|4288|5106|6364|6513|7424|8549|10397|29106|50506|54498|346389,ANXA1|BMP2|CA9|CASR|CDKN1A|CDKN2A|CDX2|CEACAM7|CLCA1|EPAS1|EPHA1|FGF8|FOLH1|FOS|GJA1|GPX2|HLA-DQB1|CXCL8|MKI67|PCK2|CCL20|SLC2A1|VEGFC|LGR5|NDRG1|SCG3|DUOX2|SMOX|MACC1,-2.6,MyList
DisGeNET,35,C0341038,Jaw Keratocyst,,-4.1,5.6,5.6,30293,51,851,8,0.94,0.33,1026|1029|2253|3339|4288|5111|5266|10630,CDKN1A|CDKN2A|FGF8|HSPG2|MKI67|PCNA|PI3|PDPN,-2.6,MyList
Transcription Factor Targets,16,M19129,CREB Q2,,-4.1,2.6,4.6,30293,269,851,20,2.4,0.52,114|2128|2353|2913|3226|3300|3397|3741|5063|5122|7101|8549|9902|10150|23645|56884|57111|64399|79094|150094,ADCY8|EVX1|FOS|GRM3|HOXC10|DNAJB2|ID1|KCNA5|PAK3|PCSK1|NR2E1|LGR5|MRC2|MBNL2|PPP1R15A|FSTL5|RAB25|HHIP|CHAC1|SIK1,-2.6,MyList
Transcription Factor Targets,16,M19331,PR Q2,,-4.1,2.6,4.6,30293,269,851,20,2.4,0.52,862|2255|2823|2913|3552|3746|4826|5076|5396|6660|7025|9547|23440|27319|54798|84033|122953|140679|283576|389206,RUNX1T1|FGF10|GPM6A|GRM3|IL1A|KCNC1|NNAT|PAX2|PRRX1|SOX5|NR2F1|CXCL14|OTP|BHLHE22|DCHS2|OBSCN|JDP2|SLC32A1|ZDHHC22|BEND4,-2.6,MyList
Transcription Factor Targets,16,M16722,MYB Q5 01,,-4.1,2.6,4.6,30293,269,851,20,2.4,0.52,862|1051|1649|1996|2258|2785|3213|5992|6352|6660|7025|8482|11343|27319|27344|28316|55502|84969|90050|389206,RUNX1T1|CEBPB|DDIT3|ELAVL4|FGF13|GNG3|HOXB3|RFX4|CCL5|SOX5|NR2F1|SEMA7A|MGLL|BHLHE22|PCSK1N|CDH20|HES6|TOX2|FAM181A|BEND4,-2.6,MyList
Transcription Factor Targets,16,M1631,DR3 Q4,,-4.1,3.3,4.9,30293,149,851,14,1.6,0.44,1995|3209|3589|3746|5080|5099|5155|11187|24141|51303|54798|55885|56936|81849,ELAVL3|HOXA13|IL11|KCNC1|PAX6|PCDH7|PDGFB|PKP3|LAMP5|FKBP11|DCHS2|LMO3|CCDC177|ST6GALNAC5,-2.6,MyList
DisGeNET,35,C0029422,Osteochondrodysplasias,,-4.1,2.9,4.7,30293,207,851,17,2,0.48,650|1277|1281|1301|1311|2253|2697|3339|3955|4914|5476|6662|9060|9719|10586|55790|79633,BMP2|COL1A1|COL3A1|COL11A1|COMP|FGF8|GJA1|HSPG2|LFNG|NTRK1|CTSA|SOX9|PAPSS2|ADAMTSL2|MAB21L2|CSGALNACT1|FAT4,-2.6,MyList
DisGeNET,35,C1510472,Drug Dependence,,-4.1,2.7,4.6,30293,248,851,19,2.2,0.51,238|1012|1137|2555|2913|3780|4684|6506|9465|9547|11343|27344|51083|57451|64866|65217|79750|114786|401207,ALK|CDH13|CHRNA4|GABRA2|GRM3|KCNN1|NCAM1|SLC1A2|AKAP7|CXCL14|MGLL|PCSK1N|GAL|TENM2|CDCP1|PCDH15|ZNF385D|XKR4|C5orf63,-2.6,MyList
DisGeNET,35,C3714796,Isolated somatotropin deficiency,,-4.1,3.2,4.8,30293,168,851,15,1.8,0.45,650|1952|2353|3481|3552|4023|5080|5122|5456|6658|6926|7681|8022|9056|284119,BMP2|CELSR2|FOS|IGF2|IL1A|LPL|PAX6|PCSK1|POU3F4|SOX3|TBX3|MKRN3|LHX3|SLC7A7|CAVIN1,-2.6,MyList
DisGeNET,35,C0008489,Chorea,,-4.1,3.2,4.8,30293,168,851,15,1.8,0.45,111|174|1356|1804|2290|2512|2555|3119|3123|3741|5155|6513|9211|23043|56896,ADCY5|AFP|CP|DPP6|FOXG1|FTL|GABRA2|HLA-DQB1|HLA-DRB1|KCNA5|PDGFB|SLC2A1|LGI1|TNIK|DPYSL5,-2.6,MyList
DisGeNET,35,C0409348,Flexion contracture of proximal interphalangeal joint,,-4.1,3.2,4.8,30293,168,851,15,1.8,0.45,1293|1301|1855|2290|2697|3691|3914|3918|3955|6926|9244|9719|55612|63976|79633,COL6A3|COL11A1|DVL1|FOXG1|GJA1|ITGB4|LAMB3|LAMC2|LFNG|TBX3|CRLF1|ADAMTSL2|FERMT1|PRDM16|FAT4,-2.6,MyList
DisGeNET,35,C0149721,Left Ventricular Hypertrophy,,-4.1,2.3,4.5,30293,403,851,26,3.1,0.59,133|285|1152|1277|1281|1440|1889|2273|2335|2697|3283|3481|3776|4023|4684|4973|6513|6546|6662|7128|8792|9518|51083|54677|57007|57761,ADM|ANGPT2|CKB|COL1A1|COL3A1|CSF3|ECE1|FHL1|FN1|GJA1|HSD3B1|IGF2|KCNK2|LPL|NCAM1|OLR1|SLC2A1|SLC8A1|SOX9|TNFAIP3|TNFRSF11A|GDF15|GAL|CROT|ACKR3|TRIB3,-2.6,MyList
DisGeNET,35,C2363741,HIV-1 infection,,-4.1,1.9,4.3,30293,695,851,38,4.5,0.71,567|890|928|972|1026|1029|1030|1051|1822|2042|2335|2353|2524|3119|3123|3383|3552|3561|3576|4155|4194|4684|4973|5021|5266|5339|6348|6352|6736|7295|9181|9235|9547|23541|23645|54549|84867|338382,B2M|CCNA2|CD9|CD74|CDKN1A|CDKN2A|CDKN2B|CEBPB|ATN1|EPHA3|FN1|FOS|FUT2|HLA-DQB1|HLA-DRB1|ICAM1|IL1A|IL2RG|CXCL8|MBP|MDM4|NCAM1|OLR1|OXTR|PI3|PLEC|CCL3|CCL5|SRY|TXN|ARHGEF2|IL32|CXCL14|SEC14L2|PPP1R15A|SDK2|PTPN5|RAB7B,-2.6,MyList
TRRUST,34,TRR00849,Regulated by: NANOG,,-4.1,7.9,6.1,30293,27,851,6,0.71,0.29,174|1045|2624|6656|9573|22943,AFP|CDX2|GATA2|SOX1|GDF3|DKK1,-2.6,MyList
DisGeNET,35,C0037930,Spinal Cord Neoplasms,,-4.1,7.9,6.1,30293,27,851,6,0.71,0.29,650|2290|3918|4194|5155|10215,BMP2|FOXG1|LAMC2|MDM4|PDGFB|OLIG2,-2.6,MyList
DisGeNET,35,C1856963,Fragile nails,,-4.1,7.9,6.1,30293,27,851,6,0.71,0.29,1747|2512|2697|3691|3914|3918,DLX3|FTL|GJA1|ITGB4|LAMB3|LAMC2,-2.6,MyList
TRRUST,34,TRR01393,Regulated by: TCF4,,-4.1,7.9,6.1,30293,27,851,6,0.71,0.29,1462|3725|8549|9314|9378|147111,VCAN|JUN|LGR5|KLF4|NRXN1|NOTUM,-2.6,MyList
DisGeNET,35,C0478085,Other epidermolysis bullosa,,-4.1,27,8.7,30293,4,851,3,0.35,0.2,3691|3914|3918,ITGB4|LAMB3|LAMC2,-2.6,MyList
DisGeNET,35,C2673610,JEB-I,,-4.1,27,8.7,30293,4,851,3,0.35,0.2,3691|3914|3918,ITGB4|LAMB3|LAMC2,-2.6,MyList
DisGeNET,35,C0079297,Epidermolysis Bullosa Progressiva,,-4.1,27,8.7,30293,4,851,3,0.35,0.2,3691|3914|3918,ITGB4|LAMB3|LAMC2,-2.6,MyList
DisGeNET,35,C4024876,Palmoplantar blistering,,-4.1,27,8.7,30293,4,851,3,0.35,0.2,1294|3691|3852,COL7A1|ITGB4|KRT5,-2.6,MyList
DisGeNET,35,C1857280,Infra-orbital crease,,-4.1,27,8.7,30293,4,851,3,0.35,0.2,2290|4036|9378,FOXG1|LRP2|NRXN1,-2.6,MyList
DisGeNET,35,C0021704,Intelligence,,-4.1,2,4.3,30293,645,851,36,4.2,0.69,108|862|1136|1152|1301|1496|1993|2042|2555|2823|2913|4684|4916|5045|5106|5334|5800|6496|9378|9615|9745|9892|9902|11078|22986|26115|27133|29106|29942|54715|57580|84267|84894|120114|130132|729830,ADCY2|RUNX1T1|CHRNA3|CKB|COL11A1|CTNNA2|ELAVL2|EPHA3|GABRA2|GPM6A|GRM3|NCAM1|NTRK3|FURIN|PCK2|PLCL1|PTPRO|SIX3|NRXN1|GDA|ZNF536|SNAP91|MRC2|TRIOBP|SORCS3|TANC2|KCNH5|SCG3|PURG|RBFOX1|PREX1|QNG1|LINGO1|FAT3|RFTN2|FHIP1A,-2.6,MyList
Cell Type Signatures,7,M41699,TRAVAGLINI LUNG CLASSICAL MONOCYTE CELL,,-4.1,2.6,4.6,30293,270,851,20,2.4,0.52,1051|1052|1462|2114|2180|2353|5339|6277|6303|6546|6850|7045|7127|8660|9056|9262|9314|79026|122953|254102,CEBPB|CEBPD|VCAN|ETS2|ACSL1|FOS|PLEC|S100A6|SAT1|SLC8A1|SYK|TGFBI|TNFAIP2|IRS2|SLC7A7|STK17B|KLF4|AHNAK|JDP2|EHBP1L1,-2.6,MyList
DisGeNET,35,C0221505,Lesion of brain,,-4.1,3,4.7,30293,188,851,16,1.9,0.47,238|718|961|1087|2346|2596|2697|3123|3383|3918|4155|5111|5327|5354|10814|54997,ALK|C3|CD47|CEACAM7|FOLH1|GAP43|GJA1|HLA-DRB1|ICAM1|LAMC2|MBP|PCNA|PLAT|PLP1|CPLX2|TESC,-2.6,MyList
Transcription Factor Targets,16,M4774,FOXO1 02,,-4.1,2.7,4.6,30293,249,851,19,2.2,0.51,460|650|1026|2255|2290|2355|2886|3227|3918|4821|5629|7025|7404|8929|9423|10397|27164|54541|57616,ASTN1|BMP2|CDKN1A|FGF10|FOXG1|FOSL2|GRB7|HOXC11|LAMC2|NKX2-2|PROX1|NR2F1|UTY|PHOX2B|NTN1|NDRG1|SALL3|DDIT4|TSHZ3,-2.6,MyList
Transcription Factor Targets,16,M16822,NRSF 01,,-4.1,4,5.1,30293,97,851,11,1.3,0.39,1030|1463|1995|5126|6616|6860|8022|11075|11189|22895|78997,CDKN2B|NCAN|ELAVL3|PCSK2|SNAP25|SYT4|LHX3|STMN2|CELF3|RPH3A|GDAP1L1,-2.6,MyList
DisGeNET,35,C1332995,Childhood Pilocytic Astrocytoma,,-4.1,4,5.1,30293,97,851,11,1.3,0.39,133|1029|1277|1641|2173|2335|4288|6662|7295|10215|168002,ADM|CDKN2A|COL1A1|DCX|FABP7|FN1|MKI67|SOX9|TXN|OLIG2|DACT2,-2.6,MyList
DisGeNET,35,C0020224,Polyhydramnios,,-4.1,2.9,4.7,30293,208,851,17,2,0.48,429|2530|3339|3481|3691|5339|5396|6572|6616|6662|8929|10653|25802|57211|60482|64321|286204,ASCL1|FUT8|HSPG2|IGF2|ITGB4|PLEC|PRRX1|SLC18A3|SNAP25|SOX9|PHOX2B|SPINT2|LMOD1|ADGRG6|SLC5A7|SOX17|CRB2,-2.6,MyList
DisGeNET,35,C1762616,"Meningioma, benign, no ICD-O subtype",,-4,2.3,4.4,30293,404,851,26,3.1,0.59,117|290|768|928|1029|1030|1063|1440|1641|1647|1996|2041|2353|3119|3123|3481|4194|4288|5111|5155|8549|9314|9590|11186|25975|57007,ADCYAP1R1|ANPEP|CA9|CD9|CDKN2A|CDKN2B|CENPF|CSF3|DCX|GADD45A|ELAVL4|EPHA1|FOS|HLA-DQB1|HLA-DRB1|IGF2|MDM4|MKI67|PCNA|PDGFB|LGR5|KLF4|AKAP12|RASSF1|EGFL6|ACKR3,-2.6,MyList
Cell Type Signatures,7,M41678,TRAVAGLINI LUNG PERICYTE CELL,,-4,3.7,5,30293,114,851,12,1.4,0.4,567|1879|2701|4023|10397|25975|54997|57211|64065|80323|84033|94015,B2M|EBF1|GJA4|LPL|NDRG1|EGFL6|TESC|ADGRG6|PERP|CCDC68|OBSCN|TTYH2,-2.6,MyList
DisGeNET,35,C0026896,Myasthenia Gravis,,-4,2.4,4.5,30293,336,851,23,2.7,0.56,1137|1822|2353|3119|3123|3552|3725|3726|3852|4155|4319|4684|4914|6352|7128|8792|9021|9211|9423|23541|23645|56896|80352,CHRNA4|ATN1|FOS|HLA-DQB1|HLA-DRB1|IL1A|JUN|JUNB|KRT5|MBP|MMP10|NCAM1|NTRK1|CCL5|TNFAIP3|TNFRSF11A|SOCS3|LGI1|NTN1|SEC14L2|PPP1R15A|DPYSL5|RNF39,-2.6,MyList
DisGeNET,35,C3665444,Neutrophilia (disorder),,-4,3.3,4.8,30293,150,851,14,1.6,0.44,961|1051|1179|1277|1440|2920|3552|3576|5476|5729|5880|6352|6374|57126,CD47|CEBPB|CLCA1|COL1A1|CSF3|CXCL2|IL1A|CXCL8|CTSA|PTGDR|RAC2|CCL5|CXCL5|CD177,-2.6,MyList
Cell Type Signatures,7,M40275,DESCARTES FETAL PLACENTA PAEP MECOM POSITIVE CELLS,,-4,3.2,4.8,30293,169,851,15,1.8,0.45,1311|1356|3776|3914|4118|5076|5284|6376|6533|9914|10103|55816|80150|283358|346389,COMP|CP|KCNK2|LAMB3|MAL|PAX2|PIGR|CX3CL1|SLC6A6|ATP2C2|TSPAN1|DOK5|ASRGL1|B4GALNT3|MACC1,-2.6,MyList
DisGeNET,35,C1859308,PREMATURE CENTROMERE DIVISION,,-4,4.9,5.3,30293,66,851,9,1.1,0.35,862|1029|3123|3383|3576|4684|7545|7546|84107,RUNX1T1|CDKN2A|HLA-DRB1|ICAM1|CXCL8|NCAM1|ZIC1|ZIC2|ZIC4,-2.6,MyList
DisGeNET,35,C0027533,Neck Neoplasms,,-4,3.5,4.9,30293,132,851,13,1.5,0.42,768|1029|1030|1050|1087|1440|2353|3642|4118|5111|5155|51083|55655,CA9|CDKN2A|CDKN2B|CEBPA|CEACAM7|CSF3|FOS|INSM1|MAL|PCNA|PDGFB|GAL|NLRP2,-2.6,MyList
Transcription Factor Targets,16,M6446,CACCCBINDINGFACTOR Q6,,-4,2.6,4.6,30293,271,851,20,2.4,0.52,111|650|1026|2045|2913|3219|3488|3561|3691|4055|7020|7869|9211|9244|23213|50848|55885|63976|79026|375704,ADCY5|BMP2|CDKN1A|EPHA7|GRM3|HOXB9|IGFBP5|IL2RG|ITGB4|LTBR|TFAP2A|SEMA3B|LGI1|CRLF1|SULF1|F11R|LMO3|PRDM16|AHNAK|ENHO,-2.6,MyList
Transcription Factor Targets,16,M4088,TCF1P Q6,,-4,2.6,4.6,30293,271,851,20,2.4,0.52,114|1026|1063|1996|2018|2045|2258|2290|2353|5080|5339|6303|6364|6886|6926|7029|8482|53827|57575|170302,ADCY8|CDKN1A|CENPF|ELAVL4|EMX2|EPHA7|FGF13|FOXG1|FOS|PAX6|PLEC|SAT1|CCL20|TAL1|TBX3|TFDP2|SEMA7A|FXYD5|PCDH10|ARX,-2.6,MyList
Transcription Factor Targets,16,M10220,AP1 01,,-4,2.6,4.6,30293,271,851,20,2.4,0.52,768|1026|1294|1440|1647|1993|3589|4188|4973|5339|7277|7401|9705|10163|23023|63874|85397|153769|170685|196463,CA9|CDKN1A|COL7A1|CSF3|GADD45A|ELAVL2|IL11|MDFI|OLR1|PLEC|TUBA4A|CLRN1|ST18|WASF2|TMCC1|ABHD4|RGS8|SH3RF2|NUDT10|PLBD2,-2.6,MyList
Transcription Factor Targets,16,M18844,HNF4ALPHA Q6,,-4,2.6,4.6,30293,271,851,20,2.4,0.52,290|1634|2255|3219|5080|5099|5155|6928|7025|9056|10586|11030|54715|55885|56937|57402|79962|84647|89932|124842,ANPEP|DCN|FGF10|HOXB9|PAX6|PCDH7|PDGFB|HNF1B|NR2F1|SLC7A7|MAB21L2|RBPMS|RBFOX1|LMO3|PMEPA1|S100A14|DNAJC22|PLA2G12B|PAPLN|TMEM132E,-2.6,MyList
DisGeNET,35,C0278877,Adult Meningioma,,-4,2.3,4.4,30293,405,851,26,3.1,0.59,117|290|768|928|1029|1030|1063|1440|1641|1647|1996|2041|2353|3119|3123|3481|4194|4288|5111|5155|8549|9314|9590|11186|25975|57007,ADCYAP1R1|ANPEP|CA9|CD9|CDKN2A|CDKN2B|CENPF|CSF3|DCX|GADD45A|ELAVL4|EPHA1|FOS|HLA-DQB1|HLA-DRB1|IGF2|MDM4|MKI67|PCNA|PDGFB|LGR5|KLF4|AKAP12|RASSF1|EGFL6|ACKR3,-2.6,MyList
DisGeNET,35,C0266174,Duodenal atresia,,-4,6.4,5.7,30293,39,851,7,0.82,0.31,1063|2253|2255|2619|6496|6928|7546,CENPF|FGF8|FGF10|GAS1|SIX3|HNF1B|ZIC2,-2.6,MyList
DisGeNET,35,C0265004,Dilatation of aorta,,-4,6.4,5.7,30293,39,851,7,0.82,0.31,1281|1462|2353|3725|3726|7056|11096,COL3A1|VCAN|FOS|JUN|JUNB|THBD|ADAMTS5,-2.6,MyList
DisGeNET,35,C0564567,Impulsive character (finding),,-4,5.5,5.5,30293,52,851,8,0.94,0.33,1012|1621|2555|3552|3855|5155|6886|10326,CDH13|DBH|GABRA2|IL1A|KRT7|PDGFB|TAL1|SIRPB1,-2.6,MyList
DisGeNET,35,C0025568,Metaplasia,,-4,5.5,5.5,30293,52,851,8,0.94,0.33,1029|1044|1045|1179|3855|4288|7122|9518,CDKN2A|CDX1|CDX2|CLCA1|KRT7|MKI67|CLDN5|GDF15,-2.6,MyList
DisGeNET,35,C1619727,Decompensated cirrhosis of liver,,-4,5.5,5.5,30293,52,851,8,0.94,0.33,285|1440|2168|2169|3383|3552|3576|3918,ANGPT2|CSF3|FABP1|FABP2|ICAM1|IL1A|CXCL8|LAMC2,-2.6,MyList
DisGeNET,35,C1258085,Barrett Epithelium,,-4,5.5,5.5,30293,52,851,8,0.94,0.33,1012|1029|1044|1045|3576|6662|6707|9314,CDH13|CDKN2A|CDX1|CDX2|CXCL8|SOX9|SPRR3|KLF4,-2.6,MyList
DisGeNET,35,C0338474,Central nervous system demyelination,,-4,5.5,5.5,30293,52,851,8,0.94,0.33,875|1747|2335|3119|3123|3918|6900|10215,CBS|DLX3|FN1|HLA-DQB1|HLA-DRB1|LAMC2|CNTN2|OLIG2,-2.6,MyList
DisGeNET,35,C0029866,Other ureteric obstruction,,-4,5.5,5.5,30293,52,851,8,0.94,0.33,133|567|1277|1649|2335|2701|3383|5155,ADM|B2M|COL1A1|DDIT3|FN1|GJA4|ICAM1|PDGFB,-2.6,MyList
Transcription Factor Targets,16,M9955,TGAYRTCA ATF3 Q6,,-4,2.1,4.3,30293,549,851,32,3.8,0.65,114|861|890|972|1293|2353|2785|3397|3725|3741|4661|5024|5122|5126|5178|6616|7029|7101|8549|8929|9590|10150|10215|10439|11082|11189|23452|23645|55885|57111|85508|150094,ADCY8|RUNX1|CCNA2|CD74|COL6A3|FOS|GNG3|ID1|JUN|KCNA5|MYT1|P2RX3|PCSK1|PCSK2|PEG3|SNAP25|TFDP2|NR2E1|LGR5|PHOX2B|AKAP12|MBNL2|OLIG2|OLFM1|ESM1|CELF3|ANGPTL2|PPP1R15A|LMO3|RAB25|SCRT2|SIK1,-2.6,MyList
DisGeNET,35,C0037299,Skin Ulcer,,-4,3.3,4.8,30293,151,851,14,1.6,0.44,286|1277|1281|3123|3576|4684|4689|4914|5111|5155|6892|7020|64065|79977,ANK1|COL1A1|COL3A1|HLA-DRB1|CXCL8|NCAM1|NCF4|NTRK1|PCNA|PDGFB|TAPBP|TFAP2A|PERP|GRHL2,-2.6,MyList
DisGeNET,35,C0026269,Mitral Valve Stenosis,,-4,3.1,4.8,30293,170,851,15,1.8,0.45,567|718|1361|2039|2697|3123|3127|3552|3676|3918|4155|4661|5327|6364|9719,B2M|C3|CPB2|DMTN|GJA1|HLA-DRB1|HLA-DRB5|IL1A|ITGA4|LAMC2|MBP|MYT1|PLAT|CCL20|ADAMTSL2,-2.6,MyList
DisGeNET,35,C0949541,Hurthle Cell Tumor,,-4,3.1,4.8,30293,170,851,15,1.8,0.45,290|768|928|2346|3487|3488|3855|4684|5076|6513|11186|29106|51129|55885|132625,ANPEP|CA9|CD9|FOLH1|IGFBP4|IGFBP5|KRT7|NCAM1|PAX2|SLC2A1|RASSF1|SCG3|ANGPTL4|LMO3|ZFP42,-2.6,MyList
DisGeNET,35,C2349952,Oropharyngeal Carcinoma,,-4,3.7,5,30293,115,851,12,1.4,0.4,1029|3119|3123|3552|3576|4194|5178|9961|10397|22943|51083|79977,CDKN2A|HLA-DQB1|HLA-DRB1|IL1A|CXCL8|MDM4|PEG3|MVP|NDRG1|DKK1|GAL|GRHL2,-2.6,MyList
DisGeNET,35,C4021726,EMG: myopathic abnormalities,,-4,3.7,5,30293,115,851,12,1.4,0.4,1293|1410|2253|2273|2619|5339|6496|6572|6616|7546|60482|79784,COL6A3|CRYAB|FGF8|FHL1|GAS1|PLEC|SIX3|SLC18A3|SNAP25|ZIC2|SLC5A7|MYH14,-2.6,MyList
DisGeNET,35,C0278504,Non-small cell lung cancer stage I,,-4,3.7,5,30293,115,851,12,1.4,0.4,1012|1029|1087|1641|1942|2266|5396|6277|9641|11186|57007|57575,CDH13|CDKN2A|CEACAM7|DCX|EFNA1|FGG|PRRX1|S100A6|IKBKE|RASSF1|ACKR3|PCDH10,-2.6,MyList
Cell Type Signatures,7,M41704,FAN OVARY CL2 PUTATIVE EARLY ATRETIC FOLLICLE THECAL CELL 1,,-4,4,5,30293,98,851,11,1.3,0.39,1052|1277|1634|2353|3488|3725|3726|4681|6277|7538|54541,CEBPD|COL1A1|DCN|FOS|IGFBP5|JUN|JUNB|NBL1|S100A6|ZFP36|DDIT4,-2.6,MyList
DisGeNET,35,C0856825,Acute GVH disease,,-4,2.5,4.5,30293,294,851,21,2.5,0.53,285|718|1440|1822|2524|3119|3123|3383|3552|3576|3918|4684|5024|5266|6352|6892|7056|7404|9181|9235|10194,ANGPT2|C3|CSF3|ATN1|FUT2|HLA-DQB1|HLA-DRB1|ICAM1|IL1A|CXCL8|LAMC2|NCAM1|P2RX3|PI3|CCL5|TAPBP|THBD|UTY|ARHGEF2|IL32|TSHZ1,-2.6,MyList
DisGeNET,35,C0279672,Cervical Adenocarcinoma,,-4,4.3,5.2,30293,82,851,10,1.2,0.37,1029|2042|2852|6656|7429|8403|9021|11186|23023|64321,CDKN2A|EPHA3|GPER1|SOX1|VIL1|SOX14|SOCS3|RASSF1|TMCC1|SOX17,-2.6,MyList
TRRUST,34,TRR00466,Regulated by: HDAC1,,-4,4.3,5.2,30293,82,851,10,1.2,0.37,345|1026|1029|2353|3383|3576|5111|7031|8434|9314,APOC3|CDKN1A|CDKN2A|FOS|ICAM1|CXCL8|PCNA|TFF1|RECK|KLF4,-2.6,MyList
DisGeNET,35,C0027668,"Neoplasms, Vascular Tissue",,-4,4.8,5.3,30293,67,851,9,1.1,0.35,238|1634|2353|3576|5629|6513|7424|7538|10630,ALK|DCN|FOS|CXCL8|PROX1|SLC2A1|VEGFC|ZFP36|PDPN,-2.6,MyList
Cell Type Signatures,7,M39284,DURANTE ADULT OLFACTORY NEUROEPITHELIUM RESPIRATORY COLUMNAR CELLS,,-4,7.6,6,30293,28,851,6,0.71,0.29,928|1999|2034|3853|7295|64065,CD9|ELF3|EPAS1|KRT6A|TXN|PERP,-2.5,MyList
DisGeNET,35,C1568363,Tendinosis,,-4,7.6,6,30293,28,851,6,0.71,0.29,633|1462|1634|2335|6572|11096,BGN|VCAN|DCN|FN1|SLC18A3|ADAMTS5,-2.5,MyList
DisGeNET,35,C0243050,Cardiovascular Abnormalities,,-4,4,5,30293,99,851,11,1.3,0.39,429|634|1293|1822|2253|2624|3481|6928|8929|57761|64220,ASCL1|CEACAM1|COL6A3|ATN1|FGF8|GATA2|IGF2|HNF1B|PHOX2B|TRIB3|STRA6,-2.5,MyList
DisGeNET,35,C0085278,Antiphospholipid Syndrome,,-4,4,5,30293,99,851,11,1.3,0.39,567|1361|2243|3123|3576|5196|5327|5800|6281|7056|653145,B2M|CPB2|FGA|HLA-DRB1|CXCL8|PF4|PLAT|PTPRO|S100A10|THBD|ANXA8,-2.5,MyList
Cell Type Signatures,7,M39295,DURANTE ADULT OLFACTORY NEUROEPITHELIUM OLFACTORY MICROVILLAR CELLS,,-4,5.4,5.4,30293,53,851,8,0.94,0.33,307|928|3855|5121|10512|10655|55502|166824,ANXA4|CD9|KRT7|PCP4|SEMA3C|DMRT2|HES6|RASSF6,-2.5,MyList
DisGeNET,35,C0949272,IIeocolitis,,-4,5.4,5.4,30293,53,851,8,0.94,0.33,2335|2524|3123|4689|7448|8929|27035|50506,FN1|FUT2|HLA-DRB1|NCF4|VTN|PHOX2B|NOX1|DUOX2,-2.5,MyList
Cell Type Signatures,7,M39319,CUI DEVELOPING HEART ENDOCARDIAL CELL,,-4,5.4,5.4,30293,53,851,8,0.94,0.33,1009|5099|5322|6320|51129|51477|57211|84952,CDH11|PCDH7|PLA2G5|CLEC11A|ANGPTL4|ISYNA1|ADGRG6|CGNL1,-2.5,MyList
DisGeNET,35,C0266537,Congenital lamellar cataract,,-4,9.9,6.4,30293,18,851,5,0.59,0.26,1410|1421|3561|5080|6513,CRYAB|CRYGD|IL2RG|PAX6|SLC2A1,-2.5,MyList
Transcription Factor Targets,16,M2727,ICSBP Q6,,-4,2.7,4.5,30293,253,851,19,2.2,0.51,567|1993|2530|3209|4036|4821|5284|5354|6238|6892|7029|7291|9211|11189|51129|54674|63976|64067|85416,B2M|ELAVL2|FUT8|HOXA13|LRP2|NKX2-2|PIGR|PLP1|RRBP1|TAPBP|TFDP2|TWIST1|LGI1|CELF3|ANGPTL4|LRRN3|PRDM16|NPAS3|ZIC5,-2.5,MyList
Transcription Factor Targets,16,M6568,TAAWWATAG RSRFC4 Q2,,-4,3.1,4.7,30293,172,851,15,1.8,0.45,1026|1277|1295|1996|2258|2846|2852|3725|3780|6547|6616|6660|10725|55466|81849,CDKN1A|COL1A1|COL8A1|ELAVL4|FGF13|LPAR4|GPER1|JUN|KCNN1|SLC8A3|SNAP25|SOX5|NFAT5|DNAJA4|ST6GALNAC5,-2.5,MyList
DisGeNET,35,C0026034,Microstomia,,-4,3.1,4.7,30293,172,851,15,1.8,0.45,650|1281|1294|1301|2697|3339|3914|3918|5396|7291|9244|54101|56033|63976|79633,BMP2|COL3A1|COL7A1|COL11A1|GJA1|HSPG2|LAMB3|LAMC2|PRRX1|TWIST1|CRLF1|RIPK4|BARX1|PRDM16|FAT4,-2.5,MyList
DisGeNET,35,C2118460,Acute colitis,,-4,4.3,5.1,30293,83,851,10,1.2,0.37,133|290|655|1311|2877|3552|3589|7538|9423|54210,ADM|ANPEP|BMP7|COMP|GPX2|IL1A|IL11|ZFP36|NTN1|TREM1,-2.5,MyList
DisGeNET,35,C1853241,Flat face,,-4,4.3,5.1,30293,83,851,10,1.2,0.37,1009|1281|1299|1301|1855|3339|5063|6662|7291|79633,CDH11|COL3A1|COL9A3|COL11A1|DVL1|HSPG2|PAK3|SOX9|TWIST1|FAT4,-2.5,MyList
Cell Type Signatures,7,M39082,ZHONG PFC C9 ORG OTHER,,-4,4.3,5.1,30293,83,851,10,1.2,0.37,655|1301|2173|2346|6303|10630|11170|56892|57348|375704,BMP7|COL11A1|FABP7|FOLH1|SAT1|PDPN|FAM107A|TCIM|TTYH1|ENHO,-2.5,MyList
DisGeNET,35,C1837461,"SCOLIOSIS, ISOLATED, SUSCEPTIBILITY TO, 3",,-4,2,4.3,30293,578,851,33,3.9,0.66,2|108|577|1012|1607|2899|3694|4753|5099|5142|5334|6296|9378|9465|9745|10752|22986|23043|54715|55286|55816|56243|57101|57211|57484|57580|65217|80323|81832|92293|158866|255743|283358,A2M|ADCY2|ADGRB3|CDH13|DGKB|GRIK3|ITGB6|NELL2|PCDH7|PDE4B|PLCL1|ACSM3|NRXN1|AKAP7|ZNF536|CHL1|SORCS3|TNIK|RBFOX1|C4orf19|DOK5|KIAA1217|ANO2|ADGRG6|RNF150|PREX1|PCDH15|CCDC68|NETO1|TMEM132C|ZDHHC15|NPNT|B4GALNT3,-2.5,MyList
DisGeNET,35,C0751587,CADASIL Syndrome,,-4,6.2,5.6,30293,40,851,7,0.82,0.31,633|1440|1634|1855|2335|5476|7056,BGN|CSF3|DCN|DVL1|FN1|CTSA|THBD,-2.5,MyList
Cell Type Signatures,7,M39313,CUI DEVELOPING HEART LEFT VENTRICULAR CARDIOMYOCYTE,,-4,6.2,5.6,30293,40,851,7,0.82,0.31,301|1281|2697|4071|7070|9547|22822,ANXA1|COL3A1|GJA1|TM4SF1|THY1|CXCL14|PHLDA1,-2.5,MyList
DisGeNET,35,C0241165,Thick skin,,-4,6.2,5.6,30293,40,851,7,0.82,0.31,1277|1893|3561|4914|5155|9719|81794,COL1A1|ECM1|IL2RG|NTRK1|PDGFB|ADAMTSL2|ADAMTS10,-2.5,MyList
DisGeNET,35,C0009952,Febrile Convulsions,,-3.9,3,4.6,30293,192,851,16,1.9,0.47,718|1137|2258|2558|3552|3576|3785|3918|5024|6513|6547|9211|10964|56287|150094|170302,C3|CHRNA4|FGF13|GABRA5|IL1A|CXCL8|KCNQ2|LAMC2|P2RX3|SLC2A1|SLC8A3|LGI1|IFI44L|GKN1|SIK1|ARX,-2.5,MyList
DisGeNET,35,C0025164,Megaesophagus,,-3.9,14,7.1,30293,10,851,4,0.47,0.23,1029|3119|4914|5111,CDKN2A|HLA-DQB1|NTRK1|PCNA,-2.5,MyList
DisGeNET,35,C0586989,Varicella Zoster Virus Infection,,-3.9,14,7.1,30293,10,851,4,0.47,0.23,3119|3123|3576|9021,HLA-DQB1|HLA-DRB1|CXCL8|SOCS3,-2.5,MyList
DisGeNET,35,C0026654,Moyamoya Disease,,-3.9,3.7,4.9,30293,117,851,12,1.4,0.4,285|2697|3119|3123|3576|3918|6352|6374|6496|7056|9244|84033,ANGPT2|GJA1|HLA-DQB1|HLA-DRB1|CXCL8|LAMC2|CCL5|CXCL5|SIX3|THBD|CRLF1|OBSCN,-2.5,MyList
Cell Type Signatures,7,M41691,TRAVAGLINI LUNG PLATELET MEGAKARYOCYTE CELL,,-3.9,2,4.2,30293,604,851,34,4,0.67,823|928|961|1026|1356|1647|1999|2039|2273|2274|2791|2934|3801|3855|5196|5284|5476|6303|6352|6385|6886|7122|7277|10053|10103|10653|10826|11343|22915|50848|54498|80736|84417|112399,CAPN1|CD9|CD47|CDKN1A|CP|GADD45A|ELF3|DMTN|FHL1|FHL2|GNG11|GSN|KIFC3|KRT7|PF4|PIGR|CTSA|SAT1|CCL5|SDC4|TAL1|CLDN5|TUBA4A|AP1M2|TSPAN1|SPINT2|FAXDC2|MGLL|MMRN1|F11R|SMOX|SLC44A4|ECRG4|EGLN3,-2.5,MyList
DisGeNET,35,C0035222,"Respiratory Distress Syndrome, Adult",,-3.9,2.2,4.3,30293,434,851,27,3.2,0.6,285|414|655|1421|1634|1879|2034|2114|2335|2353|3383|3552|3576|3982|5266|5334|6374|6892|7056|7295|10630|10964|23452|27035|51129|54210|56300,ANGPT2|ARSD|BMP7|CRYGD|DCN|EBF1|EPAS1|ETS2|FN1|FOS|ICAM1|IL1A|CXCL8|LIM2|PI3|PLCL1|CXCL5|TAPBP|THBD|TXN|PDPN|IFI44L|ANGPTL2|NOX1|ANGPTL4|TREM1|IL36G,-2.5,MyList
DisGeNET,35,C2986682,Locally Recurrent Malignant Neoplasm,,-3.9,4.7,5.2,30293,68,851,9,1.1,0.35,238|567|768|1029|1910|4804|6277|9518|10630,ALK|B2M|CA9|CDKN2A|EDNRB|NGFR|S100A6|GDF15|PDPN,-2.5,MyList
Cell Type Signatures,7,M41715,FAN OVARY CL13 MONOCYTE MACROPHAGE,,-3.9,2.2,4.3,30293,458,851,28,3.3,0.61,301|311|567|694|837|972|1026|1051|1512|2114|2512|2920|3119|3123|3127|3561|3576|4155|4973|5272|6277|6281|6303|6892|7295|8673|9123|53827,ANXA1|ANXA11|B2M|BTG1|CASP4|CD74|CDKN1A|CEBPB|CTSH|ETS2|FTL|CXCL2|HLA-DQB1|HLA-DRB1|HLA-DRB5|IL2RG|CXCL8|MBP|OLR1|SERPINB9|S100A6|S100A10|SAT1|TAPBP|TXN|VAMP8|SLC16A3|FXYD5,-2.5,MyList
Transcription Factor Targets,16,M8746,RGAANNTTC HSF1 01,,-3.9,2.2,4.3,30293,458,851,28,3.3,0.61,114|133|928|1288|1293|1410|1996|2273|2934|3211|3488|3725|4826|5063|5339|6096|8022|10150|11030|11343|23023|23440|50944|51477|54715|57575|85397|387597,ADCY8|ADM|CD9|COL4A6|COL6A3|CRYAB|ELAVL4|FHL1|GSN|HOXB1|IGFBP5|JUN|NNAT|PAK3|PLEC|RORB|LHX3|MBNL2|RBPMS|MGLL|TMCC1|OTP|SHANK1|ISYNA1|RBFOX1|PCDH10|RGS8|ILDR2,-2.5,MyList
DisGeNET,35,C0007112,Adenocarcinoma of prostate,,-3.9,2.4,4.4,30293,342,851,23,2.7,0.56,117|301|1029|1277|1462|2039|2042|2346|3642|4288|5111|6277|6513|6690|6736|7020|7113|9021|9518|23440|55323|55502|147040,ADCYAP1R1|ANXA1|CDKN2A|COL1A1|VCAN|DMTN|EPHA3|FOLH1|INSM1|MKI67|PCNA|S100A6|SLC2A1|SPINK1|SRY|TFAP2A|TMPRSS2|SOCS3|GDF15|OTP|LARP6|HES6|KCTD11,-2.5,MyList
DisGeNET,35,C0376154,Skin callus,,-3.9,3.2,4.7,30293,154,851,14,1.6,0.44,133|285|650|655|846|861|1029|3853|3855|5111|5155|5396|6281|6662,ADM|ANGPT2|BMP2|BMP7|CASR|RUNX1|CDKN2A|KRT6A|KRT7|PCNA|PDGFB|PRRX1|S100A10|SOX9,-2.5,MyList
Transcription Factor Targets,16,M11022,MAZ Q6,,-3.9,3,4.6,30293,193,851,16,1.9,0.47,460|1942|2018|2899|3725|3746|4194|5080|5629|6513|9181|50674|63976|79026|84858|84867,ASTN1|EFNA1|EMX2|GRIK3|JUN|KCNC1|MDM4|PAX6|PROX1|SLC2A1|ARHGEF2|NEUROG3|PRDM16|AHNAK|ZNF503|PTPN5,-2.5,MyList
DisGeNET,35,C2745900,Promyelocytic leukemia,,-3.9,2.7,4.5,30293,255,851,19,2.2,0.51,301|650|861|862|961|1026|1029|1051|1087|1440|2353|2624|3552|3576|4194|5327|6506|7538|653145,ANXA1|BMP2|RUNX1|RUNX1T1|CD47|CDKN1A|CDKN2A|CEBPB|CEACAM7|CSF3|FOS|GATA2|IL1A|CXCL8|MDM4|PLAT|SLC1A2|ZFP36|ANXA8,-2.5,MyList
DisGeNET,35,C0238790,bone destruction,,-3.9,2.7,4.5,30293,234,851,18,2.1,0.49,567|928|1029|2335|3123|3552|3576|3589|4914|6348|6850|7291|8792|9021|9423|22943|51129|56937,B2M|CD9|CDKN2A|FN1|HLA-DRB1|IL1A|CXCL8|IL11|NTRK1|CCL3|SYK|TWIST1|TNFRSF11A|SOCS3|NTN1|DKK1|ANGPTL4|PMEPA1,-2.5,MyList
DisGeNET,35,C0037928,Spinal Cord Diseases,,-3.9,4.2,5.1,30293,84,851,10,1.2,0.37,133|928|1029|3123|3576|3918|4155|6900|22943|56896,ADM|CD9|CDKN2A|HLA-DRB1|CXCL8|LAMC2|MBP|CNTN2|DKK1|DPYSL5,-2.5,MyList
DisGeNET,35,C0015672,Fatigue,,-3.9,1.9,4.2,30293,759,851,40,4.7,0.73,290|311|634|718|846|861|875|1029|1277|1440|1621|2253|2512|2521|2624|2697|2852|2934|3123|3552|3576|3785|3855|3918|5339|5446|6296|6352|6506|6572|6658|6886|7295|8022|9021|9518|50506|55240|84867|405753,ANPEP|ANXA11|CEACAM1|C3|CASR|RUNX1|CBS|CDKN2A|COL1A1|CSF3|DBH|FGF8|FTL|FUS|GATA2|GJA1|GPER1|GSN|HLA-DRB1|IL1A|CXCL8|KCNQ2|KRT7|LAMC2|PLEC|PON3|ACSM3|CCL5|SLC1A2|SLC18A3|SOX3|TAL1|TXN|LHX3|SOCS3|GDF15|DUOX2|STEAP3|PTPN5|DUOXA2,-2.5,MyList
DisGeNET,35,C0848558,Hypospadias,,-3.9,2.3,4.4,30293,366,851,24,2.8,0.57,174|414|655|1281|1855|2018|2253|2255|2353|3209|3481|3725|3726|3955|5080|6662|6736|6928|7020|22943|63976|64399|79633|170302,AFP|ARSD|BMP7|COL3A1|DVL1|EMX2|FGF8|FGF10|FOS|HOXA13|IGF2|JUN|JUNB|LFNG|PAX6|SOX9|SRY|HNF1B|TFAP2A|DKK1|PRDM16|HHIP|FAT4|ARX,-2.5,MyList
DisGeNET,35,C0015393,Eye Abnormalities,,-3.9,5.3,5.3,30293,54,851,8,0.94,0.33,1301|5080|6736|7020|7101|10586|30813|64220,COL11A1|PAX6|SRY|TFAP2A|NR2E1|MAB21L2|VSX1|STRA6,-2.5,MyList
DisGeNET,35,C3839280,High grade serous carcinoma,,-3.9,3.6,4.8,30293,118,851,12,1.4,0.4,238|694|1029|3852|5076|6662|6928|8788|10653|11226|50614|55240,ALK|BTG1|CDKN2A|KRT5|PAX2|SOX9|HNF1B|DLK1|SPINT2|GALNT6|GALNT9|STEAP3,-2.5,MyList
DisGeNET,35,C0006271,Bronchiolitis,,-3.9,3.6,4.8,30293,118,851,12,1.4,0.4,2524|3383|3576|3725|5339|5729|6348|6352|6376|6513|6892|51477,FUT2|ICAM1|CXCL8|JUN|PLEC|PTGDR|CCL3|CCL5|CX3CL1|SLC2A1|TAPBP|ISYNA1,-2.5,MyList
DisGeNET,35,C0019562,Von Hippel-Lindau Syndrome,,-3.9,3.1,4.7,30293,174,851,15,1.8,0.45,768|1026|2034|2335|4288|4914|5076|6515|6928|7045|11186|29923|51129|54541|112399,CA9|CDKN1A|EPAS1|FN1|MKI67|NTRK1|PAX2|SLC2A3|HNF1B|TGFBI|RASSF1|HILPDA|ANGPTL4|DDIT4|EGLN3,-2.5,MyList
Transcription Factor Targets,16,M14862,P300 01,,-3.9,2.6,4.5,30293,256,851,19,2.2,0.51,429|744|1996|2934|3726|4055|4762|5045|5354|7025|7291|7545|7547|9590|26050|54541|57580|84107|114798,ASCL1|MPPED2|ELAVL4|GSN|JUNB|LTBR|NEUROG1|FURIN|PLP1|NR2F1|TWIST1|ZIC1|ZIC3|AKAP12|SLITRK5|DDIT4|PREX1|ZIC4|SLITRK1,-2.5,MyList
DisGeNET,35,C1306503,Congenital exomphalos,,-3.9,2.7,4.5,30293,235,851,18,2.1,0.49,174|1009|1277|1281|1855|2697|3339|3481|3955|4036|5125|8022|25802|50506|140679|150094|170302|405753,AFP|CDH11|COL1A1|COL3A1|DVL1|GJA1|HSPG2|IGF2|LFNG|LRP2|PCSK5|LHX3|LMOD1|DUOX2|SLC32A1|SIK1|ARX|DUOXA2,-2.5,MyList
DisGeNET,35,C0409974,Lupus Erythematosus,,-3.9,2,4.2,30293,558,851,32,3.8,0.65,119|633|718|846|862|1012|1026|1822|1943|2353|2852|3123|3339|3383|3552|3725|3726|5111|5196|6376|6850|7128|8744|10475|11346|22943|23135|50506|50848|54101|54210|55323,ADD2|BGN|C3|CASR|RUNX1T1|CDH13|CDKN1A|ATN1|EFNA2|FOS|GPER1|HLA-DRB1|HSPG2|ICAM1|IL1A|JUN|JUNB|PCNA|PF4|CX3CL1|SYK|TNFAIP3|TNFSF9|TRIM38|SYNPO|DKK1|KDM6B|DUOX2|F11R|RIPK4|TREM1|LARP6,-2.5,MyList
DisGeNET,35,C0376544,Hematopoietic Neoplasms,,-3.9,2.4,4.4,30293,322,851,22,2.6,0.54,238|290|846|861|961|1029|1030|1440|1822|2042|2253|2335|2624|4684|4914|5111|6850|7056|9892|11186|22943|23135,ALK|ANPEP|CASR|RUNX1|CD47|CDKN2A|CDKN2B|CSF3|ATN1|EPHA3|FGF8|FN1|GATA2|NCAM1|NTRK1|PCNA|SYK|THBD|SNAP91|RASSF1|DKK1|KDM6B,-2.5,MyList
DisGeNET,35,C0003486,Aortic Aneurysm,,-3.9,2.6,4.4,30293,278,851,20,2.4,0.52,285|650|837|1029|1030|1277|1281|1311|2335|3123|3576|5476|6364|7547|9314|9423|10194|10630|11096|23452,ANGPT2|BMP2|CASP4|CDKN2A|CDKN2B|COL1A1|COL3A1|COMP|FN1|HLA-DRB1|CXCL8|CTSA|CCL20|ZIC3|KLF4|NTN1|TSHZ1|PDPN|ADAMTS5|ANGPTL2,-2.5,MyList
DisGeNET,35,C0024530,Malaria,,-3.9,1.9,4.2,30293,684,851,37,4.3,0.7,174|285|286|290|301|307|718|846|928|1012|1822|2934|3123|3383|3552|3576|4055|4118|5354|5644|6320|6348|6352|6374|6513|6690|7056|7295|8792|9181|9745|10512|51477|54210|57007|80736|338382,AFP|ANGPT2|ANK1|ANPEP|ANXA1|ANXA4|C3|CASR|CD9|CDH13|ATN1|GSN|HLA-DRB1|ICAM1|IL1A|CXCL8|LTBR|MAL|PLP1|PRSS1|CLEC11A|CCL3|CCL5|CXCL5|SLC2A1|SPINK1|THBD|TXN|TNFRSF11A|ARHGEF2|ZNF536|SEMA3C|ISYNA1|TREM1|ACKR3|SLC44A4|RAB7B,-2.5,MyList
DisGeNET,35,C0947912,Myasthenias,,-3.9,6.1,5.5,30293,41,851,7,0.82,0.31,846|2673|3852|5339|6572|6616|60482,CASR|GFPT1|KRT5|PLEC|SLC18A3|SNAP25|SLC5A7,-2.5,MyList
DisGeNET,35,C1531608,Smoldering myeloma,,-3.9,6.1,5.5,30293,41,851,7,0.82,0.31,567|1026|1029|1030|3576|6376|11186,B2M|CDKN1A|CDKN2A|CDKN2B|CXCL8|CX3CL1|RASSF1,-2.5,MyList
DisGeNET,35,C0346210,Vulval intraepithelial neoplasia,,-3.9,7.4,5.8,30293,29,851,6,0.71,0.29,890|1029|3123|4288|6456|23541,CCNA2|CDKN2A|HLA-DRB1|MKI67|SH3GL2|SEC14L2,-2.5,MyList
DisGeNET,35,C0028879,Odontogenic Cysts,,-3.9,7.4,5.8,30293,29,851,6,0.71,0.29,1029|2253|3552|4288|5111|10630,CDKN2A|FGF8|IL1A|MKI67|PCNA|PDPN,-2.5,MyList
DisGeNET,35,C0206139,"Lichen Planus, Oral",,-3.9,2.6,4.5,30293,257,851,19,2.2,0.51,633|634|1026|1029|3383|3552|3576|3676|4684|4804|4914|5111|5142|6352|7291|10630|50848|54541|57761,BGN|CEACAM1|CDKN1A|CDKN2A|ICAM1|IL1A|CXCL8|ITGA4|NCAM1|NGFR|NTRK1|PCNA|PDE4B|CCL5|TWIST1|PDPN|F11R|DDIT4|TRIB3,-2.5,MyList
Cell Type Signatures,7,M39304,CUI DEVELOPING HEART C7 MAST CELL,,-3.9,3.2,4.7,30293,156,851,14,1.6,0.44,301|2624|4689|5880|6277|6515|6809|7128|7538|8673|23645|25927|53827|440712,ANXA1|GATA2|NCF4|RAC2|S100A6|SLC2A3|STX3|TNFAIP3|ZFP36|VAMP8|PPP1R15A|CNRIP1|FXYD5|RHEX,-2.5,MyList
DisGeNET,35,C0007193,"Cardiomyopathy, Dilated",,-3.9,2.1,4.2,30293,511,851,30,3.5,0.63,111|119|846|861|1063|1294|1311|1410|1440|1822|1910|2274|2335|2697|2934|3119|3123|3914|3918|4023|4194|4684|5629|6546|22915|63976|79784|84033|116844|150094,ADCY5|ADD2|CASR|RUNX1|CENPF|COL7A1|COMP|CRYAB|CSF3|ATN1|EDNRB|FHL2|FN1|GJA1|GSN|HLA-DQB1|HLA-DRB1|LAMB3|LAMC2|LPL|MDM4|NCAM1|PROX1|SLC8A1|MMRN1|PRDM16|MYH14|OBSCN|LRG1|SIK1,-2.4,MyList
DisGeNET,35,C0279592,Adult T Acute Lymphoblastic Leukemia,,-3.9,3.8,4.9,30293,102,851,11,1.3,0.39,861|961|1029|1030|1822|3855|6886|6900|9892|63976|80150,RUNX1|CD47|CDKN2A|CDKN2B|ATN1|KRT7|TAL1|CNTN2|SNAP91|PRDM16|ASRGL1,-2.4,MyList
Cell Type Signatures,7,M39119,AIZARANI LIVER C17 HEPATOCYTES 3,,-3.9,3.8,4.9,30293,102,851,11,1.3,0.39,345|718|1356|2180|2243|2266|2335|3481|6288|7448|116844,APOC3|C3|CP|ACSL1|FGA|FGG|FN1|IGF2|SAA1|VTN|LRG1,-2.4,MyList
Transcription Factor Targets,16,M2814,SREBP Q3,,-3.9,2.6,4.4,30293,258,851,19,2.2,0.51,1051|2018|2596|3227|3236|3339|4916|5076|5178|7546|7869|23657|25891|51286|79977|84107|124842|283987|286077,CEBPB|EMX2|GAP43|HOXC11|HOXD10|HSPG2|NTRK3|PAX2|PEG3|ZIC2|SEMA3B|SLC7A11|PAMR1|CEND1|GRHL2|ZIC4|TMEM132E|HID1|FAM83H,-2.4,MyList
DisGeNET,35,C0848548,hypertensive nephropathy,,-3.8,5.2,5.3,30293,55,851,8,0.94,0.33,285|567|718|1277|1993|2034|2274|11346,ANGPT2|B2M|C3|COL1A1|ELAVL2|EPAS1|FHL2|SYNPO,-2.4,MyList
DisGeNET,35,C1858025,Spinal rigidity,,-3.8,5.2,5.3,30293,55,851,8,0.94,0.33,1293|2273|2353|3339|6572|6616|60482|284119,COL6A3|FHL1|FOS|HSPG2|SLC18A3|SNAP25|SLC5A7|CAVIN1,-2.4,MyList
PaGenBase,36,PGB:00082,Cell-specific: Breast cell,,-3.8,5.2,5.3,30293,55,851,8,0.94,0.33,1952|2353|3852|7031|10653|79977|84612|255743,CELSR2|FOS|KRT5|TFF1|SPINT2|GRHL2|PARD6B|NPNT,-2.4,MyList
Transcription Factor Targets,16,M12826,ATF1 Q6,,-3.8,2.7,4.5,30293,237,851,18,2.1,0.49,1045|1277|1440|1649|2353|3211|3219|3226|3397|3741|5122|6616|7101|9378|10150|57111|64399|150094,CDX2|COL1A1|CSF3|DDIT3|FOS|HOXB1|HOXB9|HOXC10|ID1|KCNA5|PCSK1|SNAP25|NR2E1|NRXN1|MBNL2|RAB25|HHIP|SIK1,-2.4,MyList
Transcription Factor Targets,16,M2549,NFKB Q6 01,,-3.8,2.7,4.5,30293,237,851,18,2.1,0.49,602|1440|1879|3383|5126|6352|6616|6660|7869|8929|9181|9423|10725|27289|51286|54891|84107|130132,BCL3|CSF3|EBF1|ICAM1|PCSK2|CCL5|SNAP25|SOX5|SEMA3B|PHOX2B|ARHGEF2|NTN1|NFAT5|RND1|CEND1|INO80D|ZIC4|RFTN2,-2.4,MyList
DisGeNET,35,C1527349,Ductal Breast Carcinoma,,-3.8,2.9,4.6,30293,196,851,16,1.9,0.47,1045|1993|3576|4288|5111|5476|6662|6690|7058|7113|8673|10630|11343|22915|51208|140453,CDX2|ELAVL2|CXCL8|MKI67|PCNA|CTSA|SOX9|SPINK1|THBS2|TMPRSS2|VAMP8|PDPN|MGLL|MMRN1|CLDN18|MUC17,-2.4,MyList
DisGeNET,35,C0206637,Mesenchymal Chondrosarcoma,,-3.8,9.4,6.2,30293,19,851,5,0.59,0.26,1044|3552|4288|4821|6662,CDX1|IL1A|MKI67|NKX2-2|SOX9,-2.4,MyList
DisGeNET,35,C0410538,Pseudoachondroplasia,,-3.8,9.4,6.2,30293,19,851,5,0.59,0.26,1299|1311|1634|2042|22915,COL9A3|COMP|DCN|EPHA3|MMRN1,-2.4,MyList
DisGeNET,35,C0162869,"Aneurysm, Ruptured",,-3.8,9.4,6.2,30293,19,851,5,0.59,0.26,2335|3383|6296|7277|51129,FN1|ICAM1|ACSM3|TUBA4A|ANGPTL4,-2.4,MyList
DisGeNET,35,C0206696,"Carcinoma, Signet Ring Cell",,-3.8,4.6,5.1,30293,70,851,9,1.1,0.35,238|861|1029|1045|1510|4684|6513|10630|51208,ALK|RUNX1|CDKN2A|CDX2|CTSE|NCAM1|SLC2A1|PDPN|CLDN18,-2.4,MyList
DisGeNET,35,C0917799,Hypersomnia,,-3.8,4.6,5.1,30293,70,851,9,1.1,0.35,2697|3119|3123|6281|6506|11255|50506|51083|405753,GJA1|HLA-DQB1|HLA-DRB1|S100A10|SLC1A2|HRH3|DUOX2|GAL|DUOXA2,-2.4,MyList
DisGeNET,35,C0162429,Malnutrition,,-3.8,2.2,4.3,30293,417,851,26,3.1,0.59,285|567|875|1029|1294|1356|1910|2346|2624|3283|3383|3481|5106|5284|6288|6513|6578|7045|7291|7538|8190|9021|9056|23541|27344|340024,ANGPT2|B2M|CBS|CDKN2A|COL7A1|CP|EDNRB|FOLH1|GATA2|HSD3B1|ICAM1|IGF2|PCK2|PIGR|SAA1|SLC2A1|SLCO2A1|TGFBI|TWIST1|ZFP36|MIA|SOCS3|SLC7A7|SEC14L2|PCSK1N|SLC6A19,-2.4,MyList
Cell Type Signatures,7,M39160,GAO LARGE INTESTINE 24W C11 PANETH LIKE CELL,,-3.8,2.4,4.3,30293,325,851,22,2.6,0.54,972|1051|2675|2920|3119|3123|3383|3552|3576|3624|4689|5142|5209|5880|6348|7056|7127|7128|8660|55466|91373|221188,CD74|CEBPB|GFRA2|CXCL2|HLA-DQB1|HLA-DRB1|ICAM1|IL1A|CXCL8|INHBA|NCF4|PDE4B|PFKFB3|RAC2|CCL3|THBD|TNFAIP2|TNFAIP3|IRS2|DNAJA4|UAP1L1|ADGRG5,-2.4,MyList
DisGeNET,35,C0871189,Psychotic symptom,,-3.8,4.1,5,30293,86,851,10,1.2,0.37,1621|3119|3123|3855|4036|5021|6886|10215|10675|80323,DBH|HLA-DQB1|HLA-DRB1|KRT7|LRP2|OXTR|TAL1|OLIG2|CSPG5|CCDC68,-2.4,MyList
DisGeNET,35,C0239234,Low set ears,,-3.8,2.1,4.2,30293,489,851,29,3.4,0.62,429|650|1009|1063|1301|1822|1855|2273|2697|3339|3481|4036|6572|6616|6660|6662|6913|7020|7021|7291|8929|9244|54101|57211|60482|64220|79633|170302|253738,ASCL1|BMP2|CDH11|CENPF|COL11A1|ATN1|DVL1|FHL1|GJA1|HSPG2|IGF2|LRP2|SLC18A3|SNAP25|SOX5|SOX9|TBX15|TFAP2A|TFAP2B|TWIST1|PHOX2B|CRLF1|RIPK4|ADGRG6|SLC5A7|STRA6|FAT4|ARX|EBF3,-2.4,MyList
Transcription Factor Targets,16,M40770,ATXN7L3 TARGET GENES,,-3.8,2.5,4.4,30293,281,851,20,2.4,0.52,307|861|1050|1195|1647|3300|5106|5142|5339|6277|6281|8482|8705|9314|10397|10512|26509|30846|57211|64063,ANXA4|RUNX1|CEBPA|CLK1|GADD45A|DNAJB2|PCK2|PDE4B|PLEC|S100A6|S100A10|SEMA7A|B3GALT4|KLF4|NDRG1|SEMA3C|MYOF|EHD2|ADGRG6|PRSS22,-2.4,MyList
DisGeNET,35,C1527304,Allergic Reaction,,-3.8,2.9,4.5,30293,197,851,16,1.9,0.47,861|2355|3119|3123|3127|4689|5196|5334|6348|6364|6374|6376|7128|8792|130132|150094,RUNX1|FOSL2|HLA-DQB1|HLA-DRB1|HLA-DRB5|NCF4|PF4|PLCL1|CCL3|CCL20|CXCL5|CX3CL1|TNFAIP3|TNFRSF11A|RFTN2|SIK1,-2.4,MyList
DisGeNET,35,C0040264,Tinnitus,,-3.8,3.8,4.8,30293,103,851,11,1.3,0.39,1421|1641|2596|3552|3785|3918|5155|6546|6572|22943|80736,CRYGD|DCX|GAP43|IL1A|KCNQ2|LAMC2|PDGFB|SLC8A1|SLC18A3|DKK1|SLC44A4,-2.4,MyList
DisGeNET,35,C0266449,Congenital anomaly of brain,,-3.8,3.8,4.8,30293,103,851,11,1.3,0.39,1281|1641|2018|3785|5076|7058|7545|7546|9181|85416|170302,COL3A1|DCX|EMX2|KCNQ2|PAX2|THBS2|ZIC1|ZIC2|ARHGEF2|ZIC5|ARX,-2.4,MyList
DisGeNET,35,C0162565,Acute intermittent porphyria,,-3.8,3.8,4.8,30293,103,851,11,1.3,0.39,567|3123|3576|4055|4914|5327|5644|6690|7070|10630|22915,B2M|HLA-DRB1|CXCL8|LTBR|NTRK1|PLAT|PRSS1|SPINK1|THY1|PDPN|MMRN1,-2.4,MyList
DisGeNET,35,C0002991,Cutaneous Fibrous Histiocytoma,,-3.8,5.9,5.4,30293,42,851,7,0.82,0.31,238|1277|2346|3481|3552|5155|6662,ALK|COL1A1|FOLH1|IGF2|IL1A|PDGFB|SOX9,-2.4,MyList
DisGeNET,35,C0333693,Triploidy syndrome,,-3.8,5.9,5.4,30293,42,851,7,0.82,0.31,174|3852|4288|4804|5111|6736|11186,AFP|KRT5|MKI67|NGFR|PCNA|SRY|RASSF1,-2.4,MyList
DisGeNET,35,C0042063,Urogenital Abnormalities,,-3.8,5.9,5.4,30293,42,851,7,0.82,0.31,2624|3209|3691|5076|5080|5339|6928,GATA2|HOXA13|ITGB4|PAX2|PAX6|PLEC|HNF1B,-2.4,MyList
Cell Type Signatures,7,M40152,DESCARTES FETAL ADRENAL VASCULAR ENDOTHELIAL CELLS,,-3.8,3.3,4.7,30293,139,851,13,1.5,0.42,634|1012|1356|1942|2823|3397|6376|6578|7122|11082|51299|56892|64321,CEACAM1|CDH13|CP|EFNA1|GPM6A|ID1|CX3CL1|SLCO2A1|CLDN5|ESM1|NRN1|TCIM|SOX17,-2.4,MyList
DisGeNET,35,C0162557,"Liver Failure, Acute",,-3.8,2.5,4.4,30293,282,851,20,2.4,0.52,174|972|1440|1649|2168|2173|2243|3339|3397|3552|3576|3624|6281|6506|7056|7128|7295|30001|57007|80150,AFP|CD74|CSF3|DDIT3|FABP1|FABP7|FGA|HSPG2|ID1|IL1A|CXCL8|INHBA|S100A10|SLC1A2|THBD|TNFAIP3|TXN|ERO1A|ACKR3|ASRGL1,-2.4,MyList
Cell Type Signatures,7,M40009,BUSSLINGER GASTRIC PPP1R1B POSITIVE CELLS,,-3.8,3.5,4.7,30293,121,851,12,1.4,0.4,1510|1999|2353|2877|3725|5284|6303|6385|6662|7113|9021|10653,CTSE|ELF3|FOS|GPX2|JUN|PIGR|SAT1|SDC4|SOX9|TMPRSS2|SOCS3|SPINT2,-2.4,MyList
DisGeNET,35,C0034194,Pyloric Stenosis,,-3.8,3.5,4.7,30293,121,851,12,1.4,0.4,2353|3914|3918|4689|5063|6926|6928|7020|63976|79633|170302|284119,FOS|LAMB3|LAMC2|NCF4|PAK3|TBX3|HNF1B|TFAP2A|PRDM16|FAT4|ARX|CAVIN1,-2.4,MyList
DisGeNET,35,C0013222,Drug Use Disorders,,-3.8,3.5,4.7,30293,121,851,12,1.4,0.4,1012|2039|2555|9465|9547|10163|57451|64866|65217|79750|114786|401207,CDH13|DMTN|GABRA2|AKAP7|CXCL14|WASF2|TENM2|CDCP1|PCDH15|ZNF385D|XKR4|C5orf63,-2.4,MyList
DisGeNET,35,C1527311,Brain Edema,,-3.8,7.1,5.7,30293,30,851,6,0.71,0.29,1356|2920|3383|5327|9423|23657,CP|CXCL2|ICAM1|PLAT|NTN1|SLC7A11,-2.4,MyList
DisGeNET,35,C0341787,Bifid scrotum,,-3.8,7.1,5.7,30293,30,851,6,0.71,0.29,1009|3209|6662|6736|7020|79633,CDH11|HOXA13|SOX9|SRY|TFAP2A|FAT4,-2.4,MyList
DisGeNET,35,C0391957,idiopathic epilepsy,,-3.8,7.1,5.7,30293,30,851,6,0.71,0.29,846|1137|3785|8831|9211|54715,CASR|CHRNA4|KCNQ2|SYNGAP1|LGI1|RBFOX1,-2.4,MyList
DisGeNET,35,C1112157,Intrauterine infection,,-3.8,7.1,5.7,30293,30,851,6,0.71,0.29,133|3123|3383|3576|5021|51083,ADM|HLA-DRB1|ICAM1|CXCL8|OXTR|GAL,-2.4,MyList
DisGeNET,35,C3250443,MYOTONIC DYSTROPHY 1,,-3.8,3,4.5,30293,178,851,15,1.8,0.45,285|1050|1051|2335|3037|3119|3488|4118|6513|9314|9961|10150|54715|79784|80150,ANGPT2|CEBPA|CEBPB|FN1|HAS2|HLA-DQB1|IGFBP5|MAL|SLC2A1|KLF4|MVP|MBNL2|RBFOX1|MYH14|ASRGL1,-2.4,MyList
DisGeNET,35,C2316810,Chronic kidney disease stage 5,,-3.8,1.9,4.1,30293,666,851,36,4.2,0.69,133|174|238|285|567|655|718|846|1012|1277|1822|1889|2258|2335|2934|3119|3123|3383|3552|3576|4023|4036|4973|5076|5196|5334|5354|6281|6352|6928|7429|9056|29923|150094|252995|375704,ADM|AFP|ALK|ANGPT2|B2M|BMP7|C3|CASR|CDH13|COL1A1|ATN1|ECE1|FGF13|FN1|GSN|HLA-DQB1|HLA-DRB1|ICAM1|IL1A|CXCL8|LPL|LRP2|OLR1|PAX2|PF4|PLCL1|PLP1|S100A10|CCL5|HNF1B|VIL1|SLC7A7|HILPDA|SIK1|FNDC5|ENHO,-2.4,MyList
Transcription Factor Targets,16,M14002,HTF 01,,-3.8,4.5,5,30293,71,851,9,1.1,0.35,4821|5396|5992|8403|57616|84107|167826|219287|283987,NKX2-2|PRRX1|RFX4|SOX14|TSHZ3|ZIC4|OLIG3|AMER2|HID1,-2.4,MyList
DisGeNET,35,C0815107,psychological distress,,-3.8,4.1,4.9,30293,87,851,10,1.2,0.37,414|1029|1136|1356|3123|3855|6303|6886|9244|10163,ARSD|CDKN2A|CHRNA3|CP|HLA-DRB1|KRT7|SAT1|TAL1|CRLF1|WASF2,-2.4,MyList
Transcription Factor Targets,16,M5608,TAXCREB 01,,-3.8,3.3,4.6,30293,140,851,13,1.5,0.42,1051|1749|2259|2353|3211|3300|5178|6496|7025|10150|25891|64399|150094,CEBPB|DLX5|FGF14|FOS|HOXB1|DNAJB2|PEG3|SIX3|NR2F1|MBNL2|PAMR1|HHIP|SIK1,-2.4,MyList
DisGeNET,35,C4721208,Metastatic castration-resistant prostate cancer,,-3.8,3.3,4.6,30293,140,851,13,1.5,0.42,1440|2335|2346|3283|3676|3960|6660|7113|7538|9518|22915|80150|80736,CSF3|FN1|FOLH1|HSD3B1|ITGA4|LGALS4|SOX5|TMPRSS2|ZFP36|GDF15|MMRN1|ASRGL1|SLC44A4,-2.4,MyList
Cell Type Signatures,7,M40233,DESCARTES FETAL LIVER STELLATE CELLS,,-3.8,3.1,4.6,30293,159,851,14,1.6,0.44,111|117|577|633|1293|1621|2042|2255|4804|9547|54492|120114|147906|196740,ADCY5|ADCYAP1R1|ADGRB3|BGN|COL6A3|DBH|EPHA3|FGF10|NGFR|CXCL14|NEURL1B|FAT3|DACT3|VSTM4,-2.4,MyList
DisGeNET,35,C0007130,Mucinous Adenocarcinoma,,-3.8,3.1,4.6,30293,159,851,14,1.6,0.44,238|823|972|1026|1029|1045|1087|6506|6513|6850|7031|7045|7113|7291,ALK|CAPN1|CD74|CDKN1A|CDKN2A|CDX2|CEACAM7|SLC1A2|SLC2A1|SYK|TFF1|TGFBI|TMPRSS2|TWIST1,-2.4,MyList
DisGeNET,35,C0750974,"Brain Tumor, Primary",,-3.8,3.5,4.7,30293,122,851,12,1.4,0.4,238|602|1029|2697|3383|5111|6662|7291|8553|8728|10630|388585,ALK|BCL3|CDKN2A|GJA1|ICAM1|PCNA|SOX9|TWIST1|BHLHE40|ADAM19|PDPN|HES5,-2.4,MyList
DisGeNET,35,C0520680,"Sleep Apnea, Central",,-3.8,3.5,4.7,30293,122,851,12,1.4,0.4,429|650|1026|4973|6348|6513|6572|6616|8788|8929|22943|60482,ASCL1|BMP2|CDKN1A|OLR1|CCL3|SLC2A1|SLC18A3|SNAP25|DLK1|PHOX2B|DKK1|SLC5A7,-2.4,MyList
Cell Type Signatures,7,M41716,FAN OVARY CL14 MATURE SMOOTH MUSCLE CELL,,-3.8,2.4,4.3,30293,306,851,21,2.5,0.53,2|633|928|1152|1410|1879|2034|2353|2934|3488|3725|3726|6277|7538|9021|10163|23645|25802|30846|51477|284119,A2M|BGN|CD9|CKB|CRYAB|EBF1|EPAS1|FOS|GSN|IGFBP5|JUN|JUNB|S100A6|ZFP36|SOCS3|WASF2|PPP1R15A|LMOD1|EHD2|ISYNA1|CAVIN1,-2.4,MyList
DisGeNET,35,C0264757,Rheumatic disease of heart valve,,-3.8,13,6.7,30293,11,851,4,0.47,0.23,3123|3383|3552|9961,HLA-DRB1|ICAM1|IL1A|MVP,-2.4,MyList
Transcription Factor Targets,16,M2315,NFKAPPAB65 01,,-3.8,2.7,4.4,30293,241,851,18,2.1,0.49,602|1879|2307|2823|3383|5126|6352|6385|6658|6660|7122|8190|9181|10725|27289|29942|57575|84107,BCL3|EBF1|FOXS1|GPM6A|ICAM1|PCSK2|CCL5|SDC4|SOX3|SOX5|CLDN5|MIA|ARHGEF2|NFAT5|RND1|PURG|PCDH10|ZIC4,-2.4,MyList
Transcription Factor Targets,16,M30065,MIER1 TARGET GENES,,-3.7,2.3,4.2,30293,375,851,24,2.8,0.57,577|1137|1893|3339|3746|3785|5122|7448|7869|10814|11189|11255|22895|29106|51617|54550|55530|56927|58158|78997|83482|85508|140883|222553,ADGRB3|CHRNA4|ECM1|HSPG2|KCNC1|KCNQ2|PCSK1|VTN|SEMA3B|CPLX2|CELF3|HRH3|RPH3A|SCG3|NSG2|NECAB2|SVOP|GPR108|NEUROD4|GDAP1L1|SCRT1|SCRT2|ZNF280B|SLC35F1,-2.4,MyList
Cell Type Signatures,7,M40032,BUSSLINGER DUODENAL BCHE CELLS,,-3.7,5.8,5.3,30293,43,851,7,0.82,0.31,1015|1510|2934|3397|3960|5629|6277,CDH17|CTSE|GSN|ID1|LGALS4|PROX1|S100A6,-2.4,MyList
Transcription Factor Targets,16,M9868,NFY Q6,,-3.7,2.6,4.4,30293,263,851,19,2.2,0.51,1063|1277|1747|1996|3123|3127|3219|5080|6886|9248|10163|23023|23440|54102|54674|57561|79094|170302|338917,CENPF|COL1A1|DLX3|ELAVL4|HLA-DRB1|HLA-DRB5|HOXB9|PAX6|TAL1|GPR50|WASF2|TMCC1|OTP|CLIC6|LRRN3|ARRDC3|CHAC1|ARX|VSX2,-2.4,MyList
Transcription Factor Targets,16,M613,TGANNYRGCA TCF11MAFG 01,,-3.7,2.4,4.3,30293,307,851,21,2.5,0.53,1647|2290|2785|4674|5339|5521|6547|6660|7277|11075|23023|51129|54498|57561|79026|84969|90665|130132|170685|196463|286077,GADD45A|FOXG1|GNG3|NAP1L2|PLEC|PPP2R2B|SLC8A3|SOX5|TUBA4A|STMN2|TMCC1|ANGPTL4|SMOX|ARRDC3|AHNAK|TOX2|TBL1Y|RFTN2|NUDT10|PLBD2|FAM83H,-2.4,MyList
DisGeNET,35,C0086237,"Epilepsy, Cryptogenic",,-3.7,4,4.9,30293,88,851,10,1.2,0.37,1641|1759|2290|2353|2697|3785|6506|6616|8831|340533,DCX|DNM1|FOXG1|FOS|GJA1|KCNQ2|SLC1A2|SNAP25|SYNGAP1|NEXMIF,-2.4,MyList
DisGeNET,35,C0014868,Esophagitis,,-3.7,3.7,4.8,30293,105,851,11,1.3,0.39,1026|1030|1045|2034|3552|3576|5334|22943|55612|80150|255743,CDKN1A|CDKN2B|CDX2|EPAS1|IL1A|CXCL8|PLCL1|DKK1|FERMT1|ASRGL1|NPNT,-2.3,MyList
PaGenBase,36,PGB:00069,Cell-specific: A204,,-3.7,5,5.1,30293,57,851,8,0.94,0.33,744|1301|1356|5122|5178|6660|10863|11148,MPPED2|COL11A1|CP|PCSK1|PEG3|SOX5|ADAM28|HHLA2,-2.3,MyList
Transcription Factor Targets,16,M30159,SIX1 TARGET GENES,,-3.7,2.3,4.2,30293,376,851,24,2.8,0.57,111|119|1277|1822|1999|2852|3488|3993|5284|7029|7464|7869|10194|10512|55502|56892|56937|57101|57451|94015|128414|164312|283358|728927,ADCY5|ADD2|COL1A1|ATN1|ELF3|GPER1|IGFBP5|LLGL2|PIGR|TFDP2|CORO2A|SEMA3B|TSHZ1|SEMA3C|HES6|TCIM|PMEPA1|ANO2|TENM2|TTYH2|NKAIN4|LRRN4|B4GALNT3|ZNF736,-2.3,MyList
DisGeNET,35,C1260965,Lipoblastoma,,-3.7,8.9,6,30293,20,851,5,0.59,0.26,1029|1281|1649|2521|3037,CDKN2A|COL3A1|DDIT3|FUS|HAS2,-2.3,MyList
DisGeNET,35,C1266144,Pleuropulmonary blastoma,,-3.7,8.9,6,30293,20,851,5,0.59,0.26,1822|2255|3481|4684|4916,ATN1|FGF10|IGF2|NCAM1|NTRK3,-2.3,MyList
DisGeNET,35,C0235986,Growth hormone excess,,-3.7,8.9,6,30293,20,851,5,0.59,0.26,1026|1030|2353|6578|284119,CDKN1A|CDKN2B|FOS|SLCO2A1|CAVIN1,-2.3,MyList
Transcription Factor Targets,16,M16699,CREBP1CJUN 01,,-3.7,2.6,4.3,30293,264,851,19,2.2,0.51,114|890|1879|3219|3226|3397|3741|4684|5122|5178|6616|7101|8549|10150|23645|57111|64399|150094|219287,ADCY8|CCNA2|EBF1|HOXB9|HOXC10|ID1|KCNA5|NCAM1|PCSK1|PEG3|SNAP25|NR2E1|LGR5|MBNL2|PPP1R15A|RAB25|HHIP|SIK1|AMER2,-2.3,MyList
Cell Type Signatures,7,M40037,BUSSLINGER DUODENAL EC CELLS,,-3.7,6.9,5.6,30293,31,851,6,0.71,0.29,3397|4760|5122|5126|6690|27344,ID1|NEUROD1|PCSK1|PCSK2|SPINK1|PCSK1N,-2.3,MyList
DisGeNET,35,C0005744,Blepharophimosis,,-3.7,3.7,4.7,30293,106,851,11,1.3,0.39,286|2290|2697|3339|6662|6913|6928|8403|64220|79633|84107,ANK1|FOXG1|GJA1|HSPG2|SOX9|TBX15|HNF1B|SOX14|STRA6|FAT4|ZIC4,-2.3,MyList
DisGeNET,35,C1258666,Myxoid cyst,,-3.7,3.7,4.7,30293,106,851,11,1.3,0.39,301|875|1051|1910|2346|2697|3785|4804|7070|7546|8929,ANXA1|CBS|CEBPB|EDNRB|FOLH1|GJA1|KCNQ2|NGFR|THY1|ZIC2|PHOX2B,-2.3,MyList
DisGeNET,35,C0025312,Meningomyelocele,,-3.7,4,4.8,30293,89,851,10,1.2,0.37,875|1641|2346|3481|3918|6513|6515|6658|10150|23135,CBS|DCX|FOLH1|IGF2|LAMC2|SLC2A1|SLC2A3|SOX3|MBNL2|KDM6B,-2.3,MyList
DisGeNET,35,C0014547,"Epilepsies, Partial",,-3.7,4.4,4.9,30293,73,851,9,1.1,0.35,1137|2290|6328|6513|6616|9211|9961|54715|54997,CHRNA4|FOXG1|SCN3A|SLC2A1|SNAP25|LGI1|MVP|RBFOX1|TESC,-2.3,MyList
DisGeNET,35,C0018923,Hemangiosarcoma,,-3.7,3.1,4.5,30293,162,851,14,1.6,0.44,238|285|1029|1440|1634|2701|3383|3725|5629|6506|6513|7128|7424|8728,ALK|ANGPT2|CDKN2A|CSF3|DCN|GJA4|ICAM1|JUN|PROX1|SLC1A2|SLC2A1|TNFAIP3|VEGFC|ADAM19,-2.3,MyList
DisGeNET,35,C0346989,Secondary malignant neoplasm of peritoneum,,-3.7,4.9,5.1,30293,58,851,8,0.94,0.33,846|1087|1462|2346|3383|3576|7291|11259,CASR|CEACAM7|VCAN|FOLH1|ICAM1|CXCL8|TWIST1|FILIP1L,-2.3,MyList
Transcription Factor Targets,16,M2274,AR 03,,-3.7,4.9,5.1,30293,58,851,8,0.94,0.33,577|1747|1996|9547|23440|27133|54498|56884,ADGRB3|DLX3|ELAVL4|CXCL14|OTP|KCNH5|SMOX|FSTL5,-2.3,MyList
DisGeNET,35,C1389018,Atrioventricular Septal Defect,,-3.7,4.9,5.1,30293,58,851,8,0.94,0.33,650|2697|4194|6662|7021|7547|255743|340533,BMP2|GJA1|MDM4|SOX9|TFAP2B|ZIC3|NPNT|NEXMIF,-2.3,MyList
DisGeNET,35,C0085183,"Neoplasms, Second Primary",,-3.7,5.7,5.3,30293,44,851,7,0.82,0.31,567|1029|1030|1440|1649|4914|9518,B2M|CDKN2A|CDKN2B|CSF3|DDIT3|NTRK1|GDF15,-2.3,MyList
DisGeNET,35,C0005747,Blepharospasm,,-3.7,5.7,5.3,30293,44,851,7,0.82,0.31,1356|1822|2512|3339|4036|7291|8831,CP|ATN1|FTL|HSPG2|LRP2|TWIST1|SYNGAP1,-2.3,MyList
Transcription Factor Targets,16,M19390,TAL1BETAITF2 01,,-3.7,2.5,4.3,30293,266,851,19,2.2,0.51,862|1641|1649|1770|1996|2258|5063|5155|6660|7029|8929|9068|10150|23213|27023|27319|81849|167410|283987,RUNX1T1|DCX|DDIT3|DNAH9|ELAVL4|FGF13|PAK3|PDGFB|SOX5|TFDP2|PHOX2B|ANGPTL1|MBNL2|SULF1|FOXB1|BHLHE22|ST6GALNAC5|LIX1|HID1,-2.3,MyList
Transcription Factor Targets,16,M13482,ZIC1 01,,-3.7,2.5,4.3,30293,266,851,19,2.2,0.51,694|1294|1410|2255|2524|3219|3227|3589|3918|4753|4821|5155|7869|9211|9423|26257|84858|286077|286204,BTG1|COL7A1|CRYAB|FGF10|FUT2|HOXB9|HOXC11|IL11|LAMC2|NELL2|NKX2-2|PDGFB|SEMA3B|LGI1|NTN1|NKX2-8|ZNF503|FAM83H|CRB2,-2.3,MyList
DisGeNET,35,C1275661,Acute myeloid leukemia with recurrent genetic abnormality,,-3.7,21,7.7,30293,5,851,3,0.35,0.2,861|1050|2624,RUNX1|CEBPA|GATA2,-2.3,MyList
DisGeNET,35,C1856953,Palmar hyperhidrosis,,-3.7,21,7.7,30293,5,851,3,0.35,0.2,3691|3914|3918,ITGB4|LAMB3|LAMC2,-2.3,MyList
TRRUST,34,TRR01021,Regulated by: PBX1,,-3.7,21,7.7,30293,5,851,3,0.35,0.2,3211|5196|6658,HOXB1|PF4|SOX3,-2.3,MyList
DisGeNET,35,C4525232,Rainbow Trout Hepatoma,,-3.7,21,7.7,30293,5,851,3,0.35,0.2,2353|3725|3726,FOS|JUN|JUNB,-2.3,MyList
DisGeNET,35,C2673609,Epidermolysis bullosa inversa dystrophica,,-3.7,21,7.7,30293,5,851,3,0.35,0.2,3691|3914|3918,ITGB4|LAMB3|LAMC2,-2.3,MyList
DisGeNET,35,C2608084,"EPIDERMOLYSIS BULLOSA, JUNCTIONAL, LOCALISATA VARIANT (disorder)",,-3.7,21,7.7,30293,5,851,3,0.35,0.2,3691|3914|3918,ITGB4|LAMB3|LAMC2,-2.3,MyList
DisGeNET,35,C1858501,Spinocerebellar Ataxia 12,,-3.7,21,7.7,30293,5,851,3,0.35,0.2,345|1822|5521,APOC3|ATN1|PPP2R2B,-2.3,MyList
Transcription Factor Targets,16,M955,GCM Q2,,-3.7,2.6,4.3,30293,245,851,18,2.1,0.49,577|1462|2018|2114|2596|2886|4760|4914|5155|6376|7101|9068|9211|26050|55057|167826|375704|387597,ADGRB3|VCAN|EMX2|ETS2|GAP43|GRB7|NEUROD1|NTRK1|PDGFB|CX3CL1|NR2E1|ANGPTL1|LGI1|SLITRK5|CRYBG2|OLIG3|ENHO|ILDR2,-2.3,MyList
DisGeNET,35,C0020429,Hyperalgesia,,-3.7,2.1,4.1,30293,451,851,27,3.2,0.6,133|286|301|718|1440|1910|2353|2697|2852|3552|3576|3785|4804|4914|5024|5076|6352|6376|6506|7056|7291|8190|10725|10886|51083|51477|140679,ADM|ANK1|ANXA1|C3|CSF3|EDNRB|FOS|GJA1|GPER1|IL1A|CXCL8|KCNQ2|NGFR|NTRK1|P2RX3|PAX2|CCL5|CX3CL1|SLC1A2|THBD|TWIST1|MIA|NFAT5|NPFFR2|GAL|ISYNA1|SLC32A1,-2.3,MyList
DisGeNET,35,C0206704,"Carcinoma, Large Cell",,-3.7,4,4.8,30293,90,851,10,1.2,0.37,238|429|1029|2335|5327|6513|6515|9235|10752|11186,ALK|ASCL1|CDKN2A|FN1|PLAT|SLC2A1|SLC2A3|IL32|CHL1|RASSF1,-2.3,MyList
DisGeNET,35,C0796611,Newly Diagnosed Childhood Ependymoma,,-3.7,3.2,4.5,30293,144,851,13,1.5,0.42,1029|1030|1641|3576|4288|5880|6277|6662|6690|7122|7291|11186|150094,CDKN2A|CDKN2B|DCX|CXCL8|MKI67|RAC2|S100A6|SOX9|SPINK1|CLDN5|TWIST1|RASSF1|SIK1,-2.3,MyList
DisGeNET,35,C0278874,Adult Ependymoma,,-3.7,3.2,4.5,30293,144,851,13,1.5,0.42,1029|1030|1641|3576|4288|5880|6277|6662|6690|7122|7291|11186|150094,CDKN2A|CDKN2B|DCX|CXCL8|MKI67|RAC2|S100A6|SOX9|SPINK1|CLDN5|TWIST1|RASSF1|SIK1,-2.3,MyList
DisGeNET,35,C0004779,Basal Cell Nevus Syndrome,,-3.6,4.3,4.9,30293,74,851,9,1.1,0.35,2619|3123|4288|4684|5111|5266|6513|6515|10630,GAS1|HLA-DRB1|MKI67|NCAM1|PCNA|PI3|SLC2A1|SLC2A3|PDPN,-2.3,MyList
Cell Type Signatures,7,M41706,FAN OVARY CL4 T LYMPHOCYTE NK CELL 1,,-3.6,2.6,4.3,30293,246,851,18,2.1,0.49,301|311|567|694|976|3119|3123|3561|6277|6281|6352|7277|7538|9235|51142|53827|54541|387882,ANXA1|ANXA11|B2M|BTG1|ADGRE5|HLA-DQB1|HLA-DRB1|IL2RG|S100A6|S100A10|CCL5|TUBA4A|ZFP36|IL32|CHCHD2|FXYD5|DDIT4|C12orf75,-2.3,MyList
Transcription Factor Targets,16,M15389,PTF1BETA Q6,,-3.6,2.6,4.3,30293,246,851,18,2.1,0.49,1012|2259|2785|4023|4914|5099|6547|7020|7113|7545|7547|9705|11254|26050|64399|84033|90665|114798,CDH13|FGF14|GNG3|LPL|NTRK1|PCDH7|SLC8A3|TFAP2A|TMPRSS2|ZIC1|ZIC3|ST18|SLC6A14|SLITRK5|HHIP|OBSCN|TBL1Y|SLITRK1,-2.3,MyList
DisGeNET,35,C0041327,"Tuberculosis, Pulmonary",,-3.6,2.3,4.2,30293,358,851,23,2.7,0.56,285|846|1012|1045|3119|3123|3383|3552|3576|3598|4118|4155|5024|6303|6348|6352|6364|7056|23135|23541|30813|51043|54210,ANGPT2|CASR|CDH13|CDX2|HLA-DQB1|HLA-DRB1|ICAM1|IL1A|CXCL8|IL13RA2|MAL|MBP|P2RX3|SAT1|CCL3|CCL5|CCL20|THBD|KDM6B|SEC14L2|VSX1|ZBTB7B|TREM1,-2.3,MyList
Transcription Factor Targets,16,M6331,TTF1 Q6,,-3.6,2.5,4.3,30293,268,851,19,2.2,0.51,650|1045|1822|1996|2823|3209|5122|7291|7545|8403|10163|11122|57124|64399|84107|85508|170302|284119|286077,BMP2|CDX2|ATN1|ELAVL4|GPM6A|HOXA13|PCSK1|TWIST1|ZIC1|SOX14|WASF2|PTPRT|CD248|HHIP|ZIC4|SCRT2|ARX|CAVIN1|FAM83H,-2.3,MyList
DisGeNET,35,C0220810,Congenital defects,,-3.6,3.4,4.6,30293,126,851,12,1.4,0.4,655|861|2255|2524|5339|6277|6496|6578|7546|7547|9423|64220,BMP7|RUNX1|FGF10|FUT2|PLEC|S100A6|SIX3|SLCO2A1|ZIC2|ZIC3|NTN1|STRA6,-2.3,MyList
DisGeNET,35,C0016059,Fibrosis,,-3.6,2.9,4.4,30293,184,851,15,1.8,0.45,111|890|1026|1277|1281|1440|1634|3383|3576|4288|4684|5045|5155|5322|9021,ADCY5|CCNA2|CDKN1A|COL1A1|COL3A1|CSF3|DCN|ICAM1|CXCL8|MKI67|NCAM1|FURIN|PDGFB|PLA2G5|SOCS3,-2.3,MyList
DisGeNET,35,C0007117,Basal cell carcinoma,,-3.6,3.6,4.6,30293,108,851,11,1.3,0.39,650|1029|1512|3576|3852|6277|6352|6662|8549|51043|122953,BMP2|CDKN2A|CTSH|CXCL8|KRT5|S100A6|CCL5|SOX9|LGR5|ZBTB7B|JDP2,-2.3,MyList
Cell Type Signatures,7,M40085,DESCARTES MAIN FETAL INHIBITORY INTERNEURONS,,-3.6,6.7,5.5,30293,32,851,6,0.71,0.29,6456|10752|27319|55966|63973|114786,SH3GL2|CHL1|BHLHE22|AJAP1|NEUROG2|XKR4,-2.3,MyList
TRRUST,34,TRR00109,Regulated by: CEBPA,,-3.6,4.8,5,30293,59,851,8,0.94,0.33,174|2335|3383|3397|3481|5106|6288|9021,AFP|FN1|ICAM1|ID1|IGF2|PCK2|SAA1|SOCS3,-2.3,MyList
DisGeNET,35,C1853195,"Prostate Cancer, Hereditary, 7",,-3.6,4.8,5,30293,59,851,8,0.94,0.33,633|1063|2346|2624|3576|11343|55502|284119,BGN|CENPF|FOLH1|GATA2|CXCL8|MGLL|HES6|CAVIN1,-2.3,MyList
DisGeNET,35,C0014061,Tick-Borne Encephalitis,,-3.6,4.8,5,30293,59,851,8,0.94,0.33,2920|3576|3918|6303|6348|6352|6364|8792,CXCL2|CXCL8|LAMC2|SAT1|CCL3|CCL5|CCL20|TNFRSF11A,-2.3,MyList
DisGeNET,35,C1708604,Keratocystic Odontogenic Tumor,,-3.6,4.8,5,30293,59,851,8,0.94,0.33,1026|1029|2253|3339|3552|5111|5266|10630,CDKN1A|CDKN2A|FGF8|HSPG2|IL1A|PCNA|PI3|PDPN,-2.3,MyList
DisGeNET,35,C0008312,Primary biliary cirrhosis,,-3.6,2.1,4.1,30293,478,851,28,3.3,0.61,311|602|972|1026|1029|1277|1299|1822|3119|3123|3383|3552|3576|3855|4055|5155|6352|6364|6736|8744|8792|9314|9423|54715|63976|64399|80150|116844,ANXA11|BCL3|CD74|CDKN1A|CDKN2A|COL1A1|COL9A3|ATN1|HLA-DQB1|HLA-DRB1|ICAM1|IL1A|CXCL8|KRT7|LTBR|PDGFB|CCL5|CCL20|SRY|TNFSF9|TNFRSF11A|KLF4|NTN1|RBFOX1|PRDM16|HHIP|ASRGL1|LRG1,-2.2,MyList
DisGeNET,35,C0851578,Sleep Disorders,,-3.6,2.3,4.1,30293,359,851,23,2.7,0.56,414|1137|1621|1804|1999|3119|3127|3918|4036|5080|6296|6513|6658|7021|8022|9211|11255|23043|23541|57007|114798|150094|170302,ARSD|CHRNA4|DBH|DPP6|ELF3|HLA-DQB1|HLA-DRB5|LAMC2|LRP2|PAX6|ACSM3|SLC2A1|SOX3|TFAP2B|LHX3|LGI1|HRH3|TNIK|SEC14L2|ACKR3|SLITRK1|SIK1|ARX,-2.2,MyList
PaGenBase,36,PGB:00078,Cell-specific: liver cell,,-3.6,3.9,4.7,30293,91,851,10,1.2,0.37,2|174|634|1361|2034|2168|2243|2877|6364|6658,A2M|AFP|CEACAM1|CPB2|EPAS1|FABP1|FGA|GPX2|CCL20|SOX3,-2.2,MyList
DisGeNET,35,C0018552,Hamartoma,,-3.6,3.9,4.7,30293,91,851,10,1.2,0.37,1026|1029|1045|3481|4804|5396|7020|8549|22943|54997,CDKN1A|CDKN2A|CDX2|IGF2|NGFR|PRRX1|TFAP2A|LGR5|DKK1|TESC,-2.2,MyList
DisGeNET,35,C0040100,Thymoma,,-3.6,2.4,4.2,30293,291,851,20,2.4,0.52,285|650|972|1026|1029|1030|3123|3127|3383|5111|7070|7128|9211|9423|10630|10653|11122|27164|54210|56896,ANGPT2|BMP2|CD74|CDKN1A|CDKN2A|CDKN2B|HLA-DRB1|HLA-DRB5|ICAM1|PCNA|THY1|TNFAIP3|LGI1|NTN1|PDPN|SPINT2|PTPRT|SALL3|TREM1|DPYSL5,-2.2,MyList
DisGeNET,35,C0032463,Polycythemia Vera,,-3.6,2.4,4.2,30293,291,851,20,2.4,0.52,861|862|961|1029|1440|1822|3123|3481|3576|3589|3726|5196|6886|9021|9314|9518|22943|51477|57126|148022,RUNX1|RUNX1T1|CD47|CDKN2A|CSF3|ATN1|HLA-DRB1|IGF2|CXCL8|IL11|JUNB|PF4|TAL1|SOCS3|KLF4|GDF15|DKK1|ISYNA1|CD177|TICAM1,-2.2,MyList
Transcription Factor Targets,16,M8684,ZID 01,,-3.6,2.5,4.2,30293,269,851,19,2.2,0.51,768|1462|2899|3219|4753|4804|5080|5354|5521|6303|7545|9245|25891|64409|64600|84107|85508|196500|286077,CA9|VCAN|GRIK3|HOXB9|NELL2|NGFR|PAX6|PLP1|PPP2R2B|SAT1|ZIC1|GCNT3|PAMR1|GALNT17|PLA2G2F|ZIC4|SCRT2|PIANP|FAM83H,-2.2,MyList
DisGeNET,35,C1852502,"CRANIOMETAPHYSEAL DYSPLASIA, AUTOSOMAL DOMINANT",,-3.6,5.5,5.2,30293,45,851,7,0.82,0.31,286|633|1293|2697|3960|6662|57126,ANK1|BGN|COL6A3|GJA1|LGALS4|SOX9|CD177,-2.2,MyList
DisGeNET,35,C2827469,Coronary Microvascular Disease,,-3.6,5.5,5.2,30293,45,851,7,0.82,0.31,286|633|1293|2697|3960|6662|57126,ANK1|BGN|COL6A3|GJA1|LGALS4|SOX9|CD177,-2.2,MyList
DisGeNET,35,C0206731,Angiofibroma,,-3.6,5.5,5.2,30293,45,851,7,0.82,0.31,1026|1030|1462|1634|2346|3481|8974,CDKN1A|CDKN2B|VCAN|DCN|FOLH1|IGF2|P4HA2,-2.2,MyList
DisGeNET,35,C0574143,Liver calculus,,-3.6,5.5,5.2,30293,45,851,7,0.82,0.31,174|976|1029|1045|4804|7031|140453,AFP|ADGRE5|CDKN2A|CDX2|NGFR|TFF1|MUC17,-2.2,MyList
PaGenBase,36,PGB:00107,Cell-specific: SHSYSY-RA,,-3.6,5.5,5.2,30293,45,851,7,0.82,0.31,1136|1641|3785|6572|6616|11189|27123,CHRNA3|DCX|KCNQ2|SLC18A3|SNAP25|CELF3|DKK2,-2.2,MyList
DisGeNET,35,C0007129,Merkel cell carcinoma,,-3.6,2.7,4.3,30293,226,851,17,2,0.48,238|429|928|1029|1822|2697|3123|3642|3852|4194|4319|4684|4760|4914|7291|10397|11186,ALK|ASCL1|CD9|CDKN2A|ATN1|GJA1|HLA-DRB1|INSM1|KRT5|MDM4|MMP10|NCAM1|NEUROD1|NTRK1|TWIST1|NDRG1|RASSF1,-2.2,MyList
DisGeNET,35,C0023787,Lipodystrophy,,-3.6,2.7,4.3,30293,226,851,17,2,0.48,345|1281|1410|1647|1879|2273|2274|2353|3552|3576|4023|6303|6348|22915|51129|63976|284119,APOC3|COL3A1|CRYAB|GADD45A|EBF1|FHL1|FHL2|FOS|IL1A|CXCL8|LPL|SAT1|CCL3|MMRN1|ANGPTL4|PRDM16|CAVIN1,-2.2,MyList
DisGeNET,35,C0022548,Keloid,,-3.6,3,4.4,30293,165,851,14,1.6,0.44,633|1009|1029|1277|1281|1311|1634|2266|2335|2512|3119|3123|6281|7045,BGN|CDH11|CDKN2A|COL1A1|COL3A1|COMP|DCN|FGG|FN1|FTL|HLA-DQB1|HLA-DRB1|S100A10|TGFBI,-2.2,MyList
DisGeNET,35,C4551675,"Keratoderma, Palmoplantar",,-3.6,3,4.4,30293,165,851,14,1.6,0.44,1410|2274|2697|3691|3852|3853|3854|3914|3918|6578|54101|55612|63976|64065,CRYAB|FHL2|GJA1|ITGB4|KRT5|KRT6A|KRT6B|LAMB3|LAMC2|SLCO2A1|RIPK4|FERMT1|PRDM16|PERP,-2.2,MyList
DisGeNET,35,C0162810,"Cicatrix, Hypertrophic",,-3.6,2.9,4.4,30293,185,851,15,1.8,0.45,655|1026|1277|1281|1634|2258|2335|3219|3576|4194|5111|6376|7045|22915|84867,BMP7|CDKN1A|COL1A1|COL3A1|DCN|FGF13|FN1|HOXB9|CXCL8|MDM4|PCNA|CX3CL1|TGFBI|MMRN1|PTPN5,-2.2,MyList
DisGeNET,35,C0026277,Mixed Salivary Gland Tumor,,-3.6,2.9,4.4,30293,185,851,15,1.8,0.45,238|650|655|890|1009|1029|1063|1649|3219|4914|4916|5111|6513|11186|57007,ALK|BMP2|BMP7|CCNA2|CDH11|CDKN2A|CENPF|DDIT3|HOXB9|NTRK1|NTRK3|PCNA|SLC2A1|RASSF1|ACKR3,-2.2,MyList
Transcription Factor Targets,16,M6994,TBP 01,,-3.6,2.6,4.3,30293,248,851,18,2.1,0.49,1152|2045|2274|2353|2846|3222|5339|6660|6662|7058|7277|7401|9211|11189|28316|55466|56937|116372,CKB|EPHA7|FHL2|FOS|LPAR4|HOXC5|PLEC|SOX5|SOX9|THBS2|TUBA4A|CLRN1|LGI1|CELF3|CDH20|DNAJA4|PMEPA1|LYPD1,-2.2,MyList
DisGeNET,35,C0311335,Grand Mal Status Epilepticus,,-3.6,4.3,4.8,30293,75,851,9,1.1,0.35,1137|2353|2596|3725|3726|4916|6348|6546|6547,CHRNA4|FOS|GAP43|JUN|JUNB|NTRK3|CCL3|SLC8A1|SLC8A3,-2.2,MyList
DisGeNET,35,C0281899,Prolapsed lumbar disc,,-3.6,4.3,4.8,30293,75,851,9,1.1,0.35,1029|1136|1301|2596|3552|3576|7058|22915|56243,CDKN2A|CHRNA3|COL11A1|GAP43|IL1A|CXCL8|THBS2|MMRN1|KIAA1217,-2.2,MyList
DisGeNET,35,C0266362,Ambiguous Genitalia,,-3.6,3.6,4.6,30293,109,851,11,1.3,0.39,2253|2619|3283|5080|6496|6658|6662|6736|7546|54101|170302,FGF8|GAS1|HSD3B1|PAX6|SIX3|SOX3|SOX9|SRY|ZIC2|RIPK4|ARX,-2.2,MyList
DisGeNET,35,C0751967,"Multiple Sclerosis, Relapsing-Remitting",,-3.6,2.8,4.3,30293,206,851,16,1.9,0.47,650|875|1410|1649|3123|3383|3576|3589|3676|3918|4155|5354|6352|6376|9314|50506,BMP2|CBS|CRYAB|DDIT3|HLA-DRB1|ICAM1|CXCL8|IL11|ITGA4|LAMC2|MBP|PLP1|CCL5|CX3CL1|KLF4|DUOX2,-2.2,MyList
DisGeNET,35,C3463992,"EPILEPTIC ENCEPHALOPATHY, EARLY INFANTILE, 1",,-3.6,12,6.4,30293,12,851,4,0.47,0.23,1759|3785|150094|170302,DNM1|KCNQ2|SIK1|ARX,-2.2,MyList
TRRUST,34,TRR01404,Regulated by: TFCP2,,-3.6,12,6.4,30293,12,851,4,0.47,0.23,2|2243|5080|6736,A2M|FGA|PAX6|SRY,-2.2,MyList
TRRUST,34,TRR01019,Regulated by: PAX6,,-3.6,12,6.4,30293,12,851,4,0.47,0.23,2173|5122|5629|6496,FABP7|PCSK1|PROX1|SIX3,-2.2,MyList
DisGeNET,35,C4280747,Choking episodes,,-3.6,12,6.4,30293,12,851,4,0.47,0.23,3746|6572|6616|60482,KCNC1|SLC18A3|SNAP25|SLC5A7,-2.2,MyList
Transcription Factor Targets,16,M30363,ZNF596 TARGET GENES,,-3.6,1.9,4,30293,656,851,35,4.1,0.68,655|861|1879|2258|2307|2355|2555|2596|2675|3213|4194|4684|5099|5142|5155|5396|5629|6660|6926|7020|7025|10512|10586|10814|25802|51299|51617|56341|57561|64067|64856|84858|85416|120114|130132,BMP7|RUNX1|EBF1|FGF13|FOXS1|FOSL2|GABRA2|GAP43|GFRA2|HOXB3|MDM4|NCAM1|PCDH7|PDE4B|PDGFB|PRRX1|PROX1|SOX5|TBX3|TFAP2A|NR2F1|SEMA3C|MAB21L2|CPLX2|LMOD1|NRN1|NSG2|PRMT8|ARRDC3|NPAS3|VWA1|ZNF503|ZIC5|FAT3|RFTN2,-2.2,MyList
DisGeNET,35,C0280781,Adult Pilocytic Astrocytoma,,-3.6,3.9,4.7,30293,92,851,10,1.2,0.37,133|1029|1277|1641|2173|2335|4288|7295|10215|168002,ADM|CDKN2A|COL1A1|DCX|FABP7|FN1|MKI67|TXN|OLIG2|DACT2,-2.2,MyList
DisGeNET,35,C0410528,Skeletal dysplasia,,-3.6,2.9,4.4,30293,186,851,15,1.8,0.45,650|1277|1281|1301|1311|2253|2697|3339|3955|4914|5476|6662|10586|55790|79633,BMP2|COL1A1|COL3A1|COL11A1|COMP|FGF8|GJA1|HSPG2|LFNG|NTRK1|CTSA|SOX9|MAB21L2|CSGALNACT1|FAT4,-2.2,MyList
DisGeNET,35,C1527336,Sjogren's Syndrome,,-3.6,2.1,4,30293,481,851,28,3.3,0.61,718|928|1029|1356|1822|2934|3123|3383|3552|3576|3854|4023|4055|5021|5080|6352|6376|6900|7122|7128|7295|8482|8673|9641|10475|23541|80150|170685,C3|CD9|CDKN2A|CP|ATN1|GSN|HLA-DRB1|ICAM1|IL1A|CXCL8|KRT6B|LPL|LTBR|OXTR|PAX6|CCL5|CX3CL1|CNTN2|CLDN5|TNFAIP3|TXN|SEMA7A|VAMP8|IKBKE|TRIM38|SEC14L2|ASRGL1|NUDT10,-2.2,MyList
DisGeNET,35,C0220645,Childhood Soft Tissue Sarcoma,,-3.6,3,4.4,30293,166,851,14,1.6,0.44,238|290|768|1029|2034|2521|3481|4194|4914|6320|6376|7056|7424|11186,ALK|ANPEP|CA9|CDKN2A|EPAS1|FUS|IGF2|MDM4|NTRK1|CLEC11A|CX3CL1|THBD|VEGFC|RASSF1,-2.2,MyList
DisGeNET,35,C0494463,"Alzheimer Disease, Late Onset",,-3.6,2.2,4.1,30293,385,851,24,2.8,0.57,2|273|286|837|1496|1889|2041|3123|3127|3481|3918|4023|4973|6352|6546|6572|6616|7031|9378|9705|9961|22943|27328|253738,A2M|AMPH|ANK1|CASP4|CTNNA2|ECE1|EPHA1|HLA-DRB1|HLA-DRB5|IGF2|LAMC2|LPL|OLR1|CCL5|SLC8A1|SLC18A3|SNAP25|TFF1|NRXN1|ST18|MVP|DKK1|PCDH11X|EBF3,-2.2,MyList
DisGeNET,35,C0553681,Hypofibrinogenemia,,-3.6,4.7,4.9,30293,60,851,8,0.94,0.33,286|2243|2266|3561|5327|7448|9056|80150,ANK1|FGA|FGG|IL2RG|PLAT|VTN|SLC7A7|ASRGL1,-2.2,MyList
Transcription Factor Targets,16,M16207,AP2 Q6 01,,-3.6,2.5,4.2,30293,271,851,19,2.2,0.51,429|1952|3219|3589|3768|5155|5209|6572|7101|7122|11096|23452|27133|51286|57124|63976|124842|196500|375704,ASCL1|CELSR2|HOXB9|IL11|KCNJ12|PDGFB|PFKFB3|SLC18A3|NR2E1|CLDN5|ADAMTS5|ANGPTL2|KCNH5|CEND1|CD248|PRDM16|TMEM132E|PIANP|ENHO,-2.2,MyList
Transcription Factor Targets,16,M16919,AP1FJ Q2,,-3.6,2.5,4.2,30293,271,851,19,2.2,0.51,768|1634|1759|1942|2353|2934|3397|3914|3918|4188|6281|9705|10761|11346|23023|84913|85397|196463|196500,CA9|DCN|DNM1|EFNA1|FOS|GSN|ID1|LAMB3|LAMC2|MDFI|S100A10|ST18|PLAC1|SYNPO|TMCC1|ATOH8|RGS8|PLBD2|PIANP,-2.2,MyList
DisGeNET,35,C1851584,Childhood Ependymoma,,-3.6,3.1,4.4,30293,147,851,13,1.5,0.42,1029|1030|1641|3576|4288|5880|6277|6662|6690|7122|7291|11186|150094,CDKN2A|CDKN2B|DCX|CXCL8|MKI67|RAC2|S100A6|SOX9|SPINK1|CLDN5|TWIST1|RASSF1|SIK1,-2.2,MyList
PaGenBase,36,PGB:00073,Tissue-specific: salivary gland,,-3.6,3.1,4.4,30293,147,851,13,1.5,0.42,634|1469|3222|5045|7546|8792|9290|22822|27035|54997|63973|91584|346606,CEACAM1|CST1|HOXC5|FURIN|ZIC2|TNFRSF11A|GPR55|PHLDA1|NOX1|TESC|NEUROG2|PLXNA4|MOGAT3,-2.2,MyList
DisGeNET,35,C1609433,Congenital absence of kidneys syndrome,,-3.6,3.6,4.6,30293,110,851,11,1.3,0.39,174|2253|2255|2619|6496|6662|6928|7020|7546|7547|147111,AFP|FGF8|FGF10|GAS1|SIX3|SOX9|HNF1B|TFAP2A|ZIC2|ZIC3|NOTUM,-2.2,MyList
DisGeNET,35,C0011616,Contact Dermatitis,,-3.6,3.6,4.6,30293,110,851,11,1.3,0.39,1649|2335|3552|4319|5266|6288|7295|8744|9547|23657|30813,DDIT3|FN1|IL1A|MMP10|PI3|SAA1|TXN|TNFSF9|CXCL14|SLC7A11|VSX1,-2.2,MyList
Transcription Factor Targets,16,M15929,MEF2 Q6 01,,-3.6,2.6,4.2,30293,250,851,18,2.1,0.49,285|1277|1295|1463|1996|2045|2258|2852|3725|3780|6328|6547|6616|6660|10150|55466|56937|114798,ANGPT2|COL1A1|COL8A1|NCAN|ELAVL4|EPHA7|FGF13|GPER1|JUN|KCNN1|SCN3A|SLC8A3|SNAP25|SOX5|MBNL2|DNAJA4|PMEPA1|SLITRK1,-2.2,MyList
Transcription Factor Targets,16,M17736,E2F1 Q3 01,,-3.6,2.6,4.2,30293,250,851,18,2.1,0.49,1996|2258|2355|2530|3209|3642|3726|4684|7101|8434|9314|9423|9902|27133|63976|150094|170302|375704,ELAVL4|FGF13|FOSL2|FUT8|HOXA13|INSM1|JUNB|NCAM1|NR2E1|RECK|KLF4|NTN1|MRC2|KCNH5|PRDM16|SIK1|ARX|ENHO,-2.2,MyList
DisGeNET,35,C0024713,Manic Disorder,,-3.6,4.2,4.8,30293,76,851,9,1.1,0.35,108|961|1463|4914|5142|6616|8553|10814|56884,ADCY2|CD47|NCAN|NTRK1|PDE4B|SNAP25|BHLHE40|CPLX2|FSTL5,-2.2,MyList
DisGeNET,35,C0085390,Li-Fraumeni Syndrome,,-3.6,4.2,4.8,30293,76,851,9,1.1,0.35,567|861|1026|1029|1030|1050|1634|2624|5111,B2M|RUNX1|CDKN1A|CDKN2A|CDKN2B|CEBPA|DCN|GATA2|PCNA,-2.2,MyList
Transcription Factor Targets,16,M9026,AP4 Q5,,-3.6,2.5,4.2,30293,272,851,19,2.2,0.51,273|694|861|2355|2899|3589|4155|5155|6547|9181|9951|10842|11189|54541|63874|84033|84913|283987|653145,AMPH|BTG1|RUNX1|FOSL2|GRIK3|IL11|MBP|PDGFB|SLC8A3|ARHGEF2|HS3ST4|PPP1R17|CELF3|DDIT4|ABHD4|OBSCN|ATOH8|HID1|ANXA8,-2.2,MyList
DisGeNET,35,C0524702,Pulmonary Thromboembolisms,,-3.6,6.5,5.3,30293,33,851,6,0.71,0.29,1361|2243|2934|5327|7056|9518,CPB2|FGA|GSN|PLAT|THBD|GDF15,-2.2,MyList
Cell Type Signatures,7,M39273,DURANTE ADULT OLFACTORY NEUROEPITHELIUM RESPIRATORY HORIZONTAL BASAL CELLS,,-3.6,6.5,5.3,30293,33,851,6,0.71,0.29,301|928|1999|3852|3853|64065,ANXA1|CD9|ELF3|KRT5|KRT6A|PERP,-2.2,MyList
DisGeNET,35,C0002949,"Aneurysm, Dissecting",,-3.6,6.5,5.3,30293,33,851,6,0.71,0.29,875|1030|1277|1281|3383|6513,CBS|CDKN2B|COL1A1|COL3A1|ICAM1|SLC2A1,-2.2,MyList
DisGeNET,35,C3840085,Disorder of Achilles tendon,,-3.6,6.5,5.3,30293,33,851,6,0.71,0.29,633|1277|1301|1311|7058|51477,BGN|COL1A1|COL11A1|COMP|THBS2|ISYNA1,-2.2,MyList
DisGeNET,35,C0035204,Respiration Disorders,,-3.5,2.7,4.3,30293,208,851,16,1.9,0.47,1179|1440|3552|3576|3852|4319|5142|6281|6352|7295|7538|8434|8929|9314|10163|55655,CLCA1|CSF3|IL1A|CXCL8|KRT5|MMP10|PDE4B|S100A10|CCL5|TXN|ZFP36|RECK|PHOX2B|KLF4|WASF2|NLRP2,-2.2,MyList
DisGeNET,35,C0178417,Anhedonia,,-3.5,3.8,4.6,30293,93,851,10,1.2,0.37,1143|2697|3776|3855|3918|4036|6303|6546|6886|51083,CHRNB4|GJA1|KCNK2|KRT7|LAMC2|LRP2|SAT1|SLC8A1|TAL1|GAL,-2.2,MyList
DisGeNET,35,C0242488,Acute Lung Injury,,-3.5,3.8,4.6,30293,93,851,10,1.2,0.37,429|718|2243|2697|2920|3383|7031|7056|7295|9590,ASCL1|C3|FGA|GJA1|CXCL2|ICAM1|TFF1|THBD|TXN|AKAP12,-2.2,MyList
Transcription Factor Targets,16,M14778,IK2 01,,-3.5,2.5,4.2,30293,273,851,19,2.2,0.51,602|862|1410|2258|2355|2823|3222|3227|4036|4826|5063|5992|6303|7020|8906|9547|57530|79026|114798,BCL3|RUNX1T1|CRYAB|FGF13|FOSL2|GPM6A|HOXC5|HOXC11|LRP2|NNAT|PAK3|RFX4|SAT1|TFAP2A|AP1G2|CXCL14|CGN|AHNAK|SLITRK1,-2.2,MyList
DisGeNET,35,C0006625,Cachexia,,-3.5,2.5,4.2,30293,273,851,19,2.2,0.51,290|1277|1293|3339|3552|3576|3624|4023|5142|5178|6303|7291|7538|9021|9518|51129|148022|252995|375704,ANPEP|COL1A1|COL6A3|HSPG2|IL1A|CXCL8|INHBA|LPL|PDE4B|PEG3|SAT1|TWIST1|ZFP36|SOCS3|GDF15|ANGPTL4|TICAM1|FNDC5|ENHO,-2.2,MyList
Cell Type Signatures,7,M41655,TRAVAGLINI LUNG GOBLET CELL,,-3.5,3.1,4.4,30293,148,851,13,1.5,0.42,718|1356|1889|2524|3855|5284|6238|6303|9314|10752|11226|11254|51303,C3|CP|ECE1|FUT2|KRT7|PIGR|RRBP1|SAT1|KLF4|CHL1|GALNT6|SLC6A14|FKBP11,-2.2,MyList
Transcription Factor Targets,16,M1716,RAAGNYNNCTTY UNKNOWN,,-3.5,3.1,4.4,30293,148,851,13,1.5,0.42,577|862|1993|5155|6328|8482|8929|23440|54715|54891|64220|85397|116986,ADGRB3|RUNX1T1|ELAVL2|PDGFB|SCN3A|SEMA7A|PHOX2B|OTP|RBFOX1|INO80D|STRA6|RGS8|AGAP2,-2.2,MyList
DisGeNET,35,C0003811,Cardiac Arrhythmia,,-3.5,2,4,30293,559,851,31,3.6,0.64,133|285|650|846|1804|1822|2042|2258|2273|2697|2791|2934|3123|3339|3741|3776|3855|4914|5024|5339|6546|6886|6926|8929|9518|9892|22915|50506|80150|84033|284119,ADM|ANGPT2|BMP2|CASR|DPP6|ATN1|EPHA3|FGF13|FHL1|GJA1|GNG11|GSN|HLA-DRB1|HSPG2|KCNA5|KCNK2|KRT7|NTRK1|P2RX3|PLEC|SLC8A1|TAL1|TBX3|PHOX2B|GDF15|SNAP91|MMRN1|DUOX2|ASRGL1|OBSCN|CAVIN1,-2.2,MyList
DisGeNET,35,C0268398,Familial lichen amyloidosis,,-3.5,2.6,4.2,30293,230,851,17,2,0.48,2|2346|3236|3283|3383|3552|3918|4288|6364|6690|7031|7113|9052|9180|9314|10397|51477,A2M|FOLH1|HOXD10|HSD3B1|ICAM1|IL1A|LAMC2|MKI67|CCL20|SPINK1|TFF1|TMPRSS2|GPRC5A|OSMR|KLF4|NDRG1|ISYNA1,-2.2,MyList
DisGeNET,35,C1402315,Vascular lesions,,-3.5,3.5,4.5,30293,111,851,11,1.3,0.39,633|1052|2034|2697|3481|3552|4973|5396|6662|7045|22943,BGN|CEBPD|EPAS1|GJA1|IGF2|IL1A|OLR1|PRRX1|SOX9|TGFBI|DKK1,-2.2,MyList
DisGeNET,35,C0009917,Contracture,,-3.5,3.5,4.5,30293,111,851,11,1.3,0.39,633|1277|1281|1634|2273|2335|3339|3552|7070|9719|64220,BGN|COL1A1|COL3A1|DCN|FHL1|FN1|HSPG2|IL1A|THY1|ADAMTSL2|STRA6,-2.2,MyList
DisGeNET,35,C4524092,Chronic rhinosinusitis with nasal polyps,,-3.5,3,4.3,30293,168,851,14,1.6,0.44,655|1361|1469|2335|3383|3576|5327|7291|9021|9235|51477|54210|57007|59277,BMP7|CPB2|CST1|FN1|ICAM1|CXCL8|PLAT|TWIST1|SOCS3|IL32|ISYNA1|TREM1|ACKR3|NTN4,-2.2,MyList
DisGeNET,35,C0020295,Hydronephrosis,,-3.5,2.5,4.2,30293,252,851,18,2.1,0.49,1063|1855|2045|2346|2624|3691|5339|6662|6913|7020|7295|7547|9021|9518|11186|63976|64220|64321,CENPF|DVL1|EPHA7|FOLH1|GATA2|ITGB4|PLEC|SOX9|TBX15|TFAP2A|TXN|ZIC3|SOCS3|GDF15|RASSF1|PRDM16|STRA6|SOX17,-2.2,MyList
DisGeNET,35,C0206062,"Lung Diseases, Interstitial",,-3.5,2.3,4.1,30293,319,851,21,2.5,0.53,133|238|1421|2355|3123|3127|3339|3383|3552|3576|3855|6348|6352|6376|6886|7031|7448|8482|9423|9547|23541,ADM|ALK|CRYGD|FOSL2|HLA-DRB1|HLA-DRB5|HSPG2|ICAM1|IL1A|CXCL8|KRT7|CCL3|CCL5|CX3CL1|TAL1|TFF1|VTN|SEMA7A|NTN1|CXCL14|SEC14L2,-2.2,MyList
DisGeNET,35,C2745963,Kashin-Beck Disease,,-3.5,4.2,4.7,30293,77,851,9,1.1,0.35,633|1301|1634|2253|3123|3552|5880|11096|166012,BGN|COL11A1|DCN|FGF8|HLA-DRB1|IL1A|RAC2|ADAMTS5|CHST13,-2.2,MyList
Cell Type Signatures,7,M40001,BUSSLINGER ESOPHAGEAL QUIESCENT BASAL CELLS,,-3.5,4.2,4.7,30293,77,851,9,1.1,0.35,1294|1634|2353|3488|3691|3726|3914|9021|9547,COL7A1|DCN|FOS|IGFBP5|ITGB4|JUNB|LAMB3|SOCS3|CXCL14,-2.2,MyList
DisGeNET,35,C0020636,underdevelopment,,-3.5,8.1,5.7,30293,22,851,5,0.59,0.26,861|1030|5080|6926|10863,RUNX1|CDKN2B|PAX6|TBX3|ADAM28,-2.2,MyList
DisGeNET,35,C0010692,Cystitis,,-3.5,3.1,4.4,30293,149,851,13,1.5,0.42,117|1029|1440|1491|3589|3691|4804|6376|6513|6546|11186|23135|140679,ADCYAP1R1|CDKN2A|CSF3|CTH|IL11|ITGB4|NGFR|CX3CL1|SLC2A1|SLC8A1|RASSF1|KDM6B|SLC32A1,-2.2,MyList
DisGeNET,35,C0007140,Carcinosarcoma,,-3.5,3.8,4.6,30293,94,851,10,1.2,0.37,238|285|1029|1822|3481|4288|4684|5111|6662|10194,ALK|ANGPT2|CDKN2A|ATN1|IGF2|MKI67|NCAM1|PCNA|SOX9|TSHZ1,-2.2,MyList
DisGeNET,35,C0234533,Generalized seizures,,-3.5,2.7,4.2,30293,210,851,16,1.9,0.47,1136|1137|1143|2290|2353|2512|2558|3785|4804|6513|6546|6547|6900|9211|23043|54715,CHRNA3|CHRNA4|CHRNB4|FOXG1|FOS|FTL|GABRA5|KCNQ2|NGFR|SLC2A1|SLC8A1|SLC8A3|CNTN2|LGI1|TNIK|RBFOX1,-2.1,MyList
Cell Type Signatures,7,M39305,CUI DEVELOPING HEART C8 MACROPHAGE,,-3.5,2.5,4.1,30293,275,851,19,2.2,0.51,2|861|972|1026|1051|1052|3119|3123|3576|3726|4689|5880|6348|6515|6850|7538|8673|9262|57580,A2M|RUNX1|CD74|CDKN1A|CEBPB|CEBPD|HLA-DQB1|HLA-DRB1|CXCL8|JUNB|NCF4|RAC2|CCL3|SLC2A3|SYK|ZFP36|VAMP8|STK17B|PREX1,-2.1,MyList
Cell Type Signatures,7,M39278,DURANTE ADULT OLFACTORY NEUROEPITHELIUM SUSTENTACULAR CELLS,,-3.5,5.3,5,30293,47,851,7,0.82,0.31,1999|3576|5266|5284|10103|11098|57402,ELF3|CXCL8|PI3|PIGR|TSPAN1|PRSS23|S100A14,-2.1,MyList
DisGeNET,35,C0023484,"Leukemia, Plasma Cell",,-3.5,5.3,5,30293,47,851,7,0.82,0.31,1029|1030|3383|4684|6303|9021|11186,CDKN2A|CDKN2B|ICAM1|NCAM1|SAT1|SOCS3|RASSF1,-2.1,MyList
DisGeNET,35,C0010034,Corneal Diseases,,-3.5,5.3,5,30293,47,851,7,0.82,0.31,2697|3383|3694|5080|7045|30813|54210,GJA1|ICAM1|ITGB6|PAX6|TGFBI|VSX1|TREM1,-2.1,MyList
DisGeNET,35,C3887875,Visual field defects,,-3.5,5.3,5,30293,47,851,7,0.82,0.31,1281|1462|7025|7291|7401|7545|79152,COL3A1|VCAN|NR2F1|TWIST1|CLRN1|ZIC1|FA2H,-2.1,MyList
DisGeNET,35,C1134719,Invasive Ductal Breast Carcinoma,,-3.5,2.1,4,30293,414,851,25,2.9,0.58,1026|1029|1045|1634|2335|2852|3236|3576|4288|5111|5155|6277|6493|6850|7031|7291|9547|9902|10630|22915|51142|57007|57111|57575|85407,CDKN1A|CDKN2A|CDX2|DCN|FN1|GPER1|HOXD10|CXCL8|MKI67|PCNA|PDGFB|S100A6|SIM2|SYK|TFF1|TWIST1|CXCL14|MRC2|PDPN|MMRN1|CHCHD2|ACKR3|RAB25|PCDH10|NKD1,-2.1,MyList
Cell Type Signatures,7,M40208,DESCARTES FETAL INTESTINE CHROMAFFIN CELLS,,-3.5,3.5,4.5,30293,112,851,11,1.3,0.39,4760|4821|5080|5122|6549|9705|27344|79919|134111|170302|388419,NEUROD1|NKX2-2|PAX6|PCSK1|SLC9A2|ST18|PCSK1N|MAB21L4|UBE2QL1|ARX|BTBD17,-2.1,MyList
DisGeNET,35,C3495676,Anorectal Malformations,,-3.5,3.5,4.5,30293,112,851,11,1.3,0.39,1044|1910|1996|2255|3209|5125|7547|22943|64399|64641|79784,CDX1|EDNRB|ELAVL4|FGF10|HOXA13|PCSK5|ZIC3|DKK1|HHIP|EBF2|MYH14,-2.1,MyList
DisGeNET,35,C0085129,Bronchial Hyperreactivity,,-3.5,3.5,4.5,30293,112,851,11,1.3,0.39,1136|1770|3123|3383|3576|5729|6348|6352|50848|51208|64399,CHRNA3|DNAH9|HLA-DRB1|ICAM1|CXCL8|PTGDR|CCL3|CCL5|F11R|CLDN18|HHIP,-2.1,MyList
DisGeNET,35,C0206733,Strawberry nevus of skin,,-3.5,3.5,4.5,30293,112,851,11,1.3,0.39,174|285|1029|1855|2335|3481|6513|7070|7424|10397|89932,AFP|ANGPT2|CDKN2A|DVL1|FN1|IGF2|SLC2A1|THY1|VEGFC|NDRG1|PAPLN,-2.1,MyList
DisGeNET,35,C0040558,Toxoplasmosis,,-3.5,3.5,4.5,30293,112,851,11,1.3,0.39,718|928|2524|3123|3339|3383|3552|3576|5354|9021|9518,C3|CD9|FUT2|HLA-DRB1|HSPG2|ICAM1|IL1A|CXCL8|PLP1|SOCS3|GDF15,-2.1,MyList
DisGeNET,35,C0346957,Disseminated Malignant Neoplasm,,-3.5,2.6,4.2,30293,232,851,17,2,0.48,238|694|1026|1029|3383|3576|3853|4914|5122|6277|7291|8788|9211|9914|22943|51129|79977,ALK|BTG1|CDKN1A|CDKN2A|ICAM1|CXCL8|KRT6A|NTRK1|PCSK1|S100A6|TWIST1|DLK1|LGI1|ATP2C2|DKK1|ANGPTL4|GRHL2,-2.1,MyList
DisGeNET,35,C0004610,Bacteremia,,-3.5,2.6,4.2,30293,232,851,17,2,0.48,285|567|718|1361|1440|2335|2524|3552|3576|3918|5327|6348|6352|7448|7538|57124|79977,ANGPT2|B2M|C3|CPB2|CSF3|FN1|FUT2|IL1A|CXCL8|LAMC2|PLAT|CCL3|CCL5|VTN|ZFP36|CD248|GRHL2,-2.1,MyList
DisGeNET,35,C1858085,Malar flattening,,-3.5,2.8,4.3,30293,190,851,15,1.8,0.45,633|650|1009|1277|1299|1301|1855|3339|4036|4914|6496|7020|7021|7291|79633,BGN|BMP2|CDH11|COL1A1|COL9A3|COL11A1|DVL1|HSPG2|LRP2|NTRK1|SIX3|TFAP2A|TFAP2B|TWIST1|FAT4,-2.1,MyList
DisGeNET,35,C1654637,androgen independent prostate cancer,,-3.5,2.8,4.3,30293,190,851,15,1.8,0.45,1026|2253|2353|2852|3397|3576|3725|3726|5076|6374|7113|7291|30813|56937|63976,CDKN1A|FGF8|FOS|GPER1|ID1|CXCL8|JUN|JUNB|PAX2|CXCL5|TMPRSS2|TWIST1|VSX1|PMEPA1|PRDM16,-2.1,MyList
DisGeNET,35,C0423110,Downward slant of palpebral fissure,,-3.5,2.2,4,30293,391,851,24,2.8,0.57,429|633|650|1009|1277|1301|1759|1855|2255|2273|2290|2697|4036|5063|5396|6328|6506|6660|7021|8831|8929|9181|170302|253738,ASCL1|BGN|BMP2|CDH11|COL1A1|COL11A1|DNM1|DVL1|FGF10|FHL1|FOXG1|GJA1|LRP2|PAK3|PRRX1|SCN3A|SLC1A2|SOX5|TFAP2B|SYNGAP1|PHOX2B|ARHGEF2|ARX|EBF3,-2.1,MyList
DisGeNET,35,C0022735,Klinefelter Syndrome,,-3.5,3.1,4.4,30293,150,851,13,1.5,0.42,26|174|1356|2253|2255|2697|2852|3624|6662|6736|7448|8788|50674,AOC1|AFP|CP|FGF8|FGF10|GJA1|GPER1|INHBA|SOX9|SRY|VTN|DLK1|NEUROG3,-2.1,MyList
DisGeNET,35,C0524909,"Hepatitis B, Chronic",,-3.5,2.1,4,30293,415,851,25,2.9,0.58,174|285|345|633|1281|1356|2034|2335|2934|3119|3123|3552|3576|4055|4155|4684|5063|6352|7295|8744|9021|9235|23452|51477|169044,AFP|ANGPT2|APOC3|BGN|COL3A1|CP|EPAS1|FN1|GSN|HLA-DQB1|HLA-DRB1|IL1A|CXCL8|LTBR|MBP|NCAM1|PAK3|CCL5|TXN|TNFSF9|SOCS3|IL32|ANGPTL2|ISYNA1|COL22A1,-2.1,MyList
DisGeNET,35,C0206182,Lymphomatoid Papulosis,,-3.5,6.3,5.2,30293,34,851,6,0.71,0.29,238|567|3119|3552|4684|9021,ALK|B2M|HLA-DQB1|IL1A|NCAM1|SOCS3,-2.1,MyList
DisGeNET,35,C0014078,Venezuelan equine encephalomyelitis,,-3.5,6.3,5.2,30293,34,851,6,0.71,0.29,6303|7295|7424|9235|9314|10045,SAT1|TXN|VEGFC|IL32|KLF4|SH2D3A,-2.1,MyList
TRRUST,34,TRR00469,Regulated by: HDAC2,,-3.5,6.3,5.2,30293,34,851,6,0.71,0.29,655|1026|3576|7291|8553|9314,BMP7|CDKN1A|CXCL8|TWIST1|BHLHE40|KLF4,-2.1,MyList
DisGeNET,35,C2733158,Cerebral Small Vessel Diseases,,-3.5,4.6,4.8,30293,62,851,8,0.94,0.33,285|1029|1440|1634|3552|3576|5476|10194,ANGPT2|CDKN2A|CSF3|DCN|IL1A|CXCL8|CTSA|TSHZ1,-2.1,MyList
DisGeNET,35,C2717961,Thrombotic Microangiopathies,,-3.5,4.6,4.8,30293,62,851,8,0.94,0.33,718|1361|2266|3123|3852|7056|7538|9314,C3|CPB2|FGG|HLA-DRB1|KRT5|THBD|ZFP36|KLF4,-2.1,MyList
DisGeNET,35,C0854917,Rhabdoid Tumor of the Kidney,,-3.5,4.6,4.8,30293,62,851,8,0.94,0.33,238|1026|1029|1030|2042|2697|3481|57580,ALK|CDKN1A|CDKN2A|CDKN2B|EPHA3|GJA1|IGF2|PREX1,-2.1,MyList
DisGeNET,35,C0267797,Acute hepatitis,,-3.5,4.6,4.8,30293,62,851,8,0.94,0.33,3576|3725|3726|4684|5111|6513|6850|7295,CXCL8|JUN|JUNB|NCAM1|PCNA|SLC2A1|SYK|TXN,-2.1,MyList
PaGenBase,36,PGB:00034,Cell-specific: OVR278E,,-3.5,3.3,4.4,30293,131,851,12,1.4,0.4,1288|2018|3488|3642|4753|5396|9021|10512|54677|56287|57172|375035,COL4A6|EMX2|IGFBP5|INSM1|NELL2|PRRX1|SOCS3|SEMA3C|CROT|GKN1|CAMK1G|SFT2D2,-2.1,MyList
Cell Type Signatures,7,M40316,DESCARTES FETAL THYMUS VASCULAR ENDOTHELIAL CELLS,,-3.5,3.3,4.4,30293,131,851,12,1.4,0.4,2|2034|2701|3213|3397|5629|7122|8792|22915|51299|57101|130132,A2M|EPAS1|GJA4|HOXB3|ID1|PROX1|CLDN5|TNFRSF11A|MMRN1|NRN1|ANO2|RFTN2,-2.1,MyList
DisGeNET,35,C0032000,Pituitary Adenoma,,-3.5,2.9,4.3,30293,170,851,14,1.6,0.44,429|846|3918|4288|4760|4762|6513|8549|10752|22915|50674|57007|63973|65217,ASCL1|CASR|LAMC2|MKI67|NEUROD1|NEUROG1|SLC2A1|LGR5|CHL1|MMRN1|NEUROG3|ACKR3|NEUROG2|PCDH15,-2.1,MyList
DisGeNET,35,C4087504,Peritoneal dissemination,,-3.5,2.9,4.3,30293,170,851,14,1.6,0.44,634|1029|1051|1087|2034|2335|3481|3960|7291|9235|23135|57007|64866|346389,CEACAM1|CDKN2A|CEBPB|CEACAM7|EPAS1|FN1|IGF2|LGALS4|TWIST1|IL32|KDM6B|ACKR3|CDCP1|MACC1,-2.1,MyList
TRRUST,34,TRR01062,Regulated by: PPARG,,-3.5,4.1,4.7,30293,78,851,9,1.1,0.35,1026|1050|3383|6303|9314|9518|30001|51129|147040,CDKN1A|CEBPA|ICAM1|SAT1|KLF4|GDF15|ERO1A|ANGPTL4|KCTD11,-2.1,MyList
DisGeNET,35,C0334588,Giant Cell Glioblastoma,,-3.5,3.7,4.6,30293,95,851,10,1.2,0.37,861|928|2335|2355|3576|4194|8434|8553|10215|10397,RUNX1|CD9|FN1|FOSL2|CXCL8|MDM4|RECK|BHLHE40|OLIG2|NDRG1,-2.1,MyList
DisGeNET,35,C0233401,Psychiatric symptom,,-3.5,3.7,4.6,30293,95,851,10,1.2,0.37,414|2913|3855|3918|5021|5521|6352|6886|9211|10194,ARSD|GRM3|KRT7|LAMC2|OXTR|PPP2R2B|CCL5|TAL1|LGI1|TSHZ1,-2.1,MyList
DisGeNET,35,C0039101,synovial sarcoma,,-3.5,2.4,4.1,30293,299,851,20,2.4,0.52,238|846|1026|1029|1999|2346|3383|3481|3552|3576|3855|4194|4288|4821|5076|5111|6376|7056|11186|53827,ALK|CASR|CDKN1A|CDKN2A|ELF3|FOLH1|ICAM1|IGF2|IL1A|CXCL8|KRT7|MDM4|MKI67|NKX2-2|PAX2|PCNA|CX3CL1|THBD|RASSF1|FXYD5,-2.1,MyList
DisGeNET,35,C0023530,Leukopenia,,-3.5,2.1,4,30293,440,851,26,3.1,0.59,26|133|238|718|846|861|1050|1440|1647|1649|2521|2624|2920|3119|3123|3383|3589|4684|5063|5142|7031|7547|9021|9056|9547|57126,AOC1|ADM|ALK|C3|CASR|RUNX1|CEBPA|CSF3|GADD45A|DDIT3|FUS|GATA2|CXCL2|HLA-DQB1|HLA-DRB1|ICAM1|IL11|NCAM1|PAK3|PDE4B|TFF1|ZIC3|SOCS3|SLC7A7|CXCL14|CD177,-2.1,MyList
Cell Type Signatures,7,M40027,BUSSLINGER DUODENAL EARLY IMMATURE ENTEROCYTES,,-3.5,3.5,4.5,30293,113,851,11,1.3,0.39,290|307|2168|2169|2512|3960|5106|5284|6303|7295|10397,ANPEP|ANXA4|FABP1|FABP2|FTL|LGALS4|PCK2|PIGR|SAT1|TXN|NDRG1,-2.1,MyList
Transcription Factor Targets,16,M10046,ATF B,,-3.5,2.8,4.2,30293,191,851,15,1.8,0.45,114|890|2353|3226|3397|5063|5178|6616|7101|8549|10150|23645|57111|64399|150094,ADCY8|CCNA2|FOS|HOXC10|ID1|PAK3|PEG3|SNAP25|NR2E1|LGR5|MBNL2|PPP1R15A|RAB25|HHIP|SIK1,-2.1,MyList
Transcription Factor Targets,16,M6144,STAT5B 01,,-3.5,2.5,4.1,30293,255,851,18,2.1,0.49,2243|2353|2530|3383|5126|5339|6352|6886|7122|7291|7448|8906|8929|9314|11346|25927|167410|389206,FGA|FOS|FUT8|ICAM1|PCSK2|PLEC|CCL5|TAL1|CLDN5|TWIST1|VTN|AP1G2|PHOX2B|KLF4|SYNPO|CNRIP1|LIX1|BEND4,-2.1,MyList
DisGeNET,35,C0011269,"Dementia, Vascular",,-3.5,2.7,4.2,30293,212,851,16,1.9,0.47,133|286|345|875|2335|2596|3383|3552|3853|3918|5021|6616|6850|7295|10163|27035,ADM|ANK1|APOC3|CBS|FN1|GAP43|ICAM1|IL1A|KRT6A|LAMC2|OXTR|SNAP25|SYK|TXN|WASF2|NOX1,-2.1,MyList
DisGeNET,35,C0042024,Urinary Incontinence,,-3.5,3.1,4.3,30293,151,851,13,1.5,0.42,2|1277|1281|1634|3119|3123|5063|5155|6513|22943|79152|170302|340533,A2M|COL1A1|COL3A1|DCN|HLA-DQB1|HLA-DRB1|PAK3|PDGFB|SLC2A1|DKK1|FA2H|ARX|NEXMIF,-2.1,MyList
DisGeNET,35,C3495917,Advanced breast cancer,,-3.5,3.1,4.3,30293,151,851,13,1.5,0.42,928|1087|1440|3123|3576|3855|4194|4288|5327|6850|7291|9181|11186,CD9|CEACAM7|CSF3|HLA-DRB1|CXCL8|KRT7|MDM4|MKI67|PLAT|SYK|TWIST1|ARHGEF2|RASSF1,-2.1,MyList
DisGeNET,35,C0027092,Myopia,,-3.5,2,3.9,30293,490,851,28,3.3,0.61,650|875|1277|1295|1299|1301|1421|1462|1512|1634|2255|2353|2697|3037|3339|3725|3726|4036|5076|5080|6660|7020|7021|7275|8974|22943|54715|84867,BMP2|CBS|COL1A1|COL8A1|COL9A3|COL11A1|CRYGD|VCAN|CTSH|DCN|FGF10|FOS|GJA1|HAS2|HSPG2|JUN|JUNB|LRP2|PAX2|PAX6|SOX5|TFAP2A|TFAP2B|TUB|P4HA2|DKK1|RBFOX1|PTPN5,-2.1,MyList
DisGeNET,35,C0038436,Post-Traumatic Stress Disorder,,-3.4,2.1,4,30293,417,851,25,2.9,0.58,114|117|285|414|1137|1143|1440|1621|2521|3119|3123|3383|3855|4155|5021|5024|6281|6296|6348|6513|6616|6886|10163|50944|51083,ADCY8|ADCYAP1R1|ANGPT2|ARSD|CHRNA4|CHRNB4|CSF3|DBH|FUS|HLA-DQB1|HLA-DRB1|ICAM1|KRT7|MBP|OXTR|P2RX3|S100A10|ACSM3|CCL3|SLC2A1|SNAP25|TAL1|WASF2|SHANK1|GAL,-2.1,MyList
DisGeNET,35,C1853926,NONAKA MYOPATHY,,-3.4,3.2,4.4,30293,132,851,12,1.4,0.4,117|133|650|1410|1634|2258|2335|2346|3383|3576|9123|54498,ADCYAP1R1|ADM|BMP2|CRYAB|DCN|FGF13|FN1|FOLH1|ICAM1|CXCL8|SLC16A3|SMOX,-2.1,MyList
DisGeNET,35,C1692871,Inflammatory polyarthritis,,-3.4,11,6.1,30293,13,851,4,0.47,0.23,1421|3123|7128|167826,CRYGD|HLA-DRB1|TNFAIP3|OLIG3,-2.1,MyList
DisGeNET,35,C4021816,Abnormality of the gingiva,,-3.4,11,6.1,30293,13,851,4,0.47,0.23,1277|1893|4914|64065,COL1A1|ECM1|NTRK1|PERP,-2.1,MyList
DisGeNET,35,C0008767,Cicatrization,,-3.4,11,6.1,30293,13,851,4,0.47,0.23,1277|1294|1893|3123,COL1A1|COL7A1|ECM1|HLA-DRB1,-2.1,MyList
DisGeNET,35,C0012619,disc disorder,,-3.4,11,6.1,30293,13,851,4,0.47,0.23,655|1299|3576|10725,BMP7|COL9A3|CXCL8|NFAT5,-2.1,MyList
DisGeNET,35,C0041364,Tumor Lysis Syndrome,,-3.4,11,6.1,30293,13,851,4,0.47,0.23,2346|2521|3918|6886,FOLH1|FUS|LAMC2|TAL1,-2.1,MyList
DisGeNET,35,C4022922,Abnormal enzyme/coenzyme activity,,-3.4,11,6.1,30293,13,851,4,0.47,0.23,846|5644|5645|6690,CASR|PRSS1|PRSS2|SPINK1,-2.1,MyList
DisGeNET,35,C4525119,Stage II Colon Cancer AJCC v8,,-3.4,5.2,4.9,30293,48,851,7,0.82,0.31,1045|1087|1462|6662|6736|22943|346389,CDX2|CEACAM7|VCAN|SOX9|SRY|DKK1|MACC1,-2.1,MyList
DisGeNET,35,C0265110,Cerebral Vasospasm,,-3.4,5.2,4.9,30293,48,851,7,0.82,0.31,133|2697|3552|3918|5327|6277|6296,ADM|GJA1|IL1A|LAMC2|PLAT|S100A6|ACSM3,-2.1,MyList
DisGeNET,35,C3146257,Stage II Colon Cancer AJCC v7,,-3.4,5.2,4.9,30293,48,851,7,0.82,0.31,1045|1087|1462|6662|6736|22943|346389,CDX2|CEACAM7|VCAN|SOX9|SRY|DKK1|MACC1,-2.1,MyList
Transcription Factor Targets,16,M4896,CEBPA 01,,-3.4,2.5,4.1,30293,256,851,18,2.1,0.49,285|567|3219|4622|5126|5155|6238|7546|9180|10725|11228|23213|55117|56138|57561|64399|80736|116372,ANGPT2|B2M|HOXB9|MYH4|PCSK2|PDGFB|RRBP1|ZIC2|OSMR|NFAT5|RASSF8|SULF1|SLC6A15|PCDHA11|ARRDC3|HHIP|SLC44A4|LYPD1,-2.1,MyList
DisGeNET,35,C0242350,Erectile dysfunction,,-3.4,2.5,4.1,30293,256,851,18,2.1,0.49,285|650|1012|1311|2253|2697|3855|4023|4155|4760|5021|5155|6513|6886|10163|11082|27123|54541,ANGPT2|BMP2|CDH13|COMP|FGF8|GJA1|KRT7|LPL|MBP|NEUROD1|OXTR|PDGFB|SLC2A1|TAL1|WASF2|ESM1|DKK2|DDIT4,-2.1,MyList
DisGeNET,35,C0151526,Premature Birth,,-3.4,2.8,4.2,30293,192,851,15,1.8,0.45,823|1277|1281|1301|2253|2619|3552|3691|4681|5339|6374|6496|7275|7546|9518,CAPN1|COL1A1|COL3A1|COL11A1|FGF8|GAS1|IL1A|ITGB4|NBL1|PLEC|CXCL5|SIX3|TUB|ZIC2|GDF15,-2.1,MyList
DisGeNET,35,C0263641,Epithelial hyperplasia of skin,,-3.4,4.1,4.6,30293,79,851,9,1.1,0.35,1747|3552|4288|4319|4804|5111|5266|6364|6513,DLX3|IL1A|MKI67|MMP10|NGFR|PCNA|PI3|CCL20|SLC2A1,-2.1,MyList
Cell Type Signatures,7,M40273,DESCARTES FETAL PANCREAS MESOTHELIAL CELLS,,-3.4,4.1,4.6,30293,79,851,9,1.1,0.35,1295|1301|2619|4036|7448|9052|79094|164312|286204,COL8A1|COL11A1|GAS1|LRP2|VTN|GPRC5A|CHAC1|LRRN4|CRB2,-2.1,MyList
DisGeNET,35,C0009326,Collagen Diseases,,-3.4,4.5,4.8,30293,63,851,8,0.94,0.33,1277|3123|3552|6288|6352|6662|7128|7429,COL1A1|HLA-DRB1|IL1A|SAA1|CCL5|SOX9|TNFAIP3|VIL1,-2.1,MyList
DisGeNET,35,C0085435,"Arthritis, Reactive",,-3.4,4.5,4.8,30293,63,851,8,0.94,0.33,1311|1421|2273|2335|3123|3576|6374|23541,COMP|CRYGD|FHL1|FN1|HLA-DRB1|CXCL8|CXCL5|SEC14L2,-2.1,MyList
Transcription Factor Targets,16,M11820,TTGCWCAAY CEBPB 02,,-3.4,4.5,4.8,30293,63,851,8,0.94,0.33,1051|1462|1621|2243|2259|5493|6288|23657,CEBPB|VCAN|DBH|FGA|FGF14|PPL|SAA1|SLC7A11,-2.1,MyList
DisGeNET,35,C1510502,Oxyphilic Adenoma,,-3.4,3.4,4.4,30293,114,851,11,1.3,0.39,928|2346|3488|3855|5076|6513|10053|11186|29106|55885|132625,CD9|FOLH1|IGFBP5|KRT7|PAX2|SLC2A1|AP1M2|RASSF1|SCG3|LMO3|ZFP42,-2.1,MyList
DisGeNET,35,C0020458,Hyperhidrosis disorder,,-3.4,3.4,4.4,30293,114,851,11,1.3,0.39,429|1293|2353|2556|3852|3853|3854|6578|8929|9244|284119,ASCL1|COL6A3|FOS|GABRA3|KRT5|KRT6A|KRT6B|SLCO2A1|PHOX2B|CRLF1|CAVIN1,-2.1,MyList
Transcription Factor Targets,16,M1779,GCCNNNWTAAR UNKNOWN,,-3.4,3,4.3,30293,152,851,13,1.5,0.42,862|1996|5155|5992|6660|8929|11096|23023|23440|25975|60482|79962|84969,RUNX1T1|ELAVL4|PDGFB|RFX4|SOX5|PHOX2B|ADAMTS5|TMCC1|OTP|EGFL6|SLC5A7|DNAJC22|TOX2,-2.1,MyList
Cell Type Signatures,7,M39243,LAKE ADULT KIDNEY C24 ENDOTHELIAL CELLS AEA AND DVR,,-3.4,3,4.3,30293,152,851,13,1.5,0.42,2|567|972|1879|2034|2353|2512|3123|3397|4071|6660|7122|79026,A2M|B2M|CD74|EBF1|EPAS1|FOS|FTL|HLA-DRB1|ID1|TM4SF1|SOX5|CLDN5|AHNAK,-2.1,MyList
PaGenBase,36,PGB:00080,Cell-specific: huh-7,,-3.4,7.7,5.5,30293,23,851,5,0.59,0.26,1050|1510|2168|6690|79962,CEBPA|CTSE|FABP1|SPINK1|DNAJC22,-2.1,MyList
DisGeNET,35,C0241013,Increased serum ferritin,,-3.4,7.7,5.5,30293,23,851,5,0.59,0.26,650|1356|2512|9056|55240,BMP2|CP|FTL|SLC7A7|STEAP3,-2.1,MyList
DisGeNET,35,C0027498,Nausea and vomiting,,-3.4,2.5,4.1,30293,257,851,18,2.1,0.49,311|1029|1889|1910|2521|2624|3123|3691|3785|5142|5155|5446|5644|6690|7547|9518|10512|25802,ANXA11|CDKN2A|ECE1|EDNRB|FUS|GATA2|HLA-DRB1|ITGB4|KCNQ2|PDE4B|PDGFB|PON3|PRSS1|SPINK1|ZIC3|GDF15|SEMA3C|LMOD1,-2.1,MyList
Transcription Factor Targets,16,M5866,HNF4 01 B,,-3.4,2.5,4.1,30293,257,851,18,2.1,0.49,1295|2128|2530|3960|5629|6928|7025|9378|9705|10814|11189|55057|55885|63976|64641|79962|84033|84107,COL8A1|EVX1|FUT8|LGALS4|PROX1|HNF1B|NR2F1|NRXN1|ST18|CPLX2|CELF3|CRYBG2|LMO3|PRDM16|EBF2|DNAJC22|OBSCN|ZIC4,-2.1,MyList
DisGeNET,35,C0019187,"Hepatitis, Alcoholic",,-3.4,3.2,4.3,30293,133,851,12,1.4,0.4,972|1030|1440|1889|3383|3552|3576|6348|6352|6850|57007|148022,CD74|CDKN2B|CSF3|ECE1|ICAM1|IL1A|CXCL8|CCL3|CCL5|SYK|ACKR3|TICAM1,-2.1,MyList
DisGeNET,35,C0205645,"Adenocarcinoma, Tubular",,-3.4,3.2,4.3,30293,133,851,12,1.4,0.4,634|1029|1045|1152|2886|3576|4288|5111|6690|11186|56287|79633,CEACAM1|CDKN2A|CDX2|CKB|GRB7|CXCL8|MKI67|PCNA|SPINK1|RASSF1|GKN1|FAT4,-2.1,MyList
DisGeNET,35,C0031069,Familial Mediterranean Fever,,-3.4,3.2,4.3,30293,133,851,12,1.4,0.4,174|1299|1311|1361|2353|3552|3576|6288|7056|7128|10475|54541,AFP|COL9A3|COMP|CPB2|FOS|IL1A|CXCL8|SAA1|THBD|TNFAIP3|TRIM38|DDIT4,-2.1,MyList
DisGeNET,35,C1849089,Broad forehead,,-3.4,3.2,4.3,30293,133,851,12,1.4,0.4,650|1009|1277|2255|2530|3955|4036|7021|7291|7545|7546|79633,BMP2|CDH11|COL1A1|FGF10|FUT8|LFNG|LRP2|TFAP2B|TWIST1|ZIC1|ZIC2|FAT4,-2.1,MyList
Transcription Factor Targets,16,M4372,STAT5A 04,,-3.4,2.7,4.1,30293,214,851,16,1.9,0.47,1993|2253|2255|2259|2886|3213|4684|4821|6096|8906|8929|54498|54715|57561|57616|63973,ELAVL2|FGF8|FGF10|FGF14|GRB7|HOXB3|NCAM1|NKX2-2|RORB|AP1G2|PHOX2B|SMOX|RBFOX1|ARRDC3|TSHZ3|NEUROG2,-2.1,MyList
DisGeNET,35,C0005937,Bone Cysts,,-3.4,6.1,5.1,30293,35,851,6,0.71,0.29,567|650|2353|3123|3226|284119,B2M|BMP2|FOS|HLA-DRB1|HOXC10|CAVIN1,-2.1,MyList
DisGeNET,35,C0023351,Tuberculoid leprosy,,-3.4,6.1,5.1,30293,35,851,6,0.71,0.29,1029|3123|3383|4804|6277|23541,CDKN2A|HLA-DRB1|ICAM1|NGFR|S100A6|SEC14L2,-2.1,MyList
DisGeNET,35,C4721452,Intestinal T-Cell Lymphoma,,-3.4,6.1,5.1,30293,35,851,6,0.71,0.29,238|1029|3119|3123|4684|57007,ALK|CDKN2A|HLA-DQB1|HLA-DRB1|NCAM1|ACKR3,-2.1,MyList
TRRUST,34,TRR00281,Regulated by: ETS2,,-3.4,6.1,5.1,30293,35,851,6,0.71,0.29,285|290|1026|1029|3383|3576,ANGPT2|ANPEP|CDKN1A|CDKN2A|ICAM1|CXCL8,-2.1,MyList
DisGeNET,35,C0266383,Uterine Anomalies,,-3.4,6.1,5.1,30293,35,851,6,0.71,0.29,2335|6662|6736|6926|6928|64220,FN1|SOX9|SRY|TBX3|HNF1B|STRA6,-2.1,MyList
DisGeNET,35,C0281784,Benign Meningioma,,-3.4,6.1,5.1,30293,35,851,6,0.71,0.29,1029|2697|3481|4288|5111|25975,CDKN2A|GJA1|IGF2|MKI67|PCNA|EGFL6,-2.1,MyList
Transcription Factor Targets,16,M2459,EGR Q6,,-3.4,2.4,4,30293,280,851,19,2.2,0.51,114|1044|1410|1747|3642|4821|5126|5155|7538|11343|26050|27133|55885|56884|81832|84969|116448|203447|283987,ADCY8|CDX1|CRYAB|DLX3|INSM1|NKX2-2|PCSK2|PDGFB|ZFP36|MGLL|SLITRK5|KCNH5|LMO3|FSTL5|NETO1|TOX2|OLIG1|NRK|HID1,-2.1,MyList
DisGeNET,35,C2347748,Adult Erythroleukemia,,-3.4,2.6,4.1,30293,236,851,17,2,0.48,307|861|1026|1050|2034|2530|3339|3589|3624|3855|5111|5155|5196|5327|6886|7045|57007,ANXA4|RUNX1|CDKN1A|CEBPA|EPAS1|FUT8|HSPG2|IL11|INHBA|KRT7|PCNA|PDGFB|PF4|PLAT|TAL1|TGFBI|ACKR3,-2.1,MyList
Transcription Factor Targets,16,M13016,OCT1 03,,-3.4,2.6,4.1,30293,236,851,17,2,0.48,744|862|1295|1634|2018|2258|4674|5339|5521|6660|8403|8929|23657|54715|55885|78997|389206,MPPED2|RUNX1T1|COL8A1|DCN|EMX2|FGF13|NAP1L2|PLEC|PPP2R2B|SOX5|SOX14|PHOX2B|SLC7A11|RBFOX1|LMO3|GDAP1L1|BEND4,-2.1,MyList
DisGeNET,35,C4552000,Episodic Kinesigenic Dyskinesia 1,,-3.4,3,4.3,30293,153,851,13,1.5,0.42,861|1137|2042|2168|2335|2852|3741|3855|5076|6513|6886|6928|9248,RUNX1|CHRNA4|EPHA3|FABP1|FN1|GPER1|KCNA5|KRT7|PAX2|SLC2A1|TAL1|HNF1B|GPR50,-2.1,MyList
Transcription Factor Targets,16,M14649,FREAC4 01,,-3.4,3,4.3,30293,153,851,13,1.5,0.42,862|1026|2128|3339|3624|4826|8906|9951|10150|23023|27023|51208|55885,RUNX1T1|CDKN1A|EVX1|HSPG2|INHBA|NNAT|AP1G2|HS3ST4|MBNL2|TMCC1|FOXB1|CLDN18|LMO3,-2.1,MyList
DisGeNET,35,C0042571,Vertigo,,-3.4,2.9,4.2,30293,173,851,14,1.6,0.44,111|567|1136|1137|1143|1281|1621|2624|2697|4914|5155|6736|9211|22943,ADCY5|B2M|CHRNA3|CHRNA4|CHRNB4|COL3A1|DBH|GATA2|GJA1|NTRK1|PDGFB|SRY|LGI1|DKK1,-2.1,MyList
Cell Type Signatures,7,M39214,ZHENG CORD BLOOD C5 SIMILAR TO HSC C6 PUTATIVE ALTERED METABOLIC STATE,,-3.4,3.7,4.5,30293,97,851,10,1.2,0.37,972|1647|2353|2791|3119|3123|3576|3725|3726|7538,CD74|GADD45A|FOS|GNG11|HLA-DQB1|HLA-DRB1|CXCL8|JUN|JUNB|ZFP36,-2.1,MyList
Transcription Factor Targets,16,M15675,CCCNNGGGAR OLF1 01,,-3.4,2.3,4,30293,326,851,21,2.5,0.53,862|1995|2899|3226|3383|3589|5076|5396|6900|7101|9590|9719|9951|10752|29106|55240|56896|57124|57348|79962|124842,RUNX1T1|ELAVL3|GRIK3|HOXC10|ICAM1|IL11|PAX2|PRRX1|CNTN2|NR2E1|AKAP12|ADAMTSL2|HS3ST4|CHL1|SCG3|STEAP3|DPYSL5|CD248|TTYH1|DNAJC22|TMEM132E,-2.1,MyList
DisGeNET,35,C0008311,Cholangitis,,-3.4,4,4.6,30293,80,851,9,1.1,0.35,602|1026|1277|2524|2920|3694|3855|6277|9235,BCL3|CDKN1A|COL1A1|FUT2|CXCL2|ITGB6|KRT7|S100A6|IL32,-2.1,MyList
DisGeNET,35,C1332347,Atypical Ductal Breast Hyperplasia,,-3.4,4,4.6,30293,80,851,9,1.1,0.35,768|846|1029|2042|6277|6513|11186|57007|653145,CA9|CASR|CDKN2A|EPHA3|S100A6|SLC2A1|RASSF1|ACKR3|ANXA8,-2.1,MyList
TRRUST,34,TRR01400,Regulated by: TFAP2A,,-3.4,4,4.6,30293,80,851,9,1.1,0.35,133|1026|1277|1410|1621|1893|3488|3852|9892,ADM|CDKN1A|COL1A1|CRYAB|DBH|ECM1|IGFBP5|KRT5|SNAP91,-2.1,MyList
DisGeNET,35,C0024302,Reticulosarcoma,,-3.4,4,4.6,30293,80,851,9,1.1,0.35,238|875|928|1029|1440|3123|3576|4684|10326,ALK|CBS|CD9|CDKN2A|CSF3|HLA-DRB1|CXCL8|NCAM1|SIRPB1,-2.1,MyList
DisGeNET,35,C0392885,High density lipoprotein measurement,,-3.4,2,3.8,30293,545,851,30,3.5,0.63,26|111|345|602|861|1029|1051|1463|1491|1621|1952|2041|2530|3123|3383|4023|4684|5024|5334|6928|7056|7429|10418|10512|11343|22895|23316|25806|51129|64399,AOC1|ADCY5|APOC3|BCL3|RUNX1|CDKN2A|CEBPB|NCAN|CTH|DBH|CELSR2|EPHA1|FUT8|HLA-DRB1|ICAM1|LPL|NCAM1|P2RX3|PLCL1|HNF1B|THBD|VIL1|SPON1|SEMA3C|MGLL|RPH3A|CUX2|VAX2|ANGPTL4|HHIP,-2.1,MyList
DisGeNET,35,C0278479,Stage II Colon Cancer,,-3.4,5.1,4.9,30293,49,851,7,0.82,0.31,1045|1087|1462|6662|6736|22943|346389,CDX2|CEACAM7|VCAN|SOX9|SRY|DKK1|MACC1,-2.1,MyList
DisGeNET,35,C1332153,acute myeloid leukemia with multilineage dysplasia following myelodysplastic syndrome,,-3.4,5.1,4.9,30293,49,851,7,0.82,0.31,861|1029|1030|1440|2624|3576|63976,RUNX1|CDKN2A|CDKN2B|CSF3|GATA2|CXCL8|PRDM16,-2.1,MyList
DisGeNET,35,C1318973,Staphylococcus aureus infection,,-3.4,5.1,4.9,30293,49,851,7,0.82,0.31,1440|2335|3123|3127|3552|3576|5142,CSF3|FN1|HLA-DRB1|HLA-DRB5|IL1A|CXCL8|PDE4B,-2.1,MyList
DisGeNET,35,C4021630,Broad long bones,,-3.4,18,7,30293,6,851,3,0.35,0.2,1277|1301|2697,COL1A1|COL11A1|GJA1,-2.1,MyList
DisGeNET,35,C1862968,Generalized amyloid deposition,,-3.4,18,7,30293,6,851,3,0.35,0.2,567|2243|2934,B2M|FGA|GSN,-2.1,MyList
DisGeNET,35,C0268374,Adult junctional epidermolysis bullosa (disorder),,-3.4,18,7,30293,6,851,3,0.35,0.2,3691|3914|3918,ITGB4|LAMB3|LAMC2,-2.1,MyList
DisGeNET,35,C4023710,Palmar hyperkeratosis,,-3.4,18,7,30293,6,851,3,0.35,0.2,2697|3853|4914,GJA1|KRT6A|NTRK1,-2.1,MyList
DisGeNET,35,C0751900,"Tic, Motor",,-3.4,18,7,30293,6,851,3,0.35,0.2,5155|6616|114798,PDGFB|SNAP25|SLITRK1,-2.1,MyList
DisGeNET,35,C0235270,Keratopathy,,-3.4,18,7,30293,6,851,3,0.35,0.2,3383|5080|7045,ICAM1|PAX6|TGFBI,-2.1,MyList
DisGeNET,35,C0950122,Frasier Syndrome,,-3.4,18,7,30293,6,851,3,0.35,0.2,5080|6662|6736,PAX6|SOX9|SRY,-2.1,MyList
DisGeNET,35,C0079683,Herlitz Disease,,-3.4,18,7,30293,6,851,3,0.35,0.2,3691|3914|3918,ITGB4|LAMB3|LAMC2,-2.1,MyList
DisGeNET,35,C0221025,Kasabach-Merritt syndrome,,-3.4,18,7,30293,6,851,3,0.35,0.2,285|7056|7424,ANGPT2|THBD|VEGFC,-2.1,MyList
DisGeNET,35,C4080064,Autosomal Dominant Hereditary Pancreatitis,,-3.4,18,7,30293,6,851,3,0.35,0.2,5644|5645|6690,PRSS1|PRSS2|SPINK1,-2.1,MyList
DisGeNET,35,C4025327,Congenital pyloric atresia,,-3.4,18,7,30293,6,851,3,0.35,0.2,3691|3918|5339,ITGB4|LAMC2|PLEC,-2.1,MyList
PaGenBase,36,PGB:00098,Tissue-specific: Uterus Corpus,,-3.4,18,7,30293,6,851,3,0.35,0.2,4319|7044|23452,MMP10|LEFTY2|ANGPTL2,-2.1,MyList
DisGeNET,35,C2673597,Congenital localized absence of skin,,-3.4,18,7,30293,6,851,3,0.35,0.2,1294|3914|3918,COL7A1|LAMB3|LAMC2,-2.1,MyList
DisGeNET,35,C3854437,Chronic lymphocytic inflammation with pontine perivascular enhancement responsive to steroids,,-3.4,18,7,30293,6,851,3,0.35,0.2,1440|3383|3576,CSF3|ICAM1|CXCL8,-2.1,MyList
DisGeNET,35,C0334515,"Mesothelioma, biphasic, malignant",,-3.4,18,7,30293,6,851,3,0.35,0.2,1029|7291|79026,CDKN2A|TWIST1|AHNAK,-2.1,MyList
DisGeNET,35,C1521897,Mature T ALL,,-3.4,18,7,30293,6,851,3,0.35,0.2,290|1029|1030,ANPEP|CDKN2A|CDKN2B,-2.1,MyList
DisGeNET,35,C0206686,Adrenocortical carcinoma,,-3.4,2.4,4,30293,281,851,19,2.2,0.51,133|650|1026|1029|1030|1356|1421|1993|2335|2346|3123|3481|3576|3852|5111|7291|8788|11186|122953,ADM|BMP2|CDKN1A|CDKN2A|CDKN2B|CP|CRYGD|ELAVL2|FN1|FOLH1|HLA-DRB1|IGF2|CXCL8|KRT5|PCNA|TWIST1|DLK1|RASSF1|JDP2,-2.1,MyList
DisGeNET,35,C4520840,Erythroleukemia (Erythroid/Myeloid),,-3.4,2.6,4.1,30293,237,851,17,2,0.48,307|861|1026|1050|2034|2530|3339|3589|3624|3855|5111|5155|5196|5327|6886|7045|57007,ANXA4|RUNX1|CDKN1A|CEBPA|EPAS1|FUT8|HSPG2|IL11|INHBA|KRT7|PCNA|PDGFB|PF4|PLAT|TAL1|TGFBI|ACKR3,-2.1,MyList
Transcription Factor Targets,16,M7355,HLF 01,,-3.4,2.5,4.1,30293,259,851,18,2.1,0.49,577|1649|1749|1996|4760|4914|5126|5493|8553|9068|9902|10150|11255|23213|23440|54715|57561|79977,ADGRB3|DDIT3|DLX5|ELAVL4|NEUROD1|NTRK1|PCSK2|PPL|BHLHE40|ANGPTL1|MRC2|MBNL2|HRH3|SULF1|OTP|RBFOX1|ARRDC3|GRHL2,-2.1,MyList
Cell Type Signatures,7,M39126,AIZARANI LIVER C25 KUPFFER CELLS 4,,-3.4,2.9,4.2,30293,174,851,14,1.6,0.44,301|1462|3119|3123|3127|3576|5272|6303|6850|7045|7056|9262|9314|23135,ANXA1|VCAN|HLA-DQB1|HLA-DRB1|HLA-DRB5|CXCL8|SERPINB9|SAT1|SYK|TGFBI|THBD|STK17B|KLF4|KDM6B,-2.1,MyList
DisGeNET,35,C1739135,Progression of prostate cancer,,-3.4,2.1,3.9,30293,398,851,24,2.8,0.57,655|861|1026|1029|1311|1999|2041|2042|2346|3209|3397|3552|3576|4914|5111|6513|6660|6690|7020|7113|7291|9052|9518|23135,BMP7|RUNX1|CDKN1A|CDKN2A|COMP|ELF3|EPHA1|EPHA3|FOLH1|HOXA13|ID1|IL1A|CXCL8|NTRK1|PCNA|SLC2A1|SOX5|SPINK1|TFAP2A|TMPRSS2|TWIST1|GPRC5A|GDF15|KDM6B,-2.1,MyList
DisGeNET,35,C0280475,Childhood Oligodendroglioma,,-3.4,3,4.2,30293,154,851,13,1.5,0.42,768|1029|1030|1641|1822|3339|4155|4288|6900|8022|9518|10215|64321,CA9|CDKN2A|CDKN2B|DCX|ATN1|HSPG2|MBP|MKI67|CNTN2|LHX3|GDF15|OLIG2|SOX17,-2,MyList
DisGeNET,35,C0279070,Adult Oligodendroglioma,,-3.4,3,4.2,30293,154,851,13,1.5,0.42,768|1029|1030|1641|1822|3339|4155|4288|6900|8022|9518|10215|64321,CA9|CDKN2A|CDKN2B|DCX|ATN1|HSPG2|MBP|MKI67|CNTN2|LHX3|GDF15|OLIG2|SOX17,-2,MyList
DisGeNET,35,C0005587,"Depression, Bipolar",,-3.4,3.4,4.4,30293,116,851,11,1.3,0.39,108|961|1463|4684|4804|4914|5142|6616|8553|10814|56884,ADCY2|CD47|NCAN|NCAM1|NGFR|NTRK1|PDE4B|SNAP25|BHLHE40|CPLX2|FSTL5,-2,MyList
Transcription Factor Targets,16,M849,YGTCCTTGR UNKNOWN,,-3.4,3.6,4.4,30293,98,851,10,1.2,0.37,174|1822|1993|2018|2274|2556|7547|11082|11228|11255,AFP|ATN1|ELAVL2|EMX2|FHL2|GABRA3|ZIC3|ESM1|RASSF8|HRH3,-2,MyList
Cell Type Signatures,7,M40255,DESCARTES FETAL MUSCLE STROMAL CELLS,,-3.4,3.6,4.4,30293,98,851,10,1.2,0.37,1277|1281|1634|9068|9547|9671|9902|25975|27123|152573,COL1A1|COL3A1|DCN|ANGPTL1|CXCL14|WSCD2|MRC2|EGFL6|DKK2|SHISA3,-2,MyList
Transcription Factor Targets,16,M11370,CREBP1 Q2,,-3.4,2.5,4,30293,260,851,18,2.1,0.49,1051|2258|2353|2913|3226|3397|3741|4674|5122|5178|6616|7101|8549|23645|54101|64399|150094|219287,CEBPB|FGF13|FOS|GRM3|HOXC10|ID1|KCNA5|NAP1L2|PCSK1|PEG3|SNAP25|NR2E1|LGR5|PPP1R15A|RIPK4|HHIP|SIK1|AMER2,-2,MyList
Transcription Factor Targets,16,M4153,PXR Q2,,-3.4,2.5,4,30293,260,851,18,2.1,0.49,285|2596|2899|3589|4760|5327|5396|6303|6533|6886|8553|8906|10150|11187|27319|57348|140679|196264,ANGPT2|GAP43|GRIK3|IL11|NEUROD1|PLAT|PRRX1|SAT1|SLC6A6|TAL1|BHLHE40|AP1G2|MBNL2|PKP3|BHLHE22|TTYH1|SLC32A1|MPZL3,-2,MyList
DisGeNET,35,C0036205,"Sarcoidosis, Pulmonary",,-3.3,4,4.5,30293,81,851,9,1.1,0.35,301|1026|3119|3123|3552|4684|6348|6352|6374,ANXA1|CDKN1A|HLA-DQB1|HLA-DRB1|IL1A|NCAM1|CCL3|CCL5|CXCL5,-2,MyList
DisGeNET,35,C0751956,Acute Cerebrovascular Accidents,,-3.3,3,4.2,30293,155,851,13,1.5,0.42,286|846|1087|2243|2258|3383|3552|4973|5196|5327|6926|53827|54498,ANK1|CASR|CEACAM7|FGA|FGF13|ICAM1|IL1A|OLR1|PF4|PLAT|TBX3|FXYD5|SMOX,-2,MyList
Cell Type Signatures,7,M40188,DESCARTES FETAL EYE ASTROCYTES,,-3.3,5.9,5,30293,36,851,6,0.71,0.29,4825|5076|6658|7545|55885|84107,NKX6-1|PAX2|SOX3|ZIC1|LMO3|ZIC4,-2,MyList
DisGeNET,35,C1720189,Episodic Ataxia,,-3.3,5.9,5,30293,36,851,6,0.71,0.29,2259|5521|6513|150094|170302|340024,FGF14|PPP2R2B|SLC2A1|SIK1|ARX|SLC6A19,-2,MyList
DisGeNET,35,C0085758,"Aganglionosis, Colonic",,-3.3,5.9,5,30293,36,851,6,0.71,0.29,1889|1910|4914|4916|6376|8929,ECE1|EDNRB|NTRK1|NTRK3|CX3CL1|PHOX2B,-2,MyList
DisGeNET,35,C1333762,Gastric Cardia Adenocarcinoma,,-3.3,4.4,4.6,30293,65,851,8,0.94,0.33,1647|3576|5111|5334|7869|8792|11186|166824,GADD45A|CXCL8|PCNA|PLCL1|SEMA3B|TNFRSF11A|RASSF1|RASSF6,-2,MyList
DisGeNET,35,C0346109,Malignant Mesothelioma of Peritoneum,,-3.3,4.4,4.6,30293,65,851,8,0.94,0.33,238|1009|1029|1087|1893|7291|7448|338382,ALK|CDH11|CDKN2A|CEACAM7|ECM1|TWIST1|VTN|RAB7B,-2,MyList
DisGeNET,35,C0085220,Cerebral Amyloid Angiopathy,,-3.3,4.4,4.6,30293,65,851,8,0.94,0.33,2|3339|3552|3918|4155|7291|10194|51129,A2M|HSPG2|IL1A|LAMC2|MBP|TWIST1|TSHZ1|ANGPTL4,-2,MyList
DisGeNET,35,C1861305,TARSAL-CARPAL COALITION SYNDROME,,-3.3,2.5,4,30293,261,851,18,2.1,0.49,285|301|1012|1026|1029|1030|1995|2335|3209|3481|3576|4288|5111|6616|6850|7025|7045|57575,ANGPT2|ANXA1|CDH13|CDKN1A|CDKN2A|CDKN2B|ELAVL3|FN1|HOXA13|IGF2|CXCL8|MKI67|PCNA|SNAP25|SYK|NR2F1|TGFBI|PCDH10,-2,MyList
DisGeNET,35,C0018081,Gonorrhea,,-3.3,2.5,4,30293,261,851,18,2.1,0.49,133|174|634|1026|1029|1045|1440|1822|2039|3481|3576|3725|5045|7128|7295|9021|56287|166824,ADM|AFP|CEACAM1|CDKN1A|CDKN2A|CDX2|CSF3|ATN1|DMTN|IGF2|CXCL8|JUN|FURIN|TNFAIP3|TXN|SOCS3|GKN1|RASSF6,-2,MyList
DisGeNET,35,C0235833,Congenital diaphragmatic hernia,,-3.3,2.5,4,30293,239,851,17,2,0.48,174|846|1277|1889|1910|1999|2034|2255|3219|3955|4036|4288|5111|7025|7291|64220|112399,AFP|CASR|COL1A1|ECE1|EDNRB|ELF3|EPAS1|FGF10|HOXB9|LFNG|LRP2|MKI67|PCNA|NR2F1|TWIST1|STRA6|EGLN3,-2,MyList
Cell Type Signatures,7,M39203,HAY BONE MARROW NEUTROPHIL,,-3.3,2.1,3.9,30293,449,851,26,3.1,0.59,290|301|1462|1512|2114|2180|2353|2355|3576|4055|4689|5339|6277|6281|6515|8660|9123|9262|9314|10326|11078|54210|79026|122953|220323|254102,ANPEP|ANXA1|VCAN|CTSH|ETS2|ACSL1|FOS|FOSL2|CXCL8|LTBR|NCF4|PLEC|S100A6|S100A10|SLC2A3|IRS2|SLC16A3|STK17B|KLF4|SIRPB1|TRIOBP|TREM1|AHNAK|JDP2|OAF|EHBP1L1,-2,MyList
DisGeNET,35,C4721453,Peripheral Nervous System Diseases,,-3.3,1.9,3.8,30293,549,851,30,3.5,0.63,174|286|655|823|1029|1440|1649|2259|2353|2596|2619|3123|3383|3576|3725|3918|4288|4684|4804|4914|5024|5354|7056|10397|55655|60482|64641|79152|79784|284119,AFP|ANK1|BMP7|CAPN1|CDKN2A|CSF3|DDIT3|FGF14|FOS|GAP43|GAS1|HLA-DRB1|ICAM1|CXCL8|JUN|LAMC2|MKI67|NCAM1|NGFR|NTRK1|P2RX3|PLP1|THBD|NDRG1|NLRP2|SLC5A7|EBF2|FA2H|MYH14|CAVIN1,-2,MyList
DisGeNET,35,C0012739,Disseminated Intravascular Coagulation,,-3.3,3.3,4.3,30293,117,851,11,1.3,0.39,238|285|1361|2243|4319|4684|5327|6886|7056|7448|7538,ALK|ANGPT2|CPB2|FGA|MMP10|NCAM1|PLAT|TAL1|THBD|VTN|ZFP36,-2,MyList
DisGeNET,35,C1175175,Severe Acute Respiratory Syndrome,,-3.3,3.3,4.3,30293,117,851,11,1.3,0.39,290|567|2335|2852|3123|3576|6352|7113|7448|9021|10045,ANPEP|B2M|FN1|GPER1|HLA-DRB1|CXCL8|CCL5|TMPRSS2|VTN|SOCS3|SH2D3A,-2,MyList
DisGeNET,35,C0263874,Degeneration of lumbar intervertebral disc,,-3.3,5,4.8,30293,50,851,7,0.82,0.31,1029|1277|1299|1301|3552|3918|11096,CDKN2A|COL1A1|COL9A3|COL11A1|IL1A|LAMC2|ADAMTS5,-2,MyList
Cell Type Signatures,7,M40296,DESCARTES FETAL STOMACH NEUROENDOCRINE CELLS,,-3.3,5,4.8,30293,50,851,7,0.82,0.31,4760|4821|5080|5122|5992|9705|9951,NEUROD1|NKX2-2|PAX6|PCSK1|RFX4|ST18|HS3ST4,-2,MyList
DisGeNET,35,C0153398,Hypopharyngeal Cancer,,-3.3,5,4.8,30293,50,851,7,0.82,0.31,1029|2114|4804|7291|7424|10630|55655,CDKN2A|ETS2|NGFR|TWIST1|VEGFC|PDPN|NLRP2,-2,MyList
DisGeNET,35,C0019270,Hernia,,-3.3,3.1,4.3,30293,136,851,12,1.4,0.4,133|875|2335|3552|3576|3918|6376|6513|9021|10725|57211|57611,ADM|CBS|FN1|IL1A|CXCL8|LAMC2|CX3CL1|SLC2A1|SOCS3|NFAT5|ADGRG6|ISLR2,-2,MyList
Transcription Factor Targets,16,M11610,USF C,,-3.3,2.4,4,30293,284,851,19,2.2,0.51,862|2259|3227|4055|5080|8482|8553|8722|9590|51303|55117|55890|57530|57561|64399|85508|124842|170302|389206,RUNX1T1|FGF14|HOXC11|LTBR|PAX6|SEMA7A|BHLHE40|CTSF|AKAP12|FKBP11|SLC6A15|GPRC5C|CGN|ARRDC3|HHIP|SCRT2|TMEM132E|ARX|BEND4,-2,MyList
DisGeNET,35,C0431478,Posteriorly rotated ear,,-3.3,2.8,4.1,30293,176,851,14,1.6,0.44,429|650|1009|1822|1855|1889|2273|3339|4036|6660|7020|8831|8929|253738,ASCL1|BMP2|CDH11|ATN1|DVL1|ECE1|FHL1|HSPG2|LRP2|SOX5|TFAP2A|SYNGAP1|PHOX2B|EBF3,-2,MyList
DisGeNET,35,C0020608,Hypodontia,,-3.3,2.6,4.1,30293,218,851,16,1.9,0.47,650|1749|1759|1855|2255|3691|3914|3918|6328|6506|6926|8831|22943|64065|79977|253738,BMP2|DLX5|DNM1|DVL1|FGF10|ITGB4|LAMB3|LAMC2|SCN3A|SLC1A2|TBX3|SYNGAP1|DKK1|PERP|GRHL2|EBF3,-2,MyList
DisGeNET,35,C0280803,Primary central nervous system lymphoma,,-3.3,3,4.2,30293,156,851,13,1.5,0.42,567|846|1026|1029|1879|3576|3918|4155|6281|6513|7128|51477|84433,B2M|CASR|CDKN1A|CDKN2A|EBF1|CXCL8|LAMC2|MBP|S100A10|SLC2A1|TNFAIP3|ISYNA1|CARD11,-2,MyList
DisGeNET,35,C0005283,beta Thalassemia,,-3.3,2.7,4.1,30293,197,851,15,1.8,0.45,174|567|1277|1361|1440|2335|2934|3119|3481|6578|8792|9518|57126|57573|84913,AFP|B2M|COL1A1|CPB2|CSF3|FN1|GSN|HLA-DQB1|IGF2|SLCO2A1|TNFRSF11A|GDF15|CD177|ZNF471|ATOH8,-2,MyList
Transcription Factor Targets,16,M30274,ZNF202 TARGET GENES,,-3.3,3.9,4.5,30293,82,851,9,1.1,0.35,1879|2114|5992|6385|6616|8792|27289|54898|64067,EBF1|ETS2|RFX4|SDC4|SNAP25|TNFRSF11A|RND1|ELOVL2|NPAS3,-2,MyList
DisGeNET,35,C0393819,"Polyradiculoneuropathy, Chronic Inflammatory Demyelinating",,-3.3,3.9,4.5,30293,82,851,9,1.1,0.35,2335|3119|3123|3676|3918|4155|6320|6900|7122,FN1|HLA-DQB1|HLA-DRB1|ITGA4|LAMC2|MBP|CLEC11A|CNTN2|CLDN5,-2,MyList
DisGeNET,35,C0034535,Radiation Syndrome,,-3.3,10,5.8,30293,14,851,4,0.47,0.23,1440|2258|3589|7295,CSF3|FGF13|IL11|TXN,-2,MyList
DisGeNET,35,C0206675,Adenomatoid Tumor,,-3.3,10,5.8,30293,14,851,4,0.47,0.23,307|1029|4288|10630,ANXA4|CDKN2A|MKI67|PDPN,-2,MyList
DisGeNET,35,C0279682,Bladder Adenocarcinoma,,-3.3,10,5.8,30293,14,851,4,0.47,0.23,238|1029|2346|5111,ALK|CDKN2A|FOLH1|PCNA,-2,MyList
DisGeNET,35,C0266589,Congenital ear anomaly NOS (disorder),,-3.3,3.1,4.2,30293,137,851,12,1.4,0.4,286|414|1491|2697|3211|3918|5396|5456|7020|7291|30813|79633,ANK1|ARSD|CTH|GJA1|HOXB1|LAMC2|PRRX1|POU3F4|TFAP2A|TWIST1|VSX1|FAT4,-2,MyList
Transcription Factor Targets,16,M17216,RYTGCNWTGGNR UNKNOWN,,-3.3,3.3,4.3,30293,118,851,11,1.3,0.39,744|1421|3552|3726|4826|5992|6547|7021|10842|27344|50944,MPPED2|CRYGD|IL1A|JUNB|NNAT|RFX4|SLC8A3|TFAP2B|PPP1R17|PCSK1N|SHANK1,-2,MyList
DisGeNET,35,C0232197,Fibrillation,,-3.3,3.3,4.3,30293,118,851,11,1.3,0.39,1421|2521|2697|3552|4319|4804|5111|6288|6662|27344|57124,CRYGD|FUS|GJA1|IL1A|MMP10|NGFR|PCNA|SAA1|SOX9|PCSK1N|CD248,-2,MyList
DisGeNET,35,C0007789,Cerebral Palsy,,-3.3,2.5,4,30293,241,851,17,2,0.48,111|133|414|1440|3552|3576|4036|5063|5111|5354|6506|6578|9423|9518|10215|51083|80150,ADCY5|ADM|ARSD|CSF3|IL1A|CXCL8|LRP2|PAK3|PCNA|PLP1|SLC1A2|SLCO2A1|NTN1|GDF15|OLIG2|GAL|ASRGL1,-2,MyList
DisGeNET,35,C0034152,Henoch-Schoenlein Purpura,,-3.3,2.7,4.1,30293,198,851,15,1.8,0.45,718|823|3123|3383|3552|3576|5076|5196|5354|6352|6374|6376|6506|6513|79152,C3|CAPN1|HLA-DRB1|ICAM1|IL1A|CXCL8|PAX2|PF4|PLP1|CCL5|CXCL5|CX3CL1|SLC1A2|SLC2A1|FA2H,-2,MyList
DisGeNET,35,C1368019,Paget Disease,,-3.3,4.3,4.6,30293,66,851,8,0.94,0.33,846|1051|2353|2697|3855|8792|22943|57007,CASR|CEBPB|FOS|GJA1|KRT7|TNFRSF11A|DKK1|ACKR3,-2,MyList
DisGeNET,35,C1853118,Severe congenital neutropenia,,-3.3,4.3,4.6,30293,66,851,8,0.94,0.33,861|862|1029|1051|1440|2624|3552|5880,RUNX1|RUNX1T1|CDKN2A|CEBPB|CSF3|GATA2|IL1A|RAC2,-2,MyList
Cell Type Signatures,7,M39045,FAN EMBRYONIC CTX BRAIN B CELL,,-3.3,3.6,4.4,30293,100,851,10,1.2,0.37,694|961|972|1879|3119|3123|3561|5142|5880|9674,BTG1|CD47|CD74|EBF1|HLA-DQB1|HLA-DRB1|IL2RG|PDE4B|RAC2|KIAA0040,-2,MyList
Transcription Factor Targets,16,M15101,RFX1 02,,-3.3,2.4,3.9,30293,286,851,19,2.2,0.51,744|1822|1995|2039|2114|5339|5992|6547|7275|8660|8929|10752|10842|11170|24141|27344|54674|116986|286204,MPPED2|ATN1|ELAVL3|DMTN|ETS2|PLEC|RFX4|SLC8A3|TUB|IRS2|PHOX2B|CHL1|PPP1R17|FAM107A|LAMP5|PCSK1N|LRRN3|AGAP2|CRB2,-2,MyList
DisGeNET,35,C4733092,estrogen receptor-negative breast cancer,,-3.3,2.2,3.9,30293,356,851,22,2.6,0.54,285|655|861|1029|1045|1277|1993|2034|2852|3226|3576|4194|4760|4826|5111|5327|7291|8792|9641|22822|53827|92359,ANGPT2|BMP7|RUNX1|CDKN2A|CDX2|COL1A1|ELAVL2|EPAS1|GPER1|HOXC10|CXCL8|MDM4|NEUROD1|NNAT|PCNA|PLAT|TWIST1|TNFRSF11A|IKBKE|PHLDA1|FXYD5|CRB3,-2,MyList
DisGeNET,35,C0853897,Diabetic Cardiomyopathies,,-3.3,2.6,4,30293,220,851,16,1.9,0.47,2|634|846|1440|1491|1634|2335|2697|2934|3481|3576|6513|6546|6850|9314|375704,A2M|CEACAM1|CASR|CSF3|CTH|DCN|FN1|GJA1|GSN|IGF2|CXCL8|SLC2A1|SLC8A1|SYK|KLF4|ENHO,-2,MyList
DisGeNET,35,C1536220,ST segment elevation myocardial infarction,,-3.3,2.4,4,30293,264,851,18,2.1,0.49,290|1440|1993|2697|3123|3487|3552|3576|4023|5327|6352|6850|7056|9518|10418|11082|57007|114798,ANPEP|CSF3|ELAVL2|GJA1|HLA-DRB1|IGFBP4|IL1A|CXCL8|LPL|PLAT|CCL5|SYK|THBD|GDF15|SPON1|ESM1|ACKR3|SLITRK1,-2,MyList
DisGeNET,35,C0206651,Clear Cell Sarcoma of Soft Tissue,,-3.3,4.9,4.7,30293,51,851,7,0.82,0.31,26|1029|1440|1649|2353|2521|3481,AOC1|CDKN2A|CSF3|DDIT3|FOS|FUS|IGF2,-2,MyList
DisGeNET,35,C0079474,Hallopeau-Siemens Disease,,-3.3,4.9,4.7,30293,51,851,7,0.82,0.31,1029|1294|1634|1822|2335|3552|9314,CDKN2A|COL7A1|DCN|ATN1|FN1|IL1A|KLF4,-2,MyList
DisGeNET,35,C0032533,Polymyalgia Rheumatica,,-3.3,4.9,4.7,30293,51,851,7,0.82,0.31,285|3119|3123|3383|3552|6352|9235,ANGPT2|HLA-DQB1|HLA-DRB1|ICAM1|IL1A|CCL5|IL32,-2,MyList
DisGeNET,35,C1334011,High Grade Cervical Intraepithelial Neoplasia,,-3.3,4.9,4.7,30293,51,851,7,0.82,0.31,1029|3119|3123|3552|4118|4288|10103,CDKN2A|HLA-DQB1|HLA-DRB1|IL1A|MAL|MKI67|TSPAN1,-2,MyList
DisGeNET,35,C1262048,Glial scar,,-3.3,4.9,4.7,30293,51,851,7,0.82,0.31,1463|2335|2596|6352|22915|84894|338382,NCAN|FN1|GAP43|CCL5|MMRN1|LINGO1|RAB7B,-2,MyList
TRRUST,34,TRR01437,Regulated by: TWIST1,,-3.3,5.8,4.9,30293,37,851,6,0.71,0.29,2335|2353|3383|7025|9518|22943,FN1|FOS|ICAM1|NR2F1|GDF15|DKK1,-2,MyList
DisGeNET,35,C0221238,Mesangial proliferative glomerulonephritis,,-3.3,5.8,4.9,30293,37,851,6,0.71,0.29,718|1634|2335|5155|7070|11122,C3|DCN|FN1|PDGFB|THY1|PTPRT,-2,MyList
TRRUST,34,TRR01235,Regulated by: SMAD3,,-3.3,5.8,4.9,30293,37,851,6,0.71,0.29,345|1026|1294|3725|7538|51129,APOC3|CDKN1A|COL7A1|JUN|ZFP36|ANGPTL4,-2,MyList
TRRUST,34,TRR00023,Regulated by: ATF2,,-3.3,5.8,4.9,30293,37,851,6,0.71,0.29,345|1026|2335|3725|5106|5327,APOC3|CDKN1A|FN1|JUN|PCK2|PLAT,-2,MyList
DisGeNET,35,C0085090,"Lymphoma, AIDS-Related",,-3.3,5.8,4.9,30293,37,851,6,0.71,0.29,1440|3339|3576|4684|7128|23657,CSF3|HSPG2|CXCL8|NCAM1|TNFAIP3|SLC7A11,-2,MyList
Cell Type Signatures,7,M40197,DESCARTES FETAL HEART ENDOCARDIAL CELLS,,-3.3,5.8,4.9,30293,37,851,6,0.71,0.29,1009|3624|6578|27164|84952|92293,CDH11|INHBA|SLCO2A1|SALL3|CGNL1|TMEM132C,-2,MyList
DisGeNET,35,C1095979,Progressive multiple sclerosis,,-3.3,5.8,4.9,30293,37,851,6,0.71,0.29,972|1299|1804|1822|3918|4155,CD74|COL9A3|DPP6|ATN1|LAMC2|MBP,-2,MyList
Cell Type Signatures,7,M40135,DESCARTES MAIN FETAL IGFBP1 DKK1 POSITIVE CELLS,,-3.3,2.8,4.1,30293,178,851,14,1.6,0.44,567|1634|2619|3487|5021|7044|7070|8660|9674|11096|22943|25802|57124|140738,B2M|DCN|GAS1|IGFBP4|OXTR|LEFTY2|THY1|IRS2|KIAA0040|ADAMTS5|DKK1|LMOD1|CD248|TMEM37,-2,MyList
DisGeNET,35,C0240066,Iron deficiency,,-3.3,2.8,4.1,30293,178,851,14,1.6,0.44,1029|1063|1356|1421|1879|2034|3552|3576|6303|6513|6900|7538|64399|116448,CDKN2A|CENPF|CP|CRYGD|EBF1|EPAS1|IL1A|CXCL8|SAT1|SLC2A1|CNTN2|ZFP36|HHIP|OLIG1,-2,MyList
Cell Type Signatures,7,M39298,CUI DEVELOPING HEART C1 5TH WEEK CARDIAC CELLS,,-3.3,3.9,4.4,30293,83,851,9,1.1,0.35,1152|1649|6513|9547|10630|10653|51477|84612|167410,CKB|DDIT3|SLC2A1|CXCL14|PDPN|SPINT2|ISYNA1|PARD6B|LIX1,-2,MyList
DisGeNET,35,C0014057,Japanese Encephalitis,,-3.3,3.3,4.3,30293,119,851,11,1.3,0.39,837|1649|1993|3123|3383|3918|5196|6348|6352|9021|23452,CASP4|DDIT3|ELAVL2|HLA-DRB1|ICAM1|LAMC2|PF4|CCL3|CCL5|SOCS3|ANGPTL2,-2,MyList
DisGeNET,35,C0949690,Spondylarthritis,,-3.3,2.9,4.1,30293,158,851,13,1.5,0.42,567|972|3123|3552|3576|4288|6364|7128|8792|9021|9518|22943|55655,B2M|CD74|HLA-DRB1|IL1A|CXCL8|MKI67|CCL20|TNFAIP3|TNFRSF11A|SOCS3|GDF15|DKK1|NLRP2,-2,MyList
Cell Type Signatures,7,M39231,LAKE ADULT KIDNEY C12 THICK ASCENDING LIMB,,-3.3,2.1,3.8,30293,381,851,23,2.7,0.56,311|567|846|1152|2180|3801|3993|4118|5334|6277|6281|6385|6493|7070|8721|9547|51142|55351|56243|57484|63976|84952|140738,ANXA11|B2M|CASR|CKB|ACSL1|KIFC3|LLGL2|MAL|PLCL1|S100A6|S100A10|SDC4|SIM2|THY1|EDF1|CXCL14|CHCHD2|STK32B|KIAA1217|RNF150|PRDM16|CGNL1|TMEM37,-2,MyList
DisGeNET,35,C0852949,Arteriopathic disease,,-3.3,3.5,4.3,30293,101,851,10,1.2,0.37,875|1029|1030|1281|1361|2701|4973|6296|22915|388585,CBS|CDKN2A|CDKN2B|COL3A1|CPB2|GJA4|OLR1|ACSM3|MMRN1|HES5,-2,MyList
Transcription Factor Targets,16,M18732,AP2ALPHA 01,,-3.3,2.5,4,30293,243,851,17,2,0.48,460|602|2899|3226|3589|5063|5155|6660|6662|10725|26050|56033|63976|79026|79977|81832|84171,ASTN1|BCL3|GRIK3|HOXC10|IL11|PAK3|PDGFB|SOX5|SOX9|NFAT5|SLITRK5|BARX1|PRDM16|AHNAK|GRHL2|NETO1|LOXL4,-2,MyList
Transcription Factor Targets,16,M3794,HEN1 02,,-3.2,2.7,4,30293,200,851,15,1.8,0.45,4661|5155|6926|8403|8447|9951|11075|50848|51599|54674|57616|84171|116372|252995|338917,MYT1|PDGFB|TBX3|SOX14|DOC2B|HS3ST4|STMN2|F11R|LSR|LRRN3|TSHZ3|LOXL4|LYPD1|FNDC5|VSX2,-1.9,MyList
DisGeNET,35,C0023827,liposarcoma,,-3.2,2.7,4,30293,200,851,15,1.8,0.45,2|1029|1051|1649|2034|2346|2521|3481|3488|3725|4194|6886|7545|11186|284119,A2M|CDKN2A|CEBPB|DDIT3|EPAS1|FOLH1|FUS|IGF2|IGFBP5|JUN|MDM4|TAL1|ZIC1|RASSF1|CAVIN1,-1.9,MyList
DisGeNET,35,C1858723,Poikiloderma with Neutropenia,,-3.2,7.1,5.2,30293,25,851,5,0.59,0.26,429|7424|10397|79977|644844,ASCL1|VEGFC|NDRG1|GRHL2|PHGR1,-1.9,MyList
DisGeNET,35,C3150077,Mild short stature,,-3.2,7.1,5.2,30293,25,851,5,0.59,0.26,1277|1299|1311|2290|2335,COL1A1|COL9A3|COMP|FOXG1|FN1,-1.9,MyList
DisGeNET,35,C2987516,Cervix Intraepithelial Neoplasia Grade 3 AJCC v7,,-3.2,7.1,5.2,30293,25,851,5,0.59,0.26,1029|6513|7424|9314|81849,CDKN2A|SLC2A1|VEGFC|KLF4|ST6GALNAC5,-1.9,MyList
DisGeNET,35,C0238111,Lennox-Gastaut syndrome,,-3.2,7.1,5.2,30293,25,851,5,0.59,0.26,1641|1759|2290|23316|340533,DCX|DNM1|FOXG1|CUX2|NEXMIF,-1.9,MyList
Transcription Factor Targets,16,M2998,LBP1 Q6,,-3.2,2.6,4,30293,222,851,16,1.9,0.47,744|1942|2899|6572|6660|6926|10150|11189|26050|50848|54541|84171|84858|85397|252995|653145,MPPED2|EFNA1|GRIK3|SLC18A3|SOX5|TBX3|MBNL2|CELF3|SLITRK5|F11R|DDIT4|LOXL4|ZNF503|RGS8|FNDC5|ANXA8,-1.9,MyList
Transcription Factor Targets,16,M14066,IRF Q6,,-3.2,2.5,3.9,30293,244,851,17,2,0.48,567|862|2530|3213|5099|5354|5800|6096|6238|6303|6892|7029|7291|9211|25975|27319|63976,B2M|RUNX1T1|FUT8|HOXB3|PCDH7|PLP1|PTPRO|RORB|RRBP1|SAT1|TAPBP|TFDP2|TWIST1|LGI1|EGFL6|BHLHE22|PRDM16,-1.9,MyList
Transcription Factor Targets,16,M18670,SMAD4 Q6,,-3.2,2.5,3.9,30293,244,851,17,2,0.48,768|1012|2128|3211|3918|4916|5063|5339|5521|7025|9211|10163|23023|23213|27023|64600|116986,CA9|CDH13|EVX1|HOXB1|LAMC2|NTRK3|PAK3|PLEC|PPP2R2B|NR2F1|LGI1|WASF2|TMCC1|SULF1|FOXB1|PLA2G2F|AGAP2,-1.9,MyList
DisGeNET,35,C0595936,Aqueous Humor Disorders,,-3.2,3.8,4.4,30293,84,851,9,1.1,0.35,1356|2258|2697|3383|3552|3576|6374|9518|22915,CP|FGF13|GJA1|ICAM1|IL1A|CXCL8|CXCL5|GDF15|MMRN1,-1.9,MyList
DisGeNET,35,C0005956,Bone Marrow Diseases,,-3.2,3.8,4.4,30293,84,851,9,1.1,0.35,133|928|1029|3123|3918|4155|4681|6900|9021,ADM|CD9|CDKN2A|HLA-DRB1|LAMC2|MBP|NBL1|CNTN2|SOCS3,-1.9,MyList
DisGeNET,35,C1857108,Limitation of joint mobility,,-3.2,3.8,4.4,30293,84,851,9,1.1,0.35,875|1299|1311|3691|5339|5354|6578|9244|81794,CBS|COL9A3|COMP|ITGB4|PLEC|PLP1|SLCO2A1|CRLF1|ADAMTS10,-1.9,MyList
Cell Type Signatures,7,M40140,DESCARTES MAIN FETAL GOBLET CELLS,,-3.2,4.8,4.7,30293,52,851,7,0.82,0.31,1440|6374|6549|9052|30001|50506|94234,CSF3|CXCL5|SLC9A2|GPRC5A|ERO1A|DUOX2|FOXQ1,-1.9,MyList
DisGeNET,35,C0013364,"Dysautonomia, Familial",,-3.2,4.8,4.7,30293,52,851,7,0.82,0.31,634|3383|3855|5396|6886|8788|11075,CEACAM1|ICAM1|KRT7|PRRX1|TAL1|DLK1|STMN2,-1.9,MyList
DisGeNET,35,C0005779,Blood Coagulation Disorders,,-3.2,2.4,3.9,30293,267,851,18,2.1,0.49,2|285|846|1277|1361|1421|2041|2934|3119|3552|3576|5327|6352|7031|7056|7448|22915|80150,A2M|ANGPT2|CASR|COL1A1|CPB2|CRYGD|EPHA1|GSN|HLA-DQB1|IL1A|CXCL8|PLAT|CCL5|TFF1|THBD|VTN|MMRN1|ASRGL1,-1.9,MyList
DisGeNET,35,C1314691,Age at menarche,,-3.2,2.4,3.9,30293,267,851,18,2.1,0.49,1136|1759|2530|5126|6096|6660|8788|9671|9705|9892|10150|10725|54715|57451|65217|79094|124565|222584,CHRNA3|DNM1|FUT8|PCSK2|RORB|SOX5|DLK1|WSCD2|ST18|SNAP91|MBNL2|NFAT5|RBFOX1|TENM2|PCDH15|CHAC1|SLC38A10|FAM83B,-1.9,MyList
DisGeNET,35,C0008487,Chordoma,,-3.2,3.1,4.1,30293,140,851,12,1.4,0.4,1029|1855|2114|3642|4194|4288|4914|6662|6736|8788|10630|27164,CDKN2A|DVL1|ETS2|INSM1|MDM4|MKI67|NTRK1|SOX9|SRY|DLK1|PDPN|SALL3,-1.9,MyList
Transcription Factor Targets,16,M18078,E4BP4 01,,-3.2,2.6,4,30293,223,851,16,1.9,0.47,1996|2259|2823|5106|5126|6303|6456|9068|11255|23023|23213|24141|51199|56937|57561|79026,ELAVL4|FGF14|GPM6A|PCK2|PCSK2|SAT1|SH3GL2|ANGPTL1|HRH3|TMCC1|SULF1|LAMP5|NIN|PMEPA1|ARRDC3|AHNAK,-1.9,MyList
DisGeNET,35,C0162770,Right Ventricular Hypertrophy,,-3.2,2.9,4.1,30293,160,851,13,1.5,0.42,768|1026|1440|1910|2034|3576|4622|5327|9314|22915|27035|55890|84913,CA9|CDKN1A|CSF3|EDNRB|EPAS1|CXCL8|MYH4|PLAT|KLF4|MMRN1|NOX1|GPRC5C|ATOH8,-1.9,MyList
DisGeNET,35,C3898127,Non-Metastatic Childhood Soft Tissue Sarcoma,,-3.2,2.9,4.1,30293,160,851,13,1.5,0.42,290|768|1029|2034|2521|3481|4194|4914|6320|6376|7056|7424|11186,ANPEP|CA9|CDKN2A|EPAS1|FUS|IGF2|MDM4|NTRK1|CLEC11A|CX3CL1|THBD|VEGFC|RASSF1,-1.9,MyList
DisGeNET,35,C1846647,"DEAFNESS, AUTOSOMAL RECESSIVE (disorder)",,-3.2,5.6,4.8,30293,38,851,6,0.71,0.29,107|2697|4762|7031|11078|124842,ADCY1|GJA1|NEUROG1|TFF1|TRIOBP|TMEM132E,-1.9,MyList
DisGeNET,35,C0014511,Epithelial cyst,,-3.2,5.6,4.8,30293,38,851,6,0.71,0.29,2444|3552|3852|3853|3854|7546,FRK|IL1A|KRT5|KRT6A|KRT6B|ZIC2,-1.9,MyList
DisGeNET,35,C0029443,Osteomyelitis,,-3.2,3.2,4.2,30293,121,851,11,1.3,0.39,1440|2335|2920|3119|3123|3552|3598|4914|6348|6578|6850,CSF3|FN1|CXCL2|HLA-DQB1|HLA-DRB1|IL1A|IL13RA2|NTRK1|CCL3|SLCO2A1|SYK,-1.9,MyList
DisGeNET,35,C0014877,Esotropia,,-3.2,3.2,4.2,30293,121,851,11,1.3,0.39,1293|1301|2290|6513|6572|6616|7020|23135|60482|253738|340533,COL6A3|COL11A1|FOXG1|SLC2A1|SLC18A3|SNAP25|TFAP2A|KDM6B|SLC5A7|EBF3|NEXMIF,-1.9,MyList
DisGeNET,35,C0041318,"Tuberculosis, Meningeal",,-3.2,4.2,4.5,30293,68,851,8,0.94,0.33,1440|3576|3918|4684|6288|6348|9518|30813,CSF3|CXCL8|LAMC2|NCAM1|SAA1|CCL3|GDF15|VSX1,-1.9,MyList
DisGeNET,35,C0027720,Nephrosis,,-3.2,4.2,4.5,30293,68,851,8,0.94,0.33,285|1649|1910|3383|4036|6376|10439|10630,ANGPT2|DDIT3|EDNRB|ICAM1|LRP2|CX3CL1|OLFM1|PDPN,-1.9,MyList
DisGeNET,35,C0751524,Simple Partial Status Epilepticus,,-3.2,4.2,4.5,30293,68,851,8,0.94,0.33,2353|2596|3725|3726|4916|6348|6546|6547,FOS|GAP43|JUN|JUNB|NTRK3|CCL3|SLC8A1|SLC8A3,-1.9,MyList
DisGeNET,35,C0014145,Yolk Sac Tumor,,-3.2,4.2,4.5,30293,68,851,8,0.94,0.33,174|567|650|1045|3855|6736|9573|64321,AFP|B2M|BMP2|CDX2|KRT7|SRY|GDF3|SOX17,-1.9,MyList
DisGeNET,35,C0393734,Complex Partial Status Epilepticus,,-3.2,4.2,4.5,30293,68,851,8,0.94,0.33,2353|2596|3725|3726|4916|6348|6546|6547,FOS|GAP43|JUN|JUNB|NTRK3|CCL3|SLC8A1|SLC8A3,-1.9,MyList
DisGeNET,35,C0340970,Congenital neutropenia,,-3.2,4.2,4.5,30293,68,851,8,0.94,0.33,861|862|1029|1051|1440|2624|3552|5880,RUNX1|RUNX1T1|CDKN2A|CEBPB|CSF3|GATA2|IL1A|RAC2,-1.9,MyList
DisGeNET,35,C0151468,Thyroid Gland Follicular Adenoma,,-3.2,2.6,4,30293,202,851,15,1.8,0.45,1026|1030|1634|1893|2346|2852|3576|4684|4916|5111|11186|50848|338382|644943|100131187,CDKN1A|CDKN2B|DCN|ECM1|FOLH1|GPER1|CXCL8|NCAM1|NTRK3|PCNA|RASSF1|F11R|RAB7B|RASSF10|TSTD1,-1.9,MyList
Cell Type Signatures,7,M39225,LAKE ADULT KIDNEY C6 PROXIMAL TUBULE EPITHELIAL CELLS FIBRINOGEN POS S3,,-3.2,2.8,4,30293,181,851,14,1.6,0.44,694|1410|1512|2243|2512|2634|4036|6238|9547|9590|54625|80830|346389|440712,BTG1|CRYAB|CTSH|FGA|FTL|GBP2|LRP2|RRBP1|CXCL14|AKAP12|PARP14|APOL6|MACC1|RHEX,-1.9,MyList
DisGeNET,35,C0002418,Amblyopia,,-3.2,3.8,4.3,30293,85,851,9,1.1,0.35,875|1299|1301|1804|3982|5080|7020|7291|9181,CBS|COL9A3|COL11A1|DPP6|LIM2|PAX6|TFAP2A|TWIST1|ARHGEF2,-1.9,MyList
Cell Type Signatures,7,M41668,TRAVAGLINI LUNG BRONCHIAL VESSEL 1 CELL,,-3.2,2.5,3.9,30293,224,851,16,1.9,0.47,285|1026|1647|2114|2697|3339|5214|8553|9021|10397|10439|11343|54997|64856|79750|116159,ANGPT2|CDKN1A|GADD45A|ETS2|GJA1|HSPG2|PFKP|BHLHE40|SOCS3|NDRG1|OLFM1|MGLL|TESC|VWA1|ZNF385D|CYYR1,-1.9,MyList
DisGeNET,35,C0018681,Headache,,-3.2,2.2,3.8,30293,338,851,21,2.5,0.53,111|117|823|846|1301|1440|3552|3855|3918|5045|5155|6296|6513|6616|6886|6900|7291|9123|10194|55130|63976,ADCY5|ADCYAP1R1|CAPN1|CASR|COL11A1|CSF3|IL1A|KRT7|LAMC2|FURIN|PDGFB|ACSM3|SLC2A1|SNAP25|TAL1|CNTN2|TWIST1|SLC16A3|TSHZ1|ODAD2|PRDM16,-1.9,MyList
PaGenBase,36,PGB:00015,Tissue-specific: Smooth Muscle,,-3.2,3.5,4.2,30293,103,851,10,1.2,0.37,1009|1440|1462|2258|3552|3576|6374|7045|7058|23213,CDH11|CSF3|VCAN|FGF13|IL1A|CXCL8|CXCL5|TGFBI|THBS2|SULF1,-1.9,MyList
DisGeNET,35,C0000731,Abdomen distended,,-3.2,3.5,4.2,30293,103,851,10,1.2,0.37,286|3119|3624|3691|6809|8022|10653|25802|50506|405753,ANK1|HLA-DQB1|INHBA|ITGB4|STX3|LHX3|SPINT2|LMOD1|DUOX2|DUOXA2,-1.9,MyList
DisGeNET,35,C3665593,Melanocytic nevus of skin,,-3.2,3.5,4.2,30293,103,851,10,1.2,0.37,1026|1029|1030|1462|3383|4288|6513|8190|11186|22822,CDKN1A|CDKN2A|CDKN2B|VCAN|ICAM1|MKI67|SLC2A1|MIA|RASSF1|PHLDA1,-1.9,MyList
DisGeNET,35,C0206664,Teratocarcinoma,,-3.2,3,4.1,30293,141,851,12,1.4,0.4,133|174|567|1026|1029|1510|1993|2253|6886|9181|9573|132625,ADM|AFP|B2M|CDKN1A|CDKN2A|CTSE|ELAVL2|FGF8|TAL1|ARHGEF2|GDF3|ZFP42,-1.9,MyList
DisGeNET,35,C1842981,NEUROTICISM,,-3.2,3,4.1,30293,141,851,12,1.4,0.4,429|846|1012|1136|1621|3855|5021|6616|6886|9671|23255|65217,ASCL1|CASR|CDH13|CHRNA3|DBH|KRT7|OXTR|SNAP25|TAL1|WSCD2|MTCL1|PCDH15,-1.9,MyList
Transcription Factor Targets,16,M12818,AML Q6,,-3.2,2.4,3.9,30293,269,851,18,2.1,0.49,655|861|1749|1995|3211|6515|6660|7681|8906|9378|23213|23440|29942|64399|84107|114798|167826|653145,BMP7|RUNX1|DLX5|ELAVL3|HOXB1|SLC2A3|SOX5|MKRN3|AP1G2|NRXN1|SULF1|OTP|PURG|HHIP|ZIC4|SLITRK1|OLIG3|ANXA8,-1.9,MyList
DisGeNET,35,C0018566,Congenital Hand Deformities,,-3.2,9.5,5.6,30293,15,851,4,0.47,0.23,2253|6662|7021|9719,FGF8|SOX9|TFAP2B|ADAMTSL2,-1.9,MyList
DisGeNET,35,C0022790,Krukenberg Tumor,,-3.2,9.5,5.6,30293,15,851,4,0.47,0.23,238|1087|1822|10653,ALK|CEACAM7|ATN1|SPINT2,-1.9,MyList
DisGeNET,35,C1334978,Non-Hereditary Clear Cell Renal Cell Carcinoma,,-3.2,9.5,5.6,30293,15,851,4,0.47,0.23,1462|2034|7404|54541,VCAN|EPAS1|UTY|DDIT4,-1.9,MyList
DisGeNET,35,C0746408,mass lesion,,-3.2,9.5,5.6,30293,15,851,4,0.47,0.23,174|414|2913|3918,AFP|ARSD|GRM3|LAMC2,-1.9,MyList
Cell Type Signatures,7,M39093,ZHONG PFC C6 DLX5 GAD1 GAD2 POS INTERNEURON,,-3.2,9.5,5.6,30293,15,851,4,0.47,0.23,1749|57007|57561|170302,DLX5|ACKR3|ARRDC3|ARX,-1.9,MyList
DisGeNET,35,C0282607,Vascular Neoplasms,,-3.2,9.5,5.6,30293,15,851,4,0.47,0.23,238|3576|5629|7538,ALK|CXCL8|PROX1|ZFP36,-1.9,MyList
DisGeNET,35,C0020225,Hydranencephaly,,-3.2,9.5,5.6,30293,15,851,4,0.47,0.23,3339|6913|7545|170302,HSPG2|TBX15|ZIC1|ARX,-1.9,MyList
DisGeNET,35,C0278619,Extramedullary Plasmacytoma,,-3.2,9.5,5.6,30293,15,851,4,0.47,0.23,238|1029|2335|4684,ALK|CDKN2A|FN1|NCAM1,-1.9,MyList
DisGeNET,35,C0013274,Patent ductus arteriosus,,-3.2,2,3.7,30293,510,851,28,3.3,0.61,286|414|846|1029|1137|1293|1889|2697|3397|3691|5196|5327|5645|6374|6546|6662|7021|8190|8434|9123|9314|51083|63976|64220|81794|112399|170302|286077,ANK1|ARSD|CASR|CDKN2A|CHRNA4|COL6A3|ECE1|GJA1|ID1|ITGB4|PF4|PLAT|PRSS2|CXCL5|SLC8A1|SOX9|TFAP2B|MIA|RECK|SLC16A3|KLF4|GAL|PRDM16|STRA6|ADAMTS10|EGLN3|ARX|FAM83H,-1.9,MyList
DisGeNET,35,C0020445,"Hypercholesterolemia, Familial",,-3.2,2.6,4,30293,203,851,15,1.8,0.45,345|861|1299|1311|1952|3339|3383|3576|4023|4973|6513|7056|7295|9961|30813,APOC3|RUNX1|COL9A3|COMP|CELSR2|HSPG2|ICAM1|CXCL8|LPL|OLR1|SLC2A1|THBD|TXN|MVP|VSX1,-1.9,MyList
DisGeNET,35,C0021841,Intestinal Neoplasms,,-3.2,2.7,4,30293,182,851,14,1.6,0.44,1026|1045|1634|1942|3481|5629|5729|6662|8549|9314|9423|9518|56667|64321,CDKN1A|CDX2|DCN|EFNA1|IGF2|PROX1|PTGDR|SOX9|LGR5|KLF4|NTN1|GDF15|MUC13|SOX17,-1.9,MyList
DisGeNET,35,C0282488,Interstitial Cystitis,,-3.2,3.2,4.2,30293,122,851,11,1.3,0.39,117|1026|1634|1993|1995|2255|2846|3576|9235|11343|54498,ADCYAP1R1|CDKN1A|DCN|ELAVL2|ELAVL3|FGF10|LPAR4|CXCL8|IL32|MGLL|SMOX,-1.9,MyList
DisGeNET,35,C1456781,Benign melanocytic nevus,,-3.2,3.2,4.2,30293,122,851,11,1.3,0.39,1026|1029|1030|1647|1649|1759|1993|4036|4804|5111|8434,CDKN1A|CDKN2A|CDKN2B|GADD45A|DDIT3|DNM1|ELAVL2|LRP2|NGFR|PCNA|RECK,-1.9,MyList
DisGeNET,35,C1318544,M5b Acute differentiated monocytic leukemia,,-3.2,3.2,4.2,30293,122,851,11,1.3,0.39,861|1050|1440|2353|3222|3383|3576|6376|7056|7295|9892,RUNX1|CEBPA|CSF3|FOS|HOXC5|ICAM1|CXCL8|CX3CL1|THBD|TXN|SNAP91,-1.9,MyList
DisGeNET,35,C3160718,"PARKINSON DISEASE, LATE-ONSET",,-3.2,2.4,3.9,30293,247,851,17,2,0.48,285|634|1030|1277|1996|2335|3855|3918|4036|4804|6886|8705|10163|10725|51142|84894|124842,ANGPT2|CEACAM1|CDKN2B|COL1A1|ELAVL4|FN1|KRT7|LAMC2|LRP2|NGFR|TAL1|B3GALT4|WASF2|NFAT5|CHCHD2|LINGO1|TMEM132E,-1.9,MyList
Transcription Factor Targets,16,M8474,CEBPDELTA Q6,,-3.2,2.4,3.9,30293,247,851,17,2,0.48,2353|2556|3219|3725|4760|4762|5126|10150|10586|22895|23440|23657|27319|54715|55885|57561|57616,FOS|GABRA3|HOXB9|JUN|NEUROD1|NEUROG1|PCSK2|MBNL2|MAB21L2|RPH3A|OTP|SLC7A11|BHLHE22|RBFOX1|LMO3|ARRDC3|TSHZ3,-1.9,MyList
DisGeNET,35,C0220613,Adult Soft Tissue Sarcoma,,-3.2,2.9,4,30293,162,851,13,1.5,0.42,290|768|1029|2034|2521|3481|4194|4914|6320|6376|7056|7424|11186,ANPEP|CA9|CDKN2A|EPAS1|FUS|IGF2|MDM4|NTRK1|CLEC11A|CX3CL1|THBD|VEGFC|RASSF1,-1.9,MyList
DisGeNET,35,C0751522,"Status Epilepticus, Subclinical",,-3.2,4.1,4.4,30293,69,851,8,0.94,0.33,2353|2596|3725|3726|4916|6348|6546|6547,FOS|GAP43|JUN|JUNB|NTRK3|CCL3|SLC8A1|SLC8A3,-1.9,MyList
DisGeNET,35,C0025281,Meniere Disease,,-3.2,4.1,4.4,30293,69,851,8,0.94,0.33,3123|3552|6352|6513|6546|9244|10194|150094,HLA-DRB1|IL1A|CCL5|SLC2A1|SLC8A1|CRLF1|TSHZ1|SIK1,-1.9,MyList
TRRUST,34,TRR01529,Regulated by: WT1,,-3.2,4.1,4.4,30293,69,851,8,0.94,0.33,976|1026|3481|3725|3726|5076|6376|6736,ADGRE5|CDKN1A|IGF2|JUN|JUNB|PAX2|CX3CL1|SRY,-1.9,MyList
DisGeNET,35,C0020635,Hypopituitarism,,-3.2,4.1,4.4,30293,69,851,8,0.94,0.33,650|2619|5080|6296|6496|6658|6736|8022,BMP2|GAS1|PAX6|ACSM3|SIX3|SOX3|SRY|LHX3,-1.9,MyList
Transcription Factor Targets,16,M10057,AHRARNT 01,,-3.2,3,4.1,30293,142,851,12,1.4,0.4,861|1993|1996|3219|3642|5076|5080|5155|56936|63973|85397|114798,RUNX1|ELAVL2|ELAVL4|HOXB9|INSM1|PAX2|PAX6|PDGFB|CCDC177|NEUROG2|RGS8|SLITRK1,-1.9,MyList
DisGeNET,35,C0242852,Proliferative vitreoretinopathy,,-3.2,3,4.1,30293,142,851,12,1.4,0.4,133|285|655|1026|1634|1910|2335|2353|3576|5111|5327|51083,ADM|ANGPT2|BMP7|CDKN1A|DCN|EDNRB|FN1|FOS|CXCL8|PCNA|PLAT|GAL,-1.9,MyList
DisGeNET,35,C0563625,Agnosia for Pain,,-3.2,2.6,3.9,30293,204,851,15,1.8,0.45,1137|1440|1910|3552|5021|5024|5125|6506|6513|8190|9290|11343|23541|27035|57007,CHRNA4|CSF3|EDNRB|IL1A|OXTR|P2RX3|PCSK5|SLC1A2|SLC2A1|MIA|GPR55|MGLL|SEC14L2|NOX1|ACKR3,-1.9,MyList
Transcription Factor Targets,16,M19969,MEF2 04,,-3.2,6.8,5.1,30293,26,851,5,0.59,0.26,108|1996|7025|9211|10725,ADCY2|ELAVL4|NR2F1|LGI1|NFAT5,-1.9,MyList
PaGenBase,36,PGB:00126,Cell-specific: Testis cell,,-3.2,6.8,5.1,30293,26,851,5,0.59,0.26,3772|7547|55211|64321|283659,KCNJ15|ZIC3|DPPA4|SOX17|PRTG,-1.9,MyList
Cell Type Signatures,7,M39088,ZHONG PFC C1 NEUROD1 POS EXCITATORY NEURON,,-3.2,6.8,5.1,30293,26,851,5,0.59,0.26,2045|4760|9705|51299|54541,EPHA7|NEUROD1|ST18|NRN1|DDIT4,-1.9,MyList
DisGeNET,35,C2939186,Disturbance in mood,,-3.2,6.8,5.1,30293,26,851,5,0.59,0.26,3855|4036|5142|6886|55885,KRT7|LRP2|PDE4B|TAL1|LMO3,-1.9,MyList
DisGeNET,35,C0238506,Congenital posterior urethral valves,,-3.2,6.8,5.1,30293,26,851,5,0.59,0.26,285|567|655|3481|3576,ANGPT2|B2M|BMP7|IGF2|CXCL8,-1.9,MyList
DisGeNET,35,C0740451,Granulomatous disorder,,-3.2,6.8,5.1,30293,26,851,5,0.59,0.26,2346|2624|3123|3561|7291,FOLH1|GATA2|HLA-DRB1|IL2RG|TWIST1,-1.9,MyList
DisGeNET,35,C4552011,Gonadotropin deficiency,,-3.2,6.8,5.1,30293,26,851,5,0.59,0.26,2253|5122|6736|6926|8022,FGF8|PCSK1|SRY|TBX3|LHX3,-1.9,MyList
DisGeNET,35,C0013221,Drug toxicity,,-3.2,3.7,4.3,30293,86,851,9,1.1,0.35,567|718|1356|1440|2045|2243|6578|7056|7295,B2M|C3|CP|CSF3|EPHA7|FGA|SLCO2A1|THBD|TXN,-1.9,MyList
DisGeNET,35,C0399440,Hereditary gingival fibromatosis,,-3.2,3.7,4.3,30293,86,851,9,1.1,0.35,429|650|655|1029|2335|3383|3576|5111|203447,ASCL1|BMP2|BMP7|CDKN2A|FN1|ICAM1|CXCL8|PCNA|NRK,-1.9,MyList
Transcription Factor Targets,16,M402,TTCYRGAA UNKNOWN,,-3.2,2.2,3.8,30293,340,851,21,2.5,0.53,862|1026|1410|2018|3300|4661|4826|5100|5155|5327|6328|6496|9211|11189|25802|64856|81832|84631|130132|154091|167410,RUNX1T1|CDKN1A|CRYAB|EMX2|DNAJB2|MYT1|NNAT|PCDH8|PDGFB|PLAT|SCN3A|SIX3|LGI1|CELF3|LMOD1|VWA1|NETO1|SLITRK2|RFTN2|SLC2A12|LIX1,-1.9,MyList
Transcription Factor Targets,16,M10652,RORA1 01,,-3.2,2.4,3.9,30293,248,851,17,2,0.48,1491|1996|2045|2846|2899|3213|4753|5322|6376|6547|6900|7401|11187|54715|55885|170302|261729,CTH|ELAVL4|EPHA7|LPAR4|GRIK3|HOXB3|NELL2|PLA2G5|CX3CL1|SLC8A3|CNTN2|CLRN1|PKP3|RBFOX1|LMO3|ARX|STEAP2,-1.9,MyList
Transcription Factor Targets,16,M9364,SRF Q6,,-3.2,2.4,3.9,30293,248,851,17,2,0.48,1277|1996|2253|2353|3222|3236|3642|3726|4821|4825|4826|5099|5456|6376|7025|57124|286077,COL1A1|ELAVL4|FGF8|FOS|HOXC5|HOXD10|INSM1|JUNB|NKX2-2|NKX6-1|NNAT|PCDH7|POU3F4|CX3CL1|NR2F1|CD248|FAM83H,-1.9,MyList
DisGeNET,35,C0013362,Dysarthria,,-3.2,2,3.7,30293,487,851,27,3.2,0.6,111|823|1356|1641|1822|2253|2259|2512|2521|2673|2697|2934|3211|3746|4036|5111|5155|5354|5521|6513|6616|8722|79152|85300|146227|170302|253738,ADCY5|CAPN1|CP|DCX|ATN1|FGF8|FGF14|FTL|FUS|GFPT1|GJA1|GSN|HOXB1|KCNC1|LRP2|PCNA|PDGFB|PLP1|PPP2R2B|SLC2A1|SNAP25|CTSF|FA2H|ATCAY|BEAN1|ARX|EBF3,-1.9,MyList
DisGeNET,35,C0235480,Paroxysmal atrial fibrillation,,-3.2,2.5,3.9,30293,226,851,16,1.9,0.47,1026|1029|1607|1621|1910|2042|3339|3741|5396|6660|6926|7056|8022|22822|222553|375704,CDKN1A|CDKN2A|DGKB|DBH|EDNRB|EPHA3|HSPG2|KCNA5|PRRX1|SOX5|TBX3|THBD|LHX3|PHLDA1|SLC35F1|ENHO,-1.9,MyList
DisGeNET,35,C1843273,Tubulointerstitial nephritis and uveitis,,-3.1,15,6.4,30293,7,851,3,0.35,0.2,567|3119|3123,B2M|HLA-DQB1|HLA-DRB1,-1.9,MyList
DisGeNET,35,C0162679,Leukemic Infiltration,,-3.1,15,6.4,30293,7,851,3,0.35,0.2,861|862|1822,RUNX1|RUNX1T1|ATN1,-1.9,MyList
DisGeNET,35,C0269062,Chronic cervicitis,,-3.1,15,6.4,30293,7,851,3,0.35,0.2,285|1050|54101,ANGPT2|CEBPA|RIPK4,-1.9,MyList
DisGeNET,35,C0751349,"Myoclonus, Eyelid",,-3.1,15,6.4,30293,7,851,3,0.35,0.2,6096|6513|8831,RORB|SLC2A1|SYNGAP1,-1.9,MyList
DisGeNET,35,C0270680,Posterior fossa compression syndrome,,-3.1,15,6.4,30293,7,851,3,0.35,0.2,5155|8792|22943,PDGFB|TNFRSF11A|DKK1,-1.9,MyList
DisGeNET,35,C0349578,Complex Endometrial Hyperplasia,,-3.1,15,6.4,30293,7,851,3,0.35,0.2,1952|6513|11186,CELSR2|SLC2A1|RASSF1,-1.9,MyList
DisGeNET,35,C1840452,Hyaloideoretinal degeneration of Wagner,,-3.1,15,6.4,30293,7,851,3,0.35,0.2,1301|1462|5080,COL11A1|VCAN|PAX6,-1.9,MyList
DisGeNET,35,C1969236,Mitten deformity,,-3.1,15,6.4,30293,7,851,3,0.35,0.2,1294|3914|3918,COL7A1|LAMB3|LAMC2,-1.9,MyList
DisGeNET,35,C0079299,Epidermolysis Bullosa Simplex Kobner,,-3.1,15,6.4,30293,7,851,3,0.35,0.2,3691|3852|5339,ITGB4|KRT5|PLEC,-1.9,MyList
TRRUST,34,TRR01250,Regulated by: SOX17,,-3.1,15,6.4,30293,7,851,3,0.35,0.2,2335|10725|346389,FN1|NFAT5|MACC1,-1.9,MyList
DisGeNET,35,C0262428,Collagen-vascular disease,,-3.1,15,6.4,30293,7,851,3,0.35,0.2,3123|5111|6352,HLA-DRB1|PCNA|CCL5,-1.9,MyList
PaGenBase,36,PGB:00118,Cell-specific: SHSYSY+RA,,-3.1,15,6.4,30293,7,851,3,0.35,0.2,429|6496|24141,ASCL1|SIX3|LAMP5,-1.9,MyList
DisGeNET,35,C1857624,"COLLAGENOSIS, FAMILIAL REACTIVE PERFORATING",,-3.1,15,6.4,30293,7,851,3,0.35,0.2,429|3119|3123,ASCL1|HLA-DQB1|HLA-DRB1,-1.9,MyList
DisGeNET,35,C1142152,Heart valve calcification,,-3.1,15,6.4,30293,7,851,3,0.35,0.2,650|1009|6662,BMP2|CDH11|SOX9,-1.9,MyList
DisGeNET,35,C1856934,Epidermolysis bullosa with pyloric atresia,,-3.1,15,6.4,30293,7,851,3,0.35,0.2,2335|3691|5339,FN1|ITGB4|PLEC,-1.9,MyList
DisGeNET,35,C0264544,Adhesion of lung,,-3.1,15,6.4,30293,7,851,3,0.35,0.2,2335|3226|3383,FN1|HOXC10|ICAM1,-1.9,MyList
TRRUST,34,TRR00108,Regulated by: CDX2,,-3.1,5.5,4.8,30293,39,851,6,0.71,0.29,1015|1026|2524|6549|9314|140453,CDH17|CDKN1A|FUT2|SLC9A2|KLF4|MUC17,-1.9,MyList
DisGeNET,35,C0036508,Seborrheic dermatitis,,-3.1,5.5,4.8,30293,39,851,6,0.71,0.29,2913|3552|3576|6578|11322|196264,GRM3|IL1A|CXCL8|SLCO2A1|TMC6|MPZL3,-1.9,MyList
DisGeNET,35,C0002020,Alexithymia,,-3.1,5.5,4.8,30293,39,851,6,0.71,0.29,414|3552|3855|5021|6296|6886,ARSD|IL1A|KRT7|OXTR|ACSM3|TAL1,-1.9,MyList
DisGeNET,35,C3808022,Episodic abdominal pain,,-3.1,5.5,4.8,30293,39,851,6,0.71,0.29,1026|1030|3624|4023|5644|6690,CDKN1A|CDKN2B|INHBA|LPL|PRSS1|SPINK1,-1.9,MyList
DisGeNET,35,C3805574,Increased fracture rate,,-3.1,3.2,4.1,30293,123,851,11,1.3,0.39,846|875|1277|2253|2335|2353|6662|8792|9056|22943|284119,CASR|CBS|COL1A1|FGF8|FN1|FOS|SOX9|TNFRSF11A|SLC7A7|DKK1|CAVIN1,-1.9,MyList
DisGeNET,35,C2936349,"Plaque, Amyloid",,-3.1,3.2,4.1,30293,123,851,11,1.3,0.39,567|1052|1137|1634|2346|2934|3481|6288|6616|7045|10194,B2M|CEBPD|CHRNA4|DCN|FOLH1|GSN|IGF2|SAA1|SNAP25|TGFBI|TSHZ1,-1.9,MyList
DisGeNET,35,C0042384,Vasculitis,,-3.1,2.3,3.8,30293,294,851,19,2.2,0.51,285|290|1356|1440|1822|2335|3119|3123|3383|3552|3918|5327|6352|6850|8974|23541|54210|56667|57126,ANGPT2|ANPEP|CP|CSF3|ATN1|FN1|HLA-DQB1|HLA-DRB1|ICAM1|IL1A|LAMC2|PLAT|CCL5|SYK|P4HA2|SEC14L2|TREM1|MUC13|CD177,-1.9,MyList
DisGeNET,35,C0279984,Childhood Liposarcoma,,-3.1,3,4,30293,143,851,12,1.4,0.4,2|1029|1051|1649|2034|2346|2521|3481|3488|6886|7545|284119,A2M|CDKN2A|CEBPB|DDIT3|EPAS1|FOLH1|FUS|IGF2|IGFBP5|TAL1|ZIC1|CAVIN1,-1.9,MyList
Transcription Factor Targets,16,M18386,STAT5A 02,,-3.1,3,4,30293,143,851,12,1.4,0.4,861|2353|2934|5126|6886|8906|9314|54674|54715|55890|84033|84913,RUNX1|FOS|GSN|PCSK2|TAL1|AP1G2|KLF4|LRRN3|RBFOX1|GPRC5C|OBSCN|ATOH8,-1.9,MyList
DisGeNET,35,C0278608,Adult Liposarcoma,,-3.1,3,4,30293,143,851,12,1.4,0.4,2|1029|1051|1649|2034|2346|2521|3481|3488|6886|7545|284119,A2M|CDKN2A|CEBPB|DDIT3|EPAS1|FOLH1|FUS|IGF2|IGFBP5|TAL1|ZIC1|CAVIN1,-1.9,MyList
Transcription Factor Targets,16,M12023,CREB Q4,,-3.1,2.4,3.8,30293,272,851,18,2.1,0.49,114|2128|2353|2913|3226|3397|5063|5122|6616|7101|8549|10150|23645|54101|57111|64399|79094|150094,ADCY8|EVX1|FOS|GRM3|HOXC10|ID1|PAK3|PCSK1|SNAP25|NR2E1|LGR5|MBNL2|PPP1R15A|RIPK4|RAB25|HHIP|CHAC1|SIK1,-1.9,MyList
DisGeNET,35,C1370889,"Liposarcoma, well differentiated",,-3.1,4.6,4.5,30293,54,851,7,0.82,0.31,1029|1050|1649|2521|3725|4288|80150,CDKN2A|CEBPA|DDIT3|FUS|JUN|MKI67|ASRGL1,-1.8,MyList
DisGeNET,35,C0041755,Adverse reaction to drug,,-3.1,3.7,4.3,30293,87,851,9,1.1,0.35,567|718|1356|1440|2045|2243|6578|7056|7295,B2M|C3|CP|CSF3|EPHA7|FGA|SLCO2A1|THBD|TXN,-1.8,MyList
DisGeNET,35,C0023364,Leptospirosis,,-3.1,4.1,4.4,30293,70,851,8,0.94,0.33,286|2920|3119|3123|3383|3576|6348|116844,ANK1|CXCL2|HLA-DQB1|HLA-DRB1|ICAM1|CXCL8|CCL3|LRG1,-1.8,MyList
DisGeNET,35,C1883018,Severe Aplastic Anemia,,-3.1,4.1,4.4,30293,70,851,8,0.94,0.33,1440|3123|3552|3576|4684|6288|9518|10630,CSF3|HLA-DRB1|IL1A|CXCL8|NCAM1|SAA1|GDF15|PDPN,-1.8,MyList
DisGeNET,35,C1145670,Respiratory Failure,,-3.1,2.2,3.8,30293,319,851,20,2.4,0.52,133|238|311|1029|1293|1311|1410|2335|2521|2624|2934|3576|3914|3918|5327|5446|6572|7056|8929|10630,ADM|ALK|ANXA11|CDKN2A|COL6A3|COMP|CRYAB|FN1|FUS|GATA2|GSN|CXCL8|LAMB3|LAMC2|PLAT|PON3|SLC18A3|THBD|PHOX2B|PDPN,-1.8,MyList
DisGeNET,35,C0872084,Sarcopenia,,-3.1,2.8,4,30293,164,851,13,1.5,0.42,174|650|861|1647|3552|3576|4684|5209|5327|6616|7291|22943|23452,AFP|BMP2|RUNX1|GADD45A|IL1A|CXCL8|NCAM1|PFKFB3|PLAT|SNAP25|TWIST1|DKK1|ANGPTL2,-1.8,MyList
DisGeNET,35,C0242966,Systemic Inflammatory Response Syndrome,,-3.1,2.7,3.9,30293,185,851,14,1.6,0.44,133|823|846|1822|2934|3383|3552|3576|3918|5196|6238|7056|7128|80150,ADM|CAPN1|CASR|ATN1|GSN|ICAM1|IL1A|CXCL8|LAMC2|PF4|RRBP1|THBD|TNFAIP3|ASRGL1,-1.8,MyList
DisGeNET,35,C0017178,Gastrointestinal Diseases,,-3.1,3,4,30293,144,851,12,1.4,0.4,174|846|1087|1440|3552|3576|5122|5446|6546|7031|8929|56033,AFP|CASR|CEACAM7|CSF3|IL1A|CXCL8|PCSK1|PON3|SLC8A1|TFF1|PHOX2B|BARX1,-1.8,MyList
DisGeNET,35,C4554036,"Nystagmus, CTCAE 5.0",,-3.1,1.7,3.5,30293,779,851,38,4.5,0.71,286|1301|1421|1641|1759|1822|1910|2253|2697|3982|5076|5080|5354|5456|6328|6506|6513|6572|6616|6658|6736|7020|7025|7275|7401|8792|8831|9181|9573|10586|22943|60482|63976|79152|85300|146227|170302|340024,ANK1|COL11A1|CRYGD|DCX|DNM1|ATN1|EDNRB|FGF8|GJA1|LIM2|PAX2|PAX6|PLP1|POU3F4|SCN3A|SLC1A2|SLC2A1|SLC18A3|SNAP25|SOX3|SRY|TFAP2A|NR2F1|TUB|CLRN1|TNFRSF11A|SYNGAP1|ARHGEF2|GDF3|MAB21L2|DKK1|SLC5A7|PRDM16|FA2H|ATCAY|BEAN1|ARX|SLC6A19,-1.8,MyList
DisGeNET,35,C1963184,"Nystagmus, CTCAE 3.0",,-3.1,1.7,3.5,30293,779,851,38,4.5,0.71,286|1301|1421|1641|1759|1822|1910|2253|2697|3982|5076|5080|5354|5456|6328|6506|6513|6572|6616|6658|6736|7020|7025|7275|7401|8792|8831|9181|9573|10586|22943|60482|63976|79152|85300|146227|170302|340024,ANK1|COL11A1|CRYGD|DCX|DNM1|ATN1|EDNRB|FGF8|GJA1|LIM2|PAX2|PAX6|PLP1|POU3F4|SCN3A|SLC1A2|SLC2A1|SLC18A3|SNAP25|SOX3|SRY|TFAP2A|NR2F1|TUB|CLRN1|TNFRSF11A|SYNGAP1|ARHGEF2|GDF3|MAB21L2|DKK1|SLC5A7|PRDM16|FA2H|ATCAY|BEAN1|ARX|SLC6A19,-1.8,MyList
DisGeNET,35,C1397307,Cardiac fibrosis,,-3.1,2.3,3.8,30293,297,851,19,2.2,0.51,133|285|567|1051|1277|1634|2335|2697|2934|3776|6364|6533|6662|8553|9235|11186|27035|57007|116844,ADM|ANGPT2|B2M|CEBPB|COL1A1|DCN|FN1|GJA1|GSN|KCNK2|CCL20|SLC6A6|SOX9|BHLHE40|IL32|RASSF1|NOX1|ACKR3|LRG1,-1.8,MyList
DisGeNET,35,C4282128,PATENT DUCTUS ARTERIOSUS 1,,-3.1,2.5,3.8,30293,229,851,16,1.9,0.47,846|1029|1137|1293|2697|3397|3691|6374|6662|8190|8434|9123|9314|51083|112399|286077,CASR|CDKN2A|CHRNA4|COL6A3|GJA1|ID1|ITGB4|CXCL5|SOX9|MIA|RECK|SLC16A3|KLF4|GAL|EGLN3|FAM83H,-1.8,MyList
DisGeNET,35,C0027830,neurofibroma,,-3.1,3.1,4.1,30293,125,851,11,1.3,0.39,861|1029|1030|1281|1641|2335|2346|5155|6662|6850|6900,RUNX1|CDKN2A|CDKN2B|COL3A1|DCX|FN1|FOLH1|PDGFB|SOX9|SYK|CNTN2,-1.8,MyList
DisGeNET,35,C0026760,Multiple Epiphyseal Dysplasia,,-3.1,5.3,4.7,30293,40,851,6,0.71,0.29,1299|1301|1311|1649|3339|9719,COL9A3|COL11A1|COMP|DDIT3|HSPG2|ADAMTSL2,-1.8,MyList
DisGeNET,35,C0023223,Leg Ulcer,,-3.1,5.3,4.7,30293,40,851,6,0.71,0.29,1311|2697|3383|6348|6385|7122,COMP|GJA1|ICAM1|CCL3|SDC4|CLDN5,-1.8,MyList
TRRUST,34,TRR00275,Regulated by: ESR1,,-3.1,3.6,4.2,30293,88,851,9,1.1,0.35,890|1026|1051|2353|3725|3726|5272|7031|10761,CCNA2|CDKN1A|CEBPB|FOS|JUN|JUNB|SERPINB9|TFF1|PLAC1,-1.8,MyList
DisGeNET,35,C0029121,Oppositional Defiant Disorder,,-3.1,6.6,4.9,30293,27,851,5,0.59,0.26,3855|5021|6616|6886|10163,KRT7|OXTR|SNAP25|TAL1|WASF2,-1.8,MyList
DisGeNET,35,C4086158,Childhood Ganglioneuroblastoma,,-3.1,6.6,4.9,30293,27,851,5,0.59,0.26,238|2253|4914|5111|8929,ALK|FGF8|NTRK1|PCNA|PHOX2B,-1.8,MyList
DisGeNET,35,C0338430,Limbic Encephalitis,,-3.1,6.6,4.9,30293,27,851,5,0.59,0.26,273|6656|9211|9518|56896,AMPH|SOX1|LGI1|GDF15|DPYSL5,-1.8,MyList
Cell Type Signatures,7,M39097,ZHONG PFC C2 THY1 POS OPC,,-3.1,6.6,4.9,30293,27,851,5,0.59,0.26,1910|4661|5327|7070|27344,EDNRB|MYT1|PLAT|THY1|PCSK1N,-1.8,MyList
DisGeNET,35,C0598894,Monocytic leukemia,,-3.1,4,4.3,30293,71,851,8,0.94,0.33,861|1026|1050|2353|3383|3576|7056|9892,RUNX1|CDKN1A|CEBPA|FOS|ICAM1|CXCL8|THBD|SNAP91,-1.8,MyList
DisGeNET,35,C1866134,Wide anterior fontanel,,-3.1,4,4.3,30293,71,851,8,0.94,0.33,1277|1301|1855|4036|6662|7291|79633|170302,COL1A1|COL11A1|DVL1|LRP2|SOX9|TWIST1|FAT4|ARX,-1.8,MyList
DisGeNET,35,C0162351,Contact hypersensitivity,,-3.1,4,4.3,30293,71,851,8,0.94,0.33,1649|4319|5266|6288|7295|8744|9547|23657,DDIT3|MMP10|PI3|SAA1|TXN|TNFSF9|CXCL14|SLC7A11,-1.8,MyList
DisGeNET,35,C0751523,Non-Convulsive Status Epilepticus,,-3.1,4,4.3,30293,71,851,8,0.94,0.33,2353|2596|3725|3726|4916|6348|6546|6547,FOS|GAP43|JUN|JUNB|NTRK3|CCL3|SLC8A1|SLC8A3,-1.8,MyList
DisGeNET,35,C0596321,Chemical Carcinogenesis,,-3.1,4,4.3,30293,71,851,8,0.94,0.33,1029|2934|3552|5327|8660|9547|54101|64866,CDKN2A|GSN|IL1A|PLAT|IRS2|CXCL14|RIPK4|CDCP1,-1.8,MyList
DisGeNET,35,C0038002,Splenomegaly,,-3.1,2.2,3.7,30293,345,851,21,2.5,0.53,286|567|650|846|861|2243|2353|2624|3119|3123|3561|4023|4689|6513|6578|8792|9056|55240|79633|84433|284119,ANK1|B2M|BMP2|CASR|RUNX1|FGA|FOS|GATA2|HLA-DQB1|HLA-DRB1|IL2RG|LPL|NCF4|SLC2A1|SLCO2A1|TNFRSF11A|SLC7A7|STEAP3|FAT4|CARD11|CAVIN1,-1.8,MyList
DisGeNET,35,C0266642,Situs ambiguus,,-3.1,4.5,4.5,30293,55,851,7,0.82,0.31,1770|2253|2697|5214|7044|7545|7547,DNAH9|FGF8|GJA1|PFKP|LEFTY2|ZIC1|ZIC3,-1.8,MyList
DisGeNET,35,C0282612,Prostatic Intraepithelial Neoplasias,,-3.1,2.5,3.8,30293,230,851,16,1.9,0.47,301|634|1029|2255|3481|3488|4288|6662|7113|8434|8660|9314|9518|9590|10397|54498,ANXA1|CEACAM1|CDKN2A|FGF10|IGF2|IGFBP5|MKI67|SOX9|TMPRSS2|RECK|IRS2|KLF4|GDF15|AKAP12|NDRG1|SMOX,-1.8,MyList
TRRUST,34,TRR00024,Regulated by: ATF3,,-3.1,8.9,5.4,30293,16,851,4,0.47,0.23,1649|3397|6352|9518,DDIT3|ID1|CCL5|GDF15,-1.8,MyList
DisGeNET,35,C1840238,Midnasal stenosis,,-3.1,8.9,5.4,30293,16,851,4,0.47,0.23,2253|2619|6496|7546,FGF8|GAS1|SIX3|ZIC2,-1.8,MyList
DisGeNET,35,C0338591,"Amnesia, Transient Global",,-3.1,8.9,5.4,30293,16,851,4,0.47,0.23,1512|3119|3123|5155,CTSH|HLA-DQB1|HLA-DRB1|PDGFB,-1.8,MyList
DisGeNET,35,C0391861,Plasma cell inflammation,,-3.1,8.9,5.4,30293,16,851,4,0.47,0.23,567|3576|4684|5111,B2M|CXCL8|NCAM1|PCNA,-1.8,MyList
PaGenBase,36,PGB:00160,Cell-specific: T3M4,,-3.1,8.9,5.4,30293,16,851,4,0.47,0.23,2886|3853|3854|7464,GRB7|KRT6A|KRT6B|CORO2A,-1.8,MyList
DisGeNET,35,C2584778,"Thrombotic thrombocytopenic purpura, acquired",,-3.1,8.9,5.4,30293,16,851,4,0.47,0.23,3119|3123|7058|7538,HLA-DQB1|HLA-DRB1|THBS2|ZFP36,-1.8,MyList
DisGeNET,35,C0431363,Alobar Holoprosencephaly,,-3.1,8.9,5.4,30293,16,851,4,0.47,0.23,2253|2619|6496|7546,FGF8|GAS1|SIX3|ZIC2,-1.8,MyList
TRRUST,34,TRR01061,Regulated by: PPARD,,-3.1,8.9,5.4,30293,16,851,4,0.47,0.23,4023|6303|7295|51129,LPL|SAT1|TXN|ANGPTL4,-1.8,MyList
Cell Type Signatures,7,M39026,FAN EMBRYONIC CTX EX 4 EXCITATORY NEURON,,-3.1,2.8,3.9,30293,166,851,13,1.5,0.42,2045|3300|4916|5214|5272|5339|6547|6809|8906|9615|51199|55790|440270,EPHA7|DNAJB2|NTRK3|PFKP|SERPINB9|PLEC|SLC8A3|STX3|AP1G2|GDA|NIN|CSGALNACT1|GOLGA8B,-1.8,MyList
Transcription Factor Targets,16,M16805,AR Q2,,-3.1,3.1,4,30293,126,851,11,1.3,0.39,1747|2259|3624|3741|6496|6616|8929|23440|27111|57616|79977,DLX3|FGF14|INHBA|KCNA5|SIX3|SNAP25|PHOX2B|OTP|SDCBP2|TSHZ3|GRHL2,-1.8,MyList
Transcription Factor Targets,16,M560,CP2 02,,-3.1,2.4,3.8,30293,253,851,17,2,0.48,768|1641|2886|3726|4826|4916|5076|7025|10814|11186|54541|55057|55890|56936|85397|124930|170302,CA9|DCX|GRB7|JUNB|NNAT|NTRK3|PAX2|NR2F1|CPLX2|RASSF1|DDIT4|CRYBG2|GPRC5C|CCDC177|RGS8|ANKRD13B|ARX,-1.8,MyList
Transcription Factor Targets,16,M1630,TGACCTTG SF1 Q6,,-3.1,2.4,3.8,30293,253,851,17,2,0.48,107|1152|1995|2556|3226|4118|4826|5099|6376|6456|6900|6928|8482|9290|22895|114798|252995,ADCY1|CKB|ELAVL3|GABRA3|HOXC10|MAL|NNAT|PCDH7|CX3CL1|SH3GL2|CNTN2|HNF1B|SEMA7A|GPR55|RPH3A|SLITRK1|FNDC5,-1.8,MyList
Transcription Factor Targets,16,M14466,MYB Q3,,-3.1,2.4,3.8,30293,253,851,17,2,0.48,862|1051|1649|2785|3213|6352|6660|8482|11343|27319|27344|28316|63976|79026|84969|124842|389206,RUNX1T1|CEBPB|DDIT3|GNG3|HOXB3|CCL5|SOX5|SEMA7A|MGLL|BHLHE22|PCSK1N|CDH20|PRDM16|AHNAK|TOX2|TMEM132E|BEND4,-1.8,MyList
DisGeNET,35,C0009777,Conn Adenoma,,-3.1,3.3,4.1,30293,107,851,10,1.2,0.37,133|290|1421|3283|3481|5121|6277|7291|57007|255743,ADM|ANPEP|CRYGD|HSD3B1|IGF2|PCP4|S100A6|TWIST1|ACKR3|NPNT,-1.8,MyList
TRRUST,34,TRR00011,Regulated by: AR,,-3.1,3.3,4.1,30293,107,851,10,1.2,0.37,694|1009|1026|2335|2346|3725|5284|7113|10397|56937,BTG1|CDH11|CDKN1A|FN1|FOLH1|JUN|PIGR|TMPRSS2|NDRG1|PMEPA1,-1.8,MyList
Transcription Factor Targets,16,M329,ACAWYAAAG UNKNOWN,,-3.1,3.3,4.1,30293,107,851,10,1.2,0.37,1044|1641|1996|2335|2899|3227|5100|22943|23440|167410,CDX1|DCX|ELAVL4|FN1|GRIK3|HOXC11|PCDH8|DKK1|OTP|LIX1,-1.8,MyList
DisGeNET,35,C0280217,"stage, non-small cell lung cancer",,-3.1,3.3,4.1,30293,107,851,10,1.2,0.37,238|1029|1030|1136|2051|5111|5729|6374|7058|55966,ALK|CDKN2A|CDKN2B|CHRNA3|EPHB6|PCNA|PTGDR|CXCL5|THBS2|AJAP1,-1.8,MyList
DisGeNET,35,C0022680,Polycystic Kidney Diseases,,-3.1,2.3,3.7,30293,276,851,18,2.1,0.49,285|567|846|861|1026|1512|2034|2042|2168|2353|3725|3726|4036|5076|5111|5284|6928|57007,ANGPT2|B2M|CASR|RUNX1|CDKN1A|CTSH|EPAS1|EPHA3|FABP1|FOS|JUN|JUNB|LRP2|PAX2|PCNA|PIGR|HNF1B|ACKR3,-1.8,MyList
DisGeNET,35,C0021125,Impulsive Behavior,,-3.1,2.3,3.7,30293,276,851,18,2.1,0.49,414|1012|1137|1496|1621|1759|2555|3552|3855|4036|5125|6328|6506|6616|6886|8831|10326|23043,ARSD|CDH13|CHRNA4|CTNNA2|DBH|DNM1|GABRA2|IL1A|KRT7|LRP2|PCSK5|SCN3A|SLC1A2|SNAP25|TAL1|SYNGAP1|SIRPB1|TNIK,-1.8,MyList
DisGeNET,35,C0677898,invasive cancer,,-3.1,2.9,4,30293,146,851,12,1.4,0.4,768|1026|1029|2258|3383|3576|6513|7291|9961|11186|55655|57575,CA9|CDKN1A|CDKN2A|FGF13|ICAM1|CXCL8|SLC2A1|TWIST1|MVP|RASSF1|NLRP2|PCDH10,-1.8,MyList
DisGeNET,35,C0008354,Cholera,,-3.1,2.6,3.8,30293,209,851,15,1.8,0.45,846|928|1152|1822|3383|3576|4155|5644|6320|6690|6892|8744|10163|50506|284119,CASR|CD9|CKB|ATN1|ICAM1|CXCL8|MBP|PRSS1|CLEC11A|SPINK1|TAPBP|TNFSF9|WASF2|DUOX2|CAVIN1,-1.8,MyList
DisGeNET,35,C0021831,Intestinal Diseases,,-3.1,2.6,3.8,30293,209,851,15,1.8,0.45,238|301|567|1649|1822|3691|4055|4684|5024|6364|6578|6809|9123|56033|149041,ALK|ANXA1|B2M|DDIT3|ATN1|ITGB4|LTBR|NCAM1|P2RX3|CCL20|SLCO2A1|STX3|SLC16A3|BARX1|RC3H1,-1.8,MyList
Transcription Factor Targets,16,M3572,LEF1 Q2,,-3,2.5,3.8,30293,231,851,16,1.9,0.47,744|1301|1647|1996|2785|5080|5396|5629|10630|22943|26509|50674|55057|57530|79026|256536,MPPED2|COL11A1|GADD45A|ELAVL4|GNG3|PAX6|PRRX1|PROX1|PDPN|DKK1|MYOF|NEUROG3|CRYBG2|CGN|AHNAK|TCERG1L,-1.8,MyList
DisGeNET,35,C0346627,Intestinal Cancer,,-3,3.6,4.2,30293,89,851,9,1.1,0.35,1026|1045|1421|2877|5629|8549|9423|11186|55790,CDKN1A|CDX2|CRYGD|GPX2|PROX1|LGR5|NTN1|RASSF1|CSGALNACT1,-1.8,MyList
Cell Type Signatures,7,M40287,DESCARTES FETAL SPLEEN AFP ALB POSITIVE CELLS,,-3,2.7,3.9,30293,188,851,14,1.6,0.44,174|345|2168|2243|2266|2335|2512|3481|7448|8788|54898|64065|84171|116844,AFP|APOC3|FABP1|FGA|FGG|FN1|FTL|IGF2|VTN|DLK1|ELOVL2|PERP|LOXL4|LRG1,-1.8,MyList
Transcription Factor Targets,16,M18594,COUP DR1 Q6,,-3,2.4,3.8,30293,254,851,17,2,0.48,1822|2168|3397|5080|6238|7025|9547|11075|11187|11189|55885|57348|63967|63976|84033|84107|89932,ATN1|FABP1|ID1|PAX6|RRBP1|NR2F1|CXCL14|STMN2|PKP3|CELF3|LMO3|TTYH1|CLSPN|PRDM16|OBSCN|ZIC4|PAPLN,-1.8,MyList
Transcription Factor Targets,16,M1607,NERF Q2,,-3,2.4,3.8,30293,254,851,17,2,0.48,1649|1942|2913|3219|3726|3993|4188|4916|5045|5063|5080|5099|7291|51043|53827|84913|130132,DDIT3|EFNA1|GRM3|HOXB9|JUNB|LLGL2|MDFI|NTRK3|FURIN|PAK3|PAX6|PCDH7|TWIST1|ZBTB7B|FXYD5|ATOH8|RFTN2,-1.8,MyList
DisGeNET,35,C1968949,Cakut,,-3,4,4.3,30293,72,851,8,0.94,0.33,567|655|1136|1301|2624|5076|6928|64321,B2M|BMP7|CHRNA3|COL11A1|GATA2|PAX2|HNF1B|SOX17,-1.8,MyList
DisGeNET,35,C0339789,Congenital deafness,,-3,4,4.3,30293,72,851,8,0.94,0.33,1029|1299|1910|2619|2624|3785|5456|6546,CDKN2A|COL9A3|EDNRB|GAS1|GATA2|KCNQ2|POU3F4|SLC8A1,-1.8,MyList
DisGeNET,35,C0033575,Prostatic Diseases,,-3,4,4.3,30293,72,851,8,0.94,0.33,174|768|1647|2346|2353|2697|7113|9518,AFP|CA9|GADD45A|FOLH1|FOS|GJA1|TMPRSS2|GDF15,-1.8,MyList
DisGeNET,35,C4275242,Sudden sensorineural hearing loss,,-3,4,4.3,30293,72,851,8,0.94,0.33,718|3123|3383|3552|7424|9961|11082|79977,C3|HLA-DRB1|ICAM1|IL1A|VEGFC|MVP|ESM1|GRHL2,-1.8,MyList
DisGeNET,35,C1136033,Cutaneous Mastocytosis,,-3,3.1,4,30293,127,851,11,1.3,0.39,174|290|2335|2346|2697|2920|3383|3725|3918|5334|6690,AFP|ANPEP|FN1|FOLH1|GJA1|CXCL2|ICAM1|JUN|LAMC2|PLCL1|SPINK1,-1.8,MyList
Transcription Factor Targets,16,M14389,NKX25 01,,-3,3.1,4,30293,127,851,11,1.3,0.39,1879|2255|2823|4155|4821|5080|9573|10586|11096|84107|85397,EBF1|FGF10|GPM6A|MBP|NKX2-2|PAX6|GDF3|MAB21L2|ADAMTS5|ZIC4|RGS8,-1.8,MyList
DisGeNET,35,C0333068,Flexion contracture,,-3,2.5,3.8,30293,210,851,15,1.8,0.45,1293|1294|1410|2273|2353|2530|3123|3694|5339|5354|6506|6616|79152|170302|284119,COL6A3|COL7A1|CRYAB|FHL1|FOS|FUT8|HLA-DRB1|ITGB6|PLEC|PLP1|SLC1A2|SNAP25|FA2H|ARX|CAVIN1,-1.8,MyList
DisGeNET,35,C1858127,Limb-girdle muscle weakness,,-3,5.2,4.6,30293,41,851,6,0.71,0.29,1293|1410|2673|6572|6616|60482,COL6A3|CRYAB|GFPT1|SLC18A3|SNAP25|SLC5A7,-1.8,MyList
DisGeNET,35,C0600433,Activated Protein C Resistance,,-3,5.2,4.6,30293,41,851,6,0.71,0.29,1361|2266|2335|5327|7056|10194,CPB2|FGG|FN1|PLAT|THBD|TSHZ1,-1.8,MyList
PaGenBase,36,PGB:00115,Cell-specific: CD33+ Myeloid,,-3,5.2,4.6,30293,41,851,6,0.71,0.29,2920|3576|3725|6515|9314|23645,CXCL2|CXCL8|JUN|SLC2A3|KLF4|PPP1R15A,-1.8,MyList
PaGenBase,36,PGB:00079,Tissue-specific: Caudate nucleus,,-3,5.2,4.6,30293,41,851,6,0.71,0.29,1607|3918|7101|24141|54550|84107,DGKB|LAMC2|NR2E1|LAMP5|NECAB2|ZIC4,-1.8,MyList
DisGeNET,35,C4551649,Congenital Dysplasia Of The Hip,,-3,2.9,3.9,30293,147,851,12,1.4,0.4,1277|1281|1910|2273|3219|3339|3488|6572|6616|6913|22943|60482,COL1A1|COL3A1|EDNRB|FHL1|HOXB9|HSPG2|IGFBP5|SLC18A3|SNAP25|TBX15|DKK1|SLC5A7,-1.8,MyList
DisGeNET,35,C0234233,Sore to touch,,-3,4.4,4.4,30293,56,851,7,0.82,0.31,414|823|2273|3481|3487|8722|116844,ARSD|CAPN1|FHL1|IGF2|IGFBP4|CTSF|LRG1,-1.8,MyList
DisGeNET,35,C0037277,"Skin Diseases, Genetic",,-3,4.4,4.4,30293,56,851,7,0.82,0.31,1294|1893|2697|3691|3852|9244|55612,COL7A1|ECM1|GJA1|ITGB4|KRT5|CRLF1|FERMT1,-1.8,MyList
PaGenBase,36,PGB:00032,Tissue-specific: cortex,,-3,4.4,4.4,30293,56,851,7,0.82,0.31,1010|1943|1996|2258|3624|4684|5063,CDH12|EFNA2|ELAVL4|FGF13|INHBA|NCAM1|PAK3,-1.8,MyList
DisGeNET,35,C0043352,Xerostomia,,-3,4.4,4.4,30293,56,851,7,0.82,0.31,311|567|2255|2521|2934|3123|5446,ANXA11|B2M|FGF10|FUS|GSN|HLA-DRB1|PON3,-1.8,MyList
DisGeNET,35,C0018939,Hematological Disease,,-3,2.4,3.7,30293,255,851,17,2,0.48,238|846|861|1030|1152|1440|2168|2624|3123|3383|5111|5880|6281|6348|6886|23135|80150,ALK|CASR|RUNX1|CDKN2B|CKB|CSF3|FABP1|GATA2|HLA-DRB1|ICAM1|PCNA|RAC2|S100A10|CCL3|TAL1|KDM6B|ASRGL1,-1.8,MyList
DisGeNET,35,C0020550,Hyperthyroidism,,-3,2.3,3.7,30293,278,851,18,2.1,0.49,107|301|345|875|1356|1361|1491|2042|2335|2697|3123|3576|5122|6513|6515|9518|22943|25802,ADCY1|ANXA1|APOC3|CBS|CP|CPB2|CTH|EPHA3|FN1|GJA1|HLA-DRB1|CXCL8|PCSK1|SLC2A1|SLC2A3|GDF15|DKK1|LMOD1,-1.8,MyList
PaGenBase,36,PGB:00019,Cell-specific: H1-hesc,,-3,2,3.6,30293,447,851,25,2.9,0.58,694|1137|1421|1641|2128|2558|4622|5196|5446|5456|6352|6656|7044|7464|10475|11078|23023|23255|27328|29106|55200|56146|83482|256536|440712,BTG1|CHRNA4|CRYGD|DCX|EVX1|GABRA5|MYH4|PF4|PON3|POU3F4|CCL5|SOX1|LEFTY2|CORO2A|TRIM38|TRIOBP|TMCC1|MTCL1|PCDH11X|SCG3|PLEKHG6|PCDHA2|SCRT1|TCERG1L|RHEX,-1.8,MyList
DisGeNET,35,C0029118,Opportunistic Infections,,-3,3.6,4.1,30293,90,851,9,1.1,0.35,928|1277|2624|3119|3123|3561|3576|4155|57101,CD9|COL1A1|GATA2|HLA-DQB1|HLA-DRB1|IL2RG|CXCL8|MBP|ANO2,-1.8,MyList
DisGeNET,35,C0022575,Keratoconjunctivitis Sicca,,-3,3.6,4.1,30293,90,851,9,1.1,0.35,567|1822|2934|3123|3552|3576|5080|9021|9314,B2M|ATN1|GSN|HLA-DRB1|IL1A|CXCL8|PAX6|SOCS3|KLF4,-1.8,MyList
DisGeNET,35,C0432474,Klinefelter's syndrome - male with more than two X chromosomes,,-3,3.6,4.1,30293,90,851,9,1.1,0.35,26|174|1356|2697|2852|6662|6736|7448|8788,AOC1|AFP|CP|GJA1|GPER1|SOX9|SRY|VTN|DLK1,-1.8,MyList
DisGeNET,35,C0235031,Neurologic Symptoms,,-3,2.4,3.8,30293,233,851,16,1.9,0.47,301|414|846|928|1356|1621|1993|3552|3918|6288|6506|6513|6656|7031|63973|170302,ANXA1|ARSD|CASR|CD9|CP|DBH|ELAVL2|IL1A|LAMC2|SAA1|SLC1A2|SLC2A1|SOX1|TFF1|NEUROG2|ARX,-1.8,MyList
DisGeNET,35,C0007820,Cerebrovascular Disorders,,-3,2.4,3.8,30293,233,851,16,1.9,0.47,285|1361|1634|1889|1910|2169|2243|3383|3552|3918|4023|4973|7056|9518|27035|79924,ANGPT2|CPB2|DCN|ECE1|EDNRB|FABP2|FGA|ICAM1|IL1A|LAMC2|LPL|OLR1|THBD|GDF15|NOX1|ADM2,-1.8,MyList
DisGeNET,35,C0730328,Central Serous Chorioretinopathy,,-3,2.5,3.8,30293,211,851,15,1.8,0.45,133|650|655|2335|3213|3576|3918|5327|6662|7291|8549|9180|9314|57007|152573,ADM|BMP2|BMP7|FN1|HOXB3|CXCL8|LAMC2|PLAT|SOX9|TWIST1|LGR5|OSMR|KLF4|ACKR3|SHISA3,-1.8,MyList
DisGeNET,35,C1266127,"Histiocytoma, Angiomatoid Fibrous",,-3,6.4,4.8,30293,28,851,5,0.59,0.26,238|1649|2521|4916|6662,ALK|DDIT3|FUS|NTRK3|SOX9,-1.8,MyList
TRRUST,34,TRR00365,Regulated by: FOXO1,,-3,6.4,4.8,30293,28,851,5,0.59,0.26,285|4825|5155|8660|50674,ANGPT2|NKX6-1|PDGFB|IRS2|NEUROG3,-1.8,MyList
DisGeNET,35,C4023452,Elevated C-reactive protein level,,-3,6.4,4.8,30293,28,851,5,0.59,0.26,846|3123|5644|5645|6690,CASR|HLA-DRB1|PRSS1|PRSS2|SPINK1,-1.8,MyList
Cell Type Signatures,7,M40017,BUSSLINGER GASTRIC D CELLS,,-3,6.4,4.8,30293,28,851,5,0.59,0.26,3488|4760|5080|5126|27344,IGFBP5|NEUROD1|PAX6|PCSK2|PCSK1N,-1.8,MyList
Cell Type Signatures,7,M39089,ZHONG PFC C2 SOX5 BCL11B POS EXCITATORY NEURON,,-3,6.4,4.8,30293,28,851,5,0.59,0.26,3488|6660|9705|11343|55885,IGFBP5|SOX5|ST18|MGLL|LMO3,-1.8,MyList
TRRUST,34,TRR00470,Regulated by: HDAC3,,-3,6.4,4.8,30293,28,851,5,0.59,0.26,345|1029|2624|3725|5106,APOC3|CDKN2A|GATA2|JUN|PCK2,-1.8,MyList
DisGeNET,35,C0152276,Granulocytic Sarcoma,,-3,6.4,4.8,30293,28,851,5,0.59,0.26,290|861|3222|4684|9892,ANPEP|RUNX1|HOXC5|NCAM1|SNAP91,-1.8,MyList
DisGeNET,35,C1836156,Progressive proximal muscle weakness,,-3,6.4,4.8,30293,28,851,5,0.59,0.26,1293|1410|2353|5339|284119,COL6A3|CRYAB|FOS|PLEC|CAVIN1,-1.8,MyList
DisGeNET,35,C1836923,Gastrointestinal dysmotility,,-3,6.4,4.8,30293,28,851,5,0.59,0.26,567|1649|2521|5644|6690,B2M|DDIT3|FUS|PRSS1|SPINK1,-1.8,MyList
DisGeNET,35,C3714602,Staphylococcal toxic shock syndrome,,-3,6.4,4.8,30293,28,851,5,0.59,0.26,846|1910|2335|2524|3576,CASR|EDNRB|FN1|FUT2|CXCL8,-1.8,MyList
DisGeNET,35,C0265264,Holt-Oram syndrome,,-3,6.4,4.8,30293,28,851,5,0.59,0.26,1822|5111|6926|7021|11186,ATN1|PCNA|TBX3|TFAP2B|RASSF1,-1.8,MyList
DisGeNET,35,C0029459,"Osteoporosis, Senile",,-3,3.9,4.2,30293,73,851,8,0.94,0.33,111|1277|2243|2934|3589|6320|11343|338382,ADCY5|COL1A1|FGA|GSN|IL11|CLEC11A|MGLL|RAB7B,-1.7,MyList
DisGeNET,35,C0086565,Liver Dysfunction,,-3,3.9,4.2,30293,73,851,8,0.94,0.33,174|1281|1440|3589|3694|7295|9021|54210,AFP|COL3A1|CSF3|IL11|ITGB6|TXN|SOCS3|TREM1,-1.7,MyList
DisGeNET,35,C0333873,Squamous intraepithelial lesion,,-3,3.9,4.2,30293,73,851,8,0.94,0.33,1029|3123|3397|4288|6364|6886|9180|56892,CDKN2A|HLA-DRB1|ID1|MKI67|CCL20|TAL1|OSMR|TCIM,-1.7,MyList
DisGeNET,35,C0015302,External exotoses,,-3,3.3,4,30293,109,851,10,1.2,0.37,650|846|1361|1634|2353|3339|3576|7058|9021|22943,BMP2|CASR|CPB2|DCN|FOS|HSPG2|CXCL8|THBS2|SOCS3|DKK1,-1.7,MyList
DisGeNET,35,C0035372,Rett Syndrome,,-3,2.4,3.7,30293,234,851,16,1.9,0.47,414|1749|1750|1759|2290|2556|3397|3481|3552|3576|5099|6572|6658|6736|9290|170302,ARSD|DLX5|DLX6|DNM1|FOXG1|GABRA3|ID1|IGF2|IL1A|CXCL8|PCDH7|SLC18A3|SOX3|SRY|GPR55|ARX,-1.7,MyList
DisGeNET,35,C0235659,Reduced fetal movement,,-3,2.7,3.9,30293,169,851,13,1.5,0.42,429|1293|1759|2673|6328|6506|6572|6616|7681|8831|8929|57211|60482,ASCL1|COL6A3|DNM1|GFPT1|SCN3A|SLC1A2|SLC18A3|SNAP25|MKRN3|SYNGAP1|PHOX2B|ADGRG6|SLC5A7,-1.7,MyList
Cell Type Signatures,7,M40238,DESCARTES FETAL LUNG CSH1 CSH2 POSITIVE CELLS,,-3,2.5,3.8,30293,212,851,15,1.8,0.45,285|1649|1747|2041|4036|5178|6513|7291|7869|8482|8549|10761|51129|64220|84267,ANGPT2|DDIT3|DLX3|EPHA1|LRP2|PEG3|SLC2A1|TWIST1|SEMA3B|SEMA7A|LGR5|PLAC1|ANGPTL4|STRA6|QNG1,-1.7,MyList
Cell Type Signatures,7,M40234,DESCARTES FETAL LIVER HEPATOBLASTS,,-3,1.9,3.5,30293,500,851,27,3.2,0.6,174|290|345|1356|1361|2168|2243|2266|2335|5024|5521|5629|7429|7448|54898|55200|55450|64065|79784|79919|79924|80201|84647|91862|121643|261729|346606,AFP|ANPEP|APOC3|CP|CPB2|FABP1|FGA|FGG|FN1|P2RX3|PPP2R2B|PROX1|VIL1|VTN|ELOVL2|PLEKHG6|CAMK2N1|PERP|MYH14|MAB21L4|ADM2|HKDC1|PLA2G12B|MARVELD3|FOXN4|STEAP2|MOGAT3,-1.7,MyList
Transcription Factor Targets,16,M18645,MYB Q6,,-3,2.4,3.7,30293,257,851,17,2,0.48,862|1012|2785|3213|3487|5992|8482|11343|11346|26257|27319|27344|55502|56884|84969|90050|389206,RUNX1T1|CDH13|GNG3|HOXB3|IGFBP4|RFX4|SEMA7A|MGLL|SYNPO|NKX2-8|BHLHE22|PCSK1N|HES6|FSTL5|TOX2|FAM181A|BEND4,-1.7,MyList
DisGeNET,35,C0339467,Proliferative retinopathy,,-3,4.4,4.3,30293,57,851,7,0.82,0.31,285|2697|4023|4319|5080|6352|51129,ANGPT2|GJA1|LPL|MMP10|PAX6|CCL5|ANGPTL4,-1.7,MyList
DisGeNET,35,C0024131,Lupus Vulgaris,,-3,1.9,3.5,30293,526,851,28,3.3,0.61,119|633|718|846|862|1012|1026|1822|1943|2852|3123|3339|3552|5111|5196|6376|6850|7128|8744|10475|11346|22943|23135|50506|50848|54101|54210|55323,ADD2|BGN|C3|CASR|RUNX1T1|CDH13|CDKN1A|ATN1|EFNA2|GPER1|HLA-DRB1|HSPG2|IL1A|PCNA|PF4|CX3CL1|SYK|TNFAIP3|TNFSF9|TRIM38|SYNPO|DKK1|KDM6B|DUOX2|F11R|RIPK4|TREM1|LARP6,-1.7,MyList
DisGeNET,35,C0024138,"Lupus Erythematosus, Discoid",,-3,1.9,3.5,30293,552,851,29,3.4,0.62,119|633|718|846|862|1012|1026|1822|1943|2852|3123|3339|3552|5063|5111|5196|6376|6850|7128|8744|10475|11346|22943|23135|50506|50848|54101|54210|55323,ADD2|BGN|C3|CASR|RUNX1T1|CDH13|CDKN1A|ATN1|EFNA2|GPER1|HLA-DRB1|HSPG2|IL1A|PAK3|PCNA|PF4|CX3CL1|SYK|TNFAIP3|TNFSF9|TRIM38|SYNPO|DKK1|KDM6B|DUOX2|F11R|RIPK4|TREM1|LARP6,-1.7,MyList
DisGeNET,35,C0037769,West Syndrome,,-3,2.9,3.9,30293,149,851,12,1.4,0.4,1641|1749|1759|2290|3561|3785|6328|7025|7291|22986|150094|170302,DCX|DLX5|DNM1|FOXG1|IL2RG|KCNQ2|SCN3A|NR2F1|TWIST1|SORCS3|SIK1|ARX,-1.7,MyList
DisGeNET,35,C0600033,Acquired Kyphoscoliosis,,-3,2.9,3.9,30293,149,851,12,1.4,0.4,875|2530|3226|3236|3339|6506|6572|6616|6662|9060|9244|60482,CBS|FUT8|HOXC10|HOXD10|HSPG2|SLC1A2|SLC18A3|SNAP25|SOX9|PAPSS2|CRLF1|SLC5A7,-1.7,MyList
Transcription Factor Targets,16,M17687,IRF2 01,,-3,3,3.9,30293,129,851,11,1.3,0.39,567|3589|5284|5629|5992|6892|25975|27319|53827|63976|80323,B2M|IL11|PIGR|PROX1|RFX4|TAPBP|EGFL6|BHLHE22|FXYD5|PRDM16|CCDC68,-1.7,MyList
DisGeNET,35,C0234860,Weak cry,,-3,5.1,4.5,30293,42,851,6,0.71,0.29,1410|2673|6572|6616|60482|253738,CRYAB|GFPT1|SLC18A3|SNAP25|SLC5A7|EBF3,-1.7,MyList
DisGeNET,35,C0158981,Neonatal diabetes mellitus,,-3,5.1,4.5,30293,42,851,6,0.71,0.29,3123|4760|4821|6658|6928|50674,HLA-DRB1|NEUROD1|NKX2-2|SOX3|HNF1B|NEUROG3,-1.7,MyList
Cell Type Signatures,7,M41664,TRAVAGLINI LUNG CAPILLARY AEROCYTE CELL,,-3,5.1,4.5,30293,42,851,6,0.71,0.29,567|972|1910|2791|6277|9235,B2M|CD74|EDNRB|GNG11|S100A6|IL32,-1.7,MyList
TRRUST,34,TRR01051,Regulated by: POU2F1,,-3,5.1,4.5,30293,42,851,6,0.71,0.29,1045|1647|3397|3960|6385|7291,CDX2|GADD45A|ID1|LGALS4|SDC4|TWIST1,-1.7,MyList
Transcription Factor Targets,16,M13584,HP1SITEFACTOR Q6,,-3,2.4,3.7,30293,235,851,16,1.9,0.47,174|290|1421|1440|3213|3227|6892|7029|7545|10150|10863|54674|54715|64067|167410|261729,AFP|ANPEP|CRYGD|CSF3|HOXB3|HOXC11|TAPBP|TFDP2|ZIC1|MBNL2|ADAM28|LRRN3|RBFOX1|NPAS3|LIX1|STEAP2,-1.7,MyList
DisGeNET,35,C0018965,Hematuria,,-3,2.4,3.7,30293,235,851,16,1.9,0.47,567|718|768|1288|2243|2335|2353|3691|3855|3918|4762|7056|7291|9518|11170|11186,B2M|C3|CA9|COL4A6|FGA|FN1|FOS|ITGB4|KRT7|LAMC2|NEUROG1|THBD|TWIST1|GDF15|FAM107A|RASSF1,-1.7,MyList
DisGeNET,35,C3887499,Renal cyst,,-3,2.7,3.8,30293,170,851,13,1.5,0.42,238|2168|3576|4036|4760|5076|5284|6374|6928|7020|9021|54997|63976,ALK|FABP1|CXCL8|LRP2|NEUROD1|PAX2|PIGR|CXCL5|HNF1B|TFAP2A|SOCS3|TESC|PRDM16,-1.7,MyList
DisGeNET,35,C1843013,"Alzheimer disease, familial, type 3",,-3,2.5,3.8,30293,213,851,15,1.8,0.45,846|862|1029|1281|3119|3918|6288|6364|6376|6506|6513|6660|7031|22943|54541,CASR|RUNX1T1|CDKN2A|COL3A1|HLA-DQB1|LAMC2|SAA1|CCL20|CX3CL1|SLC1A2|SLC2A1|SOX5|TFF1|DKK1|DDIT4,-1.7,MyList
DisGeNET,35,C0524528,Pervasive Development Disorder,,-3,2.2,3.6,30293,328,851,20,2.4,0.52,117|414|1012|2243|3576|3918|4684|5021|5080|6328|6515|7546|8190|9378|23316|50944|54715|57575|57616|340533,ADCYAP1R1|ARSD|CDH13|FGA|CXCL8|LAMC2|NCAM1|OXTR|PAX6|SCN3A|SLC2A3|ZIC2|MIA|NRXN1|CUX2|SHANK1|RBFOX1|PCDH10|TSHZ3|NEXMIF,-1.7,MyList
DisGeNET,35,C0206701,"Cystadenocarcinoma, Serous",,-3,3.2,4,30293,110,851,10,1.2,0.37,238|1029|1087|2041|3481|4684|6928|11186|11226|54541,ALK|CDKN2A|CEACAM7|EPHA1|IGF2|NCAM1|HNF1B|RASSF1|GALNT6|DDIT4,-1.7,MyList
DisGeNET,35,C0349782,Ischemic cardiomyopathy,,-3,3.2,4,30293,110,851,10,1.2,0.37,285|602|861|1052|1137|1440|2697|4684|7295|22822,ANGPT2|BCL3|RUNX1|CEBPD|CHRNA4|CSF3|GJA1|NCAM1|TXN|PHLDA1,-1.7,MyList
DisGeNET,35,C0021053,Immune System Diseases,,-3,2,3.5,30293,451,851,25,2.9,0.58,414|846|861|972|2353|2697|3123|3552|3725|3726|4689|5021|5196|6352|6376|6850|7128|7448|9021|9235|9314|11170|23135|27035|51083,ARSD|CASR|RUNX1|CD74|FOS|GJA1|HLA-DRB1|IL1A|JUN|JUNB|NCF4|OXTR|PF4|CCL5|CX3CL1|SYK|TNFAIP3|VTN|SOCS3|IL32|KLF4|FAM107A|KDM6B|NOX1|GAL,-1.7,MyList
DisGeNET,35,C0263537,Onychogryposis,,-3,8.4,5.2,30293,17,851,4,0.47,0.23,3852|3853|3854|5339,KRT5|KRT6A|KRT6B|PLEC,-1.7,MyList
DisGeNET,35,C3647143,Secondary malignant neoplasm of ovary,,-3,8.4,5.2,30293,17,851,4,0.47,0.23,238|1087|1822|10653,ALK|CEACAM7|ATN1|SPINT2,-1.7,MyList
DisGeNET,35,C1142253,Arthrofibrosis,,-3,8.4,5.2,30293,17,851,4,0.47,0.23,650|1634|3552|9518,BMP2|DCN|IL1A|GDF15,-1.7,MyList
DisGeNET,35,C0751617,Semilobar Holoprosencephaly,,-3,8.4,5.2,30293,17,851,4,0.47,0.23,2253|2619|6496|7546,FGF8|GAS1|SIX3|ZIC2,-1.7,MyList
DisGeNET,35,C1963946,Laryngeal dystonia,,-3,8.4,5.2,30293,17,851,4,0.47,0.23,1293|2512|5155|5521,COL6A3|FTL|PDGFB|PPP2R2B,-1.7,MyList
PaGenBase,36,PGB:00099,Cell-specific: IGROV1,,-3,8.4,5.2,30293,17,851,4,0.47,0.23,286|1749|10418|55890,ANK1|DLX5|SPON1|GPRC5C,-1.7,MyList
DisGeNET,35,C0270853,Juvenile Myoclonic Epilepsy,,-3,3.8,4.2,30293,74,851,8,0.94,0.33,846|1137|1822|2558|3123|3785|7021|23541,CASR|CHRNA4|ATN1|GABRA5|HLA-DRB1|KCNQ2|TFAP2B|SEC14L2,-1.7,MyList
DisGeNET,35,C3160814,Cannabis use,,-3,3.8,4.2,30293,74,851,8,0.94,0.33,1299|1311|2555|3576|4684|9914|10163|11343,COL9A3|COMP|GABRA2|CXCL8|NCAM1|ATP2C2|WASF2|MGLL,-1.7,MyList
Transcription Factor Targets,16,M30323,ZNF436 TARGET GENES,,-3,1.9,3.5,30293,502,851,27,3.2,0.6,238|290|655|1293|1889|2886|3785|4188|4689|6513|9245|9914|10045|10397|10439|10653|11226|11322|55715|80736|121643|124565|128414|146227|147906|196500|283987,ALK|ANPEP|BMP7|COL6A3|ECE1|GRB7|KCNQ2|MDFI|NCF4|SLC2A1|GCNT3|ATP2C2|SH2D3A|NDRG1|OLFM1|SPINT2|GALNT6|TMC6|DOK4|SLC44A4|FOXN4|SLC38A10|NKAIN4|BEAN1|DACT3|PIANP|HID1,-1.7,MyList
DisGeNET,35,C1866994,Ulnar-mammary syndrome,,-3,13,5.9,30293,8,851,3,0.35,0.2,1029|3119|6926,CDKN2A|HLA-DQB1|TBX3,-1.7,MyList
Cell Type Signatures,7,M39075,ZHONG PFC MAJOR TYPES EXCITATORY NEURON,,-3,13,5.9,30293,8,851,3,0.35,0.2,4760|5521|54715,NEUROD1|PPP2R2B|RBFOX1,-1.7,MyList
DisGeNET,35,C0019114,Hemosiderosis,,-3,13,5.9,30293,8,851,3,0.35,0.2,1356|6296|9518,CP|ACSM3|GDF15,-1.7,MyList
DisGeNET,35,C1300585,Small cell carcinoma of prostate,,-3,13,5.9,30293,8,851,3,0.35,0.2,238|3642|7113,ALK|INSM1|TMPRSS2,-1.7,MyList
DisGeNET,35,C0472803,Hypodysfibrinogenemia,,-3,13,5.9,30293,8,851,3,0.35,0.2,2243|2266|2335,FGA|FGG|FN1,-1.7,MyList
DisGeNET,35,C0018179,"Granular Dystrophy, Corneal",,-3,13,5.9,30293,8,851,3,0.35,0.2,2335|7045|30813,FN1|TGFBI|VSX1,-1.7,MyList
DisGeNET,35,C4021534,Adult onset sensorineural hearing impairment,,-3,13,5.9,30293,8,851,3,0.35,0.2,7401|22943|90665,CLRN1|DKK1|TBL1Y,-1.7,MyList
DisGeNET,35,C2931501,Microphthalmia associated with colobomatous cyst,,-3,13,5.9,30293,8,851,3,0.35,0.2,9573|64220|338917,GDF3|STRA6|VSX2,-1.7,MyList
DisGeNET,35,C0268389,"Amyloidosis, familial visceral",,-3,13,5.9,30293,8,851,3,0.35,0.2,567|2243|2934,B2M|FGA|GSN,-1.7,MyList
DisGeNET,35,C1858266,"Bare Lymphocyte Syndrome, Type I",,-3,13,5.9,30293,8,851,3,0.35,0.2,567|6892|23541,B2M|TAPBP|SEC14L2,-1.7,MyList
DisGeNET,35,C0220658,Pfeiffer Syndrome,,-3,13,5.9,30293,8,851,3,0.35,0.2,2253|2258|7291,FGF8|FGF13|TWIST1,-1.7,MyList
DisGeNET,35,C0032587,Polyradiculoneuropathy,,-3,13,5.9,30293,8,851,3,0.35,0.2,2624|3918|56896,GATA2|LAMC2|DPYSL5,-1.7,MyList
DisGeNET,35,C0158687,Congenital malformation of genital organs,,-3,13,5.9,30293,8,851,3,0.35,0.2,3209|6928|170302,HOXA13|HNF1B|ARX,-1.7,MyList
DisGeNET,35,C0155127,"Familial Amyloid Polyneuropathy, Type V",,-3,13,5.9,30293,8,851,3,0.35,0.2,2934|7045|9180,GSN|TGFBI|OSMR,-1.7,MyList
DisGeNET,35,C0751887,Medullary Neoplasms,,-3,13,5.9,30293,8,851,3,0.35,0.2,133|1029|8788,ADM|CDKN2A|DLK1,-1.7,MyList
DisGeNET,35,C0265116,Chronic cerebral ischemia,,-3,13,5.9,30293,8,851,3,0.35,0.2,133|3209|10194,ADM|HOXA13|TSHZ1,-1.7,MyList
DisGeNET,35,C0085700,Chondromalacia,,-3,13,5.9,30293,8,851,3,0.35,0.2,2259|2624|3576,FGF14|GATA2|CXCL8,-1.7,MyList
DisGeNET,35,C1335965,Signet-ring cell adenocarcinoma gastric,,-3,13,5.9,30293,8,851,3,0.35,0.2,1045|2258|2335,CDX2|FGF13|FN1,-1.7,MyList
DisGeNET,35,C3273016,High Grade Liver Dysplastic Nodule,,-3,13,5.9,30293,8,851,3,0.35,0.2,1029|1050|6690,CDKN2A|CEBPA|SPINK1,-1.7,MyList
DisGeNET,35,C0040822,Tremor,,-3,1.9,3.5,30293,528,851,28,3.3,0.61,1030|1356|1491|1759|2253|2259|2512|2521|2556|3383|3576|3746|4036|4760|5155|5354|5521|6328|6506|6513|6900|8722|8831|79784|84894|146227|150094|170302,CDKN2B|CP|CTH|DNM1|FGF8|FGF14|FTL|FUS|GABRA3|ICAM1|CXCL8|KCNC1|LRP2|NEUROD1|PDGFB|PLP1|PPP2R2B|SCN3A|SLC1A2|SLC2A1|CNTN2|CTSF|SYNGAP1|MYH14|LINGO1|BEAN1|SIK1|ARX,-1.7,MyList
DisGeNET,35,C0334463,Malignant Fibrous Histiocytoma,,-2.9,2.8,3.9,30293,150,851,12,1.4,0.4,972|1029|1277|1649|2034|2521|3481|3552|4288|5155|11186|22943,CD74|CDKN2A|COL1A1|DDIT3|EPAS1|FUS|IGF2|IL1A|MKI67|PDGFB|RASSF1|DKK1,-1.7,MyList
DisGeNET,35,C0024796,Marfan Syndrome,,-2.9,3,3.9,30293,130,851,11,1.3,0.39,285|875|1277|1281|1462|1634|3918|6296|7045|9314|22915,ANGPT2|CBS|COL1A1|COL3A1|VCAN|DCN|LAMC2|ACSM3|TGFBI|KLF4|MMRN1,-1.7,MyList
DisGeNET,35,C0001342,Acute periodontitis,,-2.9,3,3.9,30293,130,851,11,1.3,0.39,1029|1030|1440|3119|3123|3552|3576|5266|6348|54210|57211,CDKN2A|CDKN2B|CSF3|HLA-DQB1|HLA-DRB1|IL1A|CXCL8|PI3|CCL3|TREM1|ADGRG6,-1.7,MyList
DisGeNET,35,C0677944,Sentinel node (disorder),,-2.9,3,3.9,30293,130,851,11,1.3,0.39,1029|2346|3383|3642|3852|5284|7020|7424|8190|11186|644844,CDKN2A|FOLH1|ICAM1|INSM1|KRT5|PIGR|TFAP2A|VEGFC|MIA|RASSF1|PHGR1,-1.7,MyList
DisGeNET,35,C1569637,"Adenocarcinoma, Endometrioid",,-2.9,3,3.9,30293,130,851,11,1.3,0.39,861|1029|4194|4288|5076|6277|6513|7291|11186|64321|64866,RUNX1|CDKN2A|MDM4|MKI67|PAX2|S100A6|SLC2A1|TWIST1|RASSF1|SOX17|CDCP1,-1.7,MyList
Transcription Factor Targets,16,M3741,CEBPGAMMA Q6,,-2.9,2.3,3.7,30293,259,851,17,2,0.48,862|1281|1993|3213|6096|7025|8403|9705|9719|11343|25975|27164|27319|55885|84631|84858|286077,RUNX1T1|COL3A1|ELAVL2|HOXB3|RORB|NR2F1|SOX14|ST18|ADAMTSL2|MGLL|EGFL6|SALL3|BHLHE22|LMO3|SLITRK2|ZNF503|FAM83H,-1.7,MyList
DisGeNET,35,C0949691,Spondylarthropathies,,-2.9,3.5,4.1,30293,92,851,9,1.1,0.35,567|1462|3123|3552|3576|4288|6364|22943|55655,B2M|VCAN|HLA-DRB1|IL1A|CXCL8|MKI67|CCL20|DKK1|NLRP2,-1.7,MyList
DisGeNET,35,C2945695,Limb ischemia,,-2.9,2.7,3.8,30293,171,851,13,1.5,0.42,633|1462|1822|2034|2258|4762|5045|7424|9518|11082|53827|57007|112399,BGN|VCAN|ATN1|EPAS1|FGF13|NEUROG1|FURIN|VEGFC|GDF15|ESM1|FXYD5|ACKR3|EGLN3,-1.7,MyList
DisGeNET,35,C0151514,Atrophic condition of skin,,-2.9,3.2,4,30293,111,851,10,1.2,0.37,633|1294|1634|3123|3852|5339|7020|11186|54541|55612,BGN|COL7A1|DCN|HLA-DRB1|KRT5|PLEC|TFAP2A|RASSF1|DDIT4|FERMT1,-1.7,MyList
DisGeNET,35,C1260926,Abnormal pigmentation,,-2.9,4.3,4.3,30293,58,851,7,0.82,0.31,2353|3691|3852|3914|3918|55612|284119,FOS|ITGB4|KRT5|LAMB3|LAMC2|FERMT1|CAVIN1,-1.7,MyList
DisGeNET,35,C1260873,Aortic valve disorder,,-2.9,4.3,4.3,30293,58,851,7,0.82,0.31,633|1009|1356|2335|6662|9235|11096,BGN|CDH11|CP|FN1|SOX9|IL32|ADAMTS5,-1.7,MyList
Cell Type Signatures,7,M40213,DESCARTES FETAL INTESTINE ENS GLIA,,-2.9,4.3,4.3,30293,58,851,7,0.82,0.31,2899|5354|7020|24141|57348|169044|222553,GRIK3|PLP1|TFAP2A|LAMP5|TTYH1|COL22A1|SLC35F1,-1.7,MyList
DisGeNET,35,C0746883,Febrile Neutropenia,,-2.9,4.3,4.3,30293,58,851,7,0.82,0.31,1440|3552|3576|3918|4194|7547|54210,CSF3|IL1A|CXCL8|LAMC2|MDM4|ZIC3|TREM1,-1.7,MyList
DisGeNET,35,C0575157,Deformity of spine,,-2.9,4.3,4.3,30293,58,851,7,0.82,0.31,414|650|2852|4036|6572|6616|60482,ARSD|BMP2|GPER1|LRP2|SLC18A3|SNAP25|SLC5A7,-1.7,MyList
DisGeNET,35,C0497550,Benign neurologic neoplasms,,-2.9,6.1,4.7,30293,29,851,5,0.59,0.26,1029|2346|3123|3576|5111,CDKN2A|FOLH1|HLA-DRB1|CXCL8|PCNA,-1.7,MyList
DisGeNET,35,C0152438,Sprengel deformity,,-2.9,6.1,4.7,30293,29,851,5,0.59,0.26,1281|2273|3339|6926|9573,COL3A1|FHL1|HSPG2|TBX3|GDF3,-1.7,MyList
Cell Type Signatures,7,M39280,DURANTE ADULT OLFACTORY NEUROEPITHELIUM RESPIRATORY SECRETORY CELLS,,-2.9,6.1,4.7,30293,29,851,5,0.59,0.26,301|2920|3576|3855|5284,ANXA1|CXCL2|CXCL8|KRT7|PIGR,-1.7,MyList
TRRUST,34,TRR00029,Regulated by: ATM,,-2.9,6.1,4.7,30293,29,851,5,0.59,0.26,1026|1647|4661|5111|6513,CDKN1A|GADD45A|MYT1|PCNA|SLC2A1,-1.7,MyList
DisGeNET,35,C1297882,Partial Trisomy,,-2.9,6.1,4.7,30293,29,851,5,0.59,0.26,238|1029|2114|7031|94234,ALK|CDKN2A|ETS2|TFF1|FOXQ1,-1.7,MyList
DisGeNET,35,C0865800,asthma with copd,,-2.9,6.1,4.7,30293,29,851,5,0.59,0.26,133|3576|5142|8434|64399,ADM|CXCL8|PDE4B|RECK|HHIP,-1.7,MyList
Transcription Factor Targets,16,M12443,SRF C,,-2.9,2.5,3.7,30293,215,851,15,1.8,0.45,1295|1996|2274|2353|3236|3694|3726|4821|5456|6928|7025|9590|57124|80352|147906,COL8A1|ELAVL4|FHL2|FOS|HOXD10|ITGB6|JUNB|NKX2-2|POU3F4|HNF1B|NR2F1|AKAP12|CD248|RNF39|DACT3,-1.7,MyList
DisGeNET,35,C0162820,"Dermatitis, Allergic Contact",,-2.9,2.8,3.8,30293,151,851,12,1.4,0.4,2114|2335|2920|3552|5327|6303|6515|9021|9235|22822|57007|80150,ETS2|FN1|CXCL2|IL1A|PLAT|SAT1|SLC2A3|SOCS3|IL32|PHLDA1|ACKR3|ASRGL1,-1.7,MyList
DisGeNET,35,C0345392,Congenital kyphoscoliosis,,-2.9,2.8,3.8,30293,151,851,12,1.4,0.4,875|2530|3226|3236|3339|6506|6572|6616|6662|9060|9244|60482,CBS|FUT8|HOXC10|HOXD10|HSPG2|SLC1A2|SLC18A3|SNAP25|SOX9|PAPSS2|CRLF1|SLC5A7,-1.7,MyList
DisGeNET,35,C0037763,Spasm,,-2.9,2.7,3.8,30293,172,851,13,1.5,0.42,273|311|846|1030|2521|2556|2673|4155|5446|6513|9211|56896|170302,AMPH|ANXA11|CASR|CDKN2B|FUS|GABRA3|GFPT1|MBP|PON3|SLC2A1|LGI1|DPYSL5|ARX,-1.7,MyList
DisGeNET,35,C1845977,X- linked recessive,,-2.9,2.7,3.8,30293,172,851,13,1.5,0.42,633|1288|2273|3481|3561|5063|5354|5456|7401|7547|79983|170302|340533,BGN|COL4A6|FHL1|IGF2|IL2RG|PAK3|PLP1|POU3F4|CLRN1|ZIC3|POF1B|ARX|NEXMIF,-1.7,MyList
DisGeNET,35,C4520983,Congenital atresia of extrahepatic bile duct,,-2.9,2.7,3.8,30293,172,851,13,1.5,0.42,285|2034|3383|3576|3855|3918|4684|6364|6376|6662|6809|6928|9235,ANGPT2|EPAS1|ICAM1|CXCL8|KRT7|LAMC2|NCAM1|CCL20|CX3CL1|SOX9|STX3|HNF1B|IL32,-1.7,MyList
DisGeNET,35,C1333177,Lymphoproliferative Disorder of the Skin,,-2.9,3.8,4.1,30293,75,851,8,0.94,0.33,174|285|1087|3123|3481|3576|6352|6513,AFP|ANGPT2|CEACAM7|HLA-DRB1|IGF2|CXCL8|CCL5|SLC2A1,-1.7,MyList
Cell Type Signatures,7,M40169,DESCARTES FETAL CEREBRUM OLIGODENDROCYTES,,-2.9,3.8,4.1,30293,75,851,8,0.94,0.33,4661|4821|10215|10655|30813|65217|79152|116448,MYT1|NKX2-2|OLIG2|DMRT2|VSX1|PCDH15|FA2H|OLIG1,-1.7,MyList
DisGeNET,35,C2931618,Gestational trophoblastic disease,,-2.9,3.8,4.1,30293,75,851,8,0.94,0.33,634|1009|1462|2355|3481|6303|6736|11186,CEACAM1|CDH11|VCAN|FOSL2|IGF2|SAT1|SRY|RASSF1,-1.7,MyList
DisGeNET,35,C4288891,Infant T Acute Lymphoblastic Leukemia,,-2.9,3.8,4.1,30293,75,851,8,0.94,0.33,961|1029|1030|1822|3855|6886|63976|80150,CD47|CDKN2A|CDKN2B|ATN1|KRT7|TAL1|PRDM16|ASRGL1,-1.7,MyList
DisGeNET,35,C0032019,Pituitary Neoplasms,,-2.9,3,3.9,30293,131,851,11,1.3,0.39,1012|1026|1029|1647|3855|4760|5111|6886|7020|7424|8788,CDH13|CDKN1A|CDKN2A|GADD45A|KRT7|NEUROD1|PCNA|TAL1|TFAP2A|VEGFC|DLK1,-1.7,MyList
TRRUST,34,TRR01172,Regulated by: RUNX1,,-2.9,5,4.4,30293,43,851,6,0.71,0.29,2274|3725|4684|5196|6348|9314,FHL2|JUN|NCAM1|PF4|CCL3|KLF4,-1.7,MyList
DisGeNET,35,C0015826,Fenestration (morphologic abnormality),,-2.9,5,4.4,30293,43,851,6,0.71,0.29,2335|3918|5024|6513|6926|23213,FN1|LAMC2|P2RX3|SLC2A1|TBX3|SULF1,-1.7,MyList
Transcription Factor Targets,16,M6101,ER Q6,,-2.9,2.3,3.6,30293,284,851,18,2.1,0.49,1641|1996|2846|3772|4023|4825|5155|5339|6320|7025|7546|10761|27123|27133|84171|84858|168002|261729,DCX|ELAVL4|LPAR4|KCNJ15|LPL|NKX6-1|PDGFB|PLEC|CLEC11A|NR2F1|ZIC2|PLAC1|DKK2|KCNH5|LOXL4|ZNF503|DACT2|STEAP2,-1.7,MyList
DisGeNET,35,C1368898,Adult Teratoma,,-2.9,3.4,4,30293,93,851,9,1.1,0.35,174|650|1030|1045|1822|2624|6736|9314|132625,AFP|BMP2|CDKN2B|CDX2|ATN1|GATA2|SRY|KLF4|ZFP42,-1.7,MyList
DisGeNET,35,C3887898,Infantile Spasm,,-2.9,3.4,4,30293,93,851,9,1.1,0.35,1641|1749|1759|2290|3785|7291|22986|150094|170302,DCX|DLX5|DNM1|FOXG1|KCNQ2|TWIST1|SORCS3|SIK1|ARX,-1.7,MyList
DisGeNET,35,C0856975,Autistic behavior,,-2.9,2.3,3.6,30293,261,851,17,2,0.48,1301|1759|2290|5063|5080|6736|7291|8831|9378|23043|23135|23316|79853|150094|170302|253738|340533,COL11A1|DNM1|FOXG1|PAK3|PAX6|SRY|TWIST1|SYNGAP1|NRXN1|TNIK|KDM6B|CUX2|TM4SF20|SIK1|ARX|EBF3|NEXMIF,-1.7,MyList
DisGeNET,35,C0017921,Glycogen storage disease type II,,-2.9,2.6,3.7,30293,194,851,14,1.6,0.44,133|290|718|1295|1356|1999|2273|2335|3576|6374|7538|22943|51129|54541,ADM|ANPEP|C3|COL8A1|CP|ELF3|FHL1|FN1|CXCL8|CXCL5|ZFP36|DKK1|ANGPTL4|DDIT4,-1.7,MyList
Transcription Factor Targets,16,M1013,FXR IR1 Q6,,-2.9,3.2,3.9,30293,112,851,10,1.2,0.37,114|1747|2899|3642|5521|6660|7546|8929|64641|116986,ADCY8|DLX3|GRIK3|INSM1|PPP2R2B|SOX5|ZIC2|PHOX2B|EBF2|AGAP2,-1.7,MyList
DisGeNET,35,C0221629,Proximal muscle weakness,,-2.9,3.2,3.9,30293,112,851,10,1.2,0.37,1293|1299|2273|2521|3123|6572|6616|60482|79784|284119,COL6A3|COL9A3|FHL1|FUS|HLA-DRB1|SLC18A3|SNAP25|SLC5A7|MYH14|CAVIN1,-1.7,MyList
DisGeNET,35,C2937421,Prostatic Hyperplasia,,-2.9,3.2,3.9,30293,112,851,10,1.2,0.37,2|768|1462|2253|3481|3576|5111|6493|7113|9590,A2M|CA9|VCAN|FGF8|IGF2|CXCL8|PCNA|SIM2|TMPRSS2|AKAP12,-1.7,MyList
DisGeNET,35,C2004493,"Leukemia, B-Cell",,-2.9,2.4,3.6,30293,239,851,16,1.9,0.47,602|694|846|861|928|1026|1747|2353|2913|3552|3561|3576|4288|6513|7538|8792,BCL3|BTG1|CASR|RUNX1|CD9|CDKN1A|DLX3|FOS|GRM3|IL1A|IL2RG|CXCL8|MKI67|SLC2A1|ZFP36|TNFRSF11A,-1.7,MyList
DisGeNET,35,C0024312,Lymphopenia,,-2.9,2.4,3.6,30293,239,851,16,1.9,0.47,718|1822|1910|2624|3119|3123|3481|3561|3576|5266|5880|6352|6364|55655|79633|116372,C3|ATN1|EDNRB|GATA2|HLA-DQB1|HLA-DRB1|IGF2|IL2RG|CXCL8|PI3|RAC2|CCL5|CCL20|NLRP2|FAT4|LYPD1,-1.7,MyList
DisGeNET,35,C0033687,Proteinuria,,-2.9,2.4,3.6,30293,239,851,16,1.9,0.47,133|567|718|2243|2335|2934|3123|3383|4036|5076|5800|6288|6928|7056|7448|9056,ADM|B2M|C3|FGA|FN1|GSN|HLA-DRB1|ICAM1|LRP2|PAX2|PTPRO|SAA1|HNF1B|THBD|VTN|SLC7A7,-1.7,MyList
DisGeNET,35,C0008495,Chorioamnionitis,,-2.9,3,3.8,30293,132,851,11,1.3,0.39,133|650|837|928|1440|3552|3576|3589|5121|8434|54210,ADM|BMP2|CASP4|CD9|CSF3|IL1A|CXCL8|IL11|PCP4|RECK|TREM1,-1.7,MyList
Cell Type Signatures,7,M41686,TRAVAGLINI LUNG NATURAL KILLER CELL,,-2.9,3,3.8,30293,132,851,11,1.3,0.39,567|3561|5729|5880|6352|7029|11098|11186|51303|54541|387882,B2M|IL2RG|PTGDR|RAC2|CCL5|TFDP2|PRSS23|RASSF1|FKBP11|DDIT4|C12orf75,-1.7,MyList
DisGeNET,35,C0268381,Primary amyloidosis,,-2.9,4.2,4.2,30293,59,851,7,0.82,0.31,1440|2243|2934|3960|4684|6288|9518,CSF3|FGA|GSN|LGALS4|NCAM1|SAA1|GDF15,-1.7,MyList
DisGeNET,35,C0014850,Esophageal Atresia,,-2.9,4.2,4.2,30293,59,851,7,0.82,0.31,1087|2255|3691|5125|5339|6658|6928,CEACAM7|FGF10|ITGB4|PCSK5|PLEC|SOX3|HNF1B,-1.7,MyList
DisGeNET,35,C4707243,Familial thoracic aortic aneurysm and aortic dissection,,-2.9,4.2,4.2,30293,59,851,7,0.82,0.31,633|875|1277|1281|1301|1462|81794,BGN|CBS|COL1A1|COL3A1|COL11A1|VCAN|ADAMTS10,-1.7,MyList
Transcription Factor Targets,16,M10627,GAANYNYGACNY UNKNOWN,,-2.9,3.7,4.1,30293,76,851,8,0.94,0.33,1026|5080|7025|9615|10761|23213|57111|389206,CDKN1A|PAX6|NR2F1|GDA|PLAC1|SULF1|RAB25|BEND4,-1.7,MyList
DisGeNET,35,C0023492,"Leukemia, T-Cell",,-2.9,1.9,3.5,30293,457,851,25,2.9,0.58,861|928|1026|1029|1030|1822|2353|2355|3383|3552|3561|3725|3855|4194|4684|6348|6616|6850|6886|6900|7295|9235|9961|57007|203447,RUNX1|CD9|CDKN1A|CDKN2A|CDKN2B|ATN1|FOS|FOSL2|ICAM1|IL1A|IL2RG|JUN|KRT7|MDM4|NCAM1|CCL3|SNAP25|SYK|TAL1|CNTN2|TXN|IL32|MVP|ACKR3|NRK,-1.7,MyList
DisGeNET,35,C0001144,Acne Vulgaris,,-2.9,3.4,4,30293,94,851,9,1.1,0.35,345|3283|3552|3576|4023|4674|6352|6662|51129,APOC3|HSD3B1|IL1A|CXCL8|LPL|NAP1L2|CCL5|SOX9|ANGPTL4,-1.7,MyList
DisGeNET,35,C0023015,Language Disorders,,-2.9,3.4,4,30293,94,851,9,1.1,0.35,414|1052|1137|2512|6928|8831|9914|79750|79853,ARSD|CEBPD|CHRNA4|FTL|HNF1B|SYNGAP1|ATP2C2|ZNF385D|TM4SF20,-1.7,MyList
DisGeNET,35,C0085583,Choreoathetosis,,-2.9,3.4,4,30293,94,851,9,1.1,0.35,1822|2512|3741|3785|4036|5354|6513|150094|170302,ATN1|FTL|KCNA5|KCNQ2|LRP2|PLP1|SLC2A1|SIK1|ARX,-1.7,MyList
DisGeNET,35,C0750901,"Alzheimer Disease, Early Onset",,-2.9,2.7,3.7,30293,174,851,13,1.5,0.42,2|301|1804|2041|2353|3127|3481|3552|3725|3918|7031|8722|27328,A2M|ANXA1|DPP6|EPHA1|FOS|HLA-DRB5|IGF2|IL1A|JUN|LAMC2|TFF1|CTSF|PCDH11X,-1.6,MyList
Transcription Factor Targets,16,M17588,RFX1 01,,-2.9,2.3,3.6,30293,263,851,17,2,0.48,133|301|1770|1942|2913|2934|3339|5080|5396|5521|6376|6547|6658|11122|27111|55885|150094,ADM|ANXA1|DNAH9|EFNA1|GRM3|GSN|HSPG2|PAX6|PRRX1|PPP2R2B|CX3CL1|SLC8A3|SOX3|PTPRT|SDCBP2|LMO3|SIK1,-1.6,MyList
Transcription Factor Targets,16,M8797,ALPHACP1 01,,-2.9,2.3,3.6,30293,263,851,17,2,0.48,1277|1747|1995|1996|3236|5111|5121|5521|6900|7401|8403|10163|10215|23023|55885|64641|85397,COL1A1|DLX3|ELAVL3|ELAVL4|HOXD10|PCNA|PCP4|PPP2R2B|CNTN2|CLRN1|SOX14|WASF2|OLIG2|TMCC1|LMO3|EBF2|RGS8,-1.6,MyList
DisGeNET,35,C0001956,Alcohol Use Disorder,,-2.9,2.4,3.7,30293,218,851,15,1.8,0.45,238|1136|1137|2039|2521|2555|3576|5021|5142|6303|7291|9705|9892|10163|51083,ALK|CHRNA3|CHRNA4|DMTN|FUS|GABRA2|CXCL8|OXTR|PDE4B|SAT1|TWIST1|ST18|SNAP91|WASF2|GAL,-1.6,MyList
DisGeNET,35,C0013473,Eating Disorders,,-2.9,2.9,3.8,30293,133,851,11,1.3,0.39,414|2899|3481|3855|4826|4914|4916|5021|6886|10163|27344,ARSD|GRIK3|IGF2|KRT7|NNAT|NTRK1|NTRK3|OXTR|TAL1|WASF2|PCSK1N,-1.6,MyList
DisGeNET,35,C0013170,Drug habituation,,-2.9,2.5,3.7,30293,196,851,14,1.6,0.44,414|1012|1136|4036|7070|9465|9547|11343|57451|64866|65217|79750|114786|401207,ARSD|CDH13|CHRNA3|LRP2|THY1|AKAP7|CXCL14|MGLL|TENM2|CDCP1|PCDH15|ZNF385D|XKR4|C5orf63,-1.6,MyList
DisGeNET,35,C4554117,"Diabetes Mellitus, Sudden-Onset",,-2.9,4.9,4.3,30293,44,851,6,0.71,0.29,1356|1512|1649|3119|3123|6364,CP|CTSH|DDIT3|HLA-DQB1|HLA-DRB1|CCL20,-1.6,MyList
DisGeNET,35,C0342302,Brittle diabetes,,-2.9,4.9,4.3,30293,44,851,6,0.71,0.29,1356|1512|1649|3119|3123|6364,CP|CTSH|DDIT3|HLA-DQB1|HLA-DRB1|CCL20,-1.6,MyList
DisGeNET,35,C0266387,Bicornuate uterus,,-2.9,4.9,4.3,30293,44,851,6,0.71,0.29,174|3209|4036|6736|6928|64220,AFP|HOXA13|LRP2|SRY|HNF1B|STRA6,-1.6,MyList
DisGeNET,35,C0238421,Selenium deficiency,,-2.9,4.9,4.3,30293,44,851,6,0.71,0.29,633|1634|3383|3552|3576|7295,BGN|DCN|ICAM1|IL1A|CXCL8|TXN,-1.6,MyList
DisGeNET,35,C0281710,Childhood Large Cell Lymphoma,,-2.9,5.9,4.6,30293,30,851,5,0.59,0.26,238|928|1029|4684|10326,ALK|CD9|CDKN2A|NCAM1|SIRPB1,-1.6,MyList
DisGeNET,35,C0751362,Narcolepsy-Cataplexy Syndrome,,-2.9,5.9,4.6,30293,30,851,5,0.59,0.26,1512|3119|3123|6572|60482,CTSH|HLA-DQB1|HLA-DRB1|SLC18A3|SLC5A7,-1.6,MyList
DisGeNET,35,C2981140,Glaucoma of childhood,,-2.9,5.9,4.6,30293,30,851,5,0.59,0.26,414|2530|2697|5080|6736,ARSD|FUT8|GJA1|PAX6|SRY,-1.6,MyList
DisGeNET,35,C0948187,Tracheomalacia,,-2.9,5.9,4.6,30293,30,851,5,0.59,0.26,2335|5396|6662|22915|79633,FN1|PRRX1|SOX9|MMRN1|FAT4,-1.6,MyList
DisGeNET,35,C0079298,Epidermolysis Bullosa Simplex,,-2.9,5.9,4.6,30293,30,851,5,0.59,0.26,2335|3576|3691|3852|5339,FN1|CXCL8|ITGB4|KRT5|PLEC,-1.6,MyList
DisGeNET,35,C1836508,Generalized tonic seizures,,-2.9,5.9,4.6,30293,30,851,5,0.59,0.26,1759|3785|23316|150094|170302,DNM1|KCNQ2|CUX2|SIK1|ARX,-1.6,MyList
DisGeNET,35,C1518693,Clear cell adenocarcinoma of ovary,,-2.9,5.9,4.6,30293,30,851,5,0.59,0.26,174|307|1029|1030|6928,AFP|ANXA4|CDKN2A|CDKN2B|HNF1B,-1.6,MyList
DisGeNET,35,C0263383,Keratosis pilaris,,-2.9,5.9,4.6,30293,30,851,5,0.59,0.26,694|1293|2697|3852|6303,BTG1|COL6A3|GJA1|KRT5|SAT1,-1.6,MyList
DisGeNET,35,C0751885,"Myasthenic Syndromes, Congenital, Slow Channel",,-2.9,7.9,5,30293,18,851,4,0.47,0.23,2673|6572|6616|60482,GFPT1|SLC18A3|SNAP25|SLC5A7,-1.6,MyList
TRRUST,34,TRR00862,Regulated by: NF1,,-2.9,7.9,5,30293,18,851,4,0.47,0.23,174|2353|4155|5327,AFP|FOS|MBP|PLAT,-1.6,MyList
DisGeNET,35,C0751364,"Cancer, Embryonal",,-2.9,7.9,5,30293,18,851,4,0.47,0.23,928|3481|6515|9573,CD9|IGF2|SLC2A3|GDF3,-1.6,MyList
DisGeNET,35,C0205898,pineoblastoma,,-2.9,7.9,5,30293,18,851,4,0.47,0.23,3642|8929|58158|92359,INSM1|PHOX2B|NEUROD4|CRB3,-1.6,MyList
DisGeNET,35,C0751883,"Congenital Myasthenic Syndromes, Postsynaptic",,-2.9,7.9,5,30293,18,851,4,0.47,0.23,2673|6572|6616|60482,GFPT1|SLC18A3|SNAP25|SLC5A7,-1.6,MyList
DisGeNET,35,C3839741,Core binding factor acute myeloid leukemia,,-2.9,7.9,5,30293,18,851,4,0.47,0.23,861|862|2624|4684,RUNX1|RUNX1T1|GATA2|NCAM1,-1.6,MyList
TRRUST,34,TRR01557,Regulated by: ZEB1,,-2.9,7.9,5,30293,18,851,4,0.47,0.23,3691|3918|11187|79977,ITGB4|LAMC2|PKP3|GRHL2,-1.6,MyList
DisGeNET,35,C1847987,HUNTINGTON DISEASE-LIKE 2,,-2.9,7.9,5,30293,18,851,4,0.47,0.23,1822|5521|10150|146227,ATN1|PPP2R2B|MBNL2|BEAN1,-1.6,MyList
DisGeNET,35,C1846434,Hypoplastic scapulae,,-2.9,7.9,5,30293,18,851,4,0.47,0.23,1301|6662|6913|6926,COL11A1|SOX9|TBX15|TBX3,-1.6,MyList
DisGeNET,35,C0343084,Capillary Leak Syndrome,,-2.9,7.9,5,30293,18,851,4,0.47,0.23,133|285|1440|3383,ADM|ANGPT2|CSF3|ICAM1,-1.6,MyList
TRRUST,34,TRR01382,Regulated by: TBP,,-2.9,7.9,5,30293,18,851,4,0.47,0.23,1026|2353|2521|3487,CDKN1A|FOS|FUS|IGFBP4,-1.6,MyList
DisGeNET,35,C2931189,Neural crest tumor,,-2.9,7.9,5,30293,18,851,4,0.47,0.23,238|1440|8929|11186,ALK|CSF3|PHOX2B|RASSF1,-1.6,MyList
DisGeNET,35,C0221760,brain cyst,,-2.9,7.9,5,30293,18,851,4,0.47,0.23,1469|2934|5354|170302,CST1|GSN|PLP1|ARX,-1.6,MyList
Transcription Factor Targets,16,M17944,MYCMAX 03,,-2.9,2.3,3.6,30293,264,851,17,2,0.48,655|1051|1995|2697|3222|3236|4760|5080|5476|7404|7545|8722|51303|84858|85508|116372|124842,BMP7|CEBPB|ELAVL3|GJA1|HOXC5|HOXD10|NEUROD1|PAX6|CTSA|UTY|ZIC1|CTSF|FKBP11|ZNF503|SCRT2|LYPD1|TMEM132E,-1.6,MyList
DisGeNET,35,C0027066,Myoclonus,,-2.9,2.3,3.6,30293,264,851,17,2,0.48,111|1641|1759|1822|3119|3746|3785|6328|6506|6513|6900|8722|8831|23316|51477|150094|170302,ADCY5|DCX|DNM1|ATN1|HLA-DQB1|KCNC1|KCNQ2|SCN3A|SLC1A2|SLC2A1|CNTN2|CTSF|SYNGAP1|CUX2|ISYNA1|SIK1|ARX,-1.6,MyList
Cell Type Signatures,7,M41657,TRAVAGLINI LUNG SEROUS CELL,,-2.8,3.4,3.9,30293,95,851,9,1.1,0.35,5284|8190|9245|22822|51303|54997|57348|148170|260293,PIGR|MIA|GCNT3|PHLDA1|FKBP11|TESC|TTYH1|CDC42EP5|CYP4X1,-1.6,MyList
DisGeNET,35,C0431399,Familial aplasia of the vermis,,-2.8,3.4,3.9,30293,95,851,9,1.1,0.35,290|1855|1952|2253|3918|5880|7020|7545|51286,ANPEP|DVL1|CELSR2|FGF8|LAMC2|RAC2|TFAP2A|ZIC1|CEND1,-1.6,MyList
DisGeNET,35,C0751781,Dentatorubral-Pallidoluysian Atrophy,,-2.8,3.4,3.9,30293,95,851,9,1.1,0.35,133|1029|1822|2168|2259|2521|3746|5521|146227,ADM|CDKN2A|ATN1|FABP1|FGF14|FUS|KCNC1|PPP2R2B|BEAN1,-1.6,MyList
DisGeNET,35,C2347762,Childhood Teratoma,,-2.8,3.4,3.9,30293,95,851,9,1.1,0.35,174|650|1030|1045|1822|2624|6736|9314|132625,AFP|BMP2|CDKN2B|CDX2|ATN1|GATA2|SRY|KLF4|ZFP42,-1.6,MyList
DisGeNET,35,C0024620,Primary Malignant Liver Neoplasm,,-2.8,4.2,4.2,30293,60,851,7,0.82,0.31,174|890|1029|3339|3481|9518|64399,AFP|CCNA2|CDKN2A|HSPG2|IGF2|GDF15|HHIP,-1.6,MyList
PaGenBase,36,PGB:00005,Tissue-specific: tonsil,,-2.8,4.2,4.2,30293,60,851,7,0.82,0.31,3853|5266|6707|8022|10964|79919|154064,KRT6A|PI3|SPRR3|LHX3|IFI44L|MAB21L4|RAET1L,-1.6,MyList
TRRUST,34,TRR00075,Regulated by: BRCA1,,-2.8,4.2,4.2,30293,60,851,7,0.82,0.31,846|1026|1647|1649|2353|3852|7031,CASR|CDKN1A|GADD45A|DDIT3|FOS|KRT5|TFF1,-1.6,MyList
DisGeNET,35,C0206669,Hepatocellular Adenoma,,-2.8,3.1,3.9,30293,114,851,10,1.2,0.37,2|26|174|1029|2168|2444|4760|6288|8549|27319,A2M|AOC1|AFP|CDKN2A|FABP1|FRK|NEUROD1|SAA1|LGR5|BHLHE22,-1.6,MyList
DisGeNET,35,C0016034,Breast Fibrocystic Disease,,-2.8,3.1,3.9,30293,114,851,10,1.2,0.37,768|1087|1634|3481|4684|5111|6513|7031|7291|11186,CA9|CEACAM7|DCN|IGF2|NCAM1|PCNA|SLC2A1|TFF1|TWIST1|RASSF1,-1.6,MyList
DisGeNET,35,C0019340,Herpes NOS,,-2.8,3.1,3.9,30293,114,851,10,1.2,0.37,174|285|2346|3123|3383|3918|4055|9235|23645|57007,AFP|ANGPT2|FOLH1|HLA-DRB1|ICAM1|LAMC2|LTBR|IL32|PPP1R15A|ACKR3,-1.6,MyList
DisGeNET,35,C0036391,Schwartz-Jampel Syndrome,,-2.8,3.7,4,30293,77,851,8,0.94,0.33,301|1301|1822|2697|3119|3123|3339|9719,ANXA1|COL11A1|ATN1|GJA1|HLA-DQB1|HLA-DRB1|HSPG2|ADAMTSL2,-1.6,MyList
DisGeNET,35,C3693482,Giant Cell Fibroblastoma,,-2.8,3.7,4,30293,77,851,8,0.94,0.33,1029|1277|1293|1462|4288|4914|4916|5155,CDKN2A|COL1A1|COL6A3|VCAN|MKI67|NTRK1|NTRK3|PDGFB,-1.6,MyList
DisGeNET,35,C0456132,Large fontanelle,,-2.8,3.7,4,30293,77,851,8,0.94,0.33,1277|2697|3481|6928|8022|50506|79633|405753,COL1A1|GJA1|IGF2|HNF1B|LHX3|DUOX2|FAT4|DUOXA2,-1.6,MyList
DisGeNET,35,C0035435,Rheumatism,,-2.8,2.5,3.7,30293,197,851,14,1.6,0.44,718|1009|1421|3119|3123|3552|3576|3624|6288|6376|7128|7291|7429|9235,C3|CDH11|CRYGD|HLA-DQB1|HLA-DRB1|IL1A|CXCL8|INHBA|SAA1|CX3CL1|TNFAIP3|TWIST1|VIL1|IL32,-1.6,MyList
DisGeNET,35,C0151888,Hyporeflexia,,-2.8,2.2,3.5,30293,312,851,19,2.2,0.51,1410|1759|1822|2273|2521|2556|3339|5354|6328|6506|6572|6616|8831|9181|9378|10397|60482|79784|146227,CRYAB|DNM1|ATN1|FHL1|FUS|GABRA3|HSPG2|PLP1|SCN3A|SLC1A2|SLC18A3|SNAP25|SYNGAP1|ARHGEF2|NRXN1|NDRG1|SLC5A7|MYH14|BEAN1,-1.6,MyList
Transcription Factor Targets,16,M2651,CCTNTMAGA UNKNOWN,,-2.8,2.9,3.8,30293,134,851,11,1.3,0.39,114|1996|2877|4916|5100|5284|6385|7101|11096|23541|56937,ADCY8|ELAVL4|GPX2|NTRK3|PCDH8|PIGR|SDC4|NR2E1|ADAMTS5|SEC14L2|PMEPA1,-1.6,MyList
DisGeNET,35,C0392525,Nephrolithiasis,,-2.8,2.4,3.6,30293,242,851,16,1.9,0.47,823|846|1491|2290|2335|3123|3339|3481|3552|3642|4036|6928|22915|25806|57007|203447,CAPN1|CASR|CTH|FOXG1|FN1|HLA-DRB1|HSPG2|IGF2|IL1A|INSM1|LRP2|HNF1B|MMRN1|VAX2|ACKR3|NRK,-1.6,MyList
DisGeNET,35,C0003123,Anorexia,,-2.8,2.4,3.6,30293,242,851,16,1.9,0.47,133|875|1029|1621|2697|3123|3552|4155|4916|5021|5334|5644|6690|9518|10725|51083,ADM|CBS|CDKN2A|DBH|GJA1|HLA-DRB1|IL1A|MBP|NTRK3|OXTR|PLCL1|PRSS1|SPINK1|GDF15|NFAT5|GAL,-1.6,MyList
DisGeNET,35,C1854114,Short nose,,-2.8,2.3,3.6,30293,265,851,17,2,0.48,650|1301|1855|1889|2253|2290|2530|2619|2697|3211|4036|5063|6496|7546|9719|54101|340533,BMP2|COL11A1|DVL1|ECE1|FGF8|FOXG1|FUT8|GAS1|GJA1|HOXB1|LRP2|PAK3|SIX3|ZIC2|ADAMTSL2|RIPK4|NEXMIF,-1.6,MyList
DisGeNET,35,C0011195,Dejerine-Sottas Disease (disorder),,-2.8,2.6,3.7,30293,176,851,13,1.5,0.42,285|602|718|861|2877|3123|4319|4914|6662|10397|23541|27035|51129,ANGPT2|BCL3|C3|RUNX1|GPX2|HLA-DRB1|MMP10|NTRK1|SOX9|NDRG1|SEC14L2|NOX1|ANGPTL4,-1.6,MyList
DisGeNET,35,C0001807,Aggressive behavior,,-2.8,2.6,3.7,30293,176,851,13,1.5,0.42,1759|1893|2259|5063|6096|6513|6660|8831|9378|11098|23316|84894|114798,DNM1|ECM1|FGF14|PAK3|RORB|SLC2A1|SOX5|SYNGAP1|NRXN1|PRSS23|CUX2|LINGO1|SLITRK1,-1.6,MyList
DisGeNET,35,C0153349,Malignant neoplasm of tongue,,-2.8,2.8,3.7,30293,155,851,12,1.4,0.4,285|768|1029|1410|1910|2335|3576|5155|5396|10630|51129|54101,ANGPT2|CA9|CDKN2A|CRYAB|EDNRB|FN1|CXCL8|PDGFB|PRRX1|PDPN|ANGPTL4|RIPK4,-1.6,MyList
DisGeNET,35,C0575158,Kyphoscoliosis deformity of spine,,-2.8,2.8,3.7,30293,155,851,12,1.4,0.4,875|2530|3226|3236|3339|6506|6572|6616|6662|9060|9244|60482,CBS|FUT8|HOXC10|HOXD10|HSPG2|SLC1A2|SLC18A3|SNAP25|SOX9|PAPSS2|CRLF1|SLC5A7,-1.6,MyList
DisGeNET,35,C4049446,Neointimal hyperplasia,,-2.8,2.5,3.6,30293,198,851,14,1.6,0.44,285|650|1634|2274|2697|5111|9314|10725|10811|22915|23135|23452|51477|284119,ANGPT2|BMP2|DCN|FHL2|GJA1|PCNA|KLF4|NFAT5|NOXA1|MMRN1|KDM6B|ANGPTL2|ISYNA1|CAVIN1,-1.6,MyList
DisGeNET,35,C0279982,Childhood Synovial Sarcoma,,-2.8,2.5,3.6,30293,198,851,14,1.6,0.44,238|1026|1029|1999|2346|3481|3552|3855|4288|4821|5076|5111|11186|53827,ALK|CDKN1A|CDKN2A|ELF3|FOLH1|IGF2|IL1A|KRT7|MKI67|NKX2-2|PAX2|PCNA|RASSF1|FXYD5,-1.6,MyList
DisGeNET,35,C0278660,Adult Synovial Sarcoma,,-2.8,2.5,3.6,30293,198,851,14,1.6,0.44,238|1026|1029|1999|2346|3481|3552|3855|4288|4821|5076|5111|11186|53827,ALK|CDKN1A|CDKN2A|ELF3|FOLH1|IGF2|IL1A|KRT7|MKI67|NKX2-2|PAX2|PCNA|RASSF1|FXYD5,-1.6,MyList
Transcription Factor Targets,16,M5667,EGR2 01,,-2.8,2.5,3.6,30293,198,851,14,1.6,0.44,577|861|2521|4821|5155|6238|6376|6616|7448|9211|9314|9902|22986|79026,ADGRB3|RUNX1|FUS|NKX2-2|PDGFB|RRBP1|CX3CL1|SNAP25|VTN|LGI1|KLF4|MRC2|SORCS3|AHNAK,-1.6,MyList
DisGeNET,35,C1963943,Atherothrombosis,,-2.8,3.1,3.8,30293,115,851,10,1.2,0.37,633|875|1361|3552|5327|7056|9314|9518|50848|57007,BGN|CBS|CPB2|IL1A|PLAT|THBD|KLF4|GDF15|F11R|ACKR3,-1.6,MyList
DisGeNET,35,C1275685,Avellino corneal dystrophy,,-2.8,3.1,3.8,30293,115,851,10,1.2,0.37,2335|2353|3552|3725|3726|6662|7045|9021|22915|30813,FN1|FOS|IL1A|JUN|JUNB|SOX9|TGFBI|SOCS3|MMRN1|VSX1,-1.6,MyList
DisGeNET,35,C4721532,"Lymphoma, Non-Hodgkin, Familial",,-2.8,1.9,3.4,30293,462,851,25,2.9,0.58,238|290|301|567|602|846|875|961|1029|1030|1050|1440|1649|3123|3222|4194|4684|4689|5111|6096|7128|9021|9181|55655|84433,ALK|ANPEP|ANXA1|B2M|BCL3|CASR|CBS|CD47|CDKN2A|CDKN2B|CEBPA|CSF3|DDIT3|HLA-DRB1|HOXC5|MDM4|NCAM1|NCF4|PCNA|RORB|TNFAIP3|SOCS3|ARHGEF2|NLRP2|CARD11,-1.6,MyList
DisGeNET,35,C0428568,Fasting blood glucose measurement,,-2.8,3.3,3.9,30293,96,851,9,1.1,0.35,108|111|1496|1607|5122|5629|56896|80201|169026,ADCY2|ADCY5|CTNNA2|DGKB|PCSK1|PROX1|DPYSL5|HKDC1|SLC30A8,-1.6,MyList
TRRUST,34,TRR01275,Regulated by: STAT1,,-2.8,3.3,3.9,30293,96,851,9,1.1,0.35,1026|2258|3383|6281|6348|9021|9961|23541|27035,CDKN1A|FGF13|ICAM1|S100A10|CCL3|SOCS3|MVP|SEC14L2|NOX1,-1.6,MyList
DisGeNET,35,C0205642,"Adenocarcinoma, Oxyphilic",,-2.8,2.9,3.8,30293,135,851,11,1.3,0.39,634|1029|1152|2886|3576|4288|5111|10752|11186|56287|79633,CEACAM1|CDKN2A|CKB|GRB7|CXCL8|MKI67|PCNA|CHL1|RASSF1|GKN1|FAT4,-1.6,MyList
DisGeNET,35,C0008373,Cholesteatoma,,-2.8,2.9,3.8,30293,135,851,11,1.3,0.39,285|650|1026|1512|1822|2335|3552|3576|5111|7448|11343,ANGPT2|BMP2|CDKN1A|CTSH|ATN1|FN1|IL1A|CXCL8|PCNA|VTN|MGLL,-1.6,MyList
Cell Type Signatures,7,M40092,DESCARTES MAIN FETAL CORNEAL AND CONJUNCTIVAL EPITHELIAL CELLS,,-2.8,2.2,3.5,30293,290,851,18,2.1,0.49,1029|1030|1087|2524|3576|5284|6288|6376|8705|9314|10653|56927|57111|64063|92359|122953|132625|286077,CDKN2A|CDKN2B|CEACAM7|FUT2|CXCL8|PIGR|SAA1|CX3CL1|B3GALT4|KLF4|SPINT2|GPR108|RAB25|PRSS22|CRB3|JDP2|ZFP42|FAM83H,-1.6,MyList
Transcription Factor Targets,16,M1830,YKACATTT UNKNOWN,,-2.8,2.2,3.5,30293,290,851,18,2.1,0.49,862|1879|2253|2255|2258|3642|4762|5521|7029|9290|23213|23440|25975|27328|55885|57573|57616|167826,RUNX1T1|EBF1|FGF8|FGF10|FGF13|INSM1|NEUROG1|PPP2R2B|TFDP2|GPR55|SULF1|OTP|EGFL6|PCDH11X|LMO3|ZNF471|TSHZ3|OLIG3,-1.6,MyList
TRRUST,34,TRR00290,Regulated by: EZH2,,-2.8,4.7,4.3,30293,45,851,6,0.71,0.29,1026|1029|1030|5111|7291|147906,CDKN1A|CDKN2A|CDKN2B|PCNA|TWIST1|DACT3,-1.6,MyList
DisGeNET,35,C0392784,Dermatofibrosarcoma Protuberans,,-2.8,3.7,4,30293,78,851,8,0.94,0.33,1029|1277|1293|1462|4288|4914|4916|5155,CDKN2A|COL1A1|COL6A3|VCAN|MKI67|NTRK1|NTRK3|PDGFB,-1.6,MyList
DisGeNET,35,C0020545,"Hypertension, Renovascular",,-2.8,3.7,4,30293,78,851,8,0.94,0.33,133|285|823|1281|2335|2697|3589|6376,ADM|ANGPT2|CAPN1|COL3A1|FN1|GJA1|IL11|CX3CL1,-1.6,MyList
Transcription Factor Targets,16,M2054,AP1 Q6 01,,-2.8,2.3,3.5,30293,267,851,17,2,0.48,1634|1649|1942|1993|2697|3339|4188|4973|6616|7277|7429|11187|23645|63874|64063|170685|196500,DCN|DDIT3|EFNA1|ELAVL2|GJA1|HSPG2|MDFI|OLR1|SNAP25|TUBA4A|VIL1|PKP3|PPP1R15A|ABHD4|PRSS22|NUDT10|PIANP,-1.6,MyList
Transcription Factor Targets,16,M13332,HNF4 DR1 Q3,,-2.8,2.3,3.5,30293,267,851,17,2,0.48,1044|1822|2168|3397|5339|6616|6660|7869|11075|55200|55885|63973|63976|79962|84107|89932|94015,CDX1|ATN1|FABP1|ID1|PLEC|SNAP25|SOX5|SEMA3B|STMN2|PLEKHG6|LMO3|NEUROG2|PRDM16|DNAJC22|ZIC4|PAPLN|TTYH2,-1.6,MyList
Cell Type Signatures,7,M41672,TRAVAGLINI LUNG VASCULAR SMOOTH MUSCLE CELL,,-2.8,4.1,4.1,30293,61,851,7,0.82,0.31,633|2034|4071|25802|25975|51477|84417,BGN|EPAS1|TM4SF1|LMOD1|EGFL6|ISYNA1|ECRG4,-1.6,MyList
DisGeNET,35,C0751406,Post-Traumatic Osteoporosis,,-2.8,4.1,4.1,30293,61,851,7,0.82,0.31,111|1277|2243|2934|6320|11343|338382,ADCY5|COL1A1|FGA|GSN|CLEC11A|MGLL|RAB7B,-1.6,MyList
DisGeNET,35,C0038580,Substance Dependence,,-2.8,2.7,3.7,30293,156,851,12,1.4,0.4,1012|2555|4684|9465|9547|10163|57451|64866|65217|79750|114786|401207,CDH13|GABRA2|NCAM1|AKAP7|CXCL14|WASF2|TENM2|CDCP1|PCDH15|ZNF385D|XKR4|C5orf63,-1.6,MyList
DisGeNET,35,C0035235,Respiratory Syncytial Virus Infections,,-2.8,2.3,3.6,30293,244,851,16,1.9,0.47,567|633|1179|2042|3383|3576|3725|4319|4684|4804|6348|6352|6364|6513|51477|148022,B2M|BGN|CLCA1|EPHA3|ICAM1|CXCL8|JUN|MMP10|NCAM1|NGFR|CCL3|CCL5|CCL20|SLC2A1|ISYNA1|TICAM1,-1.6,MyList
DisGeNET,35,C1395512,Placental dysfunction,,-2.8,5.7,4.5,30293,31,851,5,0.59,0.26,174|3481|3552|7056|11186,AFP|IGF2|IL1A|THBD|RASSF1,-1.6,MyList
DisGeNET,35,C0334488,Clear cell sarcoma of kidney,,-2.8,5.7,4.5,30293,31,851,5,0.59,0.26,1026|2297|3481|4804|5076,CDKN1A|FOXD1|IGF2|NGFR|PAX2,-1.6,MyList
DisGeNET,35,C0038450,Stridor,,-2.8,5.7,4.5,30293,31,851,5,0.59,0.26,3918|5339|6572|6616|60482,LAMC2|PLEC|SLC18A3|SNAP25|SLC5A7,-1.6,MyList
DisGeNET,35,C0035229,Respiratory Insufficiency,,-2.8,2.1,3.5,30293,315,851,19,2.2,0.51,1277|1281|1301|2273|2530|3339|3852|3853|3854|3955|5327|6572|6616|6662|8929|9056|9244|64220|79633,COL1A1|COL3A1|COL11A1|FHL1|FUT8|HSPG2|KRT5|KRT6A|KRT6B|LFNG|PLAT|SLC18A3|SNAP25|SOX9|PHOX2B|SLC7A7|CRLF1|STRA6|FAT4,-1.6,MyList
DisGeNET,35,C0205644,"Carcinoma, Granular Cell",,-2.8,3.1,3.8,30293,116,851,10,1.2,0.37,634|1029|1152|2886|3576|4288|5111|11186|56287|79633,CEACAM1|CDKN2A|CKB|GRB7|CXCL8|MKI67|PCNA|RASSF1|GKN1|FAT4,-1.6,MyList
DisGeNET,35,C0039730,Thalassemia,,-2.8,2.9,3.7,30293,136,851,11,1.3,0.39,174|567|861|1361|1440|2335|3123|9518|23645|57126|112399,AFP|B2M|RUNX1|CPB2|CSF3|FN1|HLA-DRB1|GDF15|PPP1R15A|CD177|EGLN3,-1.6,MyList
DisGeNET,35,C0542037,Hypotriglyceridemia,,-2.8,12,5.5,30293,9,851,3,0.35,0.2,345|4023|51129,APOC3|LPL|ANGPTL4,-1.6,MyList
DisGeNET,35,C0747249,Paranoid ideation,,-2.8,12,5.5,30293,9,851,3,0.35,0.2,1621|3855|6886,DBH|KRT7|TAL1,-1.6,MyList
DisGeNET,35,C0268397,"Amyloidosis, Primary Cutaneous",,-2.8,12,5.5,30293,9,851,3,0.35,0.2,2934|4914|9180,GSN|NTRK1|OSMR,-1.6,MyList
TRRUST,34,TRR00599,Regulated by: ING1,,-2.8,12,5.5,30293,9,851,3,0.35,0.2,174|1026|5111,AFP|CDKN1A|PCNA,-1.6,MyList
DisGeNET,35,C0431122,Atypical meningioma,,-2.8,12,5.5,30293,9,851,3,0.35,0.2,1029|1030|4288,CDKN2A|CDKN2B|MKI67,-1.6,MyList
DisGeNET,35,C1850959,"Corneal dystrophy, Fuchs' endothelial, 1",,-2.8,12,5.5,30293,9,851,3,0.35,0.2,3725|7045|22915,JUN|TGFBI|MMRN1,-1.6,MyList
TRRUST,34,TRR00472,Regulated by: HDAC5,,-2.8,12,5.5,30293,9,851,3,0.35,0.2,2258|3481|6513,FGF13|IGF2|SLC2A1,-1.6,MyList
DisGeNET,35,C1332184,Adult Atypical Meningioma,,-2.8,12,5.5,30293,9,851,3,0.35,0.2,1029|1030|4288,CDKN2A|CDKN2B|MKI67,-1.6,MyList
DisGeNET,35,C1970431,PITT-HOPKINS SYNDROME,,-2.8,12,5.5,30293,9,851,3,0.35,0.2,2290|4760|9378,FOXG1|NEUROD1|NRXN1,-1.6,MyList
DisGeNET,35,C0679408,Lesion of stomach,,-2.8,12,5.5,30293,9,851,3,0.35,0.2,301|3576|51083,ANXA1|CXCL8|GAL,-1.6,MyList
DisGeNET,35,C0156221,Acute glomerulonephritis,,-2.8,12,5.5,30293,9,851,3,0.35,0.2,718|1634|3123,C3|DCN|HLA-DRB1,-1.6,MyList
DisGeNET,35,C4543811,Adult-onset immunodeficiency,,-2.8,12,5.5,30293,9,851,3,0.35,0.2,2934|3119|3123,GSN|HLA-DQB1|HLA-DRB1,-1.6,MyList
DisGeNET,35,C1167664,Situs ambiguous,,-2.8,12,5.5,30293,9,851,3,0.35,0.2,1770|7044|7547,DNAH9|LEFTY2|ZIC3,-1.6,MyList
DisGeNET,35,C0410787,Hereditary Connective Tissue Disorder,,-2.8,12,5.5,30293,9,851,3,0.35,0.2,1277|1281|22915,COL1A1|COL3A1|MMRN1,-1.6,MyList
Cell Type Signatures,7,M39228,LAKE ADULT KIDNEY C9 THIN ASCENDING LIMB,,-2.8,2.3,3.5,30293,268,851,17,2,0.48,307|567|694|928|1410|2512|3855|4118|5209|6277|6281|6303|6493|9518|56892|59277|387882,ANXA4|B2M|BTG1|CD9|CRYAB|FTL|KRT7|MAL|PFKFB3|S100A6|S100A10|SAT1|SIM2|GDF15|TCIM|NTN4|C12orf75,-1.6,MyList
Transcription Factor Targets,16,M11390,RACCACAR AML Q6,,-2.8,2.3,3.5,30293,268,851,17,2,0.48,861|1993|3213|3236|5125|6660|9181|9248|10863|22943|23440|64399|79983|80736|84107|124935|167826,RUNX1|ELAVL2|HOXB3|HOXD10|PCSK5|SOX5|ARHGEF2|GPR50|ADAM28|DKK1|OTP|HHIP|POF1B|SLC44A4|ZIC4|SLC43A2|OLIG3,-1.6,MyList
Transcription Factor Targets,16,M6422,TTAYRTAA E4BP4 01,,-2.8,2.3,3.5,30293,268,851,17,2,0.48,1996|2259|2823|5126|6376|6456|7021|7029|10150|11255|23023|23213|23440|24141|57561|79026|137209,ELAVL4|FGF14|GPM6A|PCSK2|CX3CL1|SH3GL2|TFAP2B|TFDP2|MBNL2|HRH3|TMCC1|SULF1|OTP|LAMP5|ARRDC3|AHNAK|ZNF572,-1.6,MyList
Transcription Factor Targets,16,M10493,PAX4 01,,-2.8,2.3,3.5,30293,268,851,17,2,0.48,1044|1649|1759|2128|3211|3236|3300|4036|4762|4916|5155|7546|7869|9378|22986|56936|165257,CDX1|DDIT3|DNM1|EVX1|HOXB1|HOXD10|DNAJB2|LRP2|NEUROG1|NTRK3|PDGFB|ZIC2|SEMA3B|NRXN1|SORCS3|CCDC177|C1QL2,-1.6,MyList
PaGenBase,36,PGB:00060,Tissue-specific: retinoblastoma,,-2.8,3.3,3.9,30293,97,851,9,1.1,0.35,1029|1063|4288|5111|5396|8660|22943|23138|25891,CDKN2A|CENPF|MKI67|PCNA|PRRX1|IRS2|DKK1|N4BP3|PAMR1,-1.6,MyList
DisGeNET,35,C0020437,Hypercalcemia,,-2.8,2.7,3.7,30293,157,851,12,1.4,0.4,846|961|1026|1030|2697|3123|3552|6348|6690|8190|22943|80150,CASR|CD47|CDKN1A|CDKN2B|GJA1|HLA-DRB1|IL1A|CCL3|SPINK1|MIA|DKK1|ASRGL1,-1.6,MyList
DisGeNET,35,C0086445,Idiopathic Membranous Glomerulonephritis,,-2.8,3.6,3.9,30293,79,851,8,0.94,0.33,345|718|3119|3123|3127|3576|9518|84647,APOC3|C3|HLA-DQB1|HLA-DRB1|HLA-DRB5|CXCL8|GDF15|PLA2G12B,-1.6,MyList
DisGeNET,35,C0029134,Optic Neuritis,,-2.8,3.6,3.9,30293,79,851,8,0.94,0.33,823|3119|3123|3127|3918|4155|56896|84894,CAPN1|HLA-DQB1|HLA-DRB1|HLA-DRB5|LAMC2|MBP|DPYSL5|LINGO1,-1.6,MyList
DisGeNET,35,C1834570,Myoclonic dystonia,,-2.8,7.5,4.8,30293,19,851,4,0.47,0.23,111|1621|4036|114798,ADCY5|DBH|LRP2|SLITRK1,-1.6,MyList
DisGeNET,35,C0277527,Epidemic diarrhea,,-2.8,7.5,4.8,30293,19,851,4,0.47,0.23,290|3576|4055|7448,ANPEP|CXCL8|LTBR|VTN,-1.6,MyList
DisGeNET,35,C0393534,Paraneoplastic Cerebellar Degeneration,,-2.8,7.5,4.8,30293,19,851,4,0.47,0.23,238|2173|7545|84107,ALK|FABP7|ZIC1|ZIC4,-1.6,MyList
DisGeNET,35,C0025988,Microglossia,,-2.8,7.5,4.8,30293,19,851,4,0.47,0.23,1294|1893|5396|6913,COL7A1|ECM1|PRRX1|TBX15,-1.6,MyList
DisGeNET,35,C0019623,Malignant histiocytosis,,-2.8,7.5,4.8,30293,19,851,4,0.47,0.23,238|4684|5155|5327,ALK|NCAM1|PDGFB|PLAT,-1.6,MyList
DisGeNET,35,C0152415,Ankyloglossia,,-2.8,7.5,4.8,30293,19,851,4,0.47,0.23,1294|3914|3918|8549,COL7A1|LAMB3|LAMC2|LGR5,-1.6,MyList
Cell Type Signatures,7,M41695,TRAVAGLINI LUNG MYELOID DENDRITIC TYPE 1 CELL,,-2.8,7.5,4.8,30293,19,851,4,0.47,0.23,1512|3127|9314|10653,CTSH|HLA-DRB5|KLF4|SPINT2,-1.6,MyList
DisGeNET,35,C0030804,"Pemphigoid, Benign Mucous Membrane",,-2.8,7.5,4.8,30293,19,851,4,0.47,0.23,3119|3123|3552|3576,HLA-DQB1|HLA-DRB1|IL1A|CXCL8,-1.6,MyList
DisGeNET,35,C0751884,"Congenital Myasthenic Syndromes, Presynaptic",,-2.8,7.5,4.8,30293,19,851,4,0.47,0.23,2673|6572|6616|60482,GFPT1|SLC18A3|SNAP25|SLC5A7,-1.6,MyList
DisGeNET,35,C0241148,Cutaneous plaque,,-2.8,7.5,4.8,30293,19,851,4,0.47,0.23,3123|3853|3854|11322,HLA-DRB1|KRT6A|KRT6B|TMC6,-1.6,MyList
PaGenBase,36,PGB:00104,Cell-specific: HCC2998,,-2.8,7.5,4.8,30293,19,851,4,0.47,0.23,1015|2524|4622|79784,CDH17|FUT2|MYH4|MYH14,-1.6,MyList
Transcription Factor Targets,16,M14186,GATA1 03,,-2.8,2.3,3.5,30293,246,851,16,1.9,0.47,133|285|823|1996|3227|3481|3725|5045|5099|6281|6660|7291|7545|8929|55885|167410,ADM|ANGPT2|CAPN1|ELAVL4|HOXC11|IGF2|JUN|FURIN|PCDH7|S100A10|SOX5|TWIST1|ZIC1|PHOX2B|LMO3|LIX1,-1.6,MyList
DisGeNET,35,C0022336,Creutzfeldt-Jakob disease,,-2.8,2.9,3.7,30293,137,851,11,1.3,0.39,875|961|1410|3119|3552|3918|4155|10194|11075|79974|84107,CBS|CD47|CRYAB|HLA-DQB1|IL1A|LAMC2|MBP|TSHZ1|STMN2|CPED1|ZIC4,-1.6,MyList
DisGeNET,35,C0220756,"Niemann-Pick Disease, Type C",,-2.8,2.5,3.6,30293,201,851,14,1.6,0.44,301|567|650|1029|1030|1356|2353|3552|3725|3726|6352|11186|55655|63973,ANXA1|B2M|BMP2|CDKN2A|CDKN2B|CP|FOS|IL1A|JUN|JUNB|CCL5|RASSF1|NLRP2|NEUROG2,-1.6,MyList
DisGeNET,35,C0262985,Psoriasiform eczema,,-2.8,4,4,30293,62,851,7,0.82,0.31,1440|3119|3123|3383|3552|3576|6364,CSF3|HLA-DQB1|HLA-DRB1|ICAM1|IL1A|CXCL8|CCL20,-1.6,MyList
DisGeNET,35,C3888088,SMITH-MCCORT DYSPLASIA 1,,-2.8,4,4,30293,62,851,7,0.82,0.31,650|862|1440|1462|7056|9314|25802,BMP2|RUNX1T1|CSF3|VCAN|THBD|KLF4|LMOD1,-1.6,MyList
DisGeNET,35,C0019100,Severe Dengue,,-2.8,3,3.8,30293,117,851,10,1.2,0.37,3119|3123|3383|3576|5196|6352|7056|9021|23541|54715,HLA-DQB1|HLA-DRB1|ICAM1|CXCL8|PF4|CCL5|THBD|SOCS3|SEC14L2|RBFOX1,-1.6,MyList
DisGeNET,35,C0205643,"Carcinoma, Cribriform",,-2.8,3,3.8,30293,117,851,10,1.2,0.37,634|1029|1152|2886|3576|4288|5111|11186|56287|79633,CEACAM1|CDKN2A|CKB|GRB7|CXCL8|MKI67|PCNA|RASSF1|GKN1|FAT4,-1.6,MyList
Cell Type Signatures,7,M40206,DESCARTES FETAL HEART ELF3 AGBL2 POSITIVE CELLS,,-2.8,4.6,4.2,30293,46,851,6,0.71,0.29,1356|1770|1999|9244|54102|80736,CP|DNAH9|ELF3|CRLF1|CLIC6|SLC44A4,-1.6,MyList
DisGeNET,35,C1959632,Plasma Cell Neoplasm,,-2.8,4.6,4.2,30293,46,851,6,0.71,0.29,238|1029|1440|3576|4023|4684,ALK|CDKN2A|CSF3|CXCL8|LPL|NCAM1,-1.6,MyList
DisGeNET,35,C1301363,Blastic plasmacytoid dendritic cell neoplasm,,-2.8,4.6,4.2,30293,46,851,6,0.71,0.29,238|1029|1030|4684|6352|24141,ALK|CDKN2A|CDKN2B|NCAM1|CCL5|LAMP5,-1.6,MyList
DisGeNET,35,C0678202,Regional enteritis,,-2.8,4.6,4.2,30293,46,851,6,0.71,0.29,2335|2524|3123|4689|7448|8929,FN1|FUT2|HLA-DRB1|NCF4|VTN|PHOX2B,-1.6,MyList
DisGeNET,35,C4505072,Epileptic Syndromes,,-2.8,4.6,4.2,30293,46,851,6,0.71,0.29,1137|3785|6328|6513|9211|9961,CHRNA4|KCNQ2|SCN3A|SLC2A1|LGI1|MVP,-1.6,MyList
DisGeNET,35,C0206728,Plexiform Neurofibroma,,-2.8,4.6,4.2,30293,46,851,6,0.71,0.29,133|861|1029|2335|4914|6662,ADM|RUNX1|CDKN2A|FN1|NTRK1|SOX9,-1.6,MyList
DisGeNET,35,C0023480,"Leukemia, Myelomonocytic, Chronic",,-2.8,2.7,3.7,30293,158,851,12,1.4,0.4,290|861|1026|1029|2624|3397|3481|3725|4753|7070|9235|23135,ANPEP|RUNX1|CDKN1A|CDKN2A|GATA2|ID1|IGF2|JUN|NELL2|THY1|IL32|KDM6B,-1.6,MyList
Cell Type Signatures,7,M39047,FAN EMBRYONIC CTX BRAIN NAIVE LIKE T CELL,,-2.8,2.7,3.7,30293,158,851,12,1.4,0.4,301|2634|3561|4118|5880|7128|7277|9235|9262|53827|54674|100131187,ANXA1|GBP2|IL2RG|MAL|RAC2|TNFAIP3|TUBA4A|IL32|STK17B|FXYD5|LRRN3|TSTD1,-1.6,MyList
DisGeNET,35,C0271084,Exudative age-related macular degeneration,,-2.8,2.7,3.7,30293,158,851,12,1.4,0.4,285|718|1295|1410|3576|4684|7070|7538|22943|51129|54541|80736,ANGPT2|C3|COL8A1|CRYAB|CXCL8|NCAM1|THY1|ZFP36|DKK1|ANGPTL4|DDIT4|SLC44A4,-1.6,MyList
DisGeNET,35,C0037369,Smoking,,-2.8,2,3.4,30293,391,851,22,2.6,0.54,861|1012|1136|1137|1143|1996|3222|4684|5142|6913|9378|9423|10439|23043|56243|57211|57451|64067|64399|65217|80150|91584,RUNX1|CDH13|CHRNA3|CHRNA4|CHRNB4|ELAVL4|HOXC5|NCAM1|PDE4B|TBX15|NRXN1|NTN1|OLFM1|TNIK|KIAA1217|ADGRG6|TENM2|NPAS3|HHIP|PCDH15|ASRGL1|PLXNA4,-1.6,MyList
DisGeNET,35,C0040053,Thrombosis,,-2.8,3.3,3.8,30293,98,851,9,1.1,0.35,1361|1634|2243|2266|5196|5327|7056|9314|57126,CPB2|DCN|FGA|FGG|PF4|PLAT|THBD|KLF4|CD177,-1.6,MyList
Cell Type Signatures,7,M39210,ZHENG CORD BLOOD C1 PUTATIVE MEGAKARYOCYTE PROGENITOR,,-2.8,3.3,3.8,30293,98,851,9,1.1,0.35,928|2039|2934|5155|5196|6352|22915|54997|80323,CD9|DMTN|GSN|PDGFB|PF4|CCL5|MMRN1|TESC|CCDC68,-1.6,MyList
DisGeNET,35,C0151811,Subcutaneous nodule,,-2.7,3.6,3.9,30293,80,851,8,0.94,0.33,1277|1281|1649|1893|2521|3123|5155|8792,COL1A1|COL3A1|DDIT3|ECM1|FUS|HLA-DRB1|PDGFB|TNFRSF11A,-1.5,MyList
Cell Type Signatures,7,M40106,DESCARTES MAIN FETAL ENDOCARDIAL CELLS,,-2.7,3.6,3.9,30293,80,851,8,0.94,0.33,1009|1889|2701|4681|7056|27123|57007|84952,CDH11|ECE1|GJA4|NBL1|THBD|DKK2|ACKR3|CGNL1,-1.5,MyList
DisGeNET,35,C1848296,DOSAGE-SENSITIVE SEX REVERSAL,,-2.7,2.7,3.6,30293,159,851,12,1.4,0.4,602|718|861|2877|3123|4319|4914|6303|6662|23541|27035|51129,BCL3|C3|RUNX1|GPX2|HLA-DRB1|MMP10|NTRK1|SAT1|SOX9|SEC14L2|NOX1|ANGPTL4,-1.5,MyList
DisGeNET,35,C0347950,Asthma attack,,-2.7,5.6,4.4,30293,32,851,5,0.59,0.26,1012|3383|4760|6352|6850,CDH13|ICAM1|NEUROD1|CCL5|SYK,-1.5,MyList
DisGeNET,35,C0027813,Neuritis,,-2.7,5.6,4.4,30293,32,851,5,0.59,0.26,3576|4155|9423|54210|148022,CXCL8|MBP|NTN1|TREM1|TICAM1,-1.5,MyList
DisGeNET,35,C0042138,Uterine Neoplasms,,-2.7,5.6,4.4,30293,32,851,5,0.59,0.26,1277|1440|3219|3624|5155,COL1A1|CSF3|HOXB9|INHBA|PDGFB,-1.5,MyList
DisGeNET,35,C0235272,Retinal damage,,-2.7,5.6,4.4,30293,32,851,5,0.59,0.26,429|1634|3383|4319|7295,ASCL1|DCN|ICAM1|MMP10|TXN,-1.5,MyList
DisGeNET,35,C0015300,Exophthalmos,,-2.7,2.4,3.5,30293,225,851,15,1.8,0.45,633|862|1009|1277|1281|1301|1855|3383|3481|4036|5155|6662|7291|7545|8792,BGN|RUNX1T1|CDH11|COL1A1|COL3A1|COL11A1|DVL1|ICAM1|IGF2|LRP2|PDGFB|SOX9|TWIST1|ZIC1|TNFRSF11A,-1.5,MyList
DisGeNET,35,C0541764,Delayed bone age,,-2.7,2.2,3.4,30293,295,851,18,2.1,0.49,650|1311|1804|1855|2253|2353|2697|3339|3481|3694|5122|5456|6658|6662|6736|9056|51199|284119,BMP2|COMP|DPP6|DVL1|FGF8|FOS|GJA1|HSPG2|IGF2|ITGB6|PCSK1|POU3F4|SOX3|SOX9|SRY|SLC7A7|NIN|CAVIN1,-1.5,MyList
DisGeNET,35,C0015625,Fanconi Anemia,,-2.7,2,3.4,30293,393,851,22,2.6,0.54,174|861|1026|1440|2335|2521|3123|3383|3624|4023|4036|4622|4684|5080|5111|5209|6348|7295|8788|22943|55388|55655,AFP|RUNX1|CDKN1A|CSF3|FN1|FUS|HLA-DRB1|ICAM1|INHBA|LPL|LRP2|MYH4|NCAM1|PAX6|PCNA|PFKFB3|CCL3|TXN|DLK1|DKK1|MCM10|NLRP2,-1.5,MyList
TRRUST,34,TRR00270,Regulated by: EP300,,-2.7,4,4,30293,63,851,7,0.82,0.31,768|1026|1030|3576|5111|6549|7056,CA9|CDKN1A|CDKN2B|CXCL8|PCNA|SLC9A2|THBD,-1.5,MyList
DisGeNET,35,C0034543,Radicular Cyst,,-2.7,4,4,30293,63,851,7,0.82,0.31,2335|3339|3383|3552|3576|8792|10630,FN1|HSPG2|ICAM1|IL1A|CXCL8|TNFRSF11A|PDPN,-1.5,MyList
DisGeNET,35,C0334634,"Malignant lymphoma, lymphocytic, intermediate differentiation, diffuse",,-2.7,2.2,3.4,30293,296,851,18,2.1,0.49,301|655|972|1026|1029|1030|1822|3481|4194|4288|4914|6348|6850|6886|9021|9314|29923|84433,ANXA1|BMP7|CD74|CDKN1A|CDKN2A|CDKN2B|ATN1|IGF2|MDM4|MKI67|NTRK1|CCL3|SYK|TAL1|SOCS3|KLF4|HILPDA|CARD11,-1.5,MyList
Cell Type Signatures,7,M41749,RUBENSTEIN SKELETAL MUSCLE NK CELLS,,-2.7,2.4,3.5,30293,226,851,15,1.8,0.45,301|567|694|837|961|3561|3725|3726|5729|5880|6348|6352|8673|54541|387882,ANXA1|B2M|BTG1|CASP4|CD47|IL2RG|JUN|JUNB|PTGDR|RAC2|CCL3|CCL5|VAMP8|DDIT4|C12orf75,-1.5,MyList
Transcription Factor Targets,16,M13982,CREB Q2 01,,-2.7,2.4,3.5,30293,226,851,15,1.8,0.45,2128|3226|3397|3725|3741|5122|5178|6616|8549|10150|11082|23645|55890|64399|150094,EVX1|HOXC10|ID1|JUN|KCNA5|PCSK1|PEG3|SNAP25|LGR5|MBNL2|ESM1|PPP1R15A|GPRC5C|HHIP|SIK1,-1.5,MyList
Transcription Factor Targets,16,M5320,HIF1 Q5,,-2.7,2.3,3.5,30293,249,851,16,1.9,0.47,429|650|768|2255|3642|5155|5493|6513|7291|8403|22986|30001|57561|124842|170302|284119,ASCL1|BMP2|CA9|FGF10|INSM1|PDGFB|PPL|SLC2A1|TWIST1|SOX14|SORCS3|ERO1A|ARRDC3|TMEM132E|ARX|CAVIN1,-1.5,MyList
Transcription Factor Targets,16,M10836,SP3 Q3,,-2.7,2.3,3.5,30293,249,851,16,1.9,0.47,429|602|650|655|861|1044|2018|2530|3726|5209|6900|7101|11254|57124|79026|375704,ASCL1|BCL3|BMP2|BMP7|RUNX1|CDX1|EMX2|FUT8|JUNB|PFKFB3|CNTN2|NR2E1|SLC6A14|CD248|AHNAK|ENHO,-1.5,MyList
DisGeNET,35,C0393639,Hashimoto's encephalitis,,-2.7,4.5,4.1,30293,47,851,6,0.71,0.29,1804|3918|6277|6364|9211|56896,DPP6|LAMC2|S100A6|CCL20|LGI1|DPYSL5,-1.5,MyList
DisGeNET,35,C0458219,Complex Regional Pain Syndromes,,-2.7,4.5,4.1,30293,47,851,6,0.71,0.29,1440|3119|3123|3918|4155|7291,CSF3|HLA-DQB1|HLA-DRB1|LAMC2|MBP|TWIST1,-1.5,MyList
DisGeNET,35,C0029423,Cartilaginous exostosis,,-2.7,4.5,4.1,30293,47,851,6,0.71,0.29,650|846|2335|3339|5111|10418,BMP2|CASR|FN1|HSPG2|PCNA|SPON1,-1.5,MyList
DisGeNET,35,C0024003,Lordosis,,-2.7,2.7,3.6,30293,160,851,12,1.4,0.4,414|1277|1311|2273|2335|2353|2852|3339|7020|7291|8831|284119,ARSD|COL1A1|COMP|FHL1|FN1|FOS|GPER1|HSPG2|TFAP2A|TWIST1|SYNGAP1|CAVIN1,-1.5,MyList
DisGeNET,35,C4551720,Primary Ciliary Dyskinesia,,-2.7,2.7,3.6,30293,160,851,12,1.4,0.4,862|1029|1770|3123|3383|3576|4684|7295|7545|7546|55130|84107,RUNX1T1|CDKN2A|DNAH9|HLA-DRB1|ICAM1|CXCL8|NCAM1|TXN|ZIC1|ZIC2|ODAD2|ZIC4,-1.5,MyList
DisGeNET,35,C0279583,Childhood T Acute Lymphoblastic Leukemia,,-2.7,3,3.7,30293,119,851,10,1.2,0.37,861|961|1029|1030|1822|3855|4684|6886|63976|80150,RUNX1|CD47|CDKN2A|CDKN2B|ATN1|KRT7|NCAM1|TAL1|PRDM16|ASRGL1,-1.5,MyList
DisGeNET,35,C3805278,Extrahepatic Cholangiocarcinoma,,-2.7,3,3.7,30293,119,851,10,1.2,0.37,961|3383|3918|4762|5178|7070|7291|7424|9052|11186,CD47|ICAM1|LAMC2|NEUROG1|PEG3|THY1|TWIST1|VEGFC|GPRC5A|RASSF1,-1.5,MyList
DisGeNET,35,C0039070,Syncope,,-2.7,3,3.7,30293,119,851,10,1.2,0.37,133|1512|1621|3119|3123|3852|5155|10163|51083|79152,ADM|CTSH|DBH|HLA-DQB1|HLA-DRB1|KRT5|PDGFB|WASF2|GAL|FA2H,-1.5,MyList
DisGeNET,35,C0085437,"Meningitis, Bacterial",,-2.7,3.5,3.9,30293,81,851,8,0.94,0.33,1361|2335|2697|3383|3576|3918|6374|116844,CPB2|FN1|GJA1|ICAM1|CXCL8|LAMC2|CXCL5|LRG1,-1.5,MyList
DisGeNET,35,C0280785,Diffuse Astrocytoma,,-2.7,3.5,3.9,30293,81,851,8,0.94,0.33,1029|1030|2173|3383|3488|5111|10215|10397,CDKN2A|CDKN2B|FABP7|ICAM1|IGFBP5|PCNA|OLIG2|NDRG1,-1.5,MyList
Cell Type Signatures,7,M39282,DURANTE ADULT OLFACTORY NEUROEPITHELIUM MACROPHAGES,,-2.7,3.5,3.9,30293,81,851,8,0.94,0.33,718|972|1052|2512|3119|3123|3127|6348,C3|CD74|CEBPD|FTL|HLA-DQB1|HLA-DRB1|HLA-DRB5|CCL3,-1.5,MyList
DisGeNET,35,C0015469,Facial paralysis,,-2.7,2.5,3.5,30293,182,851,13,1.5,0.42,1293|2673|2697|2934|3123|3211|3918|5063|5155|6572|9244|60482|170302,COL6A3|GFPT1|GJA1|GSN|HLA-DRB1|HOXB1|LAMC2|PAK3|PDGFB|SLC18A3|CRLF1|SLC5A7|ARX,-1.5,MyList
DisGeNET,35,C0752304,Hypoxic-Ischemic Encephalopathy,,-2.7,2.5,3.5,30293,182,851,13,1.5,0.42,133|875|1281|2934|4155|4973|6506|6513|6515|7070|10215|51477|63973,ADM|CBS|COL3A1|GSN|MBP|OLR1|SLC1A2|SLC2A1|SLC2A3|THY1|OLIG2|ISYNA1|NEUROG2,-1.5,MyList
Transcription Factor Targets,16,M30176,SOX3 TARGET GENES,,-2.7,1.8,3.3,30293,550,851,28,3.3,0.61,694|1009|2823|3213|3955|4155|4319|5142|5521|5992|6533|6660|7025|7029|9245|10194|11189|22943|23023|23645|27111|55502|56892|57561|64399|90050|153769|110806277,BTG1|CDH11|GPM6A|HOXB3|LFNG|MBP|MMP10|PDE4B|PPP2R2B|RFX4|SLC6A6|SOX5|NR2F1|TFDP2|GCNT3|TSHZ1|CELF3|DKK1|TMCC1|PPP1R15A|SDCBP2|HES6|TCIM|ARRDC3|HHIP|FAM181A|SH3RF2|PNMA8C,-1.5,MyList
Transcription Factor Targets,16,M11791,SP1 Q2 01,,-2.7,2.3,3.5,30293,250,851,16,1.9,0.47,602|1410|1747|2530|4916|5076|6572|6886|6926|7538|10725|11255|23612|26050|56884|84171,BCL3|CRYAB|DLX3|FUT8|NTRK3|PAX2|SLC18A3|TAL1|TBX3|ZFP36|NFAT5|HRH3|PHLDA3|SLITRK5|FSTL5|LOXL4,-1.5,MyList
Cell Type Signatures,7,M39218,ZHENG CORD BLOOD C9 GRANULOCYTE MACROPHAGE PROGENITOR,,-2.7,3.2,3.8,30293,100,851,9,1.1,0.35,301|567|1063|1356|4288|6281|6303|6320|8673,ANXA1|B2M|CENPF|CP|MKI67|S100A10|SAT1|CLEC11A|VAMP8,-1.5,MyList
DisGeNET,35,C0010701,Phyllodes Tumor,,-2.7,3.2,3.8,30293,100,851,9,1.1,0.35,768|1029|1634|3481|4914|6364|7291|11186|150094,CA9|CDKN2A|DCN|IGF2|NTRK1|CCL20|TWIST1|RASSF1|SIK1,-1.5,MyList
DisGeNET,35,C0432283,Osteoglophonic dwarfism,,-2.7,3.2,3.8,30293,100,851,9,1.1,0.35,285|846|875|1649|4155|6506|7424|9423|63973,ANGPT2|CASR|CBS|DDIT3|MBP|SLC1A2|VEGFC|NTN1|NEUROG2,-1.5,MyList
DisGeNET,35,C0002873,Anemia of chronic disease,,-2.7,3.2,3.8,30293,100,851,9,1.1,0.35,2335|2353|3552|3725|3726|6662|9021|9518|30813,FN1|FOS|IL1A|JUN|JUNB|SOX9|SOCS3|GDF15|VSX1,-1.5,MyList
DisGeNET,35,C0030286,Pancreatic Diseases,,-2.7,3.2,3.8,30293,100,851,9,1.1,0.35,1029|1045|1087|1510|3576|4194|5645|6374|6690,CDKN2A|CDX2|CEACAM7|CTSE|CXCL8|MDM4|PRSS2|CXCL5|SPINK1,-1.5,MyList
Cell Type Signatures,7,M41714,FAN OVARY CL12 T LYMPHOCYTE NK CELL 2,,-2.7,2.7,3.6,30293,161,851,12,1.4,0.4,301|567|694|3561|6277|6352|7128|7277|9235|22822|53827|54541,ANXA1|B2M|BTG1|IL2RG|S100A6|CCL5|TNFAIP3|TUBA4A|IL32|PHLDA1|FXYD5|DDIT4,-1.5,MyList
DisGeNET,35,C1136249,"Mental Retardation, X-Linked",,-2.7,2.8,3.6,30293,140,851,11,1.3,0.39,414|2258|3552|5063|5456|6658|10215|25891|158866|170302|340533,ARSD|FGF13|IL1A|PAK3|POU3F4|SOX3|OLIG2|PAMR1|ZDHHC15|ARX|NEXMIF,-1.5,MyList
DisGeNET,35,C0741899,Poorly differentiated carcinoma,,-2.7,3.9,3.9,30293,64,851,7,0.82,0.31,1029|1045|1647|2355|3642|7031|9181,CDKN2A|CDX2|GADD45A|FOSL2|INSM1|TFF1|ARHGEF2,-1.5,MyList
DisGeNET,35,C0023652,Lichen Sclerosus et Atrophicus,,-2.7,3.9,3.9,30293,64,851,7,0.82,0.31,1029|1893|3552|4118|4288|5111|22915,CDKN2A|ECM1|IL1A|MAL|MKI67|PCNA|MMRN1,-1.5,MyList
DisGeNET,35,C2350236,Idiopathic Interstitial Pneumonias,,-2.7,3.9,3.9,30293,64,851,7,0.82,0.31,285|1462|1634|3598|6385|7056|8434,ANGPT2|VCAN|DCN|IL13RA2|SDC4|THBD|RECK,-1.5,MyList
TRRUST,34,TRR00342,Regulated by: FOS,,-2.7,3.9,3.9,30293,64,851,7,0.82,0.31,1649|2353|3552|3576|5021|5106|6707,DDIT3|FOS|IL1A|CXCL8|OXTR|PCK2|SPRR3,-1.5,MyList
DisGeNET,35,C0271907,Acquired aplastic anemia,,-2.7,3.9,3.9,30293,64,851,7,0.82,0.31,1440|2624|3123|3552|3576|6288|57007,CSF3|GATA2|HLA-DRB1|IL1A|CXCL8|SAA1|ACKR3,-1.5,MyList
DisGeNET,35,C0403592,Chronic rejection of renal transplant,,-2.7,3.9,3.9,30293,64,851,7,0.82,0.31,285|1029|2335|3576|5155|8728|22915,ANGPT2|CDKN2A|FN1|CXCL8|PDGFB|ADAM19|MMRN1,-1.5,MyList
DisGeNET,35,C0020255,Hydrocephalus,,-2.7,1.9,3.3,30293,473,851,25,2.9,0.58,117|174|1063|1952|3576|3918|4684|5063|5076|5155|6281|6296|6658|6662|6913|7546|7547|8792|30813|55130|57611|63976|80150|170302|286204,ADCYAP1R1|AFP|CENPF|CELSR2|CXCL8|LAMC2|NCAM1|PAK3|PAX2|PDGFB|S100A10|ACSM3|SOX3|SOX9|TBX15|ZIC2|ZIC3|TNFRSF11A|VSX1|ODAD2|ISLR2|PRDM16|ASRGL1|ARX|CRB2,-1.5,MyList
DisGeNET,35,C4551650,Esophageal Stricture,,-2.7,7.1,4.7,30293,20,851,4,0.47,0.23,1294|3914|3918|55612,COL7A1|LAMB3|LAMC2|FERMT1,-1.5,MyList
DisGeNET,35,C0029607,Other emphysema,,-2.7,7.1,4.7,30293,20,851,4,0.47,0.23,2243|2530|3694|3725,FGA|FUT8|ITGB6|JUN,-1.5,MyList
DisGeNET,35,C0936282,Blastoma,,-2.7,7.1,4.7,30293,20,851,4,0.47,0.23,429|1822|4684|57007,ASCL1|ATN1|NCAM1|ACKR3,-1.5,MyList
DisGeNET,35,C1879344,Biliary papillomatosis,,-2.7,7.1,4.7,30293,20,851,4,0.47,0.23,1029|1045|5111|10397,CDKN2A|CDX2|PCNA|NDRG1,-1.5,MyList
DisGeNET,35,C1840235,SOLITARY MEDIAN MAXILLARY CENTRAL INCISOR,,-2.7,7.1,4.7,30293,20,851,4,0.47,0.23,2253|2619|6496|7546,FGF8|GAS1|SIX3|ZIC2,-1.5,MyList
DisGeNET,35,C0865424,Adult attention deficit hyperactivity disorder,,-2.7,7.1,4.7,30293,20,851,4,0.47,0.23,1012|3855|6616|6886,CDH13|KRT7|SNAP25|TAL1,-1.5,MyList
DisGeNET,35,C2931672,"Cerebral hemorrhage with amyloidosis, hereditary, Dutch type",,-2.7,7.1,4.7,30293,20,851,4,0.47,0.23,3918|8553|10194|54498,LAMC2|BHLHE40|TSHZ1|SMOX,-1.5,MyList
DisGeNET,35,C3274516,Single Ventricle Defect,,-2.7,7.1,4.7,30293,20,851,4,0.47,0.23,2255|5992|6496|64220,FGF10|RFX4|SIX3|STRA6,-1.5,MyList
DisGeNET,35,C0268382,Amyloid nephropathy,,-2.7,7.1,4.7,30293,20,851,4,0.47,0.23,2243|2934|6288|9056,FGA|GSN|SAA1|SLC7A7,-1.5,MyList
DisGeNET,35,C0026918,Mycobacterium Infections,,-2.7,2.5,3.5,30293,183,851,13,1.5,0.42,285|301|928|2335|2624|3119|3123|3552|4684|6385|7291|9181|9235,ANGPT2|ANXA1|CD9|FN1|GATA2|HLA-DQB1|HLA-DRB1|IL1A|NCAM1|SDC4|TWIST1|ARHGEF2|IL32,-1.5,MyList
Transcription Factor Targets,16,M15359,CREBP1 01,,-2.7,2.5,3.5,30293,183,851,13,1.5,0.42,1996|2259|2823|3746|5126|10150|11255|23213|23440|24141|56937|57561|79026,ELAVL4|FGF14|GPM6A|KCNC1|PCSK2|MBNL2|HRH3|SULF1|OTP|LAMP5|PMEPA1|ARRDC3|AHNAK,-1.5,MyList
DisGeNET,35,C0206677,Adenomatous Polyps,,-2.7,3,3.7,30293,120,851,10,1.2,0.37,875|1029|1045|2346|3481|3576|9518|11186|140453|653808,CBS|CDKN2A|CDX2|FOLH1|IGF2|CXCL8|GDF15|RASSF1|MUC17|ZG16,-1.5,MyList
DisGeNET,35,C0026948,Mycosis Fungoides,,-2.7,2.3,3.4,30293,251,851,16,1.9,0.47,238|290|567|1029|1030|3119|3123|3726|4288|4684|6352|6364|7424|9021|9235|10630,ALK|ANPEP|B2M|CDKN2A|CDKN2B|HLA-DQB1|HLA-DRB1|JUNB|MKI67|NCAM1|CCL5|CCL20|VEGFC|SOCS3|IL32|PDPN,-1.5,MyList
DisGeNET,35,C0266568,Persistent Hyperplastic Primary Vitreous,,-2.7,5.4,4.3,30293,33,851,5,0.59,0.26,1029|4288|5080|5111|94234,CDKN2A|MKI67|PAX6|PCNA|FOXQ1,-1.5,MyList
DisGeNET,35,C0542519,Congenital absence of kidney,,-2.7,5.4,4.3,30293,33,851,5,0.59,0.26,174|5076|6662|6928|147111,AFP|PAX2|SOX9|HNF1B|NOTUM,-1.5,MyList
DisGeNET,35,C0206647,Dermatofibrosarcoma,,-2.7,5.4,4.3,30293,33,851,5,0.59,0.26,1277|1293|1462|4916|5155,COL1A1|COL6A3|VCAN|NTRK3|PDGFB,-1.5,MyList
DisGeNET,35,C2350344,Chronic Lung Injury,,-2.7,5.4,4.3,30293,33,851,5,0.59,0.26,1999|2335|4914|6348|22915,ELF3|FN1|NTRK1|CCL3|MMRN1,-1.5,MyList
DisGeNET,35,C1619738,Immune Reconstitution Inflammatory Syndrome,,-2.7,5.4,4.3,30293,33,851,5,0.59,0.26,3552|3576|3918|6352|54210,IL1A|CXCL8|LAMC2|CCL5|TREM1,-1.5,MyList
DisGeNET,35,C0406317,Chronic small plaque psoriasis,,-2.7,3.5,3.8,30293,82,851,8,0.94,0.33,26|1029|2169|3552|5266|9181|22943|56300,AOC1|CDKN2A|FABP2|IL1A|PI3|ARHGEF2|DKK1|IL36G,-1.5,MyList
DisGeNET,35,C0349788,Arrhythmogenic Right Ventricular Dysplasia,,-2.7,3.5,3.8,30293,82,851,8,0.94,0.33,1050|1993|2697|5339|6546|22915|64065|84033,CEBPA|ELAVL2|GJA1|PLEC|SLC8A1|MMRN1|PERP|OBSCN,-1.5,MyList
DisGeNET,35,C0029464,Osteosclerosis,,-2.7,3.5,3.8,30293,82,851,8,0.94,0.33,650|1277|1747|1855|3339|3589|5111|5334,BMP2|COL1A1|DLX3|DVL1|HSPG2|IL11|PCNA|PLCL1,-1.5,MyList
DisGeNET,35,C0005941,"Bone Diseases, Developmental",,-2.7,3.5,3.8,30293,82,851,8,0.94,0.33,286|1299|1311|1749|3481|5125|7547|8792,ANK1|COL9A3|COMP|DLX5|IGF2|PCSK5|ZIC3|TNFRSF11A,-1.5,MyList
DisGeNET,35,C3495798,Periodontal inflammation,,-2.7,3.5,3.8,30293,82,851,8,0.94,0.33,1440|3576|3694|8553|9423|30813|50506|54210,CSF3|CXCL8|ITGB6|BHLHE40|NTN1|VSX1|DUOX2|TREM1,-1.5,MyList
DisGeNET,35,C4317089,Infantile hemangioma,,-2.7,3.5,3.8,30293,82,851,8,0.94,0.33,285|1029|3481|6513|7070|7424|10397|89932,ANGPT2|CDKN2A|IGF2|SLC2A1|THY1|VEGFC|NDRG1|PAPLN,-1.5,MyList
Transcription Factor Targets,16,M1608,NFE2 01,,-2.7,2.2,3.4,30293,275,851,17,2,0.48,602|1026|1647|4188|5121|5339|7277|11030|11075|23023|25802|51129|63874|90665|170685|196463|196500,BCL3|CDKN1A|GADD45A|MDFI|PCP4|PLEC|TUBA4A|RBPMS|STMN2|TMCC1|LMOD1|ANGPTL4|ABHD4|TBL1Y|NUDT10|PLBD2|PIANP,-1.5,MyList
DisGeNET,35,C0699753,Cancer Relapse,,-2.7,4.4,4.1,30293,48,851,6,0.71,0.29,875|1045|1462|7058|8549|9518,CBS|CDX2|VCAN|THBS2|LGR5|GDF15,-1.5,MyList
PaGenBase,36,PGB:00068,Tissue-specific: Stomach,,-2.7,4.4,4.1,30293,48,851,6,0.71,0.29,768|1510|7031|10863|51208|56287,CA9|CTSE|TFF1|ADAM28|CLDN18|GKN1,-1.5,MyList
DisGeNET,35,C0431129,Adamantinous Craniopharyngioma,,-2.7,4.4,4.1,30293,48,851,6,0.71,0.29,650|1293|1356|3552|4288|6690,BMP2|COL6A3|CP|IL1A|MKI67|SPINK1,-1.5,MyList
TRRUST,34,TRR00781,Regulated by: MYCN,,-2.7,4.4,4.1,30293,48,851,6,0.71,0.29,1026|4804|4914|10397|54674|55388,CDKN1A|NGFR|NTRK1|NDRG1|LRRN3|MCM10,-1.5,MyList
DisGeNET,35,C4082299,Bulbar palsy,,-2.7,4.4,4.1,30293,48,851,6,0.71,0.29,2521|2934|3918|6572|6616|60482,FUS|GSN|LAMC2|SLC18A3|SNAP25|SLC5A7,-1.5,MyList
DisGeNET,35,C3714772,Recurrent fevers,,-2.7,4.4,4.1,30293,48,851,6,0.71,0.29,1440|3552|3561|4914|7128|9244,CSF3|IL1A|IL2RG|NTRK1|TNFAIP3|CRLF1,-1.5,MyList
Transcription Factor Targets,16,M4121,TCF11MAFG 01,,-2.7,2.4,3.5,30293,206,851,14,1.6,0.44,2596|2877|5155|6096|6660|9902|23023|30001|54715|84107|84171|170685|196463|196500,GAP43|GPX2|PDGFB|RORB|SOX5|MRC2|TMCC1|ERO1A|RBFOX1|ZIC4|LOXL4|NUDT10|PLBD2|PIANP,-1.5,MyList
Cell Type Signatures,7,M39254,MENON FETAL KIDNEY 4 PODOCYTES,,-2.7,2.4,3.5,30293,206,851,14,1.6,0.44,655|1647|5800|6277|7122|7869|10163|10653|11228|11346|23213|79026|84952|255743,BMP7|GADD45A|PTPRO|S100A6|CLDN5|SEMA3B|WASF2|SPINT2|RASSF8|SYNPO|SULF1|AHNAK|CGNL1|NPNT,-1.5,MyList
DisGeNET,35,C0026848,Myopathy,,-2.7,1.7,3.2,30293,633,851,31,3.6,0.64,111|273|1063|1137|1293|1299|1410|1440|1634|1649|2273|2274|2353|2673|3123|3300|3339|4023|4684|5339|6662|7448|9518|9745|10150|57211|63976|64866|79784|84033|284119,ADCY5|AMPH|CENPF|CHRNA4|COL6A3|COL9A3|CRYAB|CSF3|DCN|DDIT3|FHL1|FHL2|FOS|GFPT1|HLA-DRB1|DNAJB2|HSPG2|LPL|NCAM1|PLEC|SOX9|VTN|GDF15|ZNF536|MBNL2|ADGRG6|PRDM16|CDCP1|MYH14|OBSCN|CAVIN1,-1.5,MyList
DisGeNET,35,C0206623,Adenosquamous carcinoma,,-2.7,3.2,3.7,30293,101,851,9,1.1,0.35,238|1029|1044|1045|3852|3855|9181|11186|11343,ALK|CDKN2A|CDX1|CDX2|KRT5|KRT7|ARHGEF2|RASSF1|MGLL,-1.5,MyList
DisGeNET,35,C0242422,Parkinsonian Disorders,,-2.7,2,3.3,30293,373,851,21,2.5,0.53,2|290|862|1356|1621|2512|2521|2675|2697|3300|3918|4036|5155|5521|6352|6376|6513|7070|9518|11255|51142,A2M|ANPEP|RUNX1T1|CP|DBH|FTL|FUS|GFRA2|GJA1|DNAJB2|LAMC2|LRP2|PDGFB|PPP2R2B|CCL5|CX3CL1|SLC2A1|THY1|GDF15|HRH3|CHCHD2,-1.5,MyList
DisGeNET,35,C0031106,Aggressive Periodontitis,,-2.7,2.5,3.5,30293,184,851,13,1.5,0.42,1029|1030|1045|1440|1822|3119|3123|3552|3576|5266|6348|54210|57211,CDKN2A|CDKN2B|CDX2|CSF3|ATN1|HLA-DQB1|HLA-DRB1|IL1A|CXCL8|PI3|CCL3|TREM1|ADGRG6,-1.5,MyList
DisGeNET,35,C0033377,Ptosis,,-2.7,1.8,3.2,30293,607,851,30,3.5,0.63,1277|1281|1621|1634|1759|1855|1910|2253|2273|2521|2673|3211|3339|3852|5080|5339|6328|6493|6506|6572|6578|6616|7020|7021|7291|8831|9181|60482|79633|84107,COL1A1|COL3A1|DBH|DCN|DNM1|DVL1|EDNRB|FGF8|FHL1|FUS|GFPT1|HOXB1|HSPG2|KRT5|PAX6|PLEC|SCN3A|SIM2|SLC1A2|SLC18A3|SLCO2A1|SNAP25|TFAP2A|TFAP2B|TWIST1|SYNGAP1|ARHGEF2|SLC5A7|FAT4|ZIC4,-1.5,MyList
Cell Type Signatures,7,M39120,AIZARANI LIVER C18 NK NKT CELLS 5,,-2.7,2.9,3.6,30293,121,851,10,1.2,0.37,301|1051|1462|3119|3576|6303|7045|7127|9056|9314,ANXA1|CEBPB|VCAN|HLA-DQB1|CXCL8|SAT1|TGFBI|TNFAIP2|SLC7A7|KLF4,-1.5,MyList
DisGeNET,35,C0024314,Lymphoproliferative Disorders,,-2.7,2.1,3.4,30293,300,851,18,2.1,0.49,238|290|602|1029|1822|3123|3383|3561|3676|4684|6850|6900|7128|8287|9021|11186|80150|84433,ALK|ANPEP|BCL3|CDKN2A|ATN1|HLA-DRB1|ICAM1|IL2RG|ITGA4|NCAM1|SYK|CNTN2|TNFAIP3|USP9Y|SOCS3|RASSF1|ASRGL1|CARD11,-1.5,MyList
Cell Type Signatures,7,M39162,GAO LARGE INTESTINE ADULT CE OLFM4HIGH STEM CELL,,-2.6,2,3.3,30293,374,851,21,2.5,0.53,1288|2180|2624|3119|3741|4661|6374|6376|6506|11030|11259|11346|23612|51199|57580|79974|84033|84952|84969|166012|219287,COL4A6|ACSL1|GATA2|HLA-DQB1|KCNA5|MYT1|CXCL5|CX3CL1|SLC1A2|RBPMS|FILIP1L|SYNPO|PHLDA3|NIN|PREX1|CPED1|OBSCN|CGNL1|TOX2|CHST13|AMER2,-1.5,MyList
Transcription Factor Targets,16,M16200,ISRE 01,,-2.6,2.3,3.4,30293,253,851,16,1.9,0.47,567|4036|4821|5076|5099|5284|6238|6892|9290|11189|25975|51129|63976|85508|255743|346389,B2M|LRP2|NKX2-2|PAX2|PCDH7|PIGR|RRBP1|TAPBP|GPR55|CELF3|EGFL6|ANGPTL4|PRDM16|SCRT2|NPNT|MACC1,-1.5,MyList
DisGeNET,35,C0002390,Extrinsic allergic alveolitis,,-2.6,3.8,3.9,30293,65,851,7,0.82,0.31,3123|3552|3576|6277|6374|22915|23541,HLA-DRB1|IL1A|CXCL8|S100A6|CXCL5|MMRN1|SEC14L2,-1.5,MyList
DisGeNET,35,C0472817,WHIM syndrome,,-2.6,11,5.2,30293,10,851,3,0.35,0.2,1440|5880|57007,CSF3|RAC2|ACKR3,-1.5,MyList
DisGeNET,35,C1861388,Short 5th metacarpal,,-2.6,11,5.2,30293,10,851,3,0.35,0.2,650|8831|55612,BMP2|SYNGAP1|FERMT1,-1.5,MyList
DisGeNET,35,C3160844,PAI-1 polymorphism,,-2.6,11,5.2,30293,10,851,3,0.35,0.2,1361|3552|5327,CPB2|IL1A|PLAT,-1.5,MyList
PaGenBase,36,PGB:00090,Cell-specific: PANC1,,-2.6,11,5.2,30293,10,851,3,0.35,0.2,3339|7538|64856,HSPG2|ZFP36|VWA1,-1.5,MyList
TRRUST,34,TRR01580,Regulated by: ZNF382,,-2.6,11,5.2,30293,10,851,3,0.35,0.2,3397|3725|9641,ID1|JUN|IKBKE,-1.5,MyList
TRRUST,34,TRR01552,Regulated by: ZBTB16,,-2.6,11,5.2,30293,10,851,3,0.35,0.2,890|1050|6662,CCNA2|CEBPA|SOX9,-1.5,MyList
DisGeNET,35,C0339263,Pseudophakic corneal edema,,-2.6,11,5.2,30293,10,851,3,0.35,0.2,2335|3576|3676,FN1|CXCL8|ITGA4,-1.5,MyList
DisGeNET,35,C0085179,Eosinophilia-Myalgia Syndrome,,-2.6,11,5.2,30293,10,851,3,0.35,0.2,1277|2335|3123,COL1A1|FN1|HLA-DRB1,-1.5,MyList
DisGeNET,35,C0031157,Peritonsillar Abscess,,-2.6,11,5.2,30293,10,851,3,0.35,0.2,2346|3576|6374,FOLH1|CXCL8|CXCL5,-1.5,MyList
DisGeNET,35,C1859438,Frontalis muscle weakness,,-2.6,11,5.2,30293,10,851,3,0.35,0.2,6572|6616|60482,SLC18A3|SNAP25|SLC5A7,-1.5,MyList
DisGeNET,35,C1320453,Cervical Squamous Cell Carcinoma In Situ,,-2.6,11,5.2,30293,10,851,3,0.35,0.2,1029|6513|7424,CDKN2A|SLC2A1|VEGFC,-1.5,MyList
DisGeNET,35,C4081731,Hereditary systemic amyloidosis,,-2.6,11,5.2,30293,10,851,3,0.35,0.2,345|567|2243,APOC3|B2M|FGA,-1.5,MyList
TRRUST,34,TRR01568,Regulated by: ZNF148,,-2.6,11,5.2,30293,10,851,3,0.35,0.2,1029|6374|8660,CDKN2A|CXCL5|IRS2,-1.5,MyList
DisGeNET,35,C0018021,Goiter,,-2.6,2.8,3.6,30293,142,851,11,1.3,0.39,1087|2934|3123|3488|4684|4914|6513|10397|50506|80150|405753,CEACAM7|GSN|HLA-DRB1|IGFBP5|NCAM1|NTRK1|SLC2A1|NDRG1|DUOX2|ASRGL1|DUOXA2,-1.5,MyList
DisGeNET,35,C0025363,"Mental Retardation, Psychosocial",,-2.6,2.8,3.6,30293,142,851,11,1.3,0.39,429|890|2290|5080|6513|6616|8831|9378|10752|23135|64220,ASCL1|CCNA2|FOXG1|PAX6|SLC2A1|SNAP25|SYNGAP1|NRXN1|CHL1|KDM6B|STRA6,-1.5,MyList
DisGeNET,35,C0262584,"Carcinoma, Small Cell",,-2.6,2.5,3.5,30293,185,851,13,1.5,0.42,238|429|1029|1045|1361|3576|3642|4684|5284|6850|7056|7113|11186,ALK|ASCL1|CDKN2A|CDX2|CPB2|CXCL8|INSM1|NCAM1|PIGR|SYK|THBD|TMPRSS2|RASSF1,-1.5,MyList
DisGeNET,35,C0014772,Red Blood Cell Count measurement,,-2.6,1.7,3.2,30293,717,851,34,4,0.67,111|286|861|1277|2034|3236|3694|3768|3993|4188|5339|5629|6296|6493|6513|6886|6900|8022|9052|9180|10475|10512|11322|11346|23316|23768|51599|63976|79977|84894|84952|84969|112399|254102,ADCY5|ANK1|RUNX1|COL1A1|EPAS1|HOXD10|ITGB6|KCNJ12|LLGL2|MDFI|PLEC|PROX1|ACSM3|SIM2|SLC2A1|TAL1|CNTN2|LHX3|GPRC5A|OSMR|TRIM38|SEMA3C|TMC6|SYNPO|CUX2|FLRT2|LSR|PRDM16|GRHL2|LINGO1|CGNL1|TOX2|EGLN3|EHBP1L1,-1.5,MyList
DisGeNET,35,C0153382,Malignant neoplasm of oropharynx,,-2.6,3.4,3.8,30293,83,851,8,0.94,0.33,1029|3119|3123|3552|4194|5178|22943|79977,CDKN2A|HLA-DQB1|HLA-DRB1|IL1A|MDM4|PEG3|DKK1|GRHL2,-1.5,MyList
DisGeNET,35,C0236018,Aura,,-2.6,3.4,3.8,30293,83,851,8,0.94,0.33,1759|2290|2353|3785|6506|6616|8831|340533,DNM1|FOXG1|FOS|KCNQ2|SLC1A2|SNAP25|SYNGAP1|NEXMIF,-1.5,MyList
DisGeNET,35,C0751111,Awakening Epilepsy,,-2.6,3.4,3.8,30293,83,851,8,0.94,0.33,1759|2290|2353|3785|6506|6616|8831|340533,DNM1|FOXG1|FOS|KCNQ2|SLC1A2|SNAP25|SYNGAP1|NEXMIF,-1.5,MyList
DisGeNET,35,C0003076,Aniridia,,-2.6,3.4,3.8,30293,83,851,8,0.94,0.33,414|1749|1750|3576|5076|5080|6348|7101,ARSD|DLX5|DLX6|CXCL8|PAX2|PAX6|CCL3|NR2E1,-1.5,MyList
DisGeNET,35,C0033770,Prune Belly Syndrome,,-2.6,3.4,3.8,30293,83,851,8,0.94,0.33,2|285|290|1051|2920|3383|6928|116844,A2M|ANGPT2|ANPEP|CEBPB|CXCL2|ICAM1|HNF1B|LRG1,-1.5,MyList
Cell Type Signatures,7,M39260,MENON FETAL KIDNEY 10 IMMUNE CELLS,,-2.6,3.4,3.8,30293,83,851,8,0.94,0.33,567|972|2353|2512|3123|6277|6303|8673,B2M|CD74|FOS|FTL|HLA-DRB1|S100A6|SAT1|VAMP8,-1.5,MyList
Transcription Factor Targets,16,M29962,F10 TARGET GENES,,-2.6,2.2,3.4,30293,277,851,17,2,0.48,174|1281|1356|2913|4319|4684|5142|6660|7025|10725|11030|27123|56892|57451|57484|112399|283659,AFP|COL3A1|CP|GRM3|MMP10|NCAM1|PDE4B|SOX5|NR2F1|NFAT5|RBPMS|DKK2|TCIM|TENM2|RNF150|EGLN3|PRTG,-1.5,MyList
DisGeNET,35,C0497156,Lymphadenopathy,,-2.6,2.2,3.4,30293,277,851,17,2,0.48,238|311|567|718|861|1029|2346|2624|3123|3383|3561|3676|4684|5063|79633|80150|84433,ALK|ANXA11|B2M|C3|RUNX1|CDKN2A|FOLH1|GATA2|HLA-DRB1|ICAM1|IL2RG|ITGA4|NCAM1|PAK3|FAT4|ASRGL1|CARD11,-1.5,MyList
DisGeNET,35,C0686377,CNS metastases,,-2.6,3.1,3.7,30293,102,851,9,1.1,0.35,238|718|972|1607|2274|3552|3918|4684|4914,ALK|C3|CD74|DGKB|FHL2|IL1A|LAMC2|NCAM1|NTRK1,-1.5,MyList
DisGeNET,35,C0334299,Carcinoid tumor no ICD-O subtype,,-2.6,2.9,3.6,30293,122,851,10,1.2,0.37,429|890|1045|2353|3725|3726|6493|6513|9052|23440,ASCL1|CCNA2|CDX2|FOS|JUN|JUNB|SIM2|SLC2A1|GPRC5A|OTP,-1.5,MyList
Transcription Factor Targets,16,M13313,TGIF 01,,-2.6,2.2,3.4,30293,254,851,16,1.9,0.47,114|577|1030|1294|1993|2042|3236|5521|6928|8482|8673|10586|11170|54541|84033|130132,ADCY8|ADGRB3|CDKN2B|COL7A1|ELAVL2|EPHA3|HOXD10|PPP2R2B|HNF1B|SEMA7A|VAMP8|MAB21L2|FAM107A|DDIT4|OBSCN|RFTN2,-1.5,MyList
Transcription Factor Targets,16,M7179,MIF1 01,,-2.6,2.5,3.5,30293,186,851,13,1.5,0.42,862|1770|1993|2018|2258|2913|4036|6376|6658|6660|9244|27111|150094,RUNX1T1|DNAH9|ELAVL2|EMX2|FGF13|GRM3|LRP2|CX3CL1|SOX3|SOX5|CRLF1|SDCBP2|SIK1,-1.4,MyList
DisGeNET,35,C0549297,Auricular swelling,,-2.6,4.4,4,30293,49,851,6,0.71,0.29,2920|3383|3552|3576|6352|7295,CXCL2|ICAM1|IL1A|CXCL8|CCL5|TXN,-1.4,MyList
DisGeNET,35,C0206706,Verrucous carcinoma,,-2.6,4.4,4,30293,49,851,6,0.71,0.29,1029|3852|4288|6513|6707|11186,CDKN2A|KRT5|MKI67|SLC2A1|SPRR3|RASSF1,-1.4,MyList
DisGeNET,35,C0240479,Neck muscle weakness,,-2.6,4.4,4,30293,49,851,6,0.71,0.29,1410|2673|6572|6616|60482|79152,CRYAB|GFPT1|SLC18A3|SNAP25|SLC5A7|FA2H,-1.4,MyList
DisGeNET,35,C0221775,Lumbar disc disease,,-2.6,4.4,4,30293,49,851,6,0.71,0.29,1277|1299|1301|3552|7058|11096,COL1A1|COL9A3|COL11A1|IL1A|THBS2|ADAMTS5,-1.4,MyList
DisGeNET,35,C0234979,Dysdiadochokinesis,,-2.6,4.4,4,30293,49,851,6,0.71,0.29,1822|3746|5155|5456|5521|79152,ATN1|KCNC1|PDGFB|POU3F4|PPP2R2B|FA2H,-1.4,MyList
DisGeNET,35,C0019069,Hemophilia A,,-2.6,2.7,3.5,30293,143,851,11,1.3,0.39,1361|3123|3383|3576|3855|5196|6886|7056|8792|11096|22943,CPB2|HLA-DRB1|ICAM1|CXCL8|KRT7|PF4|TAL1|THBD|TNFRSF11A|ADAMTS5|DKK1,-1.4,MyList
DisGeNET,35,C0260037,Multiple tumors,,-2.6,2.7,3.5,30293,143,851,11,1.3,0.39,174|1029|2273|2920|3481|4194|6376|9181|9518|11186|64321,AFP|CDKN2A|FHL1|CXCL2|IGF2|MDM4|CX3CL1|ARHGEF2|GDF15|RASSF1|SOX17,-1.4,MyList
DisGeNET,35,C0280253,"stage, gastric cancer",,-2.6,5.2,4.2,30293,34,851,5,0.59,0.26,1015|1087|3552|6352|346389,CDH17|CEACAM7|IL1A|CCL5|MACC1,-1.4,MyList
DisGeNET,35,C1314694,"Astrocytoma, low grade",,-2.6,5.2,4.2,30293,34,851,5,0.59,0.26,768|1026|1462|2335|346389,CA9|CDKN1A|VCAN|FN1|MACC1,-1.4,MyList
Cell Type Signatures,7,M40199,DESCARTES FETAL HEART STROMAL CELLS,,-2.6,5.2,4.2,30293,34,851,5,0.59,0.26,1277|1634|2846|9068|203447,COL1A1|DCN|LPAR4|ANGPTL1|NRK,-1.4,MyList
DisGeNET,35,C0027658,"Neoplasms, Germ Cell and Embryonal",,-2.6,5.2,4.2,30293,34,851,5,0.59,0.26,174|928|3481|6515|9573,AFP|CD9|IGF2|SLC2A3|GDF3,-1.4,MyList
TRRUST,34,TRR00198,Regulated by: DNMT1,,-2.6,5.2,4.2,30293,34,851,5,0.59,0.26,650|1029|1030|9235|11186,BMP2|CDKN2A|CDKN2B|IL32|RASSF1,-1.4,MyList
Transcription Factor Targets,16,M10817,CMYB 01,,-2.6,2.2,3.4,30293,255,851,16,1.9,0.47,1496|3213|3487|3772|5155|7101|8553|8929|10653|11343|23213|27319|50674|55502|55885|84107,CTNNA2|HOXB3|IGFBP4|KCNJ15|PDGFB|NR2E1|BHLHE40|PHOX2B|SPINT2|MGLL|SULF1|BHLHE22|NEUROG3|HES6|LMO3|ZIC4,-1.4,MyList
Transcription Factor Targets,16,M8101,NGFIC 01,,-2.6,2.2,3.4,30293,255,851,16,1.9,0.47,1641|1995|2521|3746|4916|5126|5155|5992|6238|6376|6616|8553|9423|23440|79026|170685,DCX|ELAVL3|FUS|KCNC1|NTRK3|PCSK2|PDGFB|RFX4|RRBP1|CX3CL1|SNAP25|BHLHE40|NTN1|OTP|AHNAK|NUDT10,-1.4,MyList
Transcription Factor Targets,16,M18894,TCANNTGAY SREBP1 01,,-2.6,1.9,3.2,30293,479,851,25,2.9,0.58,114|655|862|1010|1440|1649|1759|3037|3222|5076|5155|5476|6096|6660|7275|7547|8403|9590|10150|11145|22895|25802|55885|130132|153769,ADCY8|BMP7|RUNX1T1|CDH12|CSF3|DDIT3|DNM1|HAS2|HOXC5|PAX2|PDGFB|CTSA|RORB|SOX5|TUB|ZIC3|SOX14|AKAP12|MBNL2|PLAAT3|RPH3A|LMOD1|LMO3|RFTN2|SH3RF2,-1.4,MyList
Transcription Factor Targets,16,M7806,HSF Q6,,-2.6,2.4,3.4,30293,209,851,14,1.6,0.44,1410|1993|2934|4821|4826|5122|5992|6616|8906|9211|10814|27133|57124|79784,CRYAB|ELAVL2|GSN|NKX2-2|NNAT|PCSK1|RFX4|SNAP25|AP1G2|LGI1|CPLX2|KCNH5|CD248|MYH14,-1.4,MyList
DisGeNET,35,C3714948,PACHYONYCHIA CONGENITA 3,,-2.6,2.4,3.4,30293,209,851,14,1.6,0.44,890|961|1026|1822|2346|2697|3481|3576|3853|6736|8190|8792|9123|132625,CCNA2|CD47|CDKN1A|ATN1|FOLH1|GJA1|IGF2|CXCL8|KRT6A|SRY|MIA|TNFRSF11A|SLC16A3|ZFP42,-1.4,MyList
DisGeNET,35,C0004277,Tooth Attrition,,-2.6,3.8,3.8,30293,66,851,7,0.82,0.31,1029|1440|1462|6288|6690|6736|10163,CDKN2A|CSF3|VCAN|SAA1|SPINK1|SRY|WASF2,-1.4,MyList
DisGeNET,35,C0005944,Metabolic Bone Disorder,,-2.6,3.8,3.8,30293,66,851,7,0.82,0.31,567|1277|4036|5106|8792|22943|23135,B2M|COL1A1|LRP2|PCK2|TNFRSF11A|DKK1|KDM6B,-1.4,MyList
DisGeNET,35,C0269102,Endometrioma,,-2.6,2.2,3.3,30293,279,851,17,2,0.48,655|1462|2255|2353|2846|2852|3383|3481|3576|4916|5076|6096|7070|7424|9547|22943|25802,BMP7|VCAN|FGF10|FOS|LPAR4|GPER1|ICAM1|IGF2|CXCL8|NTRK3|PAX2|RORB|THY1|VEGFC|CXCL14|DKK1|LMOD1,-1.4,MyList
DisGeNET,35,C1854882,Absent speech,,-2.6,2.3,3.4,30293,232,851,15,1.8,0.45,1496|1759|2290|3785|6328|6506|6513|6660|8831|9378|63976|84894|150094|253738|340533,CTNNA2|DNM1|FOXG1|KCNQ2|SCN3A|SLC1A2|SLC2A1|SOX5|SYNGAP1|NRXN1|PRDM16|LINGO1|SIK1|EBF3|NEXMIF,-1.4,MyList
DisGeNET,35,C0206743,Rhabdoid Tumor,,-2.6,3.1,3.6,30293,103,851,9,1.1,0.35,238|1026|1029|1030|3481|4194|4288|11186|53827,ALK|CDKN1A|CDKN2A|CDKN2B|IGF2|MDM4|MKI67|RASSF1|FXYD5,-1.4,MyList
DisGeNET,35,C0028840,Ocular Hypertension,,-2.6,3.1,3.6,30293,103,851,9,1.1,0.35,650|718|1026|1356|1649|1910|3725|6296|84894,BMP2|C3|CDKN1A|CP|DDIT3|EDNRB|JUN|ACSM3|LINGO1,-1.4,MyList
DisGeNET,35,C0024894,Mastitis,,-2.6,3.1,3.6,30293,103,851,9,1.1,0.35,2|1277|1440|3383|3552|3576|4023|4689|23452,A2M|COL1A1|CSF3|ICAM1|IL1A|CXCL8|LPL|NCF4|ANGPTL2,-1.4,MyList
DisGeNET,35,C1262091,Lymphocytic infiltration,,-2.6,3.4,3.7,30293,84,851,8,0.94,0.33,1822|2034|3481|3576|5111|6348|6352|8744,ATN1|EPAS1|IGF2|CXCL8|PCNA|CCL3|CCL5|TNFSF9,-1.4,MyList
DisGeNET,35,C0497552,Congenital neurologic anomalies,,-2.6,3.4,3.7,30293,84,851,8,0.94,0.33,174|1277|1893|2555|3211|3576|4036|5080,AFP|COL1A1|ECM1|GABRA2|HOXB1|CXCL8|LRP2|PAX6,-1.4,MyList
DisGeNET,35,C4554601,Amyloidosis cutis dyschromia,,-2.6,3.4,3.7,30293,84,851,8,0.94,0.33,2335|2353|3552|3725|3726|6662|9021|30813,FN1|FOS|IL1A|JUN|JUNB|SOX9|SOCS3|VSX1,-1.4,MyList
DisGeNET,35,C4511687,Pancreatic Intraductal Papillary Mucinous Neoplasm,,-2.6,3.4,3.7,30293,84,851,8,0.94,0.33,1029|1045|1087|2530|6513|8190|11148|56667,CDKN2A|CDX2|CEACAM7|FUT8|SLC2A1|MIA|HHLA2|MUC13,-1.4,MyList
DisGeNET,35,C0018213,Graves Disease,,-2.6,1.8,3.2,30293,585,851,29,3.4,0.62,846|1029|1822|2524|2556|2697|3119|3123|3383|3397|3552|3576|4684|5111|5880|6352|6364|7128|9021|10194|23541|25802|50506|54798|57007|79983|169026|170685|252995,CASR|CDKN2A|ATN1|FUT2|GABRA3|GJA1|HLA-DQB1|HLA-DRB1|ICAM1|ID1|IL1A|CXCL8|NCAM1|PCNA|RAC2|CCL5|CCL20|TNFAIP3|SOCS3|TSHZ1|SEC14L2|LMOD1|DUOX2|DCHS2|ACKR3|POF1B|SLC30A8|NUDT10|FNDC5,-1.4,MyList
DisGeNET,35,C0020217,Hydatidiform Mole,,-2.6,2.9,3.6,30293,123,851,10,1.2,0.37,1009|1026|1029|1462|2512|3123|3222|3481|55655|56287,CDH11|CDKN1A|CDKN2A|VCAN|FTL|HLA-DRB1|HOXC5|IGF2|NLRP2|GKN1,-1.4,MyList
DisGeNET,35,C0585362,Squamous cell carcinoma of mouth,,-2.6,2.9,3.6,30293,123,851,10,1.2,0.37,1029|2243|6303|6513|8974|9314|10630|23657|55351|55655,CDKN2A|FGA|SAT1|SLC2A1|P4HA2|KLF4|PDPN|SLC7A11|STK32B|NLRP2,-1.4,MyList
DisGeNET,35,C0205641,"Adenocarcinoma, Basal Cell",,-2.6,2.9,3.6,30293,123,851,10,1.2,0.37,634|1029|1152|2886|3576|4288|5111|11186|56287|79633,CEACAM1|CDKN2A|CKB|GRB7|CXCL8|MKI67|PCNA|RASSF1|GKN1|FAT4,-1.4,MyList
DisGeNET,35,C0030421,Paraganglioma,,-2.6,2.6,3.5,30293,165,851,12,1.4,0.4,1029|1421|1621|2034|2346|3642|4288|5111|6376|7291|8929|11186,CDKN2A|CRYGD|DBH|EPAS1|FOLH1|INSM1|MKI67|PCNA|CX3CL1|TWIST1|PHOX2B|RASSF1,-1.4,MyList
DisGeNET,35,C3899668,Childhood Diffuse Astrocytoma,,-2.6,6.8,4.5,30293,21,851,4,0.47,0.23,1029|1030|2173|3488,CDKN2A|CDKN2B|FABP7|IGFBP5,-1.4,MyList
DisGeNET,35,C0333980,Focal Nodular Hyperplasia,,-2.6,6.8,4.5,30293,21,851,4,0.47,0.23,174|285|3855|6690,AFP|ANGPT2|KRT7|SPINK1,-1.4,MyList
DisGeNET,35,C0262988,Vasculitis of the skin,,-2.6,6.8,4.5,30293,21,851,4,0.47,0.23,718|3123|3383|3576,C3|HLA-DRB1|ICAM1|CXCL8,-1.4,MyList
DisGeNET,35,C1332200,Adult Diffuse Astrocytoma,,-2.6,6.8,4.5,30293,21,851,4,0.47,0.23,1029|1030|2173|3488,CDKN2A|CDKN2B|FABP7|IGFBP5,-1.4,MyList
DisGeNET,35,C0268380,Systemic amyloidosis,,-2.6,6.8,4.5,30293,21,851,4,0.47,0.23,567|2243|2934|6288,B2M|FGA|GSN|SAA1,-1.4,MyList
DisGeNET,35,C3894553,response to simvastatin,,-2.6,6.8,4.5,30293,21,851,4,0.47,0.23,2259|5396|9378|11078,FGF14|PRRX1|NRXN1|TRIOBP,-1.4,MyList
DisGeNET,35,C0406557,Poikiloderma of Kindler,,-2.6,6.8,4.5,30293,21,851,4,0.47,0.23,1029|1294|3852|55612,CDKN2A|COL7A1|KRT5|FERMT1,-1.4,MyList
TRRUST,34,TRR00877,Regulated by: NFKBIA,,-2.6,6.8,4.5,30293,21,851,4,0.47,0.23,3383|3576|6277|6352,ICAM1|CXCL8|S100A6|CCL5,-1.4,MyList
DisGeNET,35,C0033375,Prolactinoma,,-2.6,2.5,3.4,30293,187,851,13,1.5,0.42,1026|1029|1030|1052|2353|4036|4288|4760|4804|4914|5111|6616|11082,CDKN1A|CDKN2A|CDKN2B|CEBPD|FOS|LRP2|MKI67|NEUROD1|NGFR|NTRK1|PCNA|SNAP25|ESM1,-1.4,MyList
DisGeNET,35,C0543888,Epileptic encephalopathy,,-2.6,2.5,3.4,30293,187,851,13,1.5,0.42,1759|2555|3746|3785|6328|6506|6513|6660|8831|9378|23316|150094|170302,DNM1|GABRA2|KCNC1|KCNQ2|SCN3A|SLC1A2|SLC2A1|SOX5|SYNGAP1|NRXN1|CUX2|SIK1|ARX,-1.4,MyList
Transcription Factor Targets,16,M19434,ER Q6 01,,-2.6,2.2,3.3,30293,280,851,17,2,0.48,862|1152|1641|2258|3213|3219|3339|4821|5100|6238|6303|7545|23440|27319|54674|54891|84107,RUNX1T1|CKB|DCX|FGF13|HOXB3|HOXB9|HSPG2|NKX2-2|PCDH8|RRBP1|SAT1|ZIC1|OTP|BHLHE22|LRRN3|INO80D|ZIC4,-1.4,MyList
DisGeNET,35,C0026850,Muscular Dystrophy,,-2.6,2.2,3.3,30293,280,851,17,2,0.48,290|301|633|862|1293|1410|1634|2273|4319|5178|5327|5339|8792|26509|84033|169044|284119,ANPEP|ANXA1|BGN|RUNX1T1|COL6A3|CRYAB|DCN|FHL1|MMP10|PEG3|PLAT|PLEC|TNFRSF11A|MYOF|OBSCN|COL22A1|CAVIN1,-1.4,MyList
DisGeNET,35,C0521707,Bilateral cataracts (disorder),,-2.6,2.6,3.5,30293,166,851,12,1.4,0.4,846|1029|1410|1421|2041|2335|3576|5080|5111|7045|7401|338917,CASR|CDKN2A|CRYAB|CRYGD|EPHA1|FN1|CXCL8|PAX6|PCNA|TGFBI|CLRN1|VSX2,-1.4,MyList
DisGeNET,35,C0152427,Polydactyly,,-2.6,2.5,3.4,30293,188,851,13,1.5,0.42,290|1063|2255|3209|5080|6926|7020|7021|7291|7546|10653|22943|30813,ANPEP|CENPF|FGF10|HOXA13|PAX6|TBX3|TFAP2A|TFAP2B|TWIST1|ZIC2|SPINT2|DKK1|VSX1,-1.4,MyList
DisGeNET,35,C0026936,Mycoplasma Infections,,-2.6,2.5,3.4,30293,188,851,13,1.5,0.42,567|650|1029|2335|3552|3576|3852|3918|5266|6277|9181|54210|338382,B2M|BMP2|CDKN2A|FN1|IL1A|CXCL8|KRT5|LAMC2|PI3|S100A6|ARHGEF2|TREM1|RAB7B,-1.4,MyList
DisGeNET,35,C0521607,Peritoneal Fibrosis,,-2.6,3.1,3.6,30293,104,851,9,1.1,0.35,285|655|1822|2255|2335|6376|6850|7424|22915,ANGPT2|BMP7|ATN1|FGF10|FN1|CX3CL1|SYK|VEGFC|MMRN1,-1.4,MyList
DisGeNET,35,C0018671,Head and Neck Neoplasms,,-2.6,2.9,3.5,30293,124,851,10,1.2,0.37,567|768|1050|1440|1649|2034|3598|4118|4288|5045,B2M|CA9|CEBPA|CSF3|DDIT3|EPAS1|IL13RA2|MAL|MKI67|FURIN,-1.4,MyList
DisGeNET,35,C0027721,Lipoid nephrosis,,-2.6,4.3,3.9,30293,50,851,6,0.71,0.29,301|1026|3552|3576|9211|51129,ANXA1|CDKN1A|IL1A|CXCL8|LGI1|ANGPTL4,-1.4,MyList
DisGeNET,35,C0033822,Pseudomyxoma Peritonei,,-2.6,4.3,3.9,30293,50,851,6,0.71,0.29,238|1087|2530|3725|7291|57007,ALK|CEACAM7|FUT8|JUN|TWIST1|ACKR3,-1.4,MyList
DisGeNET,35,C0595989,Carcinoma of larynx,,-2.6,1.9,3.2,30293,456,851,24,2.8,0.57,823|1026|1029|1294|1410|1462|1634|1893|2034|2045|2353|3576|4288|6364|6456|6513|6515|6850|11096|22943|23657|55323|55655|57007,CAPN1|CDKN1A|CDKN2A|COL7A1|CRYAB|VCAN|DCN|ECM1|EPAS1|EPHA7|FOS|CXCL8|MKI67|CCL20|SH3GL2|SLC2A1|SLC2A3|SYK|ADAMTS5|DKK1|SLC7A11|LARP6|NLRP2|ACKR3,-1.4,MyList
DisGeNET,35,C0014335,Enteritis,,-2.6,3.4,3.7,30293,85,851,8,0.94,0.33,1281|1361|2353|3383|3576|3589|3725|3726,COL3A1|CPB2|FOS|ICAM1|CXCL8|IL11|JUN|JUNB,-1.4,MyList
DisGeNET,35,C0025267,Multiple Endocrine Neoplasia Type 1,,-2.6,2.7,3.5,30293,145,851,11,1.3,0.39,429|768|823|846|1026|1030|4760|4914|6546|9314|50674,ASCL1|CA9|CAPN1|CASR|CDKN1A|CDKN2B|NEUROD1|NTRK1|SLC8A1|KLF4|NEUROG3,-1.4,MyList
DisGeNET,35,C0001486,Adenovirus Infections,,-2.6,2.7,3.5,30293,145,851,11,1.3,0.39,846|1051|1910|2335|2697|3383|3552|4194|5111|7056|11096,CASR|CEBPB|EDNRB|FN1|GJA1|ICAM1|IL1A|MDM4|PCNA|THBD|ADAMTS5,-1.4,MyList
DisGeNET,35,C0339143,Thyroid associated opthalmopathies,,-2.6,2.4,3.4,30293,211,851,14,1.6,0.44,655|1051|2353|3037|3123|3383|3488|3552|3576|4155|6352|7070|7538|9021,BMP7|CEBPB|FOS|HAS2|HLA-DRB1|ICAM1|IGFBP5|IL1A|CXCL8|MBP|CCL5|THY1|ZFP36|SOCS3,-1.4,MyList
PaGenBase,36,PGB:00067,Cell-specific: Brain cell,,-2.6,3.7,3.8,30293,67,851,7,0.82,0.31,1293|1462|2791|5396|55966|59277|387882,COL6A3|VCAN|GNG11|PRRX1|AJAP1|NTN4|C12orf75,-1.4,MyList
Cell Type Signatures,7,M40194,DESCARTES FETAL HEART SCHWANN CELLS,,-2.6,3.7,3.8,30293,67,851,7,0.82,0.31,5354|7020|8190|9745|10610|114786|169044,PLP1|TFAP2A|MIA|ZNF536|ST6GALNAC2|XKR4|COL22A1,-1.4,MyList
DisGeNET,35,C0010417,Cryptorchidism,,-2.6,1.7,3.1,30293,725,851,34,4,0.67,286|1009|1281|1822|1855|2253|2259|3119|3123|3339|3481|3955|5080|5142|6658|6662|6736|6926|6928|7020|7291|7681|8287|9378|23135|25802|50506|57007|63976|64220|64399|79633|170302|253738,ANK1|CDH11|COL3A1|ATN1|DVL1|FGF8|FGF14|HLA-DQB1|HLA-DRB1|HSPG2|IGF2|LFNG|PAX6|PDE4B|SOX3|SOX9|SRY|TBX3|HNF1B|TFAP2A|TWIST1|MKRN3|USP9Y|NRXN1|KDM6B|LMOD1|DUOX2|ACKR3|PRDM16|STRA6|HHIP|FAT4|ARX|EBF3,-1.4,MyList
DisGeNET,35,C0202117,Low density lipoprotein cholesterol measurement,,-2.6,1.8,3.2,30293,483,851,25,2.9,0.58,108|111|602|1029|1051|1463|1889|1942|1952|2039|2444|2524|3383|3598|4036|5125|5142|5322|5339|7448|22895|23316|25802|80736|285533,ADCY2|ADCY5|BCL3|CDKN2A|CEBPB|NCAN|ECE1|EFNA1|CELSR2|DMTN|FRK|FUT2|ICAM1|IL13RA2|LRP2|PCSK5|PDE4B|PLA2G5|PLEC|VTN|RPH3A|CUX2|LMOD1|SLC44A4|RNF175,-1.4,MyList
Transcription Factor Targets,16,M1903,SMAD Q6,,-2.6,2.2,3.3,30293,258,851,16,1.9,0.47,114|1993|2128|3211|3488|3746|3914|4760|5155|6547|7044|7291|9705|10194|56937|64600,ADCY8|ELAVL2|EVX1|HOXB1|IGFBP5|KCNC1|LAMB3|NEUROD1|PDGFB|SLC8A3|LEFTY2|TWIST1|ST18|TSHZ1|PMEPA1|PLA2G2F,-1.4,MyList
DisGeNET,35,C0702166,Acne,,-2.6,2.6,3.4,30293,167,851,12,1.4,0.4,345|1893|3283|3552|3576|4023|4674|6352|6578|6662|9060|51129,APOC3|ECM1|HSD3B1|IL1A|CXCL8|LPL|NAP1L2|CCL5|SLCO2A1|SOX9|PAPSS2|ANGPTL4,-1.4,MyList
DisGeNET,35,C1865014,Long philtrum,,-2.6,2.1,3.3,30293,282,851,17,2,0.48,650|1009|1301|1822|1855|2290|2697|3339|3955|5063|9181|9244|9378|9719|63976|170302|253738,BMP2|CDH11|COL11A1|ATN1|DVL1|FOXG1|GJA1|HSPG2|LFNG|PAK3|ARHGEF2|CRLF1|NRXN1|ADAMTSL2|PRDM16|ARX|EBF3,-1.4,MyList
DisGeNET,35,C0018798,Congenital Heart Defects,,-2.6,1.9,3.2,30293,406,851,22,2.6,0.54,414|875|1281|1889|2255|2697|3209|4036|4916|5629|6288|6515|6662|6926|7025|7291|7547|8792|9056|9314|64220|79633,ARSD|CBS|COL3A1|ECE1|FGF10|GJA1|HOXA13|LRP2|NTRK3|PROX1|SAA1|SLC2A3|SOX9|TBX3|NR2F1|TWIST1|ZIC3|TNFRSF11A|SLC7A7|KLF4|STRA6|FAT4,-1.4,MyList
DisGeNET,35,C0266667,Cyclocephaly,,-2.6,5.1,4.1,30293,35,851,5,0.59,0.26,2253|2619|5396|6496|7546,FGF8|GAS1|PRRX1|SIX3|ZIC2,-1.4,MyList
DisGeNET,35,C0344559,Irido-corneo-trabecular dysgenesis (disorder),,-2.6,5.1,4.1,30293,35,851,5,0.59,0.26,1063|5080|6658|7020|220323,CENPF|PAX6|SOX3|TFAP2A|OAF,-1.4,MyList
DisGeNET,35,C3831784,Acute monocytic/monoblastic leukemia,,-2.6,5.1,4.1,30293,35,851,5,0.59,0.26,1029|2624|2920|4684|7295,CDKN2A|GATA2|CXCL2|NCAM1|TXN,-1.4,MyList
PaGenBase,36,PGB:00156,Tissue-specific: Tongue,,-2.6,5.1,4.1,30293,35,851,5,0.59,0.26,1893|3853|3854|5493|6707,ECM1|KRT6A|KRT6B|PPL|SPRR3,-1.4,MyList
DisGeNET,35,C0267187,Intestinal metaplasia of gastric mucosa,,-2.6,5.1,4.1,30293,35,851,5,0.59,0.26,1044|1045|2297|7429|8549,CDX1|CDX2|FOXD1|VIL1|LGR5,-1.4,MyList
DisGeNET,35,C4551596,Abnormal renal morphology,,-2.6,5.1,4.1,30293,35,851,5,0.59,0.26,174|5076|6928|7021|8788,AFP|PAX2|HNF1B|TFAP2B|DLK1,-1.4,MyList
DisGeNET,35,C0021818,Intervertebral Disk Displacement,,-2.6,5.1,4.1,30293,35,851,5,0.59,0.26,1299|1301|3576|3918|6376,COL9A3|COL11A1|CXCL8|LAMC2|CX3CL1,-1.4,MyList
DisGeNET,35,C2938924,Oestrogen receptor positive breast cancer,,-2.6,1.8,3.2,30293,510,851,26,3.1,0.59,285|655|768|861|1029|1277|2255|2697|2852|2934|3213|3487|3488|3576|3852|4194|4288|4826|5111|7291|8792|9641|11254|22822|22943|92359,ANGPT2|BMP7|CA9|RUNX1|CDKN2A|COL1A1|FGF10|GJA1|GPER1|GSN|HOXB3|IGFBP4|IGFBP5|CXCL8|KRT5|MDM4|MKI67|NNAT|PCNA|TWIST1|TNFRSF11A|IKBKE|SLC6A14|PHLDA1|DKK1|CRB3,-1.4,MyList
DisGeNET,35,C0020534,Orbital separation excessive,,-2.5,1.7,3.1,30293,590,851,29,3.4,0.62,286|633|650|1009|1063|1277|1281|1301|1855|2253|2255|2259|2697|3339|4036|5080|6662|6913|7020|7021|7291|7545|7547|10653|30813|54101|57211|79633|253738,ANK1|BGN|BMP2|CDH11|CENPF|COL1A1|COL3A1|COL11A1|DVL1|FGF8|FGF10|FGF14|GJA1|HSPG2|LRP2|PAX6|SOX9|TBX15|TFAP2A|TFAP2B|TWIST1|ZIC1|ZIC3|SPINT2|VSX1|RIPK4|ADGRG6|FAT4|EBF3,-1.4,MyList
DisGeNET,35,C1855179,"CATARACT, ANTERIOR POLAR",,-2.5,2.8,3.5,30293,125,851,10,1.2,0.37,2|133|311|1029|1052|3552|3576|6385|10397|57007,A2M|ADM|ANXA11|CDKN2A|CEBPD|IL1A|CXCL8|SDC4|NDRG1|ACKR3,-1.4,MyList
DisGeNET,35,C0027960,Nevus,,-2.5,2.8,3.5,30293,125,851,10,1.2,0.37,1026|1029|1030|1647|1649|1759|1993|4036|4804|5111,CDKN1A|CDKN2A|CDKN2B|GADD45A|DDIT3|DNM1|ELAVL2|LRP2|NGFR|PCNA,-1.4,MyList
TRRUST,34,TRR00125,Regulated by: CREB1,,-2.5,3.1,3.6,30293,105,851,9,1.1,0.35,2353|3119|3725|5122|5327|5521|6352|6662|7025,FOS|HLA-DQB1|JUN|PCSK1|PLAT|PPP2R2B|CCL5|SOX9|NR2F1,-1.4,MyList
DisGeNET,35,C0023479,Acute myelomonocytic leukemia,,-2.5,3.1,3.6,30293,105,851,9,1.1,0.35,238|861|862|1050|1440|2335|2624|3222|63976,ALK|RUNX1|RUNX1T1|CEBPA|CSF3|FN1|GATA2|HOXC5|PRDM16,-1.4,MyList
DisGeNET,35,C0342276,Maturity onset diabetes mellitus in young,,-2.5,3.1,3.6,30293,105,851,9,1.1,0.35,345|2168|4760|4825|6513|6928|50674|58158|169026,APOC3|FABP1|NEUROD1|NKX6-1|SLC2A1|HNF1B|NEUROG3|NEUROD4|SLC30A8,-1.4,MyList
DisGeNET,35,C1378050,Oncocytic Neoplasm,,-2.5,3.1,3.6,30293,105,851,9,1.1,0.35,928|2346|3488|3855|5076|6513|11186|29106|132625,CD9|FOLH1|IGFBP5|KRT7|PAX2|SLC2A1|RASSF1|SCG3|ZFP42,-1.4,MyList
DisGeNET,35,C1858430,Death in infancy,,-2.5,2.7,3.5,30293,146,851,11,1.3,0.39,429|1641|3339|3691|3914|3918|5339|8929|9244|25802|170302,ASCL1|DCX|HSPG2|ITGB4|LAMB3|LAMC2|PLEC|PHOX2B|CRLF1|LMOD1|ARX,-1.4,MyList
DisGeNET,35,C0428472,Serum HDL cholesterol measurement,,-2.5,2.1,3.3,30293,283,851,17,2,0.48,26|602|1029|1051|1463|1491|1621|1952|3383|4023|4684|6928|7056|7429|11343|25806|51129,AOC1|BCL3|CDKN2A|CEBPB|NCAN|CTH|DBH|CELSR2|ICAM1|LPL|NCAM1|HNF1B|THBD|VIL1|MGLL|VAX2|ANGPTL4,-1.4,MyList
DisGeNET,35,C0878659,Disproportionate short stature,,-2.5,3.3,3.6,30293,86,851,8,0.94,0.33,1277|1299|1301|1311|3339|6662|9060|23213,COL1A1|COL9A3|COL11A1|COMP|HSPG2|SOX9|PAPSS2|SULF1,-1.4,MyList
DisGeNET,35,C0584960,Factor V Leiden mutation,,-2.5,3.3,3.6,30293,86,851,8,0.94,0.33,875|1361|2335|4023|7056|7448|7538|22915,CBS|CPB2|FN1|LPL|THBD|VTN|ZFP36|MMRN1,-1.4,MyList
DisGeNET,35,C0042109,Urticaria,,-2.5,2.5,3.4,30293,168,851,12,1.4,0.4,119|875|928|1277|1356|3119|3123|3383|3552|3576|5111|6850,ADD2|CBS|CD9|COL1A1|CP|HLA-DQB1|HLA-DRB1|ICAM1|IL1A|CXCL8|PCNA|SYK,-1.4,MyList
DisGeNET,35,C0474808,Follicular neoplasm,,-2.5,3.7,3.7,30293,68,851,7,0.82,0.31,768|1029|1649|2697|4684|5111|9123,CA9|CDKN2A|DDIT3|GJA1|NCAM1|PCNA|SLC16A3,-1.4,MyList
Cell Type Signatures,7,M40070,DESCARTES MAIN FETAL SCHWANN CELLS,,-2.5,4.2,3.9,30293,51,851,6,0.71,0.29,1910|4804|5327|5354|8190|9211,EDNRB|NGFR|PLAT|PLP1|MIA|LGI1,-1.4,MyList
DisGeNET,35,C1535510,ADENOMAS AND ADENOCARCINOMAS,,-2.5,4.2,3.9,30293,51,851,6,0.71,0.29,1029|1889|1910|3855|5111|7538,CDKN2A|ECE1|EDNRB|KRT7|PCNA|ZFP36,-1.4,MyList
DisGeNET,35,C0036420,Localized scleroderma,,-2.5,4.2,3.9,30293,51,851,6,0.71,0.29,1311|1440|1634|3552|3576|6352,COMP|CSF3|DCN|IL1A|CXCL8|CCL5,-1.4,MyList
DisGeNET,35,C0025193,Melancholia,,-2.5,4.2,3.9,30293,51,851,6,0.71,0.29,1440|2512|3552|3776|6281|6616,CSF3|FTL|IL1A|KCNK2|S100A10|SNAP25,-1.4,MyList
DisGeNET,35,C3896960,Childhood Pre-B Acute Lymphoblastic Leukemia,,-2.5,4.2,3.9,30293,51,851,6,0.71,0.29,290|861|862|1029|1030|3552,ANPEP|RUNX1|RUNX1T1|CDKN2A|CDKN2B|IL1A,-1.4,MyList
TRRUST,34,TRR01225,Regulated by: SIRT1,,-2.5,4.2,3.9,30293,51,851,6,0.71,0.29,1026|3383|5080|6926|10397|11096,CDKN1A|ICAM1|PAX6|TBX3|NDRG1|ADAMTS5,-1.4,MyList
DisGeNET,35,C1445957,Serum total cholesterol measurement,,-2.5,1.8,3.1,30293,486,851,25,2.9,0.58,111|345|602|1026|1029|1051|1463|1952|2039|2335|2444|2524|3383|3576|4023|4036|4319|5125|5142|5322|5339|7275|11343|22895|80736,ADCY5|APOC3|BCL3|CDKN1A|CDKN2A|CEBPB|NCAN|CELSR2|DMTN|FN1|FRK|FUT2|ICAM1|CXCL8|LPL|LRP2|MMP10|PCSK5|PDE4B|PLA2G5|PLEC|TUB|MGLL|RPH3A|SLC44A4,-1.4,MyList
DisGeNET,35,C1850049,Clinodactyly of the 5th finger,,-2.5,2.1,3.3,30293,284,851,17,2,0.48,650|1301|1855|2255|2290|2697|3209|3481|6913|7020|7021|7291|8831|23135|51199|63976|253738,BMP2|COL11A1|DVL1|FGF10|FOXG1|GJA1|HOXA13|IGF2|TBX15|TFAP2A|TFAP2B|TWIST1|SYNGAP1|KDM6B|NIN|PRDM16|EBF3,-1.4,MyList
DisGeNET,35,C0268747,Diffuse mesangial sclerosis (disorder),,-2.5,6.5,4.4,30293,22,851,4,0.47,0.23,633|1634|2335|5076,BGN|DCN|FN1|PAX2,-1.4,MyList
DisGeNET,35,C0152424,Common ventricle,,-2.5,6.5,4.4,30293,22,851,4,0.47,0.23,2255|5992|6496|64220,FGF10|RFX4|SIX3|STRA6,-1.4,MyList
DisGeNET,35,C0035585,Rickettsia Infections,,-2.5,6.5,4.4,30293,22,851,4,0.47,0.23,961|6352|9181|22943,CD47|CCL5|ARHGEF2|DKK1,-1.4,MyList
DisGeNET,35,C0751689,Peripheral Nerve Sheath Neoplasm,,-2.5,6.5,4.4,30293,22,851,4,0.47,0.23,1029|2346|3598|4155,CDKN2A|FOLH1|IL13RA2|MBP,-1.4,MyList
DisGeNET,35,C0041182,Trophoblastic Neoplasms,,-2.5,6.5,4.4,30293,22,851,4,0.47,0.23,3283|3855|22943|51083,HSD3B1|KRT7|DKK1|GAL,-1.4,MyList
DisGeNET,35,C0018523,Hallervorden-Spatz Syndrome,,-2.5,6.5,4.4,30293,22,851,4,0.47,0.23,2512|4036|23452|51129,FTL|LRP2|ANGPTL2|ANGPTL4,-1.4,MyList
DisGeNET,35,C0028866,Oculomotor Nerve Paralysis,,-2.5,6.5,4.4,30293,22,851,4,0.47,0.23,1281|5155|5339|6296,COL3A1|PDGFB|PLEC|ACSM3,-1.4,MyList
DisGeNET,35,C0032197,Platelet Storage Pool Deficiency,,-2.5,6.5,4.4,30293,22,851,4,0.47,0.23,861|1440|7031|23657,RUNX1|CSF3|TFF1|SLC7A11,-1.4,MyList
DisGeNET,35,C1280433,Lipoatrophy,,-2.5,3,3.5,30293,106,851,9,1.1,0.35,345|1281|1410|2274|2353|3552|3576|63976|284119,APOC3|COL3A1|CRYAB|FHL2|FOS|IL1A|CXCL8|PRDM16|CAVIN1,-1.4,MyList
DisGeNET,35,C0266435,Congenital hypoplasia of penis,,-2.5,2.3,3.3,30293,237,851,15,1.8,0.45,286|1855|2253|2619|5396|6496|6658|6662|6736|6926|7275|7401|7546|63976|170302,ANK1|DVL1|FGF8|GAS1|PRRX1|SIX3|SOX3|SOX9|SRY|TBX3|TUB|CLRN1|ZIC2|PRDM16|ARX,-1.4,MyList
Cell Type Signatures,7,M39230,LAKE ADULT KIDNEY C11 THIN ASCENDING LIMB,,-2.5,2.5,3.4,30293,169,851,12,1.4,0.4,861|3694|5209|6277|6303|10725|11228|11343|26115|55286|56892|79750,RUNX1|ITGB6|PFKFB3|S100A6|SAT1|NFAT5|RASSF8|MGLL|TANC2|C4orf19|TCIM|ZNF385D,-1.4,MyList
Cell Type Signatures,7,M40295,DESCARTES FETAL SPLEEN STC2 TLX1 POSITIVE CELLS,,-2.5,9.7,4.9,30293,11,851,3,0.35,0.2,10814|134829|253738,CPLX2|CLVS2|EBF3,-1.4,MyList
DisGeNET,35,C1335392,Pericytic Neoplasm,,-2.5,9.7,4.9,30293,11,851,3,0.35,0.2,3576|6513|7101,CXCL8|SLC2A1|NR2E1,-1.4,MyList
DisGeNET,35,C0030299,Pancreatic Pseudocyst,,-2.5,9.7,4.9,30293,11,851,3,0.35,0.2,5644|5645|6690,PRSS1|PRSS2|SPINK1,-1.4,MyList
DisGeNET,35,C0392188,Abnormal rapid eye movement sleep,,-2.5,9.7,4.9,30293,11,851,3,0.35,0.2,1512|3119|3123,CTSH|HLA-DQB1|HLA-DRB1,-1.4,MyList
DisGeNET,35,C0342191,Familial dyshormonogenetic goiter,,-2.5,9.7,4.9,30293,11,851,3,0.35,0.2,3213|50506|405753,HOXB3|DUOX2|DUOXA2,-1.4,MyList
DisGeNET,35,C1367420,Kaposiform Hemangioendothelioma,,-2.5,9.7,4.9,30293,11,851,3,0.35,0.2,285|5629|7424,ANGPT2|PROX1|VEGFC,-1.4,MyList
DisGeNET,35,C4476477,Human Granulocytic Anaplasmosis,,-2.5,9.7,4.9,30293,11,851,3,0.35,0.2,3576|6364|9423,CXCL8|CCL20|NTN1,-1.4,MyList
DisGeNET,35,C0012359,Pathological Dilatation,,-2.5,9.7,4.9,30293,11,851,3,0.35,0.2,3119|3123|5196,HLA-DQB1|HLA-DRB1|PF4,-1.4,MyList
DisGeNET,35,C4020952,Fingernail dysplasia,,-2.5,9.7,4.9,30293,11,851,3,0.35,0.2,1855|2697|7020,DVL1|GJA1|TFAP2A,-1.4,MyList
DisGeNET,35,C1690006,Lattice corneal dystrophy Type I,,-2.5,9.7,4.9,30293,11,851,3,0.35,0.2,2335|2934|7045,FN1|GSN|TGFBI,-1.4,MyList
DisGeNET,35,C4021066,Narrow jaw,,-2.5,9.7,4.9,30293,11,851,3,0.35,0.2,6572|6616|60482,SLC18A3|SNAP25|SLC5A7,-1.4,MyList
DisGeNET,35,C4022168,EMG: impaired neuromuscular transmission,,-2.5,9.7,4.9,30293,11,851,3,0.35,0.2,6572|6616|60482,SLC18A3|SNAP25|SLC5A7,-1.4,MyList
DisGeNET,35,C0021432,Infratentorial Neoplasms,,-2.5,9.7,4.9,30293,11,851,3,0.35,0.2,238|1030|3918,ALK|CDKN2B|LAMC2,-1.4,MyList
DisGeNET,35,C0023075,Laryngostenosis,,-2.5,9.7,4.9,30293,11,851,3,0.35,0.2,3914|3918|55612,LAMB3|LAMC2|FERMT1,-1.4,MyList
DisGeNET,35,C0265514,Dermatofibrosis lenticularis disseminata,,-2.5,9.7,4.9,30293,11,851,3,0.35,0.2,3576|9244|63976,CXCL8|CRLF1|PRDM16,-1.4,MyList
DisGeNET,35,C2936419,"46, XX Testicular Disorders of Sex Development",,-2.5,9.7,4.9,30293,11,851,3,0.35,0.2,6658|6662|6736,SOX3|SOX9|SRY,-1.4,MyList
DisGeNET,35,C3469521,"FANCONI ANEMIA, COMPLEMENTATION GROUP A (disorder)",,-2.5,2,3.2,30293,359,851,20,2.4,0.52,174|861|1026|1440|2335|2521|3383|3624|4023|4622|4684|5080|5111|5209|6348|7295|8788|22943|55388|55655,AFP|RUNX1|CDKN1A|CSF3|FN1|FUS|ICAM1|INHBA|LPL|MYH4|NCAM1|PAX6|PCNA|PFKFB3|CCL3|TXN|DLK1|DKK1|MCM10|NLRP2,-1.4,MyList
DisGeNET,35,C0007286,Carpal Tunnel Syndrome,,-2.5,3.3,3.6,30293,87,851,8,0.94,0.33,26|567|633|1301|4319|4973|11096|81794,AOC1|B2M|BGN|COL11A1|MMP10|OLR1|ADAMTS5|ADAMTS10,-1.4,MyList
DisGeNET,35,C0017606,Primary angle-closure glaucoma,,-2.5,3.3,3.6,30293,87,851,8,0.94,0.33,718|862|1277|1301|1634|3552|9705|338917,C3|RUNX1T1|COL1A1|COL11A1|DCN|IL1A|ST18|VSX2,-1.4,MyList
DisGeNET,35,C0005398,"Cholestasis, Extrahepatic",,-2.5,3.3,3.6,30293,87,851,8,0.94,0.33,1026|1029|1030|1277|1281|2353|3725|80150,CDKN1A|CDKN2A|CDKN2B|COL1A1|COL3A1|FOS|JUN|ASRGL1,-1.4,MyList
DisGeNET,35,C0518948,Chlamydia trachomatis infection,,-2.5,4.9,4,30293,36,851,5,0.59,0.26,1822|2042|3576|5045|10163,ATN1|EPHA3|CXCL8|FURIN|WASF2,-1.4,MyList
DisGeNET,35,C0160390,Injury of liver,,-2.5,4.9,4,30293,36,851,5,0.59,0.26,2266|2335|3383|5111|5155,FGG|FN1|ICAM1|PCNA|PDGFB,-1.4,MyList
Cell Type Signatures,7,M40310,DESCARTES FETAL STOMACH MESOTHELIAL CELLS,,-2.5,4.9,4,30293,36,851,5,0.59,0.26,718|1295|2619|4036|23213,C3|COL8A1|GAS1|LRP2|SULF1,-1.4,MyList
DisGeNET,35,C0024534,"Malaria, Cerebral",,-2.5,2.6,3.4,30293,148,851,11,1.3,0.39,285|875|3123|3383|3552|3576|5196|5266|7122|51043|51477,ANGPT2|CBS|HLA-DRB1|ICAM1|IL1A|CXCL8|PF4|PI3|CLDN5|ZBTB7B|ISYNA1,-1.4,MyList
DisGeNET,35,C0013363,Dysautonomia,,-2.5,2.6,3.4,30293,148,851,11,1.3,0.39,285|429|1136|1621|1889|2255|3918|4760|4804|6328|8929,ANGPT2|ASCL1|CHRNA3|DBH|ECE1|FGF10|LAMC2|NEUROD1|NGFR|SCN3A|PHOX2B,-1.4,MyList
DisGeNET,35,C0266551,Congenital coloboma of iris,,-2.5,2.6,3.4,30293,148,851,11,1.3,0.39,286|1063|1421|2253|2619|4036|5080|6496|7020|7546|9573,ANK1|CENPF|CRYGD|FGF8|GAS1|LRP2|PAX6|SIX3|TFAP2A|ZIC2|GDF3,-1.4,MyList
DisGeNET,35,C4021790,Abnormality of the skeletal system,,-2.5,2.6,3.4,30293,148,851,11,1.3,0.39,414|650|1750|2018|2114|3339|3481|6662|9573|9719|10586,ARSD|BMP2|DLX6|EMX2|ETS2|HSPG2|IGF2|SOX9|GDF3|ADAMTSL2|MAB21L2,-1.4,MyList
DisGeNET,35,C4025846,Abnormality of vision,,-2.5,2.8,3.5,30293,127,851,10,1.2,0.37,1512|1759|1910|3119|3123|3785|5080|6328|6506|8831,CTSH|DNM1|EDNRB|HLA-DQB1|HLA-DRB1|KCNQ2|PAX6|SCN3A|SLC1A2|SYNGAP1,-1.4,MyList
DisGeNET,35,C0011311,Dengue Fever,,-2.5,2,3.2,30293,360,851,20,2.4,0.52,928|1051|1356|1822|3123|3552|3576|3589|5024|5196|5327|6348|6352|6850|7056|9021|9641|10675|23541|116844,CD9|CEBPB|CP|ATN1|HLA-DRB1|IL1A|CXCL8|IL11|P2RX3|PF4|PLAT|CCL3|CCL5|SYK|THBD|SOCS3|IKBKE|CSPG5|SEC14L2|LRG1,-1.3,MyList
DisGeNET,35,C0085548,Autosomal Recessive Polycystic Kidney Disease,,-2.5,3.6,3.7,30293,69,851,7,0.82,0.31,174|846|1822|2042|5024|5111|6928,AFP|CASR|ATN1|EPHA3|P2RX3|PCNA|HNF1B,-1.3,MyList
DisGeNET,35,C0028043,Nicotine Dependence,,-2.5,2.5,3.4,30293,170,851,12,1.4,0.4,414|1136|1137|1143|1621|1759|2335|2555|3576|4684|9378|51083,ARSD|CHRNA3|CHRNA4|CHRNB4|DBH|DNM1|FN1|GABRA2|CXCL8|NCAM1|NRXN1|GAL,-1.3,MyList
DisGeNET,35,C1456868,Diabetic foot ulcer,,-2.5,3,3.5,30293,107,851,9,1.1,0.35,285|1647|2697|3576|4319|4760|5155|6374|57124,ANGPT2|GADD45A|GJA1|CXCL8|MMP10|NEUROD1|PDGFB|CXCL5|CD248,-1.3,MyList
Cell Type Signatures,7,M40247,DESCARTES FETAL LUNG VASCULAR ENDOTHELIAL CELLS,,-2.5,4.1,3.8,30293,52,851,6,0.71,0.29,2307|11082|51267|54492|56892|57101,FOXS1|ESM1|CLEC1A|NEURL1B|TCIM|ANO2,-1.3,MyList
DisGeNET,35,C1855496,Contiguous gene syndrome,,-2.5,4.1,3.8,30293,52,851,6,0.71,0.29,429|861|4155|5080|5456|7291,ASCL1|RUNX1|MBP|PAX6|POU3F4|TWIST1,-1.3,MyList
DisGeNET,35,C1827293,"Carcinoma of urinary bladder, invasive",,-2.5,2.1,3.2,30293,287,851,17,2,0.48,1012|1026|1029|1063|3383|3397|3576|4194|4288|5100|6374|6900|6926|9123|9314|9540|11082,CDH13|CDKN1A|CDKN2A|CENPF|ICAM1|ID1|CXCL8|MDM4|MKI67|PCDH8|CXCL5|CNTN2|TBX3|SLC16A3|KLF4|TP53I3|ESM1,-1.3,MyList
DisGeNET,35,C0266929,Chronic Periodontitis,,-2.5,2.1,3.2,30293,287,851,17,2,0.48,650|1029|1030|1277|1993|2335|3123|3383|3552|3576|5196|7448|8792|9235|9547|22943|51199,BMP2|CDKN2A|CDKN2B|COL1A1|ELAVL2|FN1|HLA-DRB1|ICAM1|IL1A|CXCL8|PF4|VTN|TNFRSF11A|IL32|CXCL14|DKK1|NIN,-1.3,MyList
Transcription Factor Targets,16,M15647,CTGYNNCTYTAA UNKNOWN,,-2.5,3.2,3.6,30293,88,851,8,0.94,0.33,1993|2041|5354|8929|10630|11096|78997|84913,ELAVL2|EPHA1|PLP1|PHOX2B|PDPN|ADAMTS5|GDAP1L1|ATOH8,-1.3,MyList
DisGeNET,35,C0079748,Precursor cell lymphoblastic lymphoma,,-2.5,3.2,3.6,30293,88,851,8,0.94,0.33,861|961|1029|1030|1647|3855|5111|6886,RUNX1|CD47|CDKN2A|CDKN2B|GADD45A|KRT7|PCNA|TAL1,-1.3,MyList
Transcription Factor Targets,16,M16417,FOXO4 02,,-2.5,2.2,3.2,30293,263,851,16,1.9,0.47,861|862|1295|1641|1942|1993|2886|3037|4826|4916|6328|9423|27164|54715|55885|64067,RUNX1|RUNX1T1|COL8A1|DCX|EFNA1|ELAVL2|GRB7|HAS2|NNAT|NTRK3|SCN3A|NTN1|SALL3|RBFOX1|LMO3|NPAS3,-1.3,MyList
Cell Type Signatures,7,M40271,DESCARTES FETAL PANCREAS DUCTAL CELLS,,-2.5,2.8,3.4,30293,128,851,10,1.2,0.37,307|1045|1999|3772|6296|8612|57348|57402|64063|80201,ANXA4|CDX2|ELF3|KCNJ15|ACSM3|PLPP2|TTYH1|S100A14|PRSS22|HKDC1,-1.3,MyList
DisGeNET,35,C0039538,Teratoma,,-2.5,2.5,3.3,30293,171,851,12,1.4,0.4,174|650|1029|1030|1045|1822|2624|6736|9314|9961|84913|132625,AFP|BMP2|CDKN2A|CDKN2B|CDX2|ATN1|GATA2|SRY|KLF4|MVP|ATOH8|ZFP42,-1.3,MyList
DisGeNET,35,C0029458,"Osteoporosis, Postmenopausal",,-2.5,2.5,3.3,30293,171,851,12,1.4,0.4,650|718|1045|1277|1993|2701|3383|3552|5880|6660|6662|8792,BMP2|C3|CDX2|COL1A1|ELAVL2|GJA4|ICAM1|IL1A|RAC2|SOX5|SOX9|TNFRSF11A,-1.3,MyList
DisGeNET,35,C3888194,MIXED LINEAGE LEUKEMIA,,-2.5,2.2,3.2,30293,240,851,15,1.8,0.45,290|846|861|862|1029|1050|2114|3960|4684|6277|7295|9892|23135|51083|80150,ANPEP|CASR|RUNX1|RUNX1T1|CDKN2A|CEBPA|ETS2|LGALS4|NCAM1|S100A6|TXN|SNAP91|KDM6B|GAL|ASRGL1,-1.3,MyList
DisGeNET,35,C0278484,Malignant neoplasm of colon stage IV,,-2.5,3,3.5,30293,108,851,9,1.1,0.35,1087|3598|5111|7045|7424|10397|56667|56892|56937,CEACAM7|IL13RA2|PCNA|TGFBI|VEGFC|NDRG1|MUC13|TCIM|PMEPA1,-1.3,MyList
DisGeNET,35,C0010495,Cutis Laxa,,-2.5,3.6,3.6,30293,70,851,7,0.82,0.31,1634|2042|2353|2934|9056|9180|22915,DCN|EPHA3|FOS|GSN|SLC7A7|OSMR|MMRN1,-1.3,MyList
DisGeNET,35,C0079504,Hermanski-Pudlak Syndrome,,-2.5,3.6,3.6,30293,70,851,7,0.82,0.31,1356|5080|7031|8673|9181|23657|27319,CP|PAX6|TFF1|VAMP8|ARHGEF2|SLC7A11|BHLHE22,-1.3,MyList
DisGeNET,35,C1266129,Atypical Lipoma,,-2.5,3.6,3.6,30293,70,851,7,0.82,0.31,1029|1050|1649|1822|2521|3725|4288,CDKN2A|CEBPA|DDIT3|ATN1|FUS|JUN|MKI67,-1.3,MyList
DisGeNET,35,C0021167,Incontinence,,-2.5,3.6,3.6,30293,70,851,7,0.82,0.31,633|3576|4681|5024|6238|7291|10163,BGN|CXCL8|NBL1|P2RX3|RRBP1|TWIST1|WASF2,-1.3,MyList
DisGeNET,35,C0034068,Pulmonary Eosinophilia,,-2.5,3.6,3.6,30293,70,851,7,0.82,0.31,1469|3552|3576|3589|6352|7295|51477,CST1|IL1A|CXCL8|IL11|CCL5|TXN|ISYNA1,-1.3,MyList
DisGeNET,35,C1387005,Penis agenesis,,-2.5,2.3,3.3,30293,217,851,14,1.6,0.44,1009|1641|1855|1889|2253|3209|6662|6736|6926|7681|79633|150094|170302|253738,CDH11|DCX|DVL1|ECE1|FGF8|HOXA13|SOX9|SRY|TBX3|MKRN3|FAT4|SIK1|ARX|EBF3,-1.3,MyList
DisGeNET,35,C0085096,Peripheral Vascular Diseases,,-2.5,2.6,3.4,30293,150,851,11,1.3,0.39,133|567|961|2335|3119|3383|3576|6288|7295|50848|116844,ADM|B2M|CD47|FN1|HLA-DQB1|ICAM1|CXCL8|SAA1|TXN|F11R|LRG1,-1.3,MyList
DisGeNET,35,C0205734,"Diabetes, Autoimmune",,-2.5,2.5,3.3,30293,172,851,12,1.4,0.4,567|1356|1512|1649|1822|3119|3123|3383|3552|4914|6364|169026,B2M|CP|CTSH|DDIT3|ATN1|HLA-DQB1|HLA-DRB1|ICAM1|IL1A|NTRK1|CCL20|SLC30A8,-1.3,MyList
DisGeNET,35,C0009363,Congenital ocular coloboma (disorder),,-2.4,2.8,3.4,30293,129,851,10,1.2,0.37,655|5076|5080|6616|7020|9573|10586|10653|64220|338917,BMP7|PAX2|PAX6|SNAP25|TFAP2A|GDF3|MAB21L2|SPINT2|STRA6|VSX2,-1.3,MyList
DisGeNET,35,C1848673,Hypoplastic feet,,-2.4,2.8,3.4,30293,129,851,10,1.2,0.37,633|650|1281|1301|1311|2697|7681|9719|63976|253738,BGN|BMP2|COL3A1|COL11A1|COMP|GJA1|MKRN3|ADAMTSL2|PRDM16|EBF3,-1.3,MyList
DisGeNET,35,C0002965,"Angina, Unstable",,-2.4,2.8,3.4,30293,129,851,10,1.2,0.37,133|1356|1361|3383|3552|3576|6348|7056|8792|375704,ADM|CP|CPB2|ICAM1|IL1A|CXCL8|CCL3|THBD|TNFRSF11A|ENHO,-1.3,MyList
DisGeNET,35,C1305904,Familial hematuria,,-2.4,6.2,4.2,30293,23,851,4,0.47,0.23,2335|3691|3914|5334,FN1|ITGB4|LAMB3|PLCL1,-1.3,MyList
DisGeNET,35,C2609259,Symphysis Pubis Dysfunction,,-2.4,6.2,4.2,30293,23,851,4,0.47,0.23,414|3209|3855|6886,ARSD|HOXA13|KRT7|TAL1,-1.3,MyList
DisGeNET,35,C0155552,"Hearing Loss, Mixed Conductive-Sensorineural",,-2.4,6.2,4.2,30293,23,851,4,0.47,0.23,1009|2255|2697|5456,CDH11|FGF10|GJA1|POU3F4,-1.3,MyList
DisGeNET,35,C1266086,Polymorphous low grade adenocarcinoma,,-2.4,6.2,4.2,30293,23,851,4,0.47,0.23,1029|3855|4288|57007,CDKN2A|KRT7|MKI67|ACKR3,-1.3,MyList
DisGeNET,35,C0007302,Cartilage Diseases,,-2.4,6.2,4.2,30293,23,851,4,0.47,0.23,1311|2259|2624|6662,COMP|FGF14|GATA2|SOX9,-1.3,MyList
DisGeNET,35,C1846439,Hypoplasia of the odontoid process,,-2.4,6.2,4.2,30293,23,851,4,0.47,0.23,633|1311|2335|3955,BGN|COMP|FN1|LFNG,-1.3,MyList
TRRUST,34,TRR00276,Regulated by: ESR2,,-2.4,6.2,4.2,30293,23,851,4,0.47,0.23,1026|2353|3725|7031,CDKN1A|FOS|JUN|TFF1,-1.3,MyList
DisGeNET,35,C0020540,Malignant Hypertension,,-2.4,6.2,4.2,30293,23,851,4,0.47,0.23,133|285|3589|7056,ADM|ANGPT2|IL11|THBD,-1.3,MyList
DisGeNET,35,C1275684,Meibomian gland dysfunction,,-2.4,6.2,4.2,30293,23,851,4,0.47,0.23,3576|6348|6707|9052,CXCL8|CCL3|SPRR3|GPRC5A,-1.3,MyList
DisGeNET,35,C1260403,prothrombin gene mutation,,-2.4,6.2,4.2,30293,23,851,4,0.47,0.23,875|1999|7056|80150,CBS|ELF3|THBD|ASRGL1,-1.3,MyList
TRRUST,34,TRR00015,Regulated by: ARNT,,-2.4,6.2,4.2,30293,23,851,4,0.47,0.23,768|2353|3725|8553,CA9|FOS|JUN|BHLHE40,-1.3,MyList
DisGeNET,35,C2609253,Macrovascular disease,,-2.4,6.2,4.2,30293,23,851,4,0.47,0.23,345|1361|9518|27035,APOC3|CPB2|GDF15|NOX1,-1.3,MyList
DisGeNET,35,C0730607,Severe chronic obstructive pulmonary disease,,-2.4,6.2,4.2,30293,23,851,4,0.47,0.23,108|1136|5284|64399,ADCY2|CHRNA3|PIGR|HHIP,-1.3,MyList
TRRUST,34,TRR01150,Regulated by: RB1,,-2.4,4.8,3.9,30293,37,851,5,0.59,0.26,1026|1649|2353|5111|7045,CDKN1A|DDIT3|FOS|PCNA|TGFBI,-1.3,MyList
DisGeNET,35,C0038238,Steatorrhea,,-2.4,4.8,3.9,30293,37,851,5,0.59,0.26,3119|5644|5645|6690|9056,HLA-DQB1|PRSS1|PRSS2|SPINK1|SLC7A7,-1.3,MyList
DisGeNET,35,C0278519,Recurrent Childhood Acute Lymphoblastic Leukemia,,-2.4,4.8,3.9,30293,37,851,5,0.59,0.26,861|961|1029|1030|4194,RUNX1|CD47|CDKN2A|CDKN2B|MDM4,-1.3,MyList
DisGeNET,35,C0271844,Parathyroid hyperplasia,,-2.4,4.8,3.9,30293,37,851,5,0.59,0.26,846|1026|1030|1051|1621,CASR|CDKN1A|CDKN2B|CEBPB|DBH,-1.3,MyList
DisGeNET,35,C0239337,Deformity of limb,,-2.4,4.8,3.9,30293,37,851,5,0.59,0.26,2697|3209|5396|7291|54101,GJA1|HOXA13|PRRX1|TWIST1|RIPK4,-1.3,MyList
DisGeNET,35,C0036983,Septic Shock,,-2.4,4.8,3.9,30293,37,851,5,0.59,0.26,133|285|1361|1440|6288,ADM|ANGPT2|CPB2|CSF3|SAA1,-1.3,MyList
DisGeNET,35,C0854985,"Adenocarcinoma of lung, stage I",,-2.4,4.8,3.9,30293,37,851,5,0.59,0.26,1421|4288|6352|6513|11186,CRYGD|MKI67|CCL5|SLC2A1|RASSF1,-1.3,MyList
Cell Type Signatures,7,M40170,DESCARTES FETAL CEREBRUM SKOR2 NPSR1 POSITIVE CELLS,,-2.4,3.2,3.5,30293,89,851,8,0.94,0.33,1136|4804|5121|6572|7020|56341|79750|253738,CHRNA3|NGFR|PCP4|SLC18A3|TFAP2A|PRMT8|ZNF385D|EBF3,-1.3,MyList
Cell Type Signatures,7,M39084,ZHONG PFC C4 UNKNOWN INP,,-2.4,3.2,3.5,30293,89,851,8,0.94,0.33,429|1996|4753|4762|7546|54541|55117|64641,ASCL1|ELAVL4|NELL2|NEUROG1|ZIC2|DDIT4|SLC6A15|EBF2,-1.3,MyList
DisGeNET,35,C0027947,Neutropenia,,-2.4,1.9,3.1,30293,389,851,21,2.5,0.53,26|133|238|718|846|1440|1649|2521|2624|2920|3119|3123|3383|3589|4684|5063|5142|7031|7547|9021|57126,AOC1|ADM|ALK|C3|CASR|CSF3|DDIT3|FUS|GATA2|CXCL2|HLA-DQB1|HLA-DRB1|ICAM1|IL11|NCAM1|PAK3|PDE4B|TFF1|ZIC3|SOCS3|CD177,-1.3,MyList
Transcription Factor Targets,16,M16694,AP4 01,,-2.4,2.1,3.2,30293,265,851,16,1.9,0.47,1012|1301|1649|2128|3993|5122|5339|6616|8482|11122|23452|55502|55885|57111|84171|85397,CDH13|COL11A1|DDIT3|EVX1|LLGL2|PCSK1|PLEC|SNAP25|SEMA7A|PTPRT|ANGPTL2|HES6|LMO3|RAB25|LOXL4|RGS8,-1.3,MyList
DisGeNET,35,C0011573,Endogenous depression,,-2.4,4,3.8,30293,53,851,6,0.71,0.29,1440|1621|2512|3776|6281|6616,CSF3|DBH|FTL|KCNK2|S100A10|SNAP25,-1.3,MyList
DisGeNET,35,C0032969,Pregnancy in Diabetics,,-2.4,4,3.8,30293,53,851,6,0.71,0.29,133|2258|3383|3481|6513|9518,ADM|FGF13|ICAM1|IGF2|SLC2A1|GDF15,-1.3,MyList
DisGeNET,35,C0023896,Alcoholic Liver Diseases,,-2.4,2.4,3.3,30293,195,851,13,1.5,0.42,133|174|1029|1463|1649|2920|3339|3481|3552|3576|4023|6288|6352,ADM|AFP|CDKN2A|NCAN|DDIT3|CXCL2|HSPG2|IGF2|IL1A|CXCL8|LPL|SAA1|CCL5,-1.3,MyList
PaGenBase,36,PGB:00020,Tissue-specific: retina,,-2.4,2.7,3.4,30293,130,851,10,1.2,0.37,1421|1910|4760|5080|5121|6496|30813|54102|84107|338917,CRYGD|EDNRB|NEUROD1|PAX6|PCP4|SIX3|VSX1|CLIC6|ZIC4|VSX2,-1.3,MyList
DisGeNET,35,C0476403,Electromyogram abnormal,,-2.4,2.7,3.4,30293,130,851,10,1.2,0.37,823|846|1293|1294|1410|2274|2521|2556|3339|63976,CAPN1|CASR|COL6A3|COL7A1|CRYAB|FHL2|FUS|GABRA3|HSPG2|PRDM16,-1.3,MyList
DisGeNET,35,C0013390,Dysmenorrhea,,-2.4,3.5,3.6,30293,71,851,7,0.82,0.31,2353|3552|3576|3624|5021|5111|284119,FOS|IL1A|CXCL8|INHBA|OXTR|PCNA|CAVIN1,-1.3,MyList
DisGeNET,35,C3888391,Nonnuclear polymorphic congenital cataract,,-2.4,3.5,3.6,30293,71,851,7,0.82,0.31,1421|1649|2335|6352|9902|10103|57007,CRYGD|DDIT3|FN1|CCL5|MRC2|TSPAN1|ACKR3,-1.3,MyList
DisGeNET,35,C0034951,Refractive Errors,,-2.4,3.5,3.6,30293,71,851,7,0.82,0.31,1770|4036|4642|5080|6096|22943|54715,DNAH9|LRP2|MYO1D|PAX6|RORB|DKK1|RBFOX1,-1.3,MyList
DisGeNET,35,C0034186,Pyelonephritis,,-2.4,3.5,3.6,30293,71,851,7,0.82,0.31,133|567|655|2920|3209|3576|6352,ADM|B2M|BMP7|CXCL2|HOXA13|CXCL8|CCL5,-1.3,MyList
Cell Type Signatures,7,M40277,DESCARTES FETAL PLACENTA EXTRAVILLOUS TROPHOBLASTS,,-2.4,3.5,3.6,30293,71,851,7,0.82,0.31,26|2335|3339|3772|27201|56287|147111,AOC1|FN1|HSPG2|KCNJ15|GPR78|GKN1|NOTUM,-1.3,MyList
DisGeNET,35,C0235653,Malignant neoplasm of female breast,,-2.4,3.5,3.6,30293,71,851,7,0.82,0.31,3481|4288|5080|5111|6513|11186|55655,IGF2|MKI67|PAX6|PCNA|SLC2A1|RASSF1|NLRP2,-1.3,MyList
DisGeNET,35,C1402294,Primary Lesion,,-2.4,3.5,3.6,30293,71,851,7,0.82,0.31,238|634|1029|2335|2346|6277|6352,ALK|CEACAM1|CDKN2A|FN1|FOLH1|S100A6|CCL5,-1.3,MyList
DisGeNET,35,C0014550,Myoclonic Epilepsy,,-2.4,3.5,3.6,30293,71,851,7,0.82,0.31,1822|2290|3746|6511|6513|8831|170302,ATN1|FOXG1|KCNC1|SLC1A6|SLC2A1|SYNGAP1|ARX,-1.3,MyList
Transcription Factor Targets,16,M4384,YWATTWNNRGCT UNKNOWN,,-2.4,3.5,3.6,30293,71,851,7,0.82,0.31,3222|4762|5396|6616|27319|54715|57616,HOXC5|NEUROG1|PRRX1|SNAP25|BHLHE22|RBFOX1|TSHZ3,-1.3,MyList
DisGeNET,35,C0577631,Carotid Atherosclerosis,,-2.4,2.3,3.2,30293,219,851,14,1.6,0.44,117|1012|1029|1889|2169|3383|3481|5111|6376|7056|9518|50506|57761|60482,ADCYAP1R1|CDH13|CDKN2A|ECE1|FABP2|ICAM1|IGF2|PCNA|CX3CL1|THBD|GDF15|DUOX2|TRIB3|SLC5A7,-1.3,MyList
DisGeNET,35,C1384600,Systemic onset juvenile chronic arthritis,,-2.4,3.2,3.5,30293,90,851,8,0.94,0.33,861|972|3119|3123|3552|4055|6892|116844,RUNX1|CD74|HLA-DQB1|HLA-DRB1|IL1A|LTBR|TAPBP|LRG1,-1.3,MyList
DisGeNET,35,C0029434,Osteogenesis Imperfecta,,-2.4,3.2,3.5,30293,90,851,8,0.94,0.33,633|1277|1281|1634|1747|2335|3918|23131,BGN|COL1A1|COL3A1|DCN|DLX3|FN1|LAMC2|GPATCH8,-1.3,MyList
Cell Type Signatures,7,M39250,MENON FETAL KIDNEY 0 CAP MESENCHYME CELLS,,-2.4,3.2,3.5,30293,90,851,8,0.94,0.33,1063|3481|4288|4684|4826|5076|7025|116372,CENPF|IGF2|MKI67|NCAM1|NNAT|PAX2|NR2F1|LYPD1,-1.3,MyList
DisGeNET,35,C0020517,Hypersensitivity,,-2.4,3.2,3.5,30293,90,851,8,0.94,0.33,3119|3123|3127|5196|6348|6364|6374|6376,HLA-DQB1|HLA-DRB1|HLA-DRB5|PF4|CCL3|CCL20|CXCL5|CX3CL1,-1.3,MyList
DisGeNET,35,C0424621,Body Fat Distribution,,-2.4,3.2,3.5,30293,90,851,8,0.94,0.33,1462|5125|7058|27201|57211|81794|130132|283358,VCAN|PCSK5|THBS2|GPR78|ADGRG6|ADAMTS10|RFTN2|B4GALNT3,-1.3,MyList
DisGeNET,35,C0041948,Uremia,,-2.4,2.9,3.4,30293,110,851,9,1.1,0.35,285|567|650|655|1749|3123|3383|6513|80150,ANGPT2|B2M|BMP2|BMP7|DLX5|HLA-DRB1|ICAM1|SLC2A1|ASRGL1,-1.3,MyList
DisGeNET,35,C0004604,Back Pain,,-2.4,2.9,3.4,30293,110,851,9,1.1,0.35,972|1029|2273|3576|3918|5155|5327|6660|6690,CD74|CDKN2A|FHL1|CXCL8|LAMC2|PDGFB|PLAT|SOX5|SPINK1,-1.3,MyList
DisGeNET,35,C0019209,Hepatomegaly,,-2.4,1.8,3,30293,523,851,26,3.1,0.59,286|567|650|846|875|1421|2243|2353|2624|3123|3481|3561|3853|3854|4055|4689|5155|6288|6513|6578|8792|9056|9719|11096|55240|284119,ANK1|B2M|BMP2|CASR|CBS|CRYGD|FGA|FOS|GATA2|HLA-DRB1|IGF2|IL2RG|KRT6A|KRT6B|LTBR|NCF4|PDGFB|SAA1|SLC2A1|SLCO2A1|TNFRSF11A|SLC7A7|ADAMTSL2|ADAMTS5|STEAP3|CAVIN1,-1.3,MyList
DisGeNET,35,C0040028,"Thrombocythemia, Essential",,-2.4,2.3,3.2,30293,220,851,14,1.6,0.44,133|862|1012|3481|3576|4914|5111|5155|6296|8788|9021|9518|22943|57126,ADM|RUNX1T1|CDH13|IGF2|CXCL8|NTRK1|PCNA|PDGFB|ACSM3|DLK1|SOCS3|GDF15|DKK1|CD177,-1.3,MyList
DisGeNET,35,C0017665,Membranous glomerulonephritis,,-2.4,2.3,3.2,30293,197,851,13,1.5,0.42,2|718|1356|1491|2335|3119|3123|3339|4036|7070|9056|11346|255743,A2M|C3|CP|CTH|FN1|HLA-DQB1|HLA-DRB1|HSPG2|LRP2|THY1|SLC7A7|SYNPO|NPNT,-1.3,MyList
DisGeNET,35,C0010520,Cyanosis,,-2.4,4,3.7,30293,54,851,6,0.71,0.29,2697|6513|6572|6616|7547|60482,GJA1|SLC2A1|SLC18A3|SNAP25|ZIC3|SLC5A7,-1.3,MyList
Transcription Factor Targets,16,M13493,E4F1 Q6,,-2.4,2.1,3.1,30293,292,851,17,2,0.48,1152|2039|2259|2913|3213|3226|3227|3397|4674|4821|5521|6662|8549|9902|23645|56884|150094,CKB|DMTN|FGF14|GRM3|HOXB3|HOXC10|HOXC11|ID1|NAP1L2|NKX2-2|PPP2R2B|SOX9|LGR5|MRC2|PPP1R15A|FSTL5|SIK1,-1.3,MyList
Transcription Factor Targets,16,M5568,ETS1 B,,-2.4,2.1,3.1,30293,268,851,16,1.9,0.47,3726|5045|5080|5099|5155|5456|6281|7291|10103|10439|11082|27123|54674|55211|114798|116986,JUNB|FURIN|PAX6|PCDH7|PDGFB|POU3F4|S100A10|TWIST1|TSPAN1|OLFM1|ESM1|DKK2|LRRN3|DPPA4|SLITRK1|AGAP2,-1.3,MyList
Transcription Factor Targets,16,M17180,CREB 01,,-2.4,2.1,3.1,30293,268,851,16,1.9,0.47,114|890|3226|3397|3741|5122|5178|6616|7101|8549|10150|23645|54101|57111|64399|150094,ADCY8|CCNA2|HOXC10|ID1|KCNA5|PCSK1|PEG3|SNAP25|NR2E1|LGR5|MBNL2|PPP1R15A|RIPK4|RAB25|HHIP|SIK1,-1.3,MyList
DisGeNET,35,C0154823,Retinal defect,,-2.4,8.9,4.7,30293,12,851,3,0.35,0.2,5076|7020|30813,PAX2|TFAP2A|VSX1,-1.3,MyList
DisGeNET,35,C0162297,Respiratory arrest,,-2.4,8.9,4.7,30293,12,851,3,0.35,0.2,6572|6616|60482,SLC18A3|SNAP25|SLC5A7,-1.3,MyList
DisGeNET,35,C0016782,Fuchs' heterochromic cyclitis,,-2.4,8.9,4.7,30293,12,851,3,0.35,0.2,2521|3576|7128,FUS|CXCL8|TNFAIP3,-1.3,MyList
DisGeNET,35,C1275592,Funisitis (disorder),,-2.4,8.9,4.7,30293,12,851,3,0.35,0.2,2335|3552|3576,FN1|IL1A|CXCL8,-1.3,MyList
DisGeNET,35,C0549225,Myasthenic Syndrome,,-2.4,8.9,4.7,30293,12,851,3,0.35,0.2,5339|6572|50848,PLEC|SLC18A3|F11R,-1.3,MyList
DisGeNET,35,C3888044,Nephrogenic Systemic Fibrosis,,-2.4,8.9,4.7,30293,12,851,3,0.35,0.2,1462|1634|2335,VCAN|DCN|FN1,-1.3,MyList
DisGeNET,35,C1112570,Paraneoplastic pemphigus,,-2.4,8.9,4.7,30293,12,851,3,0.35,0.2,3123|3576|5493,HLA-DRB1|CXCL8|PPL,-1.3,MyList
DisGeNET,35,C1096452,Neonatal Early-Onset Sepsis,,-2.4,8.9,4.7,30293,12,851,3,0.35,0.2,1440|3383|3576,CSF3|ICAM1|CXCL8,-1.3,MyList
DisGeNET,35,C3806462,"Apneic episodes precipitated by illness, fatigue, stress",,-2.4,8.9,4.7,30293,12,851,3,0.35,0.2,6572|6616|60482,SLC18A3|SNAP25|SLC5A7,-1.3,MyList
DisGeNET,35,C0151539,Blood urea increased,,-2.4,8.9,4.7,30293,12,851,3,0.35,0.2,718|1621|7056,C3|DBH|THBD,-1.3,MyList
DisGeNET,35,C0151746,Abnormal renal function,,-2.4,8.9,4.7,30293,12,851,3,0.35,0.2,846|5076|6809,CASR|PAX2|STX3,-1.3,MyList
DisGeNET,35,C1848519,"WAARDENBURG SYNDROME, TYPE 4A",,-2.4,8.9,4.7,30293,12,851,3,0.35,0.2,1910|6662|6736,EDNRB|SOX9|SRY,-1.3,MyList
DisGeNET,35,C0861876,Recurrent Hepatocellular Carcinoma,,-2.4,8.9,4.7,30293,12,851,3,0.35,0.2,174|285|3852,AFP|ANGPT2|KRT5,-1.3,MyList
DisGeNET,35,C0030793,Pelvic Neoplasms,,-2.4,8.9,4.7,30293,12,851,3,0.35,0.2,9518|11186|27164,GDF15|RASSF1|SALL3,-1.3,MyList
DisGeNET,35,C0023654,Lichenification and lichen simplex chronicus,,-2.4,8.9,4.7,30293,12,851,3,0.35,0.2,4914|7424|9180,NTRK1|VEGFC|OSMR,-1.3,MyList
DisGeNET,35,C0812437,Oculo-dento-digital syndrome,,-2.4,8.9,4.7,30293,12,851,3,0.35,0.2,650|2697|22915,BMP2|GJA1|MMRN1,-1.3,MyList
DisGeNET,35,C0023653,Lichenification,,-2.4,8.9,4.7,30293,12,851,3,0.35,0.2,4914|7424|9180,NTRK1|VEGFC|OSMR,-1.3,MyList
DisGeNET,35,C0268233,GALACTOSIALIDOSIS,,-2.4,8.9,4.7,30293,12,851,3,0.35,0.2,1999|5476|51083,ELF3|CTSA|GAL,-1.3,MyList
DisGeNET,35,C0014122,Subacute Bacterial Endocarditis,,-2.4,8.9,4.7,30293,12,851,3,0.35,0.2,429|2290|3785,ASCL1|FOXG1|KCNQ2,-1.3,MyList
DisGeNET,35,C2051831,Pectus excavatum,,-2.4,8.9,4.7,30293,12,851,3,0.35,0.2,3855|6886|57211,KRT7|TAL1|ADGRG6,-1.3,MyList
PaGenBase,36,PGB:00038,Tissue-specific: Amygdala,,-2.4,4.7,3.9,30293,38,851,5,0.59,0.26,961|2558|7101|10814|55117,CD47|GABRA5|NR2E1|CPLX2|SLC6A15,-1.3,MyList
DisGeNET,35,C1301355,Myelodysplastic-Myeloproliferative Diseases,,-2.4,4.7,3.9,30293,38,851,5,0.59,0.26,861|1050|4684|4826|4914,RUNX1|CEBPA|NCAM1|NNAT|NTRK1,-1.3,MyList
DisGeNET,35,C0206717,Olfactory Neuroblastoma,,-2.4,4.7,3.9,30293,38,851,5,0.59,0.26,429|1026|4821|4914|53827,ASCL1|CDKN1A|NKX2-2|NTRK1|FXYD5,-1.3,MyList
DisGeNET,35,C0206660,Germinoma,,-2.4,4.7,3.9,30293,38,851,5,0.59,0.26,174|1029|3918|9314|10630,AFP|CDKN2A|LAMC2|KLF4|PDPN,-1.3,MyList
Cell Type Signatures,7,M39083,ZHONG PFC C3 UNKNOWN INP,,-2.4,4.7,3.9,30293,38,851,5,0.59,0.26,890|1063|3642|10842|58158,CCNA2|CENPF|INSM1|PPP1R17|NEUROD4,-1.3,MyList
DisGeNET,35,C4290046,trachomatis,,-2.4,2.4,3.3,30293,175,851,12,1.4,0.4,108|567|718|2920|3552|3576|5045|5266|6320|8434|11322|79026,ADCY2|B2M|C3|CXCL2|IL1A|CXCL8|FURIN|PI3|CLEC11A|RECK|TMC6|AHNAK,-1.3,MyList
DisGeNET,35,C0035579,Rickets,,-2.4,3.5,3.6,30293,72,851,7,0.82,0.31,846|3119|3123|3481|3576|4036|57007,CASR|HLA-DQB1|HLA-DRB1|IGF2|CXCL8|LRP2|ACKR3,-1.3,MyList
DisGeNET,35,C0235782,Gallbladder Carcinoma,,-2.4,1.8,3,30293,498,851,25,2.9,0.58,567|768|1026|1029|1045|1087|1440|2353|3339|3589|4194|5111|5327|7424|7869|9235|10397|11186|26499|27035|27123|51208|51477|54997|346389,B2M|CA9|CDKN1A|CDKN2A|CDX2|CEACAM7|CSF3|FOS|HSPG2|IL11|MDM4|PCNA|PLAT|VEGFC|SEMA3B|IL32|NDRG1|RASSF1|PLEK2|NOX1|DKK2|CLDN18|ISYNA1|TESC|MACC1,-1.3,MyList
DisGeNET,35,C0206694,Mucoepidermoid Carcinoma,,-2.4,2.6,3.3,30293,153,851,11,1.3,0.39,429|1029|1063|4194|4914|4916|6513|7291|9290|22822|388585,ASCL1|CDKN2A|CENPF|MDM4|NTRK1|NTRK3|SLC2A1|TWIST1|GPR55|PHLDA1|HES5,-1.3,MyList
DisGeNET,35,C0240063,Coloboma of iris,,-2.4,2.6,3.3,30293,153,851,11,1.3,0.39,286|1063|1421|2253|2619|4036|5080|6496|7020|7546|9573,ANK1|CENPF|CRYGD|FGF8|GAS1|LRP2|PAX6|SIX3|TFAP2A|ZIC2|GDF3,-1.3,MyList
DisGeNET,35,C0020474,"Hyperlipidemia, Familial Combined",,-2.4,3.1,3.5,30293,91,851,8,0.94,0.33,285|345|718|1030|2169|2335|4023|65217,ANGPT2|APOC3|C3|CDKN2B|FABP2|FN1|LPL|PCDH15,-1.3,MyList
DisGeNET,35,C4083212,"Alopecia, Male Pattern",,-2.4,3.1,3.5,30293,91,851,8,0.94,0.33,861|1029|1462|1879|6913|7538|22943|27123,RUNX1|CDKN2A|VCAN|EBF1|TBX15|ZFP36|DKK1|DKK2,-1.3,MyList
DisGeNET,35,C1956089,Osteophyte,,-2.4,3.1,3.5,30293,91,851,8,0.94,0.33,650|1361|2353|3339|3576|7058|9021|22943,BMP2|CPB2|FOS|HSPG2|CXCL8|THBS2|SOCS3|DKK1,-1.3,MyList
DisGeNET,35,C0220636,Malignant neoplasm of salivary gland,,-2.4,3.1,3.5,30293,91,851,8,0.94,0.33,1026|1462|3691|3852|4194|4916|27344|51477,CDKN1A|VCAN|ITGB4|KRT5|MDM4|NTRK3|PCSK1N|ISYNA1,-1.3,MyList
DisGeNET,35,C1862389,ATRIAL SEPTAL DEFECT 1,,-2.4,3.1,3.5,30293,91,851,8,0.94,0.33,414|1009|3123|3552|3576|5080|6288|6616,ARSD|CDH11|HLA-DRB1|IL1A|CXCL8|PAX6|SAA1|SNAP25,-1.3,MyList
DisGeNET,35,C0042900,Vitiligo,,-2.4,1.9,3,30293,394,851,21,2.5,0.53,1045|1356|1822|3119|3123|3383|3552|3576|5644|6352|6364|6506|8792|9518|22915|22943|23541|51477|80736|148022|170685,CDX2|CP|ATN1|HLA-DQB1|HLA-DRB1|ICAM1|IL1A|CXCL8|PRSS1|CCL5|CCL20|SLC1A2|TNFRSF11A|GDF15|MMRN1|DKK1|SEC14L2|ISYNA1|SLC44A4|TICAM1|NUDT10,-1.3,MyList
PaGenBase,36,PGB:00057,Tissue-specific: ovary,,-2.4,2.2,3.2,30293,245,851,15,1.8,0.45,1009|1137|1293|1421|2353|2846|4188|5155|5178|7044|23452|57616|147040|170302|203447,CDH11|CHRNA4|COL6A3|CRYGD|FOS|LPAR4|MDFI|PDGFB|PEG3|LEFTY2|ANGPTL2|TSHZ3|KCTD11|ARX|NRK,-1.3,MyList
DisGeNET,35,C0020615,Hypoglycemia,,-2.4,1.9,3,30293,420,851,22,2.6,0.54,111|718|1050|1152|1621|2353|2697|2852|3481|4023|5106|5209|6513|6515|6658|6850|7295|8660|9021|30001|51083|57007,ADCY5|C3|CEBPA|CKB|DBH|FOS|GJA1|GPER1|IGF2|LPL|PCK2|PFKFB3|SLC2A1|SLC2A3|SOX3|SYK|TXN|IRS2|SOCS3|ERO1A|GAL|ACKR3,-1.3,MyList
DisGeNET,35,C2939175,Meconium ileus,,-2.4,5.9,4.1,30293,24,851,4,0.47,0.23,174|1179|5644|11254,AFP|CLCA1|PRSS1|SLC6A14,-1.3,MyList
DisGeNET,35,C0338484,Familial Hemiplegic Migraine,,-2.4,5.9,4.1,30293,24,851,4,0.47,0.23,3552|5024|6513|7045,IL1A|P2RX3|SLC2A1|TGFBI,-1.3,MyList
TRRUST,34,TRR00881,Regulated by: NFYA,,-2.4,5.9,4.1,30293,24,851,4,0.47,0.23,875|1647|1649|6658,CBS|GADD45A|DDIT3|SOX3,-1.3,MyList
DisGeNET,35,C1510497,Lens Opacities,,-2.4,5.9,4.1,30293,24,851,4,0.47,0.23,1410|1421|3982|5080,CRYAB|CRYGD|LIM2|PAX6,-1.3,MyList
DisGeNET,35,C1112211,Hepatic Infection,,-2.4,5.9,4.1,30293,24,851,4,0.47,0.23,5354|6513|7448|54210,PLP1|SLC2A1|VTN|TREM1,-1.3,MyList
DisGeNET,35,C1842153,Irregular vertebral endplates,,-2.4,5.9,4.1,30293,24,851,4,0.47,0.23,1299|1301|1311|9060,COL9A3|COL11A1|COMP|PAPSS2,-1.3,MyList
DisGeNET,35,C1301362,Primary Cutaneous Anaplastic Large Cell Lymphoma,,-2.4,5.9,4.1,30293,24,851,4,0.47,0.23,238|1026|3726|9021,ALK|CDKN1A|JUNB|SOCS3,-1.3,MyList
DisGeNET,35,C0013366,Dyschondroplasias,,-2.4,5.9,4.1,30293,24,851,4,0.47,0.23,1301|3339|9719|51129,COL11A1|HSPG2|ADAMTSL2|ANGPTL4,-1.3,MyList
DisGeNET,35,C0432272,Van Buchem disease,,-2.4,5.9,4.1,30293,24,851,4,0.47,0.23,1301|3339|9719|22943,COL11A1|HSPG2|ADAMTSL2|DKK1,-1.3,MyList
DisGeNET,35,C0032768,Postherpetic neuralgia,,-2.4,5.9,4.1,30293,24,851,4,0.47,0.23,285|3123|3576|9423,ANGPT2|HLA-DRB1|CXCL8|NTN1,-1.3,MyList
DisGeNET,35,C0238124,Necrotizing fasciitis,,-2.4,5.9,4.1,30293,24,851,4,0.47,0.23,3119|3123|3576|8434,HLA-DQB1|HLA-DRB1|CXCL8|RECK,-1.3,MyList
DisGeNET,35,C0948242,"Nuchal bleb, familial",,-2.4,5.9,4.1,30293,24,851,4,0.47,0.23,345|718|1822|4023,APOC3|C3|ATN1|LPL,-1.3,MyList
Transcription Factor Targets,16,M40788,NFXL1 TARGET GENES,,-2.4,1.9,3.1,30293,369,851,20,2.4,0.52,602|1410|1759|2114|2307|2353|2355|3993|6513|7020|9902|22895|51617|54798|55715|64063|79026|84894|124565|340533,BCL3|CRYAB|DNM1|ETS2|FOXS1|FOS|FOSL2|LLGL2|SLC2A1|TFAP2A|MRC2|RPH3A|NSG2|DCHS2|DOK4|PRSS22|AHNAK|LINGO1|SLC38A10|NEXMIF,-1.3,MyList
DisGeNET,35,C0870082,Hyperkeratosis,,-2.4,2.4,3.2,30293,176,851,12,1.4,0.4,1029|1030|1294|1747|1893|2697|3552|3852|3853|7020|7424|79977,CDKN2A|CDKN2B|COL7A1|DLX3|ECM1|GJA1|IL1A|KRT5|KRT6A|TFAP2A|VEGFC|GRHL2,-1.2,MyList
DisGeNET,35,C0013404,Dyspnea,,-2.4,2.2,3.2,30293,222,851,14,1.6,0.44,311|650|846|1621|2521|3123|3576|3914|3918|3960|5446|7547|9244|170302,ANXA11|BMP2|CASR|DBH|FUS|HLA-DRB1|CXCL8|LAMB3|LAMC2|LGALS4|PON3|ZIC3|CRLF1|ARX,-1.2,MyList
DisGeNET,35,C0038443,"Stress, Psychological",,-2.4,2.3,3.2,30293,199,851,13,1.5,0.42,117|1012|1641|2555|3552|3855|4155|5021|5327|6886|10163|23135|51083,ADCYAP1R1|CDH13|DCX|GABRA2|IL1A|KRT7|MBP|OXTR|PLAT|TAL1|WASF2|KDM6B|GAL,-1.2,MyList
TRRUST,34,TRR00602,Regulated by: IRF1,,-2.4,3.9,3.6,30293,55,851,6,0.71,0.29,634|1026|5284|6352|6892|23541,CEACAM1|CDKN1A|PIGR|CCL5|TAPBP|SEC14L2,-1.2,MyList
DisGeNET,35,C0267380,Crohn's disease of the ileum,,-2.4,3.9,3.6,30293,55,851,6,0.71,0.29,2335|2524|3123|4689|7448|8929,FN1|FUT2|HLA-DRB1|NCF4|VTN|PHOX2B,-1.2,MyList
DisGeNET,35,C0429468,Anovulatory (finding),,-2.4,3.9,3.6,30293,55,851,6,0.71,0.29,2045|5021|5045|8660|9060|50674,EPHA7|OXTR|FURIN|IRS2|PAPSS2|NEUROG3,-1.2,MyList
DisGeNET,35,C0158113,Contracture of joint of hand,,-2.4,3.9,3.6,30293,55,851,6,0.71,0.29,1301|2273|3123|3339|6913|9719,COL11A1|FHL1|HLA-DRB1|HSPG2|TBX15|ADAMTSL2,-1.2,MyList
DisGeNET,35,C1849157,Resistance to Insulin-Like Growth Factor I,,-2.4,3.9,3.6,30293,55,851,6,0.71,0.29,238|602|1050|2852|3481|8660,ALK|BCL3|CEBPA|GPER1|IGF2|IRS2,-1.2,MyList
DisGeNET,35,C0220605,Adult Non-Hodgkin Lymphoma,,-2.4,1.9,3,30293,370,851,20,2.4,0.52,238|290|567|602|846|961|1029|1030|1050|1440|1649|3222|4194|4684|5111|6096|7128|9021|55655|84433,ALK|ANPEP|B2M|BCL3|CASR|CD47|CDKN2A|CDKN2B|CEBPA|CSF3|DDIT3|HOXC5|MDM4|NCAM1|PCNA|RORB|TNFAIP3|SOCS3|NLRP2|CARD11,-1.2,MyList
DisGeNET,35,C0162311,Androgenetic Alopecia,,-2.4,2.9,3.4,30293,112,851,9,1.1,0.35,861|1029|1879|3852|6913|7538|22915|22943|27123,RUNX1|CDKN2A|EBF1|KRT5|TBX15|ZFP36|MMRN1|DKK1|DKK2,-1.2,MyList
Transcription Factor Targets,16,M10166,MYAATNNNNNNNGGC UNKNOWN,,-2.4,2.9,3.4,30293,112,851,9,1.1,0.35,1063|3227|5080|6660|6860|9547|30813|84858|85397,CENPF|HOXC11|PAX6|SOX5|SYT4|CXCL14|VSX1|ZNF503|RGS8,-1.2,MyList
DisGeNET,35,C0334121,Inflammatory Myofibroblastic Tumor,,-2.4,3.1,3.4,30293,92,851,8,0.94,0.33,238|1029|2335|3488|4288|4914|4916|11030,ALK|CDKN2A|FN1|IGFBP5|MKI67|NTRK1|NTRK3|RBPMS,-1.2,MyList
DisGeNET,35,C1184923,Lumbar hyperlordosis,,-2.4,3.1,3.4,30293,92,851,8,0.94,0.33,414|633|1311|2673|3339|5339|6660|81794,ARSD|BGN|COMP|GFPT1|HSPG2|PLEC|SOX5|ADAMTS10,-1.2,MyList
DisGeNET,35,C0041349,"Nephritis, Tubulointerstitial",,-2.4,3.1,3.4,30293,92,851,8,0.94,0.33,567|1634|2168|3123|3339|5272|6928|9056,B2M|DCN|FABP1|HLA-DRB1|HSPG2|SERPINB9|HNF1B|SLC7A7,-1.2,MyList
DisGeNET,35,C0242343,Panhypopituitarism,,-2.4,3.4,3.5,30293,73,851,7,0.82,0.31,2253|2619|6496|6658|7546|8022|64399,FGF8|GAS1|SIX3|SOX3|ZIC2|LHX3|HHIP,-1.2,MyList
Cell Type Signatures,7,M40257,DESCARTES FETAL MUSCLE VASCULAR ENDOTHELIAL CELLS,,-2.4,3.4,3.5,30293,73,851,7,0.82,0.31,4071|7424|11082|51299|57101|64321|116159,TM4SF1|VEGFC|ESM1|NRN1|ANO2|SOX17|CYYR1,-1.2,MyList
Cell Type Signatures,7,M39275,DURANTE ADULT OLFACTORY NEUROEPITHELIUM CD8 T CELLS,,-2.4,3.4,3.5,30293,73,851,7,0.82,0.31,694|3561|5880|6352|7128|9235|9262,BTG1|IL2RG|RAC2|CCL5|TNFAIP3|IL32|STK17B,-1.2,MyList
Cell Type Signatures,7,M41720,FAN OVARY CL18 B LYMPHOCYTE,,-2.4,1.9,3,30293,422,851,22,2.6,0.54,311|567|972|2512|3119|3123|3127|3561|4155|5272|6238|6303|6892|7277|7295|8673|23657|51142|53827|56937|112399|387882,ANXA11|B2M|CD74|FTL|HLA-DQB1|HLA-DRB1|HLA-DRB5|IL2RG|MBP|SERPINB9|RRBP1|SAT1|TAPBP|TUBA4A|TXN|VAMP8|SLC7A11|CHCHD2|FXYD5|PMEPA1|EGLN3|C12orf75,-1.2,MyList
Transcription Factor Targets,16,M3739,PPARA 02,,-2.4,2.7,3.3,30293,133,851,10,1.2,0.37,1015|4762|5155|7044|11187|11255|26050|55057|84171|85397,CDH17|NEUROG1|PDGFB|LEFTY2|PKP3|HRH3|SLITRK5|CRYBG2|LOXL4|RGS8,-1.2,MyList
DisGeNET,35,C0262587,Parathyroid Adenoma,,-2.4,2.7,3.3,30293,133,851,10,1.2,0.37,846|1026|1029|1030|1910|4036|4288|5111|7538|11186,CASR|CDKN1A|CDKN2A|CDKN2B|EDNRB|LRP2|MKI67|PCNA|ZFP36|RASSF1,-1.2,MyList
DisGeNET,35,C0220612,Childhood Non-Hodgkin Lymphoma,,-2.3,1.9,3,30293,371,851,20,2.4,0.52,238|290|567|602|846|961|1029|1030|1050|1440|1649|3222|4194|4684|5111|6096|7128|9021|55655|84433,ALK|ANPEP|B2M|BCL3|CASR|CD47|CDKN2A|CDKN2B|CEBPA|CSF3|DDIT3|HOXC5|MDM4|NCAM1|PCNA|RORB|TNFAIP3|SOCS3|NLRP2|CARD11,-1.2,MyList
DisGeNET,35,C0155877,Allergic asthma,,-2.3,1.9,3,30293,371,851,20,2.4,0.52,718|1491|1649|1910|3037|3119|3123|3552|3576|3598|3691|5142|5729|6288|6352|6513|9181|9235|9314|112399,C3|CTH|DDIT3|EDNRB|HAS2|HLA-DQB1|HLA-DRB1|IL1A|CXCL8|IL13RA2|ITGB4|PDE4B|PTGDR|SAA1|CCL5|SLC2A1|ARHGEF2|IL32|KLF4|EGLN3,-1.2,MyList
PaGenBase,36,PGB:00031,Cell-specific: HUVEC,,-2.3,1.9,3,30293,371,851,20,2.4,0.52,285|1012|2114|2697|3776|3855|4319|5045|5155|7424|9540|10045|11082|11098|22943|26509|55530|55715|84631|116372,ANGPT2|CDH13|ETS2|GJA1|KCNK2|KRT7|MMP10|FURIN|PDGFB|VEGFC|TP53I3|SH2D3A|ESM1|PRSS23|DKK1|MYOF|SVOP|DOK4|SLITRK2|LYPD1,-1.2,MyList
Transcription Factor Targets,16,M15556,FREAC7 01,,-2.3,2.3,3.2,30293,200,851,13,1.5,0.42,577|1440|2913|2920|3726|5339|5521|7291|11343|27328|51199|55466|57616,ADGRB3|CSF3|GRM3|CXCL2|JUNB|PLEC|PPP2R2B|TWIST1|MGLL|PCDH11X|NIN|DNAJA4|TSHZ3,-1.2,MyList
Cell Type Signatures,7,M39106,AIZARANI LIVER C2 KUPFFER CELLS 1,,-2.3,2.3,3.2,30293,200,851,13,1.5,0.42,301|1512|2512|3119|3123|3127|3576|6303|6850|7045|9262|9314|10863,ANXA1|CTSH|FTL|HLA-DQB1|HLA-DRB1|HLA-DRB5|CXCL8|SAT1|SYK|TGFBI|STK17B|KLF4|ADAM28,-1.2,MyList
DisGeNET,35,C3841475,beta^+^ Thalassemia,,-2.3,2.5,3.2,30293,155,851,11,1.3,0.39,174|567|1361|1440|2335|3481|6578|9518|57126|57573|84913,AFP|B2M|CPB2|CSF3|FN1|IGF2|SLCO2A1|GDF15|CD177|ZNF471|ATOH8,-1.2,MyList
Transcription Factor Targets,16,M9412,RTTTNNNYTGGM UNKNOWN,,-2.3,2.5,3.2,30293,155,851,11,1.3,0.39,1641|3037|5076|6578|7545|7546|8906|10586|53827|55286|84107,DCX|HAS2|PAX2|SLCO2A1|ZIC1|ZIC2|AP1G2|MAB21L2|FXYD5|C4orf19|ZIC4,-1.2,MyList
Transcription Factor Targets,16,M3139,PAX8 01,,-2.3,4.6,3.8,30293,39,851,5,0.59,0.26,5099|10586|26257|27319|55885,PCDH7|MAB21L2|NKX2-8|BHLHE22|LMO3,-1.2,MyList
DisGeNET,35,C0022596,Palmoplantar Keratosis,,-2.3,4.6,3.8,30293,39,851,5,0.59,0.26,2697|3852|3853|5339|55612,GJA1|KRT5|KRT6A|PLEC|FERMT1,-1.2,MyList
DisGeNET,35,C0456889,Enteropathy-Associated T-Cell Lymphoma,,-2.3,4.6,3.8,30293,39,851,5,0.59,0.26,1029|3119|3123|4684|57007,CDKN2A|HLA-DQB1|HLA-DRB1|NCAM1|ACKR3,-1.2,MyList
Cell Type Signatures,7,M39297,DURANTE ADULT OLFACTORY NEUROEPITHELIUM MONOCYTES,,-2.3,4.6,3.8,30293,39,851,5,0.59,0.26,972|3119|3123|3127|6348,CD74|HLA-DQB1|HLA-DRB1|HLA-DRB5|CCL3,-1.2,MyList
DisGeNET,35,C0031900,Pierre Robin Syndrome,,-2.3,4.6,3.8,30293,39,851,5,0.59,0.26,650|1301|1750|6662|253738,BMP2|COL11A1|DLX6|SOX9|EBF3,-1.2,MyList
DisGeNET,35,C0311394,Difficulty walking,,-2.3,2.2,3.1,30293,224,851,14,1.6,0.44,111|1410|1759|2259|2273|2673|5155|6328|6506|6572|6616|8831|60482|79152,ADCY5|CRYAB|DNM1|FGF14|FHL1|GFPT1|PDGFB|SCN3A|SLC1A2|SLC18A3|SNAP25|SYNGAP1|SLC5A7|FA2H,-1.2,MyList
DisGeNET,35,C0016842,Congenital pectus excavatum,,-2.3,2.1,3.1,30293,272,851,16,1.9,0.47,650|875|1009|1281|1855|2273|2290|3339|3855|5476|6736|6886|9719|23135|55130|57211,BMP2|CBS|CDH11|COL3A1|DVL1|FHL1|FOXG1|HSPG2|KRT7|CTSA|SRY|TAL1|ADAMTSL2|KDM6B|ODAD2|ADGRG6,-1.2,MyList
DisGeNET,35,C0014060,"Encephalitis, St. Louis",,-2.3,2.1,3.1,30293,272,851,16,1.9,0.47,133|567|718|1440|1822|2335|2934|3119|3123|3576|6352|7128|8482|9641|51083|54210,ADM|B2M|C3|CSF3|ATN1|FN1|GSN|HLA-DQB1|HLA-DRB1|CXCL8|CCL5|TNFAIP3|SEMA7A|IKBKE|GAL|TREM1,-1.2,MyList
DisGeNET,35,C0010038,Corneal Opacity,,-2.3,2.8,3.3,30293,113,851,9,1.1,0.35,1301|1421|2697|5080|5155|5476|7045|54101|55612,COL11A1|CRYGD|GJA1|PAX6|PDGFB|CTSA|TGFBI|RIPK4|FERMT1,-1.2,MyList
DisGeNET,35,C0003862,Arthralgia,,-2.3,2.2,3.1,30293,248,851,15,1.8,0.45,650|846|1277|1299|1301|1311|1440|2512|3119|3123|3552|3576|6578|8792|9235,BMP2|CASR|COL1A1|COL9A3|COL11A1|COMP|CSF3|FTL|HLA-DQB1|HLA-DRB1|IL1A|CXCL8|SLCO2A1|TNFRSF11A|IL32,-1.2,MyList
DisGeNET,35,C0271623,Hypogonadotropic hypogonadism,,-2.3,2.4,3.2,30293,178,851,12,1.4,0.4,286|650|2253|2255|5122|5155|6658|6662|6736|7681|9423|50674,ANK1|BMP2|FGF8|FGF10|PCSK1|PDGFB|SOX3|SOX9|SRY|MKRN3|NTN1|NEUROG3,-1.2,MyList
DisGeNET,35,C0029401,Osteitis Deformans,,-2.3,2.7,3.3,30293,134,851,10,1.2,0.37,846|1051|2353|2697|3552|3576|3855|8792|22943|57007,CASR|CEBPB|FOS|GJA1|IL1A|CXCL8|KRT7|TNFRSF11A|DKK1|ACKR3,-1.2,MyList
Cell Type Signatures,7,M41751,RUBENSTEIN SKELETAL MUSCLE MYELOID CELLS,,-2.3,1.9,3,30293,347,851,19,2.2,0.51,837|972|1026|1051|1462|1512|2353|2512|3123|3576|3726|6277|6303|6348|7538|8673|9314|23645|53827,CASP4|CD74|CDKN1A|CEBPB|VCAN|CTSH|FOS|FTL|HLA-DRB1|CXCL8|JUNB|S100A6|SAT1|CCL3|ZFP36|VAMP8|KLF4|PPP1R15A|FXYD5,-1.2,MyList
DisGeNET,35,C0034065,Pulmonary Embolism,,-2.3,3.1,3.4,30293,93,851,8,0.94,0.33,875|1361|2243|2266|5327|5354|6376|7056,CBS|CPB2|FGA|FGG|PLAT|PLP1|CX3CL1|THBD,-1.2,MyList
Cell Type Signatures,7,M39237,LAKE ADULT KIDNEY C18 COLLECTING DUCT PRINCIPAL CELLS MEDULLA,,-2.3,2,3,30293,322,851,18,2.1,0.49,567|928|1410|1512|2512|3397|3993|4118|5209|6277|6281|6303|9518|10103|10397|51142|55890|387882,B2M|CD9|CRYAB|CTSH|FTL|ID1|LLGL2|MAL|PFKFB3|S100A6|S100A10|SAT1|GDF15|TSPAN1|NDRG1|CHCHD2|GPRC5C|C12orf75,-1.2,MyList
Transcription Factor Targets,16,M3285,CTGRYYYNATT UNKNOWN,,-2.3,3.4,3.5,30293,74,851,7,0.82,0.31,460|1410|1647|8929|10675|22943|54498,ASTN1|CRYAB|GADD45A|PHOX2B|CSPG5|DKK1|SMOX,-1.2,MyList
Cell Type Signatures,7,M40269,DESCARTES FETAL PANCREAS ENS GLIA,,-2.3,3.4,3.5,30293,74,851,7,0.82,0.31,2899|5354|7020|8190|9951|54549|220382,GRIK3|PLP1|TFAP2A|MIA|HS3ST4|SDK2|FAM181B,-1.2,MyList
Cell Type Signatures,7,M39159,GAO LARGE INTESTINE 24W C10 ENTEROCYTE,,-2.3,3.8,3.6,30293,56,851,6,0.71,0.29,26|290|1087|1943|10811|340024,AOC1|ANPEP|CEACAM7|EFNA2|NOXA1|SLC6A19,-1.2,MyList
DisGeNET,35,C1504336,Polypoidal choroidal vasculopathy,,-2.3,3.8,3.6,30293,56,851,6,0.71,0.29,285|718|1295|2335|4023|4684,ANGPT2|C3|COL8A1|FN1|LPL|NCAM1,-1.2,MyList
DisGeNET,35,C0220726,Diastrophic dysplasia,,-2.3,3.8,3.6,30293,56,851,6,0.71,0.29,1299|1311|2335|6303|9060|23440,COL9A3|COMP|FN1|SAT1|PAPSS2|OTP,-1.2,MyList
DisGeNET,35,C1839333,"EPILEPTIC ENCEPHALOPATHY, EARLY INFANTILE, 2",,-2.3,3.8,3.6,30293,56,851,6,0.71,0.29,2290|2555|3785|6513|9290|170302,FOXG1|GABRA2|KCNQ2|SLC2A1|GPR55|ARX,-1.2,MyList
DisGeNET,35,C4316812,Fibrinogen Deficiency,,-2.3,3.8,3.6,30293,56,851,6,0.71,0.29,286|2243|2266|5327|9056|80150,ANK1|FGA|FGG|PLAT|SLC7A7|ASRGL1,-1.2,MyList
DisGeNET,35,C1258104,Diffuse Scleroderma,,-2.3,3.8,3.6,30293,56,851,6,0.71,0.29,1277|2335|3119|3123|3552|169044,COL1A1|FN1|HLA-DQB1|HLA-DRB1|IL1A|COL22A1,-1.2,MyList
DisGeNET,35,C1701940,"Pneumonia, Ventilator-Associated",,-2.3,3.8,3.6,30293,56,851,6,0.71,0.29,285|3383|3576|6288|6303|54210,ANGPT2|ICAM1|CXCL8|SAA1|SAT1|TREM1,-1.2,MyList
DisGeNET,35,C1519383,Smoking Behaviors,,-2.3,2.1,3.1,30293,249,851,15,1.8,0.45,861|1012|1136|1143|3222|6913|9378|9423|23043|54715|56243|57211|64067|64399|80150,RUNX1|CDH13|CHRNA3|CHRNB4|HOXC5|TBX15|NRXN1|NTN1|TNIK|RBFOX1|KIAA1217|ADGRG6|NPAS3|HHIP|ASRGL1,-1.2,MyList
Cell Type Signatures,7,M39115,AIZARANI LIVER C11 HEPATOCYTES 1,,-2.3,2,3,30293,298,851,17,2,0.48,345|718|1356|1361|1647|2168|2180|2243|2266|2335|3481|5106|5446|5629|6385|7448|116844,APOC3|C3|CP|CPB2|GADD45A|FABP1|ACSL1|FGA|FGG|FN1|IGF2|PCK2|PON3|PROX1|SDC4|VTN|LRG1,-1.2,MyList
DisGeNET,35,C0349639,Juvenile Myelomonocytic Leukemia,,-2.3,2.4,3.2,30293,179,851,12,1.4,0.4,238|861|1029|1030|1822|2624|3561|4753|5880|7056|7070|9590,ALK|RUNX1|CDKN2A|CDKN2B|ATN1|GATA2|IL2RG|NELL2|RAC2|THBD|THY1|AKAP12,-1.2,MyList
DisGeNET,35,C0278704,Malignant Childhood Neoplasm,,-2.3,2.4,3.2,30293,179,851,12,1.4,0.4,238|846|861|1026|1029|1030|1634|2034|4194|5122|9518|11186,ALK|CASR|RUNX1|CDKN1A|CDKN2A|CDKN2B|DCN|EPAS1|MDM4|PCSK1|GDF15|RASSF1,-1.2,MyList
DisGeNET,35,C0003125,Anorexia Nervosa,,-2.3,2.3,3.1,30293,202,851,13,1.5,0.42,1421|1879|2697|3855|4826|4916|5021|6376|6886|9290|10215|51129|55790,CRYGD|EBF1|GJA1|KRT7|NNAT|NTRK3|OXTR|CX3CL1|TAL1|GPR55|OLIG2|ANGPTL4|CSGALNACT1,-1.2,MyList
DisGeNET,35,C0334438,Superficial spreading malignant melanoma of skin,,-2.3,5.7,4,30293,25,851,4,0.47,0.23,1029|2173|3576|7020,CDKN2A|FABP7|CXCL8|TFAP2A,-1.2,MyList
DisGeNET,35,C1855900,"HYPERTRICHOSIS, CONGENITAL GENERALIZED",,-2.3,5.7,4,30293,25,851,4,0.47,0.23,174|2258|6616|6658,AFP|FGF13|SNAP25|SOX3,-1.2,MyList
DisGeNET,35,C0232513,Premature tooth loss,,-2.3,5.7,4,30293,25,851,4,0.47,0.23,1009|1281|2697|8792,CDH11|COL3A1|GJA1|TNFRSF11A,-1.2,MyList
DisGeNET,35,C0267111,Gastric dysplasia,,-2.3,5.7,4,30293,25,851,4,0.47,0.23,1029|3993|54498|64399,CDKN2A|LLGL2|SMOX|HHIP,-1.2,MyList
DisGeNET,35,C0282606,Myomatous neoplasm,,-2.3,5.7,4,30293,25,851,4,0.47,0.23,1012|1029|3481|8788,CDH13|CDKN2A|IGF2|DLK1,-1.2,MyList
DisGeNET,35,C0410005,Nodular fasciitis,,-2.3,5.7,4,30293,25,851,4,0.47,0.23,1277|2346|6850|7291,COL1A1|FOLH1|SYK|TWIST1,-1.2,MyList
Cell Type Signatures,7,M41674,TRAVAGLINI LUNG FIBROMYOCYTE CELL,,-2.3,5.7,4,30293,25,851,4,0.47,0.23,1152|64399|91584|140597,CKB|HHIP|PLXNA4|TCEAL2,-1.2,MyList
DisGeNET,35,C3887558,Hemophagocytic Syndrome,,-2.3,5.7,4,30293,25,851,4,0.47,0.23,238|602|4684|80150,ALK|BCL3|NCAM1|ASRGL1,-1.2,MyList
DisGeNET,35,C0002063,Alkalosis,,-2.3,5.7,4,30293,25,851,4,0.47,0.23,846|2555|3776|6546,CASR|GABRA2|KCNK2|SLC8A1,-1.2,MyList
DisGeNET,35,C0040038,Thromboembolism,,-2.3,5.7,4,30293,25,851,4,0.47,0.23,2|875|3624|5327,A2M|CBS|INHBA|PLAT,-1.2,MyList
DisGeNET,35,C0162678,Neurofibromatoses,,-2.3,2.6,3.2,30293,135,851,10,1.2,0.37,861|1029|1030|2290|2335|2346|4916|5080|6662|6900,RUNX1|CDKN2A|CDKN2B|FOXG1|FN1|FOLH1|NTRK3|PAX6|SOX9|CNTN2,-1.2,MyList
DisGeNET,35,C0002171,Alopecia Areata,,-2.3,2.8,3.3,30293,114,851,9,1.1,0.35,1356|2920|3119|3123|3383|3552|9021|22943|154064,CP|CXCL2|HLA-DQB1|HLA-DRB1|ICAM1|IL1A|SOCS3|DKK1|RAET1L,-1.2,MyList
DisGeNET,35,C0039685,Tetralogy of Fallot,,-2.3,2.1,3,30293,274,851,16,1.9,0.47,2253|2335|2619|2697|3037|4916|6296|6496|7021|7546|10150|22895|22915|57007|63976|64220,FGF8|FN1|GAS1|GJA1|HAS2|NTRK3|ACSM3|SIX3|TFAP2B|ZIC2|MBNL2|RPH3A|MMRN1|ACKR3|PRDM16|STRA6,-1.2,MyList
DisGeNET,35,C4722419,Extrapulmonary Small Cell Carcinoma,,-2.3,2.5,3.2,30293,157,851,11,1.3,0.39,1029|1993|2335|3119|4288|6658|7291|7424|9052|11186|346389,CDKN2A|ELAVL2|FN1|HLA-DQB1|MKI67|SOX3|TWIST1|VEGFC|GPRC5A|RASSF1|MACC1,-1.2,MyList
DisGeNET,35,C1527390,"Neoplasms, Intracranial",,-2.3,2.5,3.2,30293,157,851,11,1.3,0.39,133|238|634|1029|3481|3576|4194|5111|9244|9518|388585,ADM|ALK|CEACAM1|CDKN2A|IGF2|CXCL8|MDM4|PCNA|CRLF1|GDF15|HES5,-1.2,MyList
DisGeNET,35,C0558353,Tongue Carcinoma,,-2.3,2.5,3.2,30293,157,851,11,1.3,0.39,285|768|1029|2335|3576|5155|5396|5645|10630|51129|54101,ANGPT2|CA9|CDKN2A|FN1|CXCL8|PDGFB|PRRX1|PRSS2|PDPN|ANGPTL4|RIPK4,-1.2,MyList
Cell Type Signatures,7,M39118,AIZARANI LIVER C14 HEPATOCYTES 2,,-2.3,2.2,3.1,30293,226,851,14,1.6,0.44,345|718|1356|2168|2243|2266|2512|2877|3481|3487|5446|6288|7448|116844,APOC3|C3|CP|FABP1|FGA|FGG|FTL|GPX2|IGF2|IGFBP4|PON3|SAA1|VTN|LRG1,-1.2,MyList
DisGeNET,35,C0332840,Amputated structure (morphologic abnormality),,-2.3,3,3.4,30293,94,851,8,0.94,0.33,650|972|2253|2274|4762|5111|9518|23452,BMP2|CD74|FGF8|FHL2|NEUROG1|PCNA|GDF15|ANGPTL2,-1.2,MyList
DisGeNET,35,C3853540,Aspirin exacerbated respiratory disease,,-2.3,3,3.4,30293,94,851,8,0.94,0.33,307|2168|3119|3123|3552|6892|7291|84033,ANXA4|FABP1|HLA-DQB1|HLA-DRB1|IL1A|TAPBP|TWIST1|OBSCN,-1.2,MyList
DisGeNET,35,C0302180,Condyloma,,-2.3,4.4,3.7,30293,40,851,5,0.59,0.26,1026|1029|3725|4288|55466,CDKN1A|CDKN2A|JUN|MKI67|DNAJA4,-1.2,MyList
DisGeNET,35,C0008060,child abuse behavior,,-2.3,4.4,3.7,30293,40,851,5,0.59,0.26,429|1277|3855|5021|6886,ASCL1|COL1A1|KRT7|OXTR|TAL1,-1.2,MyList
DisGeNET,35,C1321756,Achalasia,,-2.3,4.4,3.7,30293,40,851,5,0.59,0.26,3119|3123|9244|57611|255743,HLA-DQB1|HLA-DRB1|CRLF1|ISLR2|NPNT,-1.2,MyList
DisGeNET,35,C0856742,Post MI,,-2.3,2.3,3.1,30293,203,851,13,1.5,0.42,567|1029|1440|1893|2521|3552|3776|5196|10630|22915|54541|79924|112399,B2M|CDKN2A|CSF3|ECM1|FUS|IL1A|KCNK2|PF4|PDPN|MMRN1|DDIT4|ADM2|EGLN3,-1.2,MyList
DisGeNET,35,C0154830,Proliferative diabetic retinopathy,,-2.3,2.4,3.1,30293,180,851,12,1.4,0.4,133|1512|2335|3383|3552|3576|3589|7424|8673|8792|51129|375704,ADM|CTSH|FN1|ICAM1|IL1A|CXCL8|IL11|VEGFC|VAMP8|TNFRSF11A|ANGPTL4|ENHO,-1.2,MyList
Cell Type Signatures,7,M39294,DURANTE ADULT OLFACTORY NEUROEPITHELIUM MAST CELLS,,-2.3,3.3,3.4,30293,75,851,7,0.82,0.31,2624|5880|6809|7128|23645|54541|440712,GATA2|RAC2|STX3|TNFAIP3|PPP1R15A|DDIT4|RHEX,-1.2,MyList
DisGeNET,35,C0012569,Diplopia,,-2.3,3.3,3.4,30293,75,851,7,0.82,0.31,3119|3123|6513|6572|6616|22943|60482,HLA-DQB1|HLA-DRB1|SLC2A1|SLC18A3|SNAP25|DKK1|SLC5A7,-1.2,MyList
DisGeNET,35,C1514422,"Glioblastoma, IDH-Wildtype",,-2.3,3.3,3.4,30293,75,851,7,0.82,0.31,285|1029|2335|5209|7424|10630|84894,ANGPT2|CDKN2A|FN1|PFKFB3|VEGFC|PDPN|LINGO1,-1.2,MyList
DisGeNET,35,C0349458,Cervical intraepithelial neoplasia grade 1,,-2.3,3.3,3.4,30293,75,851,7,0.82,0.31,768|1029|3123|3855|4118|4288|7545,CA9|CDKN2A|HLA-DRB1|KRT7|MAL|MKI67|ZIC1,-1.2,MyList
Cell Type Signatures,7,M40099,DESCARTES MAIN FETAL PDE11A FAM19A2 POSITIVE CELLS,,-2.3,3.3,3.4,30293,75,851,7,0.82,0.31,2555|5063|5099|6616|11259|51617|54715,GABRA2|PAK3|PCDH7|SNAP25|FILIP1L|NSG2|RBFOX1,-1.2,MyList
DisGeNET,35,C0205622,Microinvasive tumor,,-2.3,8.2,4.4,30293,13,851,3,0.35,0.2,1026|1029|4118,CDKN1A|CDKN2A|MAL,-1.2,MyList
DisGeNET,35,C0279681,Bladder Squamous Cell Carcinoma,,-2.3,8.2,4.4,30293,13,851,3,0.35,0.2,1029|4914|5111,CDKN2A|NTRK1|PCNA,-1.2,MyList
PaGenBase,36,PGB:00142,Cell-specific: Cervical Ectoepithelial,,-2.3,8.2,4.4,30293,13,851,3,0.35,0.2,2877|5100|57451,GPX2|PCDH8|TENM2,-1.2,MyList
DisGeNET,35,C4024934,Cerebellar medulloblastoma,,-2.3,8.2,4.4,30293,13,851,3,0.35,0.2,1299|1311|4804,COL9A3|COMP|NGFR,-1.2,MyList
TRRUST,34,TRR01239,Regulated by: SMARCA4,,-2.3,8.2,4.4,30293,13,851,3,0.35,0.2,1026|1029|2353,CDKN1A|CDKN2A|FOS,-1.2,MyList
DisGeNET,35,C0151971,Primary ulcer of intestine,,-2.3,8.2,4.4,30293,13,851,3,0.35,0.2,1440|2255|6578,CSF3|FGF10|SLCO2A1,-1.2,MyList
DisGeNET,35,C0278184,Scanning speech,,-2.3,8.2,4.4,30293,13,851,3,0.35,0.2,1356|5080|5354,CP|PAX6|PLP1,-1.2,MyList
DisGeNET,35,C1260903,Dysfibrinogenemia,,-2.3,8.2,4.4,30293,13,851,3,0.35,0.2,2243|2266|7056,FGA|FGG|THBD,-1.2,MyList
Cell Type Signatures,7,M40036,BUSSLINGER DUODENAL MX CELLS,,-2.3,8.2,4.4,30293,13,851,3,0.35,0.2,2180|27344|170302,ACSL1|PCSK1N|ARX,-1.2,MyList
DisGeNET,35,C4285959,Erosive arthritis,,-2.3,8.2,4.4,30293,13,851,3,0.35,0.2,1421|3119|3123,CRYGD|HLA-DQB1|HLA-DRB1,-1.2,MyList
DisGeNET,35,C0743178,Intractable diarrhea,,-2.3,8.2,4.4,30293,13,851,3,0.35,0.2,3691|5122|5339,ITGB4|PCSK1|PLEC,-1.2,MyList
DisGeNET,35,C0266060,Anterior open bite,,-2.3,8.2,4.4,30293,13,851,3,0.35,0.2,650|3694|286077,BMP2|ITGB6|FAM83H,-1.2,MyList
DisGeNET,35,C1704378,Heymann Nephritis,,-2.3,8.2,4.4,30293,13,851,3,0.35,0.2,718|3123|4036,C3|HLA-DRB1|LRP2,-1.2,MyList
DisGeNET,35,C4025731,Abnormal thrombosis,,-2.3,8.2,4.4,30293,13,851,3,0.35,0.2,5644|5645|6690,PRSS1|PRSS2|SPINK1,-1.2,MyList
Transcription Factor Targets,16,M40754,MDM2 TARGET GENES,,-2.3,8.2,4.4,30293,13,851,3,0.35,0.2,133|2512|2521,ADM|FTL|FUS,-1.2,MyList
DisGeNET,35,C0162531,Hereditary Coproporphyria,,-2.3,8.2,4.4,30293,13,851,3,0.35,0.2,3918|5644|6296,LAMC2|PRSS1|ACSM3,-1.2,MyList
DisGeNET,35,C0242287,Isaacs syndrome,,-2.3,8.2,4.4,30293,13,851,3,0.35,0.2,6900|9211|9423,CNTN2|LGI1|NTN1,-1.2,MyList
DisGeNET,35,C0393847,Multifocal motor neuropathy,,-2.3,8.2,4.4,30293,13,851,3,0.35,0.2,3123|3918|6900,HLA-DRB1|LAMC2|CNTN2,-1.2,MyList
DisGeNET,35,C0206178,Cytomegalovirus Retinitis,,-2.3,8.2,4.4,30293,13,851,3,0.35,0.2,1440|3576|9021,CSF3|CXCL8|SOCS3,-1.2,MyList
DisGeNET,35,C0022602,Actinic keratosis,,-2.3,2.6,3.2,30293,136,851,10,1.2,0.37,1026|1029|1030|2273|3691|4118|4288|5111|5266|6513,CDKN1A|CDKN2A|CDKN2B|FHL1|ITGB4|MAL|MKI67|PCNA|PI3|SLC2A1,-1.2,MyList
DisGeNET,35,C0007120,Bronchioloalveolar Adenocarcinoma,,-2.3,2.6,3.2,30293,136,851,10,1.2,0.37,238|1029|2018|4684|6303|6496|6513|8190|51208|140453,ALK|CDKN2A|EMX2|NCAM1|SAT1|SIX3|SLC2A1|MIA|CLDN18|MUC17,-1.2,MyList
DisGeNET,35,C0221357,Brachydactyly,,-2.3,2,3,30293,325,851,18,2.1,0.49,633|1301|1311|1421|1855|2697|3123|3209|3694|6513|6658|6850|6913|7291|7545|9060|63976|81794,BGN|COL11A1|COMP|CRYGD|DVL1|GJA1|HLA-DRB1|HOXA13|ITGB6|SLC2A1|SOX3|SYK|TBX15|TWIST1|ZIC1|PAPSS2|PRDM16|ADAMTS10,-1.2,MyList
DisGeNET,35,C0032227,Pleural effusion disorder,,-2.3,2.2,3.1,30293,227,851,14,1.6,0.44,238|650|768|846|1029|1087|1462|3123|3624|4684|5644|5645|6690|11082,ALK|BMP2|CA9|CASR|CDKN2A|CEACAM7|VCAN|HLA-DRB1|INHBA|NCAM1|PRSS1|PRSS2|SPINK1|ESM1,-1.2,MyList
Transcription Factor Targets,16,M551,TEF1 Q6,,-2.3,2.2,3.1,30293,227,851,14,1.6,0.44,1410|1996|1999|3914|3918|5076|5396|11189|25802|51286|57530|63976|84171|653145,CRYAB|ELAVL4|ELF3|LAMB3|LAMC2|PAX2|PRRX1|CELF3|LMOD1|CEND1|CGN|PRDM16|LOXL4|ANXA8,-1.2,MyList
DisGeNET,35,C0242381,Lyme Arthritis,,-2.3,3.7,3.5,30293,57,851,6,0.71,0.29,301|2920|3123|3576|3589|4319,ANXA1|CXCL2|HLA-DRB1|CXCL8|IL11|MMP10,-1.2,MyList
DisGeNET,35,C0027654,Embryonal Neoplasm,,-2.3,3.7,3.5,30293,57,851,6,0.71,0.29,928|3481|3642|4914|6515|9573,CD9|IGF2|INSM1|NTRK1|SLC2A3|GDF3,-1.2,MyList
DisGeNET,35,C0011848,Diabetes Insipidus,,-2.3,3.7,3.5,30293,57,851,6,0.71,0.29,3037|3123|3918|5122|6496|6658,HAS2|HLA-DRB1|LAMC2|PCSK1|SIX3|SOX3,-1.2,MyList
DisGeNET,35,C4316881,Prescription Drug Abuse,,-2.3,2.8,3.3,30293,115,851,9,1.1,0.35,1012|9465|9547|57451|64866|65217|79750|114786|401207,CDH13|AKAP7|CXCL14|TENM2|CDCP1|PCDH15|ZNF385D|XKR4|C5orf63,-1.2,MyList
DisGeNET,35,C0206655,Alveolar rhabdomyosarcoma,,-2.3,2.8,3.3,30293,115,851,9,1.1,0.35,238|1029|3481|3642|4684|7021|8788|10215|55502,ALK|CDKN2A|IGF2|INSM1|NCAM1|TFAP2B|DLK1|OLIG2|HES6,-1.2,MyList
DisGeNET,35,C0029231,"Organic Mental Disorders, Substance-Induced",,-2.3,2.8,3.3,30293,115,851,9,1.1,0.35,1012|9465|9547|57451|64866|65217|79750|114786|401207,CDH13|AKAP7|CXCL14|TENM2|CDCP1|PCDH15|ZNF385D|XKR4|C5orf63,-1.2,MyList
DisGeNET,35,C2062441,Influenza A,,-2.3,1.7,2.9,30293,562,851,27,3.2,0.6,301|634|1029|1195|1822|2335|2353|2624|2920|3123|3383|3552|3576|3725|3726|4155|5155|6348|6352|6364|7113|9021|9235|23541|50506|51129|148022,ANXA1|CEACAM1|CDKN2A|CLK1|ATN1|FN1|FOS|GATA2|CXCL2|HLA-DRB1|ICAM1|IL1A|CXCL8|JUN|JUNB|MBP|PDGFB|CCL3|CCL5|CCL20|TMPRSS2|SOCS3|IL32|SEC14L2|DUOX2|ANGPTL4|TICAM1,-1.2,MyList
Transcription Factor Targets,16,M4770,COREBINDINGFACTOR Q6,,-2.3,2.1,3,30293,276,851,16,1.9,0.47,861|1995|5080|6348|6515|6660|7681|8929|9181|9378|23213|23440|64399|122953|140679|653145,RUNX1|ELAVL3|PAX6|CCL3|SLC2A3|SOX5|MKRN3|PHOX2B|ARHGEF2|NRXN1|SULF1|OTP|HHIP|JDP2|SLC32A1|ANXA8,-1.2,MyList
DisGeNET,35,C0149939,Obstructive nephropathy,,-2.3,3,3.3,30293,95,851,8,0.94,0.33,567|875|2335|2697|3397|6352|22943|54210,B2M|CBS|FN1|GJA1|ID1|CCL5|DKK1|TREM1,-1.2,MyList
Transcription Factor Targets,16,M12297,CDP 01,,-2.3,3,3.3,30293,95,851,8,0.94,0.33,174|2258|4821|11075|23440|64641|81849|85508,AFP|FGF13|NKX2-2|STMN2|OTP|EBF2|ST6GALNAC5|SCRT2,-1.2,MyList
DisGeNET,35,C1847835,VITILIGO-ASSOCIATED MULTIPLE AUTOIMMUNE DISEASE SUSCEPTIBILITY 1 (finding),,-2.3,2,3,30293,301,851,17,2,0.48,1045|1356|1822|3119|3123|3383|3552|3576|5644|6352|6364|9518|22915|22943|23541|51477|170685,CDX2|CP|ATN1|HLA-DQB1|HLA-DRB1|ICAM1|IL1A|CXCL8|PRSS1|CCL5|CCL20|GDF15|MMRN1|DKK1|SEC14L2|ISYNA1|NUDT10,-1.2,MyList
DisGeNET,35,C1853242,Midface retrusion,,-2.3,2.2,3.1,30293,228,851,14,1.6,0.44,650|1009|1277|1301|1855|3481|4036|5063|6496|7291|7545|63976|79633|170302,BMP2|CDH11|COL1A1|COL11A1|DVL1|IGF2|LRP2|PAK3|SIX3|TWIST1|ZIC1|PRDM16|FAT4|ARX,-1.2,MyList
Transcription Factor Targets,16,M1855,EVI1 02,,-2.3,2.6,3.2,30293,137,851,10,1.2,0.37,862|2128|2846|3236|5076|5629|10150|84631|85407|167410,RUNX1T1|EVX1|LPAR4|HOXD10|PAX2|PROX1|MBNL2|SLITRK2|NKD1|LIX1,-1.2,MyList
Cell Type Signatures,7,M39241,LAKE ADULT KIDNEY C22 ENDOTHELIAL CELLS GLOMERULAR CAPILLARIES,,-2.3,2.6,3.2,30293,137,851,10,1.2,0.37,1012|1879|2034|2353|3488|5327|6578|9590|56243|59277,CDH13|EBF1|EPAS1|FOS|IGFBP5|PLAT|SLCO2A1|AKAP12|KIAA1217|NTN4,-1.2,MyList
DisGeNET,35,C0023051,Laryngeal Diseases,,-2.3,2.5,3.1,30293,159,851,11,1.3,0.39,1026|1029|1030|1462|1634|3552|3576|4055|5111|11096|55655,CDKN1A|CDKN2A|CDKN2B|VCAN|DCN|IL1A|CXCL8|LTBR|PCNA|ADAMTS5|NLRP2,-1.2,MyList
DisGeNET,35,C0860207,Drug-Induced Liver Disease,,-2.3,1.7,2.9,30293,537,851,26,3.1,0.59,2|718|846|1152|1281|1356|1440|1510|1647|2168|2180|2243|2512|2920|2934|3119|3123|3339|3552|3576|3589|5327|6352|9615|23316|84913,A2M|C3|CASR|CKB|COL3A1|CP|CSF3|CTSE|GADD45A|FABP1|ACSL1|FGA|FTL|CXCL2|GSN|HLA-DQB1|HLA-DRB1|HSPG2|IL1A|CXCL8|IL11|PLAT|CCL5|GDA|CUX2|ATOH8,-1.2,MyList
DisGeNET,35,C0013720,Ehlers-Danlos Syndrome,,-2.3,3.3,3.4,30293,76,851,7,0.82,0.31,633|1277|1281|1634|2335|8705|22915,BGN|COL1A1|COL3A1|DCN|FN1|B3GALT4|MMRN1,-1.2,MyList
DisGeNET,35,C0259783,mixed gliomas,,-2.3,3.3,3.4,30293,76,851,7,0.82,0.31,1029|1030|4288|4914|4916|5111|11170,CDKN2A|CDKN2B|MKI67|NTRK1|NTRK3|PCNA|FAM107A,-1.2,MyList
DisGeNET,35,C0001925,Albuminuria,,-2.3,3.3,3.4,30293,76,851,7,0.82,0.31,846|1356|1634|4036|6352|9378|10630,CASR|CP|DCN|LRP2|CCL5|NRXN1|PDPN,-1.2,MyList
DisGeNET,35,C0041207,"Truncus Arteriosus, Persistent",,-2.3,3.3,3.4,30293,76,851,7,0.82,0.31,1029|1510|2624|5080|6926|10512|84107,CDKN2A|CTSE|GATA2|PAX6|TBX3|SEMA3C|ZIC4,-1.2,MyList
DisGeNET,35,C0576226,Short foot,,-2.3,2.8,3.2,30293,116,851,9,1.1,0.35,633|650|1281|1301|1311|2697|7681|9719|63976,BGN|BMP2|COL3A1|COL11A1|COMP|GJA1|MKRN3|ADAMTSL2|PRDM16,-1.2,MyList
Transcription Factor Targets,16,M4134,AP2REP 01,,-2.3,2.3,3.1,30293,182,851,12,1.4,0.4,862|1822|2041|2785|10814|27319|56936|64641|85416|148022|158866|170685,RUNX1T1|ATN1|EPHA1|GNG3|CPLX2|BHLHE22|CCDC177|EBF2|ZIC5|TICAM1|ZDHHC15|NUDT10,-1.2,MyList
DisGeNET,35,C1861324,Short philtrum,,-2.3,2.3,3.1,30293,182,851,12,1.4,0.4,1009|1281|1855|2253|2619|6496|7021|7291|7546|8831|79633|340533,CDH11|COL3A1|DVL1|FGF8|GAS1|SIX3|TFAP2B|TWIST1|ZIC2|SYNGAP1|FAT4|NEXMIF,-1.2,MyList
Cell Type Signatures,7,M39229,LAKE ADULT KIDNEY C10 THIN ASCENDING LIMB,,-2.3,1.9,2.9,30293,353,851,19,2.2,0.51,567|694|972|1052|1410|1999|2512|3694|3855|5209|6238|6277|6281|6303|6493|9180|9518|11343|56892,B2M|BTG1|CD74|CEBPD|CRYAB|ELF3|FTL|ITGB6|KRT7|PFKFB3|RRBP1|S100A6|S100A10|SAT1|SIM2|OSMR|GDF15|MGLL|TCIM,-1.2,MyList
PaGenBase,36,PGB:00101,Tissue-specific: Colorectal adenocarcinoma,,-2.3,4.3,3.6,30293,41,851,5,0.59,0.26,1063|3691|4642|4804|6515,CENPF|ITGB4|MYO1D|NGFR|SLC2A3,-1.2,MyList
DisGeNET,35,C0750979,Primary malignant neoplasm of brain,,-2.3,4.3,3.6,30293,41,851,5,0.59,0.26,238|1029|2697|5111|388585,ALK|CDKN2A|GJA1|PCNA|HES5,-1.2,MyList
DisGeNET,35,C1842060,Prominent supraorbital ridges,,-2.3,4.3,3.6,30293,41,851,5,0.59,0.26,2259|2273|2353|170302|284119,FGF14|FHL1|FOS|ARX|CAVIN1,-1.2,MyList
Cell Type Signatures,7,M39320,CUI DEVELOPING HEART CORONARY VASCULAR ENDOTHELIAL CELL,,-2.3,4.3,3.6,30293,41,851,5,0.59,0.26,2|972|5155|7122|56892,A2M|CD74|PDGFB|CLDN5|TCIM,-1.2,MyList
Cell Type Signatures,7,M40163,DESCARTES FETAL CEREBELLUM INHIBITORY INTERNEURONS,,-2.3,4.3,3.6,30293,41,851,5,0.59,0.26,3488|3624|5076|7021|63973,IGFBP5|INHBA|PAX2|TFAP2B|NEUROG2,-1.2,MyList
DisGeNET,35,C0152451,Chronic glomerulonephritis,,-2.3,4.3,3.6,30293,41,851,5,0.59,0.26,133|861|2168|6546|29923,ADM|RUNX1|FABP1|SLC8A1|HILPDA,-1.2,MyList
DisGeNET,35,C0282126,"Depression, Neurotic",,-2.3,4.3,3.6,30293,41,851,5,0.59,0.26,1440|2512|3776|6281|6616,CSF3|FTL|KCNK2|S100A10|SNAP25,-1.2,MyList
TRRUST,34,TRR00776,Regulated by: MYB,,-2.3,4.3,3.6,30293,41,851,5,0.59,0.26,290|1050|1277|3383|6493,ANPEP|CEBPA|COL1A1|ICAM1|SIM2,-1.2,MyList
DisGeNET,35,C0031029,Periapical Granuloma,,-2.3,4.3,3.6,30293,41,851,5,0.59,0.26,3383|3552|3561|3676|10630,ICAM1|IL1A|IL2RG|ITGA4|PDPN,-1.2,MyList
DisGeNET,35,C0221014,Reactive systemic amyloidosis,,-2.3,4.3,3.6,30293,41,851,5,0.59,0.26,567|2934|3123|3552|6288,B2M|GSN|HLA-DRB1|IL1A|SAA1,-1.2,MyList
DisGeNET,35,C0036982,"Shock, Hemorrhagic",,-2.3,4.3,3.6,30293,41,851,5,0.59,0.26,133|2697|2920|3383|3552,ADM|GJA1|CXCL2|ICAM1|IL1A,-1.2,MyList
DisGeNET,35,C4045991,Perihilar Cholangiocarcinoma,,-2.3,4.3,3.6,30293,41,851,5,0.59,0.26,2353|3725|3726|6513|10630,FOS|JUN|JUNB|SLC2A1|PDPN,-1.2,MyList
Cell Type Signatures,7,M40082,DESCARTES MAIN FETAL OLIGODENDROCYTES,,-2.2,3.7,3.5,30293,58,851,6,0.71,0.29,5142|5521|10215|10675|65217|116448,PDE4B|PPP2R2B|OLIG2|CSPG5|PCDH15|OLIG1,-1.2,MyList
Transcription Factor Targets,16,M16364,EVI1 03,,-2.2,3.7,3.5,30293,58,851,6,0.71,0.29,862|2169|6928|10150|10761|167410,RUNX1T1|FABP2|HNF1B|MBNL2|PLAC1|LIX1,-1.2,MyList
DisGeNET,35,C1561955,"Fibrinogen, CTCAE",,-2.2,5.5,3.9,30293,26,851,4,0.47,0.23,2243|2266|5339|54798,FGA|FGG|PLEC|DCHS2,-1.2,MyList
DisGeNET,35,C1325327,fibrinogen activity,,-2.2,5.5,3.9,30293,26,851,4,0.47,0.23,2243|2266|5339|54798,FGA|FGG|PLEC|DCHS2,-1.2,MyList
DisGeNET,35,C0152115,Lingual-Facial-Buccal Dyskinesia,,-2.2,5.5,3.9,30293,26,851,4,0.47,0.23,111|1356|2259|2512,ADCY5|CP|FGF14|FTL,-1.2,MyList
DisGeNET,35,C0426807,Short clavicle,,-2.2,5.5,3.9,30293,26,851,4,0.47,0.23,633|6926|7291|79633,BGN|TBX3|TWIST1|FAT4,-1.2,MyList
DisGeNET,35,C1865343,OSSIFICATION OF THE POSTERIOR LONGITUDINAL LIGAMENT OF SPINE,,-2.2,5.5,3.9,30293,26,851,4,0.47,0.23,650|1634|2697|6662,BMP2|DCN|GJA1|SOX9,-1.2,MyList
DisGeNET,35,C4316810,Writer's Cramp,,-2.2,5.5,3.9,30293,26,851,4,0.47,0.23,846|1293|2512|6513,CASR|COL6A3|FTL|SLC2A1,-1.2,MyList
DisGeNET,35,C0006430,Burning Mouth Syndrome,,-2.2,5.5,3.9,30293,26,851,4,0.47,0.23,1469|3576|3855|6886,CST1|CXCL8|KRT7|TAL1,-1.2,MyList
Cell Type Signatures,7,M40181,DESCARTES FETAL EYE BIPOLAR CELLS,,-2.2,5.5,3.9,30293,26,851,4,0.47,0.23,2558|30813|64399|81832,GABRA5|VSX1|HHIP|NETO1,-1.2,MyList
DisGeNET,35,C0156147,Crohn's disease of large bowel,,-2.2,3,3.3,30293,96,851,8,0.94,0.33,2335|2524|3123|3576|4689|7448|8929|9021,FN1|FUT2|HLA-DRB1|CXCL8|NCF4|VTN|PHOX2B|SOCS3,-1.2,MyList
DisGeNET,35,C0266295,Congenital hypoplasia of kidney,,-2.2,3,3.3,30293,96,851,8,0.94,0.33,1879|2255|5076|6662|6926|6928|64220|79633,EBF1|FGF10|PAX2|SOX9|TBX3|HNF1B|STRA6|FAT4,-1.2,MyList
Cell Type Signatures,7,M39211,ZHENG CORD BLOOD C2 PUTATIVE BASOPHIL EOSINOPHIL MAST CELL PROGENITOR,,-2.2,3,3.3,30293,96,851,8,0.94,0.33,301|2624|6277|6513|6533|23645|25927|80150,ANXA1|GATA2|S100A6|SLC2A1|SLC6A6|PPP1R15A|CNRIP1|ASRGL1,-1.2,MyList
DisGeNET,35,C0751674,Lymphangioleiomyomatosis,,-2.2,3,3.3,30293,96,851,8,0.94,0.33,2697|3481|6374|6662|7424|10630|11145|54997,GJA1|IGF2|CXCL5|SOX9|VEGFC|PDPN|PLAAT3|TESC,-1.2,MyList
DisGeNET,35,C0020796,Profound Mental Retardation,,-2.2,2.4,3.1,30293,160,851,11,1.3,0.39,429|890|2290|5080|6513|8831|9378|10752|23135|50944|64220,ASCL1|CCNA2|FOXG1|PAX6|SLC2A1|SYNGAP1|NRXN1|CHL1|KDM6B|SHANK1|STRA6,-1.1,MyList
Transcription Factor Targets,16,M9142,ACCTGTTG UNKNOWN,,-2.2,2.4,3.1,30293,160,851,11,1.3,0.39,2596|3624|5396|9902|11255|22986|26257|27023|54674|84107|170685,GAP43|INHBA|PRRX1|MRC2|HRH3|SORCS3|NKX2-8|FOXB1|LRRN3|ZIC4|NUDT10,-1.1,MyList
DisGeNET,35,C0278601,Inflammatory Breast Carcinoma,,-2.2,2.3,3.1,30293,183,851,12,1.4,0.4,133|238|1277|1361|3576|3598|5476|7031|7056|8549|9052|9547,ADM|ALK|COL1A1|CPB2|CXCL8|IL13RA2|CTSA|TFF1|THBD|LGR5|GPRC5A|CXCL14,-1.1,MyList
DisGeNET,35,C4732730,Blood spots,,-2.2,2.7,3.2,30293,117,851,9,1.1,0.35,285|861|862|1356|2335|3383|3918|4036|6886,ANGPT2|RUNX1|RUNX1T1|CP|FN1|ICAM1|LAMC2|LRP2|TAL1,-1.1,MyList
Cell Type Signatures,7,M39286,DURANTE ADULT OLFACTORY NEUROEPITHELIUM DENDRITIC CELLS,,-2.2,2.7,3.2,30293,117,851,9,1.1,0.35,1051|1462|2512|2920|3576|6348|7127|7128|54210,CEBPB|VCAN|FTL|CXCL2|CXCL8|CCL3|TNFAIP2|TNFAIP3|TREM1,-1.1,MyList
DisGeNET,35,C4552811,"Generalized Muscle Weakness, CTCAE",,-2.2,2.7,3.2,30293,117,851,9,1.1,0.35,311|1293|2521|5339|5446|6572|6616|60482|284119,ANXA11|COL6A3|FUS|PLEC|PON3|SLC18A3|SNAP25|SLC5A7|CAVIN1,-1.1,MyList
DisGeNET,35,C0576093,Knee joint valgus deformity,,-2.2,2.7,3.2,30293,117,851,9,1.1,0.35,875|1299|1301|1311|2335|3339|3561|7681|8831,CBS|COL9A3|COL11A1|COMP|FN1|HSPG2|IL2RG|MKRN3|SYNGAP1,-1.1,MyList
DisGeNET,35,C1527344,Dysphonia,,-2.2,3.2,3.3,30293,77,851,7,0.82,0.31,650|1410|2512|3339|6572|6616|60482,BMP2|CRYAB|FTL|HSPG2|SLC18A3|SNAP25|SLC5A7,-1.1,MyList
DisGeNET,35,C1840077,Anteverted nostril,,-2.2,1.8,2.9,30293,407,851,21,2.5,0.53,650|1009|1277|1301|1855|2253|2619|2697|3955|5063|6496|7275|7401|7546|9244|9719|57211|150094|170302|253738|340533,BMP2|CDH11|COL1A1|COL11A1|DVL1|FGF8|GAS1|GJA1|LFNG|PAK3|SIX3|TUB|CLRN1|ZIC2|CRLF1|ADAMTSL2|ADGRG6|SIK1|ARX|EBF3|NEXMIF,-1.1,MyList
DisGeNET,35,C0920350,Autoimmune thyroiditis,,-2.2,2.4,3.1,30293,161,851,11,1.3,0.39,174|718|1045|1822|2524|2697|3119|3123|3383|3552|85407,AFP|C3|CDX2|ATN1|FUT2|GJA1|HLA-DQB1|HLA-DRB1|ICAM1|IL1A|NKD1,-1.1,MyList
DisGeNET,35,C0008924,Cleft upper lip,,-2.2,2.1,3,30293,255,851,15,1.8,0.45,602|1295|1993|2042|2253|2255|2697|7020|7021|7546|9423|11259|54101|56033|79784,BCL3|COL8A1|ELAVL2|EPHA3|FGF8|FGF10|GJA1|TFAP2A|TFAP2B|ZIC2|NTN1|FILIP1L|RIPK4|BARX1|MYH14,-1.1,MyList
DisGeNET,35,C0151825,Bone pain,,-2.2,2.6,3.1,30293,139,851,10,1.2,0.37,650|1440|3552|3576|5024|6578|8792|9123|22943|80150,BMP2|CSF3|IL1A|CXCL8|P2RX3|SLCO2A1|TNFRSF11A|SLC16A3|DKK1|ASRGL1,-1.1,MyList
Cell Type Signatures,7,M41719,FAN OVARY CL17 PUTATIVE APOPTOTIC SMOOTH MUSCLE CELL,,-2.2,2.2,3,30293,231,851,14,1.6,0.44,2|633|928|1026|1410|2034|2114|2701|4071|9590|11186|22822|23135|51477,A2M|BGN|CD9|CDKN1A|CRYAB|EPAS1|ETS2|GJA4|TM4SF1|AKAP12|RASSF1|PHLDA1|KDM6B|ISYNA1,-1.1,MyList
Cell Type Signatures,7,M39219,ZHENG CORD BLOOD C10 MULTILYMPHOID PROGENITOR,,-2.2,2.9,3.2,30293,97,851,8,0.94,0.33,961|972|6328|6850|7127|51199|57580|84433,CD47|CD74|SCN3A|SYK|TNFAIP2|NIN|PREX1|CARD11,-1.1,MyList
DisGeNET,35,C4082974,Dupuytren's Disease,,-2.2,3.6,3.4,30293,59,851,6,0.71,0.29,1993|2335|3123|4288|7070|50506,ELAVL2|FN1|HLA-DRB1|MKI67|THY1|DUOX2,-1.1,MyList
DisGeNET,35,C0017667,Nodular glomerulosclerosis,,-2.2,3.6,3.4,30293,59,851,6,0.71,0.29,1026|2335|6513|7045|23452|116844,CDKN1A|FN1|SLC2A1|TGFBI|ANGPTL2|LRG1,-1.1,MyList
DisGeNET,35,C1563937,Atherogenesis,,-2.2,3.6,3.4,30293,59,851,6,0.71,0.29,602|3383|3481|5327|6348|9021,BCL3|ICAM1|IGF2|PLAT|CCL3|SOCS3,-1.1,MyList
DisGeNET,35,C0206762,"Limb Deformities, Congenital",,-2.2,3.6,3.4,30293,59,851,6,0.71,0.29,1750|3209|3236|5125|6926|7291,DLX6|HOXA13|HOXD10|PCSK5|TBX3|TWIST1,-1.1,MyList
DisGeNET,35,C0342788,Renal carnitine transport defect,,-2.2,3.6,3.4,30293,59,851,6,0.71,0.29,1621|3918|3955|10163|10655|146227,DBH|LAMC2|LFNG|WASF2|DMRT2|BEAN1,-1.1,MyList
DisGeNET,35,C0027709,Nephrocalcinosis,,-2.2,2.7,3.2,30293,118,851,9,1.1,0.35,846|3123|3481|3552|4036|6809|9211|25806|80150,CASR|HLA-DRB1|IGF2|IL1A|LRP2|STX3|LGI1|VAX2|ASRGL1,-1.1,MyList
DisGeNET,35,C1854912,Short long bone,,-2.2,4.2,3.6,30293,42,851,5,0.59,0.26,633|1301|1311|3339|9719,BGN|COL11A1|COMP|HSPG2|ADAMTSL2,-1.1,MyList
DisGeNET,35,C1845055,"ALPHA-THALASSEMIA/MENTAL RETARDATION SYNDROME, NONDELETION TYPE, X-LINKED",,-2.2,4.2,3.6,30293,42,851,5,0.59,0.26,238|1045|6736|8929|10215,ALK|CDX2|SRY|PHOX2B|OLIG2,-1.1,MyList
DisGeNET,35,C0270790,Quadriparesis,,-2.2,4.2,3.6,30293,42,851,5,0.59,0.26,2521|2697|8792|170302|340533,FUS|GJA1|TNFRSF11A|ARX|NEXMIF,-1.1,MyList
DisGeNET,35,C3711374,Nonsyndromic Deafness,,-2.2,2.4,3.1,30293,162,851,11,1.3,0.39,429|1288|1301|2697|5456|11078|65217|79784|79977|80736|124842,ASCL1|COL4A6|COL11A1|GJA1|POU3F4|TRIOBP|PCDH15|MYH14|GRHL2|SLC44A4|TMEM132E,-1.1,MyList
DisGeNET,35,C1836038,Poor head control,,-2.2,2.4,3.1,30293,162,851,11,1.3,0.39,1759|2673|6328|6506|6572|6616|8831|60482|150094|170302|253738,DNM1|GFPT1|SCN3A|SLC1A2|SLC18A3|SNAP25|SYNGAP1|SLC5A7|SIK1|ARX|EBF3,-1.1,MyList
DisGeNET,35,C1839839,MAJOR AFFECTIVE DISORDER 2,,-2.2,2.3,3,30293,185,851,12,1.4,0.4,1015|1621|2556|2558|2913|3785|4684|9248|23316|27201|55890|79152,CDH17|DBH|GABRA3|GABRA5|GRM3|KCNQ2|NCAM1|GPR50|CUX2|GPR78|GPRC5C|FA2H,-1.1,MyList
DisGeNET,35,C0007873,Uterine Cervical Neoplasm,,-2.2,2.5,3.1,30293,140,851,10,1.2,0.37,655|1026|1029|2034|3397|5111|6656|6662|10103|57575,BMP7|CDKN1A|CDKN2A|EPAS1|ID1|PCNA|SOX1|SOX9|TSPAN1|PCDH10,-1.1,MyList
DisGeNET,35,C0032300,Lobar Pneumonia,,-2.2,2.5,3.1,30293,140,851,10,1.2,0.37,285|1052|3552|5196|6352|6364|6374|6376|51129|54210,ANGPT2|CEBPD|IL1A|PF4|CCL5|CCL20|CXCL5|CX3CL1|ANGPTL4|TREM1,-1.1,MyList
DisGeNET,35,C0236733,Amphetamine-Related Disorders,,-2.2,3.2,3.3,30293,78,851,7,0.82,0.31,1012|1496|2353|5142|5327|9951|79750,CDH13|CTNNA2|FOS|PDE4B|PLAT|HS3ST4|ZNF385D,-1.1,MyList
DisGeNET,35,C0024282,Lymphocytosis,,-2.2,3.2,3.3,30293,78,851,7,0.82,0.31,3123|3576|3676|3918|4684|6352|84433,HLA-DRB1|CXCL8|ITGA4|LAMC2|NCAM1|CCL5|CARD11,-1.1,MyList
Transcription Factor Targets,16,M6441,CAGNYGKNAAA UNKNOWN,,-2.2,3.2,3.3,30293,78,851,7,0.82,0.31,744|2899|4821|4826|10761|90665|167410,MPPED2|GRIK3|NKX2-2|NNAT|PLAC1|TBL1Y|LIX1,-1.1,MyList
DisGeNET,35,C1522378,"Leukemia, Large Granular Lymphocytic",,-2.2,3.2,3.3,30293,78,851,7,0.82,0.31,117|1029|1440|2353|4684|6352|7128,ADCYAP1R1|CDKN2A|CSF3|FOS|NCAM1|CCL5|TNFAIP3,-1.1,MyList
DisGeNET,35,C0339284,Polymorphous corneal dystrophy,,-2.2,7.6,4.2,30293,14,851,3,0.35,0.2,3397|30813|79977,ID1|VSX1|GRHL2,-1.1,MyList
DisGeNET,35,C1840309,Short 4th metacarpal,,-2.2,7.6,4.2,30293,14,851,3,0.35,0.2,6736|55612|79633,SRY|FERMT1|FAT4,-1.1,MyList
DisGeNET,35,C4025671,Sudden episodic apnea,,-2.2,7.6,4.2,30293,14,851,3,0.35,0.2,6572|6616|60482,SLC18A3|SNAP25|SLC5A7,-1.1,MyList
DisGeNET,35,C1868682,Paroxysmal kinesigenic choreoathetosis,,-2.2,7.6,4.2,30293,14,851,3,0.35,0.2,1137|3741|6513,CHRNA4|KCNA5|SLC2A1,-1.1,MyList
DisGeNET,35,C0025297,Viral meningitis,,-2.2,7.6,4.2,30293,14,851,3,0.35,0.2,3383|3576|3918,ICAM1|CXCL8|LAMC2,-1.1,MyList
DisGeNET,35,C4024795,Nongranulomatous uveitis,,-2.2,7.6,4.2,30293,14,851,3,0.35,0.2,3589|6364|6376,IL11|CCL20|CX3CL1,-1.1,MyList
DisGeNET,35,C0747251,Progressive spastic paraparesis,,-2.2,7.6,4.2,30293,14,851,3,0.35,0.2,3918|6513|79152,LAMC2|SLC2A1|FA2H,-1.1,MyList
DisGeNET,35,C0029411,"Osteoarthropathy, Primary Hypertrophic",,-2.2,7.6,4.2,30293,14,851,3,0.35,0.2,2335|6578|22943,FN1|SLCO2A1|DKK1,-1.1,MyList
DisGeNET,35,C4510788,Deep endometriosis,,-2.2,7.6,4.2,30293,14,851,3,0.35,0.2,4914|5111|9547,NTRK1|PCNA|CXCL14,-1.1,MyList
TRRUST,34,TRR01248,Regulated by: SOX10,,-2.2,7.6,4.2,30293,14,851,3,0.35,0.2,1910|4155|8190,EDNRB|MBP|MIA,-1.1,MyList
DisGeNET,35,C0349702,Corneal Scar,,-2.2,7.6,4.2,30293,14,851,3,0.35,0.2,1294|4914|7045,COL7A1|NTRK1|TGFBI,-1.1,MyList
DisGeNET,35,C0205816,"Leiomyosarcoma, Myxoid",,-2.2,7.6,4.2,30293,14,851,3,0.35,0.2,238|1029|1440,ALK|CDKN2A|CSF3,-1.1,MyList
DisGeNET,35,C0406500,Lipodermatosclerosis,,-2.2,7.6,4.2,30293,14,851,3,0.35,0.2,285|1277|5327,ANGPT2|COL1A1|PLAT,-1.1,MyList
DisGeNET,35,C1848199,X-Linked Lissencephaly,,-2.2,7.6,4.2,30293,14,851,3,0.35,0.2,301|1641|170302,ANXA1|DCX|ARX,-1.1,MyList
DisGeNET,35,C2047886,(Idiopathic) normal pressure hydrocephalus,,-2.2,7.6,4.2,30293,14,851,3,0.35,0.2,1463|3918|80150,NCAN|LAMC2|ASRGL1,-1.1,MyList
DisGeNET,35,C0020875,Ileal Diseases,,-2.2,7.6,4.2,30293,14,851,3,0.35,0.2,3123|6303|8929,HLA-DRB1|SAT1|PHOX2B,-1.1,MyList
DisGeNET,35,C3711383,Early-Onset Glaucoma,,-2.2,7.6,4.2,30293,14,851,3,0.35,0.2,1277|5080|7021,COL1A1|PAX6|TFAP2B,-1.1,MyList
DisGeNET,35,C0232608,Nasal regurgitation,,-2.2,7.6,4.2,30293,14,851,3,0.35,0.2,6572|6616|60482,SLC18A3|SNAP25|SLC5A7,-1.1,MyList
DisGeNET,35,C0033958,"Psychosis, Brief Reactive",,-2.2,7.6,4.2,30293,14,851,3,0.35,0.2,4914|6616|10814,NTRK1|SNAP25|CPLX2,-1.1,MyList
DisGeNET,35,C3807025,Intermittent episodes of respiratory insufficiency due to muscle weakness,,-2.2,7.6,4.2,30293,14,851,3,0.35,0.2,6572|6616|60482,SLC18A3|SNAP25|SLC5A7,-1.1,MyList
Transcription Factor Targets,16,M12874,MYCMAX 01,,-2.2,2.1,2.9,30293,257,851,15,1.8,0.45,1050|1995|2259|2697|3227|4760|5992|7277|51303|55117|55890|64399|84913|85508|389206,CEBPA|ELAVL3|FGF14|GJA1|HOXC11|NEUROD1|RFX4|TUBA4A|FKBP11|SLC6A15|GPRC5C|HHIP|ATOH8|SCRT2|BEND4,-1.1,MyList
DisGeNET,35,C0011119,Decompression Sickness,,-2.2,2.9,3.2,30293,98,851,8,0.94,0.33,650|1770|2335|3383|6662|6690|51477|80150,BMP2|DNAH9|FN1|ICAM1|SOX9|SPINK1|ISYNA1|ASRGL1,-1.1,MyList
DisGeNET,35,C4302896,Hormone sensitive prostate cancer,,-2.2,5.3,3.8,30293,27,851,4,0.47,0.23,2346|3283|7045|22915,FOLH1|HSD3B1|TGFBI|MMRN1,-1.1,MyList
DisGeNET,35,C0281479,Primary Systemic Amyloidosis,,-2.2,5.3,3.8,30293,27,851,4,0.47,0.23,567|2243|2934|6288,B2M|FGA|GSN|SAA1,-1.1,MyList
DisGeNET,35,C0020630,Hypophosphatasia,,-2.2,5.3,3.8,30293,27,851,4,0.47,0.23,1356|1747|5354|80150,CP|DLX3|PLP1|ASRGL1,-1.1,MyList
TRRUST,34,TRR01012,Regulated by: PARP1,,-2.2,5.3,3.8,30293,27,851,4,0.47,0.23,1026|2335|3725|7056,CDKN1A|FN1|JUN|THBD,-1.1,MyList
TRRUST,34,TRR01157,Regulated by: REL,,-2.2,5.3,3.8,30293,27,851,4,0.47,0.23,1026|3383|6352|7128,CDKN1A|ICAM1|CCL5|TNFAIP3,-1.1,MyList
DisGeNET,35,C0346053,Atypical fibroxanthoma of skin,,-2.2,5.3,3.8,30293,27,851,4,0.47,0.23,238|972|1029|4288,ALK|CD74|CDKN2A|MKI67,-1.1,MyList
DisGeNET,35,C1855106,Neonatal onset,,-2.2,5.3,3.8,30293,27,851,4,0.47,0.23,3785|3852|6506|50674,KCNQ2|KRT5|SLC1A2|NEUROG3,-1.1,MyList
DisGeNET,35,C0280451,de novo myelodysplastic syndromes,,-2.2,5.3,3.8,30293,27,851,4,0.47,0.23,861|1029|1030|55655,RUNX1|CDKN2A|CDKN2B|NLRP2,-1.1,MyList
Cell Type Signatures,7,M40272,DESCARTES FETAL PANCREAS STROMAL CELLS,,-2.2,5.3,3.8,30293,27,851,4,0.47,0.23,2846|7058|9068|203447,LPAR4|THBS2|ANGPTL1|NRK,-1.1,MyList
DisGeNET,35,C0751202,Cystathionine beta-Synthase Deficiency Disease,,-2.2,5.3,3.8,30293,27,851,4,0.47,0.23,875|1491|6513|7056,CBS|CTH|SLC2A1|THBD,-1.1,MyList
DisGeNET,35,C0700225,Serum creatinine raised,,-2.2,5.3,3.8,30293,27,851,4,0.47,0.23,718|1621|6928|7056,C3|DBH|HNF1B|THBD,-1.1,MyList
TRRUST,34,TRR01255,Regulated by: SOX9,,-2.2,5.3,3.8,30293,27,851,4,0.47,0.23,634|1026|8190|9314,CEACAM1|CDKN1A|MIA|KLF4,-1.1,MyList
Transcription Factor Targets,16,M8270,TAXCREB 02,,-2.2,5.3,3.8,30293,27,851,4,0.47,0.23,6281|8788|9244|23440,S100A10|DLK1|CRLF1|OTP,-1.1,MyList
DisGeNET,35,C0080032,"Pleural Effusion, Malignant",,-2.2,2.7,3.1,30293,119,851,9,1.1,0.35,238|823|1029|1087|2346|3576|6513|11082|80150,ALK|CAPN1|CDKN2A|CEACAM7|FOLH1|CXCL8|SLC2A1|ESM1|ASRGL1,-1.1,MyList
DisGeNET,35,C0280141,Acute Undifferentiated Leukemia,,-2.2,2.7,3.1,30293,119,851,9,1.1,0.35,290|861|976|2335|2624|3576|3855|6348|6886,ANPEP|RUNX1|ADGRE5|FN1|GATA2|CXCL8|KRT7|CCL3|TAL1,-1.1,MyList
DisGeNET,35,C0410158,Muscle damage,,-2.2,2.4,3.1,30293,163,851,11,1.3,0.39,650|655|1410|2273|3123|3481|3576|9615|22822|26509|80150,BMP2|BMP7|CRYAB|FHL1|HLA-DRB1|IGF2|CXCL8|GDA|PHLDA1|MYOF|ASRGL1,-1.1,MyList
Cell Type Signatures,7,M39151,GAO SMALL INTESTINE 24W C9 ENTEROENDOCRINE CELL,,-2.2,3.6,3.4,30293,60,851,6,0.71,0.29,2675|3227|5100|152573|389158|389206,GFRA2|HOXC11|PCDH8|SHISA3|PLSCR5|BEND4,-1.1,MyList
DisGeNET,35,C0020302,Hydrophthalmos,,-2.2,3.6,3.4,30293,60,851,6,0.71,0.29,414|2530|2697|5080|6736|7291,ARSD|FUT8|GJA1|PAX6|SRY|TWIST1,-1.1,MyList
Transcription Factor Targets,16,M3938,CCAATNNSNNNGCG UNKNOWN,,-2.2,3.6,3.4,30293,60,851,6,0.71,0.29,1995|5080|5111|63967|79094|170302,ELAVL3|PAX6|PCNA|CLSPN|CHAC1|ARX,-1.1,MyList
Cell Type Signatures,7,M39155,GAO LARGE INTESTINE 24W C5 LGR5POS STEM CELL,,-2.2,3.6,3.4,30293,60,851,6,0.71,0.29,2877|5729|6662|8549|9518|27035,GPX2|PTGDR|SOX9|LGR5|GDF15|NOX1,-1.1,MyList
Cell Type Signatures,7,M40007,BUSSLINGER GASTRIC PREZYMOGENIC CELLS,,-2.2,3.6,3.4,30293,60,851,6,0.71,0.29,414|768|2353|3725|5284|10863,ARSD|CA9|FOS|JUN|PIGR|ADAM28,-1.1,MyList
DisGeNET,35,C0340279,Ventricular hypertrophy,,-2.2,3.6,3.4,30293,60,851,6,0.71,0.29,2180|2273|2353|57761|84674|284119,ACSL1|FHL1|FOS|TRIB3|CARD6|CAVIN1,-1.1,MyList
DisGeNET,35,C0030186,Paget Disease Extramammary,,-2.2,3.2,3.3,30293,79,851,7,0.82,0.31,1029|1087|3855|6364|8792|10630|57007,CDKN2A|CEACAM7|KRT7|CCL20|TNFRSF11A|PDPN|ACKR3,-1.1,MyList
Cell Type Signatures,7,M40284,DESCARTES FETAL PLACENTA SYNCYTIOTROPHOBLASTS AND VILLOUS CYTOTROPHOBLASTS,,-2.2,3.2,3.3,30293,79,851,7,0.82,0.31,108|4036|8549|51301|51477|79983|166824,ADCY2|LRP2|LGR5|GCNT4|ISYNA1|POF1B|RASSF6,-1.1,MyList
DisGeNET,35,C0027707,"Nephritis, Interstitial",,-2.2,3.2,3.3,30293,79,851,7,0.82,0.31,567|1634|3119|3123|3339|5272|6928,B2M|DCN|HLA-DQB1|HLA-DRB1|HSPG2|SERPINB9|HNF1B,-1.1,MyList
DisGeNET,35,C1839767,Tented upper lip vermilion,,-2.2,3.2,3.3,30293,79,851,7,0.82,0.31,2253|2290|2619|6496|7546|79633|340533,FGF8|FOXG1|GAS1|SIX3|ZIC2|FAT4|NEXMIF,-1.1,MyList
DisGeNET,35,C1834055,Underdeveloped nasal alae,,-2.2,3.2,3.3,30293,79,851,7,0.82,0.31,1910|2290|2697|5339|7291|54101|340533,EDNRB|FOXG1|GJA1|PLEC|TWIST1|RIPK4|NEXMIF,-1.1,MyList
DisGeNET,35,C4041080,Neurocognitive Disorders,,-2.2,3.2,3.3,30293,79,851,7,0.82,0.31,846|1051|6352|6506|7538|54498|57007,CASR|CEBPB|CCL5|SLC1A2|ZFP36|SMOX|ACKR3,-1.1,MyList
TRRUST,34,TRR00484,Regulated by: HIF1A,,-2.2,2.9,3.2,30293,99,851,8,0.94,0.33,768|1910|2258|5209|6513|7291|8434|112399,CA9|EDNRB|FGF13|PFKFB3|SLC2A1|TWIST1|RECK|EGLN3,-1.1,MyList
Transcription Factor Targets,16,M12349,YGACNNYACAR UNKNOWN,,-2.2,2.9,3.2,30293,99,851,8,0.94,0.33,1462|2034|2258|4762|5024|6860|9378|90665,VCAN|EPAS1|FGF13|NEUROG1|P2RX3|SYT4|NRXN1|TBL1Y,-1.1,MyList
DisGeNET,35,C0810364,Cleft Lip with or without Cleft Palate,,-2.2,2.9,3.2,30293,99,851,8,0.94,0.33,602|875|2042|3123|7020|9423|55351|79784,BCL3|CBS|EPHA3|HLA-DRB1|TFAP2A|NTN1|STK32B|MYH14,-1.1,MyList
DisGeNET,35,C0042580,Vesico-Ureteral Reflux,,-2.2,2.3,3,30293,187,851,12,1.4,0.4,285|2018|2697|3209|3481|3576|5076|5080|6352|64220|64321|253738,ANGPT2|EMX2|GJA1|HOXA13|IGF2|CXCL8|PAX2|PAX6|CCL5|STRA6|SOX17|EBF3,-1.1,MyList
Transcription Factor Targets,16,M18558,AP2 Q6,,-2.2,2.1,2.9,30293,259,851,15,1.8,0.45,602|2624|3642|5076|5155|6238|9244|23452|27133|51286|54498|56936|84858|124930|375704,BCL3|GATA2|INSM1|PAX2|PDGFB|RRBP1|CRLF1|ANGPTL2|KCNH5|CEND1|SMOX|CCDC177|ZNF503|ANKRD13B|ENHO,-1.1,MyList
Transcription Factor Targets,16,M17968,ER Q6 02,,-2.2,2.1,2.9,30293,259,851,15,1.8,0.45,460|744|1026|1051|1641|2045|2273|5080|5322|6547|7044|10814|55200|168002|261729,ASTN1|MPPED2|CDKN1A|CEBPB|DCX|EPHA7|FHL1|PAX6|PLA2G5|SLC8A3|LEFTY2|CPLX2|PLEKHG6|DACT2|STEAP2,-1.1,MyList
Transcription Factor Targets,16,M17883,STAT5A 01,,-2.2,2.1,2.9,30293,259,851,15,1.8,0.45,1440|2243|2353|3383|5126|5992|6352|6886|7448|8929|9314|11346|25975|54715|167410,CSF3|FGA|FOS|ICAM1|PCSK2|RFX4|CCL5|TAL1|VTN|PHOX2B|KLF4|SYNPO|EGFL6|RBFOX1|LIX1,-1.1,MyList
DisGeNET,35,C1271100,Lower limb spasticity,,-2.2,4.1,3.5,30293,43,851,5,0.59,0.26,823|5354|6513|79152|170302,CAPN1|PLP1|SLC2A1|FA2H|ARX,-1.1,MyList
Cell Type Signatures,7,M40215,DESCARTES FETAL INTESTINE VASCULAR ENDOTHELIAL CELLS,,-2.2,4.1,3.5,30293,43,851,5,0.59,0.26,3339|6578|11082|64321|116159,HSPG2|SLCO2A1|ESM1|SOX17|CYYR1,-1.1,MyList
DisGeNET,35,C1510475,Diverticulosis,,-2.2,4.1,3.5,30293,43,851,5,0.59,0.26,1277|1281|2596|2697|8929,COL1A1|COL3A1|GAP43|GJA1|PHOX2B,-1.1,MyList
DisGeNET,35,C2986717,Anti-N-Methyl-D-Aspartate Receptor Encephalitis,,-2.2,4.1,3.5,30293,43,851,5,0.59,0.26,718|1440|3123|3918|9211,C3|CSF3|HLA-DRB1|LAMC2|LGI1,-1.1,MyList
DisGeNET,35,C0011608,Dermatitis Herpetiformis,,-2.2,4.1,3.5,30293,43,851,5,0.59,0.26,1822|3119|3383|3576|5266,ATN1|HLA-DQB1|ICAM1|CXCL8|PI3,-1.1,MyList
DisGeNET,35,C0349637,Common acute lymphoblastic leukemia,,-2.2,4.1,3.5,30293,43,851,5,0.59,0.26,567|861|928|3119|6616,B2M|RUNX1|CD9|HLA-DQB1|SNAP25,-1.1,MyList
DisGeNET,35,C0334070,Maturation defect,,-2.2,4.1,3.5,30293,43,851,5,0.59,0.26,861|2521|4914|7448|8705,RUNX1|FUS|NTRK1|VTN|B3GALT4,-1.1,MyList
DisGeNET,35,C0948216,Ovarian adenocarcinoma,,-2.2,4.1,3.5,30293,43,851,5,0.59,0.26,3552|3624|4194|5111|7448,IL1A|INHBA|MDM4|PCNA|VTN,-1.1,MyList
DisGeNET,35,C0085693,Acute appendicitis NOS (disorder),,-2.2,4.1,3.5,30293,43,851,5,0.59,0.26,133|3576|6288|6348|116844,ADM|CXCL8|SAA1|CCL3|LRG1,-1.1,MyList
Cell Type Signatures,7,M40230,DESCARTES FETAL LIVER VASCULAR ENDOTHELIAL CELLS,,-2.2,2.5,3.1,30293,142,851,10,1.2,0.37,133|650|3339|3598|6578|10439|27123|59277|64321|170685,ADM|BMP2|HSPG2|IL13RA2|SLCO2A1|OLFM1|DKK2|NTN4|SOX17|NUDT10,-1.1,MyList
DisGeNET,35,C0032131,Plasmacytoma,,-2.2,2.5,3.1,30293,142,851,10,1.2,0.37,238|1029|1030|1440|1879|2335|3383|3552|4023|5111,ALK|CDKN2A|CDKN2B|CSF3|EBF1|FN1|ICAM1|IL1A|LPL|PCNA,-1.1,MyList
Transcription Factor Targets,16,M30019,HSD17B8 TARGET GENES,,-2.2,1.6,2.7,30293,658,851,30,3.5,0.63,890|1009|1029|1063|1750|2018|2273|2290|2624|2675|3213|4288|5080|6886|7101|8549|8929|27123|27319|51299|55388|63973|64067|64399|134829|170302|387882|654254|728927|100129543,CCNA2|CDH11|CDKN2A|CENPF|DLX6|EMX2|FHL1|FOXG1|GATA2|GFRA2|HOXB3|MKI67|PAX6|TAL1|NR2E1|LGR5|PHOX2B|DKK2|BHLHE22|NRN1|MCM10|NEUROG2|NPAS3|HHIP|CLVS2|ARX|C12orf75|ZNF732|ZNF736|ZNF730,-1.1,MyList
Transcription Factor Targets,16,M6342,CREB 02,,-2.1,2.1,2.9,30293,260,851,15,1.8,0.45,2128|2913|3397|4825|5063|5126|6616|7101|7869|8549|10150|23645|57111|64399|150094,EVX1|GRM3|ID1|NKX6-1|PAK3|PCSK2|SNAP25|NR2E1|SEMA3B|LGR5|MBNL2|PPP1R15A|RAB25|HHIP|SIK1,-1.1,MyList
DisGeNET,35,C0009081,Congenital clubfoot,,-2.1,2,2.9,30293,285,851,16,1.9,0.47,286|1277|1281|1293|1491|2290|3227|3236|3339|6662|6913|7045|9244|57211|79633|79784,ANK1|COL1A1|COL3A1|COL6A3|CTH|FOXG1|HOXC11|HOXD10|HSPG2|SOX9|TBX15|TGFBI|CRLF1|ADGRG6|FAT4|MYH14,-1.1,MyList
Transcription Factor Targets,16,M14376,PU1 Q6,,-2.1,2.1,2.9,30293,236,851,14,1.6,0.44,460|1029|1152|2530|3801|5076|5125|5476|6376|7291|7546|8929|85508|124935,ASTN1|CDKN2A|CKB|FUT8|KIFC3|PAX2|PCSK5|CTSA|CX3CL1|TWIST1|ZIC2|PHOX2B|SCRT2|SLC43A2,-1.1,MyList
DisGeNET,35,C0037116,Silicosis,,-2.1,2.6,3.1,30293,121,851,9,1.1,0.35,655|2335|3119|3123|3552|3576|3725|22915|255743,BMP7|FN1|HLA-DQB1|HLA-DRB1|IL1A|CXCL8|JUN|MMRN1|NPNT,-1.1,MyList
Transcription Factor Targets,16,M5279,MEIS1AHOXA9 01,,-2.1,2.6,3.1,30293,121,851,9,1.1,0.35,114|1996|3222|7020|8929|23440|58158|85416|389206,ADCY8|ELAVL4|HOXC5|TFAP2A|PHOX2B|OTP|NEUROD4|ZIC5|BEND4,-1.1,MyList
DisGeNET,35,C0545074,Myxoid/Round Cell Liposarcoma,,-2.1,3.5,3.3,30293,61,851,6,0.71,0.29,238|1029|1649|2521|4826|9961,ALK|CDKN2A|DDIT3|FUS|NNAT|MVP,-1.1,MyList
DisGeNET,35,C0002452,Amelogenesis Imperfecta,,-2.1,3.5,3.3,30293,61,851,6,0.71,0.29,1747|3691|3694|3914|3918|286077,DLX3|ITGB4|ITGB6|LAMB3|LAMC2|FAM83H,-1.1,MyList
DisGeNET,35,C0155862,Streptococcal pneumonia,,-2.1,2.8,3.1,30293,100,851,8,0.94,0.33,285|718|1052|3552|3576|6352|51129|54210,ANGPT2|C3|CEBPD|IL1A|CXCL8|CCL5|ANGPTL4|TREM1,-1.1,MyList
TRRUST,34,TRR00253,Regulated by: EGR1,,-2.1,2.8,3.1,30293,100,851,8,0.94,0.33,1026|2258|2335|3481|3576|5126|5155|9518,CDKN1A|FGF13|FN1|IGF2|CXCL8|PCSK2|PDGFB|GDF15,-1.1,MyList
Cell Type Signatures,7,M40011,BUSSLINGER GASTRIC METALLOTHIONEIN CELLS,,-2.1,2.8,3.1,30293,100,851,8,0.94,0.33,768|1510|2934|3397|6690|7113|10397|51208,CA9|CTSE|GSN|ID1|SPINK1|TMPRSS2|NDRG1|CLDN18,-1.1,MyList
DisGeNET,35,C0340629,Aortic aneurysm without mention of rupture NOS,,-2.1,2.8,3.1,30293,100,851,8,0.94,0.33,285|650|1029|1030|1311|2335|5476|9314,ANGPT2|BMP2|CDKN2A|CDKN2B|COMP|FN1|CTSA|KLF4,-1.1,MyList
DisGeNET,35,C1568272,Tendinopathy,,-2.1,3.1,3.2,30293,80,851,7,0.82,0.31,633|1277|1462|1634|2255|3552|7058,BGN|COL1A1|VCAN|DCN|FGF10|IL1A|THBS2,-1.1,MyList
DisGeNET,35,C0034155,"Purpura, Thrombotic Thrombocytopenic",,-2.1,3.1,3.2,30293,80,851,7,0.82,0.31,718|1440|3119|3123|7056|7538|57124,C3|CSF3|HLA-DQB1|HLA-DRB1|THBD|ZFP36|CD248,-1.1,MyList
DisGeNET,35,C0007621,Neoplastic Cell Transformation,,-2.1,2.5,3,30293,143,851,10,1.2,0.37,238|1879|2034|2335|2353|3576|3725|3852|6513|7128,ALK|EBF1|EPAS1|FN1|FOS|CXCL8|JUN|KRT5|SLC2A1|TNFAIP3,-1.1,MyList
Transcription Factor Targets,16,M4225,NFY 01,,-2.1,2,2.9,30293,261,851,15,1.8,0.45,1277|1747|1996|2530|3726|4684|4825|9248|10163|10215|50674|79094|79152|79977|124935,COL1A1|DLX3|ELAVL4|FUT8|JUNB|NCAM1|NKX6-1|GPR50|WASF2|OLIG2|NEUROG3|CHAC1|FA2H|GRHL2|SLC43A2,-1.1,MyList
DisGeNET,35,C4703555,Decreased waist to hip ratio,,-2.1,5.1,3.7,30293,28,851,4,0.47,0.23,4760|6928|8660|169026,NEUROD1|HNF1B|IRS2|SLC30A8,-1.1,MyList
DisGeNET,35,C0279627,Adult Acute Myelomonocytic Leukemia,,-2.1,5.1,3.7,30293,28,851,4,0.47,0.23,238|861|1440|2335,ALK|RUNX1|CSF3|FN1,-1.1,MyList
DisGeNET,35,C0028968,Olivopontocerebellar Atrophies,,-2.1,5.1,3.7,30293,28,851,4,0.47,0.23,2913|6506|6511|6616,GRM3|SLC1A2|SLC1A6|SNAP25,-1.1,MyList
DisGeNET,35,C0426799,Congenital hypoplasia of clavicle,,-2.1,5.1,3.7,30293,28,851,4,0.47,0.23,633|6926|7291|79633,BGN|TBX3|TWIST1|FAT4,-1.1,MyList
DisGeNET,35,C0334359,Papillary serous cystadenocarcinoma,,-2.1,5.1,3.7,30293,28,851,4,0.47,0.23,174|4194|22943|54541,AFP|MDM4|DKK1|DDIT4,-1.1,MyList
DisGeNET,35,C0262929,Myxoma of the Endocardium,,-2.1,5.1,3.7,30293,28,851,4,0.47,0.23,5111|6348|7056|8190,PCNA|CCL3|THBD|MIA,-1.1,MyList
DisGeNET,35,C3203358,Hypoventilation,,-2.1,5.1,3.7,30293,28,851,4,0.47,0.23,429|7681|8929|60482,ASCL1|MKRN3|PHOX2B|SLC5A7,-1.1,MyList
DisGeNET,35,C0001122,Acidosis,,-2.1,5.1,3.7,30293,28,851,4,0.47,0.23,133|768|3776|11254,ADM|CA9|KCNK2|SLC6A14,-1.1,MyList
DisGeNET,35,C0279644,Childhood Acute Myelomonocytic Leukemia,,-2.1,5.1,3.7,30293,28,851,4,0.47,0.23,238|861|1440|2335,ALK|RUNX1|CSF3|FN1,-1.1,MyList
DisGeNET,35,C0524524,Pseudoaphakia,,-2.1,5.1,3.7,30293,28,851,4,0.47,0.23,1410|1421|3982|5080,CRYAB|CRYGD|LIM2|PAX6,-1.1,MyList
DisGeNET,35,C0393588,"Dystonia, Paroxysmal",,-2.1,5.1,3.7,30293,28,851,4,0.47,0.23,1137|1293|6513|9211,CHRNA4|COL6A3|SLC2A1|LGI1,-1.1,MyList
DisGeNET,35,C0086432,"Hyalinosis, Segmental Glomerular",,-2.1,5.1,3.7,30293,28,851,4,0.47,0.23,2335|5076|5111|286204,FN1|PAX2|PCNA|CRB2,-1.1,MyList
DisGeNET,35,C2020284,"Stickler syndrome, type 1",,-2.1,5.1,3.7,30293,28,851,4,0.47,0.23,1299|1301|4036|9314,COL9A3|COL11A1|LRP2|KLF4,-1.1,MyList
DisGeNET,35,C0030472,Paraneoplastic Syndromes,,-2.1,5.1,3.7,30293,28,851,4,0.47,0.23,1052|1440|3918|56896,CEBPD|CSF3|LAMC2|DPYSL5,-1.1,MyList
DisGeNET,35,C0157946,"Osteoarthrosis, localized, not specified whether primary or secondary",,-2.1,5.1,3.7,30293,28,851,4,0.47,0.23,655|1029|1301|11096,BMP7|CDKN2A|COL11A1|ADAMTS5,-1.1,MyList
DisGeNET,35,C0575081,Gait abnormality,,-2.1,1.9,2.8,30293,312,851,17,2,0.48,111|1299|1311|2253|2512|2521|2697|3300|3339|5155|10397|22943|23316|51142|63976|79152|170302,ADCY5|COL9A3|COMP|FGF8|FTL|FUS|GJA1|DNAJB2|HSPG2|PDGFB|NDRG1|DKK1|CUX2|CHCHD2|PRDM16|FA2H|ARX,-1,MyList
DisGeNET,35,C0022603,Seborrheic keratosis,,-2.1,4,3.4,30293,44,851,5,0.59,0.26,301|1029|4914|6513|10630,ANXA1|CDKN2A|NTRK1|SLC2A1|PDPN,-1,MyList
DisGeNET,35,C3896961,Adult Pre-B Acute Lymphoblastic Leukemia,,-2.1,4,3.4,30293,44,851,5,0.59,0.26,290|861|1029|1030|3552,ANPEP|RUNX1|CDKN2A|CDKN2B|IL1A,-1,MyList
DisGeNET,35,C0520463,Chronic active hepatitis,,-2.1,2.6,3.1,30293,122,851,9,1.1,0.35,1029|1356|2886|3123|3481|3855|4288|5111|6736,CDKN2A|CP|GRB7|HLA-DRB1|IGF2|KRT7|MKI67|PCNA|SRY,-1,MyList
DisGeNET,35,C2937358,Cerebral Hemorrhage,,-2.1,2.6,3.1,30293,122,851,9,1.1,0.35,301|718|1641|2243|2266|2335|5155|5327|7058,ANXA1|C3|DCX|FGA|FGG|FN1|PDGFB|PLAT|THBS2,-1,MyList
DisGeNET,35,C0340288,Stable angina,,-2.1,2.5,3,30293,144,851,10,1.2,0.37,133|285|1281|3383|6352|6376|8792|9235|51477|375704,ADM|ANGPT2|COL3A1|ICAM1|CCL5|CX3CL1|TNFRSF11A|IL32|ISYNA1|ENHO,-1,MyList
DisGeNET,35,C4721698,Metastatic Renal Cell Carcinoma,,-2.1,2.5,3,30293,144,851,10,1.2,0.37,301|768|2258|2346|3123|3383|3576|5178|9423|29923,ANXA1|CA9|FGF13|FOLH1|HLA-DRB1|ICAM1|CXCL8|PEG3|NTN1|HILPDA,-1,MyList
DisGeNET,35,C0424678,Lean body mass,,-2.1,2.5,3,30293,144,851,10,1.2,0.37,1462|1804|1889|1910|5122|5339|6546|8673|57211|79974,VCAN|DPP6|ECE1|EDNRB|PCSK1|PLEC|SLC8A1|VAMP8|ADGRG6|CPED1,-1,MyList
DisGeNET,35,C0240635,Byzanthine arch palate,,-2.1,1.7,2.7,30293,497,851,24,2.8,0.57,286|650|875|1009|1293|1301|1621|1855|1893|2253|2530|2673|3339|5063|6572|6616|6736|7020|7291|9181|9244|60482|79633|170302,ANK1|BMP2|CBS|CDH11|COL6A3|COL11A1|DBH|DVL1|ECM1|FGF8|FUT8|GFPT1|HSPG2|PAK3|SLC18A3|SNAP25|SRY|TFAP2A|TWIST1|ARHGEF2|CRLF1|SLC5A7|FAT4|ARX,-1,MyList
DisGeNET,35,C0023520,Leukodystrophy,,-2.1,2.2,2.9,30293,190,851,12,1.4,0.4,1822|1910|2697|4155|5354|7448|9181|9518|10215|64321|79152|116448,ATN1|EDNRB|GJA1|MBP|PLP1|VTN|ARHGEF2|GDF15|OLIG2|SOX17|FA2H|OLIG1,-1,MyList
DisGeNET,35,C0752308,"Hypoxia-Ischemia, Brain",,-2.1,3.1,3.2,30293,81,851,7,0.82,0.31,4155|4914|5155|5178|5327|30001|84867,MBP|NTRK1|PDGFB|PEG3|PLAT|ERO1A|PTPN5,-1,MyList
DisGeNET,35,C0206693,Medullary carcinoma,,-2.1,3.1,3.2,30293,81,851,7,0.82,0.31,768|1045|2168|3383|5111|7291|23541,CA9|CDX2|FABP1|ICAM1|PCNA|TWIST1|SEC14L2,-1,MyList
DisGeNET,35,C1720830,Painful Bladder Syndrome,,-2.1,3.1,3.2,30293,81,851,7,0.82,0.31,2|285|290|1051|2920|3383|116844,A2M|ANGPT2|ANPEP|CEBPB|CXCL2|ICAM1|LRG1,-1,MyList
DisGeNET,35,C0678230,Congenital Epicanthus,,-2.1,1.8,2.8,30293,417,851,21,2.5,0.53,286|650|1277|1281|1301|1822|1855|2290|2697|3211|6660|6736|7020|7291|7424|10586|23135|63976|79633|84107|253738,ANK1|BMP2|COL1A1|COL3A1|COL11A1|ATN1|DVL1|FOXG1|GJA1|HOXB1|SOX5|SRY|TFAP2A|TWIST1|VEGFC|MAB21L2|KDM6B|PRDM16|FAT4|ZIC4|EBF3,-1,MyList
DisGeNET,35,C0393593,Dystonia Disorders,,-2.1,2.3,3,30293,167,851,11,1.3,0.39,111|290|1293|1621|2934|3119|4036|6513|79152|85300|170302,ADCY5|ANPEP|COL6A3|DBH|GSN|HLA-DQB1|LRP2|SLC2A1|FA2H|ATCAY|ARX,-1,MyList
DisGeNET,35,C0020541,Portal Hypertension,,-2.1,2.3,3,30293,167,851,11,1.3,0.39,174|285|768|1621|1910|3123|4804|5111|6376|50674|51477,AFP|ANGPT2|CA9|DBH|EDNRB|HLA-DRB1|NGFR|PCNA|CX3CL1|NEUROG3|ISYNA1,-1,MyList
DisGeNET,35,C0151546,Oral Cavity Carcinoma,,-2.1,2.3,3,30293,167,851,11,1.3,0.39,301|1029|1910|2335|8673|9314|9518|9547|11186|22943|57402,ANXA1|CDKN2A|EDNRB|FN1|VAMP8|KLF4|GDF15|CXCL14|RASSF1|DKK1|S100A14,-1,MyList
DisGeNET,35,C0026838,Muscle Spasticity,,-2.1,1.7,2.7,30293,580,851,27,3.2,0.6,311|823|1641|1759|2259|2290|2512|2521|2697|2899|3119|3123|3741|5354|5446|5880|6328|6506|6513|6515|8831|23043|79152|146227|150094|170302|340533,ANXA11|CAPN1|DCX|DNM1|FGF14|FOXG1|FTL|FUS|GJA1|GRIK3|HLA-DQB1|HLA-DRB1|KCNA5|PLP1|PON3|RAC2|SCN3A|SLC1A2|SLC2A1|SLC2A3|SYNGAP1|TNIK|FA2H|BEAN1|SIK1|ARX|NEXMIF,-1,MyList
DisGeNET,35,C0005612,Birth Weight,,-2.1,2.2,2.9,30293,214,851,13,1.5,0.42,111|286|1879|2034|2524|5142|5629|9181|10761|51043|57211|64399|80201,ADCY5|ANK1|EBF1|EPAS1|FUT2|PDE4B|PROX1|ARHGEF2|PLAC1|ZBTB7B|ADGRG6|HHIP|HKDC1,-1,MyList
DisGeNET,35,C0155119,Recurrent erosion of cornea,,-2.1,7.1,4,30293,15,851,3,0.35,0.2,2255|4914|7045,FGF10|NTRK1|TGFBI,-1,MyList
TRRUST,34,TRR00473,Regulated by: HDAC7,,-2.1,7.1,4,30293,15,851,3,0.35,0.2,1026|4319|9590,CDKN1A|MMP10|AKAP12,-1,MyList
DisGeNET,35,C0409345,Flexion contracture - wrist,,-2.1,7.1,4,30293,15,851,3,0.35,0.2,3339|6913|9719,HSPG2|TBX15|ADAMTSL2,-1,MyList
DisGeNET,35,C0085663,Plasmacytosis,,-2.1,7.1,4,30293,15,851,3,0.35,0.2,567|4684|11186,B2M|NCAM1|RASSF1,-1,MyList
DisGeNET,35,C1735591,VACTERL Association,,-2.1,7.1,4,30293,15,851,3,0.35,0.2,2255|5125|7547,FGF10|PCSK5|ZIC3,-1,MyList
DisGeNET,35,C0206245,"Amyloid Neuropathies, Familial",,-2.1,7.1,4,30293,15,851,3,0.35,0.2,567|2934|6288,B2M|GSN|SAA1,-1,MyList
DisGeNET,35,C0238669,Aortic root dilatation,,-2.1,7.1,4,30293,15,851,3,0.35,0.2,3123|3127|154064,HLA-DRB1|HLA-DRB5|RAET1L,-1,MyList
DisGeNET,35,C0751365,"Cancer, Embryonal and Mixed",,-2.1,7.1,4,30293,15,851,3,0.35,0.2,928|6515|9573,CD9|SLC2A3|GDF3,-1,MyList
DisGeNET,35,C2363129,Benign Rolandic Epilepsy,,-2.1,7.1,4,30293,15,851,3,0.35,0.2,1137|3785|54715,CHRNA4|KCNQ2|RBFOX1,-1,MyList
DisGeNET,35,C0079294,Epidermolysis Bullosa Dystrophica,,-2.1,7.1,4,30293,15,851,3,0.35,0.2,1277|1294|2335,COL1A1|COL7A1|FN1,-1,MyList
DisGeNET,35,C0340565,Lower limb ischemia,,-2.1,7.1,4,30293,15,851,3,0.35,0.2,1440|5209|6385,CSF3|PFKFB3|SDC4,-1,MyList
DisGeNET,35,C0012715,Iron Metabolism Disorders,,-2.1,7.1,4,30293,15,851,3,0.35,0.2,1356|2512|29923,CP|FTL|HILPDA,-1,MyList
DisGeNET,35,C0950121,Denys-Drash Syndrome,,-2.1,7.1,4,30293,15,851,3,0.35,0.2,174|2335|5076,AFP|FN1|PAX2,-1,MyList
DisGeNET,35,C1850256,Median cleft lip,,-2.1,7.1,4,30293,15,851,3,0.35,0.2,1952|2697|54101,CELSR2|GJA1|RIPK4,-1,MyList
TRRUST,34,TRR00506,Regulated by: HOXA10,,-2.1,7.1,4,30293,15,851,3,0.35,0.2,2018|3589|27319,EMX2|IL11|BHLHE22,-1,MyList
DisGeNET,35,C3805083,Portal fibrosis,,-2.1,7.1,4,30293,15,851,3,0.35,0.2,1822|2335|3123,ATN1|FN1|HLA-DRB1,-1,MyList
DisGeNET,35,C1524032,Depression and Suicide,,-2.1,7.1,4,30293,15,851,3,0.35,0.2,1621|5021|6303,DBH|OXTR|SAT1,-1,MyList
DisGeNET,35,C0205852,"Neoplasms, Embryonal and Mixed",,-2.1,7.1,4,30293,15,851,3,0.35,0.2,928|6515|9573,CD9|SLC2A3|GDF3,-1,MyList
DisGeNET,35,C0020192,Hyaline Membrane Disease,,-2.1,7.1,4,30293,15,851,3,0.35,0.2,2034|3383|3576,EPAS1|ICAM1|CXCL8,-1,MyList
DisGeNET,35,C0859976,Idiopathic achalasia of esophagus,,-2.1,7.1,4,30293,15,851,3,0.35,0.2,3119|3123|9244,HLA-DQB1|HLA-DRB1|CRLF1,-1,MyList
DisGeNET,35,C0340569,Internal Carotid Artery Stenosis,,-2.1,7.1,4,30293,15,851,3,0.35,0.2,1029|6320|6352,CDKN2A|CLEC11A|CCL5,-1,MyList
DisGeNET,35,C0751122,Infantile Severe Myoclonic Epilepsy,,-2.1,3.4,3.3,30293,62,851,6,0.71,0.29,2290|2555|3785|6513|9290|170302,FOXG1|GABRA2|KCNQ2|SLC2A1|GPR55|ARX,-1,MyList
DisGeNET,35,C3714619,Insulin resistance syndrome,,-2.1,3.4,3.3,30293,62,851,6,0.71,0.29,1356|2169|3481|4023|5122|6296,CP|FABP2|IGF2|LPL|PCSK1|ACSM3,-1,MyList
DisGeNET,35,C0751852,Arsenic Induced Polyneuropathy,,-2.1,3.4,3.3,30293,62,851,6,0.71,0.29,2920|3552|5142|5209|6364|23043,CXCL2|IL1A|PDE4B|PFKFB3|CCL20|TNIK,-1,MyList
DisGeNET,35,C0274861,"Arsenic Poisoning, Inorganic",,-2.1,3.4,3.3,30293,62,851,6,0.71,0.29,2920|3552|5142|5209|6364|23043,CXCL2|IL1A|PDE4B|PFKFB3|CCL20|TNIK,-1,MyList
DisGeNET,35,C0263666,"Dermatomyositis, Childhood Type",,-2.1,3.4,3.3,30293,62,851,6,0.71,0.29,3123|3552|3576|4684|5196|5334,HLA-DRB1|IL1A|CXCL8|NCAM1|PF4|PLCL1,-1,MyList
DisGeNET,35,C0751851,Arsenic Encephalopathy,,-2.1,3.4,3.3,30293,62,851,6,0.71,0.29,2920|3552|5142|5209|6364|23043,CXCL2|IL1A|PDE4B|PFKFB3|CCL20|TNIK,-1,MyList
DisGeNET,35,C2936258,Peri-Implantitis,,-2.1,3.4,3.3,30293,62,851,6,0.71,0.29,2335|3552|3576|4973|6616|27123,FN1|IL1A|CXCL8|OLR1|SNAP25|DKK2,-1,MyList
DisGeNET,35,C0274862,"Nervous System, Organic Arsenic Poisoning",,-2.1,3.4,3.3,30293,62,851,6,0.71,0.29,2920|3552|5142|5209|6364|23043,CXCL2|IL1A|PDE4B|PFKFB3|CCL20|TNIK,-1,MyList
DisGeNET,35,C0340076,Asthmatic pulmonary eosinophilia,,-2.1,3.4,3.3,30293,62,851,6,0.71,0.29,1469|3552|3576|3589|7295|51477,CST1|IL1A|CXCL8|IL11|TXN|ISYNA1,-1,MyList
Cell Type Signatures,7,M40127,DESCARTES MAIN FETAL CCL19 CCL21 POSITIVE CELLS,,-2.1,2,2.9,30293,263,851,15,1.8,0.45,602|1512|2353|3383|3726|5396|7128|8722|8744|9021|25927|55323|56033|79924|152573,BCL3|CTSH|FOS|ICAM1|JUNB|PRRX1|TNFAIP3|CTSF|TNFSF9|SOCS3|CNRIP1|LARP6|BARX1|ADM2|SHISA3,-1,MyList
DisGeNET,35,C0338908,Mixed anxiety and depressive disorder,,-2.1,2.5,3,30293,145,851,10,1.2,0.37,414|2039|2259|3383|3855|5021|5155|6886|10163|84867,ARSD|DMTN|FGF14|ICAM1|KRT7|OXTR|PDGFB|TAL1|WASF2|PTPN5,-1,MyList
DisGeNET,35,C0278678,Metastatic Renal Cell Cancer,,-2.1,2.5,3,30293,145,851,10,1.2,0.37,301|768|2258|2346|3123|3383|3576|5178|9423|29923,ANXA1|CA9|FGF13|FOLH1|HLA-DRB1|ICAM1|CXCL8|PEG3|NTN1|HILPDA,-1,MyList
DisGeNET,35,C0025289,Meningitis,,-2.1,2.2,2.9,30293,191,851,12,1.4,0.4,961|1440|2335|3123|3383|3561|3576|3918|4689|6348|57124|116844,CD47|CSF3|FN1|HLA-DRB1|ICAM1|IL2RG|CXCL8|LAMC2|NCF4|CCL3|CD248|LRG1,-1,MyList
DisGeNET,35,C2362324,Pediatric Obesity,,-2.1,2.2,2.9,30293,191,851,12,1.4,0.4,414|1993|3481|4023|5021|5122|6288|9021|9181|9518|51129|375704,ARSD|ELAVL2|IGF2|LPL|OXTR|PCSK1|SAA1|SOCS3|ARHGEF2|GDF15|ANGPTL4|ENHO,-1,MyList
Cell Type Signatures,7,M40283,DESCARTES FETAL PLACENTA VASCULAR ENDOTHELIAL CELLS,,-2.1,2.8,3.1,30293,102,851,8,0.94,0.33,1012|4826|5125|7122|51267|84952|116159|220108,CDH13|NNAT|PCSK5|CLDN5|CLEC1A|CGNL1|CYYR1|FAM124A,-1,MyList
Transcription Factor Targets,16,M3437,STAT Q6,,-2.1,2,2.8,30293,264,851,15,1.8,0.45,2335|2355|4916|5126|6328|6364|11189|23541|51617|57348|79977|79983|81832|81849|116986,FN1|FOSL2|NTRK3|PCSK2|SCN3A|CCL20|CELF3|SEC14L2|NSG2|TTYH1|GRHL2|POF1B|NETO1|ST6GALNAC5|AGAP2,-1,MyList
DisGeNET,35,C0267963,Exocrine pancreatic insufficiency,,-2.1,3,3.1,30293,82,851,7,0.82,0.31,1029|4760|5644|5645|6690|6928|170302,CDKN2A|NEUROD1|PRSS1|PRSS2|SPINK1|HNF1B|ARX,-1,MyList
DisGeNET,35,C0023524,"Leukoencephalopathy, Progressive Multifocal",,-2.1,2.1,2.8,30293,240,851,14,1.6,0.44,861|862|928|1051|1440|3123|3576|3918|4155|5111|6374|7056|54541|55655,RUNX1|RUNX1T1|CD9|CEBPB|CSF3|HLA-DRB1|CXCL8|LAMC2|MBP|PCNA|CXCL5|THBD|DDIT4|NLRP2,-1,MyList
DisGeNET,35,C0086133,Depressive Syndrome,,-2.1,4,3.4,30293,45,851,5,0.59,0.26,1440|2512|3776|6281|6616,CSF3|FTL|KCNK2|S100A10|SNAP25,-1,MyList
DisGeNET,35,C0032051,Placental Insufficiency,,-2.1,4,3.4,30293,45,851,5,0.59,0.26,174|1747|6513|6736|7056,AFP|DLX3|SLC2A1|SRY|THBD,-1,MyList
DisGeNET,35,C1336745,Thymic Lymphoma,,-2.1,4,3.4,30293,45,851,5,0.59,0.26,1822|3561|4319|6533|7295,ATN1|IL2RG|MMP10|SLC6A6|TXN,-1,MyList
Transcription Factor Targets,16,M533,STTTCRNTTT IRF Q6,,-2.1,2.2,2.9,30293,192,851,12,1.4,0.4,567|3209|3488|4036|5284|6660|6892|7029|9211|25975|84631|84858,B2M|HOXA13|IGFBP5|LRP2|PIGR|SOX5|TAPBP|TFDP2|LGI1|EGFL6|SLITRK2|ZNF503,-1,MyList
Transcription Factor Targets,16,M14350,NKX22 01,,-2.1,2.2,2.9,30293,192,851,12,1.4,0.4,577|1993|4821|4914|6860|8929|10418|23440|26257|27164|57211|57348,ADGRB3|ELAVL2|NKX2-2|NTRK1|SYT4|PHOX2B|SPON1|OTP|NKX2-8|SALL3|ADGRG6|TTYH1,-1,MyList
DisGeNET,35,C0012546,Diphtheria,,-2.1,2.4,3,30293,146,851,10,1.2,0.37,174|286|1029|1440|1822|2297|3481|3960|8549|27319,AFP|ANK1|CDKN2A|CSF3|ATN1|FOXD1|IGF2|LGALS4|LGR5|BHLHE22,-1,MyList
DisGeNET,35,C1619700,RENAL ADYSPLASIA,,-2.1,4.9,3.6,30293,29,851,4,0.47,0.23,174|5076|6662|147111,AFP|PAX2|SOX9|NOTUM,-1,MyList
TRRUST,34,TRR01147,Regulated by: RARA,,-2.1,4.9,3.6,30293,29,851,4,0.47,0.23,1026|3383|7056|653145,CDKN1A|ICAM1|THBD|ANXA8,-1,MyList
DisGeNET,35,C0868908,Pancolitis,,-2.1,4.9,3.6,30293,29,851,4,0.47,0.23,3119|3123|3576|3918,HLA-DQB1|HLA-DRB1|CXCL8|LAMC2,-1,MyList
DisGeNET,35,C0264657,Renal sclerosis with hypertension,,-2.1,4.9,3.6,30293,29,851,4,0.47,0.23,655|1029|3589|57007,BMP7|CDKN2A|IL11|ACKR3,-1,MyList
DisGeNET,35,C0231230,Fatigability,,-2.1,4.9,3.6,30293,29,851,4,0.47,0.23,875|976|3481|3552,CBS|ADGRE5|IGF2|IL1A,-1,MyList
DisGeNET,35,C1275808,Congenital central hypoventilation,,-2.1,4.9,3.6,30293,29,851,4,0.47,0.23,429|1621|1910|8929,ASCL1|DBH|EDNRB|PHOX2B,-1,MyList
DisGeNET,35,C0085996,Child Development Deviations,,-2.1,4.9,3.6,30293,29,851,4,0.47,0.23,1137|3785|4036|6513,CHRNA4|KCNQ2|LRP2|SLC2A1,-1,MyList
DisGeNET,35,C0740766,Acute pneumonia,,-2.1,4.9,3.6,30293,29,851,4,0.47,0.23,3481|3576|6352|54498,IGF2|CXCL8|CCL5|SMOX,-1,MyList
DisGeNET,35,C0275544,Congenital infectious disease,,-2.1,4.9,3.6,30293,29,851,4,0.47,0.23,3576|3918|4036|6281,CXCL8|LAMC2|LRP2|S100A10,-1,MyList
Cell Type Signatures,7,M39191,HAY BONE MARROW CD34 POS PRE PC,,-2.1,2.6,3,30293,124,851,9,1.1,0.35,744|928|1879|4062|4194|8974|9590|55715|64399,MPPED2|CD9|EBF1|LY6H|MDM4|P4HA2|AKAP12|DOK4|HHIP,-1,MyList
DisGeNET,35,C4025272,Peripheral arterial stenosis,,-2.1,2.6,3,30293,124,851,9,1.1,0.35,285|1050|1136|1143|4023|5045|5446|9518|53827,ANGPT2|CEBPA|CHRNA3|CHRNB4|LPL|FURIN|PON3|GDF15|FXYD5,-1,MyList
DisGeNET,35,C1519176,Salivary Gland Pleomorphic Adenoma,,-2.1,3.4,3.2,30293,63,851,6,0.71,0.29,1421|2258|2346|5196|6348|7291,CRYGD|FGF13|FOLH1|PF4|CCL3|TWIST1,-1,MyList
DisGeNET,35,C0149725,Lower respiratory tract infection,,-2.1,3.4,3.2,30293,63,851,6,0.71,0.29,567|633|1440|5880|6348|6352,B2M|BGN|CSF3|RAC2|CCL3|CCL5,-1,MyList
DisGeNET,35,C1861821,"CATARACT, MARNER TYPE",,-2.1,3.4,3.2,30293,63,851,6,0.71,0.29,26|1421|3383|5080|6281|6513,AOC1|CRYGD|ICAM1|PAX6|S100A10|SLC2A1,-1,MyList
Cell Type Signatures,7,M39187,HAY BONE MARROW CD34 POS MKP,,-2.1,3.4,3.2,30293,63,851,6,0.71,0.29,2624|2701|11343|22915|22943|653689,GATA2|GJA4|MGLL|MMRN1|DKK1|GSTT2B,-1,MyList
DisGeNET,35,C0014599,Epithelial hyperplasia,,-2.1,3.4,3.2,30293,63,851,6,0.71,0.29,2852|3589|4319|9314|11186|29923,GPER1|IL11|MMP10|KLF4|RASSF1|HILPDA,-1,MyList
DisGeNET,35,C0011880,Diabetic Ketoacidosis,,-2.1,3.4,3.2,30293,63,851,6,0.71,0.29,133|1029|2697|3123|7538|169026,ADM|CDKN2A|GJA1|HLA-DRB1|ZFP36|SLC30A8,-1,MyList
Cell Type Signatures,7,M40134,DESCARTES MAIN FETAL TROPHOBLAST GIANT CELLS,,-2.1,2.3,2.9,30293,169,851,11,1.3,0.39,133|285|1051|3283|5045|7869|8482|9518|10761|64220|124935,ADM|ANGPT2|CEBPB|HSD3B1|FURIN|SEMA3B|SEMA7A|GDF15|PLAC1|STRA6|SLC43A2,-1,MyList
DisGeNET,35,C0149978,Adenocarcinoma of rectum,,-2.1,2.8,3.1,30293,103,851,8,0.94,0.33,107|1026|1087|1993|2346|2697|4288|29106,ADCY1|CDKN1A|CEACAM7|ELAVL2|FOLH1|GJA1|MKI67|SCG3,-1,MyList
DisGeNET,35,C3544205,Ovarian clear cell carcinoma,,-2.1,2.8,3.1,30293,103,851,8,0.94,0.33,174|307|961|1462|1993|6928|63967|64866,AFP|ANXA4|CD47|VCAN|ELAVL2|HNF1B|CLSPN|CDCP1,-1,MyList
DisGeNET,35,C0018777,Conductive hearing loss,,-2.1,2,2.8,30293,291,851,16,1.9,0.47,286|650|1277|2697|3339|5396|5456|7020|7275|7291|7401|8792|10194|55130|63976|79633,ANK1|BMP2|COL1A1|GJA1|HSPG2|PRRX1|POU3F4|TFAP2A|TUB|TWIST1|CLRN1|TNFRSF11A|TSHZ1|ODAD2|PRDM16|FAT4,-1,MyList
DisGeNET,35,C0162316,Iron deficiency anemia,,-2.1,3,3.1,30293,83,851,7,0.82,0.31,238|650|1910|2034|3119|6281|6660,ALK|BMP2|EDNRB|EPAS1|HLA-DQB1|S100A10|SOX5,-0.99,MyList
DisGeNET,35,C0029227,"Delirium, Dementia, Amnestic, Cognitive Disorders",,-2.1,3,3.1,30293,83,851,7,0.82,0.31,846|1051|6352|6506|7538|54498|57007,CASR|CEBPB|CCL5|SLC1A2|ZFP36|SMOX|ACKR3,-0.99,MyList
DisGeNET,35,C0003615,Appendicitis,,-2.1,3,3.1,30293,83,851,7,0.82,0.31,133|1440|3576|6288|6348|23541|116844,ADM|CSF3|CXCL8|SAA1|CCL3|SEC14L2|LRG1,-0.99,MyList
PaGenBase,36,PGB:00072,Tissue-specific: uterus,,-2.1,3,3.1,30293,83,851,7,0.82,0.31,1288|2018|2619|4319|5099|7044|11259,COL4A6|EMX2|GAS1|MMP10|PCDH7|LEFTY2|FILIP1L,-0.99,MyList
DisGeNET,35,C0279530,Malignant Bone Neoplasm,,-2.1,2.6,3,30293,125,851,9,1.1,0.35,650|1029|2042|2697|4036|5024|9021|11343|11346,BMP2|CDKN2A|EPHA3|GJA1|LRP2|P2RX3|SOCS3|MGLL|SYNPO,-0.99,MyList
Cell Type Signatures,7,M40138,DESCARTES MAIN FETAL PARIETAL AND CHIEF CELLS,,-2.1,2.6,3,30293,125,851,9,1.1,0.35,1152|2877|7031|7113|22822|54102|55890|79152|283358,CKB|GPX2|TFF1|TMPRSS2|PHLDA1|CLIC6|GPRC5C|FA2H|B4GALNT3,-0.99,MyList
Transcription Factor Targets,16,M2489,ERR1 Q2,,-2,2,2.8,30293,267,851,15,1.8,0.45,107|174|862|1995|2899|3780|5099|6376|6900|6928|8482|22895|23023|55885|84033,ADCY1|AFP|RUNX1T1|ELAVL3|GRIK3|KCNN1|PCDH7|CX3CL1|CNTN2|HNF1B|SEMA7A|RPH3A|TMCC1|LMO3|OBSCN,-0.99,MyList
DisGeNET,35,C1861453,Pseudohyperkalemia Cardiff,,-2,2.1,2.8,30293,218,851,13,1.5,0.42,174|285|633|3123|3725|3918|4023|4684|6513|6892|9021|9518|10512,AFP|ANGPT2|BGN|HLA-DRB1|JUN|LAMC2|LPL|NCAM1|SLC2A1|TAPBP|SOCS3|GDF15|SEMA3C,-0.98,MyList
Cell Type Signatures,7,M39204,HAY BONE MARROW NK CELLS,,-2,1.8,2.7,30293,370,851,19,2.2,0.51,567|976|3561|3982|3993|4155|4684|5521|5729|5880|6348|6892|11098|11145|11186|54541|80830|221188|494470,B2M|ADGRE5|IL2RG|LIM2|LLGL2|MBP|NCAM1|PPP2R2B|PTGDR|RAC2|CCL3|TAPBP|PRSS23|PLAAT3|RASSF1|DDIT4|APOL6|ADGRG5|ARK2C,-0.98,MyList
DisGeNET,35,C0019621,"Histiocytosis, Langerhans-Cell",,-2,2.7,3,30293,104,851,8,0.94,0.33,1026|1029|1641|2934|3123|3552|4916|5155,CDKN1A|CDKN2A|DCX|GSN|HLA-DRB1|IL1A|NTRK3|PDGFB,-0.98,MyList
DisGeNET,35,C0030521,Parathyroid Neoplasms,,-2,2.7,3,30293,104,851,8,0.94,0.33,846|1029|1030|4288|6616|11186|22943|57007,CASR|CDKN2A|CDKN2B|MKI67|SNAP25|RASSF1|DKK1|ACKR3,-0.98,MyList
Transcription Factor Targets,16,M13995,CCCNNNNNNAAGWT UNKNOWN,,-2,2.7,3,30293,104,851,8,0.94,0.33,108|1410|3339|3624|5076|6616|8906|9590,ADCY2|CRYAB|HSPG2|INHBA|PAX2|SNAP25|AP1G2|AKAP12,-0.98,MyList
DisGeNET,35,C0010276,Craniopharyngioma,,-2,3.3,3.2,30293,64,851,6,0.71,0.29,768|3481|3576|6662|6736|7448,CA9|IGF2|CXCL8|SOX9|SRY|VTN,-0.98,MyList
Transcription Factor Targets,16,M7513,RNTCANNRNNYNATTW UNKNOWN,,-2,3.3,3.2,30293,64,851,6,0.71,0.29,1996|2018|2255|9378|10725|28316,ELAVL4|EMX2|FGF10|NRXN1|NFAT5|CDH20,-0.98,MyList
DisGeNET,35,C0085083,Ovarian Hyperstimulation Syndrome,,-2,3.3,3.2,30293,64,851,6,0.71,0.29,285|3481|3576|3589|4023|7122,ANGPT2|IGF2|CXCL8|IL11|LPL|CLDN5,-0.98,MyList
PaGenBase,36,PGB:00056,Tissue-specific: spinal cord,,-2,3.3,3.2,30293,64,851,6,0.71,0.29,1822|4821|60482|79152|116372|167410,ATN1|NKX2-2|SLC5A7|FA2H|LYPD1|LIX1,-0.98,MyList
DisGeNET,35,C0311375,Arsenic Poisoning,,-2,3.3,3.2,30293,64,851,6,0.71,0.29,2920|3552|5142|5209|6364|23043,CXCL2|IL1A|PDE4B|PFKFB3|CCL20|TNIK,-0.98,MyList
DisGeNET,35,C0000889,Acanthosis Nigricans,,-2,3.3,3.2,30293,64,851,6,0.71,0.29,2353|3576|4914|5111|5122|284119,FOS|CXCL8|NTRK1|PCNA|PCSK1|CAVIN1,-0.98,MyList
DisGeNET,35,C0342637,"Hypocalciuric hypercalcemia, familial, type 1",,-2,3.9,3.3,30293,46,851,5,0.59,0.26,634|846|1421|6690|80150,CEACAM1|CASR|CRYGD|SPINK1|ASRGL1,-0.98,MyList
DisGeNET,35,C0087086,Thrombus,,-2,3.9,3.3,30293,46,851,5,0.59,0.26,2243|5196|5327|7056|9314,FGA|PF4|PLAT|THBD|KLF4,-0.98,MyList
DisGeNET,35,C1260954,Morphologically altered structure,,-2,3.9,3.3,30293,46,851,5,0.59,0.26,2335|6662|11096|53827|94234,FN1|SOX9|ADAMTS5|FXYD5|FOXQ1,-0.98,MyList
DisGeNET,35,C0206715,"Neoplasms, Neuroepithelial",,-2,3.9,3.3,30293,46,851,5,0.59,0.26,301|4753|6662|10215|23440,ANXA1|NELL2|SOX9|OLIG2|OTP,-0.98,MyList
DisGeNET,35,C0205945,"Sarcoma, Spindle Cell",,-2,3.9,3.3,30293,46,851,5,0.59,0.26,2521|3855|4914|4916|6662,FUS|KRT7|NTRK1|NTRK3|SOX9,-0.98,MyList
DisGeNET,35,C0917816,Mental deficiency,,-2,2.4,2.9,30293,148,851,10,1.2,0.37,429|890|2290|5080|6513|8831|9378|10752|23135|64220,ASCL1|CCNA2|FOXG1|PAX6|SLC2A1|SYNGAP1|NRXN1|CHL1|KDM6B|STRA6,-0.98,MyList
DisGeNET,35,C0423224,Sunken eyes,,-2,2.3,2.9,30293,171,851,11,1.3,0.39,1063|1281|1822|2697|3785|4914|5339|6913|8831|63976|253738,CENPF|COL3A1|ATN1|GJA1|KCNQ2|NTRK1|PLEC|TBX15|SYNGAP1|PRDM16|EBF3,-0.98,MyList
Cell Type Signatures,7,M40276,DESCARTES FETAL PLACENTA AFP ALB POSITIVE CELLS,,-2,2.3,2.9,30293,171,851,11,1.3,0.39,174|345|875|1361|2168|2243|2266|2852|5629|7448|116844,AFP|APOC3|CBS|CPB2|FABP1|FGA|FGG|GPER1|PROX1|VTN|LRG1,-0.98,MyList
DisGeNET,35,C0162835,Hypopigmentation disorder,,-2,2.5,3,30293,126,851,9,1.1,0.35,875|2512|3123|3852|3918|4055|5122|5644|22943,CBS|FTL|HLA-DRB1|KRT5|LAMC2|LTBR|PCSK1|PRSS1|DKK1,-0.98,MyList
DisGeNET,35,C0036337,Schizoaffective Disorder,,-2,2.5,3,30293,126,851,9,1.1,0.35,1621|4762|4914|6303|6616|10814|11255|27328|57007,DBH|NEUROG1|NTRK1|SAT1|SNAP25|CPLX2|HRH3|PCDH11X|ACKR3,-0.98,MyList
DisGeNET,35,C0087169,Withdrawal Symptoms,,-2,2.5,3,30293,126,851,9,1.1,0.35,107|114|1136|1137|1143|1621|2353|9892|57007,ADCY1|ADCY8|CHRNA3|CHRNA4|CHRNB4|DBH|FOS|SNAP91|ACKR3,-0.98,MyList
DisGeNET,35,C0746674,Generalized muscle weakness,,-2,2.5,3,30293,126,851,9,1.1,0.35,311|1293|2521|5339|5446|6572|6616|60482|284119,ANXA11|COL6A3|FUS|PLEC|PON3|SLC18A3|SNAP25|SLC5A7|CAVIN1,-0.98,MyList
DisGeNET,35,C0042029,Urinary tract infection,,-2,2.1,2.8,30293,219,851,13,1.5,0.42,133|1356|3123|3383|3552|3576|5209|6303|6352|6364|8434|54210|57124,ADM|CP|HLA-DRB1|ICAM1|IL1A|CXCL8|PFKFB3|SAT1|CCL5|CCL20|RECK|TREM1|CD248,-0.98,MyList
DisGeNET,35,C0458247,Allodynia,,-2,3,3.1,30293,84,851,7,0.82,0.31,133|2353|3552|3576|5024|7056|51083,ADM|FOS|IL1A|CXCL8|P2RX3|THBD|GAL,-0.98,MyList
DisGeNET,35,C0039494,Temporomandibular Joint Disorders,,-2,3,3.1,30293,84,851,7,0.82,0.31,3576|3589|3855|6352|6886|8792|22943,CXCL8|IL11|KRT7|CCL5|TAL1|TNFRSF11A|DKK1,-0.98,MyList
DisGeNET,35,C0751211,"Hyperalgesia, Primary",,-2,3,3.1,30293,84,851,7,0.82,0.31,133|2353|3552|3576|5024|7056|51083,ADM|FOS|IL1A|CXCL8|P2RX3|THBD|GAL,-0.98,MyList
DisGeNET,35,C0079218,"Fibromatosis, Aggressive",,-2,3,3.1,30293,84,851,7,0.82,0.31,846|5111|5155|6850|7291|7545|84107,CASR|PCNA|PDGFB|SYK|TWIST1|ZIC1|ZIC4,-0.98,MyList
DisGeNET,35,C4025329,Abnormality of the anus,,-2,6.7,3.9,30293,16,851,3,0.35,0.2,1294|55612|63976,COL7A1|FERMT1|PRDM16,-0.98,MyList
DisGeNET,35,C4087273,C3 glomerulopathy,,-2,6.7,3.9,30293,16,851,3,0.35,0.2,718|3852|7056,C3|KRT5|THBD,-0.98,MyList
TRRUST,34,TRR01167,Regulated by: RFXAP,,-2,6.7,3.9,30293,16,851,3,0.35,0.2,3119|3123|3127,HLA-DQB1|HLA-DRB1|HLA-DRB5,-0.98,MyList
DisGeNET,35,C1854489,Limb dysmetria,,-2,6.7,3.9,30293,16,851,3,0.35,0.2,823|5155|5521,CAPN1|PDGFB|PPP2R2B,-0.98,MyList
DisGeNET,35,C0751422,Hereditary Autoinflammatory Diseases,,-2,6.7,3.9,30293,16,851,3,0.35,0.2,3552|7128|8792,IL1A|TNFAIP3|TNFRSF11A,-0.98,MyList
DisGeNET,35,C0085694,Chronic cholecystitis,,-2,6.7,3.9,30293,16,851,3,0.35,0.2,1029|2353|7424,CDKN2A|FOS|VEGFC,-0.98,MyList
DisGeNET,35,C1863051,ALZHEIMER DISEASE 2,,-2,6.7,3.9,30293,16,851,3,0.35,0.2,2335|6660|9961,FN1|SOX5|MVP,-0.98,MyList
DisGeNET,35,C0039584,Testicular Diseases,,-2,6.7,3.9,30293,16,851,3,0.35,0.2,2697|6662|6736,GJA1|SOX9|SRY,-0.98,MyList
DisGeNET,35,C1863999,"Peroxisome Biogenesis Disorder, Complementation Group D",,-2,6.7,3.9,30293,16,851,3,0.35,0.2,3552|4689|6736,IL1A|NCF4|SRY,-0.98,MyList
Transcription Factor Targets,16,M2518,ALX4 01,,-2,6.7,3.9,30293,16,851,3,0.35,0.2,3725|6616|55885,JUN|SNAP25|LMO3,-0.98,MyList
DisGeNET,35,C0017547,Gigantism,,-2,6.7,3.9,30293,16,851,3,0.35,0.2,3481|9518|55890,IGF2|GDF15|GPRC5C,-0.98,MyList
DisGeNET,35,C4317045,Gluten intolerance,,-2,6.7,3.9,30293,16,851,3,0.35,0.2,3552|5266|9378,IL1A|PI3|NRXN1,-0.98,MyList
DisGeNET,35,C0750046,Granulomatous uveitis,,-2,6.7,3.9,30293,16,851,3,0.35,0.2,3589|6364|6376,IL11|CCL20|CX3CL1,-0.98,MyList
DisGeNET,35,C0302254,Juvenile cataract,,-2,6.7,3.9,30293,16,851,3,0.35,0.2,1410|1421|5080,CRYAB|CRYGD|PAX6,-0.98,MyList
DisGeNET,35,C0235522,Disorder of vein,,-2,6.7,3.9,30293,16,851,3,0.35,0.2,2697|3383|5111,GJA1|ICAM1|PCNA,-0.98,MyList
DisGeNET,35,C0574769,Loss of scalp hair,,-2,6.7,3.9,30293,16,851,3,0.35,0.2,1281|1294|1893,COL3A1|COL7A1|ECM1,-0.98,MyList
DisGeNET,35,C1515091,Surgically-Created Resection Cavity,,-2,6.7,3.9,30293,16,851,3,0.35,0.2,3918|11322|166824,LAMC2|TMC6|RASSF6,-0.98,MyList
DisGeNET,35,C2955673,Urate nephropathy,,-2,6.7,3.9,30293,16,851,3,0.35,0.2,1822|3576|203447,ATN1|CXCL8|NRK,-0.98,MyList
DisGeNET,35,C0854107,Subcutaneous hemorrhage,,-2,6.7,3.9,30293,16,851,3,0.35,0.2,875|3852|5155,CBS|KRT5|PDGFB,-0.98,MyList
DisGeNET,35,C3809827,Staring gaze,,-2,6.7,3.9,30293,16,851,3,0.35,0.2,6572|6616|60482,SLC18A3|SNAP25|SLC5A7,-0.98,MyList
DisGeNET,35,C3494623,Mild dementia,,-2,6.7,3.9,30293,16,851,3,0.35,0.2,862|3918|4194,RUNX1T1|LAMC2|MDM4,-0.98,MyList
TRRUST,34,TRR01166,Regulated by: RFXANK,,-2,6.7,3.9,30293,16,851,3,0.35,0.2,3119|3123|3127,HLA-DQB1|HLA-DRB1|HLA-DRB5,-0.98,MyList
DisGeNET,35,C4025858,Abnormal cochlea morphology,,-2,6.7,3.9,30293,16,851,3,0.35,0.2,5456|7401|65217,POU3F4|CLRN1|PCDH15,-0.98,MyList
DisGeNET,35,C0677730,Aggressive Adult Non-Hodgkin Lymphoma,,-2,6.7,3.9,30293,16,851,3,0.35,0.2,238|1029|1649,ALK|CDKN2A|DDIT3,-0.98,MyList
DisGeNET,35,C0740852,Upper airway obstruction,,-2,6.7,3.9,30293,16,851,3,0.35,0.2,1301|3123|6662,COL11A1|HLA-DRB1|SOX9,-0.98,MyList
DisGeNET,35,C0201952,Chloride measurement,,-2,6.7,3.9,30293,16,851,3,0.35,0.2,10725|22895|23316,NFAT5|RPH3A|CUX2,-0.98,MyList
DisGeNET,35,C4551479,"Schwartz-Jampel Syndrome, Type 1",,-2,6.7,3.9,30293,16,851,3,0.35,0.2,1301|3339|9719,COL11A1|HSPG2|ADAMTSL2,-0.98,MyList
DisGeNET,35,C0425782,Breast size,,-2,6.7,3.9,30293,16,851,3,0.35,0.2,6913|25802|26579,TBX15|LMOD1|MYEOV,-0.98,MyList
DisGeNET,35,C1274310,Primary cutaneous B-cell lymphoma,,-2,6.7,3.9,30293,16,851,3,0.35,0.2,1029|1030|3726,CDKN2A|CDKN2B|JUNB,-0.98,MyList
DisGeNET,35,C1511566,cutaneous B-cell non-Hodgkin lymphoma,,-2,6.7,3.9,30293,16,851,3,0.35,0.2,285|1029|3726,ANGPT2|CDKN2A|JUNB,-0.98,MyList
DisGeNET,35,C3714941,OTOFACIOCERVICAL SYNDROME 1,,-2,6.7,3.9,30293,16,851,3,0.35,0.2,602|875|1910,BCL3|CBS|EDNRB,-0.98,MyList
DisGeNET,35,C2931150,Synostotic Anterior Plagiocephaly,,-2,6.7,3.9,30293,16,851,3,0.35,0.2,650|7291|7545,BMP2|TWIST1|ZIC1,-0.98,MyList
DisGeNET,35,C0410606,Cervical Disc Degenerative Disorder,,-2,6.7,3.9,30293,16,851,3,0.35,0.2,1301|4804|11096,COL11A1|NGFR|ADAMTS5,-0.98,MyList
DisGeNET,35,C2712971,Enteritis due to Norovirus,,-2,6.7,3.9,30293,16,851,3,0.35,0.2,2524|3561|6352,FUT2|IL2RG|CCL5,-0.98,MyList
DisGeNET,35,C0391958,Familial Epilepsies,,-2,6.7,3.9,30293,16,851,3,0.35,0.2,1137|6096|9211,CHRNA4|RORB|LGI1,-0.98,MyList
DisGeNET,35,C1876203,Frontonasal dysplasia,,-2,6.7,3.9,30293,16,851,3,0.35,0.2,1421|7291|10045,CRYGD|TWIST1|SH2D3A,-0.98,MyList
DisGeNET,35,C1848201,Subcortical Band Heterotopia,,-2,4.7,3.5,30293,30,851,4,0.47,0.23,1641|79633|80150|170302,DCX|FAT4|ASRGL1|ARX,-0.97,MyList
DisGeNET,35,C0011428,Dentigerous Cyst,,-2,4.7,3.5,30293,30,851,4,0.47,0.23,3552|5266|8792|10630,IL1A|PI3|TNFRSF11A|PDPN,-0.97,MyList
DisGeNET,35,C1292758,Precursor T-cell lymphoblastic lymphoma,,-2,4.7,3.5,30293,30,851,4,0.47,0.23,3383|3855|6886|10215,ICAM1|KRT7|TAL1|OLIG2,-0.97,MyList
DisGeNET,35,C0155299,Coloboma of optic disc,,-2,4.7,3.5,30293,30,851,4,0.47,0.23,5076|5080|7020|10653,PAX2|PAX6|TFAP2A|SPINT2,-0.97,MyList
DisGeNET,35,C0393554,Amyotrophic Lateral Sclerosis With Dementia,,-2,4.7,3.5,30293,30,851,4,0.47,0.23,1804|2521|6506|57172,DPP6|FUS|SLC1A2|CAMK1G,-0.97,MyList
DisGeNET,35,C0009812,Constitutional Symptom,,-2,4.7,3.5,30293,30,851,4,0.47,0.23,567|3576|3918|53827,B2M|CXCL8|LAMC2|FXYD5,-0.97,MyList
TRRUST,34,TRR00274,Regulated by: ERG,,-2,4.7,3.5,30293,30,851,4,0.47,0.23,2258|3383|3576|7113,FGF13|ICAM1|CXCL8|TMPRSS2,-0.97,MyList
Cell Type Signatures,7,M39220,LAKE ADULT KIDNEY C1 EPITHELIAL CELLS UNASSIGNED,,-2,4.7,3.5,30293,30,851,4,0.47,0.23,4036|5334|25891|64067,LRP2|PLCL1|PAMR1|NPAS3,-0.97,MyList
DisGeNET,35,C0085997,"Child Development Disorders, Specific",,-2,4.7,3.5,30293,30,851,4,0.47,0.23,1137|3785|4036|6513,CHRNA4|KCNQ2|LRP2|SLC2A1,-0.97,MyList
TRRUST,34,TRR00872,Regulated by: NFIC,,-2,4.7,3.5,30293,30,851,4,0.47,0.23,1277|2173|3725|8660,COL1A1|FABP7|JUN|IRS2,-0.97,MyList
DisGeNET,35,C0273115,Lung Injury,,-2,4.7,3.5,30293,30,851,4,0.47,0.23,1999|3481|4914|6348,ELF3|IGF2|NTRK1|CCL3,-0.97,MyList
DisGeNET,35,C0205711,Pelizaeus-Merzbacher Disease,,-2,4.7,3.5,30293,30,851,4,0.47,0.23,174|823|4155|5354,AFP|CAPN1|MBP|PLP1,-0.97,MyList
DisGeNET,35,C0428474,Serum LDL cholesterol measurement,,-2,2,2.8,30293,269,851,15,1.8,0.45,108|602|1029|1051|1463|1889|1952|2444|3383|3598|4036|5142|5322|5339|25802,ADCY2|BCL3|CDKN2A|CEBPB|NCAN|ECE1|CELSR2|FRK|ICAM1|IL13RA2|LRP2|PDE4B|PLA2G5|PLEC|LMOD1,-0.97,MyList
DisGeNET,35,C0022578,Keratoconus,,-2,2,2.8,30293,269,851,15,1.8,0.45,2|1281|1295|2934|3552|4804|6277|7045|7275|7291|7401|22915|30813|51083|80201,A2M|COL3A1|COL8A1|GSN|IL1A|NGFR|S100A6|TGFBI|TUB|TWIST1|CLRN1|MMRN1|VSX1|GAL|HKDC1,-0.97,MyList
DisGeNET,35,C0009691,Congenital cataract,,-2,2.7,3,30293,105,851,8,0.94,0.33,1410|1421|3561|3982|5080|6809|7020|7401,CRYAB|CRYGD|IL2RG|LIM2|PAX6|STX3|TFAP2A|CLRN1,-0.97,MyList
DisGeNET,35,C0751837,Gait Ataxia,,-2,2.3,2.9,30293,172,851,11,1.3,0.39,823|1822|2259|3119|5456|5521|6096|6513|22943|85300|146227,CAPN1|ATN1|FGF14|HLA-DQB1|POU3F4|PPP2R2B|RORB|SLC2A1|DKK1|ATCAY|BEAN1,-0.97,MyList
Transcription Factor Targets,16,M30352,ZNF563 TARGET GENES,,-2,1.6,2.6,30293,646,851,29,3.4,0.62,1993|2346|3123|3300|3772|4062|5080|5629|6656|7020|7113|8434|8549|8553|8660|8673|9540|11226|23612|26579|51599|54541|54898|55790|56927|57648|254102|255743|375035,ELAVL2|FOLH1|HLA-DRB1|DNAJB2|KCNJ15|LY6H|PAX6|PROX1|SOX1|TFAP2A|TMPRSS2|RECK|LGR5|BHLHE40|IRS2|VAMP8|TP53I3|GALNT6|PHLDA3|MYEOV|LSR|DDIT4|ELOVL2|CSGALNACT1|GPR108|NHSL3|EHBP1L1|NPNT|SFT2D2,-0.97,MyList
DisGeNET,35,C0314719,Dryness of eye,,-2,2.4,2.9,30293,149,851,10,1.2,0.37,961|1356|1822|3123|3383|3552|5080|6348|8673|10725,CD47|CP|ATN1|HLA-DRB1|ICAM1|IL1A|PAX6|CCL3|VAMP8|NFAT5,-0.97,MyList
DisGeNET,35,C0152459,Linear atrophy,,-2,2.4,2.9,30293,149,851,10,1.2,0.37,1012|1277|1641|2335|2353|3211|4036|5021|5111|6515,CDH13|COL1A1|DCX|FN1|FOS|HOXB1|LRP2|OXTR|PCNA|SLC2A3,-0.97,MyList
DisGeNET,35,C2919945,Cavernous Hemangioma of Brain,,-2,2.5,2.9,30293,127,851,9,1.1,0.35,26|285|2697|3383|4684|6281|6513|7122|9314,AOC1|ANGPT2|GJA1|ICAM1|NCAM1|S100A10|SLC2A1|CLDN5|KLF4,-0.96,MyList
DisGeNET,35,C0040021,Thromboangiitis Obliterans,,-2,2.5,2.9,30293,127,851,9,1.1,0.35,3123|3213|3383|3552|3576|4288|6352|6850|7070,HLA-DRB1|HOXB3|ICAM1|IL1A|CXCL8|MKI67|CCL5|SYK|THY1,-0.96,MyList
DisGeNET,35,C0039075,Syndactyly,,-2,2.5,2.9,30293,127,851,9,1.1,0.35,650|2697|3236|3481|7020|7291|30813|54101|79633,BMP2|GJA1|HOXD10|IGF2|TFAP2A|TWIST1|VSX1|RIPK4|FAT4,-0.96,MyList
DisGeNET,35,C0030805,Bullous pemphigoid,,-2,2.5,2.9,30293,127,851,9,1.1,0.35,718|3119|3123|3383|3552|3576|3691|5339|6374,C3|HLA-DQB1|HLA-DRB1|ICAM1|IL1A|CXCL8|ITGB4|PLEC|CXCL5,-0.96,MyList
Cell Type Signatures,7,M40274,DESCARTES FETAL PANCREAS LYMPHATIC ENDOTHELIAL CELLS,,-2,3.3,3.1,30293,65,851,6,0.71,0.29,2823|3236|6364|6374|8792|22915,GPM6A|HOXD10|CCL20|CXCL5|TNFRSF11A|MMRN1,-0.96,MyList
DisGeNET,35,C3544347,Intestinal fibrosis,,-2,3.3,3.1,30293,65,851,6,0.71,0.29,286|1009|1281|1311|2355|22915,ANK1|CDH11|COL3A1|COMP|FOSL2|MMRN1,-0.96,MyList
DisGeNET,35,C0280220,"stage, ovarian epithelial cancer",,-2,3.3,3.1,30293,65,851,6,0.71,0.29,3576|4288|6277|7291|7545|84107,CXCL8|MKI67|S100A6|TWIST1|ZIC1|ZIC4,-0.96,MyList
DisGeNET,35,C0878773,Overactive Bladder,,-2,3.3,3.1,30293,65,851,6,0.71,0.29,2697|3339|3383|3552|4914|9181,GJA1|HSPG2|ICAM1|IL1A|NTRK1|ARHGEF2,-0.96,MyList
DisGeNET,35,C0162323,Polyarthritis,,-2,3.3,3.1,30293,65,851,6,0.71,0.29,1009|1421|1462|1822|3123|7538,CDH11|CRYGD|VCAN|ATN1|HLA-DRB1|ZFP36,-0.96,MyList
Cell Type Signatures,7,M40262,DESCARTES FETAL PANCREAS CCL19 CCL21 POSITIVE CELLS,,-2,3.3,3.1,30293,65,851,6,0.71,0.29,1044|1294|9547|27328|79924|152573,CDX1|COL7A1|CXCL14|PCDH11X|ADM2|SHISA3,-0.96,MyList
DisGeNET,35,C1261430,Fasting blood sugar result,,-2,3.3,3.1,30293,65,851,6,0.71,0.29,111|1607|5629|56896|80201|169026,ADCY5|DGKB|PROX1|DPYSL5|HKDC1|SLC30A8,-0.96,MyList
Transcription Factor Targets,16,M9986,AHR 01,,-2,3.3,3.1,30293,65,851,6,0.71,0.29,1995|2899|4684|4916|23452|63973,ELAVL3|GRIK3|NCAM1|NTRK3|ANGPTL2|NEUROG2,-0.96,MyList
DisGeNET,35,C0202236,Triglycerides measurement,,-2,1.6,2.6,30293,563,851,26,3.1,0.59,26|111|345|602|718|1026|1301|1463|1952|2335|2524|3383|4023|5142|5322|5629|7429|9068|22895|27035|51129|51301|80736|81849|84647|169026,AOC1|ADCY5|APOC3|BCL3|C3|CDKN1A|COL11A1|NCAN|CELSR2|FN1|FUT2|ICAM1|LPL|PDE4B|PLA2G5|PROX1|VIL1|ANGPTL1|RPH3A|NOX1|ANGPTL4|GCNT4|SLC44A4|ST6GALNAC5|PLA2G12B|SLC30A8,-0.96,MyList
DisGeNET,35,C0235946,Cerebral atrophy,,-2,1.7,2.6,30293,454,851,22,2.6,0.54,634|1029|1421|1759|1822|2266|3123|3576|3785|3918|5354|5521|6328|6506|6513|6616|6928|8831|9211|10418|23043|170302,CEACAM1|CDKN2A|CRYGD|DNM1|ATN1|FGG|HLA-DRB1|CXCL8|KCNQ2|LAMC2|PLP1|PPP2R2B|SCN3A|SLC1A2|SLC2A1|SNAP25|HNF1B|SYNGAP1|LGI1|SPON1|TNIK|ARX,-0.95,MyList
