_MEMBER_MyList,_LogP_MyList,GO,_PATTERN_,_RANK_,GiniIndex,Category,CategoryID,Description,PARENT_GO,LogP,Enrichment,Z-score,#TotalGeneInLibrary,#GeneInGO,#GeneInHitList,#GeneInGOAndHitList,%InGO,STDV %InGO,GeneID,Hits,Log(q-value),EvidenceCutoff
1,-1e+02,M39209,M1,1,0,Cell Type Signatures,7,HAY BONE MARROW STROMAL,,-1e+02,8.2,35,30293,765,879,182,21,1.4,220|284|445|633|710|730|861|1003|1266|1281|1293|1294|1301|1356|1381|1490|1545|1634|1910|2012|2034|2138|2192|2195|2202|2252|2273|2296|2331|2619|2621|2674|2687|2697|2921|2977|3037|3075|3225|3232|3233|3234|3280|3290|3339|3371|3485|3486|3487|3488|3490|3491|3569|3671|3672|3910|3949|3977|4015|4016|4023|4053|4060|4082|4254|4256|4281|4487|4502|4616|4651|4681|4685|4811|4837|4920|5010|5069|5137|5730|5740|5764|5783|5919|6004|6355|6387|6414|6422|6425|6529|6542|6590|6662|6752|6876|6913|7025|7026|7058|7078|7103|7130|7373|7545|8325|8470|8613|8633|8829|9021|9052|9180|9369|9509|9547|9627|10252|10265|10350|10351|10468|10752|11082|11167|11281|22795|23114|23213|25878|25884|25903|26011|26167|27286|29995|51129|51232|51330|51435|54206|54477|54510|54757|56243|56937|56944|57007|64093|64094|79822|79827|79949|79987|80274|80760|81578|83604|84168|84466|84858|84870|85449|89795|91653|92293|116535|117581|120114|127435|140886|147381|151887|153571|169611|219699|253738|283298|340267|387509|387758|387763,ALDH1A3|ANGPT1|ASS1|BGN|SERPING1|C7|RUNX1|CDH5|CNN3|COL3A1|COL6A3|COL7A1|COL11A1|CP|CRABP1|CCN2|CYP1B1|DCN|EDNRB|EMP1|EPAS1|EYA1|FBLN1|FAT1|EFEMP1|FGF7|FHL1|FOXC1|FMOD|GAS1|GAS6|GFRA1|GGT5|GJA1|CXCL3|GUCY1A2|HAS2|CFH|HOXC9|HOXD3|HOXD4|HOXD8|HES1|HSD11B1|HSPG2|TNC|IGFBP2|IGFBP3|IGFBP4|IGFBP5|IGFBP7|CCN1|IL6|ISLR|ITGA1|LAMA4|LDLR|LIFR|LOX|LOXL1|LPL|LTBP2|LUM|MARCKS|KITLG|MGP|MID1|MSX1|MT2A|GADD45B|MYO10|NBL1|NCAM2|NID1|NNMT|ROR2|CLDN11|PAPPA|PDE1C|PTGDS|PTGIS|PTN|PTPN13|RARRES2|RGS16|CCL8|CXCL12|SELENOP|SFRP1|SFRP5|SLC6A1|SLC7A2|SLPI|SOX9|SSTR2|TAGLN|TBX15|NR2F1|NR2F2|THBS2|TIMP3|TSPAN8|TNFAIP6|COL14A1|ZIC1|FZD8|SORBS2|PLPP3|UNC5C|NRP1|SOCS3|GPRC5A|OSMR|NRXN3|ADAMTS2|CXCL14|SNCAIP|SPRY1|IRX5|ABCA9|ABCA8|FST|CHL1|ESM1|FSTL1|POU6F2|NID2|NFASC|SULF1|MXRA5|CHRDL2|OLFML2B|TENM4|PCDHB5|SRPX2|LMCD1|ANGPTL4|CRIM1|TNFRSF12A|SCARA3|ERRFI1|PLEKHA5|PCDH18|FAM20A|KIAA1217|PMEPA1|OLFML3|ACKR3|SMOC1|SMOC2|ARHGAP28|CLMP|PLEKHS1|SVEP1|SCUBE1|ITIH5|COL21A1|TMEM47|ANTXR1|MEGF10|ZNF503|RSPO3|KIAA1755|NAV3|BOC|TMEM132C|MRGPRF|TWIST2|FAT3|PODN|PABPC5|CBLN2|CCDC80|IRX2-DT|OLFML2A|UNC5B|EBF3|OLFML1|COL28A1|GPR153|FIBIN|C11orf96,-95,0
1,-93,M39175,M1,1,0,Cell Type Signatures,7,MURARO PANCREAS MESENCHYMAL STROMAL CELL,,-93,7.9,31,30293,680,879,155,18,1.3,19|59|60|165|301|633|677|861|1266|1281|1293|1295|1306|1462|1490|1545|1601|1634|1728|1827|1839|1910|2012|2034|2151|2195|2247|2252|2331|2615|2977|3037|3090|3280|3290|3371|3486|3487|3488|3490|3491|3569|3589|3624|3671|3672|3673|3910|3939|3976|4015|4017|4053|4060|4082|4239|4254|4256|4312|4318|4487|4502|4609|4638|4651|4811|4837|4853|4907|5054|5069|5176|5216|5327|5328|5329|5351|5352|5742|6422|6423|6498|6515|6624|6695|6781|7026|7046|7052|7057|7058|7078|7130|7168|7431|7474|7837|7980|8038|8507|8519|8553|8728|8829|8840|8870|9180|9509|9516|9536|9588|9590|9644|9645|10019|10082|10098|10123|10417|10631|10763|11031|11167|22795|22801|23213|25907|26585|27286|29995|51129|51313|51330|51435|54541|55701|55920|56937|57124|57214|79026|79971|80176|80781|83604|83716|84168|84627|91010|115908|151887|169611|219699|387758|387763,ABCA1|ACTA2|ACTB|AEBP1|ANXA1|BGN|ZFP36L1|RUNX1|CNN3|COL3A1|COL6A3|COL8A1|COL15A1|VCAN|CCN2|CYP1B1|DAB2|DCN|NQO1|RCAN1|HBEGF|EDNRB|EMP1|EPAS1|F2RL2|FAT1|FGF2|FGF7|FMOD|LRRC32|GUCY1A2|HAS2|HIC1|HES1|HSD11B1|TNC|IGFBP3|IGFBP4|IGFBP5|IGFBP7|CCN1|IL6|IL11|INHBA|ISLR|ITGA1|ITGA2|LAMA4|LDHA|LIF|LOX|LOXL2|LTBP2|LUM|MARCKS|MFAP4|KITLG|MGP|MMP1|MMP9|MSX1|MT2A|MYC|MYLK|MYO10|NID1|NNMT|NOTCH2|NT5E|SERPINE1|PAPPA|SERPINF1|PFN1|PLAT|PLAU|PLAUR|PLOD1|PLOD2|PTGS1|SFRP1|SFRP2|SKIL|SLC2A3|FSCN1|SPOCK1|STC1|NR2F2|TGFBR1|TGM2|THBS1|THBS2|TIMP3|TNFAIP6|TPM1|VIM|WNT5A|PXDN|TFPI2|ADAM12|ENC1|IFITM1|BHLHE40|ADAM19|NRP1|CCN4|IER3|OSMR|ADAMTS2|LITAF|PTGES|PRDX6|AKAP12|SH3PXD2A|MICAL2|SH2B3|GPC6|TSPAN5|ARL4C|SPON2|POSTN|NES|RAB31|FSTL1|NID2|ITGA11|SULF1|TMEM158|GREM1|SRPX2|LMCD1|ANGPTL4|GASK1B|TNFRSF12A|SCARA3|DDIT4|ARHGEF40|RCC2|PMEPA1|CD248|CEMIP|AHNAK|WLS|SPSB1|COL18A1|TMEM47|CRISPLD2|ANTXR1|ZNF469|FMNL3|CTHRC1|CCDC80|OLFML2A|UNC5B|FIBIN|C11orf96,-89,0
1,-76,M39167,M1,1,0,Cell Type Signatures,7,GAO LARGE INTESTINE ADULT CJ IMMUNE CELLS,,-76,8.3,29,30293,505,879,122,14,1.2,59|165|220|284|301|633|710|1003|1004|1012|1281|1293|1306|1462|1634|1910|2192|2202|2273|2294|2321|2615|2687|2697|3075|3486|3488|3490|3671|3672|3679|3910|3911|3977|4015|4053|4060|4094|4239|4256|4811|4837|5066|5069|5137|5176|5307|5327|5328|5742|5764|6299|6356|6387|6422|6515|6542|6781|7010|7049|7052|7078|7122|7123|7373|7474|7837|8490|8633|8722|8728|8829|9411|9547|9891|10082|10351|10417|10468|10516|10630|10631|10752|10763|11075|11096|11167|11170|22801|23213|23284|25878|27115|27151|50515|51313|53947|54510|54674|56034|56944|56967|56975|57007|57616|79772|79827|80310|80760|80781|81035|83604|83716|83857|84168|85449|115361|151887|169611|196792|256691|387763,ACTA2|AEBP1|ALDH1A3|ANGPT1|ANXA1|BGN|SERPING1|CDH5|CDH6|CDH13|COL3A1|COL6A3|COL15A1|VCAN|DCN|EDNRB|FBLN1|EFEMP1|FHL1|FOXF1|FLT1|LRRC32|GGT5|GJA1|CFH|IGFBP3|IGFBP5|IGFBP7|ISLR|ITGA1|ITGA7|LAMA4|LAMA5|LIFR|LOX|LTBP2|LUM|MAF|MFAP4|MGP|NID1|NNMT|PAM|PAPPA|PDE1C|SERPINF1|PITX1|PLAT|PLAU|PTGS1|PTN|SALL1|CCL11|CXCL12|SFRP1|SLC2A3|SLC7A2|STC1|TEK|TGFBR3|TGM2|TIMP3|CLDN5|CLEC3B|COL14A1|WNT5A|PXDN|RGS5|UNC5C|CTSF|ADAM19|NRP1|ARHGAP29|CXCL14|NUAK1|GPC6|ABCA8|SPON2|FST|FBLN5|PDPN|POSTN|CHL1|NES|STMN2|ADAMTS5|FSTL1|FAM107A|ITGA11|SULF1|ADGRL3|MXRA5|PDE7B|CPAMD8|CHST11|GASK1B|A4GALT|PCDH18|LRRN3|PDGFC|OLFML3|C14orf132|FAM20C|ACKR3|TSHZ3|MCTP1|CLMP|PDGFD|ITIH5|COL18A1|COLEC12|TMEM47|CRISPLD2|TMTC1|ANTXR1|KIAA1755|GBP4|CCDC80|OLFML2A|FAM24B|MAMDC2|C11orf96,-72,0
1,-63,M41675,M1,1,0,Cell Type Signatures,7,TRAVAGLINI LUNG ADVENTITIAL FIBROBLAST CELL,,-63,10,28,30293,296,879,88,10,1,220|301|718|730|1263|1281|1293|1545|1601|1634|1843|2012|2192|2202|2252|2512|2619|3037|3075|3164|3487|3491|3671|3726|3939|4015|4016|4060|4147|4256|4495|4609|4837|4907|4958|4969|5010|5176|5292|5327|5328|5329|5360|5740|6277|6281|6387|6422|6423|6424|6498|6590|7058|7123|8519|8722|8829|9021|9052|9194|9467|9547|9590|10350|10351|10512|10516|10630|11167|23017|25891|28959|50863|51330|54206|56944|57007|57124|79827|79987|80176|81035|84870|127435|151887|157506|221091|387758,ALDH1A3|ANXA1|C3|C7|PLK3|COL3A1|COL6A3|CYP1B1|DAB2|DCN|DUSP1|EMP1|FBLN1|EFEMP1|FGF7|FTL|GAS1|HAS2|CFH|NR4A1|IGFBP4|CCN1|ISLR|JUNB|LDHA|LOX|LOXL1|LUM|MATN2|MGP|MT1G|MYC|NNMT|NT5E|OMD|OGN|CLDN11|SERPINF1|PIM1|PLAT|PLAU|PLAUR|PLTP|PTGIS|S100A6|S100A10|CXCL12|SFRP1|SFRP2|SFRP4|SKIL|SLPI|THBS2|CLEC3B|IFITM1|CTSF|NRP1|SOCS3|GPRC5A|SLC16A7|SH3BP5|CXCL14|AKAP12|ABCA9|ABCA8|SEMA3C|FBLN5|PDPN|FSTL1|FAIM2|PAMR1|TMEM176B|NTM|TNFRSF12A|ERRFI1|OLFML3|ACKR3|CD248|CLMP|SVEP1|SPSB1|COLEC12|RSPO3|PODN|CCDC80|RDH10|LRRN4CL|FIBIN,-59,0
1,-55,M39050,M1,1,0,Cell Type Signatures,7,MANNO MIDBRAIN NEUROTYPES HPERIC,,-55,5.4,22,30293,795,879,125,14,1.2,19|59|285|633|677|710|861|864|1004|1052|1240|1281|1634|1728|1827|1832|1839|1959|2034|2151|2296|2326|2615|2621|2687|2817|2977|2983|3075|3090|3164|3280|3487|3490|3491|3672|3676|3726|3910|4017|4060|4256|4502|4609|4616|4638|4811|4853|5205|5216|5293|5327|5329|5351|5360|5764|6004|6355|6515|6529|6558|6876|6913|7026|7040|7130|7545|7837|8038|8407|8490|8519|8654|8840|9021|9037|9180|9411|9518|9590|9644|10019|10252|10350|10417|10628|11167|11343|11346|22795|22801|23092|25878|25891|27115|27242|51129|51334|54510|54596|55603|55890|56937|56944|57124|57509|63923|64386|79987|80760|80781|81035|81578|83643|83716|84107|84168|91010|116496|150094|169611|219699|283298|340061|387763,ABCA1|ACTA2|ANGPT2|BGN|ZFP36L1|SERPING1|RUNX1|RUNX3|CDH6|CEBPD|CMKLR1|COL3A1|DCN|NQO1|RCAN1|DSP|HBEGF|EGR2|EPAS1|F2RL2|FOXC1|FMO1|LRRC32|GAS6|GGT5|GPC1|GUCY1A2|GUCY1B1|CFH|HIC1|NR4A1|HES1|IGFBP4|IGFBP7|CCN1|ITGA1|ITGA4|JUNB|LAMA4|LOXL2|LUM|MGP|MT2A|MYC|GADD45B|MYLK|NID1|NOTCH2|ATP8B1|PFN1|PIK3CD|PLAT|PLAUR|PLOD1|PLTP|PTN|RGS16|CCL8|SLC2A3|SLC6A1|SLC12A2|TAGLN|TBX15|NR2F2|TGFB1|TNFAIP6|ZIC1|PXDN|ADAM12|TAGLN2|RGS5|IFITM1|PDE5A|CCN4|SOCS3|SEMA5A|OSMR|ARHGAP29|GDF15|AKAP12|SH3PXD2A|SH2B3|SPRY1|ABCA9|SPON2|TXNIP|FSTL1|MGLL|SYNPO|NID2|ITGA11|ARHGAP26|MXRA5|PAMR1|PDE7B|TNFRSF21|ANGPTL4|PRR16|PCDH18|L1TD1|TENT5A|GPRC5C|PMEPA1|OLFML3|CD248|MTUS1|TNN|MMP25|SVEP1|ITIH5|COL18A1|COLEC12|COL21A1|CCDC3|CRISPLD2|ZIC4|ANTXR1|FMNL3|NIBAN1|SIK1|OLFML2A|UNC5B|OLFML1|STING1|C11orf96,-51,0
1,-47,M39122,M1,1,0,Cell Type Signatures,7,AIZARANI LIVER C21 STELLATE CELLS 1,,-47,11,25,30293,194,879,63,7.2,0.87,59|165|288|633|677|730|1052|1281|1293|1465|1490|1634|1910|2012|2034|2192|2202|2273|2687|3075|3486|3487|3488|3490|3491|3726|4060|4082|4147|4239|4256|4609|4638|5010|5054|5176|5730|5764|5999|6004|6387|6422|7025|7026|7057|7058|7078|7373|7431|8870|9021|9509|10082|10370|10516|10602|11167|56944|83643|83716|84168|151887|387763,ACTA2|AEBP1|ANK3|BGN|ZFP36L1|C7|CEBPD|COL3A1|COL6A3|CSRP1|CCN2|DCN|EDNRB|EMP1|EPAS1|FBLN1|EFEMP1|FHL1|GGT5|CFH|IGFBP3|IGFBP4|IGFBP5|IGFBP7|CCN1|JUNB|LUM|MARCKS|MATN2|MFAP4|MGP|MYC|MYLK|CLDN11|SERPINE1|SERPINF1|PTGDS|PTN|RGS4|RGS16|CXCL12|SFRP1|NR2F1|NR2F2|THBS1|THBS2|TIMP3|COL14A1|VIM|IER3|SOCS3|ADAMTS2|GPC6|CITED2|FBLN5|CDC42EP3|FSTL1|OLFML3|CCDC3|CRISPLD2|ANTXR1|CCDC80|C11orf96,-44,0
1,-45,M39264,M1,1,0,Cell Type Signatures,7,HU FETAL RETINA FIBROBLAST,,-45,7.3,21,30293,385,879,81,9.2,0.98,165|284|633|677|894|1052|1266|1281|1293|1462|1490|1592|1601|1634|2045|2192|2201|2263|2296|3037|3090|3280|3487|3488|3490|3491|3726|3910|4017|4060|4232|4239|4502|4616|4811|4853|4969|5216|5307|5764|6281|6382|6387|6515|7026|7052|7168|7184|7402|7837|8091|8613|8854|9021|9411|10154|10468|10602|10628|11167|23213|25805|25878|29116|54510|56265|56944|57124|79026|79822|79827|79971|80274|81578|84168|84870|115207|151887|283298|284217|340061,AEBP1|ANGPT1|BGN|ZFP36L1|CCND2|CEBPD|CNN3|COL3A1|COL6A3|VCAN|CCN2|CYP26A1|DAB2|DCN|EPHA7|FBLN1|FBN2|FGFR2|FOXC1|HAS2|HIC1|HES1|IGFBP4|IGFBP5|IGFBP7|CCN1|JUNB|LAMA4|LOXL2|LUM|MEST|MFAP4|MT2A|GADD45B|NID1|NOTCH2|OGN|PFN1|PITX1|PTN|S100A10|SDC1|CXCL12|SLC2A3|NR2F2|TGM2|TPM1|HSP90B1|UTRN|PXDN|HMGA2|PLPP3|ALDH1A2|SOCS3|ARHGAP29|PLXNC1|FST|CDC42EP3|TXNIP|FSTL1|SULF1|BAMBI|MXRA5|MYLIP|PCDH18|CPXM1|OLFML3|CD248|AHNAK|ARHGAP28|CLMP|WLS|SCUBE1|COL21A1|ANTXR1|RSPO3|KCTD12|CCDC80|OLFML1|LAMA1|STING1,-41,0
1,-43,M39056,M1,1,0,Cell Type Signatures,7,MANNO MIDBRAIN NEUROTYPES HRGL3,,-43,5.7,20,30293,574,879,95,11,1,301|677|1012|1191|1295|1490|1634|1910|2195|2202|2302|2334|2697|3037|3280|3485|3488|3491|3776|3800|3977|4023|4232|4853|4897|5033|5066|5137|5352|5360|5992|6299|6319|6423|6529|6657|6662|6695|7033|7040|7078|7431|7474|7881|8407|8613|8641|8829|9256|9388|9516|10351|10516|10611|10630|10763|11167|23209|23213|23462|24147|27092|29995|51232|51313|51473|54212|54477|54674|54769|54796|55240|55790|55890|56034|57568|79026|79971|80760|80781|81035|81706|83604|84168|84623|84870|91653|92293|115207|120114|167410|202151|220296|256691|387758,ANXA1|ZFP36L1|CDH13|CLU|COL8A1|CCN2|DCN|EDNRB|FAT1|EFEMP1|FOXJ1|AFF2|GJA1|HAS2|HES1|IGFBP2|IGFBP5|CCN1|KCNK2|KIF5C|LIFR|LPL|MEST|NOTCH2|NRCAM|P4HA1|PAM|PDE1C|PLOD2|PLTP|RFX4|SALL1|SCD|SFRP2|SLC6A1|SOX2|SOX9|SPOCK1|TFF3|TGFB1|TIMP3|VIM|WNT5A|KCNAB1|TAGLN2|PLPP3|PCDHGB4|NRP1|TSPOAP1|LIPG|LITAF|ABCA8|FBLN5|PDLIM5|PDPN|NES|FSTL1|MLC1|SULF1|HEY1|FJX1|CACNG4|LMCD1|CRIM1|GASK1B|DCDC2|SNTG1|PLEKHA5|LRRN3|DIRAS2|BNC2|STEAP3|CSGALNACT1|GPRC5C|PDGFC|SIPA1L2|AHNAK|WLS|ITIH5|COL18A1|COLEC12|PPP1R14C|TMEM47|ANTXR1|KIRREL3|RSPO3|BOC|TMEM132C|KCTD12|FAT3|LIX1|RANBP3L|HEPACAM|MAMDC2|FIBIN,-40,0
1,-43,M39128,M1,1,0,Cell Type Signatures,7,AIZARANI LIVER C29 MVECS 2,,-43,7.9,21,30293,313,879,72,8.2,0.92,301|633|730|1003|1281|1295|1465|1490|1839|1906|2012|2034|2247|2296|2321|2615|2697|2823|3091|3486|3487|3490|3491|3569|3977|4147|4256|4609|4739|4958|5054|5360|5730|5740|5742|6281|6578|6781|7010|7025|7026|7049|7052|7075|7078|7122|7123|7431|7980|8407|8613|9021|9052|9537|9590|10252|10397|10602|10611|10631|11170|11346|30844|51232|57007|64123|79026|83604|83857|84870|115207|387763,ANXA1|BGN|C7|CDH5|COL3A1|COL8A1|CSRP1|CCN2|HBEGF|EDN1|EMP1|EPAS1|FGF2|FOXC1|FLT1|LRRC32|GJA1|GPM6A|HIF1A|IGFBP3|IGFBP4|IGFBP7|CCN1|IL6|LIFR|MATN2|MGP|MYC|NEDD9|OMD|SERPINE1|PLTP|PTGDS|PTGIS|PTGS1|S100A10|SLCO2A1|STC1|TEK|NR2F1|NR2F2|TGFBR3|TGM2|TIE1|TIMP3|CLDN5|CLEC3B|VIM|TFPI2|TAGLN2|PLPP3|SOCS3|GPRC5A|TP53I11|AKAP12|SPRY1|NDRG1|CDC42EP3|PDLIM5|POSTN|FAM107A|SYNPO|EHD4|CRIM1|ACKR3|ADGRL4|AHNAK|TMEM47|TMTC1|RSPO3|KCTD12|C11orf96,-39,0
1,-40,M40167,M1,1,0,Cell Type Signatures,7,DESCARTES FETAL CEREBRUM VASCULAR ENDOTHELIAL CELLS,,-40,5.4,19,30293,585,879,92,10,1,59|285|301|633|710|864|1003|1004|1030|1281|1490|1634|1728|1832|1906|2034|2150|2151|2294|2296|2326|2355|2615|2624|2687|3075|3090|3487|3490|3672|3676|3759|4060|4487|4502|4651|5205|5351|6281|6387|6513|6540|6578|6876|6899|6913|7010|7052|7071|7075|7123|7262|8140|8490|8519|8614|9021|9180|9411|10350|10417|11167|22801|25878|27286|28959|29995|51129|53947|54510|54596|55890|57105|57124|63923|64123|64220|64321|79026|80320|80760|80781|83643|84858|131583|150094|169611|219699|283298|340527|387763|388125,ACTA2|ANGPT2|ANXA1|BGN|SERPING1|RUNX3|CDH5|CDH6|CDKN2B|COL3A1|CCN2|DCN|NQO1|DSP|EDN1|EPAS1|F2RL1|F2RL2|FOXF1|FOXC1|FMO1|FOSL2|LRRC32|GATA2|GGT5|CFH|HIC1|IGFBP4|IGFBP7|ITGA1|ITGA4|KCNJ2|LUM|MSX1|MT2A|MYO10|ATP8B1|PLOD1|S100A10|CXCL12|SLC2A1|SLC6A13|SLCO2A1|TAGLN|TBX1|TBX15|TEK|TGM2|KLF10|TIE1|CLEC3B|PHLDA2|SLC7A5|RGS5|IFITM1|STC2|SOCS3|OSMR|ARHGAP29|ABCA9|SPON2|FSTL1|ITGA11|MXRA5|SRPX2|TMEM176B|LMCD1|ANGPTL4|A4GALT|PCDH18|L1TD1|GPRC5C|CYSLTR2|CD248|TNN|ADGRL4|STRA6|SOX17|AHNAK|SP6|ITIH5|COL18A1|CCDC3|ZNF503|FAM43A|SIK1|OLFML2A|UNC5B|OLFML1|NHSL2|C11orf96|C2CD4B,-36,0
1,-39,M39055,M1,1,0,Cell Type Signatures,7,MANNO MIDBRAIN NEUROTYPES HRGL2A,,-39,5.3,18,30293,600,879,92,10,1,655|677|1012|1191|1295|1301|1490|1501|1910|1959|2006|2012|2173|2195|2202|2273|2302|2334|2670|2697|2817|2823|3037|3280|3371|3485|3491|3638|3730|3910|3955|3977|4239|4685|4853|5033|5137|5270|5360|5992|6299|6319|6414|6422|6423|6424|6656|6657|6662|7078|7431|7852|8407|8613|8641|9388|9516|9627|10252|10611|10630|23024|23209|25817|29995|51050|51313|54437|54674|55790|56884|64093|79026|79192|79772|79971|83539|83604|83733|84168|84623|84631|91653|92211|115207|120114|157638|167410|202151|203447|220296|256691,BMP7|ZFP36L1|CDH13|CLU|COL8A1|COL11A1|CCN2|CTNND2|EDNRB|EGR2|ELN|EMP1|FABP7|FAT1|EFEMP1|FHL1|FOXJ1|AFF2|GFAP|GJA1|GPC1|GPM6A|HAS2|HES1|TNC|IGFBP2|CCN1|INSIG1|ANOS1|LAMA4|LFNG|LIFR|MFAP4|NCAM2|NOTCH2|P4HA1|PDE1C|SERPINE2|PLTP|RFX4|SALL1|SCD|SELENOP|SFRP1|SFRP2|SFRP4|SOX1|SOX2|SOX9|TIMP3|VIM|CXCR4|TAGLN2|PLPP3|PCDHGB4|LIPG|LITAF|SNCAIP|SPRY1|PDLIM5|PDPN|PDZRN3|MLC1|TAFA5|LMCD1|PI15|GASK1B|SEMA5B|LRRN3|CSGALNACT1|FSTL5|SMOC1|AHNAK|IRX1|MCTP1|WLS|CHST9|TMEM47|SLC25A18|ANTXR1|KIRREL3|SLITRK2|BOC|CDHR1|KCTD12|FAT3|LRATD2|LIX1|RANBP3L|NRK|HEPACAM|MAMDC2,-36,0
1,-39,M40292,M1,1,0,Cell Type Signatures,7,DESCARTES FETAL SPLEEN MESOTHELIAL CELLS,,-39,9.9,22,30293,195,879,56,6.4,0.82,301|1295|1843|1993|2202|2294|2619|2697|3569|3675|3726|3855|3911|4094|4256|4868|4958|4969|5069|5327|5493|5740|6004|6281|6423|6590|7025|7138|7474|8553|8707|8870|9021|9464|10216|10397|10512|10630|11095|11096|23114|23213|23284|50937|54796|55203|56142|64399|84870|113146|147381|170689|223117|342527|386617|404217,ANXA1|COL8A1|DUSP1|ELAVL2|EFEMP1|FOXF1|GAS1|GJA1|IL6|ITGA3|JUNB|KRT7|LAMA5|MAF|MGP|NPHS1|OMD|OGN|PAPPA|PLAT|PPL|PTGIS|RGS16|S100A10|SFRP2|SLPI|NR2F1|TNNT1|WNT5A|BHLHE40|B3GALT2|IER3|SOCS3|HAND2|PRG4|NDRG1|SEMA3C|PDPN|ADAMTS8|ADAMTS5|NFASC|SULF1|ADGRL3|CDON|BNC2|LGI2|PCDHA6|HHIP|RSPO3|AHNAK2|CBLN2|ADAMTS15|SEMA3D|SMTNL2|KCTD8|CTXN1,-36,0
1,-38,M39176,M1,1,0,Cell Type Signatures,7,MURARO PANCREAS ENDOTHELIAL CELL,,-38,6.9,19,30293,362,879,72,8.2,0.92,285|624|633|1003|1306|1545|1601|1728|2012|2034|2321|2615|2624|3487|3490|3672|3673|3728|3910|3977|4091|4092|4312|4487|4638|4739|4811|4858|5054|5214|6387|6446|6515|6578|6624|6781|7010|7046|7057|7075|7402|7431|7837|7852|8490|8519|8613|8829|9021|9411|9537|10019|10417|11031|11082|11167|11346|23263|23462|30844|51313|55920|56937|64123|83604|84858|91010|115361|131583|169611|219699|340061,ANGPT2|BDKRB2|BGN|CDH5|COL15A1|CYP1B1|DAB2|NQO1|EMP1|EPAS1|FLT1|LRRC32|GATA2|IGFBP4|IGFBP7|ITGA1|ITGA2|JUP|LAMA4|LIFR|SMAD6|SMAD7|MMP1|MSX1|MYLK|NEDD9|NID1|NOVA2|SERPINE1|PFKP|CXCL12|SGK1|SLC2A3|SLCO2A1|FSCN1|STC1|TEK|TGFBR1|THBS1|TIE1|UTRN|VIM|PXDN|CXCR4|RGS5|IFITM1|PLPP3|NRP1|SOCS3|ARHGAP29|TP53I11|SH2B3|SPON2|RAB31|ESM1|FSTL1|SYNPO|MCF2L|HEY1|EHD4|GASK1B|RCC2|PMEPA1|ADGRL4|TMEM47|ZNF503|FMNL3|GBP4|FAM43A|OLFML2A|UNC5B|STING1,-35,0
1,-38,M39040,M1,1,0,Cell Type Signatures,7,FAN EMBRYONIC CTX BRAIN ENDOTHELIAL 2,,-38,7.5,20,30293,303,879,66,7.5,0.89,165|633|710|1004|1266|1281|1634|2034|2192|2615|2687|2977|2983|3075|3280|3490|3672|3676|3910|4060|4638|4811|5351|5764|6529|6558|6876|7025|7026|7078|7431|7545|7837|8038|8407|8490|8519|8654|9037|9411|9590|10252|10417|11167|11343|22795|22801|27115|27242|50863|51129|54477|54510|54757|55890|57124|64094|79658|80760|80781|81035|83643|151887|169611|219699|387763,AEBP1|BGN|SERPING1|CDH6|CNN3|COL3A1|DCN|EPAS1|FBLN1|LRRC32|GGT5|GUCY1A2|GUCY1B1|CFH|HES1|IGFBP7|ITGA1|ITGA4|LAMA4|LUM|MYLK|NID1|PLOD1|PTN|SLC6A1|SLC12A2|TAGLN|NR2F1|NR2F2|TIMP3|VIM|ZIC1|PXDN|ADAM12|TAGLN2|RGS5|IFITM1|PDE5A|SEMA5A|ARHGAP29|AKAP12|SPRY1|SPON2|FSTL1|MGLL|NID2|ITGA11|PDE7B|TNFRSF21|NTM|ANGPTL4|PLEKHA5|PCDH18|FAM20A|GPRC5C|CD248|SMOC2|ARHGAP10|ITIH5|COL18A1|COLEC12|CCDC3|CCDC80|OLFML2A|UNC5B|C11orf96,-34,0
1,-37,M39274,M1,1,0,Cell Type Signatures,7,DURANTE ADULT OLFACTORY NEUROEPITHELIUM FIBROBLASTS STROMAL CELLS,,-37,16,24,30293,82,879,39,4.4,0.69,59|165|633|710|1281|1545|1634|2192|2252|2624|2697|3487|3488|3490|3491|4060|4239|4256|4681|5010|5083|5176|5764|5919|6356|6414|6422|6423|6876|7026|7052|7168|7431|8613|9590|10351|10631|11010|83643,ACTA2|AEBP1|BGN|SERPING1|COL3A1|CYP1B1|DCN|FBLN1|FGF7|GATA2|GJA1|IGFBP4|IGFBP5|IGFBP7|CCN1|LUM|MFAP4|MGP|NBL1|CLDN11|PAX9|SERPINF1|PTN|RARRES2|CCL11|SELENOP|SFRP1|SFRP2|TAGLN|NR2F2|TGM2|TPM1|VIM|PLPP3|AKAP12|ABCA8|POSTN|GLIPR1|CCDC3,-34,0
1,-37,M41708,M1,1,0,Cell Type Signatures,7,FAN OVARY CL6 PUTATIVE EARLY ATRETIC FOLLICLE THECAL CELL 2,,-37,7.5,19,30293,300,879,65,7.4,0.88,59|165|633|677|710|730|1052|1281|1293|1465|1634|1843|2192|3075|3164|3176|3280|3486|3487|3488|3491|3726|4060|4129|4147|4239|4256|4616|4638|4681|4969|5010|5176|5178|5360|5919|6277|6387|6414|6424|6446|6876|7026|7071|7168|7431|8613|8722|8870|9021|9467|9590|10351|10417|10628|10659|11167|28959|54541|55603|56265|56944|64094|80781|151887,ACTA2|AEBP1|BGN|ZFP36L1|SERPING1|C7|CEBPD|COL3A1|COL6A3|CSRP1|DCN|DUSP1|FBLN1|CFH|NR4A1|HNMT|HES1|IGFBP3|IGFBP4|IGFBP5|CCN1|JUNB|LUM|MAOB|MATN2|MFAP4|MGP|GADD45B|MYLK|NBL1|OGN|CLDN11|SERPINF1|PEG3|PLTP|RARRES2|S100A6|CXCL12|SELENOP|SFRP4|SGK1|TAGLN|NR2F2|KLF10|TPM1|VIM|PLPP3|CTSF|IER3|SOCS3|SH3BP5|AKAP12|ABCA8|SPON2|TXNIP|CELF2|FSTL1|TMEM176B|DDIT4|TENT5A|CPXM1|OLFML3|SMOC2|COL18A1|CCDC80,-34,0
1,-36,M40158,M1,1,0,Cell Type Signatures,7,DESCARTES FETAL CEREBELLUM VASCULAR ENDOTHELIAL CELLS,,-36,4.9,17,30293,632,879,90,10,1,59|285|301|633|864|1003|1004|1030|1281|1465|1490|1832|1906|2034|2150|2151|2294|2296|2321|2326|2355|2615|2624|2687|3075|3090|3280|3339|3487|3490|3491|3672|3759|4487|4651|4811|5054|5205|5351|6281|6513|6540|6578|6876|6899|7010|7052|7071|7075|7122|7123|8140|8407|8490|8492|8519|8553|8614|9180|9411|11167|22801|25891|27286|29995|51129|54510|54596|55890|57105|57124|63923|64123|64220|64321|64386|79026|80320|80760|80781|83643|84858|115361|131583|145781|147495|169611|219699|283298|388125,ACTA2|ANGPT2|ANXA1|BGN|RUNX3|CDH5|CDH6|CDKN2B|COL3A1|CSRP1|CCN2|DSP|EDN1|EPAS1|F2RL1|F2RL2|FOXF1|FOXC1|FLT1|FMO1|FOSL2|LRRC32|GATA2|GGT5|CFH|HIC1|HES1|HSPG2|IGFBP4|IGFBP7|CCN1|ITGA1|KCNJ2|MSX1|MYO10|NID1|SERPINE1|ATP8B1|PLOD1|S100A10|SLC2A1|SLC6A13|SLCO2A1|TAGLN|TBX1|TEK|TGM2|KLF10|TIE1|CLDN5|CLEC3B|SLC7A5|TAGLN2|RGS5|PRSS12|IFITM1|BHLHE40|STC2|OSMR|ARHGAP29|FSTL1|ITGA11|PAMR1|SRPX2|LMCD1|ANGPTL4|PCDH18|L1TD1|GPRC5C|CYSLTR2|CD248|TNN|ADGRL4|STRA6|SOX17|MMP25|AHNAK|SP6|ITIH5|COL18A1|CCDC3|ZNF503|GBP4|FAM43A|GCOM1|APCDD1|OLFML2A|UNC5B|OLFML1|C2CD4B,-32,0
1,-34,M40313,M1,1,0,Cell Type Signatures,7,DESCARTES FETAL THYMUS STROMAL CELLS,,-34,11,21,30293,137,879,45,5.1,0.74,633|710|718|1281|1462|1634|2006|2192|2201|2331|2619|3488|3671|3730|4015|4060|4232|4239|4256|4684|4685|4969|5270|5327|6277|6422|6423|7058|7373|8038|10512|10630|10631|11096|11167|25878|51050|55603|56944|57124|64641|84858|151887|170689|284207,BGN|SERPING1|C3|COL3A1|VCAN|DCN|ELN|FBLN1|FBN2|FMOD|GAS1|IGFBP5|ISLR|ANOS1|LOX|LUM|MEST|MFAP4|MGP|NCAM1|NCAM2|OGN|SERPINE2|PLAT|S100A6|SFRP1|SFRP2|THBS2|COL14A1|ADAM12|SEMA3C|PDPN|POSTN|ADAMTS5|FSTL1|MXRA5|PI15|TENT5A|OLFML3|CD248|EBF2|ZNF503|CCDC80|ADAMTS15|METRNL,-31,0
1,-34,M39300,M1,1,0,Cell Type Signatures,7,CUI DEVELOPING HEART C3 FIBROBLAST LIKE CELL,,-34,12,21,30293,117,879,42,4.8,0.72,710|730|1293|1306|1490|1634|2006|2192|3490|3671|3910|4015|4060|4147|4232|4239|4256|4811|4969|5176|5178|5270|5764|6387|7058|7373|9509|9590|10082|10252|10351|10417|10516|11167|54510|56944|64094|64641|81578|115207|203447|283298,SERPING1|C7|COL6A3|COL15A1|CCN2|DCN|ELN|FBLN1|IGFBP7|ISLR|LAMA4|LOX|LUM|MATN2|MEST|MFAP4|MGP|NID1|OGN|SERPINF1|PEG3|SERPINE2|PTN|CXCL12|THBS2|COL14A1|ADAMTS2|AKAP12|GPC6|SPRY1|ABCA8|SPON2|FBLN5|FSTL1|PCDH18|OLFML3|SMOC2|EBF2|COL21A1|KCTD12|NRK|OLFML1,-31,0
1,-33,M40151,M1,1,0,Cell Type Signatures,7,DESCARTES FETAL ADRENAL STROMAL CELLS,,-33,10,20,30293,153,879,46,5.2,0.75,59|729|730|1281|1293|1545|1634|2252|2326|2331|2706|3486|3569|3671|4015|4060|4223|4256|4969|5010|6423|6876|7058|7490|8840|10631|22801|23213|25878|25891|27286|51050|54510|57124|64399|84870|91156|93649|117581|127435|140766|151887|158326|170689|253738|283298,ACTA2|C6|C7|COL3A1|COL6A3|CYP1B1|DCN|FGF7|FMO1|FMOD|GJB2|IGFBP3|IL6|ISLR|LOX|LUM|MEOX2|MGP|OGN|CLDN11|SFRP2|TAGLN|THBS2|WT1|CCN4|POSTN|ITGA11|SULF1|MXRA5|PAMR1|SRPX2|PI15|PCDH18|CD248|HHIP|RSPO3|IGFN1|MYOCD|TWIST2|PODN|ADAMTS14|CCDC80|FREM1|ADAMTS15|EBF3|OLFML1,-30,0
1,-32,M39321,M1,1,0,Cell Type Signatures,7,CUI DEVELOPING HEART VASCULAR ENDOTHELIAL CELL,,-32,8.9,19,30293,193,879,50,5.7,0.78,445|633|1152|1191|2006|2202|2621|2624|2697|2921|3075|3485|3490|3726|4015|4053|4256|4616|4837|4958|5054|5142|5270|5730|5742|5764|5792|6422|6424|6425|6498|8490|8553|10516|10602|10628|10763|23213|27151|51050|51232|51313|54541|55603|57509|80310|113146|147381|150094|284207,ASS1|BGN|CKB|CLU|ELN|EFEMP1|GAS6|GATA2|GJA1|CXCL3|CFH|IGFBP2|IGFBP7|JUNB|LOX|LTBP2|MGP|GADD45B|NNMT|OMD|SERPINE1|PDE4B|SERPINE2|PTGDS|PTGS1|PTN|PTPRF|SFRP1|SFRP4|SFRP5|SKIL|RGS5|BHLHE40|FBLN5|CDC42EP3|TXNIP|NES|SULF1|CPAMD8|PI15|CRIM1|GASK1B|DDIT4|TENT5A|MTUS1|PDGFD|AHNAK2|CBLN2|SIK1|METRNL,-29,0
1,-32,M39152,M1,1,0,Cell Type Signatures,7,GAO LARGE INTESTINE 24W C1 DCLK1POS PROGENITOR,,-32,13,21,30293,99,879,38,4.3,0.69,710|718|730|1281|1295|1462|1634|1902|2192|3671|4015|4060|4147|4256|4609|4837|4969|5010|5176|6422|6423|7058|7130|7373|9509|10082|10417|10630|25891|56265|79987|81035|84627|91653|114904|115908|151887|283298,SERPING1|C3|C7|COL3A1|COL8A1|VCAN|DCN|LPAR1|FBLN1|ISLR|LOX|LUM|MATN2|MGP|MYC|NNMT|OGN|CLDN11|SERPINF1|SFRP1|SFRP2|THBS2|TNFAIP6|COL14A1|ADAMTS2|GPC6|SPON2|PDPN|PAMR1|CPXM1|SVEP1|COLEC12|ZNF469|BOC|C1QTNF6|CTHRC1|CCDC80|OLFML1,-29,0
1,-32,M39302,M1,1,0,Cell Type Signatures,7,CUI DEVELOPING HEART C5 VALVAR CELL,,-32,8.5,19,30293,208,879,51,5.8,0.79,165|633|1191|1462|1545|1959|2006|2273|2331|3164|3280|3488|3726|4045|4053|4147|4239|4256|4345|4502|4616|4739|4897|5010|5176|5999|6277|6281|6424|6662|6876|7057|7078|7130|7837|8490|8613|8618|8870|9021|25878|25891|29995|54206|58480|79633|92293|147495|151887|387758|387763,AEBP1|BGN|CLU|VCAN|CYP1B1|EGR2|ELN|FHL1|FMOD|NR4A1|HES1|IGFBP5|JUNB|LSAMP|LTBP2|MATN2|MFAP4|MGP|CD200|MT2A|GADD45B|NEDD9|NRCAM|CLDN11|SERPINF1|RGS4|S100A6|S100A10|SFRP4|SOX9|TAGLN|THBS1|TIMP3|TNFAIP6|PXDN|RGS5|PLPP3|CADPS|IER3|SOCS3|MXRA5|PAMR1|LMCD1|ERRFI1|RHOU|FAT4|TMEM132C|APCDD1|CCDC80|FIBIN|C11orf96,-29,0
1,-32,M39113,M1,1,0,Cell Type Signatures,7,AIZARANI LIVER C9 LSECS 1,,-32,6.8,18,30293,304,879,60,6.8,0.85,285|1003|1012|1266|1906|2012|2034|2273|2321|2355|3090|3091|3280|3490|3977|4082|4091|4094|4281|4651|4811|4858|5360|6446|6515|6624|6781|7025|7026|7049|7052|7075|7078|7184|7837|7980|8553|8613|8829|9021|9180|9411|9537|9590|9891|10252|10894|11170|23092|23263|23670|51129|51232|57007|59277|64123|84969|115361|131583|387763,ANGPT2|CDH5|CDH13|CNN3|EDN1|EMP1|EPAS1|FHL1|FLT1|FOSL2|HIC1|HIF1A|HES1|IGFBP7|LIFR|MARCKS|SMAD6|MAF|MID1|MYO10|NID1|NOVA2|PLTP|SGK1|SLC2A3|FSCN1|STC1|NR2F1|NR2F2|TGFBR3|TGM2|TIE1|TIMP3|HSP90B1|PXDN|TFPI2|BHLHE40|PLPP3|NRP1|SOCS3|OSMR|ARHGAP29|TP53I11|AKAP12|NUAK1|SPRY1|LYVE1|FAM107A|ARHGAP26|MCF2L|CEMIP2|ANGPTL4|CRIM1|ACKR3|NTN4|ADGRL4|TOX2|GBP4|FAM43A|C11orf96,-29,0
1,-30,M40228,M1,1,0,Cell Type Signatures,7,DESCARTES FETAL LIVER MESOTHELIAL CELLS,,-30,6.6,17,30293,310,879,59,6.7,0.84,768|780|1295|1296|1301|2006|2202|2296|2619|2621|2697|3488|3624|3675|3855|3911|3918|4015|4045|4223|4256|4681|4868|4969|5069|5493|5792|6281|6425|6590|6695|7138|7490|7980|8854|10512|10630|11281|23213|27115|27151|50937|54796|54972|57633|64094|81578|81832|84502|91653|92293|114795|147381|151887|170689|266727|342527|386617|404217,CA9|DDR1|COL8A1|COL8A2|COL11A1|ELN|EFEMP1|FOXC1|GAS1|GAS6|GJA1|IGFBP5|INHBA|ITGA3|KRT7|LAMA5|LAMC2|LOX|LSAMP|MEOX2|MGP|NBL1|NPHS1|OGN|PAPPA|PPL|PTPRF|S100A10|SFRP5|SLPI|SPOCK1|TNNT1|WT1|TFPI2|ALDH1A2|SEMA3C|PDPN|POU6F2|SULF1|PDE7B|CPAMD8|CDON|BNC2|TMEM132A|LRRN1|SMOC2|COL21A1|NETO1|JPH4|BOC|TMEM132C|TMEM132B|CBLN2|CCDC80|ADAMTS15|MDGA1|SMTNL2|KCTD8|CTXN1,-27,0
1,-30,M39114,M1,1,0,Cell Type Signatures,7,AIZARANI LIVER C10 MVECS 1,,-30,7,17,30293,269,879,55,6.3,0.82,730|1003|1306|1490|1906|1910|2012|2034|2296|2321|2615|2621|2697|3280|3487|3490|3726|3977|4091|4256|4739|5327|5730|6387|6446|6578|7010|7026|7049|7052|7075|7078|7122|7123|7431|8407|8553|8613|9021|9411|9537|9891|10252|10397|10602|10763|11170|11346|51232|51313|64123|64321|79572|83857|387763,C7|CDH5|COL15A1|CCN2|EDN1|EDNRB|EMP1|EPAS1|FOXC1|FLT1|LRRC32|GAS6|GJA1|HES1|IGFBP4|IGFBP7|JUNB|LIFR|SMAD6|MGP|NEDD9|PLAT|PTGDS|CXCL12|SGK1|SLCO2A1|TEK|NR2F2|TGFBR3|TGM2|TIE1|TIMP3|CLDN5|CLEC3B|VIM|TAGLN2|BHLHE40|PLPP3|SOCS3|ARHGAP29|TP53I11|NUAK1|SPRY1|NDRG1|CDC42EP3|NES|FAM107A|SYNPO|CRIM1|GASK1B|ADGRL4|SOX17|ATP13A3|TMTC1|C11orf96,-27,0
1,-30,M39039,M1,1,0,Cell Type Signatures,7,FAN EMBRYONIC CTX BRAIN ENDOTHELIAL 1,,-30,5.4,16,30293,440,879,69,7.8,0.91,285|301|1000|1003|1004|1266|1465|1728|1832|1906|2006|2034|2294|2296|2321|2687|2697|3280|3485|3487|3490|3491|3728|3910|3911|3977|4147|4254|4345|4502|4651|4811|5066|5142|6281|6513|6515|6578|7010|7052|7075|7122|7123|7402|7431|7547|7837|8140|8407|8492|8519|8553|9411|10098|10763|11167|22795|23462|29995|64123|64220|64321|64386|79026|115361|115908|131583|147495|219699,ANGPT2|ANXA1|CDH2|CDH5|CDH6|CNN3|CSRP1|NQO1|DSP|EDN1|ELN|EPAS1|FOXF1|FOXC1|FLT1|GGT5|GJA1|HES1|IGFBP2|IGFBP4|IGFBP7|CCN1|JUP|LAMA4|LAMA5|LIFR|MATN2|KITLG|CD200|MT2A|MYO10|NID1|PAM|PDE4B|S100A10|SLC2A1|SLC2A3|SLCO2A1|TEK|TGM2|TIE1|CLDN5|CLEC3B|UTRN|VIM|ZIC3|PXDN|SLC7A5|TAGLN2|PRSS12|IFITM1|BHLHE40|ARHGAP29|TSPAN5|NES|FSTL1|NID2|HEY1|LMCD1|ADGRL4|STRA6|SOX17|MMP25|AHNAK|GBP4|CTHRC1|FAM43A|APCDD1|UNC5B,-27,0
1,-30,M41745,M1,1,0,Cell Type Signatures,7,RUBENSTEIN SKELETAL MUSCLE FAP CELLS,,-30,8.9,18,30293,179,879,46,5.2,0.75,301|710|718|1281|1293|1306|1462|1601|1634|2012|2192|2202|2273|3075|3290|3339|3490|3671|4060|4082|4239|4256|4311|5176|5730|6277|6281|6387|6414|6424|7184|7431|8613|9068|9547|9590|10252|10350|10351|10417|10516|11167|57007|64094|127435|151887,ANXA1|SERPING1|C3|COL3A1|COL6A3|COL15A1|VCAN|DAB2|DCN|EMP1|FBLN1|EFEMP1|FHL1|CFH|HSD11B1|HSPG2|IGFBP7|ISLR|LUM|MARCKS|MFAP4|MGP|MME|SERPINF1|PTGDS|S100A6|S100A10|CXCL12|SELENOP|SFRP4|HSP90B1|VIM|PLPP3|ANGPTL1|CXCL14|AKAP12|SPRY1|ABCA9|ABCA8|SPON2|FBLN5|FSTL1|ACKR3|SMOC2|PODN|CCDC80,-27,0
1,-29,M41676,M1,1,0,Cell Type Signatures,7,TRAVAGLINI LUNG ALVEOLAR FIBROBLAST CELL,,-29,9.2,18,30293,164,879,44,5,0.74,284|301|710|1012|1240|1293|1295|1490|1843|2030|2273|2662|3290|3491|3671|3673|3910|4045|4060|4129|4239|4311|4685|5919|6303|7052|7078|8660|8829|9420|9516|9891|10216|10351|10516|11095|28959|29995|54674|56944|79987|81035|256691|387758,ANGPT1|ANXA1|SERPING1|CDH13|CMKLR1|COL6A3|COL8A1|CCN2|DUSP1|SLC29A1|FHL1|GDF10|HSD11B1|CCN1|ISLR|ITGA2|LAMA4|LSAMP|LUM|MAOB|MFAP4|MME|NCAM2|RARRES2|SAT1|TGM2|TIMP3|IRS2|NRP1|CYP7B1|LITAF|NUAK1|PRG4|ABCA8|FBLN5|ADAMTS8|TMEM176B|LMCD1|LRRN3|OLFML3|SVEP1|COLEC12|MAMDC2|FIBIN,-26,0
1,-27,M39054,M1,1,0,Cell Type Signatures,7,MANNO MIDBRAIN NEUROTYPES HRGL2B,,-27,5.2,15,30293,440,879,66,7.5,0.89,429|677|1012|1301|1501|1910|1959|2006|2195|2273|2302|2334|2637|2670|2697|2817|3037|3280|3371|3485|3491|3730|3911|3955|3977|4821|4853|5077|5137|5270|5454|5764|5992|6299|6319|6414|6423|6656|6657|6662|7078|7431|8613|9388|9516|9627|10611|10630|10763|23209|55790|57633|64093|79026|79192|79971|83733|84623|84631|90161|91653|120114|157638|167410|202151|220296,ASCL1|ZFP36L1|CDH13|COL11A1|CTNND2|EDNRB|EGR2|ELN|FAT1|FHL1|FOXJ1|AFF2|GBX2|GFAP|GJA1|GPC1|HAS2|HES1|TNC|IGFBP2|CCN1|ANOS1|LAMA5|LFNG|LIFR|NKX2-2|NOTCH2|PAX3|PDE1C|SERPINE2|POU3F2|PTN|RFX4|SALL1|SCD|SELENOP|SFRP2|SOX1|SOX2|SOX9|TIMP3|VIM|PLPP3|LIPG|LITAF|SNCAIP|PDLIM5|PDPN|NES|MLC1|CSGALNACT1|LRRN1|SMOC1|AHNAK|IRX1|WLS|SLC25A18|KIRREL3|SLITRK2|HS6ST2|BOC|FAT3|LRATD2|LIX1|RANBP3L|HEPACAM,-25,0
1,-27,M41750,M1,1,0,Cell Type Signatures,7,RUBENSTEIN SKELETAL MUSCLE FBN1 FAP CELLS,,-27,6.4,16,30293,289,879,54,6.1,0.81,220|301|710|718|1191|1281|1293|1462|1601|1634|2006|2192|2202|2273|2512|2619|3488|3491|3671|3939|4016|4082|4239|4256|4811|4853|5066|5176|5360|5740|6277|6281|6590|7049|7078|7373|7431|9590|10216|10376|10512|10516|10659|11096|11167|28959|50863|56944|57007|57124|79026|147495|151887|169611,ALDH1A3|ANXA1|SERPING1|C3|CLU|COL3A1|COL6A3|VCAN|DAB2|DCN|ELN|FBLN1|EFEMP1|FHL1|FTL|GAS1|IGFBP5|CCN1|ISLR|LDHA|LOXL1|MARCKS|MFAP4|MGP|NID1|NOTCH2|PAM|SERPINF1|PLTP|PTGIS|S100A6|S100A10|SLPI|TGFBR3|TIMP3|COL14A1|VIM|AKAP12|PRG4|TUBA1B|SEMA3C|FBLN5|CELF2|ADAMTS5|FSTL1|TMEM176B|NTM|OLFML3|ACKR3|CD248|AHNAK|APCDD1|CCDC80|OLFML2A,-24,0
1,-26,M39271,M1,1,0,Cell Type Signatures,7,HU FETAL RETINA RPE,,-26,6.3,16,30293,292,879,53,6,0.8,220|655|894|1295|1296|2006|2202|2263|2697|3488|3490|4016|4023|4853|5176|5360|5730|6422|6425|6446|6513|6540|6542|7078|7168|7402|7431|7837|7980|8091|8140|8553|8764|9388|9516|10512|10611|10630|11167|11170|23213|51232|51473|55890|56034|63976|64220|79971|80781|81035|84858|151887|157638,ALDH1A3|BMP7|CCND2|COL8A1|COL8A2|ELN|EFEMP1|FGFR2|GJA1|IGFBP5|IGFBP7|LOXL1|LPL|NOTCH2|SERPINF1|PLTP|PTGDS|SFRP1|SFRP5|SGK1|SLC2A1|SLC6A13|SLC7A2|TIMP3|TPM1|UTRN|VIM|PXDN|TFPI2|HMGA2|SLC7A5|BHLHE40|TNFRSF14|LIPG|LITAF|SEMA3C|PDLIM5|PDPN|FSTL1|FAM107A|SULF1|CRIM1|DCDC2|GPRC5C|PDGFC|PRDM16|STRA6|WLS|COL18A1|COLEC12|ZNF503|CCDC80|LRATD2,-23,0
1,-26,M41677,M1,1,0,Cell Type Signatures,7,TRAVAGLINI LUNG LIPOFIBROBLAST CELL,,-26,9.2,17,30293,146,879,39,4.4,0.69,220|677|718|730|1281|1545|2252|2697|3037|3487|3949|4502|4609|4837|5069|5176|5270|5292|5329|5999|6387|6446|7058|7490|7980|8519|9021|9052|9467|10630|50937|51050|54206|54796|56265|79572|84870|151887|157506,ALDH1A3|ZFP36L1|C3|C7|COL3A1|CYP1B1|FGF7|GJA1|HAS2|IGFBP4|LDLR|MT2A|MYC|NNMT|PAPPA|SERPINF1|SERPINE2|PIM1|PLAUR|RGS4|CXCL12|SGK1|THBS2|WT1|TFPI2|IFITM1|SOCS3|GPRC5A|SH3BP5|PDPN|CDON|PI15|ERRFI1|BNC2|CPXM1|ATP13A3|RSPO3|CCDC80|RDH10,-23,0
1,-26,M39074,M1,1,0,Cell Type Signatures,7,ZHONG PFC MAJOR TYPES ASTROCYTES,,-26,5.8,15,30293,325,879,55,6.3,0.82,655|677|780|1191|1266|1634|1734|1910|2006|2173|2195|2670|2697|3176|3280|3371|3487|3730|3977|4038|4211|4502|4651|4853|4907|5033|5270|5360|5764|5992|6319|6529|6657|6662|7078|7431|8613|9516|9547|10252|10611|10630|11031|11170|11343|23209|23462|54674|83733|84631|114795|140885|151887|157638|167410,BMP7|ZFP36L1|DDR1|CLU|CNN3|DCN|DIO2|EDNRB|ELN|FABP7|FAT1|GFAP|GJA1|HNMT|HES1|TNC|IGFBP4|ANOS1|LIFR|LRP4|MEIS1|MT2A|MYO10|NOTCH2|NT5E|P4HA1|SERPINE2|PLTP|PTN|RFX4|SCD|SLC6A1|SOX2|SOX9|TIMP3|VIM|PLPP3|LITAF|CXCL14|SPRY1|PDLIM5|PDPN|RAB31|FAM107A|MGLL|MLC1|HEY1|LRRN3|SLC25A18|SLITRK2|TMEM132B|SIRPA|CCDC80|LRATD2|LIX1,-23,0
1,-25,M39018,M1,1,0,Cell Type Signatures,7,FAN EMBRYONIC CTX BIG GROUPS BRAIN ENDOTHELIAL,,-25,5.5,15,30293,365,879,58,6.6,0.84,165|301|633|710|1003|1004|1281|1634|2034|2296|2321|2687|3280|3487|3490|3672|3910|4502|4811|5327|5351|6281|6513|6515|6558|6578|7010|7026|7052|7075|7078|7122|7123|7402|7431|8140|8407|8490|8519|8553|9037|9411|11167|11343|22795|27115|54510|56937|57124|64123|64220|80760|80781|81035|83643|147495|219699|340061,AEBP1|ANXA1|BGN|SERPING1|CDH5|CDH6|COL3A1|DCN|EPAS1|FOXC1|FLT1|GGT5|HES1|IGFBP4|IGFBP7|ITGA1|LAMA4|MT2A|NID1|PLAT|PLOD1|S100A10|SLC2A1|SLC2A3|SLC12A2|SLCO2A1|TEK|NR2F2|TGM2|TIE1|TIMP3|CLDN5|CLEC3B|UTRN|VIM|SLC7A5|TAGLN2|RGS5|IFITM1|BHLHE40|SEMA5A|ARHGAP29|FSTL1|MGLL|NID2|PDE7B|PCDH18|PMEPA1|CD248|ADGRL4|STRA6|ITIH5|COL18A1|COLEC12|CCDC3|APCDD1|UNC5B|STING1,-23,0
1,-25,M39121,M1,1,0,Cell Type Signatures,7,AIZARANI LIVER C20 LSECS 3,,-25,6.1,15,30293,295,879,52,5.9,0.8,1003|1601|2012|2034|2296|2321|2355|2615|3090|3091|3490|3977|4082|4281|4651|4811|5054|5329|5360|6446|6515|6781|7025|7049|7052|7075|7078|7837|7980|8553|8613|8614|8829|9021|9052|9180|9411|9590|10397|10894|11170|23092|23670|28231|51129|51232|57007|64123|64321|84969|131583|387763,CDH5|DAB2|EMP1|EPAS1|FOXC1|FLT1|FOSL2|LRRC32|HIC1|HIF1A|IGFBP7|LIFR|MARCKS|MID1|MYO10|NID1|SERPINE1|PLAUR|PLTP|SGK1|SLC2A3|STC1|NR2F1|TGFBR3|TGM2|TIE1|TIMP3|PXDN|TFPI2|BHLHE40|PLPP3|STC2|NRP1|SOCS3|GPRC5A|OSMR|ARHGAP29|AKAP12|NDRG1|LYVE1|FAM107A|ARHGAP26|CEMIP2|SLCO4A1|ANGPTL4|CRIM1|ACKR3|ADGRL4|SOX17|TOX2|FAM43A|C11orf96,-22,0
1,-25,M39303,M1,1,0,Cell Type Signatures,7,CUI DEVELOPING HEART C6 EPICARDIAL CELL,,-25,7.6,16,30293,195,879,43,4.9,0.73,445|677|710|718|768|780|794|2202|2697|2823|3075|3675|3855|4232|4345|4837|5352|5493|5740|5742|5792|5919|6277|6281|6303|6446|6590|7138|7490|8854|10216|10512|10630|23213|28959|50937|51200|51232|56034|64094|81035|151887|342527,ASS1|ZFP36L1|SERPING1|C3|CA9|DDR1|CALB2|EFEMP1|GJA1|GPM6A|CFH|ITGA3|KRT7|MEST|CD200|NNMT|PLOD2|PPL|PTGIS|PTGS1|PTPRF|RARRES2|S100A6|S100A10|SAT1|SGK1|SLPI|TNNT1|WT1|ALDH1A2|PRG4|SEMA3C|PDPN|SULF1|TMEM176B|CDON|CPA4|CRIM1|PDGFC|SMOC2|COLEC12|CCDC80|SMTNL2,-22,0
1,-24,M41670,M1,1,0,Cell Type Signatures,7,TRAVAGLINI LUNG LYMPHATIC CELL,,-24,7.1,15,30293,209,879,43,4.9,0.73,285|586|1191|1832|2006|2202|2687|2823|3075|3234|3488|3490|3910|3925|3976|4015|4094|4239|4345|4837|5919|6004|6281|6422|6624|6899|7025|7026|7033|7402|9590|10098|10371|10630|10894|11343|56034|64093|81035|140885|151887|221091|223117,ANGPT2|BCAT1|CLU|DSP|ELN|EFEMP1|GGT5|GPM6A|CFH|HOXD8|IGFBP5|IGFBP7|LAMA4|STMN1|LIF|LOX|MAF|MFAP4|CD200|NNMT|RARRES2|RGS16|S100A10|SFRP1|FSCN1|TBX1|NR2F1|NR2F2|TFF3|UTRN|AKAP12|TSPAN5|SEMA3A|PDPN|LYVE1|MGLL|PDGFC|SMOC1|COLEC12|SIRPA|CCDC80|LRRN4CL|SEMA3D,-21,0
1,-23,M41669,M1,1,0,Cell Type Signatures,7,TRAVAGLINI LUNG BRONCHIAL VESSEL 2 CELL,,-23,6.1,15,30293,272,879,48,5.5,0.77,60|1052|1306|1356|1490|1827|1839|2012|2355|2615|2697|3164|3491|3638|3726|3939|3949|4345|4487|4502|4609|4616|4739|4837|5230|5292|5329|5996|6387|6515|7071|7980|8519|8553|8613|8614|9021|10252|10376|10602|11343|29995|51330|64321|131583|150094|340542|387763,ACTB|CEBPD|COL15A1|CP|CCN2|RCAN1|HBEGF|EMP1|FOSL2|LRRC32|GJA1|NR4A1|CCN1|INSIG1|JUNB|LDHA|LDLR|CD200|MSX1|MT2A|MYC|GADD45B|NEDD9|NNMT|PGK1|PIM1|PLAUR|RGS1|CXCL12|SLC2A3|KLF10|TFPI2|IFITM1|BHLHE40|PLPP3|STC2|SOCS3|SPRY1|TUBA1B|CDC42EP3|MGLL|LMCD1|TNFRSF12A|SOX17|FAM43A|SIK1|BEX5|C11orf96,-21,0
1,-23,M41679,M1,1,0,Cell Type Signatures,7,TRAVAGLINI LUNG MESOTHELIAL CELL,,-23,3.9,13,30293,649,879,74,8.4,0.94,19|220|571|718|794|1000|1281|1601|1728|1832|2150|2296|2326|2619|2697|2730|3091|3122|3487|3925|4094|4232|4345|4495|4502|4837|4969|5054|5055|5069|5292|5352|5740|5742|5792|5999|6277|6281|6303|6354|6372|6446|6590|6648|7040|7058|7138|7262|7490|7980|8519|9467|9588|10216|10468|10630|11031|23213|23406|27242|51200|51330|54206|54757|54796|54972|56265|57568|79572|80176|84561|151887|157506|157638,ABCA1|ALDH1A3|BACH1|C3|CALB2|CDH2|COL3A1|DAB2|NQO1|DSP|F2RL1|FOXC1|FMO1|GAS1|GJA1|GCLM|HIF1A|HLA-DRA|IGFBP4|STMN1|MAF|MEST|CD200|MT1G|MT2A|NNMT|OGN|SERPINE1|SERPINB2|PAPPA|PIM1|PLOD2|PTGIS|PTGS1|PTPRF|RGS4|S100A6|S100A10|SAT1|CCL7|CXCL6|SGK1|SLPI|SOD2|TGFB1|THBS2|TNNT1|PHLDA2|WT1|TFPI2|IFITM1|SH3BP5|PRDX6|PRG4|FST|PDPN|RAB31|SULF1|COTL1|TNFRSF21|CPA4|TNFRSF12A|ERRFI1|FAM20A|BNC2|TMEM132A|CPXM1|SIPA1L2|ATP13A3|SPSB1|SLC12A8|CCDC80|RDH10|LRATD2,-20,0
1,-23,M39057,M1,1,0,Cell Type Signatures,7,MANNO MIDBRAIN NEUROTYPES HRGL1,,-23,5.2,14,30293,364,879,55,6.3,0.82,655|677|1191|1490|1634|2006|2173|2195|2302|3280|3485|3488|3491|4487|4853|5352|5360|5992|5999|6319|6657|6662|7033|7431|7474|8407|9388|10611|10630|10763|23362|23462|23670|24147|26011|29995|50937|51313|54212|54477|55890|56034|56884|79026|79971|80781|81578|83604|83733|84168|92293|120114|147495|157638|220296,BMP7|ZFP36L1|CLU|CCN2|DCN|ELN|FABP7|FAT1|FOXJ1|HES1|IGFBP2|IGFBP5|CCN1|MSX1|NOTCH2|PLOD2|PLTP|RFX4|RGS4|SCD|SOX2|SOX9|TFF3|VIM|WNT5A|TAGLN2|LIPG|PDLIM5|PDPN|NES|PSD3|HEY1|CEMIP2|FJX1|TENM4|LMCD1|CDON|GASK1B|SNTG1|PLEKHA5|GPRC5C|PDGFC|FSTL5|AHNAK|WLS|COL18A1|COL21A1|TMEM47|SLC25A18|ANTXR1|TMEM132C|FAT3|APCDD1|LRATD2|HEPACAM,-20,0
1,-22,M39117,M1,1,0,Cell Type Signatures,7,AIZARANI LIVER C13 LSECS 2,,-22,5.8,14,30293,283,879,48,5.5,0.77,1003|1266|1601|1906|1910|2034|2321|3280|3487|3490|3977|4082|4091|4094|4281|4651|4739|4811|4858|5360|6446|6578|6624|7010|7025|7026|7049|7052|7075|7078|7122|7123|7837|7980|8613|8829|9537|9590|9891|10894|11170|27115|28231|59277|64123|79572|115361|387763,CDH5|CNN3|DAB2|EDN1|EDNRB|EPAS1|FLT1|HES1|IGFBP4|IGFBP7|LIFR|MARCKS|SMAD6|MAF|MID1|MYO10|NEDD9|NID1|NOVA2|PLTP|SGK1|SLCO2A1|FSCN1|TEK|NR2F1|NR2F2|TGFBR3|TGM2|TIE1|TIMP3|CLDN5|CLEC3B|PXDN|TFPI2|PLPP3|NRP1|TP53I11|AKAP12|NUAK1|LYVE1|FAM107A|PDE7B|SLCO4A1|NTN4|ADGRL4|ATP13A3|GBP4|C11orf96,-20,0
1,-22,M39108,M1,1,0,Cell Type Signatures,7,AIZARANI LIVER C4 EPCAM POS BILE DUCT CELLS 1,,-22,7.2,15,30293,191,879,40,4.6,0.7,718|1000|1028|1152|1191|1368|1462|1490|1832|2263|3176|3280|3491|3698|3773|3855|4638|4651|5792|6372|6382|6425|6558|6590|6662|7026|7071|8470|9518|11343|25805|51330|51473|54206|55195|56937|79789|83539|139221|359948,C3|CDH2|CDKN1C|CKB|CLU|CPM|VCAN|CCN2|DSP|FGFR2|HNMT|HES1|CCN1|ITIH2|KCNJ16|KRT7|MYLK|MYO10|PTPRF|CXCL6|SDC1|SFRP5|SLC12A2|SLPI|SOX9|NR2F2|KLF10|SORBS2|GDF15|MGLL|BAMBI|TNFRSF12A|DCDC2|ERRFI1|CCDC198|PMEPA1|CLMN|CHST9|PWWP3B|IRF2BP2,-20,0
1,-22,M39174,M1,1,0,Cell Type Signatures,7,MURARO PANCREAS ACINAR CELL,,-22,3.6,12,30293,731,879,77,8.8,0.95,12|51|445|586|677|718|894|1052|1266|1368|1906|2296|2512|2590|2921|3091|3122|3280|3485|3576|3673|3728|3855|3939|4008|4050|4082|4254|4495|4609|5176|5205|5360|5792|5874|6303|6355|6387|6446|6498|6558|6648|6662|7168|7431|8407|8470|8507|8553|8804|9021|9052|9180|9194|9518|9537|9588|10397|10611|23092|23670|25878|30844|51129|51200|51330|55366|57509|59277|79789|79924|80176|84419|84910|90427|116496|157506,SERPINA3|ACOX1|ASS1|BCAT1|ZFP36L1|C3|CCND2|CEBPD|CNN3|CPM|EDN1|FOXC1|FTL|GALNT2|CXCL3|HIF1A|HLA-DRA|HES1|IGFBP2|CXCL8|ITGA2|JUP|KRT7|LDHA|LMO7|LTB|MARCKS|KITLG|MT1G|MYC|SERPINF1|ATP8B1|PLTP|PTPRF|RAB27B|SAT1|CCL8|CXCL12|SGK1|SKIL|SLC12A2|SOD2|SOX9|TPM1|VIM|TAGLN2|SORBS2|ENC1|BHLHE40|CREG1|SOCS3|GPRC5A|OSMR|SLC16A7|GDF15|TP53I11|PRDX6|NDRG1|PDLIM5|ARHGAP26|CEMIP2|MXRA5|EHD4|ANGPTL4|CPA4|TNFRSF12A|LGR4|MTUS1|NTN4|CLMN|ADM2|SPSB1|C15orf48|TMEM87B|BMF|NIBAN1|RDH10,-19,0
1,-22,M39131,M1,1,0,Cell Type Signatures,7,AIZARANI LIVER C32 MVECS 3,,-22,9.1,16,30293,125,879,33,3.8,0.64,730|1052|2034|2296|2823|3490|3977|4091|4147|4858|5010|5730|5740|5742|6446|7026|7049|7052|7078|8519|8553|9021|9590|10252|10272|10397|30844|51232|57007|57211|59277|115361|387763,C7|CEBPD|EPAS1|FOXC1|GPM6A|IGFBP7|LIFR|SMAD6|MATN2|NOVA2|CLDN11|PTGDS|PTGIS|PTGS1|SGK1|NR2F2|TGFBR3|TGM2|TIMP3|IFITM1|BHLHE40|SOCS3|AKAP12|SPRY1|FSTL3|NDRG1|EHD4|CRIM1|ACKR3|ADGRG6|NTN4|GBP4|C11orf96,-19,0
1,-22,M40222,M1,1,0,Cell Type Signatures,7,DESCARTES FETAL KIDNEY STROMAL CELLS,,-22,8.3,15,30293,146,879,35,4,0.66,1281|1634|3671|3736|4015|4023|4053|4060|4256|4958|4969|5176|6423|6913|7058|7130|7373|8600|9068|10351|10631|23213|25878|25903|26585|51050|51200|64641|84631|91156|113146|127435|203447|253738|387758,COL3A1|DCN|ISLR|KCNA1|LOX|LPL|LTBP2|LUM|MGP|OMD|OGN|SERPINF1|SFRP2|TBX15|THBS2|TNFAIP6|COL14A1|TNFSF11|ANGPTL1|ABCA8|POSTN|SULF1|MXRA5|OLFML2B|GREM1|PI15|CPA4|EBF2|SLITRK2|IGFN1|AHNAK2|PODN|NRK|EBF3|FIBIN,-19,0
1,-21,M39322,M1,1,0,Cell Type Signatures,7,CUI DEVELOPING HEART VALVAR ENDOTHELIAL CELL,,-21,8.3,15,30293,141,879,34,3.9,0.65,730|1052|1462|1545|1827|1839|2355|2697|3164|3488|3576|3949|4345|4502|5010|5176|5327|5999|6277|6281|6648|6781|7103|7130|7980|8490|9021|9464|23670|57007|58480|83643|150094|169611,C7|CEBPD|VCAN|CYP1B1|RCAN1|HBEGF|FOSL2|GJA1|NR4A1|IGFBP5|CXCL8|LDLR|CD200|MT2A|CLDN11|SERPINF1|PLAT|RGS4|S100A6|S100A10|SOD2|STC1|TSPAN8|TNFAIP6|TFPI2|RGS5|SOCS3|HAND2|CEMIP2|ACKR3|RHOU|CCDC3|SIK1|OLFML2A,-19,0
1,-21,M39135,M1,1,0,Cell Type Signatures,7,AIZARANI LIVER C39 EPCAM POS BILE DUCT CELLS 4,,-21,7.1,14,30293,184,879,38,4.3,0.69,12|1368|1832|1839|1906|2263|2921|3576|3624|3855|3918|3976|4316|4739|5214|6277|6303|6372|6425|6558|6648|6662|7057|7168|7262|8470|8660|9518|10272|27063|27242|51232|51330|51473|55603|56937|79026|80176,SERPINA3|CPM|DSP|HBEGF|EDN1|FGFR2|CXCL3|CXCL8|INHBA|KRT7|LAMC2|LIF|MMP7|NEDD9|PFKP|S100A6|SAT1|CXCL6|SFRP5|SLC12A2|SOD2|SOX9|THBS1|TPM1|PHLDA2|SORBS2|IRS2|GDF15|FSTL3|ANKRD1|TNFRSF21|CRIM1|TNFRSF12A|DCDC2|TENT5A|PMEPA1|AHNAK|SPSB1,-18,0
1,-21,M39034,M1,1,0,Cell Type Signatures,7,FAN EMBRYONIC CTX ASTROCYTE 2,,-21,7.9,15,30293,153,879,35,4,0.66,19|1191|1910|2192|2202|2697|3730|3910|3977|4082|4502|4897|5270|5360|6489|6657|7025|7026|7078|8613|10611|51313|54541|55366|55790|57007|57575|79971|83604|83733|84631|120114|167410|284217|387758,ABCA1|CLU|EDNRB|FBLN1|EFEMP1|GJA1|ANOS1|LAMA4|LIFR|MARCKS|MT2A|NRCAM|SERPINE2|PLTP|ST8SIA1|SOX2|NR2F1|NR2F2|TIMP3|PLPP3|PDLIM5|GASK1B|DDIT4|LGR4|CSGALNACT1|ACKR3|PCDH10|WLS|TMEM47|SLC25A18|SLITRK2|FAT3|LIX1|LAMA1|FIBIN,-18,0
1,-21,M41697,M1,1,0,Cell Type Signatures,7,TRAVAGLINI LUNG EREG DENDRITIC CELL,,-21,3.9,12,30293,579,879,66,7.5,0.89,19|60|571|586|597|677|861|1052|1462|1839|1843|2012|2034|2069|2162|2512|2921|3055|3091|3122|3176|3576|3638|4082|4502|4616|5142|5328|5329|6277|6281|6303|6446|6498|6515|6648|7057|7262|8140|8660|8728|8870|9021|9123|9467|9516|9590|10019|11010|11031|23406|26253|50515|51129|51330|56833|58480|79026|79572|84419|115207|127544|140885|284207|359948|100463486,ABCA1|ACTB|BACH1|BCAT1|BCL2A1|ZFP36L1|RUNX1|CEBPD|VCAN|HBEGF|DUSP1|EMP1|EPAS1|EREG|F13A1|FTL|CXCL3|HCK|HIF1A|HLA-DRA|HNMT|CXCL8|INSIG1|MARCKS|MT2A|GADD45B|PDE4B|PLAU|PLAUR|S100A6|S100A10|SAT1|SGK1|SKIL|SLC2A3|SOD2|THBS1|PHLDA2|SLC7A5|IRS2|ADAM19|IER3|SOCS3|SLC16A3|SH3BP5|LITAF|AKAP12|SH2B3|GLIPR1|RAB31|COTL1|CLEC4E|CHST11|ANGPTL4|TNFRSF12A|SLAMF8|RHOU|AHNAK|ATP13A3|C15orf48|KCTD12|RNF19B|SIRPA|METRNL|IRF2BP2|MTRNR2L8,-18,0
1,-20,M41659,M1,1,0,Cell Type Signatures,7,TRAVAGLINI LUNG ALVEOLAR EPITHELIAL TYPE 1 CELL,,-20,4.7,13,30293,391,879,53,6,0.8,19|60|627|1030|1152|1295|1368|1490|1839|1843|1906|2202|2273|2621|2697|2823|3339|3490|3491|3675|3730|3855|3918|4008|4092|4502|4616|4739|6281|6382|6515|6876|7078|7134|9037|9052|9411|10272|10347|10351|10516|10630|10659|11031|11343|27063|50863|51330|54206|56967|64787|79026|91461,ABCA1|ACTB|BDNF|CDKN2B|CKB|COL8A1|CPM|CCN2|HBEGF|DUSP1|EDN1|EFEMP1|FHL1|GAS6|GJA1|GPM6A|HSPG2|IGFBP7|CCN1|ITGA3|ANOS1|KRT7|LAMC2|LMO7|SMAD7|MT2A|GADD45B|NEDD9|S100A10|SDC1|SLC2A3|TAGLN|TIMP3|TNNC1|SEMA5A|GPRC5A|ARHGAP29|FSTL3|ABCA7|ABCA8|FBLN5|PDPN|CELF2|RAB31|MGLL|ANKRD1|NTM|TNFRSF12A|ERRFI1|C14orf132|EPS8L2|AHNAK|PKDCC,-18,0
1,-20,M39111,M1,1,0,Cell Type Signatures,7,AIZARANI LIVER C7 EPCAM POS BILE DUCT CELLS 2,,-20,6.3,14,30293,219,879,40,4.6,0.7,780|1028|1152|1368|1462|1490|1501|1832|2263|3491|3576|3773|3855|3911|3918|3976|4316|4651|5792|6277|6372|6382|6425|6558|6590|6662|7026|7168|8470|9518|10272|27063|51232|51330|51473|55195|56937|79789|83539|139221,DDR1|CDKN1C|CKB|CPM|VCAN|CCN2|CTNND2|DSP|FGFR2|CCN1|CXCL8|KCNJ16|KRT7|LAMA5|LAMC2|LIF|MMP7|MYO10|PTPRF|S100A6|CXCL6|SDC1|SFRP5|SLC12A2|SLPI|SOX9|NR2F2|TPM1|SORBS2|GDF15|FSTL3|ANKRD1|CRIM1|TNFRSF12A|DCDC2|CCDC198|PMEPA1|CLMN|CHST9|PWWP3B,-18,0
1,-20,M41668,M1,1,0,Cell Type Signatures,7,TRAVAGLINI LUNG BRONCHIAL VESSEL 1 CELL,,-20,6.2,13,30293,224,879,40,4.6,0.7,285|1306|1490|1827|1839|1959|2296|2697|3339|3485|3490|3491|3939|4256|4609|4837|5214|5292|6876|7057|8519|8553|9021|9516|9588|9891|10252|10397|10602|10631|11343|23406|30844|51313|64123|79772|83643|131583|387763|388125,ANGPT2|COL15A1|CCN2|RCAN1|HBEGF|EGR2|FOXC1|GJA1|HSPG2|IGFBP2|IGFBP7|CCN1|LDHA|MGP|MYC|NNMT|PFKP|PIM1|TAGLN|THBS1|IFITM1|BHLHE40|SOCS3|LITAF|PRDX6|NUAK1|SPRY1|NDRG1|CDC42EP3|POSTN|MGLL|COTL1|EHD4|GASK1B|ADGRL4|MCTP1|CCDC3|FAM43A|C11orf96|C2CD4B,-17,0
1,-19,M41656,M1,1,0,Cell Type Signatures,7,TRAVAGLINI LUNG MUCOUS CELL,,-19,8.3,14,30293,125,879,30,3.4,0.61,12|220|445|718|1191|1356|1440|2921|3486|3569|3576|3620|3976|4316|5176|5266|6288|6289|6303|6372|6590|6648|7033|7052|7103|7980|8519|9536|84419|157506,SERPINA3|ALDH1A3|ASS1|C3|CLU|CP|CSF3|CXCL3|IGFBP3|IL6|CXCL8|IDO1|LIF|MMP7|SERPINF1|PI3|SAA1|SAA2|SAT1|CXCL6|SLPI|SOD2|TFF3|TGM2|TSPAN8|TFPI2|IFITM1|PTGES|C15orf48|RDH10,-16,0
1,-19,M41673,M1,1,0,Cell Type Signatures,7,TRAVAGLINI LUNG MYOFIBROBLAST CELL,,-19,12,16,30293,65,879,23,2.6,0.54,1191|1266|1281|1462|1490|3075|3371|4053|4739|6281|7049|7103|7431|7474|8507|9547|10631|25891|50863|51435|56034|80323|115908,CLU|CNN3|COL3A1|VCAN|CCN2|CFH|TNC|LTBP2|NEDD9|S100A10|TGFBR3|TSPAN8|VIM|WNT5A|ENC1|CXCL14|POSTN|PAMR1|NTM|SCARA3|PDGFC|CCDC68|CTHRC1,-16,0
1,-19,M39070,M1,1,0,Cell Type Signatures,7,MANNO MIDBRAIN NEUROTYPES HNBGABA,,-19,3.4,11,30293,703,879,70,8,0.91,288|627|864|1006|1123|1620|1993|2625|2823|3486|3730|3800|4045|4684|4821|4826|5144|5178|5214|5293|5865|6656|6695|7857|8507|8745|8771|9369|9467|9758|9891|10512|10659|10752|11075|11096|22874|23114|23263|25817|26011|26047|27092|27245|50863|54796|55203|55638|55790|58480|59283|64478|80852|84502|84620|84623|84969|114795|124925|140885|147381|153020|165215|252995|266727|284349|386617|389432|440270|494470,ANK3|BDNF|RUNX3|CDH8|CHN1|BRINP1|ELAVL2|GATA3|GPM6A|IGFBP3|ANOS1|KIF5C|LSAMP|NCAM1|NKX2-2|NNAT|PDE4D|PEG3|PFKP|PIK3CD|RAB3B|SOX1|SPOCK1|SCG2|ENC1|ADAM23|TNFRSF6B|NRXN3|SH3BP5|FRMPD4|NUAK1|SEMA3C|CELF2|CHL1|STMN2|ADAMTS5|PLEKHA6|NFASC|MCF2L|TAFA5|TENM4|CNTNAP2|CACNG4|AHDC1|NTM|BNC2|LGI2|SYBU|CSGALNACT1|RHOU|CACNG8|CSMD1|GRIP2|JPH4|ST6GAL2|KIRREL3|TOX2|TMEM132B|SEZ6|SIRPA|CBLN2|RASGEF1B|FAM171B|FNDC5|MDGA1|ZNF283|KCTD8|SAMD5|GOLGA8B|ARK2C,-16,0
1,-18,M40180,M1,1,0,Cell Type Signatures,7,DESCARTES FETAL EYE STROMAL CELLS,,-18,10,15,30293,90,879,26,3,0.57,1281|1293|1634|2331|3624|3671|4015|4060|4256|4958|4969|6387|6423|7057|7058|7130|7373|9509|10631|11096|25878|54510|115908|117581|127435|283298,COL3A1|COL6A3|DCN|FMOD|INHBA|ISLR|LOX|LUM|MGP|OMD|OGN|CXCL12|SFRP2|THBS1|THBS2|TNFAIP6|COL14A1|ADAMTS2|POSTN|ADAMTS5|MXRA5|PCDH18|CTHRC1|TWIST2|PODN|OLFML1,-16,0
1,-18,M41700,M1,1,0,Cell Type Signatures,7,TRAVAGLINI LUNG OLR1 CLASSICAL MONOCYTE CELL,,-18,3.4,11,30293,726,879,71,8.1,0.92,19|60|571|586|597|677|861|1263|1462|1839|1843|2012|2034|2069|2321|2355|2921|3055|3091|3569|3576|3638|3939|4082|4502|4616|4853|5142|5216|5230|5329|6277|6281|6303|6354|6498|6515|6648|6850|7057|7071|7122|7130|7185|7262|7431|8140|8660|8728|8870|9021|9123|9516|10019|10397|10924|11031|26253|28231|30844|50515|51129|56937|79572|84419|115207|127544|140885|284207|359948|100463486,ABCA1|ACTB|BACH1|BCAT1|BCL2A1|ZFP36L1|RUNX1|PLK3|VCAN|HBEGF|DUSP1|EMP1|EPAS1|EREG|FLT1|FOSL2|CXCL3|HCK|HIF1A|IL6|CXCL8|INSIG1|LDHA|MARCKS|MT2A|GADD45B|NOTCH2|PDE4B|PFN1|PGK1|PLAUR|S100A6|S100A10|SAT1|CCL7|SKIL|SLC2A3|SOD2|SYK|THBS1|KLF10|CLDN5|TNFAIP6|TRAF1|PHLDA2|VIM|SLC7A5|IRS2|ADAM19|IER3|SOCS3|SLC16A3|LITAF|SH2B3|NDRG1|SMPDL3A|RAB31|CLEC4E|SLCO4A1|EHD4|CHST11|ANGPTL4|PMEPA1|ATP13A3|C15orf48|KCTD12|RNF19B|SIRPA|METRNL|IRF2BP2|MTRNR2L8,-16,0
1,-18,M39053,M1,1,0,Cell Type Signatures,7,MANNO MIDBRAIN NEUROTYPES HRGL2C,,-18,4.9,12,30293,326,879,46,5.2,0.75,1012|1501|1910|2006|2173|2823|3037|3280|3371|3485|3730|3955|3977|4502|4638|4821|5137|5270|5327|5360|5764|6529|6657|6662|8407|8613|9516|10252|10630|10763|11031|23209|27115|29995|51050|55790|64093|64478|79192|80852|83733|84631|157638|167410|220296|284217,CDH13|CTNND2|EDNRB|ELN|FABP7|GPM6A|HAS2|HES1|TNC|IGFBP2|ANOS1|LFNG|LIFR|MT2A|MYLK|NKX2-2|PDE1C|SERPINE2|PLAT|PLTP|PTN|SLC6A1|SOX2|SOX9|TAGLN2|PLPP3|LITAF|SPRY1|PDPN|NES|RAB31|MLC1|PDE7B|LMCD1|PI15|CSGALNACT1|SMOC1|CSMD1|IRX1|GRIP2|SLC25A18|SLITRK2|LRATD2|LIX1|HEPACAM|LAMA1,-16,0
1,-17,M40233,M1,1,0,Cell Type Signatures,7,DESCARTES FETAL LIVER STELLATE CELLS,,-17,6.9,13,30293,159,879,32,3.6,0.63,147|633|1293|2263|2687|2977|3486|3672|3977|4060|4239|4593|9037|9547|10082|10252|10631|10763|22795|53942|63876|79987|80760|81792|83643|84620|84870|92949|117154|117581|120114|387509,ADRA1B|BGN|COL6A3|FGFR2|GGT5|GUCY1A2|IGFBP3|ITGA1|LIFR|LUM|MFAP4|MUSK|SEMA5A|CXCL14|GPC6|SPRY1|POSTN|NES|NID2|CNTN5|PKNOX2|SVEP1|ITIH5|ADAMTS12|CCDC3|ST6GAL2|RSPO3|ADAMTSL1|DACH2|TWIST2|FAT3|GPR153,-15,0
1,-17,M39069,M1,1,0,Cell Type Signatures,7,MANNO MIDBRAIN NEUROTYPES HDA2,,-17,3.8,11,30293,513,879,57,6.5,0.83,288|627|1006|1012|1301|1993|2019|2674|2823|3728|3925|4232|4684|4826|5069|5144|5214|5293|5454|5865|6382|6664|6752|8128|8618|9369|9467|9644|9758|10154|10752|11075|22874|23017|23114|26047|26050|27092|50863|50937|53942|54212|54769|54796|55203|59283|64478|79822|80852|84502|84969|114795|147381|153020|340542|440270|494470,ANK3|BDNF|CDH8|CDH13|COL11A1|ELAVL2|EN1|GFRA1|GPM6A|JUP|STMN1|MEST|NCAM1|NNAT|PAPPA|PDE4D|PFKP|PIK3CD|POU3F2|RAB3B|SDC1|SOX11|SSTR2|ST8SIA2|CADPS|NRXN3|SH3BP5|SH3PXD2A|FRMPD4|PLXNC1|CHL1|STMN2|PLEKHA6|FAIM2|NFASC|CNTNAP2|SLITRK5|CACNG4|NTM|CDON|CNTN5|SNTG1|DIRAS2|BNC2|LGI2|CACNG8|CSMD1|ARHGAP28|GRIP2|JPH4|TOX2|TMEM132B|CBLN2|RASGEF1B|BEX5|GOLGA8B|ARK2C,-15,0
1,-17,M39058,M1,1,0,Cell Type Signatures,7,MANNO MIDBRAIN NEUROTYPES HPROGM,,-17,4.8,12,30293,307,879,43,4.9,0.73,655|677|1490|2195|2302|2637|3280|3485|3491|4232|4254|4281|4897|5033|5066|5176|5352|5360|5992|6299|6423|6657|7033|7431|7474|8091|9388|10351|10611|10763|23024|23213|23670|50937|51313|54477|54541|56034|83604|84870|92293|115908|120114,BMP7|ZFP36L1|CCN2|FAT1|FOXJ1|GBX2|HES1|IGFBP2|CCN1|MEST|KITLG|MID1|NRCAM|P4HA1|PAM|SERPINF1|PLOD2|PLTP|RFX4|SALL1|SFRP2|SOX2|TFF3|VIM|WNT5A|HMGA2|LIPG|ABCA8|PDLIM5|NES|PDZRN3|SULF1|CEMIP2|CDON|GASK1B|PLEKHA5|DDIT4|PDGFC|TMEM47|RSPO3|TMEM132C|CTHRC1|FAT3,-15,0
1,-16,M41718,M1,1,0,Cell Type Signatures,7,FAN OVARY CL16 LYMPHATIC ENDOTHELIAL CELL,,-16,5.5,12,30293,232,879,37,4.2,0.68,285|710|1003|1052|1191|1843|2202|2697|3487|3490|3491|3726|3910|3925|4015|4082|4616|4837|5216|6277|6281|6414|6624|7026|7033|7071|7075|7078|7122|9411|9590|10098|10628|10630|57509|115207|115908,ANGPT2|SERPING1|CDH5|CEBPD|CLU|DUSP1|EFEMP1|GJA1|IGFBP4|IGFBP7|CCN1|JUNB|LAMA4|STMN1|LOX|MARCKS|GADD45B|NNMT|PFN1|S100A6|S100A10|SELENOP|FSCN1|NR2F2|TFF3|KLF10|TIE1|TIMP3|CLDN5|ARHGAP29|AKAP12|TSPAN5|TXNIP|PDPN|MTUS1|KCTD12|CTHRC1,-14,0
1,-16,M40147,M1,1,0,Cell Type Signatures,7,DESCARTES FETAL ADRENAL SCHWANN CELLS,,-16,7.5,13,30293,129,879,28,3.2,0.59,1004|1381|2674|2817|4023|6657|8745|9514|10752|11095|23462|28959|51384|55203|56937|57633|63976|64478|80781|83539|84466|84631|114795|169611|220296|222553|340267|729993,CDH6|CRABP1|GFRA1|GPC1|LPL|SOX2|ADAM23|GAL3ST1|CHL1|ADAMTS8|HEY1|TMEM176B|WNT16|LGI2|PMEPA1|LRRN1|PRDM16|CSMD1|COL18A1|CHST9|MEGF10|SLITRK2|TMEM132B|OLFML2A|HEPACAM|SLC35F1|COL28A1|SHISA9,-14,0
1,-16,M40304,M1,1,0,Cell Type Signatures,7,DESCARTES FETAL STOMACH STROMAL CELLS,,-16,13,15,30293,50,879,19,2.2,0.49,59|730|1281|1293|1634|2192|2294|3624|4239|6423|6876|9068|9547|22801|54510|57124|64641|117581|203447,ACTA2|C7|COL3A1|COL6A3|DCN|FBLN1|FOXF1|INHBA|MFAP4|SFRP2|TAGLN|ANGPTL1|CXCL14|ITGA11|PCDH18|CD248|EBF2|TWIST2|NRK,-14,0
1,-15,M39132,M1,1,0,Cell Type Signatures,7,AIZARANI LIVER C33 STELLATE CELLS 2,,-15,7.4,12,30293,126,879,27,3.1,0.58,59|288|633|730|1281|2034|3488|3490|3672|3679|4256|4638|4811|5327|5764|7026|7078|7168|7431|7837|8490|9037|79789|83643|83716|84168|387763,ACTA2|ANK3|BGN|C7|COL3A1|EPAS1|IGFBP5|IGFBP7|ITGA1|ITGA7|MGP|MYLK|NID1|PLAT|PTN|NR2F2|TIMP3|TPM1|VIM|PXDN|RGS5|SEMA5A|CLMN|CCDC3|CRISPLD2|ANTXR1|C11orf96,-13,0
1,-15,M39318,M1,1,0,Cell Type Signatures,7,CUI DEVELOPING HEART SMOOTH MUSCLE CELL,,-15,13,14,30293,48,879,18,2,0.48,633|1281|1843|2006|2192|3075|3487|4015|5176|5919|6277|6423|7373|9068|25903|51050|81035|151887,BGN|COL3A1|DUSP1|ELN|FBLN1|CFH|IGFBP4|LOX|SERPINF1|RARRES2|S100A6|SFRP2|COL14A1|ANGPTL1|OLFML2B|PI15|COLEC12|CCDC80,-13,0
1,-15,M39020,M1,1,0,Cell Type Signatures,7,FAN EMBRYONIC CTX BIG GROUPS GLIAL,,-15,7,12,30293,133,879,27,3.1,0.58,655|1152|1191|1266|1910|2173|2273|3371|4502|4651|5142|5270|5764|5992|6319|6657|7431|8613|9516|9547|11031|23209|23462|50863|84631|151887|387758,BMP7|CKB|CLU|CNN3|EDNRB|FABP7|FHL1|TNC|MT2A|MYO10|PDE4B|SERPINE2|PTN|RFX4|SCD|SOX2|VIM|PLPP3|LITAF|CXCL14|RAB31|MLC1|HEY1|NTM|SLITRK2|CCDC80|FIBIN,-13,0
1,-15,M39017,M1,1,0,Cell Type Signatures,7,FAN EMBRYONIC CTX BIG GROUPS CAJAL RETZIUS,,-15,3.6,10,30293,499,879,52,5.9,0.8,284|730|794|1191|1368|1592|1728|1827|2192|2621|3488|3638|3676|3800|4045|4741|4747|5142|5178|5214|5352|5493|5799|6288|7857|8038|8407|9509|10468|11005|22801|23017|25878|26047|51435|54749|54769|56243|56884|64084|79026|79924|80781|83604|84858|84870|85416|90161|252995|253738|347902|387509,ANGPT1|C7|CALB2|CLU|CPM|CYP26A1|NQO1|RCAN1|FBLN1|GAS6|IGFBP5|INSIG1|ITGA4|KIF5C|LSAMP|NEFM|NEFL|PDE4B|PEG3|PFKP|PLOD2|PPL|PTPRN2|SAA1|SCG2|ADAM12|TAGLN2|ADAMTS2|FST|SPINK5|ITGA11|FAIM2|MXRA5|CNTNAP2|SCARA3|EPDR1|DIRAS2|KIAA1217|FSTL5|CLSTN2|AHNAK|ADM2|COL18A1|TMEM47|ZNF503|RSPO3|ZIC5|HS6ST2|FNDC5|EBF3|AMIGO2|GPR153,-13,0
1,-15,M41678,M1,1,0,Cell Type Signatures,7,TRAVAGLINI LUNG PERICYTE CELL,,-15,7.6,12,30293,114,879,25,2.8,0.56,1004|1123|1368|2202|2294|2977|3485|3672|4023|4232|4651|4811|4897|5764|6558|8490|9037|10397|10628|27242|54510|57211|79789|79971|80323,CDH6|CHN1|CPM|EFEMP1|FOXF1|GUCY1A2|IGFBP2|ITGA1|LPL|MEST|MYO10|NID1|NRCAM|PTN|SLC12A2|RGS5|SEMA5A|NDRG1|TXNIP|TNFRSF21|PCDH18|ADGRG6|CLMN|WLS|CCDC68,-13,0
1,-15,M40242,M1,1,0,Cell Type Signatures,7,DESCARTES FETAL LUNG MESOTHELIAL CELLS,,-15,7.9,12,30293,105,879,24,2.7,0.55,445|627|718|768|1296|2006|3075|3569|3976|4256|4868|5740|6425|7138|7490|8840|8854|10216|11096|23213|51200|51232|127435|342527,ASS1|BDNF|C3|CA9|COL8A2|ELN|CFH|IL6|LIF|MGP|NPHS1|PTGIS|SFRP5|TNNT1|WT1|CCN4|ALDH1A2|PRG4|ADAMTS5|SULF1|CPA4|CRIM1|PODN|SMTNL2,-12,0
1,-14,M39062,M1,1,0,Cell Type Signatures,7,MANNO MIDBRAIN NEUROTYPES HNPROG,,-14,5.1,11,30293,229,879,34,3.9,0.65,19|429|894|994|1028|1993|2043|3491|3730|3911|3925|5100|5454|5999|6657|6664|7474|8618|9537|10371|10630|10763|11096|23670|29114|58480|64641|79822|85449|91653|114795|252995|347252|494470,ABCA1|ASCL1|CCND2|CDC25B|CDKN1C|ELAVL2|EPHA4|CCN1|ANOS1|LAMA5|STMN1|PCDH8|POU3F2|RGS4|SOX2|SOX11|WNT5A|CADPS|TP53I11|SEMA3A|PDPN|NES|ADAMTS5|CEMIP2|TAGLN3|RHOU|EBF2|ARHGAP28|KIAA1755|BOC|TMEM132B|FNDC5|IGFBPL1|ARK2C,-12,0
1,-14,M41711,M1,1,0,Cell Type Signatures,7,FAN OVARY CL9 PUTATIVE APOPTOTIC ENDOTHELIAL CELL,,-14,4.1,10,30293,365,879,43,4.9,0.73,285|301|1052|1191|1490|1601|2012|2034|2512|3091|3490|3638|3910|3939|3977|4256|4502|4837|5230|6303|6515|6648|7057|7122|8407|8519|8613|8870|9021|9411|9467|10397|10602|10611|30844|51232|51313|51330|57509|64123|64321|115908|340061,ANGPT2|ANXA1|CEBPD|CLU|CCN2|DAB2|EMP1|EPAS1|FTL|HIF1A|IGFBP7|INSIG1|LAMA4|LDHA|LIFR|MGP|MT2A|NNMT|PGK1|SAT1|SLC2A3|SOD2|THBS1|CLDN5|TAGLN2|IFITM1|PLPP3|IER3|SOCS3|ARHGAP29|SH3BP5|NDRG1|CDC42EP3|PDLIM5|EHD4|CRIM1|GASK1B|TNFRSF12A|MTUS1|ADGRL4|SOX17|CTHRC1|STING1,-12,0
1,-14,M41662,M1,1,0,Cell Type Signatures,7,TRAVAGLINI LUNG ARTERY CELL,,-14,6.8,12,30293,131,879,26,3,0.57,1152|3091|3486|3925|3977|4091|4256|5125|5270|5360|5740|6387|6542|8519|10516|10602|11170|23213|23462|29116|53346|64321|79572|84969|115207|153020,CKB|HIF1A|IGFBP3|STMN1|LIFR|SMAD6|MGP|PCSK5|SERPINE2|PLTP|PTGIS|CXCL12|SLC7A2|IFITM1|FBLN5|CDC42EP3|FAM107A|SULF1|HEY1|MYLIP|TM6SF1|SOX17|ATP13A3|TOX2|KCTD12|RASGEF1B,-12,0
1,-14,M39253,M1,1,0,Cell Type Signatures,7,MENON FETAL KIDNEY 3 STROMAL CELLS,,-14,8.9,12,30293,81,879,21,2.4,0.52,1281|1293|1462|1545|3371|3488|4082|4638|4684|5010|5764|6422|7025|7026|7168|7431|7837|9590|10631|11167|81578,COL3A1|COL6A3|VCAN|CYP1B1|TNC|IGFBP5|MARCKS|MYLK|NCAM1|CLDN11|PTN|SFRP1|NR2F1|NR2F2|TPM1|VIM|PXDN|AKAP12|POSTN|FSTL1|COL21A1,-12,0
1,-14,M39309,M1,1,0,Cell Type Signatures,7,CUI DEVELOPING HEART COMPACT VENTRICULAR CARDIOMYOCYTE,,-14,10,13,30293,65,879,19,2.2,0.49,730|845|1281|1293|1306|1634|1674|2006|2273|3576|4060|4256|4747|4969|7431|9547|10631|116496|729993,C7|CASQ2|COL3A1|COL6A3|COL15A1|DCN|DES|ELN|FHL1|CXCL8|LUM|MGP|NEFL|OGN|VIM|CXCL14|POSTN|NIBAN1|SHISA9,-12,0
1,-14,M39125,M1,1,0,Cell Type Signatures,7,AIZARANI LIVER C24 EPCAM POS BILE DUCT CELLS 3,,-14,5.6,11,30293,185,879,30,3.4,0.61,780|1028|1191|1368|1728|1832|1839|3576|3855|4008|4316|5792|6277|6281|6372|6558|6590|6662|7026|7033|7103|7168|7262|8407|8470|27242|51330|51473|55603|56937,DDR1|CDKN1C|CLU|CPM|NQO1|DSP|HBEGF|CXCL8|KRT7|LMO7|MMP7|PTPRF|S100A6|S100A10|CXCL6|SLC12A2|SLPI|SOX9|NR2F2|TFF3|TSPAN8|TPM1|PHLDA2|TAGLN2|SORBS2|TNFRSF21|TNFRSF12A|DCDC2|TENT5A|PMEPA1,-12,0
1,-14,M39068,M1,1,0,Cell Type Signatures,7,MANNO MIDBRAIN NEUROTYPES HDA1,,-14,3.2,9.5,30293,584,879,55,6.3,0.82,288|627|1012|1993|2019|2674|2823|3728|3800|4045|4232|4281|4684|4826|5069|5137|5144|5178|5454|5865|6664|6695|6752|7857|7881|8128|8507|8618|8707|9256|9369|9467|9758|10154|10752|11075|22874|23017|23114|23263|54212|54796|55203|64478|79633|84502|84969|89795|114795|120114|147381|253738|340542|386617|494470,ANK3|BDNF|CDH13|ELAVL2|EN1|GFRA1|GPM6A|JUP|KIF5C|LSAMP|MEST|MID1|NCAM1|NNAT|PAPPA|PDE1C|PDE4D|PEG3|POU3F2|RAB3B|SOX11|SPOCK1|SSTR2|SCG2|KCNAB1|ST8SIA2|ENC1|CADPS|B3GALT2|TSPOAP1|NRXN3|SH3BP5|FRMPD4|PLXNC1|CHL1|STMN2|PLEKHA6|FAIM2|NFASC|MCF2L|SNTG1|BNC2|LGI2|CSMD1|FAT4|JPH4|TOX2|NAV3|TMEM132B|FAT3|CBLN2|EBF3|BEX5|KCTD8|ARK2C,-12,0
1,-14,M39290,M1,1,0,Cell Type Signatures,7,DURANTE ADULT OLFACTORY NEUROEPITHELIUM OLFACTORY ENSHEATHING GLIA,,-14,7.2,12,30293,115,879,24,2.7,0.55,1191|1266|3925|4023|4082|4502|4684|5270|5730|5764|5919|6281|6319|6414|7025|7078|7103|7431|8470|10351|10752|28959|80760|222553,CLU|CNN3|STMN1|LPL|MARCKS|MT2A|NCAM1|SERPINE2|PTGDS|PTN|RARRES2|S100A10|SCD|SELENOP|NR2F1|TIMP3|TSPAN8|VIM|SORBS2|ABCA8|CHL1|TMEM176B|ITIH5|SLC35F1,-12,0
1,-14,M39059,M1,1,0,Cell Type Signatures,7,MANNO MIDBRAIN NEUROTYPES HPROGBP,,-14,4.4,10,30293,300,879,38,4.3,0.69,429|586|677|1490|2637|3280|3485|3491|4281|4638|5069|5100|5454|5992|6299|6422|6423|6656|6657|6662|7112|7431|7474|8091|8549|9516|10630|10763|23024|23670|57633|80274|84063|84168|91653|92211|120114|284217,ASCL1|BCAT1|ZFP36L1|CCN2|GBX2|HES1|IGFBP2|CCN1|MID1|MYLK|PAPPA|PCDH8|POU3F2|RFX4|SALL1|SFRP1|SFRP2|SOX1|SOX2|SOX9|TMPO|VIM|WNT5A|HMGA2|LGR5|LITAF|PDPN|NES|PDZRN3|CEMIP2|LRRN1|SCUBE1|KIRREL2|ANTXR1|BOC|CDHR1|FAT3|LAMA1,-11,0
1,-13,M40281,M1,1,0,Cell Type Signatures,7,DESCARTES FETAL PLACENTA IGFBP1 DKK1 POSITIVE CELLS,,-13,7.1,11,30293,116,879,24,2.7,0.55,220|1545|2619|2687|3290|3485|3487|3488|3671|4060|4129|4958|6695|7474|7490|11095|54769|56265|57124|84466|92293|131578|221091|387763,ALDH1A3|CYP1B1|GAS1|GGT5|HSD11B1|IGFBP2|IGFBP4|IGFBP5|ISLR|LUM|MAOB|OMD|SPOCK1|WNT5A|WT1|ADAMTS8|DIRAS2|CPXM1|CD248|MEGF10|TMEM132C|LRRC15|LRRN4CL|C11orf96,-11,0
1,-13,M41707,M1,1,0,Cell Type Signatures,7,FAN OVARY CL5 HEALTHY SELECTABLE FOLLICLE THECAL CELL,,-13,4.2,10,30293,318,879,39,4.4,0.69,633|730|1281|1293|1306|1490|2273|2730|3164|3280|3491|3910|4147|4232|4616|4811|5176|5178|5351|5360|6446|7026|7071|7837|8507|8519|8829|10098|10370|10417|11167|22795|51129|54541|56265|57509|79971|80781|115361,BGN|C7|COL3A1|COL6A3|COL15A1|CCN2|FHL1|GCLM|NR4A1|HES1|CCN1|LAMA4|MATN2|MEST|GADD45B|NID1|SERPINF1|PEG3|PLOD1|PLTP|SGK1|NR2F2|KLF10|PXDN|ENC1|IFITM1|NRP1|TSPAN5|CITED2|SPON2|FSTL1|NID2|ANGPTL4|DDIT4|CPXM1|MTUS1|WLS|COL18A1|GBP4,-11,0
1,-13,M39051,M1,1,0,Cell Type Signatures,7,MANNO MIDBRAIN NEUROTYPES HMGL,,-13,3.2,9.3,30293,577,879,54,6.1,0.81,597|627|677|718|861|864|969|1052|1240|1601|1843|1959|2512|2621|3164|3486|3575|3576|3689|3726|3730|4023|4094|4616|4821|5176|5328|5329|5996|6303|6446|6648|6850|8804|9516|10019|10320|10628|10630|11010|23092|29116|53346|55603|56944|79365|79772|85449|89795|115207|116496|140885|153020|340061,BCL2A1|BDNF|ZFP36L1|C3|RUNX1|RUNX3|CD69|CEBPD|CMKLR1|DAB2|DUSP1|EGR2|FTL|GAS6|NR4A1|IGFBP3|IL7R|CXCL8|ITGB2|JUNB|ANOS1|LPL|MAF|GADD45B|NKX2-2|SERPINF1|PLAU|PLAUR|RGS1|SAT1|SGK1|SOD2|SYK|CREG1|LITAF|SH2B3|IKZF1|TXNIP|PDPN|GLIPR1|ARHGAP26|MYLIP|TM6SF1|TENT5A|OLFML3|BHLHE41|MCTP1|KIAA1755|NAV3|KCTD12|NIBAN1|SIRPA|RASGEF1B|STING1,-11,0
1,-13,M39254,M1,1,0,Cell Type Signatures,7,MENON FETAL KIDNEY 4 PODOCYTES,,-13,5.2,10,30293,206,879,31,3.5,0.62,655|1028|1490|2296|4311|4868|5352|5360|6277|6387|6414|7049|7122|7135|7168|7184|7431|7490|9411|9588|10370|10628|10763|11346|23213|50964|51232|56265|79026|80760|80781,BMP7|CDKN1C|CCN2|FOXC1|MME|NPHS1|PLOD2|PLTP|S100A6|CXCL12|SELENOP|TGFBR3|CLDN5|TNNI1|TPM1|HSP90B1|VIM|WT1|ARHGAP29|PRDX6|CITED2|TXNIP|NES|SYNPO|SULF1|SOST|CRIM1|CPXM1|AHNAK|ITIH5|COL18A1,-11,0
1,-13,M41709,M1,1,0,Cell Type Signatures,7,FAN OVARY CL7 ANGEIOGENIC ENDOTHELIAL CELL,,-13,4.7,10,30293,251,879,34,3.9,0.65,285|677|1191|1490|1843|2012|2034|3122|3280|3487|3490|3726|3977|4256|4502|4616|4837|6277|6281|6303|6515|7078|7122|8407|8519|9021|9411|9467|10628|29995|30844|57509|64123|115207,ANGPT2|ZFP36L1|CLU|CCN2|DUSP1|EMP1|EPAS1|HLA-DRA|HES1|IGFBP4|IGFBP7|JUNB|LIFR|MGP|MT2A|GADD45B|NNMT|S100A6|S100A10|SAT1|SLC2A3|TIMP3|CLDN5|TAGLN2|IFITM1|SOCS3|ARHGAP29|SH3BP5|TXNIP|LMCD1|EHD4|MTUS1|ADGRL4|KCTD12,-11,0
1,-13,M41690,M1,1,0,Cell Type Signatures,7,TRAVAGLINI LUNG BASOPHIL MAST 2 CELL,,-13,3.4,9.2,30293,502,879,49,5.6,0.77,19|301|597|794|969|1191|1263|1359|1368|2034|2355|2624|3091|3164|3726|3925|3976|4038|4129|4616|4739|5327|5329|5742|5874|5996|6446|6498|6515|7078|7168|7431|8038|8553|9021|9411|9588|10602|10611|23462|28959|50863|54541|55603|79772|80781|150094|153020|440712,ABCA1|ANXA1|BCL2A1|CALB2|CD69|CLU|PLK3|CPA3|CPM|EPAS1|FOSL2|GATA2|HIF1A|NR4A1|JUNB|STMN1|LIF|LRP4|MAOB|GADD45B|NEDD9|PLAT|PLAUR|PTGS1|RAB27B|RGS1|SGK1|SKIL|SLC2A3|TIMP3|TPM1|VIM|ADAM12|BHLHE40|SOCS3|ARHGAP29|PRDX6|CDC42EP3|PDLIM5|HEY1|TMEM176B|NTM|DDIT4|TENT5A|MCTP1|COL18A1|SIK1|RASGEF1B|RHEX,-11,0
1,-13,M39052,M1,1,0,Cell Type Signatures,7,MANNO MIDBRAIN NEUROTYPES HOPC,,-13,3.9,9.5,30293,366,879,41,4.7,0.71,429|677|894|1123|1501|1620|1910|2173|2823|3485|4502|4685|4821|5137|5270|5327|5764|6529|6656|6657|6662|8549|8641|9514|11031|25805|25817|50515|50863|54212|55790|59284|64093|79772|81832|84631|91653|115908|124925|220296|222553,ASCL1|ZFP36L1|CCND2|CHN1|CTNND2|BRINP1|EDNRB|FABP7|GPM6A|IGFBP2|MT2A|NCAM2|NKX2-2|PDE1C|SERPINE2|PLAT|PTN|SLC6A1|SOX1|SOX2|SOX9|LGR5|PCDHGB4|GAL3ST1|RAB31|BAMBI|TAFA5|CHST11|NTM|SNTG1|CSGALNACT1|CACNG7|SMOC1|MCTP1|NETO1|SLITRK2|BOC|CTHRC1|SEZ6|HEPACAM|SLC35F1,-11,0
1,-13,M39082,M1,1,0,Cell Type Signatures,7,ZHONG PFC C9 ORG OTHER,,-13,8.3,12,30293,83,879,20,2.3,0.5,655|1191|1301|2173|3371|3977|4232|4853|5764|5799|6303|7852|8407|8613|9516|10630|11170|23209|50863|114795,BMP7|CLU|COL11A1|FABP7|TNC|LIFR|MEST|NOTCH2|PTN|PTPRN2|SAT1|CXCR4|TAGLN2|PLPP3|LITAF|PDPN|FAM107A|MLC1|NTM|TMEM132B,-11,0
1,-13,M39279,M1,1,0,Cell Type Signatures,7,DURANTE ADULT OLFACTORY NEUROEPITHELIUM VASCULAR SMOOTH MUSCLE CELLS,,-13,7.8,11,30293,93,879,21,2.4,0.52,59|1465|2273|2687|3488|3490|3726|4502|4616|4638|6004|6876|7026|7057|7078|7168|7373|8490|9021|83716|387763,ACTA2|CSRP1|FHL1|GGT5|IGFBP5|IGFBP7|JUNB|MT2A|GADD45B|MYLK|RGS16|TAGLN|NR2F2|THBS1|TIMP3|TPM1|COL14A1|RGS5|SOCS3|CRISPLD2|C11orf96,-11,0
1,-13,M39067,M1,1,0,Cell Type Signatures,7,MANNO MIDBRAIN NEUROTYPES HDA,,-13,3.3,9.2,30293,506,879,49,5.6,0.77,288|794|1012|1295|1993|2019|2674|2823|3728|3800|3918|3925|4045|4684|4826|5069|6382|6664|6752|7881|8507|8618|9369|9467|9590|9644|10154|10602|10752|11075|22874|24147|29114|50863|64084|64478|64641|80852|84502|84969|89795|114795|120114|147381|223117|252995|253738|340542|386617,ANK3|CALB2|CDH13|COL8A1|ELAVL2|EN1|GFRA1|GPM6A|JUP|KIF5C|LAMC2|STMN1|LSAMP|NCAM1|NNAT|PAPPA|SDC1|SOX11|SSTR2|KCNAB1|ENC1|CADPS|NRXN3|SH3BP5|AKAP12|SH3PXD2A|PLXNC1|CDC42EP3|CHL1|STMN2|PLEKHA6|FJX1|TAGLN3|NTM|CLSTN2|CSMD1|EBF2|GRIP2|JPH4|TOX2|NAV3|TMEM132B|FAT3|CBLN2|SEMA3D|FNDC5|EBF3|BEX5|KCTD8,-11,0
1,-13,M39223,M1,1,0,Cell Type Signatures,7,LAKE ADULT KIDNEY C4 PROXIMAL TUBULE EPITHELIAL CELLS S2,,-13,5.5,10,30293,176,879,28,3.2,0.59,288|1004|5066|5144|7168|7364|7704|8470|8829|9037|9229|9590|10082|10611|23092|51232|51473|54206|54477|54796|55195|56243|59277|64084|79623|80781|115701|440712,ANK3|CDH6|PAM|PDE4D|TPM1|UGT2B7|ZBTB16|SORBS2|NRP1|SEMA5A|DLGAP1|AKAP12|GPC6|PDLIM5|ARHGAP26|CRIM1|DCDC2|ERRFI1|PLEKHA5|BNC2|CCDC198|KIAA1217|NTN4|CLSTN2|GALNT14|COL18A1|ALPK2|RHEX,-11,0
1,-13,M41716,M1,1,0,Cell Type Signatures,7,FAN OVARY CL14 MATURE SMOOTH MUSCLE CELL,,-13,4.2,9.6,30293,306,879,37,4.2,0.68,59|60|633|677|710|1152|1465|1843|2034|3280|3488|3490|3491|3726|4239|4256|4502|4616|4638|5216|5764|6004|6277|6876|7026|7071|7078|7168|7262|8470|8490|8519|8870|9021|10628|80781|83643,ACTA2|ACTB|BGN|ZFP36L1|SERPING1|CKB|CSRP1|DUSP1|EPAS1|HES1|IGFBP5|IGFBP7|CCN1|JUNB|MFAP4|MGP|MT2A|GADD45B|MYLK|PFN1|PTN|RGS16|S100A6|TAGLN|NR2F2|KLF10|TIMP3|TPM1|PHLDA2|SORBS2|RGS5|IFITM1|IER3|SOCS3|TXNIP|COL18A1|CCDC3,-11,0
1,-13,M39245,M1,1,0,Cell Type Signatures,7,LAKE ADULT KIDNEY C26 MESANGIAL CELLS,,-13,5.5,10,30293,177,879,28,3.2,0.59,677|730|1368|1843|2034|2625|3164|3488|3490|3672|4008|4211|4256|4642|6695|7078|7402|7704|8633|9590|10631|22801|23362|27115|51232|51334|79026|83857,ZFP36L1|C7|CPM|DUSP1|EPAS1|GATA3|NR4A1|IGFBP5|IGFBP7|ITGA1|LMO7|MEIS1|MGP|MYO1D|SPOCK1|TIMP3|UTRN|ZBTB16|UNC5C|AKAP12|POSTN|ITGA11|PSD3|PDE7B|CRIM1|PRR16|AHNAK|TMTC1,-11,0
1,-13,M39060,M1,1,0,Cell Type Signatures,7,MANNO MIDBRAIN NEUROTYPES HPROGFPL,,-13,4.1,9.5,30293,323,879,38,4.3,0.69,655|677|1000|1490|2192|2637|3280|3485|3491|4091|4232|4281|4897|5352|5992|6299|6382|6423|6657|7033|7112|7431|7474|8091|9388|10763|23024|23670|26011|51313|54477|55890|56034|83604|84171|92293|157638|158326,BMP7|ZFP36L1|CDH2|CCN2|FBLN1|GBX2|HES1|IGFBP2|CCN1|SMAD6|MEST|MID1|NRCAM|PLOD2|RFX4|SALL1|SDC1|SFRP2|SOX2|TFF3|TMPO|VIM|WNT5A|HMGA2|LIPG|NES|PDZRN3|CEMIP2|TENM4|GASK1B|PLEKHA5|GPRC5C|PDGFC|TMEM47|LOXL4|TMEM132C|LRATD2|FREM1,-11,0
1,-12,M39061,M1,1,0,Cell Type Signatures,7,MANNO MIDBRAIN NEUROTYPES HPROGFPM,,-12,3.9,9.4,30293,356,879,40,4.6,0.7,655|677|994|2192|2637|3280|3485|3491|3925|3939|4017|4232|4281|5992|6299|6382|6423|6657|7033|7112|7431|7474|8091|8549|10630|10763|11096|23670|26011|51313|54477|55890|56034|83539|84168|92293|157638|158326|167410|100463486,BMP7|ZFP36L1|CDC25B|FBLN1|GBX2|HES1|IGFBP2|CCN1|STMN1|LDHA|LOXL2|MEST|MID1|RFX4|SALL1|SDC1|SFRP2|SOX2|TFF3|TMPO|VIM|WNT5A|HMGA2|LGR5|PDPN|NES|ADAMTS5|CEMIP2|TENM4|GASK1B|PLEKHA5|GPRC5C|PDGFC|CHST9|ANTXR1|TMEM132C|LRATD2|FREM1|LIX1|MTRNR2L8,-11,0
1,-12,M39317,M1,1,0,Cell Type Signatures,7,CUI DEVELOPING HEART CARDIAC FIBROBLASTS,,-12,7.2,11,30293,106,879,22,2.5,0.53,70|730|845|1293|1306|1465|1674|3485|4017|5178|5764|6662|7134|7135|7168|8470|8854|10611|27063|27129|51313|158326,ACTC1|C7|CASQ2|COL6A3|COL15A1|CSRP1|DES|IGFBP2|LOXL2|PEG3|PTN|SOX9|TNNC1|TNNI1|TPM1|SORBS2|ALDH1A2|PDLIM5|ANKRD1|HSPB7|GASK1B|FREM1,-10,0
1,-12,M39139,M1,1,0,Cell Type Signatures,7,GAO ESOPHAGUS 25W C4 FGFR1HIGH EPITHELIAL CELLS,,-12,5,9.9,30293,208,879,30,3.4,0.61,55|1545|1959|2294|2619|2674|3090|3671|4060|4239|5919|7049|7058|7130|8829|9509|10154|10631|23284|25891|26011|51050|54510|54972|79658|79987|81035|91461|92949|252995,ACP3|CYP1B1|EGR2|FOXF1|GAS1|GFRA1|HIC1|ISLR|LUM|MFAP4|RARRES2|TGFBR3|THBS2|TNFAIP6|NRP1|ADAMTS2|PLXNC1|POSTN|ADGRL3|PAMR1|TENM4|PI15|PCDH18|TMEM132A|ARHGAP10|SVEP1|COLEC12|PKDCC|ADAMTSL1|FNDC5,-10,0
1,-12,M39246,M1,1,0,Cell Type Signatures,7,LAKE ADULT KIDNEY C27 VASCULAR SMOOTH MUSCLE CELLS AND PERICYTES,,-12,5.8,10,30293,155,879,26,3,0.57,59|677|1012|1843|2034|3164|3488|3672|3726|4638|4642|6876|7078|7168|7402|7881|8470|9369|9590|10082|10611|23284|51232|79789|80781|83857,ACTA2|ZFP36L1|CDH13|DUSP1|EPAS1|NR4A1|IGFBP5|ITGA1|JUNB|MYLK|MYO1D|TAGLN|TIMP3|TPM1|UTRN|KCNAB1|SORBS2|NRXN3|AKAP12|GPC6|PDLIM5|ADGRL3|CRIM1|CLMN|COL18A1|TMTC1,-10,0
1,-12,M39277,M1,1,0,Cell Type Signatures,7,DURANTE ADULT OLFACTORY NEUROEPITHELIUM PERICYTES,,-12,8.3,11,30293,79,879,19,2.2,0.49,1191|1906|2012|2321|3487|3977|5327|6387|7078|7122|7431|9021|10252|10628|29995|64123|64321|115207|388125,CLU|EDN1|EMP1|FLT1|IGFBP4|LIFR|PLAT|CXCL12|TIMP3|CLDN5|VIM|SOCS3|SPRY1|TXNIP|LMCD1|ADGRL4|SOX17|KCTD12|C2CD4B,-10,0
1,-12,M39126,M1,1,0,Cell Type Signatures,7,AIZARANI LIVER C25 KUPFFER CELLS 4,,-12,5.3,9.9,30293,174,879,27,3.1,0.58,60|301|1462|1839|2069|2921|3055|3122|3576|3689|5329|5996|6303|6446|6850|7057|7431|7852|8870|9516|10019|10659|11031|23406|26253|115207|284207,ACTB|ANXA1|VCAN|HBEGF|EREG|CXCL3|HCK|HLA-DRA|CXCL8|ITGB2|PLAUR|RGS1|SAT1|SGK1|SYK|THBS1|VIM|CXCR4|IER3|LITAF|SH2B3|CELF2|RAB31|COTL1|CLEC4E|KCTD12|METRNL,-10,0
1,-12,M39066,M1,1,0,Cell Type Signatures,7,MANNO MIDBRAIN NEUROTYPES HNBML5,,-12,3.3,8.8,30293,465,879,45,5.1,0.74,288|1012|1993|2138|2334|2624|2625|2823|3800|4684|4821|4826|4858|5069|5178|5799|6624|6656|6664|8492|8507|8618|8707|8771|9256|9369|9467|9537|9891|10154|11075|22874|23114|26047|29114|55638|80852|84502|84623|84969|114795|266727|284349|347252|440270,ANK3|CDH13|ELAVL2|EYA1|AFF2|GATA2|GATA3|GPM6A|KIF5C|NCAM1|NKX2-2|NNAT|NOVA2|PAPPA|PEG3|PTPRN2|FSCN1|SOX1|SOX11|PRSS12|ENC1|CADPS|B3GALT2|TNFRSF6B|TSPOAP1|NRXN3|SH3BP5|TP53I11|NUAK1|PLXNC1|STMN2|PLEKHA6|NFASC|CNTNAP2|TAGLN3|SYBU|GRIP2|JPH4|KIRREL3|TOX2|TMEM132B|MDGA1|ZNF283|IGFBPL1|GOLGA8B,-9.8,0
1,-12,M41671,M1,1,0,Cell Type Signatures,7,TRAVAGLINI LUNG AIRWAY SMOOTH MUSCLE CELL,,-12,5.4,9.8,30293,166,879,26,3,0.57,59|285|845|1012|1465|1674|1910|2034|3488|3490|3679|4638|5216|6876|7052|7168|7881|8470|10611|11343|27129|55890|59277|84168|93649|116496,ACTA2|ANGPT2|CASQ2|CDH13|CSRP1|DES|EDNRB|EPAS1|IGFBP5|IGFBP7|ITGA7|MYLK|PFN1|TAGLN|TGM2|TPM1|KCNAB1|SORBS2|PDLIM5|MGLL|HSPB7|GPRC5C|NTN4|ANTXR1|MYOCD|NIBAN1,-9.7,0
1,-11,M40005,M1,1,0,Cell Type Signatures,7,BUSSLINGER ESOPHAGEAL DENDRITIC CELLS,,-11,4.7,9.3,30293,214,879,29,3.3,0.6,60|864|894|2030|2512|3055|3122|3164|3638|3689|3726|4050|5176|5216|5329|5996|6446|6498|6513|6515|7431|9516|10123|10376|10628|10659|23406|84419|116496,ACTB|RUNX3|CCND2|SLC29A1|FTL|HCK|HLA-DRA|NR4A1|INSIG1|ITGB2|JUNB|LTB|SERPINF1|PFN1|PLAUR|RGS1|SGK1|SKIL|SLC2A1|SLC2A3|VIM|LITAF|ARL4C|TUBA1B|TXNIP|CELF2|COTL1|C15orf48|NIBAN1,-9.3,0
1,-11,M40312,M1,1,0,Cell Type Signatures,7,DESCARTES FETAL THYMUS THYMIC EPITHELIAL CELLS,,-11,4.4,9.1,30293,245,879,31,3.5,0.62,59|284|288|655|2138|2263|2567|4868|5083|5360|5783|5792|6529|6578|6695|8470|9369|10090|10886|23263|53904|54757|54796|54894|63876|79412|79953|90161|140766|158326|170691,ACTA2|ANGPT1|ANK3|BMP7|EYA1|FGFR2|GABRG3|NPHS1|PAX9|PLTP|PTPN13|PTPRF|SLC6A1|SLCO2A1|SPOCK1|SORBS2|NRXN3|UST|NPFFR2|MCF2L|MYO3A|FAM20A|BNC2|RNF43|PKNOX2|KREMEN2|SYNDIG1|HS6ST2|ADAMTS14|FREM1|ADAMTS17,-9.3,0
1,-11,M39063,M1,1,0,Cell Type Signatures,7,MANNO MIDBRAIN NEUROTYPES HNBM,,-11,4,8.9,30293,295,879,34,3.9,0.65,794|1993|2674|2823|3800|3925|4684|4826|5069|5100|5454|5999|6664|6752|8128|8618|10602|11075|11096|22874|23114|23263|29114|56896|58480|64641|84620|124925|252995|253738|266727|347252|389432|494470,CALB2|ELAVL2|GFRA1|GPM6A|KIF5C|STMN1|NCAM1|NNAT|PAPPA|PCDH8|POU3F2|RGS4|SOX11|SSTR2|ST8SIA2|CADPS|CDC42EP3|STMN2|ADAMTS5|PLEKHA6|NFASC|MCF2L|TAGLN3|DPYSL5|RHOU|EBF2|ST6GAL2|SEZ6|FNDC5|EBF3|MDGA1|IGFBPL1|SAMD5|ARK2C,-9.2,0
1,-11,M40310,M1,1,0,Cell Type Signatures,7,DESCARTES FETAL STOMACH MESOTHELIAL CELLS,,-11,12,12,30293,36,879,13,1.5,0.41,627|718|1295|2619|4868|7138|7490|7980|8854|23213|50937|84870|147381,BDNF|C3|COL8A1|GAS1|NPHS1|TNNT1|WT1|TFPI2|ALDH1A2|SULF1|CDON|RSPO3|CBLN2,-9.1,0
1,-11,M40135,M1,1,0,Cell Type Signatures,7,DESCARTES MAIN FETAL IGFBP1 DKK1 POSITIVE CELLS,,-11,5,9.3,30293,178,879,26,3,0.57,710|1634|2619|3290|3487|3671|4053|4060|4129|4239|4958|7052|7474|8613|8660|10370|10417|11096|56265|57124|79572|80176|83716|131578|170689|221091,SERPING1|DCN|GAS1|HSD11B1|IGFBP4|ISLR|LTBP2|LUM|MAOB|MFAP4|OMD|TGM2|WNT5A|PLPP3|IRS2|CITED2|SPON2|ADAMTS5|CPXM1|CD248|ATP13A3|SPSB1|CRISPLD2|LRRC15|ADAMTS15|LRRN4CL,-9,0
1,-11,M39242,M1,1,0,Cell Type Signatures,7,LAKE ADULT KIDNEY C23 ENDOTHELIAL CELLS AVR,,-11,6,9.8,30293,126,879,22,2.5,0.53,1266|2034|2321|2512|2823|3122|3488|3490|4502|5327|7052|7078|7184|7402|7431|8613|9411|9467|10628|23092|64123|79026,CNN3|EPAS1|FLT1|FTL|GPM6A|HLA-DRA|IGFBP5|IGFBP7|MT2A|PLAT|TGM2|TIMP3|HSP90B1|UTRN|VIM|PLPP3|ARHGAP29|SH3BP5|TXNIP|ARHGAP26|ADGRL4|AHNAK,-9,0
1,-11,M40162,M1,1,0,Cell Type Signatures,7,DESCARTES FETAL CEREBELLUM ASTROCYTES,,-11,5.2,9.4,30293,166,879,25,2.8,0.56,1191|1592|2302|2637|2670|2706|3371|4038|5077|9388|10265|10351|10468|23209|51050|55195|55603|63976|64399|81792|84063|84466|90523|158326|169044,CLU|CYP26A1|FOXJ1|GBX2|GFAP|GJB2|TNC|LRP4|PAX3|LIPG|IRX5|ABCA8|FST|MLC1|PI15|CCDC198|TENT5A|PRDM16|HHIP|ADAMTS12|KIRREL2|MEGF10|MLIP|FREM1|COL22A1,-8.9,0
1,-10,M39160,M1,1,0,Cell Type Signatures,7,GAO LARGE INTESTINE 24W C11 PANETH LIKE CELL,,-10,3.7,8.5,30293,325,879,35,4,0.66,19|597|864|1240|1601|2162|2921|3055|3122|3576|3624|3689|4094|4318|5142|5328|5329|6446|6648|7185|7852|8140|8660|8804|10019|10123|10154|10320|10894|23406|56833|113730|115362|153020|284207,ABCA1|BCL2A1|RUNX3|CMKLR1|DAB2|F13A1|CXCL3|HCK|HLA-DRA|CXCL8|INHBA|ITGB2|MAF|MMP9|PDE4B|PLAU|PLAUR|SGK1|SOD2|TRAF1|CXCR4|SLC7A5|IRS2|CREG1|SH2B3|ARL4C|PLXNC1|IKZF1|LYVE1|COTL1|SLAMF8|KLHDC7B|GBP5|RASGEF1B|METRNL,-8.7,0
1,-10,M39247,M1,1,0,Cell Type Signatures,7,LAKE ADULT KIDNEY C28 INTERSTITIUM,,-10,7.2,10,30293,86,879,18,2,0.48,730|1634|3371|3490|3491|3672|4211|4256|7057|7078|7168|7402|7704|9590|10611|26040|56243|79658,C7|DCN|TNC|IGFBP7|CCN1|ITGA1|MEIS1|MGP|THBS1|TIMP3|TPM1|UTRN|ZBTB16|AKAP12|PDLIM5|SETBP1|KIAA1217|ARHGAP10,-8.6,0
1,-10,M41703,M1,1,0,Cell Type Signatures,7,FAN OVARY CL1 GPRC5A TNFRS12A HIGH SELECTABLE FOLLICLE STROMAL CELL,,-10,3.4,8.3,30293,380,879,38,4.3,0.69,165|710|730|1266|1634|2012|2202|2252|2730|3075|3488|3910|3939|4060|4239|4609|4681|4969|5176|5352|5360|5919|6446|7431|8722|9052|9516|9590|10098|23089|28959|51330|54206|55603|80176|80781|151887|387763,AEBP1|SERPING1|C7|CNN3|DCN|EMP1|EFEMP1|FGF7|GCLM|CFH|IGFBP5|LAMA4|LDHA|LUM|MFAP4|MYC|NBL1|OGN|SERPINF1|PLOD2|PLTP|RARRES2|SGK1|VIM|CTSF|GPRC5A|LITAF|AKAP12|TSPAN5|PEG10|TMEM176B|TNFRSF12A|ERRFI1|TENT5A|SPSB1|COL18A1|CCDC80|C11orf96,-8.6,0
1,-10,M40255,M1,1,0,Cell Type Signatures,7,DESCARTES FETAL MUSCLE STROMAL CELLS,,-10,6.7,9.7,30293,98,879,19,2.2,0.49,1281|1296|1634|2192|3671|3730|3736|4060|4256|4969|9068|9547|10417|10631|23017|26585|51050|64094|84870,COL3A1|COL8A2|DCN|FBLN1|ISLR|ANOS1|KCNA1|LUM|MGP|OGN|ANGPTL1|CXCL14|SPON2|POSTN|FAIM2|GREM1|PI15|SMOC2|RSPO3,-8.5,0
1,-10,M41663,M1,1,0,Cell Type Signatures,7,TRAVAGLINI LUNG VEIN CELL,,-10,11,11,30293,40,879,13,1.5,0.41,730|1191|1440|1545|4837|5327|5730|6578|6648|10272|10894|51365|57211,C7|CLU|CSF3|CYP1B1|NNMT|PLAT|PTGDS|SLCO2A1|SOD2|FSTL3|LYVE1|PLA1A|ADGRG6,-8.5,0
1,-10,M39077,M1,1,0,Cell Type Signatures,7,ZHONG PFC MAJOR TYPES MICROGLIA,,-10,3.2,8.1,30293,438,879,41,4.7,0.71,677|718|861|1052|1601|1843|1959|2030|2512|2621|3055|3164|3689|3726|4094|4616|5176|5216|5360|5742|5996|6299|6303|6446|6850|8804|8870|10019|10320|10630|11010|11031|29116|53346|56944|57568|79365|91010|115207|140885|340061,ZFP36L1|C3|RUNX1|CEBPD|DAB2|DUSP1|EGR2|SLC29A1|FTL|GAS6|HCK|NR4A1|ITGB2|JUNB|MAF|GADD45B|SERPINF1|PFN1|PLTP|PTGS1|RGS1|SALL1|SAT1|SGK1|SYK|CREG1|IER3|SH2B3|IKZF1|PDPN|GLIPR1|RAB31|MYLIP|TM6SF1|OLFML3|SIPA1L2|BHLHE41|FMNL3|KCTD12|SIRPA|STING1,-8.4,0
1,-10,M40001,M1,1,0,Cell Type Signatures,7,BUSSLINGER ESOPHAGEAL QUIESCENT BASAL CELLS,,-10,7.6,10,30293,77,879,17,1.9,0.46,445|1191|1294|1634|3371|3488|3726|3911|5270|6422|6542|8140|8519|9021|9547|10628|25878,ASS1|CLU|COL7A1|DCN|TNC|IGFBP5|JUNB|LAMA5|SERPINE2|SFRP1|SLC7A2|SLC7A5|IFITM1|SOCS3|CXCL14|TXNIP|MXRA5,-8.4,0
1,-10,M39237,M1,1,0,Cell Type Signatures,7,LAKE ADULT KIDNEY C18 COLLECTING DUCT PRINCIPAL CELLS MEDULLA,,-10,3.6,8.2,30293,322,879,34,3.9,0.65,677|1191|1832|1843|2512|2625|3486|3490|3773|3939|4254|4316|4651|5069|5230|5783|6277|6281|6303|6498|6590|6648|7046|7184|9516|9518|9588|10397|10628|51142|51473|55890|57509|157506,ZFP36L1|CLU|DSP|DUSP1|FTL|GATA3|IGFBP3|IGFBP7|KCNJ16|LDHA|KITLG|MMP7|MYO10|PAPPA|PGK1|PTPN13|S100A6|S100A10|SAT1|SKIL|SLPI|SOD2|TGFBR1|HSP90B1|LITAF|GDF15|PRDX6|NDRG1|TXNIP|CHCHD2|DCDC2|GPRC5C|MTUS1|RDH10,-8.2,0
1,-10,M39267,M1,1,0,Cell Type Signatures,7,HU FETAL RETINA MULLER,,-10,11,11,30293,42,879,13,1.5,0.41,677|1152|1191|2173|3280|4651|4684|4826|6303|6657|7431|9068|56937,ZFP36L1|CKB|CLU|FABP7|HES1|MYO10|NCAM1|NNAT|SAT1|SOX2|VIM|ANGPTL1|PMEPA1,-8.2,0
1,-9.8,M39171,M1,1,0,Cell Type Signatures,7,MURARO PANCREAS PANCREATIC POLYPEPTIDE CELL,,-9.8,5.1,8.9,30293,155,879,23,2.6,0.54,780|1959|2244|3164|4094|4211|4821|5066|5080|5100|6695|7857|9590|11075|23089|26298|54596|55790|83604|84858|90427|389432|100463486,DDR1|EGR2|FGB|NR4A1|MAF|MEIS1|NKX2-2|PAM|PAX6|PCDH8|SPOCK1|SCG2|AKAP12|STMN2|PEG10|EHF|L1TD1|CSGALNACT1|TMEM47|ZNF503|BMF|SAMD5|MTRNR2L8,-8.1,0
1,-9.7,M39227,M1,1,0,Cell Type Signatures,7,LAKE ADULT KIDNEY C8 DECENDING THIN LIMB,,-9.7,3.8,8.2,30293,278,879,31,3.5,0.62,677|710|1004|1052|1191|1832|2512|3091|3490|3673|3939|4316|4502|5230|5352|6277|6281|6303|6590|6648|7052|7168|7184|7364|7980|8854|9411|9516|9518|10628|26298,ZFP36L1|SERPING1|CDH6|CEBPD|CLU|DSP|FTL|HIF1A|IGFBP7|ITGA2|LDHA|MMP7|MT2A|PGK1|PLOD2|S100A6|S100A10|SAT1|SLPI|SOD2|TGM2|TPM1|HSP90B1|UGT2B7|TFPI2|ALDH1A2|ARHGAP29|LITAF|GDF15|TXNIP|EHF,-8,0
1,-9.7,M39266,M1,1,0,Cell Type Signatures,7,HU FETAL RETINA MICROGLIA,,-9.7,3.3,7.9,30293,382,879,37,4.2,0.68,60|677|718|861|1052|1843|2030|2512|2621|3055|3122|3576|3689|3726|4094|4616|5216|5329|5996|6303|6446|6515|6850|8804|10019|10320|10628|11010|11031|23406|29116|56944|79365|91010|115207|140885|340061,ACTB|ZFP36L1|C3|RUNX1|CEBPD|DUSP1|SLC29A1|FTL|GAS6|HCK|HLA-DRA|CXCL8|ITGB2|JUNB|MAF|GADD45B|PFN1|PLAUR|RGS1|SAT1|SGK1|SLC2A3|SYK|CREG1|SH2B3|IKZF1|TXNIP|GLIPR1|RAB31|COTL1|MYLIP|OLFML3|BHLHE41|FMNL3|KCTD12|SIRPA|STING1,-7.9,0
1,-9.6,M41651,M1,1,0,Cell Type Signatures,7,TRAVAGLINI LUNG BASAL CELL,,-9.6,4.6,8.5,30293,188,879,25,2.8,0.56,894|1191|1634|2034|2192|2817|3038|3075|3485|3487|3490|3673|3726|3939|4082|4502|4609|5176|6662|8407|8519|10630|11005|84171|644943,CCND2|CLU|DCN|EPAS1|FBLN1|GPC1|HAS3|CFH|IGFBP2|IGFBP4|IGFBP7|ITGA2|JUNB|LDHA|MARCKS|MT2A|MYC|SERPINF1|SOX9|TAGLN2|IFITM1|PDPN|SPINK5|LOXL4|RASSF10,-7.8,0
1,-9.6,M39301,M1,1,0,Cell Type Signatures,7,CUI DEVELOPING HEART C4 ENDOTHELIAL CELL,,-9.6,5.2,8.8,30293,146,879,22,2.5,0.53,1003|1910|2296|2321|3280|3487|4907|5360|6578|7010|7052|7075|7123|8613|8829|9411|10631|51129|57007|57211|80781|115908,CDH5|EDNRB|FOXC1|FLT1|HES1|IGFBP4|NT5E|PLTP|SLCO2A1|TEK|TGM2|TIE1|CLEC3B|PLPP3|NRP1|ARHGAP29|POSTN|ANGPTL4|ACKR3|ADGRG6|COL18A1|CTHRC1,-7.8,0
1,-9.5,M39269,M1,1,0,Cell Type Signatures,7,HU FETAL RETINA RGC,,-9.5,3.1,7.7,30293,443,879,40,4.6,0.7,794|1123|1381|1993|2273|3638|3728|3800|3925|3939|4185|4345|4684|4741|4747|4858|4897|5230|5502|5865|6281|6319|6664|7852|9537|11031|11075|11281|23462|29114|54674|56896|56967|84969|117154|147381|165215|222553|252995|253738,CALB2|CHN1|CRABP1|ELAVL2|FHL1|INSIG1|JUP|KIF5C|STMN1|LDHA|ADAM11|CD200|NCAM1|NEFM|NEFL|NOVA2|NRCAM|PGK1|PPP1R1A|RAB3B|S100A10|SCD|SOX11|CXCR4|TP53I11|RAB31|STMN2|POU6F2|HEY1|TAGLN3|LRRN3|DPYSL5|C14orf132|TOX2|DACH2|CBLN2|FAM171B|SLC35F1|FNDC5|EBF3,-7.8,0
1,-9.5,M39229,M1,1,0,Cell Type Signatures,7,LAKE ADULT KIDNEY C10 THIN ASCENDING LIMB,,-9.5,3.4,7.9,30293,353,879,35,4,0.66,710|1052|1266|1368|2012|2512|3091|3673|3855|3939|4502|4616|5230|5352|5919|6277|6281|6303|6493|6590|6648|7052|7184|8613|8870|9180|9194|9369|9516|9518|9588|10628|11343|54206|57509,SERPING1|CEBPD|CNN3|CPM|EMP1|FTL|HIF1A|ITGA2|KRT7|LDHA|MT2A|GADD45B|PGK1|PLOD2|RARRES2|S100A6|S100A10|SAT1|SIM2|SLPI|SOD2|TGM2|HSP90B1|PLPP3|IER3|OSMR|SLC16A7|NRXN3|LITAF|GDF15|PRDX6|TXNIP|MGLL|ERRFI1|MTUS1,-7.7,0
1,-9.4,M40018,M1,1,0,Cell Type Signatures,7,BUSSLINGER GASTRIC G CELLS,,-9.4,6.3,9.1,30293,98,879,18,2,0.48,288|1832|4038|4082|4821|5066|5080|5865|6752|7033|7857|8470|8618|10611|28959|115207|130399|389432,ANK3|DSP|LRP4|MARCKS|NKX2-2|PAM|PAX6|RAB3B|SSTR2|TFF3|SCG2|SORBS2|CADPS|PDLIM5|TMEM176B|KCTD12|ACVR1C|SAMD5,-7.6,0
1,-9.4,M41704,M1,1,0,Cell Type Signatures,7,FAN OVARY CL2 PUTATIVE EARLY ATRETIC FOLLICLE THECAL CELL 1,,-9.4,6.3,9.1,30293,98,879,18,2,0.48,677|710|730|1052|1634|1843|3280|3488|3726|4060|4239|4681|4969|5176|5919|6277|6414|54541,ZFP36L1|SERPING1|C7|CEBPD|DCN|DUSP1|HES1|IGFBP5|JUNB|LUM|MFAP4|NBL1|OGN|SERPINF1|RARRES2|S100A6|SELENOP|DDIT4,-7.6,0
1,-9.3,M39168,M1,1,0,Cell Type Signatures,7,MURARO PANCREAS ALPHA CELL,,-9.3,2.8,7.4,30293,568,879,46,5.2,0.75,1152|1191|1501|2030|3925|4045|4345|4651|4897|5066|5080|5144|5270|5502|5799|5865|5999|6489|6542|6752|7857|8614|8618|10082|10370|10376|10602|11075|23089|23114|23406|28959|55203|55603|55790|56884|64093|79192|83539|84171|115207|130399|145741|169026|340542|388125,CKB|CLU|CTNND2|SLC29A1|STMN1|LSAMP|CD200|MYO10|NRCAM|PAM|PAX6|PDE4D|SERPINE2|PPP1R1A|PTPRN2|RAB3B|RGS4|ST8SIA1|SLC7A2|SSTR2|SCG2|STC2|CADPS|GPC6|CITED2|TUBA1B|CDC42EP3|STMN2|PEG10|NFASC|COTL1|TMEM176B|LGI2|TENT5A|CSGALNACT1|FSTL5|SMOC1|IRX1|CHST9|LOXL4|KCTD12|ACVR1C|C2CD4A|SLC30A8|BEX5|C2CD4B,-7.6,0
1,-9.2,M39305,M1,1,0,Cell Type Signatures,7,CUI DEVELOPING HEART C8 MACROPHAGE,,-9.2,3.8,7.9,30293,275,879,30,3.4,0.61,677|861|1052|1839|1843|2162|3055|3122|3576|3689|3726|4094|4616|5329|5996|6446|6515|6648|6850|7852|8804|8870|9516|10019|10320|11010|11031|23406|140885|284207,ZFP36L1|RUNX1|CEBPD|HBEGF|DUSP1|F13A1|HCK|HLA-DRA|CXCL8|ITGB2|JUNB|MAF|GADD45B|PLAUR|RGS1|SGK1|SLC2A3|SOD2|SYK|CXCR4|CREG1|IER3|LITAF|SH2B3|IKZF1|GLIPR1|RAB31|COTL1|SIRPA|METRNL,-7.5,0
1,-9.2,M39221,M1,1,0,Cell Type Signatures,7,LAKE ADULT KIDNEY C2 PODOCYTES,,-9.2,4.2,8.1,30293,212,879,26,3,0.57,571|1028|1490|2195|3672|4311|4642|4868|5066|5783|6695|7049|7402|8633|9037|10082|10611|10763|23114|23213|23362|27115|51232|79026|79822|117154,BACH1|CDKN1C|CCN2|FAT1|ITGA1|MME|MYO1D|NPHS1|PAM|PTPN13|SPOCK1|TGFBR3|UTRN|UNC5C|SEMA5A|GPC6|PDLIM5|NES|NFASC|SULF1|PSD3|PDE7B|CRIM1|AHNAK|ARHGAP28|DACH2,-7.4,0
1,-9.1,M39161,M1,1,0,Cell Type Signatures,7,GAO LARGE INTESTINE ADULT CA ENTEROENDOCRINE CELLS,,-9.1,3.5,7.8,30293,312,879,32,3.6,0.63,55|730|1296|1501|3486|3800|4747|4821|5066|5080|5999|6372|6542|6695|7134|7857|8618|8829|10098|11075|23089|23114|25817|26040|55350|64093|83445|122060|124925|147381|347902|388125,ACP3|C7|COL8A2|CTNND2|IGFBP3|KIF5C|NEFL|NKX2-2|PAM|PAX6|RGS4|CXCL6|SLC7A2|SPOCK1|TNNC1|SCG2|CADPS|NRP1|TSPAN5|STMN2|PEG10|NFASC|TAFA5|SETBP1|VNN3P|SMOC1|GSG1|SLAIN1|SEZ6|CBLN2|AMIGO2|C2CD4B,-7.4,0
1,-9.1,M40216,M1,1,0,Cell Type Signatures,7,DESCARTES FETAL INTESTINE STROMAL CELLS,,-9.1,10,10,30293,40,879,12,1.4,0.39,2151|2192|2567|4038|4060|4593|9547|10417|22801|51334|79953|140766,F2RL2|FBLN1|GABRG3|LRP4|LUM|MUSK|CXCL14|SPON2|ITGA11|PRR16|SYNDIG1|ADAMTS14,-7.4,0
1,-9,M41713,M1,1,0,Cell Type Signatures,7,FAN OVARY CL11 MURAL GRANULOSA CELL,,-9,3,7.5,30293,443,879,39,4.4,0.69,586|894|1000|1052|1152|1462|1490|1832|2355|2697|3091|3485|3491|4082|4651|5270|5292|5327|5352|6319|6414|6424|6446|6526|6624|7057|7431|8507|8660|10370|10468|10611|11031|25805|51313|51330|54749|55366|55603,BCAT1|CCND2|CDH2|CEBPD|CKB|VCAN|CCN2|DSP|FOSL2|GJA1|HIF1A|IGFBP2|CCN1|MARCKS|MYO10|SERPINE2|PIM1|PLAT|PLOD2|SCD|SELENOP|SFRP4|SGK1|SLC5A3|FSCN1|THBS1|VIM|ENC1|IRS2|CITED2|FST|PDLIM5|RAB31|BAMBI|GASK1B|TNFRSF12A|EPDR1|LGR4|TENT5A,-7.3,0
1,-9,M39115,M1,1,0,Cell Type Signatures,7,AIZARANI LIVER C11 HEPATOCYTES 1,,-9,3.6,7.8,30293,298,879,31,3.5,0.62,12|19|445|710|718|729|1191|1356|2244|3075|3290|3485|3638|3698|4129|4495|4502|4837|5054|5176|5502|5919|6319|6542|7364|8876|9588|10216|28959|54206|134147,SERPINA3|ABCA1|ASS1|SERPING1|C3|C6|CLU|CP|FGB|CFH|HSD11B1|IGFBP2|INSIG1|ITIH2|MAOB|MT1G|MT2A|NNMT|SERPINE1|SERPINF1|PPP1R1A|RARRES2|SCD|SLC7A2|UGT2B7|VNN1|PRDX6|PRG4|TMEM176B|ERRFI1|CMBL,-7.3,0
1,-9,M41653,M1,1,0,Cell Type Signatures,7,TRAVAGLINI LUNG DIFFERENTIATING BASAL CELL,,-9,4.8,8.3,30293,157,879,22,2.5,0.53,301|445|2034|2192|3486|3487|4082|5176|5307|6382|6657|7103|8553|10752|11170|23462|26298|53947|54477|54541|79949|83539,ANXA1|ASS1|EPAS1|FBLN1|IGFBP3|IGFBP4|MARCKS|SERPINF1|PITX1|SDC1|SOX2|TSPAN8|BHLHE40|CHL1|FAM107A|HEY1|EHF|A4GALT|PLEKHA5|DDIT4|PLEKHS1|CHST9,-7.3,0
1,-8.9,M41666,M1,1,0,Cell Type Signatures,7,TRAVAGLINI LUNG CAPILLARY INTERMEDIATE 1 CELL,,-8.9,4.8,8.3,30293,158,879,22,2.5,0.53,301|677|1003|1030|1266|1910|2273|2294|3575|3672|3675|4638|4739|5054|5328|6446|6781|7049|7078|28231|56243|59277,ANXA1|ZFP36L1|CDH5|CDKN2B|CNN3|EDNRB|FHL1|FOXF1|IL7R|ITGA1|ITGA3|MYLK|NEDD9|SERPINE1|PLAU|SGK1|STC1|TGFBR3|TIMP3|SLCO4A1|KIAA1217|NTN4,-7.2,0
1,-8.8,M39203,M1,1,0,Cell Type Signatures,7,HAY BONE MARROW NEUTROPHIL,,-8.8,3,7.4,30293,449,879,39,4.4,0.69,60|301|1462|1843|1955|2069|2355|3176|3576|5055|5329|6277|6281|6515|7040|7057|7138|7431|8660|8804|8876|9123|10602|11010|11031|23092|26253|28959|51313|55350|55701|58480|79026|79572|79772|79971|83716|115207|140885,ACTB|ANXA1|VCAN|DUSP1|MEGF9|EREG|FOSL2|HNMT|CXCL8|SERPINB2|PLAUR|S100A6|S100A10|SLC2A3|TGFB1|THBS1|TNNT1|VIM|IRS2|CREG1|VNN1|SLC16A3|CDC42EP3|GLIPR1|RAB31|ARHGAP26|CLEC4E|TMEM176B|GASK1B|VNN3P|ARHGEF40|RHOU|AHNAK|ATP13A3|MCTP1|WLS|CRISPLD2|KCTD12|SIRPA,-7.1,0
1,-8.8,M41672,M1,1,0,Cell Type Signatures,7,TRAVAGLINI LUNG VASCULAR SMOOTH MUSCLE CELL,,-8.8,7.9,9.3,30293,61,879,14,1.6,0.42,59|633|1004|1266|2034|2615|3490|3672|4638|6876|7168|8490|9037|51232,ACTA2|BGN|CDH6|CNN3|EPAS1|LRRC32|IGFBP7|ITGA1|MYLK|TAGLN|TPM1|RGS5|SEMA5A|CRIM1,-7.1,0
1,-8.7,M40199,M1,1,0,Cell Type Signatures,7,DESCARTES FETAL HEART STROMAL CELLS,,-8.7,11,10,30293,34,879,11,1.3,0.37,1634|2192|3671|4060|5176|5764|6356|9068|9509|10350|203447,DCN|FBLN1|ISLR|LUM|SERPINF1|PTN|CCL11|ANGPTL1|ADAMTS2|ABCA9|NRK,-7.1,0
1,-8.6,M39308,M1,1,0,Cell Type Signatures,7,CUI DEVELOPING HEART TRABECULAR ATRIAL CARDIOMYOCYTE,,-8.6,4.4,8,30293,179,879,23,2.6,0.54,284|1000|1832|2195|2201|2817|4008|4211|4684|5033|5066|5352|6319|6513|7078|7184|10763|22795|51330|54477|79572|79971|80781,ANGPT1|CDH2|DSP|FAT1|FBN2|GPC1|LMO7|MEIS1|NCAM1|P4HA1|PAM|PLOD2|SCD|SLC2A1|TIMP3|HSP90B1|NES|NID2|TNFRSF12A|PLEKHA5|ATP13A3|WLS|COL18A1,-6.9,0
1,-8.6,M40217,M1,1,0,Cell Type Signatures,7,DESCARTES FETAL INTESTINE MESOTHELIAL CELLS,,-8.6,6.5,8.8,30293,85,879,16,1.8,0.45,718|1296|1301|3075|3675|4868|5730|5740|6590|7138|7490|8854|51200|223117|342527|386617,C3|COL8A2|COL11A1|CFH|ITGA3|NPHS1|PTGDS|PTGIS|SLPI|TNNT1|WT1|ALDH1A2|CPA4|SEMA3D|SMTNL2|KCTD8,-6.9,0
1,-8.6,M39319,M1,1,0,Cell Type Signatures,7,CUI DEVELOPING HEART ENDOCARDIAL CELL,,-8.6,8.5,9.4,30293,53,879,13,1.5,0.41,2043|2151|2296|4232|4907|10631|51129|51435|56944|57211|64093|80781|115908,EPHA4|F2RL2|FOXC1|MEST|NT5E|POSTN|ANGPTL4|SCARA3|OLFML3|ADGRG6|SMOC1|COL18A1|CTHRC1,-6.9,0
1,-8.5,M39310,M1,1,0,Cell Type Signatures,7,CUI DEVELOPING HEART TRABECULAR VENTRICULAR CARDIOMYOCYTE,,-8.5,5.6,8.4,30293,110,879,18,2,0.48,284|1462|1490|1827|1839|3280|3491|3638|6319|6498|6513|7138|8091|23462|51330|80310|167410|342527,ANGPT1|VCAN|CCN2|RCAN1|HBEGF|HES1|CCN1|INSIG1|SCD|SKIL|SLC2A1|TNNT1|HMGA2|HEY1|TNFRSF12A|PDGFD|LIX1|SMTNL2,-6.9,0
1,-8.5,M40249,M1,1,0,Cell Type Signatures,7,DESCARTES FETAL LUNG VISCERAL NEURONS,,-8.5,4.1,7.7,30293,212,879,25,2.8,0.56,1004|1381|4741|5080|5454|5455|8128|9229|9758|10468|10752|11075|23017|53942|54212|56896|59284|64478|80274|84466|84502|90523|114795|124925|729993,CDH6|CRABP1|NEFM|PAX6|POU3F2|POU3F3|ST8SIA2|DLGAP1|FRMPD4|FST|CHL1|STMN2|FAIM2|CNTN5|SNTG1|DPYSL5|CACNG7|CSMD1|SCUBE1|MEGF10|JPH4|MLIP|TMEM132B|SEZ6|SHISA9,-6.8,0
1,-8.4,M40262,M1,1,0,Cell Type Signatures,7,DESCARTES FETAL PANCREAS CCL19 CCL21 POSITIVE CELLS,,-8.4,7.4,9,30293,65,879,14,1.6,0.42,1294|3225|3371|4948|5730|6387|8600|9547|51050|55203|79924|91156|115701|148113,COL7A1|HOXC9|TNC|OCA2|PTGDS|CXCL12|TNFSF11|CXCL14|PI15|LGI2|ADM2|IGFN1|ALPK2|CILP2,-6.7,0
1,-8.4,M41719,M1,1,0,Cell Type Signatures,7,FAN OVARY CL17 PUTATIVE APOPTOTIC SMOOTH MUSCLE CELL,,-8.4,3.9,7.6,30293,231,879,26,3,0.57,59|633|1465|2034|3164|3490|3939|4502|4616|4638|5764|6876|7078|7168|7262|8490|8870|9516|9590|10376|10611|51330|80781|83643|83716|387763,ACTA2|BGN|CSRP1|EPAS1|NR4A1|IGFBP7|LDHA|MT2A|GADD45B|MYLK|PTN|TAGLN|TIMP3|TPM1|PHLDA2|RGS5|IER3|LITAF|AKAP12|TUBA1B|PDLIM5|TNFRSF12A|COL18A1|CCDC3|CRISPLD2|C11orf96,-6.7,0
1,-8.2,M39119,M1,1,0,Cell Type Signatures,7,AIZARANI LIVER C17 HEPATOCYTES 3,,-8.2,5.7,8.3,30293,102,879,17,1.9,0.46,12|19|710|718|1191|1356|2244|3075|3485|4502|4837|5054|5176|5919|6288|7364|28959,SERPINA3|ABCA1|SERPING1|C3|CLU|CP|FGB|CFH|IGFBP2|MT2A|NNMT|SERPINE1|SERPINF1|RARRES2|SAA1|UGT2B7|TMEM176B,-6.6,0
1,-8.2,M39259,M1,1,0,Cell Type Signatures,7,MENON FETAL KIDNEY 9 ENDOTHELIAL CELLS,,-8.2,5.7,8.3,30293,102,879,17,1.9,0.46,2321|3339|3487|3488|3977|4082|6277|7078|7122|7837|8613|8829|9411|10376|10763|23406|64123,FLT1|HSPG2|IGFBP4|IGFBP5|LIFR|MARCKS|S100A6|TIMP3|CLDN5|PXDN|PLPP3|NRP1|ARHGAP29|TUBA1B|NES|COTL1|ADGRL4,-6.6,0
1,-8.1,M39033,M1,1,0,Cell Type Signatures,7,FAN EMBRYONIC CTX ASTROCYTE 1,,-8.1,6.5,8.5,30293,79,879,15,1.7,0.44,1634|1734|2173|2670|3371|3730|4038|5080|7852|9068|9547|11170|23209|23462|140885,DCN|DIO2|FABP7|GFAP|TNC|ANOS1|LRP4|PAX6|CXCR4|ANGPTL1|CXCL14|FAM107A|MLC1|HEY1|SIRPA,-6.5,0
1,-8.1,M41705,M1,1,0,Cell Type Signatures,7,FAN OVARY CL3 MATURE CUMULUS GRANULOSA CELL 1,,-8.1,3.7,7.4,30293,254,879,27,3.1,0.58,894|1000|1152|1462|1832|2697|3091|3339|3485|3490|3925|4082|4129|5010|5178|5270|6319|6414|6424|6526|6624|7057|10351|10468|25805|51313|54749,CCND2|CDH2|CKB|VCAN|DSP|GJA1|HIF1A|HSPG2|IGFBP2|IGFBP7|STMN1|MARCKS|MAOB|CLDN11|PEG3|SERPINE2|SCD|SELENOP|SFRP4|SLC5A3|FSCN1|THBS1|ABCA8|FST|BAMBI|GASK1B|EPDR1,-6.5,0
1,-8.1,M39124,M1,1,0,Cell Type Signatures,7,AIZARANI LIVER C23 KUPFFER CELLS 3,,-8.1,3.9,7.5,30293,221,879,25,2.8,0.56,60|301|597|1462|1955|2069|3055|3576|3689|5329|6277|6281|6303|6515|6648|7057|7431|8660|9517|10602|11031|23406|26253|57573|115207,ACTB|ANXA1|BCL2A1|VCAN|MEGF9|EREG|HCK|CXCL8|ITGB2|PLAUR|S100A6|S100A10|SAT1|SLC2A3|SOD2|THBS1|VIM|IRS2|SPTLC2|CDC42EP3|RAB31|COTL1|CLEC4E|ZNF471|KCTD12,-6.5,0
1,-8.1,M40010,M1,1,0,Cell Type Signatures,7,BUSSLINGER GASTRIC ISTHMUS CELLS,,-8.1,2.9,6.9,30293,458,879,38,4.3,0.69,1545|1728|1832|3280|3728|3925|3949|3955|4008|4082|4651|5205|5216|5792|5874|6277|6281|6319|6382|6819|6850|7103|7168|7184|7262|8407|8553|8870|10376|11005|11343|22874|23362|51142|55603|79026|79789|134147,CYP1B1|NQO1|DSP|HES1|JUP|STMN1|LDLR|LFNG|LMO7|MARCKS|MYO10|ATP8B1|PFN1|PTPRF|RAB27B|S100A6|S100A10|SCD|SDC1|SULT1C2|SYK|TSPAN8|TPM1|HSP90B1|PHLDA2|TAGLN2|BHLHE40|IER3|TUBA1B|SPINK5|MGLL|PLEKHA6|PSD3|CHCHD2|TENT5A|AHNAK|CLMN|CMBL,-6.5,0
1,-8,M39236,M1,1,0,Cell Type Signatures,7,LAKE ADULT KIDNEY C17 COLLECTING SYSTEM PCS STRESSED DISSOC SUBSET,,-8,3.7,7.3,30293,240,879,26,3,0.57,288|571|1843|3091|3164|3488|3638|3673|3949|4281|4642|4651|5144|6303|7078|7184|9518|10397|25841|51473|55790|56243|57509|79026|79789|80781,ANK3|BACH1|DUSP1|HIF1A|NR4A1|IGFBP5|INSIG1|ITGA2|LDLR|MID1|MYO1D|MYO10|PDE4D|SAT1|TIMP3|HSP90B1|GDF15|NDRG1|ABTB2|DCDC2|CSGALNACT1|KIAA1217|MTUS1|AHNAK|CLMN|COL18A1,-6.4,0
1,-8,M39064,M1,1,0,Cell Type Signatures,7,MANNO MIDBRAIN NEUROTYPES HNBML1,,-8,3.3,7.1,30293,328,879,31,3.5,0.62,288|1993|2823|3728|3800|3925|4684|4826|5454|6492|6664|8618|9644|9891|10371|11075|22874|23114|23263|29114|55638|58480|59284|80274|84502|114795|147381|153020|253738|389432|494470,ANK3|ELAVL2|GPM6A|JUP|KIF5C|STMN1|NCAM1|NNAT|POU3F2|SIM1|SOX11|CADPS|SH3PXD2A|NUAK1|SEMA3A|STMN2|PLEKHA6|NFASC|MCF2L|TAGLN3|SYBU|RHOU|CACNG7|SCUBE1|JPH4|TMEM132B|CBLN2|RASGEF1B|EBF3|SAMD5|ARK2C,-6.4,0
1,-7.9,M41655,M1,1,0,Cell Type Signatures,7,TRAVAGLINI LUNG GOBLET CELL,,-7.9,4.7,7.7,30293,148,879,20,2.3,0.5,445|718|1356|3486|3855|5066|6303|6372|6558|6590|7052|7103|9536|10611|10752|53947|79949|84419|116496|157506,ASS1|C3|CP|IGFBP3|KRT7|PAM|SAT1|CXCL6|SLC12A2|SLPI|TGM2|TSPAN8|PTGES|PDLIM5|CHL1|A4GALT|PLEKHS1|C15orf48|NIBAN1|RDH10,-6.3,0
1,-7.9,M39118,M1,1,0,Cell Type Signatures,7,AIZARANI LIVER C14 HEPATOCYTES 2,,-7.9,3.8,7.3,30293,226,879,25,2.8,0.56,12|445|710|718|1191|1356|2244|2512|3075|3487|3638|3939|4495|4502|4837|5176|5919|6288|6289|6319|7364|9588|10216|28959|134147,SERPINA3|ASS1|SERPING1|C3|CLU|CP|FGB|FTL|CFH|IGFBP4|INSIG1|LDHA|MT1G|MT2A|NNMT|SERPINF1|RARRES2|SAA1|SAA2|SCD|UGT2B7|PRDX6|PRG4|TMEM176B|CMBL,-6.3,0
1,-7.9,M41652,M1,1,0,Cell Type Signatures,7,TRAVAGLINI LUNG PROXIMAL BASAL CELL,,-7.9,2.5,6.7,30293,629,879,46,5.2,0.75,301|677|780|1592|1843|2034|2192|3176|3280|3371|3485|3486|3487|3671|3673|3726|3728|4082|5083|5176|5214|5230|5307|5764|6382|6657|7103|8553|8784|9037|9588|10252|10628|10631|10752|11170|23462|26298|27242|53947|54477|54541|79026|83539|254295|359948,ANXA1|ZFP36L1|DDR1|CYP26A1|DUSP1|EPAS1|FBLN1|HNMT|HES1|TNC|IGFBP2|IGFBP3|IGFBP4|ISLR|ITGA2|JUNB|JUP|MARCKS|PAX9|SERPINF1|PFKP|PGK1|PITX1|PTN|SDC1|SOX2|TSPAN8|BHLHE40|TNFRSF18|SEMA5A|PRDX6|SPRY1|TXNIP|POSTN|CHL1|FAM107A|HEY1|EHF|TNFRSF21|A4GALT|PLEKHA5|DDIT4|AHNAK|CHST9|PHYHD1|IRF2BP2,-6.3,0
1,-7.8,M40209,M1,1,0,Cell Type Signatures,7,DESCARTES FETAL INTESTINE SMOOTH MUSCLE CELLS,,-7.8,8.3,8.9,30293,50,879,12,1.4,0.39,59|1674|2252|3736|4638|6876|8490|10468|25884|25903|50863|93649,ACTA2|DES|FGF7|KCNA1|MYLK|TAGLN|RGS5|FST|CHRDL2|OLFML2B|NTM|MYOCD,-6.2,0
1,-7.8,M39072,M1,1,0,Cell Type Signatures,7,MANNO MIDBRAIN NEUROTYPES HSERT,,-7.8,2.8,6.8,30293,450,879,37,4.2,0.68,1006|1012|1620|1993|2334|2624|2625|2823|3800|4232|4684|5178|5214|5865|6529|6656|6695|6752|7857|9467|9758|10154|10512|11075|23114|23263|25817|54769|55638|59283|80852|84502|84623|115908|124925|147381|340542,CDH8|CDH13|BRINP1|ELAVL2|AFF2|GATA2|GATA3|GPM6A|KIF5C|MEST|NCAM1|PEG3|PFKP|RAB3B|SLC6A1|SOX1|SPOCK1|SSTR2|SCG2|SH3BP5|FRMPD4|PLXNC1|SEMA3C|STMN2|NFASC|MCF2L|TAFA5|DIRAS2|SYBU|CACNG8|GRIP2|JPH4|KIRREL3|CTHRC1|SEZ6|CBLN2|BEX5,-6.2,0
1,-7.7,M39241,M1,1,0,Cell Type Signatures,7,LAKE ADULT KIDNEY C22 ENDOTHELIAL CELLS GLOMERULAR CAPILLARIES,,-7.7,4.8,7.7,30293,137,879,19,2.2,0.49,1012|2034|2321|3488|3672|3977|5327|6578|7010|7078|7402|7704|8470|8613|9590|23092|56243|59277|83857,CDH13|EPAS1|FLT1|IGFBP5|ITGA1|LIFR|PLAT|SLCO2A1|TEK|TIMP3|UTRN|ZBTB16|SORBS2|PLPP3|AKAP12|ARHGAP26|KIAA1217|NTN4|TMTC1,-6.2,0
1,-7.7,M40192,M1,1,0,Cell Type Signatures,7,DESCARTES FETAL HEART EPICARDIAL FAT CELLS,,-7.7,5.3,7.9,30293,110,879,17,1.9,0.46,718|768|2202|2326|3488|3855|4868|6425|6492|6590|7490|10216|50937|51200|79412|147381|386617,C3|CA9|EFEMP1|FMO1|IGFBP5|KRT7|NPHS1|SFRP5|SIM1|SLPI|WT1|PRG4|CDON|CPA4|KREMEN2|CBLN2|KCTD8,-6.1,0
1,-7.7,M41694,M1,1,0,Cell Type Signatures,7,TRAVAGLINI LUNG PLASMACYTOID DENDRITIC CELL,,-7.7,5.3,7.8,30293,111,879,17,1.9,0.46,165|1601|2621|3925|5176|6689|6850|8140|8829|9537|10019|11343|23225|27242|56937|84969|90427,AEBP1|DAB2|GAS6|STMN1|SERPINF1|SPIB|SYK|SLC7A5|NRP1|TP53I11|SH2B3|MGLL|NUP210|TNFRSF21|PMEPA1|TOX2|BMF,-6.1,0
1,-7.6,M39230,M1,1,0,Cell Type Signatures,7,LAKE ADULT KIDNEY C11 THIN ASCENDING LIMB,,-7.6,4.3,7.4,30293,169,879,21,2.4,0.52,861|1368|3091|3673|4502|5352|6277|6303|6648|7364|8854|9194|9369|10082|11343|26011|27115|54206|57509|79623|80781,RUNX1|CPM|HIF1A|ITGA2|MT2A|PLOD2|S100A6|SAT1|SOD2|UGT2B7|ALDH1A2|SLC16A7|NRXN3|GPC6|MGLL|TENM4|PDE7B|ERRFI1|MTUS1|GALNT14|COL18A1,-6.1,0
1,-7.6,M39248,M1,1,0,Cell Type Signatures,7,LAKE ADULT KIDNEY C29 UNKNOWN NOVEL PT CFH POS SUBPOPULATION S2,,-7.6,6,8,30293,86,879,15,1.7,0.44,1490|3075|4739|7168|7402|7704|8854|9411|27115|51232|51473|54796|55195|79623|440712,CCN2|CFH|NEDD9|TPM1|UTRN|ZBTB16|ALDH1A2|ARHGAP29|PDE7B|CRIM1|DCDC2|BNC2|CCDC198|GALNT14|RHEX,-6,0
1,-7.6,M40004,M1,1,0,Cell Type Signatures,7,BUSSLINGER ESOPHAGEAL LATE SUPRABASAL CELLS,,-7.6,4.7,7.5,30293,140,879,19,2.2,0.49,60|301|1030|1266|1832|2706|3728|5055|5493|6281|6319|6382|6590|6648|10397|11005|11343|79026|374897,ACTB|ANXA1|CDKN2B|CNN3|DSP|GJB2|JUP|SERPINB2|PPL|S100A10|SCD|SDC1|SLPI|SOD2|NDRG1|SPINK5|MGLL|AHNAK|SBSN,-6,0
1,-7.5,M39261,M1,1,0,Cell Type Signatures,7,HU FETAL RETINA AMACRINE,,-7.5,7,8.3,30293,64,879,13,1.5,0.41,288|1381|2823|3925|4211|4826|5080|8829|9369|11075|29114|54769|120114,ANK3|CRABP1|GPM6A|STMN1|MEIS1|NNAT|PAX6|NRP1|NRXN3|STMN2|TAGLN3|DIRAS2|FAT3,-5.9,0
1,-7.4,M41744,M1,1,0,Cell Type Signatures,7,RUBENSTEIN SKELETAL MUSCLE PERICYTES,,-7.4,4.5,7.4,30293,144,879,19,2.2,0.49,59|710|1266|1281|1293|1368|2621|3280|3490|4023|4502|6387|6876|7026|7078|7168|8490|10628|27242,ACTA2|SERPING1|CNN3|COL3A1|COL6A3|CPM|GAS6|HES1|IGFBP7|LPL|MT2A|CXCL12|TAGLN|NR2F2|TIMP3|TPM1|RGS5|TXNIP|TNFRSF21,-5.8,0
1,-7.4,M41689,M1,1,0,Cell Type Signatures,7,TRAVAGLINI LUNG BASOPHIL MAST 1 CELL,,-7.4,3.4,6.8,30293,276,879,27,3.1,0.58,301|969|1191|1359|1368|1843|2034|2624|3925|3976|4129|5327|5742|5874|5996|7078|7431|8038|8553|9588|27242|28959|50863|51330|53346|80781|113146,ANXA1|CD69|CLU|CPA3|CPM|DUSP1|EPAS1|GATA2|STMN1|LIF|MAOB|PLAT|PTGS1|RAB27B|RGS1|TIMP3|VIM|ADAM12|BHLHE40|PRDX6|TNFRSF21|TMEM176B|NTM|TNFRSF12A|TM6SF1|COL18A1|AHNAK2,-5.8,0
1,-7.3,M40175,M1,1,0,Cell Type Signatures,7,DESCARTES FETAL EYE CORNEAL AND CONJUNCTIVAL EPITHELIAL CELLS,,-7.3,3.5,6.9,30293,243,879,25,2.8,0.56,301|445|1030|1356|1832|2150|2706|3576|3726|3855|4616|5055|6277|6382|6590|7033|8507|8870|9052|9516|9518|9547|26298|53947|64787,ANXA1|ASS1|CDKN2B|CP|DSP|F2RL1|GJB2|CXCL8|JUNB|KRT7|GADD45B|SERPINB2|S100A6|SDC1|SLPI|TFF3|ENC1|IER3|GPRC5A|LITAF|GDF15|CXCL14|EHF|A4GALT|EPS8L2,-5.7,0
1,-7.2,M39065,M1,1,0,Cell Type Signatures,7,MANNO MIDBRAIN NEUROTYPES HRN,,-7.2,3.1,6.6,30293,335,879,30,3.4,0.61,288|1993|2823|3800|3925|4684|4826|5069|6664|8492|8507|8618|8707|9467|10512|10602|11075|11096|22874|23114|23263|29114|55638|84502|84620|114795|147381|253738|389432|440270,ANK3|ELAVL2|GPM6A|KIF5C|STMN1|NCAM1|NNAT|PAPPA|SOX11|PRSS12|ENC1|CADPS|B3GALT2|SH3BP5|SEMA3C|CDC42EP3|STMN2|ADAMTS5|PLEKHA6|NFASC|MCF2L|TAGLN3|SYBU|JPH4|ST6GAL2|TMEM132B|CBLN2|EBF3|SAMD5|GOLGA8B,-5.7,0
1,-7,M39243,M1,1,0,Cell Type Signatures,7,LAKE ADULT KIDNEY C24 ENDOTHELIAL CELLS AEA AND DVR,,-7,4.3,7.1,30293,152,879,19,2.2,0.49,1843|2012|2034|2321|2512|3122|7078|7122|7184|7402|7431|10611|23092|51232|57509|64123|79026|83857|115207,DUSP1|EMP1|EPAS1|FLT1|FTL|HLA-DRA|TIMP3|CLDN5|HSP90B1|UTRN|VIM|PDLIM5|ARHGAP26|CRIM1|MTUS1|ADGRL4|AHNAK|TMTC1|KCTD12,-5.5,0
1,-7,M39106,M1,1,0,Cell Type Signatures,7,AIZARANI LIVER C2 KUPFFER CELLS 1,,-7,3.8,6.8,30293,200,879,22,2.5,0.53,301|586|1368|2162|2512|3055|3122|3576|3689|5329|5996|6303|6446|6850|7431|8870|10019|10659|11031|23406|26253|115207,ANXA1|BCAT1|CPM|F13A1|FTL|HCK|HLA-DRA|CXCL8|ITGB2|PLAUR|RGS1|SAT1|SGK1|SYK|VIM|IER3|SH2B3|CELF2|RAB31|COTL1|CLEC4E|KCTD12,-5.5,0
1,-7,M41692,M1,1,0,Cell Type Signatures,7,TRAVAGLINI LUNG MACROPHAGE CELL,,-7,3.8,6.8,30293,201,879,22,2.5,0.53,597|710|1601|1839|2512|2921|3055|3176|3485|3569|3576|3624|4023|5329|6281|6648|7052|7431|11031|84419|140885|153020,BCL2A1|SERPING1|DAB2|HBEGF|FTL|CXCL3|HCK|HNMT|IGFBP2|IL6|CXCL8|INHBA|LPL|PLAUR|S100A10|SOD2|TGM2|VIM|RAB31|C15orf48|SIRPA|RASGEF1B,-5.4,0
1,-6.9,M39086,M1,1,0,Cell Type Signatures,7,ZHONG PFC HES1 POS C1 NPC,,-6.9,29,12,30293,6,879,5,0.57,0.25,677|3280|8091|23462|167410,ZFP36L1|HES1|HMGA2|HEY1|LIX1,-5.4,0
1,-6.9,M41746,M1,1,0,Cell Type Signatures,7,RUBENSTEIN SKELETAL MUSCLE SMOOTH MUSCLE CELLS,,-6.9,2.7,6.3,30293,445,879,35,4,0.66,59|60|633|845|1004|1152|1266|1368|1465|2273|2983|3280|3488|3490|3726|3939|4502|4616|4638|5764|6004|6876|7026|7168|7262|7431|8470|8490|9516|51232|55890|59277|80760|83643|387763,ACTA2|ACTB|BGN|CASQ2|CDH6|CKB|CNN3|CPM|CSRP1|FHL1|GUCY1B1|HES1|IGFBP5|IGFBP7|JUNB|LDHA|MT2A|GADD45B|MYLK|PTN|RGS16|TAGLN|NR2F2|TPM1|PHLDA2|VIM|SORBS2|RGS5|LITAF|CRIM1|GPRC5C|NTN4|ITIH5|CCDC3|C11orf96,-5.4,0
1,-6.9,M39044,M1,1,0,Cell Type Signatures,7,FAN EMBRYONIC CTX BRAIN MYELOID,,-6.9,4.5,7.1,30293,139,879,18,2,0.48,301|597|1462|3055|3122|4502|5329|6277|6281|7402|7431|7852|8764|9021|10628|23406|28959|55603,ANXA1|BCL2A1|VCAN|HCK|HLA-DRA|MT2A|PLAUR|S100A6|S100A10|UTRN|VIM|CXCR4|TNFRSF14|SOCS3|TXNIP|COTL1|TMEM176B|TENT5A,-5.4,0
1,-6.9,M40152,M1,1,0,Cell Type Signatures,7,DESCARTES FETAL ADRENAL VASCULAR ENDOTHELIAL CELLS,,-6.9,4.5,7.1,30293,139,879,18,2,0.48,1003|1012|1356|1906|2823|6578|7010|7075|7122|8613|8614|9411|9627|10265|11082|64123|64321|79623,CDH5|CDH13|CP|EDN1|GPM6A|SLCO2A1|TEK|TIE1|CLDN5|PLPP3|STC2|ARHGAP29|SNCAIP|IRX5|ESM1|ADGRL4|SOX17|GALNT14,-5.4,0
1,-6.8,M40024,M1,1,0,Cell Type Signatures,7,BUSSLINGER DUODENAL STEM CELLS,,-6.8,3.1,6.4,30293,311,879,28,3.2,0.59,677|768|894|1191|1832|1839|1906|3164|3280|4082|4495|4651|6558|6662|7103|8507|8870|9518|10628|23670|51142|54894|55920|64094|84152|84858|91461|359948,ZFP36L1|CA9|CCND2|CLU|DSP|HBEGF|EDN1|NR4A1|HES1|MARCKS|MT1G|MYO10|SLC12A2|SOX9|TSPAN8|ENC1|IER3|GDF15|TXNIP|CEMIP2|CHCHD2|RNF43|RCC2|SMOC2|PPP1R1B|ZNF503|PKDCC|IRF2BP2,-5.3,0
1,-6.8,M39022,M1,1,0,Cell Type Signatures,7,FAN EMBRYONIC CTX BIG GROUPS MICROGLIA,,-6.8,2.9,6.3,30293,371,879,31,3.5,0.62,677|718|1052|1601|1843|2621|3055|3689|3726|4094|4616|5176|5216|5742|5996|6299|6303|6850|8804|8870|10320|10630|11010|23406|54541|56944|79365|91010|115207|140885|340061,ZFP36L1|C3|CEBPD|DAB2|DUSP1|GAS6|HCK|ITGB2|JUNB|MAF|GADD45B|SERPINF1|PFN1|PTGS1|RGS1|SALL1|SAT1|SYK|CREG1|IER3|IKZF1|PDPN|GLIPR1|COTL1|DDIT4|OLFML3|BHLHE41|FMNL3|KCTD12|SIRPA|STING1,-5.3,0
1,-6.7,M41717,M1,1,0,Cell Type Signatures,7,FAN OVARY CL15 SMALL ANTRAL FOLLICLE GRANULOSA CELL,,-6.7,2.4,6,30293,645,879,44,5,0.74,60|586|861|894|1000|1152|1266|1490|1832|2355|2697|3091|3164|3280|3491|3925|4023|4232|4616|4651|5216|5270|5327|6281|6319|6446|6498|6558|6624|7057|7071|7184|7490|8507|10370|10611|10752|23024|25805|28959|29116|54749|55366|340542,ACTB|BCAT1|RUNX1|CCND2|CDH2|CKB|CNN3|CCN2|DSP|FOSL2|GJA1|HIF1A|NR4A1|HES1|CCN1|STMN1|LPL|MEST|GADD45B|MYO10|PFN1|SERPINE2|PLAT|S100A10|SCD|SGK1|SKIL|SLC12A2|FSCN1|THBS1|KLF10|HSP90B1|WT1|ENC1|CITED2|PDLIM5|CHL1|PDZRN3|BAMBI|TMEM176B|MYLIP|EPDR1|LGR4|BEX5,-5.2,0
1,-6.6,M40316,M1,1,0,Cell Type Signatures,7,DESCARTES FETAL THYMUS VASCULAR ENDOTHELIAL CELLS,,-6.6,4.5,6.9,30293,131,879,17,1.9,0.46,1306|2034|2321|4223|4858|7010|7052|7075|7122|9229|9411|9891|10371|10894|51313|64123|220441,COL15A1|EPAS1|FLT1|MEOX2|NOVA2|TEK|TGM2|TIE1|CLDN5|DLGAP1|ARHGAP29|NUAK1|SEMA3A|LYVE1|GASK1B|ADGRL4|RNF152,-5.1,0
1,-6.5,M40215,M1,1,0,Cell Type Signatures,7,DESCARTES FETAL INTESTINE VASCULAR ENDOTHELIAL CELLS,,-6.5,8,8,30293,43,879,10,1.1,0.36,1306|2321|3339|4222|4487|6578|7123|11082|51313|64321,COL15A1|FLT1|HSPG2|MEOX1|MSX1|SLCO2A1|CLEC3B|ESM1|GASK1B|SOX17,-5,0
1,-6.5,M39170,M1,1,0,Cell Type Signatures,7,MURARO PANCREAS DELTA CELL,,-6.5,3.3,6.3,30293,250,879,24,2.7,0.55,288|3759|4232|4684|5066|5178|8140|8618|8660|9590|9891|10216|23024|23089|25805|26040|26298|56967|79365|91461|219699|347902|386617|389432,ANK3|KCNJ2|MEST|NCAM1|PAM|PEG3|SLC7A5|CADPS|IRS2|AKAP12|NUAK1|PRG4|PDZRN3|PEG10|BAMBI|SETBP1|EHF|C14orf132|BHLHE41|PKDCC|UNC5B|AMIGO2|KCTD8|SAMD5,-5,0
1,-6.4,M39079,M1,1,0,Cell Type Signatures,7,ZHONG PFC MAJOR TYPES OPC,,-6.4,5.3,7.1,30293,91,879,14,1.6,0.42,1910|4045|4821|5142|5270|5327|5764|8613|9037|10252|11031|84631|222553|387758,EDNRB|LSAMP|NKX2-2|PDE4B|SERPINE2|PLAT|PTN|PLPP3|SEMA5A|SPRY1|RAB31|SLITRK2|SLC35F1|FIBIN,-5,0
1,-6.4,M40258,M1,1,0,Cell Type Signatures,7,DESCARTES FETAL MUSCLE SMOOTH MUSCLE CELLS,,-6.4,5.7,7.3,30293,78,879,13,1.5,0.41,59|285|2977|5865|6529|6876|7881|8490|8840|10082|22801|54437|83643,ACTA2|ANGPT2|GUCY1A2|RAB3B|SLC6A1|TAGLN|KCNAB1|RGS5|CCN4|GPC6|ITGA11|SEMA5B|CCDC3,-5,0
1,-6.3,M40145,M1,1,0,Cell Type Signatures,7,DESCARTES FETAL ADRENAL CSH1 CSH2 POSITIVE CELLS,,-6.3,3.5,6.3,30293,218,879,22,2.5,0.53,285|301|445|2202|3624|3855|5054|5055|5069|6382|7052|7262|7980|8038|9518|51330|54206|54596|55655|79987|80320|139221,ANGPT2|ANXA1|ASS1|EFEMP1|INHBA|KRT7|SERPINE1|SERPINB2|PAPPA|SDC1|TGM2|PHLDA2|TFPI2|ADAM12|GDF15|TNFRSF12A|ERRFI1|L1TD1|NLRP2|SVEP1|SP6|PWWP3B,-4.9,0
1,-6.3,M39120,M1,1,0,Cell Type Signatures,7,AIZARANI LIVER C18 NK NKT CELLS 5,,-6.3,4.6,6.8,30293,121,879,16,1.8,0.45,301|597|1462|1839|3055|3122|3576|4616|5329|6303|6446|7431|8870|11031|23406|115207,ANXA1|BCL2A1|VCAN|HBEGF|HCK|HLA-DRA|CXCL8|GADD45B|PLAUR|SAT1|SGK1|VIM|IER3|RAB31|COTL1|KCTD12,-4.9,0
1,-6.3,M39073,M1,1,0,Cell Type Signatures,7,MANNO MIDBRAIN NEUROTYPES HOMTN,,-6.3,2.7,6,30293,389,879,31,3.5,0.62,288|1993|2138|3728|3800|3925|4741|4747|6493|9644|10371|10512|10586|11075|11281|23017|23114|23263|26047|29114|54674|56884|58480|81832|84502|113146|223117|252995|340542|494470|613212,ANK3|ELAVL2|EYA1|JUP|KIF5C|STMN1|NEFM|NEFL|SIM2|SH3PXD2A|SEMA3A|SEMA3C|MAB21L2|STMN2|POU6F2|FAIM2|NFASC|MCF2L|CNTNAP2|TAGLN3|LRRN3|FSTL5|RHOU|NETO1|JPH4|AHNAK2|SEMA3D|FNDC5|BEX5|ARK2C|CTXN3,-4.9,0
1,-6.3,M40006,M1,1,0,Cell Type Signatures,7,BUSSLINGER GASTRIC CHIEF CELLS,,-6.3,6.8,7.5,30293,56,879,11,1.3,0.37,768|1028|2331|2512|3485|4495|4502|6558|7026|55890|80760,CA9|CDKN1C|FMOD|FTL|IGFBP2|MT1G|MT2A|SLC12A2|NR2F2|GPRC5C|ITIH5,-4.8,0
1,-6.3,M40282,M1,1,0,Cell Type Signatures,7,DESCARTES FETAL PLACENTA STROMAL CELLS,,-6.3,5.1,6.9,30293,94,879,14,1.6,0.42,1296|1674|2006|2326|4147|4948|5307|6781|11281|23114|53942|57575|79827|158326,COL8A2|DES|ELN|FMO1|MATN2|OCA2|PITX1|STC1|POU6F2|NFASC|CNTN5|PCDH10|CLMP|FREM1,-4.8,0
1,-6.2,M41696,M1,1,0,Cell Type Signatures,7,TRAVAGLINI LUNG IGSF21 DENDRITIC CELL,,-6.2,7.5,7.6,30293,46,879,10,1.1,0.36,710|1368|1601|2162|3176|5360|28959|56034|79971|256691,SERPING1|CPM|DAB2|F13A1|HNMT|PLTP|TMEM176B|PDGFC|WLS|MAMDC2,-4.8,0
1,-6.2,M40272,M1,1,0,Cell Type Signatures,7,DESCARTES FETAL PANCREAS STROMAL CELLS,,-6.2,10,8.3,30293,27,879,8,0.91,0.32,2326|5307|6356|6423|7058|9068|10350|203447,FMO1|PITX1|CCL11|SFRP2|THBS2|ANGPTL1|ABCA9|NRK,-4.7,0
1,-6.1,M41747,M1,1,0,Cell Type Signatures,7,RUBENSTEIN SKELETAL MUSCLE PCV ENDOTHELIAL CELLS,,-6.1,3.4,6.2,30293,225,879,22,2.5,0.53,1191|3122|3487|3977|4616|4739|5327|6281|6303|6515|8519|8553|9021|9467|9891|10397|29995|51232|57509|64123|115207|115361,CLU|HLA-DRA|IGFBP4|LIFR|GADD45B|NEDD9|PLAT|S100A10|SAT1|SLC2A3|IFITM1|BHLHE40|SOCS3|SH3BP5|NUAK1|NDRG1|LMCD1|CRIM1|MTUS1|ADGRL4|KCTD12|GBP4,-4.7,0
1,-6.1,M40197,M1,1,0,Cell Type Signatures,7,DESCARTES FETAL HEART ENDOCARDIAL CELLS,,-6.1,8.4,7.8,30293,37,879,9,1,0.34,2296|3624|6299|6578|50964|64093|92293|139221|147495,FOXC1|INHBA|SALL1|SLCO2A1|SOST|SMOC1|TMEM132C|PWWP3B|APCDD1,-4.6,0
1,-6,M41698,M1,1,0,Cell Type Signatures,7,TRAVAGLINI LUNG TREM2 DENDRITIC CELL,,-6,2.3,5.6,30293,572,879,39,4.4,0.69,586|710|1368|1601|2012|2030|2512|3055|3122|3176|3290|3689|4082|4318|5176|5214|5329|5730|6277|6281|6319|6446|7431|8407|8613|8804|9123|10376|11031|11343|26253|28959|53346|55240|56833|79365|84419|115207|140885,BCAT1|SERPING1|CPM|DAB2|EMP1|SLC29A1|FTL|HCK|HLA-DRA|HNMT|HSD11B1|ITGB2|MARCKS|MMP9|SERPINF1|PFKP|PLAUR|PTGDS|S100A6|S100A10|SCD|SGK1|VIM|TAGLN2|PLPP3|CREG1|SLC16A3|TUBA1B|RAB31|MGLL|CLEC4E|TMEM176B|TM6SF1|STEAP3|SLAMF8|BHLHE41|C15orf48|KCTD12|SIRPA,-4.6,0
1,-6,M39037,M1,1,0,Cell Type Signatures,7,FAN EMBRYONIC CTX OLIG,,-6,2.1,5.5,30293,754,879,47,5.3,0.76,288|1028|1368|1465|1827|1839|1902|1955|2263|2621|3759|3949|4092|4345|4638|4642|5010|5129|5327|5730|6319|6558|8633|9514|9517|9745|9891|10397|23017|23114|23362|54206|55129|57406|57509|58480|64399|79789|80176|83857|114795|122060|147495|153020|219699|223117|386617,ANK3|CDKN1C|CPM|CSRP1|RCAN1|HBEGF|LPAR1|MEGF9|FGFR2|GAS6|KCNJ2|LDLR|SMAD7|CD200|MYLK|MYO1D|CLDN11|CDK18|PLAT|PTGDS|SCD|SLC12A2|UNC5C|GAL3ST1|SPTLC2|ZNF536|NUAK1|NDRG1|FAIM2|NFASC|PSD3|ERRFI1|ANO10|ABHD6|MTUS1|RHOU|HHIP|CLMN|SPSB1|TMTC1|TMEM132B|SLAIN1|APCDD1|RASGEF1B|UNC5B|SEMA3D|KCTD8,-4.6,0
1,-6,M39110,M1,1,0,Cell Type Signatures,7,AIZARANI LIVER C6 KUPFFER CELLS 2,,-6,3.3,6.1,30293,228,879,22,2.5,0.53,60|586|1368|1601|2162|2512|3055|3122|3689|4082|4094|5360|5996|6303|6387|6446|8804|8870|10894|11031|23406|115207,ACTB|BCAT1|CPM|DAB2|F13A1|FTL|HCK|HLA-DRA|ITGB2|MARCKS|MAF|PLTP|RGS1|SAT1|CXCL12|SGK1|CREG1|IER3|LYVE1|RAB31|COTL1|KCTD12,-4.6,0
1,-6,M40133,M1,1,0,Cell Type Signatures,7,DESCARTES MAIN FETAL EXTRAVILLOUS TROPHOBLASTS,,-6,4.3,6.5,30293,128,879,16,1.8,0.45,1028|1734|2321|3855|5054|5792|6866|8728|9536|10272|11010|11167|26240|28231|84561|114904,CDKN1C|DIO2|FLT1|KRT7|SERPINE1|PTPRF|TAC3|ADAM19|PTGES|FSTL3|GLIPR1|FSTL1|FAM50B|SLCO4A1|SLC12A8|C1QTNF6,-4.6,0
1,-6,M41658,M1,1,0,Cell Type Signatures,7,TRAVAGLINI LUNG NEUROENDOCRINE CELL,,-6,4.3,6.5,30293,128,879,16,1.8,0.45,429|3800|3925|4045|4684|4826|5066|5307|7857|11075|25805|28959|29114|83715|347902|386617,ASCL1|KIF5C|STMN1|LSAMP|NCAM1|NNAT|PAM|PITX1|SCG2|STMN2|BAMBI|TMEM176B|TAGLN3|ESPN|AMIGO2|KCTD8,-4.6,0
1,-6,M39200,M1,1,0,Cell Type Signatures,7,HAY BONE MARROW IMMATURE NEUTROPHIL,,-6,3.6,6.2,30293,194,879,20,2.3,0.5,19|571|597|677|1052|1839|2512|3091|4853|6446|7071|7262|8553|8870|10019|10628|84419|127544|284207|359948,ABCA1|BACH1|BCL2A1|ZFP36L1|CEBPD|HBEGF|FTL|HIF1A|NOTCH2|SGK1|KLF10|PHLDA2|BHLHE40|IER3|SH2B3|TXNIP|C15orf48|RNF19B|METRNL|IRF2BP2,-4.5,0
1,-5.9,M39099,M1,1,0,Cell Type Signatures,7,ZHONG PFC C4 PTGDS POS OPC,,-5.9,4,6.3,30293,147,879,17,1.9,0.46,288|1368|4045|5010|5129|5730|6446|8745|23114|27242|50863|54674|64093|79953|147495|153020|387758,ANK3|CPM|LSAMP|CLDN11|CDK18|PTGDS|SGK1|ADAM23|NFASC|TNFRSF21|NTM|LRRN3|SMOC1|SYNDIG1|APCDD1|RASGEF1B|FIBIN,-4.4,0
1,-5.8,M40084,M1,1,0,Cell Type Signatures,7,DESCARTES MAIN FETAL ASTROCYTES,,-5.8,6.9,7.2,30293,50,879,10,1.1,0.36,1592|2670|5077|5100|5764|5992|6489|9627|91653|220296,CYP26A1|GFAP|PAX3|PCDH8|PTN|RFX4|ST8SIA1|SNCAIP|BOC|HEPACAM,-4.4,0
1,-5.8,M40251,M1,1,0,Cell Type Signatures,7,DESCARTES FETAL MUSCLE SCHWANN CELLS,,-5.8,4.4,6.4,30293,117,879,15,1.7,0.44,1000|1955|6425|6657|8745|10752|25817|56884|83539|84623|84631|85449|114795|157506|386617,CDH2|MEGF9|SFRP5|SOX2|ADAM23|CHL1|TAFA5|FSTL5|CHST9|KIRREL3|SLITRK2|KIAA1755|TMEM132B|RDH10|KCTD8,-4.4,0
1,-5.8,M39313,M1,1,0,Cell Type Signatures,7,CUI DEVELOPING HEART LEFT VENTRICULAR CARDIOMYOCYTE,,-5.8,7.8,7.4,30293,40,879,9,1,0.34,301|1281|2697|3280|3759|6664|9547|10631|115908,ANXA1|COL3A1|GJA1|HES1|KCNJ2|SOX11|CXCL14|POSTN|CTHRC1,-4.4,0
1,-5.8,M39026,M1,1,0,Cell Type Signatures,7,FAN EMBRYONIC CTX EX 4 EXCITATORY NEURON,,-5.8,3.7,6.1,30293,166,879,18,2,0.48,1601|2045|3911|4008|4185|5214|5783|7078|9256|10659|22874|29116|55638|55790|64478|389432|440270|729993,DAB2|EPHA7|LAMA5|LMO7|ADAM11|PFKP|PTPN13|TIMP3|TSPOAP1|CELF2|PLEKHA6|MYLIP|SYBU|CSGALNACT1|CSMD1|SAMD5|GOLGA8B|SHISA9,-4.4,0
1,-5.7,M40176,M1,1,0,Cell Type Signatures,7,DESCARTES FETAL EYE SKELETAL MUSCLE CELLS,,-5.7,3.7,6.1,30293,167,879,18,2,0.48,70|845|1674|4608|4632|4656|6899|7134|7135|7138|7168|9514|10763|11095|23089|27129|90523|342527,ACTC1|CASQ2|DES|MYBPH|MYL1|MYOG|TBX1|TNNC1|TNNI1|TNNT1|TPM1|GAL3ST1|NES|ADAMTS8|PEG10|HSPB7|MLIP|SMTNL2,-4.3,0
1,-5.7,M39146,M1,1,0,Cell Type Signatures,7,GAO SMALL INTESTINE 24W C2 PROCRPOS PROGENITOR,,-5.7,11,8.1,30293,22,879,7,0.8,0.3,3488|4223|4239|4256|6423|51050|57124,IGFBP5|MEOX2|MFAP4|MGP|SFRP2|PI15|CD248,-4.3,0
1,-5.7,M39239,M1,1,0,Cell Type Signatures,7,LAKE ADULT KIDNEY C20 COLLECTING DUCT INTERCALATED CELLS TYPE A CORTEX,,-5.7,3.9,6.1,30293,152,879,17,1.9,0.46,1832|3488|4642|4651|5137|5144|9369|10512|23362|23382|26040|55366|56243|92949|158326|220441|389432,DSP|IGFBP5|MYO1D|MYO10|PDE1C|PDE4D|NRXN3|SEMA3C|PSD3|AHCYL2|SETBP1|LGR4|KIAA1217|ADAMTSL1|FREM1|RNF152|SAMD5,-4.3,0
1,-5.6,M39270,M1,1,0,Cell Type Signatures,7,HU FETAL RETINA RPC,,-5.6,4.5,6.3,30293,107,879,14,1.6,0.42,677|1152|1381|3280|4211|4232|6423|6657|7431|8549|8613|11031|27151|55366,ZFP36L1|CKB|CRABP1|HES1|MEIS1|MEST|SFRP2|SOX2|VIM|LGR5|PLPP3|RAB31|CPAMD8|LGR4,-4.2,0
1,-5.5,M40106,M1,1,0,Cell Type Signatures,7,DESCARTES MAIN FETAL ENDOCARDIAL CELLS,,-5.5,5.2,6.5,30293,80,879,12,1.4,0.39,2151|2296|2331|4091|4092|4681|4907|7123|10631|57007|115908|139221,F2RL2|FOXC1|FMOD|SMAD6|SMAD7|NBL1|NT5E|CLEC3B|POSTN|ACKR3|CTHRC1|PWWP3B,-4.1,0
1,-5.5,M39256,M1,1,0,Cell Type Signatures,7,MENON FETAL KIDNEY 6 COLLECTING DUCT CELLS,,-5.5,4.8,6.3,30293,94,879,13,1.5,0.41,586|677|1191|2625|5783|5792|6277|6281|6303|6781|10123|55195|157506,BCAT1|ZFP36L1|CLU|GATA3|PTPN13|PTPRF|S100A6|S100A10|SAT1|STC1|ARL4C|CCDC198|RDH10,-4.1,0
1,-5.4,M40248,M1,1,0,Cell Type Signatures,7,DESCARTES FETAL LUNG STROMAL CELLS,,-5.4,6.3,6.8,30293,55,879,10,1.1,0.36,2252|2567|3290|4060|4593|4948|51334|92293|93649|158326,FGF7|GABRG3|HSD11B1|LUM|MUSK|OCA2|PRR16|TMEM132C|MYOCD|FREM1,-4.1,0
1,-5.4,M39282,M1,1,0,Cell Type Signatures,7,DURANTE ADULT OLFACTORY NEUROEPITHELIUM MACROPHAGES,,-5.4,5.1,6.4,30293,81,879,12,1.4,0.39,718|1052|1843|2512|3122|3689|5329|5996|6446|7852|23406|84419,C3|CEBPD|DUSP1|FTL|HLA-DRA|ITGB2|PLAUR|RGS1|SGK1|CXCR4|COTL1|C15orf48,-4.1,0
1,-5.4,M40230,M1,1,0,Cell Type Signatures,7,DESCARTES FETAL LIVER VASCULAR ENDOTHELIAL CELLS,,-5.4,3.9,6,30293,142,879,16,1.8,0.45,1620|1906|2321|2567|3339|4858|5799|6578|7123|8613|9537|59277|64123|64321|340527|388125,BRINP1|EDN1|FLT1|GABRG3|HSPG2|NOVA2|PTPRN2|SLCO2A1|CLEC3B|PLPP3|TP53I11|NTN4|ADGRL4|SOX17|NHSL2|C2CD4B,-4,0
1,-5.4,M39228,M1,1,0,Cell Type Signatures,7,LAKE ADULT KIDNEY C9 THIN ASCENDING LIMB,,-5.4,3,5.6,30293,268,879,23,2.6,0.54,1191|2512|3091|3490|3855|3939|5230|5919|6277|6281|6303|6493|6498|6590|6648|7052|7168|7184|7364|9411|9518|9588|59277,CLU|FTL|HIF1A|IGFBP7|KRT7|LDHA|PGK1|RARRES2|S100A6|S100A10|SAT1|SIM2|SKIL|SLPI|SOD2|TGM2|TPM1|HSP90B1|UGT2B7|ARHGAP29|GDF15|PRDX6|NTN4,-4,0
1,-5.4,M40238,M1,1,0,Cell Type Signatures,7,DESCARTES FETAL LUNG CSH1 CSH2 POSITIVE CELLS,,-5.4,3.3,5.7,30293,212,879,20,2.3,0.5,285|1028|4487|5069|5178|6382|6513|7052|7262|7980|8038|8482|8549|51129|51330|54437|64220|84267|116535|246721,ANGPT2|CDKN1C|MSX1|PAPPA|PEG3|SDC1|SLC2A1|TGM2|PHLDA2|TFPI2|ADAM12|SEMA7A|LGR5|ANGPTL4|TNFRSF12A|SEMA5B|STRA6|QNG1|MRGPRF|POLR2J2,-4,0
1,-5.3,M39215,M1,1,0,Cell Type Signatures,7,ZHENG CORD BLOOD C6 HSC MULTIPOTENT PROGENITOR,,-5.3,4.6,6.2,30293,97,879,13,1.5,0.41,1843|2355|2625|3091|3122|3164|4211|6303|6515|7852|8091|54541|115361,DUSP1|FOSL2|GATA3|HIF1A|HLA-DRA|NR4A1|MEIS1|SAT1|SLC2A3|CXCR4|HMGA2|DDIT4|GBP4,-4,0
1,-5.3,M39298,M1,1,0,Cell Type Signatures,7,CUI DEVELOPING HEART C1 5TH WEEK CARDIAC CELLS,,-5.3,5,6.3,30293,83,879,12,1.4,0.39,794|1152|1465|1827|6513|7138|9547|10630|23462|51330|167410|347252,CALB2|CKB|CSRP1|RCAN1|SLC2A1|TNNT1|CXCL14|PDPN|HEY1|TNFRSF12A|LIX1|IGFBPL1,-4,0
1,-5.3,M40271,M1,1,0,Cell Type Signatures,7,DESCARTES FETAL PANCREAS DUCTAL CELLS,,-5.3,4,6,30293,128,879,15,1.7,0.44,729|2150|2263|2670|3773|4316|6382|6425|26298|51473|55195|84152|127707|170690|284217,C6|F2RL1|FGFR2|GFAP|KCNJ16|MMP7|SDC1|SFRP5|EHF|DCDC2|CCDC198|PPP1R1B|KLHDC7A|ADAMTS16|LAMA1,-4,0
1,-5.3,M39153,M1,1,0,Cell Type Signatures,7,GAO LARGE INTESTINE 24W C2 MKI67POS PROGENITOR,,-5.3,4.3,6,30293,113,879,14,1.6,0.42,633|1003|2296|2321|2615|5270|6578|7075|7122|7123|8829|9411|29995|57124,BGN|CDH5|FOXC1|FLT1|LRRC32|SERPINE2|SLCO2A1|TIE1|CLDN5|CLEC3B|NRP1|ARHGAP29|LMCD1|CD248,-3.9,0
1,-5.2,M39127,M1,1,0,Cell Type Signatures,7,AIZARANI LIVER C28 NK NKT CELLS 6,,-5.2,4.5,6.1,30293,99,879,13,1.5,0.41,301|864|969|2625|3575|3726|4094|5144|5996|7852|10628|10659|116496,ANXA1|RUNX3|CD69|GATA3|IL7R|JUNB|MAF|PDE4D|RGS1|CXCR4|TXNIP|CELF2|NIBAN1,-3.9,0
1,-5.2,M39268,M1,1,0,Cell Type Signatures,7,HU FETAL RETINA PHOTORECEPTOR,,-5.2,5.3,6.3,30293,71,879,11,1.3,0.37,1152|1843|2173|4826|5783|5961|8618|10397|50863|56884|92211,CKB|DUSP1|FABP7|NNAT|PTPN13|PRPH2|CADPS|NDRG1|NTM|FSTL5|CDHR1,-3.9,0
1,-5.2,M40225,M1,1,0,Cell Type Signatures,7,DESCARTES FETAL KIDNEY VASCULAR ENDOTHELIAL CELLS,,-5.2,4.5,6,30293,100,879,13,1.5,0.41,624|1003|2823|4487|7075|8614|11082|55638|64123|64321|64386|80320|388125,BDKRB2|CDH5|GPM6A|MSX1|TIE1|STC2|ESM1|SYBU|ADGRL4|SOX17|MMP25|SP6|C2CD4B,-3.9,0
1,-5.2,M39021,M1,1,0,Cell Type Signatures,7,FAN EMBRYONIC CTX BIG GROUPS BRAIN IMMUNE,,-5.2,3.7,5.7,30293,148,879,16,1.8,0.45,301|969|1843|3122|3689|3726|4050|4616|5216|6277|6281|7402|8407|8519|9516|10628,ANXA1|CD69|DUSP1|HLA-DRA|ITGB2|JUNB|LTB|GADD45B|PFN1|S100A6|S100A10|UTRN|TAGLN2|IFITM1|LITAF|TXNIP,-3.8,0
1,-5.2,M39262,M1,1,0,Cell Type Signatures,7,HU FETAL RETINA BIPOLAR,,-5.2,4.8,6.1,30293,86,879,12,1.4,0.39,288|1152|2823|4826|8618|9369|10347|28959|56884|81832|92211|165215,ANK3|CKB|GPM6A|NNAT|CADPS|NRXN3|ABCA7|TMEM176B|FSTL5|NETO1|CDHR1|FAM171B,-3.8,0
1,-5.1,M39104,M1,1,0,Cell Type Signatures,7,ZHONG PFC C3 MICROGLIA,,-5.1,2.3,5.1,30293,488,879,33,3.8,0.64,288|1000|2173|2817|2977|4045|4684|4741|4747|5783|8660|9256|9644|10123|10397|10512|10602|11075|11343|23114|26011|54674|54972|55638|59283|64478|81706|84502|120114|147381|266727|404217|494470,ANK3|CDH2|FABP7|GPC1|GUCY1A2|LSAMP|NCAM1|NEFM|NEFL|PTPN13|IRS2|TSPOAP1|SH3PXD2A|ARL4C|NDRG1|SEMA3C|CDC42EP3|STMN2|MGLL|NFASC|TENM4|LRRN3|TMEM132A|SYBU|CACNG8|CSMD1|PPP1R14C|JPH4|FAT3|CBLN2|MDGA1|CTXN1|ARK2C,-3.8,0
1,-5.1,M39222,M1,1,0,Cell Type Signatures,7,LAKE ADULT KIDNEY C3 PROXIMAL TUBULE EPITHELIAL CELLS S1 S2,,-5.1,3.1,5.5,30293,221,879,20,2.3,0.5,288|1368|4311|5125|5144|7364|7704|8470|8829|10082|22874|26040|54206|54477|54796|55195|79623|220441|389432|440712,ANK3|CPM|MME|PCSK5|PDE4D|UGT2B7|ZBTB16|SORBS2|NRP1|GPC6|PLEKHA6|SETBP1|ERRFI1|PLEKHA5|BNC2|CCDC198|GALNT14|RNF152|SAMD5|RHEX,-3.8,0
1,-5.1,M39155,M1,1,0,Cell Type Signatures,7,GAO LARGE INTESTINE 24W C5 LGR5POS STEM CELL,,-5.1,5.7,6.4,30293,60,879,10,1.1,0.36,2150|2706|6590|6662|7103|8549|9388|9518|84152|130399,F2RL1|GJB2|SLPI|SOX9|TSPAN8|LGR5|LIPG|GDF15|PPP1R1B|ACVR1C,-3.8,0
1,-5,M39226,M1,1,0,Cell Type Signatures,7,LAKE ADULT KIDNEY C7 PROXIMAL TUBULE EPITHELIAL CELLS S3,,-5,3.8,5.7,30293,135,879,15,1.7,0.44,1004|2512|4495|4502|6277|7168|7364|9229|9547|9590|51473|54796|79623|80781|440712,CDH6|FTL|MT1G|MT2A|S100A6|TPM1|UGT2B7|DLGAP1|CXCL14|AKAP12|DCDC2|BNC2|GALNT14|COL18A1|RHEX,-3.7,0
1,-5,M40223,M1,1,0,Cell Type Signatures,7,DESCARTES FETAL KIDNEY METANEPHRIC CELLS,,-5,3.6,5.6,30293,152,879,16,1.8,0.45,1004|2138|4826|4868|5502|6299|6493|7135|7490|27063|29114|56896|79192|120114|169026|729993,CDH6|EYA1|NNAT|NPHS1|PPP1R1A|SALL1|SIM2|TNNI1|WT1|ANKRD1|TAGLN3|DPYSL5|IRX1|FAT3|SLC30A8|SHISA9,-3.7,0
1,-5,M40013,M1,1,0,Cell Type Signatures,7,BUSSLINGER GASTRIC MATURE PIT CELLS,,-5,3.1,5.4,30293,224,879,20,2.3,0.5,60|1728|3280|3487|3728|4008|4082|4495|4502|6277|6590|6819|7103|8407|11343|27242|55603|79026|84419|219699,ACTB|NQO1|HES1|IGFBP4|JUP|LMO7|MARCKS|MT1G|MT2A|S100A6|SLPI|SULT1C2|TSPAN8|TAGLN2|MGLL|TNFRSF21|TENT5A|AHNAK|C15orf48|UNC5B,-3.7,0
1,-5,M39294,M1,1,0,Cell Type Signatures,7,DURANTE ADULT OLFACTORY NEUROEPITHELIUM MAST CELLS,,-5,5.1,6.1,30293,75,879,11,1.3,0.37,969|1359|2624|3976|4129|5329|5874|5996|6446|54541|440712,CD69|CPA3|GATA2|LIF|MAOB|PLAUR|RAB27B|RGS1|SGK1|DDIT4|RHEX,-3.7,0
1,-5,M41743,M1,1,0,Cell Type Signatures,7,RUBENSTEIN SKELETAL MUSCLE ENDOTHELIAL CELLS,,-5,3.8,5.6,30293,137,879,15,1.7,0.44,1003|2034|2321|3122|3339|3487|3672|7078|7122|8829|9411|10628|11343|64123|79026,CDH5|EPAS1|FLT1|HLA-DRA|HSPG2|IGFBP4|ITGA1|TIMP3|CLDN5|NRP1|ARHGAP29|TXNIP|MGLL|ADGRL4|AHNAK,-3.6,0
1,-4.9,M41688,M1,1,0,Cell Type Signatures,7,TRAVAGLINI LUNG NEUTROPHIL CELL,,-4.9,2.5,5.1,30293,368,879,27,3.1,0.58,597|1052|1263|1843|1955|2512|3576|3726|4082|4311|4318|5329|6277|6303|6515|6648|8660|9021|9123|10154|26253|55350|55701|57568|64386|83716|116496,BCL2A1|CEBPD|PLK3|DUSP1|MEGF9|FTL|CXCL8|JUNB|MARCKS|MME|MMP9|PLAUR|S100A6|SAT1|SLC2A3|SOD2|IRS2|SOCS3|SLC16A3|PLXNC1|CLEC4E|VNN3P|ARHGEF40|SIPA1L2|MMP25|CRISPLD2|NIBAN1,-3.6,0
1,-4.9,M40104,M1,1,0,Cell Type Signatures,7,DESCARTES MAIN FETAL EPICARDIAL FAT CELLS,,-4.9,6.2,6.4,30293,50,879,9,1,0.34,768|794|6281|10216|51200|64094|147381|151887|283298,CA9|CALB2|S100A10|PRG4|CPA4|SMOC2|CBLN2|CCDC80|OLFML1,-3.6,0
1,-4.9,M39258,M1,1,0,Cell Type Signatures,7,MENON FETAL KIDNEY 8 CONNECTING TUBULE CELLS,,-4.9,2.8,5.2,30293,267,879,22,2.5,0.53,288|2625|3234|3486|3490|3773|4651|5455|5783|5792|6277|6303|6414|6819|10123|10397|51473|54477|55195|79026|80781|84858,ANK3|GATA3|HOXD8|IGFBP3|IGFBP7|KCNJ16|MYO10|POU3F3|PTPN13|PTPRF|S100A6|SAT1|SELENOP|SULT1C2|ARL4C|NDRG1|DCDC2|PLEKHA5|CCDC198|AHNAK|COL18A1|ZNF503,-3.6,0
1,-4.9,M40019,M1,1,0,Cell Type Signatures,7,BUSSLINGER GASTRIC X CELLS,,-4.9,3.2,5.4,30293,191,879,18,2,0.48,445|1191|1832|1843|3488|3726|3800|4129|4821|4837|5502|7026|8470|11075|28959|56944|115207|359948,ASS1|CLU|DSP|DUSP1|IGFBP5|JUNB|KIF5C|MAOB|NKX2-2|NNMT|PPP1R1A|NR2F2|SORBS2|STMN2|TMEM176B|OLFML3|KCTD12|IRF2BP2,-3.6,0
1,-4.9,M39288,M1,1,0,Cell Type Signatures,7,DURANTE ADULT OLFACTORY NEUROEPITHELIUM IMMATURE NEURONS,,-4.9,3.7,5.6,30293,139,879,15,1.7,0.44,794|1152|3800|3925|4082|4684|5270|6664|6695|8618|11075|56884|64641|165215|253738,CALB2|CKB|KIF5C|STMN1|MARCKS|NCAM1|SERPINE2|SOX11|SPOCK1|CADPS|STMN2|FSTL5|EBF2|FAM171B|EBF3,-3.6,0
1,-4.9,M41715,M1,1,0,Cell Type Signatures,7,FAN OVARY CL13 MONOCYTE MACROPHAGE,,-4.9,2.3,5,30293,458,879,31,3.5,0.62,60|301|597|1843|2512|3122|3576|3638|3689|3939|4082|4318|5216|5230|5329|5996|6277|6281|6303|6648|7852|8407|8870|9123|9516|10123|10602|11010|23406|79572|84419,ACTB|ANXA1|BCL2A1|DUSP1|FTL|HLA-DRA|CXCL8|INSIG1|ITGB2|LDHA|MARCKS|MMP9|PFN1|PGK1|PLAUR|RGS1|S100A6|S100A10|SAT1|SOD2|CXCR4|TAGLN2|IER3|SLC16A3|LITAF|ARL4C|CDC42EP3|GLIPR1|COTL1|ATP13A3|C15orf48,-3.6,0
1,-4.8,M39315,M1,1,0,Cell Type Signatures,7,CUI DEVELOPING HEART LEFT ATRIAL CARDIOMYOCYTE,,-4.8,10,7.2,30293,20,879,6,0.68,0.28,794|2273|5066|5292|6422|7025,CALB2|FHL1|PAM|PIM1|SFRP1|NR2F1,-3.5,0
1,-4.8,M39265,M1,1,0,Cell Type Signatures,7,HU FETAL RETINA HORIZONTAL,,-4.8,6.9,6.4,30293,40,879,8,0.91,0.32,3925|4211|4826|5080|5792|11075|26047|29114,STMN1|MEIS1|NNAT|PAX6|PTPRF|STMN2|CNTNAP2|TAGLN3,-3.5,0
1,-4.8,M40273,M1,1,0,Cell Type Signatures,7,DESCARTES FETAL PANCREAS MESOTHELIAL CELLS,,-4.8,4.8,5.8,30293,79,879,11,1.3,0.37,1295|1301|2619|7138|7490|7980|8854|9052|51200|122060|342527,COL8A1|COL11A1|GAS1|TNNT1|WT1|TFPI2|ALDH1A2|GPRC5A|CPA4|SLAIN1|SMTNL2,-3.5,0
1,-4.7,M39109,M1,1,0,Cell Type Signatures,7,AIZARANI LIVER C5 NK NKT CELLS 3,,-4.7,3.8,5.5,30293,126,879,14,1.6,0.42,864|894|969|3689|4684|5216|6352|6850|7852|8519|10320|10417|10659|55784,RUNX3|CCND2|CD69|ITGB2|NCAM1|PFN1|CCL5|SYK|CXCR4|IFITM1|IKZF1|SPON2|CELF2|MCTP2,-3.5,0
1,-4.7,M39231,M1,1,0,Cell Type Signatures,7,LAKE ADULT KIDNEY C12 THICK ASCENDING LIMB,,-4.7,2.4,4.9,30293,381,879,27,3.1,0.58,1152|2621|4008|4897|5230|5328|5502|5919|6277|6281|6382|6422|6493|6819|7103|9194|9547|9588|51142|56243|63976|64787|79971|80781|90161|158326|202151,CKB|GAS6|LMO7|NRCAM|PGK1|PLAU|PPP1R1A|RARRES2|S100A6|S100A10|SDC1|SFRP1|SIM2|SULT1C2|TSPAN8|SLC16A7|CXCL14|PRDX6|CHCHD2|KIAA1217|PRDM16|EPS8L2|WLS|COL18A1|HS6ST2|FREM1|RANBP3L,-3.4,0
1,-4.7,M40033,M1,1,0,Cell Type Signatures,7,BUSSLINGER DUODENAL TUFT CELLS,,-4.7,4.7,5.7,30293,81,879,11,1.3,0.37,3055|4495|4502|5742|6662|6689|7168|28959|57211|79789|115207,HCK|MT1G|MT2A|PTGS1|SOX9|SPIB|TPM1|TMEM176B|ADGRG6|CLMN|KCTD12,-3.4,0
1,-4.7,M39080,M1,1,0,Cell Type Signatures,7,ZHONG PFC C7 ORG UNDERGOING NEURONAL DIFFERENTIATION,,-4.7,5.1,5.9,30293,67,879,10,1.1,0.36,8507|9644|10397|10512|10752|50863|57211|57406|59283|114795,ENC1|SH3PXD2A|NDRG1|SEMA3C|CHL1|NTM|ADGRG6|ABHD6|CACNG8|TMEM132B,-3.4,0
1,-4.6,M40291,M1,1,0,Cell Type Signatures,7,DESCARTES FETAL SPLEEN STROMAL CELLS,,-4.6,5.7,6,30293,54,879,9,1,0.34,147|2138|4045|8618|8633|26047|51334|63876|83857,ADRA1B|EYA1|LSAMP|CADPS|UNC5C|CNTNAP2|PRR16|PKNOX2|TMTC1,-3.4,0
1,-4.6,M39213,M1,1,0,Cell Type Signatures,7,ZHENG CORD BLOOD C4 PUTATIVE EARLY ERYTHROID COMMITMENT,,-4.6,4.3,5.6,30293,97,879,12,1.4,0.39,19|894|969|1359|2069|2624|3676|3949|6498|7704|10659|140876,ABCA1|CCND2|CD69|CPA3|EREG|GATA2|ITGA4|LDLR|SKIL|ZBTB16|CELF2|RIPOR3,-3.3,0
1,-4.6,M39210,M1,1,0,Cell Type Signatures,7,ZHENG CORD BLOOD C1 PUTATIVE MEGAKARYOCYTE PROGENITOR,,-4.6,4.2,5.5,30293,98,879,12,1.4,0.39,1191|2162|2615|2921|4638|4811|5874|6352|7057|7168|8654|80323,CLU|F13A1|LRRC32|CXCL3|MYLK|NID1|RAB27B|CCL5|THBS1|TPM1|PDE5A|CCDC68,-3.3,0
1,-4.5,M39102,M1,1,0,Cell Type Signatures,7,ZHONG PFC C3 ASTROCYTE,,-4.5,2.4,4.8,30293,389,879,27,3.1,0.58,288|1993|4008|4023|4684|4741|5137|5214|6352|6664|6752|7122|7857|8507|9256|9644|10512|10659|55638|58480|59283|80781|84502|115207|266727|440270|494470,ANK3|ELAVL2|LMO7|LPL|NCAM1|NEFM|PDE1C|PFKP|CCL5|SOX11|SSTR2|CLDN5|SCG2|ENC1|TSPOAP1|SH3PXD2A|SEMA3C|CELF2|SYBU|RHOU|CACNG8|COL18A1|JPH4|KCTD12|MDGA1|GOLGA8B|ARK2C,-3.3,0
1,-4.5,M39218,M1,1,0,Cell Type Signatures,7,ZHENG CORD BLOOD C9 GRANULOCYTE MACROPHAGE PROGENITOR,,-4.5,4.1,5.4,30293,100,879,12,1.4,0.39,301|1356|3490|3925|5216|6281|6303|7184|7431|8407|10376|116496,ANXA1|CP|IGFBP7|STMN1|PFN1|S100A10|SAT1|HSP90B1|VIM|TAGLN2|TUBA1B|NIBAN1,-3.2,0
1,-4.5,M40011,M1,1,0,Cell Type Signatures,7,BUSSLINGER GASTRIC METALLOTHIONEIN CELLS,,-4.5,4.1,5.4,30293,100,879,12,1.4,0.39,60|768|1728|3485|4082|4495|4502|5874|6819|7103|8407|10397,ACTB|CA9|NQO1|IGFBP2|MARCKS|MT1G|MT2A|RAB27B|SULT1C2|TSPAN8|TAGLN2|NDRG1,-3.2,0
1,-4.5,M39311,M1,1,0,Cell Type Signatures,7,CUI DEVELOPING HEART 5TH WEEK ATRIAL CARDIOMYOCYTE,,-4.5,6.3,6,30293,44,879,8,0.91,0.32,730|1281|1462|2697|3910|6387|56944|80310,C7|COL3A1|VCAN|GJA1|LAMA4|CXCL12|OLFML3|PDGFD,-3.2,0
1,-4.4,M39286,M1,1,0,Cell Type Signatures,7,DURANTE ADULT OLFACTORY NEUROEPITHELIUM DENDRITIC CELLS,,-4.4,3.8,5.3,30293,117,879,13,1.5,0.41,60|597|1462|1843|2069|2512|3122|3576|3689|5329|6648|23406|26253,ACTB|BCL2A1|VCAN|DUSP1|EREG|FTL|HLA-DRA|CXCL8|ITGB2|PLAUR|SOD2|COTL1|CLEC4E,-3.2,0
1,-4.4,M41706,M1,1,0,Cell Type Signatures,7,FAN OVARY CL4 T LYMPHOCYTE NK CELL 1,,-4.4,2.8,4.9,30293,246,879,20,2.3,0.5,301|864|969|3689|3939|5216|5230|6277|6281|6352|7040|7852|8407|8519|8638|9516|10376|23406|51142|54541,ANXA1|RUNX3|CD69|ITGB2|LDHA|PFN1|PGK1|S100A6|S100A10|CCL5|TGFB1|CXCR4|TAGLN2|IFITM1|OASL|LITAF|TUBA1B|COTL1|CHCHD2|DDIT4,-3.2,0
1,-4.4,M39224,M1,1,0,Cell Type Signatures,7,LAKE ADULT KIDNEY C5 PROXIMAL TUBULE EPITHELIAL CELLS STRESS INFLAM,,-4.4,2.3,4.7,30293,417,879,28,3.2,0.59,445|861|2651|4045|4129|4311|5033|5125|5144|7704|8470|8829|11095|22874|23092|26011|26047|50937|54477|55603|64478|64787|79658|79772|134147|153020|220441|389432,ASS1|RUNX1|GCNT2|LSAMP|MAOB|MME|P4HA1|PCSK5|PDE4D|ZBTB16|SORBS2|NRP1|ADAMTS8|PLEKHA6|ARHGAP26|TENM4|CNTNAP2|CDON|PLEKHA5|TENT5A|CSMD1|EPS8L2|ARHGAP10|MCTP1|CMBL|RASGEF1B|RNF152|SAMD5,-3.2,0
1,-4.4,M40283,M1,1,0,Cell Type Signatures,7,DESCARTES FETAL PLACENTA VASCULAR ENDOTHELIAL CELLS,,-4.4,4.1,5.3,30293,102,879,12,1.4,0.39,1003|1012|4223|4826|4858|5125|5137|7010|7075|7122|23462|64123,CDH5|CDH13|MEOX2|NNAT|NOVA2|PCSK5|PDE1C|TEK|TIE1|CLDN5|HEY1|ADGRL4,-3.2,0
1,-4.4,M41660,M1,1,0,Cell Type Signatures,7,TRAVAGLINI LUNG ALVEOLAR EPITHELIAL TYPE 2 CELL,,-4.4,3.5,5.1,30293,136,879,14,1.6,0.42,718|1440|1910|2512|2921|4023|4837|6004|6319|6648|6781|64399|84152|387763,C3|CSF3|EDNRB|FTL|CXCL3|LPL|NNMT|RGS16|SCD|SOD2|STC1|HHIP|PPP1R1B|C11orf96,-3.1,0
1,-4.4,M40314,M1,1,0,Cell Type Signatures,7,DESCARTES FETAL THYMUS ANTIGEN PRESENTING CELLS,,-4.4,3.2,5,30293,172,879,16,1.8,0.45,1240|2162|3055|3122|3620|4318|5329|5996|6624|7185|9123|11031|28959|56833|64386|153020,CMKLR1|F13A1|HCK|HLA-DRA|IDO1|MMP9|PLAUR|RGS1|FSCN1|TRAF1|SLC16A3|RAB31|TMEM176B|SLAMF8|MMP25|RASGEF1B,-3.1,0
1,-4.3,M39306,M1,1,0,Cell Type Signatures,7,CUI DEVELOPING HEART C9 B T CELL,,-4.3,3.3,5,30293,155,879,15,1.7,0.44,864|969|3575|3689|3726|4050|5996|6352|6515|7852|8519|9516|10123|10628|23406,RUNX3|CD69|IL7R|ITGB2|JUNB|LTB|RGS1|CCL5|SLC2A3|CXCR4|IFITM1|LITAF|ARL4C|TXNIP|COTL1,-3.1,0
1,-4.2,M40189,M1,1,0,Cell Type Signatures,7,DESCARTES FETAL EYE VASCULAR ENDOTHELIAL CELLS,,-4.2,4.2,5.3,30293,90,879,11,1.3,0.37,1003|2034|2321|2615|2687|4092|7010|7075|7122|9411|64123,CDH5|EPAS1|FLT1|LRRC32|GGT5|SMAD7|TEK|TIE1|CLDN5|ARHGAP29|ADGRL4,-3,0
1,-4.2,M40307,M1,1,0,Cell Type Signatures,7,DESCARTES FETAL STOMACH ENS GLIA,,-4.2,5.7,5.7,30293,48,879,8,0.91,0.32,1910|8745|9745|10351|10752|84623|169611|222553,EDNRB|ADAM23|ZNF536|ABCA8|CHL1|KIRREL3|OLFML2A|SLC35F1,-3,0
1,-4.2,M39299,M1,1,0,Cell Type Signatures,7,CUI DEVELOPING HEART C2 CARDIOMYOCYTE,,-4.2,4.2,5.2,30293,91,879,11,1.3,0.37,70|1674|5214|5502|7134|7135|8470|10611|27063|27129|81706,ACTC1|DES|PFKP|PPP1R1A|TNNC1|TNNI1|SORBS2|PDLIM5|ANKRD1|HSPB7|PPP1R14C,-3,0
1,-4.2,M40188,M1,1,0,Cell Type Signatures,7,DESCARTES FETAL EYE ASTROCYTES,,-4.2,6.7,5.9,30293,36,879,7,0.8,0.3,2326|2670|3371|3773|7545|23209|84107,FMO1|GFAP|TNC|KCNJ16|ZIC1|MLC1|ZIC4,-3,0
1,-4.1,M40029,M1,1,0,Cell Type Signatures,7,BUSSLINGER DUODENAL MATURE ENTEROCYTES,,-4.1,2.7,4.6,30293,259,879,20,2.3,0.5,51|288|3122|3487|4008|4094|4311|4616|5214|5792|6277|6414|6446|6518|7364|11343|51129|55603|64787|79026,ACOX1|ANK3|HLA-DRA|IGFBP4|LMO7|MAF|MME|GADD45B|PFKP|PTPRF|S100A6|SELENOP|SGK1|SLC2A5|UGT2B7|MGLL|ANGPTL4|TENT5A|EPS8L2|AHNAK,-2.9,0
1,-4.1,M41710,M1,1,0,Cell Type Signatures,7,FAN OVARY CL8 MATURE CUMULUS GRANULOSA CELL 2,,-4.1,2,4.3,30293,646,879,37,4.2,0.68,60|586|894|1000|1152|1462|1832|2621|2697|3091|3339|3485|3925|4023|4082|4651|5066|5178|5216|5270|6281|6319|6424|6624|8482|8553|10376|10468|10752|25805|26585|28959|54749|55790|56034|84620|340542,ACTB|BCAT1|CCND2|CDH2|CKB|VCAN|DSP|GAS6|GJA1|HIF1A|HSPG2|IGFBP2|STMN1|LPL|MARCKS|MYO10|PAM|PEG3|PFN1|SERPINE2|S100A10|SCD|SFRP4|FSCN1|SEMA7A|BHLHE40|TUBA1B|FST|CHL1|BAMBI|GREM1|TMEM176B|EPDR1|CSGALNACT1|PDGFC|ST6GAL2|BEX5,-2.9,0
1,-4.1,M39088,M1,1,0,Cell Type Signatures,7,ZHONG PFC C1 NEUROD1 POS EXCITATORY NEURON,,-4.1,8,6.1,30293,26,879,6,0.68,0.28,794|2045|8618|23462|26047|54541,CALB2|EPHA7|CADPS|HEY1|CNTNAP2|DDIT4,-2.9,0
1,-4.1,M39263,M1,1,0,Cell Type Signatures,7,HU FETAL RETINA BLOOD,,-4.1,2.6,4.6,30293,282,879,21,2.4,0.52,301|633|1281|1592|2201|2512|2590|4495|4502|4811|5292|5307|6277|6387|6513|7052|8804|9588|10628|83715|140876,ANXA1|BGN|COL3A1|CYP26A1|FBN2|FTL|GALNT2|MT1G|MT2A|NID1|PIM1|PITX1|S100A6|CXCL12|SLC2A1|TGM2|CREG1|PRDX6|TXNIP|ESPN|RIPOR3,-2.9,0
1,-4,M41751,M1,1,0,Cell Type Signatures,7,RUBENSTEIN SKELETAL MUSCLE MYELOID CELLS,,-4,2.4,4.5,30293,347,879,24,2.7,0.55,60|597|1462|1843|2512|3055|3122|3164|3176|3576|3689|3726|5216|5230|5329|6277|6303|6648|8804|8870|10370|11010|23406|28959,ACTB|BCL2A1|VCAN|DUSP1|FTL|HCK|HLA-DRA|NR4A1|HNMT|CXCL8|ITGB2|JUNB|PFN1|PGK1|PLAUR|S100A6|SAT1|SOD2|CREG1|IER3|CITED2|GLIPR1|COTL1|TMEM176B,-2.9,0
1,-4,M40127,M1,1,0,Cell Type Signatures,7,DESCARTES MAIN FETAL CCL19 CCL21 POSITIVE CELLS,,-4,2.6,4.6,30293,263,879,20,2.3,0.5,730|1902|2252|3726|3750|5730|6004|6387|8600|8722|8870|9021|27245|51050|56112|60598|79924|91156|116535|140886,C7|LPAR1|FGF7|JUNB|KCND1|PTGDS|RGS16|CXCL12|TNFSF11|CTSF|IER3|SOCS3|AHDC1|PI15|PCDHGA3|KCNK15|ADM2|IGFN1|MRGPRF|PABPC5,-2.8,0
1,-4,M40171,M1,1,0,Cell Type Signatures,7,DESCARTES FETAL CEREBRUM ASTROCYTES,,-4,2.9,4.7,30293,203,879,17,1.9,0.46,2202|2302|2670|2706|3371|5077|10265|10468|51050|54894|55195|64399|80000|81792|83715|158326|169044,EFEMP1|FOXJ1|GFAP|GJB2|TNC|PAX3|IRX5|FST|PI15|RNF43|CCDC198|HHIP|GREB1L|ADAMTS12|ESPN|FREM1|COL22A1,-2.8,0
1,-4,M40012,M1,1,0,Cell Type Signatures,7,BUSSLINGER GASTRIC IMMATURE PIT CELLS,,-4,3.1,4.7,30293,165,879,15,1.7,0.44,60|1728|3728|4008|5216|5874|6277|6819|7103|7168|8407|11343|55603|79026|134147,ACTB|NQO1|JUP|LMO7|PFN1|RAB27B|S100A6|SULT1C2|TSPAN8|TPM1|TAGLN2|MGLL|TENT5A|AHNAK|CMBL,-2.8,0
1,-4,M39255,M1,1,0,Cell Type Signatures,7,MENON FETAL KIDNEY 5 PROXIMAL TUBULE CELLS,,-4,3.7,4.9,30293,112,879,12,1.4,0.39,1004|1191|1462|1601|2045|2512|3490|6281|6414|10370|51473|55195,CDH6|CLU|VCAN|DAB2|EPHA7|FTL|IGFBP7|S100A10|SELENOP|CITED2|DCDC2|CCDC198,-2.8,0
1,-4,M39162,M1,1,0,Cell Type Signatures,7,GAO LARGE INTESTINE ADULT CE OLFM4HIGH STEM CELL,,-4,2.3,4.4,30293,374,879,25,2.8,0.56,730|845|1004|2624|3233|4016|4050|4223|4487|6374|10082|10154|10350|11346|26585|27443|51473|54796|56967|80852|83604|84168|84969|151887|387763,C7|CASQ2|CDH6|GATA2|HOXD4|LOXL1|LTB|MEOX2|MSX1|CXCL5|GPC6|PLXNC1|ABCA9|SYNPO|GREM1|CECR2|DCDC2|BNC2|C14orf132|GRIP2|TMEM47|ANTXR1|TOX2|CCDC80|C11orf96,-2.8,0
1,-3.9,M39035,M1,1,0,Cell Type Signatures,7,FAN EMBRYONIC CTX NSC 1,,-3.9,9.6,6.3,30293,18,879,5,0.57,0.25,894|5919|7431|10252|151887,CCND2|RARRES2|VIM|SPRY1|CCDC80,-2.7,0
1,-3.9,M39089,M1,1,0,Cell Type Signatures,7,ZHONG PFC C2 SOX5 BCL11B POS EXCITATORY NEURON,,-3.9,7.4,5.8,30293,28,879,6,0.68,0.28,3488|3939|4008|4045|11343|26047,IGFBP5|LDHA|LMO7|LSAMP|MGLL|CNTNAP2,-2.7,0
1,-3.9,M40275,M1,1,0,Cell Type Signatures,7,DESCARTES FETAL PLACENTA PAEP MECOM POSITIVE CELLS,,-3.9,3.1,4.6,30293,169,879,15,1.7,0.44,624|1356|2150|2302|3776|3976|4837|6590|7130|7364|26298|51473|79623|91461|145741,BDKRB2|CP|F2RL1|FOXJ1|KCNK2|LIF|NNMT|SLPI|TNFAIP6|UGT2B7|EHF|DCDC2|GALNT14|PKDCC|C2CD4A,-2.7,0
1,-3.8,M39260,M1,1,0,Cell Type Signatures,7,MENON FETAL KIDNEY 10 IMMUNE CELLS,,-3.8,4.2,5,30293,83,879,10,1.1,0.36,60|1601|2512|3122|4094|5216|6277|6303|10376|23406,ACTB|DAB2|FTL|HLA-DRA|MAF|PFN1|S100A6|SAT1|TUBA1B|COTL1,-2.7,0
1,-3.8,M40234,M1,1,0,Cell Type Signatures,7,DESCARTES FETAL LIVER HEPATOBLASTS,,-3.8,2.1,4.2,30293,500,879,30,3.4,0.61,12|445|729|1356|1501|2244|2706|3698|4129|4495|4502|5176|6299|6319|6382|6529|6542|6819|7364|9388|10468|23089|51365|51473|54206|55195|64093|79924|83733|90523,SERPINA3|ASS1|C6|CP|CTNND2|FGB|GJB2|ITIH2|MAOB|MT1G|MT2A|SERPINF1|SALL1|SCD|SDC1|SLC6A1|SLC7A2|SULT1C2|UGT2B7|LIPG|FST|PEG10|PLA1A|DCDC2|ERRFI1|CCDC198|SMOC1|ADM2|SLC25A18|MLIP,-2.6,0
1,-3.8,M39272,M1,1,0,Cell Type Signatures,7,DURANTE ADULT OLFACTORY NEUROEPITHELIUM OLFACTORY HORIZONTAL BASAL CELLS,,-3.8,9.1,6.1,30293,19,879,5,0.57,0.25,3488|4609|6657|9547|11005,IGFBP5|MYC|SOX2|CXCL14|SPINK5,-2.6,0
1,-3.7,M39304,M1,1,0,Cell Type Signatures,7,CUI DEVELOPING HEART C7 MAST CELL,,-3.7,3.1,4.5,30293,156,879,14,1.6,0.42,301|794|969|1359|2624|3976|5742|5996|6277|6515|28959|55603|340061|440712,ANXA1|CALB2|CD69|CPA3|GATA2|LIF|PTGS1|RGS1|S100A6|SLC2A3|TMEM176B|TENT5A|STING1|RHEX,-2.6,0
1,-3.7,M39092,M1,1,0,Cell Type Signatures,7,ZHONG PFC C3 PROX1 CCK POS INTERNEURON,,-3.7,13,6.6,30293,11,879,4,0.46,0.23,794|4254|10123|23024,CALB2|KITLG|ARL4C|PDZRN3,-2.6,0
1,-3.7,M39240,M1,1,0,Cell Type Signatures,7,LAKE ADULT KIDNEY C21 COLLECTING DUCT INTERCALATED CELLS TYPE B,,-3.7,3.7,4.7,30293,103,879,11,1.3,0.37,3488|5137|5144|10082|10512|10659|23362|55366|92949|158326|220441,IGFBP5|PDE1C|PDE4D|GPC6|SEMA3C|CELF2|PSD3|LGR4|ADAMTSL1|FREM1|RNF152,-2.5,0
1,-3.7,M40277,M1,1,0,Cell Type Signatures,7,DESCARTES FETAL PLACENTA EXTRAVILLOUS TROPHOBLASTS,,-3.7,4.4,4.9,30293,71,879,9,1,0.34,1734|3339|5792|6866|9536|10272|11167|26240|148113,DIO2|HSPG2|PTPRF|TAC3|PTGES|FSTL3|FSTL1|FAM50B|CILP2,-2.5,0
1,-3.6,M39235,M1,1,0,Cell Type Signatures,7,LAKE ADULT KIDNEY C16 COLLECTING SYSTEM PRINCIPAL CELLS CORTEX,,-3.6,3.2,4.5,30293,141,879,13,1.5,0.41,288|2625|3773|4651|5069|5144|5783|7046|10397|25841|27115|51473|386617,ANK3|GATA3|KCNJ16|MYO10|PAPPA|PDE4D|PTPN13|TGFBR1|NDRG1|ABTB2|PDE7B|DCDC2|KCTD8,-2.5,0
1,-3.6,M39172,M1,1,0,Cell Type Signatures,7,MURARO PANCREAS EPSILON CELL,,-3.6,5.5,5.1,30293,44,879,7,0.8,0.3,655|1191|4739|9891|10417|23089|389432,BMP7|CLU|NEDD9|NUAK1|SPON2|PEG10|SAMD5,-2.5,0
1,-3.5,M40200,M1,1,0,Cell Type Signatures,7,DESCARTES FETAL HEART SMOOTH MUSCLE CELLS,,-3.5,5.4,5.1,30293,45,879,7,0.8,0.3,59|6004|6876|7881|53904|54437|387763,ACTA2|RGS16|TAGLN|KCNAB1|MYO3A|SEMA5B|C11orf96,-2.4,0
1,-3.4,M41699,M1,1,0,Cell Type Signatures,7,TRAVAGLINI LUNG CLASSICAL MONOCYTE CELL,,-3.4,2.4,4.1,30293,270,879,19,2.2,0.49,571|1052|1462|1545|1955|3055|4853|6277|6303|6850|7057|8660|9517|11031|23406|51313|79026|83716|115207,BACH1|CEBPD|VCAN|CYP1B1|MEGF9|HCK|NOTCH2|S100A6|SAT1|SYK|THBS1|IRS2|SPTLC2|RAB31|COTL1|GASK1B|AHNAK|CRISPLD2|KCTD12,-2.3,0
1,-3.4,M39019,M1,1,0,Cell Type Signatures,7,FAN EMBRYONIC CTX BIG GROUPS EXCITATORY NEURON,,-3.4,5.1,4.9,30293,47,879,7,0.8,0.3,5454|8507|10512|55638|59283|124925|440270,POU3F2|ENC1|SEMA3C|SYBU|CACNG8|SEZ6|GOLGA8B,-2.3,0
1,-3.4,M41685,M1,1,0,Cell Type Signatures,7,TRAVAGLINI LUNG NATURAL KILLER T CELL,,-3.4,6.1,5.1,30293,34,879,6,0.68,0.28,969|2625|3672|5996|7852|8784,CD69|GATA3|ITGA1|RGS1|CXCR4|TNFRSF18,-2.3,0
1,-3.4,M40119,M1,1,0,Cell Type Signatures,7,DESCARTES MAIN FETAL STELLATE CELLS,,-3.4,4.4,4.7,30293,62,879,8,0.91,0.32,147|3486|9509|64399|80323|81792|83643|92949,ADRA1B|IGFBP3|ADAMTS2|HHIP|CCDC68|ADAMTS12|CCDC3|ADAMTSL1,-2.3,0
1,-3.3,M39296,M1,1,0,Cell Type Signatures,7,DURANTE ADULT OLFACTORY NEUROEPITHELIUM GLOBOSE BASAL CELLS,,-3.3,5.9,5,30293,35,879,6,0.68,0.28,794|1152|3925|6664|11075|23406,CALB2|CKB|STMN1|SOX11|STMN2|COTL1,-2.2,0
1,-3.3,M39234,M1,1,0,Cell Type Signatures,7,LAKE ADULT KIDNEY C15 CONNECTING TUBULE,,-3.3,2.8,4.1,30293,171,879,14,1.6,0.42,288|3673|3773|4254|4281|5144|5783|9194|26040|51473|54212|55195|55366|55790,ANK3|ITGA2|KCNJ16|KITLG|MID1|PDE4D|PTPN13|SLC16A7|SETBP1|DCDC2|SNTG1|CCDC198|LGR4|CSGALNACT1,-2.2,0
1,-3.3,M39257,M1,1,0,Cell Type Signatures,7,MENON FETAL KIDNEY 7 LOOPOF HENLE CELLS DISTAL,,-3.3,2.4,4,30293,276,879,19,2.2,0.49,55|288|1152|1368|1545|2512|3234|3490|3773|4232|4747|5230|5455|6277|6387|6526|6819|51473|80781,ACP3|ANK3|CKB|CPM|CYP1B1|FTL|HOXD8|IGFBP7|KCNJ16|MEST|NEFL|PGK1|POU3F3|S100A6|CXCL12|SLC5A3|SULT1C2|DCDC2|COL18A1,-2.2,0
1,-3.3,M40008,M1,1,0,Cell Type Signatures,7,BUSSLINGER GASTRIC NECK CELLS,,-3.3,5.7,4.9,30293,36,879,6,0.68,0.28,1191|2331|3164|4312|6558|84152,CLU|FMOD|NR4A1|MMP1|SLC12A2|PPP1R1B,-2.2,0
1,-3.3,M39094,M1,1,0,Cell Type Signatures,7,ZHONG PFC C7 SST LHX6 POS PUTATIVE MIGRATING INTERNEURON,,-3.3,9.8,5.7,30293,14,879,4,0.46,0.23,4094|5066|7852|57007,MAF|PAM|CXCR4|ACKR3,-2.2,0
1,-3.2,M39312,M1,1,0,Cell Type Signatures,7,CUI DEVELOPING HEART 5TH WEEK VENTRICULAR CARDIOMYOCYTE,,-3.2,3.8,4.4,30293,81,879,9,1,0.34,794|1674|1959|5066|7025|9464|23462|30844|347252,CALB2|DES|EGR2|PAM|NR2F1|HAND2|HEY1|EHD4|IGFBPL1,-2.2,0
1,-3.2,M40201,M1,1,0,Cell Type Signatures,7,DESCARTES FETAL HEART SATB2 LRRC7 POSITIVE CELLS,,-3.2,3.3,4.2,30293,116,879,11,1.3,0.37,2173|2567|5454|5455|6664|25907|50863|59283|64478|120114|124925,FABP7|GABRG3|POU3F2|POU3F3|SOX11|TMEM158|NTM|CACNG8|CSMD1|FAT3|SEZ6,-2.2,0
1,-3.2,M40070,M1,1,0,Cell Type Signatures,7,DESCARTES MAIN FETAL SCHWANN CELLS,,-3.2,4.7,4.6,30293,51,879,7,0.8,0.3,1910|5327|8745|10351|85449|169611|340267,EDNRB|PLAT|ADAM23|ABCA8|KIAA1755|OLFML2A|COL28A1,-2.1,0
1,-3.2,M40126,M1,1,0,Cell Type Signatures,7,DESCARTES MAIN FETAL SATELLITE CELLS,,-3.2,4.1,4.4,30293,67,879,8,0.91,0.32,894|994|1306|3679|4147|4232|25903|252995,CCND2|CDC25B|COL15A1|ITGA7|MATN2|MEST|OLFML2B|FNDC5,-2.1,0
1,-3.2,M40194,M1,1,0,Cell Type Signatures,7,DESCARTES FETAL HEART SCHWANN CELLS,,-3.2,4.1,4.4,30293,67,879,8,0.91,0.32,220|9745|80760|83539|84466|169044|169611|340267,ALDH1A3|ZNF536|ITIH5|CHST9|MEGF10|COL22A1|OLFML2A|COL28A1,-2.1,0
1,-3.1,M40021,M1,1,0,Cell Type Signatures,7,BUSSLINGER GASTRIC OXYNTIC ENTEROCHROMAFFIN LIKE CELLS,,-3.1,3.6,4.2,30293,85,879,9,1,0.34,2651|4129|5066|5865|7857|23024|64093|64094|115207,GCNT2|MAOB|PAM|RAB3B|SCG2|PDZRN3|SMOC1|SMOC2|KCTD12,-2,0
1,-3.1,M40181,M1,1,0,Cell Type Signatures,7,DESCARTES FETAL EYE BIPOLAR CELLS,,-3.1,6.6,5,30293,26,879,5,0.57,0.25,6752|64399|81832|83445|84063,SSTR2|HHIP|NETO1|GSG1|KIRREL2,-2,0
1,-3.1,M39225,M1,1,0,Cell Type Signatures,7,LAKE ADULT KIDNEY C6 PROXIMAL TUBULE EPITHELIAL CELLS FIBRINOGEN POS S3,,-3.1,2.7,3.9,30293,181,879,14,1.6,0.42,1004|1191|1266|2244|2512|4495|5270|6648|7052|8829|9547|9590|79623|440712,CDH6|CLU|CNN3|FGB|FTL|MT1G|SERPINE2|SOD2|TGM2|NRP1|CXCL14|AKAP12|GALNT14|RHEX,-2,0
1,-3.1,M41714,M1,1,0,Cell Type Signatures,7,FAN OVARY CL12 T LYMPHOCYTE NK CELL 2,,-3.1,2.8,3.9,30293,161,879,13,1.5,0.41,301|969|3575|4050|5216|5230|6277|6352|7040|7852|8407|11010|54541,ANXA1|CD69|IL7R|LTB|PFN1|PGK1|S100A6|CCL5|TGFB1|CXCR4|TAGLN2|GLIPR1|DDIT4,-2,0
1,-3,M39078,M1,1,0,Cell Type Signatures,7,ZHONG PFC MAJOR TYPES NPCS,,-3,2.9,3.9,30293,142,879,12,1.4,0.39,3280|3939|5080|6422|6423|6662|7112|7431|8407|8613|10376|50937,HES1|LDHA|PAX6|SFRP1|SFRP2|SOX9|TMPO|VIM|TAGLN2|PLPP3|TUBA1B|CDON,-2,0
1,-3,M39107,M1,1,0,Cell Type Signatures,7,AIZARANI LIVER C3 NK NKT CELLS 2,,-3,2.8,3.9,30293,162,879,13,1.5,0.41,301|864|969|2625|3575|3726|4050|7852|10123|10320|10628|10659|115362,ANXA1|RUNX3|CD69|GATA3|IL7R|JUNB|LTB|CXCR4|ARL4C|IKZF1|TXNIP|CELF2|GBP5,-2,0
1,-3,M39097,M1,1,0,Cell Type Signatures,7,ZHONG PFC C2 THY1 POS OPC,,-3,6.4,4.8,30293,27,879,5,0.57,0.25,1620|1910|3910|5327|54212,BRINP1|EDNRB|LAMA4|PLAT|SNTG1,-2,0
1,-3,M40303,M1,1,0,Cell Type Signatures,7,DESCARTES FETAL STOMACH GOBLET CELLS,,-3,8.6,5.3,30293,16,879,4,0.46,0.23,768|1440|6374|8549,CA9|CSF3|CXCL5|LGR5,-2,0
1,-3,M41702,M1,1,0,Cell Type Signatures,7,FAN OVARY CL0 XBP1 SELK HIGH STROMAL CELL,,-3,2.9,3.9,30293,143,879,12,1.4,0.39,1266|1634|2252|3280|3488|3638|4060|6303|7184|23089|54206|387763,CNN3|DCN|FGF7|HES1|IGFBP5|INSIG1|LUM|SAT1|HSP90B1|PEG10|ERRFI1|C11orf96,-2,0
1,-3,M40245,M1,1,0,Cell Type Signatures,7,DESCARTES FETAL LUNG LYMPHATIC ENDOTHELIAL CELLS,,-3,3.9,4.2,30293,71,879,8,0.91,0.32,2687|3232|3233|4015|81832|115908|131578|221091,GGT5|HOXD3|HOXD4|LOX|NETO1|CTHRC1|LRRC15|LRRN4CL,-1.9,0
1,-3,M40237,M1,1,0,Cell Type Signatures,7,DESCARTES FETAL LUNG SQUAMOUS EPITHELIAL CELLS,,-3,2.5,3.8,30293,206,879,15,1.7,0.44,1030|2069|2706|4495|4502|5055|5083|5307|5493|6493|9536|11005|84419|113146|284207,CDKN2B|EREG|GJB2|MT1G|MT2A|SERPINB2|PAX9|PITX1|PPL|SIM2|PTGES|SPINK5|C15orf48|AHNAK2|METRNL,-1.9,0
1,-3,M40254,M1,1,0,Cell Type Signatures,7,DESCARTES FETAL MUSCLE SKELETAL MUSCLE CELLS,,-3,2.3,3.7,30293,250,879,17,1.9,0.46,70|89|1674|2273|4608|4632|4741|4826|7135|7168|27063|51334|56896|83445|84665|169044|342527,ACTC1|ACTN3|DES|FHL1|MYBPH|MYL1|NEFM|NNAT|TNNI1|TPM1|ANKRD1|PRR16|DPYSL5|GSG1|MYPN|COL22A1|SMTNL2,-1.9,0
1,-3,M39316,M1,1,0,Cell Type Signatures,7,CUI DEVELOPING HEART RIGHT ATRIAL CARDIOMYOCYTE,,-3,5,4.5,30293,41,879,6,0.68,0.28,794|1674|3164|5066|10763|84665,CALB2|DES|NR4A1|PAM|NES|MYPN,-1.9,0
1,-3,M39320,M1,1,0,Cell Type Signatures,7,CUI DEVELOPING HEART CORONARY VASCULAR ENDOTHELIAL CELL,,-3,5,4.5,30293,41,879,6,0.68,0.28,1306|3490|4222|7122|7402|64123,COL15A1|IGFBP7|MEOX1|CLDN5|UTRN|ADGRL4,-1.9,0
1,-2.9,M40224,M1,1,0,Cell Type Signatures,7,DESCARTES FETAL KIDNEY MESANGIAL CELLS,,-2.9,4.3,4.3,30293,56,879,7,0.8,0.3,627|1295|3371|6529|8840|93649|147495,BDNF|COL8A1|TNC|SLC6A1|CCN4|MYOCD|APCDD1,-1.9,0
1,-2.9,M40017,M1,1,0,Cell Type Signatures,7,BUSSLINGER GASTRIC D CELLS,,-2.9,6.2,4.7,30293,28,879,5,0.57,0.25,3164|3488|5080|28959|115207,NR4A1|IGFBP5|PAX6|TMEM176B|KCTD12,-1.9,0
1,-2.9,M39142,M1,1,0,Cell Type Signatures,7,GAO STOMACH 24W C4 PARIETAL PROGENITOR,,-2.9,13,5.8,30293,8,879,3,0.34,0.2,301|3075|151887,ANXA1|CFH|CCDC80,-1.9,0
1,-2.9,M40157,M1,1,0,Cell Type Signatures,7,DESCARTES FETAL CEREBELLUM MICROGLIA,,-2.9,1.8,3.4,30293,642,879,33,3.8,0.64,55|597|718|861|969|1296|1959|2512|3055|3569|3575|3576|3689|4065|4094|4616|5176|5293|5742|5996|6299|6518|6850|8804|8995|10320|10894|10924|11010|53346|54796|79365|170691,ACP3|BCL2A1|C3|RUNX1|CD69|COL8A2|EGR2|FTL|HCK|IL6|IL7R|CXCL8|ITGB2|LY75|MAF|GADD45B|SERPINF1|PIK3CD|PTGS1|RGS1|SALL1|SLC2A5|SYK|CREG1|TNFSF18|IKZF1|LYVE1|SMPDL3A|GLIPR1|TM6SF1|BNC2|BHLHE41|ADAMTS17,-1.9,0
1,-2.9,M39164,M1,1,0,Cell Type Signatures,7,GAO LARGE INTESTINE ADULT CG GOBLET CELL SUBTYPE 2,,-2.9,4.2,4.2,30293,57,879,7,0.8,0.3,1634|3488|5740|6489|54796|57633|84168,DCN|IGFBP5|PTGIS|ST8SIA1|BNC2|LRRN1|ANTXR1,-1.9,0
1,-2.9,M40290,M1,1,0,Cell Type Signatures,7,DESCARTES FETAL SPLEEN VASCULAR ENDOTHELIAL CELLS,,-2.9,4.2,4.2,30293,57,879,7,0.8,0.3,3232|9627|54212|64123|80000|92949|145781,HOXD3|SNCAIP|SNTG1|ADGRL4|GREB1L|ADAMTSL1|GCOM1,-1.9,0
1,-2.9,M39280,M1,1,0,Cell Type Signatures,7,DURANTE ADULT OLFACTORY NEUROEPITHELIUM RESPIRATORY SECRETORY CELLS,,-2.9,5.9,4.6,30293,29,879,5,0.57,0.25,301|2921|3164|3576|3855,ANXA1|CXCL3|NR4A1|CXCL8|KRT7,-1.8,0
1,-2.9,M40269,M1,1,0,Cell Type Signatures,7,DESCARTES FETAL PANCREAS ENS GLIA,,-2.9,3.7,4.1,30293,74,879,8,0.91,0.32,2674|6657|8707|8745|51384|84466|169611|340267,GFRA1|SOX2|B3GALT2|ADAM23|WNT16|MEGF10|OLFML2A|COL28A1,-1.8,0
1,-2.8,M40309,M1,1,0,Cell Type Signatures,7,DESCARTES FETAL STOMACH VASCULAR ENDOTHELIAL CELLS,,-2.8,5.7,4.5,30293,30,879,5,0.57,0.25,2034|2321|4222|4254|7123,EPAS1|FLT1|MEOX1|KITLG|CLEC3B,-1.8,0
1,-2.8,M39252,M1,1,0,Cell Type Signatures,7,MENON FETAL KIDNEY 2 NEPHRON PROGENITOR CELLS,,-2.8,4.7,4.2,30293,44,879,6,0.68,0.28,3234|3280|5455|7402|51473|55195,HOXD8|HES1|POU3F3|UTRN|DCDC2|CCDC198,-1.8,0
1,-2.8,M40016,M1,1,0,Cell Type Signatures,7,BUSSLINGER GASTRIC REG3A POSITIVE CELLS,,-2.8,4.7,4.2,30293,44,879,6,0.68,0.28,2921|3122|6303|6648|6819|8490,CXCL3|HLA-DRA|SAT1|SOD2|SULT1C2|RGS5,-1.8,0
1,-2.8,M41686,M1,1,0,Cell Type Signatures,7,TRAVAGLINI LUNG NATURAL KILLER CELL,,-2.8,2.9,3.7,30293,132,879,11,1.3,0.37,864|3490|3689|5216|6352|7704|8519|9516|10123|10417|54541,RUNX3|IGFBP7|ITGB2|PFN1|CCL5|ZBTB16|IFITM1|LITAF|ARL4C|SPON2|DDIT4,-1.8,0
1,-2.7,M40037,M1,1,0,Cell Type Signatures,7,BUSSLINGER DUODENAL EC CELLS,,-2.7,5.6,4.4,30293,31,879,5,0.57,0.25,3486|7033|7857|8618|115207,IGFBP3|TFF3|SCG2|CADPS|KCTD12,-1.7,0
1,-2.7,M41748,M1,1,0,Cell Type Signatures,7,RUBENSTEIN SKELETAL MUSCLE SATELLITE CELLS,,-2.7,2.1,3.4,30293,310,879,19,2.2,0.49,1052|1191|1266|1674|1843|3488|3491|3726|4232|4609|5919|6277|7431|9547|9588|10252|10376|23462|51142,CEBPD|CLU|CNN3|DES|DUSP1|IGFBP5|CCN1|JUNB|MEST|MYC|RARRES2|S100A6|VIM|CXCL14|PRDX6|SPRY1|TUBA1B|HEY1|CHCHD2,-1.7,0
1,-2.7,M39214,M1,1,0,Cell Type Signatures,7,ZHENG CORD BLOOD C5 SIMILAR TO HSC C6 PUTATIVE ALTERED METABOLIC STATE,,-2.7,3.2,3.7,30293,97,879,9,1,0.34,969|1843|3122|3164|3576|3638|3726|4616|8091,CD69|DUSP1|HLA-DRA|NR4A1|CXCL8|INSIG1|JUNB|GADD45B|HMGA2,-1.7,0
1,-2.7,M39166,M1,1,0,Cell Type Signatures,7,GAO LARGE INTESTINE ADULT CI MESENCHYMAL CELLS,,-2.7,2,3.3,30293,361,879,21,2.4,0.52,864|969|3575|3676|3689|3911|5142|5996|6515|7040|7431|8140|8728|8784|10320|11010|50515|80781|90427|116496|440712,RUNX3|CD69|IL7R|ITGA4|ITGB2|LAMA5|PDE4B|RGS1|SLC2A3|TGFB1|VIM|SLC7A5|ADAM19|TNFRSF18|IKZF1|GLIPR1|CHST11|COL18A1|BMF|NIBAN1|RHEX,-1.7,0
1,-2.6,M39187,M1,1,0,Cell Type Signatures,7,HAY BONE MARROW CD34 POS MKP,,-2.6,3.8,3.9,30293,63,879,7,0.8,0.3,1004|2624|2983|3673|7168|11343|84620,CDH6|GATA2|GUCY1B1|ITGA2|TPM1|MGLL|ST6GAL2,-1.7,0
1,-2.6,M40137,M1,1,0,Cell Type Signatures,7,DESCARTES MAIN FETAL STC2 TLX1 POSITIVE CELLS,,-2.6,6.9,4.6,30293,20,879,4,0.46,0.23,6356|6372|8614|10516,CCL11|CXCL6|STC2|FBLN5,-1.6,0
1,-2.6,M39045,M1,1,0,Cell Type Signatures,7,FAN EMBRYONIC CTX BRAIN B CELL,,-2.6,3.1,3.6,30293,100,879,9,1,0.34,969|3122|4050|5142|6689|7402|7852|8407|10628,CD69|HLA-DRA|LTB|PDE4B|SPIB|UTRN|CXCR4|TAGLN2|TXNIP,-1.6,0
1,-2.6,M40214,M1,1,0,Cell Type Signatures,7,DESCARTES FETAL INTESTINE ENS NEURONS,,-2.6,2.6,3.5,30293,160,879,12,1.4,0.39,1381|4685|4741|6695|11075|26047|29114|53942|59284|64478|84502|167410,CRABP1|NCAM2|NEFM|SPOCK1|STMN2|CNTNAP2|TAGLN3|CNTN5|CACNG7|CSMD1|JPH4|LIX1,-1.6,0
1,-2.6,M39130,M1,1,0,Cell Type Signatures,7,AIZARANI LIVER C31 KUPFFER CELLS 5,,-2.6,2.9,3.6,30293,120,879,10,1.1,0.36,1462|1955|4502|4616|5329|6303|10468|23406|55603|389432,VCAN|MEGF9|MT2A|GADD45B|PLAUR|SAT1|FST|COTL1|TENT5A|SAMD5,-1.6,0
1,-2.6,M40260,M1,1,0,Cell Type Signatures,7,DESCARTES FETAL MUSCLE LYMPHOID CELLS,,-2.6,2.9,3.6,30293,120,879,10,1.1,0.36,864|969|2625|3575|4050|7704|9256|10123|55784|92211,RUNX3|CD69|GATA3|IL7R|LTB|ZBTB16|TSPOAP1|ARL4C|MCTP2|CDHR1,-1.6,0
1,-2.6,M39201,M1,1,0,Cell Type Signatures,7,HAY BONE MARROW MONOCYTE,,-2.6,2.3,3.3,30293,227,879,15,1.7,0.44,1028|1152|3055|3164|3638|3955|5230|6303|6648|7402|9536|10611|10924|23406|55603,CDKN1C|CKB|HCK|NR4A1|INSIG1|LFNG|PGK1|SAT1|SOD2|UTRN|PTGES|PDLIM5|SMPDL3A|COTL1|TENT5A,-1.6,0
1,-2.6,M40009,M1,1,0,Cell Type Signatures,7,BUSSLINGER GASTRIC PPP1R1B POSITIVE CELLS,,-2.6,2.8,3.5,30293,121,879,10,1.1,0.36,1191|5792|6303|6662|6819|7103|8870|9021|10376|84152,CLU|PTPRF|SAT1|SOX9|SULT1C2|TSPAN8|IER3|SOCS3|TUBA1B|PPP1R1B,-1.6,0
1,-2.5,M39287,M1,1,0,Cell Type Signatures,7,DURANTE ADULT OLFACTORY NEUROEPITHELIUM NK CELLS,,-2.5,3.3,3.6,30293,84,879,8,0.91,0.32,969|3689|5216|5730|6352|7852|10123|10417,CD69|ITGB2|PFN1|PTGDS|CCL5|CXCR4|ARL4C|SPON2,-1.5,0
1,-2.5,M40296,M1,1,0,Cell Type Signatures,7,DESCARTES FETAL STOMACH NEUROENDOCRINE CELLS,,-2.5,4.1,3.8,30293,50,879,6,0.68,0.28,4129|4821|5080|5992|5999|9758,MAOB|NKX2-2|PAX6|RFX4|RGS4|FRMPD4,-1.5,0
1,-2.5,M40014,M1,1,0,Cell Type Signatures,7,BUSSLINGER GASTRIC PARIETAL CELLS,,-2.5,2.2,3.2,30293,254,879,16,1.8,0.45,1152|2244|2512|3485|3488|3638|3773|3977|6446|9194|23382|51142|55890|80310|80760|252995,CKB|FGB|FTL|IGFBP2|IGFBP5|INSIG1|KCNJ16|LIFR|SGK1|SLC16A7|AHCYL2|CHCHD2|GPRC5C|PDGFD|ITIH5|FNDC5,-1.5,0
1,-2.5,M41691,M1,1,0,Cell Type Signatures,7,TRAVAGLINI LUNG PLATELET MEGAKARYOCYTE CELL,,-2.5,1.7,3.1,30293,604,879,30,3.4,0.61,60|1191|1356|1601|2162|2273|2302|2983|3485|3638|3855|4211|4638|5270|5742|5874|6303|6324|6352|6590|7040|7122|7168|7292|8407|8654|9588|11167|11343|53346,ACTB|CLU|CP|DAB2|F13A1|FHL1|FOXJ1|GUCY1B1|IGFBP2|INSIG1|KRT7|MEIS1|MYLK|SERPINE2|PTGS1|RAB27B|SAT1|SCN1B|CCL5|SLPI|TGFB1|CLDN5|TPM1|TNFSF4|TAGLN2|PDE5A|PRDX6|FSTL1|MGLL|TM6SF1,-1.5,0
1,-2.5,M39291,M1,1,0,Cell Type Signatures,7,DURANTE ADULT OLFACTORY NEUROEPITHELIUM MATURE NEURONS,,-2.5,2.4,3.3,30293,187,879,13,1.5,0.41,794|1152|4684|4747|5270|5502|6695|11075|23017|29114|56884|64641|253738,CALB2|CKB|NCAM1|NEFL|SERPINE2|PPP1R1A|SPOCK1|STMN2|FAIM2|TAGLN3|FSTL5|EBF2|EBF3,-1.5,0
1,-2.5,M39085,M1,1,0,Cell Type Signatures,7,ZHONG PFC C5 BCL11B CALB2 POS INP,,-2.5,6.3,4.3,30293,22,879,4,0.46,0.23,288|794|9537|26047,ANK3|CALB2|TP53I11|CNTNAP2,-1.5,0
1,-2.5,M40287,M1,1,0,Cell Type Signatures,7,DESCARTES FETAL SPLEEN AFP ALB POSITIVE CELLS,,-2.5,2.4,3.3,30293,188,879,13,1.5,0.41,12|1191|2244|2512|3698|4495|4502|6319|6382|6819|10468|23089|84171,SERPINA3|CLU|FGB|FTL|ITIH2|MT1G|MT2A|SCD|SDC1|SULT1C2|FST|PEG10|LOXL4,-1.5,0
1,-2.4,M40203,M1,1,0,Cell Type Signatures,7,DESCARTES FETAL HEART VISCERAL NEURONS,,-2.4,3.2,3.5,30293,87,879,8,0.91,0.32,1993|5865|5999|7857|10468|10586|53942|56967,ELAVL2|RAB3B|RGS4|SCG2|FST|MAB21L2|CNTN5|C14orf132,-1.5,0
1,-2.4,M40134,M1,1,0,Cell Type Signatures,7,DESCARTES MAIN FETAL TROPHOBLAST GIANT CELLS,,-2.4,2.4,3.3,30293,169,879,12,1.4,0.39,285|1601|2192|4345|6382|8482|9518|29116|51232|55603|64220|79987,ANGPT2|DAB2|FBLN1|CD200|SDC1|SEMA7A|GDF15|MYLIP|CRIM1|TENT5A|STRA6|SVEP1,-1.4,0
1,-2.4,M39084,M1,1,0,Cell Type Signatures,7,ZHONG PFC C4 UNKNOWN INP,,-2.4,3.1,3.4,30293,89,879,8,0.91,0.32,429|710|4232|6004|8618|29114|54541|64641,ASCL1|SERPING1|MEST|RGS16|CADPS|TAGLN3|DDIT4|EBF2,-1.4,0
1,-2.3,M41661,M1,1,0,Cell Type Signatures,7,TRAVAGLINI LUNG SIGNALING ALVEOLAR EPITHELIAL TYPE 2 CELL,,-2.3,3.4,3.5,30293,71,879,7,0.8,0.3,1368|5783|6004|6319|10628|57509|153571,CPM|PTPN13|RGS16|SCD|TXNIP|MTUS1|IRX2-DT,-1.4,0
1,-2.3,M40268,M1,1,0,Cell Type Signatures,7,DESCARTES FETAL PANCREAS SMOOTH MUSCLE CELLS,,-2.3,4.5,3.8,30293,38,879,5,0.57,0.25,59|845|6529|8490|83643,ACTA2|CASQ2|SLC6A1|RGS5|CCDC3,-1.4,0
1,-2.3,M40280,M1,1,0,Cell Type Signatures,7,DESCARTES FETAL PLACENTA SMOOTH MUSCLE CELLS,,-2.3,3.1,3.4,30293,90,879,8,0.91,0.32,2334|2977|3037|9388|10631|54437|80323|83643,AFF2|GUCY1A2|HAS2|LIPG|POSTN|SEMA5B|CCDC68|CCDC3,-1.4,0
1,-2.3,M39038,M1,1,0,Cell Type Signatures,7,FAN EMBRYONIC CTX OPC,,-2.3,3.8,3.5,30293,55,879,6,0.68,0.28,1620|5142|5327|9037|54212|222553,BRINP1|PDE4B|PLAT|SEMA5A|SNTG1|SLC35F1,-1.4,0
1,-2.3,M40015,M1,1,0,Cell Type Signatures,7,BUSSLINGER GASTRIC LYZ POSITIVE CELLS,,-2.3,2.8,3.3,30293,111,879,9,1,0.34,1191|2331|3164|4312|6558|6590|6662|84152|91461,CLU|FMOD|NR4A1|MMP1|SLC12A2|SLPI|SOX9|PPP1R1B|PKDCC,-1.4,0
1,-2.3,M39297,M1,1,0,Cell Type Signatures,7,DURANTE ADULT OLFACTORY NEUROEPITHELIUM MONOCYTES,,-2.3,4.4,3.7,30293,39,879,5,0.57,0.25,3122|5996|6422|6423|6446,HLA-DRA|RGS1|SFRP1|SFRP2|SGK1,-1.4,0
1,-2.3,M39275,M1,1,0,Cell Type Signatures,7,DURANTE ADULT OLFACTORY NEUROEPITHELIUM CD8 T CELLS,,-2.3,3.3,3.4,30293,73,879,7,0.8,0.3,864|969|3575|5996|6352|7852|10123,RUNX3|CD69|IL7R|RGS1|CCL5|CXCR4|ARL4C,-1.3,0
1,-2.3,M40257,M1,1,0,Cell Type Signatures,7,DESCARTES FETAL MUSCLE VASCULAR ENDOTHELIAL CELLS,,-2.3,3.3,3.4,30293,73,879,7,0.8,0.3,2151|2321|4254|11082|64123|64321|388125,F2RL2|FLT1|KITLG|ESM1|ADGRL4|SOX17|C2CD4B,-1.3,0
1,-2.3,M41674,M1,1,0,Cell Type Signatures,7,TRAVAGLINI LUNG FIBROMYOCYTE CELL,,-2.3,5.5,3.9,30293,25,879,4,0.46,0.23,1152|1191|51435|64399,CKB|CLU|SCARA3|HHIP,-1.3,0
1,-2.2,M40028,M1,1,0,Cell Type Signatures,7,BUSSLINGER DUODENAL LATE IMMATURE ENTEROCYTES,,-2.2,2.3,3.1,30293,177,879,12,1.4,0.39,51|2512|3122|3939|4094|4311|6303|6518|7364|8876|57406|134147,ACOX1|FTL|HLA-DRA|LDHA|MAF|MME|SAT1|SLC2A5|UGT2B7|VNN1|ABHD6|CMBL,-1.3,0
1,-2.2,M39206,M1,1,0,Cell Type Signatures,7,HAY BONE MARROW PLATELET,,-2.2,2,3,30293,271,879,16,1.8,0.45,627|1191|1601|2162|4129|4211|4638|5742|5874|6324|6374|7122|7292|8407|8654|25805,BDNF|CLU|DAB2|F13A1|MAOB|MEIS1|MYLK|PTGS1|RAB27B|SCN1B|CXCL5|CLDN5|TNFSF4|TAGLN2|PDE5A|BAMBI,-1.3,0
1,-2.2,M41648,M1,1,0,Cell Type Signatures,7,TRAVAGLINI LUNG CLUB CELL,,-2.2,2.7,3.2,30293,114,879,9,1,0.34,677|3176|4256|6590|7431|9052|9518|54757|116496,ZFP36L1|HNMT|MGP|SLPI|VIM|GPRC5A|GDF15|FAM20A|NIBAN1,-1.3,0
1,-2.2,M40099,M1,1,0,Cell Type Signatures,7,DESCARTES MAIN FETAL PDE11A FAM19A2 POSITIVE CELLS,,-2.2,3.2,3.3,30293,75,879,7,0.8,0.3,7881|10371|11281|29114|54769|84466|153020,KCNAB1|SEMA3A|POU6F2|TAGLN3|DIRAS2|MEGF10|RASGEF1B,-1.3,0
1,-2.2,M39129,M1,1,0,Cell Type Signatures,7,AIZARANI LIVER C30 HEPATOCYTES 4,,-2.2,1.8,2.9,30293,446,879,23,2.6,0.54,19|729|1356|1955|3075|3638|4739|6542|8660|9644|10468|51129|54206|54596|54757|55603|57211|79789|80781|81035|83733|284349|440270,ABCA1|C6|CP|MEGF9|CFH|INSIG1|NEDD9|SLC7A2|IRS2|SH3PXD2A|FST|ANGPTL4|ERRFI1|L1TD1|FAM20A|TENT5A|ADGRG6|CLMN|COL18A1|COLEC12|SLC25A18|ZNF283|GOLGA8B,-1.3,0
1,-2.2,M39314,M1,1,0,Cell Type Signatures,7,CUI DEVELOPING HEART RIGHT VENTRICULAR CARDIOMYOCYTE,,-2.2,5.3,3.8,30293,26,879,4,0.46,0.23,730|1462|3490|10628,C7|VCAN|IGFBP7|TXNIP,-1.3,0
1,-2.2,M41720,M1,1,0,Cell Type Signatures,7,FAN OVARY CL18 B LYMPHOCYTE,,-2.2,1.8,2.8,30293,422,879,22,2.5,0.53,2512|3122|4050|5216|5230|5730|6303|6689|7040|7046|7184|7852|8140|8407|9467|9516|10019|10417|11010|27242|51142|56937,FTL|HLA-DRA|LTB|PFN1|PGK1|PTGDS|SAT1|SPIB|TGFB1|TGFBR1|HSP90B1|CXCR4|SLC7A5|TAGLN2|SH3BP5|LITAF|SH2B3|SPON2|GLIPR1|TNFRSF21|CHCHD2|PMEPA1,-1.3,0
1,-2.2,M41701,M1,1,0,Cell Type Signatures,7,TRAVAGLINI LUNG NONCLASSICAL MONOCYTE CELL,,-2.2,2.3,3,30293,180,879,12,1.4,0.39,597|1152|1843|2512|3055|3280|3638|3955|6303|6876|7402|23406,BCL2A1|CKB|DUSP1|FTL|HCK|HES1|INSIG1|LFNG|SAT1|TAGLN|UTRN|COTL1,-1.3,0
1,-2.2,M39047,M1,1,0,Cell Type Signatures,7,FAN EMBRYONIC CTX BRAIN NAIVE LIKE T CELL,,-2.2,2.4,3,30293,158,879,11,1.3,0.37,301|969|3575|4050|4609|7852|8407|8519|10123|10628|54674,ANXA1|CD69|IL7R|LTB|MYC|CXCR4|TAGLN2|IFITM1|ARL4C|TXNIP|LRRN3,-1.3,0
1,-2.2,M40213,M1,1,0,Cell Type Signatures,7,DESCARTES FETAL INTESTINE ENS GLIA,,-2.2,3.6,3.4,30293,58,879,6,0.68,0.28,12|6657|10351|84466|169044|222553,SERPINA3|SOX2|ABCA8|MEGF10|COL22A1|SLC35F1,-1.3,0
1,-2.2,M39211,M1,1,0,Cell Type Signatures,7,ZHENG CORD BLOOD C2 PUTATIVE BASOPHIL EOSINOPHIL MAST CELL PROGENITOR,,-2.2,2.9,3.2,30293,96,879,8,0.91,0.32,301|2334|2624|4739|6277|6513|7431|55603,ANXA1|AFF2|GATA2|NEDD9|S100A6|SLC2A1|VIM|TENT5A,-1.2,0
1,-2.2,M41665,M1,1,0,Cell Type Signatures,7,TRAVAGLINI LUNG CAPILLARY CELL,,-2.2,7.4,4.1,30293,14,879,3,0.34,0.2,1906|3575|56243,EDN1|IL7R|KIAA1217,-1.2,0
1,-2.1,M41664,M1,1,0,Cell Type Signatures,7,TRAVAGLINI LUNG CAPILLARY AEROCYTE CELL,,-2.1,4.1,3.5,30293,42,879,5,0.57,0.25,1910|5054|6277|6558|7049,EDNRB|SERPINE1|S100A6|SLC12A2|TGFBR3,-1.2,0
1,-2.1,M39238,M1,1,0,Cell Type Signatures,7,LAKE ADULT KIDNEY C19 COLLECTING DUCT INTERCALATED CELLS TYPE A MEDULLA,,-2.1,1.9,2.8,30293,326,879,18,2,0.48,1191|1266|1832|2512|3490|3638|3939|4502|5230|5352|6281|6303|6648|7184|9516|9588|10628|51142,CLU|CNN3|DSP|FTL|IGFBP7|INSIG1|LDHA|MT2A|PGK1|PLOD2|S100A10|SAT1|SOD2|HSP90B1|LITAF|PRDX6|TXNIP|CHCHD2,-1.2,0
1,-2.1,M39189,M1,1,0,Cell Type Signatures,7,HAY BONE MARROW CD34 POS PRE B,,-2.1,2.8,3.1,30293,98,879,8,0.91,0.32,165|994|2326|3911|6850|8745|27443|57214,AEBP1|CDC25B|FMO1|LAMA5|SYK|ADAM23|CECR2|CEMIP,-1.2,0
1,-2.1,M40007,M1,1,0,Cell Type Signatures,7,BUSSLINGER GASTRIC PREZYMOGENIC CELLS,,-2.1,3.4,3.3,30293,60,879,6,0.68,0.28,768|1028|2331|4616|6558|7026,CA9|CDKN1C|FMOD|GADD45B|SLC12A2|NR2F2,-1.2,0
1,-2.1,M40032,M1,1,0,Cell Type Signatures,7,BUSSLINGER DUODENAL BCHE CELLS,,-2.1,4,3.4,30293,43,879,5,0.57,0.25,4495|4502|6277|6689|7103,MT1G|MT2A|S100A6|SPIB|TSPAN8,-1.2,0
1,-2.1,M40193,M1,1,0,Cell Type Signatures,7,DESCARTES FETAL HEART LYMPHATIC ENDOTHELIAL CELLS,,-2.1,4,3.4,30293,43,879,5,0.57,0.25,3233|3234|6899|7033|7103,HOXD4|HOXD8|TBX1|TFF3|TSPAN8,-1.2,0
1,-2.1,M40177,M1,1,0,Cell Type Signatures,7,DESCARTES FETAL EYE RETINAL PIGMENT CELLS,,-2.1,3.1,3.2,30293,79,879,7,0.8,0.3,1295|5730|6425|6540|51473|63976|93649,COL8A1|PTGDS|SFRP5|SLC6A13|DCDC2|PRDM16|MYOCD,-1.2,0
1,-2.1,M40098,M1,1,0,Cell Type Signatures,7,DESCARTES MAIN FETAL SMOOTH MUSCLE CELLS,,-2.1,3.9,3.3,30293,44,879,5,0.57,0.25,59|1293|4638|6876|64641,ACTA2|COL6A3|MYLK|TAGLN|EBF2,-1.2,0
1,-2,M41682,M1,1,0,Cell Type Signatures,7,TRAVAGLINI LUNG CD8 NAIVE T CELL,,-2,2.4,2.9,30293,144,879,10,1.1,0.36,864|894|994|3689|5216|6352|7049|8519|10123|10417,RUNX3|CCND2|CDC25B|ITGB2|PFN1|CCL5|TGFBR3|IFITM1|ARL4C|SPON2,-1.1,0
